2008111	B	3	194,4.48,10.4,22.4,67,16.4,6.72,75,0,0,0,149,,0	½ cup~67|1 package~1400
2443356	B	6	300,10,5.83,53.3,483,6.67,.83,17,1.7,0,3,33,,0	1 serving~60|1 package~397
2456393	B	27	348,17.4,29,2.9,696,1.45,10.1,72,,0,.52	1 grilled link~69|1 package~453
2443371	B	6	242,8.06,5.65,40.3,774,0,2.42,8,1.6,0,2.32,65,,5.8	.17 loaf~62|1 package~312
2009328	B	44	40,0,0,9.68,4,8.06,0,0,0,0,0,0,,1	½ cup~124|1 package~425
2083048	B	39	46,3.33,1.04,5.42,54,5,.62,4,0,0,0,125,167,1,1.05	1 cup~240|1 package~1890
2062678	B	9	267,2.22,12.6,38.5,348,18.5,5.19,0,3,0,.53,15,,0	1 serving~135|1 package~454
2064933	B	27	348,17.4,29,2.9,696,1.45,10.1,72,,0,.52	1 grilled link~69|1 package~453
2008108	B	3	242,4.55,12.1,27.3,61,21.2,9.09,38,0,0,0,121,,0	½ cup~66|1 package~1400
2107532	B	24	0,0,0,0,0	8 fl oz~240|1 package~500
2441828	B	6	311,5.26,10.5,42.1,400,19.3,3.51,11,1.8,0,2.53,0,,0	1 roll~57|1 package~567
2070621	B	6	246,7.02,0,52.6,561,0,0,0,1.8,0,3.16,0,,0	.12 loaf~57|1 package~369
2443364	B	9	259,2.22,11.8,36.3,348,17,5.19,0,1.5,0,0,0,,0	1 serving~135|1 package~794
2441703	B	6	246,8.77,.88,50.9,421,1.75,0,0,1.8,0,3.16,0,,10.5	½ bagel~57|1 package~539
2064925	B	6	306,8.33,5.56,52.8,694,5.56,0,0,2.8,0,3,0,,0	1 roll~36|1 package~312
2083049	B	39	54,3.33,2.08,5,54,5,1.25,8,0,0,0,125,167,1,1.05	1 cup~240|1 package~1890
2008105	B	3	212,3.03,10.6,27.3,83,22.7,6.06,38,1.5,0,1.09,91,,0	½ cup~66|1 package~1400
2054830	B	6	250,7.14,3.57,46.4,429,3.57,0,0,3.6,0,2.57,71,,0,,0,1.79,,2.86,0,.243	1 slice~28|1 package~680
2078360	B	6	286,7.14,1.79,53.6,393,7.14,0,0,3.6,0,2.57,214,,0,,0,0,,2.86,0,.243	1 slice~28|1 package~680
2441819	B	6	296,8.45,2.82,57.8,577,8.45,.7,0,1.4,0,2.54,211,,0,,0,1.41,,4.22,1,.359	1 bun~71|1 package~567
2099642	B	6	228,7.02,1.75,45.6,386,1.75,0,0,1.8,0,2.53,70,,0,,0,0,,2.81,0,.239	1 muffin~57|1 package~340
2441860	B	6	296,8.45,2.82,57.8,577,8.45,.7,0,1.4,0,2.54,211,,0,,0,1.41,,4.22,1,.359	1 bun~71|1 package~567
2071776	B	6	213,6.56,1.64,41,361,1.64,0,0,1.6,0,2.36,66,,0,,0,0,,4.92,0,.279	1 muffin~61|1 package~368
2102732	B	6	228,7.02,1.75,45.6,368,1.75,0,0,1.8,0,2.53,105,,0,,0,0,,2.81,0,.239	1 muffin~57|1 package~340
2008102	B	3	178,6.85,4.79,26,192,23.3,2.74,27,0,0,0,137,,0	½ cup~73|1 package~1400
2442951	B	6	300,10,6.67,56.7,467,13.3,0,0,3.3,0,2.4,0,,0	1 roll~30|1 package~425
2008077	B	37	48,3.2,.4,8,256,3.2,0,0,2.4,0,1.15,16,,7.2	½ cup~125|1 package~241
2548668	B	6	298,10.5,7.89,50.9,526,5.26,.88,0,1.8,0,3.16,0,,0	.12 loaf~57|1 package~454
2443374	B	46	588,.43,39.3,5.43,16,4,24.3,14,0,0,.77,0,,.4	1 tart~140
2099641	B	6	269,7.69,1.92,50,442,3.85,0,0,3.8,0,2.77,77,,0,,0,0,,3.08,0,.262	1 slice~26|1 package~567
2102877	B	6	269,7.69,1.92,50,442,3.85,0,0,3.8,0,2.77,77,,0,,0,0,,3.08,0,.262	1 slice~26|1 package~567
2070626	B	6	267,6.67,3.33,50,467,6.67,0,0,3.3,0,2.4,333,,0,,0,0	1 slice~30|1 package~638
2548667	B	6	281,10.5,.88,59.6,702,5.26,0,0,3.5,0,3.16,0,,0	.12 loaf~57|1 package~454
2083045	B	39	62,3.33,3.33,5,50,4.58,2.08,15,0,0,0,125,158,1,1.05	1 cup~240|1 package~3780
1774183	B	34	154,4.49,3.85,25.6,173,1.92,0,0,1.9,0,1.73,26,,1.2	1 slice~156|1 package~595
2665611	B	16	357,12.5,1.79,73.2,9,0,0,36,3.6,0,2.57,36,,0,,,,0	1 serving~56|1 package~300
1883477	B	7	200,0,10,20,567,20,0,0,0,0,0,0,,0	1 tbsp~15|1 package~170
2053182	B	2	233,0,6.67,33.3,467,20,0,0,0,0,0,0,,0	1 tbsp~15
1886673	B	9	307,6.67,10.7,42.7,280,6.67,4.67,13,1.3,0,2.4,27,,0	1 serving~75|1 package~454
1814918	B	33	236,7.14,12.1,23.6,364,0,5,21,1.4,0,3.21,14,,1.7	1 serving~140|1 package~284
2544968	B	100	255,27.3,16.4,1.82,391,0,2.73,0,0,0,.98,36,,0	1 serving~55|1 package~112
2465433	B	76	206,20,14.1,0,400,0,3.53,161,0,0,2,467,349,,5.05	1 cup~85
2046418	B	12	321,21.4,21.4,25,571,3.57,3.57,0,3.6,0,2.57,71,,0	1 serving~28|1 package~284
1886433	B	22	250,3.57,0,64.3,18,53.6,0,0,7.1,0,2.57,0,,0	1 serving~28|1 package~340
2288906	B	0	571,17.9,50,32.1,18,3.57,8.93,0,3.6,0,6.43,71,,0	1 serving~28|1 package~284
2044627	B	12	464,14.3,21.4,60.7,393,3.57,1.79,0,7.1,0,3.86,71,,0	1 serving~28|1 package~227
2049369	B	0	607,21.4,57.1,17.9,0,3.57,3.57,0,10.7,0,3.86,286,,0	1 serving~28|1 package~284
1880080	B	0	571,17.9,50,32.1,304,3.57,8.93,0,3.6,0,6.43,71,,0	1 serving~28|1 package~284
2043096	B	0	714,10.7,75,14.3,393,3.57,7.14,0,10.7,0,2.57,71,,0	1 serving~28|1 package~226
2043098	B	12	571,21.4,46.4,25,429,0,7.14,0,7.1,0,3.86,143,,0	1 serving~28|1 package~312
2043099	B	0	464,3.57,21.4,75,357,42.9,14.3,0,3.6,0,1.29,0,,0	1 serving~28|1 package~227
2126053	B	66	300,7.14,8.57,47.1,800,0,2.86,0,1.4,0,2.57,143,,0,,1.43,2.86	1 tortilla~70|1 package~1410
2636367	B	66	300,7.14,7.14,51.4,714,0,2.86,0,1.4,0,3,143,71,,0	1 tortilla~70|1 package~708
2636366	B	66	297,6.25,7.81,50,719,0,3.12,0,1.6,0,2.97,141,78,,0	1 tortilla~64|1 package~1530
2272174	B	66	295,7.37,8.42,47.4,800,0,2.63,0,2.1,0,2.84,158,,0,,1.05,3.16	1 tortilla~95|1 package~1920
2286551	B	66	310,7.14,8.33,47.6,810,0,2.38,0,0,0,2.57,143,,0,,1.19,3.57	1 tortilla~42|1 package~510
2080911	B	66	213,4.26,3.19,42.6,21,4.26,0,0,6.4,0,1.53,43,,0,,0,1.06	2 tortillas~47|1 package~1890
2080865	B	66	304,8.93,7.14,50,643,3.57,2.68,0,7.1,0,3.21,179,,0,,.89,2.68	1 tortilla~56|1 package~567
2080862	B	66	264,5.66,2.83,56.6,19,1.89,0,0,5.7,0,1.36,38,,0,,0,.94	3 tortillas~53|1 package~531
2384968	B	5	464,7.14,25,57.1,714,0,1.79,0,3.6,0,0,96,189,,0	1 serving~28|1 package~156
1902183	B	6	260,8,4,50,540,8,1,0,2,0,2.88,160,,0,,1,1,,3.2,0,.204	1 roll~50|1 package~595
1998848	B	85	211,7.02,1.75,45.6,474,1.75,0,0,1.8,0,2.53,0,,0,,0,0,,3.51,0,.239,,105	1 serving~57|1 package~454
1927824	B	6	250,9.38,1.56,50,719,0,0,0,3.1,0,3.38,125,,0,,0,0,,2.5,0,.212,,75	1 slice~32|1 package~453
2075353	B	6	261,8.7,3.26,51.1,554,6.52,.54,0,2.2,0,2.93,109,,0,,.54,1.63,,3.26,0,.277	1 roll~92|1 package~680
2138059	B	3	269,4.48,10.4,38.8,67,26.9,6.72,30,0,0,0,85,113,,0	1 sandwich~67|1 package~414
2310481	B	3	247,2.15,12.9,32.3,48,25.8,7.53,38,0,0,1.16,68,96,,0	2/3 cup~93|1 package~414
1945993	B	3	219,2.74,11,28.8,55,24.7,6.85,34,0,0,0,110,,0	½ cup~73|1 package~1420
2173656	B	3	258,4.55,10.6,39.4,144,22.7,6.06,,0,0,1.52,91,147,,0	1 sandwich~66|1 package~108
2541611	B	3	152,4.55,4.55,27.3,61,19.7,3.03,8,0,0,1.52,120,315,,0	1 bar~66|1 package~355
2657372	B	3	247,4.11,13.7,28.8,62,23.3,9.59,34,0,0,.49,82,,0,,,,74	½ cup~73|1 package~1420
1849896	B	3	205,2.74,11,24.7,48,20.6,6.85,41,0,0,0,82,,4.9	½ cup~73|1 package~1420
2060167	B	3	247,2.74,13.7,30.1,34,26,8.22,48,0,0,0,82,,0	½ cup~73|1 package~1420
1854647	B	3	154,2.56,3.85,25.6,45,19.2,2.56,13,0,0,0,192,,1.5	1 serving~78|1 package~1420
1854442	B	3	167,4.17,5.56,26.4,76,20.8,3.47,21,0,0,0,278,,1.7	1 serving~72|1 package~1420
1849895	B	3	167,4.17,6.25,26.4,69,19.4,3.47,21,0,0,0,278,,1.7	1 serving~72|1 package~1420
1854653	B	3	129,1.18,1.76,27.1,24,20,1.18,6,0,0,0,47,,5.6	1 serving~85|1 package~1420
1849894	B	3	129,1.18,1.76,25.9,24,18.8,1.18,6,0,0,0,47,,1.4	1 serving~85|1 package~1420
2269993	B	3	236,2.25,13.5,28.1,34,23.6,8.99,39,,0,0,75,107	2/3 cup~89|1 package~1420
2193788	B	3	233,2.22,12.2,27.8,39,23.3,7.78,39,0,0,0,74,100,,0	2/3 cup~90|1 package~1420
2160596	B	3	262,3.08,12.3,33.8,100,21.5,7.69,31,0,0,0,71,115,,0	1 sandwich~65|1 package~1863
2468017	B	3	289,3.09,18.6,29.9,88,24.7,9.28,36,1,0,1.03,82,170,,1.02	2/3 cup~97|1 package~414
2011125	B	3	109,0,0,27.3,0,21.8,0,0,0,0,0,7,35,,0	1 bar~55|1 package~296
2503728	B	3	329,2.74,23.3,30.1,27,24.7,15.1,34,0,0,1.37,66,105,,0	1 bar~73|1 package~266
2267800	B	52	219,1.9,12.4,28.6,90,18.1,9.52,0,3.8,0,.95,20,37,,0	2/3 cup~105|1 package~414
2283505	B	52	229,2.86,8.57,38.6,129,20,7.14,0,2.9,0,0,11,30,,0	1 sandwich~70|1 package~414
2680047	B	3	247,2.15,14,28,108,23.7,8.6,43,0,0,0,74,112,,1	2/3 cup~93|1 package~414
2471083	B	3	256,3.33,16.7,25.6,39,21.1,10,39,0,0,0,90,227,,1.1	2/3 cup~90|1 package~1420
2138774	B	3	225,3.37,13.5,23.6,84,19.1,8.99,39,0,0,0,96,224,,0	2/3 cup~89|1 package~1420
2011126	B	3	167,3.33,7.5,23.3,50,21.7,5,25,0,0,1.67,112,287,,0	1 bar~60|1 package~296
2173653	B	3	167,3.33,7.5,23.3,50,21.7,5,25,0,0,1.67,112,287,,0	1 bar~60
2471080	B	3	244,3.33,15.6,25.6,33,21.1,10,39,0,0,0,77,137,,1.1	2/3 cup~90|1 package~1420
2450375	B	3	161,1.79,6.25,28.6,9,17.9,5.36,0,3.6,0,0,12,38,,0	1 bar~56|1 package~296
2327641	B	52	216,2.06,11.3,30.9,72,18.6,9.28,0,4.1,0,0,12,40,,0	2/3 cup~97|1 package~414
2269065	B	3	247,3.09,13.4,29.9,77,23.7,8.25,36,0,0,1.03,69,128,,0	2/3 cup~97|1 package~414
2027088	B	3	256,3.33,14.4,27.8,44,21.1,7.78,39,0,0,0,71,98,,0	2/3 cup~90|1 package~1420
2140750	B	3	242,3.16,13.7,28.4,53,23.2,7.37,37,0,0,1.05,67,134,,0	2/3 cup~95|1 package~414
2569335	B	3	193,1.75,8.77,29.8,9,21,7.89,0,3.5,0,0,12,18,,0	1 bar~57
2569333	B	3	229,2.86,8.57,38.6,129,20,7.14,0,2.9,0,0,11,30,,0	1 sandwich~70
2569332	B	52	239,2.99,8.96,37.3,82,19.4,7.46,0,4.5,0,0,13,42,,0	1 sandwich~67|1 package~104
2569334	B	52	164,0,5.45,29.1,0,20,4.55,0,1.8,0,0,9,25,,0	1 bar~55
2623314	B	52	299,2.6,19.5,29.9,13,19.5,14.3,0,5.2,0,1.3,23,31,,0	1 bar~77|1 package~266
2139576	B	3	200,4,11,25,50,20,7,30,0,0,1,118,277,,0	2/3 cup~100|1 package~414
2177475	B	52	165,.92,6.42,29.4,9,21.1,5.5,0,2.8,0,0,11,33,,0	2/3 cup~109|1 package~414
2327642	B	52	220,1,13,27,10,17,11,0,4,0,1,14,19,,0	2/3 cup~100|1 package~414
2471084	B	3	205,4.55,12.5,21.6,51,20.4,7.95,68,0,0,0,122,152,,1.12	2/3 cup~88|1 package~1420
2414645	B	52	193,1.75,8.77,29.8,9,21,7.89,0,3.5,0,0,12,18,,0	1 bar~57|1 package~296
1891110	B	3	259,5.17,17.2,24.1,207,19,7.76,43,1.7,0,0,103,,0	1 bar~58|1 package~355
2365492	B	52	243,1.43,8.57,40,57,21.4,7.14,0,2.9,0,0,13,33,,0	1 sandwich~70|1 package~414
2543451	B	3	242,2.11,13.7,27.4,32,23.2,9.47,37,0,0,0,68,106,,0	2/3 cup~95|1 package~414
2471085	B	3	256,3.33,15.6,25.6,33,21.1,10,39,0,0,0,77,108,,1.1	2/3 cup~90|1 package~1420
2138409	B	3	255,2.13,14.9,27.7,32,23.4,8.51,43,0,0,0,74,98,,0	1 bar~47|1 package~296
2104474	B	3	262,3.08,12.3,36.9,108,23.1,6.92,31,0,0,1.54,62,142,,0	1 sandwich~65|1 package~414
2177104	B	52	196,.98,9.8,29.4,10,19.6,7.84,0,3.9,0,0,13,28,,0	2/3 cup~102|1 package~414
2469080	B	3	225,2.25,13.5,24.7,34,20.2,8.99,45,0,0,0,79,108,,1.12	2/3 cup~89|1 package~1420
2149821	B	3	240,4.17,12.5,28.1,94,22.9,7.29,31,0,0,1.04,104,212,,0	2/3 cup~96|1 package~414
2138410	B	3	158,1.75,6.14,26.3,26,19.3,4.39,18,0,0,0,60,81,,0	1 bar~57|1 package~355
2177482	B	3	211,2.11,10.5,26.3,32,22.1,7.37,37,0,0,0,66,95,,0	2/3 cup~95|1 package~414
2123006	B	3	258,4.3,15,25.8,81,21.5,8.6,38,1.1,0,1.08,72,173,,0	2/3 cup~93|1 package~1420
2473558	B	3	244,2.22,13.3,28.9,33,24.4,8.89,39,0,0,0,74,107,,1.1	2/3 cup~90|1 package~414
2194304	B	3	273,3.03,10.6,37.9,83,24.2,6.82,30,0,0,0,62,95,,0	1 sandwich~66|1 package~414
1966130	B	3	227,2.27,12.5,28.4,40,23.9,7.95,40,0,0,0,75,99,,0	2/3 cup~88|1 package~414
2471082	B	3	269,3.23,18.3,25.8,108,20.4,10.8,38,0,0,1.08,83,130,,1.07	2/3 cup~93|1 package~414
2471079	B	3	225,2.25,13.5,25.8,79,22.5,8.99,45,0,0,0,78,106,,1.12	2/3 cup~89|1 package~1420
2140749	B	3	258,3.09,15.5,27.8,82,24.7,9.28,36,0,0,1.03,76,164,,0	2/3 cup~97|1 package~414
2063082	B	3	262,4.76,10.7,40.5,202,23.8,5.95,48,2.4,0,0,95,136,,0	1 sandwich~42|1 package~472
2014421	B	3	143,3.17,2.38,30.2,56,20.6,1.59,8,4.8,0,0,129,167,,0	1 bar~63|1 package~296
2011127	B	3	215,2.15,11.8,25.8,32,21.5,7.53,38,0,0,0,70,108,,0	2/3 cup~93|1 package~1420
2138411	B	3	262,3.08,10.8,36.9,77,24.6,6.15,31,0,0,0,57,100,,0	1 sandwich~65|1 package~414
2471078	B	3	225,3.37,13.5,23.6,56,20.2,8.99,39,0,0,0,85,163,,1.12	2/3 cup~89|1 package~1420
2177480	B	52	186,1.03,10.3,25.8,10,16.5,9.28,0,4.1,0,0,13,21,,0	2/3 cup~97|1 package~414
2173654	B	52	239,2.99,8.96,37.3,82,19.4,7.46,0,4.5,0,0,13,42,,0	1 sandwich~67|1 package~104
2326098	B	52	239,2.99,8.96,37.3,82,19.4,7.46,0,4.5,0,0,13,42,,0	1 sandwich~67|1 package~414
2471086	B	3	225,2.25,13.5,24.7,34,20.2,8.99,45,0,0,0,80,108,,1.12	2/3 cup~89|1 package~1420
1965358	B	3	262,3.08,12.3,35.4,108,21.5,7.69,38,0,0,0,66,112,,0	1 sandwich~65|1 package~414
2503729	B	3	275,2.9,13,39.1,123,23.2,7.25,29,1.4,0,1.45,68,194,,0	1 sandwich~69|1 package~414
2680053	B	3	230,2.3,13.8,24.1,34,20.7,9.2,46,0,0,0,79,108,,1	2/3 cup~87|1 package~414
1963987	B	3	300,5,22.5,26.2,44,22.5,13.8,50,1.2,0,1.25,105,152,,0	1 bar~80|1 package~266
2680046	B	3	300,3.75,22.5,26.2,44,23.8,15,50,0,0,1.25,99,139,,0	1 bar~80|1 package~266
2103478	B	3	224,3.45,12.1,25.9,43,22.4,7.76,34,0,0,0,72,143,,0	1 bar~58|1 package~355
2016262	B	3	250,5,11.2,37.5,138,22.5,6.25,50,0,0,0,92,148,,0	1 sandwich~40|1 package~472
2027229	B	3	258,4.55,10.6,39.4,144,22.7,6.06,45,0,0,1.52,91,147,,0	1 sandwich~66|1 package~648
2012633	B	16	339,12.5,1.79,67.9,0,1.79,0,0,7.1,0,3.21,36,,0	1½ cup~56|1 package~283
1857160	B	16	250,21.4,1.79,42.9,36,0,0,27,10.7,0,3.86,71,,0	1 serving~56|1 package~283
2480265	B	16	304,26.8,2.68,44.6,18,3.57,0,18,14.3,0,,36,,,.175	¾ cup~56|1 package~340
2604263	B	16	345,21.8,5.45,49.1,0,1.82,.91,0,12.7,0,5.82,73,1140,,0	1¼ cup dry~55|1 package~227
2604264	B	16	304,26.8,2.68,44.6,18,3.57,0,18,14.3,0,2.14,36,89,,179	2 cup~56|1 package~283
2288890	B	91	339,12.5,1.79,66.1,9,1.79,0,27,3.6,0,3.21,0,,0	1 serving~56|1 package~341
2339294	B	16	339,12.5,1.79,66.1,9,1.79,0,27,3.6,0,3.21,0,,0	1½ cup~56|1 package~341
1948593	B	16	339,12.5,1.79,67.9,18,1.79,0,18,3.6,0,3.21,36,,0	1 serving~56|1 package~341
1859938	B	16	375,14.3,1.79,75,27,1.79,0,27,3.6,0,3.21,36,,0	1 serving~56|1 package~341
2427622	B	91	375,16.1,2.68,71.4,18,0,0,36,3.6,0,1.79,0,161,,0	1 serving~56|1 package~397
2678053	B	91	357,14.3,1.79,69.6,0,1.79,0,18,3.6,0,1.25,18,196,,0	1 serving~56|1 package~341
2604262	B	16	345,21.8,1.82,56.4,0,3.64,.91,0,7.3,0,5.45,36,1070,,0	¼ cup g~55|1 package~227
2021399	B	16	375,14.3,1.79,75,27,1.79,0,27,3.6,0,3.21,36,,0	1 serving~56|1 package~341
2289547	B	91	339,12.5,1.79,67.9,18,1.79,0,18,3.6,0,3.21,36,,0	1 serving~56|1 package~341
775986	B	16	345,21.8,5.45,49.1,0,1.82,0,0,12.7,0,5.45,80,,,0	1¼ cup~55
2427989	B	16	345,23.6,1.82,54.6,0,3.64,0,0,7.3,0,5.45,47,745,,0	1.24 cup~55|1 package~227
2604261	B	16	339,23.2,1.79,55.4,18,3.57,0,0,7.1,0,5,54,732,,0	1¼ cup dry~56|1 package~227
2405729	B	16	357,14.3,1.79,69.6,0,1.79,0,18,3.6,0,1.25,18,196,,0	1 serving~56|1 package~341
2063271	B	16	366,12.5,2.68,73.2,116,0,0,0,10.7,0,4.82,36,,2.1	1½ cup~56|1 package~227
1859939	B	16	375,14.3,1.79,75,27,1.79,0,27,3.6,0,3.21,36,,0	1 serving~56|1 package~341
1865557	B	16	375,14.3,1.79,75,27,1.79,0,27,3.6,0,3.21,36,,0	1½ cup~56|1 package~341
2019783	B	16	339,12.5,4.46,60.7,9,3.57,0,18,10.7,0,2.57,36,,0	1 serving~56|1 package~341
478216	B	16	357,16.1,2.68,71.4,0,1.79,0,0,10.7,0,3.21,71,,0	1 serving~56
776024	B	16	345,23.6,1.82,54.6,0,3.64,0,0,7.3,0,5.45,47,,,0	1.24 cup~55
104099100043228	O	166	256,11.6,2.33,46.5,488,6.98,,,6.98	1 serving~43
100041498219505	O	197	263,11.6,2.11,47.4,368,5.26,0,0,2.1,0,2.84,105,,0,,0,0	1 serving~95
100041498136376	O	260	0,0,0,0,0,0,0,,,,,,28	12 fl oz~360
104099100016253	O	192	433,8.33,13.3,70,117,26.7,8.33	
100000012532490	O	498	326,8.2,11,48,440,10,7.2,48,3.4,,1.17,27.3,165,.152,.353,,,,.235,.253,.0455,.0705,21.5,37,130,.0991,1.05,.377,1.03,.143,6.14,,.746,,,0	1 serving~36|1 package~500
104061458115551	O	71	524,6.9,32,50,280,26.7,15	
104099100062434	O	71	220,11,7,28,1240,7,1,19.2,.962	1 serving~104
104099100093254	O	71	375,4.17,10.4,70.8,292,29.2,4.17,0,4.17,0,2.08,333,0,,0	1 bar~24
104099100035650	O	362	0,0,0,0,2000,0,0,,0	
104099100025361	O	499	250,2.5,0,62.5,0,45,0,0,0,0,3.11,21.3,262,.0156,.171,,,,.0959,.00475,.00859,.000812,6.69,34.3,43.9,0,.426,.0645,.278,.256,1.35,,.0381,,,0	2 thsp~40|1 package~580
104099100107593	O	500	357,0,0,89.3,1607,71.4,0,0,0,0,2.5,0,321,,0	¼ package~28
104099100025873	O	197	274,9.47,1.05,56.8,411,11.6,.526,,0	1 serving~95|1 package~567
100041498156343	O	245	464,3.57,25,57.1,893,3.57,1.79,0,3.6,0,3.57,107,536	1 serving~28
100041498118716	O	166	269,7.69,3.85,50,481,7.69,0,0,0,0,3.85,538,77,,,0,0,,3.85	1 serving~26
104099100044591	O	192	450,11.7,13.3,70,350,26.7,1.67,,5	
104061458021920	O	501	566,7.69,36.3,52.2,108,48.9,22	1 serving~18.2|1 package~200
104099100076035	O	166	213,4.26,2.13,44.7,,2.13,0,,4.26	
104099200405339	O	502	537,6.3,30,59,100,43,18	1 serving~25|1 package~172
104099100042382	O	503	107,23.2,.893,1.79,714,1.79,0,53.6,0,0,2.86,33.4,413,.12,.0007,,,,1.09,.0366,.132,.631,5.55,36.4,155,0,2.04,.272,.182,.128,.497,,3.23,,,.001	1 serving~56|1 package~227
104099100042344	O	246	321,19.6,25,1.79,1321,1.79,8.93,80.4,0,0,1.79,17.9,339,,0	6 slice~56|1 package~227
104061462300646	O	363	381,4.76,0,90.5,548,31,0,0,0,0,11,0,0,,4.52,,,,,,,,,,,,,1.9	1¼ cup~42
104099100149715	O	504	357,0,0,85.7,0,71.4,0,0,7.14,0,0,,714,0,,,,,,,,,,0,0,,0,,0,0,0,0,0,0,0	1 serving~14
100041498186517	O	505	33,3.33,0,3.33,317,0,0,0,3.3,0,.67,67,300	2 tbsp~30|1 package~680
104099100213904	O	166	347,4.08,10.2,57.1,592,4.08,2.04,,14.3	
104061458133111	O	71	184,17,12,2,,.5	
104099100062670	O	221	256,6.98,3.49,46.5,605,4.65,,,2.33,,4.19,465,,,3.26,,1.16	1 bun~43
104099100085778	O	206	500,7.14,28.6,60.7,214,0,3.57,,7.14	1 serving~28|1 package~454
104099100182835	O	71	107,21.4,.893,3.57,714,3.57,0,44.6,0,0	2 slices~56|1 package~227
104099100042887	O	166	247,7.82,1.32,48.3,47.1,10.9,.225,.0207,5.58,0,1.67,25.9,277,.243,.0771,0,0,,1.45,.836,.0771,.142,56.9,56.7,199,.0201,1.64,.603,1.44,.194,6.77,,.462,,,.000023	1 slice~26|1 package~567
104099100208832	O	506	400,6.67,13.3,66.7,1200,40,13.3,,6.67	1 serving~15
104099100138429	O	363	395,9.3,4.65,76.7,326,25.6,0	
104099100089677	O	166	227,10.1,1.97,48.8,240,1.22,.303,2988,6.12,0,1.7,30.8,320,.165,.085,,,,1.61,1.14,,.147,,59.6,229,,2.03,.709,1.57,.229,6.67,,.597,,,.0012	1 bun~85|1 package~510
104099100042825	O	166	231,11.5,0,46.2,442,3.85,0,0,,0,,115,231,,0,0,0	1 slice~26
100041498191801	O	221	279,9.3,3.49,53.5,473,4.65,0,0,2.33,,2.79,81.4,81.4,,0,,1.16,,4.19	1 serving~43|1 package~340
104061458021869	O	507	567,7.7,37,50,92,49,23,,1.1	1 serving~18.2|1 package~200
100041498334253	O	222	353,11.8,5.88,70.6,765,11.8,0	
104099100174939	O	197	283,9.09,2.53,56.6,364,11.1,0	
104099100055030	O	261	389,8.33,4.17,83.3,528,38.9,0,0,5.56,,2.63,36.7,245,0,0,,,,.0156,0,.00506,.0658,,98.1,289,0,2.19,.00699,2.73,.35,1.47,,.59,,,0	
104099100044645	O	192	368,5.26,3.95,84.2,472,36.8,0,,2	1 serving~38|1 package~319
104099100111927	O	364	0,0,0,0,1200,0,0,0,0,0	1 tsp~5|1 package~340
104099200423746	O	223	603,21,47,22,4,6.2,9.3	
104099100134629	O	318	800,0,93.3,0,0,0,13.3,0,0,0,.025,.1,.15,0,.13,,,,0,0,0,0,0,.025,.15,0,.025,0,.005,.005,10,,22.3,,,0	1 portion~15
104088600190068	O	508	90.5,1.06,.5,19.7,13,15.6,.01,0,2.7,,.2,5.1,320,7.16,0,,,,.39,.054,.005,.18,19,28,29,0,.14,.31,.36,.06,10,,.04,,,0	
104099100130713	O	246	357,25,28.6,3.57,1429,,14.3,89.3,,,1.29,71.4	1 serving~28|1 package~454
104099100094091	O	71	200,3,11,22,360,2,.5,20,1	1 serving~100
104099100043624	O	217	250,9.38,3.12,50,531,6.25,0,0,0,0,2.81,93.8,84.4,,0,,,,6.88,,,,,,,,,,,,,,,,,0	1 slice 32g~32
104099100074550	O	188	36,.8,.8,6.4,296,4,0,0,1.6,0,0,,136	½ cup~125|1 package~680
104099100085730	O	202	79.6,3.54,.885,15,57.5,10.6,.885	
104099100167948	O	166	286,28.6,11.4,20,457,2.86,1.43,,8.57	
100041498151553	O	365	333,0,33.3,6.67,33,0,23.3,133,0,0,0,0,0	1 tbsp~15
104099100008722	O	166	110,5,1.5,21,120,4,0	
104099100108354	O	319	51.7,0,0,13.8,207,8,0,0,1.49,,.442,14.9,194,3.79,0,,,,.158,.0163,.0251,.0345,58.3,11.9,23.2,0,.319,.0875,.278,.0625,.279,,.035,,,.0104	
104099100115871	O	71	351,5.41,8.11,67.6,230,32.4,0,0,5.41,,4.86,21.5,189,1.55,.0831,,,,.0319,.0411,.00718,.919,10.3,56.4,158,0,2.97,.0977,1.9,.196,6.79,,2.27,,,0	
100041498130190	O	71	177,3.12,9.38,21.9,562,2.08,2.08,1.12,1.04,,1.04,20.8,62.5,1.62,.0799,,,,.111,.177,.0104,.0744,19.3,40.3,125,.0083,1.06,.294,1.17,.167,7.95,,.453,,,.000162	½ cup prepared~96
104099100042528	O	166	140,4,2.5,22,486,2,.5,,9	1 slice 72g~72|1 package~500
104099100109290	O	509	48,2,1,7.2,200,5,0,0,3,0,2.43,32.5,140,0,0,,,,1.57,.299,.105,.374,86,75.3,195,0,1.43,.449,.614,.171,9.7,,1.27,,,0	1 portion~125|1 package~432
104099100116977	O	71	250,2.14,11.4,35,293,18.6,2.86,,2.14,,.765,34.7,321	1 portion~170|1 package~624
104099100184648	O	510	100,0,0,20,933,13.3	1 tbsp~15
104099100089899	O	247	214,17.9,14.3,3.57,1321,0,8.93,2.38,0,,1.07,117,149,1.24,.0713,,,,.0874,.0409,.171,.0418,,11.1,94.2,,.401,.342,.00721,.0139,1.59,,.00855,,,0	1 serving~28|1 package~227
104061458042703	O	366	348,.5,.5,84,124,51,.1	
100000022153210	O	511	2,0,0,.4,0,.1,0	
104099100098792	O	262	265,8.82,1.47,51.5,279,1.47,0	
104099100112740	O	192	433,8.33,13.3,71.7,91.7,21.7,5,0,6.67,0,2.83,50,383,,0,5.83,2.5	2/3 cup~60
104099100130324	O	212	244,8.89,8.89,42.2,644,0,2.22	
104099100102550	O	320	129,20,4.71,0,400,0,1.18,58.8,.129,,.59,212,341,1.79,13.7,1.18,1.18,,8.21,.209,.0757,.578,20.7,27.3,180,3.93,.359,.946,.0503,.0504,16.4,,1.88,,,0	1 portion~85|1 package~418
104099100051759	O	71	429,14.3,0,71.4,214,57.1,0,4.59,.153,,.104,208,288,3.05,.138,,,,.162,.0818,.274,.0693,12.1,20.2,162,.664,.744,.625,.0463,.0174,5.78,,.0825,,,0	1 serving~7
104047247949286	O	318	822,0,91,0,0,0,14,0,0,,.025,.1,.15,0,.13,,,,0,0,0,0,0,.025,.15,0,.025,0,.005,.005,10,,22.3,,,0	
104099100021851	O	218	141,15.6,7.81,3.12,656,3.12,1.56,78.1,0,0,.938,31.2,344,,0,,,,,,,,,,,,,,,,,,,0	1 link~32|1 package~227
445062	B	2	321,28.6,28.6,7.14,464,0,17.9,71,0,0,0,143,,0	2 tbsp~28
2485347	B	80	300,11,26,6,460,2,4,45,1,,1,14,210,,2	½ cup~100|1 package~283
1964813	B	34	214,10.4,10.4,16.9,552,1.95,6.49,26,.6,0,.94,260,,3.9	1/3 pizza~154|1 package~467
2546589	B	34	285,13.1,17.5,17.5,766,2.19,8.03,40,.7,0,1.31,219,,4.4	¼ pizza~137|1 package~554
1964812	B	34	224,10.3,12.2,16.7,603,1.92,6.41,29,.6,0,1.15,192,,3.8	1/3 pizza~156|1 package~473
1964811	B	34	269,12.3,15.4,17.7,700,2.31,7.69,38,.8,0,1.38,231,,4.6	¼ pizza~130|1 package~527
1964810	B	34	294,13.5,15.9,21.4,730,2.38,7.94,40,.8,0,1.43,278,,4.8	¼ pizza~126|1 package~510
2039990	B	18	0,0,0,0,4,0	12 fl oz~355|1 package~4260
2150481	B	18	34,0,0,8.7,9,8.7	1 serving~207
2039995	B	18	0,0,0,0,4,0	8 fl oz~236|1 package~591
2542496	B	18	33,0,0,8.33,8,8.33	1 bottle~360
549413	B	18	33,0,0,8.33,8,8.33	1 bottle~360
2244394	B	18	0,0,0,0,4	1 bottle~360|1 package~1420
2541943	B	18	33,0,0,8.33,8,8.33	1 bottle~360|1 package~1420
2039992	B	18	34,0,0,8.45,8,8.45	12 fl oz~355|1 package~2130
2154835	B	18	34,0,0,8.7,9,8.7	1 serving~207
2039988	B	18	34,0,0,8.47,8,8.47	8 fl oz~236|1 package~591
2612227	B	18	0,0,0,0,4,0,,,,,,,10	1 can~360|1 package~4260
2543174	B	18	33,0,0,8.33,8,8.33	1 bottle~360|1 package~2130
2287712	B	18	0,0,0,0,4	12 fl oz~355|1 package~2130
2479786	B	3	270,4.92,18,26.2,45,23,12.3,53,1.6,0,2.3,107,295,,.575	2/3 cup~122|1 package~414
2479795	B	3	246,4.1,15.6,23,41,21.3,10.7,57,.8,.41,.74,115,189,,.65	2/3 cup~122|1 package~414
2176682	B	3	272,4.35,19.6,22.8,49,19.6,12,71,2.2,0,2.17,107,298,,0	½ cup~92|1 package~473
2176635	B	3	253,4.21,14.7,24.2,53,23.2,9.47,74,0,0,0,121,163,,0	½ cup~95|1 package~473
2176683	B	3	277,4.26,18.1,22.3,53,22.3,11.7,74,1.1,0,1.06,120,234,,0	½ cup~94|1 package~473
2652647	B	3	279,5.74,17.2,27.9,139,24.6,8.2,45,.8,0,.66,98,148,,1	2/3 cup~122|1 package~414
2176636	B	3	242,4.21,15.8,22.1,63,20,9.47,74,0,0,0,124,213,,0	½ cup~95|1 package~473
2176684	B	3	242,4.4,16.5,19.8,55,19.8,9.89,82,0,0,0,130,175,,0	½ cup~91|1 package~473
2511330	B	4	450,5,20,65,38,27.5,8.75,38,2.5,1.25,2.75,50,75,,0	1 piece~40|1 package~480
2511331	B	4	475,7.5,20,62.5,25,17.5,10,38,2.5,1.25,3,50,150	1 piece~40|1 package~480
2391116	B	12	175,21,8.77,0,1160,0,3.51,70,0,0,1.93,25,333,,0	1 serving~57
2465428	B	28	123,19.3,3.51,1.75,1190,,.88,61,0,0,.7,14,412,,.525	1 serving~57|1 package~113
2391138	B	28	140,19.3,5.26,0,1100,0,1.75,53,0,0,2.11,53,351,,0	1 serving~57|1 package~198
2465767	B	28	193,17.5,12.3,1.75,1100,0,4.39,61,0,0,1.4,53,281,,.35	2 oz g~57|1 package~113
2465777	B	28	263,15.8,21,0,1100,,7.89,53,0,0,1.58,53,298,,.525	1 serving~57|1 package~113
2465431	B	28	193,17.5,12.3,1.75,1100,0,4.39,61,0,0,1.4,53,281,,.35	1 serving~57|1 package~198
2465773	B	28	105,21,2.63,1.75,1180,0,0,79,0,0,1.05,53,228,,.35	1 serving~57|1 package~198
2465776	B	28	333,14,29.8,1.75,1100,,10.5,61,0,0,.7,53,211,,.875	1 serving~57|1 package~113
2127686	B	34	238,11.6,10.9,23.8,592,3.4,6.12,27,1.4,0,1.84,170,,6.1	.2 pizza~147
1942684	B	34	245,12.3,12.9,20.9,515,3.07,6.75,31,1.2,.61,.44,245,,7.4	½ pizza~163|1 package~326
1942695	B	34	265,12,15.4,19.7,624,2.56,7.69,38,.9,.43,.62,214,,5.1	1/3 pizza~117|1 package~351
1940807	B	34	271,13.2,16.3,17.8,659,2.33,7.75,39,.8,.39,.56,194,,7	1/3 pizza~129|1 package~388
1922448	B	34	227,10.7,11.3,20,593,2.67,5.33,27,1.3,0,1.8,133,,8	.17 pizza~150|1 package~901
2024846	B	4	500,11.1,25,61.1,0,50,0,0,5.6,0,2,111,,0,,16.7,5.56	1 serving~18|1 package~255
1862293	B	4	438,6.25,18.8,68.8,250,37.5,12.5,62,6.2,0,0,0,,0,,6.25,0	1 serving~16|1 package~255
2106517	B	4	467,6.67,20,66.7,233,33.3,13.3,67,6.7,0,2.4,0,,0,,6.67,0	1 serving~15|1 package~255
1862294	B	4	429,0,21.4,57.1,143,42.9,21.4,0,14.3,0,0,0,,0,,0,0	1 serving~7|1 package~255
2670130	B	6	429,7.14,21.4,57.1,429,14.3,10.7,71,0,0,0,0,,0,,7.14,0,0	1 serving~14|1 package~227
2670127	B	11	438,12.5,6.25,75,312,12.5,0,0,0,0,0,0,,0,,0,0,0	.12 package~8|1 package~128
2670129	B	4	400,0,20,60,100,40,20,0,0,0,0,0,,0,,0,0,0	1 cookie~5|1 package~255
2584334	B	139	393,10.7,7.14,75,536,10.7,0,18,3.6,0,1.07,36,393,,0	1 serving~28|1 package~156
2584335	B	139	393,7.14,7.14,75,1210,10.7,0,18,3.6,0,1.07,36,286,,0	1 serving~28|1 package~156
2670126	B	11	375,12.5,6.25,75,312,12.5,0,0,0,0,0,0,,0,,0,0,0	.12 packets~8|1 package~128
2607281	B	6	429,0,7.14,71.4,571,14.3,0,0,0,0,1.43,0,143,,0	1 serving~7|1 package~156
1862295	B	4	429,0,14.3,71.4,286,35.7,10.7,71,0,0,2.57,143,,0,,3.57,0	1 serving~14|1 package~255
2670125	B	88	429,7.14,7.14,78.6,214,7.14,0,0,0,0,0,0,,0,,,,0	1 serving~14|1 package~368
2584333	B	11	375,12.5,6.25,75,625,12.5,0,0,0,0,6.25,125,250,,0	.12 packet~8|1 package~128
2277228	B	33	375,12.5,6.25,75,625,12.5,0,0,0,0,6.25,125,250,,0	1 serving~8|1 package~128
2628668	B	4	375,6.25,15.6,62.5,156,31.2,9.38,62,6.2,0,1.88,62,375,,7	1 cookie~16|1 package~255
2670128	B	88	429,7.14,7.14,78.6,214,7.14,0,0,0,0,0,0,,0,,,,0	1 serving~14|1 package~340
2072150	B	6	429,14.3,21.4,57.1,500,14.3,7.14,71,0,0,0,0,,0,,7.14,0	1 serving~7|1 package~227
2653346	B	4	455,9.09,27.3,50,273,22.7,11.4,68,4.5,0,.91,45,318,,7	1 cookie~22|1 package~255
2436817	B	88	429,7.14,7.14,78.6,536,7.14,0,0,0,,0,0,,0,,0,0	1 serving~14|1 package~368
2640751	B	139	429,7.14,7.14,78.6,214,7.14,0,0,0,0,0,0,,0,,3.57,0,0	1 serving~14|1 package~284
2587530	B	139	368,5.26,5.26,73.7,1160,5.26,0,26,5.3,0,1.05,53,105,,0	¼ cup~19|1 package~284
2607280	B	6	429,0,7.14,71.4,571,14.3,0,0,0,0,1.43,0,143,,0	1 serving~7|1 package~156
2024847	B	4	438,0,18.8,68.8,312,31.2,9.38,62,0,0,0,0,,0,,3.12,0	1 serving~16|1 package~255
1925825	B	4	429,0,17.9,71.4,321,35.7,10.7,71,0,0,0,0,,0,,3.57,0	1 serving~14|1 package~255
2133940	B	2	300,6.67,30,13.3,1700,6.67,8.33,17,0,0,0,200,,0	2 tbsp~30|1 package~227
2017292	B	2	279,4.65,23.3,14,1560,6.98,5.81,12,0,0,0,140,,2.8	1 - 1.5oz cup~43|1 package~128
2023860	B	15	23,0,0,6.98,70,2.33,0,0,.6,0,.84,47,,11.2	1 serving~43|1 package~128
1861499	B	2	300,3.33,23.3,13.3,1630,6.67,5,17,0,0,0,133,,0	2 tbsp~30|1 package~227
2384201	B	2	300,3.33,23.3,13.3,1700,6.67,5,17,0,0,0,133,0,,0	2 tbsp~30|1 package~227
2064737	B	66	393,10.7,5.36,78.6,0,0,1.79,0,7.1,0,1.29,536,,0	1 tortilla~28|1 package~608
2064735	B	66	216,3.92,2.94,43.1,20,3.92,0,0,5.9,0,1.41,39,,0	2 tortillas~51|1 package~425
2441484	B	12	340,11,.7,60,2000,0,0,0,0,,0,0,,0	1 serving~100
2121616	B	66	288,6.06,7.58,48.5,439,0,3.03,8,1.5,0,2.73,152,,0	1 tortilla~66|1 package~793
2548157	B	79	200,0,0,80,0,0	1 piece~2.5
2522829	B	79	200,0,0,80,0,0	1 piece~2.5
2548131	B	79	200,0,0,80,0,0	1 piece~2.5
2092024	B	54	96,4.8,5.6,5.6,368,3.2,2,16,.8,0,.86,16,,16.8	½ cup~125|1 package~680
2076740	B	47	35,1.76,0,6.17,485,4.41,0,0,1.8,0,.63,35,,15.9	1 serving~113|1 package~680
2084562	B	122	133,0,0,33.3,0,13.3	1 tbsp~15|1 package~250
2597826	B	33	340,14,2,70,820,2,0,0,6,0,4,48,500,,0	1/3 cup dry~50|1 package~198
2597827	B	67	340,14,2,68,900,2,0,0,6,0,4,46,380,,0	1/3 cup dry~50|1 package~198
2428957	B	11	0,0,0,0,,0,0,0,0,0,0,0,0,,0	¼ tsp~1.2|1 package~680
2029040	B	32	100,1.67,10,5,325,3.33,2.5,8,1.7,0,0,0,,12.5	½ cup~120|1 package~680
2029039	B	32	83,1.67,7.5,5,350,3.33,.83,0,,0,0,0,,13.5	½ cup~120|1 package~680
2419937	B	4	406,6.25,7.81,81.2,47,62.5,0,0,3.1,0,1.25,0,0,,0	9 pieces~32|1 package~200
2018608	B	61	360,8,0,80,0,0,0,0,2,0,.72,0,,0	¼ cup~50|1 package~750
2081839	B	7	240,2,24,2,620,2,4,0,,0,.72,60,,9.6	2 tbsp~50|1 package~130
1871893	B	122	133,0,0,33.3,0,13.3	1 tbsp~15|1 package~250
2405096	B	90	340,14,2,70,840,4,0,0,6,0,4,38,480,,0	1/3 cup~50|1 package~199
2050111	B	54	0,0,0,0,13,0	1 tbsp~15|1 package~375
1881564	B	4	367,6.67,3.33,73.3,233,33.3,3.33,0,3.3,0,0,0,,0	5 cookies~30|1 package~198
2597828	B	68	357,14.3,4.46,62.5,1500,7.14,2.68,9,3.6,0,0,154,118,,0	2 oz. dry 1 cup prepared~56|1 package~180
2288422	B	47	28,1.6,.4,5.6,200,4,0,0,1.6,0,.29,0,,12	½ cup~125|1 package~500
2033316	B	11	0,0,0,0	¼ tsp~1.2|1 package~680
1972493	B	122	333,0,0,93.3,0,93.3,0,0,0,0,0,20,0,,0	1 tbsp~15|1 package~250
1862764	B	47	20,.82,0,4.1,16,3.28,0,0,1.6,0,1.18,16,,4.9	½ cup~122|1 package~794
1970608	B	23	333,0,0,86.7,100,86.7,0,0,0,0,0,0,,0	1 tbsp~15|1 package~250
1920469	B	47	100,5,0,20,50,13.3,0,0,3.3,0,1.2,0,,0	2 tbsp~30|1 package~140
2443099	B	7	150,2,13,6,470,5,1.5,0,,,2.52,0,,0	½ cup~100|1 package~200
2287514	B	41	800,0,93.3,0,0,,13.3,0,,0,,,,,,66.7,13.3	1 tbsp~15|1 package~500
1941057	B	67	340,14,2,70,820,2,0,0,8,0,.72,40,,4.8	1/3 cup~50|1 package~199
2401516	B	6	433,10,13.3,66.7,933,3.33,0,0,3.3,0,2,33,233,,0	12 pieces~30|1 package~141
2634080	B	6	357,14.3,3.57,71.4,821,0,0,0,7.1,0,0,29,214,,0	2 sticks~14|1 package~125
2273463	B	7	300,0,20,20,500,0,0,0,0,0,0,140,400,,0	1 tsp~5|1 package~215
1913184	B	16	168,4.8,.8,36,448,.8,0,0,.8,0,1.44,24,,1	1 cup~125|1 package~454
2597822	B	6	438,12.5,6.25,75,812,6.25,0,0,6.2,0,0,25,156,,0	5 sticks~16|1 package~85.1
2018603	B	129	429,4.76,21.4,47.6,0,9.52,4.76,24,0,0,3.43,0,,0	1 serving~21|1 package~114
2015336	B	7	380,2,38,6,1640,6,6,0,2,0,2.16,40,,0	2 tbsp~50|1 package~130
2015350	B	7	320,2,34,4,920,2,5,0,2,0,1.44,80,,0	2 tbsp~50|1 package~130
2018602	B	7	17,0,0,3.33,233,3.33,0,0,0,0,0,0,,60	1 serving~30|1 package~340
2680481	B	88	367,16.7,5,66.7,1900,6.67,1.67,0,6.7,0,3.33,210,217,,0,,,,3.33,1,.333	¼ cup~30|1 package~425
2655363	B	7	350,10,20,30,950,20,0,0,0,0,0,100,1800,,0	1 serving~10|1 package~355
2273464	B	32	406,3.12,40.6,6.25,844,,6.25,0,,0,0,134,266,,0,0,0	2 tbsp~32|1 package~135
2302584	B	11	0,0,0,0,38800,,,0	¼ tsp~.8|1 package~368
1478967	B	11	0,0,0,0	¼ tsp~1.2
2472030	B	32	58,1.67,3.75,5,300,3.33,.42,0,1.7,0,0,19,358,,.825	½ cup~120|1 package~340
2680477	B	129	400,10,15,50,0,10,0,50,0,0,3.6,0,,0,,,,0	1 cannoli shell~10|1 package~114
2440848	B	7	0,0,0,0,3000,0,0,0,0,,0,0,,0	½ tsp~4|1 package~206
2040706	B	122	133,0,0,33.3,0,13.3	1 tbsp~15|1 package~250
1888037	B	90	378,13.3,2.22,73.3,11,0,0,0,4.4,0,.8,44,,0	1/3 cup~45|1 package~454
2288806	B	16	375,12.5,1.79,75,0,3.57,0,0,3.6,0,1.29,0,,0	1 serving~56|1 package~453
1893461	B	47	18,.72,0,3.62,11,2.9,0,0,.7,0,.52,14,,4.3	1 serving~138|1 package~794
2040700	B	23	133,0,0,33.3,0,26.7	1 tbsp~15|1 package~250
2411116	B	29	467,10,13.3,73.3,1130,3.33,3.33,0,3.3,0,1.67,23,170,,0	10 pieces~30|1 package~150
2086084	B	122	133,0,0,33.3,0,26.7	1 tbsp~15|1 package~250
1908190	B	6	379,10.3,5.17,75.9,966,3.45,1.72,0,3.4,0,2.48,0,,0	1 serving~29|1 package~85
1858139	B	0	667,13.3,70,13.3,0,3.33,5,0,3.3,0,6.67,17,600,,0	4 tbsp~30|1 package~142
2082236	B	54	0,0,0,0,13,0	1 tbsp~15|1 package~375
2597829	B	68	357,16.1,4.46,62.5,1460,7.14,2.68,9,3.6,0,0,152,116,,0	2 oz. dry 1 cup prepared~56|1 package~180
2680480	B	90	340,14,2,70,880,2,0,0,6,0,4,32,380,,0	1 serving~50|1 package~199
2015447	B	32	83,1.67,7.5,5,350,3.33,.83,0,1.7,0,0,0,,13.5	½ cup~120|1 package~680
2084865	B	0	700,16.7,66.7,0,0,,5,0,,0,4.8,0,,0	4 tbsp~30|1 package~56
2597813	B	0	667,13.3,70,13.3,0,3.33,5,0,3.3,0,6.67,17,600,,0	4 tbsp~30|1 package~142
1858159	B	32	83,1.67,7.5,5,350,3.33,.83,0,1.7,0,0,0,,13.5	½ cup~120|1 package~680
1868074	B	11	0,0,0,0	¼ tsp~1.2|1 package~680
2287354	B	32	83,1.67,7.5,5,350,3.33,.83,0,1.7,0,0,0,,13.5	½ cup~120|1 package~680
1872527	B	122	400,0,0,93.3,0,86.7,0,0,0,0,0,0,,0	1 tbsp~15|1 package~250
2680482	B	19	400,0,0,93.3,0,86.7,0,0,0,0,0,0,,0,,,,0	1 tbsp~15|1 package~250
2083972	B	122	133,0,0,33.3,0,13.3	1 tbsp~15|1 package~375
2616321	B	43	333,14.3,0,66.7,3570,9.52,0,48,9.5,0,1.71,95,,0,,,,171	.17 cup dry mix 1 cup prepared~21|1 package~170
1854976	B	7	0,0,0,0,3000,0,0,0,0,0,0,0,,0	1 to 2 berries~4|1 package~206
1908328	B	47	20,1.6,0,4.8,60,4,0,0,.8,0,.29,0,,12	½ cup~125|1 package~500
2568393	B	122	133,0,0,33.3,0,26.7	1 tbsp~15|1 package~251
2270243	B	16	160,3.2,.8,36,448,.8,0,0,.8,0,1.44,16,,0	1 cup~125|1 package~340
2597812	B	7	0,0,0,25,2750,0,0,0,0,0,0,25,75,,0	1 serving~4|1 package~207
1972766	B	35	200,0,0,55,475,50,0,0,0,0,0,15,105,,0	1 tbsp~20|1 package~250
1891038	B	16	375,12.5,1.79,75,0,3.57,0,0,3.6,0,1.29,0,,0	1 serving~56|1 package~453
2405095	B	16	357,12.5,1.79,73.2,0,1.79,0,0,3.6,0,1.25,21,220,,0	1 serving~56|1 package~453
2616319	B	43	357,19,0,64.3,1640,11.9,0,0,11.9,0,6.43,95,,5.7,,,,0	1/3 cup dry mix 1 cup prepared~42|1 package~170
1858142	B	43	333,14.3,1.19,69,1620,16.7,0,0,14.3,0,4.29,95,,14.3	1/3 cup~42|1 package~170
2616318	B	43	333,14.3,1.19,69,1620,16.7,0,0,14.3,0,4.29,95,,14.3,,,,86	1/3 cup dry mix 1 cup prepared~42|1 package~170
2405102	B	32	406,6.25,43.8,3.12,1090,0,7.81,16,3.1,0,3.12,162,266,,0	2 tbsp~32|1 package~198
1967931	B	43	393,7.14,14.3,64.3,2390,17.9,0,0,3.6,0,1.29,286,,4.3	¼ cup~28|1 package~113
2680470	B	61	339,7.14,0,75,1270,1.79,0,0,1.8,0,1.29,0,,0,,,,0	1/3 cup dry, 1 cup prepared~56|1 package~227
1967933	B	61	321,7.14,0,75,1050,1.79,0,0,3.6,0,1.79,41,196,,0	1/3 cup~56|1 package~227
2024602	B	61	339,5.36,0,78.6,1450,1.79,0,0,1.8,0,1.29,0,,0	1 cup prepared~56|1 package~227
2018601	B	103	339,7.14,0,75,1070,3.57,0,0,1.8,0,1.29,0,,0	1/3 cup~56|1 package~227
2026840	B	43	357,19,0,64.3,1640,11.9,0,0,11.9,0,6.43,95,,5.7	1/3 cup~42|1 package~170
2616322	B	90	286,16.7,1.19,57.1,1760,4.76,0,0,11.9,0,3.43,48,,21.4,,,,86	1/3 cup dry mix 1 cup prepared~42|1 package~170
2405089	B	16	375,12.5,1.79,75,0,3.57,0,0,3.6,,1.29,0,,0	1/3 cup~56|1 package~454
2405088	B	16	364,12.7,1.82,74.6,0,1.82,0,0,3.6,0,1.27,18,218,,0	2/3 cup~55|1 package~454
2405094	B	16	364,12.7,1.82,74.6,0,1.82,0,0,3.6,0,1.27,18,218,,0	2/3 cup~55|1 package~454
2438468	B	7	350,10,20,30,4500,20,0,0,10,,0,0,,0	3 pieces~10|1 package~205
2568405	B	122	333,0,0,93.3,0,93.3,0,0,0,0,0,13,67,,0	1 tbsp. 15ml~15|1 package~251
2568395	B	122	100,0,0,26.7,0,26.7,,,,,0,20,100,,0	1 tbsp~15|1 package~754
1871891	B	122	133,0,0,33.3,0,26.7	1 tbsp~15|1 package~250
2287451	B	54	0,0,0,0,0,0	1 tbsp~15|1 package~375
2616320	B	43	357,16.7,1.19,66.7,1570,14.3,0,0,16.7,0,4.29,95,,8.6,,,,129	1/3 cup dry mix 1 cup prepared~42|1 package~170
2287355	B	32	83,1.67,7.5,5,392,3.33,.83,0,1.7,0,0,0,,13.5	½ cup~120|1 package~680
2398930	B	122	100,0,0,26.7,0,26.7,,,,,0,20,100,,0	1 tbsp~15|1 package~250
2616323	B	122	333,0,0,93.3,0,86.7,0,0,0,0,0,0,,0,,,,0	1 tbsp~15|1 package~251
2039203	B	54	0,0,0,0,0,0	1 tbsp~15|1 package~375
2375294	B	103	339,10.7,3.57,67.9,1410,3.57,1.79,9,1.8,0,1.79,162,173,,0	1/3 cup~56|1 package~184
1900563	B	61	339,10.7,3.57,67.9,1410,3.57,1.79,9,1.8,0,1.93,143,,4.3	1/3 cup~56|1 package~184
2015337	B	7	160,0,20,0,500,,0,0,,0	1 tsp~5|1 package~130
2634081	B	6	438,12.5,6.25,75,812,6.25,0,0,6.2,0,0,25,156,,0	5 sticks~16|1 package~85
2634079	B	6	438,12.5,12.5,68.8,688,0,0,0,6.2,0,0,225,219,,0	2 sticks~16|1 package~125
1858145	B	43	286,16.7,1.19,57.1,1760,4.76,0,0,11.9,0,3.43,48,,21.4	1/3 cup~42|1 package~170
2289520	B	47	20,1.6,0,4.8,200,3.2,0,0,1.6,0,.29,0,,12	½ cup~125|1 package~500
2657056	B	7	350,10,20,30,4500,20,0,0,10,0,0,0,,0,,,,360	1 piece~10|1 package~205
2298797	B	7	17,0,0,3.33,217,3.33,0,0,0,0,0,0,,50	1 serving~30|1 package~225
1970612	B	7	17,0,0,3.33,217,3.33,0,0,0,0,0,0,,50	1 serving~30|1 package~340
2657057	B	6	438,12.5,6.25,75,812,6.25,0,0,6.2,0,0,25,156,,0	5 sticks~16|1 package~85
1946743	B	11	0,0,0,0,35000,0,0,0,0,0	¼ tsp~1|1 package~116
1892695	B	122	133,0,0,33.3,0,13.3	1 tbsp~15|1 package~500
1908501	B	122	333,0,0,93.3,0,86.7,0,0,0,0,0,0,,0	1 tbsp~15|1 package~250
2086083	B	122	133,0,0,33.3,0,26.7	1 tbsp~15|1 package~250
1857433	B	43	357,16.7,1.19,66.7,1570,14.3,0,0,16.7,0,4.29,95,,8.6	1/3 cup~42|1 package~170
2019984	B	47	20,.82,0,4.1,16,3.28,0,0,1.6,0,1.18,16,,4.9	½ cup~122|1 package~794
2082221	B	54	0,0,0,0,13,0	1 tbsp~15|1 package~375
1917133	B	6	352,5.63,15.5,49.3,268,32.4,2.11,42,1.4,0,1.52,0,,0	1 serving~71
1874329	B	4	400,0,20,50,0,40,10,50,0,0,0,0,,0	1 serving~10|1 package~50
1917078	B	9	456,3.51,22.8,61.4,26,42.1,6.14,35,1.8,0,2.53,35,,0	1 serving~57|1 package~454
2636774	B	9	301,6.19,12.4,40.7,133,36.3,7.96,111,0,.44,1.77,204,206,,0	1 serving~113
1886397	B	9	300,5,12.5,45,400,35,5,25,0,0,0,0,,0	1 serving~20|1 package~240
2670635	B	96	108,1.2,2.41,20.5,313,1.2,0,0,2.4,0,.48,12,337,,0	2/3 cup~83|1 package~453
2076399	B	27	321,12.5,26.8,3.57,1200,1.79,10.7,62,0,0,.64,36,,0	1 serving~56|1 package~397
2094778	B	28	433,20,36.7,3.33,1870,3.33,13.3,100,0,0,1.2,67,,0	15 slices~30|1 package~99
2072687	B	28	120,16,3,4,1420,4,1,50,0,0,.72,0,,0	1 slice~50|1 package~99
2535693	B	28	186,25,8.93,1.79,2260,0,3.57,95,0,,1.29,0,,0	1 serving~56|1 package~284
2304804	B	53	46,0,0,11.7,4,10,0,,0,0,,,0	8 fl oz~240|1 package~480
2304809	B	53	46,0,0,11.7,4,10,0,,0,0,,,0	8 fl oz~240|1 package~480
2585234	B	53	0,0,0,0,4,0,0,,0,0,,,0	8 fl oz~240|1 package~473
2585235	B	53	38,0,0,9.17,4,7.5,0,,0,0,,,0	8 fl oz~240|1 package~473
2585231	B	53	46,0,0,11.7,4,10,0,,0,0,,,0	8 fl oz~240|1 package~473
2585232	B	53	46,0,0,11.7,4,10,0,,0,0,,,0	8 fl oz~240|1 package~473
2585236	B	53	31,0,0,7.92,4,,0,,0,0,,,0	8 fl oz~240|1 package~473
2651665	B	53	46,0,0,11.7,4,10,0,,0,0,,,0	8 fl oz~240|1 package~473
2553660	B	26	192,8.08,5.05,29.3,414,7.07,3.03,15,3,0,2.02,31,212,,0	3 pierogi~99|1 package~397
2014930	B	26	232,7.07,4.04,42.4,333,7.07,1.52,0,2,0,2.73,61,,12.1	3 pierogi~99|1 package~397
2083035	B	26	233,6.67,6.67,36.7,275,7.5,2.5,62,2.5,0,1.2,67,,0	15 pieces~120|1 package~453
2384231	B	39	72,3.75,4.17,5.08,32,4.17,2.5,12,0,,0,83,131,,.625	1 cup~240|1 package~1745
2384233	B	39	54,4.17,2.08,5.42,56,5.42,1.25,8,0,0,0,104,117,,.625	1 cup~240|1 package~1745
2366018	B	75	167,3.33,16.7,3.33,33,3.33,11.7,67,0,0,0,67,,,0	2 tbsp~30|1 package~473
2366019	B	75	400,0,40,0,0,0,26.7,167,0,0,0,0,,,0	1 tbsp~15|1 package~355
2474779	B	39	158,3.33,10.8,10.8,38,10.8,7.5,79,0,0,.25,83,83,,.325	½ cup~120|1 package~828
2484001	B	39	71,3.75,4.17,5,31,3.75,2.5,12,0,0,.42,113,142,,.425	1 cup~240|1 package~1419
2469104	B	39	88,3.33,5.83,4.58,40,4.58,4.17,25,0,0,.04,117,125,,.05	1 cup~240|1 package~828
2463728	B	39	158,3.33,10.8,10.8,38,10.8,7.5,79,0,0,.25,83,,,.325	½ cup~120|1 package~355
2472132	B	39	58,5,2.08,5,52,5,1.46,8,0,0,0,146,183,,0	1 cup~240|1 package~828
2469105	B	39	88,3.33,5.83,4.58,40,4.58,4.17,25,0,0,.04,117,125,,.05	1 cup~240|1 package~1419
2366020	B	75	167,3.33,16.7,3.33,33,3.33,11.7,67,0,0,0,67,100,,0	2 tbsp~30|1 package~828
1935949	B	85	256,11.6,1.16,46.5,535,2.33,0,0,4.7,0,0,0,163,0,,0,1.16	1 serving~43|1 package~340
1917560	B	85	233,6.98,4.65,41.9,674,2.33,0,0,2.3,0,.84,0,65,14,,0,3.49	1 serving~43|1 package~297
1912687	B	85	256,11.6,3.49,41.9,558,2.33,2.33,12,2.3,0,.84,93,98,20.9,,0,0	1 serving~43|1 package~297
2384441	B	98	103,3.45,2.3,17.2,276,1.15,0,0,1.1,0,1.15,14,391,,0	2/3 cup~87|1 package~453
2703782	B	123	93,1.55,4.65,10.8,279,4.65,1.16,4,3.1,0,.54,31,225,18.6,0,1.55,1.94,349	2/3 cup~129
2396541	B	96	202,2.38,7.14,31,393,1.19,.6,0,2.4,0,.5,19,369,,0,4.76,1.79	1 serving~84|1 package~453
2703780	B	123	109,4.69,7.03,6.25,289,2.34,3.91,20,1.6,0,.47,117,180,21.1,0,1.56,0,70	½ cup~128
2721089	B	123	84,.93,6.54,6.54,206,.93,2.8,9,1.9,0,.47,28,121,2.2,0,2.8,.47,67	2/3 cup~107
2384990	B	31	105,5.26,5.26,9.77,361,2.26,2.63,11,5.3,0,.6,75,346,,0	½ cup~133|1 package~283
2703781	B	123	90,5.26,4.51,6.77,278,1.5,2.63,11,2.3,0,.68,68,263,31.6,0,1.5,.38,41	½ cup~133
2400565	B	61	88,3.54,3.1,11.5,283,1.77,1.77,9,.9,0,.62,71,159,,0	½ cup~113|1 package~340
2703793	B	123	88,3.54,3.1,11.5,283,1.77,1.77,9,.9,0,.62,71,159,3.2,0,.88,0,199	½ cup~113
2497641	B	31	109,4.69,7.03,6.25,289,2.34,3.91,20,1.6,0,.47,117,180,,0	½ cup~128|1 package~255
2400562	B	98	62,3.54,3.1,4.42,301,1.77,2.21,9,1.8,0,.44,62,142,,0	½ cup~113|1 package~340
1953507	B	96	167,1.19,5.95,27.4,298,8.33,0,0,3.6,0,.43,24,250,,0,3.57,1.79	1 serving~84|1 package~566
2643045	B	96	107,2.38,2.38,20.2,429,1.19,0,0,2.4,0,0,12,333,,0	¾ cup~84|1 package~453
2433478	B	96	119,1.19,1.79,25,310,1.19,0,0,2.4,0,.43,20,452,,0,1.19,0	1 serving~84|1 package~907
2663453	B	96	167,2.38,5.95,26.2,286,9.52,0,0,2.4,0,.14,48,274,,0,4.17,1.79	12 pieces~84|1 package~566
2433477	B	96	155,2.38,4.76,26.2,429,1.19,0,0,2.4,0,.43,13,405,,0,2.98,1.19	1 serving~84|1 package~793
1912904	B	96	143,1.19,4.76,25,429,1.19,.6,0,2.4,0,0,0,274,5.7,,2.98,1.19	1 serving~84|1 package~453
2663450	B	96	275,6.25,8.75,43.8,138,5,.62,0,2.5,0,.84,22,150,,0,5.62,1.88	5 rings~80|1 package~382
2429491	B	98	179,1.19,11.9,17.9,524,1.19,1.19,0,1.2,0,.43,13,286,,0,7.74,2.98	1 serving~84|1 package~793
1917561	B	96	190,1.19,9.52,23.8,452,1.19,.6,0,2.4,0,.29,13,262,,0,5.95,2.38	1 serving~84|1 package~566
2604478	B	96	190,1.19,9.52,23.8,452,1.19,.6,0,2.4,0,.29,13,262,,0,5.95,2.38	1 serving~84|1 package~567
2406845	B	96	167,2.38,5.36,27.4,393,1.19,0,0,3.6,0,.54,7,345,,0,3.57,1.19	1 serving~84|1 package~453
1928823	B	31	61,1.22,2.44,7.32,256,2.44,0,0,2.4,0,.88,49,,11	2/3 cup~82|1 package~311
2724830	B	134	73,.81,2.42,11.3,177,7.26,0,0,2.4,0,.48,24,161,1,0,1.21,.4,653	2/3 cup~124
2663448	B	96	155,2.38,4.17,27.4,238,1.19,0,0,2.4,0,.43,13,488,,0,2.98,1.19	15 pieces~84|1 package~793
1912686	B	85	256,11.6,4.65,39.5,512,2.33,2.33,12,2.3,0,.84,140,77,8.4,,1.16,0	1 serving~43|1 package~297
1929187	B	31	107,2.67,2,17.3,333,9.33,0,0,4,0,0,0,300,1.6,,.67,.67	½ cup~75|1 package~340
1912685	B	85	233,9.3,0,48.8,488,2.33,0,0,2.3,0,.84,47,112,20.9,,0,0	1 serving~43|1 package~297
1969578	B	98	80,4.42,5.31,3.54,319,.88,2.65,13,1.8,0,.35,71,115,,0	2/3 cup~113|1 package~283
2703784	B	134	80,4.42,5.31,3.54,319,.88,2.65,13,1.8,0,.35,71,115,13.3,0,1.77,0,0	2/3 cup~113
2281513	B	98	88,1.77,1.77,15.9,310,5.31,1.33,4,.9,0,.71,35,186,,0	½ cup~113|1 package~340
2424041	B	98	53,1.77,3.1,5.31,407,1.77,1.77,9,1.8,0,0,27,,,0	½ cup~113|1 package~340
2281434	B	31	150,4.42,7.08,16.8,265,6.19,3.54,13,3.5,0,.35,62,221,,0	½ cup~113|1 package~283
1927020	B	26	324,13.5,16.2,27,622,2.7,6.76,27,2.7,0,.97,270,95,0,,4.05,5.41	2 stix~37|1 package~226
1927021	B	26	183,5,7.5,23.3,483,1.67,.83,0,3.3,0,.6,0,250,0,,1.67,5	1 serving~60|1 package~226
2456295	B	31	37,1.23,0,7.41,56,3.7,0,0,2.5,0,0,25,284,1.5,,0,0	2/3 cup~81|1 package~340
1914396	B	96	143,2.38,4.76,23.8,369,0,0,0,3.6,0,.86,0,357,7.1,,3.57,.6	1 serving~84|1 package~453
1912329	B	96	131,1.19,4.76,21.4,131,9.52,.6,0,3.6,0,.86,24,310,,0,3.57,.6	1 serving~84|1 package~425
2096373	B	31	56,2.22,.56,11.1,17,4.44,0,0,4.4,0,.4,22,256,2.7	2/3 cup~90|1 package~340
2436040	B	96	119,2.38,4.76,17.9,393,1.19,0,0,2.4,0,.43,24,381,,0,3.57,.6	1 serving~84|1 package~453
2604476	B	96	143,2.38,4.76,21.4,238,0,0,0,3.6,0,1.29,13,369,,0,3.57,.6	1 serving~84|1 package~425
1928821	B	31	122,5.56,3.33,17.8,400,4.44,0,0,6.7,0,1.2,22,261,1.3,,2.22,0	2/3 cup~90|1 package~340
2703783	B	123	87,3.97,4.76,6.35,286,2.38,1.59,4,2.4,0,.63,103,333,28.6,0,1.19,1.59,43	2/3 cup~126
1927319	B	96	226,1.19,9.52,34.5,429,10.7,.6,0,2.4,0,.86,24,179,5.7,,6.55,2.38	1 serving~84|1 package~566
2703787	B	123	62,3.54,3.1,4.42,301,1.77,2.21,9,1.8,0,.44,62,142,23.9,0,.88,0,16	½ cup~113
2428187	B	98	35,.88,1.77,4.42,372,.88,.88,4,1.8,0,0,0,142,,0	½ cup~113|1 package~340
2433918	B	68	35,.88,1.77,4.42,372,.88,.88,4,1.8,0,0,0,142,,0	½ cup~113|1 package~1020
2384442	B	98	103,2.3,2.3,17.2,287,1.15,0,0,2.3,0,0,9,391,,0	2/3 cup~87|1 package~453
2384443	B	98	103,2.3,2.3,17.2,333,1.15,0,0,1.1,0,1.15,14,414,,0	2/3 cup~87|1 package~453
2604477	B	96	143,2.38,4.76,22.6,202,0,0,0,3.6,0,.86,20,333,,0,3.57,.6	1 serving~84|1 package~454
2433475	B	96	190,2.38,8.33,25,393,0,.6,0,2.4,0,.86,20,357,,0,5.36,2.38	1 cup~84|1 package~566
2110968	B	31	100,2.22,2.78,15.6,478,4.44,0,0,3.3,0,1.2,22,139,23.3,,1.67,0	2/3 cup~90|1 package~311
2366609	B	96	119,1.19,1.79,23.8,310,1.19,0,0,2.4,0,.43,13,452,,0,1.19,0	1 serving~84|1 package~907
2663451	B	96	167,1.19,5.95,28.6,167,7.14,0,0,3.6,0,.43,24,226,,0,4.17,1.79	1 serving~84|1 package~566
2663454	B	96	167,1.19,4.76,28.6,274,9.52,0,0,2.4,0,.43,24,190,,0,2.98,1.19	2/3 cup~84|1 package~566
2663452	B	96	155,2.38,5.95,23.8,393,4.76,0,0,3.6,0,.63,18,149,,0,4.17,1.79	1 cup~84|1 package~566
2677865	B	96	107,2.38,2.38,20.2,310,1.19,0,0,2.4,0,0,12,333,,0	¾ cup~84|1 package~454
2497640	B	31	71,3.54,3.98,4.42,301,1.77,2.65,9,1.8,0,.35,71,142,,0	½ cup~113|1 package~340
2433479	B	96	143,2.38,4.76,21.4,238,0,0,0,3.6,0,1.29,13,369,,0,3.57,.6	1 serving~84|1 package~623
2433484	B	96	167,2.38,5.36,27.4,393,1.19,0,0,3.6,0,.54,7,345,,0,3.57,1.19	1 serving~84|1 package~680
2433481	B	96	71,2.38,0,15.5,369,1.19,0,0,2.4,0,.86,13,369,,0,0,0	2/3 cup~84|1 package~793
2509911	B	96	143,2.38,4.76,21.4,238,0,0,0,3.6,0,1.29,13,369,,0,3.57,.6	3 oz /~84|1 package~425
2615679	B	112	464,8.93,44.6,3.57,518,1.79,17.9,250,0,,8.04,71,,4.3,,,,1770	1 serving~56|1 package~142
2434801	B	29	406,9.38,7.81,78.1,656,0,0,0,3.1,0,1.25,22,109,,0	8 crackers~32|1 package~113
2565689	B	112	482,8.93,48.2,3.57,464,1.79,17.9,214,0	1 serving~56|1 package~142
2615678	B	112	446,8.93,44.6,1.79,571,0,17.9,107,0,,4.82,36,,4.3,,,,643	1 serving~56|1 package~142
2615680	B	112	482,8.93,48.2,1.79,375,0,17.9,116,0,,3.21,36,,8.6,,,,562	1 serving~56|1 package~142
2196199	B	34	217,5.43,6.52,33.7,511,1.09,4.35,0,1.6,0,.65,11,136,,0	½ pie prepared~184|1 package~368
2607541	B	34	179,4.88,6.5,26,488,1.63,4.88,0,4.1,0,1.06,16,203,,0	1/3 pie prepared per serving~123|1 package~369
2671485	B	34	241,10.6,7.65,31.8,529,.59,3.53,21,5.3,0,1.29,124,194,,0	½ pie prepared~170|1 package~340
2669605	B	34	251,10.7,6.95,35.8,481,.53,3.21,19,5.9,0,1.18,112,176,,0	½ pie prepared~187|1 package~374
2396742	B	34	284,11.7,11.7,32.7,568,.62,4.32,22,5.6,0,1.6,136,179,,0	½ pie prepared~162|1 package~323
2375567	B	26	213,13,7.41,23.2,306,0,2.78,51,.9,0,2.5,19,,0	1 serving~108|1 package~907
2286281	B	26	188,5.36,1.34,38.4,214,.89,.45,18,1.8,0,2.41,18,,3.2	8 pieces~112|1 package~907
1882690	B	19	0,0,0,0,200,,,,,,,,,72	1 tsp~5|1 package~148
1882689	B	19	0,0,0,0,200,,,,,,,,,72	1 tsp~5|1 package~148
2408872	B	10	25,0,0,6.25,5,5.83,0,0,.4,,,,,,,,,,,1,,,,,,2.5	8 fl oz~240|1 package~480
2082059	B	7	35,.33,.67,5,1,,,,1	1 serving~30
2469081	B	6	289,7.89,3.95,52.6,500,5.26,0,0,2.6,0,2.89,118,79,,0,0,1.32,,4.21,1,.263,,111	1 slice~38|1 package~567
2465699	B	6	275,8.7,2.9,52.2,551,5.8,.72,0,1.4,0,2.75,101,72,,0,0,1.45,,4.06,0,.29,,104	1 bun~69|1 package~822
2461674	B	6	275,8.7,2.9,52.2,493,5.8,0,0,1.4,0,2.9,14,72,,0,0,1.45,,4.06,0,.29,,104	1 bun~69|1 package~411
2475678	B	6	250,7.5,2.5,50,450,5,0,0,2.5,0,2.5,122,62,,0,0,0,,2.5,0,.25,,108,,,,2.5	1 roll~40|1 package~160
2486581	B	46	279,9.3,3.49,53.5,488,4.65,0,0,2.3,0,3.02,35,81,,0,0,2.33,,4.42,0,.465,,112	1 roll~43|1 package~1020
2468884	B	6	289,7.89,3.95,55.3,500,7.89,0,0,2.6,0,2.89,105,92,,0,0,1.32,,4.21,1,.263,,95	1 slice~38|1 package~1130
2508704	B	6	269,7.69,4.49,48.7,333,6.41,2.56,19,1.3,0,2.44,38,115,,0,1.28,.64,,2.18,0,.179,,96,,,,2.31	1 bun~78|1 package~465
2460615	B	6	271,8.33,6.25,47.9,333,6.25,2.08,0,2.1,0,3.54,21,125,,0,3.12,1.04,,3.33,0,.25,,162,,,,2.71	1 bun~48|1 package~384
2461069	B	6	289,10.5,3.95,50,447,10.5,0,0,2.6,0,2.63,39,92,,0,0,1.32,,3.95,1,.263,,95	1 slice~38|1 package~567
2461663	B	6	279,9.3,3.49,53.5,465,6.98,0,0,2.3,0,2.79,23,93,,0,0,2.33,,3.95,0,.233,,98	1 roll~43|1 package~510
2461673	B	6	263,10.5,3.95,50,500,7.89,0,0,2.6,0,2.63,26,118,,0,0,1.32,,3.68,0,.263,,71	1 slice~38|1 package~1130
2461068	B	6	289,10.5,3.95,52.6,474,7.89,0,0,2.6,0,2.89,26,92,,0,0,2.63,,3.95,1,.263,,95	1 slice~38|1 package~567
2461665	B	6	289,7.89,3.95,52.6,474,7.89,0,0,2.6,0,2.63,105,118,,0,0,1.32,,3.68,1,.263,,95	1 slice~38|1 package~567
2461676	B	6	282,8.45,3.52,53.5,493,5.63,0,0,1.4,0,2.96,28,85,,0,0,2.11,,4.37,0,.282,,110	1 roll~71|1 package~425
2487329	B	6	279,9.3,3.49,51.2,419,6.98,0,0,2.3,0,2.79,23,93,,0,0,2.33,,3.72,0,.233,,84	1 roll~43|1 package~1020
2467855	B	6	289,7.89,3.95,52.6,500,5.26,0,0,2.6,0,2.89,118,79,,0,0,1.32,,4.21,1,.263,,111	1 slice~38|1 package~1130
2461354	B	6	282,8.45,3.52,53.5,493,5.63,0,0,1.4,0,2.96,28,85,,0,0,2.11,,4.37,0,.282,,110	1 roll~71|1 package~850
2471110	B	6	244,6.67,1.11,51.1,511,0,0,0,2.2,0,3.11,13,67,,0,0,0,,4.22,0,.222,,120	1 slice~45|1 package~680
2471150	B	6	244,6.67,1.11,51.1,511,0,0,0,2.2,0,3.11,13,67,,0,0,0,,4.22,0,.222,,120	1 slice~45|1 package~1360
1923781	B	117	23,0,0,5.42,5,0,0,0,.4,0,,,,,,,,,,1,,.833,,,,2.5	8 fl oz~240|1 package~1500
2507169	B	10	2,0,0,.62,22,.21,0,0,.4,0,0,7,1,,0,,,,,0,,.708,,,,1	1 serving~240|1 package~1000
1964414	B	10	25,0,0,6.25,5,5.83,0,0,.4,0,,,,,,,,,,1,,.833,,,,2.5	8 fl oz~240|1 package~1700
2275963	B	150	267,36,0,32,0,25.3,0,0,0,0,0,0,,13300	1 packet~7.5
2271300	B	30	160,0,0,40,1800,30,0,0,0,0,120,0,,20000,200,,,,400,30,34,40,8000,440,,120,,200,40,40	1 packet~5
2271304	B	30	145,0,0,36.4,1640,25.4,0,0,0,0,0,0,,1090	1 packet~5.5
2538446	B	10	2,0,0,.62,22,.21,0,0,.4,0,0,7,1,,0,,,,,0,,.708,,,,1	8 fl oz~240|1 package~1000
2408904	B	10	25,0,0,6.25,5,5.83,0,0,.4,,,,,,,,,,,1,,.833,,,,2.5	8 fl oz~240|1 package~1700
2408907	B	10	25,0,0,6.25,5,5.83,0,0,.4,,,,,,,,,,,1,,.833,,,,2.5	8 fl oz~240|1 package~1700
2408891	B	10	25,0,0,6.25,5,5.83,0,0,.4,,,,,,,,,,,1,,.833,,,,2.5	8 fl oz~240|1 package~480
2408888	B	10	25,0,0,6.25,5,5.83,0,0,.4,,,,,,,,,,,1,,.833,,,,2.5	8 fl oz~240|1 package~480
1924026	B	10	25,0,0,6.25,5,5.83,0,0,.4,0,,,,,,,,,,1,,.833,,,,2.5	8 fl oz~240|1 package~1700
2408900	B	10	25,0,0,6.25,5,5.83,0,0,.4,,,,,,,,,,,1,,.833,,,,2.5	8 fl oz~240|1 package~1700
2408887	B	10	25,0,0,6.25,5,5.83,0,0,.4,,,,,,,,,,,1,,.833,,,,2.5	8 fl oz~240|1 package~480
2525332	B	35	94,1.56,4.69,14.1,172,9.38,0,0,1.6,0,.56,31,109,,0	¼ cup~64|1 package~450
400971	B	67	225,15,3.75,40,1150,7.5,0,0,7.5,0,9,250,,9	¼ cup~40
2546030	B	35	83,0,0,16.7,583	1 tsp~6|1 package~100
2608192	B	67	343,17.1,2.86,62.9,1510,5.71,0,0,11.4,0,5.14,143,800,,0	¼ cup~35|1 package~150
2275930	B	88	429,9.52,16.7,61.9,155,4.76,2.38,0,2.4,0,1.9,33,,,0,,,,1.9,0	1/3 cup~42|1 package~245
2544873	B	11	349,11.6,3.49,69.8,628,9.3,0,0,4.7,0,1.86,47,372,,0	¼ cup~43|1 package~200
2487170	B	35	109,1.56,5.47,15.6,188,10.9,0,0,1.6,0,.56,31,109,,0	¼ cup~64|1 package~450
393698	B	11	0,0,0,0,12000,0,0,0,0,0,216,0,,0	¼ tsp~.5
2636536	B	35	127,1.82,4.55,18.2,0,12.7,0,0,1.8,0,0,73,,0,,,,0	¼ cup~55|1 package~330
2550859	B	23	700,23.3,63.3,13.3,0,0,10,0,6.7,0,6,0,,,0	2 tbsp~30|1 package~160
2487168	B	11	100,0,6.67,6.67,800	1 tbsp~15|1 package~156
2276096	B	35	94,1.56,3.91,15.6,266,9.38,0,0,1.6,0,1.12,31,109,,0	¼ cup~64|1 package~450
2271301	B	30	188,22.5,0,25,1380,16.2,0,0,0,0,0,0,,0	1 packet~8
1457371	B	124	22,4.31,.43,0,22,0,0,27,0,0,.65,5,54,1.3,0,0,0	1 serving~464
1459094	B	124	14,2.12,.62,0,106,0,.18,19,0,0,.95,41,236,0,,0,0	1 serving~567
1893746	B	26	200,6,7,28,420,0,2,10,2,0,.72,80,,0	1 piece~50|1 package~425
2487373	B	137	235,16.5,16.5,7.06,706,2.35,5.88,53,1.2,1.18,2.35,71,282,,.225	3 meatballs~85|1 package~425
1813875	B	21	150,7.89,7.89,10.5,305,1.58,2.63,18,.5,0,.76,26,,1.6	1 serving~190|1 package~340
2272247	B	63	150,7.89,7.89,10.5,305,1.58,2.63,18,.5,0,.76,26,,1.6	1 serving~190|1 package~680
1896766	B	16	157,3.57,10,13.6,379,0,2.86,7,2.1,0,.77,0,,4.3	11 ravioli~140|1 package~453
2636421	B	34	240,5.99,8.98,32.9,623,1.8,3.59,15,3,0,.48,120,144,,0	½ pizza~167|1 package~333
2284729	B	16	232,6.1,1.22,23.8,402,7.32,0,0,2.4,0,.88,0,,0	1 serving~164|1 package~453
2103810	B	16	228,8.77,3.51,38.6,579,1.75,1.75,26,3.5,0,1.58,175,,0	¾ cup~114|1 package~453
2090312	B	21	174,13.7,10.5,12.6,521,1.05,4.21,47,.5,0,.95,184,,7.9	1 cup~190|1 package~680
933764	B	13	574,8.8,38,46,170,46,16	1 bar~100
2563189	B	27	167,16.7,8.33,10,667,10,1.67,67,0,0,1,33,200,,0	1 link~30|1 package~213
2172235	B	64	167,16.7,6.67,10,500,10,1.67,67,0,0,1,33,467,,0	1 link~30|1 package~213
2563193	B	27	167,16.7,6.67,10,500,10,1.67,67,0,0,1,33,467,,0	1 link~30
1851813	B	137	180,16,8,8,540,8,2,70,,0,.72,0,,0	2 links~50|1 package~198
1943943	B	27	165,16.5,9.41,1.18,671,0,3.53,76,,0,.85,24,,2.8	1 link~85|1 package~340
1892561	B	27	154,18,8.97,1.28,679,0,2.56,83,,0,.92,0,,0	1 link~78|1 package~397
2595451	B	27	161,14.5,9.68,3.23,581,1.61,3.23,73,0,0,1.13,32,371,,0	1 link~62
1940613	B	64	165,17.6,9.41,2.35,671,0,2.94,76,,0,.85,47,,0	4 meatballs~85|1 package~340
2595450	B	27	177,16.1,11.3,4.84,645,3.23,3.23,73,0,0,1.29,81,435,,0	1 link~62
2021591	B	27	160,18,9,2,540,0,3,80,,0,1.44	1 patty~50|1 package~198
1857355	B	27	153,16.5,8.24,2.35,565,1.18,2.35,76,,0,1.27,24,,10.6	1 link~85|1 package~340
1857356	B	27	165,17.6,9.41,1.18,541,0,2.94,82,,0,1.27,47,,2.8	1 link~85|1 package~340
1938090	B	27	188,15.3,5.88,12.9,518,11.8,2.35,71,,0,.85,24,,0	1 link~85|1 package~340
1892562	B	137	180,16,8,8,540,8,2,70,,0,.72	1 patty~50|1 package~198
2133463	B	27	154,16.7,8.97,2.56,538,1.28,2.56,77,,0,1.38,26,,1.5	1 link~78|1 package~397
2189616	B	77	167,18,8.97,3.85,462,2.56,2.56,77,,0,1.38,26,,1.5	1 link~78|1 package~397
1855142	B	27	153,16.5,8.24,2.35,518,1.18,2.35,76,,0,1.27,24,,5.6	1 link~85|1 package~340
1883888	B	27	165,16.5,8.24,8.24,647,7.06,2.35,71,,0,.85,24,,1.4	1 link~85|1 package~340
2010900	B	143	160,18,9,0,540,0,2,80,,0,1.44,0,,0	2 links~50|1 package~198
2037590	B	137	156,18.8,7.81,3.12,531,3.12,3.12,78,,0,1.12	1 link~32|1 package~227
2615030	B	27	150,16.7,8.33,3.33,633,3.33,1.67,67,0,0,1,33,333,,0	1 link~30|1 package~213
2018481	B	83	163,17.4,8.16,3.06,602,2.04,2.04,77,,0,1.1,20,,1.2	1 patty~98|1 package~794
2074470	B	26	153,16.5,8.24,3.53,588,1.18,2.35,71,,0,1.27,24,,1.4	4 meatballs~85|1 package~510
1892926	B	83	176,20,9.41,1.18,447,1.18,2.94,88,,0,1.27,0,,0	1 patty~85|1 package~510
2390944	B	106	159,15.9,9.73,.88,655,0,3.1,80,0,0,.88,41,289,,0	1 burger~113|1 package~227
2190611	B	106	153,17.4,8.16,2.04,541,1.02,2.55,77,,0,1.1,20,,1.2	1 patty~98|1 package~397
2074471	B	137	188,18.8,9.41,4.71,447,2.35,3.53,76,,0,1.27,71,,0	4 meatballs~85|1 package~510
2546672	B	106	159,16.8,9.73,1.77,646,.88,3.1,80,0,0,.88,46,274,,0	1 burger~113|1 package~227
2552501	B	37	123,3.08,1.92,23.1,338,0,.38,0,3.1,0,.54,23,15,,0	½ cup~130|1 package~3060
2563195	B	27	177,16.1,9.68,3.23,677,3.23,2.42,73,0,0,1.13,16,403,,0	1 link~62|1 package~312
2023568	B	64	250,33.3,12.5,8.33,1250,8.33,,208	2 slices~12|1 package~84
2615028	B	27	154,16.7,8.97,2.56,615,1.28,2.56,77,0,0,1.03,13,231,,0	1 link~78
2398606	B	27	154,16.7,8.97,1.28,615,0,2.56,77,0,0,1.03,38,218,,0	1 link~78|1 package~312
2383444	B	106	150,16.8,8.85,.88,531,0,2.65,80,0,0,.88,14,322,,0	1 burger~113|1 package~227
2018510	B	27	165,17.6,8.24,3.53,553,1.18,2.35,76,1.2,0,1.27,24,,0	1 link~85|1 package~340
1970070	B	27	154,16.7,8.97,2.56,551,1.28,2.56,77,0,0,1.28,13,256,,0	1 link~78|1 package~312
2189611	B	77	154,16.7,7.69,1.28,436,1.28,2.56,77,,0,1.38,26,,4.6	1 link~78|1 package~397
2172433	B	27	141,16.7,7.69,2.56,564,1.28,2.56,77,0,0,1.03,13,244,,0	1 link~78|1 package~312
2615029	B	27	141,16.7,7.69,2.56,564,1.28,2.56,77,0,0,1.03,13,244,,0	1 link~78
2594209	B	27	154,15.4,8.97,1.28,500,0,3.21,77,0,0,1.15,51,231,,0	1 link~78
2657602	B	27	154,15.4,8.97,1.28,500,0,3.21,77,0,0,1.15,51,231,,0	1 link~78
2117157	B	27	165,17.6,8.24,2.35,541,2.35,2.35,76,,0,1.27,24,,1.4	1 link~85|1 package~340
2217801	B	27	143,16.1,8.04,3.57,625,1.79,2.68,80,0,0,1.25,18,268,,0	1 link~56|1 package~284
2418799	B	27	154,15.4,5.49,11,505,9.89,2.2,71,0,0,.88,33,451,,0	1 link~91|1 package~907
2447081	B	27	154,15.4,5.77,11.5,513,10.3,1.92,71,0,0,.9,26,449,,0	1 link~78|1 package~312
1851495	B	27	141,16.7,7.69,1.28,513,0,1.92,77,,0,.92,0,,3.1	1 link~78|1 package~397
2417019	B	27	143,16.3,8.16,1.02,510,0,2.04,77,,0,.73,0,,2.4	1 patty~98|1 package~397
2269095	B	27	141,16.7,7.69,2.56,641,1.28,1.92,71,0,0,1.28,26,231,,0	1 link~78|1 package~312
2383234	B	106	152,17,8.93,1.79,518,1.79,2.68,80,0,0,.89,21,347,,0	1 serving~112|1 package~397
2615033	B	33	176,15.3,8.24,9.41,600,7.06,2.35,65,1.2,0,1.06,24,212,,0	4 meatballs~85|1 package~340
2542127	B	131	152,16.1,8.04,3.57,545,2.68,2.23,80,0,0,.89,17,361,,0	1 serving~112|1 package~397
2615032	B	68	165,15.3,9.41,4.71,494,2.35,3.53,76,0,0,1.29,82,224,,0	4 meatballs~85|1 package~340
2165029	B	64	165,15.3,9.41,4.71,494,2.35,3.53,76,0,0,1.29,82,,,0	4 meatballs~85|1 package~340
2059011	B	27	163,14,11.6,2.33,744,0,2.33,58,0,0,1.67,0,,0	1 frank~43|1 package~340
2615031	B	28	300,50,15,10,1900,10,0,250,0,0,0,20,630,,0	1 pan fried slice~10|1 package~227
2563194	B	27	167,16.7,6.67,10,567,10,1.67,67,0,0,1,33,200,,0	1 link~30
2305147	B	27	161,16.1,8.93,3.57,554,1.79,2.68,80,0,0,1.25,18,250,,0	1 link~56|1 package~284
2010595	B	8	296,2.82,17.6,31.7,67,27.5,11.3,46,2.1,0,.76,106,,0	1 truffle~142
1888764	B	3	247,3.53,15.3,29.4,47,27.1,9.41,29,1.2,0,1.27,118,,0	½ cup~85|1 package~473
2010597	B	8	303,3.52,18.3,31.7,88,20.4,9.15,35,2.1,0,1.9,70,,0	1 truffle~142
1891322	B	3	260,5,17,27,75,23,9,35,2,0,1.44,100,,0	1 truffle~100
1912865	B	3	224,3.53,14.1,22.4,53,17.6,8.24,29,1.2,0,.42,71,,0	½ cup~85|1 package~473
1888768	B	3	247,3.53,14.1,25.9,65,23.5,9.41,41,1.2,0,.42,94,,0	½ cup~85|1 package~473
2106010	B	3	224,3.53,14.1,21.2,47,20,7.06,41,0,0,.42,94,,0	½ cup~85|1 package~473
1888767	B	3	188,2.35,10.6,21.2,41,18.8,7.06,35,0,0,0,94,,0	½ cup~85|1 package~473
2060614	B	3	176,2.35,9.41,22.4,71,21.2,5.88,35,.3,0,0,94,,0	½ cup~85|1 package~473
2094560	B	3	200,2.35,10.6,24.7,47,22.4,7.06,41,0,0,0,94,,0	½ cup~85|1 package~473
2010596	B	3	296,4.93,19.7,24.6,46,19,9.86,46,2.1,0,.51,141,,0	1 truffle~142
2063314	B	49	562,21.9,46.9,25,391,9.38,7.81,0,6.2,0,2.25,62,594,0,,21.9,14.1,,12.5,,.106	2 tbsp~32|1 package~2270
2147964	B	49	562,21.9,46.9,25,328,9.38,7.81,0,6.2,0,1.12,62,438,,0	2 tbsp~32|1 package~510
2017134	B	49	396,9.43,18.9,49.1,255,35.8,3.77,0,3.8,0,.68,38,132,,0	3 tbsp~53|1 package~510
2163445	B	49	396,9.43,18.9,49.1,245,34,3.77,0,3.8,0,.68,38,132,,0	3 tbsp~53|1 package~510
2525119	B	49	581,20.9,46.5,25.6,395,11.6,8.14,0,7,0,1.4,60,579,,0,23.3,9.3	1 -1.5 oz~43|1 package~344
1850356	B	49	562,21.9,46.9,25,406,9.38,6.25,0,6.2,0,2.25,62,594,0,,25,14.1,,12.5,,0	2 tbsp~32|1 package~453
1867563	B	42	225,0,0,55,0,40,0,,,0	1 tbsp~20|1 package~510
1139238	B	11	255,11,3,65,44,1,1,0,27,0,28.8,440,,21	1 serving~100
453442	B	62	714,0,78.6,0,0,,50,214	1 tbsp~14
2279105	B	2	400,21.8,32.7,5.45,3340,1.82,14.6,0,0,,2.62,727,,0	1 serving~55|1 package~454
2383358	B	2	250,17.9,25,3.57,750,0,12.5,54,0,0,0,536,250,,0	1 serving~28|1 package~454
2395641	B	11	536,3.57,53.6,14.3,1140,3.57,3.57,0,3.6,0,2.57,93,0,,0	2 tbsp~28|1 package~340
2544375	B	26	116,7.49,6.13,13.6,654,2.04,1.36,17,1.4,1.36,1.46,48,102,.9	7 pieces~147
1899615	B	4	464,3.57,25,60.7,357,32.1,16.1,71,0,,2.57,0,,0	1½ pieces /~28|1 package~227
2423120	B	111	164,5.43,7.07,21.7,491,0,2.17,3,4.9,0,.39,49,38	1 serving~184|1 package~553
2421948	B	33	109,3.26,2.72,19.6,326,0,0,0,,0,.49,5,38	1 serving~184|1 package~553
1147786	B	4	490,3.92,21.6,72.6,255,33.3,9.8,0,2,0,2.12,0,,0	1 serving~51
2640080	B	47	66,1.1,3.1,8.4,290,6.9,.5,,1,,,,,21,,,,72	1 serving~100|1 package~330
535028	B	47	139,1.1,11,9,340,7.5,1.7,,1.4,,,,,21	1 serving~100
2266323	B	12	321,46.4,3.57,28.6,1540,7.14,0,107,,,3.86,0,,8.6	1 serving~28|1 package~92.1
2626692	B	7	335,4.42,33.7,8.14,460,,3.49,0,3,0,3.77,47,,15.3,,,,209	¼ cup~43|1 package~255
2511429	B	26	188,7.06,2.35,30.6,282,0,1.18,12,0,0,0,26,12,,0	1 piece~42.5|1 package~255
2449644	B	26	212,7.06,4.71,32.9,271,0,2.35,12,0,0,0,89,16,,0	1 serving~42.5|1 package~255
2486113	B	9	320,8.8,8,60,160,37.6,.8,4,16,0,2.4,260,564,,.8	1 serving~125|1 package~250
1874833	B	0	643,25,57.1,14.3,607,3.57,5.36,0,10.7,0,2.57,214,,0	1 serving~28|1 package~120
2554914	B	0	633,23.3,56.7,13.3,967,0,6.67,0,10,0,3.6,133,700,,0	2 tbsp~30|1 package~120
2604129	B	2	464,28.6,39.3,0,929,0,28.6,89,0,0,0,714,0,,1	1 slice 1oz~28
2604130	B	2	429,25,35.7,0,679,0,25,89,0,0,0,714,0,,1	1 slice 1 oz~28
1162108	B	62	533,0,60,0,1000,0,26.7,0,0,0,0,0,0	1 tbsp~15
549998	B	61	364,6.67,0,84.4,11,0,0,0,0,0,0,0,,0	¼ cup~45
2277584	B	3	150,5,1.67,30,82,16.7,.83,8,5,0,0,200,233,,0	1 cup~60|1 package~473
2180188	B	3	150,5,1.67,30,82,16.7,.83,8,5,0,0,200,233,,0	1 cup~60|1 package~473
2664834	B	3	150,5,1.67,30,82,16.7,.83,8,5,0,0,200,233,,0	1 cup~60|1 package~473
2545823	B	3	150,5,1.67,30,82,16.7,.83,8,5,0,0,200,233,,0	1 cup~60|1 package~473
2664833	B	3	150,5,1.67,30,82,16.7,.83,8,5,0,0,200,233,,0	1 cup~60|1 package~473
2180191	B	3	150,5,1.67,30,82,16.7,.83,8,5,0,0,200,233,,0	1 cup~60|1 package~473
1871625	B	5	286,10.7,21.4,17.9,607,3.57,3.57,0,10.7,0,3.86,214,,42.9	½ package~28|1 package~57
1926602	B	5	464,17.9,32.1,35.7,821,7.14,5.36,0,10.7,0,6.43,143,821,171,,,,,,0,.243,.714,,,,,,,,,,600	1 serving~28|1 package~62
2285562	B	5	464,21.4,32.1,35.7,1250,3.57,5.36,0,10.7,0,6.43,214,679,96.4,,,,,,0,.243,.714	1 serving~28|1 package~62
1852785	B	5	464,21.4,32.1,35.7,1210,3.57,5.36,0,10.7,0,6.43,214,714,96.4,,,,,,0,.243,.714,,,,,,,,,,629	1 serving~28|1 package~62
1876038	B	5	536,14.3,42.9,35.7,89,25,16.1,0,3.6,0,5.14,71,,12.9	1 serving~28|1 package~63
1882223	B	5	292,8.33,18.8,29.2,333,16.7,4.17,0,4.2,0,4.5,83,,50,,,,,1.67,0,.142,,,,,,,,1,,,267	½ package~24|1 package~48
1852780	B	5	286,10.7,21.4,25,893,7.14,3.57,0,10.7,0,2.57,143,,12.9	½ package~28|1 package~57
2640339	B	5	500,17.9,32.1,39.3,964,10.7,5.36,0,10.7,0,6.43,143,,75,,,,1610,,0,.121,.714,,,,,,,,,,514	1 serving~28|1 package~62
1906294	B	5	500,17.9,32.1,35.7,821,7.14,5.36,0,10.7,0,6.43,143,821,193,,,,,,0,.243,.714,,,,,,,,,,629	1 serving~28|1 package~62
2663394	B	5	500,21.4,32.1,42.9,1070,7.14,5.36,0,10.7,0,6.43,214,750,96.4,,,,1930,,0,.121,.714,,,,,,,,,,514	1 serving~28|1 package~62
1883194	B	5	464,17.9,32.1,35.7,1250,7.14,5.36,0,10.7,0,6.43,143,607,75,,,,,,0,.121,.714,,,,,,,,,,486	1 serving~28|1 package~62
1935769	B	5	214,7.14,10.7,25,750,14.3,0,0,7.1,0,2.57,143,,8.6	½ package~28|1 package~57
746048	B	6	250,7.14,5.36,42.9,393,4.76,0,0,0,0,2.38,30,2,,0	2 slices~84
743964	B	6	262,9.52,4.76,45.2,440,4.76,0,0,3.6,0,2.38,25,33,,0	2 slices~84
2300595	B	7	133,0,13.3,3.33,1600,,3.33,,3.3,0	3 olives~15|1 package~355
2174722	B	7	133,0,13.3,6.67,2200,,0,,0,0	3 -4 olives~15|1 package~355
2174721	B	7	300,0,30,13.3,1730,,3.33,,6.7,0	3 olives~15|1 package~355
1962452	B	7	300,0,30,13.3,1730,,3.33,,6.7,0	2 olives~15|1 package~355
2174486	B	7	233,0,23.3,6.67,2200,,3.33,,0,0	3 -4 olives~15|1 package~355
2157403	B	7	133,0,13.3,3.33,1600,,3.33,,3.3,0	3 olives~15|1 package~355
1790361	B	6	225,7.5,2.5,43.8,375,1.25,.5,0,3.8,0,3.38,75,,0	1 serving~80|1 package~400
1790360	B	6	233,7.78,2.78,43.3,389,1.11,0,0,2.2,0,3,89,,0	1 serving~90|1 package~400
1891630	B	38	342,5.26,0,81.6,658,29,0,0,0,0,.95,0,,0	¼ cup~38|1 package~397
1879599	B	24	0,0,0,0,0	8 fl oz~240|1 package~1499
2196277	B	118	0,0,0,0,0,,,0	8 fl oz~240|1 package~1500
2433214	B	24	0,0,0,0,0,0,0,0,0,0,0,0,0,,0	16 fl oz~473
2433218	B	24	0,0,0,0,0,0,0,0,0,0,0,0,0,,0	16 fl oz~473
2256990	B	24	0,0,0,0,0	33.8 fl oz~1014
1954938	B	24	0,0,0,0,0,0,0,,0,0	1 serving~240|1 package~1000
1912063	B	24	0,0,0,0,1,0,,,,,,,2	8 fl oz~480|1 package~1000
2464947	B	24	0,0,0,0,1,0,0,0,,0,0,0,0,,0,,,,0,,,0,0,,,0	16.9 fl oz~500
2170790	B	24	0,0,0,0,0	16 fl oz~473
2464950	B	24	0,0,0,0,1,0,0,0,,0,0,0,0,,0,,,,0,,,0,0,,,0	16.9 fl oz~500
2664437	B	24	0,0,0,0,2,0	8 fl oz~240|1 package~1000
2112738	B	24	0,0,0,0,2	8 fl oz~240|1 package~3780
2464948	B	24	0,0,0,0,1,0,0,0,,0,0,0,0,,0,,,,0,,,0,0,,,0	16.9 fl oz~500
1876152	B	24	0,0,0,0,0,0,0,0,0,0,0,0,,0	1 bottle~591
1877579	B	24	0,0,0,0,0,0,0,0,0,0,0,0,,0	1 bottle~591
1879893	B	1	600,15.9,30,52.9,53,37,4.41,0,3.5,,5.71,88,,0	1 serving~56.7|1 package~908
1886087	B	1	547,14.1,30,51.2,62,40.6,4.41,0,3.5,,4.76,71,,0	1 serving~56.7|1 package~908
2464106	B	23	667,26.7,53.3,13.3,17,0,8.33,0,3.3,,46.7,100,90,,6.67	2 tbsp~30|1 package~454
2048682	B	24	0,0,0,0,0	8 fl oz~240|1 package~1000
2048791	B	24	0,0,0,0,0	8 fl oz~240|1 package~3890
1875813	B	4	450,5,20,60,50,25,5,0,5,0,1.8,0,,0	1 serving~20|1 package~320
2510621	B	36	153,21.8,7.06,0,60,0,1,64,0,0,.53,7,360,,14.1	1 serving~170|1 package~340
2071701	B	85	277,10.6,1.32,55.5,211,2.64,0,,4,0,1.9,26	1 piece~75.7
1865732	B	14	474,8.77,29.8,49.1,35,19.3,7.02,0,7,0,1.89,35,,0	½ cup~57|1 package~340
2166973	B	41	800,0,93.3,0,0,,13.3,,,,,,,,,66.7,10	1 tbsp~15|1 package~750
2387327	B	41	812,0,93.8,0,1310,0,12.5,0,0,0,0,0,0,,0	1 tbsp~16|1 package~375
1989291	B	32	88,1.6,5.6,8,640,6.4,2.8,16,.8,0,1.6,30,331,,0	½ cup~125|1 package~680
2476428	B	6	282,7.69,2.56,51.3,462,5.13,0,0,2.6,0,2.82,90,77,,0,0,0,,4.1,1,.256,,108	1 bun~39|1 package~312
2476493	B	6	282,7.69,2.56,51.3,462,5.13,0,0,2.6,0,2.82,90,77,,0,0,0,,4.1,1,.256,,108	1 bun~39|1 package~312
2476427	B	6	268,7.32,2.44,51.2,463,4.88,0,0,2.4,0,2.93,98,73,,0,0,1.22,,4.15,0,.244,,102	2 slices~41|1 package~454
2476335	B	6	258,6.45,3.23,51.6,452,3.23,0,0,3.2,0,2.9,97,81,,0,0,0,,4.19,0,.323,,97	1 slice~31|1 package~680
2477199	B	6	258,9.68,3.23,48.4,419,3.23,0,0,3.2,0,3.23,113,97,,0,0,0,,3.87,0,.323,,87	1 slice~31|1 package~680
2476470	B	6	258,6.45,3.23,51.6,452,3.23,0,0,3.2,0,2.9,97,81,,0,0,0,,4.19,0,.323,,97	1 slice~31|1 package~680
2476185	B	6	250,7.14,3.57,50,464,3.57,0,0,0,0,2.86,107,71,,0,0,0,,4.29,0,.357,,107	1 slice~28|1 package~680
2666772	B	29	467,6.67,16.7,73.3,600,16.7,10,33,3.3,0,2.33,133,100,,0	8 crackers~30|1 package~113
2666773	B	116	500,13.3,26.7,53.3,933,0,5,17,3.3,0,3.33,167,233,,0	8 crackers~30|1 package~113
2640037	B	116	433,10,16.7,60,967,13.3,10,33,3.3,0,1.67,167,133,,0	1 serving~30|1 package~113
2289722	B	12	250,17.9,16.1,7.14,857,3.57,5.36,71,0,0,1.29,0,,0	1 serving~28
1898253	B	0	533,3.33,16.7,70,47,36.7,10,7,3.3,0,1.2,100,,0	¼ cup~30|1 package~340
1901244	B	0	633,16.7,56.7,20,400,6.67,6.67,0,16.7,0,6,67,,0	¼ cup~30|1 package~340
2442067	B	22	325,10,2.5,62.5,0,50,0,0,15,,7.2,50,,45	.12 cup~40|1 package~284
2442682	B	0	533,20,50,20,0,3.33,5,0,10,,3.6,67,,0	¼ cup~30|1 package~680
1914655	B	1	333,4.44,0,66.7,22,42.2,0,0,0,0,0,0,,0	5 pieces~45|1 package~397
474696	B	22	353,0,0,86.7,140,66.7,0,0,0,,1.2,100,,0	¼ cup~30
1901245	B	1	343,2.86,2.86,94.3,200,54.3,1.43,0,0,0,0,0,,0	12 pieces~35|1 package~397
1903380	B	0	530,23.3,40,26.7,400,13.3,5,0,10,0,3.6,67,,4	¼ cup~30|1 package~340
1890805	B	9	367,3.33,18.3,46.7,292,20,10,21,.8,0,1.5,0,,0	1 serving~120
426636	B	1	325,2.5,0,72.5,25,57.5,0	16 pieces~40
490447	B	1	333,0,0,84.6,115,61.5,0	7 pieces~39
426648	B	1	333,0,0,84.6,90,59,0	7 pieces~39
423405	B	1	316,2.63,0,73.7,53,60.5,0	6 pieces~38
426643	B	1	333,0,0,82,77,59,0	7 pieces~39
419768	B	1	359,0,0,84.6,77,61.5,0	7 pieces~39
423406	B	1	326,2.17,0,73.9,22,56.5,0	4 pieces~46
2601699	B	33	212,3.85,15.4,13.5,218,.64,5.13,58,.6,0,.64,54,67,,0	½ quiche~156|1 package~312
2590572	B	33	268,7.04,19.7,16.2,345,.7,7.75,70,.7,0,.7,93,77,,0	¼ quiche~142|1 package~567
2139554	B	14	244,11.1,3.33,80,667,26.7,0,0,37.8,0,11.1,67,956,,,0,2.22,,8.89,1,.756,.889,178,,,2.67	½ cup~45|1 package~623
2595873	B	14	267,8.89,3.33,80,644,26.7,0,0,37.8,0,13.1,44,778,,0,0,2.22,,,2,,.667,89,,,,,1.11	1 serving~45|1 package~624
2595872	B	14	293,12.2,4.88,78,232,22,0,0,29.3,0,11.2,0,805,,5,0,3.66,,9.76,1,.829,.976,195,,,2.93	1 serving~41|1 package~527
2140761	B	14	310,10.3,1.72,79.3,724,17.2,0,0,17.2,0,62.1,0,586,207,3.45,0,0,,69,5,5.86,6.9,,138,517,20.7,51.7,34.5,,.414	¾ cup~29|1 package~490
2266742	B	46	371,4.84,14.5,51.6,468,27.4,1.61,73,1.6,0,1.74,32,,,,,,,1.94,0,.165,,52	1 muffin~62|1 package~248
2062822	B	46	419,8.06,19.4,56.4,516,30.6,4.84,81,1.6,0,4.35,32,153,,,,,,4.84,0,.411,,97	1 muffin~62|1 package~248
2055290	B	9	427,4,24,50.7,347,38.7,8,40,1.3,0,1.92,27,187,0	1 cupcake~75|1 package~298
2078444	B	9	389,5.56,16.7,55.6,352,35.2,9.26,9,3.7,0,6.67,0,426,0	1 cake~54|1 package~325
2473557	B	6	267,4.44,4.44,55.6,233,24.4,1.11,0,2.2,0,2.4,89,222,0,,,,,4.44,0,.302,.178,53,36,89,,,.444,1,.089,23	1 slice~45|1 package~575
2135535	B	6	258,3.23,4.03,53.2,532,1.61,0,0,8.1,0,4.35,161,105,0,,,,,4.84,0,.411,,97	1 bun~62|1 package~247
2062823	B	46	403,4.84,21,50,435,29,4.84,56,3.2,0,8.71,32,290,,,,,,4.84,0,.411,,97	1 muffin~62|1 package~248
2011513	B	9	525,5,32.5,55,150,35,6.25,75,2.5,0,4.5,0,,0	2 brownies~40|1 package~280
2468130	B	6	250,5,3.75,47.5,425,5,0,0,2.5,0,1.8,100,100,0,,,,,5,0,.425,,80,,,,,.5,0,,26	1 slice~40|1 package~500
1873638	B	4	439,3.51,14,75.4,386,42.1,6.14,35,1.8,0,.63,35,114,0	2 cookies~57|1 package~340
1049767	B	9	453,2.67,24,54.7,293,40,8,60,0,0,.48,0,27,0	1 cupcake~75
2135529	B	9	453,2.67,24,54.7,293,40,8,60,0,0,.48,0,27,0	1 cupcake~75|1 package~298
2135530	B	6	253,4,4,52,493,2.67,.67,0,8,0,3.6,133,93,0,,,,,5.33,0,.453,,107	1 bun~75|1 package~298
2074928	B	6	267,5.33,6.67,49.3,387,4,1.33,0,5.3,0,1.44,107,93,0,,,,,4,0,.34,,53	1 bun~75
2468129	B	6	267,6.67,7.78,44.4,422,4.44,1.11,0,6.7,0,2.4,89,222,0,,,,,6.67,0,.378,.178,89,71,178,,1.33,.444,1,.178,39	1 serving~45|1 package~600
2652663	B	63	556,9.26,2.78,74.1,630,1.85,0,0,1.9,0,.93,11,102,,0	1 serving~54|1 package~215
2665078	B	63	537,9.26,2.78,72.2,630,1.85,0,0,1.9,0,1.85,17,209,,0	1 serving~54|1 package~211
2510188	B	63	627,11.8,2.94,70.6,667,5.88,,118,5.9,0,3.92,45,500,,0	1 serving~51|1 package~254
2434700	B	49	679,25,57.1,14.3,71,7.14,12.5,0,7.1,0,3.29,191,539,,0	1 serving~28|1 package~454
2434634	B	49	643,25,53.6,17.9,54,10.7,12.5,0,7.1,0,3.39,182,561,,0	1 serving~28|1 package~454
1775123	B	6	316,7.89,10.5,47.4,605,2.63,2.63,0,2.6,.11,3.79,26,,3.2	.1 of a loaf~38|1 package~380
2064509	B	17	75,3.08,2.64,10.1,51,7.93,1.98,9,0,0,0,110,,1.6	1 serving~227|1 package~908
2051772	B	30	458,8.33,25,54.2,0,41.7,14.6,0,8.3,0,7.5,0,,0	2 tbsp~24|1 package~212
2455692	B	23	67,0,0,13.3,2870,6.67,0,0,0,0,0,0,,0	1 tbsp~15|1 package~375
1928275	B	19	121,0,0,27.3,1060,24.2,0,0,3,0,1.09,0,,7.3	2 tbsp~33|1 package~510
2677221	B	11	67,0,0,13.3,2930,6.67,0,0,0,0,0,27,80,,0	1 tbsp~15|1 package~375
1896735	B	8	500,12.5,25,41.7,188,33.3,14.6,21,0,,1.5,417,,0	2 tbsp~24|1 package~212
2421503	B	11	33,6.67,0,6.67,4470,,,,,,,,627	1 tbsp~15|1 package~375
2677223	B	54	33,0,0,13.3,3000,6.67,0,0,0,0,0,0,,0,,,,0	1 tbsp~15|1 package~473
2338140	B	11	33,6.67,0,6.67,4400,0,0,0,0,0,0,20,620,,0	1 tbsp~15|1 package~375
2066582	B	19	125,0,0,31.2,531,25,0,0,0,0,1.12,62,,7.5	2 tbsp~32|1 package~510
2677222	B	11	167,0,0,40,2330,40,0,0,0,0,0,7,253,,0	1 tbsp~15|1 package~375
2338143	B	11	67,6.67,0,6.67,4330,0,0,0,0,0,0,20,660,,0	1 tbsp~15|1 package~375
2103537	B	11	67,6.67,0,6.67,4200,6.67,0,0,0,0,0,0,,8	1 tbsp~15|1 package~375
2677224	B	11	33,6.67,0,6.67,4470,0,0,0,0,0,0,20,620,,0	1 tbsp~15|1 package~375
2323620	B	11	233,0,0,53.3,500,53.3,0,0,0,0,0,0,,8	1 tbsp~15|1 package~375
2048301	B	35	67,6.67,0,6.67,3600,0,0,0,0,0,0,0,,8	1 tbsp~15|1 package~375
1928278	B	19	121,0,0,30.3,1060,24.2,0,0,3,0,1.09,0,,7.3	2 tbsp~33|1 package~510
2494853	B	25	0,0,0,0,0,0,0,0,0,0	1 can~355
1893601	B	19	121,0,0,27.3,1060,24.2,0,0,3,0,1.09,0,,7.3	2 tbsp~33|1 package~2098
2580779	B	11	200,6.67,0,40,3130,40,0,0,0,0,0,60,413,,0	1 tbsp~15|1 package~375
2338141	B	11	100,6.67,0,20,3470,20,0,0,0,0,0,27,393,,0	1 tbsp~15|1 package~375
2165261	B	11	0,0,0,0,16000,0,0,0,0,0,0,0,0,,0	¼ tsp~1
2051773	B	30	458,4.17,20.8,66.7,42,54.2,12.5,12,8.3,0,6,0,,0	2 tbsp~24|1 package~212
2455602	B	80	85,3.1,0,16.3,202,8.53,0,0,3.9,0,.84,31,,0	½ cup~129|1 package~3150
2456225	B	45	101,6.2,0,19.4,202,.78,0,0,4.7,0,1.4,16,380,0	½ cup~129|1 package~439
2456641	B	26	200,2.35,12.9,22.4,882,1.18,2.35,0,2.4,0,.42,0,,0	10 pieces /~85|1 package~340
2455556	B	45	92,4.62,1.15,15.4,185,.77,0,0,6.9,0,6.23,46,354,0	½ cup~130|1 package~439
2456010	B	45	109,7.81,.78,18,289,0,0,0,4.7,0,1.41,47,219,0	½ cup~128|1 package~439
2455598	B	45	56,4,0,10.4,232,0,0,0,2.4,0,.86,16,208,0	½ cup~125|1 package~439
2455561	B	45	79,4.76,.4,14.3,190,.79,0,0,3.2,0,1.14,32,246,0	½ cup~126|1 package~439
2455595	B	37	17,.83,0,3.33,208,.83,0,0,1.7,0,.3,17,125,1	½ cup~120|1 package~411
2445754	B	37	14,.55,0,3.31,210,1.66,0,0,1.1,0,0,19,62,,0	½ cup~181|1 package~1080
2455555	B	45	85,4.65,.78,14.7,194,.78,0,0,3.9,0,1.12,16,287,0	½ cup~129|1 package~439
2455603	B	37	108,1.44,0,25.2,22,19.4,0,0,1.4,0,.26,14,187,4.3,,0,0	½ cup~139|1 package~3180
2455591	B	45	78,4.65,.39,14.7,341,.78,0,0,4.7,0,1.4,16,240,.9	½ cup~129|1 package~439
2671759	B	37	21,2.48,.41,2.48,182,0,0,0,1.7,0,.6,50,124,5,,0,0,893	½ cup~121|1 package~383
2497658	B	37	56,.8,.8,11.2,240,4.8,0,0,1.6,0,.29,0,56,0	½ cup~125|1 package~411
2497662	B	45	102,7.87,.79,16.5,197,0,0,0,3.9,0,1.42,31,,0	½ cup~127|1 package~439
2455572	B	37	20,.8,0,3.2,200,.8,0,0,1.6,0,.29,16,120,1,,0,0	½ cup~125|1 package~411
2016015	B	37	16,0,0,3.2,280,0,0,0,3.2,0,0,48,48,19.2	½ cup~125|1 package~411
2455579	B	45	85,5.38,0,15.4,185,1.54,0,0,4.6,0,1.38,46,238,0	½ cup~130|1 package~439
2012965	B	37	25,0,0,5,142,2.5,0,0,2.5,0,.3,33,100,2,,0,0	½ cup~120|1 package~425
2671738	B	37	109,7.03,.39,18.8,188,0,0,0,4.7,0,.84,31,148,0,,,,0	½ cup~128|1 package~439
2455587	B	37	109,7.03,.39,18.8,109,0,0,0,4.7,0,.84,31,148,0,,0,0	½ cup~128|1 package~3150
2455558	B	45	104,8,1.6,16,216,.8,0,0,4.8,0,1.44,32,208,1	½ cup~125|1 package~425
2119512	B	45	104,5.6,1.6,16,112,.8,0,0,4.8,0,1.44,32,208,1	½ cup~125|1 package~3150
2455648	B	37	55,.78,.39,12.5,352,.78,0,0,.8,0,.28,0,12,0	½ cup~128|1 package~439
2455563	B	45	86,4.69,.39,14.8,188,.78,0,0,5.5,0,.84,47,258,0	½ cup~128|1 package~439
2455569	B	89	101,5.43,.78,17.8,380,3.1,0,0,4.7,0,2.09,47,,0	½ cup~129|1 package~3170
2455580	B	45	86,4.69,0,15.6,188,.78,0,0,3.9,0,1.12,31,258,0	½ cup~128|1 package~432
2671739	B	45	57,2.46,.41,9.84,336,4.92,0,0,2.5,0,.59,49,172,1,,,,59	½ cup~122|1 package~411
2074539	B	26	273,3.64,9.09,43.6,1000,3.64,1.82,0,1.8,0,.65,182,,0	4 pieces~55|1 package~454
2455594	B	45	39,2.34,0,7.03,227,0,0,0,2.3,0,.56,31,94,0	½ cup~128|1 package~411
2456041	B	37	17,.84,0,3.36,244,.84,0,0,1.7,0,.91,50,101,1	½ cup~119|1 package~411
2455576	B	37	25,.83,0,5,242,.83,0,0,1.7,0,.3,67,108,1	½ cup~120|1 package~425
2455553	B	37	96,8,.4,15.2,264,0,0,0,4,0,1.15,48,200,0	½ cup~125|1 package~439
2287028	B	37	17,.83,0,3.31,12,0,0,0,1.7,0,.6,50,95,2	½ cup~121|1 package~2860
2455597	B	37	25,2.48,.41,2.48,50,0,0,0,2.5,0,1.19,83,174,1,,0,0	½ cup~121|1 package~383
2455568	B	45	86,4.69,0,15.6,188,.78,0,0,3.9,0,1.12,31,258,0	½ cup~128|1 package~432
2456224	B	45	77,4.62,.38,14.6,185,.77,0,0,6.9,0,.83,31,223,0	½ cup~130|1 package~439
1896701	B	37	22,1.72,0,2.59,43,0,0,0,1.7,0,.62,129,91,4.1	½ cup~116|1 package~397
2455257	B	37	17,.83,0,2.5,12,1.67,0,0,1.7,0,.3,17,75,1	½ cup~120|1 package~3000
2455585	B	37	17,.83,0,3.31,12,0,0,0,1.7,0,.6,50,95,2	½ cup~121|1 package~397
2456527	B	37	35,.79,0,8.66,35,2.36,0,0,2.4,0,.57,31,,2.8	½ cup~127|1 package~411
2455571	B	37	17,.83,0,3.31,12,0,0,0,1.7,0,.6,50,95,2	½ cup~121|1 package~397
2455578	B	37	36,.8,0,8,200,1.6,0,0,1.6,0,.58,64,112,0	½ cup~125|1 package~822
2455564	B	45	94,5.47,0,16.4,188,.78,0,0,7,0,1.12,47,297,0	½ cup~128|1 package~439
2455593	B	45	86,5.47,0,15.6,211,0,0,0,4.7,0,1.12,47,242,.9	½ cup~128|1 package~3150
2671755	B	37	78,4.65,.39,12.4,186,0,0,0,3.1,0,1.12,16,264,0,,,,0	½ cup~129|1 package~439
2454333	B	45	85,4.62,.77,15.4,108,.77,0,0,4.6,0,1.11,46,238,.9	½ cup~130|1 package~3150
2455550	B	45	92,4.62,1.54,15.4,354,.77,.38,0,4.6,0,1.38,15,331,0	½ cup~130|1 package~454
2455551	B	45	116,4.65,1.16,22.5,457,8.53,0,0,3.9,0,1.4,31,225,.9,,0,.78	½ cup~129|1 package~3260
2455554	B	45	94,5.47,.78,14.8,344,.78,0,0,5.5,0,1.41,47,242,0	½ cup~128|1 package~439
2455570	B	37	25,.85,0,4.24,356,1.69,0,0,1.7,0,.61,127,153,7.6	½ cup~118|1 package~397
2445755	B	37	25,1.69,0,5.93,483,2.54,0,0,1.7,0,0,30,92,,0	½ cup~118|1 package~1080
2455112	B	37	34,.84,0,5.88,479,2.52,0,0,.8,0,.84,31,102,,0	½ cup~119|1 package~794
2456043	B	37	25,1.69,0,4.24,322,1.69,0,0,1.7,0,.61,127,110,3.1	½ cup~118|1 package~397
2455582	B	37	30,1.69,.42,4.24,339,1.69,0,0,1.7,0,.92,127,127,5.1	½ cup~118|1 package~766
2455584	B	37	25,1.69,0,4.24,331,1.69,0,0,1.7,0,1.53,127,97,4.1	½ cup~118|1 package~2860
2502816	B	37	25,.85,0,4.24,356,1.69,0,0,1.7,0,.61,127,153,7.6,,0,0	½ cup~118|1 package~397
2456326	B	37	30,1.69,0,5.08,373,1.69,0,0,1.7,0,1.22,85,186,5.1,,0,0	½ cup~118|1 package~397
2013587	B	37	25,.85,0,4.24,356,1.69,0,0,1.7,0,.61,127,203,7.6,,0,0	½ cup~118|1 package~397
2455600	B	37	30,1.69,.42,4.24,339,1.69,0,0,1.7,0,.92,127,110,5.1	½ cup~118|1 package~397
2455588	B	37	29,1.68,.42,4.2,336,1.68,0,0,1.7,0,.91,126,109,5	½ cup~119|1 package~397
2497659	B	37	21,1.65,.41,2.48,182,0,0,0,2.5,0,.89,83,,4	½ cup~121|1 package~765
2287021	B	37	25,2.48,.41,2.48,50,0,0,0,2.5,0,1.19,83,174,1,,0,0	½ cup~121|1 package~2800
1854033	B	37	30,1.69,.42,4.24,356,1.69,0,0,1.7,0,.92,127,97,5.1,,0,0	½ cup~118|1 package~397
2455552	B	37	70,3.1,.39,12.4,225,3.1,0,0,4.7,0,1.12,16,132,0	½ cup~129|1 package~425
2497657	B	37	72,2.4,.8,14.4,232,3.2,0,0,1.6,0,.29,0,120,0	½ cup~125|1 package~432
2013176	B	37	85,4.65,.39,14.7,287,3.88,0,0,4.7,0,1.12,31,,7	½ cup~129|1 package~425
2456226	B	37	28,0,0,5.6,256,2.4,0,0,3.2,0,.29,64,104,0	½ cup~125|1 package~411
2455548	B	45	117,4.69,.78,23.4,344,7.81,0,0,4.7,0,.84,31,172,0,,0,.39	½ cup~128|1 package~3260
2455651	B	37	55,.78,0,11.7,352,.78,0,0,.8,0,.28,0,12,0	½ cup~128|1 package~439
2455589	B	45	77,3.85,.38,13.8,185,0,0,0,3.8,0,1.38,31,215,0	½ cup~130|1 package~439
2455583	B	37	39,1.29,0,9.03,90,.65,0,0,1.3,0,.23,97,155,0	½ cup~155|1 package~3000
2455577	B	37	21,.83,0,3.33,242,.83,0,0,1.7,0,.6,33,133,1	½ cup~120|1 package~411
2121595	B	37	72,2.4,.8,14.4,232,3.2,0,0,1.6,0,.29,0,120,0	½ cup~125|1 package~432
2166918	B	4	280,4,14,32,110,10,9,40,0,0,1.44,0,,0	1 serving~50|1 package~138
2114391	B	4	540,8,28,64,230,20,18,80,2,,2.88,0,,0	1 serving~50|1 package~92.1
2553667	B	4	100,.77,5.38,13.1,42,6.92,1.15,0,1.5,0,.38,15,38	2 cookies~130
1880483	B	53	50,0,0,12.5,4,12.1,0,0,0,0,.15,8,,25	8 fl oz~240|1 package~1890
734052	B	9	333,4.17,16.7,50,292,27.1,2.08,0,6.2,0,1.12,27,196,,0,,,,,,,,,33,,,1.25	2 brownies~48
2115264	B	20	54,.41,0,14,0,10.3,0,0,2.1,0,.15,8,107,2	1 large apple~242|1 package~2270
2076804	B	0	400,11.4,17.1,60,186,28.6,0,0,8.6,0,4.11,114,,10.3	¼ cup~35|1 package~57
2075745	B	0	567,20,46.7,26.7,233,6.67,5,0,10,0,3.6,133,,4,,,,,,1,,1.67,,,,,,,,1.33	¼ cup~30|1 package~57
2072871	B	22	533,6.67,36.7,43.3,0,30,33.3,0,3.3,0,0,0,,0	1/3 cup~30|1 package~57
1959032	B	0	567,13.3,43.3,40,100,13.3,8.33,0,3.3,0,4.8,67,,0,,,,,,,,,,267,,,5,,2,1.67	¼ cup~30|1 package~113
2046605	B	0	567,20,50,20,233,3.33,3.33,0,13.3,0,3.6,267,,0	3 tbsp~30
2072872	B	22	333,3.33,0,76.7,0,60,0,0,3.3,0,3.6,67,,0	¼ cup~30|1 package~57
1959093	B	22	342,2.63,0,84.2,0,60.5,0,0,2.6,0,.95,211,,0	1/3 cup~38|1 package~113
2578402	B	125	141,5.29,5.73,18.1,154,1.32,1.32,0,.4,0,.9,19,28,,0	1 serving~227|1 package~454
2218672	B	33	141,5.29,5.73,18.1,18100,1.32,1.32,0,.4,0,.9,19,28,,0	1 serving~227|1 package~454
2578403	B	125	146,5.73,5.29,19,278,1.32,1.32,0,.9,0,1.06,19,90,,0	1 serving~227|1 package~454
2305688	B	33	146,5.73,5.29,19,278,1.32,1.32,0,.9,0,1.06,19,90,,0	1 serving~227|1 package~454
2578404	B	125	146,5.73,5.29,19,265,1.32,1.32,0,.9,0,1.4,21,90,,0	1 serving~227|1 package~454
1914605	B	1	375,0,0,95,38,85,0,0,0,0,0,0,,0	11 pieces~40|1 package~92
2693378	B	69	296,13,26.3,2.51,659,.89,12,43,.6,1.42,,,,.5,,10.4,.78	1 serving~84
2745809	B	69	285,10.8,24.6,4.4,590,2.66,10.1,53.8,.13,.7,1.18,13.7,,.78,,10.7,.91,36.8	100 gram~100
2214366	B	89	135,3.85,0,30.8,519,26.9,0,0,0,0,0,77,0,,0	2 tbsp~26|1 package~341
357848	B	35	111,0,0,22.2,4280,16.7,0,0,0,0,0,0,,0	1 tbsp~18
2612964	B	99	381,11.1,14.3,50.8,476,33.3,0,0,4.8,0,0,175,143,,0	1 crepe~63|1 package~1000
2540919	B	18	11,.28,0,5.83,0,2.5,,,,,,,,12.5,,,,,2.78,,,.417,,,,1.67,,.833	1 can~360
1946320	B	13	418,32.7,18.2,38.2,200,7.27,3.64,73,16.4,0,1.31,164,,1.1	1 bar~55
2455967	B	0	425,2.5,20,72.5,100,50,12.5,0,2.5,0,2.7,0,,0	10 pieces~40|1 package~76
2278534	B	22	325,2.5,0,92.5,12,70,0,0,,0,1.75,0,198,,0	1 serving~40|1 package~397
2045626	B	1	317,2.44,0,80.5,24,65.8	½ kabob~41
1875140	B	1	300,2.86,0,60,34,42.9,0,0,0,0	½ kabob~35|1 package~70
1995528	B	25	38,0,0,.85,845,.85	12 fl oz~355
2394636	B	0	567,23.3,50,16.7,400,3.33,6.67,0,6.7,0,4.8,67,467,,0	1 serving~30|1 package~255
2298533	B	0	567,20,50,20,0,3.33,3.33,0,13.3,0,3.6,200,467	1 serving~30|1 package~184
518214	B	62	124,3.1,12.4,3.1,418,,3.1,0,,0	2 tbsp~32.3
2422865	B	76	106,23.5,1.18,0,388,0,0,112,0,0,.85,71,247,,0	½ cup~85|1 package~227
1881852	B	0	525,10,37.5,47.5,,40	1 serving~40|1 package~311
2046035	B	0	475,5,20,72.5,,40	1 serving~40|1 package~198
2051071	B	0	475,2.5,22.5,70,75,62.5	1 serving~40|1 package~311
1960350	B	1	333,0,0,85.2,0,70.4,0,0,0,0,0,0,,0	2 pieces~27|1 package~255
690314	B	48	186,3.1,15.5,6.19,372,0,6.19,0,,0,0,62,,0	2 tbsp~32.3
442162	B	2	279,6.19,24.8,6.19,495,3.1,15.5,108,0,0,.56,124,,3.7	2 tbsp~32.3
1024127	B	2	279,6.19,24.8,9.29,557,3.1,15.5,108,0,0,0,124,,0	2 tbsp~32.3
555468	B	2	186,3.1,15.5,6.19,526,6.19,9.29,62,,,0,62,,0	2 tbsp~32.3
2425253	B	7	107,0,0,25,464,21.4,0,0,1.8,,1.29,0,,2.1	1 serving~56|1 package~473
1964393	B	112	304,14.3,28.6,1.79,982,1.79,10.7,62,0,0,1.29,0,,10.7	1 serving~56|1 package~340
1661954	B	24	0,0,0,0,0	8 fl oz~240
577821	B	24	0,0,0,0,0	8 fl oz~240
2671047	B	50	0,0,0,0,18000,0,0,0,0,0,0,0,0,,0	¼ tsp~1|1 package~383
2670302	B	50	0,0,0,0,12000,0,0,0,0,0,0,0,0,,0	¼ tsp~1|1 package~360
1910419	B	53	0,0,0,0,0,0,0,0,0,0,0,0,,0	2 fl oz~240|1 package~473
2037753	B	54	153,6.67,13.3,13.3,3350,0,1.33,0,1.7,0,1.2,0,,16	1 tbsp~15|1 package~340
2037759	B	35	160,0,13.3,6.67,3330,0,1.33,0,1.7,0,0,0,,16	1 tbsp~15|1 package~340
2037767	B	19	167,0,13.3,13.3,3550,6.67,1.33,0,1.7,0,1.2,0,,16	1 tbsp~15|1 package~340
2090754	B	19	160,0,13.3,6.67,3330,0,6.67,0,1.7,0,0,0,,16	1 tbsp~15|1 package~236
1902377	B	3	125,0,0,31.2,125,31.2,0,0,0,0,0,0,125,50	1 bar~48|1 package~488
2276347	B	30	250,0,0,70,5000,50,,,,,,,3570,900,,,,,160,,,,,,,24,,50	1 packet~10|1 package~95.7
2276374	B	30	250,0,0,70,5000,50,,,,,,,3570,900,,,,,160,,,17,,,,24,,50	1 packet~10|1 package~97.9
1921449	B	3	125,0,0,31.2,125,31.2,0,0,0,0,0,0,125,50	1 bar~48|1 package~488
1902380	B	3	60,0,0,16.7,71,0,0,0,0,0,0,0,71,35.7	1 bar~84|1 package~488
2628499	B	3	113,0,0,29,113,29,0,0,0,0,0,0,113,48.4,,,,0	1 pop~31|1 package~621
2487173	B	118	167,0,0,66.7,4670,0,,,,,,,5000,2700	1 packet~3|1 package~30
2276104	B	30	167,0,0,66.7,4670,0,,,,,,,5000,2700	1 packet~3|1 package~30
1999139	B	101	350,20,0,70,2000,60,,,,,,,1680	¼ packet~10|1 package~40
2542574	B	101	350,20,0,70,2000,60,,,,,,,1680	¼ packet~10|1 package~40
1999137	B	101	350,20,0,70,2000,,,,,,,,1680	¼ packet~10|1 package~40
2178100	B	101	350,20,0,70,2000,60,,,,,,,1680	¼ packet~10|1 package~40
2063026	B	39	42,3.33,1.04,5,46,5,.62,5,0,0,0,125,,0,1.05	1 serving~240|1 package~1890
2063025	B	39	50,3.33,2.08,5,50,5,1.25,8,0,0,0,125,,0,1.05	1 serving~240|1 package~1890
2496986	B	1	538,2.56,30.8,66.7,64,64.1,25.6,0,2.6,0,2.77,51,,0	8 pieces~39|1 package~68
2071729	B	2	357,25,32.1,3.57,643,0,21.4,107,0,0,0,714,,0	1 serving~28|1 package~283
2071726	B	2	357,25,28.6,0,607,0,17.9,107,0,0,0,714,,0	1 serving~28|1 package~283
2071725	B	2	393,25,32.1,3.57,536,3.57,21.4,107,0,0,0,714,,0	1 serving~28|1 package~283
2063027	B	39	38,3.33,0,5,44,5,0,2,0,0,0,125,,0,1.05	1 serving~240|1 package~1890
2071727	B	2	357,25,32.1,3.57,714,0,21.4,89,0,0,0,714,,0	1 serving~28|1 package~283
1898547	B	2	357,28.6,28.6,3.57,214,0,17.9,89,0,0,0,893,,0	1 serving~28|1 package~283
2063024	B	39	62,3.33,3.33,5,44,5,2.08,10,0,0,0,125,,0,1.05	1 serving~240|1 package~1890
2484115	B	39	50,3.33,2.08,5,48,5.42,1.25,8,0,0,0,125,146,,1.25	1 cup~240|1 package~1890
2484096	B	46	404,5.26,22.8,47.4,421,26.3,1.75,61,1.8,0,1.4,53,140,,.175	1 serving~57|1 package~170
2192422	B	12	214,28.6,3.57,21.4,1000,17.9,0,71,0,,2.57,71,,0	1 serving~28|1 package~80.8
2274904	B	111	281,7.03,20.3,18,500,.78,6.25,20,4.7,0,1.48,62,133	3 tamales~128|1 package~510
2482944	B	9	380,4.93,21.1,41.6,430,9.15,9.86,21,1.4,0,1.55,35,56,,1.12	1 serving~142
2487378	B	39	62,3.33,3.33,5,44,5,1.88,10,0,0,0,117,138,,1.3	1 cup~240|1 package~3780
2511172	B	5	500,7.14,25,64.3,286,0,3.57,0,3.6,0,1.29,93,0,,0,8.93,12.5	9 chips~28|1 package~113
2417550	B	12	214,28.6,3.57,21.4,1000,17.9,0,71,0,,2.57,71,,0	1 serving~28|1 package~80.8
2180509	B	35	0,0,0,0,1280	1 tsp~5|1 package~142
2487050	B	4	451,7.08,17.7,60.2,451,30.1,9.73,75,.9,0,1.06,35,115,,.175	1 serving~113
2487112	B	111	305,6.25,21.9,20.3,430,.78,7.03,23,3.9,0,1.41,55,109,,13.3	3 tamales~128|1 package~510
2483334	B	39	62,3.33,3.33,5,44,5,1.88,10,0,0,0,117,138,,1.3	1 cup~240|1 package~1890
2511301	B	198	107,0,0,21.4,0,21.4,0,0,0,0,.71,0,643,7.1,0	1 serving~14|1 package~454
2671062	B	25	11,0,0,2.5,0,2.22	1 can~360
2539346	B	25	42,0,0,11.7,1,10.6	1 serving~360|1 package~750
2422578	B	80	127,11.7,5.16,9.39,432,1.88,1.88,26,.9,0,.68,94,164,,0	1 salad~213
2422779	B	111	186,13.1,6.9,17.9,545,.69,2.07,34,1.4,0,1.24,69,97,,0	½ wrap~145|1 package~262
2543270	B	87	239,8.92,13.6,20.2,404,1.88,2.11,150,1.4,0,2.11,38,66,,.475	1 sandwich~213
2297776	B	87	175,15.2,4.09,18.6,625,.74,2.23,28,.7,0,2.01,130,104,,0	1 sub~269
2421442	B	87	172,15.2,4.55,22.2,626,1.01,1.52,25,3,0,1.82,81,141,,0	½ sandwich~99|1 package~170
2374666	B	87	283,10.7,13.9,27.3,572,2.67,5.35,45,1.1,0,1.93,53,112,,0	1 sandwich~187
2448465	B	87	256,10.3,15.4,18.6,622,1.92,5.77,54,.6,0,1.15,51,90,,0	1 sandwich~156
2551049	B	87	218,9.9,10.9,23.8,376,.99,.99,40,3,0,1.43,20,139,,.2	½ sandwich~101|1 package~170
2509295	B	87	271,12.9,11.8,26.5,441,5.29,1.18,71,1.2,0,1.59,35,124,,.225	2 rolls~170
2437687	B	6	311,8.48,2.83,60.8,0,11.3,0,0,1.4,0,3.39,27,127,,0	1 roll~70.8|1 package~283
2437527	B	6	326,9.78,3.26,62,0,13,0,0,3.3,0,3.59,26,130,,0	1 bun~30.7|1 package~368
2016495	B	73	0,0,0,100,0,100	1 packet~1|1 package~100
1893296	B	73	0,0,0,100,0,100	1 packet~1|1 package~100
2669686	B	10	48,1.21,0,11.5,17,6.97,0,0,3.3,0,.91,21,171,,0	1 bottle~330
2669685	B	10	36,1.52,0,7.88,24,2.42,0,0,2.1,0,1.52,76,292,,0	1 bottle~330
2421339	B	10	50,0,0,13.3,0,8.33,0,0,1.7,0,.83,0,167,,0	1 bottle~60
2669687	B	10	55,.91,0,12.1,12,9.7,0,0,1.5,0,0,20,208,,0	1 bottle~330
2665662	B	102	54,10.9,0,0,163,0,0,0,0,0,0,7,163,,0	3 tbsp~46|1 package~454
2386092	B	12	429,28.6,21.4,25,1180,3.57,3.57,0,10.7,0,10,107,214,,0	1 serving~28|1 package~76
2669586	B	12	393,21.4,17.9,32.1,750,7.14,3.57,0,14.3,0,11.8,143,286,,0	1 serving~28|1 package~76
2173160	B	12	429,25,17.9,35.7,821,7.14,3.57,0,10.7,0,11.8,143,286,,0	1 serving~28|1 package~76
1661722	B	2	393,25,32.1,0,607,0,21.4,107,0,,1.29,714,,0	1 serving~28
429562	B	4	515,4.62,23.5,70.8,103,40,10.8,0,0,3.85,1.54,14,,0	1 unit~13
2066107	B	102	247,10.6,21.2,3.53,247,3.53,5.29,370,0,0,1.27,0,,0	1 serving~28.4|1 package~680
1916336	B	7	247,10.6,21.2,3.53,247,3.53,5.29,370,0,0,1.27,0,,0	1 serving~28.4|1 package~680
2121903	B	102	136,13.6,9.09,0,136,,3.41,375,,0,1.64,45,136,,2.27	1 egg~44
2488937	B	102	250,10.7,21.4,3.57,232,0,5.36,339,0,,1.43,93,0,,1.43	1 serving~28|1 package~354
2090232	B	102	282,10.6,24.7,3.53,247,0,5.29,353,0,0,1.27,0,,0	1 serving~28.4|1 package~340
2585056	B	122	107,0,0,20,33,20,0,,,0	1 tbsp~15|1 package~251
2297404	B	38	373,6.78,5.93,74.6,932,23.7,2.54,0,1.7,0,5.08,305,136,,0	½ cup dry mix~59|1 package~454
2196210	B	40	375,0,0,100,0,75,0,,,0	1 tsp~4|1 package~142
1999073	B	40	375,0,0,100,0,50,0,,,0	1 tsp~4|1 package~142
2171843	B	38	375,4.17,6.25,79.2,188,45.8,6.25,0,4.2,0,3.75,42,167,,0	.08 package dry mix~24|1 package~298
2414574	B	40	0,0,0,40,0,0	.16 fl oz~5|1 package~15
2179997	B	40	375,0,0,100,0,75,0,,,0	1 tsp~4|1 package~142
2282121	B	38	375,8.33,6.25,83.3,0,29.2,4.17,0,4.2,0,2.92,83,83,,0	3 tbsp~24|1 package~496
2166059	B	40	457,0,17.1,71.4,29,68.6,8.57,0,0,0,0,0,0,,0	2 tbsp~35|1 package~170
2166107	B	40	457,0,17.1,71.4,43,68.6,8.57,0,0,0,0,0,0,,0	2 tbsp~35|1 package~170
2544394	B	38	375,4.17,6.25,79.2,500,50,6.25,0,0,0,1.67,0,83,,0	.08 package dry mix~24|1 package~298
1891385	B	67	357,21.4,3.57,60.7,1710,0,0,0,25,,9.64,71,,0	1 serving~28|1 package~200
2063447	B	7	167,0,16.7,6.67,733,,,0,,,,,,,,13.3,0	1 serving~15|1 package~1055
577382	B	106	239,15,19.5,0,111,0,6.19,106,,.44,.96,0,,0	1 serving~113
2124767	B	106	230,15,19.5,0,71,0,6.19,97,0,.44,.64,0,,2.1	1 serving~113
499112	B	18	33,0,0,8,0,8,0,,0	1 serving~100
2096086	B	82	219,3.75,13.8,22.5,64,15,5,0,2.5,0,1.57,25,,0	1 cup~80|1 package~160
1889782	B	82	212,3.75,13.8,21.2,64,12.5,5,0,1.2,0,.9,25,,0	1 cup~80|1 package~160
1889783	B	82	218,3.75,13.8,22.5,64,15,5,0,1.2,0,.9,25,,0	1 cup~80|1 package~160
2110614	B	17	218,3.75,13.8,22.5,64,15,5,0,1.2,0,.9,25,,0	1 serving~80
1889784	B	82	189,2.5,11.2,18.8,51,12.5,3.75,0,1.2,0,.9,25,,0	1 cup~80|1 package~160
1856171	B	28	214,14.3,17.9,3.57,732,,5.36,80,,,1.93,36,,0	1 serving~56|1 package~816
2044359	B	0	467,13.3,26.7,46.7,103,36.7,3.33,0,6.7,,2.4,167,,0	14 pieces~30|1 package~255
2084935	B	0	457,10,26.7,50,0,40,3.33,0,6.7,0,1.8,133,,0	1 serving~30|1 package~453
2094544	B	0	447,10,23.3,56.7,103,43.3,3.33,0,3.3,,3.6,33,,0	1 serving~30|1 package~255
2094543	B	0	520,3.33,36.7,46.7,0,40,3.33,0,6.7,,1.2,33,,0	14 pieces~30|1 package~227
2270285	B	0	643,21.4,53.6,17.9,161,3.57,5.36,0,14.3,0,3.57,164,725,,0	¼ cup~28|1 package~141
2018580	B	52	358,2.99,23.9,32.8,60,25.4,16.4,0,3,0,1.07,0,,0	15 pieces~67|1 package~195
2063277	B	72	42,.83,1.25,7.5,42,6.67,0,0,0,0,0,83,,0,2.08,.83,0,,,,,,,,,2.5	½ cup~120|1 package~946
2186329	B	17	79,.88,1.54,17.2,20,10.6,0,0,1.8,0,.32,110,,.5	1 cup~227|1 package~680
2063278	B	52	343,1.49,23.9,32.8,134,23.9,14.9,0,1.5,0,.54,0,,0	15 pieces~67|1 package~195
2616980	B	52	358,2.99,23.9,32.8,60,25.4,16.4,0,3,0,1.07,0,,0,,,,0	15 pieces~67|1 package~195
2186323	B	17	88,.59,2.35,16.5,32,10,.59,0,1.8,0,.21,118,,0	1 container~170
2027092	B	52	343,1.49,23.9,32.8,134,23.9,14.9,0,1.5,0,.54,0,,0	15 pieces~67|1 package~195
2186328	B	17	82,.59,1.47,16.5,9,10.6,0,0,1.8,0,.21,118,,0	1 container~170
2016204	B	52	175,1.25,8.75,25,81,17.5,.62,0,1.2,0,.45,25,,0,,6.25,1.88	½ cup~80|1 package~473
2008280	B	52	200,2.22,10,26.7,89,18.9,1.11,0,2.2,0,.8,22,,0,,6.67,1.67	½ cup~90|1 package~473
2014424	B	52	179,1.28,8.97,25.6,147,19.2,1.28,0,2.6,0,.46,0,,3.1,,6.41,1.28	½ cup~78|1 package~473
2014425	B	52	179,1.28,8.97,23.1,218,15.4,1.28,0,2.6,0,.46,0,,0,,6.41,1.28	½ cup~78|1 package~473
2037052	B	17	79,.88,1.54,16.7,20,10.6,0,0,1.8,0,.32,110,,1.1	1 cup~227|1 package~680
2186322	B	17	82,.59,1.47,16.5,9,10.6,0,0,1.8,0,.21,118,,.7	1 container~170
2186316	B	17	94,.59,1.76,16.5,9,10,0,0,1.8,0,.21,118,,0	1 serving~170
2053502	B	72	21,.42,1.46,1.25,71,.42,0,0,.4,0,.3,125,,0,1.05,.83,.42,,,,,,,,83,1.25	8 fl oz~240
2069824	B	9	456,7.02,35.1,35.1,237,26.3,10.5,167,3.5,0,1.89,70,,0	1 serving~57|1 package~336
2069825	B	4	405,5.41,21.6,52.7,486,35.1,9.46,88,2.7,0,1.46,81,,0	1 serving~74|1 package~448
2642854	B	4	483,13.8,17.2,69,34,34.5,0,0,3.4,0,1.72,103,345,,0	4 pieces~29|1 package~113
2667024	B	12	464,14.3,17.9,60.7,36,28.6,0,0,7.1,0,2.14,71,357	1 serving~28|1 package~142
2642853	B	4	448,13.8,15.5,69,52,41.4,0,0,6.9,0,3.1,103,552,,0	4 pieces~29|1 package~113
1914445	B	4	478,8.7,21.7,65.2,43,34.8,8.7,0,4.3,0,4.7,87,,0	2 cookies~23|1 package~135
2667025	B	4	500,14.3,17.9,60.7,54,25,0,0,7.1,0,2.14,71,357	1 serving~28|1 package~142
2639746	B	4	419,12.9,14.5,64.5,32,35.5,0,0,3.2,0,1.61,97,355,,0	4 pieces~31|1 package~113
2667023	B	0	467,13.3,16.7,66.7,50,30,0,0,3.3,0,1.67,100,300	1 serving~30|1 package~142
1903534	B	29	400,6.67,6.67,80,67,40,0,0,0,0,0,0,,0	4 pieces~15|1 package~149
2627571	B	29	400,13.3,6.67,73.3,67,40,0,0,6.7,0,0,133,,0,,,,0	4 pieces~15|1 package~149
1903535	B	12	467,13.3,13.3,66.7,67,33.3,0,0,6.7,0,0,0,,0	4 pieces~15|1 package~149
1929032	B	82	400,4,12,76,1960,52,8,0,4,0,1.44,80,,0	½ cup~25|1 package~99.7
2632467	B	1	511,4.44,28.9,60,122,46.7,20,0,4.4,0,2.4,0,156,,0	1 package~45
2632363	B	1	481,3.7,25.9,59.3,111,44.4,18.5,0,3.7,0,1.85,74,241,,0	2 pieces~27|1 package~289
2641950	B	1	500,2.94,26.5,58.8,118,47.1,20.6,0,2.9,0,1.76,59,265,,0	2 pieces~34|1 package~1020
2671682	B	1	500,2.94,26.5,58.8,118,47.1,20.6,0,2.9,0,1.76,59,265,,0	2 pieces~34|1 package~569
1599938	B	1	489,4.44,28.9,57.8,111,44.4,17.8,0,4.4,0,.8,44,,0	1 serving~45
1643405	B	1	500,5,25,67.5,25,62.5,15,12,2.5,0,.9,50,,0	46 pieces~40
1662971	B	12	536,8.93,32.1,55.4,429,33.9,16.1,9,3.6,0,3.21,107,250,,0	1 package~56
1875931	B	4	536,17.9,39.3,39.3,36,25,8.93,,10.7,,3.86,214	2 cookies~28|1 package~78
1875932	B	4	538,19.2,42.3,34.6,38,19.2,3.85,,11.5,,2.77,231	2 cookies~26|1 package~78
2043456	B	8	556,5.56,41.7,47.2,319,41.7,22.2,42,2.8,0,0,56,,0	3 pieces~36|1 package~453
2041738	B	1	571,5.71,42.9,48.6,329,42.9,22.9,43,2.9,0,0,57,,0	1 serving~35
2047171	B	1	556,5.56,41.7,47.2,319,41.7,22.2,42,2.8,0,0,56,,0	3 pieces~36|1 package~453
2032394	B	1	556,5.56,41.7,47.2,319,41.7,22.2,42,2.8,0,0,56,,0	3 pieces~36|1 package~453
1936581	B	1	556,5.56,38.9,50,139,44.4,16.7,42,2.8,0,0,56,194,,0	3 pieces~36|1 package~59
2242586	B	72	25,.42,1.04,3.33,62,2.92,0,0,.4,0,.15,125,75,0,1.05,,,,,,.014,,,7,8,,.12	1 cup~240|1 package~946
1891417	B	72	38,.42,1.04,6.67,62,6.25,0,0,.4,0,.15,125,75,0,1.05,,,,,,.014,,,7,8,,.12	1 cup~240|1 package~946
1891419	B	72	25,.31,.92,3.38,74,2.15,0,0,.3,0,.11,185,74,0,1.07,,,,,,,,,5,123	11 fl oz~325
1890717	B	49	633,20,56.7,20,0,6.67,5,0,10,0,3.6,333,767,0,,33.3,13.3,,2.67	2 tbsp~30|1 package~454
1934998	B	4	467,3.33,26.7,53.3,200,23.3,11.7,0,0,0,0,0,60,,0	2 cookies~30|1 package~1134
2055547	B	2	296,7.41,25.9,3.7,407,3.7,18.5,74,0,0,0,74,,0	2 tbsp~27|1 package~150
1885066	B	2	185,7.41,16.7,3.7,463,3.7,11.1,56,0,0,0,148,,0	2 tbsp~27|1 package~150
1885065	B	2	296,7.41,25.9,3.7,407,3.7,18.5,74,0,0,0,74,,0	2 tbsp~27|1 package~150
2055545	B	2	222,7.41,16.7,7.41,333,7.41,11.1,56,0,0,0,148,,0	2 tbsp~27|1 package~150
1947086	B	4	425,13.8,28.1,37.5,31,28.1,2.5,0,5.6,0,2.25,125,,0	1 macaroon~16|1 package~150
2664267	B	10	21,0,0,5.83,17,4.17,0,0,0,0,0,15,142,,0,,,,,,,,,7,6,,,,0	8 fl oz~240|1 package~1000
1875415	B	10	25,0,0,6.67,10,6.67,0,0,0,0,0,17,,7.5	8 fl oz~240|1 package~500
2664297	B	10	25,0,0,6.25,12,6.25,0,0,0,0,0,17,2,,0	8 fl oz~240|1 package~500
1909291	B	10	29,0,0,7.5,12,7.5,0,0,0,0,0,17,2,,0	8 fl oz~240|1 package~500
2145924	B	10	29,0,0,7.08,12,7.08,0,0,0,0,0,7,5,,0	8 fl oz~240|1 package~1500
1883778	B	10	25,0,0,6.25,15,6.25,0,0,0,0,0,12,6,,0	8 fl oz~240|1 package~500
1950525	B	10	21,0,0,5.42,12,5.42,0,0,0,0,.42,17,2,,0	8 fl oz~240|1 package~500
2664296	B	10	25,0,0,6.25,15,6.25,0,0,0,0,0,17,,7.5,,,,0	8 fl oz~240|1 package~1500
1928569	B	10	25,0,0,6.25,12,6.25,0,0,0,0,0,17,,7.5	8 fl oz~240|1 package~1500
1874840	B	10	29,0,0,7.43,4,6.57,0,0,0,0,0,6,,.3	11.8 fl oz~350
1928575	B	10	29,0,0,7.5,12,7.5,0,0,0,0,0,17,,8.8	8 fl oz~240|1 package~1500
1909287	B	10	25,0,0,6.25,12,6.25,0,0,0,0,0,17,,7.5	8 fl oz~240|1 package~500
1928574	B	10	29,0,0,7.5,17,7.5,0,0,0,0,.3,17,,7.5	8 fl oz~240|1 package~500
1928573	B	10	25,0,0,6.25,10,6.25,0,0,0,0,0,17,,7.5	8 fl oz~240|1 package~1500
1877473	B	10	29,0,0,7.08,12,7.08,0,0,0,0,0,8,,7.5	8 fl oz~240|1 package~500
2582364	B	10	13,.65,0,2.8,13,2.8,0,0,0,0,0,6,2,,0	1 bottle~465
2085994	B	10	30,0,0,7.4,8,7.2,0,0,0,0,0,11,13,,0	1 bottle~500
2442124	B	10	25,0,0,5.83,12,5.83,0,0,0,,.75,17,,7.5	8 fl oz~240|1 package~500
2083977	B	10	24,0,0,6.2,8,6,0,0,0,0,0,14,5,,0	1 bottle~500
424962	B	10	25,0,0,6.25,10,6.25,0,0,0,,0,17,,7.5	8 fl oz~240
1875963	B	10	29,0,0,7.43,4,6.57,0,0,0,0,0,6,,.3	11.8 fl oz~350
1928576	B	10	12,0,0,2.92,21,2.92,0,0,0,0,0,17,,7.5	8 fl oz~240|1 package~500
1928572	B	10	12,0,0,2.92,21,2.92,0,0,0,0,0,17,,7.5	8 fl oz~240|1 package~500
1928570	B	10	12,0,0,2.92,21,2.92,0,0,0,0,0,17,,7.5	8 fl oz~240|1 package~500
2582365	B	10	13,.65,0,2.83,13,2.83,0,0,0,0,0,7,2,,0	1 bottle~460
2307424	B	10	12,.42,0,2.92,15,2.5,0,0,0,0,0,0,10,,0	8 fl oz~240|1 package~460
2608565	B	10	21,0,0,5.83,17,4.17,0,0,0,0,0,15,142,,0,,,,,,,,,7,6,,,,0	8 fl oz~240|1 package~500
2608566	B	10	21,0,0,5,19,4.58,0,0,0,0,0,12,152,,0,,,,,,,,,7,7,,,,0	8 fl oz~240|1 package~500
2110699	B	10	30,0,0,7.4,10,7,0,0,0,0,0,13,9,,0	1 bottle~500
1955095	B	10	25,0,0,6.25,19,5.83,0,0,0,0,0,12,10,,0	8 fl oz~240|1 package~500
2163875	B	10	26,0,0,6.6,9,6.2,0,0,0,0,0,14,4,,0	1 bottle~500
1882204	B	117	42,0,0,10,0,10,,,,,,8,,25	8 fl oz~240|1 package~500
2083968	B	117	8,0,0,2.08,4,1.67	8 fl oz~240|1 package~450
1909397	B	117	8,0,0,2.08,4,1.67	8 fl oz~240|1 package~450
2675264	B	117	10,0,0,2.8,4,2.4,,0,0,,0,0,,0,,,,0	8.45 fl oz~250|1 package~500
2408877	B	10	25,0,0,6.25,25,5.83,0,0,.4,,,,,,,,,,,1,,.833,,,,2.5	8 fl oz~240|1 package~1000
2448745	B	10	25,0,0,6.25,25,5.83,0,0,.4,0,,,,,,,,,,1,.708,.833,,,,2.5	8 fl oz~240|1 package~1100
2046595	B	117	12,0,0,3.33,15,3.33,,,.4,,,21,,.8	8 fl oz~240|1 package~500
2095277	B	25	12,0,0,3.33,21,3.33,,,.4,,,4,,7.5	8 fl oz~240
2095276	B	25	12,0,0,3.33,15,3.33,,,.4,,,21,,.8	8 fl oz~240
1933877	B	10	12,0,0,3.33,12,2.5,0,0,.4,0,,22	8 fl oz~240|1 package~500
1875128	B	10	12,0,0,3.33,21,3.33,,,.4,,,4,,7.5	8 fl oz~240|1 package~500
1907274	B	53	32,0,0,7.92,3,7.08,0,0,0,0,,17,0,12.5,,,,,,0,,,,0	8 fl oz~240|1 package~500
1987033	B	10	42,0,0,10.3,18,10.3,0,0,0,0,0,18,0,,0	1 -1/2 cup~360|1 package~1500
2082941	B	10	42,0,0,10,23,10,0,0,0,0,0,17,,11.2	1 cup~240
1895318	B	10	42,0,0,9.58,23,9.17,0,0,0,0,0,17,,10	1 cup~240|1 package~1500
2082940	B	10	42,0,0,10.4,19,10,0,0,0,0,0,17,,10	1 cup~240
2172956	B	10	42,0,0,10.3,12,10.3,0,0,0,0,0,18,0,,0	1 -1/2 cup~360|1 package~1500
2162357	B	10	7,0,0,1.94,18,1.67,0,0,0,0,0,18,0,,0	1 -1/2 cup~360|1 package~1500
2668836	B	117	42,0,0,10.3,19,10.3,0,0,0,0,0,18,0,,0	1 -1/2 cup~360|1 package~1500
2668837	B	117	39,0,0,10,19,10,0,0,0,0,0,18,0,,0	1 -1/2 cup~360|1 package~1500
2178809	B	10	39,0,0,10,18,10,0,0,0,0,0,18,0,,0	1 -1/2 cup~360|1 package~1500
2585336	B	10	40,0,0,10,18,10,0,0,0,0,0,18,0,,0	1 bottle~500
2585335	B	117	39,0,0,10,18,10,0,0,0,0,0,18,0,,0	1 serving~360|1 package~1499
1743989	B	10	42,0,0,10.3,15,10.3,0,0,0,0,0,18,0,,0	1 -1/2 cup~360
2148369	B	18	1,0,0,2.92,8,.21,0,0,0,0,0,2,0,,0	1 serving~479
2148145	B	10	1,0,0,2.92,8,.21,0,0,0,0,0,2,0,,0	1 serving~479
2283157	B	10	1,0,0,2.92,8,.21,0,0,0,0,0,2,0,,0	1 serving~479
2008476	B	41	857,0,100,0,0,,92.9,0,,0,,,,,,7.14,0	1 tbsp~14|1 package~413
2023089	B	41	857,0,100,0,0,,92.9,0,,0,,,,,,7.14,0	1 tbsp~14|1 package~413
1805638	B	59	351,48.6,6.76,32.4,568,10.8,1.35,0,13.5,0,14.6,162,595,3.2,,,,,,,,,,162,,,6.08	2 level scoops~37|1 package~555
2090742	B	19	100,0,0,26.7,4130,20,,0,,0	1 tbsp~15|1 package~709
1975275	B	13	393,25,16.1,41.1,286,5.36,1.79,0,25,0,4.82,107,,2.1,,8.04,5.36	1 bar~56
2631108	B	13	411,25,19.6,42.9,250,8.93,4.46,0,17.9,0,10.7,62,211,,0,5.36,6.25	1 bar~56
2643062	B	13	411,25,19.6,42.9,250,8.93,4.46,0,17.9,0,10.7,62,211,,0,5.36,6.25	1 bar~56|1 package~672
2631109	B	13	429,25,19.6,44.6,188,8.93,4.46,0,17.9,0,10.7,64,198,,0,4.46,8.04	1 bar~56|1 package~280
2634505	B	1	429,25,19.6,44.6,188,8.93,4.46,0,17.9,0,10.7,64,198,,0,4.46,8.04	1 bar~56
2652715	B	13	429,25,19.6,44.6,188,8.93,4.46,0,17.9,0,10.7,64,198,,0,4.46,8.04	1 bar~56|1 package~672
2652732	B	13	393,25,16.1,46.4,0,8.93,5.36,0,17.9,0,3.57,27,257,,0,6.25,2.68	1 bar~56
2640360	B	13	393,25,16.1,46.4,0,8.93,5.36,0,17.9,0,3.57,27,257,,0,6.25,2.68	1 bar~56|1 package~672
2271574	B	13	393,25,19.6,46.4,18,8.93,6.25,0,21.4,0,6.43,71,,0,,8.93,2.68,,,,,,,107	1 bar~56|1 package~224
2643061	B	13	393,25,16.1,46.4,0,8.93,5.36,0,17.9,0,3.57,27,243,,0,7.14,2.68	1 bar~56
2640362	B	13	393,25,16.1,46.4,0,8.93,5.36,0,17.9,0,3.57,27,243,,0,7.14,2.68	1 bar~56|1 package~672
2663799	B	59	361,50,5.56,30.6,694,11.1,0,0,13.9,0,20,167,1390,0,,,,0,,,,,,167	2 level scoops~36|1 package~540
1973927	B	72	52,5.45,1.82,3.33,67,1.52,1.21,0,1.2,0,1.64,24,94,0,7.88,,,,,,,,,,45	1 serving~330
2308458	B	13	464,25,23.2,39.3,125,7.14,12.5,0,10.7,0,3.57,,332,,0,7.14,1.79	1 serving~56
2663800	B	59	48,5.63,1.41,3.1,73,1.41,.99,0,.8,0,1.97,14,53,,0	12 fl oz~355
2669553	B	19	233,0,0,53.3,2400,40,0,0,0,0,0,7,33,,0	1 tbsp~15|1 package~426
2042396	B	0	719,6.25,75,12.5,297,3.12,12.5,0,9.4,0,2.25,62,,0	¼ cup~32|1 package~291
2442103	B	35	67,6.67,0,13.3,4000,6.67,0	1 tbsp~15|1 package~354
1913966	B	35	0,6.67,0,13.3,4000,6.67,,0,0	1 tbsp~15|1 package~170
2069133	B	35	114,2.86,0,31.4,1540,25.7,0,0,0,0,2.06,57,,6.9	2 tbsp~35|1 package~340
2084168	B	35	133,0,0,26.7,4130,26.7,,0,,0	1 tbsp~15|1 package~709
2652719	B	13	411,25,17.9,46.4,214,8.93,6.25,0,16.1,0,5.36,45,227,,0,7.14,1.79	1 bar~56
2643063	B	13	411,25,17.9,46.4,214,8.93,6.25,0,16.1,0,5.36,45,227,,0,7.14,1.79	1 bar~56|1 package~672
1910542	B	10	44,0,0,10.9,5,10.9,,,,0,,,12,17.6	1 can~340
559595	B	13	450,10,25,50,225,17.5,8.75,0,12.5,0,2.7,50,,0	1 bar~40
1938973	B	13	450,10,25,50,225,17.5,8.75,0,12.5,0,2.7,50,,0	1 bar~40
2488224	B	59	375,45,7.5,37.5,375,27.5,0,0,5,0,11.2,150,1520,0,,,,,5,,,.3,,250	2 scoops~40|1 package~600
1910332	B	35	0,0,0,6.67,5200,6.67,,0	1 tbsp~15|1 package~709
2652718	B	13	429,25,21.4,42.9,161,8.93,5.36,0,17.9,0,1.79,29,309,,0,12.5,2.68	1 bar~56
2643064	B	13	429,25,21.4,42.9,161,8.93,5.36,0,17.9,0,1.79,29,309,,0,12.5,2.68	1 bar~56|1 package~280
2652717	B	13	411,25,17.9,46.4,241,8.93,5.36,0,17.9,0,1.79,46,221,,0,10.7,1.79	1 bar~56
2640361	B	13	411,25,17.9,46.4,241,8.93,5.36,0,17.9,0,1.79,46,221,,0,10.7,1.79	1 bar~56|1 package~672
2631110	B	1	411,25,17.9,46.4,241,8.93,5.36,0,17.9,0,1.79,46,221,,0,10.7,1.79	1 bar~56|1 package~280
2411356	B	13	393,25,14.3,48.2,18,8.93,5.36,0,17.9,0,1.79,41,,,0,3.57,.89	1 bar~56|1 package~672
2092973	B	13	446,27.7,24.6,33.8,154,15.4,3.08,0,7.7,0,6.92,123,,0	1 bar~65|1 package~260
1915651	B	13	415,27.7,20,38.5,385,18.5,3.08,0,9.2,0,4.15,62,,0	1 bar~65|1 package~780
1915652	B	13	446,27.7,24.6,33.8,154,15.4,3.08,0,7.7,0,6.92,123,,0	1 bar~65|1 package~780
2442104	B	35	67,6.67,0,13.3,4000,6.67,0	1 tbsp~15|1 package~709
2286904	B	13	400,27.7,16.9,38.5,208,16.9,3.85,0,7.7,0,6.92,62,,0	1 bar~65
2193930	B	35	67,6.67,0,13.3,4000,6.67,,0	1 tbsp~15|1 package~1890
2069132	B	35	0,0,0,6.67,4130,6.67,,0,0	1 tbsp~15|1 package~170
2442102	B	35	167,0,0,40,1470,26.7,,0,,,,,,8	1 tbsp~15|1 package~354
1949822	B	35	133,0,0,26.7,4130,26.7,,0	1 tbsp~15|1 package~354
2643060	B	13	446,25,21.4,41.1,170,5.36,2.68,0,10.7,0,3.57,89,404,,0,10.7,6.25	1 bar~56
2640358	B	13	446,25,21.4,41.1,170,5.36,2.68,0,10.7,0,3.57,89,404,,0,10.7,6.25	1 bar~56|1 package~672
2510001	B	59	48,5.45,1.82,2.73,67,1.52,1.06,0,.9,0,1.09,18,48,0,7.88,,,,,,,,,,45	1 carton~330|1 package~1320
2663798	B	59	343,51.4,7.14,31.4,629,8.57,0,0,14.3,0,15.4,171,514,0,,,,0	2 level scoops~35|1 package~525
2086313	B	11	0,0,0,0,38000	¼ tsp~1.5|1 package~510
1504611	B	11	0,0,0,0,38000	¼ tsp~1.5
1661905	B	11	0,0,0,0,38000	¼ tsp~1.5
1606232	B	11	0,0,0,0,38000	¼ tsp~1.5
1879262	B	5	536,7.14,28.6,60.7,357,3.57,17.9,0,10.7,0,1.29,71,,32.1	18 pieces~28|1 package~85
1886470	B	22	325,0,1.25,77.5,375,72.5,0,0,2.5,0,.9,150,,12	5 pieces~40|1 package~108
1879040	B	22	250,2.5,0,57.5,425,25,0,0,7.5,0,1.8,50,,3	1 serving~40|1 package~850
2449943	B	0	439,14.3,17.9,53.6,571,7.14,5.36,0,3.6,0,8.36,107,,0	1 serving~28|1 package~1000
2057907	B	42	357,0,3.57,78.6,29,64.3,0,0,4.3,0,.64,36,,0	1 serving~28
2128173	B	12	479,3.57,0,85.7,857,3.57,0,0,1.3,0,0,0,,0	1 serving~28|1 package~71
1910549	B	10	38,0,0,9.41,6,9.41,,,,0,,,13,17.6	1 can~340
1910552	B	10	38,0,0,10,4,10,,,,0,,,10,17.6	1 can~340
2374592	B	48	370,21.2,26.5,10.6,35,0,5.29,0,,0,1.87,550,0,,0,5.29,15.9	1 serving~56.7
1916912	B	54	33,0,0,0,0,,0,,,0	1 tbsp~15|1 package~250
2387316	B	41	800,0,86.7,0,0,,13.3,0,0	1 tbsp~15|1 package~500
2654699	B	54	100,0,0,26.7,0,20	1 tbsp~15|1 package~200
1950527	B	111	224,12.9,9.8,20,412,.78,3.14,31,1.2,0,1.76,157,,3.5	1 wrap~255
1951430	B	111	257,10.4,14.5,21.2,444,.41,3.32,33,1.2,0,1.87,83,,2.5	1 wrap~241
1952034	B	87	184,15.8,6.12,20.9,490,3.57,2.3,28,3.1,0,.92,255,,4.6	1 sandwich~196
1948803	B	87	198,12.4,8.48,20.8,580,2.47,3.53,27,1.4,0,1.27,106,,2.1	1 sandwich~283
2452871	B	7	165,6.27,7.84,18,369,1.57,1.57,16,1.2,0,.39,63,190,,0	1 package~255
1948818	B	87	216,13,8.02,25.3,685,1.85,3.7,28,.6,0,1.67,123,,.7	1 sandwich~162
1955525	B	87	214,9.34,8.79,24.2,484,1.1,1.1,19,2.7,0,1.48,55,,1.3	1 sandwich~182
1951901	B	87	223,14.1,11.2,18.4,539,.49,3.88,34,1.9,0,1.31,121,,2.9	1 sandwich~206
1886909	B	41	867,0,93.3,0,0,,13.3,0,,0	1 tbsp~15|1 package~1000
1886907	B	41	867,0,93.3,0,0,,13.3,0,,0	1 tbsp~15|1 package~500
1879095	B	117	22,0,0,5.45,24,4.55,0,0,0,0,0,6,121,0,,,,,,,,,,5,6	1 can~330
1974590	B	22	367,0,0,90,17,86.7,0,0,3.3,0,0,147,0,,0	½ bag~30|1 package~60
1856032	B	2	304,8.7,26.1,4.35,696,0,17.4,65,0,0,0,87,,0	2 tbsp~23|1 package~170
2429731	B	2	367,16.7,33.3,3.33,667,0,16.7,100,0,0,0,503,,,0	2 -1 in cubes /~30|1 package~142
2216095	B	2	333,6.67,33.3,6.67,350,3.33,20,100,0,0,0,67,0,,0	3 tbsp~30|1 package~170
2597976	B	2	333,6.67,33.3,6.67,350,3.33,20,100,0,0,0,67,0,,0	3 tbsp~30|1 package~170
1966862	B	2	333,3.33,26.7,16.7,283,13.3,16.7,83,0,0,0,67,0,,0	3 tbsp~30|1 package~184
2404333	B	2	333,16.7,26.7,3.33,1100,0,16.7,100,0,0,0,477,53,,0	2 tbsp~30|1 package~142
1859327	B	2	357,17.9,32.1,3.57,607,0,17.9,107,0,0,0,536,,0	2 -1 inch cubes /~28|1 package~500
2653733	B	2	367,16.7,33.3,3.33,600,0,16.7,100,0,0,0,503,107,,0	1 serving~30|1 package~227
2597969	B	2	367,16.7,33.3,3.33,600,0,16.7,100,0,0,0,503,97,,0	1 serving~30|1 package~374
1858041	B	2	250,14.3,21.4,0,1040,0,12.5,71,0,0,0,357,,0	2 tbsp~28|1 package~312
1852035	B	2	304,4.35,26.1,4.35,652,0,17.4,65,0,0,0,174,,0	2 tbsp~23|1 package~170
2597978	B	2	300,3.33,26.7,6.67,417,3.33,16.7,83,0,0,0,70,30,,3	7 pieces~30
1919917	B	2	179,7.14,14.3,7.14,304,3.57,8.93,36,0,0,0,71,,0	2 tbsp~28|1 package~227
1919946	B	2	179,7.14,12.5,7.14,500,3.57,7.14,36,0,0,0,71,,8.6	2 tbsp~28|1 package~227
2081222	B	2	348,8.7,34.8,4.35,696,0,19.6,109,0,0,1.57,261,,0	2 tbsp~23|1 package~170
1857051	B	15	179,7.14,10.7,7.14,536,3.57,7.14,36,0,0,0,71,,4.3	2 tbsp~28|1 package~255
2017313	B	75	393,3.57,39.3,3.57,36,3.57,25,143,0,0,0,71,,42.9	2 tbsp~28|1 package~198
2597974	B	75	367,3.33,40,3.33,33,3.33,23.3,150,0,0,0,53,80,,0	2 tbsp~30|1 package~198
2616391	B	2	357,21.4,32.1,3.57,1180,3.57,21.4,54,0,0,0,143,,0,,,,129	¼ cup~28|1 package~113
2616390	B	2	286,17.9,25,3.57,482,0,16.1,125,3.6,0,0,71,,0,,,,0	¼ cup~28|1 package~99.2
2597975	B	7	300,3.33,30,6.67,417,3.33,16.7,83,0,0,0,67,0,,0	3 tbsp~30|1 package~184
1906616	B	2	286,14.3,25,3.57,857,0,14.3,89,0,0,0,357,,0	2 tbsp~28|1 package~425
1856929	B	2	286,14.3,21.4,3.57,929,0,14.3,89,0,0,0,357,,0	2 tbsp~28|1 package~142
2081169	B	2	357,17.9,32.1,3.57,607,0,17.9,107,0,0,0,536,,0	2 -1 inch cubes /~28|1 package~374
2657139	B	2	367,16.7,33.3,3.33,600,0,16.7,100,0,0,0,503,97,,0	1 serving~30|1 package~227
1857045	B	2	304,4.35,21.7,8.7,500,0,19.6,65,0,0,0,87,,0	2 tbsp~23|1 package~170
2597979	B	2	233,16.7,20,3.33,967,0,10,50,0,0,0,493,0,,0	1 oz 1/4 cup~30|1 package~113
2297484	B	2	304,4.35,21.7,8.7,652,0,17.4,87,0,0,1.57,87,,26.1	2 tbsp~23|1 package~184
2679763	B	2	300,6.67,30,6.67,500,3.33,20,100,0,0,0,67,0,,0	3 tbsp~30|1 package~184
2597968	B	7	300,13.3,26.7,3.33,833,0,16.7,83,0,0,0,363,50,,0	2 tbsp~30|1 package~142
2215042	B	2	333,6.67,30,6.67,367,3.33,20,100,0,,0,83,43	7 pieces~30|1 package~99
2597977	B	2	333,6.67,30,6.67,367,3.33,20,100,0,0,0,83,43,,3	7 pieces~30
2597971	B	2	333,6.67,30,6.67,600,3.33,20,100,0,0,0,67,0,,0	3 tbsp~30|1 package~184
2597980	B	2	367,20,30,3.33,1200,0,20,83,0,0,0,480,60,,0	1 serving~30|1 package~113
1907850	B	2	357,25,28.6,3.57,929,3.57,17.9,89,0,0,0,536,,0	¼ cup~28|1 package~113
2104476	B	2	304,4.35,26.1,8.7,543,4.35,17.4,87,1.1,0,1.57,87,,5.2	2 tbsp~23|1 package~184
1885383	B	15	161,7.14,10.7,10.7,464,3.57,7.14,36,3.6,0,1.29,71,,17.1	2 tbsp~28|1 package~255
1885387	B	15	161,7.14,8.93,7.14,446,3.57,5.36,36,0,0,0,71,,8.6	2 tbsp~28|1 package~255
1907300	B	2	235,11.8,17.6,5.88,382,0,11.8,59,0,0,0,118,,0	1 portion~17|1 package~136
1907227	B	2	235,11.8,17.6,5.88,441,0,11.8,59,0,0,0,118,,0	1 portion~17|1 package~136
1908103	B	15	161,7.14,10.7,7.14,429,3.57,7.14,36,0,0,0,71,,0	2 tbsp~28|1 package~255
1906618	B	2	235,11.8,17.6,5.88,382,0,11.8,59,0,0,0,118,,0	1 portion~17|1 package~400
1907247	B	2	235,11.8,17.6,5.88,412,0,11.8,59,0,0,0,118,,14.1	1 portion~17|1 package~136
1858043	B	2	235,11.8,17.6,5.88,471,0,11.8,59,0,0,0,118,,14.1	1 portion~17|1 package~136
2098369	B	2	179,7.14,12.5,7.14,714,3.57,7.14,36,0,0,0,71,,0	2 tbsp~28|1 package~227
2679757	B	2	300,13.3,26.7,3.33,833,0,16.7,83,0,0,0,363,50,,0	2 tbsp~30|1 package~142
2597967	B	42	300,13.3,26.7,3.33,833,0,16.7,83,0,0,0,363,50,,0	2 tbsp~30|1 package~142
2402428	B	2	333,6.67,33.3,6.67,450,3.33,20,100,0,0,0,67,0,,0	3 tbsp~30|1 package~184
2523945	B	2	300,13.3,26.7,3.33,833,0,16.7,83,0,0,0,267,0,,0	2 tbsp~30|1 package~142
1944372	B	2	261,4.35,19.6,17.4,239,13,13,43,0,0,0,87,,0	2 tbsp~23|1 package~170
2081241	B	2	348,8.7,34.8,4.35,739,0,19.6,109,0,0,1.57,261,,0	2 tbsp~23|1 package~170
2597972	B	2	233,6.67,20,6.67,600,3.33,11.7,67,0,0,0,67,0,,0	3 tbsp~30|1 package~184
2429730	B	2	367,16.7,33.3,3.33,600,0,16.7,100,0,0,0,503,,,0	2 -1 in cubes /~30|1 package~142
2410945	B	2	367,16.7,33.3,3.33,600,0,16.7,100,0,0,0,503,,,0	2 -1 in cubes /~30|1 package~142
2016401	B	2	348,8.7,34.8,4.35,739,0,21.7,109,0,0,1.57,261,,0	2 tbsp~23|1 package~170
2597981	B	7	367,10,33.3,3.33,733,3.33,20,100,0,0,0,200,0,,0	3 tbsp~30|1 package~170
2017911	B	2	348,4.35,30.4,8.7,522,0,19.6,109,0,0,1.57,87,,5.2	2 tbsp~23|1 package~184
2597973	B	2	333,6.67,30,6.67,500,3.33,20,83,0,0,0,67,0,,0	3 tbsp~30|1 package~184
1897943	B	2	304,4.35,26.1,17.4,304,8.7,17.4,65,0,0,0,87,,0	2 tbsp~23|1 package~170
1957529	B	2	300,3.33,30,6.67,417,3.33,16.7,83,0,0,0,67,0,,0	3 tbsp~30|1 package~184
361106	B	2	261,4.35,21.7,4.35,587,0,15.2,65,0,0,0,87,,20.9	2 tbsp~23
1868876	B	2	196,8.7,15.2,8.7,522,4.35,8.7,43,0,0,0,87,,0	2 tbsp~23|1 package~184
1857049	B	2	304,4.35,21.7,4.35,565,0,19.6,65,0,0,0,87,,0	2 tbsp~23|1 package~170
1953501	B	2	267,3.33,23.3,20,233,16.7,13.3,67,0,0,0,67,0,,0	3 tbsp~30|1 package~340
2434697	B	2	300,6.67,30,6.67,567,3.33,16.7,83,0,0,1.2,67,0,,0	3 tbsp~30|1 package~340
1868771	B	2	348,4.35,30.4,8.7,522,4.35,19.6,87,1.1,0,1.57,174,,0	2 tbsp~23|1 package~184
1858038	B	2	304,4.35,26.1,13,326,8.7,17.4,65,0,0,0,87,,0	2 tbsp~23|1 package~170
1850845	B	2	304,8.7,30.4,4.35,739,0,19.6,65,0,0,0,174,,0	2 tbsp~23|1 package~170
1907230	B	2	261,4.35,21.7,8.7,543,0,17.4,65,0,0,0,87,,0	2 tbsp~23|1 package~184
2386056	B	2	333,20,26.7,3.33,533,0,16.7,100,0,0,0,487,97,,0	1 serving~30|1 package~227
2679750	B	2	300,6.67,30,6.67,567,3.33,16.7,83,0,0,1.2,67,0,,0	3 tbsp~30|1 package~184
2679764	B	2	333,6.67,33.3,10,467,3.33,20,100,0,0,0,67,0,,0	3 tbsp~30|1 package~184
2389880	B	2	367,16.7,36.7,3.33,600,0,16.7,117,0,0,0,503,97,,0	2 -1 in cubes /~30|1 package~500
371726	B	2	250,17.9,21.4,3.57,1000,0,12.5,71,3.6,0,0,536,,0	¼ cup~28
1901134	B	10	21,0,0,5.15,30,5.15,,0	11 fl oz~330
2266151	B	60	140,0,0,80,0,40,,0	1 tsp~5|1 package~236
617826	B	14	400,12.7,9.09,67.3,27,16.4,3.64,0,10.9,0,3.27,109,382,0,,3.64,1.82,,,,,,,109,273,,2.18	2/3 cup~55
2597168	B	14	350,13.3,5.83,71.7,33,10,.83,0,11.7,0,3,50,433,,0,2.5,1.67	2/3 cup~60|1 package~397
622114	B	14	350,11.7,5,73.3,25,15,0,0,10,0,3,50,433,,0,2.5,1.67	2/3 cup~60
617828	B	14	350,13.3,5.83,71.7,33,10,.83,0,11.7,0,3,50,433,,0,2.5,1.67	2/3 cup~60
2567168	B	14	350,11.7,5,73.3,25,15,0,0,10,0,3,50,433,,0,2.5,1.67	2/3 cup~60|1 package~397
2597169	B	14	352,11.1,4.63,74.1,28,3.7,0,0,13,0,3.33,56,444,,0,.93,1.85	¾ cup~54|1 package~284
1864597	B	74	429,7.14,16.1,60.7,446,35.7,12.5,0,3.6,0,2.57,0,,0	1 serving~28|1 package~454
2654822	B	42	225,0,0,55,0,50,0,0,5,0,0,0,0,,0	1 tbsp~20|1 package~450
2642676	B	46	413,9.33,21.3,46.7,160,24,6,33,2.7,0,.96,27,93,,0	.17 pastry~75|1 package~450
2399029	B	2	250,14.3,16.1,3.57,464,0,10.7,36,0,0,0,486,7,,0	2 tbsp~28|1 package~396
1976858	B	2	393,28.6,32.1,0,607,0,17.9,89,0,0,0,893,0,,0	1 serving~28|1 package~226
2115621	B	2	393,28.6,32.1,0,607,0,17.9,89,0,0,0,893,,0	1 serving~28|1 package~227
2602701	B	2	393,28.6,32.1,0,607,0,17.9,89,0,0,0,893,0,,0	1 serving~28|1 package~227
402858	B	2	393,32.1,28.6,0,161,0,17.9,89,0,0,0,1070,,0	1 serving~28
374142	B	2	393,28.6,32.1,0,607,0,17.9,89,0,0,0,893,,0	1 serving~28
2623009	B	39	50,3.33,1.67,5.42,112,4.58,.62,6,0,0,0,128,151,,0,,,14	1 cup~240|1 package~472
2623002	B	39	42,3.33,1.04,4.58,50,4.58,.62,4,0,0,0,125,175,.5,2,,,38	1 cup~240|1 package~946
2623003	B	39	42,3.33,1.04,5,40,5,.62,4,0,0,0,129,162,,1,,,62	1 cup~240|1 package~1890
2623013	B	39	50,3.33,2.08,5,48,5,1.25,8,0,0,0,125,142,,1,,,92	1 cup~240|1 package~1890
2623001	B	39	54,3.33,2.08,5,40,5,1.04,8,0,0,0,129,162,,1,,,62	1 cup~240|1 package~1890
2623000	B	39	50,3.33,2.08,5,48,5,1.25,8,0,0,.04,120,140,,1,,,55	1 cup~240|1 package~472
2622998	B	39	67,3.33,3.75,5,44,5,2.08,10,0,0,.04,112,133,,1,,,96	1 cup~240|1 package~1890
2552787	B	2	97,11.5,3.98,3.54,354,3.54,2.65,18,0,0,0,88,97,,1.77	½ cup~113|1 package~454
2623005	B	39	33,3.33,0,5,42,5,0,2,0,0,0,133,171,,1,,,62	1 cup~240|1 package~1890
2622995	B	75	117,3.33,10,3.33,67,3.33,6.67,33,0,0,0,107,133,,0,,,97	2 tbsp~30|1 package~946
2623006	B	39	79,3.33,3.33,10.8,75,10,2.08,12,.4,0,.15,125,158,1,2,,,38	1 cup~240|1 package~946
2623011	B	62	714,0,78.6,0,0,0,50,214,0,0,0,0,0,,,,,514	1 tbsp~14|1 package~453
2623012	B	39	62,3.33,3.33,5,44,5,1.88,10,0,0,0,117,133,,1,,,108	1 cup~240|1 package~1890
2622996	B	39	62,3.33,3.33,5,44,5,1.88,10,0,0,.04,112,133,,1,,,96	1 cup~240|1 package~472
1916596	B	2	71,10.6,1.33,4.42,354,3.54,.88,9,.2,0,0,88,142,0	½ cup~113|1 package~680
2096370	B	2	79,17.5,0,1.75,18,1.75,0,9,0,0,0,35,54,0	1 serving~57
2623010	B	2	62,10.6,0,4.42,354,1.77,0,4,0,0,0,88,133,0,,,,32	½ cup~113|1 package~454
2602596	B	75	200,3.33,20,6.67,50,3.33,11.7,,0,0,0,123,163,,0	2 tbsp~30|1 package~454
2403466	B	104	117,0,8.33,10,20,5,6.67,0,1.7,,2.1,17,,2	¼ cup~60|1 package~454
2411979	B	94	346,12,17.3,36.8,376,9.02,3.38,0,2.3,0,1.88,68,203,,0	1 sandwich~133
1988810	B	138	145,18.2,5.45,7.27,564,0,0,0,0,0,3.64,82,353,,0	½ cup~55|1 package~227
2584248	B	26	204,7.04,11.3,19.7,465,2.11,2.46,0,1.4,0,.7,56,141,,0	1 tamale~142
2584250	B	34	294,7.06,14.1,33.5,547,2.35,4.71,0,1.2,0,1,29,129,,0	1 pizza~170
2584249	B	26	204,7.04,11.3,20.4,472,2.82,2.46,0,1.4,0,.99,49,63,,0	1 tamale~142
2584247	B	26	204,7.04,11.3,20.4,486,2.11,2.46,0,1.4,0,.92,49,99,,0	1 tamale~142
2607220	B	83	200,11.8,7.06,23.5,235,1.18,0,0,2.4,0,2.35,59,318,,0	1 chik'n patty per serving~85
2604011	B	21	225,14.1,9.86,21.1,324,1.41,.7,0,2.8,0,2.96,70,380,,0,5.63,2.82	1 patty~71
2607221	B	21	145,18.2,5.45,7.27,564,0,0,0,0,0,3.64,82,353,,0	½ cup~55|1 package~227
2584253	B	21	164,20,4.55,9.09,891,1.82,0,0,0,0,3.64,89,396,,0	½ cup~55|1 package~227
2584245	B	21	158,19.3,5.26,8.77,1210,3.51,0,0,0,0,3.51,88,395,,0	1 patty~57
2584254	B	26	133,18.6,3.98,7.08,496,.88,.44,0,0,0,2.65,79,679,,0	1 patty per serving~113
2607222	B	21	145,20,3.64,7.27,527,1.82,0,0,0,0,3.64,84,716,,0	½ cup~55|1 package~227
2584255	B	26	218,7.05,9.62,26.3,314,1.92,4.49,0,.6,0,1.99,77,135,,0	1 burrito~156
2584246	B	26	197,5.63,10.6,22.5,401,2.82,2.46,0,2.8,0,.85,42,63,,0	1 tamale~142
2584256	B	26	212,7.05,9.62,26.3,295,1.92,3.85,0,.6,0,2.05,77,141,,0	1 burrito~156
2420373	B	138	197,14.1,6.34,22.5,451,1.41,0,0,4.2,0,2.82,70,394,,0,3.52,2.11	1 patty~71|1 package~283
2584257	B	26	197,7.04,7.75,26.8,296,2.11,4.23,0,.7,0,1.97,56,204,,0	1 burrito~142
1902352	B	6	279,8.82,3.68,50,441,5.88,0,0,2.9,0,2.12,59,,0	1 bun~68|1 package~538
1897968	B	6	298,8.77,6.14,50.9,246,15.8,2.63,23,1.8,0,1.89,0,,0	1 serving~57|1 package~453
2470812	B	14	389,8.33,4.17,80.6,444,33.3,0,0,5.6,0,15,361,250,,0,,,,5.56,2,,.556,50,,222,,6.25,2.08	1 cup~36|1 package~340
2664684	B	21	218,7.75,6.34,31,493,2.11,2.82,0,1.4,0,1.9,35,113,14.8,,0,0,13	1 burrito~142
2664683	B	21	211,7.75,6.34,28.2,331,.7,3.17,0,1.4,0,1.27,14,35,4.2,,.35,.35,0	1 burrito~142
2664682	B	21	225,7.75,7.04,31.7,310,1.41,,0,1.4,0,1.27,14,7,0,,0,.35,0	1 burrito~142
2664696	B	21	218,7.75,7.04,31.7,366,1.41,3.52,0,1.4,0,1.27,14,46,3.4,,.35,0,0	1 burrito~142
1954535	B	21	282,5.88,14.1,32.4,447,3.53,6.47,0,1.8,0,2.12,12,82,,0	1 pot pie~170
1963970	B	21	282,7.06,13.5,32.4,488,3.53,5.88,0,1.2,0,2.12,12,124,,0	1 pot pie~170
2175077	B	21	306,7.06,16.5,32.4,388,3.53,6.47,0,1.2,0,2.65,24,82,,0	1 pot pie~170
1954532	B	26	335,6.47,18.8,32.9,476,3.53,7.06,0,1.2,0,2.12,12,82,,0	1 pot pie~170
1950652	B	21	288,6.47,14.1,32.9,453,4.12,6.47,0,1.8,0,2.12,12,82,,0	1 pot pie~170
2175078	B	26	282,6.47,14.7,30.6,412,3.53,7.06,0,1.8,0,2.65,24,124,,0	1 pot pie~170
2652112	B	9	292,23.1,15.4,32.3,415,9.23,4.62,54,3.1,0,2.22,92,,,0	1 serving~65|1 package~260
2393141	B	6	250,10.7,0,50,571,0,0,0,3.6,0,3.57,14,82,,0,0,0	1 slice~28|1 package~680
2425362	B	6	258,9.68,1.61,48.4,452,0,0,0,0,0,3.23,52,68,,0,0,0	1 slice~31|1 package~1360
2389073	B	6	260,8,1,52,560,0,0,0,2,0,4,12,74,,0,0,0	1 slice~50|1 package~794
2185542	B	17	106,3.54,1.77,18.6,71,13.3,.88,4,.9,0,0,88,168,1.1	1 container~113|1 package~453
1853437	B	17	106,3.54,2.21,18.6,44,15.9,1.33,4,.9,0,0,88,150,1.1	1 container~113|1 package~453
1853425	B	17	100,9.41,2.65,10.6,35,4.12,.24,6,.6,0,.42,118,159,0	1 serving~170
2185536	B	17	135,7.65,2.65,22.9,24,12.9,.59,3,1.2,0,.42,88,29,3.5	1 serving~170
2677875	B	39	75,2.5,2,12,50,11.5,1,5,.5,0,0,50,,0,,,,0	6.7 fl oz~200
1886531	B	72	72,2,1.6,11.6,32,8.8,1.2,4,.4,0,0,60,,0	8.4 fl oz~250
1886530	B	39	72,2,1.6,11.6,32,8.8,1.2,4,.4,0,0,60,,0	8.4 fl oz~250
1886529	B	169	72,2,1.6,11.6,32,8.8,1.2,4,.4,0,0,60,,0	8.4 fl oz~250
2677869	B	39	75,2.5,2,12,55,11.5,1,0,.5,0,0,50,,0,,,,0	1 box~200
2677866	B	17	110,1.84,2.15,20.9,64,12.9,1.53,6,1.2,0,0,64,83,,1	1 serving~163
1853432	B	17	80,8,0,12,33,10,0,3,0,0,0,133,147,0	1 serving~150
1853434	B	17	80,8,0,11.3,33,9.33,0,3,0,0,0,133,167,0	1 serving~150
2616964	B	49	333,6.67,6.67,56.7,133,56.7,3.33,17,0,0,0,133,,0,,,,0	2 tbsp 1.07 oz~30|1 package~250
2571377	B	169	71,2.08,2.08,11.2,46,8.33,1.04,6,.4,0,.21,66,86,,0	1 cup~240|1 package~1000
2186726	B	17	58,3.38,.97,9.18,43,8.21,.72,4,0,0,0,121,,0	7 fl oz~207
2186725	B	17	58,3.38,.97,9.18,43,8.21,.72,4,0,0,0,121,,0	7 fl oz~207
1853421	B	17	87,7.33,0,14,30,9.33,0,3,.2,0,0,100,10,0	1 serving~150
1853423	B	17	80,8,0,12,27,7.33,0,3,.2,0,0,100,0,1.6	1 serving~150
1853426	B	17	87,8,0,14.7,27,9.33,0,3,.2,0,0,100,10,2.4	1 serving~150
1853420	B	17	73,8,0,10,33,7.33,0,3,.2,0,0,133,153,3.2	1 serving~150
1853419	B	17	80,8,0,11.3,27,6.67,0,3,.2,0,0,100,0,0	1 serving~150
2185535	B	17	124,8.24,2.65,16.5,26,7.06,.24,3,1.2,0,.42,88,15,5.3	1 serving~170
1853424	B	17	118,8.24,2.65,15.3,32,8.82,.59,3,1.2,0,.42,118,141,2.1	1 serving~170
1853418	B	17	118,8.24,2.65,16.5,26,7.65,.59,3,1.2,0,.42,88,15,0	1 serving~170
1853429	B	17	129,7.65,2.65,18.8,32,11.8,.24,3,1.2,0,.42,118,141,0	1 serving~170
2185538	B	17	124,8.24,1.47,20.6,26,10.6,.24,3,1.2,0,.64,88,18,0	1 serving~170
1853417	B	17	112,8.24,2.65,15.3,32,8.24,.59,3,1.2,0,.42,118,141,0	1 serving~170
1853422	B	17	80,8,0,12,30,6.67,0,3,.2,0,0,100,0,0	1 serving~150
2185537	B	17	87,8,0,13.3,30,8.67,0,3,.2,0,0,100,3,0	1 serving~150
1853433	B	17	80,8,0,12,33,9.33,0,3,.2,0,0,133,160,0	1 serving~150
2185541	B	17	80,8,0,11.3,33,9.33,0,3,0,0,0,133,173,0	1 serving~150
2185539	B	17	80,8,0,12,37,9.33,0,3,.2,0,0,133,147,0	1 serving~150
2185540	B	17	80,8,0,12,33,9.33,0,3,0,0,0,133,147,0	1 serving~150
1907790	B	39	72,2,1.6,11.6,32,8.8,1.2,4,.4,0,0,60,,0	8.4 fl oz~250
2677868	B	72	40,2.5,.5,6.5,45,2.5,0,0,.5,0,0,50,,0,,,,0	1 box~200
2677870	B	39	71,2.08,2.08,11.2,46,8.33,1.04,6,.4,0,.21,66,86,,0	1 cup~240|1 package~1000
2186722	B	17	58,3.38,.97,9.18,43,8.21,.72,4,0,0,0,121,,0	7 fl oz~207
2186727	B	17	58,3.38,.97,9.18,43,8.21,.72,4,0,0,0,121,,0	7 fl oz~207
1853438	B	17	115,3.54,2.65,17.7,49,14.2,1.77,4,.9,0,0,133,142,1.1	1 container~113|1 package~453
2185529	B	17	115,3.21,2.88,19.9,45,17.3,1.6,6,.6,0,0,96,154,.8	1 cup~156
2185532	B	17	101,3.36,1.01,18.8,64,13.4,.67,3,.7,0,.72,101,154,3.2	1 cup~149
2185533	B	17	114,3.8,2.22,20.9,85,13.9,.95,3,1.3,.32,.23,95,177,.8	1 cup~158
2185530	B	17	100,3.33,1,18.7,67,13.3,.67,3,.7,0,.72,100,153,2.4	1 cup~150
2186724	B	17	58,3.38,.97,9.18,43,8.21,.72,4,0,0,0,121,,0	7 fl oz~207
1853439	B	17	115,3.54,2.65,17.7,111,12.4,1.77,4,.9,0,0,88,142,1.1	1 container~113|1 package~453
2095650	B	30	375,0,0,93.8,156,93.8,,,,,,250,,375	1 pouch~16|1 package~162
1926805	B	30	381,0,0,95.2,143,95.2,,,,,,190,,286	1 pouch~21|1 package~83
1918015	B	30	391,0,0,95.6,130,91.3,,,,,,174,,261	1 cup~23|1 package~413
2111328	B	30	391,0,0,95.6,130,91.3,,,,,,174,,261	1 single~23|1 package~276
1926999	B	30	375,0,0,100,750,0,,,,,,500,,1500	1 serving~4|1 package~40
2576869	B	30	381,0,0,95.2,143,95.2,,,,,,190,,286	1 pouch~21|1 package~210
2160453	B	30	381,0,0,95.2,143,95.2,,,,,,286,,343	1 pouch~21|1 package~1250
1927556	B	30	381,0,0,95.2,143,95.2,,,,,,286,,286	1 pouch~21|1 package~210
1663042	B	20	43,3.41,0,9.09,25,2.27,0,0,3.4,,1.43,45,,85.2,,,,,,,,,,,,,,,,,,193	¾ cup~88
2211839	B	2	261,26.1,19.6,0,739,0,13,43,0,0,0,743,,,0	1 slice~23|1 package~226
2615692	B	2	286,25,21.4,3.57,750,0,12.5,54,0,0,0,764,139,,0,,,275	1 oz 28g~28
2615690	B	2	321,28.6,21.4,3.57,411,3.57,12.5,71,0,0,0,889,71,,0,,,286	1 oz 28g~28
2596697	B	2	321,21.4,21.4,7.14,1070,7.14,14.3,71,0,0,0,796,775,,0	1 oz 28g~28|1 package~2268
2615691	B	2	321,21.4,21.4,7.14,1070,7.14,14.3,71,0,0,0,714,,0,,,,129	1 serving~28|1 package~2268
2596696	B	2	357,21.4,32.1,0,482,0,17.9,89,0,0,0,725,136,,0	1 oz 28g~28
2105755	B	2	321,21.4,21.4,7.14,1070,7.14,14.3,71,0,0,0,714,,0	1 serving~28
2473328	B	2	304,26.1,26.1,0,652,0,15.2,87,0,0,0,713,,,0	1 slice~23|1 package~226
2105763	B	2	357,25,32.1,0,482,0,17.9,71,0,0,0,714,,0	1 serving~28
2105775	B	2	286,25,21.4,3.57,750,0,12.5,54,0,0,0,714,,0	1 serving~28
2596700	B	2	348,21.7,30.4,0,457,0,19.6,87,0,0,0,709,130,,0	1 slice~23
2615693	B	2	304,26.1,19.6,4.35,391,4.35,13,65,0,0,0,878,65,,0,,,283	1 slice~23
2615694	B	2	261,26.1,19.6,0,739,0,13,43,0,0,0,743,139,,0,,,270	1 slice~23
2105770	B	2	292,29.2,18.8,4.17,396,4.17,12.5,62,0,0,0,1040,,0	1 slice~24|1 package~142
2105712	B	2	321,28.6,21.4,3.57,411,3.57,12.5,71,0,0,0,893,,0	1 serving~28
595517	B	8	502,4.4,27,58	1 serving~100
592996	B	8	515,4.4,27,62	1 serving~100
539809	B	2	339,25,25,0,1390,0,17.9,89,0,0,0,786,,0	1 serving~28
540710	B	2	429,28.6,32.1,0,179,0,21.4,89,0,0,0,1070,,0	1 serving~28
2275961	B	27	282,11.8,22.4,3.53,718,3.53,,53,0,0,.85,24,,0	1 link~85|1 package~850
1815670	B	27	265,13.2,20.6,4.41,779,2.94,8.82,51,0,0,1.47,46,241,,0	1 link~68|1 package~340
2194936	B	27	176,14.1,10.6,2.35,988,1.18,4.71,47,0,0,1.48,24,,1.4	1 link~85|1 package~850
2192168	B	11	0,0,0,0,27000,0,0,0,0,0,0,0,,0	1 serving~1|1 package~908
2497796	B	50	500,0,0,100,10000	¼ tsp~1|1 package~326
2611690	B	50	500,0,0,0,0	¼ tsp~1|1 package~142
1920345	B	6	250,10.7,1.79,53.6,357,7.14,0,0,3.6,0,1.79,0,0,,0,0,0	1 serving~28|1 package~510
2088179	B	1	325,2.5,1.25,72.5,88,40,0,0,0,0,0,0,,0	4 pieces~40|1 package~283
1936746	B	0	700,16.7,66.7,10,0,0,5,0,10,0,3.6,67,,0	¼ cup~30|1 package~227
2104791	B	6	250,10.7,1.79,53.6,321,14.3,0,0,3.6,0,1.29,0,,0,,0,0	1 slice~28|1 package~1020
2088532	B	0	512,9.76,34.2,48.8,49,39,14.6,12,4.9,0,1.76,146,,0	12 pieces~41|1 package~311
1936743	B	0	700,16.7,66.7,10,0,0,5,0,10,0,3.6,67,,0	¼ cup~30|1 package~227
1911690	B	0	567,16.7,43.3,20,383,6.67,5,0,10,0,3.6,133,,4	¼ cup~30|1 package~212
2088180	B	0	425,7.5,15,67.5,175,47.5,15,12,2.5,0,0,100,,0	1/3 cup~40|1 package~453
2130353	B	6	263,8.77,2.63,50.9,526,8.77,0,0,1.8,0,5.96,0,0,,0,.88,.88	1 serving~57|1 package~454
2088019	B	0	536,14.3,35.7,42.9,179,21.4,7.14,0,3.6,0,5.14,0,,0	1 serving~28|1 package~240
2088018	B	0	643,7.14,57.1,32.1,179,21.4,5.36,0,7.1,0,2.57,0,,0	1 serving~28|1 package~198
1960159	B	0	600,6.67,46.7,43.3,1330,6.67,3.33,0,6.7,0,0,37,207,,0	2 cup~30|1 package~283
2087854	B	0	433,6.67,15,66.7,400,33.3,0,0,3.3,0,0,0,,0	2½ cup~30|1 package~226
2087851	B	0	525,7.5,35,50,50,42.5,15,12,5,0,2.7,150,,0	11 pieces~40|1 package~340
2088017	B	0	512,2.44,29.3,58.5,49,41.5,22,12,2.4,0,.88,98,,5.9	9 pieces~41|1 package~255
2087848	B	0	525,7.5,37.5,50,50,37.5,15,12,2.5,0,1.8,100,,0	8 pieces~40|1 package~311
2088533	B	1	425,2.5,6.25,90,50,57.5,3.75,0,0,0,0,0,,0	7 pieces~40|1 package~326
1924887	B	6	286,10.7,7.14,46.4,375,3.57,0,0,7.1,0,2.14,0,0,,0,1.79,3.57	1 serving~28|1 package~1020
2099010	B	6	263,10.5,6.58,47.4,368,5.26,0,0,5.3,0,2.11,0,0,,0,2.63,2.63	1 serving~38|1 package~1360
2099014	B	6	214,10.7,1.79,50,446,7.14,0,0,7.1,0,2.57,0,,0,,0,0	1 slice~28|1 package~510
2099004	B	6	250,10.7,3.57,50,357,7.14,0,0,3.6,0,1.29,0,,0,,0,0	1 slice~28|1 package~510
2099005	B	6	250,10.7,3.57,50,304,3.57,0,0,7.1,0,2.57,0,,0,,0,1.79	1 slice~28|1 package~510
2099013	B	6	250,10.7,3.57,50,357,7.14,0,0,7.1,0,2.57,0,,0,,0,1.79	1 slice~28|1 package~510
2665987	B	6	250,10.7,1.79,53.6,482,3.57,0,0,3.6,0,0,0,,0,,0,0,0	1 slices~28|1 package~510
2477237	B	6	213,9.84,2.46,44.3,426,1.64,0,0,6.6,0,2.13,115,230,,1.3,0,1.64	1 serving~61|1 package~369
2099015	B	6	214,10.7,3.57,50,446,7.14,0,0,7.1,0,2.57,0,,0,,0,0	1 slice~28|1 package~510
2099008	B	6	237,10.5,2.63,47.4,447,5.26,0,0,7.9,0,2.37,0,0,,0,0,1.32	1 serving~38|1 package~1360
2130352	B	6	260,10,2,52,540,10,0,0,2,0,6,0,0,,0,0,0	1 serving~50|1 package~397
2099012	B	6	286,10.7,7.14,46.4,375,3.57,0,0,7.1,0,2.57,0,,0,,1.79,3.57	1 slice~28|1 package~510
2099009	B	6	250,10.7,1.79,53.6,321,14.3,0,0,3.6,0,1.29,0,,0,,0,0	1 slice~28|1 package~510
2099003	B	6	263,10.5,5.26,50,289,5.26,0,0,7.9,0,1.89,0,,0,,1.32,2.63	1 slice~38|1 package~1360
2088264	B	0	433,3.33,11.7,73.3,733,43.3,0,0,3.3,0,0,0,83,0	1 cup~30|1 package~425
1915960	B	22	286,0,0,71.4,0,64.3,0,0,7.1,0,0,0,,4.3	1 serving~28|1 package~368
1911970	B	0	567,20,43.3,30,0,6.67,5,0,10,0,3.6,133,,0	¼ cup~30|1 package~283
1911967	B	1	333,2.56,2.56,66.7,38,38.5,1.28,0,0,0,0,0,,0	5 pieces~39|1 package~283
1911969	B	0	650,22.5,50,25,375,0,7.5,0,10,0,4.5,50,,0	1 serving~40|1 package~290
1911971	B	0	567,20,43.3,30,0,6.67,5,0,10,0,3.6,133,,0	¼ cup~30|1 package~283
2088263	B	0	567,23.3,46.7,23.3,433,6.67,5,0,10,0,3.6,133,,4	¼ cup~30|1 package~226
2087846	B	0	567,20,53.3,20,17,0,3.33,0,10,0,4.8,267,,0	¼ cup~30|1 package~175
2636580	B	6	286,10.7,1.79,53.6,446,10.7,0,0,7.1,0,2.57,71,250,0,,,,0,,,,.143,,86,214,,2.14,,2,.286,20,0	1 slice~28|1 package~510
2088531	B	1	250,5,0,75,25,0,0,0,0,0,0,0,,0	6 pieces~20|1 package~311
1911968	B	1	250,5,0,75,25,0,0,0,0,0,0,0,,0	5 pieces~20|1 package~283
2266177	B	6	250,10.7,3.57,50,304,3.57,0,0,7.1,0,2.14,0,0,,0,0,1.79	1 serving~28|1 package~1020
2088016	B	0	525,7.5,35,50,50,42.5,17.5,0,5,0,1.8,150,,0	10 pieces~40|1 package~340
2288378	B	22	321,0,0,78.6,179,71.4,0,0,3.6,0,0,71,,0	1 serving~28|1 package~212
2288000	B	0	567,20,43.3,30,0,6.67,5,0,10,0,3.6,133,,0	¼ cup~30|1 package~226
1914238	B	6	214,10.7,0,50,268,10.7,0,0,0,0,1.29,0,,0	1 slice~28|1 package~510
533413	B	6	321,10.7,5.36,57.1,214,17.9,1.79,0,0,0,1.29,0,71,8.6,,,,,1.43,0,.121,0,29,29,71,,1.07,0,0,.143,20,0	1 roll~28
2091241	B	6	332,14.3,3.57,60.7,375,10.7,0,0,7.1,0,3.86,0,,0	1 slice~28|1 package~680
2286717	B	6	286,10.7,3.57,50,286,7.14,0,0,7.1,0,2.57,71,250,0,,,,,,,,.143,,86,214,,2.14,,2,.286	1 slice~28|1 package~510
1857004	B	7	179,0,16.1,0,1210,0,1.79,0,0,0,0,0,,0	2 tbsp~28|1 package~340
1857002	B	7	179,0,16.1,3.57,1210,0,1.79,0,0,0,0,0,,0	2 tbsp~28|1 package~340
2013485	B	7	179,0,16.1,0,1210,0,1.79,0,0,0,0,0,,0	2 tbsp~28|1 package~340
1853912	B	7	179,0,16.1,0,1540,0,1.79,0,0,0,0,0,,0	2 tbsp~28|1 package~340
1867947	B	8	588,10,41.5,41.8,74,41,21,20,3.5,.38,2.7,300,,0	1 serving~40|1 package~100
1867949	B	8	580,6.25,38.8,50.2,52,48.8,18.5,14,2,.25,1.8,225,,1.5	1 serving~40|1 package~100
1908520	B	4	512,5.76,30.6,53,3,17.3,17.3,3,7	1 serving~33|1 package~50
1858776	B	8	595,6.5,40.8,50,91,50,26,25,0,.45,0,275,,0	1 serving~40|1 package~100
2429006	B	2	357,28.6,28.6,0,643,0,17.9,107,0,,0,1070,,0	1 slice~28|1 package~199
1918196	B	2	321,25,21.4,0,786,0,17.9,71,0,0,0,893,,0	1 slice~28|1 package~199
1926501	B	2	357,28.6,28.6,0,464,0,17.9,89,0,0,0,893,,0	1 slice~28|1 package~199
1956469	B	2	357,25,28.6,0,786,0,17.9,107,0,0,0,714,,0	1 slice~28|1 package~199
1925230	B	2	321,21.4,25,0,786,0,17.9,89,0,0,0,714,,0	1 slice~28|1 package~199
2242173	B	13	381,7.14,16.7,59.5,60,33.3,5.95,0,7.1,0,2.57,95,381,0,,5.95,3.57	1 bar~42
2470369	B	52	329,5.71,10,52.9,571,30,2.14,21,0,0,.29,57,86,,.15,5,2.14	¼ cake~70|1 package~278
2587670	B	112	161,10.7,10.7,5.36,1050,0,3.57,71,0,0,1.29,71,,0,,,,0	1 serving~56|1 package~340
2374189	B	112	214,12.5,16.1,1.79,1020,1.79,5.36,125,0,0,1.29,107	1 serving~56|1 package~340
2642939	B	7	54,0,0,14.3,3070,7.14,0,0,3.6,0,0,0,0,,0	1 pieces~28|1 package~900
2628024	B	15	244,13.3,7.78,35.6,367,6.67,0,0,10,0,4,67,,2.7,,,,0	2 tbsp~90|1 package~370
2612712	B	7	125,0,0,14.3,3070,7.14,0,0,3.6,0,0,0,0,,0	3 pieces~28|1 package~600
2509007	B	10	46,.83,.21,10,4,10,0,0,2.1,0	1 container~240
2671400	B	75	213,2.67,21.3,6.67,67,6.67,18.7,0,0,0,0,87,0,,0	1 tbsp~15|1 package~170
2619211	B	35	214,0,0,19.3,1700,,0,36,7.1,0,6.43,71,,8.6,,,,129	2 tbsp~14|1 package~340
967769	B	143	281,12.3,22.8,3.51,702,1.75,8.77,53,0,0,1.89,0,,0	1 frankfurter~57
2667944	B	27	267,11.1,22.2,4.44,667,0,0,56,0,0,0,4,4,,0	1 link~45|1 package~357
2060822	B	27	312,14.6,25,4.17,979,2.08,10.4,62,,0,1.5,0,,25	1 frank~48|1 package~383
2061107	B	28	250,16.1,19.6,3.57,964,0,7.14,62,,0,1.29,71,,21.4	1 serving~56|1 package~170
2060823	B	27	250,10.4,20.8,6.25,979,2.08,7.29,83,,0,.75,83,,18.8	1 frank~48|1 package~383
2061108	B	28	107,19.6,1.79,3.57,1090,1.79,0,54,,0,0,0,,21.4	1 serving~56|1 package~170
1889173	B	28	125,17.9,4.46,1.79,839,0,1.79,54,,0,1.93,0,,21.4	1 serving~56|1 package~170
517565	B	4	467,6.67,20,63.3,233,20,10,0,5,0,1.2,0,,0	2 biscuits~30
1931906	B	0	600,26.7,50,20,283,10,8.33,0,10,0,1.2,0,,0	¼ cup~30|1 package~198
2017252	B	0	567,16.7,46.7,30,400,3.33,8.33,0,3.3,0,6,0,,0	¼ cup~30|1 package~227
1777994	B	11	0,0,0,0,30900,0,,0,,,0,0,,0	¼ tsp~1.1|1 package~1700
1890355	B	50	0,0,0,0,33300,0,,0,,,0,0,,0	.12 tsp~.6|1 package~907
1890356	B	50	0,0,0,0,33300,0,,0,,,0,0,,0	.12 tsp~.6|1 package~222
454410	B	84	350,0,0,95,,90	1 tbsp~20
2009260	B	76	190,11,14,4,90,2,1,25,0,0,1.08,50,,0	1 piece~100|1 package~200
2018001	B	76	263,13,21,5.8,116,5.6,3.2,64,.4,0,1.08,50,,6	1 serving~100|1 package~200
1546146	B	20	74,2.03,0,17.6,0,.68,0,0,1.4,0,.73,14,419,18.2,,,,,1.08,0,.023,.135,16,16,41,,.2,,,.054	1 serving~148
1887724	B	20	120,2.65,0,18.6,298,.88,,0,2.7,0,.53,17,422,.9,,,,,,,,,,,,,,,,,,2.7	1 serving~113|1 package~340
1887726	B	121	123,2.65,0,18.6,386,.88,,1,2.7,0,.53,12,422,.9,,,,,,,,,,,,,,,,,,2.7	1 serving~113|1 package~340
1664677	B	20	74,2.03,0,17.6,0,.68,0,0,1.4,0,.73,14,419,18.2,,,,,1.08,0,.023,.135,16,16,41,,.2,,,.054	1 serving~148
1610662	B	20	74,2.03,0,17.6,0,.68,0,0,1.4,0,.73,14,419,18.2,,,,,1.08,0,.023,.135,16,16,41,,.2,,,.054	1 serving~148
1610664	B	20	74,2.03,0,17.6,0,.68,0,0,1.4,0,.73,14,419,18.2,0,,,,,,,.135	1 serving~148
2097813	B	20	74,2.03,0,17.6,0,.68,0,0,1.4,0,.73,14,419,18.2,,,,,1.08,0,.023,.135,16,16,41,,.2,,,.054	1 serving~148|1 package~680
2286067	B	20	74,2.03,0,17.6,0,.68,0,0,1.4,0,.73,14,419,18.2,,,,,1.08,0,.023,.135,,16,41,,.2,,,.054	1 serving~148|1 package~2270
2097815	B	20	74,2.03,0,17.6,0,.68,0,0,1.4,0,.73,14,419,18.2,,,,,1.08,0,.023,.135,,16,41,,.2,,,.054	1 serving~148|1 package~2270
1610661	B	20	74,2.03,0,17.6,0,.68,0,0,1.4,0,.73,14,419,18.2,,,,,1.08,0,.023,.135,16,16,41,,.2,,,.054	1 serving~148
521733	B	20	74,2.03,0,17.6,0,.68,0,0,1.4,0,.73,14,419,18.2,0,,,,,,,.135	1 serving~148
2271648	B	61	356,6.67,0,80,0,,0,0,2.2,0,0,0,,,0	¼ cup~45|1 package~2000
2541254	B	39	54,4.17,1.04,6.67,67,6.25,.62,6,0,0,0,125,146,,.425	1 cup~240|1 package~3780
2055697	B	62	714,0,78.6,0,643,,50,214,,0	1 tbsp~14|1 package~454
2484897	B	3	179,4.76,5.95,27.4,89,22.6,4.76,18,0,0,0,155,208,,0	2/3 cup~84|1 package~4730
2465342	B	3	167,3.57,4.76,28.6,83,21.4,2.98,18,0,0,.48,143,238,,0	2/3 cup~84|1 package~4730
2465341	B	3	179,4.76,5.95,28.6,101,22.6,3.57,18,0,0,0,155,238,,0	2/3 cup~84|1 package~4730
2117013	B	2	80,11.5,2.21,4.42,319,2.65,1.33,13,0,0,0,88,133,0,,.44,0	½ cup~113|1 package~2260
2117003	B	39	142,3.33,6.67,15.8,88,15,4.17,50,0,0,0,125,150,0	½ cup~120|1 package~1890
2117001	B	39	142,3.33,6.67,15.8,88,15,4.17,50,0,0,0,125,150,0	½ cup~120|1 package~946
2284972	B	39	175,5,7.5,20.8,96,19.2,5,54,0,0,0,167,217,1	½ cup~120|1 package~946
2488405	B	39	38,3.75,0,5.42,56,5,0,2,0,0,0,129,175,,1.05	1 cup~240|1 package~1890
2425641	B	75	133,3.33,10,3.33,50,3.33,6.67,50,0,0,0,117,133,,0	2 tbsp~30|1 package~946
2444404	B	75	133,3.33,10,3.33,50,3.33,6.67,50,0,0,0,117,133,,0	2 tbsp~30|1 package~1890
2418855	B	75	333,0,40,6.67,0,6.67,23.3,133,0,0,0,0,0,,0	1 tbsp~15|1 package~946
2027408	B	2	393,25,28.6,3.57,429,3.57,17.9,107,0,0,0,893,,0	1 serving~28
2422383	B	39	54,3.33,2.08,5.42,54,5,1.25,8,0,0,0,104,117,,.425	1 cup~240|1 package~3780
2452975	B	39	67,3.33,3.75,5.42,54,5,2.08,15,0,0,0,104,117,,.425	1 cup~240|1 package~3780
2488404	B	39	54,4.17,1.04,6.67,67,6.25,.62,6,0,0,0,158,212,,1.05	1 cup~240|1 package~1890
2176260	B	3	130,.87,.87,30.4,35,20,.87,4,0,0,0,43,0,,0	2/3 cup~115|1 package~4730
2421421	B	39	58,4.17,2.08,5.83,62,5.42,1.25,8,0,0,0,104,,,.425	1 cup~240|1 package~473
2486360	B	39	58,4.17,2.08,5.83,62,5.42,1.25,8,0,0,0,146,192,,1.05	1 cup~240|1 package~946
2117014	B	2	106,13.3,4.42,2.65,310,2.65,3.1,22,0,0,.32,71,106,0,,1.33,0	½ cup~113|1 package~907
2117011	B	75	200,3.33,20,6.67,50,6.67,11.7,67,0,0,0,133,183,0,,5,0	2 tbsp~30|1 package~1360
2465343	B	3	167,3.57,4.17,28.6,71,23.8,2.98,18,0,0,0,143,214,,0	2/3 cup~84|1 package~4730
2179580	B	75	250,0,16.7,33.3,0,16.7,8.33,83,0,0,0,0,0,,0	2 tbsp~6|1 package~184
2178473	B	40	333,0,25,16.7,0,16.7,25,0,0,0,0,0,0,,0	2 tbsp~6|1 package~425
2179536	B	75	250,0,25,16.7,0,16.7,16.7,83,0,0,0,0,0,,0	2 tbsp~6|1 package~425
2465340	B	3	167,4.76,4.76,25,83,21.4,2.98,18,0,0,0,167,244,,0	2/3 cup~84|1 package~4730
2486135	B	39	67,3.33,3.75,5.42,54,5,2.08,15,0,0,0,125,167,,1.05	1 cup~240|1 package~946
2554159	B	66	186,11.6,9.3,27.9,395,0,3.49,0,20.9,0,0,174,109,,0	1 serving~43|1 package~344
2554164	B	111	186,11.6,9.3,27.9,419,0,4.65,0,20.9,0,2.33,186,130,,0	1 serving~43|1 package~344
368536	B	2	282,12.9,24.6,1.79,400,,18.2,93,,0,.64,143	1 serving~28
2420713	B	25	46,0,0,11.2,0,9.17,0,0,0,0,0,4,88,,0	8 fl oz~240
2420019	B	25	42,0,0,10.7,0,8.73,0,0,0,0,0,3,85,,0	12 fl oz~355|1 package~1890
2554699	B	25	46,0,0,11.2,100,9.17,0,0,0,0,.3,4,88,,0	8 fl oz~240
2420908	B	25	46,0,0,11.2,0,9.17,0,0,0,0,0,4,88,,0	8 fl oz~240|1 package~3785
1876145	B	10	34,0,0,8.17,0,8.17,,,,,,,21,5.1,,,,,,,,5.86,5	12 fl oz~355
1882405	B	10	34,0,0,8.17,0,8.17,,,,,,,,2.5	12 fl oz~355
2049612	B	30	34,0,0,8.17,1,8.17,,,,,,,6,1.7	12 fl oz~355
547628	B	24	0,0,0,0,1,0	1 pt~480
2631079	B	8	633,10,53.3,33.3,200,13.3,30,0,13.3,0,6,33,633,,0	4 sections~30|1 package~75
2509455	B	8	639,2.78,52.8,41.7,97,33.3,36.1,0,5.6,0,6.67,28,306,,0	1 serving~36|1 package~60
1476095	B	8	600,6.67,46.7,43.3,167,26.7,30,17,10,0,10,33,600,,0	4 sections /~30
2414752	B	14	533,10,26.7,56.7,250,10,16.7,0,0,0,3,33,433,,0	1/3 cup~30|1 package~227
2138261	B	8	552,6.9,44.8,34.5,483,20.7,37.9,0,10.3,0,9.31,69,,0	¼ cup~29|1 package~91
2311308	B	8	567,6.67,36.7,53.3,33,43.3,23.3,17,6.7,0,3,33,400,,0	4 sections~30|1 package~75
2604335	B	14	500,6.67,23.3,63.3,300,20,16.7,0,6.7,0,1.67,67,433,,0	1 serving~30|1 package~227
2664205	B	8	633,10,56.7,26.7,0,13.3,33.3,0,10,0,9,33,733,,0	4 sections~30|1 package~80
2137573	B	8	667,0,50,41.7,0,33.3,37.5,0,8.3,0,6,0,,0	1 piece~12|1 package~720
2582585	B	8	600,3.33,46.7,46.7,0,36.7,30,0,6.7,0,4,33,400,,0	1 serving~30|1 package~83.9
2016299	B	8	567,6.67,33.3,56.7,33,50,23.3,0,6.7,0,6,33,367,,0	4 sections~30|1 package~80
2147590	B	8	667,6.67,56.7,33.3,0,16.7,33.3,0,10,0,9,33,633,,0	4 sections~30|1 package~75
2554260	B	8	667,10,60,26.7,0,0,36.7,0,16.7,0,9,33,867,,0	4 sections~30|1 package~75
1855952	B	8	550,7.5,40,47.5,5,35,22.5,0,10,0,10.8,75,,0	5 sections, per container~40|1 package~80
1855951	B	8	550,5,40,52.5,0,37.5,25,0,10,0,12.6,50,,0	5 sections / serving size~40|1 package~80
2369134	B	8	625,8.33,58.3,33.3,0,12.5,33.3,0,16.7,0,2.92,0,292,,0	2 pieces~24|1 package~108
2106872	B	8	667,0,50,41.7,0,33.3,37.5,0,0,0,6,0,,0	1 piece~12|1 package~720
1855954	B	8	525,5,35,57.5,5,40,20,0,7.5,0,10.4,25,,0	5 sections, per container~40|1 package~80
2016300	B	8	550,5,35,57.5,0,45,22.5,0,7.5,0,11.2,50,,0	5 sections~40|1 package~80
2209617	B	8	567,6.67,36.7,53.3,0,36.7,23.3,0,6.7,0,11,33,500,,0	4 sections /~30|1 package~80
1624366	B	8	575,7.5,40,50,162,30,25,0,10,0,13.5,50,,0	5 sections~40
2664219	B	8	575,5,40,52.5,175,37.5,22.5,0,7.5,0,13.5,50,,0,,,,0	5 sections~40|1 package~80
2137578	B	8	552,6.9,44.8,31,466,13.8,37.9,0,10.3,0,6.9,48,538,,0	¼ cup~29|1 package~91
2274435	B	8	667,4.17,58.3,33.3,0,12.5,33.3,0,16.7,0,2.92,0,292,,0	2 pieces~24|1 package~108
2137579	B	8	639,5.56,52.8,41.7,97,36.1,36.1,14,2.8,0,5.83,28,306,,0	3 pieces~36|1 package~120
2582582	B	8	667,4.17,58.3,33.3,0,12.5,33.3,0,16.7,0,2.92,0,292,,0	2 pieces~24
2140422	B	8	667,8.33,50,41.7,83,33.3,37.5,0,0,0,5.83,0,333,,0	1 piece~12|1 package~720
2106873	B	8	667,2.78,52.8,41.7,14,36.1,36.1,0,2.8,0,5,28,278,,0	3 pieces~36|1 package~120
2582583	B	8	600,3.33,46.7,46.7,0,36.7,30,0,10,0,3,33,367,,0	1 serving~30|1 package~83.9
2604336	B	14	500,6.67,26.7,60,283,13.3,20,0,3.3,0,2.67,33,467,,0	1 serving~30|1 package~227
2092631	B	90	380,12,5,70,0,6,0,0,8,0,3.6,40,,0,,,,,,,,,160,,400	¼ cup~50|1 package~340
1855953	B	8	633,0,50,41.7,17,33.3,33.3,,8.3,,7.5	1 piece~12|1 package~720
2148298	B	8	567,6.67,33.3,56.7,33,40,20,17,3.3,0,3,33,367,,0	4 sections~30|1 package~75
2582581	B	8	625,8.33,58.3,33.3,0,12.5,33.3,0,16.7,0,2.92,0,292,,0	2 pieces~24|1 package~108
2016301	B	8	550,5,37.5,55,40,45,22.5,15,5,0,7.65,125,,1.5	5 sections~40|1 package~80
2420056	B	90	378,13.3,5.56,66.7,0,2.22,0,0,8.9,0,3.11,89,578,,0	1 serving~45|1 package~624
2092630	B	61	354,6.25,0,79.2,0,,,,2.1,,.75	¼ cup~48|1 package~454
2016306	B	61	354,8.33,2.08,77.1,0,,,,4.2,,1.5	¼ cup~48|1 package~454
2016307	B	73	375,0,0,100,0,100,,,,,9	1 tsp~4|1 package~454
2286417	B	90	388,12.2,7.14,67.4,0,8.16,0,0,4.1,0,3.67,41,,0,,,,,,,,,163,,408	¼ cup~49|1 package~340
2092629	B	90	380,12,7,68,0,8,0,0,6,0,3.6,40,,0,,,,,,,,,160,,400	¼ cup~50|1 package~340
2027996	B	90	373,13.7,6.86,66.7,10,5.88,0,0,7.8,0,3.53,39,,0,,,,,,,,,157,,392	¼ cup~51|1 package~340
371548	B	90	372,14,5.81,67.4,23,,,,7,,8.37,47	¼ cup~43
2016305	B	90	372,14,5.81,67.4,23,,,,7,,8.37,47	¼ cup~43|1 package~454
1855956	B	8	625,8.33,50,41.7,158,33.3,33.3,,8.3,,3	1 piece~12|1 package~720
2016303	B	8	625,0,50,41.7,133,33.3,41.7,,8.3,,3	1 piece~12|1 package~720
1855955	B	8	625,8.33,50,41.7,67,41.7,33.3,17,,,3,250	1 piece~12|1 package~720
2123851	B	8	552,6.9,44.8,31,517,17.2,37.9,0,10.3,0,9.31,69,,0	¼ cup~29|1 package~91
2451752	B	8	667,2.78,52.8,41.7,14,36.1,36.1,0,2.8,0,5,28,,,0	3 pieces~36|1 package~60
2420011	B	90	356,11.1,5.56,68.9,0,2.22,0,0,6.7,0,3.78,44,600,,0	¼ cup~45|1 package~624
2193180	B	8	633,6.67,53.3,36.7,0,13.3,33.3,0,13.3,0,7,33,700,,0	4 sections~30|1 package~75
1624369	B	8	600,10,46.7,36.7,333,26.7,23.3,0,10,0,9,33,633,,0	4 sections /~30
2582584	B	8	600,3.33,46.7,46.7,150,36.7,30,0,10,0,4,33,400,,0	1 serving~30|1 package~83.9
2137577	B	8	667,8.33,50,41.7,125,33.3,33.3,0,0,0,6,0,,0	1 piece~12|1 package~720
2171258	B	8	639,5.56,52.8,41.7,97,36.1,36.1,14,2.8,0,5.83,28,306,,0	3 pieces~36|1 package~120
2137574	B	8	667,0,50,41.7,125,33.3,37.5,0,8.3,0,6.67,0,333,,0	1 piece~12|1 package~720
2016302	B	8	600,6.67,43.3,46.7,183,30,26.7,0,10,0,10,33,633,,0	4 sections~30|1 package~80
2138262	B	0	552,6.9,44.8,31,517,17.2,34.5,0,10.3,0,9.31,69,,0	¼ cup~29|1 package~91
2582586	B	8	600,6.67,46.7,46.7,0,36.7,30,0,6.7,0,4,33,400,,0	1 serving~30|1 package~83.9
2137575	B	8	667,8.33,50,41.7,0,33.3,33.3,0,0,0,3,0,,0	1 piece~12|1 package~720
2106960	B	8	667,6.67,60,26.7,0,10,36.7,0,10,0,9,33,700,,0	4 sections~30|1 package~75
2137580	B	8	667,8.33,58.3,33.3,0,25,41.7,0,8.3,0,4.17,0,417,,0	1 piece~12|1 package~720
2028718	B	61	354,8.33,1.04,77.1,10,,,,2.1	¼ cup~48|1 package~454
2626725	B	4	367,5,11.7,65,175,31.7,5,0,5,0,3,67,,0,,,,90	1 serving~60|1 package~120
1918276	B	4	328,4.69,9.38,64.1,180,29.7,3.12,0,4.7,0,2.81,94,,0	1 serving~64
2381830	B	0	500,10.7,35.7,39.3,196,21.4,14.3,0,3.6,0,3.57,71,939,,0	1 serving~28|1 package~142
2497391	B	118	24,0,0,6,46,5.6,0,0,0,0,0,0,13,0,0,,,,,,,,,7	8.45 fl oz~250|1 package~500
2381826	B	0	429,7.14,21.4,60.7,107,42.9,3.57,0,7.1,0,3.57,54,371,,0	1 serving~28|1 package~142
2381827	B	0	429,7.14,25,53.6,179,32.1,3.57,0,7.1,0,3.57,104,639,,0	1 serving~28|1 package~142
451817	B	11	0,0,0,0,10000,,,,,,0,0,,200	¼ tsp~.6
475115	B	11	0,0,0,0,22500	¼ tsp~1.2
475116	B	11	0,0,0,0,28000	¼ tsp~1
451812	B	11	0,0,0,0,6880,,,,,,0,0,,150	¼ tsp~.8
451814	B	11	0,0,0,0,8120	¼ tsp~.8
475117	B	11	0,0,0,0,6250	¼ tsp~.4
1143425	B	11	0,0,0,0,20000,0	¼ tsp~1.2
1927032	B	79	250,0,0,100,0,0	3 pieces~2|1 package~34
2522889	B	79	250,0,0,100,0,0	3 pieces~2|1 package~272
2594835	B	1	500,0,0,100,0,100	3 pieces~2|1 package~49.9
2674986	B	79	250,0,0,0,0,0	1 mint~.2|1 package~10.5
2522947	B	79	500,0,0,100,0,100	3 pieces~2|1 package~50
2549103	B	43	46,.83,2.5,3.75,242,3.33,.42,0,1.2,0,0,0,0,,0	1 cup~240|1 package~1000
1925562	B	6	274,10.5,.53,56.8,284,10.5,0,0,3.2,0,1.52,21,168,0,,,,,,,,,,,105	1 bagel~95|1 package~567
1925565	B	6	263,10.5,1.05,53.7,432,2.11,0,0,4.2,0,1.52,21,137,1.3,,,,,,,,,,,158	1 bagel~95|1 package~567
1927712	B	6	266,15.6,.78,48.4,438,6.25,0,0,6.2,0,2.81,31,,0	1 bun~64|1 package~384
2672508	B	6	250,14.7,1.47,45.6,382,2.94,0,0,5.9,0,2.12,29,191,0,0,,,0,,,,,,,221	1 bun~68|1 package~408
1925936	B	6	333,8.77,5.26,63.2,395,1.75,0,0,1.8,0,1.26,0,,0	.12 pizza~57|1 package~456
1998077	B	6	263,10.5,1.05,53.7,400,5.26,0,0,4.2,0,1.58,53,179,,0	1 bagel~95|1 package~567
2164364	B	6	269,15.4,3.85,46.2,327,7.69,0,0,7.7,0,2.69,0,0,,0	1 slice~26|1 package~539
2632288	B	6	209,16.3,0,41.9,349,4.65,0,0,11.6,0,2.51,0,,0,,,,0	1 slice~43|1 package~681
2632286	B	6	256,16.3,1.16,44.2,395,4.65,0,0,4.7,0,2.51,0,,0,,,,0	1 slice~43|1 package~681
2632287	B	6	256,11.6,1.16,53.5,395,6.98,0,0,7,0,1.67,0,,0,,,,0	1 slice~43|1 package~681
2389811	B	6	269,15.4,5.77,42.3,404,3.85,0,0,7.7,0,2.69,0,0,,0	1 slice~26|1 package~539
1849811	B	6	265,14.7,0,47.1,471,5.88,0,0,5.9,0,2.12,0,221,0,,,,,,,,,,,235	1 slice~34|1 package~681
2399529	B	66	274,11.3,4.03,50,516,1.61,0,0,8.1,0,1.61,24,234,,0	1 tortilla~62|1 package~372
2672504	B	6	265,17.6,0,44.1,412,2.94,0,0,5.9,0,2.12,0,162,0,,,,0,,,,,,,176	1 slice~34|1 package~681
2672509	B	6	242,14.5,1.61,43.6,371,3.23,0,0,4.8,0,2.32,32,185,0,0,,,0,,,,,,,242	1 bun~62|1 package~372
2672511	B	6	250,15.6,0,53.1,312,15.6,0,0,6.2,0,2.25,62,281,0,,,,0,,,,,,,188	1 slice~32|1 package~448
2632285	B	6	235,14.7,0,44.1,441,5.88,0,0,5.9,0,2.12,0,206,0,,,,0,,,,,,,176	1 slice~34|1 package~681
1922577	B	13	338,14.1,11.3,49.3,239,11.3,1.41,0,5.6,0,2.54,56,,1.7,,,,,,,,,,,211	1 energy square~71|1 package~567
2399528	B	66	277,10.6,4.26,48.9,532,2.13,0,0,8.5,0,2.13,23,234,,0	1 tortilla~47|1 package~284
2632289	B	6	279,16.3,3.49,46.5,326,6.98,0,0,4.7,0,2.33,37,202,,0	1 slice~43|1 package~681
1925560	B	6	222,15.6,2.22,40,244,4.44,0,0,11.1,0,2.4,44,178,0,,,,,,,,,,,178	2 slices~45|1 package~454
1925564	B	6	266,14.1,.78,51.6,469,7.81,0,0,6.2,0,2.81,31,,0	1 bun~64|1 package~384
2672505	B	6	265,14.7,1.47,47.1,441,5.88,0,0,5.9,0,2.12,0,206,0,,,,0,,,,,,,235	1 slice~34|1 package~681
1925590	B	6	279,18.6,3.49,46.5,349,6.98,0,0,4.7,0,2.33,30,226,,0	1 slice~43|1 package~681
2672506	B	6	265,17.6,1.47,47.1,29,5.88,0,0,5.9,0,3.18,59,265,0,,,,0,,,,,,,235	1 slice~34|1 package~681
1925558	B	6	265,14.7,2.94,44.1,412,5.88,0,0,5.9,0,3.18,59,279,0,,,,,,,,,,,235	1 slice~34|1 package~681
2632284	B	6	274,10.5,2.63,52.6,411,2.11,0,0,4.2,0,1.89,42,132,0,,,,0,,,,,,,158	1 bagel~95|1 package~567
2285682	B	6	279,18.6,3.49,46.5,395,4.65,0,0,9.3,0,2.51,47,,0	1 slice~43|1 package~681
1852367	B	6	235,14.7,0,47.1,441,5.88,0,0,5.9,0,2.12,0,176,0,,,,,,,,,,,235	1 slice~34|1 package~681
2672507	B	6	265,14.7,1.47,50,441,8.82,0,0,5.9,0,2.12,0,235,0,,,,0,,,,,,,235	1 slice~34|1 package~681
2658137	B	6	294,17.6,4.41,44.1,382,8.82,0,0,5.9,0,2.94,53,338,,0	1 slice~34|1 package~681
1942946	B	6	312,18.8,6.25,46.9,312,12.5,0,0,6.2,0,3.12,56,297,,0	1 slice~32|1 package~454
1925561	B	6	263,10.5,.53,53.7,432,2.11,0,0,3.2,0,1.52,21,,0	1 bagel~95|1 package~567
2128837	B	6	308,18,3.85,51.3,359,10.3,0,0,5.1,0,2.56,51,228,,0	1 slice~39|1 package~624
1852366	B	6	237,15.8,0,44.7,447,5.26,0,0,5.3,0,1.89,0,197,0,,,,,,,,,,,211	1 slice~38|1 package~681
2314282	B	7	131,0,0,34.4,869,31.2,0,0,0,0,.59,0,,2	¼ cup~61|1 package~454
2587587	B	36	86,20,1,.2,240,0,0,70,0,0,2.4,52,184,,0	1 serving~100|1 package~454
2430119	B	36	90,15,3,2,160,2,0,40,0,0,3.42,78,409,,0	1 serving~100|1 package~283
578383	B	36	95,17.5,2.14,0,0,,0,0,0,2.14,3.26,515,,0,0	1 serving~112
2430453	B	78	40,9,.65,1,630,,.2,230,0,,.72,40,,0	1 serving~100|1 package~283
1943663	B	36	187,21,11,1,65,0,5,37,0,0,1.8,200	1 serving~100|1 package~800
1596392	B	2	321,25,25,3.57,786,3.57,14.3,107,0,0,0,536,,0	1 serving~28
1913495	B	54	0,0,0,0,0,0,0,0,0,0,0,0,,0	1 tsp~5|1 package~300
1543722	B	2	267,13.3,26.7,6.67,400,6.67,13.3,167,0,0,0,667,,0,,,,,,,,,,,0	1 portion~15
2088704	B	67	220,8,6,33,600,3,1,0,10,0,2.52,20,,0	3 patties~100|1 package~200
2088965	B	2	286,21.4,21.4,0,4390,0,14.3,125,0,1.79,0,536,,0,,,,,,,,,,,357	1 serving~28|1 package~300
2163231	B	45	85,5.38,.77,13.1,315,.77,0,0,5.4,0,0,34,,,0	½ cup~130|1 package~400
1565820	B	41	800,0,93.3,0,0,0,13.3,0,0,,0,0,,0	1 tbsp~15
2087675	B	4	560,12,32,56,80,48,8,0,0,0,0,0,,0	2 tbsp~25|1 package~908
2560758	B	11	333,0,0,77.8,28,50,0,0,0,0,0,0,56,,0	1 tbsp~18|1 package~408
2265557	B	35	333,0,0,77.8,0,61.1,0,0,0,0,4,111,,6.7	1 tbsp~18|1 package~410
2398828	B	24	0,0,0,0,0,0,0,0,0,0,0,0,0,,0	1 tsp~5|1 package~250
2163523	B	37	175,1.67,9.17,19.2,475,1.67,.83,0,2.5,0,1.2,33,,1	5 pieces~120|1 package~1950
2119476	B	50	700,30,60,10,267,0,10,0,0,0,0,0,,0	2 tbsp~30|1 package~454
2057511	B	2	417,33.3,25,0,3330,0,16.7,83,0,0,0,1000,,0	1 tbsp~6|1 package~454
1886267	B	2	417,33.3,25,0,3330,0,16.7,83,0,0,0,1000,,0	1 tbsp~6|1 package~454
2451079	B	4	517,6.9,31,58.6,259,20.7,17.2,0,3.4,0,0,0,69,,0	2 cookies~29|1 package~130
1908951	B	4	545,6.06,30.3,57.6,258,21.2,15.2,0,3,0,0,0,,0	2 cookies~33|1 package~150
1963996	B	150	7,0,0,1.67,103,1.67,,,,,,,78,,,,,,,,,,,,,,.78	12 fl oz~360|1 package~1000
1963991	B	150	10,0,0,2.5,103,2.5,,,,,,,78,,,,,,,,,,,,,,.78	12 fl oz~360|1 package~1000
1969091	B	150	10,0,0,2.5,103,2.5,,,,,,,78,,,,,,,,,,,,,,.78	12 fl oz~360|1 package~1000
2502370	B	10	80,.42,0,18.6,15,10.6,0,0,.8,0,0,,325,,0	8 fl oz~237|1 package~946
2410472	B	10	21,.83,0,4.17,267,2.92,0,0,.8,0,.42,12,186,45,0	8 fl oz~240|1 package~1360
2368766	B	39	50,3.33,2.08,5,44,5,1.25,8,0,0,0,104,117,,.425	8 fl oz~240|1 package~3780
2473333	B	34	252,9.52,10.2,29.9,347,2.04,4.08,17,1.4,0,1.84,184,163,,.6,2.38,2.38	1 pizza~147
2480793	B	85	326,10.9,15.2,37,587,2.17,4.35,11,2.2,0,2.39,152,109,,.225	1 slice~46|1 package~369
2473137	B	62	429,0,50,0,714,0,14.3,0,0,0,0,0,0,,0,10.7,25	1 tbsp~14|1 package~907
2473118	B	62	500,0,50,0,643,0,25,0,0,0,0,0,0,,0	1 tbsp~14|1 package~454
2473135	B	62	714,0,78.6,0,750,0,35.7,0,0,0,0,0,0,,0	1 tbsp~14|1 package~454
2326291	B	74	524,4.76,28.6,57.1,333,23.8,19,0,0,0,2.38,0,95,,0,7.14,0	.12 crust~21|1 package~170
2155835	B	51	4,.24,.12,.24,433,.24,0,0,0,0,0,12,7,,0,0,0	1 can~411
2544367	B	4	400,6.67,6.67,83.3,333,23.3,0,0,0,0,6.67,0,100,,0	16 crackers~30|1 package~851
2378116	B	9	337,4.82,15.7,44.6,241,21.7,7.23,0,0,0,1.2,106,60,,0	1 danish~83|1 package~330
2410470	B	54	0,0,0,0,0,0,0,0,0,0,0,0,0,,0	1 tbsp~15|1 package~946
2546586	B	38	408,5.26,9.21,75,500,38.2,3.95,0,1.3,0,2.37,66,66,,0,3.29,1.32	½ cup dry mix 2 regular muffins~76|1 package~198
2124266	B	42	250,0,0,65,0,50	1 tbsp~20|1 package~907
2432707	B	55	183,0,0,46.7,0,45,0,0,0,0,.6,17,350,120,0	2 fl oz~60|1 package~355
2478683	B	14	375,5,1.25,87.5,425,47.5,0,0,2.5,0,12.8,275,100,50,2.75,0,0,,14.2,1,1.25,1.5,600,,,4.25,9.5	1¼ cup~40|1 package~907
2378124	B	9	344,3.33,20,38.9,167,16.7,10,0,0,0,1.11,7,57,,0	1 turnover~90|1 package~360
1945042	B	25	3,0,0,.56,8,.56,0,0,0,0,0,3,8,,0	1 bottle~177|1 package~3550
2542172	B	45	115,4.62,.77,22.3,423,9.23,0,0,5.4,0,1.38,46,238,,0,0,0	½ cup~130|1 package~794
2415996	B	104	250,25,16.2,50,0,,,,25,,25	1 tbsp~4|1 package~226
2545039	B	104	0,0,0,0,26700,0,0	.12 tsp~.6|1 package~454
2368304	B	9	390,3,21,49,350,35,6.5,40,0,0,1,37,116,,0	.2 of~100|1 package~500
2338035	B	5	536,7.14,32.1,57.1,786,3.57,5.36,0,3.6,0,0,118,189,,0	1 serving~28|1 package~262
2155830	B	5	536,7.14,32.1,57.1,1110,5.36,3.57,0,3.6,0,1.43,32,1180,,0,7.14,17.9	1 serving~28|1 package~269
1969869	B	51	4,.82,0,.41,351,.41,0,0,0,0,0,0,0,,0,0,0	1 cup~245|1 package~907
2103273	B	83	204,15.9,14.2,2.65,407,0,6.19,40,1.8,1.77,2.39,35,,0	1 serving~113|1 package~1810
1972634	B	89	74,2.89,1.24,13.6,298,3.31,.41,2,1.2,0,.87,8,219,,0	1 cup~242|1 package~425
2407046	B	5	571,7.14,32.1,57.1,536,0,5.36,0,3.6,0,0,132,186,,0	1 serving~28|1 package~262
2326290	B	38	381,7.14,7.14,69,1330,2.38,2.38,0,2.4,0,3.57,24,95,,0,2.38,0	1/3 cup~42|1 package~1100
2410479	B	45	92,5.38,.38,16.9,285,.77,0,0,4.6,0,1.31,38,369,,0	½ cup~130|1 package~432
2405028	B	5	536,7.14,32.1,53.6,1180,3.57,3.57,0,3.6,0,2.14,50,1250,,0,7.14,17.9	1 serving~28|1 package~269
2612167	B	37	286,22.9,2.86,62.9,0,2.86,0,0,17.1,0,6,0,629,,0	1 serving~35|1 package~1810
2338401	B	38	410,5.13,8.97,75.6,449,38.5,3.85,0,1.3,0,2.18,51,64,,0,3.21,1.28	½ cup~78|1 package~198
1960672	B	7	107,0,0,25,786,25	1 serving~28|1 package~710
1926472	B	73	375,0,0,100,35,100,0,0,.5,0,.5,150,12,,0	2 tsp~8|1 package~907
2546727	B	45	77,4.62,0,14.6,323,2.31,0,0,3.8,0,1.62,38,377,,0	½ cup~130|1 package~439
2320807	B	0	567,6.67,46.7,36.7,733,0,3.33,0,6.7,0,0,0,150,,0	2 -2/3 cup~30|1 package~170
2340669	B	0	485,6.06,30.3,51.5,606,0,15.2,0,9.1,0,1.52,0,485,,0,10.6,3.03	2 tbsp~33|1 package~561
2502387	B	74	250,6.25,3.12,48.4,844,6.25,.78,0,1.6,0,2.66,,172,,0	3 biscuits~64|1 package~212
2135644	B	38	350,7.5,2.5,72.5,1300,10,0,0,2.5,0,4,375,150,,0,0,0	makes 3 - 4" pancakes~40|1 package~907
2328484	B	99	239,6.84,5.13,41,368,10.3,.85,17,.9,0,3.08,51,197,,0,1.28,1.71,,3.42,0,.291,.342,57.8,,,1.03	3 pancakes~117|1 package~311
2407037	B	18	61,0,0,15,10,14.7,0,0,0,0,0,0,0,,0	12 fl oz~360|1 package~2000
2368302	B	9	337,3.26,16.3,47.8,283,34.8,5.43,33,1.1,0,1.09,27,161,,0	.17 of~92|1 package~550
2473332	B	36	159,13.3,11.5,.88,150,0,3.1,62,.9,0,0,26,247,,1.77	1 serving~113|1 package~907
2338034	B	2	321,14.3,28.6,7.14,1210,0,14.3,0,0,0,0,593,0,,0	¼ cup~28|1 package~170
2403485	B	5	536,7.14,32.1,53.6,857,3.57,5.36,4,3.6,0,1.43,93,1290,,0,7.14,17.9	1 serving~28|1 package~269
2407074	B	12	562,6.25,37.5,46.9,875,6.25,3.12,0,0,0,3.12,91,294,,0	1 serving~32|1 package~142
2338030	B	0	633,6.67,53.3,30,767,3.33,5,0,3.3,0,0,0,977,,0	2 -2/3 cup~30|1 package~170
2407042	B	12	500,7.14,25,64.3,1140,7.14,7.14,0,0,0,.36,107,286,,0	1 serving~28|1 package~482
2448390	B	12	500,7.14,25,64.3,929,7.14,3.57,0,3.6,0,1.29,286,,0	1 serving~28|1 package~241
1945666	B	18	44,0,0,11.1,12,11.1,0,0,0,0,0,0,0,,0	12 fl oz~360|1 package~2000
1921505	B	25	0,0,0,0,8,0	1 bottle~200|1 package~1200
1962508	B	129	129,1.18,0,29.4,18,22.4,0,0,1.2,0,1.18,0,118,,0	1/3 cup~85|1 package~595
2622814	B	51	29,1.22,.41,4.9,351,.41,0,2,.4,0,.15,8,24,0,,,,73	1 cup~245|1 package~425
1969861	B	51	4,.41,0,.41,351,.41,0,0,0,0,0,0,0,,0,0,0	1 cup~245|1 package~907
2471975	B	108	48,2.4,1.2,6.4,712,0,.4,8,0,0,.4,16,24,,.075,.4,0	½ cup~125|1 package~298
2622815	B	51	37,2.04,.82,4.9,335,.82,.2,6,.4,0,.29,8,20,2.4,,.41,.2,147	1 cup~245|1 package~425
2400375	B	45	85,5.38,.77,15.4,362,.77,0,0,3.8,0,1.77,31,331,,0,0,0	½ cup~130|1 package~439
2084901	B	89	140,4.66,10.6,6.36,411,1.27,4.66,17,1.3,.64,.46,17,,0	1 cup~236|1 package~425
2298862	B	89	73,2.82,3.76,7.06,282,.71,1.65,6,1.4,.35,.33,7,111,,0	1 container~425
2446849	B	4	464,3.57,17.9,71.4,375,28.6,5.36,0,3.6,0,2.5,0,0,,0,5.36,7.14	2 cookies~28|1 package~340
1963024	B	88	403,3.23,9.68,77.4,645,38.7,4.84,0,3.2,0,3.23,81,129,,0,4.03,1.61	½ cup~62|1 package~184
1972311	B	82	321,3.57,1.79,85.7,286,67.9,,,,,,46,4	¼ package~28|1 package~110
2472518	B	3	167,4.76,4.76,27.4,77,22.6,2.98,18,1.2,0,1.07,167,357,,0	2/3 cup~84|1 package~1650
1961243	B	4	500,3.12,18.8,75,78,53.1,9.38,0,3.1,0,2.5,0,0,,0,7.81,1.56	4 wafers~32|1 package~226
2448333	B	60	256,2.56,0,61.5,26,43.6,,,,,2.56	2 tbsp~39|1 package~680
2405545	B	31	25,2.47,0,4.94,25,1.23,0,0,2.5,0,1.23,56,212,56.8,0	1 cup~81|1 package~907
1947442	B	37	17,1.65,0,2.48,256,0,0,0,1.7,0,2.48,92,311,,0	½ cup~121|1 package~383
1929846	B	112	89,16.1,2.68,0,464,0,0,54,0,0,0,0,,0	1 serving~56|1 package~283
1962514	B	22	56,0,0,15.1,,12.7,,,.8,,0,6,71,71.4,0	½ cup~126|1 package~680
2474869	B	6	340,5,13,53,200,26,5,0,0,0,2,159,77,,1	1 bun~100|1 package~400
2655380	B	14	415,7.32,9.76,78,732,31.7,0,0,7.3,0,14.6,317,195,19.5,3,4.88,3.66,1220,16.1,1,1.46,1.71,263,,,4.88,12.2	1 cup~41|1 package~574
2483430	B	9	330,4.85,12.6,51.5,204,26.2,4.85,0,1.9,0,1.94,136,89,,.975	1 bun~103|1 package~825
1902735	B	51	82,1.63,4.9,8.16,424,.41,.82,2,.4,0,.59,16,98,0,,1.22,2.86	1 cup~245|1 package~425
1969925	B	62	333,0,26.7,13.3,800,13.3,3.33,33,0,0,0,7,7,,0	1 tbsp~15|1 package~444
2445598	B	15	109,1.56,0,26.6,922,21.9,0,0,1.6,0,0,,219,,0	1 serving~64|1 package~340
2280500	B	27	333,9.8,29.4,3.92,843,0,9.8,78,0,0,.71,78,,0	5 pieces~51|1 package~340
2478681	B	14	400,5,1.25,90,600,42.5,0,0,0,0,14,0,175,20,3.25,0,0,,15.8,1,1.25,1.5,322,25,75,4.75,4.75,,,.25	1 cup~40|1 package~907
2655384	B	14	378,2.7,0,86.5,378,43.2,0,0,0,0,12.2,351,54,24.3,5,0,0,595,13.5,1,1.08,1.35,551,14,108,4.05,10.3,,,0	1 cup~37|1 package~550
2541941	B	18	47,0,0,11.9,3,11.7,0,0,0,0,0,0,0,,0	12 fl oz~360|1 package~2000
2472515	B	2	357,25,28.6,0,571,0,17.9,89,0,0,.71,693,107,,.725	¼ cup~28|1 package~2260
2411207	B	54	0,0,0,0,0,0,0,0,0,0,0,20,0,,0	1 tbsp~15|1 package~3780
2656036	B	38	359,7.69,3.85,71.8,1200,12.8,0,26,2.6,0,3.59,256,103,,0,1.28,1.28	1 serving~39|1 package~156
2155640	B	31	93,2.67,.67,21.3,0,2.67,0,0,2.7,0,0,4,213,,0	1 mini ear~75
2407043	B	5	571,7.14,32.1,57.1,571,0,5.36,0,3.6,0,0,132,186,,0	1 serving~28|1 package~262
1963022	B	26	289,7.89,14.5,31.6,803,11.8,3.29,39,1.3,0,1.89,53,,0,,5.26,4.61	1 corn dog~76|1 package~454
2478675	B	14	350,5,0,75,525,10,0,0,2.5,0,28.2,0,125,47.5,3.25,0,0,,15.8,1,1.25,1.5,322,,,4.75	1¼ cup~40|1 package~907
2281110	B	81	350,0,0,90,0,0,0	1 tbsp~10|1 package~454
2451729	B	6	404,5.26,19.3,54.4,316,28.1,3.51,61,1.8,0,1.89,35,123,,0	1 cornbread~57|1 package~170
1969936	B	89	161,7.2,10.2,9.75,411,.42,4.24,25,.8,.64,.76,0,161,,0	1 cup~236|1 package~396
2140246	B	10	67,0,0,16.2,15,15.8,,,,,,,,25	8 fl oz~240|1 package~1890
2140244	B	10	46,0,0,12.9,15,12.1,,,,,,,21,25	8 fl oz~240|1 package~1890
2502502	B	2	286,3.57,28.6,7.14,464,7.14,14.3,0,0,0,0,179,214,,0	2 tbsp~28|1 package~226
2469720	B	108	48,1.6,1.6,7.2,680,.8,.8,4,0,0,.24,24,32,,.075,.8,0	½ cup~125|1 package~298
2403483	B	108	56,.8,2.4,7.2,664,.8,.4,0,0,0,.08,24,40,,0,.4,1.2	½ cup~125|1 package~298
2155824	B	37	56,.8,.8,12.8,240,6.4,0,0,.8,0,0,3,68,,0	½ cup~125|1 package~418
1969829	B	49	562,21.9,46.9,25,438,9.38,9.38,0,6.2,0,1.56,62,562,,0	2 tbsp~32|1 package~1810
1962536	B	23	333,0,30,20,867,13.3,3.33,33,0,0,0,20,13,,0	1 tbsp~15|1 package~887
1960195	B	40	429,0,17.9,67.9,107,64.3,7.14,0,0,0,0,0,36,,0,0,5.36	2 tbsp~28|1 package~340
2376020	B	96	143,2.38,4.76,23.8,333,1.19,1.19,0,2.4,0,.43,13,417,,0,2.38,1.79	1 serving~84|1 package~907
2478672	B	14	400,5,1.25,90,700,42.5,0,0,2.5,0,16,0,75,22.5,3.5,0,0,,17.8,1,1.5,1.75,218	1 cup~40|1 package~907
2655382	B	14	400,7.5,0,92.5,625,10,0,0,0,0,28.2,0,100,45,3,0,0,1120,18.2,1,1.5,1.5,615,25,125,4.5,11.2	1½ cup~40|1 package~680
2407033	B	5	500,7.14,21.4,67.9,393,0,3.57,0,3.6,0,0,125,0,,0	1 serving~28|1 package~284
2612169	B	36	250,10.7,10.7,26.8,598,2.68,1.79,13,2.7,0,1.43,45,304,,0	5 sticks~112|1 package~1280
2448392	B	49	562,21.9,46.9,25,359,9.38,9.38,0,6.2,0,0,62,594,,0	2 tbsp~32|1 package~510
2281222	B	26	259,11.6,13.4,25,598,1.79,2.23,13,1.8,0,1.61,54,268,,0	2 portions~112|1 package~454
2403480	B	47	33,1.64,0,6.56,148,3.28,0,0,1.6,0,.66,38,270,,0	¼ cup~61|1 package~425
2407071	B	75	200,3.33,16.7,6.67,183,6.67,13.3,67,0,0,0,173,0,0,0	2 tbsp~30|1 package~454
2280518	B	31	111,2.22,1.11,23.3,0,4.44,0,0,2.2,0,0,0,122	2/3 cup~90|1 package~2268
2403477	B	37	17,.83,0,3.33,242,1.67,0,0,.8,0,.33,22,83,,0	½ cup~120|1 package~411
2542926	B	45	92,5.38,0,16.2,200,1.54,0,0,3.8,0,1.69,38,331,,0,0,0	½ cup~130|1 package~439
2326288	B	38	395,4.65,9.3,76.7,767,41.9,4.65,0,2.3,0,3.26,93,326,,0,2.33,2.33	.1 package~43|1 package~432
2403471	B	47	21,.83,0,4.13,149,2.48,0,0,.8,0,0,0,190,,0	½ cup~121|1 package~411
2374878	B	54	0,0,0,0,0	1 tbsp~15|1 package~946
2410475	B	104	0,0,0,0,10000,0	.12 tsp~.6|1 package~230
2368303	B	9	390,3,19,53,280,40,5,50,0,0,2,17,103,,0	.2 of~100|1 package~500
1920587	B	25	0,0,0,0,8,0	1 bottle~200|1 package~1200
2483519	B	0	567,23.3,46.7,23.3,533,6.67,6.67,0,6.7,0,1.67,67,633,,0,26.7,10	¼ cup~30|1 package~978
2472526	B	81	333,10,0,73.3,0,3.33,0,0,0,0,3.33,20,130,,0,,,,6.67,1,.333,,154	¼ cup~30|1 package~2270
2472519	B	81	333,10,0,70,1230,0,0,0,3.3,0,3.33,43,123,,0,,,,3.33,1,.333,,144	¼ cup~30|1 package~2270
2407044	B	16	357,12.5,1.79,75,0,3.57,0,0,3.6,0,3.21,0,196,,0,0,.89,,7.14,1,.455,,348	1 serving~56|1 package~907
2484169	B	16	357,12.5,1.79,75,0,3.57,0,0,3.6,0,3.21,0,196,,0,0,.89,,7.14,1,.455,,209	½ cup~56|1 package~907
2669342	B	16	357,12.5,1.79,75,0,3.57,0,0,3.6,0,3.21,0,196,,0,0,.89,,7.14,1,.455,,209	1 serving~56|1 package~454
2669340	B	16	357,12.5,1.79,75,0,3.57,0,0,3.6,0,3.21,0,196,,0,0,.89,,7.14,1,.455,,209	2/3 cup~56|1 package~454
2473339	B	16	357,12.5,1.79,75,0,3.57,0,0,3.6,0,3.21,0,196,,0,0,.89,,7.14,1,.455,,209	1 serving~56|1 package~907
2669341	B	16	357,12.5,1.79,75,0,3.57,0,0,3.6,0,3.21,0,196,,0,0,.89,,7.14,1,.455,,209	1 serving~56|1 package~454
2473327	B	91	375,14.3,4.46,69.6,18,3.57,.89,107,3.6,0,3.39,0,232,,0,.89,1.79,,7.14,1,.455,,214	1½ cup~56|1 package~454
2473326	B	91	375,14.3,4.46,69.6,18,3.57,.89,107,3.6,0,3.39,0,286,,0,.89,1.79,,7.14,1,.455,,214	1¼ cup~56|1 package~454
2473345	B	39	133,6.67,6.67,10,117,10,0,0,0,0,0,200,367,,2	2 tbsp~30|1 package~354
2328082	B	51	5,.97,0,.24,336,0,0,0,0,0,0,12,15,,0	1 can~411
2374720	B	4	350,5,7.5,70,425,35,2.5,0,0,0,2.5,0,150,,0	1 cookie~20|1 package~283
1945656	B	18	44,0,0,10.8,17,10.8,0,0,0,0,0,0,0,,0	12 fl oz~360|1 package~2000
1932049	B	96	188,2.35,7.06,28.2,376,0,1.18,0,2.4,0,.42,0,,4.2	1 serving~85|1 package~2270
2472524	B	3	179,4.76,5.36,27.4,77,21.4,2.98,48,0,0,0,155,226,,0	2/3 cup~84|1 package~1650
1939678	B	7	18,0,0,3.57,929	1 serving~28|1 package~710
2479589	B	46	385,3.85,10.6,70.2,260,37.5,4.81,0,1.9,0,5.77,35,388,,0,,,,2.88,0,.481,.577,69	2 pastries~104|1 package~312
2655381	B	14	350,5,0,82.5,375,35,0,0,0,0,11.2,0,75,37.5,2,0,0,575,25,2,2.25,2.5,255,,,3.75	1 cup~40|1 package~760
2655386	B	14	367,8.33,1.67,86.7,17,20,0,0,10,0,31.2,0,317,0,0,0,.83,0,9.67,1,.833,1,115,75,283,2.83,2.83,,,.333	1 cup~60|1 package~680
2478647	B	14	367,8.33,1.67,86.7,17,20,0,0,10,0,31.2,0,317,0,0,0,.83,,9.67,1,.833,1,115,75,283,2.83,2.83,,,.333	1 cup~60|1 package~907
2535005	B	46	375,2.88,8.65,71.2,240,38.5,4.33,0,1,0,4.81,29,285,,0,,,,1.92,0,.481,.481,66	2 pastries~104|1 package~312
1930844	B	3	141,2.35,3.53,23.5,71,18.8,2.35,18,0,0,0,98,149,,0	2/3 cup~85
1930562	B	3	153,1.18,3.53,25.9,76,22.4,2.35,59,0,0,0,95,147,,0	2/3 cup~85
1930845	B	52	141,2.35,3.53,23.5,71,20,2.35,18,0,0,0,99,153,,0	2/3 cup~85
1934972	B	52	141,1.18,3.53,23.5,71,20,2.35,18,0,0,0,99,153,,0	2/3 cup~85
1933757	B	52	141,1.18,3.53,23.5,71,20,2.35,18,0,0,0,100,156,,0	2/3 cup~85
1931002	B	3	153,1.18,3.53,28.2,71,23.5,2.35,16,0,0,0,91,165,,0	2/3 cup~85|1 package~3780
1888138	B	25	0,0,0,0,8,0	1 bottle~200|1 package~1200
2542462	B	44	56,0,0,13.7,0,12.1,0,0,.8,0,0,4,56,,0	½ cup~124|1 package~425
2132094	B	44	63,0,0,15.9,0,11.9,0,0,.8,0,0,8,56,,0	½ cup~126|1 package~822
2478679	B	14	375,5,0,87.5,250,47.5,0,0,2.5,0,29.5,325,75,47.5,3.25,0,0,,15.8,1,1.25,1.5,638,,,4.75,11.8	1¼ cup~40|1 package~907
1962537	B	4	478,4.35,21.7,69.6,326,34.8,15.2,0,0,0,3.91,0,0,,0	1 cookie~23|1 package~369
1962545	B	4	486,2.86,20,71.4,343,31.4,14.3,0,0,0,4.29,0,0,,0	3 cookies~35|1 package~369
2472484	B	3	167,3.57,4.76,28.6,83,22.6,2.98,18,0,0,.48,155,238,,0	2/3 cup~84|1 package~3780
2410471	B	45	92,4.62,1.54,15.4,246,.77,0,0,3.1,0,1.08,31,177,,0	½ cup~130|1 package~439
2612170	B	32	28,.8,.8,4.8,384,2.4,0,0,1.6,0,.8,14,200,,0	½ cup~125|1 package~680
2480792	B	85	375,7.5,20,37.5,525,2.5,3.75,0,2.5,0,2.5,25,100,,.25	1 slice~40|1 package~319
2284825	B	101	25,1.01,0,5.05,30,5.05,0,0,0,0,0,4,235,,0	1 unit~99|1 package~794
1964496	B	4	423,3.85,13.5,76.9,423,34.6,1.92,0,0,0,2.69,0,0,,0	3 cookies~26|1 package~340
2399234	B	37	55,.78,.39,12.5,352,5.47,0,0,.8,0,.28,0,37,,0	½ cup~128|1 package~439
1949781	B	73	375,0,0,100,0,100,0,0,0,0,0,0,0,,0	2 tsp~8|1 package~1810
2124258	B	42	250,0,0,65,0,45	1 tbsp~20|1 package~907
2407045	B	2	400,40,30,0,1800,0,20,100,0,0,0,1040,0,,0	2 tsp~5|1 package~226
2400398	B	45	77,4.62,0,13.8,315,.77,0,0,4.6,0,1.23,62,292,,0,0,0	½ cup~130|1 package~439
2337945	B	31	75,5.38,0,14,11,5.38,0,0,4.3,0,1.08,22,153,,0	2/3 cup~93|1 package~907
1939681	B	7	0,0,0,0,1180	1 serving~28|1 package~946
2545663	B	19	147,0,0,35.3,559,17.6,,,,,,3,82	2 tbsp~34|1 package~510
2502388	B	74	250,6.25,3.12,48.4,844,4.69,.78,0,1.6,0,2.5,,156,,0	3 biscuits~64|1 package~212
2483218	B	99	300,8.57,10,40,714,2.86,1.43,7,1.4,0,5.14,371,0,,0,2.14,3.57,,5.71,0,.486,.571,69,,286,1.71	2 waffles~70|1 package~280
1969947	B	19	147,0,0,38.2,529,17.6,,,,,,3,85	2 tbsp~34|1 package~510
2655379	B	14	375,7.5,3.75,80,525,32.5,0,0,7.5,0,15,325,325,50,3,1.25,1.25,750,16.8,1,1.5,1.75,682,,,5,12.5	1 cup~40|1 package~612
2478678	B	14	375,7.5,3.75,80,525,32.5,0,0,7.5,0,15,325,325,50,3.25,1.25,1.25,,16.8,1,1.5,1.75,682,,,5,12.5	1 cup~40|1 package~907
2478682	B	14	400,7.5,2.5,87.5,450,30,0,0,2.5,0,13.5,0,150,55,3.25,0,0,,16.8,1,1.5,1.75,338,,,5,12.5	1½ cup~40|1 package~907
1881504	B	0	567,23.3,43.3,26.7,300,20,6.67,0,6.7,0,0,53,610,,0,23.3,13.3	¼ cup~30|1 package~978
2151698	B	30	393,7.14,1.79,82.1,536,78.6,1.79,18,1.8,0,1.79,464,1070,,0	1 serving~28|1 package~284
2449270	B	19	0,0,0,0,2600,0	1 tsp~5|1 package~355
2151703	B	4	438,6.25,15.6,71.9,406,31.2,4.69,0,3.1,0,2.19,0,0,,0,4.69,6.25	2 cookies~32|1 package~510
2266501	B	23	357,42.9,14.3,28.6,2430,14.3,,,,,5.71,,1860	1 tbsp~7|1 package~119
2407032	B	50	0,0,0,0,0,0,0,0,0,0,0,0,0,,0	¼ tsp~1.3|1 package~236
2340227	B	67	368,5.26,0,79,79,5.26,0,0,5.3,0,1.05,53,684,,0	1/3 cup~19|1 package~757
2473340	B	2	286,25,21.4,3.57,750,0,12.5,71,0,0,0,704,0,,0	1/3 cup~28|1 package~340
2403489	B	5	536,7.14,32.1,53.6,857,3.57,3.57,0,3.6,0,1.43,32,1250,,0,7.14,17.9	1 serving~28|1 package~269
1960685	B	7	18,0,0,3.57,929	1 serving~28|1 package~473
1939677	B	7	18,0,0,3.57,929	1 serving~28|1 package~946
1960677	B	7	18,0,0,3.57,929	1 serving~28|1 package~473
2378125	B	9	337,4.82,15.7,43.4,253,20.5,8.43,0,0,0,1.2,106,54,,0	1 danish~83|1 package~330
2483429	B	9	289,3.61,9.64,47,241,26.5,4.82,6,1.2,0,1.2,110,55,,14.4	1 serving~83|1 package~660
2602334	B	10	0,0,0,0,0,0,0,0,0,0,0,20,100,,0	1 tsp~5|1 package~946
2470573	B	30	370,0,0,96.3,0,96.3	6 tsp~27|1 package~1420
2266478	B	18	244,0,0,64.4,0,60,,0	1½ fl oz~45|1 package~355
1962548	B	60	400,0,0,100,33,33.3,0,0,0,0,0,0,0,,0	2 tbsp~30|1 package~946
2375315	B	45	92,5.38,0,16.2,200,1.54,0,25,3.8,0,1.69,,331,,0,0,0	½ cup~130|1 package~439
1850697	B	61	356,6.67,0,77.8,0,0,0,0,0,0,3.2,,89,,,,,,3.56,0	¼ cup~45|1 package~907
1888134	B	3	141,4.69,3.12,23.4,94,18.8,2.34,16,0,0,0,156,,0	½ cup~64|1 package~1650
2472521	B	2	286,21.4,17.9,7.14,643,3.57,10.7,54,0,0,.36,675,179,,.35	¼ cup~28|1 package~2260
1850701	B	112	232,10.7,17.9,5.36,1320,3.57,5.36,89,0,0,1.29,107,,0	1 serving~56|1 package~340
2151701	B	4	469,6.25,18.8,68.8,469,25,6.25,0,3.1,0,2.5,0,0,,0,4.69,7.81	2 cookies~32|1 package~510
1859376	B	44	57,.71,0,14.3,14,12.9,0,0,.7,0,.26,14,,15	½ cup~140|1 package~425
1940470	B	40	100,0,0,40,0,40,0,0,0,0,0,0,0,,0	1 cherry~5|1 package~283
2655383	B	14	375,7.5,3.75,80,475,35,0,0,5,0,25.2,375,225,22.5,4,0,0,825,18.5,2,1.5,1.75,758,,,5.5,14	1 cup~40|1 package~581
2478673	B	14	375,7.5,3.75,80,475,35,0,0,5,0,25.2,375,225,22.5,3.75,0,0,,18.5,2,1.5,1.75,758,,,5.5,14	1 cup~40|1 package~907
2376327	B	1	300,3.33,0,76.7,83,63.3,0,0,0,0,0,0,0,,0,0,0	1 serving~30|1 package~454
1962546	B	23	714,0,78.6,0,500,0,10.7,36,0,0,0,14,7,,0	1 tbsp~14|1 package~887
2612175	B	32	35,1.56,.78,6.25,375,3.91,0,0,1.6,0,.78,17,211,,0	½ cup~128|1 package~680
2541904	B	15	32,0,0,6.45,774,3.23,0,0,0,0,0,0,258,,0	2 tbsp~31|1 package~439
2472527	B	2	393,21.4,28.6,3.57,607,0,17.9,89,0,0,.36,711,71,,.725	¼ cup~28|1 package~2260
1900459	B	34	265,10.2,10.9,33.3,381,2.04,4.76,20,2,0,2.45,170,,2.4,,2.72,2.38	1 pizza~147
2490748	B	2	321,14.3,28.6,7.14,1390,0,5.36,0,0,8.93,0,536,,0,,8.93,1.79	¼ cup~28|1 package~170
2472528	B	2	393,21.4,32.1,3.57,643,0,17.9,89,0,0,0,689,75,,.725	¼ cup~28|1 package~2260
2400374	B	35	33,0,0,6.67,767,3.33,0,0,0,0,0,0,0,,0	2 tbsp~30|1 package~680
2483419	B	15	33,0,0,6.67,700,3.33,0,0,3.3,0,0,0,400,,0	2 tbsp~30|1 package~453
2328097	B	35	33,0,0,6.67,733,6.67,0,0,0,0,0,0,0,,0	1 tbsp~15|1 package~453
2376326	B	1	300,3.33,0,76.7,83,60,0,0,0,0,0,0,0,,0,0,0	2/3 cup~30|1 package~454
2473335	B	5	357,7.14,3.57,67.9,964,0,0,0,3.6,0,.71,0,107,,0	1 serving~28|1 package~850
2478789	B	5	400,10,3.33,80,1070,3.33,0,0,3.3,0,6.67,0,0,,0,0,0	22 pretzels~30|1 package~340
2403472	B	37	17,.83,0,3.33,242,1.67,0,0,.8,0,.33,22,83,,0	½ cup~120|1 package~411
2544712	B	37	24,.8,0,5.6,232,2.4,0,0,.8,0,.48,24,136,,0	½ cup~125|1 package~425
2369017	B	0	500,16.7,33.3,43.3,233,30,8.33,0,6.7,0,1.67,67,633,,0,15,8.33	¼ cup~30|1 package~1190
2298153	B	32	47,1.56,1.17,8.59,367,5.47,,,1.6,,.78,17,289,,0	½ cup~128|1 package~680
2338031	B	5	536,7.14,28.6,60.7,607,3.57,3.57,0,3.6,0,3.57,154,236,,0	1 serving~28|1 package~312
1962511	B	129	106,0,0,27.1,59,20,0,0,1.2,0,.59,0,47,,0	1/3 cup~85|1 package~567
2472516	B	3	167,4.76,4.76,26.2,77,21.4,2.98,18,0,0,.48,167,274,,0	2/3 cup~84|1 package~1650
2151696	B	4	464,7.14,17.9,71.4,429,28.6,5.36,0,3.6,0,2.5,0,0,,0,5.36,7.14	2 cookies~28|1 package~340
2281188	B	9	393,3.57,21.4,46.4,375,25,7.14,0,0,0,1.43,71,36,,0	2 donuts~28|1 package~454
2400401	B	14	375,12.5,6.25,67.5,0,2.5,0,0,10,0,4.25,45,362,,0,2.5,2.5	½ cup~40|1 package~1190
2653925	B	25	36,0,0,9.44,0,8.89,0,0,0,0,,0,0,16.7,0	12 fl oz~360|1 package~3780
2653985	B	10	50,.83,0,12.1,2,8.75,,,,,.12,12,183,33.3	8 fl oz~240|1 package~1890
1945663	B	18	53,0,0,13.3,10,13.1,0,0,0,0,0,0,0,,0	12 fl oz~360|1 package~2000
2543702	B	19	147,0,0,35.3,559,17.6,,,,,,3,85	2 tbsp~34|1 package~510
2281223	B	0	625,3.12,50,37.5,906,0,3.12,0,0,0,3.12,3,66,,0	1 serving~32|1 package~142
2655387	B	12	321,35.7,8.93,25,1820,25,3.57,107,0,0,3.57,0,571,,1	1 serving~28|1 package~283
1885225	B	70	500,0,0,100,0,0,0,0,0,0,0,0,0,,0,0,0	1 tsp~2|1 package~283
2612174	B	32	35,.78,.78,6.25,375,3.91,0,0,1.6,0,.78,16,211,,0	½ cup~128|1 package~680
2403474	B	5	536,7.14,35.7,53.6,536,0,3.57,0,3.6,0,1.43,25,1290,,0,8.93,21.4	1 serving~28|1 package~284
2177113	B	38	356,6.67,1.44,75.6,1220,2.22,0,0,2.2,0,4.44,356,111,,0,0,0	makes 2-4 1/2" pancakes~45|1 package~907
1909592	B	60	400,0,0,96.7,33,33.3,,,,,,,17	2 tbsp~30|1 package~710
2407049	B	0	600,26.7,53.3,16.7,300,3.33,8.33,0,10,0,2,67,700,,0	¼ cup~30|1 package~255
2602333	B	44	48,0,0,12.1,4,10.5,0,0,1.6,0,0,5,43,,0	½ cup~124|1 package~425
2009329	B	44	63,0,0,15.1,0,10.3,0,0,1.6,0,0,6,62,,0	½ cup~126|1 package~822
2543149	B	34	269,11,11.7,29,572,3.45,4.83,28,2.1,0,.69,200,214,,0	1 serving~145|1 package~436
2405018	B	37	27,1.77,0,5.31,283,2.65,0,0,2.7,0,.96,0,62,,.175	1/3 cup~113
2415801	B	7	167,0,16.7,0,1600,,3.33,,,0,,67	1 serving~15|1 package~163
2400400	B	45	85,5.38,0,15.4,315,.77,0,0,3.8,0,1.23,46,346,,0,0,0	½ cup~130|1 package~439
2008084	B	89	108,4.62,1.54,18.5,338,5.38,.38,4,4.6,0,2.08,46,,1.8	½ cup~130|1 package~453
2320810	B	5	400,10,3.33,80,1070,0,0,0,3.3,0,4.67,0,0,,0,0,0	42 pretzels~30|1 package~340
2055775	B	41	893,0,100,0,0,,14.3,,,0,,,,,,50,35.7	1 tbsp~14|1 package~500
2281190	B	14	357,7.14,1.55,78.6,0,0,.48,0,.6,0,3.1,0,95,,0,0,0	¼ cup dry~42|1 package~680
2415993	B	14	375,12.5,6.25,67.5,0,2.5,0,0,10,0,4.25,45,362,,0,2.5,2.5	½ cup~40|1 package~1190
2478676	B	14	333,6.67,1.67,76.7,500,28.3,0,,11.7,0,8,67,500,10,1.82,0,,,9,1,.833,.833,175,142,350,,2.67,,,41.7	1 cup~60|1 package~907
2320821	B	22	300,2.5,0,80,0,60,0,0,5,0,2.5,50,750,,0	¼ cup~40|1 package~567
2320808	B	5	500,7.14,21.4,67.9,393,0,3.57,0,3.6,0,0,125,0,,0,8.93,10.7	1 serving~28|1 package~312
2407038	B	0	567,16.7,46.7,30,400,6.67,8.33,0,3.3,0,6,33,633,,0	¼ cup~30|1 package~226
2338036	B	0	600,26.7,53.3,16.7,317,3.33,8.33,0,10,0,1.67,67,733,,0	¼ cup~30|1 package~255
1809379	B	18	50,0,0,12.5,10,12.5,0,0,0,0,0,0,0,,0	12 fl oz~360|1 package~1999
2544056	B	20	74,2.03,0,17.6,0,.68,0,0,1.4,0,.74,14,419,18.2,0,,,,,,,.135	1 potato~148
2415954	B	7	167,0,16.7,0,1600,,3.33,,,0,,133	2 thsp~15|1 package~425
2324954	B	7	100,0,10,6.67,800,,0,0,,0,2,,,,,6.67,0	4 olives~15|1 package~170
2403484	B	62	714,0,78.6,0,643,0,50,214,0,0,0,0,0,,0	1 tbsp~14|1 package~453
2431358	B	29	429,7.14,10.7,78.6,929,0,0,0,0,0,4.29,0,0,,0,0,7.14	5 crackers~14|1 package~454
2407048	B	2	237,0,18.4,15.8,1050,5.26,7.89,0,0,0,0,668,0,,0	1 slice~19|1 package~1360
2329307	B	2	237,0,18.4,15.8,1050,5.26,7.89,0,0,0,0,668,0,,0	1 slice~19|1 package~226
2415925	B	7	17,0,0,3.33,667,3.33,0,0,0,0,0,0,150,,0	2 tbsp~30|1 package~408
2299719	B	34	252,7.48,10.2,32,429,2.04,3.4,3,1.4,0,1.84,102,,3.3,,3.4,2.72	1 pizza~147
2546131	B	34	248,11.4,10.1,28.2,483,3.36,4.03,23,2,0,.74,201,208,,0	1/3 pizza~149|1 package~447
2280527	B	11	0,0,0,0,33100	¼ tsp~1.3|1 package~453
2472517	B	2	393,21.4,32.1,3.57,643,0,17.9,89,0,0,0,689,71,,.725	¼ cup~28|1 package~2260
2473338	B	2	286,21.4,17.9,3.57,679,0,12.5,54,0,0,0,689,0,,0	¼ cup~28|1 package~340
2473336	B	2	393,21.4,28.6,3.57,607,0,17.9,89,0,0,0,682,0,,0	1/3 cup~28|1 package~340
2473337	B	2	393,25,32.1,3.57,607,0,17.9,89,0,0,0,686,0,,0	1/3 cup~28|1 package~340
2338033	B	2	321,14.3,28.6,7.14,1210,0,14.3,0,0,0,0,593,0,,0	¼ cup~28|1 package~170
1996113	B	5	179,2.38,8.33,23.8,393,1.19,2.38,0,,0,.43,11,333,,0,2.98,2.98	1 serving~84|1 package~907
2407047	B	2	393,25,32.1,3.57,607,0,17.9,89,0,0,0,686,0,,0	1/3 cup~28|1 package~340
1971790	B	64	471,23.5,41.2,0,1650,0,14.7,88,0,0,0,0,,0	2 fried slices~17|1 package~340
2403486	B	20	33,.83,0,6.67,208,5,0,0,.8,0,0,0,125,,0	½ cup~120|1 package~425
2415927	B	37	25,0,0,5,208,3.33,0,0,.8,0,0,25,117,,0	½ cup~120|1 package~411
2410467	B	44	36,.71,0,9.29,0,6.43,0,0,1.4,0,.29,6,186,,0	1 cup~140|1 package~454
1939717	B	37	36,.61,0,8.48,170,.61,0,0,1.2,0,.79,6,139,,0	2/3 cup~165|1 package~425
1962577	B	54	47,1.56,0,12.5,484,7.81,0,0,1.6,0,.47,16,203,,0	¼ cup~64|1 package~439
2415991	B	29	500,6.25,25,62.5,656,6.25,3.12,0,0,0,3.12,0,0,,0,6.25,15.6	5 crackers~16|1 package~388
1945648	B	18	61,0,0,15,10,14.7,0,0,0,0,0,0,0,,0	12 fl oz~360|1 package~2000
2403482	B	5	536,7.14,32.1,57.1,536,3.57,3.57,0,3.6,0,1.43,75,1290,,0,7.14,17.9	1 serving~28|1 package~269
1972613	B	89	66,2.48,2.07,9.5,293,2.48,.41,2,.8,0,.66,8,128,,0	1 cup~242|1 package~425
2270214	B	89	62,2.07,.41,13.6,227,5.37,0,0,1.2,0,.7,8,190,,0	1 cup~242|1 package~425
2472520	B	3	167,3.57,4.76,26.2,71,21.4,2.98,18,0,0,0,155,226,,0	2/3 cup~84|1 package~1650
1963030	B	38	410,5.13,8.97,75.6,500,38.5,3.85,0,1.3,0,1.92,58,64,,0,3.21,1.28	½ cup~78|1 package~198
2124259	B	42	250,0,0,65,0,50	1 tbsp~20|1 package~907
2602421	B	4	500,3.12,21.9,75,78,56.2,9.38,0,0,0,1.25,0,0,,0,7.81,1.56	4 wafers~32|1 package~226
2446848	B	4	464,3.57,17.9,71.4,536,28.6,5.36,0,0,0,2.14,0,0,,0,5.36,8.93	2 cookies~28|1 package~340
2655378	B	60	33,0,0,13.3,267,0	2 tbsp~30|1 package~710
2478684	B	14	400,7.5,0,90,0,50,0,0,5,0,3.25,0,225,10,3,0,0,,14.8,1,1.25,1.5,180	1¼ cup~40|1 package~907
2369023	B	73	0,0,0,100,0,100	1 packet~1|1 package~100
2270895	B	34	238,6.8,8.84,32,401,2.04,3.06,3,1.4,0,1.84,102,,6.1,,2.72,2.38	1 pizza~147
2415926	B	37	56,2.4,.4,9.6,240,4.8,0,0,2.4,0,.8,14,106,,0	½ cup~125|1 package~425
1939680	B	7	107,0,0,25,786,25	1 serving~28|1 package~473
2118321	B	7	133,0,0,33.3,800,26.7	1 tbsp~15|1 package~473
2301043	B	22	56,0,0,15.1,,12.7,,,.8,,0,4,71,71.4,0	½ cup~126|1 package~680
1962574	B	39	333,7.69,7.69,56.4,90,53.8,3.85,26,0,0,0,256,308,,0	2 tbsp~39|1 package~397
1959204	B	104	467,0,23.3,53.3,133,33.3,23.3,0,13.3,0,0,7,367,,0,,,,0,0,0	2 tbsp~15|1 package~198
2320811	B	2	393,21.4,28.6,7.14,679,0,16.1,89,0,0,0,679,0,,0	1/3 cup~28|1 package~340
1900455	B	34	245,7.48,9.52,32,408,2.04,3.4,7,1.4,0,1.84,102,,3.3,,3.06,2.38	1 pizza~147
2473343	B	34	238,8.84,8.84,31.3,347,2.04,2.38,7,1.4,0,1.77,177,211,,.4,1.36,3.4	1 pizza~147
2448332	B	131	98,18.8,2.23,0,223,0,.45,62,0,0,.32,0,,0	1 serving~112|1 package~1814
2369022	B	0	379,10.3,1.72,79.3,1410,0,0,0,3.4,0,5.17,0,0,,0,0,0	9 pretzels~29|1 package~340
2168069	B	29	452,6.45,16.1,71,645,12.9,1.61,0,9.7,0,2.9,0,323,,0,9.68,4.84	16 crackers~31|1 package~257
2655385	B	14	395,10.5,6.58,73.7,526,2.63,0,0,10.5,0,30,342,368,50,3,2.63,2.63,50,16.6,1,1.32,1.58,679,132,132,5,12.6,,,.263	1¼ cup~38|1 package~595
2269796	B	108	64,.8,.8,12.8,552,5.6,0,0,.8,0,.24,16,120,,0,0,0	½ cup~125|1 package~304
1929702	B	10	19,.42,0,4.17,283,2.92,0,0,.8,0,.75,8,179,30	8 fl oz~240|1 package~1360
1963028	B	19	118,0,0,29.4,941,23.5,0,0,0,0,0,0,0,,0	1 tbsp~17|1 package~1070
2471971	B	47	91,3.03,0,18.2,61,12.1,,,6.1,,,,818	2 tbsp~33|1 package~170
2403476	B	47	25,1.64,0,4.92,459,3.28,0,0,1.6,0,0,0,197,,0	¼ cup~61|1 package~425
2320519	B	45	108,6.15,1.54,16.9,385,.77,.77,0,4.6,0,1.54,33,382,,0	½ cup~130|1 package~454
2653924	B	25	36,0,0,9.44,0,8.89,0,0,0,0,0,0,0,16.7,0	12 fl oz~360|1 package~3780
2403475	B	5	536,7.14,35.7,53.6,7,0,3.57,0,3.6,0,1.43,25,1290,,0,8.93,21.4	1 serving~28|1 package~227
2367209	B	29	467,6.67,10,80,400,0,0,0,6.7,0,4.67,0,0,,0,0,6.67	5 crackers~15|1 package~453
2280504	B	22	40,0,0,11.5,0,9.73,0,0,.9,0,0,4,74,79.6,0	1 container~113|1 package~680
2472514	B	3	167,4.76,4.76,26.2,77,21.4,2.98,18,0,0,0,167,250,,0	2/3 cup~84|1 package~1650
2472525	B	3	167,3.57,4.76,28.6,83,22.6,2.98,18,0,0,.48,155,238,,0	2/3 cup~84|1 package~1650
1961236	B	4	500,3.12,21.9,75,78,56.2,9.38,0,0,0,1.25,0,0,,0,7.81,1.56	4 wafers~32|1 package~226
2151700	B	4	452,3.23,19.4,71,484,25.8,3.23,0,0,0,2.26,0,0,,0,4.84,9.68	7 cookies~31|1 package~340
2078586	B	41	857,0,100,0,0,0,14.3,0,0,0,0,0,,0,,21.4,57.1	1 tbsp~14|1 package~3780
2145967	B	108	64,2.4,.4,12,728,2.4,0,0,1.6,0,.32,16,160,,0,0,0	½ cup~125|1 package~304
2328098	B	112	200,11.7,16.7,1.67,1050,1.67,5,92,0,0,1.8,100,,0	4 sausages~60|1 package~130
2746053	B	69	200,11.7,16.7,1.67,1050,1.67,5,92,0,0,1.8,130,,0,,,,0	4 sausages~60
2399237	B	39	62,3.33,3.33,4.58,50,4.58,2.08,15,0,0,0,83,117,,.625	1 cup~240|1 package~3780
2369021	B	5	400,10,3.33,80,1070,0,0,0,3.3,0,6.67,0,0,,0,0,1.67	17 pretzels~30|1 package~454
2403481	B	5	536,7.14,35.7,53.6,500,0,3.57,0,3.6,0,1.43,25,1290,,0,8.93,21.4	1 serving~28|1 package~284
1943556	B	40	278,0,16.7,22.2,0,11.1,16.7,0,0,0,0,11,11,,0	2 tbsp~9|1 package~226
2415922	B	85	240,6,3,48,480,2,0,0,2,0,2,12,92,,0	1 slice~50|1 package~2270
2177114	B	38	395,2.33,6.98,81.4,605,44.2,3.49,0,0,0,1.86,70,47,,0,2.33,2.33	.1 package~43|1 package~432
1969822	B	0	467,6.67,26.7,50,833,3.33,1.67,0,10,0,1.67,0,813,,0	2 -2/3 cup~30|1 package~170
2484185	B	81	333,6.67,0,73.3,1300,3.33,0,0,3.3,0,3.33,27,133,,0,,,,6.67,0,.333,,146	¼ cup~30|1 package~2270
2399239	B	37	55,.78,.39,12.5,352,5.47,0,0,.8,0,.28,0,37,,0	½ cup~128|1 package~439
1922971	B	2	237,0,18.4,15.8,1050,5.26,7.89,0,0,0,0,789,,0	1 slice~19|1 package~227
2410476	B	55	50,.71,.71,12.1,0,8.57,0,0,2.9,0,.14,0,57,,0	1 cup~140|1 package~340
2126855	B	37	64,.8,.8,11.2,240,5.6,0,0,.8,0,0,0,84,,0	½ cup~125|1 package~432
2602406	B	39	62,3.33,3.33,5,44,5,2.08,15,0,0,0,83,117,,1	8 fl oz~240|1 package~3780
2403479	B	47	21,.83,0,4.13,99,2.48,0,0,.8,0,0,0,190,,0	½ cup~121|1 package~794
2338165	B	47	36,.61,0,8.48,170,.61,0,0,1.2,0,.79,6,139,,0	2/3 cup~165|1 package~425
2460348	B	44	93,0,0,23.6,18,22.1,0,0,.7,0,.71,7,93,,0	¾ cup~140|1 package~425
2410477	B	55	36,.71,0,9.29,0,4.29,0,0,2.1,0,.71,14,150,,0	1 cup~140|1 package~454
1939722	B	7	143,0,0,32.1,607,32.1	1 serving~28|1 package~473
2622811	B	27	326,9.3,25.6,14,953,2.33,6.98,105,0,0,0,140,,0,,,,0	1 frank~43|1 package~340
1961224	B	38	410,5.13,8.97,76.9,500,39.7,3.85,0,1.3,0,2.18,13,51,,0,3.21,1.28	½ cup~78|1 package~198
2481610	B	76	188,23.5,10.6,1.18,388,0,4.71,94,0,0,.94,318,247,,5.65	1/3 cup~85|1 package~425
2326289	B	38	395,2.33,6.98,81.4,628,41.9,3.49,0,0,0,2.09,70,47,,0,2.33,1.16	.1 package~43|1 package~432
2544833	B	44	56,.79,0,14.3,0,12.7,0,0,.8,0,0,0,63,,0	½ cup~126|1 package~425
2148588	B	44	56,.79,0,14.3,0,12.7,0,0,.8,0,0,2,64,,0	½ cup~126|1 package~822
2132125	B	44	56,.79,0,14.3,0,12.7,0,0,.8,0,0,0,63,,0	½ cup~126|1 package~425
2484184	B	81	367,6.67,1.67,80,0,0,0,0,3.3,0,3.33,3,143,,0,,,,6.67,0,.333,,154	¼ cup~30|1 package~907
2415943	B	5	500,7.14,25,64.3,268,0,3.57,0,3.6,0,3.57,136,157,,0	1 serving~28|1 package~312
2466647	B	19	0,0,0,0,1200	1 tsp~5|1 package~227
2049037	B	18	50,0,0,11.7,2,12.1,0,0,.4,,.15,8,,25	8 fl oz~240|1 package~473
2456293	B	18	42,.42,0,11.2,3,8.33,0,0,.4,,.15,8,,25	8 fl oz~240|1 package~473
745394	B	1	343,5.71,0,77.1,43,74.3,0,0,0,0,.29,0,,,0	1 piece~35
2124637	B	81	340,0,0,85,0,,0,,0	1 serving~20
2470012	B	55	80,2,6,5,5,,1.5,0,4,0,.7,50,190,,0,,,,.3,0,.18,.19,12000,22,20,50,.3,,11,.19	4 pack~100|1 package~400
2470013	B	55	100,1,5,12,10,8,1,0,4,0,.6,40,160,,0,,,,.3,0,.16,.17,12000,19,,50,.3,,10,.16	4 pack) / (~100|1 package~400
2470034	B	3	116,.72,2.17,18.1,4,11.6,.36,,2.9,,.72,25,65,1.1	2/3 cup~138|1 package~414
2122530	B	55	25,0,0,6,10,2,0,0,1,0,.36,20,110,900,,,,,.4,0,.102,,16,16,20,,.3,,0	1 pack~100|1 package~200
2174227	B	55	45,1,0,10,10,5,0,0,2,0,.36,0,,6,,,,,,0,.068,.08,,24,,,.3,,0,.16	1 pack~100|1 package~200
2122528	B	55	50,2,0,14,2,6,0,0,5,0,.36,20,410,132,,,,,.8,0,.034,.08,,8,,,.6,,0	1 pack~100|1 package~200
2125877	B	55	40,1,0,10,5,6,0,0,1,0,.36,20,170,12,,,,,.8,0,.102,,16,16,20,,,,0,.08	1 pack) / (~100|1 package~200
2400193	B	55	64,1.43,0,11.4,4,6.43,0,0,3.6,0,.71,0,221,8.6,0,,,,,,,,,32	1 serving~140|1 package~453
2122529	B	55	90,2,7,4,10,0,2,0,4,0,1.08,40,160,0,,,,,,0,.068,.08,,32,20,,.3,,3,.24	1 pack~100|1 package~200
2472921	B	3	116,.72,2.9,17.4,4,10.9,.36,,2.9,,.72,29,69,.7	2/3 cup~138|1 package~414
2027019	B	35	77,1.54,5.38,7.69,554,0,0,0,1.5,0,1.11,31,,3.7	¼ cup~65|1 package~709
1916081	B	35	32,1.61,2.1,6.45,452,1.61,0,0,1.6,0,.58,32,,29	¼ cup~62|1 package~340
2027029	B	35	69,0,5.38,4.62,815,0,0,0,0,0,.55,31,,1.8	¼ cup~65|1 package~709
1928505	B	35	32,1.61,2.1,6.45,452,1.61,0,0,1.6,0,.58,32,,29	¼ cup~62|1 package~340
2104576	B	35	69,0,5.38,4.62,815,0,0,0,0,0,.55,31,,1.8	¼ cup~65|1 package~340
1928503	B	54	77,1.54,5.38,7.69,554,0,0,0,1.5,0,1.11,31,,3.7	¼ cup~65|1 package~340
1928504	B	54	32,1.61,2.1,6.45,452,1.61,0,0,1.6,0,.58,32,,29	¼ cup~62|1 package~340
1928502	B	35	32,1.61,0,6.45,452,1.61,0,0,1.6,0,.58,32,,29	¼ cup~62|1 package~340
2026989	B	35	77,1.54,5.38,7.69,554,0,0,0,1.5,0,1.11,31,,3.7	¼ cup~65|1 package~709
2418184	B	2	250,14.3,17.9,3.57,411,3.57,14.3,71,0,0,0,143,,0	1 serving~28|1 package~112
1854600	B	2	250,14.3,17.9,3.57,411,3.57,14.3,71,0,0,0,143,,0	1 serving~28|1 package~112
1886858	B	6	300,7.5,12.5,42.5,300,2.5,10,0,5,0,0,0,,0	1 serving~40|1 package~400
1886857	B	66	354,6.15,16.9,43.1,508,3.08,9.23,0,3.1,0,1.11,0,,0	1 serving~65|1 package~390
1886703	B	74	333,8.33,5.56,66.7,611,2.78,1.39,0,2.8,0,1,0,,0	1 serving~36|1 package~300
1886860	B	85	292,7.69,10.8,44.6,369,4.62,6.15,0,10.8,0,2.77,31,,0	6 / package~65|1 package~390
2415327	B	12	312,53.1,9.38,3.12,2310,,3.12,109,,,3.38,0,,18.8	1 serving~32|1 package~113
2374590	B	12	286,17.9,21.4,3.57,893,3.57,8.93,71,0,0,0,0,750,,0	1 serving~28|1 package~227
1897613	B	6	296,7.41,3.7,59.3,556,3.7,0,0,3.7,0,4,74,,0	1 slice~27|1 package~454
2196399	B	49	176,0,0,41.2,0,41.2	1 tbsp~17|1 package~467
1953342	B	17	101,1.76,4.41,13.7,4,8.81,.22,0,.9,0,0,176,,0	1 cup~227|1 package~680
577098	B	20	62,0,0,15.2,9,11.6,0,0,.9,,0,0,,13.4	2 slices 3' diameter~112
2511327	B	24	30,0,0,4.22,0,3.38,,,0,,0,1,9,,0	1 serving~237
2438377	B	8	505,7.5,42.5,47.5,15,30,25,0,10,,10.4,50,,0	1 serving~40
1879672	B	40	636,9.09,45.4,36.4,0,,27.3	1 tbsp~11|1 package~170
2439160	B	8	515,7.5,40,50,15,35,25,0,10,,8.55,50,,7.5	1 serving~40|1 package~85
2438376	B	8	505,7.5,42.5,47.5,15,30,25,0,10,,10.4,50,,0	1 serving~40|1 package~85
2439159	B	8	492,7.5,35,55,12,40,22.5,0,7.5,,8.55,50,,0	1 serving~40|1 package~85
2438378	B	8	505,7.5,42.5,47.5,15,30,25,0,10,,10.4,50,,0	1 serving~40
2439208	B	8	505,7.5,42.5,47.5,15,30,25,0,10,,10.4,50,,0	1 serving~40|1 package~85
2127411	B	125	115,8.75,.62,18.8,859,8.75,0,18,0,0,0,88,,0	½ package~80|1 package~156
399064	B	29	550,6.67,33.3,53.3,700,6.67,10,0,0,0,0,0,,0	1 serving~30
2266643	B	44	250,0,0,65,0,60	1 tbsp~20|1 package~400
2090125	B	40	250,0,0,65,0,60	1 tbsp~20|1 package~600
2503872	B	7	0,0,0,3.57,1500,0,0,0,3.6,0,0,71,0,,0	.17 pickle~28
2378078	B	32	62,.88,3.54,6.19,,3.54,0,0,.9,0,.88,17,2,,0	½ cup~113|1 package~708
2630230	B	32	150,2.5,14.2,5.83,392,4.17,7.5,33,1.7,0,.08,33,258,,0	½ cup~120|1 package~708
1864458	B	4	533,6.67,26.7,63.3,83,26.7,10,27,0,0,2.4,67,,0	1 cookie~15|1 package~546
2396426	B	10	27,.34,0,6.42,7,4.73,,,,,,,47	1 bottle~296
2396425	B	10	24,0,0,5.41,3,4.05,,,,,,,47,2	1 bottle~296
2396137	B	25	24,0,0,5.41,3,4.05,,,,,,,47,2	1 bottle~296
1789286	B	39	84,1.69,1.69,13.9,8,13.1,.21,0,2.1,0,.61,17,,0	1 cup~237|1 package~473
1908649	B	72	84,1.69,1.69,13.9,8,13.1,.21,0,2.1,0,.61,17,,0	1 cup~237|1 package~473
2074661	B	72	84,1.69,2.53,12.7,11,13.1,2.11,0,2.1,0,.46,17,,0	1 cup~237
2084601	B	10	80,2.11,1.05,14.4,15,12.2,.42,0,1.7,,.46,17,,0	1 cup~237|1 package~474
1931031	B	1	350,10,0,80,0,60,0,0,0,0,0,0,,0	1 bag~10
1934184	B	1	350,10,0,80,0,60,0,0,0,0,0,0,,0	1 bag~10
2653499	B	22	267,10,0,56.7,10,30,0,0,10,0,3.33,67,1180,,0	1 serving~30|1 package~65
2652370	B	22	267,6.67,0,70,0,43.3,0,0,16.7,0,1.33,67,33,,0	1 serving~30|1 package~65
2652369	B	22	267,10,0,53.3,30,33.3,0,0,10,0,3.33,67,1040,,0	1 serving~30|1 package~65
2384069	B	12	400,3.33,6.67,83.3,533,30,5,0,6.7,0,0,10,867,,0	1 serving~30|1 package~65
2280589	B	22	400,3.33,5,83.3,533,26.7,0,0,6.7,0,2,10,930,,0	1 serving~30|1 package~65
2442267	B	22	275,2.5,0,72.5,0,67.5,0,0,5,,.9,50,600,0	1 serving~40|1 package~454
2288613	B	43	145,1.57,14.5,5.1,400,1.96,12.6,0,.8,0,2.47,16,,3.5	1 serving~255
2026470	B	51	149,8.24,11.8,3.92,243,1.18,9.02,0,.8,0,2.12,31,,2.4	1 serving~255
1860836	B	38	409,9.09,9.09,72.7,182,45.4,4.55,0,9.1,0,0,0,,0	.03 of package~11|1 package~340
1860835	B	38	357,14.3,7.14,64.3,1360,7.14,0,0,7.1,0,0,429,,0	.05 package~14|1 package~280
1899018	B	88	423,7.69,3.85,92.3,250,38.5,0,0,3.8,0,0,0,,0	.1 of package~26|1 package~269
1914371	B	88	419,6.45,8.06,80.6,210,35.5,3.23,0,6.5,0,0,0,,0	.1 pf package~31|1 package~312
2432251	B	22	297,2.7,0,67.6,27,59.5,0,0,5.4,0,1.95,70,0,,0	1 serving~37
1790438	B	22	324,2.7,0,75.7,27,73,0,0,5.4,0,1.95,54,,3.2	1 serving~37
2432250	B	22	297,2.7,0,67.6,27,59.5,0,0,5.4,0,1.95,70,0,,0	1 serving~37
1776292	B	22	297,2.7,0,67.6,27,59.5,0,0,5.4,0,1.95,54,,0	1 serving~37
1689322	B	14	382,11.8,8.82,66.2,206,11.8,1.47,0,10.3,0,4.85,74,559,,0	1 package~68
1700866	B	14	371,11.3,4.84,71,73,16.1,.65,0,9.7,0,3.55,48,403,,0	1 package~62
1689321	B	38	379,12.1,6.9,67.2,1160,25.9,1.72,129,5.2,0,3.62,103,379	1 package~58
1700867	B	14	377,11.5,4.92,72.1,107,16.4,.66,0,9.8,0,3.61,49,377,,0	1 package~61
710736	B	121	284,9.17,1.83,56.9,688,9.17,.37,0,4.6,0,2.39,64,578,,0	1 package~109
1690641	B	16	275,6.67,8.33,44.2,258,5,4.17,21,4.2,0,2.25,50,517,,0	1 package~120
710734	B	121	264,7.27,3.18,52.7,518,7.27,.45,0,4.5,0,2,36,409,,0	1 package~110
1689319	B	38	379,12.1,6.9,69,1160,25.9,1.72,129,5.2,0,3.45,86,431	1 package~58
1690642	B	90	237,7.63,2.12,49.2,263,8.47,.34,0,7.6,0,2.2,59,466,,0	1 package~118
2386844	B	70	444,44.4,22.2,16.7,833,5.56,19.4,0,0,0,13.9,56,500,,0	3 tbsp~18|1 package~216
1993130	B	70	471,47.1,20.6,17.6,706,0,20.6,0,0,0,11.8,118,176,,0	3 tbsp / null~17|1 package~204
2628316	B	59	368,52.6,7.89,26.3,947,10.5,0,0,5.3,0,21.6,211,684,,0,,,84,,,,,,,,,,,,,,158	1 serving~19|1 package~285
1908204	B	13	350,8.33,13.3,60,42,41.7,2.5,0,6.7,0,4.5,67,583,20,,,,,,,,,,,,.6,,,,,,26.7	1 serving~60
2663488	B	59	412,58.8,8.82,29.4,1060,11.8,0,0,5.9,0,17.6,118,765,,0,,,94,,,,,,,,,,,,,,176	1 scoop~17|1 package~255
2474929	B	30	400,20,0,60,500,,,,40,,30,2200,2600,40,,,,,,,,,,,,,,,,,,3820	1 tsp~5|1 package~150
2663494	B	30	429,47.6,14.3,23.8,905,2.38,2.38,0,9.5,0,15.2,119,1000,42.9,10,,,167,,,,,,,,,,,,,,214	1 serving~42|1 package~756
2663496	B	59	381,47.6,9.52,23.8,762,2.38,4.76,0,9.5,0,21.7,167,1020,42.9,10,,,167,,,,,,,,,,,,,,219	1 serving~42|1 package~756
2663495	B	59	381,47.6,9.52,23.8,762,2.38,4.76,0,9.5,0,21.7,167,1020,42.9,10,,,167,,,,,,,,,,,,,,219	1 serving~42|1 package~420
2663490	B	59	400,57.1,10,17.1,771,2.86,5.71,0,5.7,0,20,200,543,51.4,11,,,200,,,,,,,,,,,,,,257	1 serving~35|1 package~770
2471944	B	59	400,50,15,20,550,12.5,0,0,2.5,0,5,260,558,2.5,,,,,,,,,,,,,,,,,,95	1 scoop~40|1 package~600
2663486	B	59	405,54,6.76,29.7,1050,13.5,1.35,0,8.1,0,16.2,216,676,0,,,,270,,,,,,,,,,,,,,186	1 scoop~37|1 package~555
2472755	B	13	400,20,0,60,200,,,,40,,28,800,2600,60,,,,,,,,,,,,,,,,,,2560	1 tsp~5|1 package~150
2593275	B	59	405,59.5,9.52,19,1070,7.14,4.76,0,2.4,0,16.7,143,0,,0	1 serving~42|1 package~420
2286464	B	13	400,20,15,51.7,200,23.3,5,0,5,0,7.5,100,,6	1 serving~60|1 package~720
2474910	B	59	439,48.8,12.2,26.8,976,14.6,2.44,0,9.8,0,8.78,139,405,0,,,,,,,,,,,,,,,,,,198	1 scoop~41|1 package~615
1868689	B	13	442,46.5,16.3,25.6,791,9.3,3.49,0,14,0,7.12,209,977,8.4,,,,,,,,,,,,,,,,,,83.7	1 serving~43
1983957	B	13	367,66.7,8.33,13.3,833,3.33,0,0,10,0,7.2,367,633,10,,,,,,,,,,,,,,,,,,50.7	1 serving~30|1 package~660
2663498	B	59	442,46.5,16.3,25.6,791,9.3,3.49,0,14,0,7.12,209,977,8.4,,,,419,,,,,,,,,,,,,,83.7	1 serving~43|1 package~430
1868565	B	13	355,64.5,8.06,12.9,806,3.23,0,0,9.7,0,9.29,355,613,9.7,,,,,,,,,,,,,,,,,,49	1 serving~31
2286699	B	13	379,69,8.62,13.8,862,3.45,0,0,10.3,0,9.93,379,655,10.3	1 serving~29|1 package~348
2663485	B	59	355,64.5,8.06,12.9,806,3.23,0,0,9.7,0,9.29,355,613,9.7,,,,581,,,,,,,,,,,,,,49	1 serving~31|1 package~341
2082546	B	13	400,20,15,51.7,200,23.3,5,0,5,0,7.5,100,,6	1 serving~60
1950374	B	13	379,69,8.62,13.8,862,3.45,0,0,10.3,0,9.93,379,655,10.3,,,,,,,,,,,,,,,,,,52.4	1 serving~29|1 package~290
1934349	B	13	355,64.5,8.06,12.9,806,3.23,0,0,9.7,0,9.29,355,613,9.7,,,,,,,,,,,,,,,,,,49	1 serving~31|1 package~310
1948534	B	13	389,55.6,8.33,16.7,833,0,2.78,0,8.3,0,21,167,1000,3.3,,,,,,,,,,,,,,,,,,147	1 serving~36|1 package~648
2475196	B	13	422,62.5,9.38,21.9,1310,0,0,0,9.4,0,13.4,469,719,,,,,,,,,,,,,,,,,,,375	1 serving~32|1 package~320
2663487	B	13	394,60.6,7.58,24.2,879,15.2,1.52,0,6.1,0,19.7,121,242,,0,,,91,,,,,,,,,,,,,,182	1 scoop~33|1 package~495
1907485	B	13	417,20,16.7,50,133,21.7,5,0,5,0,7.5,100,,6	1 serving~60|1 package~720
2663483	B	13	467,13.3,26.7,48.9,300,22.2,5.56,0,6.7,0,4,89,,8,,,,400	1 bar~45|1 package~540
2663492	B	59	378,54,9.46,18.9,784,2.7,5.41,0,5.4,0,18.9,243,568,48.6,11,,,189,,,,,,,,,,,,,,232	1 serving~37|1 package~740
2050085	B	13	400,16.7,13.3,55,83,33.3,5,0,6.7,0,3,67,317,,,,,,,,,,,,,.6,,,,,,13.3	1 serving~60
1883196	B	13	400,20,15,53.3,100,38.3,5,0,6.7,0,4.5,100,350,10,,,,,,,,,,,,1.5,,,,,,13.3	1 serving~60|1 package~720
2053006	B	13	400,16.7,13.3,55,83,33.3,5,0,6.7,0,3,67,317,10,,,,,,,,,,,,.6,,,,,,13.3	1 serving~60|1 package~720
1925714	B	13	383,8.33,11.7,65,50,18.3,4.17,0,6.7,0,4.5,67,,15	1 serving~60|1 package~720
2079765	B	13	367,10,11.7,58.3,75,40,2.5,0,11.7,0,4.5,100,,25	1 serving~60|1 package~720
1905915	B	13	467,13.3,24.4,48.9,244,22.2,4.44,0,6.7,0,4,44,,10.7	1 serving~45|1 package~540
2069594	B	50	500,20,40,40,0,,,0,20,,7.2	1 tsp~5|1 package~453
2612072	B	43	88,4.41,5.88,4.12,259,.88,1.47,34,.3,0,.29,,67,,0	1 serving~340
2130000	B	11	0,0,0,52.6,7900	½ tsp~1.9|1 package~709
2129998	B	11	0,0,0,66.7,12000,,0,,,0	½ tsp~1.5|1 package~21
2373990	B	11	167,0,0,33.3,1730,26.7,0,0,0,0,0,0,0,,0	1 tbsp~15|1 package~377
2135147	B	11	0,0,0,66.7,11300,,0,,,0	½ tsp~1.5|1 package~21
2060350	B	11	0,0,0,0,29000	1 tsp~1|1 package~184
2130001	B	11	0,0,0,66.7,9000,,0,,,0	½ tsp~1.5|1 package~28
2135148	B	11	333,22.2,11.1,44.4,9110,,0,,,0	2 tsp~4.5|1 package~28
2655257	B	11	286,0,0,57.1,6000,,0,,,0	2 tsp~3.5|1 package~28
2413936	B	11	250,0,0,62.5,16400,,0,,,0	½ tsp~1.6|1 package~136
2132042	B	11	0,0,0,66.7,16000,,0,,,0	½ tsp~1.5|1 package~28
2443876	B	154	5,0,0,0,33,,0,0,0,0,0,0,0	½ tsp~.8
2106643	B	11	0,0,0,71.4,13600,,0,,,0	½ tsp~1.4|1 package~113
2129997	B	11	0,0,0,0,16200	½ tsp~1.6|1 package~765
2443573	B	154	5,0,0,0,94,,0,0,0,0,0,0,0	½ tsp~1.6
1890361	B	11	214,0,0,71.4,13500	½ tsp~1.4|1 package~28
1890359	B	11	231,0,0,76.9,12300	½ tsp~1.3|1 package~28
2060348	B	11	0,0,0,90.9,0	½ tsp~1.1|1 package~113
2135149	B	11	286,0,0,71.4,9570,71.4,0,,,0	½ tsp~1.4|1 package~624
2129999	B	11	0,0,0,66.7,13300,,0,,,0	½ tsp~1.5|1 package~21
2172402	B	11	286,0,0,71.4,15600,,0,,,0	½ tsp~1.4|1 package~102
2060351	B	11	238,0,47.6,47.6,18100	½ tsp~2.1|1 package~198
2135150	B	11	0,0,0,58.8,7650,,0,,,0	½ tsp~1.7|1 package~652
2451795	B	50	267,0,0,66.7,13200,,0,,,0	½ tsp~1.5|1 package~709
2135146	B	11	312,0,0,62.5,12500,,0,,,0	½ tsp~1.6|1 package~21
2127637	B	11	312,0,0,62.5,12500	½ tsp~1.6|1 package~708
2444166	B	154	6,0,0,1,87,1,0,0,0,0,0,0,0	½ tsp~1.7
2402470	B	11	167,0,0,40,1470,33.3,0,0,0,0,0,0,0,,0	1 tbsp~15|1 package~377
2008274	B	11	0,0,0,83.3,9170	½ tsp~1.2|1 package~99
2060347	B	11	0,0,0,71.4,17000	½ tsp~1.4|1 package~113
2428251	B	22	297,2.7,0,67.6,27,59.5,0,0,5.4,0,1.95,70,0,,0	1 serving~37
2428252	B	0	462,12.3,26.2,44.6,23,35.4,3.08,0,6.2,0,2.65,72,272,,0	1 serving~65
2428248	B	22	297,2.7,0,67.6,27,59.5,0,0,5.4,0,1.95,70,0,,0	1 serving~37
2428250	B	22	297,2.7,0,67.6,27,59.5,0,0,5.4,0,1.95,70,0,,0	1 serving~37
2428249	B	0	462,12.3,26.2,44.6,23,35.4,3.08,0,6.2,0,2.65,72,272,,0	1 serving~65
1568241	B	20	61,.61,.3,15.2,0,13.9,0,0,1.8,0,.22,12,,3.6,,,,,,,,.121,48,,,,,,,.121,,3.9	1 cup~165
1952675	B	54	0,0,0,0,3000	1 tsp~5|1 package~155
537759	B	19	100,0,0,20,820,0	1 tsp~5
534883	B	19	0,0,0,0,2800,0	1 tsp~5
1970326	B	19	200,0,0,40,800	1 tbsp~5|1 package~155
1855185	B	0	286,3.57,2.68,62.5,18,1.79,.89,0,7.1,0,1.93,0,,4.3	1/3 cup~56|1 package~426
2443288	B	66	160,0,0,40,800,40,0,0,0,,0,0,,0	1 tbsp~25|1 package~100
2390150	B	104	80,0,0,20,2000,0,0,0,0,,,2000,0,48,0	1 tbsp~5|1 package~227
1511743	B	67	372,4.65,3.49,81.4,23,2.33,1.16,0,9.3,,2.51,0,,0	1/3 cup~43
1576461	B	55	40,1.03,0,18.6,26,15.5,0,0,1,,.74,0,,24.7	½ cup~97
356786	B	50	0,0,0,0,28100,0,0,0,0,,0,0,,0	¼ tsp~.8
2438397	B	50	0,0,0,0,28100,0,0,0,0,,0,0,,0	¼ tsp~.8|1 package~56.7
1849765	B	30	382,11.8,10.9,55.9,0,5.88,0,0,2.9,0,17.5,29,,0	2 tbsp~34|1 package~340
2019571	B	37	60,0,0,14.6,155,0,0,0,.9,0,.98,0,,10.9	½ cup~110|1 package~560
1850666	B	7	18,0,7.14,3.57,821,0,0,0,0,0,0,0,,6.4	1 serving~28|1 package~907
2390148	B	81	327,0,0,79.1,155,.91,0,0,3.6,,.98,91,,0,,,,,.727,0	½ cup~110|1 package~340
1908666	B	35	67,13.3,0,0,6130,0,0,0,0,0,0,0,,0	1 serving~15|1 package~150
2442523	B	11	0,0,0,0,17100,0,0,0,0,,0,0,,0	¼ tsp~.7|1 package~70.8
1908755	B	10	300,0,0,80,0,73.3,0,0,0,0,0,0,,0	2 tbsp~30|1 package~750
1664755	B	31	96,4,0,16,6,0,0,0,6,0,0,180,,10.8	1 piece~50
2440704	B	35	100,0,0,20,400,0,0,0,0,,0,0,,24	1 tbsp~5|1 package~227
1791638	B	30	421,10.5,15.8,68.4,0,31.6,0,0,10.5,0,9.47,0,0,0	2 tbsp~19|1 package~340
2441443	B	65	0,0,0,0,0,0,0,0,,,12,1000,,20	1 cup~3|1 package~85
2441444	B	7	77,0,7.69,3.85,962,0,0,0,3.8,,2.77,77,,0	3 olives~26|1 package~570
2441430	B	90	350,12.5,7.25,62.5,0,0,0,0,10,,4.5,50,,0	4 cup~40|1 package~340
2441435	B	67	395,34.9,18.6,32.6,0,6.98,2.33,0,23.3,,8.37,233,,0	¼ cup~43|1 package~425
2441438	B	90	389,5.56,5.56,88.9,0,38.9,0,0,5.6,,10,0,,0	2 cup~18|1 package~340
2441429	B	7	0,0,0,40,2000,0,0,0,0,,0,0,,72	½ tbsp~2.5|1 package~227
2441469	B	67	250,0,1.25,60,38,0,0,0,7.5,,11.2,0,,6	½ cup~40|1 package~426
2441425	B	7	167,0,13.3,0,633,0,0,0,0,,2.4,133,,0	6 -8 olives~15|1 package~570
2441428	B	50	0,7.14,0,0,0,,0,0,0,,0,143,,0	1 tbsp~14|1 package~113
2015153	B	81	395,34.9,18.6,32.6,0,6.98,2.33,0,23.3,,8.37,233,,0	¼ cup~43
2015150	B	20	115,0,.82,23,0,0,0,0,1.6,,0,0,,3.9	1 corn cob~61
2015143	B	7	100,0,0,20,400,0,0,0,0,0,0,0,,24	1 tbsp~5|1 package~227
2441446	B	30	333,0,0,96.7,0,96.7,0,0,0,,0,0,,160	2 tbsp~30|1 package~100
2441427	B	7	39,0,0,4.35,152,0,0,0,0,,0,0,,52.2	1 unit~23|1 package~425
2441440	B	81	357,7.14,0,89.3,0,0,0,0,3.6,,2.57,0,,0	3 tbsp~28|1 package~340
2441426	B	35	100,0,0,20,400,0,0,0,0,,0,0,,24	1 tbsp~5|1 package~227
2441434	B	67	364,22.7,0,61.4,0,4.55,0,0,15.9,,6.55,91,,5.5	¼ cup~44|1 package~906
2441439	B	81	389,5.56,5.56,88.9,0,38.9,0,0,5.6,,10,0,,0	2 cup~18|1 package~340
2441445	B	7	33,0,0,6.67,133,0,0,0,0,,0,0,,8	1 tbsp~15|1 package~560
2441431	B	7	39,0,0,4.35,152,0,0,0,0,,0,0,,52.2	1 unit~23|1 package~425
540334	B	117	22,0,0,5.15,25,5.15,,,,,,,158	11.2 fl oz~330
2490599	B	117	12,0,0,3.33,12,2.92,,,,,,,38,,,,,,6.67,,,.417,,3,,2.5,,1.67	8 fl oz~240|1 package~487
2490236	B	53	12,0,0,3.33,12,2.92,,,,,,,38,,,,,,6.67,,,.417,,3,,2.5,,1.67	8 fl oz~240|1 package~487
2490234	B	117	12,0,0,3.33,12,2.92,,,,,,,38,,,,,,6.67,,,.417,,3,,2.5,,1.67	8 fl oz~240|1 package~487
2490235	B	117	12,0,0,3.33,12,2.92,,,,,,,38,,,,,,6.67,,,.417,,3,,2.5,,1.67	8 fl oz~240|1 package~447
2283246	B	3	133,1.11,4.44,26.7,6,14.4,1.11,0,2.2,0,.8,22,,2.7	½ cup~90|1 package~473
1919400	B	73	0,0,0,100,0,100,0,0,0,0,0,0,,0	1 packet~1|1 package~100
2284982	B	73	0,0,0,100,0,100,0,0,0,0,0,0,,0	1 packet~1|1 package~100
2387370	B	27	289,11.1,24.4,4.44,867,2.22,11.1,56,0,0,2.22,11,393,,0	1 link~45|1 package~553
2387375	B	27	289,11.1,24.4,4.44,867,2.22,11.1,56,0,0,2.22,11,393,,0	1 link~45|1 package~276
2423214	B	27	321,17.9,26.8,1.79,1160,0,12.5,71,0,0,1.79,59,257,,0	1 serving~56|1 package~454
1916613	B	40	400,0,0,100,0,80	2 pieces~5|1 package~27.6
2081258	B	27	342,12.3,30.1,4.11,1040,4.11,12.3,,0,0,.99,55,,0	1 serving~73|1 package~368
1630788	B	29	464,7.14,16.1,71.4,411,25,1.79,0,7.1,0,2.57	1 pouch~28
2082074	B	18	42,0,0,11.3,6,11.3	12 fl oz~354
1916617	B	40	375,0,0,100,0,75	2 pieces~4|1 package~21.6
2081280	B	27	329,12.3,28.8,5.48,904,5.48,11,34,0,0,.99,55,,0	1 serving~73|1 package~368
2066585	B	27	316,15.8,28.1,3.51,947,3.51,10.5,53,0,0,3.16,0,,0	5 links~57|1 package~1362
1630774	B	68	364,9.09,4.55,72.7,1680,4.55,2.27,0,4.5,0,1.64,,1590	1/3 cup~22
2081162	B	27	333,13.3,28.9,2.22,689,2.22,11.1,56,0,0,3.2,0,,0	1 link~45|1 package~454
2081327	B	27	289,13.3,24.4,4.44,933,0,11.1,56,0,0,2.4,0,,0	1 link~45|1 package~737
2092372	B	27	333,13.3,28.9,2.22,956,2.22,11.1,56,0,0,1.6,0,,0	1 link~45|1 package~454
2397889	B	27	333,13.3,28.9,2.22,956,2.22,11.1,56,0,,1.6,0,,0	1 serving~45|1 package~908
1917870	B	38	441,5.88,13.2,70.6,529,41.2,2.94,29,2.9,0,1.06,,132	4 tbsp~34|1 package~212
2422693	B	27	286,14.3,28.6,1.79,929,0,8.93,54,0,0,1.79,9,577,,0	1 serving~56|1 package~340
1630768	B	40	412,2.94,14.7,64.7,265,55.9,8.82,0,2.9,0,2.12,,235	2 tbsp~34
2072200	B	27	267,13.3,20,4.44,689,0,10,56,0,0,1.6,0,,0	1 link~45|1 package~369
2072199	B	27	289,13.3,22.2,4.44,600,0,8.89,56,0,0,.8,0,,0	1 link~45|1 package~454
2081245	B	27	357,16.1,32.1,0,1040,0,14.3,62,0,0,3.21,0,,0	1 serving~56|1 package~567
1630772	B	9	438,4.17,20.8,62.5,333,37.5,7.29,62,2.1,0,3,42	1 bar~48
402473	B	4	464,7.14,16.1,78.6,500,35.7,8.93,36,0,0,2.57,0,,0	8 cookies~28
2441869	B	104	400,0,13,60,0,0,0,0,20,,14.4,0,,0	1 tbsp~5|1 package~227
2597371	B	16	190,8.45,3.17,33.1,162,.7,0,0,2.1,0,1.41,10,11,,0	½ package per serving~142|1 package~284
1909091	B	4	517,3.45,31,58.6,293,20.7,6.9,0,0,8.62,2.48,0,,0	2 cookies~29|1 package~227
2449601	B	33	155,10.1,6.3,14.3,412,.42,.63,0,.8,0,1.68,11,55,,.075	1 bowl~238
2597372	B	91	190,8.45,3.17,33.1,162,.7,0,0,2.1,0,1.41,10,11,,0	½ package per serving~142|1 package~284
522581	B	76	356,16.4,32.7,0,400,0,18.2,107,0,,0,0,,3.3	1 serving~55
1938587	B	88	357,7.14,0,75,964,10.7,0,0,3.6,0,3.86,71,,0	1 serving~28|1 package~453
1777787	B	14	500,10.7,17.9,75,304,21.4,8.93,36,7.1,0,5.14,71,,0	¼ cup~28|1 package~284
1777789	B	14	250,3.57,14.3,32.1,304,21.4,8.93,36,3.6,0,1.29,0,,0	¼ cup~28|1 package~284
1777790	B	14	250,3.57,14.3,32.1,232,17.9,8.93,36,3.6,0,1.29,0,,0	¼ cup~28|1 package~284
1777788	B	14	250,3.57,14.3,32.1,304,21.4,8.93,36,3.6,0,1.29,0,,12.9	¼ cup~28|1 package~284
1918281	B	6	478,9.72,4.17,61.1,444,8.33,1.39,0,2.8,0,2,28,,0	5 cookie~36|1 package~400
2437361	B	6	400,9.72,6.94,69.4,44,11.1,1.39,0,0,,2,28,,0	5 cookie~36|1 package~400
1878990	B	4	415,7.41,5.56,81.5,56,44.4,3.7,0,0,0,0,74,,0	1 cookie~27|1 package~400
1874311	B	4	400,6.67,6.67,73.3,33,13.3,3.33,0,3.3,0,0,67,,0	1 cookies~30|1 package~400
1874310	B	4	420,6.67,6.67,80,67,43.3,3.33,0,0,0,0,100,,0	1 cookie~30|1 package~400
2437866	B	4	411,7.41,5.56,81.5,59,44.4,3.7,0,0,,0,111,,0	1 cookie~27|1 package~400
2426692	B	90	340,8,2,66,0,0,0,0,10,0,3,20,270,,0	¼ cup~50|1 package~900
2383977	B	90	310,9.52,0,64.3,0,0,0,0,2.4,0,1.19,12,150,,0	¼ cup dry~42|1 package~900
2156724	B	5	429,3.57,14.3,67.9,196,25,1.79,0,3.6,0,0,0,0,,0	1 serving~28|1 package~250
1939640	B	65	0,0,0,0,0	1 tea bag makes 8 fl oz~1.5|1 package~37
2284725	B	65	0,0,0,0,0	1 tea bag, makes 8 fl oz~2|1 package~50
2435094	B	70	500,0,25,50,0,0,0,0,0,0,0,0,600,,0	1 tsp~2|1 package~623
1918464	B	70	500,0,20.8,75,42,58.3,12.5,0,0,0,0,0,425,,0	4 tsp~12|1 package~425
1918456	B	70	500,0,16.7,75,42,58.3,8.33,0,0,0,0,0,417,,0	4 tsp~12|1 package~425
2435092	B	70	500,0,0,100,0,0,0,0,0,0,0,0,600,,0	1 tsp~2|1 package~1000
2315802	B	65	0,0,0,0,0	1 tea bag, makes 8 fl oz~2|1 package~57
2500167	B	73	375,0,0,100,0,100	1 tsp~4|1 package~567
2316273	B	73	333,0,0,100,0,100	1 packet~3|1 package~284
1939642	B	65	0,0,0,0,0	1 tea bag makes 8 fl oz~2.1|1 package~52
1939638	B	65	0,0,0,0,0	1 tea bag, makes 8 fl oz~1|1 package~25
1939641	B	65	0,0,0,0,0	1 tea bag, makes 8 fl oz~2|1 package~50
1939637	B	65	0,0,0,0,0	1 tea bag makes 8 fl oz~1.5|1 package~39
2047833	B	30	429,7.14,17.9,71.4,1070,35.7,14.3,0,7.1,0,5.14,0,,0	1 capsule~14|1 package~168
1937550	B	30	333,20,10,60,767,40,6.67,,6.7,,,533	1 packet~15|1 package~751
1939639	B	65	0,0,0,0,0	1 tea bag, makes 8 fl oz~2|1 package~50
2043397	B	130	0,0,0,0,0	1 tbsp~4|1 package~2260
1937622	B	72	38,2.08,1.46,3.33,100,2.92,0,0,0,0,0,10,286,,0	1 cup~240|1 package~946
1937626	B	72	42,2.08,1.46,4.58,100,3.75,0,0,0,0,0,10,286,,0	1 cup~240|1 package~946
2113705	B	73	0,0,0,100,0,100,0,,,0	1 packet~1|1 package~2000
1919398	B	73	444,0,0,88.9,0,88.9,0,0,0,0,0,0,,0	1 packet~4.5|1 package~900
2284981	B	73	0,0,0,100,0,100,0,0,0,0,0,0,,0	1 packet~1|1 package~400
1919403	B	73	0,0,0,100,0,100	1 packet~1|1 package~400
2435061	B	73	0,0,0,100,0,100,0,0,0,0,0,0,,0	1 packet~1|1 package~1000
2540740	B	2	400,40,20,0,900,0,20,100,0,0,0,500,0,,0	1 tbsp~5|1 package~142
2418599	B	2	400,40,30,0,600,0,20,100,0,0,0,1200,100,,0	1 tbsp~5|1 package~142
493682	B	2	400,20,30,0,1800,0,20,100,0,0,0,800,,0	1 tbsp~5
2091173	B	2	393,25,28.6,3.57,1710,3.57,25,107,0,0,0,893,,0	1 serving~28
1991688	B	2	400,20,30,0,1000,0,20,100,0,0,0,1000,200,,0	1 tbsp~5|1 package~142
2009936	B	2	393,25,28.6,3.57,1710,3.57,25,107,0,0,0,893,,0	1 serving~28
2673194	B	2	400,20,30,0,1800,0,20,100,0,0,0,800,,0,,,,0	1 tbsp~5|1 package~142
2389044	B	2	393,32.1,28.6,0,607,0,,125,0,0,0,1180,143	1 ounce~28|1 package~198
2011246	B	2	393,35.7,28.6,0,607,0,21.4,107,0,0,0,893,,0	1 serving~28|1 package~198
2554632	B	2	393,32.1,28.6,0,679,0,21.4,89,0,0,0,1180,107,,0	1 serving~28|1 package~198
2511765	B	2	393,32.1,28.6,0,643,0,21.4,89,0,0,0,1160,104,,0	1 inch cube~28|1 package~198
2510679	B	2	400,40,30,0,700,0,20,100,0,0,0,800,0,,0	1 tbsp~5|1 package~170
2543251	B	2	393,25,32.1,0,2000,0,17.9,89,0,0,3.57,900,93,,0	1 ounce~28|1 package~198
2036477	B	2	429,28.6,35.7,0,3000,0,21.4,107,0,0,0,1070,,0	1 serving~28
2449691	B	2	321,25,25,0,2000,0,17.9,89,0,0,3.57,900,93,,0	1 ounce~28|1 package~198
1625747	B	40	526,1.75,28.1,68.4,0,64.9,28.1,0,1.8,0,2.53,0,,0	1 cube~57
2282695	B	40	536,3.57,28.6,67.9,0,64.3,28.6,0,3.6,0,2.5,0,0,,0	1 serving~28|1 package~680
2110863	B	82	104,2.4,3.2,16,52,8.8,1.6,28,0,0,.08,104,,,0	½ cup~125|1 package~400
2163354	B	40	536,0,28.6,71.4,0,71.4,28.6,0,0,0,0,0,0,,0	1 serving~28|1 package~680
2542070	B	84	286,0,0,81,,81	1 tbsp~21|1 package~1360
1896847	B	14	218,7.27,4.55,38.2,0,7.27,.91,0,5.5,0,2.62,36,236,0	½ cup~55|1 package~326
2265560	B	14	400,12.7,9.09,70.9,9,23.6,2.73,0,9.1,0,3.27,73,564,0,,2.73,2.73,,,0,,.218,,109,364,,2.18,.727,3,.545,19	½ cup~55|1 package~340
2438066	B	4	514,7.14,26.8,60.7,159,25,5.36,36,1.8,,1.93,71,,0	4 cookies~56|1 package~140
2438067	B	4	504,7.14,25,62.5,46,21.4,8.93,12,1.8,,2.25,36,,0	4 cookies~56|1 package~140
530042	B	79	500,0,0,100,0,0,,,0	1 mint~1
1064289	B	25	31,1.6,0,6,0,5.2,,,.8,,,,,10.6,,,,,,,,.328,,,,1.27,,2.4,0	1 bottle~250
2608876	B	0	143,0,10.7,10.7,411,0,5.36,0,3.6,0,0,7,0,,0	2 tbsp~28|1 package~528
1126615	B	8	600,8,40,48,140,44,24,40,4,0,0,268,464,,0	5 squares~25
549378	B	1	420,0,6.67,86.7,40,86.7,4,7,0,0,0,67,,0	1 serving~15
2440734	B	24	0,0,0,0,0,0	8 fl oz~240|1 package~1000
2171696	B	17	79,2.86,2.86,11.4,32,10.7,1.79,7,.7,0,0,89,119,,0	1 container / null~140
2075177	B	0	611,5.56,61.1,22.2,1110,5.56,5.56,0,11.1,0,4,222,,0	1 serving~18
2075179	B	0	656,6.25,68.8,18.8,112,6.25,6.25,0,6.2,0,4.5,250,,0	1 serving~16
2083712	B	24	0,0,0,0,0,0	8 fl oz~240|1 package~1000
2083710	B	24	0,0,0,0,0,0	8 fl oz~240|1 package~1000
2083711	B	24	0,0,0,0,0,0	8 fl oz~240
1876091	B	1	513,2.56,15.4,66.7,64,56.4,15.4,64,0,0,.92,51,,0	3 pieces~39|1 package~132
1882358	B	1	487,2.56,25.6,66.7,51,51.3,15.4,51,2.6,0,1.85,0,,0	3 pieces~39|1 package~66
2044988	B	4	484,4.84,30.6,48.4,97,22.6,2.42,40,1.6,0,1.74,32,,0	4 cookies~62|1 package~454
2044989	B	4	484,4.84,29,48.4,129,22.6,2.42,40,1.6,0,1.74,32,,0	4 cookies~62|1 package~464
1876358	B	4	484,4.84,30.6,48.4,129,22.6,2.42,40,1.6,0,2.32,32,,0	4 cookies~62|1 package~454
1877759	B	4	484,9.89,26.4,46.2,33,14.3,0,42,3.3,0,2.97,44,,0	4 cookies~91|1 package~170
1880758	B	4	515,6.06,33.3,48.5,109,21.2,0,30,0,0,2.18,0,,0	4 cookies~33|1 package~170
2390186	B	38	325,10,0,72.5,250,7.5,0,,,,5,12,88	1 serving~40|1 package~907
2429287	B	0	657,14.3,67.9,10.7,4,3.57,14.3,0,7.1,,2.57,143,,0	¼ cup~28|1 package~198
2453718	B	0	554,17.9,42.9,32.1,11,7.14,7.14,0,3.6,,6.43,36,,0	¼ cup~28|1 package~369
104099100110005	O	263	333,33.3,26.7,0,1600,0,6.67,100,0,0,0,0	1 serving~15|1 package~340
2442878	B	90	379,14.3,28.6,21.4,21,0,3.57,0,21.4,,3.86,143,,0	¼ cup~28|1 package~567
2091717	B	1	333,4.17,0,58.3,21,45.8,0,0,0,0,0,0,,0	5 pieces~48|1 package~397
2279594	B	81	367,20,6.67,60,17,10,0,0,16.7,,6,100,,4	1 serving~30|1 package~454
2428431	B	1	287,2.22,0,66.7,22,44.4,0,0,0,,0,0,,0	5 pieces~45|1 package~425
2429256	B	0	597,20,53.3,16.7,383,,5,0,10,,2.4,133,,0	¼ cup~30|1 package~369
2428913	B	0	583,16.7,53.3,20,3,3.33,5,0,10,,6.6,67,,2	¼ cup~30|1 package~340
1901256	B	0	500,17.9,21.4,53.6,232,14.3,3.57,0,7.1,0,2.57,0,,0	¼ cup~28|1 package~255
2429274	B	0	718,7.14,75,14.3,4,3.57,10.7,0,7.1,,3.86,71,,21.4	¼ cup~28|1 package~198
2429270	B	0	567,20,50,20,10,6.67,3.33,0,13.3,,3.6,267,,4	¼ cup~30|1 package~198
2428905	B	0	690,10,72,13.3,0,3.33,6,0,10,,4.8,133,,0	¼ cup~30|1 package~283
2429332	B	12	543,10,36.7,50,1500,0,6.67,0,3.3,,.6,167,,0	¼ cup~30|1 package~454
2429262	B	0	552,27.6,44.8,17.2,2260,3.45,10.3,0,0,,4.97,0,,0	1/3 cup~29|1 package~340
1903385	B	12	543,10,36.7,46.7,1500,0,6.67,0,3.3,0,.6,167,,0	¼ cup~30|1 package~197
2397509	B	0	410,30,10,50,83,30,3.33,0,16.7,,4.2,100,,6	1/3 cup~30|1 package~340
2429276	B	0	500,5,25,65,0,52.5,15,0,5,,1.8,50,,0	¼ cup~40|1 package~227
2427906	B	5	433,16.7,10,66.7,700,53.3,0,0,6.7,,9.6,0,,0	¼ cup~30|1 package~284
1899325	B	22	300,3.33,0,73.3,13,63.3,0,0,10,0,4.8,133,,0	¼ cup~30|1 package~340
2440673	B	90	368,14.1,5.88,58.2,5,0,.59,0,7.1,,4.55,47,,0	1 cup~170|1 package~567
2107871	B	18	51,0,0,12.1,21,12.1	12 fl oz~355
1910569	B	18	45,0,0,11.8,14,11.8	12 fl oz~355
2014381	B	45	77,5.38,.77,11.5,331,.77,0,0,5.4,0,1.11,15,,2.8	½ cup~130|1 package~450
1872016	B	18	45,0,0,12.1,14,12.1	12 fl oz~355
2615199	B	2	176,0,11.8,17.6,1120,0,5.88,0,0,0,0,0,,0,,,,0	1 slice~17|1 package~272
1884864	B	2	286,3.57,17.9,7.14,1070,3.57,8.93,0,0,7.14,0,0,,0	¼ cup~28|1 package~907
2667812	B	2	286,3.57,17.9,21.4,1000,3.57,8.93,0,0,0,0,32,71,,0	¼ cup~28|1 package~907
1904922	B	2	176,0,11.8,17.6,1120,0,5.88,0,0,0,0,0,,0	1 slice~17|1 package~272
1897692	B	2	176,0,11.8,17.6,1120,0,5.88,0,0,0,0,0,,0	1 slice~17|1 package~272
2090356	B	19	500,3.57,46.4,7.14,161,0,10.7,36,0,0,0,71,,4.3	1 serving~28|1 package~227
1830625	B	4	464,3.57,25,53.6,196,32.1,12.5,107,0,0,0,25,61,,0	1 cookie~28|1 package~794
2668125	B	46	404,5.26,17.5,54.4,316,26.3,7.89,0,1.8,0,1.75,18,70,,0	½ fritter~57|1 package~454
2067022	B	15	200,6.67,16.7,6.67,83,3.33,10,67,0,0,0,200,,0	2 tbsp~30|1 package~227
2189068	B	48	295,15.2,25,0,67,0,9.82,76,0,1.34,1.61,18,,0	1 serving~112|1 package~448
2272823	B	48	295,15.2,25,0,67,,9.82,76,,,1.61,18	1 serving~112|1 package~454
1958777	B	48	295,15.2,25,0,67,,9.82,76,,,1.61,18	1 serving~112|1 package~454
1895800	B	77	214,15,10.7,14.3,321,12.1,3.57,54,0,0,.77,14,,.9	1 serving~140|1 package~681
1895818	B	106	150,11.5,7.96,7.08,1310,6.19,2.65,40,0,0,0,0,,4.2	1 piece~113|1 package~227
100218796532944	O	71	186,18.6,11.5,1.77,496,.885,3.98,48.7,0,0	4 oz raw~113
1931410	B	64	236,16.8,12.4,14.3,553,12.4,4.35,62,0,0,.67,12,,.7	2 slices~161|1 package~907
1958389	B	33	156,14.1,5,13.5,450,1.47,2.65,38,.6,0,.53,59,,0	½ kit~340|1 package~680
2163269	B	77	159,16.3,1.98,18.5,0,16.7,.44,44,0,0,.79,18,,1.1	1 package~227
1860954	B	28	129,23.5,2.94,1.18,576,0,.59,65,0,0,.85,0,,0	1 serving~85|1 package~283
1949665	B	77	412,38.8,27.1,1.18,424,0,9.41,141,0,0,1.27,24,,0	1 serving~85|1 package~1360
1913850	B	33	312,16.1,26.8,1.79,643,.89,10.7,58,0,0,.96,134,,8	1 piece~112|1 package~680
1945634	B	77	179,15,11.4,4.29,471,.71,3.57,54,0,0,.77,14,,4.3	1 serving~140|1 package~907
2376069	B	45	115,4.62,0,24.6,454,11.5,0,0,5.4,0,1.38,38,254,,0	½ cup~130|1 package~425
2746248	B	151	339,17.9,1.79,67.9,116,1.79,0,0,8.9,0,3.57,0,214,,0	1 serving~56
2746247	B	151	339,17.9,1.79,67.9,116,1.79,0,0,8.9,0,3.57,0,214,,0	1 serving~56
2746246	B	151	357,12.5,1.79,75,0,3.57,0,0,3.6,0,3.57,0,214,,0	1 serving~56
1897395	B	16	357,12.5,1.79,75,0,1.79,0,0,3.6,0,3.21,,188,,,0,0,,5.36,1,.304,,179	1 serving~56|1 package~680
2366539	B	45	115,4.62,.77,22.3,400,9.23,0,0,5.4,0,1.38,38,238,,0	½ cup~130|1 package~425
2453340	B	45	92,3.85,.38,16.9,285,.77,0,0,4.6,0,1.31,38,369,,0,0,0	½ cup~130|1 package~432
2477325	B	16	357,12.5,1.79,73.2,0,0,0,0,3.6,0,3.57,18,196,,0,0,0,,5.36,1,.357,,253	2/3 cup~56|1 package~340
2477730	B	16	357,12.5,1.79,73.2,0,0,0,0,3.6,0,3.57,18,196,,0,0,0,,5.36,1,.357,,253	.17 box~56|1 package~340
1886773	B	62	714,0,78.6,0,643,,50,214,,0	1 tbsp~14|1 package~454
2165470	B	108	88,1.6,4.8,9.6,576,1.6,.8,0,.8,0,0,32,0,,0	½ cup~125|1 package~304
2598092	B	108	80,.8,4.8,8,696,.8,.8,0,0,0,0,16,0,,0	½ cup~125|1 package~298
2070256	B	91	375,14.3,4.46,67.9,9,3.57,.89,116,3.6,0,3.21,,188,,,1.79,.89,,5.36,1,.304,,179	1 serving~56|1 package~340
2070111	B	91	375,14.3,4.46,67.9,9,3.57,.89,116,3.6,0,3.21,,188,,,1.79,.89,,5.36,1,.304,,179	1 serving~56|1 package~340
1897372	B	16	375,12.5,1.79,75,0,3.57,0,0,3.6,0,3.21,,,,,,,,5.36,1,.304	1 serving~56|1 package~340
2070064	B	16	357,12.5,1.79,75,0,1.79,0,0,3.6,0,3.21,,188,,,0,0,,5.36,1,.304,,179	7 pieces~56|1 package~340
2116853	B	16	357,12.5,1.79,75,0,1.79,0,0,3.6,0,3.21,,188,,,0,0,,5.36,1,.304,,179	1 serving~56|1 package~340
2496525	B	16	357,12.5,1.79,75,0,1.79,0,0,3.6,0,3.21,,188,,,0,0,,5.36,1,.304,,179	1 serving~56|1 package~680
2155979	B	16	357,12.5,1.79,75,0,1.79,0,0,3.6,0,3.21,,188,,,0,0,,5.36,1,.304,,179	1 serving~56|1 package~1360
2115534	B	91	375,14.3,4.46,67.9,9,3.57,.89,116,3.6,0,3.21,,188,,,1.79,.89,,5.36,1,.304,,179	1 serving~56|1 package~907
2123014	B	16	357,12.5,1.79,75,0,1.79,0,0,3.6,0,3.21,,188,,,0,0,,5.36,1,.304,,179	1 serving~56|1 package~454
2297562	B	16	357,12.5,1.79,75,0,1.79,0,0,3.6,0,3.21,,188,,,0,0,,5.36,1,.304,,179	1 serving~56|1 package~227
2070062	B	16	357,12.5,1.79,75,0,1.79,0,0,3.6,0,3.21,,188,,,0,0,,5.36,1,.304,,179	1 serving~56|1 package~227
2016199	B	16	357,12.5,1.79,75,0,1.79,0,0,3.6,0,3.21,,188,,,0,0,,5.36,1,.304,,179	1 serving~56|1 package~454
2269856	B	16	357,12.5,1.79,75,0,1.79,0,0,3.6,0,3.21,,188,,,0,0,,5.36,1,.304,,179	1 serving~56|1 package~454
1897281	B	16	357,12.5,1.79,75,0,1.79,0,0,3.6,0,3.21,,188,,,0,0,,5.36,1,.304,,179	1 serving~56|1 package~680
1897362	B	16	357,12.5,1.79,75,0,1.79,0,0,3.6,0,3.21,,188,,,0,0,,5.36,1,.304,,179	1 serving~56|1 package~454
1897373	B	16	357,12.5,1.79,75,0,1.79,0,0,3.6,0,3.21,,188,,,0,0,,5.36,1,.304,,179	1 serving~56|1 package~680
2470579	B	16	357,16.1,1.79,71.4,80,3.57,0,0,7.1,0,7.14,84,498,,0,0,.89,,5.36,1,.357,,222	¾ cup~56|1 package~340
2470578	B	16	357,8.93,.89,75,80,0,0,0,23.2,0,7.14,84,498,,0,0,0,,5.36,1,.357,,222	1 serving~56|1 package~340
2632252	B	16	357,12.5,1.79,73.2,0,0,0,0,3.6,0,3.57,18,196,,0,0,0,,5.36,1,.357,,253	.12 of package~56|1 package~454
2070273	B	90	357,12.5,1.79,73.2,18,3.57,0,0,3.6,0,3.21,,232,,,0,.89,,5.36,1,.304,,179	1 serving~56|1 package~340
2632253	B	16	357,12.5,1.79,73.2,0,0,0,0,3.6,0,3.57,18,196,,0,0,0,,5.36,1,.357,,253	.12 of package~56|1 package~454
2507527	B	45	92,5.38,1.54,15.4,50,2.31,0,0,3.1,0,1.08,31,177,,0	½ cup~130|1 package~425
2401175	B	16	357,7.14,2.68,78.6,0,0,0,0,3.6,0,0,0,116,,0,.89,.89	½ cup~56|1 package~340
2401181	B	16	357,7.14,2.68,78.6,0,0,0,0,3.6,0,0,0,116,,0,.89,.89	2/3 cup~56|1 package~340
2401176	B	90	357,7.14,2.68,78.6,0,0,0,0,3.6,0,0,0,116,,0,.89,.89	¾ cup~56|1 package~340
2401177	B	16	357,7.14,2.68,78.6,0,0,0,0,3.6,0,0,0,116,,0,.89,.89	.17 box~56|1 package~340
2265250	B	16	357,12.5,2.68,75,18,1.79,0,45,3.6,0,1.29,36,241,0,,0,.89	1 serving~56|1 package~227
1897396	B	16	357,12.5,1.79,75,0,1.79,0,0,3.6,0,3.21,,188,,,0,0,,5.36,1,.304,,179	1 serving~56|1 package~454
1897382	B	91	375,14.3,4.46,67.9,9,3.57,.89,116,3.6,0,3.21,,188,,,1.79,.89,,5.36,1,.304,,179	1 serving~56|1 package~340
1939590	B	16	357,12.5,1.79,75,0,1.79,0,0,3.6,0,3.21,,188,,,0,0,,5.36,1,.304,,179	1 serving~56|1 package~454
1897364	B	16	357,12.5,1.79,75,0,1.79,0,0,3.6,0,3.21,,188,,,0,0,,5.36,1,.304,,179	1 serving~56|1 package~1360
2471339	B	16	357,12.5,1.79,73.2,0,0,0,0,3.6,0,3.57,0,200,,0,0,0,,5.36,1,.357,,253	½ cup~56|1 package~340
1938544	B	16	357,12.5,1.79,75,0,1.79,0,0,3.6,0,3.21,,188,,,0,0,,5.36,1,.304,,179	1 serving~56|1 package~680
1939589	B	16	357,12.5,1.79,75,0,1.79,0,0,3.6,0,3.21,,188,,,0,0,,5.36,1,.304,,179	1 serving~56|1 package~907
2464456	B	51	37,2.45,.82,4.9,282,.41,.2,6,.4,0,.24,12,139,,.05	1 cup~245|1 package~538
2616438	B	108	64,3.2,1.2,10.4,680,.8,0,4,,0,.43,16,112,,0	½ cup~125|1 package~305
1934924	B	16	357,12.5,1.79,75,0,1.79,0,0,3.6,0,3.21,,188,,,0,0,,5.36,1,.304,,179	1 serving~56|1 package~680
1794339	B	9	277,1.68,13.4,38.7,311,20.2,5.88,0,.8,0,.91,50,,10.1	.2 pie /~119|1 package~595
1959758	B	9	276,1.63,13.8,35,301,14.6,5.69,0,1.6,0,1.06,49,57,,0	.11 pie~123|1 package~1110
1793385	B	9	261,1.68,10.9,38.7,244,24.4,5.04,4,.8,0,.61,34,,10.1	.2 pie /~119|1 package~595
381477	B	14	367,10,3.33,76.7,233,16.7,0,0,26.7,0,30,67,,50,2.67,,,,16.7,2,1.42,1.67	2/3 cup~30
2265376	B	1	393,0,0,100,0,100	1/3 package~28|1 package~85
1882004	B	1	333,0,0,83.3,28,66.7,0,0,0,0	1 serving~18|1 package~56
2061056	B	28	107,14.3,3.57,3.57,1090,3.57,1.79,45,,0,1.29,36,,0	1 serving~56|1 package~1361
2010735	B	28	125,12.5,3.57,5.36,1270,3.57,.89,45,0,0,.64,0,,0	1 serving~56|1 package~284
1889152	B	28	125,12.5,3.57,5.36,1270,3.57,.89,45,0,0,.64,0,,0	1 serving~56|1 package~340
1777229	B	28	125,12.5,3.57,5.36,1270,3.57,.89,45,0,0,.64,0,,0	1 serving~56|1 package~284
2061055	B	28	125,12.5,3.57,5.36,1270,3.57,1.07,45,0,0,.64,0,,0	1 serving~56|1 package~1361
2117796	B	28	103,12.1,4.31,3.45,1520,,1.72,34,0,0,0,0,,0	1 serving~58|1 package~2268
1851994	B	28	89,16.1,0,5.36,911,1.79,0,54,0,0,1.29,36,,0	1 serving~56|1 package~284
2451614	B	2	267,0,20,23.3,1130,0,10,0,0,0,0,10,10,,0	1/3 cup~30|1 package~680
2450715	B	2	267,0,23.3,20,1130,0,11.7,0,0,0,0,10,10,,0	/3 cup~30|1 package~680
2159196	B	46	423,4.41,15.9,54.6,326,9.69,2.64,48,0,0,1.85,44,62	1 muffin~114|1 package~454
2509004	B	6	322,5.04,16.1,49.4,494,24.2,3.02,55,1,0,1.61,50,40,,14	1 serving~99.2|1 package~397
2149623	B	9	318,4.55,16.7,39.4,424,21.2,3.79,45,0,0,1.52,61,15	.17 cake~66|1 package~397
2581995	B	46	324,4.23,22.5,54.9,324,26.8,2.82,49,0,0,1.83,42,70,,13	1 serving~71|1 package~284
2581993	B	46	370,5.29,18.5,44,423,17.6,3.08,48,.9,0,1.41,62,53,,12	1 muffin~114
1898697	B	9	348,4.55,18.2,43.9,364,24.2,3.03,76,0,0,2.73,0,,0	1 cake~66|1 package~397
2581994	B	46	423,4.41,15.9,54.6,326,9.69,2.64,48,0,0,1.85,44,62,,13	1 muffin~114
2581996	B	6	322,5.04,16.1,49.4,494,24.2,3.02,55,1,0,1.61,50,40,,14	1 bread slice~99.2
2582003	B	9	318,4.55,16.7,39.4,424,21.2,3.79,45,0,0,1.52,61,15,,12	.17 cake~66|1 package~397
2582004	B	6	455,3.03,15.8,59.1,273,43.9,,65,0,0,.91,15,61,,12	.17 cake~66|1 package~397
2581999	B	9	364,6.06,18.2,43.9,424,27.3,3.03,45,1.5,0,1.36,61,45,,12	1 slice~66
2581997	B	9	348,4.53,15.1,39.3,423,21.2,4.53,45,1.5,3.78,1.51,76,45,,12	1 slice~66.2
2624208	B	9	353,5.13,19.3,39.8,289,24.4,3.85,64,0,0,1.16,39,,0,,,,35	1 cake~77.9
2582001	B	9	387,4.53,15.1,45.3,408,27.2,3.02,45,0,0,1.21,60,30,,12	1 slice~66.2
2582000	B	6	310,4.53,16.6,39.3,423,21.2,3.78,45,0,0,1.51,60,15,,12	1 slice~66.2
1849906	B	46	342,7.02,15.8,45.6,314,21,2.98,49,0,0,1.26,70,,0	½ muffiun~57|1 package~454
2091897	B	0	504,6.07,22.9,68.2,331,38.2,10,34,5,0,1.29,36,,0	1 serving~28|1 package~142
2582002	B	9	379,4.55,15.2,45.4,409,27.3,3.03,45,0,0,1.21,61,30,,12	.17 cake~66|1 package~397
2163457	B	6	364,6.06,18.2,43.9,424,27.3,3.03,45,1.5,0,1.36,61,45	1 slice~66|1 package~397
2163454	B	6	387,4.53,15.1,45.3,408,27.2,3.02,45,0,0,1.21,60,30	1 slice~66.2|1 package~397
2091898	B	0	476,6.43,17.9,72.5,264,35.4,3.93,15,4.6,0,1.29,36,,0	1 serving~28
2509005	B	6	310,4.53,16.6,39.3,423,21.2,3.78,45,0,0,1.51,60,15,,12.2	1 serving~66.2|1 package~397
1864669	B	89	216,10.6,14.4,10.6,318,.85,5.08,40,.8,0,.31,0,,0	1 cup~236|1 package~425
1913260	B	46	193,5.26,.88,40.4,70,7.02,.88,0,1.8,0,0,35,,3.2	1 serving~57|1 package~340
1886774	B	9	387,4.23,19.7,45.1,334,26.8,4.23,70,0,0,.76,42,,0	½ cake~71|1 package~142
2542354	B	86	100,0,0,40,111,25,,0,2.2,,0,44,,26.7	1 serving~45|1 package~473
2544793	B	86	83,0,0,31.1,11,21.7,,0,0,,0,0,,20	1 serving~45|1 package~473
2542939	B	86	183,0,0,64.4,33,46.7,,0,0,,.8,0,,0	1 serving~45|1 package~473
2651497	B	86	100,0,0,40,22,27.8,,0,0,,0,0,,10.7,,,,0	1 serving~45|1 package~473
532779	B	3	181,2.89,9.78,.02,38,,6.11,11,0,0,,,22	3 fl oz~90
1942881	B	26	277,15.4,16.9,16.9,523,0,3.08,46,1.5,0,.55,0,,1.8	4 nuggets~65|1 package~1814
2014157	B	0	571,7.14,39.3,50,714,0,3.57,0,7.1,0,2.57,0,,0	3 cup~28
1882359	B	0	379,3.45,3.45,79.3,276,34.5,1.38,0,3.4,0,1.24,0,,0	2/3 cup~29|1 package~907
1854410	B	0	536,7.14,21.4,60.7,643,0,0,0,10.7,0,2.57,0,,0	3 cup~28|1 package~142
1861660	B	0	500,7.14,28.6,53.6,393,0,1.79,0,10.7,0,2.57,0,,0	1 serving~28|1 package~142
2049592	B	0	536,10.7,25,60.7,714,3.57,3.57,0,10.7,0,2.57,0,,0	3 cup~28|1 package~142
1801124	B	27	165,17.6,9.41,2.35,624,1.18,2.35,71,0,,3.18,24,,1.4	1 serving~85|1 package~340
2285606	B	27	165,17.6,9.41,2.35,624,1.18,2.35,71,0,,3.18,24,,1.4	1 serving~85|1 package~340
579157	B	48	248,19.5,19.5,0,66,0,7.08,71,0,,1.59,0,,0	1 serving~113
2413978	B	2	393,21.4,28.6,3.57,750,0,17.9,107,0,0,0,675,93,,0	1 serving~28|1 package~142
2419898	B	2	357,25,28.6,0,643,0,17.9,89,,0,0,536,0,,0	1 serving~28|1 package~213
1936874	B	2	393,25,32.1,0,643,0,17.9,107,0,0,0,714,,0	1 serving~28|1 package~170
2700320	B	123	90,6,0,17,140,1,0,0,4,0,7,42,412,,0	1 serving~100
2721779	B	123	120,7,2,20,140,3,0,0,4,0,1,23,462,,0,,,0	½ cup~100
2721778	B	123	120,7,0,21,140,1,0,0,5,0,2,61,463,0,0,,,0	5 cup~100
1910173	B	2	176,0,11.8,17.6,1120,0,0,0,0,5.88,0,0,,0	1 slice~17|1 package~272
2057460	B	85	228,8.77,2.63,43.9,333,0,0,0,1.8,0,1.26,35,,0	1 serving~57|1 package~624
2473155	B	21	218,9.62,5.13,33.3,564,1.92,2.56,13,1.3,0,2.5,135,128,,.075	1 frusta~156
2544040	B	26	232,11.1,6.57,31.8,545,4.04,3.03,23,1,0,2.27,177,,.6	1 frusta~198
2473271	B	34	171,4.29,5.71,25.7,321,1.43,.71,0,2.1,0,.79,29,407,,.85	½ pizza~140|1 package~280
2473267	B	34	233,11,8.22,28.1,555,.68,4.11,21,2.1,0,2.47,219,219,,1.65	1/3 pizza~146|1 package~438
2473262	B	34	234,11.7,7.81,28.9,547,.78,3.91,23,1.6,0,2.11,250,141,,1.4	½ pizza~128|1 package~254
2299635	B	34	231,11.6,9.09,26.4,570,.83,4.13,25,.8,0,.89,289,,0	¼ pizza~121|1 package~485
2473270	B	34	400,9.66,22.1,42.1,821,2.07,6.9,28,1.4,0,.9,317,193,,.9	½ pizza~145|1 package~289
2120421	B	21	245,11.5,9.13,27.9,601,.96,4.33,29,1,0,.69,144,,1.2	1 frusta~208|1 package~1276
2481835	B	34	178,6.93,7.92,17.8,574,1.98,3.47,20,2,0,1.39,139,89,,.1	1/3 pizza~101|1 package~305
2367371	B	21	198,10.4,8.33,19.8,562,1.04,4.69,21,1,0,1.35,229,73,,0	1/3 pizza~96|1 package~245
2142013	B	34	250,11.4,10.6,27.3,462,.76,3.03,19,1.5,0,2.05,114,,1.8	¼ pizza~132|1 package~528
1895194	B	34	226,11.3,7.83,25.2,461,3.48,4.35,30,.9,0,.94,174,,1	1/3 pizza~115|1 package~345
1925389	B	21	240,10,6,36,620,0,4,20,2,0,.72,80,,0	½ frusta~50|1 package~312
2074946	B	34	278,11.1,12.5,29.2,444,0,5.56,28,1.4,0,1,208,,1.7	1 serving~72|1 package~430
2473261	B	34	304,10.7,12.5,38.1,786,2.38,5.95,36,1.8,0,1.61,345,161,,1.6	½ pizza~168|1 package~337
2473269	B	34	234,10.2,7.81,30.5,547,.78,3.91,20,2.3,0,2.81,250,164,,1.02	½ pizza~128|1 package~263
1895198	B	34	238,8.75,10,27.5,400,1.25,3.75,19,1.2,0,.9,125,,3	1 serving~80|1 package~482
2465071	B	34	217,9.43,7.55,28.3,613,.94,2.83,14,1.9,0,2.17,123,160,,.1	1/3 pizza~106|1 package~318
2465070	B	21	212,8.85,7.96,26.6,593,.88,3.1,18,1.8,0,2.04,124,168,,.1	1/3 pizza~113|1 package~340
2142020	B	26	204,8.41,8.41,23.4,566,1.33,3.1,11,1.3,0,1.99,111,,26.5	1 frusta~226
2473263	B	34	234,8.51,9.93,27.7,397,1.42,3.55,18,1.4,0,.5,163,113,,.075	½ pizza~141|1 package~283
2270815	B	34	229,9.55,5.1,36.3,535,.64,.64,10,1.3,0,2.87,25,,1.5	1/3 pizza~157|1 package~471
2142017	B	26	301,12.1,15,29.6,631,.97,3.88,19,1.5,0,2.62,29,,.6	1 frusta~206
2473266	B	34	226,10.7,7.55,28.3,516,2.52,3.77,22,1.9,0,.19,201,113,,.075	1/3 pizza~159|1 package~476
2473264	B	34	280,11.4,12.9,29.6,447,.76,5.3,27,1.5,0,.83,242,61,,.45	1/3 pizza~132|1 package~397
2473265	B	34	346,13.1,16.2,40,638,.77,5.38,23,1.5,0,1,62,77,,1	1/3 pizza~130|1 package~391
2473272	B	34	364,13.2,17.4,38,645,.83,5.79,25,1.7,0,5.12,264,198,,.075	½ pizza~121|1 package~246
2473268	B	34	285,14.6,11.5,31.5,654,.77,6.15,35,1.5,0,1.69,300,138,,1.15	1/3 pizza~130|1 package~391
1917148	B	34	222,11.1,7.69,24.8,453,3.42,4.27,30,.9,0,.92,171,,3.1	1/3 pizza~117|1 package~351
2061523	B	34	234,11.7,7.81,28.9,547,.78,3.91,23,1.6,0,2.11,195,,1.9	½ pizza~128|1 package~508
2169086	B	34	278,11.1,12.5,29.2,444,0,5.56,28,1.4,0,1,208,,1.7	1 serving~72|1 package~215
2142021	B	26	240,11.5,8.17,28.8,606,1.44,3.85,24,1,0,2.16,144,,.6	1 frusta~208
2473823	B	34	179,4.14,6.21,26.2,448,1.38,.69,0,2.1,0,.48,21,55,,.425	½ pizza~145|1 package~289
2389111	B	34	208,6.6,6.6,32.1,604,.94,1.89,0,1.9,0,2.45,113,123,,0	1/3 pizza~106|1 package~318
2389109	B	34	208,5.66,6.6,32.1,623,.94,1.89,0,1.9,0,2.26,104,151,,0	1/3 pizza~106|1 package~318
2419656	B	8	567,3.33,33.3,60,183,56.7,20,17,0,0,2.33,167,367,,0	4½ pieces~30|1 package~100
2559727	B	115	190,21,11,0,90,0,3.55,70,0,.6,2.66,6,360,,0	1 serving~100
1919721	B	48	152,21.4,7.14,0,67,0,3.12,62,0,.45,2.41,18,,0	1 serving~112|1 package~453
1919720	B	48	214,18.8,15.2,0,67,0,6.25,67,0,.89,1.61,18,,0	1 serving~112|1 package~453
2374578	B	125	527,18.8,4.62,80.4,204,3.46,,15,3.5,0,8.03,188,,6	1 serving~260
2008073	B	1	357,0,3.57,89.3,39,71.4,0,0,3.6,0,1.29,71,,2.1	1 serving~28|1 package~224
2008071	B	0	521,32.1,42.9,14.3,575,3.57,7.14,0,3.6,0,14.8,36,,2.1	1 serving~28|1 package~170
1902016	B	0	600,28.6,53.6,14.3,321,3.57,7.14,0,10.7,0,1.29,71,,0	1 serving~28|1 package~284
2417472	B	0	567,16.7,46.7,30,0,0,8.33,0,6.7,0,0,0,,0	1 serving~30|1 package~454
2508937	B	50	632,21.4,60.7,10.7,46,0,10.7,0,10.7,0,6.43,36,,0	1 serving~28|1 package~454
2525425	B	0	639,28.6,53.6,17.9,0,3.57,7.14,0,0,0,1.29,36,,0	1 serving~28|1 package~454
2164615	B	0	557,21.4,42.9,28.6,0,7.14,7.14,0,10.7,0,3.86,107,,4.3	1 serving~28|1 package~454
2525426	B	0	582,17.9,46.4,28.6,307,3.57,7.14,0,3.6,0,5.79,36,,0	1 serving~28|1 package~454
2402466	B	0	714,10.7,75,14.3,393,3.57,7.14,0,10.7,0,2.57,71,,0	1 serving~28|1 package~397
2627985	B	0	568,17.9,50,17.9,18,3.57,7.14,0,7.1,0,4.5,107,,0,,,,0	1 serving~28|1 package~284
1998953	B	0	654,14.3,64.3,14.3,4,3.57,7.14,0,7.1,0,3.21,107,,2.1	1 serving~28|1 package~454
1902020	B	1	326,4.65,0,79.1,12,76.7,0,0,0,0,0,0,,0	5 pieces~43|1 package~454
1944098	B	0	214,25,17.9,28.6,393,3.57,3.57,0,14.3,0,0,0,,0	1 serving~28|1 package~227
1944097	B	0	607,21.4,50,20,386,0,3.93,0,11.8,0,4.29,2500,,0	1 serving~28|1 package~198
2009316	B	5	393,14.3,10.7,53.6,1070,0,3.57,0,3.6,0,5.14,143,,4.3	1 serving~28|1 package~255
2009315	B	14	400,12,16,58,0,12,2,0,8,0,3.6,40,,0	1 serving~50|1 package~454
1902018	B	0	554,17.9,42.9,28.6,11,7.14,7.14,0,3.6,0,6.43,36,,0	1 serving~28|1 package~227
1944129	B	29	393,10.7,0,89.3,643,3.57,0,0,0,0,0,0,,0	1 serving~28|1 package~227
2484538	B	83	265,21.2,18.2,2.94,288,.59,7.06,65,0,.29,0,157,283,,7.65	1 serving~170|1 package~1360
2495437	B	12	370,6.67,13.3,60,103,43.3,3.33,0,6.7,0,3.6,33,,0,,,,,4.67	1 serving~30
2495438	B	0	370,6.67,13.3,60,103,43.3,3.33,0,6.7,0,3.6,33,,0,,,,,4.67	1 serving~30|1 package~397
2495439	B	0	533,16.7,40,36.7,500,10,3.33,0,6.7,0,3,33,,0,,,,,0	1 serving~30|1 package~454
2533694	B	0	500,7.14,25,64.3,1040,0,21.4,0,3.6,0,2.57,0,,0	1 serving~28|1 package~227
2374597	B	0	420,16.7,20,50,543,0,3.33,0,0,,3,67,,0,,,,,0	1 serving~30|1 package~397
1889634	B	9	625,4.17,54.2,33.3,0,20.8,45.8,0,8.3,0,1.5,0,,0	1 drop~24|1 package~144
2069808	B	9	399,8.31,13.3,66.4,224,39.9,8.31,25,3.3,0,2.39,831,,0	1 serving~60.2|1 package~482
2096853	B	9	371,2.86,17.1,54.3,229,35.7,4.29,50,1.4,0,0,0,,0	1 serving~70|1 package~140
2069810	B	9	386,8.57,12.9,67.1,229,40,8.57,29,2.9,0,2.06,857,,0	1 serving~70|1 package~140
2061464	B	9	286,2.86,7.14,54.3,571,27.1,1.43,50,1.4,0,1.03,29,,3.4	1 serving~70|1 package~140
2665696	B	46	282,2.82,11.3,42.2,338,21.1,1.41,28,1.4,0,1.52,28,,0,,,,0	1 muffin~71|1 package~284
1889633	B	12	625,4.17,54.2,33.3,0,20.8,45.8,0,8.3,0,1.5,0,,0	1 drop~24|1 package~144
2061465	B	4	625,4.17,54.2,33.3,42,20.8,45.8,0,8.3,0,1.5,0,,0	1 drop~24|1 package~144
2069809	B	9	409,5.11,11.9,73.2,307,46,8.52,34,1.7,0,0,681,,0	1 serving~58.7|1 package~140
1889806	B	9	415,4.98,11.6,73.1,299,46.5,8.31,33,1.7,0,0,664,,0	1 serving~60.2|1 package~482
2069613	B	9	388,2.5,16.2,61.2,212,47.5,5,31,1.2,0,0,0,,0	1 slice~80|1 package~510
2052750	B	9	368,2.83,16,55.7,226,38.7,4.72,47,.9,0,0,0,,0	1 cup cake~106|1 package~482
1548103	B	48	133,21.2,5.31,0,71,0,1.77,53,0,,2.39,0,,0	1 serving~113
2548463	B	2	333,14.3,23.8,9.52,1290,4.76,14.3,71,0,0,0,1190,,0,4.75	1 slice~21|1 package~340
2548464	B	2	368,15.8,31.6,5.26,1740,5.26,18.4,79,0,0,0,526,,0	1 slice~19|1 package~1360
2431650	B	2	381,23.8,33.3,0,643,0,19,95,0,0,0,710,0,,0	1 slice~21|1 package~170
2548460	B	2	393,25,32.1,3.57,643,0,21.4,107,0,0,0,714,,0	1/3 cup~28|1 package~454
2548461	B	2	393,21.4,32.1,3.57,607,0,17.9,89,0,0,0,686,,,0	¼ cup~28|1 package~226
2468536	B	29	312,6.25,18.8,29.7,578,3.12,10.9,62,1.6,0,1.69,31,0,,1.25,,,,2.5,0,.398,,94	1 serving~64
2548453	B	2	333,3.33,26.7,23.3,267,20,16.7,83,0,0,0,67,,0	2 tbsp~30|1 package~227
2549460	B	2	381,23.8,33.3,0,619,0,19,95,0,0,0,695,0,,0	1 slice~21|1 package~170
1884581	B	2	316,10.5,26.3,10.5,895,5.26,15.8,79,0,0,0,316,,0	1 slice~19|1 package~227
2468537	B	29	297,6.25,18.8,29.7,594,3.12,10.9,55,1.6,0,1.69,31,0,,.3,,,,2.5,0,.398,,94	1 container~64
2548458	B	2	393,25,32.1,3.57,643,0,21.4,107,0,0,0,714,,0	1 serving~28|1 package~454
2397308	B	2	393,21.4,28.6,3.57,607,0,17.9,89,0,0,0,682,0,,0	1/3 cup~28|1 package~226
2548468	B	2	393,25,32.1,3.57,643,0,21.4,107,0,0,0,714,,0	1 serving~28|1 package~227
2397310	B	2	393,25,32.1,3.57,607,0,17.9,89,0,0,0,686,0,,0	1/3 cup~28|1 package~226
2573793	B	2	393,25,32.1,3.57,643,0,21.4,107,0,0,0,714,,0,,,,193	1 serving~28|1 package~227
2548467	B	2	357,25,28.6,3.57,679,0,17.9,89,0,0,0,675,0,,0	.12 package~28|1 package~226
2549464	B	2	357,21.4,28.6,3.57,607,0,16.1,89,0,0,.36,679,71,,.35	¼ cup~28|1 package~226
2549463	B	2	286,25,21.4,3.57,714,0,12.5,71,0,0,0,714,0,,0	.03 package~28|1 package~907
2397306	B	2	286,21.4,17.9,3.57,679,0,12.5,54,0,0,0,689,0,,0	1/3 cup~28|1 package~226
2549459	B	2	286,25,21.4,3.57,714,0,12.5,54,0,0,0,714,,0	¼ cup~28|1 package~907
2141091	B	2	250,7.14,21.4,7.14,339,3.57,14.3,71,0,0,0,143,,0	1 serving~28|1 package~227
2548456	B	2	190,14.3,9.52,14.3,1380,9.52,4.76,24,0,0,0,476,,0,4.75	1 slice~21|1 package~340
1999111	B	11	67,0,0,13.3,1800,6.67,0,0,0,0,0,133,200,,0	1 tbsp~15|1 package~2270
2548451	B	2	333,3.03,24.2,24.2,242,21.2,15.2,76,0,0,0,61,,0	2 tbsp~33|1 package~227
2548454	B	2	393,25,32.1,3.57,643,0,21.4,107,0,0,0,714,,0	1/3 cup~28|1 package~227
2573792	B	2	286,25,21.4,3.57,714,0,12.5,71,0,0,0,714,,0,,,,129	1 serving~28|1 package~227
2579873	B	2	393,25,32.1,3.57,643,0,17.9,89,0,0,0,714,,0,,,,193	¼ cup~28|1 package~907
2548452	B	2	258,6.45,22.6,6.45,387,6.45,14.5,81,0,,0,129,,0	2 tbsp~31|1 package~227
1897670	B	2	292,25,20.8,4.17,708,0,12.5,62,0,0,0,625,,0	1 piece~24|1 package~94
2549461	B	2	381,28.6,28.6,0,214,0,19,95,0,0,0,881,0,,0	1 slice~21|1 package~170
2549465	B	11	67,0,0,13.3,2930,6.67,0,0,0,0,.67,133,333,,0	1 tbsp~15
2188705	B	64	250,16.1,19.6,1.79,411,0,8.04,71,0,0,1.29,36,,2.1	1 serving~56|1 package~454
2541245	B	27	257,15.9,20.4,.88,549,0,7.08,66,.9,0,.96,18,,1.1	1 serving~113|1 package~454
2052670	B	64	469,9.38,46.9,0,500,0,15.6,62,0,0,0,0,,0	1 slice~32|1 package~397
2636613	B	64	469,9.38,46.9,0,500,0,15.6,62,0,0,0,0,,0,,,,0	1 slice~32|1 package~397
2116922	B	77	274,13.1,23.8,1.19,679,1.19,8.33,65,0,0,4.29,298,,1.4	1 serving~84|1 package~340
2106893	B	27	211,15.8,15.8,1.75,579,0,1.75,9,0,0,1.26,0,,0	1 link~57|1 package~454
2112656	B	64	469,9.38,46.9,0,500,0,15.6,62,0,0,0,0,,0	1 slice~32|1 package~340
2287196	B	64	464,7.14,46.4,0,500,0,17.9,71,0,0,0,0,,0	1 serving~28|1 package~454
2188704	B	27	257,20.4,20.4,2.65,434,.88,7.08,66,.9,0,.96,18,,1.1	1 serving~113|1 package~454
1937908	B	28	274,13.1,23.8,1.19,679,1.19,8.33,65,0,0,4.29,298,,1.4	1 serving~84|1 package~227
1898931	B	22	533,3.33,33.3,60,0,36.7,30,0,6.7,0,1.2,0,,8,,1.67,0	1/3 cup~30|1 package~128
1871548	B	8	500,11.8,26.5,58.8,147,38.2,11.8,0,5.9,0,1.06,118,,0	2 pieces~34|1 package~255
1875246	B	0	475,7.5,20,70,750,35,17.5,0,2.5,0,1.8,100,,0	9 pieces~40|1 package~213
1878721	B	0	600,16.7,46.7,33.3,350,10,8.33,0,6.7,0,3.6,133,,0	¼ cup~30|1 package~269
2043781	B	12	424,9.09,7.58,78.8,1000,12.1,6.06,0,3,0,5.45,61,,3.6	½ cup~33
1878722	B	0	600,20,53.3,23.3,317,3.33,6.67,0,6.7,0,4.8,200,,0,,,,,,,,,,267,500,,,,2,1.33	¼ cup~30|1 package~255
1881585	B	0	467,10,23.3,56.7,200,26.7,1.67,0,16.7,0,2.4,133,,0,,15,6.67	¼ cup~30|1 package~255
1881582	B	0	567,20,50,23.3,0,3.33,3.33,0,13.3,0,3.6,267,,0	1/3 cup~30|1 package~156
1881584	B	0	606,18.2,48.5,24.2,197,15.2,4.55,0,6.1,0,3.27,61,,0	¼ cup~33|1 package~241
1881583	B	0	475,2.5,15,77.5,675,45,12.5,0,0,0,1.8,50,,0	7 pieces~40|1 package~213
2072126	B	22	350,0,0,85,0,67.5,0,0,5,0,0,0,,0	¼ cup~40|1 package~113
1866717	B	5	433,6.67,13.3,73.3,150,30,5,0,20,0,1.2,267,,8	9 pods~30|1 package~113
1866737	B	0	467,10,23.3,53.3,83,36.7,1.67,0,13.3,0,2.4,133,450,0,,,,,1.33,,,,0,107,267,,2,,1,.4	¼ cup~30|1 package~255
1875245	B	5	433,6.67,13.3,73.3,150,30,5,0,20,0,1.2,267,,8	9 pods~30|1 package~156
1871549	B	0	633,16.7,53.3,23.3,250,13.3,8.33,0,6.7,0,3.6,200,533,0,,,,,4,,,,,200,333,,3,,2,.667	¼ cup~30|1 package~269
1943998	B	14	433,6.67,11.7,70,50,40,1.67,0,6.7,0,2.4,0,,0	1/3 cup /~30|1 package~369
1943997	B	14	500,10,23.3,63.3,17,16.7,6.67,0,6.7,0,2.4,0,,0	¼ cup~30|1 package~312
1868108	B	5	467,6.67,16.7,70,567,16.7,0,0,13.3,0,2.4,133,,0	23 beans /~30|1 package~113
1866739	B	29	367,6.67,0,83.3,667,3.33,0,0,6.7,0,0,0,,0	1/3 cup~30|1 package~227
1871547	B	0	600,16.7,46.7,26.7,0,6.67,6.67,0,10,0,6,0,,0	¼ cup~30|1 package~284
1871551	B	0	733,10,73.3,13.3,0,3.33,6.67,0,10,0,2.4,67,,0	¼ cup~30|1 package~198
1902800	B	12	433,6.67,10,76.7,900,16.7,8.33,0,3.3,0,6,0,,0	½ cup~30|1 package~99
1849733	B	0	633,10,60,20,67,3.33,10,0,3.3,0,3.6,0,,0	¼ cup~30|1 package~113
1871552	B	0	600,20,50,23.3,0,3.33,3.33,0,13.3,0,3.6,267,,0	¼ cup~30|1 package~284
1871546	B	0	600,20,53.3,20,250,3.33,6.67,0,6.7,0,2.4,133,,0	¼ cup~30|1 package~255
1900587	B	0	600,20,50,23.3,417,3.33,6.67,0,10,0,4.8,67,,0	¼ cup~30|1 package~170
1866731	B	0	600,20,50,23.3,417,3.33,6.67,0,10,0,4.8,67,,0	¼ cup~30|1 package~241
1900589	B	0	600,20,50,23.3,0,3.33,6.67,0,10,0,4.8,67,,0	¼ cup~30|1 package~241
1875243	B	0	481,14.8,29.6,44.4,222,29.6,7.41,0,7.4,0,1.33,74,,0	3 tbsp~27|1 package~142
1943999	B	14	433,10,11.7,70,200,23.3,0,0,6.7,0,2.4,0,,0	1/3 cup~30|1 package~326
1875241	B	5	433,3.33,13.3,76.7,100,36.7,5,0,13.3,0,2.4,133,,8	20 beans~30|1 package~170
1944114	B	0	467,13.3,26.7,43.3,317,23.3,3.33,0,6.7,0,1.2,67,,0	¼ cup~30|1 package~369
1944102	B	0	500,6.67,20,70,400,40,20,0,0,0,1.2,133,,0	6 pieces~30|1 package~397
1871573	B	0	467,10,20,56.7,183,40,3.33,0,6.7,0,1.2,0,,0	¼ cup~30|1 package~425
454142	B	33	133,6.67,6.67,11.7,192,.83,4.17,21,.8,0,0,167,,2	½ cup~120
454141	B	33	119,2.16,4.32,17.8,314,2.16,2.7,14,1.1,0,.39,22,,9.7	¾ cup~185
467144	B	21	109,4.78,5.65,9.13,339,1.3,2.61,22,.9,.43,.78,17,,5.2	1 cup~230
484228	B	43	103,5.77,8.01,5.45,282,1.6,4.81,26,.6,0,.23,128,,5.8	1 container~312
510964	B	43	53,2.86,1.43,6.94,306,1.22,0,4,.8,0,.44,8,,1.5	1 cup~245
508560	B	33	88,7.04,3.17,8.45,278,.35,.7,19,1.1,0,.51,14,,10.6	1 container~284
2622040	B	27	329,14.6,28,3.66,793,1.22,9.76,67,0,0,.88,73,756,0,,,,0	1 link~82|1 package~410
384891	B	1	400,0,11.2,72.5,200,35,5,0,2.5,0,0,0,,0	30 psc~40
2463138	B	46	298,7.02,10.5,42.1,1040,7.02,7.02,35,3.5,0,2.28,35,70,,.35	1 serving~57|1 package~340
2471966	B	46	306,3.53,11.8,42.4,1020,3.53,7.06,29,2.4,0,2.35,35,82,,.225	1 serving~85|1 package~340
453992	B	22	250,3,2,65,0,50,.3,0,12.5,,1.08,60,600,1.2	½ cup~100
509821	B	22	300,2.5,0,77.5,0,72.5,0,0,7.5,0,.9,50,600,0	5 -6 dates~40
726350	B	51	21,3.75,0,.42,238,0,0,0,0,0,0,4,264,,0	1 cup~240
2398427	B	0	717,10,70,13.3,0,3.33,6.67,0,6.7,,2.4,67,,0	1 serving~30|1 package~369
2098600	B	0	283,11.7,23.3,11.7,192,3.33,2.5,0,5,0,1.8,33,483,2,,11.7,6.67	½ cup~60|1 package~397
407029	B	0	324,8.82,5.88,73.5,618,0,0,0,14.7,0,1.06,0,,0	2 tbsp~34
2301680	B	96	141,2.35,3.53,24.7,306,0,0,0,2.4,0,.42,0,341,7.1,,1.76,1.18	1 serving~85|1 package~794
2622941	B	78	275,10.8,15.7,21.6,500,.98,2.45,34,1,0,.71,0,,0,,,,0	2 fillets~102|1 package~516
1898001	B	28	179,16.1,12.5,1.79,1110,1.79,3.57,71,,0	1 serving~56|1 package~454
1870508	B	78	77,15.4,.55,1.1,242,0,0,66,0,0,.4,0,,0	1 fillet~91|1 package~369
2037300	B	36	256,11.1,11.1,26.7,300,1.11,1.67,33,1.1,0,1.6,0,,0	1 serving~90|1 package~539
1870510	B	36	250,11.6,10.7,26.8,304,.89,1.79,36,.9,0,1.29,18,,0	1 serving~112|1 package~454
1870514	B	76	77,15.4,.55,2.2,220,0,0,66,0,0,.4,0,,0	1 fillet~91|1 package~369
2486719	B	36	107,17.9,3.12,0,58,0,1.07,62,0,0,.32,46,336,,.725	1 serving~112|1 package~907
2483135	B	36	125,27.7,1.79,0,107,0,0,98,0,0,33.9,89,,,1.77	1 serving~112|1 package~907
1895189	B	19	109,0,0,25,688,15.6,0,0,3.1,0,1.12,62,,7.5	2 tbsp~32|1 package~510
2061111	B	11	0,0,0,0,19000	¼ tsp~1|1 package~170
2104808	B	19	78,0,0,15.6,1660,12.5,0,0,0,0,1.12,62,,7.5	2 tbsp~32|1 package~510
2068066	B	19	78,0,0,18.8,1410,15.6,0,0,0,0,1.12,0,,7.5	2 tbsp~32|1 package~567
2115082	B	11	0,0,0,100,14000	¼ tsp~1|1 package~170
1861392	B	11	500,0,0,100,9000	¼ tsp~1|1 package~170
2628969	B	76	106,21.2,2.35,0,271,0,.59,47,0,0,.59,12,341,,14	1 serving~85|1 package~170
1917806	B	19	571,0,64.3,7.14,286,7.14,3.57,36,,0	1 tbsp~14|1 package~312
2009498	B	11	0,0,0,0,17000	1 serving~.5|1 package~99
2009497	B	11	0,0,0,0,16000,0,0,0,0,,18,0,,0	1 serving~1|1 package~425
2009495	B	50	0,0,0,0,16000,0,0,0,0,,18,0,,0	1 serving~1|1 package~141
1997097	B	11	0,0,0,0,15000,0,,,,,0,0,,0	1 serving~1|1 package~85
2009496	B	11	0,0,0,50,6000,0,0,0,0,,0,0,,0	1 serving~1|1 package~312
2163972	B	42	184,0,0,42.1,0,42.1,0,0,2.6,0,0,0,,0	1 tbsp~19
2028121	B	19	171,0,0,45.7,357,37.1,0,0,0,0,1.03,0,,0	2 tbsp~35|1 package~425
1864834	B	19	147,0,0,35.3,265,32.4,0,0,0,0,1.06,0,,0	2 tbsp~34|1 package~411
2028635	B	19	171,0,0,42.9,457,37.1,0,0,0,0,2.06,57,,0	2 tbsp~35|1 package~425
2028120	B	19	176,0,0,41.2,647,35.3,0,0,0,0,2.12,59,,0	2 tbsp~34|1 package~411
2064680	B	19	113,3.23,0,25.8,258,19.4,0,0,3.2,0,2.32,65,,3.9	2 tbsp~31|1 package~397
2137463	B	19	182,0,0,39.4,258,36.4,0,0,0,0,0,0,,0	2 tbsp~33|1 package~397
2545872	B	19	0,0,0,0,1100,0,0,0,0,0	1 tsp~5|1 package~397
1919760	B	100	179,23.2,8.93,0,250,0,2.68,27,,0,0,0,,0	1 serving~56|1 package~170
2541995	B	45	92,4,0,19,520,12,0,0,5,0,3,36,1010,,0	¼ cup~100|1 package~425
1878448	B	0	607,25,50,17.9,429,3.57,7.14,0,7.1,0,1.29,71,643,0,,,,,14.3,0,,.286,,214,536,,5.36,,2,1.43	¼ cup~28|1 package~198
2042980	B	0	586,25,53.6,21.4,1000,0,10.7,0,17.9,0,2.57,0,643,0	40 pieces /~28|1 package~213
2045250	B	0	586,25,53.6,21.4,0,0,10.7,0,17.9,0,2.57,0,643,0	40 pieces) / (~28|1 package~213
2406289	B	37	102,1.2,0,24.7,39,13.9,0,0,1.8,0,.6,20,229,,0	2/3 cup~166|1 package~425
2145477	B	28	107,17.9,1.79,3.57,1040,3.57,0,36,0,0,1.29,0,,0	1 slice~28|1 package~340
1889071	B	28	89,16.1,1.79,3.57,768,1.79,0,27,0,0,.64,0,,0	5 slices~56|1 package~227
2539106	B	54	33,0,0,6.67,0,6.67	1 tbsp~15|1 package~250
2539104	B	54	0,0,0,0,0	1 tbsp~15|1 package~250
2539107	B	54	33,0,0,6.67,0,6.67	1 tbsp~15|1 package~250
2539105	B	54	0,0,0,0,0	1 tbsp~15|1 package~250
2485224	B	99	329,5.71,11.4,50,543,11.4,2.86,21,1.4,0,6,329,129,,.15	2 waffles~70|1 package~349
2422509	B	0	700,16.7,66.7,10,0,0,5,0,10,,3.6,67,,0	1 serving~30|1 package~454
1162754	B	79	333,0,0,83.3,0,83.3	1 piece / null~6
1545847	B	20	27,4.3,0,4.3,3,2.15,0,0,2.2,,.39,22,,6.5	5 spears) / (~93
2626550	B	88	385,12.8,3.85,74.4,769,2.56,0,0,2.6,0,4.62,51,,0,,,,0,7.69,1,.436,,256	¼ cup~39|1 package~908
2440552	B	6	341,9.41,4.12,65.9,494,12.9,1.18,29,2.4,,3.18,71,,2.8	1 roll~85|1 package~454
2440148	B	1	353,0,0,82.4,441,58.8,0,,,,0,0,,0	3 pieces~17|1 package~170
2440149	B	42	325,0,0,82.5,32,62.5,0,,,,0,0,,0	3 pieces~40|1 package~184
2438666	B	1	325,0,0,82.5,38,62.5,0	3 pieces~40|1 package~184
2438667	B	1	333,4.76,0,81,83,57.1,0,,,,0,0,,0	5 pieces~42|1 package~142
2438717	B	1	300,5,0,70,12,50,0,,,,0,0,,0	5 pieces~40|1 package~135
2439971	B	1	353,0,0,82.4,29,58.8,0,,,,0,0,,21.2	3 pieces~17|1 package~156
2438745	B	1	333,7.69,0,79.5,64,59,0,,,,0,0,,0	5 pieces~39|1 package~135
2438744	B	1	286,0,0,71.4,0,61.9,0,,,,0,0,,0	3 pieces~21|1 package~142
2010560	B	0	425,2.5,17.5,67.5,62,52.5,11.2,0,5,0,1.8,0,,150	22 pieces~40
2338697	B	36	71,13.3,1.77,0,274,0,.44,44,0,0,0,18,,0	1 serving~113|1 package~1816
2072759	B	41	857,0,100,0,0,,7.14,0,,0,,,,,,64.3,28.6	1 tbsp~14|1 package~710
2120812	B	0	607,21.4,53.6,21.4,536,7.14,3.57,0,10.7,0,3.57,286,679,,0	1 serving~28|1 package~142
2383619	B	2	176,0,11.8,17.6,1120,0,5.88,0,0,0,0,47,24,,0	1 slice~17|1 package~272
2044575	B	1	395,2.63,6.58,81.6,184,71,3.95,0,2.6,0,2.84,0,,0	5 pieces~38|1 package~340
2051384	B	4	433,6.67,13.3,70,417,20,0,0,3.3,0,2.4,0,,0,,8.33,3.33	13 crackers~30|1 package~369
2067918	B	37	27,1.54,0,5.38,323,2.31,0,0,1.5,0,.83,31,,1.8	½ cup~130|1 package~390
2060767	B	31	27,2.67,0,4,0,2.67,0,0,1.3,0,.48,27,,12	6 spears~75|1 package~227
2046360	B	4	485,3.03,18.2,72.7,333,33.3,4.55,0,3,0,2.18,,,,,6.06,6.06	2 cookies~33|1 package~907
1877369	B	4	485,3.03,18.2,72.7,227,36.4,9.09,0,0,0,2.18,,45,,,7.58,3.03	3 cookies~33|1 package~405
2106674	B	23	357,3.57,39.3,3.57,821,3.57,5.36,36,0,0,0,21,54,,0	2 tbsp~28|1 package~473
2096169	B	36	223,11.6,11.6,18.8,848,2.68,.89,62,1.8,0,.64,36,,0	1 serving~112|1 package~397
2042916	B	1	375,2.5,7.5,80,300,47.5,5,0,0,0,0,50,,0	6 pieces~40|1 package~98
2105472	B	28	107,16.1,3.57,3.57,750,1.79,1.79,45,,0,.64	6 slices~56|1 package~255
2435868	B	2	393,21.4,28.6,3.57,1070,0,21.4,71,0,0,0,464,71,,0	¼ cup~28|1 package~113
2015885	B	88	393,14.3,5.36,67.9,1540,3.57,0,0,3.6,0,5.14,143,,0	¼ cup~28|1 package~425
2096168	B	74	395,5.26,11.8,68.4,553,36.8,5.26,26,0,0,1.89,53,145,0,,3.95,2.63	1 cookie~38|1 package~453
2095888	B	60	383,0,.83,93.3,25,53.3	¼ cup~60|1 package~710
2438842	B	4	514,2.86,25.7,65.7,486,40,17.1,57,2.9,0,2.06,57,,0,,4.29,0	2 cookies~35|1 package~212
1886664	B	38	410,2.56,7.69,79.5,641,41,2.56,0,2.6,0,1.85,51,,0	.08 package~39|1 package~468
2095887	B	3	259,3.53,14.1,30.6,124,24.7,9.41,53,0,0,0,118,,1.4	½ cup~85|1 package~946
2044572	B	12	500,7.14,28.6,53.6,1180,7.14,5.36,0,3.6,0,2.57,143,,0	1 serving~28|1 package~369
1918872	B	2	152,6.06,10.6,6.06,545,3.03,4.55,30,0,0,1.09,182,,18.2	2 tbsp~33|1 package~227
1929443	B	38	415,7.55,8.49,75.5,660,52.8,6.6,0,1.9,0,1.36,189,,0,,1.89,0	.17 package~53|1 package~318
2627763	B	26	214,10.7,11.9,15.5,369,0,1.79,18,2.4,0,1.71,357,,0,,7.14,3.57,0	6 nuggets~84|1 package~1590
2076522	B	26	214,10.7,11.9,15.5,369,0,1.79,18,2.4,0,1.71,357,,0,,7.14,3.57	3 tenders~84|1 package~1590
1929916	B	28	107,23.2,.89,1.79,786,0,0,62,,0,.64,36	5 slices~56|1 package~227
2097478	B	4	436,5.13,20.5,61.5,295,33.3,10.3,26,2.6,0,.92,51,0,0,,5.13,2.56	1 cookie~39|1 package~397
2061048	B	3	254,4.48,13.4,28.4,97,25.4,7.46,45,1.5,0,0,119,,0	½ cup~67|1 package~1420
2031327	B	44	86,0,0,20.7,0,20,0,0,.7,0,0,0,,4.3	½ cup~140|1 package~567
2044574	B	4	500,3.57,21.4,67.9,429,28.6,12.5,0,0,0,2.57,,,,,7.14,0	3 cookies~28|1 package~283
2071800	B	2	393,21.4,32.1,3.57,714,0,21.4,107,0,0,0,714,,0	3 slices~28|1 package~283
2150835	B	38	400,2.86,5.71,82.9,,51.4,2.86,9,2.9,0,3.43,29,257,,0,2.86,0	.06 package~35|1 package~553
2095890	B	12	464,7.14,25,57.1,821,0,3.57,0,3.6,0,0,0,,0	1 serving~28|1 package~105
2098626	B	12	464,7.14,25,57.1,1070,0,3.57,0,3.6,0,0,71,,4.3	1 serving~28|1 package~105
2071799	B	2	357,25,28.6,3.57,607,0,17.9,107,0,0,0,714,,0	3 slices~28|1 package~283
2071797	B	2	393,25,32.1,0,643,0,21.4,107,0,0,0,714,,0	3 slices~28|1 package~283
2072758	B	2	300,6.67,30,6.67,667,6.67,20,100,0,0,0,67,,0	2 tbsp~30|1 package~227
2071801	B	14	355,6.45,0,87.1,484,29,0,0,9.7,0,26.1,0,210,67.7,0,0,0,,22.6,2,1.92,2.26,,,,6.77	1 cup~31|1 package~317
2126914	B	2	250,21.4,14.3,7.14,1210,3.57,10.7,54,0,0,0,357,,0	1 serving~28|1 package~113
1898587	B	9	408,2.82,21.1,54.9,254,43.7,6.34,35,0,0,1.52,28,,0	3 cupcakes~71|1 package~567
2067922	B	37	9,.88,0,1.77,124,.88,0,0,.9,0,.32,0,,53.1	1 bowl~113|1 package~454
1874551	B	30	389,0,0,100,0,88.9	1 1/3 tbsp~18|1 package~1990
2057656	B	85	429,4.76,23.8,52.4,405,4.76,9.52,24,0,0,1.71,0,,0	.12 crust~21|1 package~340
2058082	B	38	385,2.56,7.69,79.5,795,43.6,2.56,0,2.6,0,2.77,103,,0	.08 package~39|1 package~468
1882130	B	10	2,0,0,.83,21,.83,,,,,,,,25	8 fl oz~240|1 package~1890
2087877	B	4	467,3.33,20,66.7,433,30,10,0,3.3,0,3.6,,,,,8.33,1.67	2 cookies~30|1 package~765
2072754	B	31	29,1.18,0,5.88,0,1.18,0,0,3.5,0,.85,47,,4.2	¾ cup~85|1 package~326
2072757	B	41	857,0,100,0,0,,14.3,0,,0,,,,,,71.4,14.3	1 tbsp~14|1 package~2000
2076514	B	98	143,2.86,1.07,32.1,0,0,0,0,.7,0,.51,0,,0	¾ cup~140|1 package~283
2121434	B	2	97,8.85,0,15.9,265,13.3,0,4,0,0,0,71,115,0,,0,0	½ cup~113|1 package~453
2484691	B	39	33,3.33,0,5.42,44,5.42,0,2,,0,,125,,,1.05	1 cup~240|1 package~1890
2042909	B	4	345,3.45,5.17,72.4,379,41.4,0,0,3.4,0,1.24,0,138,0,,0,0	2 cookies~29|1 package~397
1880029	B	30	0,0,0,0,1,0	1 can~355|1 package~4260
2067957	B	26	260,10.2,9.45,31.5,394,2.36,4.72,16,1.6,0,2.13,276,,4.7	1 sandwich~127|1 package~255
2060771	B	55	50,.71,.36,10.7,0,5.71,0,0,4.3,0,.51,14,,30	¾ cup~140|1 package~1130
2095886	B	46	385,5.77,9.62,71.2,462,32.7,3.85,0,1.9,0,3.46,0,,0,,,,,3.85,0,.327,.385,77	1 pastry~52|1 package~624
2509972	B	25	36,0,0,9.44,0,8.89,0,0,0,0,0,0,0,16.7,0	12 fl oz~360|1 package~3780
2057665	B	1	391,0,4.35,87,109,52.2,0,0,0,0,,,,261,,0,0	1 pouch~23|1 package~136
2509973	B	25	36,0,0,9.44,0,8.89,0,0,0,0,0,0,0,16.7,0	12 fl oz~360|1 package~3780
2071795	B	2	400,40,30,0,1500,0,20,100,0,0,0,1200,,0	1 tbsp~5|1 package~227
2071796	B	2	400,40,30,0,1800,0,20,100,0,0,7.2,1200,,0	1 tbsp~5|1 package~227
2075031	B	39	142,3.33,6.67,18.3,75,16.7,4.17,46,0,0,0,125,,1	½ cup~120|1 package~946
2095892	B	37	82,0,0,14.1,271,11.8,0,0,2.4,0,0,20,147,,0	½ cup~85|1 package~425
2105330	B	28	125,16.1,2.68,8.93,732,7.14,.89,45,,0,.64	6 slices~56|1 package~255
2105462	B	28	125,16.1,3.57,7.14,714,7.14,.89,45,,0,1.29	6 s;oces~56|1 package~255
1875863	B	30	400,6.67,10,80,1200,40,6.67,0,6.7,0,2.4,0,,0	1 single serve cup~15|1 package~180
1877373	B	30	400,6.67,13.3,73.3,1330,40,13.3,0,6.7,0,2.4,0,,0	1 cup~15|1 package~180
1912893	B	3	239,4.48,14.9,23.9,104,22.4,7.46,45,1.5,0,0,149,,0	½ cup~67|1 package~1420
2121464	B	3	224,2.99,13.4,23.9,90,23.9,7.46,52,0,0,0,149,,0	½ cup~67|1 package~1420
1882129	B	30	389,0,0,100,0,88.9	1 1/3 tbsp~18|1 package~2490
1874561	B	30	389,0,0,100,0,88.9	1 1/3 tbsp~18|1 package~2490
2096170	B	0	483,10.3,27.6,55.2,190,44.8,12.1,0,3.4,0,2.48,138,,0	3 tbsp~29|1 package~737
2014652	B	61	349,9.3,2.33,76.7,0,0,0,0,4.7,0,.84,0,,0	½ cup~43|1 package~397
2084897	B	23	267,0,23.3,13.3,1130,13.3,3.33,0,0,0,0,0,,8,,5,13.3	2 tbsp~30|1 package~473
2678475	B	2	333,10,30,3.33,933,3.33,13.3,50,0,0,0,267,,0,,,,120	2 tbsp~30|1 package~283
2075034	B	10	29,0,0,7.5,15,6.67,,0,0,,0,0,,25	8 fl oz~240|1 package~1890
2075040	B	1	350,0,0,90,62,52.5,0,0,0,0,0,0,,0	12 pieces~40|1 package~453
2061049	B	1	308,0,0,76.9,77,61.5	1 piece~26|1 package~680
2089560	B	11	0,0,0,0,20000	¼ tsp~.7|1 package~99
2042912	B	10	25,0,0,6.25,44,6.25,,,,,,,,25	8 fl oz~240|1 package~3780
2046358	B	1	375,2.5,5,75,0,60,5,0,2.5,0,6.75,150,,0	8 pieces~40|1 package~99
2057664	B	29	500,7.14,21.4,64.3,893,7.14,3.57,0,0,0,2.57,0,71,0,,3.57,10.7,,5.71,1,.243,,,,143	4 crackers~14|1 package~454
1901850	B	105	0,0,0,0,0,0,,,,,,,,,,,,,100,,,10,,,,30	.04 bottle~2|1 package~48
1901846	B	105	0,0,0,0,0,0,,,,,,,,,,,,,100,,,10,,,,30	.04 bottle~2|1 package~48
1901847	B	105	0,0,0,0,2250,0,,,,,,,,,,,,,100,,,10,,,,30	½ tsp~2|1 package~48
1901848	B	105	0,0,0,0,1500,0	.04 bottle~2|1 package~48
2076521	B	23	167,0,11.7,16.7,800,16.7,0,0,0,0,0,0,,0,,5,5	2 tbsp~30|1 package~473
2479963	B	39	42,3.33,1.04,5,44,5,.62,6,,0,,125,158	1 cup~240|1 package~1890
1916484	B	21	183,7.75,8.45,19,366,2.82,4.93,25,.7,0,1.01,106,0,0	1 serving~142|1 package~567
2060770	B	55	71,.71,0,17.1,0,15,0,0,2.1,0,1.93,14,,30	¾ cup~140|1 package~454
2044573	B	5	393,10.7,3.57,82.1,1680,3.57,0,0,3.6,0,0,0,,0	1 serving~28|1 package~737
2093900	B	3	246,3.08,12.3,29.2,154,26.2,6.15,31,0,0,0,123,,0	½ cup~65|1 package~1420
2104629	B	0	485,12.1,30.3,48.5,212,33.3,6.06,0,6.1,0,2.18,61,,0	3 tbsp~33|1 package~737
2076513	B	26	364,12.1,21.2,33.3,848,0,7.58,30,0,0,1.09,303,,0	1 piece~33|1 package~226
2058081	B	38	405,5.41,10.8,70.3,703,21.6,5.41,0,2.7,0,2.92,108,,0	¼ cup~37|1 package~241
2057660	B	116	500,10,26.7,60,767,0,3.33,0,3.3,0,3.6,0,100,0,,16.7,6.67	28 crackers~30|1 package~388
2509970	B	10	50,.83,0,12.1,2,8.75,0,,.4,0,.12,12,183,33.3	8 fl oz~240|1 package~1890
2046350	B	4	467,6.67,23.3,66.7,367,26.7,11.7,0,0,0,2.4,,,,,8.33,1.67	2 cookies~30|1 package~765
2285419	B	4	429,3.57,17.9,64.3,446,35.7,10.7,54,3.6,0,3.57,36,189,,0	1 cookie~28|1 package~226
2072760	B	4	483,3.45,17.2,72.4,328,31,10.3,0,0,0,2.48,0,,0,,6.9,0	2 cookies~29|1 package~340
2046353	B	4	467,6.67,20,70,350,30,10,0,0,0,2.4,,,,,6.67,0	2 cookies~30|1 package~765
2049276	B	4	483,3.45,20.7,69,397,27.6,10.3,0,0,0,2.48,0,,0,,8.62,1.72	2 cookies~29|1 package~340
2437843	B	7	150,0,15,0,1700,0,0,0,0	1 olive~10|1 package~198
2042910	B	12	464,3.57,25,57.1,1610,3.57,3.57,0,0,0,0,0,,12.9,,5.36,14.3	1 serving~28|1 package~177
2509974	B	25	36,0,0,9.44,0,8.89,0,0,0,0,0,0,0,16.7,0	12 fl oz~360|1 package~3780
2091991	B	26	214,12.9,12.1,12.9,521,12.1,4.29,61,.7,0,.77,57,,0	1 serving~140|1 package~567
2076620	B	12	536,7.14,25,60.7,1140,3.57,5.36,0,3.6,0,1.29,0,,0	1 serving~28|1 package~652
2027994	B	16	375,12.5,2.68,73.2,0,3.57,0,0,8.9,0,3.21,36,,0,,0,1.79	¾ cup~56
2067960	B	26	268,8.66,11.8,31.5,449,2.36,6.3,20,1.6,0,2.13,118,,3.8	1 sandwich~127|1 package~255
2067961	B	26	252,7.87,11,30.7,425,2.36,5.51,12,.8,0,2.83,197,,2.8	1 sandwich~127|1 package~255
2435111	B	74	524,4.76,28.6,57.1,333,23.8,19,0,0,0,1.71,0,71,0,,7.14,0	.12 of 9" crust~21|1 package~170
2121433	B	38	444,5.56,22.2,50,389,5.56,8.33,28,0,0,2,0,,0	.12 crust~18|1 package~283
2437748	B	7	133,0,13.3,6.67,2200,0,0,0,0	5 olives~15|1 package~184
1882128	B	0	536,7.14,35.7,50,1140,3.57,5.36,0,7.1,0,1.29,71,,0,,8.93,21.4	1 serving~28|1 package~212
2678479	B	36	152,7.14,5.36,18.8,786,.89,1.34,49,.9,0,1.29,18,,1.1,,,,16	1 serving~112|1 package~397
1923865	B	0	429,3.57,14.3,67.9,786,14.3,0,0,3.6,0,3.86,214,,0	1 serving~28|1 package~134
2076519	B	26	236,12.9,12.1,19.3,207,18.6,4.29,61,.7,0,1.29,14,,0	1 serving~140|1 package~567
2103161	B	25	71,2.14,1.07,11.7,36,11.4,.71,5,0,0,0,71,,0	9½ fl oz~281
2286254	B	3	235,3.53,15.3,22.4,59,21.2,9.41,59,0,0,.42,118,,1.4	½ cup~85|1 package~946
1931362	B	3	220,2.2,9.89,30.8,77,24.2,5.49,33,0,0,0,95,109,,0	2/3 cup~91|1 package~1420
1918871	B	88	300,2.5,2.5,67.5,450,32.5,0,0,2.5,0,2.7,450,50,0,,1.25,0	1 serving~40|1 package~479
2067916	B	37	27,1.54,0,5.38,323,2.31,0,0,1.5,0,.83,31,,1.8	½ cup~130|1 package~390
2067919	B	7	89,3.57,7.14,3.57,321,,,,3.6,,,,,25.7	2 pieces~28|1 package~170
2076523	B	23	692,0,76.9,0,577,0,11.5,38,0,0,0,0,,0,,19.2,46.2	1 tbsp~13|1 package~650
2105464	B	28	107,19.6,2.68,1.79,696,1.79,.89,45,,0,2.57	6 slices~56|1 package~198
2432747	B	0	607,21.4,57.1,17.9,339,3.57,3.57,0,10.7,0,3.57,286,714,,0	1 serving~28|1 package~142
2075038	B	1	381,0,4.76,90.5,143,54.8,3.57,0,0,0,0,0,,0	7 pieces~42|1 package~297
2046354	B	4	485,3.03,18.2,72.7,303,33.3,4.55,0,0,0,2.18,,,,,6.06,6.06	2 cookies~33
1874554	B	4	485,6.06,18.2,72.7,303,33.3,4.55,0,3,0,2.18,,,,,6.06,6.06	2 cookies~33|1 package~907
1880027	B	4	485,3.03,18.2,72.7,303,33.3,4.55,0,0,0,2.18,,,,,6.06,6.06	2 cookies~33|1 package~907
2051385	B	24	0,0,0,0,1,0	12 fl oz~355|1 package~2000
2095889	B	2	381,23.8,33.3,0,643,0,19,95,0,0,0,714,,0	1 piece~21|1 package~213
2012714	B	19	118,0,0,23.5,941,23.5,0,0,0,0,0,0,,7.1	1 tbsp~17|1 package~907
2060766	B	55	67,.83,0,15,0,11.7,0,0,1.7,0,.3,17,0,25,,0,0	½ cup~120|1 package~425
2071802	B	64	444,27.8,38.9,5.56,2170,5.56,13.9,111,0,0,2,0,,0	3 slices~18|1 package~71
2044576	B	1	351,0,0,86.5,54,51.4,0,0,0,0,0,0,,0	6 pieces~37|1 package~453
2627762	B	26	190,7.04,9.86,19,423,4.23,3.52,21,1.4,0,1.27,141,,0,,,,38	5 pieces~142|1 package~340
2084904	B	23	500,0,53.3,3.33,933,3.33,8.33,33,0,0,0,0,,0	2 tbsp~30|1 package~473
2109943	B	15	267,3.33,26.7,6.67,600,3.33,8.33,33,0,0,1.2,67,,4	2 tbsp~30|1 package~283
2096171	B	45	100,5.38,.38,17.7,500,1.54,0,0,3.8,0,1.11,31,369,0	½ cup~130|1 package~432
2067963	B	19	118,0,0,23.5,941,17.6,0,0,0,0,0,0,235,7.1	1 tbsp~17|1 package~567
2286372	B	19	118,0,0,23.5,941,17.6,0,0,0,0,0,0,,7.1	1 tbsp~17|1 package~567
1914956	B	26	315,3.7,14.8,44.4,296,22.2,3.7,9,1.9,0,2,0,,0,,2.78,5.56,,2.22,0,.189,,,,74	1 pastry with icing~54|1 package~326
1903658	B	26	315,3.7,14.8,44.4,315,20.4,4.63,9,1.9,0,2,0,,0,,3.7,5.56,,2.22,0,.189,,,,74	1 pastry with icing~54|1 package~326
1903442	B	26	319,6.59,18.7,28.6,681,1.1,5.49,16,1.1,0,.4,22,,0	3 pieces~91|1 package~226
2103126	B	4	436,2.56,18,64.1,346,30.8,10.3,38,0,0,0,51,,0	1 cookie~39|1 package~397
1880028	B	30	389,0,0,100,0,88.9	1 1/3 tbsp~18|1 package~1990
2509971	B	53	33,0,0,8.89,1,8.89,0,0,0,0,0,0,0,,0	12 fl oz~360|1 package~3780
2067923	B	5	27,1.77,0,4.42,124,2.65,0,0,1.8,0,.32,0,,53.1	1 bowl~113|1 package~454
2060769	B	96	165,1.18,7.06,22.4,159,9.41,1.18,0,3.5,0,0,24,,5.6,,1.18,4.71	1 serving~85|1 package~539
2058496	B	14	406,6.25,6.25,84.4,656,37.5,0,0,0,0,14.1,0,172,18.8,3.12,,,,15.6,1,1.33,1.56,312,25,62,4.69,4.69,,,.125	¾ cup~32|1 package~312
2058495	B	2	357,28.6,28.6,3.57,214,0,17.9,89,0,0,0,893,,0	1 serving~28|1 package~170
2075032	B	16	192,7.2,2.4,35.2,384,.8,1.2,12,1.6,0,2.16,48,,0,,.4,0	1 cup~125|1 package~369
1901854	B	10	29,0,0,7.5,15,7.5,,0,0,,0,0,,25	8 fl oz~240|1 package~1890
2049277	B	10	25,0,0,5.83,44,5.83,,,,,,,,25	8 fl oz~240|1 package~3780
1898586	B	9	423,2.82,21.1,53.5,239,43.7,6.34,35,0,0,.51,28,,0	3 cupcakes~71|1 package~284
1924622	B	28	107,17.9,2.68,3.57,1200,3.57,.89,45,,0,.64	6 slices~56|1 package~255
2094060	B	21	159,7.93,8.37,12.8,414,2.64,3.96,24,.9,0,.79,110,53,6.6	1 serving~227|1 package~907
2187405	B	17	75,8.81,0,10.1,35,9.69,0,7,.4,0,0,110,163,0	1 cup~227|1 package~907
1901852	B	10	29,0,0,7.5,15,6.67,,0,0,,0,0,,25	8 fl oz~240|1 package~1890
2443398	B	105	0,0,0,0,500,0,,,,,,,,,,,,,100,,,10,,,,30	.04 bottle~2|1 package~48
2057669	B	29	467,6.67,20,66.7,800,6.67,3.33,0,6.7,0,2.4,0,133,0,,3.33,10	5 crackers~15|1 package~402
2076515	B	98	107,2.14,.36,22.1,18,1.43,0,0,1.4,0,1.03,14,,1.7	¾ cup~140|1 package~283
2430678	B	0	571,17.9,50,32.1,304,3.57,8.93,0,3.6,0,6.07,36,643,,0	1 serving~28|1 package~142
2089251	B	29	400,6.67,16.7,60,600,3.33,1.67,0,3.3,0,2.4,67,,0,,10,5	52 crackers~30|1 package~187
2095891	B	37	17,.83,0,3.33,242,1.67,0,0,1.7,0,.6,17,62,3	½ cup~120|1 package~411
2067920	B	37	27,.88,.44,5.31,124,1.77,0,0,.9,0,.64,0,,53.1	1 bowl~113|1 package~454
2487508	B	39	62,3.33,3.33,5,44,5,2.08,15,,0,0,121,,,1.05	1 cup~240|1 package~1890
2060772	B	55	50,1.43,0,11.4,0,7.14,0,0,2.9,0,0,29,,51.4	¾ cup~140|1 package~1130
2541502	B	6	246,8.77,0,52.6,544,0,0,0,1.8,0,3.16,0,,0	1 roll~57|1 package~340
1930576	B	6	246,8.77,0,50.9,544,0,0,0,1.8,0,3.16,0,,0	1 serving~57|1 package~397
1866860	B	42	225,0,0,60,100,60,,0,,0,0,0,,18	1 tbsp~20|1 package~340
1866892	B	42	225,0,0,60,100,60,,0,,0,0,0,,18	1 tbsp~20|1 package~340
2439721	B	42	300,0,0,70,25,45,,0,,,0,0,,0	1 tbsp~20|1 package~510
2439723	B	42	300,0,0,70,25,45,,0,,,0,0,,0	1 tbsp~20|1 package~510
1910734	B	42	225,0,0,60,0,55,,0,,,0,0,,6	1 tbsp~20|1 package~1300
2439727	B	42	300,0,0,70,25,45,,0,,,0,0,,0	1 tbsp~20|1 package~1300
2439725	B	42	250,0,0,70,25,60,,0,,,0,0,,0	1 tbsp~20|1 package~510
1866894	B	42	300,0,0,70,25,45,,0,,0,0,0,,0	1 tbsp~20|1 package~1300
2627736	B	42	225,0,0,60,0,55,,0,,0,0,0,,6,,,,0	1 tbsp~20|1 package~510
2439730	B	42	300,0,0,70,25,45,,0	1 tbsp~20|1 package~510
1910732	B	60	217,0,0,55,17,51.7,0,0,0,0,0,0,,10	¼ cup~60|1 package~355
1910736	B	60	200,0,0,51.7,17,46.7,0,0,1.7,0,.6,0,,0	¼ cup~60|1 package~355
1048931	B	79	375,0,0,75,0,75	1 piece~4
490451	B	79	333,0,0,83.3,0,83.3	1 piece~6
2534305	B	79	333,0,0,83.3,0,83.3	1 piece~6|1 package~340
1138552	B	79	375,0,0,87.5,0,75	1 piece~8
1139582	B	79	333,0,0,83.3,0,83.3	1 piece~6
1784925	B	1	367,.07,0,83.3,0,73.3,0,0,0,0,0,0,,0	1 piece~30|1 package~63.8
2703237	B	123	130,6,0,17,140,1,0,0,4,0,7,42,412,,0	1 serving~100
2700336	B	123	100,6,0,18,140,1,0,0,4,0,7,43,405,,0	1 serving~100
2717745	B	123	120,6,1.5,18,110,1,0,0,4,0,2,61,463,0,0,,,0	1 serving~130
482201	B	7	19,.59,.14,3.71,346,3.11,.03,0,.4,0,.69,0,,11.1	1 serving~70
2636311	B	0	433,10,23.3,53.3,0,36.7,0,0,10,0,2.33,133,633,,0	3 bites~30|1 package~120
2584744	B	8	433,10,20,56.7,0,40,5,0,10,0,3,133,533,,0	3 bites~30|1 package~120
2636313	B	0	433,13.3,20,56.7,0,40,5,0,10,0,2.33,67,433,,0	3 bites~30|1 package~120
2607481	B	13	467,10,20,56.7,0,36.7,5,0,6.7,0,3.67,33,300,,0	3 bites~30|1 package~120
2626054	B	87	433,13.3,20,56.7,0,40,5,0,10,0,2.33,67,433,,0	3 bites~30|1 package~120
2636312	B	0	433,10,16.7,60,0,40,0,0,6.7,0,3.67,33,333,,0	3 bites~30|1 package~120
1916226	B	4	520,8,28,64,80,52,16,0,4,0,1.44,80	2 pieces~25|1 package~200
453825	B	2	293,14.3,25,1.79,893,,14.3,71,,,,229	1 serving~28
2628854	B	111	229,9.05,12.9,19,556,2.16,3.88,88,1.7,0,1.55,86	1 serving~232|1 package~464
2628848	B	33	225,4.41,13.7,21.2,595,.44,4.41,4,0,.88,.79,26	1 serving~227
2539410	B	33	141,9.24,4.38,16.5,511,.97,1.46,15,1.5,0,.88,36	1 serving~411
2626693	B	0	370,22.2,44.4,22.2,296,0,9.26,0,3.7,,13.3,74,,4.4,,,,267	1 serving~27|1 package~112
2628855	B	33	178,8.38,7.38,19.4,503,1,2.79,17,3,0,.9,40	1 serving~501
2628850	B	21	335,13.2,18.5,28.2,256,.88,5.29,31,7.1,,0,0	1 serving~113
2622865	B	35	58,0,2.5,6.67,450,0,0,0,1.7,0,.6,0,,6,,,,300	¼ cup~60|1 package~425
2622863	B	37	33,0,0,6.67,400,3.33,0,0,0,0,1.2,0,,20,,,,60	2 tbsp~30|1 package~113
2618503	B	15	54,0,3.57,7.14,786,3.57,0,0,0,0,0,0,,8.6,,,,129	2 tbsp~28|1 package~680
2631374	B	33	158,7.92,7.7,15,398,.22,3.3,19,4.2,0,,77	1 serving~455
2618504	B	15	54,0,3.57,7.14,786,3.57,0,0,0,0,0,0,,8.6,,,,129	2 tbsp~28|1 package~680
2618505	B	15	36,0,0,7.14,607,3.57,0,0,0,0,0,0,,4.3,,,,129	2 tbsp~28|1 package~680
2622866	B	45	108,5.38,1.92,16.9,369,.77,.77,0,3.8,0,1.38,31,385,2.8,,,,0	½ cup~130|1 package~454
2622864	B	7	17,0,0,3.33,1030,3.33,0,0,0,0,0,0,,30,,,,60	1 serving~30|1 package~340
2628849	B	111	179,6.53,6.53,24.4,402,1.37,2.06,9,4.5,0,.93,52	1 serving~291|1 package~582
2622867	B	66	485,6.06,24.2,54.6,0,0,6.06,0,3,0,1.09,61,0,0,,,,0,,,,,0,,0	3 shells~33|1 package~130
1815359	B	26	190,6,7,26,410,1,2.5,20,6,0,1.8,100,,0	1 tamale~100|1 package~992
2437853	B	30	375,0,12.5,87.5,,25,0,0,50,,9,500,2620,180,,,,,,,,,,200	1 tbsp~8|1 package~227
2627921	B	80	143,7.14,7.14,17.9,321,7.14,0,0,3.6,0,2.57,143,,21.4,,,,129	2 tbsp~28|1 package~227
2439544	B	61	356,6.67,0,84.4,0,0,0,0,2.2,,3.2,0,,0,,,,,3.56,0	¼ cup~45|1 package~454
2440777	B	61	367,8.89,2.22,77.8,0,0,0,0,3.3,,1.4,22,,0	¼ cup~45|1 package~454
2440772	B	61	367,8.89,2.22,77.8,0,0,0,0,3.3,,1.4,22,,0	¼ cup~45|1 package~454
2440796	B	61	356,8.89,1.33,77.8,0,0,0,0,2.2,,.8,22,,0	¼ cup~45|1 package~454
2441745	B	61	356,8.89,.44,77.8,0,,0,,2,0,.68,0,,0	¼ cup~45|1 package~1000
1919489	B	12	321,7.14,7.14,57.1,536,7.14,0,0,0,0,2.57,0,,0	3 pieces /~14|1 package~170
2072778	B	15	233,6.67,15,16.7,467,0,0,0,6.7,0,1.2,67,,4	2 tbsp~30|1 package~227
1899528	B	15	233,6.67,15,16.7,467,0,0,0,6.7,0,1.2,67,,10	2 tbsp~30|1 package~227
2072779	B	15	233,6.67,15,16.7,467,0,0,0,6.7,0,1.2,67,,4	2 tbsp~30|1 package~227
2076539	B	80	143,3.57,8.93,14.3,429,0,0,0,3.6,0,1.29,36,,8.6	2 tbsp~28|1 package~227
2068554	B	80	107,3.57,3.57,10.7,211,0,0,0,3.6,0,.64,36,,8.6	2 tbsp~28|1 package~227
2072777	B	15	233,6.67,15,16.7,467,0,0,0,6.7,0,1.2,67,,4	2 tbsp~30|1 package~227
2097559	B	15	110,3.33,3.33,16.7,247,0,0,0,3.3,0,1.2,33,,0	2 tbsp~30|1 package~227
2089607	B	2	321,10.7,25,10.7,1210,10.7,17.9,71,0,0,0,357,,0	2 tbsp~28|1 package~198
2095236	B	2	432,25,35.7,0,686,0,21.4,107,0,0	1 serving~28|1 package~227
1912983	B	2	357,14.3,25,14.3,821,14.3,14.3,71,0,0,0,536,,0	2 tbsp~28|1 package~198
1912984	B	2	179,7.14,14.3,7.14,500,7.14,8.93,36,0,0,0,536,,0	2 tbsp~28|1 package~198
1917569	B	2	418,25,32.1,0,664,0,21.4,107,0,0	1 serving~28|1 package~227
2095237	B	2	418,25,32.1,0,664,0,21.4,107,0,0	1 serving~28|1 package~227
2020422	B	2	393,25,32.1,3.57,664,0,17.9,107,0,0	1 serving~28
2061849	B	2	393,25,32.1,0,607,0,17.9,107,0,0	1 serving~28|1 package~227
1917589	B	2	357,21.4,28.6,3.57,714,0,17.9,89,0,0	1 serving~28|1 package~227
2020425	B	2	579,36.8,47.4,0,1000,0,26.3,158,0,0	1 slice~19
2441737	B	7	89,0,0,21.4,571,7.14,0,0,0,,0,0,,0	1 serving~28|1 package~908
2441748	B	42	250,0,0,64.3,0,64.3,0,0,7.1,,0,0,,8.6	1 tbsp~14|1 package~510
2400717	B	2	214,10.7,17.9,3.57,643,3.57,10.7,54,0,0,0,321,143,,0	1 ounce~28|1 package~227
2440855	B	104	464,11.4,28.6,39.3,0,39.3,3.57,0,7.1,,3.86,464,,0	1 serving~28|1 package~284
2472227	B	2	393,21.4,32.1,0,500,0,21.4,68,0,0,3.57,750,71,,3.58	1 serving~28|1 package~227
2501371	B	0	485,7.58,3.03,57.6,1000,0,,127,9.1,0,3.03,0,212,,0	2 tbsp~33|1 package~990
2603499	B	2	393,21.4,32.1,0,607,0,21.4,89,0,0,.75,682,125,,0	1 serving~28|1 package~227
2033976	B	11	0,0,0,0,39300	¼ tsp~1.5|1 package~170
2057164	B	2	393,25,32.1,0,286,0,21.4,107,0,,0,714,,0	1 serving~28|1 package~227
2045498	B	0	500,9.09,27.3,54.6,455,0,13.6,0,9.1,0,2.18,0,,0	2 tbsp~33|1 package~99
1875011	B	0	485,9.09,24.2,60.6,1030,0,12.1,0,9.1,0,2.18,0,,0	2 tbsp~33|1 package~99
1881394	B	0	515,9.09,33.3,48.5,1120,0,15.2,0,9.1,0,2.18,0,,0	2 tbsp~33|1 package~99
2440879	B	2	429,21.4,35.7,3.57,429,,21.4,107,0,,0,714,,0	1 serving~28|1 package~227
1886142	B	62	714,0,78.6,0,643,,50,214,,0	1 tbsp~14|1 package~454
2063702	B	39	67,3.33,3.75,4.58,50,4.58,2.5,15,0,0,0,125,,0,1.05	1 cup~240|1 package~3700
2034312	B	41	810,0,91.7,0,0,0,16.5,0,0,,0,0,,0	1 serving~60|1 package~472
2059661	B	11	0,0,0,0,39300	¼ tsp~1.5|1 package~170
1661734	B	0	282,10.3,3.85,69.2,26,2.56,,0,17.9,,1.85	3 tbsp~39
1863191	B	62	714,0,78.6,0,714,0,51.4,214,0,0	1 tbsp~14|1 package~908
2421690	B	62	786,0,85.7,0,500,0,57.1,214,0,0	1 tbsp~14|1 package~454
2034148	B	50	500,0,0,0,13000,0,0,0,0,0,0,0,,0	1 serving~1|1 package~142
1868880	B	11	393,0,0,100,268,96.4,0,0,0,0	1 serving~28|1 package~383
2034161	B	41	886,0,100,0,0,,7.14,0,,0,,,,,,64.3,28.6	1 tbsp~14|1 package~472
2043538	B	0	424,9.09,15.2,60.6,879,0,6.06,0,9.1,0,2.18,0,,0	2 tbsp~33|1 package~85
2386206	B	62	714,0,78.6,0,0,0,50,214,0,0,0,0,0,,0	1 tbsp~14|1 package~454
2652738	B	39	70,3.08,4.41,5.29,37,5.29,3.08,11,0,0,0,84,108,,0	1 serving~227|1 package~3000
2412993	B	39	93,2.64,3.52,12.3,35,12.3,2.64,10,0,0,0,99,143,,0	1 serving~227|1 package~473
2082257	B	39	54,3.33,2.08,5.42,52,5,1.25,8,0,0,0,125,,.5,1.05	1 cup~240|1 package~1890
2622611	B	39	42,3.33,1.04,5.42,52,5,.62,4,0,0,0,125,,.5,2,,,38	1 cup~240
2622610	B	75	54,3.33,2.08,5.42,52,5,1.25,8,0,0,0,125,,.5,2,,,38	1 cup~240
2622612	B	75	62,3.33,3.33,5.42,52,5,2.08,15,0,0,0,125,,.5,2,,,15	1 cup~240
1949134	B	62	714,0,78.6,0,0,0,50,214,0,0,0,0,0,,0	1 tbsp~14|1 package~226
2601692	B	11	312,20.8,10.4,41.7,6880,41.7,4.58,0,0,.21	1 tsp~4.8|1 package~145
2061131	B	42	150,0,0,40,0,40,0,0,0,0,0,0,,0	1 tbsp~20|1 package~425
1888906	B	42	200,0,0,50,0,45,0,0,0,0,0,0,,0	1 tbsp~20|1 package~425
2287675	B	42	250,0,0,40,0,40,0,0,0,0,0,0,,0	1 tbsp~20|1 package~425
2419588	B	27	286,14.3,23.2,1.79,804,,8.93,62,,0,.64	1 serving~56|1 package~396
2418352	B	27	304,12.5,26.8,3.57,696,0,8.93,98,0,0	1 serving~56|1 package~368
518956	B	102	159,13.6,9.09,2.27,125,,3.41,432,,0,1.64,45,,0	1 egg~44
1904023	B	0	452,9.68,22.6,58.1,129,35.5,8.06,0,6.5,0,1.16,0,,0	1/3 cup~31|1 package~127
1913278	B	12	286,42.9,7.14,7.14,2070,,3.57,107,,,3.86,0,,0	1 serving~28|1 package~91
1858708	B	12	286,42.9,7.14,7.14,2070,,3.57,107,,0,3.86,0,,0	1 serving~28|1 package~91
1887089	B	22	379,0,6.9,79.3,69,55.2,5.17,0,3.4,0,1.24,69,,0	¼ cup~29|1 package~141
2602445	B	91	411,16.1,7.14,69.6,27,0,2.68,232,1.8,0,3.93,0,250,,1	1 serving~56|1 package~340
2602446	B	91	411,16.1,7.14,69.6,27,0,2.68,232,1.8,0,3.93,0,250,,1	1 serving~56|1 package~340
2602444	B	91	411,16.1,7.14,69.6,27,0,2.68,232,1.8,0,3.93,0,250,,1	1 serving~56|1 package~340
2374214	B	102	139,10.1,7.59,5.06,684,3.8,2.53,285,0,0,,51,152	1 egg~79|1 package~908
2506944	B	12	250,42.9,3.57,10.7,1860,0,0,107,0,0,3.86,71,,0	1 serving~28|1 package~79.3
2506945	B	12	250,42.9,3.57,10.7,1860,0,0,107,0,0,3.86,71,,0	1 serving~28|1 package~79.3
2289296	B	62	714,0,78.6,0,643,,50,214,,0	1 tbsp~14|1 package~453
2071425	B	2	400,40,30,20,1600,0,20,100,0,0,0,800,,0	2 tsp~5|1 package~170
2465337	B	2	286,25,21.4,7.14,679,3.57,10.7,71,0,0,0,696,189,,.35	1 piece~28|1 package~340
2071424	B	2	321,25,21.4,3.57,536,0,12.5,54,0,0,0,714,,0	¼ cup~28|1 package~226
2071428	B	2	393,21.4,32.1,3.57,714,0,21.4,89,0,0,0,714,,0	¼ cup~28|1 package~226
2057944	B	2	393,25,32.1,0,643,0,21.4,107,0,0,0,714,,0	1 serving~28|1 package~227
2057952	B	2	393,25,32.1,3.57,643,0,21.4,107,0,0,0,714,,0	¼ cup~28|1 package~226
2057957	B	2	304,26.1,19.6,4.35,522,0,10.9,43,0,0,0,652,,0	1 slice~23|1 package~226
2057959	B	2	391,21.7,30.4,0,609,0,19.6,87,0,0,0,652,,0	1 slice~23|1 package~226
2057947	B	2	393,25,32.1,0,643,0,21.4,107,0,0,0,714,,0	1 serving~28|1 package~227
2058044	B	2	391,26.1,26.1,4.35,196,0,17.4,87,0,0,0,870,,0	1 slice~23|1 package~226
2071420	B	2	357,25,28.6,3.57,607,0,17.9,107,0,0,0,714,,0	1 serving~28|1 package~227
2057960	B	2	348,26.1,26.1,0,870,0,17.4,65,0,0,0,652,,0	1 slice~23|1 package~226
2057945	B	2	393,25,32.1,0,643,0,21.4,107,0,0,0,714,,0	1 serving~28|1 package~227
2071421	B	2	393,25,32.1,3.57,643,0,21.4,107,0,0,0,714,,0	¼ cup~28|1 package~226
2057955	B	2	321,25,21.4,3.57,536,0,12.5,54,0,0,0,714,,0	¼ cup~28|1 package~907
2057949	B	2	393,21.4,32.1,3.57,714,0,21.4,107,0,0,0,714,,0	¼ cup~28|1 package~226
2057954	B	2	393,25,32.1,3.57,786,0,21.4,89,0,0,0,714,,0	¼ cup~28|1 package~226
2096206	B	2	250,28.6,14.3,3.57,536,0,8.93,36,0,0,0,714,,0	¼ cup~28|1 package~226
2636605	B	62	714,0,78.6,0,0,,50,214,,0,,,,,,,,514	1 tbsp~14|1 package~453
2280020	B	60	300,0,0,80,0,36.7,0,0,0,0,0,0,0,,0	2 tbsp~30|1 package~355
2421609	B	25	29,0,0,6.67,6,6.25,0,0,0,0,0,8,58,,0	8 fl oz~240|1 package~1892
2165238	B	60	300,0,0,73.3,0,60,0,0,0,0,0,0,0,,0	2 tbsp~30|1 package~355
2450775	B	25	29,0,0,7.08,6,6.67,0,0,0,0,0,8,58,,0	8 fl oz~240|1 package~1892
2167375	B	60	300,0,0,73.3,0,60,0,0,0,0,0,0,0,,0	2 tbsp~30|1 package~355
1890964	B	7	111,0,0,27.8,528,11.1,0,0,5.6,0,0,0,,0	1 tbsp~18|1 package~454
2172309	B	16	368,8.77,6.14,68.4,184,0,1.75,167,7,0,2.53,35,,2.1	1 serving~57|1 package~284
1890969	B	91	351,15.8,1.75,70.2,26,3.51,0,0,3.5,0,1.58,18,,1.1	1 serving~57|1 package~397
2448395	B	25	29,0,0,7.92,6,7.5,0,0,0,0,0,8,29,,0	8 fl oz~240|1 package~1892
2440813	B	7	71,0,0,21.4,286,21.4,0,0,0,,0,0,,34.3	1 tbsp~14|1 package~454
1890967	B	7	89,0,0,21.4,571,7.14,0,0,0,0,0,0,,0	1 serving~28|1 package~454
2441341	B	7	17,0,0,3.33,1030,3.33,0,0,0,,0,0,,0	6 slice~30|1 package~454
2115211	B	91	368,7.02,5.26,79,18,0,1.75,158,12.3,0,.63,35,,0	1 serving~57|1 package~284
2415092	B	7	51,0,0,10.2,551,10.2,0,0,2,0,1.84,20,143,,0	5 to 6 pieces~49|1 package~908
2074530	B	91	386,7.02,5.26,79,9,0,1.75,158,7,0,.63,35,,0	1 serving~57|1 package~284
2424415	B	7	18,0,0,3.57,1040,0,0,0,0,0,3.57,46,164,,0	2 pieces /~28|1 package~908
2487241	B	7	23,2.53,0,3.6,5,1.73,0,0,,0,2.67,3,271,,1.32	1 cup~75|1 package~354
2413831	B	122	206,0,0,52.9,59,47.1	1 tbsp~17|1 package~454
2440603	B	22	74,0,0,19.7,20,14.8,0,0,1.6,,0,0,,0	½ cup~122|1 package~454
2441169	B	15	42,2.78,0,8.33,222,2.78,0,0,2.8,,1,0,,16.7	2 tbsp~36|1 package~411
2442613	B	122	125,0,0,35,0,30,0,0,0	1 tbsp~20|1 package~224
2442612	B	49	143,0,0,35.7,107,28.6,0,0,0,,0,0,,0	1 tbsp~14|1 package~252
2059725	B	42	286,0,0,78.6,0,64.3,0,0,0,0,0,0,,0	1 tbsp~14|1 package~510
1893120	B	15	28,0,0,8.33,264,5.56,0,0,2.8,0,0,0,,33.3	2 tbsp~36|1 package~411
1893438	B	102	180,10,7,20,600,8,5,70,10,0,0,0,,0	1 egg~50|1 package~908
2442611	B	42	250,0,0,64.3,0,64.3,0,0,0,,0,0,,0	1 tbsp~14|1 package~510
2441340	B	15	28,0,0,8.33,264,5.56,0,0,0,,0,0,,25	2 tbsp~36|1 package~411
2441478	B	15	28,0,0,8.33,278,5.56,0,0,0,,0,0,,25	2 tbsp~36|1 package~411
2437273	B	44	94,.79,0,24.4,4,22.8,0,0,.8,,.28,0,,1.9	½ cup~127|1 package~908
2441192	B	15	42,0,0,8.33,208,8.33,0,0,0,,0,0,,16.7	2 tbsp~36|1 package~411
1890956	B	49	429,7.14,17.9,50,179,35.7,3.57,0,0,0,2.57,0,,0	1 tbsp~14|1 package~252
2442614	B	42	250,0,0,64.3,0,57.1,0,0,0,,0,0,,0	1 tbsp~14|1 package~252
1893127	B	19	167,3.33,0,40,840,36.7,0,0,3.3,0,.6,33,,8	2 tbsp~30|1 package~454
2415076	B	25	29,0,0,7.08,6,6.67,0,0,0,0,0,8,58,,0	8 fl oz~240
2440602	B	7	67,0,0,16.7,133,13.3,0,0,3.3,,0,0,,4	2 slices~30|1 package~453
2165237	B	60	300,0,0,80,0,36.7,0,0,0,0,0,0,0,,0	2 tbsp~30|1 package~355
2501780	B	42	300,0,0,70,0,65	1 tbsp~20|1 package~510
2501790	B	7	167,0,0,40,467,33.3,0,0,0,0,.67,200,200,,0	1 tbsp~15|1 package~908
2622207	B	42	250,0,0,65,0,60	1 tbsp~20|1 package~510
2412411	B	7	139,10.1,7.59,5.06,,5.06,2.53,,0,0,,51,139	1 egg~79|1 package~908
2074529	B	91	368,7.02,5.26,77.2,140,0,.88,149,7,0,1.89,70,,15.8	1 serving~57|1 package~284
1890970	B	91	351,15.8,1.75,70.2,44,3.51,0,0,3.5,0,4.74,53,,16.8	1 serving~57|1 package~397
2387987	B	60	300,0,0,80,0,0,0,0,0,0,0,0,0,,0	2 tbsp~30|1 package~355
1890963	B	7	89,0,0,21.4,571,7.14,0,0,0,0	1 serving~28|1 package~454
1890972	B	91	351,15.8,1.75,71.9,35,3.51,0,0,3.5,0,1.58,35,,4.2	1 serving~57|1 package~397
1890971	B	16	351,15.8,1.75,70.2,35,3.51,0,0,0,0,3.16,35,,7.4	1 serving~57|1 package~397
2063409	B	91	386,7.02,5.26,79,9,0,.88,149,7,0,.63,35,,0	1 serving~57|1 package~284
2063410	B	91	386,7.02,6.14,77.2,18,1.75,1.75,193,7,0,.63,35,,0	1 serving~57|1 package~284
2628911	B	12	533,10,30,56.7,0,33.3,5,0,3.3,0,3.6,0,233,,0	1 package~30
2440108	B	22	491,2.86,25.7,62.9,531,2.86,11.4,0,0,,20.6,771,,6.9	1 serving~35|1 package~200
2051310	B	12	536,10.7,35.7,42.9,679,0,14.3,0,7.1,0,9,143,,0	1 serving~28|1 package~400
2044505	B	12	536,10.7,35.7,42.9,679,0,14.3,0,7.1,0,9,143,,0	1 serving~28|1 package~400
2044506	B	12	500,10.7,25,60.7,1040,0,14.3,0,7.1,0,9.64,71,,0	1 serving~28|1 package~200
1882060	B	5	464,0,17.9,71.4,214,0,8.93,0,7.1,0,3.86,143,,0	1 serving~28|1 package~200
2010606	B	34	234,11.7,6.49,32.5,558,2.6,3.9,16,1.9,0,2.34,195,,0	1 slice~154|1 package~1021
2439930	B	34	242,14,8.28,28,567,5.1,3.82,22,3.2,,1.72,255,,3.8	1 slice~157|1 package~1021
2543956	B	19	714,7.14,71.4,7.14,179,0,7.14,0,0,0,2.57,143,,34.3	1 tbsp~14|1 package~113
1857022	B	38	440,8,10,72,420,40,6,0,8,0,4.32,80,,0	2 tbsp~25|1 package~390
1887038	B	38	370,7.41,7.41,81.5,426,51.8,3.7,0,7.4,0,5.33,0,,0	1 serving~27|1 package~373
1861686	B	38	391,8.7,8.7,73.9,217,47.8,4.35,0,8.7,0,3.13,0,,0	1 serving~23|1 package~369
1861685	B	38	371,5.71,5.71,77.1,1110,48.6,1.43,0,5.7,0,3.09,229,,0	1 serving~35|1 package~408
2023593	B	38	417,8.33,10.4,75,396,37.5,6.25,0,8.3,0,4.5,83,,0	1 serving~24|1 package~397
1899283	B	38	381,9.52,9.52,71.4,452,38.1,4.76,0,9.5,0,6.86,95,,0	1 serving~21|1 package~352
1861273	B	38	391,8.7,4.35,78.3,826,39.1,0,0,4.3,0,3.13,87,,0	2 tbsp~23|1 package~336
1887039	B	38	435,8.7,8.7,73.9,457,39.1,4.35,0,4.3,0,4.7,87,,0	2 tbsp~23|1 package~341
1887037	B	38	400,10,10,75,575,35,5,0,10,0,5.4,100,,0	2 tbsp~20|1 package~337
2072550	B	38	375,12.5,6.25,75,375,33.3,0,0,8.3,0,3,83,,0	1 serving~24|1 package~454
2072555	B	38	400,12,10,72,220,32,0,0,8,0,4.32,80,,0	1 serving~25|1 package~369
1899285	B	38	417,8.33,8.33,75,354,33.3,4.17,0,8.3,0,4.5,83,,0	.05 th dry mix~24|1 package~454
1899542	B	38	391,8.7,6.52,73.9,826,39.1,0,0,4.3,0,3.13,87,,0	1 serving~23|1 package~340
2289021	B	38	360,12,6,72,280,32,0,0,8,0,2.88,80,,0	2 tbsp~25|1 package~425
1861688	B	38	387,12.9,8.06,71,226,29,0,0,6.5,0,3.48,65,,0	3½ tbsp~31|1 package~365
1851897	B	11	0,0,0,0,32000	¼ tsp~1|1 package~700
1860997	B	35	167,20,10,0,7530,,3.33,67,,0,4.8,133	1 tbsp~15|1 package~44
2598145	B	35	167,13.3,13.3,0,9130,0,0,0,0,0,0,1000,0,,0	1 tbsp~15|1 package~45.4
2427870	B	37	83,0,5.56,11.1,583,0,2.78,0,5.6,0,5.56,28,28,,0	2 pieces~18|1 package~125
2013430	B	35	83,0,0,16.7,1670,16.7,0,0,0,0,1.67,33,667,,0	1 tsp~6|1 package~90
2598144	B	11	83,0,0,16.7,1670,16.7,0,0,0,0,1.67,33,667,,0	1 tsp~6|1 package~90.7
2598146	B	32	100,3.33,0,16.7,17,13.3,0,0,0,0,1.33,67,1130,,0	2 tbsp~30|1 package~128
2623273	B	20	167,0,16.7,0,2080,0,0,0,0,0,0,0,33,,0	1 tsp~6|1 package~90
2426687	B	7	71,0,0,14.3,571,7.14,0,0,3.6,0,3.86,14,71,,0	2 pieces~14|1 package~125
2679559	B	11	250,0,25,0,583,0,0,0,0,0,0,0,,0,,,,0	1 tsp~6|1 package~79
2598143	B	11	333,0,33.3,0,1670,0,0,0,0,0,0,100,250,,0	1 tsp~6|1 package~79.4
1891786	B	16	311,10.4,6.6,51.9,425,.94,1.89,47,1.9,0,3.4,94,,2.3	1 cup~106|1 package~250
1891785	B	16	321,10.4,7.55,53.8,358,2.83,2.36,47,.9,0,1.02,57,,0	1 cup~106|1 package~250
2679555	B	47	233,3.33,20,16.7,1700,10,1.67,0,3.3,0,1.2,0,,0,,,,750	2 tbsp~30|1 package~79
1891787	B	16	349,10.4,6.6,61.3,396,5.66,2.36,38,1.9,0,1.36,38,,0	1 cup~106|1 package~250
1852582	B	47	100,6.67,0,16.7,300,10,0,0,3.3,0,2.4,0,,20	2 tbsp~30|1 package~127
2679553	B	47	100,6.67,0,16.7,67,10,0,0,3.3,0,2.33,0,1430,,0	2 tbsp~30|1 package~127
2679554	B	47	100,6.67,0,16.7,67,10,0,0,3.3,0,2.33,0,1500,,0	2 tbsp~30|1 package~127
2062248	B	8	489,8.57,42.9,17.1,0,11.4,25.7,0,2.9,0,3.6,0,,0	1 serving~35
1890466	B	8	489,8.57,42.9,17.1,0,11.4,25.7,0,2.9,0,3.6,0,,15.4	1 serving~35
2033679	B	65	0,0,0,0,0,0,0,0,0,0,0,0,,240	1 serving~1
2640890	B	65	0,0,0,66.7,0,0,0,0,0,0,0,0,,80,,,,0	1 serving~1.5
1886207	B	62	576,3.03,42.4,51.5,273,27.3,13.6,0,0,0,2.18,0,,0	2 tbsp~33|1 package~340
1886209	B	62	576,3.03,42.4,45.4,288,18.2,10.6,0,3,0,8.18,0,,0	2 tbsp~33|1 package~340
1886208	B	62	581,3.23,45.2,45.2,145,22.6,16.1,0,3.2,0,17.4,0,,0	2 tbsp~31|1 package~340
1886437	B	40	406,0,25,53.1,16,40.6,15.6,,3.1,0,1.12,62	2 tbsp~32|1 package~340
1886439	B	40	353,0,14.7,61.8,0,50,13.2,,2.9,0	2 tbsp~34|1 package~340
2057854	B	40	368,0,13.2,60.5,13,52.6,10.5,,2.6,0,,,,23.7	2 tbsp~38|1 package~340
1912617	B	49	571,2.86,42.9,48.6,0,42.9,5.71,,2.9,0,1.03	2 tbsp~35|1 package~340
1939355	B	86	133,0,0,36.7,17,16.7,,,,,,,,8	1 fl oz~30|1 package~828
2121021	B	86	167,0,0,43.3,17,23.3	1 fl oz~30
1939356	B	86	133,0,0,36.7,33,16.7,,,,,,,,360	1 fl oz~30|1 package~828
1939354	B	86	67,0,0,23.3,17,16.7,,,,,,,,60	1 fl oz~30|1 package~828
1886963	B	86	150,0,0,43.3,17,16.7,,,,,,,,8	1 fl oz~30|1 package~828
1910290	B	86	167,0,0,43.3,33,26.7	1 fl oz~30|1 package~828
1966665	B	6	267,10,2.5,51.7,633,3.33,.83,0,3.3,0,4.5,333,,0,,,,,3.33,0,.283	1 roll~60|1 package~425
1966664	B	6	266,10.1,2.53,51.9,646,3.8,.63,0,3.8,0,5.7,316,,0,,,,,3.8,0,.323	1 roll~79|1 package~425
1966663	B	6	265,10.3,2.21,50,,4.41,.74,0,2.9,0,2.65,221,,0,,,,,4.41,0,.25,,118	1 roll~68|1 package~510
2166629	B	6	246,8.77,2.63,47.4,386,5.26,0,0,5.3,0,1.75,100,177,,0	1 serving~57|1 package~622
2166607	B	6	246,8.77,2.63,47.4,737,3.51,0,0,1.8,0,3.51,105,84,,0	1 serving~57|1 package~622
2569174	B	6	246,8.77,2.63,47.4,737,3.51,0,0,1.8,0,3.51,105,84,,0	1 serving~57|1 package~624
2166627	B	6	263,8.77,3.51,47.4,702,3.51,0,0,1.8,0,3.51,109,89,,0	1 serving~57|1 package~622
2569175	B	6	263,8.77,3.51,47.4,702,3.51,0,0,1.8,0,3.51,109,89,,0	1 serving~57|1 package~624
2311875	B	6	246,8.77,3.51,43.9,474,5.26,0,0,5.3,0,1.75,91,156,,0	1 serving~57|1 package~622
2651570	B	6	246,8.77,3.51,43.9,474,5.26,0,0,5.3,0,1.75,91,156,,0	1 serving~57|1 package~624
2569177	B	6	246,8.77,2.63,47.4,386,5.26,0,0,5.3,0,1.75,100,177,,0	1 serving~57|1 package~624
2664082	B	1	312,6.25,0,71.9,31,53.1	4 pieces~32|1 package~240
2654989	B	1	333,0,0,86.7,33,63.3	13 pieces~30|1 package~198
2642961	B	1	367,0,0,93.3,0,53.3,0,0,0,0,0,0,0,,0	2 tbsp~30|1 package~100
523105	B	1	391,0,0,95.6,0,78.3,0,0,0,0,0,0,,0	1 piece~23
517430	B	1	429,0,0,100,0,57.1,0,0,0,0,0,0,,0	1 piece~14
572569	B	1	357,0,0,92.9,0,85.7,0,0,0,0,0,7,0,,0	¼ package~14
2538856	B	8	333,6.67,0,73.3,0,46.7,0,0,0,0,0,0,0,,0	.17 piece~30|1 package~180
2172464	B	1	333,6.67,0,70,0,50,0,0,0,0,0,0,0,,0	5 pieces~30|1 package~114
2593048	B	1	312,6.25,0,71.9,31,50	8 pieces~32|1 package~170
2642960	B	1	367,0,0,93.3,0,53.3,0,0,0,0,0,0,0,,0	2 tbsp~30|1 package~100
2509110	B	1	333,6.67,0,80,0,36.7,0,0,0,0,0,0,0,,0	15 pieces~30|1 package~270
564142	B	1	333,6.67,0,73.3,0,53.3,0,0,0,0,0,0,0,,0	6 pieces~30
482069	B	1	389,11.1,0,88.9,0,44.4,0,0,0,0,0,0,,0	1 piece~9
2538857	B	1	300,6.67,0,70,33,53.3,0,0,0,0,0,0,,,0	6 pieces~30|1 package~50
514855	B	1	325,2.5,0,80,0,42.5,0,0,0,0,0,0,,0	8 pieces~40
2642964	B	1	400,0,0,100,0,73.3,0,0,0,0,0,0,0,,0	.2 piece~15|1 package~80
2593047	B	1	312,6.25,0,68.8,31,50	8 pieces~32|1 package~170
2149004	B	1	310,6.9,0,72.4,0,51.7,0,0,0,0,0,0,0,,0	¼ package~29|1 package~114
596698	B	1	400,0,0,100,0,70,0,0,0,0,0,0,,,0	1 piece~10
2384007	B	1	300,6.67,0,70,0,50	5 pieces~30|1 package~100
2642965	B	1	300,6.67,0,70,33,50	5 pieces~30|1 package~198
2654987	B	1	300,6.67,0,70,33,50	5 pieces~30|1 package~100
562177	B	1	333,6.67,0,80,0,60,0,0,0,0,0,0,,,0	2 bags~30
742902	B	1	400,0,0,100,0,90,0,0,0,0,0,0,0,,0	1 piece~10
2654986	B	1	333,0,0,86.7,33,63.3	6 pieces~30|1 package~100
2670528	B	1	367,3.33,0,86.7,0,53.3,0,0,3.3,0,0,0,0,,0	4 pieces~30|1 package~240
2670529	B	1	417,0,0,100,83,0	1 piece~12
2640090	B	1	312,6.25,0,71.9,31,50	8 pieces~32|1 package~170
1867407	B	54	184,10.5,7.89,23.7,6550,18.4,0,0,5.3,0,0,0,,0	2 tbsp~38|1 package~235
1867433	B	35	158,5.26,1.32,31.6,4420,23.7,0,,,0	2 tbsp~38|1 package~555
1911195	B	54	0,0,0,0,0,0,0,0,0,0,0,0,,0	1 tbsp~15|1 package~500
1460185	B	114	27,0,0,6.46,48,6.46,,,,,,,,,,,,,8.33,,.708,,,,12,,,4.17	1 serving~480
1458158	B	114	25,0,0,6.42,30,6.33,0,0,0,0,0,0,,.1,,,,,8.24,,.701,,,,,,,5.15	16 fl oz~480
1458095	B	114	27,0,0,6.46,31,6.46,,,,,,,,,,,,,8.33,,.708,,,,12,,,4.17	1 serving~480
1457418	B	114	4,0,0,.42,62,,,,,,,,,,,,,,1.67,,.283,.167,,,25,.5,,.833	1 serving~240
1457408	B	114	27,0,0,6.46,35,6.46,,,,,,,,,,,,,8.33,,.708,,,,12	1 serving~480
1459359	B	114	45,.01,0,11.7,28,11.6,0,0,0,0,0,0,,2.9,,,,,2.38,,1.43,.239,,,,.71,,1.19	16 fl oz~480
495086	B	18	46,0,0,12.1,29,12.1,,,,,,,,,,,,,4.17,,,.417,,,12,1.25,,2.08	1 can~480
2493936	B	18	2,0,0,.21,32,0,,,,,,,,,,,,,4.23,,,.423,,,,1.27,,1.06	1 can~473
1512315	B	18	21,0,0,5.5,30,5.29,,,,,,,,38.1,,,,,4.23,,,.423,,,,1.27,,2.11	16 fl oz~473
503235	B	18	21,0,0,5.5,30,5.5,,,,,,,,38.1,,,,,4.23,,,.423,,,,1.27,,2.11	16 fl oz~473
489961	B	18	21,0,0,5.5,32,5.5,,,,,,,,,,,,,4.23,,,.423,,,,1.27,,2.11	16 fl oz~473
1594081	B	18	47,0,0,6.55,38,,,,,,,,,,,,,,4.23,,.359,,,,13,,,2.11	16 fl oz~473
525284	B	18	46,0,0,6.46,38,,,,,,,,,,,,,,4.17,,.354,,,,12,,,2.08	1 pt~480
2493792	B	18	27,0,0,6.55,32,6.55,0,0,0,0,0,0,,0,,,,,8.46,,.719,0,,,13,,,2.11	1 can~473
2493886	B	18	25,0,0,6.67,35,6.25,,,,,,,,,,,,,0,,.708,,,,8,,,.042	8 fl oz~240|1 package~473
2493973	B	18	47,0,0,12.3,30,12.3,,,,,,,,,,,,,4.23,,,.423,,,,1.27,,1.06	1 can~473|1 package~1890
2493937	B	18	2,0,0,.21,32,0,,,,,,,,,,,,,4.23,,,.423,,,,1.27,,1.06	1 can~473
503232	B	18	2,0,0,.21,32,0,,,,,,,,,,,,,4.23,,,.423,,,,1.27,,2.11	16 fl oz~473
2065556	B	23	203,0,13.5,3.38,642,,1.69	2 tbsp~29.6|1 package~356
2118290	B	11	333,16.7,0,50,9170,16.7,0,0,16.7,0	¼ tsp~.6|1 package~50
2454426	B	41	800,0,93.3,0,0,,13.3,0,,0,,,,,,66.7,13.3	1 tbsp~15|1 package~750
1893049	B	23	541,3.38,57.4,3.38,642,,8.45,17,,,2.43,135	2 tbsp~29.6|1 package~350
2106874	B	41	800,0,93.3,0,0,,13.3,0,,0,,,,,,66.7,13.3	1 tbsp~15|1 package~500
2118295	B	7	36,0,0,7.14,536,3.57,0,0,0,0,0,0,,42.9	1 serving~28|1 package~454
2118292	B	7	31,0,0,6.25,2880,0,0,0,6.2,0,2.25,0,,0	1 tbsp~16|1 package~99
2086040	B	22	215,2.5,0,47.5,55,47.5,0,0,7.5,0,4.05,225,900,1.5,,0,0	¼ cup~40|1 package~170
2439598	B	22	160,2.5,0,35,12,32.5,0,0,5,,2.7,25,750,0,,0,0	¼ cup~40|1 package~170
2118291	B	22	288,2.5,0,82.5,8,20,0,0,7.5,,1.35,50,625,0,,0,0	¼ cup~40
2480556	B	22	275,5,0,70,0,50,0,0,5,0,4.5,65,600	1/3 cup~40|1 package~85
2061991	B	22	185,5,0,37.5,15,37.5,0,0,7.5,0,3.6,75,1380,0,,0,0	¼ cup~40|1 package~170
2118294	B	11	0,0,0,0,33300,0	¼ tsp~1.2|1 package~110
2546173	B	50	0,0,0,0,0,0	¼ tsp~1|1 package~55
2150648	B	11	167,0,0,0,,0,0,0,,0	¼ tsp~.6|1 package~60
1939630	B	11	0,0,0,0,33300,0	¼ tsp~1.2|1 package~110
1939631	B	11	500,0,0,0,38000,0	¼ tsp~1|1 package~120
1885110	B	2	316,15.8,23.7,10.5,1630,5.26,15.8,79,0,0,0,526,,0	1 slice~19|1 package~2270
1974158	B	3	158,2.5,10,16.7,54,15,5.83,46,0,0,0,55,78,,0	½ cup~120|1 package~473
2284390	B	3	217,3.33,13.3,20.8,58,17.5,9.17,46,.8,0,0,67,,0	½ cup~120|1 package~473
1941942	B	3	219,2.5,14.4,21.9,31,20.6,8.75,50,.6,.03,0,62,,0	2/3 cup~160|1 package~473
2145021	B	3	200,2.5,10.8,21.7,54,16.7,6.67,46,.8,0,.83,91,122,,0	½ cup~120|1 package~473
2511615	B	4	457,4.35,17.4,69.6,413,37,9.78,33,0,0,2.35,0,0,,0	1 cookie~46
2393115	B	87	304,15.9,13.8,26.8,507,2.17,5.8,54,.7,0,2.17,207,133,,0	1 serving~138
2160926	B	4	457,4.35,19.6,67.4,457,39.1,10.9,33,2.2,0,2.35,0,152,,0	1 cookie~46
2463152	B	9	308,5.13,7.69,55.1,321,32,3.21,6,0,0,1.28,28,68,,1.27	1 roll~78|1 package~624
1987133	B	1	323,3.23,0,77.4,97,45.2,0,0,0,0,0,0,0,,0	12 pieces~31|1 package~92
2116059	B	1	312,6.25,0,78.1,94,43.8	3 pieces~32|1 package~92
2179729	B	9	345,3.64,16.4,49.1,191,26.4,4.55,32,0,0,1.82,15,61,,0	1 cake / null~110
2482883	B	140	260,9.69,15.9,16.3,322,2.64,6.17,20,0,0,1.76,56,91,,.45	1 serving~227
2283397	B	1	333,3.7,0,77.8,74,51.8,0,0,0,0,0,0,0,,0	3 pieces~27|1 package~78
1985851	B	4	513,7.69,28.2,56.4,436,33.3,15.4,77,2.6,0,1.85,0,179,,0	1 cookie~39|1 package~117
2160996	B	140	348,9.94,24.2,24.8,584,3.73,8.7,,.6,0,1.68,62,,0	1 serving~161
2461328	B	27	246,10.7,11.5,25.4,631,2.46,3.69,29,.8,0,1.64,27,,,2.45	1 serving~122
2279999	B	77	280,10.6,15.9,24.2,545,2.27,5.3,34,1.5,0,1.52,29	1 serving~132
2425211	B	87	261,12.8,10.6,29.3,777,2.66,3.19,27,.5,0,1.6,28	1 serving~188
2444971	B	27	311,10.7,18.8,25.4,721,1.64,6.56,41,.8,0,1.64	1 serving~122
2171004	B	9	340,6,18,40,420,16,8,30,0,0,2,26,74,,0	.12 cake~50|1 package~397
1985739	B	4	487,2.56,20.5,69.2,487,35.9,12.8,77,0,0,1.85,0,0,,0	1 cookie~39|1 package~117
2451078	B	22	325,2.5,0,77.5,12,70,0,0,0,0,1.25,125,275,,0	¼ cup~40|1 package~85
1855534	B	90	433,20,36.7,33.3,50,0,3.33,0,33.3,0,4.8,200,,0	3 tbsp~30|1 package~454
1902812	B	12	433,10,10,70,867,3.33,1.67,0,6.7,0,1.2,67,,0	1/3 cup~30|1 package~142
1902796	B	0	533,16.7,36.7,43.3,217,30,11.7,0,6.7,0,1.2,67,,0,,15,8.33	¼ cup~30|1 package~454
1908654	B	22	375,0,0,92.5,225,70,0,0,2.5,0,0,0,,0	3 pieces~40|1 package~312
2023944	B	22	350,2.5,0,82.5,0,67.5,0,0,7.5,0,2.7,50,848,0	¼ cup~40|1 package~227
1898935	B	22	350,0,0,85,0,67.5,0,0,5,0,0,0,,0	¼ cup~40|1 package~113
2623166	B	0	533,16.7,36.7,40,267,33.3,13.3,0,6.7,0,1.2,133,,0,,,,0	¼ cup~30|1 package~142
1850592	B	0	600,10,40,46.7,0,33.3,16.7,0,6.7,0,2.4,67,,0	¼ cup~30|1 package~312
2623161	B	0	533,16.7,33.3,43.3,467,30,6.67,0,6.7,0,2.4,67,,0,,,,0	¼ cup~30|1 package~468
1885795	B	22	450,2.5,27.5,52.5,288,37.5,27.5,0,10,0,1.8,0,,0	1/3 cup~40|1 package~170
1885401	B	22	350,0,0,85,0,67.5,0,0,5,0,0,0,,0	¼ cup~40|1 package~113
1849910	B	22	300,2.5,0,70,12,35,0,0,5,0,1.8,0,,6	5 pieces~40|1 package~198
1914831	B	0	500,13.3,33.3,43.3,283,30,6.67,0,6.7,0,2.4,67,,0	¼ cup~30|1 package~510
1866089	B	90	533,16.7,43.3,30,33,0,3.33,0,26.7,0,6,267,,0	3 tbsp~30|1 package~383
1876867	B	0	464,10.7,21.4,57.1,232,42.9,7.14,0,3.6,0,1.29,71,,0	3 tbsp~28|1 package~624
2083026	B	1	300,5,0,70,12,50,0,0,0,0,0,0,,0	5 pieces /~40|1 package~397
1866738	B	1	325,7.5,0,72.5,38,65,0,0,0,0,0,0,,0	15 pieces~40|1 package~510
1885404	B	0	387,0,9.68,77.4,97,58.1,9.68,0,6.5,0,2.32,65,,0	¼ cup~31|1 package~624
1878390	B	0	450,7.5,20,70,0,60,1.25,0,5,0,1.8,100,,0	11 pieces~40|1 package~369
1866741	B	1	375,2.5,2.5,85,138,62.5,2.5,0,0,0,0,0,,0	9 pieces~40|1 package~425
1866728	B	0	533,13.3,36.7,43.3,33,36.7,13.3,17,3.3,0,1.2,67,,0	¼ cup~30|1 package~340
1866746	B	1	300,7.5,0,72.5,25,52.5,0,0,0,0,0,0,,0	10 pieces~40|1 package~340
1873797	B	0	500,13.3,33.3,40,0,20,5,0,6.7,0,3.6,133,,0	¼ cup~30|1 package~198
1876868	B	0	433,3.33,20,63.3,0,56.7,11.7,17,6.7,0,1.2,0,,0	3 tbsp~30|1 package~198
1859870	B	0	600,36.7,50,6.67,350,0,8.33,0,6.7,0,9,67,,0	¼ cup~30|1 package~170
1870356	B	0	629,11.4,60,20,71,2.86,10,0,11.4,0,3.09,0,,3.4,,22.9,25.7	¼ cup~35|1 package~113
1914835	B	12	433,10,15,66.7,1200,3.33,3.33,0,3.3,0,4.8,0,,0	½ cup~30|1 package~142
1866020	B	0	567,30,50,13.3,567,0,8.33,0,3.3,0,9,67,,0	¼ cup~30|1 package~255
1900588	B	0	600,20,50,23.3,417,3.33,6.67,0,10,0,4.8,67,,0	¼ cup~30|1 package~170
2290113	B	0	600,20,50,23.3,417,3.33,6.67,0,10,0,4.8,67,,0	¼ cup~30|1 package~425
1873798	B	0	588,20.6,50,23.5,735,2.94,7.35,0,11.8,0,4.24,59,,0	¼ cup~34|1 package~170
1855535	B	0	600,20,50,23.3,0,3.33,6.67,0,10,0,4.8,67,,0	¼ cup~30|1 package~425
1878385	B	12	500,16.7,30,46.7,967,3.33,5,0,6.7,0,2.4,67,,0	1/3 cup~30|1 package~156
1866068	B	12	567,10,36.7,46.7,1500,0,6.67,0,3.3,0,4.8,200,,0	1/3 cup~30|1 package~312
1855532	B	0	500,26.7,30,40,133,10,3.33,0,13.3,0,3.6,133,,0	3 tbsp~30|1 package~284
1855536	B	0	500,36.7,26.7,36.7,333,0,3.33,0,16.7,0,3.6,133,,4	3 tbsp~30|1 package~340
1850935	B	0	633,23.3,60,13.3,300,6.67,6.67,0,6.7,0,6,67,,0	¼ cup~30|1 package~213
1902798	B	0	533,23.3,40,30,300,16.7,6.67,0,10,0,2.4,67,,0	¼ cup~30|1 package~142
1902810	B	0	467,16.7,30,46.7,233,30,8.33,0,6.7,0,1.2,67,,0	¼ cup~30|1 package~142
1881588	B	0	481,14.8,29.6,44.4,222,29.6,7.41,0,7.4,0,1.33,74,,0	3 tbsp~27|1 package~142
1878386	B	0	500,17.9,32.1,39.3,1290,3.57,5.36,0,7.1,0,1.29,0,,0	¼ cup~28|1 package~624
1902794	B	0	500,13.3,33.3,43.3,250,20,5,0,10,0,3.6,133,,0,,11.7,16.7	¼ cup~30|1 package~340
1902811	B	0	533,23.3,40,30,300,16.7,6.67,0,10,0,2.4,67,,0	¼ cup~30|1 package~142
1871550	B	0	633,23.3,50,20,117,3.33,6.67,0,6.7,0,4.8,133,600,0,,,,,,,,,,267,500,,4,,2,1.67	¼ cup~30|1 package~255
1881589	B	0	567,6.67,40,46.7,33,43.3,23.3,0,3.3,0,1.2,200,,0	10 /~30|1 package~312
1895763	B	13	380,14,14,58,150,20,0,0,8,0,5.4,140,,3.6	1 bar~50
1895766	B	13	370,14,14,54,150,20,0,0,8,0,5.4,140,,3.6	1 bar~50
2440308	B	13	390,14,14,58,150,22,0,0,8,,5.4,140,,3.6	1 bar~50
1895761	B	13	383,25,13.3,50,125,21.7,0,0,6.7,0,5.1,117,,3	1 bar~60
2664593	B	13	375,25,13.3,50,125,18.3,0,0,10,0,5.1,117,,3,,,,15	1 bar~60
2410867	B	12	536,3.57,39.3,46.4,964,0,5.36,0,3.6,0,1.43,36,36,,0	1 serving~28|1 package~128
2413979	B	2	267,30,16.7,0,767,,13.3,63,0,,0,1070,100,,0	1 slice~30|1 package~150
2642463	B	2	400,24,32,0,720,0,20,80,0,0,0,720,80,,0	1 slice~25|1 package~125
2642462	B	2	360,24,32,0,640,0,20,100,0,0,0,760,0,,0	1 slice~25|1 package~125
2604603	B	2	367,26.7,26.7,0,733,0,16.7,67,0,0,0,833,100,,0	1 slice~30|1 package~150
2604602	B	2	367,23.3,33.3,0,700,0,20,83,0,0,0,700,67,,0	1 slice~30|1 package~150
2634509	B	2	267,30,16.7,0,767,0,13.3,63,0,0,0,1070,100,,0	1 slice~30|1 package~150
2604604	B	2	600,40,40,0,1100,0,40,100,0,0,0,800,0,,0	1 tbsp~5|1 package~79.4
2634510	B	2	300,26.7,20,0,800,0,16.7,67,0,0,0,967,100,,0	1 slice~30|1 package~150
1959997	B	1	325,7.5,0,77.5,50,52.5,0,0,0,0,0,0,,0	8 pieces~40|1 package~141
2465072	B	8	490,4.08,24.5,65.3,41,55.1,16.3,10,2,0,2.24,82,204,,.6	1 bar~49
2141599	B	8	595,7.14,38.1,54.8,83,54.8,23.8,24,0,0,0,190,,0	1 serving~42|1 package~127
2053482	B	10	25,0,0,6.25,32,5.83,0,0,.4,0,0,17,,0	8 fl oz~240
2544020	B	10	23,0,0,5.67,30,4.67,0,0,0,0,0,9,130,,0	1 can~300
2366000	B	130	440,20,10,70,0,0,10,0,60,0,0,110,1360,,0	1 serving~10|1 package~100
2365999	B	130	440,20,10,70,0,0,10,0,60,0,0,110,1360,,0	1 serving~10|1 package~100
1964718	B	117	19,0,0,4.58,18,3.33,0,0,0,0,0,17,142,,0	8 fl oz~240|1 package~1000
1910012	B	117	21,0,0,5.42,25,4.17,0,0,0,0,0,12,158,,0	8 fl oz~240|1 package~520
1910021	B	117	22,.42,0,5.42,30,5.42,0,0,0,0,.07,12,,1	8 fl oz~240|1 package~520
1908169	B	117	25,0,0,5.83,15,4.58,0,0,0,0,.12,12,158,,0	8 fl oz~240|1 package~520
1908166	B	117	25,0,.21,5.83,25,4.17,0,0,0,0,0,12,171,,0	8 fl oz~240|1 package~520
2029684	B	1	544,3.51,38.6,49.1,228,45.6,19.3,70,1.8,0,.63,0,,0	1 serving~57|1 package~227
2029693	B	1	509,1.75,31.6,57.9,421,50.9,19.3,0,1.8,0,.63,0,,0	1 serving~57|1 package~170
1865825	B	1	298,7.02,24.6,21,491,12.3,12.3,0,1.8,0,.63,35,,0	1 serving~57|1 package~227
2052911	B	15	33,0,0,6.67,283,3.33,0,0,0,0,0,0,,20	2 tbsp~30|1 package~454
1883081	B	15	33,0,0,6.67,283,3.33,0,0,0,0,0,0,,20	2 tbsp~30|1 package~454
1903059	B	27	171,21,7.89,5.26,711,3.95,3.29,72,0,0,.95,53,,4.7	1 link~76|1 package~907
2446357	B	106	172,18.8,7.81,6.25,859,4.69,2.34,86,0,0,1.56,61,220,,0	1 link~64|1 package~255
1774187	B	27	196,17.9,6.25,12.5,839,10.7,.89,80,1.8,0,1.29,0,,0	2 links~56|1 package~340
1992566	B	64	143,19.6,6.25,0,750,,1.79,89,0,0,0,21,259,,0	3 links~56|1 package~255
2194205	B	83	161,16.1,8.93,4.46,554,.89,3.12,85,.9,0,.89,85,211,,0	1 burger~112|1 package~227
1780026	B	27	172,18.8,9.38,1.56,562,1.56,1.56,86,0,0,1.12,62,,1.9	1 link~64|1 package~255
1992565	B	64	125,18.8,4.69,1.56,547,0,1.56,,0,0,1.56,22,239,,0	2 slices~64|1 package~227
100092227743464	O	512	184,16.1,9.2,9.2,667,6.9,2.87,,0	4 meatballs~87
1852086	B	27	156,17.2,6.25,4.69,844,0,.78,78,1.6,0,1.56,0,262,,0	1 link~64|1 package~255
1992854	B	27	125,17.2,4.69,1.56,547,0,1.56,,0,0,1.56,19,231,,0	2 slices~64|1 package~227
1760469	B	27	156,20.3,7.81,3.12,703,1.56,2.34,78,1.6,0,.56,0,,9.4	1 link~64|1 package~255
2553488	B	64	161,19.5,10.3,1.15,782,0,2.3,98,0,0,1.15,24,218,,0	4 meatballs~87|1 package~566
2158460	B	106	156,18.8,7.81,1.56,875,1.56,1.56,86,0,0,1.56,52,241,,0	1 link~64|1 package~255
1760470	B	27	141,17.2,7.03,1.56,625,0,2.34,62,.4,0,1.12,0,,0	1 link~64|1 package~255
2322088	B	27	156,18.8,6.25,3.12,844,1.56,.78,86,0,0,1.56,12,256,,0	1 link~64|1 package~255
1760468	B	27	156,18.8,7.81,3.12,719,1.56,2.34,62,1.6,0,1.12,0,,3.8	1 link~64|1 package~255
2668842	B	64	172,16.1,8.05,9.2,862,4.6,2.87,80,0,0,1.15,26,170,,0	4 meatballs~87|1 package~283
2672982	B	21	195,7.05,8.71,22,324,1.66,4.98,25,.4,.21,.21,183,116,,0	1 bowl~241
2541096	B	21	115,4.41,2.64,18.1,229,2.2,.66,4,1.3,0,.79,40,137,,0	1 bowl~227
2365571	B	34	255,7.3,11,31.4,423,4.38,2.92,11,2.2,0,1.24,102,161,,0	1/3 pizza~137|1 package~411
2673168	B	34	257,10.6,12.4,25.7,522,2.65,5.31,22,.9,0,.8,195,124,,0	1/3 pizza~113|1 package~340
1856474	B	83	183,15.5,5.63,18.3,606,2.82,0,0,5.6,0,2.39,70,408,,0	1 patty~71|1 package~283
2015203	B	51	28,.75,.5,5.25,170,1.5,0,0,.5,0,.38,8,82,,0	1 can~400
2370384	B	52	202,1.75,7.02,32.5,118,13.2,3.95,22,1.8,0,.63,18,,1.1	½ pie~114|1 package~227
2673170	B	46	267,6.67,5.83,48.3,183,16.7,0,0,3.3,0,1.2,33,,0,,,,0	1 toaster pop~60|1 package~240
2412870	B	21	149,5.81,5.39,19.5,411,4.15,.62,0,2.1,0,1.12,33,141,,0	1 bowl~241
2365574	B	21	106,3.53,2.83,17,223,5.3,.35,0,1.4,0,.74,28,145,,0	1 tray~283
1950471	B	34	231,9.7,9.7,26.9,470,5.22,3.36,11,1.5,0,2.01,112,,.9	1/3 pizza~134|1 package~403
2081809	B	26	235,8.24,7.06,35.3,459,2.35,3.53,18,3.5,0,1.27,118,,0	5 -6 pieces~85|1 package~170
2630144	B	21	182,5.88,5.29,28.2,353,1.18,.59,0,3.5,0,1.35,35,188,,0	1 package~170|1 package~680
2630145	B	21	200,7.06,6.47,27.6,365,1.18,1.47,6,3.5,0,1.35,65,182,,0	1 package~170|1 package~680
2369958	B	48	155,7.04,4.23,21.1,465,1.41,.85,0,2.8,0,1.01,28,,3.4	1 burger~71|1 package~284
2412837	B	21	194,7.06,5.88,27.6,406,1.18,1.76,6,2.4,0,1.18,82,221,,0	1 package~170
2081740	B	21	119,3.96,2.64,19.8,194,2.2,.88,2,1.8,0,.84,57,159,,0	1 tray~227
2412858	B	15	50,3.33,0,10,500,3.33,0,0,3.3,0,1,33,,,0	2 tbsp~30|1 package~417
2074921	B	26	271,5.71,15.7,27.1,343,1.43,1.43,0,4.3,0,1.03,29,,1.7	1 taquitos~70|1 package~281
2673151	B	21	171,4.71,5.29,25.9,400,1.76,.59,0,2.9,0,1.06,24,194,,0	1 package~170
2412912	B	89	58,2.88,.72,9.62,173,1.2,0,0,2.4,0,.96,24,238,,0	1 can~416
2621910	B	83	183,8.45,5.63,25.4,423,2.82,.7,0,4.2,0,1.83,42,423,,0	1 patty~71|1 package~283
2673147	B	21	123,3.72,4.46,16.7,294,1.49,.56,0,2.2,0,.97,56,167,,0	1 tray~269
2673141	B	51	51,2.19,.97,8.52,131,.97,0,0,1.7,0,.61,19,185,,0	1 can~411
2672968	B	45	123,6.15,2.31,20,338,1.54,0,0,4.6,0,1.69,46,454,,0	½ cup~130|1 package~437
2672963	B	21	161,5.88,7.06,18.8,306,1.57,3.14,14,1.2,0,.63,98,141,,0	1 bowl~255
2642058	B	34	212,7.58,9.85,22.7,447,2.27,3.41,15,1.5,0,.76,145,149,,0	1/3 pizza~132|1 package~397
2365554	B	94	171,7.06,5.29,23.5,318,1.76,.59,0,2.9,0,1.35,35,241,,0	1 package~170
1647904	B	94	185,8.37,10.6,14.1,313,1.76,3.96,15,2.2,0,1.19,110,,2.6	1 bowl~227
2465352	B	94	250,14.1,12.8,19.9,314,.64,2.56,6,2.6,0,1.86,96,179,,.075	1 package~156
2630143	B	21	172,6.98,7.44,19.1,279,1.86,4.19,21,.9,0,.47,160,160,,0	1 cup~215|1 package~860
2672989	B	21	171,6.32,7.81,18.6,257,2.23,4.09,20,1.1,.19,.26,156,145,,0	1 bowl~269
2673150	B	26	211,6.25,7.81,29.7,383,2.34,2.73,16,2.3,0,.84,156,,4.7,,,,176	1 serving~128
2673161	B	34	257,8.85,12.4,27.4,504,1.77,5.31,22,1.8,0,1.59,133,,4.2,,,,80	1/3 pizza~113|1 package~340
2061303	B	21	165,7.06,7.06,18.4,251,1.96,3.92,20,1.2,0,.42,137,,7.1	½ bag~255|1 package~510
2081745	B	21	109,3.52,7.04,8.1,201,1.06,4.23,21,1.1,0,.38,88,,3.2	1 bowl~284
2412913	B	21	230,5.16,13.6,22.1,239,.94,5.63,14,3.3,0,.94,70,188,,0	1 bowl~213
1854902	B	21	113,3.53,3.89,15.9,208,1.77,.53,0,1.8,0,.81,39,198,,0	1 serving~283
1854904	B	21	113,3.53,3.89,16.2,78,1.77,.71,0,2.1,0,.85,39,201,,0	1 bowl~283
2673173	B	21	114,3.53,3.92,15.7,231,.78,.59,0,2,0,1.14,24,220,,0	1 bowl~255
2014924	B	52	400,2.5,15,62.5,338,40,8.75,25,2.5,0,4.5,50,,0	1 brownie~40|1 package~199
1490952	B	21	141,4.49,3.21,23.1,282,3.21,0,0,3.2,0,1.73,26,,3.1	1 burrito~156
2453060	B	51	30,.5,.75,5,80,1.5,0,0,.2,0,.28,10,55,,0	1 can~400
2365559	B	83	211,8.45,7.04,29.6,380,0,.7,0,5.6,0,2.11,42,338,,0	1 patty~71|1 package~283
2601545	B	83	211,8.45,7.04,29.6,775,1.41,.7,0,5.6,0,2.11,42,338,,0	1 patty~71|1 package~283
2633614	B	48	211,8.45,7.04,29.6,704,2.82,.7,0,5.6,0,2.03,28,,3.4,,,,51	1 burgur~71|1 package~142
2452996	B	51	50,.5,3.23,4.47,141,1.74,1.74,10,1,0,.17,15,97,,0	1 can~403
2673158	B	21	200,7.06,6.47,27.6,365,1.18,1.47,6,3.5,0,1.35,65,182,,0	1 package~170
2673164	B	21	179,5.77,5.77,25.6,372,2.56,1.28,3,3.2,0,1.28,96,192,,0	1 package~156
1855005	B	21	218,8.24,6.47,31.2,171,1.18,1.47,3,4.1,0,1.59,59,318,,0	1 package~170
2465351	B	26	271,11.8,10.6,32.9,482,2.35,5.88,29,3.5,0,1.29,247,282,,.225	6 pieces~85|1 package~170
2081801	B	34	273,9.85,13.6,28,515,3.03,3.03,11,3,0,2.05,152,,2.7	1/3 pizza~132|1 package~397
2673155	B	21	141,6.27,6.27,15.3,302,2.35,2.75,14,2.4,0,.98,129,208,,0	1 tray~255
2370237	B	34	301,9.66,15.3,31.8,443,4.55,3.98,11,2.3,0,1.02,170,,1.4	1 pizza~176
2465363	B	21	140,7.19,5.82,14.4,267,3.42,3.42,17,1,0,.34,158,158,,.025	1 tray~292
2081802	B	34	261,10.2,10.8,30.1,472,2.84,3.98,14,1.1,0,.91,170,142,,0	1 pizza~176
2673146	B	34	236,9.76,9.76,26.8,480,2.44,4.07,16,1.6,0,.81,171,138,,0	1/3 pizza~123|1 package~369
2081794	B	34	234,10.9,7.81,29.7,375,3.12,3.91,20,2.3,0,1.56,191,196,,0	1 carton~128
2673160	B	34	259,10.6,10.6,29.4,541,3.53,5.88,29,1.2,0,1.06,271,200,,0	6 pieces~85|1 package~170
2061305	B	21	137,5.1,4.71,18.8,294,2.35,1.96,6,1.2,0,1.06,78,,2.4	1 serving~255|1 package~510
2673172	B	21	126,4.46,4.09,17.8,253,2.23,1.49,4,1.5,0,.63,56,152,,0	1 bowl~269
2365567	B	21	120,3.6,4.4,16,300,2.8,1.6,4,1.2,0,.6,52,180,,0	1 cup~250|1 package~964
2061301	B	21	154,7.35,5.51,18.8,243,2.57,2.57,11,1.5,0,.66,147,,2.2	1 bowl~272
2672943	B	34	248,7.75,9.3,32.6,465,4.65,3.88,16,3.1,0,1.09,279,217,,0	1 serving~129|1 package~258
2074922	B	26	357,11.4,24.3,22.9,386,1.43,3.57,14,2.9,0,1.54,114,,3.4	2 taquitos~70|1 package~281
2170218	B	1	500,5.88,26.5,55.9,206,41.2,10.3,15,2.9,0,3.18,118,206,,0	1 bar~34
2672979	B	21	157,6.67,7.84,14.5,290,1.57,3.53,16,.8,0,1.06,133,169,,0	1 bowl~255
2465364	B	21	165,5.88,7.06,19.2,310,1.57,3.14,16,1.2,0,.63,98,141,,.275	1 cup~255|1 package~964
2282521	B	21	149,5.49,6.27,17.2,306,1.57,3.14,14,1.2,0,1.06,98,,.5	½ bag~255|1 package~510
2411900	B	21	156,5.2,8.18,16,290,4.46,1.12,0,1.5,0,1.41,56,,,0	1 tray~269
2365586	B	45	108,4.62,.38,20.8,431,6.15,0,0,5.4,0,2,46,385,,0	½ cup~130|1 package~425
2412836	B	15	33,0,0,6.67,467,3.33,0,0,0,0,1,33,233,,0	2 tbsp~30|1 package~417
2282523	B	32	120,1.6,8,10.4,408,4.8,1.2,0,1.6,0,1.6,40,328,,0	½ cup~125|1 package~723
2672973	B	51	34,.73,.97,5.6,165,3.89,.61,4,.5,0,.78,15,141,,0	1 can~411
2672978	B	51	20,.74,.37,3.21,178,.99,0,0,.7,0,.25,15,81,,0	1 can~405
2365437	B	94	186,6.41,8.97,19.9,442,3.21,1.92,0,1.9,0,1.35,83,231,,0	1 package~156
2041750	B	1	480,4,28,56,120,40,16,0,4,0,2.88,0,,0	1 piece~25|1 package~50
1855140	B	52	240,3,16,21,85,19,12,0,2,0,1.8,0,,0	½ cup~100|1 package~473
1855138	B	52	191,2.13,12.8,16,96,12.8,11.7,0,2.1,0,1.91,0,,0	½ cup~94|1 package~473
1855139	B	52	220,2,15,20,75,19,11,0,1,0,1.8,0,,0	½ cup~100|1 package~473
1907612	B	52	185,2.17,13,15.2,103,13,12,0,1.1,0,1.17,0,,0	½ cup~92|1 package~473
2673175	B	21	171,6.32,8.55,16.7,257,1.12,2.23,7,1.5,0,.74,82,186,,0	1 bowl~269
2365562	B	21	171,6.32,8.55,17.5,,1.12,2.23,7,1.5,0,.71,82,186,,0	1 bowl~269
2453054	B	108	75,1,5.5,5.5,345,1,1.25,5,.5,0,.45,10,45,,0	1 serving~200|1 package~400
2453064	B	51	34,.73,.73,5.84,95,3.65,.36,2,.7,0,.92,12,148,,0	1 can~411
2412844	B	51	32,.73,.73,5.6,209,3.65,.36,2,.7,0,.9,10,144,,0	1 can~411
2170217	B	1	419,2.33,16.3,67.4,233,51.2,8.14,0,2.3,0,4.19,47,163,,0	1 bar~43
2170220	B	1	526,5.26,29,57.9,276,39.5,13.2,0,5.3,0,3.79,105,184,,0	1 bar~38
2673163	B	1	476,4.76,28.6,57.1,214,38.1,11.9,0,4.8,0,3.43,95,,0,,,,0	1 piece~21|1 package~43
2014917	B	1	524,4.76,33.3,47.6,238,47.6,16.7,71,0,0,3.43,0,,0	1 piece~21|1 package~43
2110194	B	1	500,0,32.4,50,265,47.1,17.6,59,2.9,0,3.18,0,0,,0	1 bar~34
2453057	B	51	56,2.19,2.19,6.81,165,.97,.24,0,1.7,0,.83,10,102,,0	1 can~411
2050450	B	1	400,4,12,68,200,52,8,0,4,0,4.32,0,,0	1 piece~25|1 package~50
2170219	B	1	405,2.7,12.2,67.6,203,51.4,6.76,0,2.7,0,4.86,0,189,,0	1 bar~37
2014915	B	21	123,3.72,4.46,16.7,134,1.49,.56,0,2.2,0,1,56,171,,0	1 tray~269
2673148	B	21	192,8.24,11.4,14.1,369,1.18,5.49,25,2,.2,.86,235,114,,0	1 tray~255
2673159	B	21	127,4.24,3.18,20.1,290,1.41,.35,0,2.5,0,1.13,42,230,,0	1 tray~283
2365558	B	21	200,5.88,4.12,34.1,376,1.76,.88,3,2.4,0,.94,41,188,,0	1 package~170
2370383	B	32	64,1.6,3.6,7.2,232,4,.4,0,1.6,0,1.15,16,,4.8	½ cup~125|1 package~695
1943059	B	32	72,1.6,4,7.2,456,4,.4,0,.8,0,1.2,16,232,,0	½ cup~125|1 package~723
2452632	B	51	51,1.47,2.21,6.13,110,.98,.37,0,1.5,0,.49,15,147,,0	1 can~408
2025363	B	21	100,3.78,3.09,13.8,271,2.75,1.2,7,1.4,0,.62,86,158,,0	1 serving~291
2176669	B	32	88,1.6,5.6,8,528,4,1.2,4,1.6,0,1.36,24,,,0	½ cup~125|1 package~723
2137688	B	21	119,2.64,4.85,15.9,348,2.64,.44,0,1.8,0,.88,26,167,,0	1 bowl~227
2014757	B	29	500,8.82,23.5,61.8,382,32.4,8.82,29,5.9,0,5.29,118,,0	3 cookies~34|1 package~113
2672980	B	51	51,1.96,2.45,5.39,176,.74,.37,0,1.2,0,.69,12,103,,0	1 can~408
2412874	B	21	204,3.67,11.8,20.4,184,2.45,2.04,2,2.4,0,.73,49,278,,0	1 tray~245
2365566	B	94	192,7.69,8.33,21.8,519,1.92,2.56,13,2.6,0,1.28,135,186,,0	1 package~156
2365592	B	21	127,6.01,3.53,18,233,4.24,.53,0,3.2,0,1.8,46,318,,0	1 bowl~283
2672981	B	51	32,1,1.5,4,172,1,.25,0,.8,0,.4,18,85,,0	1 can~400
2176665	B	21	225,3.76,13.2,23,286,1.41,7.04,19,3.3,0,1.08,28,207,,0	1 bowl~213
2365590	B	26	154,5.13,5.13,21.8,359,3.21,.64,0,2.6,0,1.28,64,199,,0	1 package~156
2366727	B	21	128,2.56,4.49,19.9,256,3.85,1.6,0,1.9,0,.96,51,205,,0	1 package~156
2673154	B	21	131,4.59,4.59,17.3,261,2.83,1.59,7,1.8,0,.81,32,127,,0	1 tray~283
2365603	B	21	112,4.83,2.97,16,238,1.86,.37,0,1.5,0,1.08,30,164,,0	1 tray~269
2673153	B	21	120,4.95,4.24,15.9,233,1.77,1.59,7,2.5,0,1.31,60,219,,0	1 tray~283
2369960	B	21	145,4.09,7.43,15.2,182,2.6,3.35,11,1.5,0,1,56,,4.5	1 meal~269
2365585	B	21	125,4.31,5.49,14.5,184,2.35,2.35,12,1.2,0,.78,8,157,,0	1 tray~255
2673169	B	26	190,5.63,8.45,22.5,394,1.41,.7,0,2.1,0,1.34,28,218,,0	1 package~142
2411897	B	21	123,3.35,4.46,17.1,253,2.6,1.3,0,3,0,1.38,22,227,,0	1 serving~269
2366725	B	21	167,9.62,10.3,8.33,506,1.92,4.49,19,1.3,0,.96,212,179,,0	1 package~156
2025377	B	34	197,9.15,4.23,25.4,394,4.23,1.41,4,2.8,0,1.27,141,,4.2	1 pizza~142
2365579	B	34	268,8.72,13.4,28.9,510,2.68,,23,2,0,1.01,302,154,,0	½ pizza~149|1 package~298
2369497	B	21	119,4.1,4.1,16.8,320,2.87,.41,0,2.5,0,1.07,41,172,,0	1 tray~244
2453059	B	43	52,1.75,2.5,5.75,170,1.25,.38,0,1.2,0,1,21,128,,0	1 can~400
2412860	B	51	44,1.7,1.46,5.84,66,.73,.24,0,1,0,.68,10,102,,0	1 can~411
2673162	B	51	41,1.46,1.7,4.87,173,.73,.24,0,1,0,.56,7,97,,0	1 can~411
2672974	B	51	39,1.46,.97,5.84,175,1.22,.12,0,1.2,0,.58,15,112,,0	1 can~411
2015087	B	21	165,6.47,2.94,28.8,347,1.18,.59,3,4.7,0,1.59,35,,1.4	1 burrito~170
2015088	B	34	190,9.86,4.23,26.8,338,4.23,2.11,7,2.1,0,1.01,211,,1.7	1 pizza~142
2483726	B	21	137,7.93,2.64,20.3,260,1.76,1.54,9,1.3,0,.53,141,110,,.3	1 tray~227
2672987	B	21	115,4.41,2.64,18.5,251,2.64,1.1,4,2.6,0,1.19,26,,7.9,,,,59	1 entree~227
2673152	B	21	101,3.08,1.98,17.6,247,2.64,.66,2,2.6,0,.79,44,,2.6,,,,40	1 bowl~227
2544675	B	21	106,4.85,2.2,16.3,251,3.08,.22,0,2.2,0,1.28,31,233,,0	1 serving~227
2465361	B	21	173,6.67,7.45,19.6,125,1.96,4.31,22,1.2,0,.39,125,118,,.4	1 tray~255
2282519	B	1	465,4.65,25.6,55.8,233,,9.3,12,2.3,0,2.51,93,163,,0	1 bar / null~43
2465446	B	21	179,6.84,8.97,18,312,1.71,5.13,26,.9,.21,.43,174,97,,.425	1 bowl~234
2673198	B	21	176,7.06,7.06,21.6,267,1.96,3.92,20,1.2,0,.43,122,122,,0	1 tray~255
2633607	B	98	145,6.27,5.88,16.5,235,.78,.78,0,1.6,0,.42,59,,.5,,,,0	1 entree~255
2008149	B	89	92,4.62,1.54,15.4,262,1.92,.19,0,3.8,0,1.38,38,,3.5	1 cup~260|1 package~416
2365560	B	34	287,8.29,16,27.6,376,4.97,3.87,19,2.2,0,1.1,116,199,,0	1 pizza~181
2673176	B	34	220,8.13,9.76,25.2,439,3.25,3.25,20,1.6,0,.89,106,130,,0	1/3 pizza~123|1 package~369
2672985	B	34	307,11.4,13.6,35.2,648,3.41,3.98,11,2.3,0,2.05,170,,2.7,,,,61	4 pizza bites~88|1 package~199
2106589	B	21	120,3.89,3.18,19.1,117,2.83,.35,0,2.8,0,1.38,25,339,,0	1 tray~283
2411895	B	21	124,3.89,3.53,19.4,261,2.83,.35,0,2.8,0,1.41,28,343,,0	1 tray~283
2365564	B	34	246,9.86,10.6,27.5,514,2.82,3.52,14,1.4,0,.92,155,141,,0	1/3 pizza~142|1 package~425
1866129	B	138	228,14,6.14,28.1,561,3.51,0,0,3.5,0,2.46,53,351,,0	4 links~57|1 package~170
2465405	B	21	192,9.02,8.24,20.4,290,1.96,4.31,24,1.2,0,.75,145,137,,.4	1 bowl~255
2365563	B	34	250,11.8,11.8,25,507,2.21,4.41,15,1.5,0,1.32,154,154,,0	1/3 pizza~136|1 package~408
2465365	B	34	259,11.8,11.8,25.9,529,2.35,7.06,29,2.4,0,1.18,271,188,,.225	6 pieces~85|1 package~170
2633612	B	138	235,16.5,5.88,28.2,647,3.53,.59,0,3.5,0,3.18,71,,2.8,,,,21	8 pieces~85|1 package~227
2412848	B	89	77,4.33,2.4,9.62,75,.96,.24,0,2.2,0,1.06,26,190,,0	1 can~416
2672977	B	89	77,2.69,2.31,11.2,227,2.31,.19,0,3.1,0,.69,15,,.9,,,,14	1 cup~260|1 package~416
2412846	B	15	33,0,0,6.67,600,3.33,0,0,3.3,0,1,33,267,,0	2 tbsp~30|1 package~417
1938159	B	94	152,8.13,7.77,12.7,276,1.41,2.47,11,2.1,0,1.31,110,304,,0	1 bowl~283
2673174	B	21	141,4.46,5.95,17.1,290,1.49,1.86,7,2.2,0,1.38,93,149,,0	1 bowl~269
2369797	B	21	141,4.46,5.95,17.8,290,1.49,1.86,7,3,0,1.34,93,,.4	1 bowl~269
2673167	B	21	138,4.46,5.95,16.7,138,1.49,1.86,7,2.2,0,1.38,97,145,,0	1 bowl~269
1862699	B	21	136,4.52,5.88,16.7,285,1.36,2.04,7,2.3,0,1.36,95,145,,0	1 cup~221|1 package~794
2365572	B	21	112,3.73,4.15,14.9,241,3.32,.62,0,2.9,0,1.12,29,332,,0	1 tray~241
2285622	B	21	75,2.2,1.98,11.9,260,.88,0,0,1.8,0,.79,18,,1.6	1 pie~227
2673156	B	21	157,7.84,7.06,15.7,267,1.57,2.35,6,2.4,0,1.41,78,,2.4,,,,14	1 meal~255
2412883	B	15	33,0,0,6.67,600,3.33,0,0,3.3,0,1,33,267,,0	2 tbsp~30|1 package~417
2672964	B	51	30,1,.75,4.5,68,1,0,0,1,0,.33,15,95,,0	1 can~400
2453044	B	51	30,1,.75,4.5,172,1,0,0,1,0,.33,15,92,,0	1 serving~400
2313142	B	1	452,0,19.4,64.5,97,58.1,9.68,0,3.2,0,3.48,0,0,,0	3 pieces~31
2412868	B	21	104,4.63,3.09,14.3,301,4.63,.39,0,2.3,0,1.2,42,255,,0	1 tray~259
2365599	B	21	179,6.41,5.77,25.6,423,3.85,.64,0,2.6,0,1.28,38,224,,0	1 package~156
2061306	B	26	261,10.1,13,27.5,420,4.35,4.35,14,1.4,0,1.04,217,,3.5	2 pieces~69|1 package~207
2453048	B	34	211,8.13,8.94,25.2,431,2.44,2.85,12,1.6,0,.81,122,146,,0	1 serving~123|1 package~369
2672988	B	51	28,.76,1.51,3.02,174,.25,.76,4,.3,0,.3,8,83,,0	1 can~397
2025378	B	21	86,2.6,2.6,13,219,.37,1.67,7,.7,0,.45,30,48,,0	1 bowl~269
2669163	B	21	149,6.27,6.67,16.1,263,1.57,3.92,18,1.2,0,.78,133,127,,0	1 bowl~255
2365565	B	34	271,4.71,12.4,35.3,459,5.29,1.47,0,2.9,0,.82,29,241,,0	1 pizza~170
2673144	B	34	257,6.19,8.85,37.2,478,5.31,1.33,0,2.7,0,.8,27,186,,0	1/3 pizza~113|1 package~340
2673071	B	51	25,1.25,.88,3.25,165,.75,0,0,.5,0,.23,10,60,,0	1 can~400
2452995	B	21	182,5.88,5.29,28.2,353,1.18,.59,0,3.5,0,1.35,35,188,,0	1 package~170
2673165	B	21	192,5.13,5.13,32,359,2.56,.64,0,3.2,0,1.41,71,218,,0	1 package~156
2369959	B	21	188,5.88,4.71,30.6,171,1.18,.59,0,4.7,0,1.59,24,,2.1	1 burrito~170
2370386	B	29	500,8.82,23.5,58.8,368,29.4,7.35,29,5.9,0,3.18,118,,0	3 cookies~34|1 package~113
2081704	B	1	524,4.76,28.6,57.1,214,42.9,9.52,24,0,0,1.71,95,,0	1 piece~21|1 package~43
2081701	B	14	86,2.35,1.37,16.5,75,5.88,.2,0,2,0,.56,8,,0	1 bowl~255
2081702	B	52	327,3.85,11.5,50,385,28.8,.96,0,1.9,0,2.08,0,,0	1 slice~52|1 package~312
2081746	B	21	81,1.41,3.87,9.86,229,2.46,2.11,12,1.1,0,.51,21,,3.2	1 bowl~284
1855004	B	52	327,3.64,10.9,50.9,382,29.1,0,0,0,0,1.96,0,,4.4	1 slice~55|1 package~312
1855136	B	32	72,1.6,3.6,8.8,232,4.8,.4,0,1.6,0,1.44,16,,9.6	½ cup~125|1 package~695
2014772	B	85	281,6.25,12.5,40.6,422,3.12,0,0,3.1,0,1.12,0,,0	1 round~32|1 package~255
2601546	B	83	183,5.63,7.04,25.4,577,2.82,.7,0,4.2,0,1.83,28,352,,0	1 patty~71|1 package~283
2075676	B	21	74,.7,3.52,9.51,239,1.06,1.76,11,.7,0,.38,14,,2.1	1 bowl~284
2075701	B	21	60,1.06,2.46,8.45,239,5.63,1.41,7,1.4,0,1.27,21,,10.6	1 bowl~284
2672986	B	21	152,4.46,3.72,25.3,283,8.55,.56,0,1.1,0,1.45,33,134,,0	1 tray~269
2117235	B	21	120,2.9,5.39,14.5,328,2.07,.83,0,1.2,0,.58,21,129,,0	1 bowl~241
1852429	B	51	61,2.04,1.63,8.98,278,2.04,.2,0,1.6,0,.73,24,,2	1 cup~245|1 package~400
1907608	B	21	106,4.85,2.64,15.9,233,1.76,.66,2,1.8,0,.84,70,207,,0	1 bowl~227
2369952	B	34	291,4.72,15,33.9,528,3.94,2.76,0,2.4,0,.85,31,,4.7	1/3 pizza~127|1 package~380
2672983	B	34	208,6.92,8.81,25.8,321,1.89,3.14,13,1.3,0,3.96,189,,3.8,,,,57	½ pizza~159|1 package~318
2081803	B	34	242,8.59,10.6,27.8,399,2.02,3.03,10,1.5,0,.81,136,146,,0	1 pizza~198
1960299	B	21	145,5.1,5.88,18,180,1.96,1.96,10,1.6,0,.78,78,188	1 bowl~255
2136806	B	21	149,5.1,5.88,18.4,180,1.96,1.96,10,1.6,0,.71,78,,7.1	½ bag~255|1 package~510
2365552	B	34	234,8.59,10.2,27.3,438,2.34,3.12,12,1.6,0,.78,133,141,,0	1/3 pizza~128|1 package~383
2061307	B	26	261,8.7,13,29,464,4.35,2.9,7,2.9,0,1.57,116,,5.2	2 pieces~69|1 package~207
2630140	B	21	199,7.28,8.74,23.3,272,1.46,3.4,15,1.5,0,.83,146,141,,0	1 cup~206|1 package~824
2081810	B	34	234,9.09,10.4,24.7,494,2.6,3.25,13,1.3,0,1.4,130,,1.6	4 pizza bites~77|1 package~173
1855135	B	32	64,1.6,3.6,7.2,472,4,.4,0,1.6,0,.86,0,,4.8	½ cup~125|1 package~695
1855134	B	32	88,1.6,4.8,8.8,464,4.8,.8,0,2.4,0,.86,16,,7.2	½ cup~125|1 package~695
2545033	B	48	186,16.8,3.54,21.2,487,5.31,.44,0,5.3,0,2.65,71,469,,0	1 patty~113|1 package~454
2672995	B	51	32,.98,1.23,4.41,181,.98,.25,0,.7,0,.47,10,78,,0	1 cup~408
2366726	B	94	212,8.82,9.41,23.5,341,1.76,2.65,9,2.9,0,1.35,88,235,,0	1 package~170
2452994	B	51	30,1.01,1.26,3.78,149,1.01,.5,0,1.3,0,.43,13,113,,0	1 can~397
2412841	B	45	115,6.15,2.31,17.7,362,1.54,0,0,4.6,0,1.69,38,423,,0	½ cup~130|1 package~437
2412831	B	45	131,6.15,2.69,20,169,1.54,0,0,4.6,0,1.69,46,462,,0	½ cup~130|1 package~437
2465545	B	21	180,5.88,7.06,23.1,286,1.57,4.31,22,.4,.2,.04,125,,,.4	1 tray~255
2115085	B	21	188,6.28,6.73,25.1,291,1.79,4.48,22,.4,0,0,135,,.5	1 cup~223|1 package~794
2633611	B	21	62,2.64,1.76,8.81,238,3.08,.66,4,1.8,0,1.19,66,,2.6,,,,119	1 entree~227
2630142	B	21	175,7.73,9.79,14.4,340,2.58,3.61,15,1.5,0,.88,155,170,,0	1½ enchiladas~194|1 package~776
2672962	B	21	174,7.75,9.69,14,345,2.71,3.49,17,1.6,0,.89,151,167,,0	1 tray~258
2633608	B	21	126,5.76,3.96,16.9,245,3.24,1.26,5,1.4,0,.65,108,,3.2,,,,26	1 lasagna~278
2365598	B	34	250,3.12,8.59,39.8,469,5.47,1.17,0,3.1,0,.94,133,227,,0	½ pizza~128|1 package~255
2015089	B	34	183,4.93,3.17,35.2,415,5.63,.35,0,3.5,0,1.27,28,,8.5	1 pizza~142
2672972	B	51	57,1.63,2.45,7.35,278,1.63,.41,0,1.6,0,.59,24,,7.3,,,,110	1 cup~245|1 package~397
2412854	B	15	50,0,3.33,6.67,633,6.67,0,0,3.3,0,0,17,140,,0	2 tbsp~30|1 package~417
1854901	B	21	127,5.3,4.59,15.9,314,1.41,.88,2,2.1,0,1.06,64,180,,0	1 bowl~283
2015182	B	21	70,2.2,1.76,11.9,260,2.2,0,0,2.2,0,1.19,26,,4	1 pie~227
1852419	B	4	529,5.88,35.3,47.1,147,23.5,14.7,59,5.9,0,4.24,118,,0	1 cookie~17|1 package~153
2015192	B	26	231,5.49,9.89,29.7,440,2.2,1.1,0,2.2,0,1.19,22,,4	4 snacks~91|1 package~170
1946833	B	1	512,4.65,27.9,58.1,209,41.9,10.5,12,2.3,0,0,93,163,,0	2 bars~43
2069493	B	48	197,7.04,7.04,25.4,634,2.82,.7,0,4.2,0,1.52,28,,1.7	1 burger~71|1 package~142
2673149	B	21	192,7.69,7.05,24.4,481,1.28,2.24,10,3.8,0,1.54,109,244,,0	1 package~156
2672971	B	51	32,.49,1.23,4.44,168,.99,.12,0,.7,0,.25,10,96,,0	1 can~405
2015183	B	34	236,9.76,8.94,30.1,480,2.44,.81,0,1.6,0,1.46,16,,2	1/3 pizza~123|1 package~369
2672967	B	51	46,1.68,.84,7.69,190,.96,0,0,1.2,0,.6,14,132,,0	1 can~416
2672976	B	89	75,3.85,2.16,9.62,163,1.2,.24,0,2.2,0,1.01,24,185,,0	1 can~416
2412872	B	21	138,5.3,4.95,18,311,2.12,2.12,11,2.5,0,.99,106,216,,0	1 tray~283
2412884	B	21	151,5.46,3.78,23.5,265,2.52,.63,0,1.7,0,1.22,29,202,,0	1 bowl~238
2365588	B	21	162,5.81,4.15,25.3,303,2.49,1.24,4,1.7,0,.75,79,149,,0	1 bowl~241
2465362	B	21	153,5.88,7.84,14.5,302,2.35,3.14,14,1.6,0,.71,145,133,,.125	1 tray~255
2465360	B	26	227,9.38,8.59,27.3,391,2.34,3.91,20,2.3,0,1.41,227,195,,.225	1 carton~128
2365557	B	34	265,5.3,15.2,27.3,394,3.79,1.89,0,3,0,1.14,38,212,,0	1/3 pizza~132|1 package~397
1862687	B	21	101,4.41,2.64,15,238,2.64,.88,4,1.8,0,1.01,70,185,,0	1 tray~227
2081804	B	34	255,9.31,11.8,27.4,191,2.94,3.43,12,1.5,0,.98,147,137,,0	1 pizza~204
2673145	B	34	227,9.09,9.09,27.3,477,3.03,3.41,11,1.5,0,.91,144,136,,0	1/3 pizza~132|1 package~397
2081800	B	26	219,10.2,7.03,28.9,359,2.34,3.12,12,3.1,0,1.12,156,,1.9	1 serving~128
2465350	B	34	235,9.41,9.41,28.2,447,2.35,5.29,24,2.4,0,1.06,247,188,,.225	6 pieces~85|1 package~170
2453039	B	34	221,7.08,8.85,28.3,416,4.42,3.54,13,4.4,0,1.15,257,212,,0	1/3 pizza~113|1 package~340
2672965	B	43	30,1.75,.25,5.25,78,1,0,0,1.2,0,.35,10,95,,0	1 can~400
2673070	B	51	30,1.75,.25,5,180,1,0,0,1,0,.35,10,92,,0	1 can~400
2633609	B	21	123,5.63,4.93,13.7,275,2.82,2.11,12,1.8,0,.63,141,,10.6,,,,63	1 bowl~284
2081813	B	51	57,1.63,1.22,9.39,229,2.45,1.02,6,.8,0,.44,33,,1.5	1 cup~245|1 package~411
1971997	B	83	175,3.51,7.02,26.3,579,3.51,0,0,3.5,0,1.23,53,263,,0	1 patty~57|1 package~227
2282522	B	1	459,2.7,24.3,56.8,122,40.5,13.5,0,5.4,0,2.92,54,189,,0	1 bar / null~37
1855132	B	21	93,4.41,1.98,14.5,229,1.32,.66,2,1.8,0,.75,22,141,,0	1 bowl~227
2281627	B	21	115,3.96,1.76,20.7,282,4.85,.22,0,1.3,0,.79,31,132,,0	1 bowl~227
2137682	B	21	122,4.71,3.92,16.5,310,5.1,.39,0,1.6,0,1.18,35,180,,0	1 bowl~255
2672990	B	51	48,.76,2.52,5.54,196,1.01,.63,1,.5,0,.23,8,68,,0	1 can~397
2061308	B	26	319,10.1,13,36.2,478,5.8,5.07,22,2.9,0,1.57,145,,7	2 pieces~69|1 package~207
1889490	B	26	304,8.7,15.9,29,435,4.35,3.62,14,2.9,0,1.57,145,,1.7	2 pieces~69|1 package~207
1907644	B	21	96,3.08,2.4,15.4,267,1.37,.34,0,2.7,0,1.34,38,284,,0	1 tray~292
2673166	B	21	120,2.74,3.42,19.5,301,2.74,.34,0,2.4,0,1.3,27,161,,0	1 tray~292
2025376	B	21	130,4.11,5.48,15.8,267,2.05,1.71,7,2.1,0,1.2,86,130,,0	1 tray~292
2081319	B	21	134,4.46,1.86,24.5,290,4.83,.37,0,1.5,0,.89,30,167,,0	1 bowl~269
2673178	B	111	186,5.77,4.49,34.6,423,3.85,.64,0,1.9,0,.92,26,,9.6,,,,87	1 wrap~156
2369962	B	83	197,16.9,3.52,22.5,493,2.82,0,0,5.6,0,2.54,85,,1.7	1 burger~71|1 package~284
2672975	B	51	52,1.25,3.5,3.75,198,1.5,2.75,0,.5,0,.4,12,85,,0	1 can~400
2672993	B	51	70,1,5,5,195,1.25,1.75,0,.8,0,.57,15,98,,0	1 can~400
2015090	B	21	134,2.83,5.65,17.7,265,4.24,2.83,0,1.1,0,.78,25,159,,0	1 tray~283
2061300	B	21	129,3.14,5.88,16.1,271,4.31,2.75,0,1.2,0,.71,24,,4.7	1 serving~255|1 package~510
2412847	B	21	141,3.18,7.07,16.6,293,2.83,3.18,0,1.1,0,.78,21,145,,0	1 tray~283
2369957	B	21	115,2.97,4.09,16.7,156,.74,2.6,0,1.9,0,.27,15,,8.9	1 entree~269
2365578	B	21	181,4.41,11,15.9,308,2.64,1.98,0,2.2,0,1.37,40,,,0	1 bowl~227
2014913	B	46	291,9.09,10.9,38.2,400,3.64,1.82,9,1.8,0,.65,109,,2.2	1 toaster pop~55|1 package~220
1855001	B	46	267,6.67,5.83,48.3,183,18.3,0,0,3.3,0,1.2,33,,6	1 toaster pop~60|1 package~240
2673157	B	94	165,7.84,10.6,9.41,310,1.57,1.57,0,2,0,1.41,59,329,,0	1 tray~255
2523665	B	94	179,6.41,8.33,19.9,269,2.56,.96,0,1.9,0,1.28,79,271,,0	1 package~156
2081797	B	26	186,9.73,5.31,24.8,425,2.65,.88,0,1.8,0,1.33,44,159,,0	1 carton~113
2673195	B	21	123,5.95,4.09,15.2,253,2.23,.74,0,1.9,0,1.67,37,,3.3,,,,67	1 lasagna~269
2325245	B	32	72,1.6,3.6,8.8,200,1.6,.4,0,1.6,0,1.44,24,272,,0	½ cup~125|1 package~723
2370093	B	21	145,7.45,5.49,16.9,235,2.35,2.35,12,1.2,0,.71,157,,2.4	½ a bag~255|1 package~510
2673171	B	21	152,6.69,6.69,16.7,309,2.23,1.86,7,2.2,0,1.34,104,294,,0	1 bowl~269
2672992	B	51	32,.74,1.24,4.47,221,1.24,.12,0,.7,0,.42,12,102,,0	1 can~403
2412910	B	45	131,6.15,.77,23.8,369,7.69,0,0,6.9,0,2.69,54,462,,0	½ cup~130|1 package~425
2365600	B	45	123,6.15,2.69,18.5,162,1.54,0,0,4.6,0,1.69,38,446,,0	½ cup~130|1 package~437
2672969	B	45	123,6.15,2.69,18.5,346,1.54,0,0,4.6,0,1.69,38,446,,0	½ cup~130|1 package~437
2313146	B	51	42,1.25,1.12,7,188,1,.12,0,1,0,.35,18,102,,0	1 can~400
2365551	B	21	141,4.09,4.83,20.1,208,2.6,1.49,0,1.5,0,.93,26,156,,0	1 bowl~269
2369584	B	21	200,6.47,5.88,30,347,1.18,1.76,0,3.5,0,1.41,29,271,,0	1 package~170
2365596	B	21	137,3.53,5.88,17.6,349,1.18,1.96,0,2.4,0,.94,55,165,,0	1 tray~255
2412842	B	21	149,2.6,6.69,20.1,327,1.12,4.09,0,1.1,0,.26,37,108,,0	1 bowl~269
2672991	B	51	38,.5,2.25,4,100,.75,.5,0,1,0,.23,8,105,,0	1 can~400
2365601	B	34	294,4.71,17.1,30,394,4.71,2.35,0,3.5,0,1,24,229,,0	1 pizza~170
2412886	B	34	224,4.71,9.41,30.6,529,2.35,5.29,0,1.2,0,.94,12,153,,0	6 pieces~85|1 package~170
2601547	B	21	129,3.14,5.1,17.2,310,2.35,1.96,0,1.2,0,1.02,31,200,,0	1 tray~255
2672996	B	34	234,4.69,11.7,26.6,461,2.34,3.52,0,1.6,0,.7,16,133,,0	1/3 pizza~128|1 package~383
2365580	B	34	260,4.07,12.2,32.5,537,3.25,4.07,0,3.3,0,1.54,98,220,,0	1/3 pizza~123|1 package~369
2411894	B	21	134,2.97,5.2,19,290,1.49,2.23,0,2.2,0,1.38,30,164,,0	1 bowl~269
2672994	B	51	26,.51,1.15,3.07,171,.26,.26,0,.5,0,.31,5,26,,0	1 serving~391
2411703	B	21	167,2.2,6.61,24.2,361,0,4.41,0,.4,0,.18,9,48,,0	1 tray~227
2366446	B	34	265,5.31,14.2,30.1,504,1.77,3.98,0,1.8,0,.71,18,124,,0	1/3 pizza~113|1 package~340
2523666	B	34	257,2.08,13.9,31.2,451,3.47,4.17,0,2.8,0,.9,104,201,,0	½ pizza~144|1 package~288
2672941	B	21	185,3.08,8.81,23.8,357,0,2.2,0,1.3,0,.44,14,55,,0	1 tray~227
2453050	B	34	220,6.06,9.09,28,508,3.03,2.65,0,1.5,0,.98,23,144,,0	1/3 pizza~132|1 package~397
2412882	B	21	135,4.51,5.64,18,331,2.26,1.69,0,2.3,0,.26,38,109,,0	1 bowl~266
2672997	B	51	20,.5,.25,3.75,188,.75,0,0,.8,0,.2,10,55,,0	1 can~400
2365553	B	21	221,5.16,12.2,23,319,1.41,4.23,0,2.8,0,1.13,23,160,,0	1 bowl~213
2633613	B	21	230,3.76,11.3,28.2,272,1.41,4.69,16,2.3,0,.85,28,,1.7,,,,106	1 pie~213
2673179	B	21	130,5.95,5.2,14.9,249,2.6,2.23,11,1.5,0,.59,119,190,,0	1 tray~269
1907610	B	21	139,6.09,5.65,15.6,257,2.61,2.61,13,1.7,0,.65,126,191,,0	1 cup~230|1 package~794
2014914	B	21	112,5.58,3.72,14.1,104,2.97,1.86,9,1.5,0,.86,119,182,,0	1 tray~269
2412838	B	21	134,4.09,6.32,15.2,309,2.97,.93,4,1.1,0,.86,,190,,0	1 tray~269
2370385	B	21	115,3.52,3.08,18.5,163,3.08,.44,0,2.2,0,1.19,18,,9.3	1 bowl~227
2081795	B	26	211,6.34,7.04,30.3,345,2.11,.7,0,1.4,0,.92,21,134,,0	1 carton~142
2673199	B	21	207,5.16,11.3,21.6,310,1.41,6.1,16,2.8,0,1.13,23,164,,0	1 bowl~213
2369963	B	21	125,3.85,5.13,16,218,2.24,2.24,10,2.2,0,.87,48,,3.8	1 meal~312
2391118	B	21	205,7.69,8.97,23.7,436,3.21,.96,0,1.9,0,1.35,77,199,,0	1 package~156
2365595	B	45	123,5.38,.77,24.6,523,9.23,0,0,6.2,0,,54,400,,0	½ cup~130|1 package~425
2014918	B	1	429,3.57,14.3,67.9,214,53.6,8.93,0,3.6,0,3.86,71,,0	1 pieces~28|1 package~57
2678045	B	26	166,9.78,6.52,17.4,1870,17.4,1.09,27,0,0,0,21,162,,3	1 serving~92|1 package~275
2654674	B	1	415,30.8,13.8,44.6,162,32.3,5.38,31,1.5,0,0,194,302,,0	1 bar~65|1 package~779
2626699	B	1	415,30.8,13.8,44.6,162,32.3,5.38,31,1.5,0,0,194,302,,0	1 bar~65
2508906	B	13	446,32.3,16.9,43.1,192,33.8,6.15,0,1.5,0,.31,77,246,,0	1 bar~65
2630977	B	1	438,30.8,16.9,40,177,27.7,6.92,8,1.5,0,1.54,158,368,,0	1 bar~65|1 package~779
2627930	B	13	438,30.8,16.9,40,192,26.2,6.15,23,1.5,0,1.54,217,328,,0	1 bar~65
2652807	B	1	415,30.8,16.9,33.8,231,24.6,4.62,0,3.1,0,.46,62,231,,0	1 bar~65
2627931	B	13	431,30.8,16.9,38.5,215,29.2,5.38,0,1.5,0,.15,77,262	1 bar~65
2058503	B	14	467,11.1,26.7,53.3,22,20,6.67,0,6.7,0,3.2,89,,2.7	½ cup~45|1 package~678
2538693	B	14	500,13.5,26.9,53.8,19,19.2,6.73,0,7.7,0,3.46,100,362,,0	½ cup~52|1 package~340
2071823	B	14	467,11.1,24.4,53.3,22,20,6.67,0,6.7,0,3.2,89,,2.7	½ cup~45|1 package~678
1877393	B	0	450,10,26.7,40,13,26.7,6.67,0,6.7,0,1.8,33,,4	¼ cup~30|1 package~339
2586537	B	14	519,11.5,26.9,59.6,19,23.1,7.69,0,9.6,0,3.46,100,269,,0	½ cup~52|1 package~340
2593128	B	1	364,0,0,90.9,1970,87.9	3 pieces~33|1 package~132
2382075	B	11	118,0,0,23.5,20200,0,0,0,0,0,23.5,212,800,,0	1 serving~4.2|1 package~25.5
2382071	B	11	189,0,0,37.7,12100,0,0,0,18.9,0,18.9,396,566,,0	1 serving~5.3|1 package~31.6
2382076	B	11	389,22.2,22.2,33.3,7220,0,0,0,11.1,0,22.2,356,989,,0	1 serving~9|1 package~37.1
2382073	B	11	167,0,0,33.3,14700,0,0,0,16.7,0,16.7,250,883,,0	1 serving~6|1 package~35.8
1890980	B	0	571,25,39.3,28.6,0,3.57,7.14,0,10.7,0,1.29,286,,0	1 serving~28|1 package~1589
1894380	B	15	29,0,0,5.76,634,2.88,,,,,,,,6.9	2 tbsp~34.7|1 package~340
1952028	B	0	464,3.57,21.4,64.3,125,50,17.9,,3.6	2 pieces~28|1 package~142
1921251	B	88	357,7.14,0,82.1,411,28.6,0,0,3.6,0,3.86,71,,0	1 serving~28|1 package~340
1901731	B	1	381,0,4.76,88.1,310,52.4,3.57,0,0,0	6 pieces~42|1 package~198
2441399	B	8	395,2.63,15.8,65.8,132,29,10.5,0,2.6	1 piece~38|1 package~300
534472	B	1	467,3.33,23.3,60,217,40,15,17,,,3.33,,303	8 pieces /~30
1926554	B	0	467,3.33,23.3,60,200,43.3,15,17,,,3.33,,263	8 pieces /~30|1 package~163
2666945	B	1	395,2.63,15.8,65.8,132,29,10.5,0,2.6,0,2.84,0,,0,,,,0	1 pieces~38|1 package~340
1879948	B	4	395,2.63,15.8,65.8,132,29,10.5,0,2.6,0,2.84,0,,0	1 pieces~38|1 package~340
2442805	B	1	381,0,4.76,88.1,310,52.4,3.57,0,0	7 pieces~42|1 package~340
2452845	B	38	393,3.57,0,89.3,143,46.4,0,0,0,0,2.86,0,71,,0	1 serving~28|1 package~283
1885003	B	38	393,3.57,3.57,85.7,429,50,1.79,0,0,0,1.29,0,,0	1 serving~28|1 package~340
1038059	B	84	300,0,0,71.4,43,14.3	1 tsp~7
2209600	B	104	300,0,10,56.7,33,53.3,10,0,3.3,0,.67,0,133,,0	2 tbsp~30|1 package~482
2570064	B	42	206,0,0,52.9,0,52.9,0,0,0,0,0,0,129,,0	1 tbsp~17|1 package~482
2040180	B	104	357,0,0,85.7,36,57.1,0,0,3.6,0,0,0,,42.9	1 serving~28|1 package~454
2015670	B	104	357,0,0,85.7,36,64.3,0,0,3.6,0,0,0,,32.1	1 serving~28|1 package~510
2570063	B	76	300,0,10,56.7,33,53.3,10,0,3.3,0,.67,0,133,,0	2 tbsp~30|1 package~482
2668409	B	44	158,0,0,40.6,4,39.8,0,0,.8,0,.15,8,83,,0	½ cup~133|1 package~482
2011414	B	44	289,0,1.11,68.9,0,55.6,.89,0,0,0,4,0,,33.3	1 shell~45|1 package~482
2408467	B	90	500,16.7,29.2,41.7,0,0,4.17,0,41.7,0,0,817,0,,0	1 tbsp~12|1 package~340
2409473	B	11	0,0,0,0,38000,0,0,0,0,0,0,0,0,,0	¼ tsp~1|1 package~340
2409498	B	59	250,0,0,75,0,0,0,0,25,0,0,0,0,,0	2 tsp~4|1 package~113
2409489	B	59	350,10,0,80,800,60,0,0,20,0,6,130,320,,0	1 tbsp~10|1 package~226
2409480	B	40	643,14.3,50,28.6,0,0,32.1,0,21.4,0,3.57,93,0,,0	3 tbsp~28|1 package~226
2409479	B	104	333,22.2,11.1,55.6,0,0,5.56,0,33.3,0,44.4,167,2400,,0	2 tbsp~9|1 package~226
2409478	B	104	333,33.3,0,33.3,0,0,0,0,33.3,0,13.3,0,1330,,0	1 tsp~3|1 package~113
2409490	B	59	393,50,10.7,25,18,3.57,0,0,21.4,0,18.2,143,1320,,0	3 tbsp~28|1 package~226
2409491	B	59	375,25,0,75,0,25,0,0,25,0,7.2,520,0,,0,,,,10,1,.85,,,200,,,3.75,,1,1	2 tsp~8|1 package~226
2448813	B	30	250,50,0,50,0,0,0,0,0,0,0,0,0,,0	1 tsp~2|1 package~127
2474173	B	30	286,28.6,0,57.1,71,14.3,0,0,28.6,0,231,1860,1340,,0,,,,,10,1.46	1 tbsp~7|1 package~198
2409500	B	59	333,33.3,0,66.7,0,0,0,0,33.3,0,6,0,2300,,0	1 tsp~3|1 package~113
2474174	B	193	286,28.6,0,57.1,71,14.3,0,0,28.6,0,231,1860,1340,,0,,,,,10,1.46	1 tbsp~7|1 package~142
2409476	B	30	350,10,5,70,0,0,0,0,0,0,70,150,0,,0,,,,4,,,,,240	1 tbsp~10|1 package~133
2409472	B	0	350,10,0,80,800,60,0,0,20,0,6,130,320,,0	1 tbsp~10|1 package~283
2409477	B	0	350,10,0,80,800,60,0,0,20,0,6,130,320,,0	1 tbsp~10|1 package~283
2061630	B	62	714,0,78.6,0,571,0,57.1,179,0,3.57,0,0,,0	1 tbsp~14|1 package~227
2403386	B	2	429,25,35.7,0,679,0,25,89,0,0,0,536,0,,0	1 serving~28|1 package~198
2216720	B	19	0,0,0,0,2400,0,0,0,0,0,0,0,0,,0	1 tsp~5|1 package~354
508594	B	16	320,13.3,3.33,73.3,0,3.33,0,0,10,0,3.6,67,,0	1 serving~30
2052134	B	13	400,25,15,50,225,5,2.5,0,17.5,0,2.7,50,,3	1 / package~40
1882685	B	13	400,25,15,50,212,5,2.5,0,17.5,0,3.6,50,,3	1 serving~40
2303050	B	14	367,13.3,6.67,64.4,9,2.22,0,0,8.9,0,4.44,58,496,,0	¼ cup g~45|1 package~408
1886313	B	14	360,14,6,66,0,0,1,0,8,0,3.6,40,,0	1 pouch~50|1 package~300
1852497	B	90	389,13,5.56,72.2,648,3.7,.93,0,9.3,0,5,74,,44.4	1 cup prepared) / (~54|1 package~136
2012907	B	81	388,11.8,5.88,67.6,9,2.94,0,0,6.5,0,4.76,29,,0	¼ cup~34|1 package~510
2665615	B	68	70,2,0,16,250,0,0,0,0,0,3,10,30,,0	2 half inch slices~100|1 package~510
2038181	B	16	339,21.4,1.79,62.5,0,1.79,0,0,12.5,0,4.82,107,,0	1 serving~56|1 package~227
1882683	B	63	348,21.2,1.52,63.6,606,6.06,0,0,7.6,0,5.45,61,,36.4	1 cup~66|1 package~264
2607734	B	16	364,21.8,.91,65.4,27,3.64,0,0,3.6,0,10.9,71,911,,0	1 serving~55|1 package~227
2011897	B	16	389,13,6.48,70.4,630,3.7,.93,0,9.3,0,5,74,,22.2	1 cup prepared) / (~54|1 package~136
2677258	B	90	378,13.3,5.56,64.4,0,0,0,0,6.7,0,4.44,47,556,,0	1 serving~45|1 package~408
2677259	B	90	378,13.3,5.56,64.4,0,0,0,0,6.7,0,4.44,47,556,,0	1 serving~45|1 package~408
2119798	B	63	365,21.6,2.7,63.5,581,2.7,.68,7,9.5,0,6.08,81,,0	1 serving~74|1 package~185
1941314	B	63	365,21.6,2.7,64.9,527,2.7,.68,7,9.5,0,6.08,81,,0	1 serving~74|1 package~185
2018527	B	14	360,10,5,74,250,24,.8,0,6,0,2.88,40,,0	1 pouch~50|1 package~300
2119797	B	63	366,22.5,2.11,63.4,451,2.82,.7,0,9.9,0,6.34,56,,0	1 serving~71|1 package~170
1882684	B	13	400,25,15,50,212,5,2.5,0,17.5,0,2.7,50,,15	1 serving~40
2392183	B	16	364,7.27,3.64,76.4,0,0,0,0,5.5,0,1.82,9,291,,0	1 serving~55|1 package~227
2392178	B	16	364,7.27,3.64,80,18,1.82,0,0,5.5,0,1.82,16,169,,0	1 serving~55|1 package~227
2392181	B	16	364,7.27,3.64,76.4,0,0,0,0,5.5,0,1.82,9,291,,0	1 serving~55|1 package~227
2677263	B	16	364,7.27,3.64,76.4,0,0,0,0,5.5,0,1.82,9,291,,0	1 serving~55|1 package~227
2677257	B	16	364,7.27,3.64,76.4,0,0,0,0,5.5,0,1.82,9,291,,0	1 serving~55|1 package~227
2607730	B	16	364,7.27,3.64,76.4,0,0,0,0,5.5,0,1.82,9,291,,0	2 oz g~55|1 package~272
1857407	B	14	360,10,5,74,240,24,.8,0,6,0,2.88,40,,0	1 pouch~50|1 package~300
1852498	B	90	389,14.8,6.48,70.4,870,3.7,1.85,6,7.4,0,5,111,,2.2	1 cup prepared) / (~54|1 package~136
1886314	B	14	360,10,5,74,260,22,.8,0,8,0,3.6,40,,0	1 pouch~50|1 package~300
2392170	B	68	189,7.49,4.85,30,247,1.76,1.98,0,5.3,0,2.64,38,330,,0	1 pouch~227
2138337	B	68	171,7.14,3.57,26.4,250,.71,1.79,0,6.4,0,2.44,29,,.9	1 cup~140|1 package~227
2392174	B	68	189,6.61,4.85,30,242,0,2.2,0,3.1,0,2.2,24,264,,0	1 pouch~227
2011898	B	90	370,13,6.48,70.4,722,5.56,.74,0,9.3,0,5,74,,38.9	1 cup prepared) / (~54|1 package~136
2652497	B	14	382,11.8,5.88,70.6,0,17.6,0,0,2.9,0,3.18,0,,0,,,,0	1 serving~34|1 package~340
1987798	B	16	364,21.8,.91,65.4,27,3.64,0,0,3.6,0,10.9,71,911,,0	1 serving~55|1 package~227
2392165	B	16	382,21.8,5.45,60,127,7.27,0,0,7.3,0,3.64,42,585,,0	1 serving~55|1 package~227
2607731	B	16	364,25.4,1.82,67.3,0,1.82,0,0,3.6,0,7.27,25,935,,0	1 serving~55|1 package~272
2607732	B	16	364,25.4,1.82,67.3,0,1.82,0,0,3.6,0,7.27,24,935,,0	1 serving~55|1 package~227
2607733	B	16	364,25.4,1.82,67.3,0,1.82,0,0,5.5,0,7.27,25,664,,0	1 serving~55|1 package~227
2052133	B	63	348,22.7,1.52,62.1,652,9.09,0,0,9.1,0,5.45,61,,31.8	1 cup~66|1 package~264
2306096	B	14	375,15,5,65,0,12.5,0,0,7.5,0,5,48,575,,0	1/3 cup~40|1 package~340
2442017	B	14	385,12.6,5.88,67.6,6,5.88,0,0,7.1,,4.24,0,,0,,,,,,,2.5,,,,529	1/3 cup~34|1 package~340
2011904	B	63	365,5.41,2.7,78.4,581,6.76,.68,7,2.7,0,.97,81,,0	1 cup prepared) / (~74|1 package~185
1852521	B	63	365,6.76,2.7,78.4,581,6.76,.68,7,2.7,0,.97,81,,0	1 cup prepared) / (~74|1 package~185
1852520	B	63	365,5.41,2.7,78.4,568,5.41,.68,7,2.7,0,.97,81,,0	1 cup prepared) / dry, (~74|1 package~185
2010834	B	16	360,7.02,1.75,80.7,7,1.75,0,0,7,0,2.84,0,,0,,,,,,0,.239	1 serving~57|1 package~227
2063315	B	16	357,25,1.79,62.5,0,1.79,0,0,12.5,0,8.04,36,,0	1 serving~56|1 package~227
2392173	B	68	181,6.61,4.41,29.5,247,1.32,1.98,0,3.5,0,2.64,33,311,,0	1 pouch~227
2665614	B	68	70,2,0,16,250,0,0,0,0,0,.3,0,50,,0	2 half inch slices~100|1 package~510
2367976	B	16	382,10.9,2.73,74.6,18,0,0,0,5.5,0,1.27,36,200,,0	1 serving~55|1 package~227
2665613	B	68	70,2,0,16,260,0,0,0,0,0,.2,0,30,,0	2 half inch slices~100|1 package~510
2677260	B	90	378,13.3,5.56,64.4,0,0,0,0,6.7,0,4.44,47,556,,0	1 serving~45|1 package~408
2447332	B	51	419,69.8,9.3,4.65,465,0,2.33,23,0,0,7.44,,535,7.4	1 packet~21.5
2375101	B	51	426,58.1,7.75,11.6,407,7.75,1.94,19,3.9,0,4.26	1 serving~25.8|1 package~387
1984951	B	13	414,27.6,22.4,37.9,517,12.1,5.17,0,19,0,2.48,103,,1	1 bar~58
1954599	B	13	418,30.9,21.8,36.4,382,12.7,6.36,0,16.4,0,1.64,127,,1.1	1 bar~55
2476313	B	153	574,36.2,42.6,10.6,319,2.13,14.9,223,4.3,0,4.21,149,766,19.1,21.3,17,10.6,,8.51,1,.723,.851,170,43,,12.8,4.79,2.13,1,,22,25.5	1 packet~47
2476399	B	25	562,35.4,41.7,10.4,312,2.08,14.6,333,4.2,0,4.12,146,771,18.8,20.8,16.7,10.4,,8.33,1,.708,.833,167,42,,12.5,4.69,2.08,1,,22,25	1 packet~48
2466574	B	153	574,36.2,42.6,10.6,319,2.13,14.9,223,4.3,0,3.83,128,,19.1,21.3,17,10.6,,8.51,1,.723,.851,170,34,,12.8,4.79,2.13,1,,22,25.5	1 heaping scoop~47|1 package~710
2540849	B	59	345,57.5,5.75,15.3,0,0,1.92,0,3.8,,35.6,138,0,,0	1 scoop~26.1|1 package~313
2542813	B	59	338,50.7,8.45,13.5,0,0,5.07,0,6.8,,33.1,125,270,,0	1 scoop~29.6|1 package~355
2542175	B	59	332,55.4,5.54,14.8,0,0,1.85,0,3.7,,34.3,133,0,,0	1 scoop~27.1|1 package~326
2626002	B	62	800,0,93.3,0,0,,60,233,,0,,,,,,23.3,3.33,480	1 tbsp~15|1 package~473
2388355	B	62	750,0,83.3,0,0,0,50,250,0,0,0,0,0,,0	1 tsp~6|1 package~473
2612981	B	62	750,0,83.3,0,0,0,50,250,0,0,0,0,0,,0	1 tsp~6|1 package~473
2393648	B	116	464,3.57,17.9,67.9,929,0,,,3.6,,2.14,36,250,,0	1 package28 g~28
2554430	B	116	433,3.33,20,66.7,767,0,1.67,0,3.3,,2,67,500,,0	14 crackers~30|1 package~113
2629322	B	4	500,3.33,23.3,66.7,200,16.7,13.3,0,3.3,0,1.2,0,,0,,,,0	2 cookies~30|1 package~198
2607757	B	16	357,8.93,1.79,78.6,0,0,0,0,1.8,0,0,0,179,,0	1 serving~56|1 package~227
2585243	B	16	370,10.7,1.79,75,0,5.36,0,0,5.4,0,3.86,107,,0,,,,0	1 serving~56|1 package~227
2653085	B	16	370,10.7,1.79,75,0,5.36,0,0,5.4,0,3.86,107,,0,,,,0	1 serving~56|1 package~227
2653084	B	16	370,10.7,1.79,75,0,5.36,0,0,5.4,0,3.86,107,,0,,,,0	1 serving~56|1 package~227
2653086	B	16	370,10.7,1.79,75,0,5.36,0,0,5.4,0,3.86,107,,0,,,,0	1 serving~56|1 package~227
2653083	B	16	375,8.93,1.79,82.1,0,0,0,0,5.4,0,1.79,7,138,,0	1 serving~56|1 package~227
2585241	B	16	370,10.7,1.79,75,0,5.36,0,0,5.4,0,3.86,107,,0,,,,0	1 serving~56|1 package~227
1868624	B	4	467,3.33,20,66.7,200,16.7,10,0,3.3,0,1.2,0,,0	2 cookies~30|1 package~198
100096619533312	O	71	378,13.3,6.67,66.7,0,2.22,0,0,6.67,0,4.22,44.4,563,0,0,,,,1.52,.36,.32,.49,184,197,457,0,3.1,.77,2.03,.59,12.8,,2.44,,,0	1 portion~45
2408024	B	90	378,0,6.67,71.1,0,13.3,0,0,4.4,0,3.33,124,556,,0	1 cup~45|1 package~454
2408022	B	90	400,13.3,6.67,66.7,0,6.67,1.11,0,6.7,0,3.33,42,540,,0,2.22,2.22	¼ cup~45|1 package~454
1865434	B	51	66,4.23,.23,11.7,357,0,0,0,2.3,0,.51,9,,0	1 cup~213|1 package~425
2482629	B	3	180,3,10,20,80,15,7,30,0,0,0,,,,1	2/3 cup~100|1 package~1420
2465999	B	39	62,3.33,1.04,10,75,10.4,.62,4,0,0,0,112,130,,.825	1 cup~240|1 package~1890
2535185	B	17	94,4.71,.88,17.1,65,15.3,.59,6,0,0,0,159,206,,2.35	1 serving~170
2482611	B	3	160,3,8,22,75,16,6,30,0,0,0,115,159,,1	2/3 cup~100|1 package~1420
2434871	B	10	33,0,0,8.33,6,8.33,,,,,,,4	8 fl oz~240|1 package~3780
2434870	B	25	33,0,0,8.33,6,8.33,,,,,,,4	8 fl oz~240|1 package~3780
1888611	B	3	225,4.23,12.7,23.9,77,19.7,7.04,49,0,0,0,141,,0	½ cup~71|1 package~1660
1888609	B	3	211,4.23,11.3,23.9,63,19.7,7.04,49,0,0,0,141,,0	½ cup~71|1 package~1660
1888614	B	3	296,4.23,16.9,33.8,70,28.2,7.04,49,0,0,0,141,,0	½ cup~71|1 package~1660
1888612	B	3	268,5.63,16.9,28.2,63,22.5,5.63,49,1.4,0,.51,141,,1.7	½ cup~71|1 package~1660
1888610	B	3	225,5.63,14.1,22.5,63,16.9,7.04,42,1.4,0,0,141,,0	½ cup~71|1 package~1660
1888613	B	3	197,4.23,11.3,23.9,63,21.1,7.04,42,0,0,0,113,,0	½ cup~71|1 package~1660
2434869	B	18	33,0,0,8.33,6,8.33,,,,,,,4	8 fl oz~240|1 package~3780
2668646	B	75	200,3.33,16.7,3.33,50,3.33,11.7,50,0,0,0,100,0,,0	2 tbsp~30|1 package~227
2482628	B	3	150,3,8,22,75,17,6,25,0,0,0,115,159,,1	2/3 cup~100|1 package~1420
2479436	B	39	42,3.33,1.04,5,46,5,.62,4,0,0,0,130,156,,1.25	1 cup~240|1 package~946
2454516	B	39	42,3.33,1.04,5,52,5,.62,4,0,,0,125,,1,1.05	1 cup~240|1 package~3780
2284931	B	39	42,3.33,1.04,5,52,5,.62,4,0,0,0,125,,1,1.05	1 cup~240|1 package~1890
2471901	B	39	42,3.33,1.04,5,88,5,.62,4,0,0,0,129,154,,.825	1 cup~240|1 package~946
2471905	B	39	75,2.92,1.88,11.7,44,11.2,1.25,8,0,0,0,112,130,,.825	1 cup~240|1 package~946
2471903	B	39	54,3.33,2.08,5,50,5,1.25,8,0,0,0,125,146,,1.25	1 cup~240|1 package~946
2117066	B	25	33,0,0,8.33,38,8.33,,,,,,,,25	8 fl oz~240|1 package~3780
2117060	B	39	46,3.33,1.04,5,79,5,.62,6,0,0,0,125,,1	1 cup~240|1 package~1890
2466199	B	39	62,3.33,1.04,10,75,10.4,.62,4,0,0,,112,130,,.825	1 cup~240|1 package~3780
2466198	B	39	62,3.33,1.04,10,75,10.4,.62,4,0,0,0,112,130,,.825	1 cup~240
2117063	B	2	80,12.4,1.77,3.54,336,3.54,1.33,4,0,0,0,71,,0	½ cup~113|1 package~907
2471906	B	39	33,3.33,0,5,44,5,0,2,0,0,0,127,162,,1.25	1 cup~240
2471904	B	75	129,3.33,10.8,5,62,4.17,7.08,38,0,.42,0,112,138,,1.25	1 cup~240|1 package~946
2471902	B	75	333,0,33.3,6.67,67,6.67,23.3,100,0,0,0,67,93,,0	1 tbsp~15|1 package~946
2117061	B	39	108,4.17,2.08,17.5,83,16.7,1.25,21,0,0,0,167,,1	½ cup~120|1 package~1890
1937977	B	25	27,0,0,6.67,38,6.25,,,,,,,,25	8 fl oz~240|1 package~3780
2117065	B	25	27,0,0,6.67,38,6.25,,,,,,,,25	8 fl oz~240|1 package~3780
2117062	B	39	150,4.17,7.5,17.5,71,16.7,4.17,50,0,0,0,125,,1	½ cup~120|1 package~946
2117057	B	39	50,3.33,2.08,5,50,5,1.25,8,0,0,0,125,,1,1.05	1 cup~240|1 package~1890
2482630	B	3	170,5,10,20,85,14,5,25,1,0,1,116,,,1	2/3 cup~100|1 package~1420
2117064	B	75	193,3.33,20,3.33,37,3.33,10,63,0,0,0,67,,0	2 tbsp~30|1 package~454
2117053	B	25	36,0,0,9.17,38,8.33,,,,,,,,25	8 fl oz~240|1 package~3780
2471900	B	39	62,3.33,3.33,5,46,5,1.88,10,0,0,0,118,138,,1.05	1 cup~240|1 package~946
2535183	B	17	94,4.71,.88,17.1,65,15.3,.59,6,.1,0,0,159,212,,2.35	1 serving~170
2552800	B	17	47,4.12,0,7.65,59,5.29,0,3,1.8,0,0,88,124,,1.18	1 serving~170
2552804	B	17	49,3.98,0,7.96,58,5.31,0,2,1.3,0,0,124,195,,2.65	1 serving~226|1 package~678
2092956	B	15	214,3.57,17.9,7.14,464,3.57,10.7,71,0,0,0,143,,0	2 tbsp~28|1 package~226
2486435	B	17	127,8,4.67,14,43,12,2.67,20,.2,0,0,180,120,,2.67	1 serving~150
1915638	B	39	108,4.17,1.67,20,75,18.3,.83,29,0,0,0,167,,0	½ cup~120|1 package~946
2092950	B	39	33,3.33,0,5,50,4.58,0,2,0,0,0,125,171,.5,1.05	1 cup~240|1 package~946
1915629	B	39	38,3.33,0,5.42,92,4.58,0,2,.4,0,.3,125,204,.5,1.05	1 cup~240|1 package~1890
2544972	B	53	25,0,0,6.94,0,6.94,0,0,0,0,0,0,,0	1 serving~360
2430159	B	53	0,0,0,0,0,0,0,0,0,0,0,0,0,,0	1 cup~240|1 package~1890
1915630	B	39	54,3.33,0,9.58,52,9.17,0,2,0,0,0,125,,0,1.05	1 cup~240
1915631	B	10	51,.28,0,12.4,0,11.9,,,,0,,,178,25.4,,,,,,0,,,,7,8,,,,,.017	1 serving~354
2092951	B	18	50,0,0,11.7,8,11.2,0,0,0,0,0,0,,3.8	1 cup~240|1 package~1890
1603207	B	75	133,3.33,8.33,10,117,6.67,5,33,0,0,0,200,,0	2 tbsp~30
2092935	B	39	42,3.33,1.04,5,50,4.58,.62,4,0,0,0,125,154,.5,1.05	1 cup~240|1 package~1890
1664792	B	17	94,4.71,.88,17.1,65,15.3,.59,6,0,0,0,147,206,.7,1.18	1 serving~170
2187982	B	15	179,3.57,17.9,7.14,536,3.57,10.7,71,0,0,0,143,,8.6	2 tbsp~28|1 package~226
1885365	B	15	179,3.57,17.9,7.14,232,3.57,10.7,71,0,0,0,143,,0	2 tbsp~28|1 package~226
2502943	B	15	214,3.57,17.9,7.14,464,7.14,10.7,71,0,0,0,143,179,,0	2 tbsp~28|1 package~226
2552799	B	17	47,4.12,0,7.65,59,5.29,0,3,1.8,0,0,88,124,,1.18	1 serving~170
2552797	B	17	71,5.88,.88,8.82,88,8.24,.59,6,0,0,0,147,206,,.875	1 serving~170
2437851	B	18	29,0,0,7.5,15,7.5,0,0,0,,.3,0,,3.8	1 cup~240|1 package~1890
2092958	B	75	200,3.33,20,6.67,100,3.33,11.7,67,0,0,0,133,,0	2 tbsp~30|1 package~454
1915648	B	15	214,3.57,17.9,7.14,429,3.57,10.7,71,0,0,0,143,,0	2 tbsp~28|1 package~226
1951758	B	53	25,0,0,7.08,0,7.08,0,0,0,0,0,0,0,,0	1 cup~240|1 package~1890
2092959	B	15	214,3.57,17.9,7.14,500,3.57,10.7,71,0,0,0,143,,0	2 tbsp~28|1 package~226
2552805	B	17	0,3.98,0,7.52,58,5.31,0,2,1.3,0,0,124,190,,2.65	1 serving~226|1 package~678
2462140	B	39	46,3.75,1.04,5.42,104,5,.62,4,0,0,0,133,162,,.825	1 cup~240|1 package~946
2462156	B	39	42,3.33,1.04,5,44,5,.62,4,0,0,,,154,,1.68	1 cup~240|1 package~3780
2092940	B	39	75,3.33,2.08,10.8,88,10,1.25,8,.4,0,.3,125,171,.5,1.05	1 cup~240|1 package~3780
2462155	B	39	50,3.33,2.08,5,48,5,1.25,8,0,0,0,121,142,,1.68	1 cup~240|1 package~3780
2382740	B	2	98,10.7,4.02,2.68,411,2.68,2.68,18,0,0,0,80,107,,0	½ cup~112|1 package~680
2488954	B	17	127,8,4.67,14,43,12,2.67,20,0,0,0,181,115,,2.67	1 serving~150
2486219	B	17	127,8,4.67,14,43,12,2.67,20,0,0,0,180,120,,2.67	1 serving~150
2488955	B	17	127,8,4.67,14,43,12,2.67,20,0,0,0,181,125,,2.67	1 serving~150
2255968	B	17	94,4.71,.88,17.1,65,15.3,.59,6,0,0,0,159,212	1 serving~170
2462135	B	17	94,4.71,.88,17.1,65,15.3,.59,6,0,0,0,159,212,,2.35	1 serving~170
2186968	B	17	100,8.24,1.76,13.5,41,11.2,.88,9,0,0,0,88,118,0,1.18	1 container~170
2462134	B	17	94,4.71,.88,17.1,68,15.3,.59,6,0,0,2.35,159,212,,2.35	1 serving~170
2462145	B	39	56,3.39,0,10.2,90,9.32,0,3,.6,0,.56,123,173,,.85	1 serving~354
2462157	B	39	88,3.33,3.33,11.2,100,10.8,2.08,12,.4,0,.42,112,171,,.825	1 cup~240|1 package~1890
1915636	B	39	200,4.17,10,24.2,67,23.3,5.83,58,0,0,0,133,208,,0,,,,,,,,,,100	½ cup~120|1 package~946
2485692	B	25	142,3.33,6.67,17.5,79,17.5,3.75,42,0,0,0,117,158,,.825	½ cup~120|1 package~946
2092937	B	18	50,0,0,11.7,8,11.2,0,0,0,0,0,0,18,,0	1 cup~240|1 package~1890
2488912	B	17	127,8,4.67,13.3,43,12,2.67,20,0,0,0,182,116,,2.67	1 serving~150
2477706	B	17	127,8,4.67,13.3,47,12,3,20,0,0,0,181,115,,2.67	1 serving~150
2535186	B	17	127,8,4.67,14,43,12,2.67,20,0,0,0,181,115,,2.67	1 serving~150
2092953	B	2	80,10.7,2.23,4.46,348,3.57,1.34,9,0,0,0,89,,0	½ cup~112|1 package~340
2462147	B	39	79,3.33,2.08,11.7,92,10.8,1.25,8,.8,0,.83,117,196,,.825	1 cup~240|1 package~946
2420505	B	39	200,4.17,10,24.2,67,23.3,5.83,58,0,0,0,133,208,,0,,,,,,,,,,100	½ cup~120|1 package~354
2444792	B	2	80,12.5,0,5.36,411,4.46,0,4,0,0,0,98,152,,0	½ cup~112|1 package~680
2462152	B	39	33,3.33,0,5,44,5,0,2,0,0,0,125,158,,1.68	1 cup~240|1 package~3780
1915639	B	39	54,3.33,0,10,83,9.17,0,2,.4,0,.3,125,179,.5,1.05	1 cup~240|1 package~3780
512499	B	15	214,3.57,17.9,7.14,607,3.57,10.7,71,0,0,0,143,,0	2 tbsp~28
2382732	B	2	107,10.7,4.02,3.57,420,2.68,2.68,18,.2,0,0,89,152,,0	½ cup~112|1 package~680
2382395	B	75	133,3.33,10,3.33,50,3.33,6.67,50,0,0,0,100,133,,0	2 tbsp~30|1 package~946
2485691	B	39	142,3.33,6.67,18.3,71,17.5,3.75,42,0,0,0,117,142,,.825	½ cup~120|1 package~946
2382707	B	75	400,0,40,0,0,0,26.7,167,0,0,0,67,67,,0	1 tbsp~15|1 package~236
2186967	B	17	94,8.24,1.76,12.9,88,10.6,.88,9,0,0,0,88,118,0,1.18	1 container~170
2462132	B	17	94,4.71,.88,17.1,94,15.3,.59,6,0,0,0,153,206,,2.35	1 serving~170
2552803	B	17	47,4.12,0,7.06,59,5.29,0,3,1.2,0,0,88,124,,1.18	1 serving~170
2143178	B	2	98,10.7,4.02,2.68,411,2.68,2.68,18,0,0,0,71,,0	½ cup~112|1 package~340
2462131	B	17	94,4.71,.88,17.1,88,15.3,.59,6,0,0,0,159,212,,2.35	1 serving~170
2552801	B	17	47,4.12,0,7.65,59,5.29,0,3,1.2,0,0,88,124,,1.18	1 serving~170
1915640	B	39	117,4.17,5,14.2,54,14.2,2.92,29,0,0,0,133,183,,0	½ cup~120|1 package~1890
2444790	B	2	98,10.7,4.02,2.68,411,2.68,2.68,18,0,0,0,80,107,,0	½ cup~112|1 package~340
2072114	B	2	98,10.7,4.02,2.68,411,2.68,2.68,18,0,0,0,71,,0	½ cup~112|1 package~680
2382731	B	10	8,.42,0,12.1,0,8.75,0,0,.4,0,0,0,146,22.5,0,,,,,,,,17	1 cup~240|1 package~3780
2552802	B	17	47,4.12,0,7.65,59,5.29,0,3,1.8,0,0,88,0,,1.18	1 serving~170
2092960	B	15	214,3.57,17.9,7.14,446,3.57,10.7,71,0,0,0,143,,8.6	2 tbsp~28|1 package~454
2462129	B	17	94,4.71,.88,17.1,65,15.3,.59,6,0,0,0,153,212,,2.35	1 serving~170
2462130	B	17	71,6.19,1.11,9.29,84,7.96,.66,7,0,0,0,204,279,,1.77	1 serving~226|1 package~678
2444789	B	2	107,10.7,4.02,4.46,411,2.68,2.68,18,0,0,0,89,134,,0	½ cup~112|1 package~680
2462105	B	17	127,8,4.67,14,43,12,2.67,20,.2,0,0,180,113,,2.67	1 serving~150
2462141	B	17	127,8,4.67,14,47,12,2.67,20,0,0,0,181,115,,2.67	1 serving~150
2187981	B	17	47,4.12,0,7.65,59,5.29,0,3,1.8,0,0,118,188,.7,1.18	1 serving~170
2079685	B	39	75,3.33,2.08,10.8,88,10,1.25,8,.4,0,.3,125,171,.5,1.05	1 cup~240|1 package~1890
2462144	B	39	51,3.39,1.98,5.08,48,5.08,1.27,8,0,0,0,121,144,,1.7	1 serving~354
2092946	B	39	76,3.39,2.26,11,90,9.89,1.41,8,.3,0,.31,127,,.7,1.12	1 serving~354
2092947	B	39	75,3.33,2.08,10.8,88,10,1.25,8,.4,0,.3,125,,.5	1 cup~240|1 package~946
2063017	B	39	79,2.92,2.08,11.7,167,10.4,1.25,8,0,0,0,104,,.5,1.05	1 cup~240|1 package~946
2187979	B	17	100,8.24,1.76,13.5,38,11.2,.88,9,0,0,0,88,118,0,1.18	1 serving~170
2434841	B	75	200,3.33,20,6.67,67,3.33,11.7,67,0,0,0,117,157,,0	2 tbsp~30|1 package~454
473742	B	15	214,3.57,17.9,7.14,607,3.57,10.7,71,0,0,0,143,,0	2 tbsp~28
2669412	B	17	94,4.71,.88,17.1,65,15.3,.59,6,0,0,0,159,218,,2	1 serving~170
2462128	B	17	93,4.87,.88,17.3,66,15.5,.66,4,.1,0,0,155,212,,2.2	1 serving~226|1 package~678
2535184	B	17	94,4.71,.88,17.1,65,15.3,.59,6,0,0,0,159,218,,2.35	1 serving~170
2462142	B	17	127,8,4.67,14.7,43,12.7,2.67,20,0,0,0,182,120,,2.67	1 serving~150
2680460	B	17	127,8,4.67,13.3,43,12,2.67,20,0,0,0,182,116,,3	1 serving~150
2477707	B	17	107,9.33,5.33,6,50,4.67,3.33,23,0,0,0,213,135,,2.67	1 serving~150
2462125	B	17	93,4.87,.88,17.3,66,15.5,.66,4,0,0,0,155,212,,2.2	1 serving~226|1 package~678
1998894	B	17	127,8,4.67,14,43,12,2.67,20,.2,0,0,180,120	1 serving~150
2187980	B	17	47,4.12,0,7.06,59,5.29,0,3,1.8,0,0,118,188,0,1.18	1 serving~170
2486620	B	39	88,3.33,3.33,11.2,100,10.8,2.08,12,.4,0,.42,112,171,,.825	1 cup~240|1 package~946
2462158	B	39	62,3.33,3.33,5,44,5,1.88,10,0,0,0	1 cup~240|1 package~1890
2384395	B	43	353,17.6,0,70.6,206,23.5,0,0,17.6,0,29.4,294,1690,,0	¼ cup dry mix /~17|1 package~113
2385499	B	43	333,19,2.38,66.7,71,19,0,0,19,0,19,457,1310,,0	2 tbsp dry mix /~21|1 package~198
2141686	B	60	333,0,0,83.3,0,81.7	¼ cup~60|1 package~355