493530	B	22	275,2.5,0,62.5,0,52.5,0,0,5,0,.9,50,1080,0	¼ cup~40
2543048	B	0	571,25,46.4,17.9,607,7.14,5.36,0,7.1,0,2.14,71,679,,0	¼ cup~28|1 package~454
2288632	B	4	429,2.86,14.3,65.7,243,34.3,8.57,0,2.9,0,2.06,57,,0	3 cookies~35|1 package~369
2474054	B	16	382,12.7,1.82,76.4,0,3.64,0,0,3.6,0,3.45,31,236,,0,,,,10.9,1,.545,,169	½ cup~55|1 package~454
2098985	B	16	375,10.7,1.79,76.8,0,3.57,0,0,3.6,0,3.21,0,,0,,,,,5.36,1,.455,,214	¼ cup~56|1 package~454
1934170	B	16	357,12.5,1.79,73.2,0,3.57,0,0,3.6,0,3.21,0,,0,,0,.89,,7.14,1,.455,,214	½ cup~56|1 package~907
2044563	B	0	536,14.3,35.7,46.4,536,25,5.36,0,3.6,0,3.86,143,,0	1 serving~28|1 package~78
2481892	B	81	367,10,0,76.7,0,3.33,0,0,3.3,0,4.67,33,133,,0,,,,4.33,1,.333,,170	¼ cup~30|1 package~907
2100597	B	61	357,7.14,2.38,76.2,0,0,0,0,2.4,0,1.71,0,,0	¼ cup~42|1 package~907
2466626	B	61	373,7.84,0,82.4,10,0,0,0,0,0,2.94,0,20,,0,,,,3.53,0,,,159	½ cup~51|1 package~397
2474903	B	61	362,8.51,0,78.7,0,0,0,0,0,0,2.98,106,149,,0,,,,4.04,0,,,160	¼ cup~47|1 package~2270
2464812	B	61	356,6.67,0,80,0,0,0,0,0,0,2.89,0,89,,0,,,,3.56,0,,,160	¼ cup dry~45|1 package~2270
2550573	B	16	357,12.5,1.79,73.2,0,1.79,0,0,7.1,0,2.5,0,250,,0	.12 package~56|1 package~454
2063593	B	16	375,10.7,1.79,76.8,0,3.57,0,0,3.6,0,3.21,0,,0,,,,,5.36,1,.455,,214	¾ cup~56|1 package~340
2385600	B	16	375,14.3,1.79,73.2,0,7.14,0,0,3.6,0,2.68,18,196,,0	1 serving~56|1 package~907
2384958	B	16	375,14.3,1.79,73.2,0,7.14,0,0,3.6,0,2.68,18,196,,0	1 serving~56|1 package~454
2385158	B	16	375,14.3,1.79,73.2,0,7.14,0,0,3.6,0,2.68,18,196,,0	.12 package~56|1 package~454
2474051	B	16	382,12.7,1.82,76.4,0,3.64,0,0,3.6,0,3.45,31,236,,0,,,,10.9,1,.545,,169	½ cup~55|1 package~454
2550572	B	16	357,12.5,1.79,73.2,0,1.79,0,0,7.1,0,2.5,0,250,,0	.12 package~56|1 package~454
2550574	B	91	375,12.5,3.57,73.2,18,1.79,.89,71,3.6,0,2.5,0,250,,0	.17 package~56|1 package~340
2389809	B	91	375,14.3,1.79,75,36,3.57,0,0,5.4,0,3.57,36,232,,0	1 serving~56|1 package~340
2482910	B	81	333,10,0,73.3,1330,0,0,0,3.3,0,5,200,133,,0,,,,5.67,1,.333,,150	¼ cup~30|1 package~2270
2680324	B	6	269,7.69,3.85,50,538,7.69,0,0,0,0,2.69,0,0,,0,0,0,,.769,0,.231,,115	1 slice~26|1 package~67
2017346	B	29	467,6.67,20,66.7,1000,6.67,0,0,6.7,0,2.4,0,,0	3 crackers~15|1 package~170
2017336	B	29	467,6.67,20,66.7,900,6.67,0,0,6.7,0,2.4,0,,0	3 crackers~15|1 package~150
2630362	B	39	133,6.67,6.67,10,117,10,5,33,0,0,0,267,333,,3,,,67	2 tbsp~30|1 package~354
2549613	B	11	500,0,0,0,8000,0,0,0,0,0,0,0,0,,0	1/3 tsp~1|1 package~71
1948732	B	0	452,6.45,22.6,54.8,1130,0,3.23,0,9.7,0,2.32,0,,0,,11.3,4.84	2 tbsp~31|1 package~816
1659921	B	37	15,1.67,0,2.08,196,.83,0,0,.8,0,2.5,18,147,,0	1 can, drained~240
2391950	B	70	500,0,50,50,0,0,0,0,0,0,0,0,900,,0,0,0	1 tsp~2|1 package~454
2385180	B	41	800,0,93.3,0,0	1 tbsp~15|1 package~250
1922261	B	91	393,14.3,5.36,71.4,27,3.57,1.79,116,3.6,0,3.21,36,,0,,.89,1.79,,7.14,1,.455,,179	1½ cup~56|1 package~340
2438065	B	70	500,0,0,100,0,0,0,0,0,0,0,0,800,,0,0,0	1 tsp~2|1 package~283
1903853	B	21	165,5.88,9.41,14.1,518,1.18,4.71,18,1.2,0,.42,94,,0	1 serving~85|1 package~1080
1929080	B	13	350,5,10,75,225,25,3.75,0,22.5,0,.9,250,212,15,,3.75,1.25	1 bar~40|1 package~200
1903840	B	21	82,4.71,1.18,10.6,188,1.18,0,12,1.2,0,.42,0,,10.6	1 serving~85|1 package~1080
1851242	B	4	406,6.25,10.9,68.8,406,37.5,0,0,3.1,0,2.19,0,0,,0	2 cookies~32|1 package~595
2612658	B	36	118,5.88,4.71,14.1,776,4.71,1.18,18,0,0,0,176,47,,0	1 serving~85|1 package~227
2382138	B	15	200,3.33,16.7,6.67,933,6.67,11.7,67,0,0,0,167,167,,0	2 tbsp~30|1 package~454
2424287	B	37	17,.83,0,3.33,242,1.67,0,0,1.7,0,.33,25,83,,0	½ cup~120|1 package~411
2109910	B	30	467,0,30,60,1130,33.3,26.7,0,0,0,0,0,0,,0	1 single~15|1 package~180
2328306	B	70	500,0,20.8,75,42,58.3,8.33,0,0,0,0,0,425,,0,8.33,0	4 tsp~12|1 package~425
2340262	B	70	600,0,50,40,400,0,30,0,0,0,0,0,0,,0	1 tbsp~5|1 package~28
2652599	B	70	133,0,10,6.67,300,6.67,3.33,0,0,0,0,0,0,,0	1 tbsp~15|1 package~475
2054596	B	70	233,0,10,40,0,40,0,0,,0,,,,,,6.67,0	1 tbsp~15|1 package~946
2468206	B	46	375,3.85,10.6,69.2,240,36.5,4.81,0,1,0,4.81,29,286,,0,3.85,.96,,1.92,0,.481,.481,66	2 pastries~104|1 package~312
2465049	B	46	385,2.88,9.62,71.2,240,39.4,4.81,0,1,0,4.81,40,315,,0,3.85,.96,,1.92,0,.481,.481,68	2 pastries~104|1 package~312
2465066	B	46	375,2.88,8.65,71.2,250,38.5,4.33,0,1,0,4.81,29,304,,0,2.88,.96,,1.92,0,.481,.481,66	2 pastries~104|1 package~312
2009627	B	14	387,3.23,0,90.3,645,41.9,0,0,3.2,0,14.5,0,97,48.4,3.23,,,,32.3,2,2.74,3.23,,,,4.84	¾ cup~31|1 package~425
2655924	B	14	390,4.88,0,90.2,463,36.6,0,0,0,0,13.2,0,73,,0,0,0,,4.88,3,,.488,59,,,,3.66,1.22	1¼ cup~41|1 package~425
2534196	B	14	390,4.88,0,90.2,463,36.6,0,0,0,0,13.2,0,73,,0,,,,4.88,3,,.488,59,,,,3.66,1.22	1¼ cup~41|1 package~382
2632319	B	46	354,3.12,9.38,61.5,344,34.4,4.69,0,1,0,6.25,21,188,,0	2 pastries~96|1 package~288
2472900	B	46	385,3.85,9.62,71.2,144,39.4,4.33,0,1.9,0,5.77,23,256,,0,3.37,.96,,1.92,0,.481,.481,66	2 pastries~104|1 package~312
2469602	B	14	367,8.33,1.67,86.7,17,20,0,0,10,0,13.8,0,317,0,0,0,1.67,,9.17,1,,.833,55,75,267,1.67,2.83,,,.167	1 cup~60|1 package~510
2474634	B	46	375,2.88,8.65,71.2,240,38.5,4.33,0,1,0,4.81,29,285,,0,2.88,.96,,1.92,0,.481,.481,66	2 pastries~104|1 package~830
2465063	B	46	375,2.88,8.65,71.2,240,38.5,4.33,0,1,0,4.81,29,285,,0,3.37,.96,,1.92,0,.481,.481,66	2 pastries~104|1 package~312
2538664	B	0	429,7.14,17.9,60.7,89,46.4,8.93,0,3.6,0,1.43,36,571,,0	1 serving~28|1 package~680
2420654	B	0	429,7.14,17.9,60.7,89,46.4,8.93,0,3.6,0,1.43,36,571,,0	1 serving~28|1 package~284
2092864	B	44	78,0,0,19.5,8,14.1,0,0,.8,0,0,0,86,.9	½ cup~128|1 package~850
2146053	B	44	64,0,0,15.7,14,11.4,0,0,.7,0,.14,9,45,,0	½ cup~140|1 package~425
1921214	B	1	333,3.33,0,80,50,53.3	2/3 cup~30|1 package~283
2438214	B	10	46,0,0,11.7,12,11.7,,,,,,,100	8 fl oz~240|1 package~473
1902690	B	10	46,.83,0,11.2,6,8.75,0,0,0,0,0,8,196,30	8 fl oz~240|1 package~1745
2101323	B	25	20,0,0,5,18,5,0,0,0,0,0,0,,30	1 box~200
2173808	B	10	14,0,0,3.93,0,3.37,0,0,0,0,.06,6,0,,0	1 pack~178|1 package~1424
2633617	B	14	389,2.78,2.78,88.9,639,41.7,0,0,0,0,5,0,56,,3,,,750,22.2,1,1.89,1.94,333,,0,15,6.25	1 cup~36|1 package~552
2464699	B	14	375,5,0,87.5,250,47.5,0,0,2.5,0,11.2,250,75,37.5,0,,,,12.5,1,1,1.25,510,,,3.75,9.5	1¼ cup~40|1 package~346
2102169	B	3	143,1.95,3.25,29.2,117,26,1.95,10,0,0,1.3,66,381,,0	2 bars~154|1 package~887
2142568	B	4	478,4.35,21.7,69.6,326,34.8,15.2,0,0,0,3.04,0,0,,0	1 cookie~23|1 package~369
2415881	B	4	448,3.45,17.2,69,172,48.3,12.1,0,3.4,0,3.1,0,0,,0	1 cookie~29|1 package~255
2311300	B	4	469,3.12,18.8,71.9,375,34.4,14.1,0,3.1,0,3.12,0,0,,0	4 cookies~32|1 package~255
2008480	B	4	538,7.69,30.8,57.7,346,30.8,15.4,0,3.8,0,3.08,0,0,,0	2 cookies~26|1 package~198
2280886	B	4	486,5.71,22.9,71.4,343,31.4,14.3,0,2.9,0,2.86,0,0,,0	3 cookies~35|1 package~369
2151385	B	3	167,2.56,4.49,28.2,90,26.9,3.21,19,0,0,0,103,192,,0	2/3 cup~78|1 package~1650
2048147	B	1	519,3.7,25.9,66.7,74,51.8,18.5,0,3.7,0,1.33,0,,0,,7.41,0	3 wafers~27|1 package~241
2024218	B	89	83,3.75,6.25,2.5,325,1.25,2.5,17,0,.21,.75,25,,.5	1 cup~240|1 package~411
2031848	B	45	103,5.56,1.59,15.9,278,.79,0,0,4.8,0,1.43,32,,1	½ cup~126|1 package~425
1968358	B	29	467,10,15,70,700,0,0,0,3.3,0,4.67,0,0,,0,10,3.33	12 crackers~30|1 package~141
740566	B	85	298,7.02,10.5,43.9,526,3.51,1.75,0,1.8,0,2.98,18,105,,0	.12 loaf~57
679772	B	85	300,8,9,46,580,6,2,0,2,0,1.4,20,120,,0	1 stick~50
2549687	B	11	0,0,0,0,35400,0,0,0,0,0,0,0,0,,0	¼ tsp~1.3|1 package~149
2591222	B	21	153,8.67,2.04,24.5,245,4.59,.26,23,.5,0,.51,9,129,,0	1 cup~196|1 package~624
1849988	B	14	407,7.41,0,88.9,241,55.6,0,0,0,0,6.67,0,167,22.2,3.7,0,0,,18.5,1,1.57,1.85,,59,148,5.56,5.56,,,.148	¾ cup~27|1 package~626
2141879	B	29	500,6.25,25,62.5,656,6.25,3.12,0,0,0,3.12,0,0,,0	5 crackers~16|1 package~292
2025049	B	116	500,6.25,25,62.5,656,6.25,6.25,0,0,0,2.25,0,62,0,,6.25,12.5	5 crackers~16|1 package~320
1929082	B	13	452,9.52,16.7,69,357,28.6,1.19,0,4.8,0,1.71,0,,0	2 bars~42|1 package~252
2270031	B	73	375,0,0,100,0,100	2 tsp~8|1 package~1810
2021763	B	42	250,0,0,65,25,50,0,0,0,0,0,0,,0	1 tbsp~20|1 package~510
2138589	B	42	250,0,0,65,25,45	1 tbsp~20|1 package~510
1900279	B	49	434,11.3,22.6,50.9,236,30.2,3.77,0,3.8,0,2.04,38,,0	3 tbsp~53|1 package~510
1965648	B	18	44,0,0,11.4,7,11.4	1 can~360|1 package~4260
2096769	B	3	73,0,0,18.8,3,18.2,0,0,0,0,0,0,0,17.6,0	3 pops~165|1 package~1030
2395427	B	2	400,40,30,0,2000,0,20,100,0,0,0,1000,200,,0	2 tsp~5|1 package~227
2395421	B	2	400,40,30,0,2000,0,20,100,0,0,0,1200,200,,0	2 tsp~5|1 package~227
2384244	B	67	229,20,1.43,60,29,2.86,0,0,34.3,0,5.14,57,1090,,0	¼ cup~35|1 package~907
2120307	B	1	309,4.41,0,75,88,61.7,0,0,0,0,0,9,49,397,0	1 pouch~22.7|1 package~136
2013970	B	65	0,0,0,0,0	1 tea bag~2|1 package~40
2421134	B	75	133,3.33,11.7,3.33,50,3.33,6.67,50,0,0,0,100,167,,0	2 tbsp~30|1 package~946
2523948	B	6	282,7.69,2.56,51.3,462,5.13,0,0,2.6,0,2.82,90,77,,0,0,0,,4.1,1,.256,,108	1 bun~39|1 package~312
2161159	B	7	0,0,0,3.57,821,,,,,,,71	1 serving~28|1 package~473
2021764	B	49	516,3.23,29,64.5,32,61.3,12.9,0,3.2,0,.58,32,,0	2 tbsp~31|1 package~368
2553585	B	70	469,0,31.2,62.5,0,0,31.2,0,0,0,0,0,625,,0	1 pack~3.2|1 package~38.4
2340263	B	70	500,0,16.7,75,42,58.3,8.33,0,0,0,0,0,0,,0,8.33,0	4 tsp~12|1 package~425
2663554	B	70	133,0,10,6.67,300,6.67,3.33,0,0,0,0,0,0,,0	1 tbsp~15|1 package~475
2173532	B	49	514,5.41,29.7,62.2,54,59.5,10.8,0,2.7,0,3.51,108,405,,0,13.5,4.05	2 tbsp~37|1 package~369
2082114	B	11	67,0,0,13.3,2270,6.67,0,0,0,0,0,0,,8	1 tbsp~15|1 package~362
2100106	B	76	164,11.8,9.09,10,445,3.64,2.27,55,.9,0,.98,91,,0	1 can~110
2068353	B	23	429,42.9,28.6,0,2290,0,14.3,71,0,0,0,0,,0	1 tbsp~7|1 package~71
2042656	B	4	500,8.33,27.8,55.6,361,33.3,9.72,14,2.8,0,2,0,,0	1 cookie~36|1 package~284
2163225	B	45	123,5.38,.77,23.1,308,7.69,0,0,4.6,0,1.54,62,269,,0	½ cup~130|1 package~794
2042655	B	4	444,5.56,19.4,66.7,333,36.1,9.72,14,2.8,0,4,0,,0	1 cookie~36|1 package~284
2382172	B	137	259,14.1,20,7.06,671,1.18,7.06,76,1.2,0,1.41,35,329,,0	6 meatballs~85|1 package~340
1903856	B	21	94,7.06,2.94,9.41,447,1.18,1.18,29,1.2,0,.85,0,,4.2	1 serving~85|1 package~907
2101675	B	3	195,2.3,10.3,23,69,23,6.9,40,0,0,0,92,195,,0	2/3 cup~87|1 package~1650
2523670	B	14	385,7.69,3.85,84.6,359,18,0,0,5.1,0,13.8,26,179,,0,1.28,0,,5.13,2,,.513,46,,,,5.77,1.28	1 cup~39|1 package~652
2464382	B	14	400,7.5,1.25,85,250,20,0,0,5,0,17.5,18,212,45,0,,,,30,3,2,2.5,207,60,250,3.75,2.5,0,,.25	1 cup~40|1 package~794
2015045	B	4	419,6.45,9.68,77.4,435,25.8,1.61,0,3.2,0,2.9,0,0,,0,1.61,4.84	2 full~31|1 package~408
2082113	B	19	233,0,11.7,33.3,600,23.3,1.67,0,,,1.2	2 tbsp~30|1 package~473
2256301	B	0	500,10.7,25,60.7,607,17.9,3.57,0,3.6,0,1.79,71,214,,0	1 serving~28|1 package~227
2480829	B	14	390,7.32,4.88,80.5,683,29.3,0,0,4.9,0,13.2,390,244,,0,1.22,1.22,,4.88,2,,.488,59,,,,7.32,1.83	1¼ cup~41|1 package~347
2469732	B	14	375,7.5,1.25,85,575,32.5,0,0,7.5,0,11.2,250,500,25,1,0,1.25,,12.5,0,1.25,1.5,345,75,275,3,9.5	1 cup~40|1 package~354
2049267	B	0	500,14.3,32.1,50,125,39.3,3.57,0,3.6,0,2.57,71,,0	1 serving~28|1 package~142
2151708	B	12	536,7.14,32.1,53.6,1290,10.7,5.36,0,0,0,3.57,179,71,,0	1 serving~28|1 package~85
2538666	B	0	536,10.7,32.1,42.9,214,35.7,5.36,0,3.6,0,3.93,36,429,,0	¼ cup~28|1 package~57
2096572	B	7	107,0,0,21.4,411,21.4,,,,,,,89	1 serving~28|1 package~710
2504137	B	11	333,11.1,11.1,66.7,3780,11.1,0,0,22.2,0,0,222,1560,,0	3 2/3 tbsp~9|1 package~35
1881549	B	30	400,6.67,13.3,73.3,1330,40,13.3,0,6.7,0,2.4,0,,0,,0,0	1 single serve cup~15|1 package~45
1878335	B	30	400,6.67,13.3,73.3,1330,40,13.3,0,6.7,0,2.4,0,,0,,0,0	1 serving~15|1 package~45
1876834	B	30	400,6.67,13.3,73.3,1330,40,13.3,0,6.7,0,2.4,0,,0,,0,0	1 single serve cup~15|1 package~45
2489281	B	6	279,9.3,3.49,53.5,442,4.65,0,0,2.3,0,3.02,135,100,,1.18,0,2.33,,3.49,0,.233,,116	1 bun~43|1 package~340
2381758	B	12	571,3.57,35.7,57.1,893,0,5.36,0,0,0,2.5,0,0,,0,8.93,21.4	1 serving~28|1 package~141
2099632	B	3	298,4.26,19.2,29.8,106,25.5,14.9,32,0,0,0,128,,0	1 bar~47|1 package~887
2101749	B	3	271,3.39,8.47,42.4,229,25.4,5.93,34,0,0,0,102,,0	1 sandwich~59|1 package~1140
1906619	B	3	254,3.39,8.47,42.4,220,25.4,5.08,25,0,0,0,102,,0	1 sandwich~59|1 package~1240
1920233	B	3	203,3.12,9.38,23.4,102,23.4,6.25,39,0,0,0,125,,0	½ cup~64|1 package~3780
1921028	B	3	188,3.12,9.38,23.4,78,23.4,6.25,39,0,0,0,125,,0	½ cup~64|1 package~3780
1888283	B	3	215,3.08,10.8,29.2,108,26.2,4.62,31,0,0,0,92,,0	½ cup~65|1 package~1650
1920944	B	3	203,3.12,10.9,23.4,70,23.4,6.25,39,0,0,0,125,,0	½ cup~64|1 package~3780
1920254	B	3	73,0,0,18.2,0,18.2,0,0,0,0,0,0,,65.5	1 pop~55|1 package~1240
2144874	B	4	500,3.33,23.3,66.7,233,30,15,0,0,0,3.33,0,0,,0	2 cookies~30|1 package~241
2419612	B	4	440,4,16,72,240,32,8,0,4,0,2,40,120,,0	2 cookies~25|1 package~298
2164215	B	4	464,3.57,17.9,75,464,39.3,5.36,18,3.6,0,2.5,0,0,,0	7 cookies / null~28|1 package~198
2543761	B	53	33,0,0,7.92,8,7.92,0,0,0,0,0,0,,0	1 serving~240|1 package~1890
2546406	B	53	33,0,0,7.92,8,7.92,0,0,0,0,0,0,,0	1 serving~240|1 package~1890
1918771	B	14	357,7.14,3.57,75,1210,0,1.79,0,3.6,0,28.9,357,,0,,0,0,,7.14,1,.607	1 packet~28|1 package~340
2063529	B	61	364,6.82,0,79.6,0,0,0,0,2.3,0,3.27,0,114,0,,,,,4.54,1	½ cup~44|1 package~397
1922019	B	11	0,0,0,0,39300,,0,,,0	¼ tsp~1.5|1 package~737
1982911	B	6	429,14.3,14.3,71.4,1070,0,0,0,0,0,0,0,71,,0	2 tbsp~7|1 package~142
2031850	B	88	393,14.3,5.36,67.9,2000,3.57,0,0,3.6,0,5.14,143,,0	¼ cup~28|1 package~425
2382173	B	137	247,15.3,17.6,5.88,671,2.35,5.88,71,1.2,0,1.53,47,365,,0	6 meatballs~85|1 package~340
2415880	B	70	233,0,10,33.3,100,33.3,0,0,0,0,0,7,233,,0	1 tbsp~15|1 package~946
2008479	B	29	433,6.67,11.7,73.3,833,10,5,17,3.3,0,4.8,67,,0	16 crackers~30|1 package~283
2195935	B	5	536,7.14,28.6,60.7,464,7.14,3.57,0,3.6,0,0,0,1040,,0,7.14,17.9	1 serving~28|1 package~120
2643266	B	61	378,6.67,0,82.2,0,0,0,0,2.2,0,.44,0,0,,0	¼ cup~45|1 package~454
2009692	B	44	157,0,0,40,14,34.3,,,1.4,,,,0	¼ cup~70|1 package~397
1877990	B	10	58,0,0,14.2,15,14.2,,,0,,0,0,,30	8 fl oz~240|1 package~946
1873480	B	10	50,0,0,12.5,15,12.5,,,,,,,,25	8 fl oz~240|1 package~1890
2093632	B	10	67,0,0,16.7,12,16.7,,,,,,,12,25	8 fl oz~240|1 package~2840
1881124	B	10	46,0,0,11.2,15,11.2,,,,,,,,25	8 fl oz~240|1 package~1890
1881122	B	25	12,0,0,2.92,15,2.92,,,,,,,,2.5	8 fl oz~240|1 package~1890
1922291	B	74	316,5.26,14,43.9,719,7.02,8.77,0,1.8,0,2.53,35,,0	1 biscuit~57|1 package~453
2400845	B	0	452,6.45,22.6,54.8,871,0,11.3,0,6.5,0,1.61,0,194,,0,8.06,3.23	2 tbsp~31|1 package~191
1855105	B	0	455,9.09,27.3,57.6,515,0,12.1,0,12.1,0,2.18,0,,0	2 tbsp~33|1 package~204
2489555	B	5	536,7.14,28.6,60.7,500,7.14,3.57,0,3.6,0,1.29,0,1000,32.1,,7.14,17.9,,4.29,0,0,.714,29,57,143,,1.07,.714,0,.571	1 serving~28|1 package~120
1876559	B	5	536,7.14,28.6,60.7,464,7.14,3.57,0,3.6,0,1.29,536,1040,0,,7.14,17.9	1 serving~28|1 package~120
2489556	B	5	536,7.14,32.1,60.7,321,3.57,3.57,0,3.6,0,1.29,0,1070,32.1,,7.14,17.9,,4.29,0,,.714,29,57,143,,1.07,.714,0,.571	1 serving~28|1 package~120
2554447	B	7	18,0,0,3.57,786,0,0,0,0,0,0,71,0,,0	3 pickles~28|1 package~355
2154383	B	7	0,0,0,3.57,786,,,,,,,71	1 serving~28|1 package~473
2447194	B	7	0,0,0,3.33,567,0,0,0,0,0,0,0,0,,0	1 serving~30|1 package~710
2510225	B	7	0,0,0,3.57,786	¼ pickle~28|1 package~3780
2485965	B	39	54,3.33,2.08,5.42,50,5,1.25,8,0,0,0,125,154,,1.05	1 cup~240|1 package~1890
2485960	B	39	62,3.33,3.33,5,50,4.58,2.08,12,0,0,0,125,146,,1.05	1 cup~240|1 package~1890
1664912	B	102	140,12,10,0,140,,3,370,,0,1.44,40,140,0	1 egg~50
2395700	B	7	167,0,13.3,6.67,1000,0,2.67,0,6.7,0,12,113,0,,0	4 olives~15|1 package~170
1903846	B	21	129,8.24,4.71,11.8,165,2.35,1.18,29,1.2,0,1.27,24,,1.4	1 serving~85|1 package~1080
1900338	B	16	357,12.5,1.79,73.2,0,3.57,0,0,3.6,0,3.21,0,,0,,,,,7.14,1,.455,,214	1 serving~56|1 package~340
2050674	B	24	0,0,0,.28,0,,,,,,,,31	12 fl oz~360|1 package~1000
2669366	B	18	39,0,0,10,10,9.72,0,,,0	12 fl oz~360|1 package~2000
2642903	B	100	95,21.6,1.35,0,351,0,0,34,0,0,.68,14,311,,2	1 pouch~74
2385183	B	11	0,0,0,0,20000,0,0,0,0,0,0,0,15000,,0	¼ tsp~.7|1 package~99
2311789	B	4	471,5.88,14.7,73.5,191,35.3,7.35,0,2.9,0,2.06,29,59,,0,5.88,1.47	1 serving~34|1 package~334
2654543	B	4	440,4,14,72,400,32,8,0,0,0,0,0,0,,0	1 cookie~25|1 package~201
1994655	B	18	55,0,0,14,3,13.5	1 bottle~473
2642649	B	30	385,0,0,96.2,250,84.6,0,0,0,0,0,269,0,419,0	2 tbsp~26|1 package~425
2339061	B	18	56,0,0,13.9,3,13.6	1 serving~360|1 package~1890
2282657	B	29	500,7.14,21.4,64.3,893,7.14,3.57,0,0,0,3.57,0,0,,0,3.57,10.7	4 crackers~14|1 package~388
2145632	B	73	375,0,0,100,0,100,0,0,0,0,0,25,0,,0	2 tsp~8|1 package~907
2320794	B	45	100,6.15,.77,20.8,192,3.85,0,0,4.6,0,1.54,31,26,,0	½ cup~130|1 package~439
2544166	B	0	607,21.4,53.6,17.9,161,3.57,7.14,0,7.1,0,3.21,107,679,,0	1 serving~28|1 package~418
2511020	B	10	0,0,0,0,0	1 tsp~5|1 package~500
2092867	B	112	304,14.3,28.6,1.79,982,1.79,10.7,62,0,0,1.29,0,,0	1 serving~56|1 package~340
2480796	B	63	357,12.9,2.14,71.4,814,12.9,.71,7,1.4,0,4,100,414,,0,,,,,,,,129	1 serving~70|1 package~205
372158	B	63	327,10.6,11.5,46,761,5.31,3.1,9,1.8,0,1.59,133,,0	1 serving~113
373302	B	63	357,11.4,1.43,74.3,871,4.29,0,0,2.9,0,2.57,29,,0	1 serving~70
2384242	B	63	357,12.9,2.14,71.4,771,11.4,0,7,1.4,0,4.14,129,400,,0	1 serving~70|1 package~156
2472647	B	76	118,14.1,5.88,0,294,0,2.35,65,0,0,.59,147,234,,2.35	1/3 cup~85|1 package~425
2591223	B	21	148,8.67,1.79,24.5,260,4.08,.26,23,.5,0,0,8,134,,0	1 cup~196|1 package~624
2151981	B	44	58,0,0,14.2,7,13.7,0,0,0,0,.09,9,70	1 cup~226
2551288	B	7	167,0,16.7,0,1600,0,3.33,0,0,0,0,0,0,,0	5 olives~15|1 package~198
2099242	B	7	156,0,15.6,6.25,2380,0,3.12,0,0,0,0,0,,0	2 tbsp~16|1 package~284
2483290	B	14	372,9.3,4.65,74.4,605,27.9,0,0,7,0,8.37,326,256,,0,1.16,2.33,,9.3,1,.791,.93,91,93,233	1 packet~43
2100478	B	44	100,0,0,40,0,40,,0	1 cherry~5|1 package~283
1921546	B	1	333,3.33,0,80,50,53.3	4 pieces~30|1 package~283
2401399	B	67	364,9.09,0,81.8,91,0,0,0,4.5,0,0,41,1590,,0	1/3 cup~22|1 package~255
1854848	B	68	364,9.09,4.55,72.7,1860,0,1.82,0,4.5,0,1.64,91,1230,10.9	1/3 cup~22|1 package~187
2630421	B	11	250,0,0,50,6750,25,0,0,0,0,12.5,250,0,,0	1 tsp~4|1 package~35
2504136	B	11	333,11.1,5.56,55.6,3890,11.1,0,0,22.2,0,0,0,0,,0	1/3 tbsp~9|1 package~35
1662705	B	47	17,.83,0,3.31,322,2.48,0,0,.8,0,0,0,,,0	½ cup~121
2390183	B	2	132,2.94,8.82,8.82,824,2.94,2.94,15,0,0,0,59,0,,0	2 tbsp~34|1 package~425
2063598	B	16	375,10.7,1.79,76.8,0,3.57,0,0,3.6,0,3.21,0,,0,,,,,5.36,1,.455,,214	¾ cup~56|1 package~454
2552947	B	15	32,0,0,6.45,742,3.23,0,0,3.2,0,0,0,258,,0	2 tbsp~31|1 package~439
1854428	B	0	515,9.09,30.3,54.6,1060,0,15.2,0,9.1,0,2.18,0,,0	2 tbsp~33|1 package~204
1851556	B	0	515,9.09,30.3,54.6,1060,0,15.2,0,9.1,0,2.18,0,,0	2 tbsp~33|1 package~816
1855104	B	0	455,9.09,18.2,63.6,1360,0,7.58,0,12.1,0,2.73,0,,0	2 tbsp~33|1 package~204
1942931	B	0	452,6.45,22.6,54.8,1130,0,3.23,0,9.7,0,2.32,0,,0,,11.3,4.84	2 tbsp~31|1 package~204
2538448	B	19	33,0,0,0,2470	1 tbsp~15|1 package~355
2399442	B	2	393,25,32.1,3.57,643,0,17.9,107,0,0,0,711,0,,0	1 serving~28|1 package~226
1463755	B	35	31,6.25,0,6.25,750,6.25,0,0,0,0,0,0,0,,0	1 tbsp~16
2552946	B	15	32,0,0,6.45,742,3.23,0,0,3.2,0,0,0,258,,0	2 tbsp~31|1 package~439
2133450	B	30	400,6.67,13.3,66.7,1200,40,13.3,0,6.7,0,5.33,0,867,,0	1 cup~15|1 package~180
2022153	B	7	0,0,0,0,0,0,0,,0,0	1 tsp~5|1 package~237
2280315	B	29	464,7.14,17.9,75,339,17.9,7.14,0,10.7,0,2.5,36,107,,0	13 cookies /~28|1 package~198
1928860	B	89	86,2.73,2.73,12.5,293,2.34,1.17,4,1.6,,.7,8,,0,,1.17,.39	1 cup~256|1 package~1130
2025276	B	4	500,3.57,25,67.9,339,32.1,10.7,0,3.6,0,1.29,0,,0	6 cookies~28|1 package~198
2140534	B	4	469,6.25,18.8,68.8,172,31.2,10.9,0,3.1,0,4.38,31,188,,0	7 cookies~32|1 package~198
2084336	B	4	448,6.9,20.7,58.6,345,31,6.9,0,3.4,0,1.24,0,,0	7 cookies~29|1 package~198
1862602	B	4	517,3.45,27.6,62.1,293,31,12.1,0,3.4,0,1.24,0,,0	6 cookies~29|1 package~198
2014327	B	29	467,6.67,20,66.7,967,6.67,10,0,3.3,0,0,0,,0	24 pieces~30|1 package~75
2073653	B	1	333,3.33,0,80,50,53.3	2/3 cup~30|1 package~283
2057560	B	49	414,3.45,13.8,62.1,431,27.6,6.9,0,0,0,0,0,,0	7 cookies /~29|1 package~198
2009621	B	4	483,6.9,20.7,69,397,24.1,6.9,0,3.4,0,1.24,69,,0	7 cookies~29|1 package~198
2143521	B	40	533,6.67,26.7,66.7,0,53.3,16.7,0,6.7,0,1.33,67,333,,0	1 tbsp~15|1 package~283
2488317	B	14	429,4.76,11.9,76.2,476,33.3,0,0,4.8,0,15,405,119,,0,8.33,2.38,,7.14,2,,.714,57,,143,,5.36,1.79	1 cup~42|1 package~362
2025278	B	4	483,6.9,17.2,72.4,517,24.1,8.62,0,0,0,1.24,69,,0	15 cookies /~29|1 package~198
2109247	B	5	400,10,3.33,83.3,1070,3.33,0,0,3.3,0,4.8,0,117,0	18 pretzels~30|1 package~340
2194236	B	4	467,3.33,16.7,70,333,33.3,6.67,0,0,0,2,33,33,,0	9 cookies~30|1 package~198
2084335	B	4	400,3.33,13.3,60,283,30,6.67,0,0,0,2,37,93,,0	9 cookies~30|1 package~227
2078582	B	1	320,4,0,80,80,52	½ cup~25|1 package~298
1995791	B	52	182,3.9,6.49,27.3,65,23.4,4.55,19,0,0,.39,143,208,,0	2/3 cup~77|1 package~1650
2432997	B	55	57,.71,.36,13.6,0,7.86,0,0,3.6,0,.71,19,134,,0	1 cup~140|1 package~283
2151985	B	44	62,.44,0,14.6,7,14.2,0,0,.4,0,.09,8,38,,0	1 cup~226
1122924	B	44	62,0,0,15,0,13.3,0,0,.9,0,.09,4,32,,0	1 cup~113
2051375	B	0	607,21.4,53.6,17.9,304,3.57,8.93,0,7.1,0,2.57,71,,0	1 serving~28|1 package~57
2092866	B	31	29,1.18,0,4.71,12,3.53,0,0,2.4,0,.42,24,,21.2	¾ cup~85|1 package~340
2627961	B	37	36,.8,0,5.6,232,1.6,0,0,.8,0,.56,16,120,,0	½ cup~125|1 package~425
1909081	B	3	67,0,0,16.8,0,14.6,0,0,0,0,0,0,,0	1 pop~89|1 package~534
2100187	B	2	357,25,28.6,0,607,0,16.1,107,0,0,0,714,,0	1 serving~28|1 package~227
2428113	B	16	364,14.6,1.82,74.6,0,1.82,0,0,3.6,0,4.18,16,225,0,0,0,.91	½ cup~55|1 package~454
2178478	B	0	536,17.9,35.7,42.9,214,28.6,8.93,0,3.6,0,2.14,71,607,,0	1 serving~28|1 package~680
2128300	B	0	536,14.3,35.7,39.3,268,28.6,0,268,7.1,0,1.79,0,643,,0	3 tbsp~28|1 package~283
1872089	B	18	51,0,0,13.2,10,13.2	1 can~355|1 package~4260
2400849	B	0	452,6.45,22.6,54.8,968,0,11.3,0,6.5,0,1.61,0,194,,0,8.06,3.23	2 tbsp~31|1 package~766
2631251	B	0	514,5.71,31.4,48.6,857,0,17.1,0,5.7,0,1.43,0,0,,0,11.4,4.29	1 serving~35|1 package~218
2101336	B	2	286,25,21.4,3.57,714,0,12.5,71,0,0,0,714,,0	1 serving~28|1 package~454
2634312	B	34	239,9.7,8.21,31.3,515,2.99,2.99,15,1.5,0,2.01,119,172,,0	.17 pizza~134|1 package~802
2399408	B	2	292,25,20.8,4.17,708,0,12.5,62,0,0,0,712,0,,0	1 piece~24|1 package~283
2399423	B	2	286,21.4,17.9,3.57,679,0,12.5,54,0,0,0,689,0,,0	1/3 cup~28|1 package~226
1874989	B	18	50,0,0,12.5,23,12.5	8 fl oz~240|1 package~2500
2091865	B	18	54,0,0,13.5,11,13.5	12 fl oz~355|1 package~4260
1942527	B	30	200,0,0,80,2800	1 stick~2.5|1 package~20
1874984	B	18	51,0,0,12.7,24,12.7	12 fl oz~355
2669872	B	37	22,1.77,0,3.54,265,.88,0,0,1.8,0,.35,0,0,,0	1 can~113|1 package~184
1522842	B	5	500,7.14,25,64.3,750,3.57,3.57,0,3.6,0,1.43,107,0,,0,7.14,14.3	1 serving~28
2552156	B	5	500,7.14,25,64.3,750,3.57,3.57,0,3.6,0,1.43,107,0,,0,7.14,14.3	15 chips~28|1 package~311
1921937	B	3	200,3.08,10.8,23.1,108,23.1,6.15,38,0,0,0,123,,0	½ cup~65|1 package~1650
2147552	B	3	157,3.37,5.06,27,79,25.8,3.37,17,0,0,0,128,234,,0	2/3 cup~89|1 package~3780
2622931	B	3	169,2.41,6.02,26.5,66,19.3,4.82,12,0,0,0,108,205,,0	2/3 cup~83|1 package~3780
2666748	B	37	17,.83,0,2.5,12,.83,0,0,.8,0,.58,25,50,,0	½ cup~120|1 package~411
2632354	B	37	64,1.6,.8,13.6,12,3.2,0,0,1.6,0,.32,0,112,,0	½ cup~125|1 package~432
1948382	B	70	500,0,20.8,75,292,58.3,8.33,0,0,0,0,0,450,,0,8.33,0	4 tsp~12|1 package~425
2044562	B	0	464,10.7,25,46.4,286,42.9,7.14,0,3.6,0,5.14,143,,0	1 serving~28
1922248	B	3	314,4.29,17.1,34.3,107,22.9,11.4,29,0,0,0,86,,0	1 cone~70|1 package~621
2286217	B	74	447,5.26,21,57.9,553,29,7.89,13,2.6,0,1.89,0,,0,,7.89,5.26	1 cookie~38|1 package~453
2654541	B	4	400,4,12,72,340,36,6,0,4,0,0,0,0,,0	1 cookie~25|1 package~201
2667459	B	4	440,4,14,72,360,36,6,0,4,0,0,0,0,,0	1 cookie~25|1 package~201
2014676	B	14	375,12.5,6.25,67.5,0,2.5,1.25,0,10,0,4.5,0,,0,,2.5,2.5	½ cup~40|1 package~510
2109464	B	41	0,0,0,0,0,,,,,0	¼ sec. spray /~.2|1 package~141
1887880	B	96	280,3.66,12.2,37.8,427,4.88,1.83,0,3.7,0,1.32,73,,0	7 rings~82|1 package~453
1861765	B	11	286,0,0,71.4,8860,28.6,0,0,14.3,0,0,271,1010,,0	1 tbsp~7|1 package~56.7
2101006	B	25	20,0,0,5,18,5,0,0,0,0,0,0,,30	1 box~200
2669173	B	18	53,0,0,13.3,10,13.1,0,,,0	12 fl oz~360|1 package~2000
2266277	B	18	47,0,0,11.4,8,11.4	1 can~360|1 package~4260
372058	B	22	71,0,0,17.9,0,15.7,0,0,1.4,0,0,0,,17.1	2/3 cup~140
2501860	B	45	131,6.15,.38,26.2,485,10,0,0,3.8,0,1.62,54,331,,0	½ cup~130|1 package~794
2651824	B	12	286,35.7,3.57,25,2000,14.3,0,36,0,0,3.57,0,607,,0	1 serving~28|1 package~68
2472786	B	62	357,0,42.9,0,714,0,10.7,0,0,0,0,0,0,,0,7.14,21.4	1 tbsp~14|1 package~1270
2162486	B	41	0,0,0,0,0,,0,0,,0	1 serving~.2|1 package~170
2008482	B	4	515,3.03,27.3,66.7,242,30.3,7.58,0,3,0,3.33,0,0,,0	3 cookies~33|1 package~340
2403838	B	70	500,0,0,100,0,0,0,0,0,0,0,0,0,,0,0,0	1 tsp~2|1 package~283
2552153	B	5	571,7.14,35.7,57.1,500,0,5.36,0,3.6,0,1.43,0,0,,0,8.93,21.4	32 chips~28|1 package~283
2390093	B	2	321,7.14,32.1,7.14,339,3.57,21.4,107,0,0,0,96,0,,0	2 tbsp~28|1 package~226
2043077	B	0	393,10.7,0,82.1,1180,7.14,0,0,3.6,0,5.14,0,,0,,,,,7.14,1,.607,,214	1 serving~28|1 package~142
2395966	B	63	323,11.1,9.09,48.5,657,4.04,2.02,10,2,0,3.03,101,131,,0	1 serving~99|1 package~397
2641805	B	29	467,6.67,20,66.7,900,6.67,0,0,0,0,3.33,0,0,,0,13.3,0	3 crackers~15|1 package~198
2388062	B	5	536,7.14,32.1,57.1,571,0,3.57,0,3.6,0,1.07,107,179,,0,10.7,12.5	1 serving~28|1 package~262
1128595	B	5	536,7.14,35.7,53.6,643,3.57,3.57,0,3.6,0,1.43,0,1250,,0	15 chips /~28
2367301	B	63	379,8.62,6.9,69,879,8.62,3.45,0,1.7,0,3.28,69,638,,0	1 package~58|1 package~232
2368289	B	63	324,10.3,11.8,47.1,897,5.88,2.94,7,1.5,0,1.91,235,309,,0	1 package~68|1 package~272
2403822	B	70	500,0,0,100,0,0,0,0,0,0,0,0,0,,0,0,0	1 tsp~2|1 package~1000
2392531	B	5	571,7.14,39.3,50,607,0,10.7,0,3.6,0,1.79,14,1470,,0	1 serving~28|1 package~113
2340411	B	63	319,10.6,10.6,45.1,770,3.54,2.21,13,1.8,0,2.74,106,142,,0	1 serving~113|1 package~680
2542843	B	5	464,7.14,16.1,71.4,1290,0,0,0,3.6,0,3.57,36,179,,0	1 serving~28|1 package~336
2399251	B	12	571,10.7,39.3,46.4,1500,0,5.36,0,3.6,0,3.57,214,196,,0	1 serving~28|1 package~85
2176117	B	75	250,0,16.7,16.7,0,16.7,8.33,83,0,0,0,0,83,,0	2 tbsp~6|1 package~184
2084610	B	60	333,0,0,86.7,150,80	2 tbsp~30|1 package~710
2538447	B	19	267,0,26.7,6.67,1000,,3.33,33,,,.67,67,133,,0	1 tbsp~15|1 package~355
2056675	B	2	286,14.3,21.4,10.7,1640,10.7,12.5,54,0,0,0,536,,0	1 serving~28|1 package~907
2508999	B	20	433,8.33,15,65,175,41.7,2.5,0,3.3,0,0,0,233,,0	1 pack~60
2041922	B	24	0,0,0,.28,0,,,,,,,,31	12 fl oz~360|1 package~1000
2154385	B	44	62,.44,0,15,7,13.3,0,0,.4,0,.13,7,70,,0	1 cup~226
2145255	B	49	396,9.43,18.9,49.1,170,35.8,3.77,0,3.8,0,.68,38,132,,0	3 tbsp~53|1 package~510
2144256	B	13	450,25,22.5,45,338,22.5,7.5,0,5,0,2.25,102,320,,0	1 bar~40|1 package~201
1876931	B	0	571,10.7,32.1,53.6,196,50,21.4,0,3.6,0,2.57,71,,0	7 pieces /~28|1 package~85
2155063	B	5	464,14.3,17.9,60.7,679,7.14,3.57,0,3.6,0,3.57,36,357,,0	1 serving~28|1 package~198
2045058	B	4	517,6.9,27.6,58.6,362,34.5,15.5,0,3.4,0,2.76,0,0,,0	2 cookies~29|1 package~261
2134124	B	4	471,5.88,14.7,73.5,206,32.4,7.35,0,2.9,0,2.94,29,,,0,5.88,1.47	3 cookies~34|1 package~334
2539001	B	49	531,18.8,37.5,37.5,469,25,7.81,0,6.2,0,1.25,31,469,,0,18.8,7.81,,13.1,,,,,,,,,,,,,,4	2 tbsp~32|1 package~1130
2146614	B	13	475,25,27.5,40,425,17.5,7.5,0,5,0,2.5,150,375,,0	1 bar~40|1 package~201
2049266	B	0	607,28.6,53.6,14.3,0,3.57,8.93,0,10.7,0,1.29,71,,0	1 serving~28|1 package~142
2008518	B	44	62,0,0,14.6,12,11.5,0,0,.8,0,0,0,62,0	½ cup~130|1 package~822
2151987	B	44	62,0,0,15.5,7,13.3,0,0,.4,0,.09,12,17,,0	1 cup~226
2074625	B	0	689,10.7,71.4,14.3,0,3.57,7.14,0,10.7,0,2.57,71,411,0	¼ cup~28|1 package~56.7
2141884	B	4	500,6.25,21.9,65.6,172,34.4,10.9,0,.8,0,5.94,31,250,,0	7 cookies~32|1 package~198
2322831	B	0	733,10,73.3,13.3,0,3.33,6.67,0,10,0,1.67,57,360,,0	¼ cup~30|1 package~113
1903843	B	21	141,8.24,5.88,12.9,176,2.35,1.76,29,1.2,0,1.27,47,,2.8	1 serving~85|1 package~1080
2399275	B	2	357,25,28.6,3.57,679,0,17.9,89,0,0,0,675,0,,0	1 serving~28|1 package~226
2399014	B	2	381,23.8,28.6,0,667,0,19,95,0,0,0,676,0,,0	1 slice~21|1 package~170
2420659	B	12	286,35.7,5.36,25,2000,17.9,0,54,0,0,3.57,0,607,,0	1 serving~28|1 package~68
1859856	B	7	35,0,0,10.5,1160	1 serving~28.5|1 package~473
2383403	B	34	250,11.1,11.1,25,431,4.17,5.56,28,1.4,0,1.39,132,62,,0	1 slice~72|1 package~431
2152854	B	34	231,8.67,9.25,28.9,532,4.05,3.47,14,1.2,0,2.02,121,197,,0	1 pizza~173
2272762	B	34	234,8.7,9.24,29.4,533,4.35,3.8,11,2.2,0,2.12,125,217,,0	1 pizza~184
2381949	B	34	224,5.88,8.24,29.4,435,2.35,2.35,6,1.2,0,2.35,35,76,,0	6 pieces~85|1 package~567
1473464	B	47	21,.83,0,4.13,149,2.48,0,0,.8,0,.3,17,,7.4	½ cup~121
2496602	B	24	0,0,0,0,1	12 fl oz~360|1 package~1500
619386	B	44	57,0,0,13.6,7,11.4,0,0,0,0,0,0,,0	1 serving~140
2151986	B	44	66,0,0,16.2,5,15.7,0,0,.5,0,.2,10,17,,0	1 cup~198
2008516	B	44	57,0,0,13.6,0,10.7,0,0,.7,0,0,14,,6.4	½ cup~140|1 package~565
2660096	B	44	50,0,0,12.9,0,11.4,0,0,.7,0,0,0,79,,0	½ cup~140|1 package~567
2313031	B	24	0,0,0,.28,0,,,,,,,,31	12 fl oz~360|1 package~1000
2401287	B	67	229,20,1.43,62.9,0,0,0,0,31.4,0,5.43,29,1460,,0	¼ cup~35|1 package~1810
1874067	B	12	400,10,13.3,63.3,833,3.33,0,0,3.3,0,3.6,67,,0,,8.33,3.33	12 crackers~30|1 package~142
1849982	B	12	400,10,13.3,63.3,700,0,0,0,3.3,0,3.6,0,,0,,8.33,3.33	12 crackers~30|1 package~142
2423866	B	22	233,2.33,0,62.8,0,39.5,0,0,7,0,.93,47,744,0,0	¼ cup~43|1 package~198
2100427	B	2	321,25,25,3.57,679,0,14.3,71,0,0,0,714,,0	1/3 cup~28|1 package~227
2630311	B	88	367,13.3,5,73.3,633,10,0,0,6.7,0,5,233,200,,0	¼ cup~30|1 package~425
2630310	B	88	367,10,0,76.7,183,3.33,0,0,3.3,0,5.67,33,167,,0	1/3 cup~30|1 package~227
1915461	B	0	393,0,8.93,82.1,429,64.3,3.57,18,0,0,0,14,46,,0	½ cup /~28|1 package~78
2490366	B	5	536,3.57,35.7,57.1,821,7.14,3.57,0,3.6,0,1.29,0,929,32.1,,8.93,21.4,,2.86,0,,.714,29,57,143,,1.07,.714,0,.571	1 serving~28|1 package~141
2490386	B	5	536,3.57,35.7,53.6,786,3.57,5.36,0,3.6,0,1.29,0,929,32.1,,8.93,21.4,,2.86,0,,.714,29,57,143,,1.07,.714,0,.571	1 serving~28|1 package~141
2490849	B	5	536,7.14,35.7,53.6,571,7.14,5.36,0,3.6,0,1.29,0,929,32.1,,8.93,21.4,,2.86,0,,.714,29,57,143,,1.07,.714,0,.571	1 serving~28|1 package~141
2041724	B	5	536,7.14,28.6,57.1,929,3.57,8.93,0,3.6,0,2.57,71,,12.9,,5.36,14.3	1 serving~28|1 package~113
1873607	B	5	536,7.14,28.6,57.1,1040,0,8.93,0,3.6,0,2.57,0,,32.1,,5.36,16.1	1 serving~28|1 package~113
2452777	B	11	0,0,0,0,9170	1 tsp~1.2|1 package~50
2469643	B	3	179,2.56,5.77,30.8,96,24.4,3.21,32,0,0,0,90,192,,0	2/3 cup~78|1 package~1650
2176917	B	4	484,6.45,22.6,61.3,161,41.9,16.1,0,0,0,0,0,0,,0	10 wafers~31|1 package~200
1906571	B	42	250,0,0,65,50,40,,,,,,,75,18	1 tbsp~20|1 package~510
2465559	B	5	393,10.7,3.57,82.1,1390,0,0,0,3.6,0,3.57,11,18,,3.58	1 serving~28|1 package~340
1873068	B	5	464,7.14,14.3,71.4,750,3.57,1.79,0,3.6,0,5.14,0,,0,,,,,5.71,1,.364,,143	1 serving~28|1 package~198
2465558	B	5	393,10.7,5.36,78.6,1390,0,0,0,3.6,0,3.57,11,18,,3.58	1 serving~28|1 package~340
1920935	B	13	475,25,30,35,425,15,7.5,0,12.5,0,1.8,100,,0	1 bar~40|1 package~200
2024213	B	112	143,16.1,7.14,0,518,0,2.68,54,0,0,.64,0,,0	1 serving~56|1 package~269
2608862	B	10	42,0,0,10.4,23,9.58,,,.4	8 fl oz~240|1 package~2000
1875858	B	0	500,25,28.6,39.3,1390,0,5.36,0,25,0,6.43,0,,0	1 serving~28|1 package~61
1874723	B	25	12,0,0,2.92,15,2.92,,,,,,,,2.5	8 fl oz~240|1 package~1890
1876585	B	25	12,0,0,2.92,15,2.92,,,,,,,,2.5	8 fl oz~240|1 package~1890
2482953	B	104	0,0,0,0,26700	.12 tsp~.6|1 package~1810
1895320	B	41	800,0,93.3,0,0,,6.67,0,,0,,,,,,60,26.7	1 tbsp~15|1 package~1420
2057592	B	41	857,0,100,0,0,,14.3,0,,0,,,,,,21.4,64.3	1 tbsp~14|1 package~1420
2014673	B	14	375,12.5,6.25,67.5,0,2.5,1.25,0,10,0,4.5,0,,0,,2.5,2.5	½ cup~40|1 package~510
1970828	B	40	500,0,12.5,75,0,75,12.5,0,0,0,0,0,0,,0	1 tsp~4|1 package~92
2009594	B	14	375,7.14,1.79,80.4,625,32.1,0,0,12.5,0,8.04,71,518,10.7,1.77,0,.89,,8.93,,.759,.893,,143,357,,2.68,,,.357	1 cup~56|1 package~567
2478942	B	14	311,8.2,1.64,78.7,393,32.8,0,,14.8,0,17.7,49,557,,3.27,0,0,,13.1,1,1.39,1.31,590,,,8.85,7.38	¼ cup~61|1 package~471
2144233	B	11	278,0,0,55.6,12800,,,,,,,,556	½ tsp~1.8|1 package~28
2585916	B	0	574,19.2,51.1,23.4,1130,4.26,6.38,0,10.6,0,4.26,106,489,,0	1 package~47|1 package~142
2385181	B	5	500,7.14,25,64.3,643,3.57,3.57,0,3.6,0,1.43,214,0,,0,7.14,14.3	1 serving~28|1 package~276
2552155	B	5	500,7.14,25,64.3,643,3.57,3.57,0,3.6,0,1.43,214,0,,0,7.14,14.3	15 chips~28|1 package~311
2074098	B	68	184,4,3.2,35.2,128,0,.4,0,3.2,0,.58,16,,0,,,,,3.2,0,.272,,6	1 cup~125|1 package~250
2403698	B	23	714,0,78.6,0,500,0,14.3,71,0,0,0,7,7,,0	1 tbsp~14|1 package~887
1881373	B	18	51,0,0,12.7,24,12.7	1 can~355
1878110	B	18	51,0,0,12.7,24,12.7	12 fl oz~355|1 package~4260
1909080	B	3	77,0,0,19.2,0,15.4,0,0,0,0,0,0,,0	1 pop~52|1 package~416
2396978	B	39	42,3.33,1.04,4.58,50,4.58,.62,6,0,0,0,83,117,,.625	1 cup~240|1 package~3780
2396977	B	39	50,3.33,2.08,4.58,50,4.58,1.46,8,0,0,0,104,117,,.625	1 cup~240|1 package~1890
2387587	B	39	54,3.33,2.08,5,54,5,1.25,8,0,0,0,104,,,.425	1 cup~240|1 package~3780
2405818	B	41	857,0,100,0,0,0,92.9,0,0,0,0,0,0,,0,7.14,0	1 tbsp~14|1 package~444
2383497	B	45	77,4.62,.38,13.8,400,.77,.15,0,3.8,0,1.54,28,315,,0	½ cup~130|1 package~454
2673211	B	14	357,14.3,5.36,64.3,286,3.57,0,0,10.7,0,28.9,357,,0,,1.79,1.79,643,14.3,1,1.21,1.43,486,143,357	1 packet~28|1 package~168
2658366	B	5	500,7.14,21.4,67.9,304,0,3.57,0,7.1,0,1.79,107,0,,0,5.36,14.3	8 chips~28|1 package~368
1898930	B	29	367,6.67,0,83.3,667,3.33,0,0,6.7,0,0,0,,0	1/3 cup~30|1 package~113
2163521	B	70	500,0,25,50,0,,25	1 tsp~2|1 package~454
2081721	B	29	500,7.14,25,64.3,1360,7.14,3.57,0,0,0,2.57,0,,0,,7.14,14.3	1 whole cracker~14|1 package~454
2382178	B	16	173,6.36,3.64,27.3,245,1.82,1.82,14,.9,0,.82,164,73,,0	1 cup~110|1 package~340
2382179	B	16	173,6.36,2.73,29.1,191,1.82,1.36,14,.9,0,.91,127,73,,0	1 cup~110|1 package~340
2425401	B	5	571,3.57,39.3,53.6,482,3.57,5.36,0,3.6,0,0,0,964,,0,8.93,21.4	1 serving~28|1 package~155
1891184	B	34	243,11.1,11.1,30.6,722,3.47,4.17,24,2.1,0,.75,104,,3.3	.17 pizza~144|1 package~864
2422355	B	77	100,13.3,4,3.33,507,0,1.67,57,0,0,1.33,0,80,,0	2/3 cup~150|1 package~340
2507571	B	112	105,14.5,3.95,3.29,362,,2.3,43,,,1.18,13	2/3 cup~152|1 package~340
2642761	B	0	605,20.9,53.5,18.6,326,4.65,4.65,0,9.3,0,4.65,302,698,,0	1 package~43
2051376	B	0	571,17.9,50,32.1,304,3.57,8.93,0,3.6,0,6.43,71,,0	1 serving~28|1 package~57
2340328	B	0	571,17.9,50,32.1,304,3.57,8.93,0,3.6,0,6.07,36,643,,0	1 serving~28|1 package~284
2421135	B	0	607,25,53.6,17.9,321,3.57,8.93,0,7.1,0,2.86,36,643,,0	1 serving~28|1 package~227
2048458	B	0	607,28.6,53.6,14.3,321,3.57,8.93,0,10.7,0,1.29,71,,0	1 serving~28|1 package~142
2009999	B	0	500,25,28.6,39.3,1390,0,5.36,0,25,0,6.43,0,,0	1 serving~28|1 package~85
2390181	B	0	571,21.4,50,21.4,286,3.57,3.57,0,7.1,0,5.36,71,643,,0	1 serving~28|1 package~206
2267427	B	0	571,17.9,50,32.1,304,3.57,8.93,0,3.6,0,6.07,36,643,,0	1 serving~28|1 package~198
2075030	B	0	607,21.4,57.1,17.9,339,3.57,3.57,0,10.7,0,3.86,286,,0	1 serving~28|1 package~142
2079062	B	0	571,17.9,50,32.1,304,3.57,8.93,0,3.6,0,6.43,71,,0	1 serving~28|1 package~99
1891737	B	49	531,18.8,37.5,37.5,469,25,7.81,0,6.2,0,0,62,438,,0	2 tbsp~32|1 package~454
2081722	B	29	500,6.25,21.9,62.5,938,6.25,6.25,0,0,0,4.5,0,125,0,,6.25,12.5	5 crackers~16|1 package~312
2669206	B	18	44,0,0,11.4,10,11.1,0,,,0	12 fl oz~360|1 package~2000
2159427	B	18	53,0,0,12.5,8,12.5	1 can~360
1849998	B	16	357,12.5,1.79,73.2,0,3.57,0,0,3.6,0,3.21,0,,0,,0,.89,,7.14,1,.455,,214	¾ cup~56|1 package~454
1887212	B	29	480,8,20,64,780,12,12,0,4,0,2.88,80,,0	8 crackers~25|1 package~312
2282534	B	10	42,0,0,10.8,27,10.4,,,,,,,38,25	8 fl oz~240|1 package~1890
2021765	B	7	167,0,16.7,0,1930,,0,0,,0	1 tbsp~15|1 package~284
1903848	B	21	106,7.06,2.94,15.3,459,1.18,1.18,6,2.4,0,1.27,24,,10.6	1 serving~85|1 package~1080
450276	B	11	0,0,0,0,39300	¼ tsp~1.5
2422997	B	5	536,3.57,35.7,53.6,786,3.57,5.36,0,3.6,0,0,0,929,,0,8.93,21.4	1 serving~28|1 package~155
2679722	B	0	552,13.8,37.9,44.8,310,31,12.1,0,3.4,0,1.38,0,448,,0	3 tbsp~29|1 package~170
2190482	B	0	552,13.8,37.9,41.4,276,31,12.1,0,3.4,0,1.72,0,448,,0	3 tbsp~29|1 package~226
2448402	B	4	500,3.12,21.9,68.8,656,40.6,18.8,0,3.1,0,2.81,0,0,,0	2 cookies~32|1 package~284
1964699	B	70	333,0,10,60,333,26.7,0,0,,0,,,400	1 tbsp~15|1 package~473
2423683	B	0	607,25,50,21.4,679,3.57,7.14,0,7.1,0,1.43,71,679,,0	1 serving~28|1 package~227
2308562	B	0	607,21.4,53.6,17.9,321,3.57,7.14,0,7.1,0,3.21,107,679,,0	1 serving~28|1 package~418
2382331	B	0	607,21.4,53.6,17.9,339,3.57,7.14,0,7.1,0,2.86,107,679,,0	1 serving~28|1 package~418
2423815	B	0	607,25,53.6,17.9,321,3.57,7.14,0,7.1,0,2.5,107,679,,0	1 serving~28|1 package~227
2382348	B	62	714,0,78.6,0,643,0,50,214,0,0,0,0,0,,0	1 tbsp~14|1 package~453
2083123	B	29	429,7.14,10.7,71.4,1210,0,0,0,0,0,5.14,0,,0,,0,7.14	5 crackers~14|1 package~454
2382338	B	29	438,12.5,9.38,75,844,0,3.12,0,6.2,0,6.25,50,150,,0	5 crackers~16|1 package~454
2382302	B	29	375,6.25,9.38,68.8,812,0,3.12,0,0,0,6.25,125,94,,0	5 crackers~16|1 package~227
1881821	B	4	429,5.71,17.1,65.7,186,31.4,8.57,0,0,0,2.06,57,,0	3 cookies~35|1 package~369
2078650	B	2	263,5.26,15.8,31.6,1050,5.26,7.89,0,0,0,0,0,,0	1 slice~19|1 package~302
2424620	B	7	33,0,0,3.33,667,3.33,0,0,0,0,0,33,167,,0	2 tbsp~30|1 package~411
357445	B	67	370,7.41,0,77.8,2040,3.7,0,0,7.4,0,1.33,74,,22.2,,,,,4.44	½ cup~27
1962379	B	11	0,0,0,0,38600	.12 tsp~.7|1 package~85
2382185	B	5	500,3.57,25,67.9,750,0,1.79,0,3.6,0,2.14,36,786,,0	34 chips~28|1 package~78
2410351	B	5	464,3.57,21.4,67.9,714,3.57,1.79,0,3.6,0,2.5,36,1040,,0	1 serving~28|1 package~85
2024230	B	112	107,8.93,7.14,0,188,0,3.57,36,0,0,1.29,0,,0	1 serving~56|1 package~283
2524041	B	11	0,0,0,0,31700	¼ tsp~1.2|1 package~227
2016589	B	11	0,0,0,0,31700	¼ tsp~1.2|1 package~396
1856646	B	42	250,0,0,65,50,50,0,0,0,0,0,0,,0	1 tbsp~20|1 package~510
2098929	B	81	333,10,0,73.3,1330,3.33,0,0,3.3,0,3.6,133,,0,,,,,5.33,0,.34	¼ cup~30|1 package~2270
2102834	B	40	467,6.67,26.7,66.7,0,60,16.7,0,6.7,0,4.8,0,,0	1 tbsp~15|1 package~340
1970100	B	40	533,6.67,26.7,66.7,0,53.3,16.7,0,6.7,0,1.33,67,333,,0	1 tbsp~15|1 package~340
2399407	B	2	393,25,32.1,3.57,643,0,17.9,107,0,0,0,711,0,,0	1 serving~28|1 package~226
2100630	B	0	679,14.3,64.3,14.3,0,3.57,5.36,0,7.1,0,2.57,71,446,0	1 serving~28|1 package~113
1880788	B	4	500,3.57,21.4,71.4,321,35.7,16.1,0,0,0,2.57,0,,0	2 cookies~28|1 package~391
2080701	B	112	105,17.8,3.95,0,382,0,1.97,36,0,0,2.96,13,,0	2/3 cup~152|1 package~340
2399421	B	2	393,21.4,28.6,3.57,607,0,17.9,89,0,0,0,682,0,,0	1/3 cup~28|1 package~226
2399412	B	2	393,25,32.1,3.57,607,0,17.9,89,0,0,0,686,0,,0	1/3 cup~28|1 package~226
2399410	B	2	393,25,32.1,3.57,607,0,17.9,89,0,0,0,686,0,,0	1/3 cup~28|1 package~226
2053978	B	77	107,14.3,1.79,8.93,250,0,0,54,1.8,0,.64,0,,0	1 serving~56|1 package~283
2388639	B	112	107,23.2,1.79,1.79,607,0,0,80,0,0,0,0,125,,0	1 serving~56|1 package~284
2014326	B	37	33,.83,0,6.67,208,5,0,0,.8,0,0,0,,0	½ cup~120|1 package~425
2385174	B	7	125,0,9.38,6.25,875,0,0,0,6.2,0,6.75,0,0,,0,6.25,0	2 tbsp~16|1 package~64
2100185	B	37	20,.8,0,4,112,1.6,0,0,1.6,0,0,16,,0	½ cup~125|1 package~411
2399425	B	2	381,23.8,33.3,0,619,0,19,95,0,0,0,695,0,,0	1 slice~21|1 package~170
2162293	B	7	18,0,0,3.57,1460,,,,,,,71	1 serving~28|1 package~473
2021766	B	7	17,0,0,3.33,1030,3.33,0,0,0,0,0,0,,30	1 serving~30|1 package~454
2628925	B	37	22,1.77,0,3.54,265,.88,0,0,1.8,0,.35,0,0,,0	1 can~113|1 package~184
2067008	B	37	43,1.23,0,8.59,160,.61,0,0,1.2,0,.22,92,,0	2/3 cup~163|1 package~425
2399440	B	2	333,23.8,28.6,0,857,0,16.7,71,0,0,0,752,0,,0	1 slice~21|1 package~170
2399424	B	2	381,23.8,33.3,0,643,0,19,95,0,0,0,710,0,,0	1 slice~21|1 package~170
2630420	B	11	333,0,0,66.7,5560,44.4,0,0,0,0,0,222,444,,0	1 tsp~4.5|1 package~35
1856165	B	7	167,0,16.7,6.67,767,,0,0,,0,,,,,,10,0	6 olives~15|1 package~170
2024214	B	77	143,16.1,7.14,5.36,696,3.57,2.68,54,0,0,.64,0,,2.1	1 serving~56|1 package~269
2102747	B	76	355,11.8,31.8,5.45,400,0,3.64,41,0,0,.65,55,,0	1 can~110
1885850	B	116	400,10,13.3,63.3,733,16.7,0,0,3.3,0,3.6,0,,0	13 crackers~30|1 package~170
1928830	B	1	391,0,2.17,87,43,39.1,0,0,0,0,0,0,,261,,0,0	1 serving~23|1 package~113
2109688	B	1	391,0,2.17,87,43,39.1,0,0,0,0,0,0,,261,,0,0	1 pouch~23|1 package~113
2143699	B	4	440,4,20,64,320,28,10,0,0,0,2.4,40,60,,0	2 cookies~25|1 package~298
2675227	B	4	440,4,16,68,420,32,8,0,0,0,0,0,0,,0	1 cookie~25|1 package~201
1878583	B	18	46,0,0,11.2,12,11.2	8 fl oz~240|1 package~2000
1873634	B	18	38,0,0,9.17,12,9.17	8 fl oz~240|1 package~2000
1872090	B	18	54,0,0,13.8,10,13.8	1 can~355|1 package~4260
1872091	B	18	46,0,0,10.8,23,10.8	8 fl oz~240|1 package~2500
1902485	B	18	54,0,0,14.2,15,14.2	8 fl oz~240|1 package~2500
1872093	B	18	50,0,0,12.5,15,12.5	8 fl oz~240|1 package~2500
1902487	B	18	50,0,0,12.5,12,12.5	8 fl oz~240|1 package~2500
2164044	B	4	433,3.33,20,63.3,350,33.3,5,17,3.3,0,2,0,200,,0	½ cookie~30|1 package~60
2395011	B	11	0,0,0,0,34500,0,0,0,0,0,0,0,0,,0	¼ tsp~1.1|1 package~131
2390498	B	29	467,6.67,10,80,867,0,0,0,0,0,1.33,0,0,,0	19 crackers~15|1 package~255
2382139	B	75	167,3.33,16.7,3.33,50,3.33,11.7,67,0,0,0,133,167,,0	2 tbsp~30|1 package~454
2425399	B	5	536,3.57,35.7,57.1,571,3.57,5.36,0,3.6,0,0,0,964,,0,8.93,21.4	1 serving~28|1 package~155
1985532	B	5	536,7.14,28.6,57.1,929,3.57,8.93,0,3.6,0,2.14,36,1390,,0	1 serving~28|1 package~99.2
2071376	B	35	67,0,0,13.3,7400,6.67,,,,0	1 tbsp~15|1 package~296
2099117	B	16	375,10.7,1.79,76.8,0,3.57,0,0,3.6,0,3.21,0,,0,,,,,5.36,1,.455,,214	1 serving~56|1 package~454
1946019	B	16	357,12.5,1.79,73.2,0,3.57,0,0,3.6,0,3.21,0,,0,,0,.89,,7.14,1,.455,,214	1 serving~56|1 package~908
2474050	B	16	382,12.7,1.82,76.4,0,3.64,0,0,3.6,0,3.45,31,236,,0,,,,10.9,1,.545,,169	½ cup~55|1 package~908
2655236	B	11	286,0,0,71.4,5710,28.6,0,0,0,0,0,143,429,,0	2 tsp~7|1 package~38.8
1903842	B	21	129,8.24,4.71,14.1,200,2.35,1.18,18,2.4,0,1.27,47,,1.4	1 serving~85|1 package~1080
2008510	B	89	64,1.43,1.79,10.7,550,.71,0,0,.7,0,.51,14,,0	¾ cup~140|1 package~425
2437941	B	24	1,0,0,0,0,0,.17,0,0,0,0,0,0,,0	20 fl oz~591
2437940	B	24	1,0,0,0,0,0,.17,0,0,0,0,0,0,,0	20 fl oz~591
2438634	B	24	0,0,0,0,0,0	8 fl oz~240|1 package~1000
2268186	B	19	0,0,0,0,1500,,,,,,,60	1 tsp~5|1 package~340
2385972	B	5	500,7.14,25,64.3,679,3.57,3.57,0,3.6,0,1.43,107,0,,0,7.14,14.3	1 serving~28|1 package~163
2591348	B	5	500,7.14,25,60.7,536,3.57,3.57,0,7.1,0,1.43,71,286,,0	1 serving~28|1 package~281
2043164	B	10	21,0,0,5,262,3.75,,,.4,,.15,0,,3.8	8 fl oz~240|1 package~1360
2381921	B	62	714,0,78.6,0,393,0,32.1,107,0,0,0,0,0,,0	1 tbsp~14|1 package~425
2156311	B	24	0,0,0,0,3,,,0	12 fl oz~360|1 package~1500
2660431	B	0	571,21.4,50,17.9,482,3.57,8.93,0,7.1,0,0,71,643,,0	1 serving~28|1 package~113
2099464	B	19	88,0,0,17.6,1760,17.6,,,,0	1 tbsp~17|1 package~284
1965022	B	4	500,3.12,21.9,75,78,56.2,9.38,0,0,0,0,6,34,,0,7.81,1.56	4 wafers~32|1 package~226
2546252	B	14	367,8.33,2.5,86.7,17,23.3,0,0,10,0,2.83,0,333,0,0,0,.83,,0,0,0,0,0,75,267,0,2.17,,,.333	1 cup~60|1 package~448
2180359	B	13	364,3.03,6.06,69.7,394,33.3,3.03,0,0,0,2.12,0,121,,0	2 cookies~33|1 package~595
2047491	B	24	0,0,0,.28,0,,,,,,,,31	12 fl oz~360|1 package~1000
2164211	B	13	351,2.7,8.11,64.9,243,32.4,2.7,0,2.7,0,6.22,514,270,,0,,,,10.8,1,.892,1.16,230,,,1.62,2.97	1 bar~37|1 package~295
2136005	B	18	38,0,0,9.17,12,9.17,,,,,,,,6.2	8 fl oz~240|1 package~709
2134345	B	42	300,0,0,70,0,55	1 tbsp~20|1 package~510
2025275	B	4	515,3.03,24.2,72.7,45,54.6,10.6,0,3,0,2.73,12,97,,0	4 pieces~33|1 package~227
2129552	B	3	167,2.56,5.13,28.2,77,26.9,3.21,19,0,0,0,115,219,,0	2/3 cup~78|1 package~1650
1849996	B	139	393,10.7,5.36,75,1610,10.7,0,0,3.6,0,5.14,71,,0,,,,,5.71,1,.364	.17 box~28|1 package~170
2340131	B	4	480,4,20,68,240,24,10,0,4,0,4,16,68,,0	2 cookies~25|1 package~298
2403835	B	22	350,2.5,0,82.5,25,65,0,0,2.5,0,1.5,50,775,,0,0,0	¼ cup~40|1 package~170
1882122	B	0	571,21.4,50,25,679,3.57,7.14,0,10.7,0,5.14,71,,0	1 serving~28|1 package~142
1903845	B	21	106,8.24,3.53,11.8,247,1.18,1.18,24,1.2,0,1.27,24,,0	1 serving~85|1 package~1080
1953650	B	13	457,8.57,22.9,60,357,31.4,7.14,0,2.9,0,0,114,286,,0	1 bar~35|1 package~210
1988755	B	0	393,3.57,3.57,89.3,411,50,0,0,3.6,0,0,0,0,,0	1 ball~28
2338947	B	0	433,6.67,15,73.3,667,26.7,10,0,0,0,6,67,,4	½ cup~30|1 package~212
2076757	B	21	94,3.53,1.18,16.5,212,8.24,0,12,0,0,0,0,,7.1	1 serving~85|1 package~1080
2538663	B	0	429,14.3,35.7,46.4,411,25,5.36,0,7.1,0,2.14,71,357,,0	1 serving~28|1 package~680
2101037	B	7	89,0,0,21.4,607,17.9	1 serving~28|1 package~473
2525510	B	7	117,0,0,26.7,400,26.7,0,0,0,0,0,67,0,,0	2 pickles~30|1 package~473
2508903	B	37	48,2.4,0,8.8,240,4,0,0,2.4,0,.8,16,112,,0	½ cup~125|1 package~425
2269223	B	7	133,0,0,33.3,800,26.7	1 tbsp~15|1 package~473
1946932	B	53	34,0,0,8.02,10,8.02,0,0,0,0,0,0,,0	1 serving~237|1 package~1470
1947226	B	53	25,0,0,6.75,9,6.75,0,0,0,0,0,0,,0	1 serving~237|1 package~1470
2545186	B	53	33,0,0,9.17,6,9.17,0,0,0,0,0,0,,0	1 serving~240|1 package~1890
2545566	B	53	33,0,0,9.17,6,9.17,0,0,0,0,0,0,,0	1 serving~240|1 package~1890
2466190	B	14	400,7.5,2.5,85,312,30,0,0,2.5,0,6,0,175,,0,,,,6,0,.375,.35,82,,,.78,5,2	1 cup~40|1 package~198
2135278	B	104	467,6.67,33.3,46.7,200,33.3,33.3,0,6.7,0,2.4,13,387,,0	3 tbsp~15|1 package~198
2472235	B	39	433,10,10,73.3,150,70,6.67,50,0,0,0,357,497,,0,,,,,,,,20	2 tbsp~30|1 package~396
2278812	B	75	250,0,16.7,16.7,0,16.7,8.33,83,0,0,,0,83,,0	2 tbsp~6|1 package~184
1897764	B	14	387,6.45,0,90.3,581,38.7,0,0,3.2,0,14.5,0,65,48.4,3.23,0,0,,32.3,2,2.74,3.23,,,,4.84	¾ cup~31|1 package~425
2464703	B	14	375,5,0,92.5,325,32.5,0,0,2.5,0,23.8,0,75,75,2.5,,,,37.5,4,4.25,2.5,225,,,1.75	1 cup~40|1 package~298
1849954	B	14	375,6.25,0,90.6,406,53.1,0,0,3.1,0,14.1,312,94,46.9,3.12,0,0,,15.6,1,1.33,1.56,625,,,4.69,11.7	1 cup~32|1 package~346
1897763	B	14	400,10,5,80,700,30,0,0,6.7,0,30,333,233,20,3.33,0,0,,16.7,1,1.42,1.67,,,333,5,12.5	1 cup~30|1 package~347
1854429	B	14	433,3.33,11.7,80,467,33.3,1.67,0,3.3,0,30,333,150,20,3.33,3.33,3.33,,16.7,1,1.42,1.67,,27,267,5,12.5,,,.133	¾ cup~30|1 package~362
2056678	B	2	393,25,32.1,3.57,607,0,17.9,89,0,0,0,714,,0	1/3 cup~28|1 package~227
2481145	B	11	333,0,0,50,4500,16.7,0,0,16.7,0,0,0,0,,0	2 tsp~6|1 package~35
1902495	B	18	54,0,0,13.3,12,13.3	8 fl oz~240|1 package~2500
1903855	B	26	129,4.71,9.41,7.06,612,1.18,1.76,12,1.2,0,.42,24,,0	1 serving~85|1 package~907
2075581	B	19	219,0,18.8,15.6,656,9.38,3.12,16	2 tbsp~32|1 package~340
367410	B	65	0,0,0,0,0,,,,,,,,1330	1 tea bag~2.3
2196178	B	12	286,42.9,3.57,17.9,1710,14.3,0,36,0,0,3.57,0,607,,0	1 serving~28|1 package~68
2082116	B	35	133,0,0,33.3,4130,26.7,0,0,0,0,0,0,,0	1 tbsp~15|1 package~362
2382297	B	0	519,14.8,29.6,48.2,926,3.7,5.56,0,3.7,0,1.48,0,370,,0	¼ cup~27|1 package~283
1111859	B	85	300,7.5,11.2,42.5,575,2.5,2.5,0,2.5,0,3,50,125,,0	1 piece~40
1921354	B	74	294,5.88,10.3,47.1,765,5.88,5.88,0,0,0,2.12,0,,0	1 biscuit~34|1 package~340
2008512	B	15	33,0,0,6.67,533,3.33,0,0,3.3,0,0,0,,12	2 tbsp~30|1 package~908
2168768	B	29	452,6.45,16.1,71,645,12.9,1.61,0,9.7,0,2.9,0,323,,0,6.45,4.84	16 crackers~31|1 package~198
2591220	B	34	236,9.72,8.33,29.9,549,2.78,2.78,17,1.4,0,2.15,90,188,,0	.17 pizza~144|1 package~865
2152859	B	34	249,9.83,8.67,33,468,6.36,3.47,12,1.7,0,2.02,127,231,,0	1 pizza~173
2161107	B	18	56,0,0,13.6,7,13.6	1 can~360
2488270	B	14	390,7.32,4.88,80.5,683,29.3,0,0,4.9,0,13.2,390,244,,0,1.22,1.22,,4.88,2,,.488,59,78,244,,7.32,1.83	1¼ cup~41|1 package~347
2538665	B	0	464,10.7,25,60.7,339,53.6,3.57,0,3.6,0,2.14,36,179,,0	¼ cup~28|1 package~340
2193582	B	10	21,.83,0,4.58,217,3.33,,,.4,,.75,12,208,45.8	.17 bottle~240|1 package~1360
2166523	B	108	64,.8,0,16,384,9.6,,,.8,,.4,16,552	½ cup~125|1 package~304
1995802	B	19	118,0,0,29.4,1060,23.5	1 tbsp~17|1 package~1070
1971537	B	47	91,3.03,0,18.2,61,12.1,,,3,,,,818	2 tbsp~33|1 package~170
2474130	B	47	32,1.59,0,4.76,413,4.76,0,0,1.6,0,0,16,286,6.3,0,,,,,,,,10	¼ cup~63|1 package~425
2153894	B	23	233,0,20,13.3,800,3.33,3.33	2 tbsp~30|1 package~473
2642766	B	32	56,3.17,0,11.1,381,6.35,0,0,1.6,0,.79,32,444,,0	¼ cup~63|1 package~264
1882121	B	0	500,10.7,28.6,57.1,125,32.1,17.9,0,3.6,0,5.14,71,,0	1 serving~28|1 package~284
1881591	B	0	514,14.3,31.4,48.6,486,20,8.57,0,5.7,0,2.06,0,,0	¼ cup~35|1 package~128
1882123	B	0	464,17.9,28.6,46.4,179,28.6,5.36,0,7.1,0,2.57,71,,0	1 serving~28|1 package~85
2168019	B	0	393,3.57,8.93,75,89,57.1,8.93,0,3.6,0,1.43,36,464,,0	1 serving~28|1 package~99
2525455	B	1	353,5.88,0,76.5,0,52.9,0,0,0,0,0,0,0,600,0	1 pouch~17|1 package~544
1995611	B	10	14,0,0,3.93,0,3.37,0,0,0,0,0,6,0,,0	1 pack~178|1 package~1424
2288884	B	0	464,10.7,28.6,50,107,28.6,14.3,0,7.1,0,2.57,71,,17.1	1 serving~28|1 package~284
1903851	B	21	118,10.6,4.12,9.41,212,1.18,1.18,24,1.2,0,1.27,24,,1.4	1 serving~85|1 package~992
2590995	B	0	556,11.1,40.7,40.7,259,33.3,13,19,3.7,0,1.48,148,407,,0	3 tbsp~27|1 package~170
2104929	B	84	286,0,0,81,0,81,0,0,0,0,0,0,0,,0	1 tbsp~21|1 package~680
2421278	B	0	571,25,50,21.4,0,3.57,7.14,0,7.1,0,2.14,0,643,,0	1 serving~28|1 package~454
2382361	B	62	714,0,78.6,0,0,0,50,214,0,0,0,0,0,,0	1 tbsp~14|1 package~453
2385601	B	11	0,0,0,0,36900,0,0,0,0,0,0,0,0,,0	¼ tsp~1.3|1 package~120
1879609	B	53	0,0,0,0,4,0	8 fl oz~240|1 package~1750
2103016	B	70	500,0,20.8,75,42,58.3,12.5,0,0,0,0,0,0,,0,8.33,0	4 tsp~12|1 package~425
2127793	B	4	516,6.45,25.8,64.5,258,38.7,16.1,0,0,0,0,0,0,,0	10 wafers~31|1 package~200
1988779	B	4	500,7.5,22.5,65,238,35,17.5,0,0,0,.9,150,175,,0	8 wafers / null~40
2138231	B	4	500,3.12,21.9,75,94,56.2,9.38,0,0,0,0,6,34,,0,7.81,1.56	4 wafers~32|1 package~226
2025277	B	4	515,3.03,21.2,72.7,45,54.6,10.6,0,3,0,3.33,12,94,,0	4 pieces~33|1 package~227
2542594	B	3	319,2.2,22,28.6,71,23.1,19.8,5,1.1,0,.77,99,165,,0	2 bars~91|1 package~887
1999440	B	3	163,3.49,5.23,25.6,87,22.1,3.49,17,0,0,0,151,198,,0	2/3 cup~86|1 package~1650
2657214	B	3	241,3.7,5.56,44.4,194,24.1,2.78,19,1.9,0,0,93,185,,0	1 sandwich~54|1 package~1240
1997405	B	3	317,6.1,17.1,37.8,98,23.2,11,6,1.2,0,1.46,85,244,,0	1 cone~82|1 package~544
2502843	B	3	173,2.47,6.17,25.9,68,18.5,4.94,12,0,0,0,111,173,,0	2/3 cup~81|1 package~3780
2469645	B	3	231,3.85,10.3,29.5,96,24.4,5.13,26,0,0,.77,90,269,,0	2/3 cup~78|1 package~1650
2469848	B	3	237,3.39,6.78,42.4,229,25.4,4.24,17,1.7,0,0,85,169,,0	1 sandwich~59|1 package~1240
2100687	B	3	200,3.08,9.23,27.7,154,24.6,6.15,38,0,0,0,123,,0	½ cup~65|1 package~1650
1920876	B	3	215,3.08,10.8,24.6,123,23.1,6.15,38,0,0,0,123,,0	½ cup~65|1 package~1650
1888280	B	3	215,3.08,10.8,24.6,123,23.1,6.15,38,0,0,0,123,,0	½ cup~65|1 package~3780
2151915	B	3	340,3.19,22.3,30.8,69,23.4,18.1,16,1.1,0,1.06,96,191,,0	2 bars~94|1 package~887
2481937	B	4	471,5.88,17.6,73.5,221,35.3,7.35,0,2.9,0,2.06,29,59,,0,1.47,1.47	3 cookies~34|1 package~334
2541879	B	3	241,3.7,5.56,44.4,194,24.1,2.78,9,1.9,0,0,93,185,,0	1 sandwich~54|1 package~1240
2038654	B	4	438,3.12,12.5,78.1,375,37.5,4.69,0,3.1,0,2.5,0,0,,0,4.69,3.12	9 cookies~32|1 package~311
2469851	B	3	254,5.08,6.78,42.4,229,22,4.24,17,1.7,0,0,85,186,,0	1 sandwich~59|1 package~1240
2160140	B	108	64,3.2,1.2,10.4,680,.8,.32,4,1.6,,.56,16,128	½ cup~125|1 package~304
2658621	B	51	4,0,0,1.25,333,.83,0,0,0,0,0,0,0,,0,0,0	1 cup~240|1 package~907
2629787	B	29	467,6.67,20,66.7,933,6.67,0,0,0,0,3.33,0,0,,0,13.3,0	3 crackers~15|1 package~226
2437029	B	41	857,0,100,0,0,0,14.3,0,0,0,0,0,0,,0,25,57.1	1 tbsp~14|1 package~3780
2140901	B	29	500,6.25,21.9,68.8,938,6.25,3.12,0,0,0,3.75,0,0,,0	5 crackers~16|1 package~283
2431313	B	31	113,2.67,1.33,22.7,27,1.33,0,0,2,0,1.33,34,113,,0	1 cup~150|1 package~283
2023866	B	108	65,2.44,0,15.4,577,3.25,0,0,1.6,0,.59,16,,0	½ cup~123|1 package~298
2464512	B	39	62,3.33,3.33,5,50,4.58,2.08,15,,,,117,158,,1.05	1 cup~240|1 package~1890
2136003	B	10	46,0,0,11.7,12,11.2,,,,,,,,6.2	8 fl oz~240|1 package~709
2602447	B	6	231,15.4,3.85,42.3,538,3.85,0,0,7.7,0,3.08,192,0,,0,0,0,,1.15,0,.077,,0	1 slice~26|1 package~567
2144348	B	23	267,0,20,13.3,733,13.3,0,33	1 tbsp~15|1 package~887
1903850	B	26	153,5.88,7.06,12.9,353,2.35,3.53,24,1.2,0,.42,94,,2.8	1 serving~85|1 package~1080
2024228	B	112	143,14.3,7.14,5.36,571,1.79,1.79,36,0,0,0,0,,0	1 serving~56|1 package~142
1903847	B	21	106,4.71,1.76,16.5,376,8.24,0,12,0,0,0,0,,7.1	1 serving~85|1 package~1080
2024226	B	112	89,14.3,1.79,3.57,786,0,0,27,0,0,.64,0,,0	1 serving~56|1 package~142
2050264	B	10	42,0,0,10.8,12,10.8,,,,,,,12,25	8 fl oz~240|1 package~1890
2479926	B	6	269,7.69,1.92,50,462,3.85,0,0,0,0,2.69,96,77,,0,0,0,,4.23,0,.385,,104	1 slice~26|1 package~567
2652399	B	61	356,6.67,0,80,0,0,0,0,2.2,0,.89,0,0,,0	¼ cup~45|1 package~2270
1873278	B	4	458,4.17,18.8,70.8,292,33.3,12.5,0,0,0,3,0,,0	2 cookies~24|1 package~326
2044565	B	0	571,17.9,50,32.1,304,3.57,8.93,0,3.6,0,6.43,71,,0	1 serving~28|1 package~61
2464659	B	14	356,8.47,.85,79.7,305,35.6,0,0,10.2,0,8.47,51,678,,3.4,,,,10.2,1,1.02,.508,102,127,305,2.03,3.39	1 cup~59|1 package~530
1885284	B	14	339,8.47,1.69,79.7,475,33.9,0,0,10.2,0,15.2,34,542,0,2.55,0,.85,,8.48,1,.72,.847,339,136,339,2.54,6.36,,,.339	1 cup~59|1 package~566
2426704	B	37	48,.8,.4,7.2,8,1.6,0,0,.8,0,0,10,100,,0	½ cup~125|1 package~432
1473472	B	47	21,.83,0,4.13,99,2.48,0,0,.8,0,.3,17,,7.4	½ cup~121
2279592	B	7	36,0,0,3.57,1180,0,0,0,3.6,0,0,,54,,0	1 serving~28|1 package~355
2398068	B	55	36,.71,0,8.57,0,5,0,0,1.4,0,.43,21,121,,0	1 cup~140|1 package~283
2076400	B	78	143,19,7.94,0,429,0,1.59,63,0,0,2.86,143,,1.9	¼ cup~63|1 package~418
2384265	B	29	429,7.14,14.3,71.4,571,0,1.79,0,10.7,0,2.5,0,0,,0,1.79,8.93	6 crackers~28|1 package~198
2016590	B	44	64,0,0,16.4,4,12.9,0,0,2.9,0,0,0,,1.7	½ cup~140
1107032	B	44	64,0,0,15.7,0,14.3,0,0,.7,0,0,9,51,,0	½ cup~140
2630294	B	81	367,6.67,1.67,83.3,0,3.33,0,0,3.3,0,4.33,0,100,,0	¼ cup~30|1 package~907
2031846	B	19	0,0,0,0,1600	1 tsp~5|1 package~397
1920303	B	0	476,2.38,23.8,64.3,36,59.5,23.8,0,0,0,.86,143,,0	¼ cup~42|1 package~184
2024317	B	73	0,0,0,100,0,100	1 packet~1|1 package~35
2554895	B	73	0,0,0,100,0,100	1 packet~1|1 package~100
2153890	B	23	100,0,10,3.33,833,3.33,1.33	2 tbsp~30|1 package~473
2386187	B	5	464,3.57,21.4,64.3,1250,0,3.57,0,3.6,0,0,36,36,,0	1 serving~28|1 package~70.9
2428119	B	16	364,14.6,1.82,74.6,0,1.82,0,0,3.6,0,4.18,16,225,0,0,0,.91	½ cup~55|1 package~454
2585148	B	19	200,0,10,0,2300	1 tsp~5|1 package~198
2538073	B	19	200,0,10,0	1 serving~5|1 package~198
2217216	B	19	200,0,10,0	1 tsp~5|1 package~200
2652468	B	24	0,0,0,0,0,0,,,,,,0,0,,0	1 can~360
2643182	B	24	0,0,0,0,0,0,,,,,,0,0,,0	1 serving~180|1 package~355
2671093	B	24	0,0,0,0,0,0,,,,,,0,0,,0	5 mg thc per can 1 can~360
2652469	B	18	0,0,0,0,0,0,,,,,,0,0,,0	1 serving~180|1 package~355
2595418	B	12	484,6.45,22.6,64.5,613,29,3.23,0,3.2,0,2.26,32,194,,0,12.9,4.84	½ cup~31|1 package~179
2674595	B	12	467,6.67,20,70,1130,3.33,1.67,0,3.3,0,3.33,33,167,,0,10,5	½ cup~30|1 package~162
2595426	B	5	517,3.45,27.6,65.5,621,13.8,3.45,0,6.9,0,2.07,34,207,,0,5.17,13.8	19 crisps~29|1 package~201
2595427	B	5	517,6.9,27.6,65.5,690,13.8,3.45,0,6.9,0,2.07,69,241,,0,5.17,13.8	19 crisps~29|1 package~201
2595430	B	5	483,3.45,24.1,65.5,793,10.3,3.45,0,3.4,0,2.07,34,207,,0,5.17,13.8	19 crisps~29|1 package~201
2451873	B	29	467,6.67,20,66.7,900,10,0,0,3.3,0,3,0,133,,0,10,5	34 crackers~30|1 package~311
2164512	B	29	500,7.14,21.4,64.3,893,7.14,0,0,0,0,2.86,0,71,,0,3.57,14.3	4 crackers~14|1 package~1550
2641927	B	29	467,6.67,20,66.7,1000,10,1.67,0,3.3,0,3,33,100,,0,11.7,6.67	34 crackers~30|1 package~283
2654142	B	116	467,6.67,20,70,833,10,3.33,0,3.3,0,3,33,100,,0,5,10	32 crackers~30|1 package~311
2590109	B	29	500,3.57,26.8,67.9,643,12.5,3.57,0,5.4,0,1.96,36,196,,0,6.25,14.3	1 pouch~56
2410621	B	29	524,4.76,28.6,66.7,667,14.3,4.76,0,4.8,0,1.9,48,238,,0,4.76,14.3	1 pouch~21
2590110	B	29	500,5.36,26.8,64.3,679,14.3,4.46,0,5.4,0,1.96,71,268,,0,6.25,14.3	1 pouch~56
2375496	B	116	517,6.9,27.6,65.5,690,13.8,3.45,0,6.9,0,2.07,69,241,,0,5.17,13.8	19 crisps~29|1 package~201
2411630	B	29	483,3.45,24.1,65.5,793,6.9,3.45,0,3.4,0,2.07,34,207,,0,5.17,12.1	19 crisps~29|1 package~201
2276548	B	12	483,3.45,24.1,65.5,793,10.3,3.45,0,3.4,0,2.07,34,207,,0,5.17,13.8	19 crisps~29|1 package~201
2304404	B	29	483,6.9,24.1,65.5,793,10.3,3.45,0,3.4,0,2.07,69,241,,0,6.9,13.8	19 crisps~29|1 package~567
2043147	B	24	0,0,0,0,0	10 fl oz~296
1902568	B	25	14,0,0,3.38,12,3.38,,,,,,,,20.3	10 fl oz~296
1877609	B	25	14,0,0,3.38,12,3.38,,,,,,,,20.3	10 fl oz~296|1 package~4440
2468014	B	10	14,0,0,3.38,19,3.38,,,,,,,,,,,,,6.76,,,.676,,,,2.03,,1.69	10 fl oz~296
2468016	B	25	14,0,0,3.38,19,3.38,,,,,,,,,,,,,6.76,,,.676,,,,2.03,,1.69	10 fl oz~296
2194742	B	131	255,16,13.8,17,681,0,2.13,37,1.1,0,1.15,21,,0,,4.26,6.38	2 pieces~94|1 package~2270
2419564	B	83	422,11.1,40,0,933,0,13.3,67,0,0,.8,0,,0	1 patty~45|1 package~2270
2368245	B	131	188,15.2,5.36,19.6,893,.89,.89,40,1.8,0,.96,18,,0	1 serving~112|1 package~2270
2013722	B	83	168,18.6,9.73,0,75,0,3.54,75,0,0,1.27,0,,1.1	1 serving~113|1 package~453
1899712	B	48	168,18.6,9.73,0,75,0,3.54,75,0,0,1.27,0,,1.1	1 serving~113|1 package~453
1976318	B	12	357,3.57,0,78.6,0,21.4,0,0,0,0,0,0,21,,0	1 -1/4 cup~28|1 package~113
1981032	B	12	357,3.57,0,78.6,18,21.4,0,0,0,0,0,0,21,,0	1 -1/4 cup~28|1 package~113
2381822	B	18	4,0,0,1.06,17,0	1 serving~473
2381821	B	18	4,0,0,.63,17,0	1 can~473
2431530	B	18	4,0,0,1.09,11	1 can~458
2071674	B	48	255,17.4,24.2,0,67,0,8.05,70,0,1.34,1.81,13,,,,8.72,.67	1 serving~149|1 package~604
2071675	B	83	312,20.5,24.1,0,80,0,8.93,85,0,1.34,2.41,18,,,,10.7,.45	1 serving~112|1 package~1134
1911709	B	1	429,0,7.14,92.9,0,57.1,0,0,0,0	3 pieces~14|1 package~200
2097592	B	9	368,5.26,17.5,47.4,404,17.5,8.77,0,1.8,0,1.26,105,,0	1 donut~57|1 package~340
2165236	B	9	353,2.35,14.1,50.6,259,24.7,7.06,0,1.2,0,1.76,165,59,,0	1 fritter~85|1 package~510
1917383	B	2	267,3.33,20,20,1030,0,5,0,0,6.67,0,0,,0	1/3 cup~30|1 package~907
2153741	B	9	419,4.84,21,53.2,435,29,11.3,0,1.6,0,2.32,65,,0	1 donut~62|1 package~374
2675622	B	9	368,5.26,17.5,45.6,351,17.5,8.77,0,1.8,0,1.93,105,70,,0	1 donut~57|1 package~680
2152906	B	9	312,3.91,15.6,39.8,297,18,7.81,8,.8,0,.84,47,,0	1 serving~128|1 package~510
2153748	B	9	403,4.84,21,50,452,25.8,9.68,0,1.6,0,1.77,81,129,,0	1 donut~62|1 package~374
2296665	B	9	419,3.23,21,54.8,419,29,11.3,0,1.6,0,1.74,65,,0	1 donut~62|1 package~374
2153740	B	9	400,5,21.7,45,450,20,11.7,25,1.7,0,1.8,33,,0	1 donut~60|1 package~357
1132269	B	9	396,4.17,20.8,47.9,417,22.9,10.4,21,2.1,0,1.5,42,,0	3 donut holes~48
2668053	B	9	417,6.25,22.9,50,479,22.9,10.4,0,2.1,0,1.88,21,104,,0	3 donut holes~48|1 package~340
2668054	B	9	417,6.25,22.9,47.9,479,20.8,10.4,0,2.1,0,1.67,21,104,,0	3 donut holes~48|1 package~340
2153736	B	46	329,3.53,14.1,47.1,247,23.5,7.06,0,1.2,0,1.69,176,,10.6	1 fritter~85|1 package~510
2470484	B	9	388,4.08,20.4,46.9,388,24.5,10.2,20,2,0,1.43,102,82,,.2	3 donut holes~49|1 package~340
2470485	B	9	388,4.08,20.4,49,388,24.5,9.18,20,2,0,1.63,102,82,,.2	3 donut holes~49|1 package~340
2268756	B	9	409,4.55,19.7,56.1,364,31.8,9.09,8,1.5,0,1.52,121,61,,0	1 donut~66|1 package~397
2675623	B	9	429,4.08,20.4,55.1,388,28.6,9.18,10,2,0,1.63,102,61,,0	3 donut holes~49|1 package~340
1930321	B	9	329,4.71,14.1,45.9,259,21.2,7.06,0,1.2,0,1.69,176,,10.6	1 fritter~85|1 package~510
2153739	B	9	400,3.33,20,50,467,25,10,25,1.7,0,1.8,100,,0	1 donut~60|1 package~357
2268644	B	9	328,3.91,14.8,45.3,273,21.9,7.03,8,.8,0,.84,78,,0	1 serving~128|1 package~510
2153747	B	9	360,4,18,46,340,20,9,0,0,0,1.8,120,60,,0	5 donut holes~50|1 package~213
2268755	B	9	359,5.13,18,46.2,333,20.5,8.97,0,0,0,1.79,128,51,,0	1 donut~39|1 package~468
2153734	B	9	421,7.02,24.6,43.9,561,14,10.5,0,1.8,0,2.11,18,123,,0	1 donut~57|1 package~340
2153744	B	9	410,6.56,24.6,42.6,557,14.8,11.5,0,1.6,0,1.97,16,131,,0	4 donut holes~61|1 package~312
2153745	B	9	417,5,23.3,46.7,517,18.3,10,0,1.7,0,1.83,17,117,,0	1 donut~60|1 package~357
2462884	B	2	345,5.04,20.2,36.1,328,14.3,10.9,21,.8,0,1.34,25,67,,.075	1 donut~119|1 package~476
2152907	B	9	328,4.2,16,41.2,303,16.8,7.56,8,.8,0,.91,17,,0	1 serving~119|1 package~476
2153738	B	9	419,4.84,21,53.2,403,29,9.68,0,1.6,0,1.61,65,129,,0	1 donut~62|1 package~374
2153733	B	9	419,4.84,21,53.2,403,29,9.68,0,1.6,0,1.45,65,97,,0	1 donut~62|1 package~374
2153737	B	9	403,3.23,19.4,53.2,452,30.6,9.68,16,1.6,0,2.32,65,,0	1 donut~62|1 package~374
2653543	B	102	136,13.6,9.09,2.27,80,0,3.41,375,0,0,1.82,36,125,,2	1 egg~44|1 package~264
1888821	B	11	0,0,65,0,32000,0,0,0,0,0,0,0,,0	1 serving~1|1 package~1.8
1888820	B	11	333,0,3.33,66.7,4200,0,0,0,6.7,0,2.4,0,,0	2 tbsp~15|1 package~454
2428866	B	78	214,50,3.57,0,1790,0,1.79,89,0,0,7.14,0,821,,0	1 serving~28|1 package~227
1963796	B	0	607,25,46.4,25,304,3.57,7.14,,17.9,0,2.57	1 serving~28|1 package~50
2300341	B	0	571,21.4,42.9,28.6,429,17.9,5.36,,7.1,0,3.86,71	1 serving~28|1 package~127
2057293	B	116	515,7.69,23.1,69.2,246,38.5,19.2,0,0,0,0,0,,0	1 bar~13|1 package~52
2057292	B	29	500,7.69,23.1,69.2,200,23.1,15.4,0,0,0,0,0,,0	1 bar~13|1 package~52
1996580	B	1	333,0,0,80,40,80,,0	3 pieces~15|1 package~112
443949	B	41	800,0,93.3,0,0,0,13.3,,0,0	1 tbsp~15
2285275	B	22	300,2.5,0,80,0,72.5,0,0,7.5,0,.9,50,725,0	5 -6 pieces~40|1 package~907
2009545	B	2	214,14.3,16.1,7.14,232,7.14,10.7,89,0,0,0,71,,0	1 serving~28|1 package~113
2082897	B	39	65,3.33,3.75,4.17,,,2.5,10,,0,,125,190	8 fl oz~240|1 package~946
2185629	B	17	112,7.06,2.94,12.9,38,10,1.76,12,0,0,0,206,,0	1 serving~170
2185630	B	17	82,8.82,3.53,3.53,44,1.76,2.35,15,0,0,0,265,,0	1 serving~170
2056725	B	2	89,8.93,4.46,5.36,339,3.57,3.57,27,,0,,714	¼ cup~56|1 package~227
2185631	B	17	88,7.06,2.94,8.24,38,6.47,1.76,12,0,0,0,206,,0	1 container~170
2082288	B	39	59,3.39,3.81,3.39,44,2.97,2.12,11,0,0,0,127,,1.5	8 fl oz~236
2049183	B	8	429,3.57,17.9,67.9,107,60.7,10.7,18,3.6,0,1.29,0,,0	1 serving~28|1 package~85
1879943	B	1	429,3.57,21.4,60.7,964,46.4,12.5,18,0,0,0,143,,0	1 serving~28|1 package~85
1875795	B	8	429,0,8.93,89.3,18,85.7,5.36,0,0,0,1.29,0,,0	1 serving~28|1 package~85
2289399	B	1	429,3.57,17.9,64.3,196,60.7,8.93,18,0,0,0,71,,0	1 serving~28|1 package~85
2119901	B	11	0,0,0,0,1890,0,0,0,0,0,0,0,,0	¼ tsp~9|1 package~650
2156866	B	19	214,14.3,16.1,3.57,1390,0,8.93,54,0,0,0,286,,0	2 tbsp~28|1 package~440
2015424	B	7	107,14.3,5.36,0,1070,,2.68,18,,0,0,,,0	1 serving~56|1 package~907
2525337	B	7	107,14.3,5.36,0,1070,,2.68,18,,0,0,,,0	1 serving~56|1 package~425
2593793	B	117	24,0,0,5.6,40,5.6,0,0,0,0,0,4,112,,0	8.4 fl oz~250|1 package~500
1662345	B	20	24,1.19,0,5.95,0,2.38,0,0,3.6,0,.43,0,,2.9	.2 average eggplant~84
579081	B	20	32,0,1.91,5.88,0,2.94,0,0,2.9,,.53,0,,12.4	1 serving~34
577425	B	20	27,2.35,0,4.71,12,3.53,0,0,1.2,0,,,,120	1 serving~85
2539397	B	25	21,0,0,3.81,2,2.96	16 fl oz~473
2485656	B	36	80,15.9,.88,0,619,0,0,146,0,0,.44,91,195,,.1	1 serving~113|1 package~907
2016995	B	1	390,0,0,95.1,183,78	24 pieces~41|1 package~226
2180766	B	79	375,0,0,93.8,0,68.8,0,0,0,0,0,0,,0	3 pieces~16|1 package~283
1879206	B	1	375,0,0,91.7,0,66.7,0,0,0,0,0,0,,0	2 pieces~12|1 package~170
2050559	B	1	350,0,0,85,38,72.5,0,0,0,0,0,0,,0	4 pieces~40|1 package~255
2045587	B	1	326,0,0,83.7,47,69.8,0,0,0,0,0,0,,0	5 pieces~43|1 package~255
2041016	B	1	350,0,0,85,38,72.5,0,0,0,0,0,0,,0	3 pieces~40|1 package~311
2160736	B	79	429,0,0,100,71,92.9	4 mints~14|1 package~156
2050565	B	1	350,0,0,85,0,70,0,0,0,0,0,0,,0	3 pieces~40|1 package~255
2042445	B	1	357,0,0,90.5,0,81,0,0,0,0,0,0,,0	14 pieces~42|1 package~255
1878329	B	1	444,0,5.56,94.4,83,55.6,2.78,0,0,0,0,0,,0	5 pieces~18|1 package~170
1921364	B	1	366,0,0,90.2,37,80.5,0,0,0,0,0,0,,0	14 pieces~41|1 package~255
1964870	B	1	400,0,0,93.3,0,86.7,0,0,0,0,0,0,0,,0	37 pieces~15|1 package~184
1900424	B	1	310,7.14,0,71.4,60,47.6,0,0,0,0,0,0,,0	13 pieces~42|1 package~170
1878945	B	1	400,0,0,100,67,73.3,0,0,0,0,0,0,,0	3 pieces~15|1 package~283
2612074	B	1	333,0,0,85.2,0,66.7,0,0,0,0,0,0,0,,0	2 pieces~27|1 package~226
2506733	B	1	400,0,0,100,0,100,0,0,0,0,0,0,0,,0	4 pieces~15|1 package~170
517535	B	1	400,0,0,100,0,73.3,0,0,0,0,0,0,,0	3 pieces~15
2273052	B	38	339,3.57,0,92.9,241,58.9,0,0,5.4,0,4.82,143,,2.1	1 package~56
2508409	B	38	367,8.33,3.33,78.3,367,33.3,.83,25,3.3,0,5,42	1 bag~60
1920466	B	38	357,3.57,1.79,82.1,1110,42.9,0,0,3.6,0,5.14,0,,0	¼ package~28|1 package~119
2272202	B	0	485,6.06,21.2,63.6,121,42.4,12.1,15,3,0,0,0,0,,0	3 biscuits~33|1 package~200
2046279	B	8	467,6.67,20,66.7,500,53.3,13.3,0,0,0,0,67,,0	1 pieces~15|1 package~60
2315375	B	86	92,0,0,23.3,0,23.3,0,0,0,0,0,0,,0	4 fl oz~120|1 package~460
2042804	B	8	467,6.67,20,66.7,500,53.3,13.3,0,0,0,0,67,,0	1 pieces~15|1 package~60
1941405	B	38	357,7.14,3.57,82.1,393,39.3,0,0,3.6,0,2.57,0,,0	1 serving~28|1 package~60
1941374	B	86	83,0,0,21.7,0,21.7,0,0,0,0,0,0,,0	4 fl oz~120|1 package~460
1920465	B	1	400,0,0,100,0,73.3,0,0,0,0,0,0,,0	1 pieces~15|1 package~45
1920464	B	1	400,0,0,100,0,73.3,0,0,0,0,0,0,,0	1 pieces~15|1 package~45
2042809	B	1	400,0,0,96,0,60,0,0,0,0,0,0,,0	.05 piece~25|1 package~500
1851701	B	78	160,24,8,0,800,0,4,40,0,0,0,0,,0	1 serving~50|1 package~113
576977	B	102	140,12,10,0,140,,3,370,,0,1.44,40,140,0,2,,,,,0,.51,.16,48,,200,.96,1.2	1 egg~50
1936467	B	26	214,15.5,9.52,16.7,476,0,1.79,42,0,0,.86,0,,0	1 serving~84|1 package~340
1968676	B	26	202,14.3,16.7,3.57,595,1.19,2.98,89,0,0,.43,0,,1.4	1 serving~84|1 package~340
1954769	B	83	195,16.8,19.5,0,292,0,3.54,93,0,0,.64,0,,0	1 piece~113|1 package~453
1936469	B	26	107,20.2,2.38,2.38,464,0,.6,54,0,0,.43,0,,0	1 serving~84|1 package~340
2464030	B	36	107,14.3,5.36,0,27,0,1.79,49,0,0,.67,67,377,,15.9	1 serving~112|1 package~340
2397037	B	36	60,14.3,.6,0,536,0,0,143,0,0,0,0,0,,0	1 serving~84|1 package~340
2377102	B	36	54,13.4,.45,0,652,,0,125,0,0,0,28,0,,0	1 serving~112|1 package~907
2468288	B	15	259,11.1,29.6,3.7,407,3.7,,74,0,0,0,0,0,,7.4	2 tbsp~27|1 package~227
1982364	B	15	407,7.41,37,33.3,296,3.7,5.56,37,0,0,0,0,0,,0	2 tbsp~27|1 package~227
2401154	B	20	50,1,0,13,0,10,0,0,1,,.18,10,105,,0	1 serving~100|1 package~454
2424409	B	36	153,10.6,4.12,20,729,1.18,.59,76,0,0,1.18,41,108,,0	1 serving~85|1 package~340
2465462	B	36	187,16.5,4.95,20.9,396,1.1,1.1,33,0,0,1.1,13,248,,2.2	1 fillet~91|1 package~454
1548192	B	20	21,0,0,4.26,0,0,0,0,2.1,0,.77,0,,89.4	½ cup~47
1548189	B	20	24,1.19,0,5.95,0,2.38,0,0,3.6,0,.43,0,,2.9	.2 average eggplant~84
2124781	B	20	345,23.8,1.19,61.9,18,0,0,0,10.7,0,8.57,119,,1.4	½ cup~84
1548190	B	20	30,2.41,0,7.23,6,1.2,0,0,3.6,0,.87,72,,21.7	7 pods~83
1662343	B	20	14,1.43,0,2.86,64,1.43,0,0,1.4,0,1.03,114,,42.9	1 cup~70
1664500	B	20	31,.67,.44,6.04,4,4.03,0,0,2,,.48,7,,128	1 cup~149
1920458	B	6	225,7.5,1.88,41.2,425,2.5,0,0,1.2,0,2.25,100,,0	1 roll~80|1 package~482
2060500	B	20	41,2.35,0,8.24,71,0,0,0,2.4,0,3.18,176,,127	1 cup~85|1 package~340
1548191	B	20	11,1.08,0,2.15,0,1.08,0,0,1.1,,.39,22,,6.5	1/3 medium~93
1661975	B	20	27,1.08,.35,6.45,2,0,0,0,1.1,0,.48,11,,164	1 serving~186
1664796	B	20	73,2,0,17.3,4,9.33,0,0,1.3,0,3.36,13,,4	1 cup~150
2057025	B	6	237,10.5,3.95,42.1,395,5.26,0,0,7.9,0,2.84,263,,0,,,,,3.16,0,.089	1 slice~38|1 package~680
1912603	B	6	225,7.5,2.5,40,575,2.5,0,0,2.5,0,2.7,100,,0,,,,,3,0,.17	1 slice~40|1 package~680
2288340	B	6	250,10,2.5,47.5,650,2.5,0,0,5,0,2.7,100,,0,,,,,3,0,.255	1 slice~40|1 package~680
2057024	B	6	225,7.5,2.5,45,400,2.5,0,0,2.5,0,2.7,50,,0,,,,,3,0,.255	1 slice~40|1 package~680
2101946	B	6	279,9.3,2.33,53.5,488,2.33,0,0,2.3,0,3.35,186,,5.6	1 roll~43|1 package~425
2482119	B	52	168,2.65,2.65,34.5,195,26.6,1.33,13,.9,0,.62,35,88,,0,,,,,,,,19	1 serving~113|1 package~907
2441005	B	46	431,3.92,23.5,54.9,353,35.3,13.7,59,3.9,,0,0,,0	1 piece~25.5|1 package~255
2443312	B	4	331,4.42,13.2,50.8,132,19.9,8.83,22,2.2,,2.38,88,,0	1 serving~45.3|1 package~226
2439839	B	4	268,3.57,10.7,41.1,107,16.1,4.46,18,1.8,,1.29,36,,0	1 serving~56
1828692	B	4	538,5.77,26.9,71.2,231,42.3,17.3,67,1.9,0,3.46,0,,0	1 serving~52|1 package~624
2441049	B	46	431,3.92,23.5,54.9,353,35.3,13.7,59,3.9,,0,0,,0	1 piece~25.5|1 package~255
2049241	B	8	484,6.45,29,51.6,968,32.3,12.9,81,3.2,0,2.32,0,,0	1 piece~31|1 package~280
2438564	B	9	319,3.54,14.2,46,239,32.7,2.65,53,0,,.96,35,,0	1 piece~113|1 package~453
2438565	B	9	327,3.54,14.2,46.9,239,32.7,2.65,53,.9,,1.27,35,,0	1 piece~113|1 package~453
2020440	B	6	233,11.6,3.49,46.5,465,6.98,0,0,11.6,0,1.67,186,,0,,0,1.16	1 serving~43|1 package~340
2077522	B	66	265,8.82,7.35,48.5,721,1.47,3.68,0,7.4,0,2.65,441,,0	1 serving~68|1 package~408
1934977	B	6	357,10.7,8.93,57.1,321,17.9,5.36,36,3.6,0,2.5,143,0,,0,0,0	1 serving~28|1 package~340
2066246	B	6	262,8.2,3.28,50.8,475,6.56,0,0,1.6,0,2.95,131,,0,,.82,2.46	1 serving~61
1850910	B	6	281,9.38,3.12,53.1,625,3.12,0,0,3.1,0,3.38,62,,0,,0,1.56	1 serving~32|1 package~567
1904273	B	6	305,8.42,2.63,61,347,13.7,1.58,0,2.1,0,3.79,421,,0,3.67,.53,.53,,3.16,0,.268	1 serving~95|1 package~567
2079435	B	6	261,8.7,0,52.2,543,0,0,0,0,0,3.13,87,,0	1 slice~23|1 package~454
2077096	B	6	274,9.47,1.05,59,389,7.37,0,0,2.1,0,3.79,737,,0,5.28,0,.53,,3.16,0,.268	1 serving~95|1 package~567
2056166	B	6	261,8.7,3.26,52.2,630,4.35,0,0,4.3,0,3.13,43,,0,,0,2.17	1 serving~46
2077116	B	6	286,7.14,5.36,53.6,357,21.4,1.79,0,3.6,0,2.57,536,,0,,0,0	1 serving~28|1 package~454
1885529	B	6	283,8.7,7.61,47.8,478,6.52,3.26,11,2.2,0,2.35,0,,0,,2.17,2.17	1 serving~46|1 package~510
2020439	B	6	233,9.3,2.33,44.2,395,4.65,0,0,9.3,0,2.51,93,,0,,0,1.16	1 serving~43|1 package~340
2077280	B	6	211,8.77,1.75,42.1,474,1.75,0,0,1.8,0,2.53,140,,0,,0,.88	1 serving~57|1 package~340
2077375	B	6	239,10.9,2.17,52.2,435,8.7,0,0,8.7,0,2.35,543,,0,2.17,0,1.09	1 serving~46|1 package~369
2077298	B	6	239,10.9,2.17,47.8,348,8.7,0,0,10.9,0,2.35,543,,0,7.6,0,1.09	1 serving~46|1 package~369
1885530	B	6	245,10.2,4.08,42.9,388,8.16,0,0,6.1,0,2.94,82,,0,,1.02,2.04	1 serving~49|1 package~680
2077197	B	6	233,11.6,2.33,46.5,465,6.98,0,0,11.6,0,1.67,140,,0,,0,1.16	1 serving~43
1885527	B	6	239,10.9,4.35,41.3,370,8.7,0,0,6.5,0,2.35,43,,0,,0,2.17	1 serving~46|1 package~510
2077351	B	6	221,11.6,1.58,46.3,347,7.37,0,0,6.3,0,2.84,211,,0,1.05,0,1.05,,4.21,0,0	1 serving~95|1 package~567
2056168	B	6	239,13,3.26,47.8,435,8.7,0,0,6.5,0,2.35,0,,0,,0,2.17	1 serving~46|1 package~510
2008384	B	6	271,9.41,4.12,51.8,506,4.71,1.18,0,2.4,0,3.18,176,,0,,.59,2.35	1 serving~85|1 package~510
2081684	B	6	282,9.41,3.53,56.5,518,7.06,.59,0,3.5,0,3.18,235,,0,,1.18,2.35	1 serving~85|1 package~510
2056182	B	6	245,12.2,3.06,46.9,429,10.2,0,0,6.1,0,2.2,0,,0,,0,2.04	1 serving~49|1 package~680
1902236	B	6	282,10.6,2.35,57.6,506,9.41,.59,0,4.7,0,4.24,118,,0,,.59,1.18	1 serving~85|1 package~510
2403315	B	6	232,8.93,.89,46.4,518,1.79,0,0,1.8,0,.89,11,14,,0	1 serving~56|1 package~454
1854966	B	6	318,11.8,5.88,52.9,541,9.41,1.18,0,2.4,0,3.18,94,,0,,1.76,2.35	1 serving~85|1 package~510
2008383	B	6	286,10.2,7.14,49,469,8.16,3.06,10,2,0,2.94,0,,0,,2.04,2.04	1 serving~49
471570	B	6	250,10.7,0,50,464,7.14,0,0,7.1,0,5.14,71,,0,,0,0	1 serving~28
2070965	B	6	286,10.7,5.36,50,393,7.14,0,0,7.1,0,3.86,71,,0,,1.79,1.79	1 serving~28
1897955	B	6	250,10.7,3.57,50,321,7.14,0,0,7.1,0,2.57,71,,0,,0,0	1 serving~28|1 package~510
2077404	B	66	294,7.35,7.35,51.5,750,1.47,3.68,0,1.5,0,2.65,368,,0	1 serving~68|1 package~408
2269274	B	6	281,9.38,3.12,56.2,594,3.12,0,0,0,0,5.62,94,0	1 serving~32|1 package~454
1897954	B	6	256,9.3,0,53.5,581,0,0,0,2.3,0,3.35,93,,0	1 slice~43|1 package~680
1905568	B	6	244,11.1,0,51.1,444,0,0,0,2.2,0,3.2,89,,2.7	1 slice~45|1 package~680
1893431	B	6	286,10.7,5.36,53.6,304,14.3,3.57,18,0,0,2.57,214,,0,,0,0	1 serving~28|1 package~454
449309	B	6	228,7.02,3.51,42.1,456,1.75,1.75,9,1.8,0,2.53,140,,0,,0,.88	1 serving~57
2008385	B	6	256,10,2.78,51.1,544,5.56,1.11,0,4.4,0,3,111,,0,,.56,0	1 serving~90|1 package~539
2077508	B	6	280,8,6,52,720,4,0,0,4,0,2.88,0,,0,,0,2	1 serving~25
706528	B	106	89,16.1,1.79,1.79,857,0,0,36,0,0,0,0,,0	1 serving~56
2139062	B	28	89,16.1,1.79,1.79,857,0,0,36,0,0,0,36,,0	1 serving~56
2131944	B	28	89,16.1,1.79,1.79,857,0,0,36,0,0,0,36,,0	1 serving~56
2509872	B	21	129,9.2,7.36,5.52,472,.61,3.07,31,.6,.31,1.23,0,147,,0	1 serving~163|1 package~1950
2722850	B	132	150,5.75,7.96,14.2,354,2.65,4.87,24,.4,.22,.49,111,102,0,0,1.99,.44,40	1 cup~226
2487881	B	21	164,6.19,8.85,15.5,341,1.77,5.31,27,.9,.22,.49,115,71,,.275	1 cup~226|1 package~2150
2159064	B	28	89,17.9,.89,1.79,804,1.79,0,36,0,0,.64,0,,0	1 serving~56
2721966	B	160	167,0,0,33.3,11700,0,0,0,33.3,0,0,367,933,,0	2 tbsp~30
2115612	B	28	85,17,1.69,1.69,780,0,0,34,0,0,.61,0,,0	3 slices~59|1 package~908
737802	B	28	85,17,1.69,1.69,780,0,0,34,0,0,.61,0,,0	3 slices~59
2125671	B	28	89,17.9,.89,1.79,804,1.79,0,36,0,0,.64,0,,0	1 serving~56
706638	B	28	89,17.9,1.79,1.79,804,1.79,0,36,0,0,.64,0,,0	1 serving~56
2122972	B	28	89,17.9,1.79,1.79,804,1.79,0,36,0,0,.64,0,,0	1 serving~56
706518	B	28	107,23.2,1.79,0,714,0,0,45,0,0,0,0,,0	1 serving~56
2542568	B	5	571,3.57,39.3,53.6,571,3.57,5.36,0,3.6,0,0,0,964,,0	1 bag~28
2129404	B	77	107,23.2,1.79,0,714,0,0,45,0,0,0,0,,0	1 serving~56
1922102	B	1	597,11.1,47.2,36.1,494,22.2,27.8,,8.3,,5,56	1 package~36
2089869	B	9	295,1.55,15.5,38,186,19.4,7.75,0,.8,0,.28,16,,1.9	½ pie~129|1 package~709
2126588	B	4	462,7.69,26.9,57.7,385,34.6,11.5,38,3.8,0,1.38,77,,0	1 cookie~26|1 package~170
2089275	B	6	275,5,10,40,325,2.5,1.25,0,5,0,3.6,150,,0	1 slices~40|1 package~595
2071682	B	6	275,7.84,2.94,56.9,490,3.92,0,0,5.9,0,21.2,0,,0	.12 loaf~51|1 package~510
2091315	B	6	247,11,3.52,41.8,502,2.64,1.1,0,4.4,.66,2.78,66,,243	1 bread bowl~227|1 package~454
2456416	B	7	147,5.45,11.5,5.77,481,3.85,2.88,136,1,0,.46,80,,9.6	1 serving~312
1913249	B	9	346,2.94,14.7,48.5,199,20.6,8.09,0,.7,0,.26,15,,4.4	.2 pie~136|1 package~680
1893159	B	7	184,9.41,13.3,5.88,373,.78,2.35,18,1.2,0,1.41,118,,11.8	1 serving~255
1913467	B	80	119,5.58,6.69,7.06,346,1.86,2.23,17,1.5,0,1,74,,13.4	1 serving~269
1913469	B	7	149,2.75,9.41,16.9,184,10.2,.78,0,2.4,.2,.71,39,,35.3	1 serving~255
2091316	B	4	446,4.62,21.5,61.5,431,38.5,10.8,62,3.1,2.31,2.22,31,,0	1 bar~65|1 package~388
2071680	B	6	268,9.86,1.06,54.9,535,6.34,.35,0,2.8,0,3.17,106,127,6.3,,0,.35,,3.52,0,.299	1 bagel~142|1 package~708
2541451	B	9	370,4.35,15.2,52.2,413,34.8,6.52,33,0,0,1.57,43,,0	1 cupcake~46|1 package~170
2089278	B	9	378,2.96,15.6,56.3,326,43,4.44,22,.7,3.7,.8,44,,0	1 serving~135
1874456	B	4	349,2.33,11.6,55.8,558,34.9,6.98,58,0,0,0,0,,0	1 cookie~43|1 package~255
2089271	B	38	300,4,12,46,1100,20,3,60,2,0,1.44,0,,0	¼ of a bread~50|1 package~198
2063557	B	46	359,3.85,14.1,51.3,372,26.9,2.56,58,1.3,0,.92,0,,0	1 muffin~78|1 package~156
2089277	B	9	421,2.63,19.7,57.9,303,47.4,4.61,7,0,4.61,.47,0,,0	.17 cake~76|1 package~340
2089276	B	9	474,3.85,19.2,69.2,295,50,5.13,6,2.6,3.85,1.85,26,,0	1 cupcake~78|1 package~156
1895242	B	80	171,2.86,10,19.3,286,6.43,2.14,86,1.4,0,.26,14,,4.3	½ cup~140|1 package~1360
2094731	B	4	452,3.23,19.4,64.5,484,35.5,11.3,65,3.2,0,3.48,0,,0	1 cookie~31|1 package~162
2074952	B	9	294,1.59,15.1,39.7,151,19.8,6.35,0,.8,0,.29,16,,1	½ pie~126|1 package~709
2094363	B	6	250,7.14,1.79,53.6,536,7.14,0,0,3.6,0,3.86,71,,0,,,,,4.29,1,.243	1 slice~28|1 package~680
1953264	B	46	416,7.08,21.2,48.7,336,25.7,3.54,84,0,0,1.59,35,,0	1 muffin~113|1 package~454
1895714	B	7	118,2.75,3.14,22,180,16.1,.39,0,2.7,0,1.06,59,,44.7	1 serving~255
1791223	B	7	188,6.27,16.1,5.1,467,1.18,3.14,22,.8,0,.71,78,,.9	1 serving~255
2067807	B	28	200,4,16,12,720,4,4,20,,0,0,80,,0	2 tbsp~25|1 package~340
1895710	B	7	131,2.47,11.7,5.65,216,2.12,1.77,5,1.8,0,.95,35,,14.8	1 serving~283
1912644	B	9	348,2.96,15.6,51.1,326,38.5,4.44,22,.7,3.33,.8,44,,0	1 cake~135
2146403	B	9	320,6,10,52,400,28,4,30,2,0,2.16,80,,0	3 donut holes~50|1 package~312
1893160	B	7	148,6.04,12.4,2.68,285,1.01,2.01,40,1,0,1.21,50,,14.1	1 serving~298
2089272	B	9	380,2.82,15.5,59.2,437,42.2,3.52,35,1.4,.7,1.52,0,,0	1 brownie~71|1 package~283
1891535	B	46	372,3.85,15.4,50,282,30.8,2.56,64,0,0,0,0,,4.6	1 muffin~78|1 package~156
2091775	B	9	291,2.13,14.2,38.3,326,22,5.67,0,1.4,0,.51,0,,0	.17 ple~141|1 package~822
2145459	B	46	344,4.69,16.4,43.8,398,21.9,3.12,55,1.6,,1.41,16,,18.8	1 muffin~128|1 package~510
2090516	B	6	263,3.51,10.5,35.1,316,1.75,1.75,18,5.3,0,3.16,0,,0	1 bun~57|1 package~227
2091500	B	9	324,4.23,9.86,53.5,507,31,3.52,14,1.4,0,1.52,28,,1.7	1 donut~71|1 package~408
2193759	B	6	288,7.69,6.25,50,962,3.85,0,0,1.9,0,3.08,19,,,0	.17 bread / null~52
1893150	B	7	184,3.14,12.9,16.1,118,9.02,1.18,0,2.7,0,1.06,39,,35.3	1 serving~255
2089865	B	9	322,19.5,14.4,47.5,254,27.1,6.78,21,.8,0,.31,68	.17 pie~118|1 package~680
2057913	B	9	363,2.96,14.8,54.8,311,42.2,3.7,0,0,3.33,1.07,0,,0	1 serving~135
1891532	B	27	293,19.5,22,2.44,1100,2.44,8.54,85,0,,.88,98,,5.9	1 stick~41|1 package~226
2269700	B	46	380,4,24,40,600,22,9,0,0,0,1.44,0,,0	1 bismarck~50|1 package~284
1891533	B	46	372,3.85,15.4,48.7,282,29.5,2.56,71,0,0,0,0,,0	1 muffin~78|1 package~156
1891536	B	46	423,3.85,19.2,56.4,256,35.9,5.77,64,2.6,0,3.46,26,,0	1 muffin~78|1 package~156
1891534	B	46	372,3.85,15.4,48.7,282,29.5,2.56,64,1.3,0,0,0,,1.5	1 muffin~78|1 package~156
1914285	B	6	268,9.86,1.76,54.2,549,4.23,1.06,0,2.1,0,3.17,106,77,6.3,,0,.35,,3.52,0,.299	1 bagel~142|1 package~708
2071681	B	6	268,10.6,1.06,54.9,585,2.11,.35,0,2.1,0,3.17,106,81,6.3,,0,.7,,4.22,0,.299	1 bagel~142|1 package~708
2091317	B	13	333,4.76,11.1,54,286,31.8,4.76,40,3.2,1.59,1.71,32,,0	1 bar~63|1 package~359
2094906	B	9	316,5.26,10.5,49.1,526,21,4.39,26,1.8,0,2.53,0,,0	1 donut~57
2289772	B	9	301,2.65,15,42.5,159,21.2,7.08,0,1.8,0,.32,18,,2.1	.17 pie~113|1 package~680
2089866	B	9	288,1.92,16.4,35.6,202,19.2,7.69,0,1,0,.35,19,,1.2	.17 pie~104
1875819	B	4	549,4.23,28.2,69,310,31,12.7,7,1.4,0,2.03,0,,0	1 cookie~71|1 package~213
2113297	B	9	379,5.17,20.7,46.6,414,22.4,7.76,34,1.7,0,1.86,0,,0	3 mini donuts~58|1 package~312
2076446	B	6	314,10.5,4.65,57,593,0,.58,0,2.3,0,3.35,23,,7	1 roll~86|1 package~363
2067810	B	6	260,7.79,3.25,48,468,6.49,0,0,1.3,0,0,0,,0	1 roll~77|1 package~850
2067813	B	5	251,6.98,3.26,47.9,921,6.98,.23,0,1.9,0,0,0,,0	1 pretzel~215
2048437	B	4	333,1.85,13,55.6,574,33.3,7.41,56,0,0,0,0,,0	1 cookie~54|1 package~162
2098662	B	9	405,3.8,19,55.7,380,41.8,5.7,57,1.3,1.27,.46,0,,0	.1 cake~79|1 package~774
1970210	B	27	278,13.9,22.5,2.65,808,1.32,9.27,56,0,,.72,66,,1.6	1 link~151|1 package~1200
2275964	B	12	383,2.13,7.45,72.3,426,40.4,4.26,,0,0,5.74,0,0,,0	3 bites~47|1 package~156
2076442	B	27	326,17.4,26.7,2.33,860,1.16,9.3,76,0,0,.84,47,,0	1 cooked patty~86|1 package~454
1886469	B	64	536,8.93,53.6,1.79,964,0,19.6,71,0,,0,0,,0	1 serving~56|1 package~453
2076445	B	27	283,15,22.1,3.54,947,1.77,7.96,62,0,0,1.59,35,,5.3	1 patty~113|1 package~454
2063554	B	12	342,39.5,18.4,0,1870,0,7.89,105,0,,3.79,0,,0	1 strip~38|1 package~226
2063555	B	12	368,18.4,31.6,2.63,1030,2.63,13.2,79,0,,1.89,0,,0	1 stick~38|1 package~227
2072715	B	4	467,3.33,20,63.3,350,36.7,10,33,3.3,0,2.4,0,,0	2/3 cookie~30|1 package~454
2063559	B	9	301,2.65,15,42.5,159,21.2,7.08,0,1.8,0,.32,18,,2.1	.17 pie~113|1 package~340
2089867	B	9	265,5.31,10.6,38,310,23.9,5.31,40,1.8,0,.64,88,,1.1	.17 pie~113|1 package~340
1891537	B	9	322,2.54,14.4,47.5,254,27.1,6.78,21,.8,0,.31,17,,4.1	.17 pie~118|1 package~340
2089868	B	9	292,1.77,16.8,36.3,186,16.8,7.96,0,1.8,0,.32,53,,10.6	.17 pie~113|1 package~340
2090517	B	111	353,15.7,6.86,53.9,1090,.98,2.45,15,2.9,0,3.53,196,,0	1 roll~102|1 package~198
2090514	B	6	326,13.5,3.93,59.6,966,1.12,0,0,2.2,0,4.04,22,,0	1 roll~89|1 package~198
2090512	B	6	313,12.2,6.96,48.7,1070,1.74,2.61,13,2.6,0,3.13,130,,1	1 roll~115|1 package~198
2090518	B	74	300,13.3,5.83,46.7,925,1.67,2.08,8,2.5,0,3,167,,2	1 roll~120|1 package~198
1913729	B	6	336,14.2,8.85,48.7,1080,.88,2.65,9,2.7,0,3.19,177,,0	1 roll~113|1 package~198
2091773	B	12	244,19.5,17.1,2.44,1000,0,6.1,73,0,,1.76,0,,0	1 stick~41|1 package~226
2076443	B	27	326,18.6,25.6,3.49,930,1.16,9.3,76,0,0,.84,93,,1.4	1 cooked patty~86|1 package~454
1893155	B	7	172,6.61,9.25,16.3,322,11.4,1.98,15,2.2,0,1.59,66,,11.9	1 serving~227
2094365	B	6	250,10.7,3.57,50,607,7.14,0,0,3.6,0,2.57,143,,0,,,,,2.86,0,.243	1 slice~28|1 package~680
2057908	B	9	378,2.96,17,53.3,333,40.7,4.44,22,.7,3.7,1.07,44,,0	1 serving~135
2071677	B	40	444,0,11.1,88.9,0,66.7,0,0,0,0,0,0,,0	1 tsp~4.5|1 package~113
2074950	B	129	152,0,0,36.4,45,24.2,0,0,0,0,0,0,,14.5	2 tbsp~33|1 package~907
2051334	B	4	349,2.33,14,58.1,581,34.9,8.14,58,0,0,0,0,,0	1 cookie~43|1 package~255
2090199	B	7	88,2.47,7.07,5.3,205,2.12,1.24,4,1.8,0,.95,53,,19.1	1 serving~283
2089273	B	6	288,3.39,11.9,40.7,356,3.39,1.69,17,5.1,0,4.58,0,,0	2 slices~59|1 package~383
1912645	B	9	474,2.56,18,73.1,410,53.8,4.49,6,1.3,3.85,0,26,,0	1 cupcake~78|1 package~156
1894894	B	23	536,3.57,39.3,35.7,857,35.7,8.93,18	2 tbsp~28|1 package~443
1895247	B	137	224,22.4,11.8,4.71,671,1.18,4.71,76,0,0,.85,0,,0	3 meatballs~85|1 package~454
1898523	B	64	536,8.93,53.6,1.79,964,0,19.6,71,0,,0,0,,0	1 serving~56|1 package~340
1912890	B	11	0,0,0,0,10500	¼ tsp~1|1 package~204
1894895	B	23	536,0,57.1,7.14,679,3.57,7.14,89	2 tbsp~28|1 package~443
1889049	B	11	0,0,0,0,10500	¼ tsp~1|1 package~156
1894892	B	23	643,0,64.3,3.57,411,0,12.5,36	2 tbsp~28|1 package~443
1894897	B	23	536,3.57,57.1,7.14,643,3.57,8.93,36	2 tbsp~28|1 package~443
1894896	B	23	536,0,53.6,14.3,411,14.3,8.93,36	2 tbsp~28|1 package~443
2089274	B	6	404,12.3,7.89,68.4,596,7.02,.88,0,7,0,3.16,70,,0	2 slices~57|1 package~510
1886473	B	8	456,3.51,21,68.4,719,38.6,12.3,70,1.8,0,3.16,0,,0	1 bar~57|1 package~227
2289936	B	4	442,2.33,20.9,67.4,698,37.2,11.6,70,2.3,0,3.35,0,,0	1 cookie~43|1 package~255
1879973	B	4	385,3.85,5.77,73.1,500,15.4,3.85,0,3.8,0,0,0,,0	1 cookie~26|1 package~153
2090515	B	6	263,3.51,10.5,35.1,316,1.75,1.75,18,5.3,0,0,0,,0	1 bun~57|1 package~227
2051335	B	4	452,3.23,19.4,67.7,452,41.9,11.3,65,0,0,0,0,,0	1 cookie~31|1 package~187
1913250	B	46	410,6.41,20.5,56.4,231,34.6,5.77,64,3.8,0,4.62,26,,0	1 muffin~78|1 package~156
2057911	B	9	447,3.53,14.1,72.9,494,50.6,3.53,6,1.2,2.94,0,47,,0	¼ cake~85|1 package~340
1901772	B	12	244,19.5,14.6,7.32,1680,2.44,6.1,61,0,,1.76,0,,22	1 stick~41|1 package~226
1791982	B	27	286,13.2,23.1,5.49,1080,1.1,8.79,60,1.1,,.79,22,,0	1 link~91|1 package~680
2627645	B	27	302,16.3,24.4,2.33,872,1.16,9.3,70,0,0,.84,93,,4.2,,,,21	1 cooked patty~86|1 package~454
1894881	B	27	271,14.3,22.9,1.43,557,1.43,8.57,57,0,,.51,29,,0	1 serving~70|1 package~453
2456191	B	2	393,25,32.1,3.57,643,0,21.4,107,0,0,0,714,,0	3 slices~28|1 package~283
2584001	B	41	800,0,93.3,0,0,,13.3,0,,0	1 tbsp~15|1 package~751
2582049	B	41	800,0,93.3,0,0,,16.7,0,,0	1 tbsp~15|1 package~376
2584000	B	41	800,0,93.3,0,0,,16.7,0,,0	1 tbsp~15|1 package~751
2182435	B	41	800,0,93.3,0,0,,16.7,0,,0	1 tbsp~15|1 package~375
2640663	B	41	800,0,93.3,0,0,,13.3,0,,0	1 tbsp~15|1 package~750
2365899	B	41	800,0,93.3,0,0,,16.7,0,,0	1 tbsp~15|1 package~750
2287050	B	25	14,0,0,3.33,0,3.33,0,0,0,0,0,0,0,0	12 fl oz~360
1908864	B	39	62,3.33,3.33,5,96,5,2.08,15,0,0,0,125,162,1,1.05	1 cup~240|1 package~1890
2021509	B	2	316,15.8,21,10.5,1210,5.26,13.2,53,0,0,0,1580,,0,5.28,,,,,,,,,,1050	1 slice~19|1 package~1360
2185827	B	17	112,4.12,.88,21.8,56,18.8,.59,6,0,0,0,147,171,.7,1.18	1 serving~170
2185825	B	17	106,4.12,.88,20,56,17.1,.59,6,0,0,0,147,182,.7,1.18	1 serving~170
1859609	B	17	112,4.12,.88,21.8,56,18.8,.59,6,0,0,0,147,176,2.1,1.18	1 serving~170
2186959	B	17	94,3.12,.78,17.2,62,14.1,0,8,0,0,0,156,188,0,1.55	1 tube~64|1 package~510
2013961	B	2	357,25,28.6,3.57,929,3.57,17.9,89,0,0,0,536,,0	1 serving~28|1 package~113
2502025	B	17	88,3.53,1.18,15.9,56,12.9,.59,6,0,0,0,88,124,,.6	1 container~170
1851205	B	30	400,5,0,95,250,85,0,0,5,0,3.6,0,,0	2 tbsp~20|1 package~851
1851206	B	30	400,5,0,95,250,85,0,0,5,0,3.6,0,,0	2 tbsp~20|1 package~851
2428684	B	2	381,23.8,33.3,0,619,0,19,95,0,0,.48,695,71,,0	1 stick~21|1 package~255
2078559	B	2	393,25,32.1,3.57,643,0,17.9,107,0,0,0,714,,0	1 serving~28|1 package~227
2096717	B	2	105,12.4,3.81,3.81,362,3.81,2.86,29,0,0,0,76,,0	½ cup~105|1 package~680
1859655	B	2	321,7.14,32.1,7.14,339,7.14,21.4,107,0,0,0,71,,0	1 serving~28|1 package~227
2016978	B	2	300,6.67,30,6.67,500,6.67,20,83,0,0,0,67,,0	2 tbsp~30|1 package~227
1856391	B	2	333,3.33,26.7,16.7,450,13.3,16.7,83,0,0,0,67,,0	2 tbsp~30|1 package~227
2096714	B	40	278,0,16.7,22.2,0,11.1,16.7,0,0,0,0,0,,0	2 tbsp~9|1 package~226
2429142	B	2	286,17.9,21.4,3.57,1110,3.57,14.3,71,0,0,0,357,0,,0	¼ cup~28|1 package~141
1885538	B	2	381,23.8,28.6,4.76,619,0,19,119,0,0,0,714,,0	1 slice~21|1 package~170
2013955	B	2	368,21,31.6,5.26,1530,5.26,21,105,0,0,0,526,,0	1 slice~19|1 package~454
2071350	B	39	133,6.67,6.67,10,100,10,0,0,,1.67,,267,350,,2	2 tbsp~30|1 package~354
2071347	B	39	133,6.67,6.67,10,83,10,3.33,17,,0,,267,300,,2	2 tbsp~30|1 package~354
2078566	B	2	393,25,32.1,3.57,643,0,21.4,107,0,0,0,714,,0	1 serving~28|1 package~227
1859608	B	2	393,35.7,25,3.57,1250,0,14.3,71,0,0,0,1250,,0	1/3 cup~28|1 package~142
2096702	B	15	194,3.23,16.1,6.45,742,3.23,11.3,65,0,0,0,129,,0	2 tbsp~31|1 package~453
2406341	B	2	286,14.3,25,3.57,411,0,14.3,71,0,0,0,71,0,,0	1 serving~28|1 package~113
1981002	B	2	357,25,28.6,0,714,,17.9,89,,,0,536,0,,0	1 serving~28|1 package~198
1892615	B	17	87,8,0,13.3,30,12.7,0,3,0,0,0,67,,0,1	1 container~150
2185844	B	17	87,8,0,13.3,30,12,0,3,0,0,0,67,,2.4,1	1 container~150
2016971	B	2	250,21.4,14.3,7.14,1210,3.57,10.7,54,0,0,0,357,,0	1 serving~28|1 package~113
2083543	B	75	133,3.33,10,6.67,83,3.33,6.67,50,0,0,0,133,,0	2 tbsp~30|1 package~946
2083542	B	75	333,0,33.3,6.67,33,6.67,23.3,133,0,0,0,0,,0	1 tbsp~15|1 package~473
2016280	B	62	714,0,78.6,0,643,,50,214,,0	1 tbsp~14|1 package~453
2055466	B	62	714,0,78.6,0,0,,50,214,,0	1 tbsp~14|1 package~453
1973335	B	2	321,14.3,25,14.3,179,10.7,14.3,71,0,0,0,71,0,,0	1 serving~28|1 package~113
1856389	B	30	393,3.57,3.57,85.7,536,78.6,0,0,3.6,0,1.29,143,,0	1 pouch, 6 fl oz prepared~28|1 package~284
2185830	B	17	53,3.53,0,9.41,44,7.06,0,3,0,0,0,118,141,0,1.18	1 serving~170
1859652	B	17	53,3.53,0,9.41,41,7.06,0,3,0,0,0,118,141,.7,1.18	1 serving~170
1859653	B	17	59,3.53,0,11.2,41,8.82,0,3,0,0,0,147,129,0,1.18	1 serving~170
2475750	B	2	286,23.8,19,4.76,667,0,11.9,71,0,0,0,695,190,,.475	1 slice~21|1 package~226
1892631	B	17	94,2.94,.88,17.6,50,14.7,.59,3,0,0,0,294,147,0,1.18	1 container~170|1 package~680
1859650	B	17	112,4.12,.88,21.8,53,19.4,.59,6,0,0,0,118,165,.7,1.18	1 serving~170
2078560	B	2	393,25,32.1,3.57,643,0,21.4,107,0,0,0,714,,0	1 serving~28|1 package~227
1908984	B	39	85,4.24,1.98,12.4,62,11.9,1.27,10,0,0,0,141,226,1,1.12	1 bottle, per container~354
2502027	B	17	82,3.53,.88,15.3,50,11.8,.59,6,0,0,0,88,124,,.6	1 container~170
1859707	B	2	286,25,21.4,3.57,714,0,12.5,71,0,0,0,714,,0	1 serving~28|1 package~454
2428975	B	2	393,21.4,32.1,3.57,643,0,17.9,107,0,0,0,536,0,,.725	3 slices~28|1 package~283
2427874	B	2	381,23.8,33.3,0,643,0,19,95,0,0,.48,710,95,,0	1 stick~21|1 package~255
2434803	B	70	500,0,25,50,0,0,0,0,0,0,0,0,1100,,0,0,0	1 tsp~2|1 package~1700
1892618	B	17	93,8,0,14,37,13.3,0,3,.7,0,0,67,,.8,1	1 container~150
2286204	B	40	300,0,20,20,0,20,10,100,0,0,0,0,,0	2 tbsp~5|1 package~184
2161981	B	2	393,35.7,25,0,929,,14.3,89,,,,1250,0	1 serving~28|1 package~227
2186955	B	17	87,8,0,13.3,30,12.7,0,3,0,0,0,67,,0,1	1 container~150
1885536	B	2	393,21.4,32.1,0,893,0,21.4,71,0,0,0,536,,0	1 serving~28|1 package~227
2406342	B	2	286,14.3,25,3.57,411,0,14.3,71,0,0,0,71,0,,0	1 serving~28|1 package~113
2186956	B	17	57,10.1,.22,3.96,35,3.96,0,4,0,0,0,132,,.5,0	1 cup~227|1 package~907
2186957	B	17	66,4.85,1.76,7.49,88,7.49,1.1,7,0,0,0,176,,0,0	1 cup~227|1 package~907
2491082	B	17	97,2.65,.88,19.5,53,15.9,.44,4,0,0,0,133,159,1.1,,,,,,,,,,,71,,,.088	1 container~113|1 package~454
2185559	B	17	106,4.12,.88,20,56,17.1,.59,6,0,0,0,147,176,.7,1.18	1 serving~170
2078561	B	2	393,25,32.1,3.57,643,0,21.4,107,0,0,0,714,,0	1 serving~28|1 package~227
1970974	B	93	419,16.3,30.2,23.3,419,18.6,11.6,58,4.7,0,0,444,193,,0	1 tray~43|1 package~128
2168140	B	93	419,16.3,27.9,23.3,442,16.3,11.6,58,2.3,0,2.33,419,172,,0	1 tray~43
2092172	B	2	286,25,21.4,3.57,714,0,12.5,71,0,0,0,714,,0	¼ cup~28|1 package~340
2070876	B	2	393,25,32.1,3.57,643,0,17.9,107,0,0,0,714,,0	1/3 cup~28|1 package~907
2078565	B	2	393,25,32.1,3.57,643,0,21.4,107,0,0,0,714,,0	¼ cup~28|1 package~340
2070877	B	2	286,25,21.4,3.57,714,0,12.5,71,0,0,0,714,,0	1/3 cup~28|1 package~907
2092173	B	2	393,25,32.1,3.57,643,0,21.4,107,0,0,0,714,,0	¼ cup~28|1 package~340
2056245	B	2	190,14.3,9.52,14.3,1380,9.52,4.76,24,0,0,0,476,,0,4.75	1 slice~21|1 package~680
2071346	B	2	286,19,23.8,9.52,1290,4.76,14.3,71,0,0,0,1900,,0	1 slice~21|1 package~340
2096706	B	75	200,3.33,16.7,3.33,50,3.33,11.7,67,0,0,0,133,,0	2 tbsp~30|1 package~454
2021501	B	75	133,3.33,8.33,10,83,3.33,5,33,10,0,0,133,,0	2 tbsp~30|1 package~453
2185826	B	17	112,4.12,.88,21.8,56,18.8,.59,6,0,0,0,147,176,1.4,1.18	1 serving~170
2185829	B	17	53,3.53,0,8.82,41,7.06,0,3,0,0,0,147,129,1.4,1.18	1 serving~170
2188163	B	17	94,3.12,.78,18.8,62,14.1,0,8,0,0,0,156,180,0,1.55	1 tube~64|1 package~510
2186960	B	17	94,2.94,.88,17.6,53,14.7,.59,3,0,0,.21,294,165,.7,.875	1 container~170|1 package~680
2186954	B	17	94,3.12,.78,18.8,62,14.1,0,8,0,0,0,156,180,0,1.55	1 tubes~64|1 package~510
2013953	B	39	333,7.69,7.69,56.4,90,56.4,5.13,26,,0,,256	2 tbsp~39|1 package~396
2534276	B	17	82,3.53,.59,14.7,53,11.8,.59,3,0,0,0,125,164,,1.18	2/3 cup~170|1 package~907
2289726	B	17	84,8.37,0,12.8,35,12.3,0,2,0,0,0,110,,.5,.875	1 cup~227|1 package~907
2021496	B	15	200,3.33,16.7,10,833,6.67,11.7,67,0,0,0,133,200,4	2 tbsp~30|1 package~453
2016966	B	2	350,5,35,5,325,5,22.5,100,0,0,0,0,,0	2 tbsp~20|1 package~227
2016979	B	2	177,11.3,12.9,3.23,242,3.23,8.06,56,0,0,0,161,,0	¼ cup~62|1 package~425
2652692	B	8	467,6.67,40,40,0,20,33.3,0,6.7,0,3.33,133,400,,0	3 pieces~15|1 package~59.5
1998183	B	5	400,10,3.33,80,1070,3.33,0,0,3.3,0,6.67,30,143,,0	¼ cup~30|1 package~85
2441328	B	30	195,0,0,54.7,0,54.7	1 serving~51.2|1 package~205
2742338	B	92	39,0,0,11,13,11,0,0,,0,0,,0,0,0	12 fl oz~355
2743974	B	92	39,0,0,11,13,11,0,0,,0,0,0,0,0,0	1 bottle~355
2743167	B	92	30,0,0,8.24,10,8.24,0,0,,0,0,,0,0,0	1 bottle~473
2743959	B	92	40,0,0,11,13,11,0,0,,0,0,,0,0,0	1 bottle~500
2742541	B	92	39,0,0,11,13,11,0,0,,0,0,0,0,0,0	12 fl oz~355
2743966	B	92	41,0,0,11,13,11,0,0,,0,0,0,0,0,0	1 bottle~591
2539633	B	114	78,0,0,21.4,25,21.4,0,0,0,0,0,,11,0,0,,,,,,,,,,,,,,,,,,,,0	12 fl oz~360
2744006	B	92	39,0,0,11,13,11,0,0,,0,0,0,0,0,0	12 fl oz~355
2743952	B	92	40,0,0,11.1,14,11.1,0,0,,0,0,,0,0,0	1 bottle~253
2742822	B	92	39,0,0,11,13,11,0,0,,0,0,,0,0,0	1 can~355
2744004	B	92	40,0,0,11,13,11,0,0,,0,0,0,0,0,0	1 bottle~500
2744017	B	92	40,0,0,11,13,11,0,0,,0,0,,0,0,0	1 bottle~500
2742702	B	92	39,0,0,11,13,11,0,0,,0,0,0,0,0,0	12 fl oz~355
2743953	B	92	40,0,0,11.1,14,11.1,0,0,,0,0,0,0,0,0	1 bottle~253
2211227	B	18	39,0,0,10.8,12,10.8	12 fi oz~360|1 package~2000
2743960	B	92	39,0,0,11,13,11,0,0,,0,0,0,0,0,0	1 can~355
2742337	B	92	40,0,0,11,13,11,0,0,,0,0,0,0,0,0	1 can~473
2742328	B	92	41,0,0,11.3,14,11.3,0,0,,0,0,0,0,0,0	1 can~222
2742829	B	92	39,0,0,11,13,11,0,0,,0,0,0,0,0,0	1 can~355
2742825	B	92	39,0,0,11,13,11,0,0,,0,0,0,0,0,0	1 can~355
2742707	B	92	39,0,0,11,13,11,0,0,,0,0,0,0,0,0	1 can~355
2743991	B	92	39,0,0,11,13,11,0,0,,0,0,0,0,0,0	1 can~355
2742341	B	92	41,0,0,11.3,14,11.3,0,0,,0,0,,0,0,0	1 can~222
2744011	B	92	44,0,0,11.8,10,11.8,0,0,,0,0,0,0,0,0	1 bottle~591
2742373	B	92	42,0,0,11.6,11,11.6,0,0,,0,0,0,0,,0	1 bottle~500
2743963	B	92	42,0,0,11.8,10,11.8,0,0,,0,0,0,0,0,0	1 can~355
2718311	B	92	45,0,0,11.7,11,11.7,,,,,,,,,,,,,,,,,,,,,,,,,,,,,9	1 can~225
2742828	B	92	42,0,0,11.8,10,11.8,0,0,,0,0,0,,0,,,,0	1 serving~355
2742733	B	92	42,0,0,11.8,10,11.8,0,0,,0,0,0,0,0,0	1 can~355
2212075	B	18	42,0,0,11.8,10,11.8	12 fl oz~355
2552548	B	18	45,0,0,11.7,9,11.7	1 can~222|1 package~888
2678677	B	18	42,0,0,11.7,10,11.7	12 fl oz~360|1 package~2000
2566596	B	18	39,0,0,10.8,22,10.8,,,,,,,,,,,,,1.39,,,.139	1 can~360
2678671	B	18	42,0,0,11.7,10,11.7	12 fl oz~360|1 package~1248
2734030	B	92	2,0,0,.4,0,.4,0,0,0,0,0,0,,0,,,,0,,,,,,,,,,,,,,,,,0	1 can~222
2678676	B	18	45,0,0,11.7,9,11.7	1 can~222
2651759	B	18	42,0,0,11,13,11	1 can~237|1 package~1890
2566593	B	18	20,0,0,5.07,11,5.07	1 can~355
2566592	B	18	20,0,0,5.07,11,5.07	1 can~355
2211924	B	18	42,0,0,11.2,10,10.8	8 fl oz~240|1 package~591
2678649	B	18	39,0,0,11,13,11	1 can~355
2566609	B	18	41,0,0,11,8,11	1 bottle~591
2566607	B	18	41,0,0,10.8,9,10.8	1 can~222
2566597	B	18	39,0,0,11,11,11,,,,,,,,,,,,,1.41,,,.141	1 can~355
1601252	B	18	42,0,0,11,24,11	12 fl oz~355
2742722	B	92	39,0,0,11,13,11,0,0,,0,0,0,0,0,0	1 can~355
2742325	B	92	41,0,0,11.3,14,11.3,0,0,,0,0,,0,0,0	1 can~222
2566583	B	18	39,0,0,10.4,8,10.4	1 bottle~355
2743949	B	92	42,0,0,11,13,11,0,0,,0,0,,0,0,0	1 bottle~237
2742706	B	92	42,0,0,11,13,11,0,0,,0,0,,0,0,0	1 can~237
2742777	B	92	42,0,0,11,13,11,0,0,,0,0,0,0,0,0	1 bottle~237
2742316	B	92	39,0,0,11,13,11,0,0,,0,0,,0,0,0	12 fl oz~355
2386190	B	0	536,7.14,35.7,53.6,786,0,5.36,0,10.7,0,1.79,0,214,,0	1 serving~28|1 package~85
2743958	B	92	42,0,0,11,24,11,0,0,,0,0,0,3,0,0	1 bottle~355
2743997	B	92	40,0,0,11,13,11,0,0,,0,0,0,0,0,0	1 bottle~500
2743994	B	92	39,0,0,11,13,11,0,0,,0,0,0,0,0,0	1 can~355
2742701	B	92	40,0,0,11,13,11,0,0,,0,0,0,0,0,0	1 bottle~500
2656169	B	18	41,0,0,10.8,9,10.8	1 can~222|1 package~2200
2566608	B	18	41,0,0,10.8,9,10.8	1 can~222
2566612	B	18	41,0,0,10.8,9,10.8	1 can~222
2385729	B	12	393,10.7,1.79,82.1,1070,0,0,0,3.6,,7.14,29,143,,0	1 pack~28|1 package~247
2742761	B	92	39,0,0,11,10,11,0,0,,0,0,,3,0,0	1 can~355
2678659	B	18	39,0,0,10.8,12,10.8	12 fl oz~360|1 package~1000
2214431	B	18	42,0,0,11,13,11	1 bottle~237|1 package~1420
2668429	B	18	41,0,0,11.3,14,11.3	1 can~222
2631626	B	18	39,0,0,11,13,11	1 can~355
2385719	B	0	536,7.14,35.7,53.6,786,0,5.36,0,10.7,0,1.79,0,214,,0	1 serving~28
2641505	B	18	42,0,0,11,24,11	1 bottle~355
2631624	B	18	42,0,0,11,13,11	1 bottle~237
2742767	B	92	41,0,0,11,8,11,0,0,,0,0,,0,,0	1 bottle~591
2566605	B	18	41,0,0,10.8,9,10.8	1 can~222
2501669	B	18	41,0,0,10.8,9,10.8	1 can~222|1 package~2200
2566617	B	18	41,0,0,10.8,9,10.8	1 can~222
2597022	B	18	0,0,0,0,15,0	1 bottle~591
2597023	B	18	0,0,0,0,16,0	1 can~222
2742321	B	92	41,0,0,11.7,9,11.7,0,0,,0,0,0,,0,,,,0	1 can~222
2211198	B	18	43,0,0,11.9,10,11.9	8.55 fl oz~253
2210957	B	18	42,0,0,11.7,10,11.7	12 fl oz~360|1 package~2000
2566591	B	18	20,0,0,5.07,11,5.07	1 can~355
2566604	B	18	20,0,0,5.07,11,5.07	1 can~355
2678652	B	18	41,0,0,10.8,9,10.8	1 can~222
2596997	B	18	0,0,0,0,11,0,,,,,,,17	12 fl oz~360|1 package~1999
2597009	B	18	0,0,0,0,10,0,,,,,,,16	1 bottle~500
2596994	B	18	0,0,0,0,12,0,,,,,,,15	1 bottle~591
2597003	B	18	0,0,0,.28,11,0	1 can~355
2668431	B	18	0,0,0,0,11,0	1 can~222
2597004	B	18	0,0,0,0,11,0	1 can~355
2211625	B	18	25,0,0,6.67,10,6.67	12 fl oz~360|1 package~2000
2743957	B	92	0,0,0,0,10,0,0,0,,0,0,,11,0,0	1 can~355
2744002	B	92	0,0,0,0,10,0,0,0,,0,0,0,11,0,0	1 can~355
2742339	B	92	0,0,0,0,11,0,0,0,,0,0,0,0,0,0	12 fl oz~355
2743985	B	92	0,0,0,0,11,0,0,0,,0,0,,0,0,0	1 can~355
2743166	B	92	0,0,0,0,12,0,0,0,,0,0,,0,0,0	1 bottle~473
2744013	B	92	0,0,0,0,12,0,0,0,,0,0,,0,0,0	1 bottle~500
2742329	B	92	0,0,0,0,11,0,0,0,,0,0,0,0,0,0	12 fl oz~355
2743965	B	92	0,0,0,0,12,0,0,0,,0,0,0,0,0,0	1 bottle~591
2743986	B	92	0,0,0,0,11,0,0,0,,0,0,0,0,0,0	12 fl oz~355
2742332	B	92	0,0,0,0,12,0,0,0,,0,0,0,0,0,0	1 bottle~251
2742335	B	92	0,0,0,0,11,0,0,0,,0,0,0,,0,,,,0	1 can~355
2737901	B	92	0,0,0,0,20,0,0,0,0,0,0,0,0,0,0,,,0,,,,,,,,,,,,,,,,,13	1 bottle~355
2743990	B	92	0,0,0,0,12,0,0,0,,0,0,0,0,0,0	1 bottle~500
2744018	B	92	0,0,0,0,12,0,0,0,,0,0,,0,0,0	1 bottle~500
2742703	B	92	0,0,0,0,11,0,0,0,,0,0,0,0,0,0	12 fl oz~355
2743992	B	92	0,0,0,0,12,0,0,0,,0,0,,0,0,0	1 bottle~591
2743954	B	92	0,0,0,0,12,0,0,0,,0,0,,0,0,0,,,0	1 bottle~253
2743964	B	92	0,0,0,0,12,0,0,0,,0,0,,0,0,0	1 bottle~591
2744019	B	92	0,0,0,0,11,0,0,0,,0,0,0,0,0,0	1 bottle~500
2743961	B	92	0,0,0,0,11,0,0,0,,0,0,0,0,0,0	1 can~355
2742345	B	92	0,0,0,0,12,0,0,0,,0,0,0,0,0,0	1 can~473
2742327	B	92	0,0,0,0,11,0,0,0,,0,0,0,0,0,0	1 can~222
2742826	B	92	0,0,0,0,11,0,0,0,,0,0,0,0,0,0	1 can~355
2742830	B	92	0,0,0,0,11,0,0,0,,0,0,,0,0,0	1 can~355
2742824	B	92	0,0,0,0,11,0,0,0,,0,0,0,0,0,0	1 can~355
2742708	B	92	0,0,0,0,11,0,0,0,,0,0,,0,0,0	1 can~355
2742732	B	92	0,0,0,0,11,0,0,0,,0,0,,0,0,0	1 can~355
2742774	B	92	0,0,0,0,11,0,0,0,,0,0,0,0,0,0	1 can~222
2742344	B	92	0,0,0,0,11,0,0,0,,0,0,0,0,0,0	1 can~222
2742723	B	92	0,0,0,0,11,0,0,0,,0,0,,0,0,0	1 can~355
2742310	B	92	0,0,0,0,11,0,0,0,,0,0,0,0,0,0	1 can~222
2718674	B	92	0,0,0,0,0,0,0,0,0,0,0,,,0,,,,0,,,,,,,,,,,,,,,,,0	1 can~360
2743950	B	92	0,0,0,0,11,0,0,0,,0,0,,0,0,0	1 bottle~237
2742814	B	92	0,0,0,0,11,0,0,0,,0,0,,0,0,0	1 bottle~237
2742317	B	92	0,0,0,0,11,0,0,0,,0,0,0,0,0,0	12 fl oz~355
2742772	B	92	0,0,0,0,10,0	1 can~355
2742773	B	92	0,0,0,0,10,0	1 can~355
2519573	B	114	0,0,0,0,0,0,0,0,0,0,0,0,,0,,,,,,,,,,,,,,,,,,0	1 can~360
2211921	B	18	0,0,0,0,12	12½ fl oz~370
2211925	B	18	0,0,0,0,12	8 fl oz~240|1 package~3000
2211929	B	18	0,0,0,0,12	8 fl oz~240|1 package~710
2743996	B	92	0,0,0,0,12,0,0,0,,0,0,0,17,0,0	1 bottle~591
2742372	B	92	0,0,0,0,10,0,0,0,,0,0,0,16,,0	1 bottle~500
2742374	B	92	0,0,0,0,11,0,0,0,,0,0,0,18,,0	1 can~222
2742760	B	92	0,0,0,0,10,0,0,0,,0,0,,17,0,0	1 can~355
2743165	B	92	0,0,0,0,10,0,0,0,,0,0,,16,0,0	1 bottle~251
2743955	B	92	0,0,0,0,12,0,0,0,,0,0,,16,0,0	1 bottle~253
2742726	B	92	0,0,0,0,10,0,0,0,,0,0,,16,0,0	1 bottle~251
2742717	B	92	0,0,0,0,11,0,0,0,,0,0,,17,0,0	1 can~355
2742711	B	92	0,0,0,0,11,0,0,0,,0,0,,18,,0	1 can~222
2742766	B	92	0,0,0,0,11,0,0,0,,0,0,0,18,0,0	1 can~222
2742343	B	92	0,0,0,0,11,0,0,0,,0,0,0,18,0,0	1 can~222
1629134	B	18	0,0,0,0,11	12 fl oz~355
2622183	B	18	0,0,0,0,11	1 can~355
2441329	B	105	0,0,0,0,0	1 serving~41|1 package~164
2210953	B	18	0,0,0,0,11,0,,,,,,,17	12 fl oz~360|1 package~2000
2596996	B	18	0,0,0,0,11,0,,,,,,,17	1 can~355
2678681	B	18	0,0,0,0,11,0	12 fl oz~360|1 package~2000
2597019	B	18	0,0,0,0,10,0,,,,,,,17	1 bottle~591
2597017	B	18	0,0,0,0,9,0	1 can~222
2597018	B	18	0,0,0,0,9,0	1 can~222
2597020	B	18	0,0,0,0,15,0	1 bottle~591
2597021	B	18	0,0,0,0,16,0	1 can~222
2597015	B	18	0,0,0,0,16,0	1 bottle~591
2597014	B	18	0,0,0,0,16,0	1 can~222
2641510	B	18	0,0,0,0,16,0	1 can~222
2211928	B	18	0,0,0,0,11,0,,,,,,,17	12 fl oz~360|1 package~1000
2300262	B	41	857,0,100,0,0,,78.6,,,0,,,,,,17.1,4.29	1 tbsp~14|1 package~400
1962866	B	41	857,0,100,0,0,,78.6,,,0,,,,,,17.1,4.29	1 tbsp~14|1 package~400
1962863	B	41	857,0,100,0,0,,78.6,,,0,,,,,,17.1,4.29	1 tbsp~14|1 package~400
1962865	B	41	857,0,100,0,0,,78.6,,,0,,,,,,17.1,4.29	1 tbsp~14|1 package~400
1957385	B	41	857,0,100,0,0,,78.6,,,0,,,,,,17.1,4.29	1 tbsp~14|1 package~400
2438848	B	19	100,0,0,20,200,20,0,0,0,,0,0,,180	1 tsp~5|1 package~148
2068574	B	27	214,17.9,14.3,3.57,536,0,5.36,54,0,,1.29,0,,0	1 serving~28|1 package~396
2058372	B	64	500,10.7,50,3.57,714,3.57,17.9,71,0,0,0,0,,0	1 serving~28|1 package~340
2463292	B	26	196,6.25,8.04,25,464,2.68,2.68,40,1.8,0,.54,45,80,,.175	1 piece~112
2475794	B	26	214,4.46,9.82,28.6,848,2.68,3.57,36,1.8,.45,.62,54,107,,.175	1 serving~112|1 package~224
2476674	B	26	205,7.14,8.04,26.8,545,1.79,4.46,22,1.8,0,.98,214,205,,.175	1 serving~112|1 package~224
2476733	B	26	205,5.36,9.82,24.1,536,2.68,4.02,36,1.8,0,.54,54,107,,.175	1 serving~112|1 package~224
2463375	B	26	205,5.36,9.82,24.1,384,2.68,4.46,27,1.8,0,.71,45,134,,.1	1 piece~112
2463356	B	26	188,6.25,8.04,24.1,402,1.79,4.46,18,1.8,0,.98,196,196,,.1	1 piece~112
2463374	B	26	205,5.36,9.82,24.1,411,1.79,4.02,36,1.8,0,.71,45,125,,.175	1 piece~112
2416721	B	111	211,3.52,14.8,16.9,754,.7,5.63,18,1.4,0,.7,14,120,,0	1 tamale~142|1 package~567
2554189	B	77	170,25,8,1,620,0,2.5,90,0,0,1,19,334,,0	1 serving~100|1 package~680
2593103	B	43	50,6,1.5,5,290,1,0,15,0,0,1,18,228,,0	1 serving~100|1 package~794
2268299	B	111	218,4.93,14.8,16.2,859,1.41,5.63,28,1.4,0,.7,14,134	1 tamale~142|1 package~567
2480537	B	33	120,15,6,2,570,1,2.5,40,0,0,1,18,341,,0	1 serving~100|1 package~454
2509274	B	33	150,2.14,4.29,25.7,514,.71,0,0,1.4,0,.71,21,29,,0	1 cup~140|1 package~623
2509273	B	45	138,5.38,5.38,16.2,362,.77,1.92,4,3.8,0,1.54,31,362,,0	½ cup~130|1 package~623
2593102	B	106	120,13,6,3,720,1,1.5,45,0,0,1,24,279,,0	1 serving~100|1 package~340
2269343	B	137	294,15.3,23.5,5.88,494,1.18,9.41,53,2.4,,1.27,47,,0	1 serving~85|1 package~1810
2385322	B	15	17,0,0,6.9,362,3.45,0,0,0,0,0,79,259,,0	2 tbsp~29|1 package~454
2389655	B	15	34,0,0,6.9,362,3.45,0,0,0,0,0,83,259,,0	2 tbsp~29|1 package~454
2385696	B	15	86,0,5.17,6.9,241,3.45,0,0,3.4,0,.69,34,345,,0	2 tbsp~29|1 package~454
2389656	B	15	17,0,0,6.9,345,3.45,0,0,0,0,0,79,255,,0	2 tbsp~29|1 package~454
2401952	B	77	200,12.9,14.1,4.71,376,1.18,5.29,53,0,.59,1.18,94,248,,0	1 serving~85|1 package~425
2403631	B	77	176,24.7,8.24,0,259,0,2.94,76,0,0,3.53,53,287,,0	1 serving~85|1 package~425
2404337	B	77	129,25.9,2.35,0,259,0,.59,94,0,0,0,48,279,,0	1 serving~85|1 package~425
2403681	B	33	172,7.49,7.49,18.5,308,.44,3.52,15,1.3,0,1.32,208,107,,0	1 serving~227|1 package~454
2405378	B	33	70,3.08,1.54,13.7,273,.88,.44,0,.9,0,.44,44,79,,0	1 serving~227|1 package~454
2439776	B	15	63,5.26,10.5,5.26,895,5.26,0,0,0,,0,105,,0	1 serving~19|1 package~250
2439768	B	7	47,0,10.5,5.26,363,5.26,0,0,0,,0,0,,0	1 serving~19|1 package~171
356748	B	2	321,21.4,28.6,3.57,1250,0,17.9,89,0,,0,714,,0	1 serving~28
1903501	B	7	71,1.79,3.57,10.7,286,0,0,0,7.1,0,1.29,36,,12.9	1 serving~28|1 package~212
1914453	B	7	172,3.45,13.8,10.3,379,0,1.72,0,3.4,0,1.24,69,,12.4	2 tbsp~29|1 package~212
356747	B	2	321,21.4,28.6,3.57,571,0,17.9,89,0,,0,714,,0	1 serving~28
2443293	B	7	120,0,6.67,6.67,2730,0,0,0,0,,0,0,,0	1 tbsp~15|1 package~75
1903504	B	7	83,0,0,20,183,16.7,0,0,0,0,1.2,0,,200	3 -4 pieces) / (~30|1 package~290
358927	B	2	321,21.4,28.6,3.57,1250,0,17.9,89,0,,0,714,,0	1 serving~28
356749	B	2	321,21.4,28.6,3.57,571,0,17.9,89,0,,0,714,,0	1 serving~28
2463305	B	90	377,13,7,67,0,4,0,0,12,0,3,98,512,,.3	½ cup~100|1 package~397
1903507	B	7	83,0,0,20,183,16.7,0,0,0,0,1.2,0,,200	3 -4 pieces) / (~30|1 package~290
1914454	B	7	50,3.33,1,10,250,3.33,.17,0,3.3,0,1.2,0,,200	2 tbsp~30|1 package~300
1903509	B	37	25,2,0,5,290,0,0,0,2,0,.36,40,,6	½ cup~100|1 package~410
1903508	B	7	83,0,0,20,183,16.7,0,0,0,0,1.2,0,,200	3 -4 pieces) / (~30|1 package~290
2624471	B	73	375,0,0,100,0,100,0,0,0,0,9,500,,0,,,,0	1 tbsp~4|1 package~500
2032387	B	35	222,0,0,52.8,1610,50,0,0,0,0,0,0,,0	2 tbsp~36|1 package~290
2032301	B	35	200,0,0,53.3,1600,50,0,0,0,0,0,0,,0	2 tbsp~30|1 package~870
2546651	B	10	50,0,0,11.9,3,11.9,,,,0	1 serving~360
2679980	B	18	0,0,0,0,1,0,,,,0	1 serving~360|1 package~1420
2542763	B	18	40,0,0,9.92,12,9.92	1 serving~252
2239713	B	18	0,0,0,0,10,0	1 fl~360
2543915	B	18	44,0,0,11.1,8,11.1	1 serving~360
2546132	B	18	39,0,0,9.72,11,9.72	1 serving~360|1 package~710
2546421	B	18	39,0,0,9.72,11,9.72	1 serving~360
2441918	B	18	46,0,0,11.7,8,10.4,0,0,0,,0,0,,0	8 fl oz~240|1 package~1500
1988732	B	10	100,0,0,20,0,20,0,0,0,0,0,20,100,,0	1 tsp~5|1 package~375
2161247	B	86	75,0,0,20,17,19.2,0,0,0,0,0,4,3,,0	4 fl oz~120|1 package~1000
2127778	B	86	83,0,0,21.7,21,19.2,0,0,0,0,0,4,22,,0	4 fl oz~120|1 package~1000
2583967	B	86	100,0,0,26.7,17,26.7,0,0,0,0,0,0,0,,0	1 fl oz~30|1 package~373
2127861	B	86	125,0,0,31.7,46,30,0,0,0,0,0,5,7,,0	4 fl oz~120|1 package~1000
2583966	B	86	200,0,0,53.3,17,53.3,0,0,0,0,0,0,0,,0	2 tbsp~30|1 package~373
1969259	B	86	150,0,3.33,30,33,30,3.33,0,0,0,0,0,0,,0	2 tbsp~30|1 package~375
1945997	B	86	85,0,0,22.9,21,22,0,0,0,0,0,0,17,,0	4 fl oz~118|1 package~750
2583642	B	86	267,0,0,66.7,33,50,0,0,0,0,.03,0,0,,0	20 tbsp~30|1 package~373
1969261	B	86	200,0,0,53.3,17,50,0,0,0,0,0,0,0,,0	2 tbsp~30|1 package~375
2583641	B	105	100,0,0,20,0,20,0,0,0,0,0,0,100,,0	1 tsp~5|1 package~373
1969260	B	86	83,0,0,23.3,12,20.8,0,0,0,0,0,0,0,,0	4 fl oz~120|1 package~750
2123633	B	86	93,0,0,23.7,21,23.7,0,0,0,0,0,0,25,,0	4 fl oz~118|1 package~750
2282515	B	60	200,0,0,50,33,50,0,0,0,0,,0,0,,0	2 tbsp~30|1 package~375
1945994	B	86	119,0,0,30.5,81,29.7,0,0,0,0,0,0,8,,0	4 fl oz~118|1 package~750
2583643	B	86	200,0,0,50,17,50,0,0,0,0,0,0,0,,0	2 tbsp (30ml/1 fl oz~30|1 package~373
2583965	B	86	100,0,0,26.7,17,26.7,0,0,0,0,0,0,0,,0	2 tbsp~30|1 package~373
2159765	B	86	83,0,0,20.8,21,18.3,0,0,0,0,0,8,42,,0	4 fl oz~120|1 package~1000
2143355	B	86	100,0,0,23.3,39,21.1,0,0,0,0,0,8,49,,0	3 fl oz~90|1 package~1000
2164558	B	60	100,0,0,26.7,17,26.7,0,0,0,0,0,0,0,,0	2 tbsp~30|1 package~375
1913357	B	86	500,0,0,100,250,100	½ tsp~2|1 package~113
1939405	B	86	500,0,0,100,250,100	½ tsp~2|1 package~113
1939406	B	86	500,0,0,100,250,100	½ tsp~2|1 package~113
1892551	B	86	500,0,0,100,250,100	½ tsp~2|1 package~113
2542240	B	86	94,0,0,14.4,25,13.3,0,0,0,0,0,0,,0	1 serving~180|1 package~3000
2301165	B	86	22,1.11,0,5.56,422,3.33	3 fl oz~90|1 package~710
2134215	B	86	100,0,0,21.7,0,20	2 fl oz~60|1 package~375
2447006	B	86	130,0,0,34.8,0,30.4	¾ fl oz~23|1 package~375
2153516	B	86	75,0,0,18.3,0,18.3	2 fl oz~60|1 package~375
1910229	B	86	110,0,0,25.4,5,23.7,0,,0,0	2 fl oz~59|1 package~375
1939453	B	86	100,0,0,28.3,17,26.7,0,,0,0	1 serving~60|1 package~375
1910231	B	86	78,0,0,23.7,0,20.3,0,,0,0	2 fl oz~59|1 package~375
1939454	B	86	108,0,0,26.7,42,25,0,,1.7,0	2 fl oz~60|1 package~375
1939452	B	86	76,0,0,20.3,17,15.2,0,,0,0	2 fl oz~59|1 package~375
2593692	B	86	83,0,0,20.8,0,20.8,0,,0,0	1 serving~120|1 package~750
2085036	B	86	145,0,0,36.4,0,36.4,0,,0,0	¾ fl oz~22|1 package~375
2602057	B	12	320,20,0,80,100,0,0,0,0,0,7.6,0,0,,0,0,0,,,,,,0	1 piece~5|1 package~74.8
2048678	B	12	357,10.7,7.14,75,714,3.57,0,0,10.7,0,2.57,71,,0	15 pieces~28|1 package~142
1880470	B	5	357,10.7,5.36,75,750,10.7,0,0,10.7,0,2.57,0,,0	15 pieces~28|1 package~142
1879245	B	12	357,10.7,5.36,75,107,10.7,0,0,10.7,0,2.57,0,,0	15 pieces~28|1 package~142
2048787	B	5	357,0,8.93,67.9,714,7.14,0,0,3.6,0,1.29,0,,0	15 pieces~28|1 package~396
1879097	B	12	429,3.57,10.7,82.1,679,14.3,0,0,3.6,0,2.57,71,,0	15 pieces~28|1 package~113
1875051	B	5	429,7.14,10.7,75,750,7.14,0,0,3.6,0,1.29,71,,0	15 pieces) / (~28|1 package~113
1876100	B	5	464,7.14,10.7,82.1,821,10.7,0,0,7.1,0,1.29,0,,0	15 pieces~28|1 package~113
2049595	B	5	429,7.14,10.7,82.1,1710,7.14,0,0,7.1,0,1.29,71,,0	15 pieces~28|1 package~113
1882364	B	5	429,7.14,10.7,75,893,3.57,0,0,7.1,0,1.29,0,,0	15 pieces) / (~28|1 package~113
1877558	B	12	435,0,10.9,82.6,739,17.4,0,0,4.3,0,1.57,87,,0	1 serving~23|1 package~113
1880274	B	12	429,0,10.7,82.1,1680,14.3,0,0,3.6,0,1.29,71,,0	15 pieces~28|1 package~113
1877557	B	5	435,0,10.9,82.6,870,8.7,0,0,4.3,0,1.57,0,,0	1 serving~23|1 package~113
2543533	B	117	25,0,0,6.25,19,3.33,0,0,0,0,0,17,212,0,,0,0,,,,,,,7,8	1 serving~240|1 package~500
2287629	B	117	23,0,0,5.71,23,5.14,0,0,0,0,.1,6,100,0,,0,0	1 can~350
2047010	B	117	26,0,0,6,29,5.14,0,0,0,0,.1,6,100,0,,0,0,,,,,,,7,6	1 can~350
2085889	B	117	17,.42,.42,3.38,25,2.95,,,,,,,34	8 fl oz~237|1 package~473
2085888	B	117	17,.42,.42,3.38,25,2.95,,,,,,,34	8 fl oz~237|1 package~473
2085887	B	117	17,.42,.42,3.38,25,2.95,,,,,,,34	8 fl oz~237|1 package~473
2087741	B	117	17,.42,.42,3.38,25,2.95,,,,,,,34	8 fl oz~237|1 package~473
2076773	B	117	17,.42,.42,3.38,25,2.95,,,,,,,34	8 fl oz~237|1 package~473
2085890	B	117	17,.42,.42,3.38,25,2.95,,,,,,,34	8 fl oz~237|1 package~474
1970407	B	8	529,5.88,35.3,58.8,44,52.9,20.6,15,2.9,0,1.06,118,,0	1 package~34
2546196	B	1	380,4.23,19.7,49.3,85,47.9,11.3,28,1.4,0,.51,85,,1.7	1 package~71
2525499	B	8	565,6.45,35.5,54.8,113,53.2,22.6,24,0,0,1.16,242,,1.9	1 package~62
2158760	B	8	559,5.88,35.3,50,29,47.1,20.6,0,8.8,0,1.06,59,,0	1 piece~34
2043555	B	8	528,5.56,33.3,58.3,56,55.6,19.4,14,2.8,0,1,111,,0	6 pieces~36
2284416	B	8	437,2.82,18.3,64.8,77,36.6,9.86,7,1.4,0,1.01,56,,0	1 package~71
2315355	B	1	380,4.23,19.7,49.3,85,47.9,12.7,28,2.8,0,.51,85,,0	1 package~71
2085642	B	117	21,0,0,5.42,40,5.42,0,0,0,0,0,8,200,0,,,,,,,,,,7,0	½ can~240|1 package~490
2008862	B	14	414,3.45,3.45,89.7,517,44.8,3.45,0,0,0,6.21,0,190,0,3.45,0,0,,17.2,1,1.47,1.72,,28,69,,5.17,,,.138	¾ cup~29|1 package~311
2466511	B	14	405,4.76,3.57,88.1,571,42.9,0,0,2.4,0,12.9,0,143,,0,,,,,2,,,57,,0,,3.57,1.19	1 cup~42|1 package~425
2452287	B	8	562,6.25,37.5,56.2,94,46.9,25,16,6.2,0,3.12,125,403,,0	3 squares~32|1 package~85
2163669	B	13	395,5.26,11.8,73.7,395,26.3,2.63,0,7.9,0,2.63,184,158,,0,,,,5.26,1,1.12,1.05,112	1 bar~38|1 package~912
2143094	B	14	400,5,2.5,87.5,375,37.5,2.5,0,0,0,18,0,150,,,0,0,,10,1,.85,1,300,,,3	1 cup~40|1 package~439
2611334	B	14	375,5,2.5,87.5,425,37.5,1.25,0,2.5,0,18,0,150,,5,0,0,,10,1,.85,1,300,,,3	1 cup cereal~40|1 package~539
2658217	B	14	419,11.6,10.5,72.1,419,37.2,6.98,35,2.3,0,12.6,279,442,,7,2.33,0,126,9.3,1,.593,.698,133,,,4.19	1 bowl~43
2212062	B	9	450,5,15,70,450,30,5,0,0,0,3.5,0,100,,0,,,,8,,.85,,300	1 bar~20|1 package~160
2141226	B	9	432,4.55,13.6,72.7,455,31.8,4.55,0,2.3,0,3.41,23,136,,0,,,,9.09,1,1.54,1.36,182	4 bars~44|1 package~308
2497922	B	9	409,4.55,13.6,72.7,455,31.8,4.55,0,0,0,3.27,0,,0,,,,,9.09,1,1.54,1.36	1 bar~22
2658211	B	9	450,5,15,70,425,35,5,0,0,0,1.8,0,,0,,,,0,8,1,1.28,1,272	1 bar~20|1 package~320
2062328	B	104	500,16.7,10.8,58.3,0,0,6.67,0,33.3,0,40.5	1 tbsp~12|1 package~283
2053216	B	30	440,4,7.2,84,0,72,4.4,0,8,0,8.64	2 tbsp~25|1 package~283
2669692	B	39	93,4.23,2.82,14.4,48,12.1,1.13,8,1.4,0,1.12,121,292,.5,2,,,38	1 carton~355
2095376	B	39	105,4.22,3.8,13.1,46,12.7,2.53,13,1.7,0,,110,147,1.3	1 serving~237|1 package~414
2659975	B	30	400,6.67,13.3,80,0,53.3,0,0,6.7,0,4.8,0,0,,0,,0,,2.67	1 serving~15|1 package~240
2178005	B	12	500,3.57,21.4,71.4,268,17.9,3.57,0,0,0,0,0,107,,0	1 pouch~28|1 package~170
2626159	B	12	500,3.57,21.4,71.4,268,17.9,3.57,0,0,0,0,0,107,,0,,,,,,,,,,,,,,,,,,5	1 serving~28|1 package~170
2469494	B	14	389,5.56,4.17,86.1,611,33.3,0,0,2.8,0,7.5,0,167,,5.55,,,,16.7,1,1.89,1.39,333,,56,13.3,6.25	1 cup~36|1 package~425
2511636	B	14	389,5.56,4.17,86.1,611,33.3,0,0,2.8,0,7.5,0,167,,5.55,,,,16.7,1,1.89,1.39,333,,,13.3,6.25	1 cup~36|1 package~552
2126158	B	9	409,4.55,11.4,77.3,295,45.4,9.09,0,0,0,0,0,91,0,1.82,,,,5.46,0,.464,.545,,,,1.64,1.36	1 bar~22
2451490	B	8	567,6.67,33.3,56.7,100,53.3,20,17,3.3,0,4.33,147,337,,0	6 balls~30|1 package~227
2525600	B	14	389,2.78,4.17,86.1,583,33.3,0,0,2.8,0,15,0,167,,0,,,,8.33,3,,.833,100,22,56,,6.25,2.08	1 cup~36|1 package~467
2288742	B	14	414,3.45,3.45,86.2,586,34.5,3.45,0,0,0,6.21,0,155,0,6.9,0,0,,17.2,1,1.47,1.72,,,69,5.17,5.17,,,.138	¾ cup~29|1 package~963
2027489	B	14	414,3.45,3.45,86.2,586,34.5,3.45,0,0,0,6.21,0,155,0,6.9,0,0,,17.2,1,1.47,1.72,,,69,5.17,5.17,,,.138	¾ cup~29|1 package~1130
2072097	B	8	490,5,40,50,105,35,20,10,10,0,8.1,50,,0	1 serving~20
2051649	B	4	480,5,35,55,75,40,20,0,10,0,8.1,50,,0	1 serving~20
2735943	B	56	384,6.8,5.11,83.1,417,21.1,.869,.017,6.45,.002,10,360,347,,10,,,241,5.36,1,.455,1.07,214,,,3.21,8.04	1 container~56
2720297	B	56	376,5.42,3.51,84.9,758,30,.412,.001,4.44,.024,9,325,184,,5,1.8,1.05,250,5.56,1,.472,1.11,222,67,111,3.33,8.33	1 cup cocoa puffs~36
2746622	B	56	389,5.56,5.56,86.1,361,33.3,0,0,5.6,0,10,361,278,16.7,11,2.78,1.39,250,5.56,1,.472,1.11,222,,,3.33,8.33	1 cup~36
2745351	B	56	389,5.56,5.56,86.1,361,33.3,0,0,5.6,0,10,361,278,16.7,11,2.78,1.39,250,5.56,1,.472,1.11,222,,,3.33,8.33	1 cup~36
2746540	B	56	400,6,5,86,360,34,0,0,6,0,9,260,280,12,10,,,180,4,1,.34,1,200,,,3,7.5	1 container~50
2741725	B	56	400,7.5,8.75,72.5,262,22.5,0,0,7.5,0,5.25,650,250,5,2,,,,1.25,0,.125,.25,50,,,.22,1.75	1 bar~40
2745824	B	56	389,5.56,5.56,86.1,361,33.3,0,0,5.6,0,10,361,278,16.7,11,2.78,1.39,250,5.56,1,.472,1.11,222,,,3.33,8.33	1 cup~36
2560827	B	14	385,7.69,6.41,74.4,295,30.8,2.56,0,7.7,0,9.23,333,333,,0,,,,10.3,,.872,1.03,205,62,205,,7.69	1 serving~39
2667627	B	99	289,6.67,10,46.7,356,11.1,2.22,11,2.2,0,10.9,444,378,,0,,,489,8.89,1,.889,.667,67,,,2.22	1 waffle~45|1 package~360
2533499	B	14	389,5.56,5.56,86.1,361,33.3,0,0,5.6,0,10,361,278,16.7,5.55,2.78,1.39,,5.56,1,.472,1.11,222,67,111,,8.33	1 cup~36|1 package~907
2560838	B	0	433,3.33,10,83.3,633,50,0,0,3.3,0,1.67	¾ cup~30|1 package~198
2617431	B	93	397,5.88,7.35,79.4,279,39.7,1.47,0,4.4,0,5.29,191,279,8.8,3,3.68,1.47,132,2.94,0,.25,.588,118,,,1.76,4.41	1 tray~68
2617427	B	14	389,5.56,5.56,83.3,333,33.3,0,0,5.6,0,10,361,278,16.7,6,2.78,1.39,250,5.56,1,.472,1.11,222,,,3.33,8.33	1 cup~36|1 package~513
1663366	B	14	370,3.7,5.56,85.2,333,37,0,0,3.7,0,16.7,370,296,22.2,3.7,1.85,0,,14.8,1,1.26,1.48,,59,222,4.44,11.1	¾ cup~27
1726912	B	14	370,3.7,5.56,85.2,370,33.3,0,0,3.7,0,16.7,370,315,22.2,3.7,1.85,1.85,,18.5,1,1.57,1.85,,59,222,5.56,13.9,,,.148	¾ cup~27
1636022	B	14	370,3.7,5.56,85.2,556,37,0,0,7.4,0,16.7,370,259,22.2,3.7,1.85,1.85,,18.5,1,1.57,1.85,,59,222,5.56,13.9,,,.148	¾ cup~27
2614446	B	14	389,5.56,5.56,86.1,361,33.3,0,0,5.6,0,10,361,278,16.7,6,2.78,1.39,250,5.56,1,.472,1.11,222,67,111,3.33,8.33	1 cup cocoa puffs~36|1 package~513
1726763	B	14	370,3.7,3.7,85.2,444,29.6,0,0,3.7,0,16.7,370,185,22.2,3.7,0,0,,18.5,2,1.57,1.85,,30,148,5.56,13.9	¾ cup~27
2720716	B	56	420,4.93,13.7,74.4,311,28.7,3.58,.024,5.58,.044,8.57,310,256,14.3,9.52,6.7,2.6,214,4.76,1,.405,.952,190,,,2.86,7.14	1 cup~42
2720714	B	56	420,4.93,13.7,74.4,311,28.7,3.58,.024,5.58,.044,8.57,310,256,14.3,9.52,6.7,2.6,214,4.76,1,.405,.952,190,,,2.86,7.14	cocoa puffs loaded 1 cup~42
2614516	B	14	389,5.56,5.56,83.3,333,33.3,0,0,5.6,0,10,361,278,16.7,6,2.78,1.39,250,5.56,1,.472,1.11,222,,,3.33,8.33	1 cup cocoa puffs minis~36|1 package~295
2551433	B	14	389,5.56,5.56,83.3,333,33.3,0,0,5.6,0,10,361,278,16.7,5.55,2.78,1.39,,5.56,1,.472,1.11,222,,,3.33,8.33	1 serving~36|1 package~513
1663783	B	14	370,3.7,5.56,85.2,333,37,0,0,3.7,0,16.7,370,296,22.2,3.7,1.85,0,,14.8,1,1.26,1.48,,59,222,4.44,11.1	¾ cup~27
1630325	B	14	370,3.7,5.56,85.2,370,33.3,0,0,3.7,0,16.7,370,315,22.2,3.7,1.85,1.85,,18.5,1,1.57,1.85,,59,222,5.56,13.9,,,.148	¾ cup~27
2739192	B	56	444,7.41,16.7,66.7,315,25.9,5.56,0,11.1,0,3.33,0,0,,0	1 bar~27
2674365	B	14	370,3.7,3.7,85.2,444,29.6,0,0,3.7,0,16.7,370,185,22.2,7,0,0,333,18.5,2,1.57,1.85,629,30,148,5.56,13.9	¾ cup~27|1 package~513
2517366	B	56	440,5,15,71,220,37,8,0,3,0,18.6,600,260,6,1.5,,,,,0,.9,1.2,610,,,.3,7.6	1 bar~49
1066985	B	13	429,4.08,14.3,71.4,214,36.7,8.16,0,2,0,18.6,592,265,6.1,,,,,9.39,0,.816,1.22,607,,,.41,7.55	1 bar~49
2233973	B	56	370,3.7,3.7,85.2,352,37,0,0,3.7,0,16.7,370,278,22.2,3.7,0,0,,,1,1.57,1.85,,59,222,5.56,13.9	¾ cup with 1/2 cup skim milk~27
2049255	B	40	228,5.26,1.75,49.1,53,40.4,.88,0,5.3,0,1.89,105,,0	1 pouch makes 8 fl oz~57
1882110	B	30	228,5.26,3.51,47.4,44,35.1,2.63,0,5.3,0,2.53,105,,0	1 pouch, makes 8 fl oz~57
2310344	B	30	225,5,1.25,55,25,45,0,0,5,0,1.8,50,,0	4 tbsp~40|1 package~283
1877356	B	30	228,5.26,1.75,52.6,53,38.6,0,0,3.5,0,1.26,105,,0	1 pouch, makes 8 fl oz~57
1897820	B	1	500,5.88,26.5,64.7,309,55.9,13.2,0,2.9,0,2.12,0,,0	2 pieces~34|1 package~156
2091183	B	1	529,5.88,35.3,50,176,44.1,17.6,44,2.9,0,1.06,118,,0	2 pieces~34|1 package~156
2167482	B	104	300,20,10,60,0,20,,,20,,16,,2800	1 tbsp~5|1 package~226
2495575	B	30	540,6,32,56,90,54,20,10,2,0,2,194,,,0	1 bombe~50
2495579	B	8	540,6,32,56,90,54,20,10,2,0,2,194,,,0	1 bombe~50|1 package~150
2495578	B	30	520,6,32,50,10,46,20,2,6,0,10,50,,,0	1 bombe~50
2495580	B	8	540,6,32,56,260,54,20,12,2,0,2,210,,,0	1 bombe~50
775820	B	4	538,11.5,30.8,57.7,96,46.2,11.5,0,3.8,0,2.77,154,,9.2	1 macaron~26
472904	B	6	286,7.14,8.93,60.7,411,10.7,5.36,0,3.6,0,2.57,0,,4.3	1 serving~28
598135	B	14	542,12.5,37.5,37.5,21,12.5,8.33,0,8.3,0,4.5,167,,10,,10.4,12.5	¼ cup~24
1879152	B	12	464,7.14,17.9,75,286,32.1,16.1,0,7.1,0,2.57,36,,0	15 pieces~28|1 package~142
2082925	B	117	21,0,0,5.42,31,5,0,0,0,0,.15,8,125,0,,,,,.167,,,,,7,8,,.12,,0	17½ fl oz~240|1 package~520
1897141	B	22	464,10.7,28.6,50,571,21.4,21.4,0,14.3,0,1.29,71,1930,32.1,,,,,,,,,,143	1 serving~28
2629371	B	25	42,1.82,1.06,6.67,82,5.76,.61,3,0,0,.22,61,182,0,,,,0	11.1 fl oz~330
2664799	B	117	29,0,.31,6.53,10,5.92,.31,0,.4,0,0,16,161,,0	1 can~490
579539	B	117	33,0,0,3.94,2,3.72,0,0,0,0,0,0,50,4.9,.525,,,,,0,,.135,,1	1 serving~355
2092678	B	117	25,0,0,6.25,12,6.25,0,0,,0,,17,225,0,,,,,,,,,,7,8	8 fl oz~240
429606	B	117	31,0,0,7.42,18,7.42,0,0,.3,,0,13,84,0	10½ fl oz~310
1875022	B	25	53,0,0,13.8,59,12.2,,,.3,,,12	10.8 fl oz~320
1875019	B	8	500,5,27.5,55,112,45,17.5,12,2.5,0,1.8,150,,0	1 serving~40|1 package~100
1882343	B	8	500,5,27.5,55,62,47.5,17.5,12,2.5,0,1.8,150,,0	1 serving~40|1 package~100
2628087	B	117	18,0,0,4.55,8,4.55,0,0,0,0,0,15,140,30.9,,,,0,,,,,,7,6	11.1 fl oz~330|1 package~1000
2428698	B	117	19,0,0,4.58,10,3.33,0,0,0,0,0,20,225,12.5,0,,,,,,,,,6,14	8 fl oz~240|1 package~1050
2628647	B	117	24,0,0,5.83,8,4.58,0,0,0,0,0,17,165,8.5,,,,0,,,,,,8,8	8 fl oz~240|1 package~500
912722	B	62	847,0,98,0,0,0,59.3,0	1 serving~15
1865724	B	22	600,5,45,45,500,35,40,0,5,0,3.6,0,,0	½ bag) / (~20|1 package~40
1908650	B	117	23,0,0,5,29,4.62,0,0,0,0,0,15,125,0,,,,,,,,,,6	½ can~260|1 package~520
1909704	B	72	100,0,8.75,2.5,12,0,7.5,0,0,0,.9,0,,0	1/3 cup~80|1 package~400
1887013	B	41	800,0,93.3,0,0,,80,0,,0	1 tbsp~15|1 package~414
1895660	B	73	375,0,0,100,12,100,0,0,0,0,4.5,0,,30	2 tsp~8|1 package~454
2069709	B	8	612,9.41,51.8,37.6,94,23.5,28.2,0,9.4,0,3.39,94,,0	1 serving~21.2|1 package~42.5
2069707	B	8	612,4.71,56.5,28.2,0,14.1,28.2,0,9.4,0,3.39,94,,0	1 serving~21.2|1 package~42.5
1896917	B	8	565,4.71,51.8,32.9,0,18.8,28.2,0,9.4,0,3.39,0,,0	1 serving~21.2|1 package~42.5
1896916	B	8	612,4.71,61.2,28.2,0,14.1,37.6,0,9.4,0,3.39,0,,0	1 serving~21.2|1 package~42.5
2427299	B	117	20,0,0,5.2,24,4.8,0,0,0,0,,,86,2.9,0,,,,,,,,,5,6,,,,0	8.3 fl oz~250
2427752	B	24	24,0,0,5.6,24,5.2,0,0,0,0,,,86,2.9,0,,,,,,,,,5,6,,,,0	8.3 fl oz~250
2427895	B	117	24,0,0,5.6,24,5.2,0,0,0,0,,,86,2.9,0,,,,,,,,,5,6,,,,0	8.3 fl oz~250
2427909	B	117	24,0,0,5.6,24,5.2,0,0,0,0,,,86,2.9,0,,,,,,,,,5,6,,,,0	8.3 fl oz~250
2593210	B	70	67,0,6.67,0,100,0,6.67,0,0,0,0,0,0,,0,0,0	1 tbsp~15|1 package~500
2663528	B	41	800,0,93.3,0,0,0,80,0,0,0,0,0,0,,0,3.33,0	1 tbsp~15|1 package~887
2604378	B	24	21,0,0,4.58,23,3.75,0,0,0,0,0,12,179,,0,0,0	8 fl oz per serving~240|1 package~500
2426942	B	0	533,6.67,33.3,46.7,833,0,30,0,13.3,0,0,7,0,,0	1 serving~30|1 package~516
2426697	B	0	533,6.67,33.3,46.7,833,0,30,0,13.3,0,3.33,7,0,,0	1 serving~30|1 package~516
429918	B	22	450,5,25,52.5,250,52.5,25,0,12.5,,2.25	1 pack~40
454002	B	41	867,0,100,0,0,,93.3,0,,0,,,,,,5.33,2	1 tbsp~15
454001	B	41	867,0,100,0,0,,93.3,0,,0,,,,,,5.33,2	1 tbsp~15
2652064	B	117	24,0,0,5.6,45,4.8,0,0,0,0,0,16,100,,0,,,,,,,,,25,20	8.4 fl oz~250|1 package~1000
2438168	B	117	18,0,0,4.55,30,4.55,0,0,0,0,0,24,187,2.4,0,,,,,,,,,10,12	11 fl oz~330
504499	B	72	62,.6,1.5,11.5,32,8,.8,1,0,,.07,4,,0	16.9 fl oz~500
2438167	B	117	24,0,0,6,45,5.6,0,0,0,0,.4,16,100,1.2,0,,,,,,,,,25,20	8.3 fl oz~250|1 package~500
2486407	B	10	32,0,0,8,5,7.6,0,0,0,0,0,0,80,5.2,0	1 cup~250|1 package~500
2510716	B	14	100,2,5.33,10.7,5,4,4.67,0,2,0,.84,7,,,0	1 serving~150
2583992	B	14	100,2,5.33,10.7,5,4,4.67,0,2,0,.84,7,70,,0	1 serving~150
2452439	B	14	120,2.67,6,14,5,4.67,4.67,0,4,,1.32,20,,,0	1 serving~150
2671474	B	15	179,3.57,17.9,3.57,293,0,17.9,0,0,0,0,0,,,1	2 tbsp~28
2668530	B	17	167,.88,14,8.77,9,6.14,13.2,0,1.8,0,.95,9,154,,0	1 serving~114
2510718	B	17	88,1.1,4.4,13.2,11,6.59,4.4,0,2.2,0,.59,11,,,0	1 serving~91
2510717	B	14	100,2,5.33,10.7,4,3.33,4.67,0,2,0,.96,7,,,0	1 serving~150
2550446	B	14	100,2,5.33,10.7,4,3.33,4.67,0,2,0,.96,7,47,,0	1 serving~150
2550447	B	14	120,2.67,6,14,5,4.67,4.67,0,4,0,1.32,20,117,,0	1 serving~150
2545701	B	17	167,1.75,15.8,5.26,9,1.75,13.2,0,1.8,0,1.11,9,,,0	1 serving~114
2664530	B	17	167,1.75,15.8,5.26,9,1.75,13.2,0,1.8,0,1.11,9,,,0	1 serving~114|1 package~454
2510714	B	17	158,.88,13.2,9.65,9,6.14,11.4,0,1.8,0,.95,18,,,0	1 serving~114
2664529	B	17	167,1.75,14.9,7.89,9,5.26,13.2,0,1.8,0,1.11,9,,,0	1 serving~114
556769	B	17	22,0,0,5,25,1.67,,0	2 fl oz~60
2386254	B	25	375,0,0,75,0,0,0,0,0,0,0,150,350,,0	1 serving~4|1 package~120
2386253	B	30	429,0,0,85.7,0,28.6,0,0,0,0,0,86,714,429,0	1 scoop~3.5|1 package~112
2021921	B	30	633,3.33,46.7,46.7,33,46.7,43.3,0,0,0,1.2,0,,0	¼ cup~30|1 package~60
1859792	B	52	90,.33,1.33,18.7,18,8.67,1,0,3,0,.24,0,,0	1 serving~300
2081318	B	72	183,1.67,18.3,3.33,8,1.67,4.17,0,0,0,.6,0,,0	¼ cup~60|1 package~400
2546425	B	117	32,0,.38,7.01,34,6.82,.28,0,0,0,.07,15,,0	1 can, per container~528
2544795	B	117	32,0,.29,6.9,33,6.61,.29,0,0,0,.1,11,,0	1 can~348
2543067	B	117	21,0,0,5.42,25,5,,,0,,,,102,4.2	1 serving~240|1 package~1000
1883127	B	117	6,0,0,1.69,13,1.69,,0,0,,,6,99,0,,,,,,,,,,2,6	12 fl oz~355
1909288	B	117	23,0,0,5.45,30,5.15,,0,,,,18,227,,,,,,,,,,,11,9	1 carton~330
1908167	B	117	18,0,0,4.24,24,3.94,0,0,,0,,15,212,,,,,,,,,,,12,9	1 carton~330
1879059	B	117	18,0,0,4.51,34,4.51,,0,0,,,18,221,,,,,,,,,,,14,9	15 fl oz~443
1875959	B	117	6,0,0,1.69,13,1.69,,0,0,,,6,99,0,,,,,,,,,,2,6	12 fl oz~355
2490964	B	117	39,6.06,.3,6.06,94,1.82,.15,3,.9,0,1.36,182,209,3.6,.6,,,,1.21,0,.103,.121,24,24,61,.36,.91,.303,0,.121	1 carton~330
2490406	B	117	40,6.15,0,5.85,105,1.85,0,5,.6,0,1.11,185,188,3.7,.625,,,,1.23,0,.105,.123,25,12,62,.37,.92,.308,0,.123	1 carton~325
2490965	B	117	42,6.06,.76,4.85,88,1.82,.76,5,.6,0,1.09,182,164,3.6,.6,,,,1.21,0,.103,.121,24,12,61,.36,.91,.303,0,.121	1 carton~330
1926865	B	117	19,0,0,4.17,24,3.75,0,0,,0,,17,208,,,,,,,,,,,12,8	8 fl oz~240|1 package~1000
2009078	B	5	320,20,0,80,100,0,0,0,0,0,7.2,0,,0	1 piece~5|1 package~75
2163813	B	86	146,0,3.93,28.1,11,27,3.37,0,1.1,0,0,0,,13.5	1/3 cup~89|1 package~354
2679807	B	104	333,2.56,15.4,48.7,38,46.2,12.8,0,2.6,0,0,10,146,,0	2 tbsp~39|1 package~425
1958488	B	30	400,6.67,11.7,76.7,450,60,6.67,0,10,0,6,67,,0	2 heaping tbsp~30|1 package~213
1968752	B	30	400,6.67,8.33,83.3,600,76.7,5,0,3.3,0,2.4,67,,0	2 heaping tbsp~30|1 package~213
1958390	B	30	400,3.33,8.33,83.3,600,76.7,5,0,3.3,0,2.4,67,,0	2 heaping tbsp~30|1 package~213
1958343	B	30	400,6.67,10,80,500,66.7,6.67,0,6.7,0,4.8,67,,0	2 heaping tbsp~30|1 package~213
1931128	B	72	550,0,56.7,6.67,0,0,40,0,0,0,0,0,,0	2 tbsp~30|1 package~400
1125011	B	117	20,0,0,5.6,20,4.4,0,0,0,0,0,8,248,,0	½ bottle~250
1867476	B	1	300,2.5,8.75,52.5,200,40,8.75,0,0,0,.9,0,,0	6 pieces~40|1 package~100
2448907	B	8	567,3.33,36.7,56.7,467,50,30,,3.3,,3.33	1 serving~30|1 package~112
2593050	B	1	567,3.33,33.3,60,450,56.7,26.7,,3.3,,3.33	1 serving~30|1 package~99
1964089	B	8	393,3.57,17.9,53.6,161,39.3,14.3,0,3.6,0,3.57,29,318,,0	2 pieces~28
2378632	B	1	406,3.12,14.1,68.8,219,56.2,14.1,0,0,0,0,19,381,,0	5 pieces~32|1 package~99.2
2509113	B	1	308,3.85,23.1,69.2,962,,17.3,0,34.6,0,3.85,15,277,,0	2 pieces~26|1 package~104
1867417	B	1	300,2.5,10,52.5,200,40,8.75,0,0,0,.9,0,,0	6 pieces /~40|1 package~100
2277817	B	1	194,0,11.1,50,139,0,11.1,0,33.3,0,0,0,0,,0	3 pieces~18|1 package~78
2367580	B	1	267,0,16.7,76.7,433,3.33,16.7,0,46.7,0,0,0,190,,0	5 pieces~30|1 package~78
2664457	B	1	450,5,25,55,450,40,15,0,5,0,4.5,50,,0,,,,0	10 pieces~40|1 package~100
2664456	B	1	429,3.57,17.9,60.7,571,46.4,10.7,0,3.6,0,3.86,0,250,,0	2 piece~28
1995601	B	8	429,3.57,17.9,60.7,571,46.4,10.7,0,3.6,0,3.57,25,236,,0	2 pieces~28|1 package~112
2408488	B	1	225,0,1.25,50,150,32.5,0,0,2.5,0,0,85,10,,0	6 pieces~40|1 package~85
1867444	B	1	300,2.5,10,52.5,200,40,8.75,0,0,0,.9,0,,0	6 pieces /~40|1 package~100
1964087	B	8	450,5,25,55,112,40,17.5,0,5,0,4.5,50,,0	10 pieces /~40|1 package~100
1912127	B	1	393,3.57,17.9,53.6,161,39.3,14.3,0,3.6,0,3.57,29,318,,0	2 pieces~28
1890067	B	14	519,3.7,44.4,33.3,56,18.5,40.7,0,7.4,0,4,0,,0	1 serving~27|1 package~127
1890068	B	14	556,3.7,48.2,29.6,130,14.8,40.7,0,3.7,0,4,0,,0	1 serving~27|1 package~127
2541662	B	117	22,.5,.45,3.98,20,2.99,.4,0,0,0,0,0,209,0,,,,,,,,,,8,13	1 serving~201|1 package~331
1909857	B	54	200,0,0,40,1200,40,,,,0	1 tsp~5|1 package~296
2085644	B	117	21,0,0,5,29,4.58,,,,,,10,144	8 fl oz~240|1 package~490
2137570	B	22	550,5,32.5,60,188,35,30,0,17.5,0,2.25,12,120,,0	1 bag~40
2148071	B	117	33,0,0,8.33,19,7.5,0,0,0,0,0,6,76,,0	8 fl oz~240|1 package~490
2029226	B	5	556,5.56,30.6,61.1,278,38.9,30.6,0,22.2,0,5.56,28,528,,0	1 bag~36
2014771	B	3	382,2.63,29,21,20,14.5,22.4,0,2.6,0,2.11,0,263,,0	1 bar~76|1 package~267
2451051	B	52	207,1.72,13.8,20.7,95,13.8,12.1,0,1.7,0,1.21,0,500,,0	1 bar~58|1 package~356
2068133	B	52	240,2.67,14.7,24,13,14.7,12,0,4,0,1.92,0,,1.6	1 serving~75
1854897	B	52	211,1.05,14.7,19,32,15.8,13.7,0,1.1,0,.76,0,,0	½ cup~95|1 package~473
2062156	B	52	264,2.4,19.2,20.8,64,15.2,16,0,1.6,0,1.12,0,216,,0	2/3 cup~125|1 package~473
2014765	B	52	221,3.05,16,19.8,53,13,11.4,0,3.1,0,1.76,38,420,,0	2/3 cup~131|1 package~473
2014766	B	52	250,3.91,18,19.5,94,14.1,12.5,0,2.3,0,1.25,0,398,,0	2/3 cup~128|1 package~473
2014768	B	52	244,3.15,16.5,22.8,98,16.5,12.6,0,2.4,0,1.34,0,346,,0	2/3 cup~127|1 package~473
2014764	B	52	221,1.64,17.2,15.6,20,13.1,14.8,0,.8,0,.57,0,221,,0	2/3 cup~122|1 package~473
2546549	B	25	224,1.49,16.4,14.9,22,13.4,14.9,0,0,0,.6,0,224,,0	1 bar~67|1 package~356
2014760	B	52	208,2.4,14.4,20,60,14.4,12.8,0,1.6,0,1.2,0,376,,0	2/3 cup~125|1 package~473
2014769	B	52	238,1.59,15.9,23,60,17.5,14.3,0,.8,0,.63,0,167,,0	2/3 cup~126|1 package~473
2545548	B	52	300,1.67,18.3,15.8,21,13.3,16.7,0,.8,0,.67,0,208,,0	2/3 cup~120|1 package~473
2014761	B	52	221,1.64,17.2,15.6,20,13.1,14.8,0,.8,0,.57,0,197,,0	2/3 cup~122|1 package~473
1962144	B	52	320,2.67,26.7,20,20,16,21.3,0,2.7,0,1.87,0,240,,0	1 bar~75|1 package~267
2014762	B	52	242,1.61,19.4,17.7,20,13.7,16.9,0,1.6,0,1.05,0,210,,0	2/3 cup~124|1 package~473
2014767	B	52	238,1.59,18.2,17.5,20,12.7,15.9,0,1.6,0,.79,0,222,,0	2/3 cup~126|1 package~473
1951806	B	52	320,2.67,26.7,22.7,20,16,21.3,0,4,0,2,0,267,,0	1 bar~75|1 package~267
2271724	B	52	234,1.61,16.9,21.8,202,18.6,14.5,0,.8,0,.97,0,169,,0	2/3 cup~124|1 package~473
2300914	B	52	312,2.6,24.7,24.7,117,19.5,19.5,0,2.6,0,1.95,0,208,,0	1 bar~77|1 package~267
1854898	B	52	206,1.47,14.7,19.1,15,14.7,13.2,0,1.5,0,1.03,0,250,,0	1 bar~68|1 package~356
2014763	B	52	210,1.61,15.3,16.1,16,13.7,13.7,0,.8,0,.56,0,177,,0	2/3 cup~124|1 package~473
2176990	B	52	217,.87,10.4,30.4,174,23.5,8.7,0,.9,0,.61,0,122,,0	2/3 cup~115|1 package~414
1930432	B	3	346,3.94,20.5,38.6,276,17.3,15,0,2.4,0,2.13,16,,0	1 sandwich~127
2152440	B	70	500,0,30,70,0,10,25,0,10,0,0,0,280,0	1 packet~10|1 package~80
2152435	B	70	500,0,30,60,0,20,30,0,10,0,0,0,320,0	1 packet~10|1 package~80
2186311	B	17	76,0,1.76,16.5,15,10.6,1.47,0,1.2,0,.21,147,,0,,0,0	1 container~170
2533140	B	117	38,.42,2.08,3.75,52,2.92,1.88,0,0,0,.12,117,25,,2.92,0,0,,,,,,,,,.33	1 serving~240|1 package~946
2037046	B	17	82,0,1.76,16.5,15,10.6,1.47,0,1.2,0,.21,147,,0,,0,0	1 container~170
2186312	B	17	71,0,2.35,14.1,15,8.24,1.76,0,1.2,0,.21,147,,0,,0,.29	1 container~170
2186313	B	17	76,0,1.76,16.5,15,10.6,1.76,0,1.2,0,.21,147,,0,,0,0	1 container~170
2634507	B	17	82,0,1.76,16.5,15,10.6,1.76,0,1.2,0,.21,147,,0,,0,0,0	1 container~170
2461325	B	52	291,5.45,20.9,23.6,136,17.3,10,73,2.7,0,.18,18,27,,.275	1 sandwich~110
1894740	B	17	106,.59,8.24,7.06,44,1.76,7.06,0,0,0,.42,12,,0	1 container~170
1894741	B	72	141,.59,8.24,10,41,4.71,7.06,0,0,0,.42,12,,0	1 container~170
1960171	B	0	467,3.33,23.3,60,217,40,15,,3.3,,3.33	8 pieces /~30|1 package~567
2381697	B	104	355,3.62,33.3,15.2,22,6.52,29.7,0,8.7,0,2.46,14,355,,0	23 pieces~138|1 package~283
2389028	B	104	350,0,35,20,0,10,,0,10,0,2,0,400,,0	2 tbsp~10|1 package~283
2543228	B	49	643,7.14,64.3,25,36,7.14,53.6,0,14.3,0,2.57,0,,0	2 tbsp~28|1 package~255
1951724	B	117	36,0,0,8.4,18,7.2,0,0,0,0,0,6,76,,0	½ cup~250|1 package~500
2287711	B	41	800,0,93.3,0,,0,86.7,0	1 tbsp~15|1 package~473
2050130	B	8	580,8,52,32,40,18,36,0,8,0,2.88,80,,0	1 serving~50
1853113	B	73	375,0,0,100,125,100,0,0,0,0,0,0,1080,,0	1 tsp~4|1 package~340
1850714	B	8	609,7.81,45.3,43.8,164,39.1,28.1,23,3.1,,.56,31,,1.9	1 serving~64
2012459	B	8	580,6,54,34,40,18,44,0,8,0,2.88,40,,0	1 bar~50
2047285	B	35	100,0,0,20,1800,20,,,,0	1 tsp~5|1 package~237
2031382	B	8	547,6.25,39.1,50,,42.2,25,,3.1,,1.69,156	1 bar~64
2604952	B	35	200,0,0,40,1200,40,0,0,0,0,0,0,320,,0	1 tsp~5|1 package~296
2668071	B	11	139,0,0,27.8,1890,22.2,0,0,0,0,1.11,0,167,,0	1 tbsp~18|1 package~350
2668070	B	11	139,0,0,33.3,1890,27.8,0,0,0,0,1.11,0,167,,0	1 tbsp~18|1 package~350
1852866	B	13	560,6,48,36,50,20,36,0,10,0,3.6,40,,12	1 bar~50
1850117	B	13	420,8,28,44,120,34,24,0,6,0,1.44,0,,0	1 bar~50
2116500	B	8	516,6.25,40.6,46.9,,28.1,26.6,,3.1,0,4.22,31	1 bar~64
2604951	B	35	100,0,0,26.7,1800,20,0,0,0,0,2,0,267,,0	1 tbsp~15|1 package~473
2665181	B	54	0,0,0,0,0,0,0,0,0,0,0,0,147,,0	1 tbsp~15|1 package~375
2084511	B	35	100,0,0,20,1800,20,,,,0	1 tsp~5
1909859	B	35	200,0,0,46.7,1870,40,,,,0	1 tbsp~15|1 package~296
2604953	B	35	200,0,0,46.7,1870,40,0,0,0,0,0,0,587,,0	1 tbsp~15|1 package~296
2604949	B	73	375,0,0,100,125,100,0,0,0,0,0,0,1080,,0	1 tsp~4|1 package~340
2604948	B	73	367,0,0,86.7,133,86.7,0,0,0,0,0,0,807,,0	1 tbsp~15|1 package~355
2210652	B	73	367,0,0,86.7,133,86.7,0,0,0,0,0,0,807,,0	1 tbsp~15|1 package~355
1876544	B	30	286,0,0,85.7,0,71.4,0,0,0,0,0,0,5570,857,,,,,,,,,,857,2140	1 cup~7|1 package~84
2047681	B	30	286,0,0,85.7,0,71.4,0,0,0,0,0,0,5570,857,,,,,,,,,,857,2140	1 single serve cup~7|1 package~84
2439502	B	11	278,7.78,5.56,48.9,8110,48.9	½ qube~9|1 package~75
2615918	B	11	278,7.78,5.56,48.9,8110,48.9,,,,0	½ cube~9|1 package~75
2439497	B	11	278,7.78,5.56,48.9,8110,48.9	½ cube~9|1 package~75
2439719	B	50	30,10,0,10,0,0,0,0,0,,0,0,,0	1 tbsp~10|1 package~312
2615919	B	11	278,7.78,5.56,48.9,8110,48.9,,,,0	½ cube~9|1 package~75
2439529	B	11	278,7.78,5.56,48.9,8110,48.9	½ cube~9|1 package~75
2439770	B	11	278,7.78,5.56,48.9,8110,48.9	½ cube~9|1 package~75
2439717	B	11	278,7.78,5.56,48.9,8110,48.9	½ cube~9|1 package~75
2439435	B	4	767,26.7,60,13.3,0,3.33,0,17,10,,1.2,167,,0	1 serving~30|1 package~255
2439523	B	11	278,7.78,5.56,48.9,8110,48.9	½ cube~9|1 package~75
2615920	B	11	278,7.78,5.56,48.9,8110,48.9,,,,0	½ cube~9|1 package~75
2439521	B	11	278,7.78,5.56,48.9,8110,48.9	½ cube~9|1 package~75
2439533	B	11	278,7.78,5.56,48.9,8110,48.9	½ cube~9|1 package~75
2439538	B	11	278,7.78,5.56,48.9,8110,48.9	½ cube~9|1 package~75
2439509	B	11	278,7.78,5.56,48.9,8110,48.9	½ cube~9|1 package~75
2171635	B	22	577,10.7,44.9,38.5,171,21.4,29.9,0,10.7,0,4.27,45,502,,0	1 pouch~46.8
2652408	B	38	400,5,7.5,80,425,45,5,,5,0	1 cookie~20|1 package~285
2652409	B	38	353,5.88,0,88.2,500,41.2,0,,5.9,0	1 cookie~17|1 package~238
1899950	B	42	524,4.76,33.3,47.6,48,33.3,28.6,0,0,0,1.71,0,,5.7	1 tbsp~21|1 package~330
2030375	B	117	76,1.2,.1,17.5,7,0,0,0,.9,,0,0,,0	1 serving~100
2420991	B	41	800,0,93.3,0,0,0,73.3,0,0,0,0,0,0,,0,10,3.33	1 tbsp~15|1 package~443
2046577	B	8	495,5,40,50,145,35,20,15,10,0,8.1,50,,0	1 serving~20
1866788	B	8	450,7.5,45,40,0,0,27.5,0,22.5,0,9,50,,0	1 serving~40|1 package~71
1852221	B	8	475,10,47.5,35,0,2.5,22.5,0,20,0,6.75,100,,0	1 serving~40|1 package~80
2011517	B	8	475,10,42.5,45,75,7.5,17.5,12,17.5,0,2.7,200,,3	1 serving~40|1 package~80
2029248	B	8	450,7.5,45,40,0,0,27.5,0,22.5,0,9,50,,0	1 serving~40|1 package~85
2114863	B	8	475,7.5,45,45,0,0,25,0,22.5,0,4.5,100,,0	1 serving~40|1 package~80
2029249	B	8	475,10,40,45,75,7.5,17.5,12,17.5,0,2.7,200,,3	1 serving~40|1 package~80
2023618	B	104	383,1.67,10,75,75,66.7,8.33	2 fl oz~60|1 package~623
2567674	B	86	400,1.67,10,75,75,66.7,8.33	2 fl oz~60|1 package~624
481610	B	117	21,0,0,5.42,23,2.92,,,,,,17,196	1 can~240
2083604	B	18	45,0,0,11.3,14,11.3	1 can~355
2569965	B	10	46,0,0,11.2,15,11.2	8 fl/ oz~240|1 package~1999
2569967	B	18	0,0,0,0,13,0	8 fl oz~240|1 package~1999
2655415	B	18	45,0,0,11.3,14,11.3	12 fl oz~355
2616662	B	10	42,0,.3,9.6,18,8,.3,0,0,0,0,4,82,0,0,,,0	1 can~500
2053111	B	118	32,0,0,7.92,17,4.17,0,0,0,0,.45,8,121,0	8 fl oz~240|1 package~500
1880386	B	117	24,0,0,6.06,6,6.06,,,,,,18,206,20,,,,,,,,,,7,6	11.1 fl oz~330
1924136	B	4	500,8.33,37.5,45.8,229,29.2,29.2,0,8.3,0,3,83,,0	2 cookies~24|1 package~85
1936792	B	4	520,8,36,44,400,28,24,0,8,0,2.88,80,,0	2 cookies~25|1 package~176
1899655	B	4	520,12,40,40,220,24,28,0,8,0,2.88,80,,0	2 cookies~25|1 package~176
1865820	B	4	520,8,40,40,220,28,24,0,8,0,2.88,80,,0	2 cookies~25|1 package~176
2284536	B	4	520,8,40,44,220,28,24,0,8,0,2.88,80,,36	2 cookies~25|1 package~176
2008125	B	4	364,3.64,26.4,32.7,173,20.4,18.2,0,7.3,0,4.91,0,,2.7	1 serving~22|1 package~176
1910167	B	4	480,8,36,44,240,32,28,0,8,0,2.88,80,,0	2 cookies~25|1 package~176
1914469	B	4	536,7.14,39.3,39.3,232,28.6,25,0,7.1,0,3.86,71,,0	2 cookies~28|1 package~56
1899654	B	4	500,7.14,35.7,46.4,232,32.1,28.6,0,10.7,0,2.57,71,,0	2 cookies~28|1 package~56
1940378	B	4	542,8.33,41.7,41.7,229,25,29.2,0,8.3,0,3,83,,0	2 cookies~24|1 package~85
1940376	B	4	542,8.33,41.7,41.7,229,29.2,25,0,8.3,0,3,83,,0	2 cookies~24|1 package~85
1924457	B	4	500,8.33,37.5,41.7,396,29.2,25,0,8.3,0,3,83,,0	2 cookies~24|1 package~85
2284556	B	4	500,7.14,35.7,42.9,232,28.6,25,0,7.1,0,2.57,71,,0	2 cookies~28|1 package~56
1869688	B	4	520,8,40,40,220,28,24,0,8,0,2.88,80,,0	2 cookies~25|1 package~176
2433569	B	4	500,8.33,37.5,41.7,229,29.2,25,0,8.3,,3,83,,0	2 cookies~24|1 package~85
2672959	B	14	400,3.33,5,86.7,367,46.7,3.33,0,3.3,0,30,333,200,20,7,0,0,300,16.7,1,1.42,1.67,667,,,5,12.5	¾ cup~30|1 package~501
735640	B	8	375,6.25,28.1,56.2,47,28.1,15.6,16,15.6,0,6.25,94,344	3 pieces~32
2121331	B	10	43,0,0,10.3,47,9.33,0,0,0,0,1.2,13,,0	1 bottle~300
2061943	B	104	464,0,17.9,75,54,71.4,16.1,0,3.6,0,0,0,,0	1 fl oz~28|1 package~425
2396042	B	117	24,0,0,5.8,25,5.6,0,0,0,0,0,3,0,,0	16.9 fl oz~500
2624197	B	117	14,0,0,3.33,29,2.73,0,0,0,0,0,12,202,0,,,,0,,,,,,7,12	1 serving~330
1908438	B	117	21,0,0,4.85,20,4.24,,,,,.44,18,221,,,,,,,,,,,24,12	1 carton~330
1908439	B	117	25,.42,.21,5.42,31,5.42,,,,,,33,492,,,,,,,,,,,17,8	8 fl oz~240|1 package~500
1923901	B	36	71,12.5,2.68,0,482,0,0,54,0,0,.64,36,,0	1 serving~112|1 package~908
2664166	B	11	500,0,0,100,11000,,,,,,,,,,,,,3600	¼ tsp~1|1 package~155
2541900	B	11	0,0,0,0,10600	¼ tsp~.9|1 package~155
1930424	B	50	0,0,0,0,20000	¼ tsp~.9|1 package~155
2544344	B	50	0,0,0,0,19000	¼ tsp~1|1 package~170
2664167	B	19	109,0,0,21.9,1190,9.38,0,0,0,0,0,0,,0,,,,112	2 tbsp~32|1 package~590
1930425	B	11	455,0,0,90.9,13600	¼ tsp~1.1|1 package~170
2368925	B	12	286,25,8.93,17.9,2390,14.3,3.57,,0,0,2.57,0,,0	1 package~28
2194957	B	12	286,46.4,1.79,17.9,1750,17.9,0,107,0,0,6.43,0,,0	1 serving~28|1 package~74
2544729	B	12	500,21.9,40.6,6.25,1500,3.12,15.6,62,3.1,0,2.25,62,,0	4 sticks~32|1 package~111
1854597	B	2	250,14.3,21.4,3.57,464,,14.3,36,,0,,71,,0	1 serving~28|1 package~170
1949600	B	2	286,14.3,17.9,14.3,268,10.7,12.5,71,0,0,0,71,0,,0	1 serving~28|1 package~113
2094949	B	2	286,17.9,21.4,10.7,286,3.57,14.3,89,0,0,0,143,,0	1 serving~28|1 package~113
2032956	B	2	250,14.3,21.4,3.57,464,3.57,14.3,36,0,0,0,71,,0	1 serving~28|1 package~113
2623848	B	2	286,17.9,21.4,10.7,286,3.57,14.3,89,0,0,0,143,,0,,,,193	1 serving~28|1 package~113
2623847	B	2	250,14.3,21.4,3.57,464,3.57,14.3,36,0,0,0,71,,0,,,,0	1 serving~28|1 package~113
2623846	B	2	250,17.9,17.9,3.57,143,3.57,12.5,71,0,0,1.29,143,,0,,,,0	1 serving~28|1 package~113
1897978	B	8	500,4.76,31,57.1,2,50,19,0,4.8,0,8.57,0,,0	10 squares~42|1 package~100
2031256	B	29	464,10.7,17.9,64.3,71,21.4,1.79,54,3.6,0,2.57,71,,0	2 pieces~28|1 package~907
1897701	B	9	316,3.51,12.3,45.6,281,28.1,2.63,53,0,0,0,35,,0	1 slice~57|1 package~680
2136059	B	130	0,0,0,0,0,0,0,,0,0	1 pouch~11|1 package~110
2545840	B	30	0,0,0,0,0,0,0,,0,0	1 pouch~11|1 package~110
2136058	B	130	0,0,0,0,0,0,0,,0,0	1 pouch~11|1 package~110
2092101	B	130	0,0,0,0,0,0,0,,0,0	1 cup~11|1 package~110
2271621	B	130	0,0,0,0,0	1 pouch~11
2077775	B	130	0,0,0,0,0,0,0,,0,0	1 cup~11|1 package~110
2049631	B	130	0,0,0,0,0,0,0,,0,0	1 cup~11|1 package~110
1890544	B	130	677,6.45,71,12.9,32,0,51.6,226,,0	1 serving~31
2501140	B	70	167,0,0,33.3,0,33.3,0,0,0,0,0,0,267,,0,0,0	1 tbsp~15|1 package~946
2501139	B	70	200,0,6.67,33.3,0,33.3,1.33,0,0,0,0,0,267,,0,3.33,0	1 tbsp~15|1 package~946
2501227	B	70	200,0,6.67,33.3,0,33.3,1.33,0,0,0,0,0,267,,0,3.33,0	1 tbsp~15|1 package~946
2501198	B	70	200,0,6.67,33.3,167,33.3,1.33,0,0,0,0,0,267,,0,3.33,0	1 tbsp~15|1 package~946
2501138	B	70	100,0,6.67,6.67,0,0,1.33,0,0,0,0,0,267,,0,3.33,0	1 tbsp~15|1 package~946
1896182	B	46	433,5.51,24.4,48.8,228,27.6,3.54,39,1.6,0,2.13,16,,2.8	1 serving~127
471373	B	9	351,5.26,17.5,43.9,219,19.3,7.02,9,1.8,0,1.89,105,,0	.17 danish~57
2149733	B	3	175,3.17,7.14,27,79,17.5,3.97,24,1.6,0,.95,127,286,,0	1 bar~63|1 package~354
1922455	B	9	433,7.87,23.6,48,433,7.87,10.2,43,1.6,.39,2.13,16,,2.8	1 serving~127
1889916	B	9	374,4.4,13.2,58.2,242,42.9,5.49,44,3.3,0,2.97,44,,1.3	1/3 slice~91|1 package~203
2241565	B	46	449,4.08,22.4,57.1,327,44.9,12.2,92,0,0,.73,41,,0	1 bar~49|1 package~316
1889920	B	9	372,5.31,15,54,363,32.7,6.19,97,.9,.44,1.59,53,,0	1 serving~113
474148	B	9	302,3.17,11.1,47.6,286,30.2,3.17,40,1.6,0,1.14,32,,5.7	1 slice~63
1899104	B	9	385,3.85,15.4,59.6,288,44.2,8.65,87,0,0,2.08,38,,2.3	1 slice~52|1 package~303
1914376	B	46	387,3.23,16.1,56.4,403,41.9,9.68,73,1.6,0,1.16,32,,0	1 slice~62|1 package~421
1912970	B	4	383,3.33,15,60,233,33.3,8.33,33,1.7,0,1.8,0,,0	1 slice~60|1 package~182
1899094	B	46	367,3.33,15,56.7,217,31.7,8.33,33,1.7,0,1.8,0,,2	1 slice~60|1 package~404
1889919	B	9	416,6.19,14.2,65.5,363,42.5,6.19,71,2.7,0,2.39,35,,0	1 serving~113
1913935	B	46	370,6.3,14.2,54.3,386,34.6,5.51,75,2.4,.39,2.13,31,,0	1 serving~127
1889917	B	9	333,3.92,13.7,52.9,333,31.4,3.92,39,2,0,1.41,39,,0	1 slice~51|1 package~353
2164975	B	9	302,3.17,11.1,47.6,286,30.2,3.17,40,1.6,0,1.14,32,,5.7	1 slice~63|1 package~431
2284953	B	9	390,4.88,19.5,53.7,293,34.2,8.54,61,0,0,1.76,49,,0	1 slice~41|1 package~327
1889918	B	46	436,3.64,21.8,54.6,382,41.8,12.7,82,1.8,.91,1.96,36,,0	1 slice~55|1 package~390
2284952	B	46	440,4,20,56,420,44,12,90,0,0,.72,40,,0	1 slice~50|1 package~342
1899103	B	9	432,6.17,14.8,66.7,494,40.7,7.41,99,1.2,0,2.22,49,,0	1 serving~81
1889921	B	9	460,6.19,20.4,62.8,301,36.3,10.6,93,.9,.44,2.39,53,,0	1 serving~113
1917847	B	6	381,5.31,15.9,53.1,460,32.7,5.31,84,.9,.44,1.59,53,,0	1 serving~113
2279843	B	70	200,0,6.67,33.3,133,33.3,3.33,0,,0	1 tbsp~15|1 package~946
2087081	B	70	233,0,10,33.3,33,33.3,0,0,,0,,,,,,6.67,0	1 tbsp~15|1 package~946
2566695	B	70	333,6.67,13.3,40,67,40,10,33,,0	1 tbsp~15|1 package~414
2140024	B	70	333,6.67,13.3,40,67,40,10,33,,0	1 tbsp~15|1 package~414
2678444	B	70	233,0,10,33.3,33,33.3,0,0,,0,,,,,,6.67,0	1 tbsp~15|1 package~473
2656066	B	70	233,0,10,33.3,100,33.3,0,0,,0,,,,,,6.67,0	1 tbsp~15|1 package~946
2172617	B	70	200,0,6.67,33.3,167,26.7,6.67,0,,0	1 tbsp~15|1 package~946
2092299	B	70	233,0,10,33.3,33,33.3,0,0,,0,,,,,,6.67,0	1 tbsp~15|1 package~946
2106099	B	70	233,0,10,33.3,33,33.3,0,0,,0,,,,,,6.67,0	1 tbsp~15|1 package~946
2566677	B	70	233,0,10,33.3,33,33.3,0,0,,0,,,,,,6.67,0	1 tbsp~15|1 package~473
2141196	B	70	233,0,10,33.3,33,33.3,0,0,,0,,,,,,6.67,0	1 tbsp~15|1 package~473
2159467	B	70	273,0,13.6,36.4,227,36.4,13.6,0,0,0,0,0,227,,0	1 tub~11|1 package~1996
2566683	B	70	233,0,10,33.3,33,33.3,0,0,,0,,,,,,6.67,0	1 tbsp~15|1 package~473
2109168	B	70	136,0,13.6,36.4,0,27.3,13.6,0,,0,,,,,,0,0	1 tub~11|1 package~550
2086570	B	70	233,0,10,33.3,33,33.3,0,0,,0,,,,,,6.67,0	1 tbsp~15|1 package~473
2109195	B	70	233,0,10,33.3,33,33.3,0,0,,0,,,,,,0,0	1 tbsp~15|1 package~473
2287661	B	70	500,0,16.7,83.3,125,66.7,16.7,0,,0	4 tsp~12|1 package~425
2615862	B	70	200,0,6.67,33.3,133,33.3,3.33,0,,0	1 tbsp~15|1 package~946
2566703	B	70	200,0,6.67,33.3,133,33.3,3.33,0,,0,,,33	1 tbsp~15|1 package~473
2523763	B	70	233,0,10,33.3,33,33.3,3.33,33,,0	1 tbsp~15|1 package~946
2092300	B	70	200,0,6.67,33.3,133,33.3,3.33,0,,0,,,33	1 tbsp~15|1 package~473
2172562	B	70	233,0,10,33.3,100,33.3,0,0,,0,,,,,,6.67,0	1 tbsp~15|1 package~946
2654078	B	25	36,.28,1.11,6.94,17,5.83,.14,0,.3,0,0,8,28,,0	12 fl oz~360|1 package~1470
2566696	B	70	233,0,10,33.3,67,33.3,0,0,,0,,,,,,6.67,0	1 tbsp~15|1 package~946
2087223	B	70	233,0,10,33.3,33,33.3,0,0,,0,,,,,,6.67,0	1 tbsp~15|1 package~946
2678467	B	70	200,0,6.67,33.3,167,33.3,0,0,,0,,,,,,6.67,0	1 tbsp~15|1 package~828
2164915	B	70	200,0,6.67,33.3,100,33.3,3.33,0,,0	1 tbsp~15|1 package~473
2092386	B	70	273,0,13.6,36.4,136,36.4,13.6,0,,0,,,,,,0,0	1 tub~11|1 package~550
2437173	B	70	273,0,13.6,36.4,136,36.4,13.6,0,,0,,,,,,0,0	1 tub~11|1 package~1996
2622224	B	70	500,0,0,100,250,50,0,0,,0	½ tsp~2|1 package~425
1080857	B	70	500,0,33.3,66.7,333,66.7,16.7,0,,0	1 tsp~3
2678453	B	70	750,0,50,50,500,0,50,0,,0	¾ tsp~2|1 package~289
2092295	B	70	233,0,10,33.3,33,33.3,6.67,33,,0	1 tbsp~15|1 package~473
2086744	B	70	233,0,10,33.3,67,33.3,0,0,,0,,,,,,6.67,0	1 tbsp~15|1 package~473
2087018	B	70	233,0,10,33.3,33,33.3,6.67,33,,0	1 tbsp~15|1 package~473
2678443	B	70	100,0,6.67,6.67,33,0,0,0,,0,,,,,,3.33,0	1 tbsp~15|1 package~946
2181352	B	70	233,0,10,33.3,33,33.3,6.67,33,,0	1 tbsp~15|1 package~946
2420112	B	70	233,0,10,33.3,33,33.3,0,0,,0,,,,,,6.67,0	1 tbsp~15|1 package~946
2087331	B	70	273,0,13.6,36.4,0,36.4,13.6,0,,0,,,,,,0,0	1 tub~11|1 package~550
2210706	B	70	233,0,10,33.3,33,33.3,0,0,,0,,,,,,6.67,0	1 tbsp~15|1 package~946
2086749	B	70	233,0,10,33.3,33,33.3,0,0,,0,,,,,,6.67,0	1 tbsp~15|1 package~946
2566707	B	70	233,0,10,33.3,100,33.3,0,0,,0,,,,,,6.67,0	1 tbsp~15|1 package~946
2124986	B	70	233,0,10,33.3,33,33.3,0,0,,0,,,,,,6.67,0	1 tbsp~15|1 package~473
2678465	B	70	100,0,6.67,6.67,33,0,0,0,,0,,,,,,3.33,0	1 tbsp~15|1 package~946
2656067	B	70	233,0,10,33.3,33,33.3,0,0,,0,,,,,,6.67,0	1 tbsp~15|1 package~946
2678463	B	70	233,0,10,33.3,133,33.3,0,0,,0,,,,,,6.67,0	1 tbsp~15|1 package~946
2265429	B	70	273,0,13.6,36.4,136,36.4,13.6,0,,0,,,,,,0,0	1 tub~11|1 package~1980
2246966	B	70	273,0,13.6,27.3,0,27.3,13.6,0,,0,,,,,,0,0	1 tub~11|1 package~3960
2243974	B	70	500,0,30,60,300,60,30,0,,0,,,,,,0,0	1 tsp~5|1 package~90
2087358	B	70	136,0,13.6,0,0,,9.09,0,,0,,,,,,0,0	1 tub~11
2087226	B	70	500,0,30,60,100,60,0,0,,0,,,,,,0,0	1 tsp~5
2125086	B	70	500,0,30,60,100,60,30,0,,0,,,,,,0,0	1 tsp~5
2138982	B	70	233,0,10,33.3,67,33.3,0,0,,0,,,,,,6.67,0	1 tbsp~15|1 package~473
2215810	B	70	233,0,10,33.3,33,33.3,0,0,,0,,,,,,6.67,0	1 tbsp~15|1 package~946
2304419	B	70	233,0,10,33.3,33,33.3,0,0,,0,,,,,,6.67,0	1 tbsp~15|1 package~946
2140096	B	70	233,0,10,33.3,33,33.3,0,0,,0,,,,,,6.67,0	1 tbsp~15|1 package~946
2139382	B	70	200,0,6.67,33.3,33,33.3,3.33,33,,0	1 tbsp~15|1 package~473
2566680	B	70	233,0,10,33.3,33,33.3,0,0,,0,,,,,,6.67,0	1 tbsp~15|1 package~946
2124988	B	70	233,0,10,33.3,33,33.3,0,0,,0,,,,,,6.67,0	1 tbsp~15|1 package~946
2089132	B	70	233,0,10,33.3,33,33.3,0,0,,0,,,,,,0,0	1 tbsp~15|1 package~473
2087010	B	70	233,0,10,33.3,33,33.3,0,0,,0,,,,,,6.67,0	1 tbsp~15|1 package~473
2107207	B	70	233,0,10,33.3,33,33.3,0,0,,0,,,,,,6.67,0	1 tbsp~15|1 package~946
2087347	B	70	233,0,10,33.3,33,33.3,0,0,,0,,,,,,6.67,0	1 tbsp~15|1 package~473
2092353	B	70	267,0,13.3,40,100,40,13.3,0,,0,,,,,,0,0	1 tbsp~15|1 package~946
2086677	B	70	500,0,30,60,0,60,0,0,,0,,,,,,0,0	1 tsp~5|1 package~90
2566663	B	70	167,0,0,33.3,33,33.3,0,0,,0,,,,,,0,0	1 tbsp~15|1 package~946
2702953	B	149	167,0,0,33.3,33,33.3,0,0,0,0,0,0,0,,0,0,0	1 tbsp~15
2656133	B	70	233,0,10,33.3,33,33.3,0,0,,0,,,,,,6.67,0	1 tbsp~15|1 package~1890
2158738	B	70	500,0,30,60,0,60,20,0,,0,,,,,,0,0	1 tsp~5|1 package~1499
2546605	B	70	167,0,0,33.3,0,33.3,0,0,,0,,,,,,0,0	1 tbsp~15|1 package~473
2417579	B	70	233,0,10,33.3,33,33.3,0,0,,0,,,,,,6.67,0	1 tbsp~15|1 package~473
2107581	B	70	417,0,0,91.7,125,50,0,0,,0,,,,,,0,0	4 tsp~12|1 package~425
2678437	B	70	750,0,50,50,250,0,50,0,,0	¾ tsp~2|1 package~289
2452714	B	70	100,0,6.67,6.67,33,0,0,0,,0,,,,,,3.33,0	1 tbsp~15|1 package~1890
2086621	B	70	227,0,13.6,27.3,0,27.3,13.6,0,,0,,,,,,0,0	1 tub~11|1 package~266
2396303	B	70	227,0,13.6,27.3,0,27.3,13.6,0,,0,,,,,,0,0	1 tub~11|1 package~3960
2656145	B	70	67,0,6.67,0,33,0,0,0,,0,,,,,,3.33,0	1 tbsp~15|1 package~946
2734049	B	149	200,0,10,33.3,33,33.3,0,0,0,0,0,0,0,,0,6.67,0	1 tbsp~15
2678464	B	70	200,0,6.67,33.3,167,33.3,0,0,,0,,,,,,6.67,0	1 tbsp~15|1 package~828
2087325	B	70	136,0,13.6,9.09,0,0,9.09,0,,0,,,,,,0,0	1 tub~11|1 package~550
2654079	B	70	100,0,6.67,6.67,33,0,0,0,,0,,,,,,3.33,0	1 tbsp~15|1 package~473
2654071	B	25	36,.28,1.11,6.94,17,5.83,.14,0,.3,0,0,8,28,,0	12 fl oz~360|1 package~1470
2145155	B	70	233,0,10,33.3,0,33.3,0,0,,0,,,,,,6.67,0	1 tbsp~15|1 package~946
2566710	B	70	233,0,10,33.3,33,33.3,0,0,,0,,,,,,6.67,0	1 tbsp~15|1 package~946
2214249	B	70	233,0,10,33.3,33,33.3,0,0,,0,,,,,,6.67,0	1 tbsp~15|1 package~946
2162852	B	70	500,0,30,60,500,60,20,0,,0,,,,,,0,0	1 tsp~5|1 package~1499
2086541	B	70	233,0,10,33.3,33,33.3,0,0,,0,,,,,,6.67,0	1 tbsp~15|1 package~473
2566705	B	70	233,0,10,33.3,33,33.3,0,0,,0,,,,,,6.67,0	1 tbsp~15|1 package~473
2109157	B	70	273,0,13.6,27.3,0,27.3,13.6,0,,0,,,,,,0,0	1 tub~11|1 package~550
2403172	B	70	273,0,13.6,27.3,0,27.3,13.6,0,,0,,,,,,0,0	1 tub~11|1 package~3960
2148040	B	70	500,0,30,60,0,60,20,0,,0,,,,,,0,0	1 tsp~5
2566662	B	70	200,0,10,33.3,100,33.3,6.67,33,,0	1 tbsp~15|1 package~473
2092305	B	70	200,0,6.67,33.3,133,33.3,3.33,0,,0,,,0	1 tbsp~15|1 package~473
2545291	B	70	233,0,10,33.3,100,33.3,6.67,33,,0	1 tbsp~15|1 package~473
2087146	B	70	500,0,30,60,100,60,30,0,,0,,,,,,0,0	1 tsp~5|1 package~1499
2271030	B	70	273,0,13.6,27.3,0,27.3,13.6,0,,0,,,,,,0,0	1 tub~11|1 package~266
1137718	B	70	227,0,13.6,27.3,0,27.3,13.6,0,,0,,,,,,0,0	1 tub~11
2656144	B	70	100,0,6.67,6.67,33,0,0,0,,0,,,,,,3.33,0	1 tbsp~15|1 package~946
2501850	B	70	200,0,6.67,33.3,167,26.7,6.67,0,,0	1 tbsp~15|1 package~946
2622228	B	70	750,0,50,50,250,0,50,0,,0	¾ tsp~2|1 package~289
2140636	B	70	333,6.67,20,40,67,40,13.3,67,,0	1 tbsp~15|1 package~414
2124987	B	70	167,0,6.67,26.7,33,20,6.67,33,,0	1 tbsp~15|1 package~473
2120302	B	70	167,0,6.67,26.7,100,20,6.67,33,,0	1 tbsp~15|1 package~473
2086950	B	70	273,0,13.6,36.4,45,36.4,13.6,0,,0,,,,,,0,0	1 tub~11|1 package~550
1049781	B	70	227,0,13.6,27.3,0,27.3,13.6,0,,0,,,,,,0,0	1 tub~11
2155635	B	70	273,0,13.6,36.4,,36.4,13.6,,,0,,,,,,0,0	1 tub~11
2161783	B	70	273,0,13.6,36.4,0,36.4,13.6,0,,0,,,,,,0,0	1 tub~11|1 package~266
2168633	B	70	500,0,30,60,300,60,30,0,,0,,,,,,0,0	1 tsp~5|1 package~90
2656136	B	70	100,0,6.67,6.67,33,0,0,0,,0,,,,,,3.33,0	1 tbsp~15|1 package~1890
2396301	B	70	273,0,13.6,36.4,0,36.4,13.6,0,,0,,,,,,0,0	1 tub~11|1 package~1996
2656139	B	70	233,0,10,33.3,100,33.3,0,0,,0,,,,,,6.67,0	1 tbsp~15|1 package~1890
2566669	B	70	233,0,10,33.3,100,33.3,0,0,,0,,,,,,6.67,0	1 tbsp~15|1 package~946
2745914	B	149	233,0,10,33.3,33,33.3,0,0,0,0,0,0,0,,0,6.67,0	1 tbsp~15
2142612	B	70	227,0,13.6,27.3,0,27.3,13.6,0,,0,,,,,,0,0	1 tub~11
2731705	B	149	233,0,10,33.3,33,33.3,0,0,0,0,0,0,0,,0,6.67,0	1 tbsp~15
2745916	B	149	233,0,10,33.3,33,33.3,6.67,33,0,0,0,0,0,,0	1 tbsp~15
2703037	B	149	233,0,10,33.3,33,33.3,0,0,0,0,0,0,0,,0,6.67,0	1 tbsp~15
2544818	B	70	500,0,0,100,0,0,0,0,,0,,,,,,0,0	1 tsp~2|1 package~312
2142292	B	70	200,0,6.67,33.3,100,33.3,3.33,0,,0	1 tbsp~15|1 package~473
2566698	B	70	233,0,10,33.3,33,33.3,0,0,,0,,,,,,6.67,0	1 tbsp~15|1 package~946
2151217	B	70	233,0,10,33.3,33,33.3,0,0,,0,,,,,,6.67,0	1 tbsp~15|1 package~946
2106114	B	70	233,0,10,33.3,33,33.3,6.67,33,,0	1 tbsp~15|1 package~473
2142293	B	70	233,0,10,33.3,33,33.3,0,0,,0,,,,,,6.67,0	1 tbsp~15|1 package~946
2468901	B	25	47,2.22,.83,8.33,75,7.78,.56,3,.3,0,,78,125,,.65	1½ cup~360|1 package~1360
2544072	B	25	50,2.08,.83,9.17,54,8.33,.62,2,,0,,62	1 serving~240|1 package~1360
2089131	B	70	233,0,10,33.3,33,33.3,0,0,,0,,,,,,0,0	1 tbsp~15|1 package~473
2327689	B	70	273,0,13.6,36.4,182,36.4,13.6,0,,0,,,,,,0,0	1 tub~11|1 package~1996
2172619	B	70	233,0,10,33.3,33,33.3,0,0,,0,,,,,,6.67,0	1 tbsp~15|1 package~946
2164916	B	70	233,0,10,33.3,33,33.3,6.67,33,,0	1 tbsp~15|1 package~473
2092302	B	70	233,0,10,33.3,33,33.3,0,0,,0,,,,,,6.67,0	1 tbsp~15|1 package~946
2546304	B	25	61,2.5,1.67,9.44,128,8.33,.97,4,.3,0,.31,81,150,,.05	1 serving~360|1 package~1360
2704365	B	149	200,0,6.67,33.3,167,26.7,6.67,0,0,0,5.33,0,0,,0,0,0	1 tbsp~15
2703072	B	149	200,0,6.67,33.3,167,26.7,6.67,0,0,0,0,0,0,,0,0,0	1 tbsp~15
2703041	B	149	233,0,10,33.3,33,33.3,6.67,33,0,0,0,0,0,,0	1 tbsp~15
2731697	B	149	233,0,10,33.3,33,33.3,6.67,33,0,0,0,0,0,,0	1 tbsp~15
2702955	B	149	200,0,6.67,33.3,167,26.7,6.67,0,0,0,0,0,0,,0,0,0	1 tbsp~15
2747039	B	149	233,0,10,33.3,33,33.3,6.67,33,0,0,0,0,0,,0	1 tbsp~15
2745913	B	149	200,0,6.67,26.7,100,26.7,6.67,0,0,0,0,0,0,,0,0,0	1 tbsp~15
2703507	B	149	233,0,10,33.3,33,33.3,0,0,0,0,0,0,0,,0,6.67,0	1 tbsp~15
2735006	B	149	227,0,13.6,27.3,0,27.3,13.6,0,0,0,0,0,0,,0,0,0	1 tub~11
2738305	B	149	227,0,13.6,27.3,0,27.3,13.6,0,0,0,0,0,0,,0,0,0	1 tub~11
2734075	B	149	227,0,13.6,27.3,0,27.3,13.6,0,0,0,0,0,0,,0,0,0	1 tub~11
2725643	B	149	227,0,13.6,27.3,0,27.3,13.6,0,0,0,0,0,0,,0,0,0	1 tub~11
2725639	B	149	273,0,13.6,36.4,0,36.4,13.6,0,0,0,0,0,0,,0,0,0	1 tub~11
2725642	B	149	91,0,9.09,0,0,0,9.09,0,0,0,0,0,0,,0,0,0	1 tub~11
2725647	B	149	500,0,30,60,400,60,20,0,0,0,0,0,0,,0,0,0	1 tsp~5
2725646	B	149	91,0,13.6,0,45,0,9.09,0,0,0,0,0,0,,0,0,0	1 tub~11
2704341	B	149	233,0,10,33.3,33,33.3,0,0,0,0,0,0,0,,0,6.67,0	1 tbsp~15
2731695	B	149	227,0,13.6,27.3,0,27.3,13.6,0,0,0,0,0,0,,0,0,0	1 tub~11
2703012	B	149	233,0,10,33.3,100,33.3,0,0,0,0,0,0,0,,0,6.67,0	1 tbsp~15
2703053	B	149	233,0,10,33.3,33,33.3,0,0,0,0,0,0,0,,0,6.67,0	1 tbsp~15
2703025	B	149	233,0,10,33.3,33,33.3,0,0,0,0,0,0,0,,0,6.67,0	1 tbsp~15
2703045	B	149	233,0,10,33.3,33,33.3,0,0,0,0,0,0,0,,0,6.67,0	1 tbsp~15
2745912	B	149	100,0,6.67,6.67,0,0,0,0,0,0,0,0,133,,0,3.33,0	1 tbsp~15
2745910	B	149	67,0,6.67,0,0,0,0,0,0,0,0,0,133,,0,3.33,0	1 tbsp~15
2704350	B	149	67,0,6.67,0,233,0,6.67,0,0,0,0,0,0,,0,0,0	1 tbsp~15
2702956	B	149	500,0,25,50,250,0,25,0,0,0,0,0,0,,0,0,0	¾ tsp~2
2742381	B	149	233,0,10,33.3,33,33.3,0,0,0,0,0,0,0,,0,6.67,0	1 tbsp~15
2703006	B	149	233,0,10,33.3,33,33.3,0,0,0,0,0,0,200,,0,6.67,0	1 tbsp~15
2737388	B	149	500,0,25,50,250,0,25,0,0,0,0,0,0,,0,0,0	¾ tsp~2
2703017	B	149	500,0,0,100,250,50,0,0,0,0,0,0,0,,0	½ tsp~2
2737397	B	149	200,0,6.67,33.3,33,33.3,0,0,0,0,0,0,0,,0,6.67,0	1 tbsp~15
2737373	B	191	36,.28,1.11,6.94,17,5.83,.14,0,0,0,0,8,28,,0	12 fl oz~360
2703049	B	149	133,0,6.67,13.3,33,6.67,0,0,0,0,0,0,0,,0,6.67,0	1 tbsp~15
2703075	B	149	233,0,10,33.3,33,33.3,0,0,0,0,0,0,0,,0,6.67,0	1 tbsp~15
2702954	B	149	233,0,10,33.3,67,33.3,0,0,0,0,0,0,0,,0,6.67,0	1 tbsp~15
2742379	B	149	100,0,6.67,6.67,33,0,0,0,0,0,0,0,0,,0,3.33,0	1 tbsp~15
2705314	B	149	500,0,0,100,250,50,0,0,0,0,0,0,0,,0	½ tsp~2
2725649	B	149	500,0,25,50,250,0,25,0,0,0,0,0,0,,0,0,0	¾ tsp~2
2741004	B	149	91,0,9.09,0,0,0,9.09,0,0,0,0,0,0,,0,0,0	1 tub~11
2747102	B	149	500,0,30,60,0,60,20,0,0,0,0,0,0,,0,0,0	1 tsp~5
2745581	B	149	500,0,30,60,0,60,20,0,0,0,0,0,0,,0,0,0	1 tsp~5
2740317	B	149	233,0,10,33.3,33,33.3,0,0,0,0,0,0,200,,0,6.67,0	1 tbsp~15
2734050	B	149	200,0,10,33.3,33,33.3,0,0,0,0,0,0,0,,0,6.67,0	1 tbsp~15
2737386	B	191	500,0,0,100,250,50,0,0,0,0,0,0,0,,0	½ tsp~2
2725641	B	149	91,0,13.6,0,45,0,9.09,0,0,0,0,0,0,,0,0,0	1 tub~11
2737390	B	149	750,0,50,50,500,0,50,0,0,0,0,0,0,,0	¾ tsp~2
2725635	B	149	100,0,6.67,6.67,33,0,0,0,0,0,0,0,0,,0,3.33,0	1 tbsp~15
2086807	B	70	500,0,30,60,0,60,0,0,,0,,,,,,0,0	1 tsp~5
2631634	B	70	233,0,10,33.3,33,33.3,0,0,,0,,,,,,6.67,0	1 tbsp~15|1 package~946
2725637	B	149	182,0,4.55,36.4,136,27.3,4.55,0,0,0,0,0,0,,0,0,0	1 tub~11
2171961	B	70	233,0,10,33.3,33,33.3,0,0,,0,,,,,,6.67,0	1 tbsp~15|1 package~473
2566664	B	70	233,0,10,33.3,33,33.3,0,0,,0,,,,,,6.67,0	1 tbsp~15|1 package~473
2612064	B	70	500,0,25,50,0,0,25,0,,0,,,,,,0,0	¾ tsp~2|1 package~1580
2152169	B	70	200,0,6.67,26.7,200,26.7,6.67,0,,0	1 tbsp~15|1 package~473
2734080	B	159	100,0,10,0,0,0,10,0,0,0,0,0,0,,0	1 tbsp~15
2725064	B	149	500,0,33.3,66.7,0,0,33.3,0,0,0,0,0,0,,0,0,0	1 packet~3
2731692	B	149	91,0,9.09,0,0,0,9.09,0,0,0,0,0,0,,0,0,0	1 tub~11
2678461	B	70	500,0,0,100,250,50,0,0,,0	½ tsp~2|1 package~850
2158059	B	70	500,0,30,60,100,60,0,0,,0,,,,,,0,0	1 tsp~5|1 package~1499
2566699	B	70	233,0,10,33.3,33,33.3,0,0,,0,,,,,,6.67,0	1 tbsp~15|1 package~1892
2210726	B	70	233,0,10,33.3,33,33.3,0,0,,0,,,,,,6.67,0	1 tbsp~15|1 package~946
2622232	B	70	100,0,6.67,13.3,33,0,0,0,,0,,,,,,3.33,0	1 tbsp~15|1 package~946
2631637	B	39	200,0,6.67,33.3,167,33.3,0,0,,0,,,,,,6.67,0	1 tbsp~15|1 package~828
2631638	B	25	200,0,6.67,33.3,167,33.3,0,0,,0,,,,,,6.67,0	1 tbsp~15|1 package~828
2725386	B	149	500,0,0,100,250,50,0,0,0,0,0,0,0,,0	½ tsp~2
2566706	B	70	233,0,10,33.3,33,33.3,0,0,,0,,,,,,6.67,0	1 tbsp~15|1 package~946
2142291	B	70	233,0,10,33.3,33,33.3,6.67,33,,0	1 tbsp~15|1 package~946
2678439	B	70	100,0,6.67,6.67,33,0,0,0,,0,,,,,,3.33,0	1 tbsp~15|1 package~946
2656068	B	70	233,0,10,33.3,33,33.3,0,0,,0,,,,,,6.67,0	1 tbsp~15|1 package~946
2678438	B	70	200,0,6.67,6.67,167,,6.67,0,,0	1 tbsp~15|1 package~946
2633835	B	70	233,0,10,33.3,0,33.3,6.67,33,,0	1 tbsp~15|1 package~946
2145160	B	70	233,0,10,33.3,33,33.3,0,0,,0,,,,,,6.67,0	1 tbsp~15|1 package~946
2566691	B	75	200,0,10,33.3,233,33.3,6.67,33,,0	1 tbsp~15|1 package~946
2703034	B	149	233,0,10,33.3,33,33.3,0,0,0,0,0,0,0,,0,6.67,0	1 tbsp~15
2654076	B	70	233,0,10,33.3,33,33.3,0,0,,0,,,,,,6.67,0	1 tbsp~15|1 package~473
2265417	B	70	273,0,13.6,36.4,182,36.4,13.6,0,,0,,,,,,0,0	1 tub~11|1 package~1980
2158735	B	70	500,0,30,60,400,60,30,0,,0,,,,,,0,0	1 tsp~5|1 package~1499
2092364	B	70	273,0,13.6,36.4,182,36.4,13.6,0,,0,,,,,,0,0	1 serving~11|1 package~550
2407442	B	70	273,0,13.6,36.4,182,36.4,13.6,0,,0,,,,,,0,0	1 tub~11|1 package~1996
2717582	B	149	500,0,30,60,400,60,20,0,0,0,0,0,0,,0,0,0	1 tsp~5
2092292	B	70	233,0,10,33.3,233,33.3,6.67,33,,0	1 tbsp~15|1 package~946
2087103	B	70	233,0,10,33.3,33,33.3,0,0,,0,,,,,,0,0	1 tbsp~15|1 package~473
2566708	B	70	233,0,10,33.3,133,33.3,0,0,,0,,,,,,6.67,0	1 tbsp~15|1 package~946
2326666	B	70	500,0,30,60,400,60,20,0,,0,,,,,,0,0	1 tsp~5|1 package~1499
2268222	B	70	273,0,13.6,36.4,182,36.4,13.6,0,,0,,,,,,0,0	1 tub~11
2086878	B	70	233,0,10,33.3,33,33.3,0,0,,0,,,,,,6.67,0	1 tbsp~15|1 package~946
2108104	B	70	233,0,10,33.3,33,33.3,0,0,,0,,,,,,0,0	1 tbsp~15|1 package~473
2577676	B	70	233,0,10,33.3,33,33.3,0,0,,0,,,,,,6.67,0	1 tbsp~15|1 package~946
2597030	B	70	100,0,6.67,13.3,33,0,0,0,,0,,,,,,6.67,0	1 tbsp~15|1 package~946
2703047	B	149	750,0,50,50,250,0,50,0,0,0,0,0,0,,0	1 tsp~2
2597026	B	70	750,0,50,50,250,0,50,0,,0	1 tsp~2|1 package~289
2656146	B	70	233,0,10,33.3,33,33.3,6.67,33,,0	1 tbsp~15|1 package~473
2452708	B	70	200,0,10,26.7,133,26.7,10,0,,0	1 tbsp~15|1 package~473
2501855	B	70	200,0,6.67,33.3,167,26.7,6.67,0,,0	1 tbsp~15|1 package~946
2109163	B	70	500,0,30,60,100,60,30,0,,0,,,,,,0,0	1 tsp~5|1 package~1499
1689608	B	70	333,6.67,20,40,67,40,13.3,67,,0	1 tbsp~15
2678441	B	70	500,0,25,50,250,0,25,0,,0	1 tsp~2|1 package~624
2656129	B	70	500,0,0,100,250,0,0,0,,0	¾ tsp~2|1 package~454
2734096	B	149	133,0,6.67,13.3,33,6.67,0,0,0,0,0,0,0,,0,6.67,0	1 tbsp~15
1160639	B	70	91,0,9.09,0,0,0,9.09,0,,0,,,,,,0,0	1 tub~11
2745582	B	149	500,0,25,50,250,0,25,0,0,0,0,0,0,,0,0,0	¾ tsp~2
2737398	B	149	500,0,25,50,250,0,25,0,0,0,0,0,0,,0,0,0	¾ tsp~2
2086913	B	70	233,0,10,33.3,33,33.3,0,0,,0,,,,,,0,0	1 tbsp~15|1 package~473
2631632	B	39	233,0,10,33.3,33,33.3,0,0,,0,,,,,,6.67,0	1 tbsp~15|1 package~946
2566667	B	70	200,0,6.67,33.3,33,33.3,3.33,33,,0	1 tbsp~15|1 package~473
2141195	B	70	200,0,6.67,33.3,33,33.3,3.33,33,,0	1 tbsp~15|1 package~473
2566704	B	70	233,0,10,33.3,33,33.3,0,0,,0,,,,,,6.67,0	1 tbsp~15|1 package~473
2139294	B	70	233,0,10,33.3,33,33.3,0,0,,0,,,,,,6.67,0	1 tbsp~15|1 package~473
2566709	B	70	233,0,10,33.3,100,33.3,0,0,,0,,,,,,6.67,0	1 tbsp~15|1 package~946
2703035	B	149	233,0,10,33.3,33,33.3,0,0,0,0,0,0,0,,0,6.67,0	1 tbsp~15
2397245	B	70	67,0,6.67,0,233,0,6.67,0,,0	1 tbsp~15|1 package~473
2523759	B	70	200,0,6.67,33.3,133,33.3,3.33,0,,0	1 tbsp~15|1 package~650
2566686	B	70	200,0,6.67,33.3,133,33.3,3.33,0,,0,,,0	1 tbsp~15|1 package~473
2631631	B	70	233,0,10,33.3,67,33.3,0,0,,0,,,,,,6.67,0	1 tbsp~15|1 package~946
2678451	B	70	233,0,10,33.3,33,33.3,0,0,,0,,,,,,6.67,0	1 tbsp~15|1 package~946
2098225	B	70	233,0,10,33.3,33,33.3,0,0,,0,,,,,,6.67,0	1 tbsp~15|1 package~473
2397286	B	70	750,0,50,50,250,0,50,0,,0	1 tsp~2|1 package~289
2087000	B	70	227,0,13.6,27.3,,27.3,13.6,,,0,,,,,,0,0	1 tub~11
2396304	B	70	227,0,13.6,27.3,0,27.3,13.6,0,,0,,,,,,0,0	1 tub~11|1 package~1996
2086730	B	70	100,0,6.67,13.3,67,0,0,0,,0,,,,,,0,0	1 tbsp~15|1 package~946
2656143	B	70	233,0,10,33.3,33,33.3,6.67,33,,0	1 tbsp~15|1 package~473
2156784	B	70	227,0,9.09,36.4,45,36.4,4.55,45,,0	1 tub~11|1 package~266
2140023	B	75	133,0,6.67,13.3,233,13.3,6.67,,,0	1 tbsp~15|1 package~473
2141190	B	70	167,0,6.67,33.3,167,26.7,6.67,33,,0	1 tbsp~15|1 package~473
2173743	B	70	167,0,6.67,33.3,133,20,3.33,0,6.7,0,0,0,0,,0,0,0	1 tbsp~15|1 package~828
2566660	B	70	133,0,6.67,13.3,233,13.3,6.67,0,,0	1 tbsp~15|1 package~473
2523756	B	70	200,0,6.67,33.3,167,26.7,6.67,0,,0	1 tbsp~15|1 package~946
2501851	B	70	233,0,10,33.3,33,33.3,3.33,33,,0	1 tbsp~15|1 package~1360
2501853	B	70	233,0,10,33.3,33,33.3,3.33,33,,0	1 tbsp~15|1 package~946
2654070	B	70	233,0,10,33.3,33,33.3,0,0,,0,,,,,,6.67,0	1 tbsp~15|1 package~946
2397247	B	70	233,0,10,33.3,33,33.3,6.67,33	1 tbsp~15|1 package~473
2615863	B	39	133,0,10,13.3,33,0,0,0,,0,,,,,,0,0	1 tbsp~15|1 package~946
2704342	B	149	67,0,6.67,0,33,0,0,0,0,0,0,0,0,,0,3.33,0	1 tbsp~15
2597027	B	70	100,0,6.67,6.67,33,0,0,0,,0,,,,,,3.33,0	1 tbsp~15|1 package~1892
2705313	B	149	67,0,6.67,0,33,0,0,0,0,0,0,0,0,,0,3.33,0	1 tbsp~15
2703068	B	149	67,0,6.67,0,33,0,0,0,0,0,0,0,0,,0,3.33,0	1 tbsp~15
2326601	B	1	333,0,10,80,133,,6.67	4 pieces~15|1 package~680
2162928	B	1	333,0,10,80,133,0,6.67,0,0,0,0,0,,0	4 pieces~15
2112816	B	1	400,0,10,66.7,133,66.7,3.33,33,0,0,0,0,,0	4 pieces~15
2162929	B	1	400,0,13.3,73.3,133,46.7,6.67,33,0,0,0,40,47,,0	4 pieces~15
1934744	B	4	457,5.71,17.1,74.3,429,42.9,11.4,57,2.9,0,1.03,0,,0	1 cookie~35|1 package~70
1880285	B	25	62,1.69,3.38,7.61,28,4.79,.85,,.8,,.41,0,,0	1 serving~355
1880284	B	25	54,1.13,2.82,6.48,28,4.79,.56,,.3,,.41,0,,0	1 serving~355
1880283	B	25	54,1.13,2.82,6.48,28,4.79,.56,,.3,,.41,0,,0	1 serving~355
2030805	B	1	533,6.67,33.3,56.7,150,53.3,20,17,0,0,0,200,,0	1 serving~30
2031163	B	9	533,3.33,30,60,117,56.7,20,0,0,0,0,67,,0	1 serving~30
2540804	B	60	333,0,0,76.7,33,60	2 tbsp~30|1 package~473
2103425	B	70	100,0,6.67,6.67,0,,0,0,0,0,0,0,,0	1 tbsp~15
2502939	B	30	250,5,10,40,125,35,5,25,0,0,0,80,290,,0	1/3 cup~20|1 package~425
2623069	B	70	225,0,10,35,175,35,5,25,0,0,0,75,110,,0	1/3 cup~20|1 package~425
2502940	B	30	225,0,10,35,0,35,5,25,0,0,0,75,25,,0	1/3 cup~20|1 package~425
1875376	B	72	63,1.35,1.8,12.2,68,6.31,1.35,0,2.7,0,.81,9,155,,,,,,,,,,5,40,72	7½ fl oz~222
1875374	B	72	54,.45,1.35,10.4,41,7.21,.9,0,1.8,0,.16,9,81,2.7,,,,,,,,,,18,45	1 serving~222
1875378	B	10	54,.45,1.13,10.4,41,7.21,.9,0,1.8,0,.41,18,81,2.7,,,,,,,,,,16,36	7½ fl oz~222
2043961	B	72	59,.45,1.35,10.8,95,6.31,1.13,0,1.8,0,.16,9,128,,,,,,,,,,5,22,45	7½ fl oz~222
1875380	B	39	50,.9,1.35,8.56,77,4.05,1.13,0,1.8,0,.32,9,95,1.6,,,,,,,,,5,18,41	7½ fl oz~222
1875379	B	72	59,.45,1.35,10.8,43,6.76,.9,0,1.8,0,.16,9,106,5.4,,,,,,,,,7,18,41	7½ fl oz~222
1858753	B	26	222,11.1,8.33,23.6,250,1.39,2.78,42,1.4,0,1.5,28,,1.7	3 pieces~72|1 package~227
2622871	B	26	318,9.41,23.5,15.3,482,0,7.06,29,0,,.85,24,,0,,,,0	5 pieces~85|1 package~170
1856472	B	26	293,10.7,20,14.7,467,1.33,9.33,33,0,0,1.44,27,,0	5 pieces~75|1 package~600
2419420	B	67	347,22.4,1.02,63.3,0,2.04,0,0,16.3,0,6.12,122,1490,,0	¼ cup~49|1 package~907
2338552	B	67	243,24.3,0,62.2,41,2.7,0,0,27,0,5.68,0,595,,0	¼ cup~37|1 package~454
1627895	B	18	42,0,0,11.8,11,11.8	16 fl oz~473
1627846	B	18	0,0,0,0,11	12 fl oz~355
2674459	B	18	0,0,0,0,11,0	1 can~222
2596992	B	18	0,0,0,0,11,0	1 can~355
1627896	B	18	0,0,0,0,11	12 fl oz~355
991561	B	18	0,0,0,0,11	12 fl oz~355
1627856	B	18	0,0,0,0,11	12 fl oz~355
1627885	B	18	0,0,0,0,11	12 fl oz~355
2668828	B	18	52,0,0,12.9,6,12.9	8 fl oz~240|1 package~2000
1957972	B	28	321,21.4,25,0,1540,0,8.93,89,0,0,1.29,0,,0	1 serving~28|1 package~85
1786555	B	28	271,23.5,18.8,0,1010,0,10.6,76,0,0,.42,412,,0	1 serving~85|1 package~170
2132687	B	28	321,25,25,3.57,1540,0,8.93,89,0,0,1.29,0,,0	1 serving~28|1 package~85
2022271	B	28	321,21.4,25,0,1540,,8.93,89,,0,1.29	1 serving~28|1 package~198
1939106	B	28	321,21.4,25,0,1540,0,8.93,89,0,,1.29,0,,0	1 serving~28|1 package~198
2052637	B	28	357,21.4,28.6,0,1790,,10.7,71,,0	1 serving~14|1 package~85
2052628	B	27	321,21.4,25,0,1540,,8.93,89,,0,1.29	1 serving~28|1 package~85
2052634	B	28	321,21.4,25,0,1540,,8.93,89,,0,1.29	1 serving~28|1 package~85
2052636	B	64	357,14.3,32.1,0,1640,,14.3,71,,0,2.57	1 serving~14|1 package~113
2052632	B	28	214,28.6,10.7,3.57,2320,,3.57,89,,0,1.29	1 serving~28|1 package~85.1
1949847	B	28	357,28.6,25,3.57,2180,3.57,8.93,107,0,0,2.57,71,,0	1 serving~28|1 package~283
1851551	B	28	321,21.4,25,0,1540,,8.93,89,,0,1.29	1 serving~28|1 package~198
1794104	B	28	321,21.4,25,3.57,1540,0,8.93,89,0,,1.29,0,,0	1 serving~28|1 package~170
2052625	B	28	321,21.4,25,0,1540,,8.93,89,,0,1.29	1 serving~28|1 package~85
1784643	B	28	393,25,28.6,0,1390,0,8.93,89,0,0,1.29,0,,0	1 serving~28|1 package~170
1954283	B	14	147,2.35,2.65,28.2,124,22.9,1.47,3,1.2,0,.21,118,,0	1 serving~170
467625	B	25	70,2,2,10.5,45,8.5,1,2,.5,0,.18,100,,0	6.7 fl oz~200
1957932	B	17	96,3.05,3.05,14.2,56,13.2,1.27,10,1.5,0,.18,127,,0	1 cup~197|1 package~961
1955797	B	17	96,3.05,3.05,14.2,56,13.2,1.27,10,1.5,0,.18,127,,0	1 cup~197|1 package~961
2189931	B	17	96,3.05,3.05,14.2,56,13.2,1.27,10,1.5,0,.18,127,,0	1 cup~197|1 package~961
2541434	B	17	96,3.05,3.05,14.2,56,13.2,1.27,10,1.5,0,.18,127,,0	1 cup~197|1 package~961
1957948	B	17	96,3.05,3.05,14.2,56,13.2,1.27,10,1.5,0,.18,127,,0	1 cup~197|1 package~961
2400681	B	41	800,0,93.3,0,0,0,13.3,0,0,0,0,0,0,,0	1 tbsp~15
2153425	B	41	857,0,100,0,0,0,7.14,0,0,0,0,0,,0	1 tbsp~14|1 package~3785
2564490	B	41	800,0,93.3,0,0,,13.3,0,,0,,,,,,73.3,6.67	1 tbsp~15|1 package~754
2400670	B	41	800,0,93.3,0,0,0,13.3,0,0,0,0,0,0,,0	1 tbsp~15
2400678	B	41	800,0,93.3,0,0,0,13.3,0,0,0,0,0,0,,0	1 tbsp~15
2400668	B	122	167,0,0,33.3,0,33.3,,,,,0,0,,0	1 tsp~15|1 package~1000
2400680	B	122	167,0,0,33.3,0,33.3,0,0,0,0,0,0,1170,,0	1 tbsp~15|1 package~250
2671997	B	54	33,0,0,0,0,0	1 tbsp~15|1 package~500
2429005	B	32	56,1.6,2,8,376,4.8,0,0,1.6,0,0,12,232,,0	½ cup~125|1 package~454
2296599	B	7	150,3.33,10,10,167,0,3.33,0,3.3,0,0,0,,0	2 tbsp~30|1 package~280
2131752	B	7	333,3.33,33.3,0,167,0,6.67,0,0,0,0,0,,0	2 tbsp~30|1 package~135
2420490	B	41	800,0,93.3,0,0,,13.3,0,,0,,,,,,73.3,6.67	1 tbsp~15|1 package~2000
2064500	B	122	167,0,0,40,0,40,0,,,0	1 tbsp~15|1 package~500
2400669	B	122	100,0,0,20,0,20,0,0,0,0,0,0,1170,,0	1 tbsp~15|1 package~500
577028	B	41	800,0,93.3,0,0,,13.3,0,,0,,,,,,73.3,6.67	1 tbsp~15
2153427	B	7	133,0,13.3,0,1200,0,0,0,0,0,0,0,,0	1 tbsp~15|1 package~280
2131750	B	7	233,0,26.7,0,367,0,6.67,0,0,0,0,0,,0	1 tbsp~15|1 package~135
2629556	B	16	375,12.5,1.79,78.6,0,3.57,0,0,3.6,0,1.79,0,214,,0	¾ cup dry~56|1 package~454
2629555	B	68	375,12.5,1.79,78.6,0,3.57,0,0,3.6,0,1.79,0,214,,0	¾ cup dry~56|1 package~454
2400666	B	54	33,0,0,0,0,0	1 tbsp~15|1 package~500
2667701	B	45	108,7.69,0,14.6,308,.77,0,0,7.7,0,1.31,31,400,,0	½ cup~130|1 package~380
2268716	B	41	800,0,93.3,0,0,0,6.67,0,0,0,0,0,,0	1 tbsp~15|1 package~946
2131751	B	7	53,6.67,0,0,400,0,0,0,0,0,0,0,,0	1 tbsp~15|1 package~135
2378728	B	47	23,1.08,.23,3.69,12,3.62,0,0,1.2,0,2.69,20,682,,0	½ cup~130|1 package~400
2400667	B	122	167,0,0,33.3,0,33.3,,,,,0,0,,0	1 tbsp~15|1 package~500
2147774	B	41	800,0,93.3,0,0,,13.3,0,,0	1 tbsp~15|1 package~2000
2093446	B	37	167,3.33,13.3,6.67,167,3.33,3.33,0,3.3,0,0,0,,4	2 tbsp~30|1 package~280
2596104	B	11	31,1.54,0,6.15,8,4.62,0,0,1.5,0,.77,10,262,,0	½ cup~130|1 package~390
2153430	B	41	800,0,93.3,0,0,,13.3,0,,0	1 tbsp~15|1 package~2000
2671994	B	47	31,1.54,0,6.15,8,4.62,0,0,1.5,0,.77,10,262,,0	½ cup~130|1 package~390
2400671	B	41	800,0,93.3,0,0,0,13.3,0,0,0,0,0,0,,0	1 tbsp~15
1956464	B	7	300,0,33.3,0,350,0,6.67,0,0,0,1.2,0,,0	2 tbsp~30|1 package~135
2131747	B	7	150,0,13.3,6.67,233,0,3.33,0,3.3,0,0,0,,0	2 tbsp~30|1 package~280
2470403	B	16	375,14.3,1.79,73.2,0,1.79,0,0,3.6,0,1.61,0,196,,0,,,,6.96,1,.357,,122,,,205	1 serving~56|1 package~454
2470395	B	16	375,14.3,1.79,73.2,0,1.79,0,0,3.6,0,1.61,0,196,,0,,,,6.96,1,.357,,122,,,205	1 serving~56|1 package~454
2470401	B	16	375,14.3,1.79,73.2,0,1.79,0,0,3.6,0,1.61,0,196,,0,,,,6.96,1,.357,,122,,,205	1 cup~56|1 package~454
2470399	B	16	375,14.3,1.79,73.2,0,1.79,0,0,3.6,0,1.61,0,196,,0,,,,6.96,1,.357,,122,,,205	1 serving~56|1 package~454
2470412	B	16	375,14.3,1.79,73.2,0,1.79,0,0,3.6,0,1.61,0,196,,0,,,,6.96,1,.357,,122,,,205	¾ cup~56|1 package~454
2470381	B	16	375,12.5,1.79,78.6,0,3.57,0,0,3.6,0,3.57,0,214,,0,,,,3.57,1,.179,,129	¾ cup~56|1 package~454
2470390	B	16	375,14.3,1.79,73.2,0,1.79,0,0,3.6,0,1.61,0,196,,0,,,,6.96,1,.357,,122,,,205	¾ cup~56|1 package~454
2470386	B	16	375,14.3,1.79,73.2,0,1.79,0,0,3.6,0,1.61,0,196,,0,,,,6.96,1,.357,,122,,,205	½ cup~56|1 package~454
2470406	B	16	375,14.3,1.79,73.2,0,1.79,0,0,3.6,0,1.61,0,196,,0,,,,6.96,1,.357,,122,,,205	1/3 cup~56|1 package~454
2470394	B	16	375,14.3,1.79,73.2,0,1.79,0,0,3.6,0,1.61,0,196,,0,,,,6.96,1,.357,,122,,,205	1 serving~56|1 package~454
2470392	B	16	375,12.5,1.79,78.6,0,3.57,0,0,3.6,0,3.57,0,214,,0,,,,3.57,1,.179,,129	1 serving~56|1 package~454
2470404	B	16	375,12.5,1.79,78.6,0,3.57,0,0,3.6,0,3.57,0,214,,0,,,,3.57,1,.179,,129	½ cup~56|1 package~454
2015367	B	16	375,12.5,1.79,78.6,0,3.57,0,0,3.6,0,3.21,0,,0,,,,,5.36,1,.304	2/3 cup~56|1 package~454
2470400	B	16	375,14.3,1.79,73.2,0,1.79,0,0,3.6,0,1.61,0,196,,0,,,,6.96,1,.357,,122,,,205	1 cup~56|1 package~454
2470383	B	16	375,14.3,1.79,73.2,0,1.79,0,0,3.6,0,1.61,0,196,,0,,,,6.96,1,.357,,122,,,205	1 serving~56|1 package~454
2470391	B	16	375,12.5,1.79,78.6,0,3.57,0,0,3.6,0,3.57,0,214,,0,,,,3.57,1,.179,,129	1 serving~56|1 package~454
2470384	B	16	375,14.3,1.79,73.2,0,1.79,0,0,3.6,0,1.61,0,196,,0,,,,6.96,1,.357,,122,,,205	¾ cup~56|1 package~454
2470411	B	16	375,14.3,1.79,73.2,0,1.79,0,0,3.6,0,1.61,0,196,,0,,,,6.96,1,.357,,122,,,205	¼ cup~56|1 package~454
2470397	B	16	375,14.3,1.79,73.2,0,1.79,0,0,3.6,0,1.61,0,196,,0,,,,6.96,1,.357,,122,,,205	1 serving~56|1 package~454
2651610	B	16	375,12.5,1.79,78.6,0,3.57,0,0,3.6,0,3.21,0,,0,,,,0,5.36,1,.304,,364	2 oz dry~56|1 package~454
2470415	B	16	375,14.3,1.79,73.2,0,1.79,0,0,3.6,0,1.61,0,196,,0,,,,6.96,1,.357,,122,,,205	¾ cup~56|1 package~454
2470410	B	16	375,12.5,1.79,78.6,0,3.57,0,0,3.6,0,3.57,0,214,,0,,,,3.57,1,.179,,129	¾ cup~56|1 package~454
2470389	B	16	375,12.5,1.79,78.6,0,3.57,0,0,3.6,0,3.57,0,214,,0,,,,3.57,1,.179,,129	1 cup~56|1 package~454
2470408	B	16	375,14.3,1.79,73.2,0,1.79,0,0,3.6,0,1.61,0,196,,0,,,,6.96,1,.357,,122,,,205	¼ cup~56|1 package~454
2470387	B	16	375,14.3,1.79,73.2,0,1.79,0,0,3.6,0,1.61,0,196,,0,,,,6.96,1,.357,,122,,,205	1 serving~56|1 package~454
2470405	B	16	375,14.3,1.79,73.2,0,1.79,0,0,3.6,0,1.61,0,196,,0,,,,6.96,1,.357,,122,,,205	¾ cup~56|1 package~454
2470396	B	16	375,14.3,1.79,73.2,0,1.79,0,0,3.6,0,1.61,0,196,,0,,,,6.96,1,.357,,122,,,205	1 cup~56|1 package~454
2470380	B	16	375,14.3,1.79,73.2,0,1.79,0,0,3.6,0,1.61,0,196,,0,,,,6.96,1,.357,,122,,,205	¾ cup~56|1 package~454
2470414	B	16	375,14.3,1.79,73.2,0,1.79,0,0,3.6,0,1.61,0,196,,0,,,,6.96,1,.357,,122,,,205	½ cup~56|1 package~454
2470388	B	16	375,14.3,1.79,73.2,0,1.79,0,0,3.6,0,1.61,0,196,,0,,,,6.96,1,.357,,122,,,205	¾ cup~56|1 package~454
2470413	B	16	375,12.5,1.79,78.6,0,3.57,0,0,3.6,0,3.57,0,214,,0,,,,3.57,1,.179,,129	1/3 cup~56|1 package~454
2470398	B	16	375,14.3,1.79,73.2,0,1.79,0,0,3.6,0,1.61,0,196,,0,,,,6.96,1,.357,,122,,,205	1 serving~56|1 package~454
2470402	B	16	375,14.3,1.79,73.2,0,1.79,0,0,3.6,0,1.61,0,196,,0,,,,6.96,1,.357,,122,,,205	1 serving~56|1 package~454
2470409	B	16	375,14.3,1.79,73.2,0,1.79,0,0,3.6,0,1.61,0,196,,0,,,,6.96,1,.357,,122,,,205	1 serving~56|1 package~454
2470407	B	16	375,14.3,1.79,73.2,0,1.79,0,0,3.6,0,1.61,0,196,,0,,,,6.96,1,.357,,122,,,205	¼ cup~56|1 package~454
2470393	B	16	375,14.3,1.79,73.2,0,1.79,0,0,3.6,0,1.61,0,196,,0,,,,6.96,1,.357,,122,,,205	1 serving~56|1 package~454
2131756	B	16	375,12.5,1.79,78.6,0,3.57,0,0,3.6,0,3.21,0,,0,,,,,5.36,1,.304	1 serving~56|1 package~454
2470382	B	16	375,14.3,1.79,73.2,0,1.79,0,0,3.6,0,1.61,0,196,,0,,,,6.96,1,.357,,122,,,205	1 serving~56|1 package~454
2131748	B	16	375,12.5,1.79,78.6,0,3.57,0,0,3.6,0,3.21,0,,0,,,,,5.36,1,.304	1 serving~56|1 package~454
2470385	B	16	375,14.3,1.79,73.2,0,1.79,0,0,3.6,0,1.61,0,196,,0,,,,6.96,1,.357,,122,,,205	¼ cup~56|1 package~454
2296597	B	16	375,12.5,1.79,78.6,0,3.57,0,0,3.6,0,3.21,0,,0,,,,,5.36,1,.304	2/3 cup~56|1 package~454
498275	B	41	800,0,93.3,0,0,,13.3,0,,0,,,,,,73.3,6.67	1 tbsp~15
2630007	B	41	800,0,93.3,0,0,,13.3,0,,0,,,,,,73.3,6.67	1 tbsp~15|1 package~1000
2057964	B	41	800,0,93.3,0,0,,13.3,0,,0	1 tbsp~15|1 package~250
2400675	B	54	233,0,0,53.3,0,53.3,0,,,0	1 tbsp~15|1 package~250
2400664	B	16	357,7.14,1.79,78.6,0,0,0,0,3.6,0,0,0,0,,0	1 serving~56|1 package~340
2340209	B	16	357,7.14,1.79,78.6,0,0,0,0,3.6,0,0,0,0,,0	1 serving~56|1 package~340
2400624	B	16	357,7.14,1.79,78.6,0,0,0,0,3.6,0,0,0,0,,0	1 serving~56|1 package~340
2400625	B	16	357,7.14,1.79,78.6,0,0,0,0,3.6,0,0,0,0,,0	1 serving~56|1 package~340
2632546	B	16	158,4.8,.24,33.6,536,0,0,0,1.2,0,.24,12,0,,0	1 cup~125|1 package~500
2588605	B	16	158,4.8,.24,33.6,536,0,0,0,1.2,0,.24,12,0,,0	1 cup~125|1 package~499
2418163	B	16	167,5.25,.42,35,558,.08,.08,0,.8,0,2.92,21,158,,0	1 cup~120|1 package~1500
579132	B	41	800,0,93.3,0,0,,10,0,,0,,,,,,16.7,66.7	1 tbsp~15
2131757	B	7	233,0,26.7,0,400,0,6.67,0,0,0,7.2,0,,0	1 tbsp~15|1 package~135
2153428	B	7	150,0,13.3,6.67,167,0,3.33,0,3.3,0,3.6,0,,0	2 tbsp~30|1 package~280
2340210	B	68	371,5.71,0,80,0,0,0,0,2.9,0,0,0,117,,0	¼ cup~35|1 package~454
2400641	B	32	56,1.6,2.4,8,368,6.4,0,0,.8,0,1.6,24,183,,0	½ cup~125|1 package~708
2400649	B	47	20,.82,.82,6.56,9,2.46,0,0,1.6,0,0,8,238,,0	½ cup~122|1 package~794
2400672	B	41	800,0,93.3,0,0,0,13.3,0,0,0,0,0,0,,0	1 tbsp~15|1 package~946
1861635	B	43	53,2.45,.82,9.8,216,.82,0,0,1.6,0,.44,8,,1	1 cup~245|1 package~500
1855325	B	16	375,12.5,1.79,78.6,0,3.57,0,0,3.6,0,3.21,0,,0,,,,,5.36,1,.304	1 serving~56|1 package~454
2400652	B	32	56,1.6,3.2,6.4,288,4,.4,0,.8,0,0,9,162,,0	½ cup~125|1 package~708
2671995	B	32	48,.8,3.2,4.8,304,3.2,.4,0,1.6,0,.58,16,,7.2,,,,58	½ cup~125|1 package~454
577967	B	41	800,0,93.3,0,0,,13.3,0,,0,,,,,,73.3,6.67	1 tbsp~15
2400630	B	16	360,12,2,74,0,2,0,0,4,0,.9,0,0,,0	¼ cup~50|1 package~500
2400642	B	41	800,0,93.3,0,0,0,10,0,0,0,0,0,0,,0	1 tbsp~15|1 package~946
1861636	B	43	65,2.45,1.43,10.2,241,.82,.41,0,1.6,0,.44,24,,2.4	1 cup~245|1 package~500
1898559	B	41	800,0,93.3,0,0,,13.3,0,,0,,,,,,73.3,6.67	1 tbsp~15|1 package~750
2131754	B	41	800,0,93.3,0,0,0,13.3,0,0,0,0,0,,0	1 tbsp~15|1 package~946
1590705	B	41	800,0,93.3,0,0,,13.3,0,,0,,,,,,73.3,6.67	1 tbsp~15
1884691	B	41	800,0,93.3,0,0,,13.3,0,,0,,,,,,73.3,6.67	1 tbsp~15|1 package~3000
577969	B	41	800,0,93.3,0,0,,13.3,0,,0,,,,,,73.3,6.67	1 tbsp~15
1940920	B	16	375,12.5,1.79,78.6,0,3.57,0,0,3.6,0,3.21,0,,0,,,,,5.36,1,.304	½ cup~56|1 package~454
2629554	B	16	375,12.5,1.79,78.6,0,3.57,0,0,3.6,0,1.79,0,214,,0	¾ cup dry~56|1 package~454
2629553	B	16	375,12.5,1.79,78.6,0,3.57,0,0,3.6,0,1.79,0,214,,0	2 oz dry~56|1 package~454
2153431	B	54	300,0,0,73.3,67,66.7,,0,,0,0,0,,0	1 tbsp~15|1 package~872
1856321	B	43	49,2.04,.61,8.98,229,1.22,0,0,2,0,.44,16,,1.5	1 cup~245|1 package~500
2564493	B	11	64,1.6,2.4,8.8,264,5.6,0,0,1.6,0,.4,0,336,,0	½ cup~125|1 package~390
472295	B	16	375,12.5,1.79,78.6,0,3.57,0,0,3.6,0,3.21,0,,0,,,,,5.36,1,.304	½ cup~56
2086128	B	41	800,0,93.3,0,0,,13.3,0,,0,,,,,,73.3,6.67	1 tbsp~15|1 package~250
2131753	B	32	533,6.67,53.3,10,733,3.33,10,0,3.3,0,3.6,67,,12	2 tbsp~30|1 package~135
2671996	B	54	33,0,0,0,0,0	1 tbsp~15|1 package~500
2400676	B	122	300,0,0,73.3,67,66.7,,,,,,0	1 tbsp~15|1 package~250
2400657	B	54	33,0,0,0,0,0	1 tbsp~15|1 package~500
2671999	B	54	0,0,0,0,0,0	1 tbsp~15|1 package~500
2131755	B	41	800,0,93.3,0,0,0,6.67,0,0,0,0,0,,0	1 tbsp~15|1 package~946
2400677	B	41	800,0,93.3,0,0,0,13.3,0,0,0,0,0,0,,0	1 tbsp~15|1 package~946
2615482	B	122	100,0,0,20,0,20	1 tbsp~15|1 package~503
2415264	B	122	100,0,0,20,0,20	1 tbsp~15|1 package~500
2400639	B	54	67,0,0,20,0,20,,,,,2.4,0,,0	1 tbsp~15|1 package~503
2429004	B	32	64,1.6,3.2,8,296,4.8,.4,0,1.6,0,0,11,222,,0	½ cup~125|1 package~454
2400650	B	32	64,1.6,3.2,8,288,7.2,.4,0,.8,0,1.6,24,157,,0	½ cup~125|1 package~708
1859128	B	32	48,.8,3.2,4.8,304,3.2,.4,0,1.6,0,.58,16,,7.2	½ cup~125|1 package~737
2400656	B	47	25,.8,.8,4,160,3.2,0,0,.8,0,0,16,184,,0	½ cup~125|1 package~680
2153429	B	7	300,6.67,20,20,1200,10,3.33,0,10,0,6,0,,8	2 tbsp~30|1 package~280
2400654	B	61	356,6.67,1.11,80,0,0,0,0,0,0,0,0,0,,0	¼ cup~45|1 package~907
2400655	B	61	356,6.67,1.11,77.8,0,0,0,0,2.2,0,0,0,89,,0	¼ cup~45|1 package~907
2596105	B	11	56,1.6,2,8,304,4.8,0,0,1.6,0,2.4,48,480,,0	½ cup~125|1 package~390
2400653	B	41	800,0,93.3,0,0,0,13.3,0,0,0,0,0,0,,0	1 tbsp~15|1 package~3000
2400679	B	41	800,0,93.3,0,0,0,13.3,0,0,0,0,0,0,,0	1 tbsp~15
2420488	B	122	100,0,0,20,0,20	1 tbsp~15|1 package~500
2400673	B	54	300,0,0,73.3,67,66.7,,,,,,0	1 tbsp~15|1 package~250
1940919	B	16	357,12.5,1.79,75,36,1.79,0,0,3.6,0,1.93,36,,0	1 serving~56|1 package~454
2667796	B	0	441,11.9,15.2,67.8,644,0,1.69,0,11.9,0,3.39,7,288,,0	1 package~59
2630014	B	0	438,6.25,15.6,68.8,344,25,1.56,0,9.4,0,3.12,3,188,,0	½ cup~32
2044832	B	0	482,10.7,32.1,50,1040,7.14,3.57,18,7.1,0,6.43	2 cup~28|1 package~453
2173581	B	30	444,5.56,16.7,72.2,111,33.3,13.9,0,5.6,0,0,0,0,,0	1 sachet~18|1 package~108
2119438	B	130	278,0,0,55.6,0,0,0	2 tsp~1.8|1 package~100
2164606	B	3	293,3.18,15.3,36.3,166,28,7.01,25,.6,0,0,64,134,,0	1 container~157
1778424	B	3	182,4.24,7.2,25.8,102,20.3,3.81,23,.4,0,.46,148,,.5	1 serving~236|1 package~355
1790825	B	3	182,4.24,7.2,25.8,102,20.3,3.81,23,.4,0,.46,148,,.5	1 serving~236|1 package~355
1778425	B	3	191,4.66,8.05,25.4,114,22.5,3.39,13,.4,0,.15,127,,.5	1 serving~236|1 package~355
1891298	B	39	157,4.24,5.93,22.9,72,19.9,3.81,21,.8,0,.76,127,,.5	1 container~236|1 package~355
1891294	B	3	161,3.81,6.36,22,68,19.1,3.81,25,0,0,0,148,,1	1 serving~236|1 package~355
1965330	B	3	245,3.77,15.1,24.5,61,23.6,9.43,71,0,.47,0,94,132,,0	2/3 cup~106|1 package~709
2473768	B	3	259,3.45,13.8,29.3,216,29.3,8.62,60,0,.43,0,86,121,,0	2/3 cup~116|1 package~709
2448652	B	3	241,3.7,15.7,22.2,56,22.2,10.2,74,0,.46,0,93,130,,0	2/3 cup~108|1 package~709
2473819	B	3	241,2.59,13.8,28.4,241,24.1,8.62,56,.9,.43,.31,69,121,,0	2/3 cup~116|1 package~709
2147352	B	3	235,2.61,12.2,28.7,43,27,7.83,57,0,.43,0,87,122,,0	2/3 cup~115|1 package~709
2138403	B	3	308,4.27,19.7,28.2,85,25.6,11.1,60,2.6,.43,2.15,85,179,,0	2/3 cup~117|1 package~709
2478935	B	36	55,12.7,.45,0,130,0,0,45,0,0,0,15,155,,.175	1 piece~110|1 package~907
2093649	B	10	46,.42,.42,9.58,0,9.17,,,.4,,.3,,79,47.5	8 fl oz~240
2679109	B	10	46,.42,0,10.8,2,10,,,,,,,71	5 fl oz~240
1902818	B	3	143,3.81,4.76,26.7,48,19,2.86,14,1.9,0,1.03,95,,0	½ cup~105|1 package~473
1902814	B	3	170,3,7,24,55,19,4.5,20,1,0,0,100,,0	½ cup~100|1 package~473
1902821	B	3	163,4.08,6.12,25.5,61,21.4,3.57,20,1,0,0,102,,0	½ cup~98|1 package~473
2629240	B	3	155,4.12,5.15,23.7,62,19.6,3.09,21,,0,,103,,,,,,37	½ cup~97|1 package~473
1902822	B	3	177,5.31,7.96,26.6,80,18.6,3.1,13,2.7,0,.96,88,,0	½ cup~113|1 package~473
2539480	B	3	126,0,0,31.5,7870,28.4,0,0,0,0,0,0,0,,0	2/3 cup~127|1 package~473
1995254	B	3	206,4.67,9.35,26.2,,23.4,4.21,,.9,0,0,187,0,,0	2/3 cup~107|1 package~473
1902815	B	3	111,0,0,27.8,0,26.7,,,,,,,,4	½ cup~90|1 package~473
1902819	B	3	190,4.76,9.52,22.9,57,18.1,2.86,19,1,0,.34,95,,1.1	½ cup~105|1 package~473
2027677	B	35	150,10,0,40,4500,30,0,0,,0	1 tsp~10|1 package~454
2160102	B	61	398,6.67,0,86.7,0	1 serving~45|1 package~567
2543727	B	35	214,14.3,0,42.9,2000,28.6,0,0,0,0,0,0,,0	1 tsp~7|1 package~397
2268410	B	35	214,14.3,0,42.9,2000,28.6,0,0,0,0,0,0,,0	1 tsp~7|1 package~397
1866204	B	35	143,14.3,0,14.3,4860,14.3,0,0,0,0,0,0,,0	1 tbsp~7|1 package~397
2027705	B	35	214,14.3,0,42.9,3140,28.6,0,0,0,0,0,0,,0	1 tsp~7
1866200	B	35	214,14.3,0,42.9,3140,28.6,0,0,0,0,0,0,,0	1 tsp~7|1 package~397
1864434	B	35	143,14.3,0,14.3,4860,14.3,0,0,0,0,0,0,,0	1 tsp~7|1 package~397
2593580	B	10	59,.85,0,18.6,0,12.7,0,0,0,,.85,25,186,59.3,,0,0,0	4 fl oz~118
1537998	B	102	143,12.5,8.93,0,143,,3.57,375,,0,1.93,71,134,0	1 egg~56
1944015	B	70	233,0,10,40,0,40,6.67,0,0,0,0,0,,0,,3.33,0	1 tbsp~15|1 package~473
2463727	B	59	426,46.8,12.8,31.9,266,6.38,3.19,128,14.9,,.85,383,489,,,,,,,,,,,32,298	1 scoop~47|1 package~1170
2049597	B	30	429,0,8.93,89.3,161,82.1,7.14,0,0,0,0,0,,0	2 tbsp~28|1 package~283
1873555	B	3	520,8,28,60,80,48,20,0,0,0,1.44,160,,0	1 package~25
2281680	B	40	333,3.03,4.55,69.7,197,45.4,3.03,15,0,0,0,70,148,,0	2 tbsp~33|1 package~312
1852342	B	1	544,14,29.8,52.6,167,43.9,10.5,0,3.5,0,1.89,35,,0	1/3 package~57|1 package~170
2011692	B	1	421,1.75,10.5,79,88,64.9,6.14,9,1.8,0,1.26,70,,0	1/3 package~57|1 package~170
1944716	B	12	467,3.33,15,76.7,533,43.3,11.7,0,3.3,0,3.33,30,183,,0	¾ cup~30|1 package~113
1960286	B	12	467,3.33,15,76.7,533,43.3,11.7,0,3.3,0,3.33,30,183,,0	¾ cup /~30|1 package~71
2101445	B	39	127,2.95,4.22,19.8,165,18.6,2.53,15,.4,0,.15,105,,0	8 fl oz~237
2324601	B	40	303,3.03,6.06,57.6,227,51.5,6.06,0,3,,2.18,0,,0	2 tbsp~33|1 package~312
2324460	B	40	182,0,0,48.5,30,30.3,0,0,0,,0,0,,14.5	2 tbsp~33|1 package~312
2412498	B	1	400,0,0,96,0,68	½ cane~25|1 package~50
2044826	B	3	393,3.57,5.36,85.7,571,75,5.36,0,3.6,0,2.57,0,,0	2 tbsp~28|1 package~283
2055652	B	40	308,0,0,76.9,0,53.8	1 package~13|1 package~70
2569424	B	40	333,3.03,4.55,69.7,197,45.4,3.03,15,0,0,0,70,148,,0	2 tbsp~33|1 package~312
2569425	B	40	188,0,0,50,31,31.2,0,0,0,0,0,6,81,,0	2 tbsp~32|1 package~312
1884841	B	70	233,0,10,33.3,100,33.3,6.67,0,0,0,0,0,,0,,3.33,0	1 tbsp~15|1 package~1890
1913243	B	39	114,2.95,4.22,16.5,173,16,2.53,17,0,0,0,105,,.5	8 fl oz~237
1921597	B	39	110,2.95,3.8,15.6,165,15.2,2.53,15,.4,0,0,105,,0	8 fl oz~237
1917107	B	39	95,2.7,3.04,13.5,81,13.5,1.69,8,.3,0,0,101,,0	1 bottle~296
2308350	B	13	404,35.1,10.5,42.1,351,7.02,8.77,18,,,2.11,263	1 bar~57
1921818	B	39	114,2.95,3.8,16,165,16,2.53,15,0,0,0,105,,0	8 fl oz~237
2032898	B	27	200,16.5,11.8,5.88,682,4.71,3.53,71,1.2,0,.85,24,,2.8	1 link~85|1 package~340
2417662	B	27	357,19.6,30.4,1.79,786,1.79,10.7,89,0,0,1.79,48,393,,0	2 oz. cooked~56|1 package~454
2066332	B	27	165,16.5,10.6,1.18,718,0,2.94,71,1.2,0,1.27,24,,14.1	1 link~85|1 package~340
2616640	B	131	226,14.3,11.9,15.5,488,1.19,2.38,36,0,0,.86,0,,0,,,,21	4 nuggets~84|1 package~227
2209952	B	27	262,11.9,23.8,2.38,595,0,8.33,71,0,0,3.43,238,,2.9	1 hot dog~42|1 package~340
2670121	B	12	393,35.7,3.57,53.6,1750,53.6,0,89,0,0,2.57,71,,21.4,,,,0	1 serving~28|1 package~80
2211538	B	27	294,14.1,24.7,2.35,682,1.18,9.41,65,0,0,.85,71,,49.4	1 link~85|1 package~340
2268012	B	27	176,17.6,10.6,1.18,635,0,2.94,71,0,0,1.27,24,,7.1	1 link~85|1 package~340
2481642	B	137	229,9.29,12.1,20.7,621,17.9,3.57,46,.7,0,.71,32,350,,1.43	1 serving~140|1 package~454
2460126	B	64	229,10,12.1,20.7,621,17.9,3.57,46,.7,0,.71,32,350,,1.43	1 serving~140|1 package~1021
2598346	B	64	471,35.3,35.3,0,1120,0,14.7,88,0,0,0,12,265,,0	2 cooked slices~17|1 package~340
2569454	B	28	155,17.9,8.33,1.19,929,1.19,2.98,54,0,0,0,15,327,,0	1 serving~84
2531914	B	65	161,23.2,5.36,1.79,,1.79,1.79,71,0,0,1.79,20,423,,0	1 serving~56
2060171	B	28	214,16.1,14.3,1.79,875,1.79,5.36,62,0,0,.64,0,,0	1 serving~56|1 package~170
1860144	B	106	116,25,1.79,0,49,0,0,62,0,0,1.29,18,,0	1 serving~112|1 package~454
1888105	B	48	250,17,19.6,.89,67,0,7.14,71,0,0,.96,18,,0	1 serving~112|1 package~454
2534274	B	64	471,35.3,35.3,5.88,1650,5.88,14.7,88,0,0,0,18,235,,0	1 serving~17|1 package~1021
1888395	B	28	107,19.6,1.79,1.79,679,0,0,62,0,0,.64,36,,0	1 serving~56|1 package~198
2021010	B	27	321,12.5,28.6,1.79,821,1.79,8.93,62,0,0,.64,36,,0	1 serving~56|1 package~340
2566788	B	27	268,12.5,23.2,1.79,786,1.79,7.14,62,0,0,0,25,714,,0	2 oz. cooked~56|1 package~340
1925342	B	27	294,14.1,24.7,3.53,694,2.35,8.24,65,0,0,.42,24,,49.4	1 link~85|1 package~340
2166974	B	77	196,17.9,4.46,19.6,500,17.9,1.79,54,0,0,0,11,488,,0	1 serving~56|1 package~397
1888394	B	28	107,19.6,.89,1.79,821,1.79,0,45,0,0,.64,0,,0	1 serving~56|1 package~198
2679905	B	131	116,18.8,4.02,0,366,0,.89,89,0,0,.64,18,,0,,,,0	1 serving~112|1 package~680
2065800	B	27	176,17.6,10.6,1.18,635,0,2.94,71,0,0,1.27,24,,7.1	1 link~85|1 package~1021
1912814	B	27	310,11.9,26.2,2.38,595,2.38,11.9,60,0,0,1.71,0,,5.7	1 hot dog~42|1 package~340
2449244	B	11	0,0,0,0,37300	¼ tsp~1.5|1 package~567
2138544	B	85	333,8.77,17.5,35.1,614,1.75,2.63,9,0,0,1.75,89,86,,0	1 serving~57|1 package~340
2128955	B	26	281,11.4,8.77,38.6,544,1.75,3.51,13,0,0,2.63,76,81,,0	3 pieces~114|1 package~306
1931868	B	26	272,9.65,9.65,35.1,491,3.51,4.39,18,0,0,1.75,129,65,,0	3 pieces~114|1 package~306
2056014	B	94	341,7.06,10.6,52.9,800,4.71,2.94,0,1.2,2.94,3.18,47,,0	4 pieces~85|1 package~340
2056003	B	85	304,7.14,14.3,37.5,482,1.79,0,0,0,0,3.57,23,152,,0	1 serving~56|1 package~226
2037449	B	85	364,6.06,21.2,36.4,606,0,7.58,0,0,0,2.18,0,,0	1 serving~33|1 package~397
2037446	B	26	292,12.3,10.8,36.9,538,3.08,5.38,15,1.5,0,2.22,231,92,0	1 breadstick~65|1 package~326
2030439	B	26	277,12.3,10.8,33.8,523,3.08,3.85,15,0,0,1.54,160,78,,0	1 stick~65|1 package~326
2385006	B	108	54,1.85,4.51,1.42,407,0,.93,5,1.4,.12,.27,10,,,0	2/3 cup~162|1 package~425
2430062	B	85	263,7.02,10.5,37.7,518,3.51,6.14,26,.9,0,2.63,11,109,,0	3 pieces~114|1 package~306
2430063	B	85	263,7.02,10.5,36,430,3.51,6.14,31,0,0,2.63,11,75,,0	3 pieces~114|1 package~306
2680457	B	85	312,8.33,14.6,33.3,604,2.08,6.25,10,0,0,2.08,104,100,,0	1 slice~48|1 package~382
2037445	B	85	360,8,16,44,380,10,5,50,2,0,2.16,0,80,0	1 slice~50|1 package~396
2655359	B	85	300,12,10,42,520,4,4,10,2,0,2,148,206,,0	1 stick~50|1 package~1190
2655358	B	85	300,7.5,10,42.5,375,2.5,3.75,0,0,0,2.5,35,100,,0	1 knot~40|1 package~238
2037444	B	85	304,7.14,14.3,39.3,482,1.79,0,0,0,0,1.79,12,98,,0	1 serving~56|1 package~226
2655360	B	85	340,6,18,36,600,2,6,0,0,0,2,16,100,,0	1 slice~50|1 package~1590
2037448	B	85	240,8,4,44,340,2,0,0,0,0,2,14,98,,0	1½ slice~50|1 package~397
1893607	B	94	247,10.6,5.88,38.8,565,3.53,2.35,59,1.2,0,2.12,71,,0	4 pieces~85|1 package~340
2431263	B	76	68,7.93,2.2,3.08,552,1.76,1.32,32,.4,,3.09,53,,0	1 serving~227|1 package~450
2145720	B	26	277,12.3,10.8,33.8,462,1.54,4.62,15,0,0,1.54,208,71,,0	1 stick~65|1 package~326
2385012	B	51	22,1.3,1.48,.86,353,.74,.31,6,.1,0,.31,9,149,,0	2/3 cup~162|1 package~425
2430061	B	85	240,8,4,44,340,2,0,0,0,0,2,14,96,,0	1½ slice~50|1 package~198
2680456	B	26	277,12.3,10.8,33.8,431,1.54,3.08,15,0,0,1.54,208,69,,0	1 stick~65|1 package~326
2385005	B	51	62,2.1,5.8,.12,449,0,1.79,4,.1,.12,.46,7,159,,0	2/3 cup~162|1 package~425
2027341	B	76	210,24.4,12.2,0,400,0,3,61,0,.11,3,444,,,0	1 tin, drained~90
2435712	B	100	218,25.4,12.7,0,509,0,1.82,55,0,,.98,0,,0	¼ cup~55|1 package~190
2435710	B	100	218,25.4,12.7,0,509,0,1.82,55,0,,.98,0,,0	¼ cup~55|1 package~190
2037452	B	26	279,8.82,11.8,35.3,853,2.94,5.15,22,1.5,0,2.12,147,,0	1 pretzel with 1/5 salt packet~68|1 package~340
2433314	B	76	99,15,3.7,0,400,,.8,52,,,.72,0,,0	1 serving~100
1941513	B	78	360,21,25,12,560,0,3,140,0,0,1.44,60,,4.8	1 serving~100
2113257	B	85	272,6.14,7.89,43,395,11.4,5.26,18,0,0,1.75,58,130,,0	3 pieces~114|1 package~306
1903934	B	19	250,0,0,66.7,667,61.1,0,0,0,0,0,0,,0	2 tbsp~36|1 package~500
2680458	B	85	300,6,12,38,520,2,4,0,0,0,2,12,92,,0	1 slice~50|1 package~396
1905086	B	85	340,8,16,40,940,2,6,6,2,0,2.16,80,90,0	1 slice~50|1 package~396
2037451	B	85	298,7.02,14,38.6,491,1.75,0,0,0,0,1.75,12,95,,0	1 serving~57|1 package~453
2037447	B	85	368,7.02,15.8,47.4,561,3.51,5.26,0,1.8,0,2.53,0,,0	1 serving~57|1 package~226
2018056	B	76	270,18,17.2,0,59,0,4.69,125,0,0,9.28,125,,0	1 can drained~64
2626192	B	78	200,24.7,11.8,0,400,0,2.94,41,0,0,1.18,19,327,,2	1 can drained~85
2626193	B	78	339,19.1,29.6,0,200,0,7.83,65,0,0,3.48,313,391,,9	1 can 4 oz~115
2477044	B	76	218,23.6,12.7,0,382,0,3.64,36,0,0,1.82,236,195,,5.45	¼ cup~55|1 package~115
2037450	B	85	298,7.02,14,40.4,526,1.75,0,0,0,0,3.51,14,96,,0	1 serving~57|1 package~453
1766605	B	76	281,19.5,24,0,330,0,5.84,34,0,.19,5.84,78,,0	1/3 cup~77
1767690	B	76	192,25,7.69,3.85,288,0,2.69,87,0,0,6.92,77,,0	½ can) / (~52|1 package~105
1767372	B	112	230,21,11,0,270,0,1.83,20,0,.17,2.4,17,,0	1 serving~60
518367	B	84	286,0,0,81,0,76.2,0,0,0,0,0,0,,0	1 tbsp~21
2629312	B	76	288,29.4,22.5,0,500,0,4.5,78,0,.12,3.15,562,,0,,,,0	1 can drained, 1/3 cup~80|1 package~125
1957153	B	19	67,0,0,16.7,467,0,0,0,0,0,0,0,,4	2 tbsp~30|1 package~340
2623070	B	19	83,0,0,20,400,0,0,0,0,0,0,0,,4,,,,0	2 tbsp~30|1 package~340
1930250	B	19	111,0,0,22.2,2220,22.2,0,0,0,,0,0,,0	1 tsp~4.5|1 package~118
2680455	B	54	0,0,0,0,0,0,0,0,0,,0,0,,0,,,,0	1 tsp~4.5|1 package~118
2289703	B	54	0,0,0,0,222,0,0,0,0,,0,0,,0	1 tsp~4.5|1 package~118
2035759	B	54	0,0,0,0,222,0,0,0,0,0,0,0,,0	1 tsp~4.5
2616316	B	54	0,0,0,0,222,0,0,0,0,0,0,0,,0,,,,0	1 tsp~4.5|1 package~118
2616317	B	54	0,0,0,0,222,0,0,0,0,,0,0,,0,,,,0	1 tsp~4.5|1 package~118
2082239	B	19	0,0,0,0,0,0,0,0,0,,0,0,,0	1 tsp~4.5
582215	B	20	16,1.77,0,3.54,21,.88,0,0,2.7,0,.88,164,257,,0	1 cup~113
582935	B	12	40,.88,0,8.85,0,2.65,0,0,5.3,0,0,12,150,,0	1 cup~113
582816	B	7	36,0,0,9.09,45,0,0,0,9.1,0,0,,155	1 ct~11
576993	B	41	823,0,92.3,0,0,,16.9,0,,0,,,,,,76.9,15.4	1 tbsp~13
1996957	B	12	161,28.6,3.57,10.7,786,7.14,0,54,0,0,2.57,0,,0	1 serving~28|1 package~85
2175743	B	12	179,21.4,1.79,17.9,857,17.9,0,54,0,0,2.57,71,,4.3	1 serving~28|1 package~85
2175745	B	12	321,17.9,10.7,42.9,2110,39.3,1.79,36,0,0,1.29,71,,0	1 serving~28|1 package~85
2561855	B	11	5,.97,0,.24,333	1 can~411
2594950	B	11	19,4.17,.21,0,233,0,0,0,0,0,.17,5,3,,0	1 cup~240|1 package~907
2594964	B	43	2,.42,0,0,212,0,0,0,0,0,0,3,4,,0	1 cup~240|1 package~1361
2594949	B	11	6,1.25,0,.42,200,0,0,0,0,0,0,3,22,,0	1 cup~240|1 package~907
2102992	B	51	8,0,0,1.67,175,1.25,0,0,0,0,0,5,13,,0	1 cup~240|1 package~907
2594951	B	11	4,.42,0,.42,196,0,0,0,0,0,0,4,8,,0	1 cup~240|1 package~907
2079625	B	51	6,1.67,0,0,412,0,0,0,0,0,.15,0,10,0	1 cup~240|1 package~1360
1923765	B	51	6,.83,0,.83,238,.42,0,0,0,0,0,5,8,,0	1 cup~240|1 package~907
2406225	B	51	8,.83,.42,.42,229,0,0,0,.4,0,0,4,58,,0	1 cup~240|1 package~907
2658694	B	51	19,4.17,0,.42,238,.42,0,0,0,0,0,4,22,,0	1 cup~240|1 package~907
2658669	B	51	5,.97,0,.24,333	1 can~411
2088675	B	51	8,1.25,0,.42,200,0,0,0,0,0,0,8,12,.5	1 cup~240|1 package~907
2086161	B	51	12,1.25,.21,.83,250,,,,,,,,42,5	1 cup~240|1 package~499
2116543	B	51	12,2.5,0,.42,312,,,,,,,,96	1 cup~240|1 package~499
1912263	B	51	4,1.25,0,0,200,0,0,0,0,0,0,0,21,0	1 cup~240|1 package~907
2561825	B	11	19,4.17,0,.42,238,.42,0,0,0,0,0,4,22,,0	1 cup~240|1 package~907
2079633	B	51	4,0,0,.42,188,.42,0,0,0,0,0,0,0,0	1 cup~240|1 package~1360
2658718	B	51	19,3.33,.21,.42,150,0,0,0,0,0,.21,3,230,,0	1 cup~240|1 package~907
2658691	B	51	1,0,0,.24,214,.24,,0	1 can~411
2434787	B	51	167,8.33,0,25,4500,0,0,0,0,0,0,8,133,,0	1 serving~12|1 package~96
2617966	B	51	6,.42,0,1.25,417,.42,0,0,0,0,.15,8,15,.5,,,,0	1 cup~240|1 package~411
2286673	B	51	4,0,0,1.25,442,.42,0,0,0,0,0,8,19,.5	1 cup~240|1 package~411
2081297	B	51	8,0,0,2.08,283,1.67,0,0,0,0,0,8,31,1.5	1 cup~240|1 package~411
1971733	B	54	33,1.67,2.5,1.67,750,1.67,0,0,,0,0,13,123,,0	¼ cup~60|1 package~680
2299229	B	54	25,0,.83,3.33,683,1.67,0,0,0,0,0,13,107,,0	¼ cup~60|1 package~680
1993508	B	51	4,.42,0,.42,196,0,0,0,0,0,0,4,8,,0	1 cup~240|1 package~907
2437293	B	51	4,.83,0,.42,233,0,0,0,0,0,0,5,25,,0	1 cup~240|1 package~907
1735168	B	11	250,0,0,33.3,6330,16.7,0,0,0,0,0,50,533,,0	1 tsp~6
2406224	B	51	10,1.25,.42,.42,179,.42,0,0,0,0,0,5,54,,0	1 cup~240|1 package~907
1971724	B	54	25,1.67,1.67,1.67,583,0,0,0,,0,0,13,75,,0	¼ cup~60|1 package~680
2594955	B	11	250,0,0,33.3,6330,16.7,0,0,0,0,0,50,533,,0	1 tsp~6|1 package~170
2594953	B	54	33,1.67,2.5,1.67,750,1.67,0,0,,0,0,13,123,,0	¼ cup~60|1 package~680
2651811	B	11	25,0,.83,3.33,683,1.67,0,0,0,0,0,13,107,,0	¼ cup~60|1 package~680
2594952	B	11	25,1.67,1.67,1.67,583,0,0,0,,0,0,13,75,,0	¼ cup~60|1 package~680
2079545	B	51	8,.42,0,1.67,379,1.67,0,0,0,0,0,8,0,0	1 cup~240|1 package~907
2561859	B	11	5,.49,0,.49,333,.49	1 can~411
2143284	B	51	6,1.25,0,.42,21,0,0,0,0,0,0,0,19,0	1 cup~240|1 package~907
2309066	B	51	2,0,0,.42,229,0,0,0,0,0,0,5,12,,0	1 cup~240|1 package~907
2079522	B	51	4,.42,0,.83,417,.42,0,0,0,0,0,8,6,0	1 cup~240|1 package~907
2584804	B	4	464,3.57,21.4,60.7,464,39.3,10.7,18,0,0,1.43,0,36,,0	1 serving~28|1 package~113
2584805	B	4	429,7.14,21.4,53.6,339,28.6,8.93,18,3.6,0,1.79,36,107,,0	1 serving~28|1 package~113
2050252	B	4	500,3.85,26.9,50,308,23.1,17.3,77,0,0,1.38,0,,0	1 cookie~26|1 package~156
2043110	B	4	500,3.85,26.9,50,308,23.1,17.3,77,0,0,1.38,0,,0	1 cookie~26|1 package~156
2565816	B	7	235,3.06,15.3,22.4,143,17.4,11.2,20,2,0,1.1,41,143,,0	1 dessert~98
2105873	B	2	414,25,35.7,0,721,0,21.4,96,0,0,0,750,,0	1 serving~28|1 package~200
2403728	B	44	300,0,0,76.9,0,56.9,0,0,0,,0,38,83,,0	1 cherry~6.5|1 package~383
2416720	B	7	200,0,0,40,0,,0,0,,,0,0,0,,0	1 cherry~5|1 package~312
2448477	B	60	167,0,0,43.3,17,,0,0,0,0,0,,7,,0	1 fl oz~30|1 package~375
2124162	B	86	192,0,0,49.2,21,48.3,0,0,0,0,0,0,,240	4 fl oz~120|1 package~946
1946232	B	86	62,0,0,15,12,13.8,0,0,0,0,0,4,30,,0	5.4 fl oz~160|1 package~950
2291048	B	86	0,0,0,0	¼ tsp~1|1 package~198
2545574	B	60	153,0,0,40,0,40,0,0,0	1 serving~15|1 package~375
2593319	B	86	83,0,0,20.8,17,20,0,0,0,0,0,4,28,,0	4 fl oz~120
2497266	B	86	333,0,0,86.7,17,86.7,0,0,0,0,0,0,3,,0	1 fl oz~30
2445797	B	86	133,0,0,33.3,29,32.5,0,0,0,0,0,4,14,,0	4 fl oz~120
2064906	B	40	400,0,0,100,100	¼ tsp~1|1 package~198
2430523	B	7	100,0,6.67,0,1930,0,,0,0,,0,0,53,,0	2 olives~15|1 package~134
2554594	B	85	484,3.23,19.4,67.7,484,35.5,9.68,32,0,0,.32,129,65,,0	1 cookie~31|1 package~454
2218469	B	4	484,3.23,22.6,71,484,38.7,11.3,32,0,0,.32,129,65,,0	1 cookie~31|1 package~340
2193037	B	4	516,3.23,29,67.7,484,45.2,14.5,32,0,0,2.9,32,65,,0	1 serving~31|1 package~340
2418947	B	9	477,5.41,27,58.6,77,,8.11,27,2.7,0,1.17,117,243,,0	3 pieces~111|1 package~442
2510626	B	4	516,3.23,32.3,48.4,113,29,9.68,48,3.2,0,1.29,387,194,,.325	1 cookie~31|1 package~340
2398933	B	9	465,4.65,25.6,58.1,70,39.5,2.33,35,4.7,0,1.16,70,233,,0	1 serving~43|1 package~850
2268215	B	9	372,4.65,11.6,65.1,93,34.9,10.5,105,7,0,4.19,93,,5.6	1 serving~43
2525528	B	4	484,6.45,19.4,67.7,484,32.3,9.68,32,0,0,.32,129,97,,.325	1 cookie~31|1 package~340
500109	B	35	108,1.3,6.4,8,,6.7,.6	1 serving~100
497822	B	54	8,.2,.2,1.64,,1.52,.04	1 serving~250
2285459	B	19	200,10,12,16,3600,10	1 tsp~5|1 package~100
401062	B	54	300,10,0,70,4700,10,0,0,0,0,0,0,,0	2 tsp~10
2033013	B	19	200,0,0,20,3400	1 tsp~5|1 package~150
2035111	B	31	82,4.71,0,14.1,88,5.88,0,0,5.9,0,1.69,24,,10.6	2/3 cup~85|1 package~1135
2440711	B	31	73,1.18,0,17.6,27,5.88,0,0,2.4,,.64,24,,12.7	1 cup~85|1 package~907
2038351	B	55	71,1.18,0,18.8,0,14.1,0,0,3.5,0,0,0,,332	2/3 cup~85|1 package~1135
2566738	B	30	42,0,0,10.7,6,10.7,0,,0,0	12 fl oz~354
2564451	B	6	375,0,0,87.5,0,6.25	2 tbsp~16|1 package~340
2085248	B	18	45,0,0,11.3,6,11.3,,,,0	12 fl oz~354|1 package~2124
2339450	B	18	42,0,0,10.4,6,10.4	12 fl oz~354
2033785	B	81	375,0,0,87.5,300,,,,,0	1 tbsp~8|1 package~342
2270623	B	4	467,6.67,15,73.3,67,23.3,8.33,0,3.3,0,0,0,0,,0	6 cookies~30|1 package~150
1899952	B	1	353,0,0,94.1,0,64.7,0,0,0,0,0,0,,0	1 pop~17|1 package~221
1911575	B	1	353,0,0,94.1,0,76.5,0,0,0,0,0,0,,0	1 pop~17|1 package~340
1873251	B	1	353,0,0,94.1,0,64.7,0,0,0,0,0,0,,0	1 pop~17|1 package~170
2674569	B	4	464,7.14,16.1,75,250,21.4,8.93,14,3.6,0,0,0,0,,0,5.36,1.79	5 cookies~28|1 package~170
2586582	B	29	481,7.41,16.7,74.1,815,3.7,7.41,0,3.7,0,0,0,0,,0,7.41,1.85	4 crackers~27|1 package~324
2162752	B	79	333,0,0,88.9,0,66.7,0,0,0,0,0,0,0,,0	1 unit~4.5|1 package~99
2589826	B	1	400,0,0,93.3,0,66.7,0,0,0,0,0,0,0,,0	10 units~15|1 package~1000
2655189	B	29	471,5.88,17.6,73.5,647,8.82,7.35,0,2.9,0,2.94,0,0,,0	4 crackers~34
2586581	B	1	433,3.33,6.67,86.7,367,70,3.33,7,0,0,0,0,0,,0,1.67,0	7 pieces~30
2586580	B	1	400,0,6.67,86.7,267,73.3,3.33,0,0,0,0,0,0,,0	4 pieces~15
525942	B	29	440,8,8,80,680,0,4,0,4,0,0,0,,0,,4,0	4 crackers~25
2655188	B	29	471,7.84,13.7,74.5,627,7.84,5.88,0,3.9,0,3.53,0,0,,0	3 crackers~25.5|1 package~153
2655191	B	49	300,6.67,3.33,56.7,300,56.7,1.67,17,0,0,0,258,419	2 tbsp~30|1 package~499
1987309	B	1	389,0,0,100,56,66.7,0,0,0,0,0,0,0,,0	1 piece~9|1 package~900
2586587	B	42	267,0,0,66.7,0,66.7,,,3.3	1 tbsp~15|1 package~598
1873250	B	1	389,0,0,94.4,0,77.8,0,0,0,0,0,0,,0	2 pop~18|1 package~198
1876365	B	1	389,0,0,100,0,94.4,0,0,0,0,0,0,,0	2 pops~18|1 package~198
2655190	B	29	438,6.25,10.9,78.1,266,21.9,6.25,0,3.1,0,2.5,0,0,,0	4 crackers~32
2494852	B	4	500,5,22.5,65,250,25,12.5,0,0,0,2,0,0,,0	1 serving~20|1 package~160
2586584	B	1	353,0,0,58.8,0,,0,0,0,0,0,0,0,,0	1 piece~17
2586583	B	4	522,4.35,26.1,69.6,65,30.4,15.2,0,4.3,0,0,0,0,,0,6.52,2.17	1 cookie~23|1 package~45.9
2040950	B	4	500,7.14,17.9,75,214,21.4,8.93,0,3.6,0,0,0,,0	4 cookies~28|1 package~200
1790053	B	4	480,4,16,76,180,32,8,0,0,0,0,0,,0	4 cookies~25|1 package~300
2309268	B	1	400,6.67,0,93.3,83,56.7,0,0,0,0,0,0,0,,0	15 pieces~30|1 package~113
506531	B	4	480,4,18,76,220,32,8,0,0,0,0,0,,0,,6,0	4 cookies~25
2642920	B	8	485,3.03,21.2,72.7,61,42.4,12.1,0,0,0,1.52,0,0,,0,7.58,3.03	4 wafer~33|1 package~151
1957194	B	4	504,3.88,23.3,73.6,78,38.8,11.6,0,3.9,0,.78,21,63,,0,7.75,1.94	4 cookies~25.8|1 package~155
1922125	B	1	353,0,0,94.1,59,64.7,0,0,0,0,0,0,0,,0	1 unit~17|1 package~867
2088158	B	1	389,0,0,94.4,0,77.8,0,0,0,0,0,0,,0	2 pops~18|1 package~180
2044992	B	1	389,0,0,94.4,0,77.8,0,0,0,0,0,0,,0	2 pops~18|1 package~180
1973794	B	79	333,0,0,66.7,0,66.7,0,0,0,0,0,0,0,,0	1 units~3|1 package~120
2169433	B	1	400,3.33,0,96.7,17,70,0,0,0,0,0,0,0,,0	1 serving~30|1 package~145
1996216	B	4	500,3.85,23.1,73.1,58,30.8,11.5,0,3.8,0,.77,21,63,,0,7.69,1.92	4 cookies~26|1 package~155
2682365	B	119	117,3.2,.54,24.7,79,18.9,.36,4,.7,0,.59,115,304,,0	½ cup mix~132
2429490	B	6	256,9.3,1.16,51.2,488,0,0,0,2.3,0,2.33,70,70,,0,0,0	1 slice~43|1 package~680
2476557	B	6	256,9.3,2.33,51.2,512,0,0,0,2.3,0,3.02,35,70,,0,0,0,,4.19,0,.233,,112	1 slice~43|1 package~680
2487980	B	6	276,9.21,3.29,50,447,0,1.32,0,2.6,0,2.63,66,105,,0,.66,0,,5.26,1,.395,,111	1 roll~76|1 package~454
2429499	B	6	362,14.9,14.9,40.4,1110,2.13,6.38,21,2.1,0,2.13,404,85,,0,1.06,2.13	.17 loaf~47|1 package~283
2429349	B	6	268,12.2,1.22,51.2,488,2.44,0,0,2.4,0,2.44,183,85,,0,0,0	2 slices~41|1 package~454
2487849	B	6	282,8.45,3.52,52.1,507,1.41,1.41,0,1.4,0,2.82,85,85,,0,0,0,,5.63,0,.282,,110	1 roll~71|1 package~425
2669791	B	26	400,6,28,30,480,2,4,20,2,0,2.16,40,,0,,,,36	1 pastry~50|1 package~595
2476556	B	6	280,8,3,52,460,6,0,0,2,0,3,90,80,,0,0,1,,4.2,0,.4,,108	2 rolls~50|1 package~794
2477316	B	6	273,9.09,3.03,51.5,455,6.06,0,0,3,0,3.03,91,76,,0,0,0,,4.24,0,.303,,109	1 bun~33|1 package~794
2476669	B	6	250,7.14,3.57,50,464,3.57,0,0,0,0,2.86,107,71,,0,0,0,,4.29,0,.357,,107	1 slice~28|1 package~680
2477224	B	6	278,9.26,2.78,51.8,463,5.56,0,0,1.9,0,2.96,83,74,,0,0,.93,,4.26,0,.37,,111	1 bun~54|1 package~652
2477615	B	6	279,9.3,4.65,53.5,512,6.98,0,0,2.3,0,2.79,116,81,,0,0,2.33,,4.19,0,.233,,98	1 bun~43|1 package~510
2477317	B	6	279,9.3,3.49,53.5,465,4.65,0,0,2.3,0,2.79,81,81,,0,0,1.16,,4.19,0,.233,,112	1 bun~43|1 package~510
2476334	B	6	269,7.69,3.85,50,500,3.85,0,0,0,0,2.69,135,77,,0,0,0,,4.23,0,.385,,104	1 slice~26|1 package~567
2476494	B	6	296,9.86,4.93,53.5,549,8.45,.7,0,1.4,0,3.1,99,85,,0,.7,2.11,,4.08,0,.282,,101	1 bun~71|1 package~851
2477393	B	6	278,9.26,4.63,51.8,444,5.56,.93,0,1.9,0,3.15,93,93,,0,.93,1.85,,4.26,0,.37,,100	1 bun~54|1 package~652
2477277	B	6	273,9.09,3.03,51.5,455,6.06,0,0,3,0,3.03,91,76,,0,0,0,,4.24,0,.303,,109	1 roll~33|1 package~794
2476612	B	6	296,9.26,4.63,51.8,519,7.41,.93,0,1.9,0,2.78,111,83,,0,0,1.85,,4.26,0,.37,,100	1 bun~54|1 package~652
2476291	B	6	278,8.33,2.78,50,472,5.56,0,0,2.8,0,2.78,111,83,,0,0,1.39,,4.17,1,.278,,100	1 slice~36|1 package~680
2476640	B	6	267,6.67,3.33,50,417,3.33,0,0,0,0,2.67,83,83,,0,0,0,,4,0,.333,,100	1 slice~30|1 package~907
2429981	B	6	255,8.51,3.19,48.9,426,4.26,0,0,2.1,0,3.19,106,96,,0,0,1.06,,4.04,0,.213,,149	2 slices~47|1 package~567
2477681	B	6	279,9.3,3.49,53.5,465,4.65,0,0,2.3,0,2.79,81,81,,0,0,1.16,,4.19,0,.233,,112	1 bun~43|1 package~680
2477318	B	6	279,9.3,3.49,53.5,465,4.65,0,0,2.3,0,2.79,81,81,,0,0,1.16,,4.19,0,.233,,112	1 bun~43|1 package~340
2386185	B	50	0,0,0,0,3120,0,0,0,0,0,0,0,2500,,0	¼ tsp~.8|1 package~85
2552767	B	11	0,0,0,0,13900,0,0,0,0,0,0,0,0,,0	¼ tsp~.9|1 package~57
2378722	B	11	0,0,0,0,13100,0,0,0,0,0,0,0,0,,0	¼ tsp~.8|1 package~64
1854233	B	32	48,.8,1.6,8,472,4.8,0,0,1.6,0,.58,16,,2.9	½ cup~125|1 package~737
2013893	B	32	48,.8,2.8,5.6,528,1.6,1.6,8,.8,0,.58,16,,1.9	½ cup~125|1 package~737
1898276	B	32	48,.8,1.6,8,600,4.8,0,0,1.6,0,.58,16,,2.9	½ cup~125|1 package~737
2375319	B	11	0,0,0,0,39200,0,0,0,0,0,0,0,0,,0	¼ tsp~1.2|1 package~1360
2597381	B	11	0,0,0,0,39200,0,0,0,0,0,0,0,0,,0	¼ tsp~1.2|1 package~1361
2386198	B	50	278,0,0,55.6,0,0,0,0,55.6,0,0,0,2220,,0	1 tsp~1.8|1 package~50
2124626	B	41	833,0,93.3,0,0,,13.3,0,,0,,,,,,66.7,10	1 tbsp~15
2209574	B	2	400,20,0,60,1000,20,0,0,0,0,2,600,600,,0	2 tsp~5|1 package~227
2381593	B	11	0,0,0,0,38600,0,0,0,0,0,0,0,0,,0	¼ tsp~1.4|1 package~142
2567721	B	88	367,13.3,5,73.3,1270,10,0,0,6.7,0,7,233,200,,0	¼ cup~30|1 package~567
2567726	B	32	48,.8,1.6,8,464,4.8,0,0,1.6,0,0,16,248,,0	½ cup~125|1 package~680
2414220	B	2	400,40,30,0,2000,0,20,100,0,0,0,1200,200,,0	2 tsp~5|1 package~454
2597382	B	75	400,20,0,60,1000,20,0,0,0,0,2,600,600,,0	2 tsp~5|1 package~227
2597384	B	2	400,40,30,0,2000,0,20,100,0,0,0,1000,200,,0	2 tsp~5|1 package~227
2616180	B	2	400,40,30,0,2400,0,20,100,0,0,0,1200,,0,,,,0	1 tbsp~5|1 package~227
2616181	B	2	400,20,20,0,2800,0,10,100,0,0,0,800,,0,,,,0	1 tbsp~5|1 package~227
2611404	B	2	400,40,30,0,2000,0,20,100,0,0,0,800,0,,0	2 tsp~5|1 package~227
2669442	B	50	0,0,0,0,0,0,0,0,0,0,0,0,0,,0	¼ tsp~.6|1 package~35
2297970	B	50	0,0,0,0,0,0,0,,0,0,0,0,0,,0	14 tsp~.4|1 package~35
2567717	B	88	367,13.3,5,73.3,1200,10,0,0,6.7,0,6.67,233,200,,0	¼ cup~30|1 package~369
2016022	B	45	77,5.38,0,13.8,346,0,0,0,3.1,0,1.38,31,,0	½ cup~130|1 package~425
2081933	B	45	85,5.38,.77,15.4,269,0,0,0,5.4,0,1.38,31,,0	½ cup~130|1 package~425
2597388	B	89	36,3.2,.8,3.2,352,1.6,0,8,.8,0,.8,17,128,,0	½ cup~125|1 package~298
2016018	B	45	85,6.92,0,13.8,331,.77,0,0,5.4,0,1.38,31,,0	½ cup~130|1 package~425
2611405	B	54	126,3.6,11.7,2.7,432,.9,1.8,9,0,0,.9,20,92,,0,2.7,7.21	½ cup~111|1 package~298
2445340	B	11	0,0,0,0,0,0,0,0,0,0,20,0,0,,0	¼ tsp~.5|1 package~35
2014036	B	88	382,14.7,4.41,70.6,1120,5.88,0,0,5.9,0,7.94,118,,0,,,,,4.71,1,.5,,176	¼ cup~34|1 package~425
2567716	B	88	367,13.3,5,73.3,1270,10,0,0,6.7,0,7,233,200,,0	¼ cup~30|1 package~369
2641539	B	88	333,13.3,0,70,967,6.67,0,0,3.3,0,6.67,67,200,,0	1/3 cup~30|1 package~198
2502815	B	11	0,0,0,0,0,0,0,0,0,0,0,0,0,,0	¼ tsp~.6|1 package~71
2567728	B	54	48,.8,1.6,8,60,4.8,0,0,1.6,0,0,16,240,,0	½ cup~125|1 package~680
2013894	B	32	48,.8,1.6,8,80,4,0,0,1.6,0,.29,16,,3.8	½ cup~125|1 package~737
2567722	B	32	48,.8,1.6,8,464,4.8,0,0,1.6,0,0,16,240,,0	½ cup~125|1 package~680
2567723	B	50	48,.8,1.6,8,600,4.8,0,0,1.6,0,0,16,240,,0	½ cup~125|1 package~680
2386209	B	50	0,0,0,100,0,0,0,0,0,0,0,2000,1000,,0	1 tsp~1|1 package~35
2567719	B	88	367,10,0,76.7,183,6.67,0,0,3.3,0,4.67,33,100,,0	1/3 cup~30|1 package~198
2217210	B	2	400,40,30,0,2000,0,20,100,0,0,0,1000,200,,0	2 tsp~5|1 package~227
2218815	B	2	400,40,30,0,2000,0,20,100,0,0,0,1200,200,,0	2 tsp~5|1 package~85
2015460	B	2	400,40,30,0,2400,0,20,100,0,0,0,800,,0	1 tbsp~5|1 package~113
1854214	B	32	48,.8,1.6,8.8,480,4,0,0,1.6,0,.29,16,,3.8	½ cup~125|1 package~737
2014862	B	7	36,0,0,10.7,1180,0,,,,0	1 serving~28|1 package~355
2597390	B	7	33,0,0,3.33,1400,0,0,0,3.3,0,0,67,67,,0	3 pieces~30|1 package~355
2567720	B	88	367,13.3,5,73.3,633,10,0,0,6.7,0,5,233,200,,0	¼ cup~30|1 package~567
2657198	B	88	367,10,0,76.7,183,6.67,0,0,3.3,0,4.67,33,100,,0	1/3 cup~30|1 package~198
2567737	B	139	444,11.1,16.7,63,1370,7.41,7.41,0,3.7,0,3.7,37,111,,0	¾ cup~27|1 package~227
2616182	B	7	89,1.79,7.14,7.14,321,0,0,0,1.8,0,1.29,0,0,4.3,0,,,0	1 serving~28|1 package~184
2567727	B	32	48,.8,1.6,8,464,4.8,0,0,1.6,0,0,16,240,,0	½ cup~125|1 package~680
2567718	B	88	367,13.3,5,73.3,1270,10,0,0,6.7,0,7,233,200,,0	¼ cup~30|1 package~454
1855394	B	2	400,40,30,0,2000,0,20,100,0,0,0,1000,200,,0	2 tsp~5|1 package~454
2597379	B	11	0,0,0,0,0,0,0,0,0,0,0,0,0,,0	¼ tsp~.7|1 package~70.9
2597378	B	11	0,0,0,0,0,0,0,0,0,0,0,0,0,,0	¼ tsp~.7|1 package~70.9
2381591	B	11	0,0,0,0,0,0,0,0,0,0,14.3,0,1430,,0	¼ tsp~.7|1 package~71
2284519	B	32	48,.8,1.6,8,464,4.8,0,0,1.6,0,0,16,240,,0	½ cup~125|1 package~680
1854307	B	88	367,13.3,3.33,70,1070,6.67,0,0,6.7,0,12,200,,0	¼ cup~30|1 package~510
2376094	B	11	0,0,0,0,36400,0,0,0,0,0,0,0,0,,0	¼ tsp~1.1|1 package~135
2386186	B	11	0,0,0,0,36000,0,0,0,0,0,40,0,0,,0	¼ tsp~1|1 package~135
2597392	B	2	393,32.1,25,3.57,1610,0,14.3,71,0,0,0,893,250,,0	¼ cup~28|1 package~142
2597393	B	2	393,32.1,25,3.57,1610,0,14.3,71,0,0,0,714,0,,0	¼ cup~28|1 package~142
2567724	B	32	48,.8,1.6,8,464,4.8,0,0,1.6,0,0,16,240,,0	½ cup~125|1 package~680
2567725	B	54	48,.8,1.6,8,464,4.8,0,0,1.6,0,0,16,240,,0	½ cup~125|1 package~680
2597380	B	54	48,.8,2.8,5.6,528,2.4,1.6,8,.8,0,0,16,184,,0	½ cup~125|1 package~680
2022020	B	88	361,11.1,2.78,75,556,5.56,0,0,11.1,0,7.5,0,,6.7	¼ cup~36|1 package~425
2475233	B	9	435,0,26.1,56.5,217,47.8,15.2,22,1.1,0,1.57,35,83,,4.35	1 piece~23|1 package~276
2412214	B	9	458,0,25,54.2,229,45.8,14.6,62,1,0,.42,42,83,,0	1 piece~24|1 package~276
2279302	B	31	26,2.56,.64,5.13,22,1.28,0,0,2.6,0,.96,56,,,0,0,0	1 cup~156|1 package~907
1899410	B	4	424,4.55,15.2,69.7,61,18.2,6.06,0,3,0,3.27,0,,0	9 cookies~33|1 package~66
2437038	B	42	125,0,0,35,0,30,0,0,0,,0,0,,45	1 tbsp~20|1 package~227
1873728	B	0	560,20,38,34,0,18,6,0,6,0,2.88,80,,0	1/3 cup~50|1 package~425
2510828	B	15	18,0,0,7.14,375,0,0,0,.9,0,0,0,,75	2 tbsp~28|1 package~453
2194597	B	0	500,7.14,32.1,53.6,821,28.6,14.3,89,3.6,0,0,71,107,,0	¼ cup~28|1 package~170
2216534	B	0	500,3.57,32.1,57.1,571,39.3,17.9,125,,0,0,0,71,,0	¾ cup~28|1 package~227
2422789	B	0	500,10.7,32.1,46.4,1430,7.14,5.36,18,7.1,0,3.57,214,214,,0	1 2/3 cup~28|1 package~184
1883276	B	42	125,0,0,35,0,30,0,0,0,0,0,0,,6	1 tbsp~20|1 package~227
2438790	B	42	125,0,0,35,0,25,0,0,5,,0,0,,12	1 tbsp~20|1 package~227
2098013	B	39	50,3.33,2.08,5,50,4.58,1.25,8,0,0,0,125,162,1,1.05	8 fl oz~240|1 package~3780
2652143	B	27	146,12.5,14.2,.89,536,,3.57,,0	1 serving~112|1 package~454
2062196	B	39	62,3.33,3.33,5,50,4.58,2.08,15,0,0,0,125,162,1,1.05	8 fl oz~240|1 package~3780
2165319	B	4	467,6.67,20,70,100,33.3,10,20,0,0,0,0,117,,0	½ cookie /~30|1 package~227
2593179	B	4	467,6.67,20,70,100,33.3,10,20,0,0,0,0,117	½ cookie~30|1 package~396
2508976	B	36	94,15.3,1.18,3.53,41,0,0,235,0,0,1.18,46,0,,0	1 serving~85|1 package~454
2091023	B	40	320,0,0,85,70,85,0,0,0,0,.9,50,,0	1 serving~20|1 package~85.1
2053110	B	40	283,0,0,66.7,167,33.3,0,0,16.7,0,0,0,,0	1 serving~6|1 package~29.6
2061262	B	40	283,0,0,66.7,167,33.3,0,0,16.7,0,0,0,,0	1 serving~6|1 package~29.6
1897034	B	40	320,0,0,85,70,85,0,0,0,0,.9,50,,0	1 serving~20|1 package~85.1
1974206	B	8	433,3.33,16.7,76.7,133,63.3,13.3,0,0,0,0,80,340,,0	2 tbsp~30|1 package~397
2147172	B	40	433,3.33,16.7,76.7,133,63.3,13.3,0,0,0,0,80,340,,0	2 tbsp~30|1 package~397
2298360	B	1	333,0,0,80,0,80,0,0,0,0,0,1640,0,,0	1 pieces~7.5|1 package~227
1974300	B	79	333,0,0,80,0,80,0,0,0,0,0,1640,0,,0	1 pieces~7.5|1 package~227
2149298	B	1	367,0,0,87.8,0,85.7,0,0,0,0,0,51,0,,0	1 package~49
2144826	B	40	433,3.33,16.7,76.7,133,63.3,13.3,0,0,0,0,80,340,,0	2 tbsp~30|1 package~397
2151681	B	1	367,0,0,87.8,0,85.7,0,0,0,0,0,51,0,,0	1 package~49
1903138	B	27	248,17.7,18.6,.88,796,0,6.19,58,0,0,.32,0,,2.1	1 link~113|1 package~1200
1903136	B	27	248,18.6,19.5,.88,832,0,6.19,58,.9,0,.32,0,,0	1 link~113|1 package~1200
2438535	B	27	265,14.3,22.4,2.04,694,0,8.16,41,0,,0,0,,0	1 serving~49|1 package~454
2048595	B	0	245,3.5,2.1,53.2,2,10.5,.7,0,4.9,0,.88,28,,26	1 serving~143|1 package~454
576930	B	41	800,0,93.3,0,0,,13.3,0,,0,,,,,,26.7,53.3	1 tbsp~15
496830	B	41	800,0,93.3,0,0,,20,0,,0,,,,,,66.7,10	1 tbsp~15
2147234	B	19	117,0,0,26.7,2030,20,0,0,0,0,1.2,67,,0	2 tbsp~30|1 package~237
1880147	B	53	0,0,0,.83,4,.42	1 cup~240|1 package~473
2068099	B	75	200,3.33,16.7,6.67,50,3.33,11.7,67,0,0,0,133,167,0	2 tbsp~30|1 package~454
2525949	B	151	375,14.3,4.46,69.6,18,3.57,.89,118,3.6,0,17.9,0,,0,0	1 serving~56
2102596	B	16	364,12.7,1.82,76.4,0,3.64,0,0,3.6,0,3.27,0,,0,,,,,5.46,1,.464,,218	½ cup~55|1 package~680
2525943	B	151	375,14.3,4.46,69.6,18,3.57,.89,118,3.6,0,17.9,0,,0,0	1 serving~56
2597504	B	91	382,14.6,4.55,70.9,36,3.64,.91,118,3.6,0,3.64,0,233,,0,,,,5.46,1,.364,,340	1/3 cup~55|1 package~340
2018057	B	91	400,14.6,5.45,72.7,27,3.64,1.82,118,3.6,0,3.27,36,,0,,,,,5.46,1,.309	1¾ cup~55|1 package~340
2597505	B	91	382,14.6,4.55,70.9,36,3.64,.91,118,3.6,0,3.64,0,233,,0,,,,5.46,1,.364,,351	1¼ cup~55|1 package~340
2021938	B	16	357,12.5,1.79,75,0,3.57,0,0,3.6,0,3.21,0,,0,,,,,5.36,1,.455,,214	1 serving~56|1 package~454
2602551	B	16	357,12.5,1.79,73.2,0,3.57,0,0,3.6,0,3.57,2,229,,0,,,,5.36,1,.357,,207	1 serving~56|1 package~567
2602552	B	16	364,12.7,1.82,74.6,0,3.64,0,0,3.6,0,3.64,0,233,,0,,,,5.46,1,.364,,211	½ cup~55|1 package~567
2630320	B	16	364,12.7,1.82,74.6,0,3.64,0,0,3.6,0,3.64,0,233,,0,,,,5.46,1,.364,,351	¾ cup~55|1 package~567
2171709	B	16	357,12.5,1.79,73.2,0,3.57,0,0,3.6,0,3.21,0,,0,,,,,5.36,1,.304	1 serving~56|1 package~907
2160759	B	16	357,12.5,1.79,75,0,3.57,0,0,3.6,0,3.21,0,,0,,,,,5.36,1,.455,,214	1 serving~56|1 package~454
2014796	B	91	382,14.6,4.55,70.9,36,3.64,.91,109,3.6,0,3.27,36,,0,,,,,5.46,1,.309	1¼ cup~55|1 package~340
2525946	B	151	375,14.3,4.46,69.6,18,3.57,.89,118,3.6,0,17.9,0,,0,0	1 serving~56
2653737	B	91	382,14.6,4.55,70.9,36,3.64,.91,109,3.6,0,3.27,36,,0,,,,0,5.46,1,.309,,371	1½ cup~55|1 package~340
2525945	B	151	357,12.5,1.79,73.2,0,3.57,0,0,1.8,0,17.9,0,,0,0	1 serving~56
2525951	B	151	375,14.3,4.46,69.6,18,3.57,.89,118,3.6,0,17.9,0,,0,0	1 serving~56
2525944	B	151	375,14.3,4.46,69.6,18,3.57,.89,118,3.6,0,17.9,0,,0,0	1 serving~56
2525947	B	151	375,14.3,4.46,69.6,18,3.57,.89,118,3.6,0,17.9,0,,0,0	1 serving~56
2657480	B	91	382,14.6,4.55,70.9,36,3.64,.91,109,3.6,0,3.27,36,,0,,,,0,5.46,1,.309,,371	1¼ cup~55|1 package~340
2525950	B	151	375,14.3,4.46,69.6,18,3.57,.89,118,3.6,0,17.9,0,,0,0	1 serving~56
2160676	B	31	29,1.18,0,4.71,29,2.35,0,0,1.2,0,0,0,,24.7	¾ cup~85|1 package~1820
2062993	B	16	357,12.5,1.79,75,0,3.57,0,0,3.6,0,3.21,0,,0,,,,,5.36,1,.455,,214	1 serving~56|1 package~375
2021365	B	16	357,12.5,1.79,75,0,3.57,0,0,3.6,0,3.21,0,,0,,,,,5.36,1,.455	1 serving~56|1 package~454
2525952	B	151	321,10.7,1.79,64.3,0,3.57,0,0,1.8,0,17.9,0,,0,0	1 serving~56
2525948	B	151	375,14.3,4.46,69.6,18,3.57,.89,118,3.6,0,17.9,0,,0,0	1 serving~56
2034050	B	129	158,0,0,40,26,35.8,0,0,1.1,0,0,0,,1.3	1/3 cup~95|1 package~1130
2034110	B	129	179,0,0,44.2,16,34.7,0,0,1.1,0,.38,0,,2.5	1/3 cup~95|1 package~1160
2455832	B	129	158,0,0,39,11,30.5,0,0,2.1,0,1.14,21,,1.3	.3 cup~95|1 package~1160
2033994	B	129	147,0,0,39,26,25.3,0,0,1.1,0,0,0,,37.9	1/3 cup~95|1 package~1160
2437126	B	42	300,0,0,70,50,50,,0	1 tbsp~20|1 package~340
2439441	B	42	300,0,0,70,25,45	1 tbsp~20|1 package~340
1868783	B	42	300,0,0,70,25,45	1 tbsp~20|1 package~794
2627735	B	42	250,0,0,65,0,60,0,0,0,0,0,0,,6,,,,0	1 tbsp~20|1 package~794
2510830	B	55	64,.71,.36,15.7,0,12.9,0,0,2.1,0,.36,13,221,7.1,0	1 cup~140|1 package~1134
2160565	B	55	53,.71,.46,12.9,1,10.7,0,0,2.1,0,.26,14,,46.3	¾ cup~140|1 package~1820
2609024	B	55	57,.71,.36,15,0,13.6,0,0,1.4,0,.14,14,171,35.7,0	1 cup~140|1 package~1134
2369246	B	55	57,.71,.36,15,0,8.57,0,0,2.1,,.43,7,186,17.9,0	1 cup~140|1 package~1134
2432725	B	55	39,.65,0,9.74,0,8.44,0,0,1.3,0,.26,6,188,,0	1 cup~154|1 package~1820
2449680	B	55	86,.71,0,20.7,0,18.6,0,0,1.4,0,.26,14,,34.3,0	½ cup~140|1 package~453
2275324	B	20	57,.71,.46,13.6,0,,0,0,5,0,.57,21,114,10.7,0	1 cup~140|1 package~1134
2369112	B	55	57,.71,.36,15.7,0,10.7,0,0,,0,357,14,,32.9,0	1 cup~140|1 package~1134
1889359	B	55	57,.71,0,13.6,7,9.29,0,0,2.9,0,.26,0,,2.6	1 cup~140|1 package~1130
2432605	B	25	12,.59,0,2.65,76,1.18,,,.6,,.29,31,91,3.5	11 fl oz~340
2508551	B	10	13,.85,0,2.54,85,.85,,,.8,,.42,45,131,9.3	1 serving~236
537524	B	10	42,.85,0,9.75,13,8.9,,,0,,,,144,30.5	8 fl oz~236
1907281	B	10	51,.85,0,11.9,19,9.75,0,0,.8,0,1.14,8,136,12.7	8 fl oz~236|1 package~450
2038852	B	25	47,0,0,11.4,8,9.32,0,0,0,0,.15,0,102,2.5	8 fl oz~236|1 package~450
2084792	B	10	30,.85,0,5.93,36,4.24,0,0,.4,0,.99,21,250,11.9	8 fl oz~236|1 package~450
2061541	B	10	38,0,0,9.75,28,7.63,0,0,.4,0,.15,17,136,10.2	8 fl oz~236|1 package~450
2437319	B	10	38,.42,0,9.32,0,6.78,,,0,,,8,161,25.4	8 fl oz~236|1 package~1420
2433031	B	10	29,.59,0,7.65,0,6.18,,,.3,,.29,7,112,5.3	11 fl oz~340
2491313	B	10	59,.42,.64,13.6,6,8.9,0,0,1.3,0,.31,8,106,3.8,,,,,4.24,3,2.45,2.71,,,,,,2.33	8 fl oz~236|1 package~450
2074649	B	10	55,.85,.21,12.7,15,11,0,0,.8,0,.31,8,208,17.8	8 fl oz~236|1 package~450
1907279	B	10	47,.42,0,11.9,4,10.6,0,0,.4,0,.15,0,40,8.9	8 fl oz~236|1 package~450
1901356	B	117	19,.42,0,4.24,102,2.12,0,0,1.3,0,.46,34,229,12.7,,,,,,,,,,14,,,,,0	8 fl oz~236|1 package~450
2081293	B	10	51,0,0,12.3,2,11,0,0,0,0,0,8,21,11.4	8 fl oz~236|1 package~450
1910073	B	10	30,.42,0,6.78,51,5.08,0,0,.4,0,.84,17,275,2	8 fl oz~236|1 package~450
1901359	B	10	47,0,0,11.9,4,10.6,0,0,0,0,0,8,32,3.8	8 fl oz~236|1 package~450
1901353	B	18	64,0,0,16.1,2,14.8,0,0,0,0,0,0,23,6.4	8 fl oz~236|1 package~450
2437159	B	10	59,.85,.21,13.1,8,10.6,,,.4,,.42,8,146,3.8	8 fl oz~236|1 package~1420
1901358	B	10	55,.85,0,12.7,8,10.2,0,0,.8,0,.46,8,161,10.2	8 fl oz~236|1 package~450
2455955	B	39	81,4.66,1.69,12.3,13,9.75,1.06,0,1.7,0,.76,17,284,17.8	8 fl oz~236|1 package~450
1901374	B	10	47,.85,.42,11,8,8.05,0,0,.8,0,.31,8,85,40.7	8 fl oz~236|1 package~450
1901369	B	10	47,.42,0,10.6,13,8.47,0,0,.8,0,.46,25,136,135	8 fl oz~236|1 package~450
2084788	B	10	38,.42,0,9.32,0,6.78,0,0,.4,0,.23,8,161,35.6	8 fl oz~236|1 package~450
2038964	B	10	30,.42,0,7.2,42,5.51,0,0,0,0,.15,8,76,3.8	8 fl oz~236|1 package~450
2508550	B	10	59,.42,1.06,12.7,4,10.2,.85,,.8,,,7,80,17.8	8 fl oz~236|1 package~1420
2437285	B	10	42,.85,0,9.75,13,8.9,,,1.7,,,11,144,30.5	8 fl oz~236|1 package~1420
2666562	B	25	47,0,0,11,8,9.32,,,0,,,,87,2	8 fl oz~236|1 package~1420
2074698	B	10	30,.42,0,7.2,38,5.93,0,0,0,0,1.14,17,284,0	8 fl oz~236|1 package~1890
1907880	B	18	38,0,0,9.75,0,8.47,0,0,0,0,0,0,47,11.4	8 fl oz~236|1 package~450
1907286	B	10	34,0,0,8.9,0,8.05,0,0,0,0,0,0,17,5.1	8 fl oz~236|1 package~1890
1901371	B	10	51,.42,0,11.9,6,9.32,0,0,1.3,0,.31,8,131,10.2	8 fl oz~236|1 package~450
1901367	B	10	51,.42,0,12.3,21,10.2,0,0,.8,0,.15,8,148,17.8	8 fl oz~236|1 package~450
1948789	B	25	81,4.66,1.48,12.7,25,11,.64,0,1.3,0,1.14,8,195,.5	8 fl oz~236|1 package~450
1901379	B	10	51,.42,0,13.1,8,10.2,0,0,.4,0,.15,8,68,3.8	8 fl oz~236|1 package~450
1916115	B	10	30,.42,0,7.2,38,5.93,0,0,0,0,1.14,17,284,0	8 fl oz~236|1 package~450
1910069	B	10	42,.85,0,9.75,13,8.9,0,0,1.7,0,.15,8,144,38.1	8 fl oz~236|1 package~450
2078010	B	18	38,0,0,9.75,0,8.47,0,0,0,0,0,0,25,8.9	8 fl oz~236|1 package~1890
2074659	B	10	51,.42,0,12.7,11,9.75,0,0,.8,0,.15,25,127,134	8 fl oz~236|1 package~450
1908653	B	10	42,.42,0,9.75,0,9.32,0,0,0,0,.15,17,169,30.5	8 fl oz~236|1 package~1890
1910074	B	10	13,.85,0,2.54,85,.85,0,0,.8,0,.38,42,114,7.6	8 fl oz~236|1 package~450
1910098	B	10	59,.85,.28,13.6,6,11,0,0,.8,0,.23,8,123,8.1	8 fl oz~236|1 package~450
2094236	B	28	143,21.4,4.46,3.57,1000,1.79,1.79,62,0,0,1.93,36,,42.9	1 serving~56|1 package~170
2073803	B	28	125,19.6,4.46,3.57,875,3.57,1.79,54,0,0,.64,0,,0	1 serving~56|1 package~170
2179777	B	28	125,17.9,4.46,3.57,1000,1.79,1.79,54,0,0,.64,0,,0	1 serving~56|1 package~170
2163588	B	12	482,28.6,25,32.1,857,30.4,8.93,80,0,0,0,0,,0	1 serving~56
2011262	B	28	321,25,21.4,3.57,1570,0,7.14,89,0,0,1.29,0,,0	1 serving~28|1 package~228
2535440	B	28	312,20.8,20.8,6.25,1650,4.17,7.29,83,0,0,1.5,42,,0	1 package~48
2616575	B	7	464,28.6,21.4,35.7,839,35.7,7.14,80,0,0,0,0,,0,,,,0	1 serving~56
2616576	B	7	446,30.4,19.6,35.7,893,30.4,5.36,89,0,0,0,0,,0,,,,0	1 serving~56
2657560	B	28	321,21.4,21.4,7.14,1640,3.57,7.14,89,0,0,1.29,71,,8.6,,,,64	1 serving~28
2531974	B	87	286,25,17.9,7.14,1750,3.57,7.14,89,0,0,1.29,71,,0	1 serving~28|1 package~354
2030538	B	27	321,25,21.4,3.57,1500,0,7.14,89,0,0,1.29,0,,4.3	1 serving~28|1 package~284
2616571	B	28	321,25,21.4,3.57,1500,0,7.14,89,0,0,2.57,0,,64.3,,,,321	1 serving~28|1 package~227
2168533	B	28	286,28.6,17.9,3.57,2000,3.57,5.36,89,0,0,1.29,71,,0	5 slices~28|1 package~85
2060181	B	28	393,28.6,28.6,0,1570,0,10.7,89,0,0,1.29,0,,85.7	1 serving~28|1 package~85
2092868	B	19	200,0,0,20,1500,,,,20	1 tsp~5|1 package~241
2092872	B	28	536,10.7,53.6,0,1320,0,21.4,71,0,0,0,0,,0	1 serving~28|1 package~142
1850522	B	19	200,0,0,20,1200	1 tsp~5|1 package~241
2186795	B	28	357,25,25,0,1460,0,8.93,89,0,0,1.29,0,,85.7	1 serving~28|1 package~85
2535435	B	28	292,25,20.8,2.08,1650,2.08,7.29,83,0,0,1.5,42,,43.8	1 package~48
2094237	B	28	306,22.5,23.4,.9,1040,0,12.6,77,0,0,.32,360,,16.2	6 pieces~111
2531970	B	78	286,25,21.4,3.57,1640,0,7.14,89,0,0,1.29,0,,42.9	1 serving~28|1 package~113
1850526	B	2	393,21.4,32.1,0,750,0,21.4,89,0,0,0,714,,0	1 serving~28|1 package~227
1997891	B	28	107,21.4,0,1.79,839,0,0,54,0,0,1.29,0,,0	1 serving~56|1 package~170
2007941	B	19	300,0,0,40,900,40	1 tsp~5|1 package~269
2092869	B	35	464,0,42.9,10.7,679,7.14,7.14,54	2 tbsp~28|1 package~248
2112304	B	28	333,22.2,25,0,1030,0,12.5,83,0,0,0,417,,16.7	2 pieces~36
2066871	B	28	315,23.4,22.5,3.6,1150,0,10.8,90,0,0,3.24,360,,54.1	1 package~111
2060184	B	28	357,25,25,0,1540,0,8.93,71,0,0,1.29,0,,64.3	1 serving~28|1 package~85
2535439	B	28	286,21.4,17.9,3.57,1500,3.57,5.36,71,0,0,1.29,71,,0	1 serving~28|1 package~113
2679947	B	28	321,21.4,25,7.14,1640,3.57,8.93,89,0,0,1.29,71,,0,,,,0	1 serving~28|1 package~340
2110724	B	28	405,27,32.4,3.6,1070,1.8,17.1,104,0,.9,3.24,541,,0	6 pieces~111
1888396	B	28	286,25,17.9,7.14,1710,3.57,7.14,89,0,0,1.29,71,,0	1 serving~28|1 package~227
2029365	B	28	214,28.6,10.7,3.57,1890,0,3.57,107,0,0,1.29,71,,0	8 slices~28|1 package~142
2163587	B	77	464,28.6,21.4,35.7,839,35.7,7.14,80,0,0,0,0,,0	1 serving~56
1850525	B	2	393,25,32.1,3.57,643,0,17.9,107,0,0,0,714,,0	1 serving~28|1 package~227
2543005	B	28	107,23.2,0,1.79,607,0,0,54,0,0,1.29,0,,0	1 serving~56|1 package~170
2169214	B	64	250,14.3,21.4,0,1140,,10.7,107,0,0,0,0,,0	1 serving~14|1 package~907
2679926	B	28	321,21.4,25,7.14,1610,3.57,8.93,71,0,0,1.29,71,,0,,,,0	1 serving~28|1 package~284
1997894	B	28	107,21.4,0,1.79,839,0,0,54,0,0,1.29,0,,0	1 serving~56|1 package~170
1998348	B	2	351,24.3,26.1,1.8,,.9,14.4,,0,0,.65,405,,32.4	6 pieces~111
2029624	B	23	741,3.7,81.5,3.7,481,,14.8,74	2 tbsp~27|1 package~206
2173522	B	77	446,30.4,19.6,35.7,893,30.4,5.36,89,0,0,0,0,,0	1 serving~56
1851997	B	28	321,25,21.4,0,1570,0,7.14,89,0,0,1.29,0,,0	1 serving~28|1 package~228
2011263	B	28	321,25,21.4,3.57,1570,0,7.14,89,0,0,1.29,0,,0	1 serving~28|1 package~228
2286388	B	28	250,17.9,17.9,0,964,0,7.14,54,0,0,1.29,0,,32.1	1 serving~28|1 package~85
2623456	B	28	286,25,21.4,3.57,1640,0,7.14,89,0,0,1.29,0,,75,,,,0	1 serving~28|1 package~113
2029348	B	28	214,28.6,10.7,0,1640,0,3.57,89,0,0,0,0,,0	1 serving~28|1 package~85
2060186	B	28	286,32.1,16.1,0,2140,,7.14,89,,0,,,,,,,,,,1	2 slices~28|1 package~113
2066872	B	28	261,23.4,18.9,1.8,1290,0,9.01,81,0,0,.65,360,,0	1 serving~111
2569546	B	28	179,28.6,10.7,0,1390,,7.14,89,,0,1.29	1 serving~28|1 package~85.1
1850524	B	2	357,25,28.6,3.57,714,0,16.1,71,0,0,0,714,,12.9	1 serving~28|1 package~227
2113855	B	28	125,17.9,2.68,3.57,875,1.79,0,54,0,0,1.29,0,,0	1 serving~56|1 package~170
2156738	B	28	393,25,28.6,0,1610,0,10.7,89,0,0,1.29,71,,0	1 serving~28|1 package~255
2007942	B	28	143,23.2,5.36,1.79,339,0,1.79,71,0,0,1.93,36,,0	1 serving~56|1 package~170
2616572	B	27	393,25,28.6,0,1610,0,10.7,89,0,0,1.29,71,,0,,,,0	1 serving~28|1 package~255
1997897	B	28	143,21.4,4.46,3.57,1000,1.79,1.79,62,0,0,1.93,36,,42.9	1 serving~56|1 package~170
2094238	B	28	315,22.5,23.4,.9,1020,0,12.6,77,0,0,.32,360,,16.2	6 pieces~111
2616569	B	28	321,21.4,25,3.57,1570,0,8.93,89,0,0,1.29,0,,42.9,,,,0	1 serving~28|1 package~227
1968129	B	28	321,25,25,3.57,1500,3.57,8.93,71,0,0,1.29,71,,85.7	1 serving~28|1 package~113
2316339	B	28	107,21.4,0,1.79,839,0,0,54,0,0,1.29,0,,0	1 serving~56|1 package~170
1850523	B	28	107,19.6,2.68,1.79,857,0,.89,54,0,0,.64,0,,0	2 slices~56|1 package~170
2094232	B	28	125,17.9,4.46,1.79,1000,0,1.79,54,0,0,.64,0,,0	1 serving~56|1 package~170
1932870	B	28	125,17.9,4.46,3.57,1000,1.79,1.79,54,0,0,.64,0,,0	1 serving~56|1 package~170
2369272	B	28	321,21.4,21.4,7.14,1640,3.57,7.14,89,0,0,1.29,71,,8.6	1 serving~28|1 package~113
1902697	B	25	71,1.23,1.54,12.6,77,11.4,1.08,6,.6,0,0,62,71,0	11 fl oz~325
2088665	B	25	52,1.23,1.23,8.92,43,8,.92,6,.6,0,.11,46,108,0	11 fl oz~325
2628760	B	25	71,1.54,1.54,12.6,80,11.4,1.08,6,.6,0,.11,62,86,0,,,,11	11 fl oz~325
2216567	B	28	125,17.9,4.46,3.57,1000,1.79,1.79,54,0,0,.64,0,,0	1 serving~56|1 package~170
2165532	B	93	353,20,16.5,28.2,953,2.35,8.24,53,1.2,0,1.69,353,,5.6	1 serving~85
1928666	B	28	321,25,21.4,3.57,1640,3.57,7.14,89,0,0,1.29,71,,0	1 serving~28|1 package~227
1927949	B	93	306,22.2,25,0,1030,0,12.5,83,0,0,0,417,,16.7	2 pieces~36
1932871	B	28	107,21.4,0,1.79,839,0,0,54,0,0,1.29,0,,0	1 serving~56|1 package~170
1916377	B	28	125,21.4,0,7.14,839,5.36,0,54,0,0,1.29,0,,0	1 serving~56|1 package~680
2535437	B	28	571,10.7,57.1,0,1640,0,21.4,71,0,0,1.29,0,,0	1 serving~28|1 package~142
2104914	B	28	179,28.6,10.7,0,1390,,7.14,89,,0,1.29	1 serving~28|1 package~85
1941095	B	28	270,23.4,18,0,1310,0,10.8,59,0,0,.32,360,,0	6 pieces~111
1927859	B	28	278,22.2,19.4,0,1310,0,11.1,56,0,0,0,417,,0	2 pieces~36
2181708	B	28	125,17.9,2.68,3.57,875,1.79,0,54,0,0,1.29,0,,0	1 serving~56|1 package~170
1950255	B	83	159,19.9,8.61,1.32,258,.66,2.32,70,0,.33,1.19,26,,0	1 serving~151|1 package~1503
1934799	B	28	321,25,25,3.57,1540,3.57,8.93,71,0,0,1.29,0,,85.7	1 serving~28|1 package~113
1932869	B	28	125,17.9,4.46,1.79,1000,0,1.79,54,0,0,.64,0,,0	1 serving~56|1 package~170
1936363	B	28	321,25,25,3.57,1540,3.57,8.93,71,0,0,1.29,0,,85.7	1 serving~28|1 package~113
2642321	B	54	0,0,0,0,0,,0,0,0,0	1 tbsp~15|1 package~376
414164	B	41	800,0,93.3,0,,,13.3,0,,0,,,,,,66.7,13.3	1 tbsp~15
2082754	B	41	800,0,93.3,0,0,,13.3,,,0,,,,,,66.7,10	1 tbsp~15|1 package~500
1909821	B	54	0,0,0,0,0,,0,0,0,0	1 tbsp~15|1 package~375
2270817	B	54	160,0,0,40,33,40,0,,,0	1 tbsp~15|1 package~250
1662966	B	54	0,0,0,0,0,,,,,0	1 tbsp~15
2115532	B	61	340,6.38,0,78.7,0,0,0,0,2.1,0,1.53,0,,0,,,,,.851,0	¼ cup~47|1 package~2260
1937476	B	61	340,6.38,0,78.7,0,0,0,0,2.1,0,1.53,0,,0,,,,,.851,0	¼ cup~47
1920977	B	74	250,6.25,3.12,48.4,859,6.25,.78,0,1.6,0,2.81,0,,0	3 biscuits~64|1 package~212
1884254	B	12	475,12.5,30,42.5,238,25,3.75,0,7.5,0,3.6,100,500,3	1 serving~40|1 package~585
2154441	B	25	0,0,0,0,0,0	1 serving~236
1914780	B	116	500,7.14,25,64.3,1110,14.3,10.7,0,3.6,0,1.29,71	1 serving~28|1 package~425
1914701	B	0	464,7.14,17.9,71.4,964,17.9,10.7,0,3.6,0,1.29,71	1 serving~28|1 package~170
2092162	B	5	464,7.14,17.9,67.9,1070,14.3,10.7,0,3.6,0,1.29,143,,4.3,,,,,,,.364	1 serving~28|1 package~425
1914779	B	12	500,7.14,25,64.3,1290,10.7,10.7,0,3.6,0,1.29,71	1 serving~28|1 package~425
2576855	B	5	464,7.14,17.9,71.4,1290,14.3,8.93,0,0,0,2.14,107,429,,0	1 serving~28|1 package~85.1
2576845	B	5	464,7.14,16.1,67.9,1290,14.3,10.7,0,3.6,0,1.29,71,,,,,,64	1 serving~28|1 package~179
2500003	B	5	464,7.14,17.9,71.4,964,17.9,10.7,0,3.6,0	1 serving~28|1 package~170
2576853	B	5	464,7.14,17.9,67.9,1000,14.3,10.7,0,0,0,2.14,143,464,,0	9 pieces~28|1 package~383
2672832	B	116	500,7.14,25,64.3,1110,14.3,10.7,0,3.6,0,1.29,71,,,,,,64	1 serving~28|1 package~179
2576846	B	5	464,7.14,17.9,67.9,1070,14.3,10.7,0,3.6,0,1.29,143,,,,,,64,,,.364	1 serving~28|1 package~1429
2289957	B	0	464,7.14,17.9,71.4,929,21.4,10.7,0,3.6,0,1.29,71	1 serving~28|1 package~170
2576854	B	29	500,7.14,25,64.3,1070,10.7,10.7,0,0,0,2.14,143,393,,0	9 pieces~28|1 package~179
2576849	B	12	464,7.14,17.9,71.4,1040,10.7,10.7,0,0,0,2.5,107,393,,0	1 serving~28|1 package~179
2673388	B	12	464,7.14,17.9,67.9,1360,10.7,8.93,0,0,0,2.5,143,429,,0	9 pieces~28|1 package~179
2672831	B	12	500,7.14,25,64.3,1070,14.3,10.7,0,3.6,0,1.29,71,,,,,,64	1 serving~28|1 package~179
2672833	B	5	464,7.14,17.9,67.9,1110,14.3,10.7,0,3.6,0,1.29,71,,,,,,64	1 serving~28|1 package~179
2576852	B	5	464,7.14,17.9,71.4,1070,10.7,10.7,0,0,0,2.5,107,393,,0	1 serving~28|1 package~179
2576851	B	29	500,7.14,21.4,64.3,1110,14.3,10.7,0,0,0,2.14,107,357,,0	1 serving~28|1 package~170
1459823	B	124	107,26.8,.89,0,6640,0,0,54,0,0,1.14,179,0,5.4,0,0,0	1 serving~56
633282	B	18	41,0,0,10.6,17,8.24	1 bottle~170
633280	B	18	35,0,0,8.82,14,7.06	1 bottle~170
633284	B	18	35,0,0,8.24,17,5.88	1 bottle~170
499158	B	18	35,0,0,8.24,18,5.88	1 bottle~170
2167787	B	13	385,28.8,13.5,44.2,269,19.2,2.88,10,13.5,0,2.08,154,,0	1 bar~52|1 package~624
2090604	B	13	390,30,15,40,210,18,9,10,6,0,2.88,160,190,18,,,,,3.2,,.204,.6,120,32,200,1.8,1.2,1.2,0,.4,3	1 bar~50
2146172	B	13	385,28.8,13.5,44.2,269,19.2,2.88,10,13.5,0,2.08,154,,0	1 bar~52
2146181	B	13	392,29.4,13.7,45.1,275,21.6,1.96,10,13.7,0,2.12,196,,0	1 bar~51
2130474	B	13	396,28.3,15.1,47.2,245,18.9,5.66,28,15.1,0,2.72,377,,0	1 bar~53
2116808	B	61	356,6.67,0,80,0,0,0,0,0,0,2.4,0,,0,,,,,3.56,0	¼ cup~45
2402718	B	61	340,6.38,0,76.6,0,0,0,0,0,0,2.3,0,,0,,,,,3.4,0,,,170	¼ cup~47
2673866	B	61	356,6.67,0,80,0,0,0,0,2.2,0,2.22,0,0,,0,,,,4.44,0,,,157	¼ cup~45|1 package~794
1931190	B	0	479,13.8,24.1,55.2,410,0,3.45,0,10.3,0,2.48,0,,0	1 serving~29|1 package~113
1036451	B	2	214,10.7,14.3,10.7,929,0,5.36,36,0,0,0,286,,4.3	2 tbsp~28
2016673	B	89	79,4.17,2.08,11.2,379,0,.62,4,0,0,.75,0,,0	1 cup~240|1 package~425
1892431	B	112	70,7.75,1.41,5.63,500,0,.35,21,0,0,.25,0,,0	1 can~142
2016664	B	112	118,18.1,2.36,6.3,315,2.36,.79,59,.8,0,1.42,0,,0	1 can~127
2016656	B	89	48,2.64,.22,8.81,361,0,0,7,.9,0,.79,18,,0	1 cup~227|1 package~425
2016264	B	54	80,12.5,1.79,5.36,589,0,0,36,0,0,.64,0,,0	1 serving~56|1 package~127
1887110	B	2	200,13.3,16.7,3.33,600,3.33,10,50,0,0,0,333,,16	2 tbsp~30|1 package~283
2400338	B	22	400,0,0,100,0,80,0,0,10,0,0,0,900,,0	1 bag~10
2476321	B	72	100,2.92,3.75,13.8,38,7.5,.42,4,.4,0,1.12,104,129,10,1.68,2.5,.62,,.833,0,.212,.25,25,17,83,.62,.62,.521,0,.083,3,6.7	1 bottle~240|1 package~3790
2400269	B	22	400,0,0,80,0,53.3,0,0,13.3,0,0,200,0,,0	1 bag~7.5
1929351	B	82	142,1.18,5.88,18.8,0,11.8,5.29,0,1.2,0,2.12,24,,0	1 serving~85|1 package~227
2091708	B	26	242,10.9,10.2,29.7,438,0,2.34,23,0,0,1.12,47,,0	3 tacos~128|1 package~510
2091711	B	26	212,9.09,8.08,28.3,788,2.02,2.02,15,2,0,1.45,152,,3.6	1 roll~99|1 package~595
2091713	B	111	180,8,5,25,550,3,1,20,1,0,1.44,40,,6	1 flauta~100|1 package~1190
2090141	B	21	176,8.82,10,12.9,324,.59,2.94,24,1.8,0,.85,24,,2.1	½ container~170|1 package~340
2074467	B	21	310,14.2,12.4,34.5,611,.88,5.31,35,1.8,0,2.39,177,,0	1 quesadilla~113|1 package~907
2382535	B	5	364,9.09,4.55,72.7,500,0,1.82,0,9.1,0,2.73,68,277,,0	2 pieces~22|1 package~264
1974287	B	25	6,0,0,1.41,0,1.41	1 serving~355
2049678	B	25	17,0,0,4.22,0,4.22	1 serving~237
1974346	B	25	7,0,0,1.69,0,1.69	1 serving~355
1975790	B	25	8,0,0,2.25,0,2.25	1 serving~355
2048676	B	25	13,0,0,3.38,0,3.38	1 serving~237
2048785	B	25	17,0,0,4.64,0,4.64	1 serving~237
415145	B	25	13,0,0,3.38,0,3.38	1 serving~237
2539213	B	5	536,7.14,28.6,60.7,393,7.14,3.57,0,3.6,0,0,0,1040,,0,7.14,17.9	1 serving~28|1 package~198
2116914	B	65	0,0,0,0,0,0	1 tea bag~6|1 package~148
2155294	B	65	0,0,0,0,0,0	1 serving~2|1 package~106
2115674	B	65	0,0,0,0,0,0	1 serving~7|1 package~170
2658394	B	65	0,0,0,0,0,0	1 serving~7|1 package~340
2155331	B	65	0,0,0,0,0,0	1 tea bag~2|1 package~226
2398555	B	73	0,0,0,100,0,100,0,,,0	1 packet~1|1 package~200
2497737	B	70	500,0,25,50,0,0,0,,,0,,,900	1 tsp~2|1 package~311
2398556	B	70	500,0,0,100,0,0,0,,,0,,,850	1 tsp~2|1 package~312
2268044	B	25	57,1.48,.86,10.9,49,10.1,.49,4,0,0,.12,54,188,,0	13.7 fl oz~405
2671535	B	25	49,1.48,.49,10.1,52,9.88,.25,2,0,0,0,44,86,,0	13.7 fl oz~405
2375793	B	25	60,1.6,2,9.2,40,8,1.2,8,0,0,.08,56,212,,0	8½ fl oz~250
2533899	B	25	62,1.54,2.05,9.74,38,8.21,1.28,8,0,0,.1,62,221,,.15	1 can~195
2658371	B	73	375,0,0,100,0,100,0,,,0	1 tsp~4|1 package~454
1981735	B	70	500,0,25,50,0,0,0,,,0,,,900	1 tsp~2|1 package~454
1040803	B	70	500,0,25,50,0,0,0,,,0,,,900	1 tsp~2
2134674	B	25	57,1.48,.86,11.1,42,10.4,.49,4,0,0,0,54,183,,0	13.7 fl oz~405
2671536	B	25	49,1.48,.49,10.1,52,9.88,.25,2,0,0,0,44,74,,0	13.7 fl oz~405
1883309	B	16	357,14.3,2.68,73.2,0,0,0,0,14.3,0,3.21,36,,0	1 serving~56|1 package~284
1883314	B	16	333,10.5,1.75,75.4,0,0,0,0,12.3,0,4.74,35,421,0	1 serving~57|1 package~284
1883311	B	16	351,12.3,1.75,73.7,9,1.75,0,0,8.8,0,3.16,35,491,2.1	1 serving~57|1 package~397
1883313	B	16	333,12.3,1.75,70.2,0,0,0,0,12.3,0,3.16,35,368,0	1 serving~57|1 package~284
1883316	B	16	333,10.5,1.75,75.4,0,0,0,0,12.3,0,4.74,35,421,0	1 serving~57|1 package~284
1883310	B	16	368,14,1.75,71.9,9,1.75,0,0,12.3,0,3.16,35,351,0	1 serving~57|1 package~284
1883315	B	81	333,12.3,1.75,70.2,0,0,0,0,12.3,0,3.16,35,368,0	1 serving~57|1 package~283
1883312	B	16	333,10.5,1.75,75.4,0,0,0,0,12.3,0,4.74,35,421,0	1 serving~57|1 package~284
2156208	B	122	333,0,0,86.7,67,66.7,0,0,0,0,3.33,67,433,,0	1 tbsp~15|1 package~250
2438981	B	23	213,0,0,46.7,13,46.7,0,0,0,,0,27,,0	1 tbsp~15|1 package~100
2656163	B	18	53,.28,0,12.2,1,12.2,,,0,,.06,,33	12 fl oz~360|1 package~750
2601707	B	91	375,14.3,5.36,66.1,45,3.57,1.79,205,3.6,0,1.79,50,214,,0	1 serving~56|1 package~283
2428449	B	32	80,.8,7.2,3.2,240,3.2,1.2,0,.8,0,.29,8,196,,0	½ cup~125|1 package~500
2433591	B	32	80,.8,7.2,3.2,160,3.2,1.2,0,.8,0,.29,0,196,,0	½ cup~125|1 package~500
2338284	B	91	375,14.3,5.36,66.1,45,3.57,1.79,205,3.6,0,1.79,50,214,,0	1 serving~56|1 package~283
2048860	B	10	54,.83,0,12.1,0,9.58	8 fl oz~240
2032209	B	37	125,7.69,8.46,4.62,575,2.31,1.54,0,2.3,0,1.94,23,,0	½ can~130|1 package~285
2028732	B	37	52,1.54,3.08,4.62,538,1.54,1.54,0,1.5,0,2.22,23,,0	½ can~130|1 package~285
2067578	B	82	307,4.42,12.4,43.4,181,31.9,7.96,118,.9,.88,1.12,44,,0	1 serving~113|1 package~454
2038898	B	74	246,15.3,20,1.18,611,1.18,3.53,0,1.2,0,1.91,12,,0	1/3 can~85|1 package~285
2170686	B	82	404,6.38,20.2,55.3,144,42.6,11.7,96,4.3,0	1 slice~94|1 package~567
1916957	B	6	211,8.77,1.75,47.4,526,1.75,0,0,3.5,0,1.26,0,,0	1 serving~57|1 package~340
2032256	B	37	236,10.6,20,3.53,686,3.53,3.53,0,2.4,0,2.12,0,,0	1/3 can~85|1 package~285
2438319	B	6	228,8.77,3.51,45.6,509,1.75,0,0,5.3,,1.89,0,,0	1 serving~57|1 package~340
2012646	B	37	125,7.69,8.46,4.62,575,2.31,1.54,0,2.3,0,1.94,23,,0	½ can~130|1 package~285
2438318	B	6	228,8.77,3.51,45.6,509,1.75,0,0,5.3,,1.89,0,,0	1 serving~57|1 package~680
2440921	B	6	200,5.88,2.94,38.2,350,0,0,0,2.9,,1.59,0,,0	1 serving~34|1 package~680
2440917	B	6	246,8.7,3.62,46.4,319,2.9,0,0,4.3,,1.57,0,,0	1 serving~69|1 package~346
2376075	B	6	250,7.5,0,52.5,700,0,0,0,2.5,0,.9,0,0,,0	1 in. slice~40|1 package~397
2440942	B	6	212,8.82,0,44.1,518,5.88,0,0,0,,2.65,0,,0	1 serving~34|1 package~454
2506888	B	6	300,10,7.5,50,750,,2.5,12,2.5,0,.9,100,0,,0	1 in. slice~40|1 package~397
2028744	B	48	98,12.9,3.53,3.53,512,1.18,1.18,0,0,0,1.27,12,,0	1/3 can, per container~85|1 package~285
2107924	B	45	248,6,0,56,18,36,0,0,4,0,0,20,,42	5 tbsp~50|1 package~510
2440765	B	46	421,7.02,26.3,42.1,509,5.26,15.8,70,1.8,,0,35,,0	1 serving~57|1 package~113
2437585	B	19	533,0,46.7,26.7,733,26.7,0,33,0,,0,0,,0	1 tbsp~15|1 package~255
2506887	B	6	357,9.52,10.7,54.8,571,4.76,1.19,0,4.8,0,2.57,0,167,,0	1 in. slice~42|1 package~397
2034185	B	41	800,0,100,0,0,,20,0,,0,0,0,,0,,60,20	1 tsp~5|1 package~148
2506886	B	6	275,7.5,2.5,52.5,675,0,0,0,2.5,0,1.8,50,175,,0	1 in. slice~40|1 package~397
2426585	B	6	281,7.02,0,56.1,737,0,0,0,1.8,0,.63,175,123,,0	1 roll~57|1 package~342
2165309	B	6	250,7.14,0,50,643,3.57,0,0,3.6,0,.71,286,3570,,0	1 serving~28|1 package~454
2440764	B	46	439,7.02,26.3,43.9,509,7.02,15.8,70,1.8,,0,35,,0	1 serving~57|1 package~113
2440807	B	46	439,7.02,26.3,42.1,404,5.26,15.8,70,1.8,,0,35,,0	1 serving~57|1 package~113
2593574	B	25	8,0,0,2.25,0,2.25	1 serving~355
2187277	B	48	245,17.2,19.2,0,46,,6.62,73,,,.72	1 patty~151|1 package~454
1824064	B	27	374,13.2,35.2,5.49,473,3.3,12.1,66,0,0,.4,66,,0	1 link~91|1 package~369
2668221	B	64	333,16.7,25,0,542,,8.33,42,,0,3	1 slice~12|1 package~340
2272474	B	27	374,15.4,30.8,1.1,571,0,12.1,71,1.1,0,.79,110,,6.6	1 link~91|1 package~369
1825928	B	27	330,15.4,28.6,2.2,824,1.1,11,71,0,0,.79,88,,4	1 link~91|1 package~369
1827545	B	27	341,12.1,14.3,4.4,407,3.3,11,60,0,0,.4,22,,0	1 link~91|1 package~369
2442866	B	73	0,0,0,100,0,100,0,0,0,,,,0	1 packet~1|1 package~40
2538890	B	73	0,0,0,100,0,100	1 packet~1|1 package~50
2475049	B	4	439,12.3,28.1,42.1,237,29.8,1.75,0,8.8,0,2.46,175,561,,.175	1 cookie~57
2427270	B	4	456,12.3,29.8,42.1,228,29.8,3.51,0,8.8,0,2.81,158,526,,0	1 cookie~57
1899507	B	40	455,4.55,22.7,59.1,386,18.2,11.4,23,0,0,1.64,0,,0	1 cookie~22|1 package~510
555798	B	61	378,11.1,4.44,71.1,0,2.22,.67,0,4.4,0,3.2,44,,0	¼ cup~45
551074	B	61	361,8.33,2.78,80.6,0,0,.56,0,2.8,,1,0,,0,,,,,5.56,0,,.222,,167,278,,4.17,1.11	1/3 cup~36
551071	B	61	366,7.32,0,82.9,12,0,0,0,2.4,,1.76,0,,0,,,,,4.88,1,,.732,59,,,,,1.95	1/3 cup~41
551077	B	61	356,8.89,1.11,80,,,,,2.2,,.8	¼ cup~45
2612951	B	8	520,6.67,30,53.3,3,50,16.7,0,6.7,0,13.3,30,473,,0	3 cubes~30|1 package~100
2612952	B	8	567,6.67,43.3,33.3,3,26.7,26.7,0,10,0,13.3,53,0,,0	3 cubes~30|1 package~100
1917094	B	2	429,25,35.7,0,304,0,21.4,107,0,0,0,1070,,0	1 serving~28|1 package~200
2593125	B	42	222,0,0,50,0,44.4,0,0,5.6,0,0,111,156,,0	1 tbsp~18|1 package~340
753586	B	95	48,1.59,.79,8.73,389,5.56,0,0,2.4,0,.86,32,302,7.1,,0,0	½ cup~126
753880	B	144	25,.83,0,5.79,314,3.31,0,0,1.7,0,.3,17,,9.9	½ cup~121
729988	B	0	600,23.3,46.7,23.3,7200,3.33,5,0,10,0,4.67,0,700,,0	¼ cup~30
346058	B	231	633,26.7,53.3,16.7,433,3.33,6.67,0,6.7,0,3.6,67,800,0,,11.7,30	¼ cup *~30
346066	B	231	633,26.7,50,16.7,8530,0,5,0,6.7,0,4.8,133,800,0,,20,23.3	¼ cup *~30
347563	B	231	622,35.6,48.9,11.1,2870,2.22,10,0,4.4,0,8,0,578,0,,13.3,24.4	1 package *~45
346128	B	231	633,26.7,53.3,16.7,9930,3.33,5,0,6.7,0,4.8,133,767,0,,20,23.3	¼ cup *~30
346702	B	231	627,27.4,51,15.7,9080,1.96,4.9,0,5.9,0,5.29,78,765,0,,17.6,25.5	1 package *~51
346065	B	231	627,27.4,51,15.7,451,1.96,4.9,0,7.8,0,5.29,118,804,0,,19.6,23.5	1 package *~51
346064	B	231	526,28.1,35.1,26.3,3370,1.75,7.02,0,21.1,0,4.74,35,561,0,,8.77,17.5	1 package~57
753928	B	154	0,0,0,0,11200,0,0,0,0,0,0,0,1880,0	¼ tsp~.8
346936	B	526	132,6.61,5.73,13.7,432,2.64,2.64,15,1.8,0,.63,88,203,2.6,,1.98,.44	1 cup~227
722906	B	77	95,9.52,4.76,4.76,397,3.17,.79,40,1.6,0,0,0,175,,0	¼ cup~63
722908	B	77	98,9.84,4.1,4.92,361,1.64,1.64,41,1.6,0,0,0,213,,0	¼ cup~61
722910	B	77	125,9.38,7.81,3.12,297,1.56,2.34,31,1.6,0,.78,0,250,,0	¼ cup~64
754086	B	135	293,10.9,14.1,31.5,837,3.26,4.89,16,2.2,0,1.57,43,207,0,0,3.8,3.8	2 sandwiches~92
754850	B	135	341,9.89,19.8,31.9,791,4.4,6.59,27,2.2,0,1.98,44,154,0,0,7.69,2.75	2 sandwiches~91
754866	B	135	238,13.1,5.95,32.1,512,5.95,1.79,24,1.2,0,3.21,71,226,1.4,,1.79,1.79	2 sandwiches~84
754048	B	527	357,16.1,30.4,0,786,0,10.7,89,0,,2.57,0,,0	1 serving~56
754044	B	171	357,16.1,30.4,0,786,0,10.7,89,0,,2.57,0,,0	2 oz cooked~56
346305	B	528	381,16.7,33.3,4.76,762,0,11.9,71,0,0,.86,0,214,0,,14.3,4.76	1 patty~42
754860	B	135	238,13.1,5.95,32.1,512,5.95,1.79,24,1.2,0,3.21,71,226,1.4,,1.79,1.79	2 sandwiches~84
724514	B	0	571,22.9,45.7,20,7110,2.86,4.29,0,8.6,0,4.57,86,829,,0	1 package, *~35
756192	B	194	54,10.9,0,2.17,196,0,0,0,0,0,1.57,0,152,0,,0,0	3 tbsp~46
755570	B	194	54,10.9,0,2.17,196,0,0,0,0,0,1.57,0,152,0,,0,0	3 tbsp~46
754910	B	325	474,2.63,21,68.4,184,36.8,10.5,0,2.6,0,0,0,0,0,0,7.89,2.63	2 tbsp unpopped~38
346836	B	325	467,8.89,24.4,60,467,0,11.1,0,8.9,0,1.6,0,0,0,0,7.78,3.33	1 bag unpopped~45
641068	B	54	167,0,13.3,10,1500,3.33,0,0,0,0,0,0,0,,0	2 tbsp~30
726048	B	0	600,22.9,48.6,17.1,7430,2.86,4.29,0,8.6,0,7.71,0,771,,0	1 serving~35
755468	B	144	100,4.62,1.92,16.2,423,1.54,.38,4,5.4,0,1.11,31,338,0,,.77,0	½ cup~130
617724	B	54	42,1.67,1.67,5,650,3.33,0,0,1.7,0,0,0,0,,0	¼ cup~60
741564	B	54	67,3.33,4.17,6.67,383,3.33,1.67,8,1.7,0,0,67,200,,0	¼ cup~60
1914380	B	4	485,6.06,18.2,69.7,379,27.3,9.09,0,3,0,2.18,0,,0	1 cookie~33|1 package~780
345975	B	283	109,8.7,6.52,4.35,326,2.17,2.17,272,2.2,0,.78,87,217,0,,2.17,0	3 tbsp~46
345974	B	283	109,8.7,6.52,4.35,326,2.17,2.17,272,2.2,0,.78,87,217,0,,2.17,0	3 tbsp~46
347978	B	283	115,9.84,8.2,2.46,328,2.46,2.46,295,0,0,.89,66,,0	¼ cup~61
664786	B	89	132,7.55,5.19,13.2,392,.94,1.89,12,4.7,.24,1.7,28,,0	½ can~212
664788	B	89	113,8.02,3.77,12.3,354,.94,1.42,12,4.2,.24,1.7,28,,0	½ can~212
347982	B	529	367,13.3,1.67,73.3,0,3.33,0,0,6.7,0,1.2,0,,0,,0,0	¼ cup~30
347979	B	283	49,9.84,0,1.64,164,0,0,0,0,0,0,0,,0	¼ cup~61
664668	B	47	24,.8,0,5.6,256,3.2,0,0,.8,0,1.15,32,192,7.2	½ cup~125
664674	B	47	36,1.6,0,7.2,192,4,0,0,2.4,0,1.44,16,312,7.2	½ cup~125
664666	B	82	121,2.02,3.54,21.2,136,16.2,2.02,0,0,.4,.36,40,,0	1 cup~99
664676	B	47	36,.8,0,8,280,4.8,0,0,1.6,0,1.15,16,240,4.8	½ cup~125
664662	B	32	64,1.6,1.6,10.4,432,5.6,0,0,3.2,0,.29,32,,3.8	½ cup~125
664664	B	47	83,3.33,0,20,1000,10,0,0,3.3,0,4.8,0,,16	2 tbsp~30
664670	B	47	83,3.33,0,20,933,10,0,0,3.3,0,4.8,0,,16	2 tbsp~30
2244649	B	21	94,5.74,1.43,14.3,205,2.05,.41,12,1.2,0,.44,8,230,4.9,,.61,.41,,1.23,,,,,25,82,.2,,.328,0,.066,7	1 meal~244
1914313	B	9	400,6.67,20,48.9,356,26.7,4.44,67,0,0,2.4,44,,0	1 slice~45|1 package~454
1914314	B	9	400,4.44,17.8,51.1,378,26.7,4.44,67,0,0,2.4,0,,0	1 slice~45|1 package~454
1912665	B	9	356,4.44,15.6,51.1,356,24.4,3.33,56,2.2,0,1.6,0,,0	1 slice~45|1 package~454
1914318	B	9	378,4.44,17.8,48.9,356,26.7,4.44,67,0,0,2.4,0,,0	1 slice~45|1 package~454
664732	B	82	91,1.01,0,20.2,141,15.2,0,0,1,0,.73,40,,0	1 cup~99
664708	B	82	141,2.02,3.54,25.2,136,20.2,1.01,0,1,0,.73,40,,0,,2.02	1 cup~99
664730	B	45	116,5.09,.69,22.7,389,8.8,.23,0,4.6,0,2.08,37,,0	¾ cup~216
421529	B	1	333,0,0,100,0,100,0,0,0,,0,0,,0	1 serving~15
2431121	B	4	306,5.88,7.06,51.8,247,15.3,3.53,0,1.2,,2.12,24,,1.4	1 serving~85|1 package~454
2438463	B	16	368,12.3,1.75,73.7,0,1.75,0,0,3.5,,1.26,35,,0	2 oz dry~57|1 package~453
1663290	B	84	286,0,0,81,0,76.2,,,,0	1 tbsp~21
1878526	B	10	12,0,0,3.33,15,3.33,0,0,.4,0,0,21,,9.5	8 fl oz~240|1 package~500
1924374	B	11	50,0,0,10,33,10,0,0,,0,,,83,4,,,,,,0,,,0,0,0,,,,,0	2 tbsp~30|1 package~710
1924402	B	45	92,6.15,0,16.9,4,0,0,0,4.6,0,1.38,46,,0	½ cup~130|1 package~439
1924393	B	7	167,0,16.7,6.67,1600,0,10,0,0,0	2 tbsp~15|1 package~227
2634272	B	67	289,21,5.26,76.3,66,2.63,0,0,36.8,0,4.74,158,,0,,,,0	¼ cup~38|1 package~340
2570285	B	4	433,6.67,11.7,80,233,26.7,5,0,3.3,0,0,0,0,,0,3.33,1.67	5 cookies~30|1 package~200
2598667	B	76	177,13.3,10.6,7.96,150,1.9,1.33,173,0,0,.8,27,248,,1	1 serving~113
1924392	B	72	161,1.79,16.1,1.79,18,0,12.5,0,0,0,3.21,71,,0	¼ cup~56|1 package~400
2287901	B	117	17,0,0,4.17,21,3.75,0,0,0,0,.15,8,,7.5	8 fl oz~240|1 package~500
2570277	B	10	42,0,.3,9.6,18,8,.3,0,0,0,0,4,82,,0	1 can~500
2065009	B	54	0,0,0,0,0	1 tbsp~15|1 package~946
2570283	B	4	485,6.06,18.2,72.7,273,18.2,9.09,0,3,0,0,0,0,,0,7.58,3.03	5 cookies~33|1 package~200
2570284	B	4	485,6.06,18.2,72.7,273,18.2,1.52,0,3,0,0,0,0,,0,13.6,1.52	5 cookies~33|1 package~200
1924382	B	61	356,6.67,0,77.8,0,0,0,0,4.4,,3.2,,89,,,,,,3.56,0,,,178	¼ cup~45
1924384	B	61	356,6.67,0,77.8,0,0,0,0,4.4,0,6,178,,,,,,,,0	¼ cup~45
2570279	B	45	243,0,0,60,14,57.1,0,0,1.4,0,.71,25,46,,0	½ cup~140|1 package~454
2598669	B	76	174,22.6,8.7,.87,365,0,.87,38,0,0,1.74,96,80,,3	1 can~115
2598666	B	76	174,22.6,8.7,.87,365,0,.87,38,0,0,1.74,96,80,,3	1 can~115
1924369	B	104	326,1.32,10.5,60.5,16,55.3,9.21,0,2.6,0,3.79,0,,0	2 tbsp~38|1 package~454
1924397	B	45	85,5.38,0,16.2,277,0,0,0,5.4,0,1.11,46,,0	½ cup~130|1 package~440
2090287	B	37	24,2,0,3,318,0,0,0,3,0,1.08,20,,12	½ cup~100|1 package~330
2105228	B	37	100,3.08,0,21.5,292,1.54,0,0,6.9,0,2.08,31,,0	½ cup~130|1 package~426
2535721	B	104	250,0,0,65,40,60,0,0,2.5,0,0,35,215,,0	1 tbsp~20|1 package~907
2149886	B	104	300,0,0,80,40,70,0,0,5,0,0,0,350,,0	1 tbsp~20|1 package~624
2570276	B	54	300,0,0,80,40,70,0,0,5,0,0,0,350,,0	1 tbsp~20|1 package~624
1924401	B	104	250,0,0,65,,55,,0,,0	1 tbsp~20|1 package~300
2677232	B	44	240,.68,0,58.2,21,49.3,0,0,4.1,0,.49,14,,10.3,,,,92	½ cup~146|1 package~454
2623717	B	37	19,1.54,.38,3.08,346,0,0,0,1.5,,1.11,62,,3.7,,,,14	½ cup~130|1 package~400
2570287	B	4	364,9.09,3.03,78.8,227,45.4,0,106,3,0,0,0,0,,0,1.52,0	4 pieces~33|1 package~198
579286	B	67	184,21,0,57.9,39,2.63,0,0,36.8,0,9.47,211,,0	¼ cup~38
2677212	B	9	424,6,20,56,220,28,4,52,2,0,0,0,,0,,,,0	1 cake~25|1 package~325
2677231	B	11	17,3.33,0,3.33,2270,,0,0,0,0,0,0,,8,,,,0	2 tbsp~30|1 package~710
2570286	B	4	452,6.45,14.5,74.2,403,22.6,6.45,0,3.2,0,0,0,0,,0,6.45,1.61	6 cookies~31|1 package~165
2677228	B	61	362,8.51,0,78.7,0,0,0,0,4.3,0,3.06,0,,,,,,,,0,,,289	¼ cup~47
1924376	B	45	64,4,0,14.4,312,.8,0,0,4,0,.86,32,,0	½ cup~125|1 package~425
1924388	B	7	40,2,0,8,340,4,0,0,2,0,0,0,,75.6	2 pieces~50|1 package~213
1924391	B	45	62,3.85,0,12.3,292,.77,0,0,5.4,0,1.11,31,,0	½ cup~130|1 package~440
2285818	B	45	85,4.62,0,15.4,269,.77,0,0,3.8,0,1.38,46,,0	½ cup~130|1 package~440
2031216	B	7	30,2,0,7,5,5,0,0,2,0,2.16,40,,0	4 pieces~100|1 package~220
2591194	B	104	262,0,6.19,47.6,24,47.6,5.95,0,0,0,2.62,500,48,,2	3 tbsp~42|1 package~500
1924390	B	45	78,5.47,0,13.3,219,0,0,0,4.7,0,2.11,31,,0	½ cup~128|1 package~440
1924372	B	45	77,5.38,0,14.6,362,.77,0,0,3.8,0,1.38,31,,0	½ cup~130|1 package~440
1924371	B	7	167,0,16.7,6.67,1600,0,10,0,0,0	2 tbsp~15|1 package~200
2031207	B	76	182,16.4,12.7,0,455,0,2.73,36,0,0,3.27,364,,0	¼ cup~55|1 package~123
1924378	B	76	84,14.2,2.58,.65,387,.65,.65,42,.6,0,1.16,194,,0	1 can~155
1924394	B	45	77,4.62,0,13.8,77,0,0,0,3.8,0,1.38,31,,0	½ cup~130|1 package~440
1924373	B	45	77,4.62,0,13.8,354,0,0,0,3.8,0,1.38,31,,0	½ cup~130|1 package~440
1924365	B	11	56,.8,1.6,8.8,396,4,0,0,1.6,0,.58,16,,21.6	½ cup~125|1 package~390
1946130	B	10	63,.2,0,15.6,4,15.2,0,0,.4,0,.14,0,4,,0	8.45 fl oz~250|1 package~1000
2031253	B	103	375,7.14,1.79,78.6,679,1.79,0,0,1.8,0,3.21,71,,10.7	1/3 cup~56|1 package~1530
2634273	B	67	244,24.4,0,60,56,2.22,0,0,24.4,0,6,0,,0,,,,160	¼ cup~45|1 package~340
2085599	B	76	145,11.8,7.64,4.36,473,0,.91,80,1.8,0,1.96,73,,0	¼ cup~55|1 package~115
2286509	B	76	236,16.4,18.2,3.64,455,0,3.64,80,0,0,1.31,73,,0	¼ cup~55|1 package~280
1924363	B	7	167,0,16.7,6.67,1730,0,10,0,0,0	5 olives~15|1 package~200
1885524	B	41	800,0,93.3,0,0,0,13.3,0,0,0,,,,,,40,40	1 tbsp~15|1 package~1500
2598668	B	11	252,9.57,21.7,3.04,591,0,3.48,2,.9,0,.87,19,87,,3	1 can~115
2424554	B	47	25,1.64,0,4.92,459,3.28,0,0,1.6,0,0,0,221,,0	¼ cup~61|1 package~227
2598665	B	10	22,0,.2,4.8,13,3,.2,0,0,0,0,5,82,,0	1 can~500
579288	B	61	395,7.89,0,86.8,0,0,0,0,0,0,2.84,,,,,,,,4.21,0	¼ cup~38
2037309	B	100	109,18.2,10.9,0,455,0,1.82,22,0,0,1.31,18,,0	¼ cup~55|1 package~115
2395856	B	47	19,.77,0,3.08,231,1.54,0,0,3.1,0,1.01,5,92,,0	½ cup~130|1 package~793
2287782	B	78	260,8.18,16.4,2.73,409,,2.73,14,1.8,,0,27,,0	¼ cup~55|1 package~115
2549575	B	15	250,10,21.2,3.75,588,0,3.75,2500,1.2,0,1.25,20,88,,2.5	1 can~80|1 package~240
2565218	B	11	333,16.7,0,66.7,5500,0,0,0,0,0,0,17,0,,0	1¾ tsp dry mix~6|1 package~31.2
2565220	B	38	370,3.7,0,88.9,0,66.7,0,0,0,0,0,15,48,,0	.11 of package dry mix~27|1 package~241
2565216	B	11	364,0,0,90.9,1180,81.8	2½ tsp~11|1 package~56.7
2596452	B	11	545,18.2,27.3,36.4,1820,18.2,27.3,182,0,0,0,255,345,,0	2 tsp dry mix~5.5|1 package~45.4
2565217	B	11	364,0,0,90.9,1180,81.8	2½ tsp dry mix~11|1 package~56.7
2400536	B	11	375,25,12.5,25,6500,0,0,0,0,0,0,850,200,,0	1½ tsp~4|1 package~20.4
2565219	B	11	341,0,0,79.6,4540,79.6,0,0,0,0,0,102,125,,0	2¼ tsp dry mix~8.8|1 package~53
2596453	B	11	0,0,0,0,21700,0,0,0,0,0,0,417,0,,0	½ tsp dry mix~1.2|1 package~35.4
2565221	B	40	405,5.41,10.8,73,297,54,9.46,14,0,0,0,211,295,,0	1 piece~37|1 package~184
2581272	B	4	404,5.26,19.3,54.4,316,26.3,3.51,0,1.8,0,1.58,35,105,,4	1 cornbread~57
397703	B	1	357,0,0,92.9,0,92.9	6 -4 pin pieces~14
1961605	B	48	133,21.2,5.31,0,80,0,1.33,66,0,0,1.75,0,,0	1 serving~113|1 package~907
1819641	B	48	177,18.7,10.6,0,74,0,3.98,66,0,0,2.42,0,,0	1 serving~283
1819642	B	48	251,18.7,19.4,0,43,,8.1,56,,.59,1.46	1 serving~284
1819640	B	48	246,18.7,19.4,0,49,,8.8,66,,0,1.27	1 serving~284
1961609	B	48	150,21.2,7.08,0,63,0,2.3,62,0,0,2.39,9,,0	1 serving~113|1 package~907
1819649	B	48	129,22.4,5.29,0,41,,1.76,65,,0,2.12	1 serving~170
1930528	B	48	217,18.8,15.2,0,67,0,5.8,69,0,0,2.09,9,,0	1 serving~112|1 package~454
1961607	B	48	177,21.4,10.1,0,67,0,3.93,65,0,0,2.25,9,,0	1 serving~112|1 package~454
2449062	B	48	138,21.4,5.09,0,67,0,2.23,62,0,0,2.41,9,,0	1 serving~112|1 package~454
2449061	B	48	125,22.3,3.04,0,67,0,1.52,61,0,0,2.41,9,,0	1 serving~112|1 package~454
2621665	B	38	370,3.7,0,92.6,0,66.7,0,0,0,0,1.33,0,,0,,,,0	.11 package~27|1 package~241
1866813	B	11	294,0,0,58.8,5590,0,0,,0,0,0,0,,353	¾ tsp~1.7|1 package~20.5
1965491	B	38	438,0,6.25,87.5,844,68.8,6.25,0,0,0,0,0,,0	1½ tbsp~16|1 package~128
2138485	B	88	273,3.64,6.36,47.3,291,21.8,.91,0,1.8,0,.65,0,,0	1 muffin~55|1 package~427
1850819	B	88	390,6.01,4.5,81.1,375,39,0,0,3,0,1.08,0,,10.8	1½ package, per container~33.3|1 package~400
2031410	B	43	417,8.33,20.8,50,3330,8.33,8.33,42,0,0,0,0,,0	1½ tbsp~12|1 package~35
2288421	B	43	429,14.3,17.9,57.1,2210,21.4,10.7,36,0,0,0,429,,0	5 tsp~14|1 package~50
2154539	B	40	429,4.08,14.3,71.4,347,57.1,10.2,0,0,0,0,106,180,,0	1 serving~49|1 package~389
2037488	B	15	405,5.41,10.8,70.3,324,54,9.46,14,0,0,0,216,,0	1 piece~37|1 package~184
1870424	B	54	364,0,0,100,1180,81.8	2½ tsp~11|1 package~57
2673583	B	52	638,0,56.7,35.5,106,35.5,49.6,0,0,0,0,64,369,,0	3 tsp~14.1|1 package~113
1870680	B	11	282,0,0,56.5,3670,0,0,0,0,0,0,0,,0	½ tsp~1.8|1 package~28
2287852	B	15	300,2.5,0,70,350,45,0,0,.6,0,0,100,,0	2 tbsp~40|1 package~397
1866807	B	68	286,0,0,57.1,13400,0,0,0,0,0,0,0,,0	1½ tsp~3.5|1 package~36
2029932	B	88	345,6.9,2.24,75.9,1280,6.9,0,0,1.7,0,3.72,138,,0	3 tbsp~29|1 package~147
2009449	B	15	350,2.5,5,65,262,57.5,2.5,12,0,0,0,100,,0	2 tbsp~40|1 package~298
2015001	B	23	429,28.6,14.3,42.9,1640,0,2.86,0,7.1,0,5.14,286,,0	1 tbsp~7|1 package~28.3
2028992	B	11	357,28.6,14.3,57.1,2430,0,0,0,0,0,5.14,0,,17.1	1 tbsp~7|1 package~32
2036601	B	15	342,2.63,6.58,65.8,316,44.7,5.26,8,.7,0,0,105,,0	2 tbsp~38|1 package~298
2031422	B	11	278,0,0,55.6,6390,0,0,0,0,0,0,1110,,0	¾ tsp~1.8|1 package~28.4
2088390	B	11	263,0,0,52.6,11600,0,0,0,0,0,0,0,,63.2	¾ tsp~1.9|1 package~35
2621664	B	11	263,0,0,52.6,5260,0,0,0,0,0,0,0,,126,,,,0	½ tsp~1.9|1 package~30
1870678	B	11	263,0,0,52.6,5260,0,0,0,0,0,0,0,,126	½ tsp~1.9|1 package~30
1866793	B	30	368,0,0,94.7,79,79,0,0,0,0,0,105,,0	1½ tbsp~19|1 package~57
2673579	B	30	333,8.33,0,75,208,16.7,0,0,8.3,0,6,333,,0,,,,0	1 serving~12|1 package~36
2673581	B	30	368,0,0,94.7,79,79,0,0,0,0,0,105,,0,,,,0	1 serving~19|1 package~57
2031405	B	30	412,0,0,100,0,82.4,0,0,0,0,0,0,,0	1 tbsp~17
2031403	B	30	368,0,0,94.7,368,79,0,0,0,0,0,105,,0	1½ tbsp~19|1 package~57
2065210	B	11	357,0,0,71.4,11400,35.7,0,0,0,0,0,0,0,0,,,,,,,,,,,,,,,0	¾ tsp~2.8|1 package~28
1870426	B	11	294,0,0,58.8,11200,0,0,0,0,0,10.6,0,,35.3	1¼ tsp~3.4|1 package~20.4
2031398	B	88	345,6.9,2.24,75.9,1280,6.9,0,0,1.7,0,3.72,138,,0	3 tbsp~29|1 package~147
2031400	B	50	333,16.7,0,66.7,5500,33.3,0,0,0,0,0,17,0,,0	1¾ tsp~6|1 package~31.5
2400004	B	11	333,0,0,66.7,6330,0,0,0,0,0,0,67,433,,0	1¼ tsp~3|1 package~20.4
2673580	B	11	250,0,0,100,3500,0,0,0,0,0,0,100,50,,0	1 serving~2|1 package~33.1
2409438	B	11	250,0,0,50,5000,0,0,0,0,0,0,150,50,,0	½ tsp~2|1 package~31.4
2031408	B	11	0,0,0,0,21700,0,0,0,0,0,0,417,0,,0	tsp~1.2|1 package~35
2375978	B	11	357,0,0,71.4,6790,0,0,0,0,0,0,71,214,,0	½ tsp~1.4|1 package~22.7
2154448	B	11	303,0,0,60.6,3030,30.3,0,0,0,0,0,182,303,,0	1¼ tsp~3.3|1 package~22.9
2031411	B	11	364,0,0,90.9,1180,81.8	2½ tsp~11|1 package~57
2630072	B	11	352,0,0,70.4,4930,0,0,0,0,0,0,70,704,,0	1 serving~1.4|1 package~22.6
1936922	B	18	46,0,0,11.2,1,11.2	8 fl oz~240
2081825	B	45	92,6.15,0,16.9,331,0,0,0,4.6,0,1.38,46,,0	½ cup~130|1 package~439
2015252	B	45	85,4.62,0,15.4,269,.77,0,0,3.8,0,1.38,46,,0	½ cup~130|1 package~439
2015258	B	45	85,6.92,0,13.8,277,.77,0,0,5.4,0,1.38,31,,0	½ cup~130|1 package~439
2015251	B	45	85,5.38,.77,15.4,269,0,0,0,5.4,0,1.38,31,,0	½ cup~130|1 package~439
2400530	B	27	264,12.1,23.1,2.2,1000,,7.69,71,0,0,1.19,0,0,,0	1 frank~91|1 package~454
2131454	B	27	280,13.8,22.5,1.25,686,1.25,8.75,56,0,,.45,0,,0	2.8 oz / one link~80|1 package~624
2131730	B	27	286,14.3,22.9,1.43,700,1.43,8.57,57,0,,.51,0,,0	2½ oz /~70|1 package~454
2545819	B	64	600,33.3,46.7,0,1600,,16.7,100,0,0	2 slices fried~15|1 package~681
2098027	B	27	286,14.3,22.9,1.43,700,1.43,8.57,57,0,,.51,0,,0	1 serving~70|1 package~454
2126952	B	27	286,14.3,22.9,1.43,700,1.43,8.57,57,0,,.51,0,,0	2½ oz /~70|1 package~454
2093846	B	137	600,33.3,46.7,0,1600,,16.7,100,0	2 slices~15|1 package~340
2103495	B	64	647,35.3,47.1,0,1650,,17.6,88,0	2 slices fried /~17|1 package~340
2559507	B	132	257,8.57,5.71,45.7,400,8.57,0,0,2.9,0,2.29,29,171,,0	1 roll~35
2559508	B	132	279,6.98,4.65,51.2,349,11.6,0,0,2.3,0,2.33,12,93,,0	1 roll~43
2558738	B	132	300,8,8,48,420,8,2,0,2,0,3,60,140,,0	1 roll~50
2558736	B	120	314,5.88,13.7,41.2,961,1.96,7.84,0,2,0,3.33,98,78,,0	1 biscuit~51
2559500	B	120	367,5,16.7,45,1070,3.33,10,0,1.7,0,3.5,117,117,,0	1 biscuit~60
2559112	B	132	298,7.02,5.26,54.4,298,14,.88,0,5.3,0,2.63,18,175,,0	1 roll~57
2558292	B	132	274,6.45,9.68,40.3,903,3.23,5.65,0,1.6,0,3.06,65,113,,0	1 biscuit~62
2747164	B	120	344,4.69,17.2,42.2,547,4.69,9.38,0,1.6,0,2.5,141,188,,0	1 biscuit~64
2559511	B	132	328,6.25,15.6,42.2,625,4.69,7.81,0,3.1,0,2.66,156,281,,0	1 biscuit~64
2558297	B	132	312,4.69,14.1,40.6,1080,3.12,9.38,0,1.6,0,2.81,62,94,,0	1 biscuit~64
2558737	B	132	297,7.81,7.81,48.4,438,9.38,1.56,0,1.6,0,2.97,62,141,,0	1 roll~64
2559513	B	132	300,5.71,14.3,37.1,486,4.29,8.57,0,2.9,0,2.86,129,229,,0	1 biscuit~70
2743136	B	132	314,5.71,15.7,37.1,500,4.29,7.14,0,1.4,0,2.71,129,186,,0	1 biscuit~70
2558298	B	132	324,5.41,16.2,39.2,1070,2.7,8.11,0,1.4,0,2.7,54,95,,0	1 biscuit~74
2459991	B	132	322,4.44,15.6,38.9,1070,3.33,8.89,0,1.1,0,2.78,56,100,,0	1 biscuit~90
2521842	B	97	333,6.67,0,73.3,2570,0,0,0,3.3,0,4.67,33,133,,0	¼ cup~30
2559149	B	97	400,8.57,10,65.7,1430,2.86,5.71,0,2.9,0,4,63,206,,0	1/3 cup~35
2559148	B	97	400,8.57,10,65.7,1430,2.86,5.71,0,2.9,0,4,63,206,,0	1/3 cup~35
2556604	B	97	333,10,1.67,70,2400,0,0,0,3.3,0,4.67,33,133,,0	¼ cup~30
2559155	B	95	300,0,0,60,6200,0,0,0,0,0,0,0,200,,0	2 tsp~5
2556603	B	97	356,6.67,3.33,73.3,1290,13.3,1.11,0,2.2,0,4.44,211,127,,0	1/3 cup~45
2559150	B	97	364,7.27,3.64,72.7,1240,12.7,1.82,0,1.8,0,3.82,218,164,,0	1/3 cup~55
2559151	B	97	400,6.67,8.33,70,1170,10,3.33,0,3.3,0,3.33,147,173,,0	1/3 cup~30
2680752	B	95	450,0,20,60,2400,0,10,0,0,0,0,20,370,,0	1 tbsp~10
2559512	B	120	231,7.69,2.31,46.2,354,1.54,0,0,1.5,0,3.08,183,100,,0	1 muffin~65
2559501	B	132	250,5.56,6.94,41.7,556,0,4.17,0,0,0,2.78,56,83,,0	1 tortilla~36
2559121	B	97	395,10.5,7.89,68.4,842,2.63,3.95,0,2.6,0,4.21,132,211,,0	1/3 cup~38
2559157	B	95	417,0,16.7,66.7,2330,0,8.33,0,0,0,0,0,333,,0	2 tsp~6
2559156	B	95	444,0,22.2,66.7,1560,0,11.1,0,0,0,0,0,333,,0	1½ tbsp~9
2521888	B	95	417,0,16.7,66.7,2330,16.7,0,0,0,0,0,167,1000,,0	1 tbsp~6
2700539	B	97	410,7.69,11.5,66.7,897,0,6.41,0,2.6,0,3.85,26,128,,0	1 tortilla~39
2559153	B	95	450,0,20,60,2600,0,10,0,0,0,0,0,400,,0	1 tbsp~10
2559123	B	97	356,6.67,3.33,73.3,1290,13.3,1.11,0,2.2,0,4.44,222,156,,0	1/3 cup~45
2559152	B	95	400,0,15,70,2600,0,10,0,0,0,0,0,300,,0	1 tbsp~10
2650010	B	120	329,4.71,15.3,41.2,988,2.35,9.41,0,1.2,0,3.18,94,82,,0	1 biscuit~85
2662760	B	120	344,4.69,17.2,43.8,1000,3.12,9.38,0,1.6,0,3.28,109,109,,0	1 biscuit~64
2559502	B	132	281,6.25,9.38,42.2,500,6.25,3.12,0,3.1,0,2.66,125,172,,0	1 biscuit~64
2662761	B	120	344,4.69,17.2,43.8,1000,3.12,9.38,0,1.6,0,3.28,109,109,,0	1 biscuit~64
2521882	B	97	375,7.5,6.25,72.5,900,25,3.75,12,2.5,0,3.25,125,150,,0	¼ cup~40
2559505	B	132	281,8.77,4.39,50.9,333,10.5,.88,0,1.8,0,2.98,18,105,,0	1 roll~57
2558294	B	132	279,6.98,5.81,46.5,395,6.98,0,0,2.3,0,2.56,23,116,,0	1 roll~43
2558293	B	132	279,6.98,5.81,46.5,395,6.98,0,0,2.3,0,2.79,23,116,,0	1 roll~43
2521889	B	97	167,0,0,33.3,10300,0,0,0,0,0,0,1000,333,,0	½ tsp~3
2458535	B	97	400,6.67,10,76.7,533,36.7,5,0,3.3,0,4,33,367,,0	¼ cup~30
2559506	B	132	266,7.81,6.25,45.3,406,7.81,.78,0,4.7,0,1.88,16,156,,0	1 roll~64
2614161	B	120	240,8,3.33,45.3,427,1.33,0,0,5.3,0,2.67,185,249,,0	1 muffin~75
718754	B	0	500,7.14,25,60.7,1040,14.3,3.57,0,7.1,0,2.57,0,,0	1 serving~28
2274629	B	89	129,9.68,8.06,3.23,806,,3.23,32,0,0	2 tbsp~31|1 package~340
2031028	B	0	536,7.14,32.1,53.6,446,0,5.36,0,14.3,0,1.29,0,,0	1 serving~28|1 package~141
2585661	B	40	375,0,0,100,0,100,0,0,0,0,0,0,,,0	1 tsp~4|1 package~113
2674673	B	0	633,6.67,50,43.3,117,33.3,30,17,3.3,0,1.2,133,,0,,,,0	3 pieces~30|1 package~150
1950406	B	0	633,6.67,50,43.3,117,33.3,30,17,3.3,0,1.33,133,367,,0	3 pieces~30|1 package~80
2378041	B	1	333,6.67,0,80,33,53.3,0,0,0,0,0,0,0,,0	1 serving~30|1 package~142
2416769	B	1	333,6.67,0,80,33,,0,0,0,0,0,0,0,,0	30 pieces~30|1 package~156
2375007	B	1	333,3.33,0,83.3,50,63.3,0,0,0,0,0,0,,0	8 pieces~30|1 package~150
2310525	B	1	333,6.67,0,80,17,60,0,0,0,0,0,0,0	12 pieces~30|1 package~150
2374616	B	1	333,6.67,0,83.3,17,60,0,0,0,0,0,0,0,,0	6 pieces~30|1 package~156
2416445	B	40	375,0,0,100,0,50,0,,,0	1 tsp~4|1 package~227
2416606	B	40	375,0,0,100,0,75,0,,,0	1 tsp~4|1 package~227
2287419	B	7	100,3.33,6.67,6.67,1050,3.33,0,0,3.3,0,.6,0,,30	2 tbsp~30|1 package~454
1883238	B	7	100,3.33,6.67,6.67,1050,3.33,0,0,3.3,0,.6,0,,30	2 tbsp~30|1 package~454
1078239	B	52	296,5.6,11.2,44,80,24.8,5.6,44,.8,0,1.68,82,224,,0	.1 tart~125
563687	B	1	567,6.67,33.3,56.7,83,53.3,20,17,3.3,0,2.4,133,,,0	1 serving~30
429181	B	8	452,4.76,28.6,45.2,48,42.9,19,12,2.4,0,0,0,,0	1 serving~42
2095431	B	1	579,6.3,39,50,,49,24	1 serving~100
429182	B	8	550,5,35,55,50,52.5,22.5,12,2.5,0,0,0,,0	1 serving~40
604424	B	1	567,6.67,40,53.3,83,50,23.3,17,3.3,0,2.4,133,,,0	1 bar~30
2091418	B	8	615,7.69,38.5,46.2,77,46.2,23.1,38,0,0,0,154,,0	1 serving~13
2083913	B	25	13,.42,0,2.53,4,1.69,0,0,.4,0,0,8,,0	1 serving~237
1909311	B	25	2,0,0,0,4,0,0,0,0,0,0,0,,0	1 serving~237
2176222	B	14	194,4.3,1.61,39.8,0,0,0,0,3.2,0,.77,0,,0	½ cup~93
2278840	B	61	183,3.23,.54,39.8,0,0,0,0,3.2,0,.77,0,,0	½ cup~93
2444785	B	14	194,4.3,1.61,39.8,0,0,0,0,3.2,0,.77,0,,0	½ cup~93|1 package~454
2176339	B	61	194,4.3,1.61,39.8,0,0,0,0,3.2,0,.77,0,,0	½ cup~93
2494813	B	82	151,0,0,37.7,113,37.7	.12 package~10.6|1 package~85
1940873	B	82	151,0,0,37.7,113,37.7	.12 package~10.6|1 package~85
1924902	B	82	151,0,0,37.7,113,37.7	.12 package~10.6|1 package~85
2105716	B	82	151,0,0,37.7,113,37.7	.12 package~10.6|1 package~85
2105682	B	101	381,4.76,0,90.5,362,85.7,0,,0	.12 package~21|1 package~170
2159937	B	101	381,4.76,0,90.5,362,85.7,0,,0	1 serving~21|1 package~170
2105675	B	101	381,4.76,0,90.5,362,85.7,0,,0	.12 package~21|1 package~170
2463870	B	5	375,3.12,18.8,53.1,47,6.25,18.8,0,6.2,0,8.44,203,1030,,0	34 chips~32|1 package~128
2386296	B	5	500,3.12,28.1,28.1,47,12.5,15.6,0,0,0,,,,,,9.38,3.12	34 chips~32|1 package~128
2380307	B	12	679,32.1,64.3,0,196,0,17.9,125,0,0,0,0,,0	1 serving~28|1 package~283
2535490	B	12	643,50,50,0,1140,0,10.7,107,0,0	1 serving~14|1 package~113
2503871	B	12	571,50,42.9,0,2000,,14.3,107,,0	1 serving~14|1 package~227
1866330	B	38	385,3.85,1.92,88.5,308,65.4,0,0,1.9,0,0,0,,0	1/3 cup~52|1 package~467
2025722	B	139	393,10.7,5.36,71.4,893,0,0,0,3.6,0,5.14,71,,0	2/3 cup~28|1 package~340
2440843	B	11	100,10,0,20,300,,0,0,0,,3.6,200,,18	2 tsp~10|1 package~43
2440842	B	11	150,10,5,20,250,,0,50,0,,5.4,200,,96	2 tsp~10|1 package~34
1872321	B	19	0,0,0,0,4200,0,0,0,0,0,0,1600,,120	1 tsp~5|1 package~173
2039860	B	35	300,6.67,0,66.7,4870,66.7,0,0,0,0,3.6,133,,0	1 tbsp~15|1 package~240
2628550	B	0	571,10.7,35.7,50,1040,7.14,7.14,18,7.1,0,1.29,214,357,0,,,,0,,0,.364,.286,,86,357,,1.07,,,,,,4	1 serving~28
2039065	B	1	100,0,0,25,19000,0,0,0,0,0,0,0,,120	1 serving~4|1 package~120
2626298	B	20	15,.84,0,3.8,2,1.69,0,0,.4,0,.3,17,148,2.5,,,,15	1 cucumber~237
2626299	B	20	24,1.22,.61,6.1,2,3.66,0,0,3.7,0,.44,0,232,2.9,,,,0	1 cup~82
2151742	B	9	387,5.33,18.7,49.3,373,25.3,9.33,13,1.3,0,1.33,19,93,,0	1 donut~75
2089638	B	36	62,8.37,1.54,2.64,198,0,.22,20,0,,2.78,18,,5.3	1 serving~227
1923879	B	36	55,5.29,1.76,3.96,495,.15,1.32,22,.4,0,2.62,62,,0	1 serving~227|1 package~454
1924112	B	36	55,7.05,1.76,1.76,517,.44,1.32,19,.4,0,1.74,57,,0	1 serving~227|1 package~454
958647	B	76	209,23.6,12.7,1.82,364,0,3.64,36,1.8,,2.29,91,,0	¼ cup~55
2669295	B	34	228,10.7,8.72,26.8,503,9.4,4.03,30,1.3,0,.54,181,168,,0	¼ pizza~149|1 package~595
2464113	B	34	268,11.4,13.4,26.2,295,3.36,7.38,34,2,0,.54,228,248,,.125	.2 pizza~149|1 package~743
2461826	B	34	248,10.6,11.5,25.2,509,2.29,5.05,28,1.4,.23,.46,224,158,,.45	1 pizza~218
2469002	B	34	268,10.7,13.4,26.2,302,3.36,6.71,34,2,0,.67,195,248,,.125	.2 pizza~149|1 package~743
2524036	B	34	233,10.7,12,19.3,547,2.67,5.33,30,1.3,0,.67,190,201,,.675	¼ pizza~150|1 package~600
2656759	B	34	214,9.66,11.7,17.2,517,2.76,4.83,31,1.4,0,1.03,179,200,,1	.2 pizza~145|1 package~723
2461827	B	34	248,10.9,12.2,23.9,530,2.17,5.22,28,1.3,0,.87,183,170,,.425	1 pizza~230
2481444	B	34	264,11.6,14,23.3,589,2.33,6.2,31,1.6,0,.85,171,202,,.55	.17 pizza~129|1 package~771
2580903	B	34	227,11.4,11.4,18.9,523,3.03,5.3,34,1.5,0,.76,204,218,,1	.2 pizza~132|1 package~660
2669297	B	34	242,12.5,13.3,18,625,2.34,6.25,39,1.6,0,.86,195,203,,1	.2 pizza~128|1 package~642
2032004	B	34	227,12.1,10.6,19.7,545,3.03,6.06,34,2.3,0,.82,189,,3.6	.2 pizza~132|1 package~660
2629362	B	34	199,10.6,9.22,19.2,461,3.55,4.96,28,2.8,0,.77,177,,6.4,,,,96	.2 pizza~141|1 package~702
2098111	B	34	174,7.97,7.97,18.8,370,2.17,3.62,22,1.4,0,.78,181,,6.5	.2 pizza~138|1 package~691
2481713	B	34	254,10.4,12.7,26.1,470,2.24,5.97,26,1.5,0,.67,216,172,,.6	.2 pizza~134|1 package~672
2481499	B	34	227,9.09,11.4,22.7,424,2.27,5.3,23,1.5,0,.76,152,,,.45	.17 pizza~132|1 package~791
2481714	B	34	260,10.7,13.3,23.3,507,2,6,30,1.3,0,.87,173,,,.525	.2 pizza~150|1 package~751
2481496	B	34	244,9.63,13.3,22.2,511,2.22,5.19,26,1.5,0,1.11,156,185,,.525	.17 pizza~135|1 package~811
2677104	B	34	231,11.2,12.7,17.9,560,2.99,5.97,34,1.5,0,.82,201,209,,1	.2 pizza~134|1 package~668
2288344	B	34	239,12.7,12,19,599,2.82,6.34,35,2.1,0,1.01,211,,3.4	.2 pizza~142|1 package~667
2580902	B	34	191,9.22,9.22,17.7,426,2.84,4.26,25,1.4,0,.71,177,215,,1	.2 pizza~141|1 package~703
2461828	B	34	227,9.66,10.5,23.1,466,2.1,4.2,23,1.3,,.84,167,169,,.425	1 pizza~238
2580905	B	34	174,7.97,7.25,18.1,362,2.9,3.62,22,1.4,0,.72,186,226,,1	.2 pizza~138|1 package~691
2469095	B	34	248,9.3,12.4,25.6,279,3.1,6.2,27,2.3,0,.7,178,233,,.075	.17 pizza~129|1 package~771
2108083	B	34	221,11,11,18.6,545,3.45,5.52,31,2.8,0,.99,172,,6.2	.2 pizza~145|1 package~721
2469298	B	34	264,10.8,13.2,25.6,326,3.1,6.98,35,2.3,0,.62,171,240,,.15	.17 pizza~129|1 package~771
2461829	B	34	256,10.8,13,24.2,596,2.24,5.38,29,1.3,.22,.9,187,140,,.45	1 pizza~223
2076013	B	34	242,12.1,9.55,24.8,675,1.91,3.82,25,1.9,0,.69,159,,2.3	1/3 pizza~157|1 package~471
2076005	B	34	244,11,11.8,22.8,630,3.15,4.72,31,2.4,0,.85,157,,11.8	¼ pizza~127|1 package~506
2677195	B	34	215,10.4,10.4,20.1,486,2.08,5.56,31,1.4,0,.69,262,141,,1	1 serving~144|1 package~577
1867234	B	34	236,11.8,11.1,21.5,500,3.47,6.94,31,2.8,0,1,278,,4.2	¼ pizza~144|1 package~577
1936882	B	34	222,11.1,11.1,20.8,472,2.08,5.56,31,1.4,0,1,278,,4.2	¼ pizza~144|1 package~1150
2315935	B	34	227,11.4,12.1,18.9,530,1.52,5.3,34,1.5,0,1.09,189,,4.5	.2 pizza~132|1 package~1320
1932229	B	34	225,10.1,11.6,18.8,500,2.17,5.07,33,1.4,0,1.04,217,,8.7	.2 pizza~138|1 package~689
2677196	B	34	254,11.1,14.3,19.8,659,2.38,6.35,36,.8,.4,.86,238,,4.8,,,,71	.2 pizza~126|1 package~629
1902898	B	34	245,11.6,10.2,25.8,660,3.4,5.44,27,2,0,.98,238,,4.1	1/3 pizza~147|1 package~441
2106636	B	0	467,3.33,13.3,80,700,50,1.67,0,3.3,0,0,0,,0	1 cup~30|1 package~198
2038215	B	5	536,3.57,35.7,46.4,786,3.57,7.14,0,3.6,7.14,1.29,0,,32.1	1 serving~28|1 package~454
2038219	B	5	536,3.57,35.7,46.4,893,3.57,7.14,0,3.6,7.14,1.29,0,,32.1	1 serving~28|1 package~454
2093539	B	5	536,3.57,35.7,42.9,1140,3.57,7.14,0,3.6,7.14,1.29,0,,32.1	1 serving~28|1 package~454
2497370	B	5	357,7.14,1.79,75,1110,0,0,0,3.6,0,0,14,104,,0	26 pretzels~28|1 package~170
2452303	B	5	530,7.07,35.3,53,742,3.53,5.3,0,3.5,0,0,39,1010,,0	1 serving~28.3|1 package~369
2533854	B	5	530,7.07,31.8,53,989,7.07,3.53,0,3.5,0,3.53,46,1220,,0	1 serving~28.3|1 package~213
2038222	B	5	536,3.57,35.7,46.4,786,3.57,7.14,0,3.6,7.14,1.29,0,,32.1	1 serving~28|1 package~454
2038221	B	5	530,3.53,35.3,45.9,883,3.53,7.07,0,3.5,7.07,1.27,0,,31.8	1 serving~28.3|1 package~269
2038217	B	5	530,3.53,35.3,45.9,883,3.53,7.07,0,3.5,7.07,1.27,0,,31.8	1 serving~28.3|1 package~269
2545588	B	5	357,7.14,3.57,71.4,1110,0,0,0,3.6,0,1.07,0,107,,0	1 serving~28|1 package~170
2543398	B	12	500,7.14,25,64.3,1140,7.14,7.14,0,0,0,0,100,304,,0	1 serving~28|1 package~213
2040977	B	5	500,7.14,25,67.9,411,0,5.36,0,3.6,0,1.29,71,,0	1 serving~28|1 package~368
2533853	B	5	565,3.53,35.3,53,1200,3.53,5.3,0,3.5,0,0,25,827,,0	15 chips~28.3|1 package~213
2303955	B	5	357,7.14,3.57,71.4,1320,3.57,0,0,3.6,0,1.07,36,107,,0	1 serving~28|1 package~369
2533852	B	5	530,3.53,31.8,60.1,989,7.07,3.53,0,3.5,0,0,25,809,,0	1 serving~28.3|1 package~213
2552082	B	5	565,7.07,38.9,53,583,0,7.07,0,3.5,0,0,21,830,,0	1 serving~28.3|1 package~227
2038216	B	5	530,3.53,35.3,45.9,777,3.53,7.07,0,3.5,7.07,1.27,0,,31.8	1 serving~28.3|1 package~283
2667912	B	5	500,7.14,21.4,67.9,786,0,5.36,0,3.6,0,1.43,107,214,,0	1 serving~28|1 package~397
1803995	B	2	125,8.33,8.33,8.33,917,4.17,4.17,42,0,0,1.5,250,,5	2 tbsp~24|1 package~340
2192897	B	10	40,0,0,10,25,9.6,0,0,0,0,0,,0,7,0	16.9 fl oz~500
2451138	B	10	42,0,0,10.6,25,10,0,0,0,0,0,,0,7,0	16.9 fl oz~500
2193138	B	10	38,0,0,9.6,25,9,0,0,0,0,0,0,0,,0	16.9 fl oz~500|1 package~800
1943271	B	48	186,4.14,12.4,15.9,469,4.14,.69,0,2.8,0,1.24,55,,1.7	½ cup~145|1 package~283
468367	B	76	109,18.2,1.82,1.82,673,0,.91,145,0,0,45.8,273,,0	1 serving~55
1136439	B	76	179,19.6,8.93,1.79,661,0,1.79,98,0,0,4.82,71,,0	1 serving~56
368568	B	45	67,4.17,.42,11.7,292,.83,.17,0,2.5,0,.9,33,,1	½ cup~120
386480	B	45	147,6.9,6.03,13.8,362,.86,1.29,4,3.4,0,1.24,34,,2.1	½ cup~116
1023267	B	100	161,28.6,6.25,0,429,0,.89,36,0,0,.54,0	1 serving~56
2103063	B	76	182,18.5,10,4,900,0,2,0,0,0,18,200,,12	2 -4 pieces~20
2069270	B	76	189,25,10.7,0,880,0,1.79,73,0,0,1.61,18,,0	1 serving~56
2069269	B	100	179,28.6,7.14,0,639,0,1.07,52,0,0,1.29,0,,0	1 serving~56
1894760	B	7	83,4,4,9.33,509,0,0,19,0,0,0,0,,0	1 pepper~75|1 package~300
1930170	B	85	274,3.23,11.3,40.3,903,6.45,1.61,8,3.2,0,1.74,32,,1.9	3 hushpuppies~62|1 package~794
2477765	B	36	143,17,8.04,0,54,0,1.79,58,,0,.64,18,,0	1 serving~112|1 package~907
2087107	B	11	200,0,0,40,17000,0,0,0,,0,,0	1 tsp~5|1 package~225
2212177	B	23	100,0,0,26.7,67,20,0,,,0	1 tbsp~15|1 package~354
2586429	B	54	157,0,0,28.6,2000,0,,0,0,0,0,0,286,0,,,,0	1 tbsp~14|1 package~425
2564722	B	54	67,0,0,13.3,0,13.3,0,,,0	1 tbsp~15|1 package~29.6
2054969	B	2	371,21.4,28.6,0,1470,0,21.4,96,0,0,0,643,,0	1 serving~28|1 package~227
2054974	B	2	357,17.9,28.6,3.57,893,0,14.3,89,0,0,0,536,,0	1 inch cube~28|1 package~200
2054984	B	2	396,28.6,32.1,0,179,0,21.4,900,0,0,0,1360,,0	1 serving~28|1 package~227
2054983	B	2	339,28.6,28.6,0,643,0,17.9,79,0,0,0,786,,0	1 serving~28|1 package~227
2054972	B	2	400,28.6,32.1,0,600,0,17.9,89,0,0,0,1250,,0	1 serving~28|1 package~227
2054973	B	2	429,25,35.7,0,607,0,25,107,0,0,0,1070,,0	1 serving~28|1 package~227
2054968	B	2	382,25,32.1,0,1090,0,21.4,93,0,0,0,893,,0	1 serving~28|1 package~227
2054971	B	2	386,28.6,28.6,0,150,0,21.4,104,0,0,0,1250,,0	1 serving~28|1 package~227
2028002	B	76	200,16.4,10.9,5.45,745,5.45,3.64,73,1.8,0,4.91,145,,0	1 piece~55|1 package~170
2025383	B	88	393,14.3,5.36,67.9,1890,3.57,0,0,3.6,0,5.14,143,,0	¼ cup~28|1 package~283
2025382	B	88	357,14.3,5.36,67.9,2570,3.57,0,0,3.6,0,5.14,143,,0	¼ cup~28|1 package~283
2324439	B	47	33,1.64,0,6.56,230,3.28,0,0,1.6,0,1.15,36,264,,0	¼ cup~61|1 package~794
2675019	B	47	33,1.64,0,6.56,246,3.28,0,0,1.6,0,.59,33,311,14.8,,,,89	¼ cup~61|1 package~794
2340601	B	47	33,1.64,0,6.56,246,3.28,0,0,1.6,0,.49,20,311,,0	¼ cup~61|1 package~3000
2160575	B	47	33,1.64,0,6.56,246,3.28,0,0,1.6,0,.59,33,311,14.8	¼ cup~61|1 package~4800
2651602	B	47	33,1.64,0,6.56,230,3.28,0,0,1.6,0,1.15,36,264,,0	¼ cup~61|1 package~794
2675018	B	47	33,1.64,0,6.56,246,3.28,0,0,1.6,0,.59,33,311,14.8,,,,89	¼ cup~61|1 package~794
2079641	B	32	56,.8,1.2,8.8,432,4.8,,,.8,0,.58,32,,4.8	½ cup~125|1 package~3010
2079634	B	32	48,1.59,0,9.52,302,4.76,0,0,3.2,0,.57,63,,19	¼ cup~63|1 package~3000
2423637	B	47	24,.79,0,4.76,159,2.38,0,0,.8,0,.79,39,206,,0	½ cup~126|1 package~411
2299342	B	47	40,1.59,0,7.94,413,6.35,0,0,.8,0,.79,34,207,,0	½ cup~126|1 package~411
2022692	B	47	37,.82,0,9.02,320,6.56,0,0,.8,0,.59,49,,12.3	½ cup~122|1 package~411
2561850	B	47	40,1.59,0,7.94,413,6.35,0,0,.8,0,.79,34,207,,0	½ cup~126|1 package~411
2654215	B	47	24,.79,0,4.76,238,2.38,0,0,.8,0,.79,56,206,,0	½ cup~126|1 package~411
2423634	B	47	24,.79,0,4.76,206,3.97,0,0,1.6,0,.79,16,179,,0	½ cup~126|1 package~411
2139710	B	34	255,10.4,9.43,32.1,481,3.77,4.72,19,5.7,0,.94,204,280,,0	5 pieces~106|1 package~213
2139711	B	34	226,7.55,5.66,36.8,302,5.66,2.83,9,6.6,0,1.89,124,305,,0	5 pieces~106|1 package~213
2139708	B	26	245,9.43,8.49,33,462,4.72,4.25,19,6.6,0,1.89,225,308,,0	5 pieces~106|1 package~213
2079613	B	32	32,1.61,.4,6.45,508,3.23,0,0,1.6,0,.58,16,,14.5	½ cup~124|1 package~3000
2119446	B	47	24,.79,0,4.76,111,2.38,0,0,.8,0,.86,48,206,9.5	½ cup~126|1 package~411
1905692	B	47	41,1.64,0,8.2,475,4.92,0,0,1.6,0,.59,33,,14.8	¼ cup~61|1 package~425
1863972	B	32	48,1.59,0,9.52,540,4.76,0,0,1.6,0,.63,25,337,,0	¼ cup~63|1 package~425
2027199	B	32	63,1.59,.79,11.1,508,6.35,0,0,1.6,0,.57,32,349,14.3	¼ cup~63|1 package~425
2675023	B	47	24,.79,0,4.76,159,3.17,0,0,.8,0,1.14,48,222,11.9,,,,57	½ cup~126|1 package~2470
2561811	B	47	24,.79,0,4.76,159,2.38,0,0,.8,0,.79,39,206,,0	½ cup~126|1 package~411
1975631	B	47	32,.79,0,6.35,206,4.76,0,0,1.6,0,.79,33,201,,0	½ cup~126|1 package~411
2027198	B	32	48,1.59,0,9.52,540,4.76,0,0,1.6,0,.57,32,317,14.3	¼ cup~63|1 package~227
2594946	B	35	56,1.59,0,11.1,24,6.35,0,0,3.2,0,1.59,21,511,,0	¼ cup~63|1 package~822
2372978	B	47	24,.79,0,4.76,103,2.38,0,0,.8,0,.79,37,207,,0	½ cup~126|1 package~1640
2632198	B	47	24,.79,0,4.76,159,2.38,0,0,.8,0,.79,39,206,,0	½ cup~126|1 package~411
2675058	B	47	106,3.03,1.52,18.2,909,9.09,0,0,6.1,0,1.09,61,848,27.3,,,,218	2 tbsp~33|1 package~170
2496367	B	47	25,.83,0,4.96,157,2.48,0,0,.8,0,.89,33,207,7.4	½ cup~121|1 package~794
2027197	B	32	48,1.59,0,9.52,619,4.76,0,0,1.6,0,.57,32,,5.7	¼ cup~63|1 package~425
2023137	B	47	32,1.59,0,6.35,24,3.17,0,0,1.6,0,.57,0,317,14.3	¼ cup~63|1 package~822
2675046	B	47	32,1.59,0,6.35,16,3.17,0,0,1.6,0,.57,0,286,9.5,,,,86	¼ cup~63|1 package~227
2027205	B	47	33,1.64,0,6.56,459,3.28,0,0,1.6,0,.59,33,279,9.8	¼ cup~61|1 package~822
2675052	B	47	91,3.03,0,18.2,61,12.1,0,0,6.1,0,3.03,36,927,,0	2 tbsp~33|1 package~170
2408542	B	47	56,1.59,0,11.1,24,6.35,0,0,3.2,0,1.59,21,511,,0	¼ cup~63|1 package~425
2408541	B	47	33,1.64,0,6.56,525,4.92,0,0,1.6,0,.66,21,346,,0	¼ cup~61|1 package~425
2675021	B	47	41,1.64,0,8.2,525,4.92,0,0,1.6,0,.66,23,349,,0	¼ cup~61|1 package~425
2266963	B	47	33,.83,0,6.61,248,4.96,0,0,.8,0,.83,26,205,,0	½ cup~121|1 package~794
2372995	B	47	33,1.64,0,4.92,0,3.28,0,0,1.6,0,1.64,20,374	¼ cup~61|1 package~794
2675041	B	47	25,1.64,0,4.92,156,3.28,0,0,1.6,0,.59,33,328,19.7,,,,89	¼ cup~61|1 package~2380
2675031	B	47	29,1.65,0,5.79,8,4.13,0,0,1.7,0,.83,23,403,,0	½ cup~121|1 package~794
2430894	B	47	33,1.64,0,6.56,443,3.28,0,0,1.6,0,.59,0,230,,0	¼ cup~61|1 package~227
2675020	B	47	33,1.64,0,6.56,459,3.28,0,0,1.6,0,.59,33,279,9.8,,,,89	¼ cup~61|1 package~227
2079549	B	32	56,1.6,1.2,9.6,448,5.6,,,1.6,0,.86,16,,7.2	½ cup~125|1 package~2980
2121503	B	47	32,.79,0,7.14,167,4.76,0,0,.8,0,.86,48,206,9.5	½ cup~126|1 package~411
2101250	B	47	36,.79,0,7.94,206,4.76,0,0,.8,0,.86,32,214,9.5	½ cup~126|1 package~411
2024488	B	35	136,0,1.52,30.3,348,24.2,0,0,0,0,0,0,61,7.3	2 tbsp~33
2181664	B	32	56,1.59,0,12.7,540,7.94,0,0,1.6,0,0,21,337,,0	¼ cup~63|1 package~425
2025393	B	88	393,14.3,5.36,67.9,1820,3.57,0,0,3.6,0,5.14,143,,0	¼ cup~28|1 package~283
2064429	B	47	91,3.03,0,18.2,61,12.1,0,0,6.1,0,1.09,61,939,54.5	2 tbsp~33|1 package~2000
2675022	B	47	91,3.03,0,18.2,909,9.09,0,0,6.1,0,2.18,61,879,27.3,,,,218	2 tbsp~33|1 package~170
2675016	B	47	106,3.03,1.52,18.2,909,9.09,0,0,6.1,0,2.18,61,879,27.3,,,,218	2 tbsp~33|1 package~170
2416306	B	47	33,1.64,0,6.56,459,3.28,0,0,1.6,0,.49,18,279,,0	¼ cup~61|1 package~3000
2561828	B	47	33,.83,0,6.61,248,4.96,0,0,.8,0,.83,26,205,,0	½ cup~121|1 package~794
2027206	B	32	48,1.59,0,9.52,540,4.76,0,0,1.6,0,.57,32,317,14.3	¼ cup~63|1 package~425
1662324	B	102	140,12,10,0,140,,3,370,,0,1.44,40,140,0	1 egg~50
2627664	B	16	221,7.08,7.08,30.1,239,0,3.1,44,1.8,0,.88,168,88,0,0,,,62	1 serving~113|1 package~342
2627663	B	16	274,9.73,4.42,42.5,558,1.77,1.77,27,1.8,0,2.83,71,133,0,0,1.77,.88,18	1 serving~113|1 package~454
2623494	B	68	212,4.42,4.42,38,248,.88,.44,0,2.7,0,.35,9,265,16.8,0,2.65,1.33,0	1 serving~113|1 package~340
2627665	B	16	221,7.96,7.96,28.3,283,.88,3.54,66,1.8,0,.64,133,,0,,3.1,.88,48	1 serving~113|1 package~342
2090391	B	21	117,5.37,.67,22.2,352,6.38,0,10,1.3,0,.6,13,,3	1 serving~298
2265613	B	21	107,6.38,1.68,16.4,178,2.68,.5,12,2,0,.91,20,,3,,.5,.17	1 serving~298|1 package~595
2456521	B	36	62,15,0,0,469,0,0,111,0,0,0,18,,0	1 serving~113|1 package~907
2265618	B	21	114,5.37,1.68,20.8,198,3.02,.34,7,2,0,.91,20,,4,,.5,.34	1 serving~298|1 package~595
2017148	B	36	265,7.96,23.9,3.54,743,.88,6.19,80,1.8,3.54,1.59,133,,0	1 serving~113|1 package~283
2475387	B	33	94,7.43,1.73,12.6,139,.99,.5,16,1.2,0,.5,17,149,,1	½ container~404|1 package~808
2505764	B	4	480,8,28,52,160,0,12,20,0,0,0,0,0,,0	2 cookies~25|1 package~284
1780423	B	80	200,4,13,17,85,3,1,0,2,0,1.08,40,,4.8	1 serving~100
453468	B	9	312,2.6,.8,70.5,,46.1	1 serving~100
2616984	B	4	464,3.57,25,60.7,107,46.4,16.1,0,3.6,0,2.57,0,0,,0	1 cookie~28|1 package~340
2438360	B	4	464,3.57,25,60.7,107,46.4,16.1,0,3.6,,2.57,0,,0,,7.14,0,,,0,0	2 cookies~28|1 package~340
2629664	B	4	500,3.12,25,62.5,156,37.5,9.38,31,0,0,0,0,0,,0	5 cookies~32|1 package~340
2629665	B	4	516,6.45,25.8,64.5,161,41.9,11.3,16,3.2,0,2.32,0,0,,0	2 cookies~31|1 package~340
2412104	B	4	480,8,24,56,60,40,8,40,4,0,1.44,0,0,,0	1 cookie~25|1 package~340
2571433	B	4	480,8,24,56,60,40,8,40,4,0,1.44,0,0,,0	1 cookie~25|1 package~340
2616983	B	4	480,8,28,52,160,0,12,20,0,0,0,0,0,,0	2 cookies~25|1 package~284
1115932	B	88	400,2.86,7.14,80,629,42.9,2.86,0,0,0,2,0,114,,0	.08 package, mix~35
517809	B	88	353,2.94,0,79.4,1210,23.5,0,0,2.9,0,2.12,59,,0	¼ cup~34
893534	B	38	361,5.56,2.78,80.6,611,41.7,,,5.6,0,4.44,56,306	.07 package~36
394993	B	88	394,3.03,4.55,84.8,788,45.4,1.52,0,6.1,0,1.09,61,,0	¼ cup~33
564909	B	38	351,8.77,2.63,73.7,842,10.5,0,0,5.3,0,4.74,439,,0,,0,1.75	½ cup~57
394986	B	38	409,4.55,4.55,86.4,341,54.6,2.27,0,4.5,0,4.91,0,,0	2 tbsp~22
2094990	B	28	418,12.7,40,1.82,604,0,14.6,133,0,0,6.55,18,,5.5	1 serving~55|1 package~340
1796714	B	2	429,25,32.1,3.57,714,0,21.4,89,0,0,0,714,,0	1 serving~28|1 package~227
2510087	B	4	451,15.7,39.2,33.3,127,3.92,8.82,0,9.8,0,3.53,39,412	1 each~51
508721	B	50	357,14.3,14.3,42.9,12100,0,0,0,14.3,0	1 1/3 tsp~7
508718	B	35	471,5.88,41.2,29.4,2650,0,0,0,5.9,0	1 tbsp~17
508716	B	11	349,12.7,2.38,68.2,2540,0,0,0,12.7,0	¼ cup~63
2012049	B	29	400,6.67,3.33,80,867,0,0,0,6.7,0,0,0,,0	9 crackers~15|1 package~100
2428313	B	25	6,.28,0,.85,6,0,0,0,0,0,0,6,121,,0	1 can~355
2428156	B	25	1,0,0,0,3,0,0,0,0,0,0,0,0,,0	1 can~355
2428161	B	25	6,.28,0,.85,4,0,0,0,0,0,0,6,130,,0	1 can~355
2428169	B	25	6,0,.28,.28,3,0,.14,0,0,0,0,0,0,,0	1 can~355
2541685	B	50	0,0,0,0,0	¼ tsp~.3|1 package~62
2167762	B	11	455,0,0,90.9,15500	¼ tsp~1.1|1 package~748
2311329	B	11	0,0,0,0,32200,,,0,,0,,,,,0	¼ tsp~.9|1 package~218
2168678	B	11	400,0,20,60,7200,20	2 tsp~5|1 package~125
2386727	B	11	0,0,0,0,0,,,0,,0,,,,,0	¼ tsp~.6|1 package~159
2386717	B	11	0,0,0,0,13000,,,,,0,,,,,0	¼ tsp~.5|1 package~218
2167774	B	11	0,0,0,0,25600	.12 tsp~.9|1 package~482
2169046	B	11	333,0,0,88.9,5110,66.7	1.12 tsp~4.5|1 package~128
2447842	B	88	367,3.33,1.67,46.7,250,23.3,0,0,3.3,0,1.2,0,33,0	1 muffin~30|1 package~454
2664808	B	38	367,3.33,3.33,53.3,433,30,1.67,0,6.7,0,4.8,0,167,0,,,,60	1 slice~30|1 package~539
2447840	B	38	414,3.45,10.3,65.5,190,41.4,6.9,0,3.4,0,2.48,0,34,0	2 cookies~29|1 package~369
2447844	B	38	379,6.9,6.9,58.6,207,34.5,3.45,0,6.9,0,6.21,0,155,0	1 brownie~29|1 package~425
2447841	B	38	393,7.14,8.93,64.3,214,35.7,5.36,0,3.6,0,5.14,0,286,8.6	2 cookies~28|1 package~369
2424279	B	33	158,12.9,4.82,15.1,212,1.29,1.93,32,.3,0,.32,15,12,,0	1 serving~311|1 package~1244
2511402	B	33	310,17.6,15.5,25.2,583,2.07,7.93,41,1,0,1.38,209,141,,0	1 serving~290|1 package~635
2276854	B	33	104,10.4,1.02,13.9,61,2.86,.1,34,1.2,0,.61,13,229,,0	1 serving~490
2181639	B	33	104,10.4,1.02,13.9,61,2.86,.1,34,1.2,0,.61,13,229,,0	1 serving~490|1 package~978
2424281	B	33	206,17,5.88,19.6,441,1.63,2.94,42,.3,0,.98,106,43,,0	1 serving~306|1 package~1224
2424280	B	33	153,11.8,.88,23.6,68,5.03,0,24,1,0,1.26,10,108,,0	1 serving~398|1 package~794
2421417	B	33	222,19.2,5.41,22.5,180,2.7,2.7,44,.6,0,1.5,123,154,,0	1 serving~333|1 package~663
2544952	B	33	146,12.8,2.18,18.7,255,6.54,.31,36,.6,0,.93,16,63,,0	1 serving~321|1 package~1284
2564142	B	21	294,15.3,22.4,9.41,565,2.35,10.6,47,2.4,1.18,1.88,47,259,,0	3 meatballs~85|1 package~510
2163896	B	21	271,15.3,21.2,5.88,553,2.35,8.24,47,2.4,,1.69,71,,35.3	4 meatballs~85|1 package~510
1896067	B	26	254,14.1,15.5,14.1,507,1.41,4.93,35,0,0,1.01,56,,0	5 bites~71|1 package~397
1896042	B	26	259,14.1,15.3,12.9,506,1.18,4.71,41,0,0,.85,71,,0	6 bites~85|1 package~680
1896087	B	26	239,14.1,12.7,16.9,535,4.23,4.23,35,0,0,1.01,56,,1.7	5 bites~71|1 package~397
1896078	B	83	200,17.6,8.24,11.8,506,1.18,2.35,47,1.2,,.85,24,,1.4	6 bites~85|1 package~680
2163898	B	98	179,20.2,9.52,3.57,583,2.38,2.38,77,0,,.86,24,,1.4	1 serving~84|1 package~340
1958779	B	26	176,20,8.24,3.53,565,2.35,2.35,76,0,,.85,24,,1.4	1 serving~85|1 package~624
2564146	B	98	271,15.3,21.2,11.8,718,5.88,8.24,59,2.4,.59,1.88,118,259,,0	6 meatballs~85|1 package~1021
2163895	B	131	179,20.2,9.52,2.38,583,1.19,2.38,71,0,,.86,24,,2.9	1 serving~84|1 package~340
2068848	B	26	259,15.3,15.3,14.1,612,2.35,4.71,35,0,0,.85,94,,7.1	6 bites~85|1 package~680
2068857	B	137	188,22.4,7.06,9.41,565,3.53,1.76,71,2.4,0,2.75,59,,10.6	6 meatballs / per~85|1 package~680
1948309	B	64	212,17.6,14.1,5.88,459,1.18,4.71,71,1.2,,1.27,94,,1.4	1 serving~85|1 package~340
2163892	B	137	165,16.5,8.24,4.71,553,1.18,1.76,59,2.4,,1.69,47,,21.2	4 meatballs~85|1 package~510
2130668	B	131	95,19,1.79,1.19,274,0,0,48,0,,.43,0,,0	1 serving~84|1 package~510
1958778	B	26	212,17.6,14.1,1.18,494,0,3.53,112,0,,.85,24,,0	1 serving~85|1 package~567
2068917	B	137	235,16.5,15.3,8.24,682,3.53,5.29,71,2.4,,2.12,94,,1.4	1 serving~85|1 package~397
2619099	B	21	271,16.5,21.2,5.88,518,1.18,8.24,47,2.4,,2.12,71,,0,,,,0	3 meatballs~85|1 package~680
2125826	B	64	235,12.9,17.6,5.88,565,1.18,7.06,41,1.2,,1.69,71,,5.6	1 serving~85|1 package~340
2163893	B	137	282,14.1,22.4,5.88,471,1.18,8.24,59,1.2,,1.69,47,,1.4	4 meatballs~85|1 package~340
2615234	B	21	282,15.3,22.4,7.06,471,2.35,8.24,65,1.2,,1.69,24,,0,,,,0	3 meatballs~85|1 package~1361
2158098	B	64	247,15.3,18.8,5.88,506,1.18,7.06,65,1.2,,1.69,24,,0	1 serving~85|1 package~340
2163897	B	137	282,15.3,22.4,5.88,518,1.18,8.24,59,1.2,,2.12,47,,7.1	4 meatballs~85|1 package~340
2658360	B	137	282,16.5,21.2,7.06,694,1.18,5.88,76,2.4,,2.12,71,,0,,,,0	6 meatballs~85|1 package~2270
2158097	B	137	188,18.8,10.6,2.35,541,1.18,2.94,71,1.2,,1.27,94,,0	1 serving~85|1 package~340
2161973	B	131	190,20.2,9.52,3.57,571,2.38,2.38,71,0,,.86,24,,0	1 serving~84|1 package~340
2105389	B	64	271,14.1,18.8,9.41,553,7.06,7.06,65,1.2,,.85,24,,1.4	1 serving~85|1 package~340
2163894	B	131	190,19,9.52,4.76,607,2.38,2.38,71,0,,.86,24,,1.4	1 serving~84|1 package~340
1896080	B	21	131,6.41,5.45,14.1,256,2.88,2.24,16,1.6,0,.87,48,,3.8	½ container~312|1 package~624
1896073	B	21	176,7.05,9.94,14.7,311,1.92,4.81,34,1.3,.32,1.15,80,,9.6	½ container~312|1 package~624
1998827	B	137	176,20,8.24,7.06,435,2.35,1.76,71,1.2,0,1.69,24,,0	4 meatballs~85|1 package~340
1896089	B	83	235,14.1,11.8,16.5,459,3.53,2.94,35,0,0,.85,24,,1.4	6 bites~85|1 package~680
1958780	B	26	200,16.5,14.1,1.18,694,0,3.53,106,0,,.85,24,,4.2	1 serving~85|1 package~567
1954826	B	26	212,16.5,12.9,4.71,412,2.35,2.94,100,0,,.85,24,,1.4	1 serving~85|1 package~567
2153575	B	26	167,20.2,8.33,1.19,667,0,2.38,71,0,,.86,0,,0	1 serving~84|1 package~624
2546753	B	131	167,20.2,8.33,1.19,655,0,2.38,71,0,,.86,24,,0	1 serving~84|1 package~340
2167793	B	26	179,20.2,9.52,1.19,488,0,2.38,77,0,,.86,24,,4.3	1 serving~84|1 package~340
2068889	B	26	137,10.5,9.47,6.32,484,2.11,5.26,26,1.1,,.38,263,,1.3	1 meatball w/ sauce~95|1 package~567
1896093	B	26	168,10.5,12.6,5.26,484,2.11,4.21,37,1.1,,1.14,105,,3.8	1 meatball w/ sauce~95|1 package~567
2269435	B	64	188,17.6,10.6,7.06,494,4.71,2.94,65,1.2,,1.69,94,,4.2	1 serving~85|1 package~340
2564143	B	21	165,16.5,10.6,7.06,694,1.18,2.94,59,2.4,0,1.88,59,282,,0	3 meatballs~85|1 package~567
2497797	B	26	200,16.5,14.1,1.18,576,0,3.53,106,0,,.85,24,,0	1 serving~85|1 package~567
736990	B	54	143,0,10,12.9,300,7.14,5.71,0,2.9,0,.51,29,100,,0	¼ cup~70
736992	B	54	86,1.43,4.29,11.4,300,7.14,1.43,7,1.4,0,.51,29,100,,0	¼ cup~70
602137	B	35	40,1.59,0,7.94,778,3.17,,,1.6,,.79	¼ cup~63
1951388	B	4	543,2.86,28.6,71.4,386,51.4,11.4,14,0,0,2,29,86,,0	1 cookie~35|1 package~4530
1981346	B	9	423,3.85,16.7,64.1,205,52.6,7.69,38,1.3,0,3.59,26,244,,0	.06 cake~78|1 package~1410
1925902	B	4	500,3.57,17.9,82.1,286,50,10.7,89,3.6,0,1.43,50,286,,0	1 serving~28|1 package~140
1925783	B	4	464,3.57,21.4,64.3,286,39.3,10.7,71,3.6,0,1.43,50,214,,0	1 serving~28|1 package~140
2048360	B	4	500,7.14,25,60.7,429,42.9,12.5,71,7.1,0,3.86,0,,0	6 cookies /~28
1874083	B	4	429,3.57,8.93,82.1,143,64.3,5.36,36,3.6,0,2.57,71,,0	6 cookies /~28|1 package~84
2056907	B	4	464,7.14,21.4,60.7,179,35.7,12.5,71,7.1,0,3.86,71,,0	6 cookies /~28|1 package~140
2234008	B	56	385,3.85,3.85,84.6,423,34.6,0,0,3.8,0,17.3,385,173,23.1,3.85,0,0,,,1,1.64,1.92,,31,154,5.77,14.4	¾ cup with 1/2 cup skim milk~26
2746629	B	56	389,5.56,4.17,86.1,528,33.3,0,0,5.6,0,10,361,278,16.7,11,,,250,5.56,1,.472,1.11,222,,,3.33,8.33	1 cup~36
2746520	B	56	389,5.56,4.17,86.1,528,33.3,0,0,5.6,0,10,361,278,16.7,11,,,250,5.56,1,.472,1.11,222,,,3.33,8.33	1 cup~36
2560888	B	14	385,7.69,6.41,74.4,359,30.8,2.56,0,5.1,0,9.23,333,256,,,,,,10.3,,.872,1.03,205,62,205,,7.69	1 serving~39
1635850	B	14	385,3.85,3.85,84.6,346,34.6,0,0,3.8,0,17.3,385,173,23.1,3.85,0,1.92,,19.2,1,1.64,1.92,,31,154,5.77,14.4	¾ cup~26
2614493	B	14	389,5.56,4.17,86.1,528,33.3,0,0,5.6,0,10,361,278,16.7,6,1.39,1.39,250,5.56,1,.472,1.11,222,44,111,3.33,8.33	1 cup cookie crisp~36|1 package~746
2614449	B	14	389,5.56,4.17,86.1,528,33.3,0,0,5.6,0,10,361,278,16.7,6,1.39,1.39,250,5.56,1,.472,1.11,222,44,111,3.33,8.33	1 cup cookie crisp~36|1 package~519
1635967	B	14	385,3.85,3.85,84.6,462,34.6,0,0,3.8,0,17.3,385,212,23.1,3.85,0,1.92,,19.2,1,1.64,1.92,,31,154,5.77,14.4	¾ cup~26
1953057	B	4	474,5.26,23.7,60.5,250,23.7,9.21,0,2.6,0,3.79,53,,0	2 cookies~38|1 package~177
2134190	B	4	500,3.33,30,53.3,100,40,23.3,0,6.7,0,1.2,0,,0	1 cookie~30|1 package~240
2365939	B	4	455,3.03,18.2,66.7,212,39.4,6.06,0,.8,0,2.18,0,0,,0	1 cookie~33|1 package~240
2673794	B	4	500,3.33,30,56.7,167,40,16.7,0,3.3,0,3.6,67,,0,,,,0	3 cookies~30|1 package~170
2271762	B	4	480,4,28,60,120,44,12,0,1,0,1.44,0,0,,0	1 cookie~25|1 package~283
2096126	B	8	400,3.33,20,53.3,167,26.7,10,0,3.3,3.33,2.4,0,,0	2 cookies~30
2088514	B	4	433,3.33,16.7,66.7,233,30,5,0,0,5,2.4,0,,0	1¾ cookies~30|1 package~680
2179627	B	4	450,2.5,20,67.5,138,32.5,10,0,.6,0,1.8,0,0,,0	2 cookies~40|1 package~226
2310016	B	1	444,2.78,19.4,66.7,194,36.1,6.94,0,.7,0,2,0,0,,0	2 cookies~36|1 package~248
2093052	B	4	467,3.33,23.3,63.3,200,30,13.3,0,0,0,2.4,0,,0	2 cookies~30|1 package~340
2307474	B	4	536,3.57,35.7,53.6,89,17.9,17.9,54,0,0,2.57,71,0,,0	1 cookie~28|1 package~907
2560315	B	0	500,7.14,25,60.7,536,39.3,8.93,18,3.6,0,0,71,0,,0	1 pretzel~28|1 package~227
2112635	B	4	500,3.33,30,56.7,167,40,16.7,0,3.3,0,3.6,67,,0	3 cookies~30|1 package~170
2296128	B	9	467,3.33,20,66.7,283,46.7,13.3,33,.8,0,1.2,67,0,,0	1 cookie~30|1 package~170
2093051	B	4	467,3.33,23.3,63.3,267,30,11.7,0,0,0,2.4,0,,0	2 cookies /~30|1 package~1361
2103174	B	4	467,3.33,26.7,56.7,233,30,13.3,0,3.3,0,2.4,0,,0	2 cookies~30|1 package~340
2087668	B	4	467,3.33,20,66.7,217,30,5,0,0,5,2.4,0,,0	1 2/3 cookies /~30|1 package~255
2088515	B	4	467,3.33,20,66.7,183,30,5,0,0,5,2.4,0,,0	1½ cookies~30|1 package~198
1996878	B	4	362,4.26,10.6,61.7,191,42.6,5.32,21,.5,0,1.53,0,0,,0	1 cookie~47|1 package~187
2172593	B	4	533,3.33,33.3,53.3,317,36.7,20,0,3.3,0,2.4,0,0,,0	2 cookies / null~30|1 package~170
2501770	B	4	500,7.14,28.6,57.1,143,28.6,12.5,36,0,0,3.57,21,96,,0	1 serving~28|1 package~1134
2636665	B	74	464,3.57,16.1,71.4,393,39.3,12.5,0,0,0,0,18,61,,0	1 serving~28|1 package~298
2445580	B	74	480,.88,23,35.4,50,20.4,20.4,5,.4,0,0,88,,0	1 serving~113
2154986	B	1	452,1,26,40,56,23,23,6,.5,0,0,100,,0	1 serving~100
2636664	B	4	500,2.5,25,67.5,162,50,17.5,12,0,0,.9,50,,0,,,,0	1 serving~40|1 package~88
2036853	B	9	450,2.5,22.5,67.5,112,50,15,12,2.5,0,1.8,50,,0	1 serving~40|1 package~88
2154979	B	1	460,3.53,28.2,65.9,45,49.4,14.1,5,2.4,0,0,0,213,,.025	1 serving~85
2471152	B	4	467,3.33,20,70,233,53.3,13.3,0,3.3,0,3.33,57,170,,20	20 pieces~30|1 package~88
1899339	B	4	400,6.67,15,63.3,167,33.3,8.33,50,0,0,1.2,0,,0	1 serving~30|1 package~123
1899340	B	4	400,6.67,15,63.3,167,33.3,8.33,50,0,0,1.2,0,,0	1 serving~30|1 package~102
1899344	B	4	367,6.67,10,66.7,383,40,3.33,33,0,0,1.2,0,,0	1 serving~30|1 package~57
1899338	B	4	400,6.67,15,63.3,167,33.3,8.33,50,0,0,1.2,0,,0	1 serving~30|1 package~105
2678823	B	4	500,6.67,33.3,53.3,300,23.3,20,67,3.3,,3.6,63,197,,0	2 cookies30 g~30|1 package~140
1882154	B	4	536,7.14,28.6,64.3,464,39.3,14.3,71,3.6,0,2.57,71,,0	1 serving~28|1 package~170
1882155	B	4	500,3.57,28.6,67.9,536,39.3,16.1,89,3.6,0,2.57,0,,0	1 serving~28|1 package~170
2042958	B	4	500,3.57,25,71.4,482,42.9,16.1,89,0,0,2.57,71,,0	1 serving~28|1 package~170
1880174	B	0	536,3.57,32.1,64.3,89,25,3.57,0,7.1,0,1.29,0,,0	2½ cup~28|1 package~170
2582443	B	0	500,6.67,26.7,63.3,100,40,11.7,0,3.3,0,0,47,77,,0	1¼ cup~30|1 package~149
2450116	B	0	500,3.33,26.7,63.3,117,36.7,10,0,3.3,0,0,30,93,,0	1¼ cup~30|1 package~149
2653181	B	0	500,3.33,26.7,63.3,67,40,11.7,0,6.7,0,0,47,73,,0	1¼ cup~30|1 package~149
1874872	B	0	571,7.14,32.1,57.1,89,14.3,3.57,0,7.1,,2.57,0,,0	2½ cup~28|1 package~142
2148099	B	4	386,17.5,12.3,45.6,316,31.6,6.14,0,4.4,0,2.53,35,,0	½ cookie~57|1 package~113
2546150	B	11	0,0,0,0,31600,0,0,0,0,0,0,0,0,,0	¼ tsp~1|1 package~454
2070378	B	64	417,33.3,33.3,0,1420,0,8.33,42,0,0,0,0,,0	1 cooked slice~12|1 package~454
2171947	B	19	263,2.63,3.95,52.6,1290,36.8,0,0,0,0,0,29,166,,0	2 tbsp~38|1 package~2381
2170654	B	15	46,2.7,0,10.8,703,5.41,0,0,2.7,0,0,0,,3.2	2 tbsp~37|1 package~454
2169753	B	15	46,2.7,0,10.8,703,5.41,0,0,2.7,0,0,0,,3.2	2 tbsp~37|1 package~454
2169752	B	35	50,3.33,0,13.3,767,6.67,0,0,3.3,0,0,0,,0	1 serving~30|1 package~4200
2128658	B	19	263,2.63,3.95,52.6,1290,36.8,0,0,0,0,0,29,166,,0	2 tbsp~38|1 package~567
2066704	B	19	211,0,0,52.6,289,44.7,0,0,2.6,0,.95,0,,0	1 serving~38|1 package~794
2169754	B	19	184,0,0,47.4,658,44.7,0,0,0,0,0,0,,3.2	2 tbsp~38|1 package~564
2169751	B	19	117,0,0,26.7,533,20,0,0,3.3,0,0,0,,0	2 tbsp~30|1 package~510
504473	B	4	444,5.56,16.7,66.7,83,44.4,13.9,0,1.4,0,2,0,,0	1 piece~18
2061636	B	4	465,4.65,16.3,72.1,93,44.2,9.3,58,0,0,2.51,47,,0	1 serving~43|1 package~85
2061637	B	4	462,5.13,15.4,74.4,90,43.6,8.97,51,0,0,1.85,51,,0	½ daisy cookies~39|1 package~78
2061638	B	4	462,5.13,15.4,74.4,90,43.6,8.97,51,0,0,1.85,51,,0	½ daisy cookies~39|1 package~69
2061635	B	4	462,5.13,15.4,74.4,90,43.6,8.97,51,0,0,1.85,51,,0	½ daisy cookies~39
2170466	B	4	412,5.88,14.7,64.7,147,38.2,8.82,59,0,0,2.12,0,,0	1 serving~34
1899759	B	4	321,3.57,12.5,42.9,143,17.9,7.14,54,0,0,2.57,143	1 serving~28|1 package~672
1958842	B	4	393,7.14,32.1,32.1,54,0,7.14,36,0,0,1.29,71	1 serving~28|1 package~312
2256514	B	4	393,7.14,32.1,32.1,54,0,7.14,36,0,0,1.29,71	1 serving~28|1 package~170
2168670	B	4	321,3.57,12.5,42.9,143,17.9,7.14,54,0,0,2.57,143,,0	1 ounce~28|1 package~170
2300392	B	4	393,3.57,10.7,53.6,196,28.6,7.14,54,0,0,1.29,143,,0	1 ounce~28|1 package~907
1899758	B	4	321,3.57,12.5,42.9,143,17.9,7.14,54,0,0,2.57,143	1 serving~28|1 package~448
1997118	B	4	321,3.57,12.5,42.9,143,17.9,7.14,54,0,0,2.57,143,,0	1 ounce~28|1 package~142
2168592	B	14	390,4.88,0,90.2,366,31.7,0,0,0,0,17.6,0,73,,,0,0,,9.76,1,.829,.976,293,,,2.93	1¼ cup~41|1 package~482
2175665	B	14	390,4.88,0,90.2,366,31.7,0,0,0,0,17.6,0,73,,,0,0,,9.76,1,.829,.976,293,,,2.93	1¼ cup~41|1 package~340
2595968	B	14	390,4.88,0,90.2,366,31.7,0,0,0,0,17.6,0,73,,5,0,0,,9.76,1,.829,.976,293,,,2.93	1 serving~41|1 package~340
1106312	B	19	117,0,0,26.7,700,23.3,0,0,3.3,0,0,0,,0	1 serving~30
1662777	B	9	370,6.67,13.3,63.3,373,43.3,3.33,40,3.3,3.33,3.6,67,,0	1 serving~30
2511346	B	3	254,4.1,13.9,29.5,102,27,9.02,45,0,.41,0,125,180,,.825	1 serving~122|1 package~437
2511345	B	3	246,3.28,11.5,33.6,66,29.5,7.38,41,0,0,0,108,148,,.825	2/3 cup~122|1 package~437
2510548	B	3	270,0,16.4,28.7,98,23.8,8.2,41,1.6,.41,1.64,120,310,,.825	2/3 cup~122|1 package~437
2036852	B	1	450,2.5,22.5,70,225,55,17.5,0,0,0,0,100,,0	1 serving~40|1 package~88
1928391	B	9	357,4.41,13.2,58.8,187,39.7,2.94,29,2.9,0	1 serving~68|1 package~136
2176180	B	74	435,7.06,20,60,282,31.8,7.06,0,2.4,0,3.18,47,165,,0	1 serving~85|1 package~170
1873436	B	4	533,6.67,33.3,53.3,100,26.7,23.3,0,0,0,0,0,,0	1 cookie~15|1 package~226
2041506	B	4	440,4,14,76,360,32,7,0,0,0,2.88,0,,0	1 cookie~50
2093398	B	4	484,6.45,22.6,67.7,274,22.6,11.3,0,0,0,2.32,0,,0	3 cookies~31|1 package~198
2045297	B	4	440,4,14,76,360,32,7,0,0,0,2.88,0,,0	1 cookie~50
2045302	B	4	420,4,10,78,250,46,5,10,2,0,2.16,0,,0	1 cookie~50
1959736	B	4	440,4,12,76,170,46,6,0,0,0,2.16,40,0,,0	1 cookie~50
2116669	B	4	440,4,14,76,360,32,7,0,0,0,2.88,0,,0	1 cookie~50
2045300	B	4	440,4,14,76,360,32,7,0,0,0,2.88,0,,0	1 cookie~50
2043064	B	4	440,4,14,76,360,32,7,0,0,0,2.88,0,,0	1 cookies~50
1961515	B	4	440,4,12,76,170,46,6,0,0,0,2.16,40,0,,0	1 cookie~50
2167547	B	4	467,6.67,20,70,100,33.3,10,20,0,0,0,0,117,,0	½ cookie~30|1 package~56
2426611	B	4	400,3.33,10,76.7,117,53.3,5,0,0,0,1.33,13,53,,0	.14 kit~30|1 package~198
2134532	B	4	400,3.33,10,76.7,267,53.3,5,0,0,0,4,33,100,,0	.05 kit~30|1 package~595
1922770	B	4	440,4,12,78,170,46,6,0,2,0,2.16,80,,0	1 cookie~50
2050226	B	4	489,4.44,24.4,64.4,300,20,11.1,0,2.2,0,2.4,0,,0	1 serving~45|1 package~652
2046985	B	4	500,4.55,31.8,59.1,136,22.7,22.7,0,0,0,1.64,0,,0	1 cookie~22|1 package~587
2093397	B	4	500,3.57,25,64.3,179,42.9,17.9,0,0,0,0,0,,0	3 cookies~28|1 package~226
2047693	B	38	440,4,14,76,360,32,7,0,0,0,2.88,0,,0	1 cookie~50
2046982	B	4	440,4,14,76,360,32,7,0,0,0,2.88,0,,0	1 cookie~50
2046984	B	4	440,4,14,76,360,32,7,0,0,0,2.88,0,,0	1 cookie~50
2050225	B	4	440,4,12,78,170,46,6,0,2,0,2.16,80,,0	1 cookie~50
2418679	B	4	400,3.33,10,76.7,117,56.7,5,0,0,0,1,7,30,,0	.14 kit~30|1 package~198
2050222	B	4	440,4,12,78,170,46,6,0,2,0,2.16,80,,0	1 cookie~50
2088999	B	4	400,3.33,11.7,73.3,117,43.3,5,0,0,0,2,37,70,,0	.03 kit~30|1 package~822
2166587	B	4	400,3.33,10,76.7,117,56.7,5,0,0,0,1,7,30,,0	.14 kit~30|1 package~198
2046983	B	4	464,7.14,16.1,75,232,21.4,3.57,0,0,0,3.86,357,,0	6 cookies~28|1 package~56
2418678	B	4	387,3.23,9.68,74.2,161,48.4,3.23,0,0,0,1.61,190,35,,0	.06 kit~31|1 package~496
2050224	B	4	464,7.14,16.1,75,232,21.4,3.57,0,0,0,3.86,357,,0	6 cookies~28|1 package~56
1998341	B	4	387,3.23,9.68,74.2,113,48.4,4.84,0,0,0,1.29,26,35,,0	.03 kit~31|1 package~822
2054554	B	4	433,3.33,10,80,233,50,5,0,0,0,1.2,0,,0	.04 decorated gingerbread house~30|1 package~833
2045296	B	4	440,4,14,76,360,32,7,0,0,0,2.88,0,,0	1 cookie~50
2045298	B	4	440,4,14,76,360,32,7,0,0,0,2.88,0,,0	1 cookie~50
2093624	B	4	440,4,12,78,170,46,6,0,2,0,2.16,80,,0	1 cookie~50
2093560	B	4	467,6.67,13.3,73.3,100,33.3,10,0,0,0,0,0,,0	1 cookie~15|1 package~283
2093558	B	4	440,4,12,78,170,46,6,0,2,0,2.16,80,,0	1 cookie~50
2525928	B	57	385,5.49,11,74.2,302,33,4.12,0,5.5,0,3.85,27,192,,0	1 cookie~36.4
2125750	B	64	196,14.3,14.3,3.57,429,1.79,6.25,54,,,.64,18,,1.1	1 serving~112
2131259	B	48	107,17.9,2.23,4.46,214,1.79,.89,54,,,,36	1 serving~112
2067835	B	33	118,14.7,5.15,3.68,235,1.47,1.84,33,.7,0,1.99,15,,.9	¾ cup~136|1 package~397
2626728	B	33	70,3.49,1.45,10.5,67,2.91,.29,3,4.1,0,1.05,35,,59.3,,,,78	1 cup~172|1 package~397
2187967	B	77	136,14.3,5.71,5,314,2.86,3.57,43,.7,0,.51,14,,3.4	1 serving~140|1 package~397
2092689	B	77	143,15.5,7.14,4.76,381,1.19,2.38,48,0,0,.86,24,,0	1 serving~84
2187135	B	77	113,20.4,1.76,3.52,190,2.82,.35,63,0,0,.51,14,,1.7	1 breast with sauce~142|1 package~425
2092693	B	77	155,19,5.95,7.14,369,7.14,1.79,89,0,0,.86,24,,0	1 serving~84|1 package~397
2090524	B	48	58,2.4,.72,11.1,202,3.85,0,0,2.4,0,.69,48,,28.8	1 cup~208|1 package~397
1920147	B	5	500,7.14,25,60.7,464,3.57,1.79,0,7.1,0,3.86,71,,0,,16.1,3.57	1 serving~28|1 package~283
2670364	B	0	536,10.7,35.7,50,857,10.7,7.14,18,7.1,0,0,143,250,,0	1 serving~28|1 package~168
1941502	B	0	464,10.7,14.3,71.4,400,0,0,0,10.7,0,3.86,36,,0	1 serving~28|1 package~198
2074813	B	106	143,26.2,4.17,1.19,274,0,.6,54,0,0,.43,0,,1.4	1 serving~84|1 package~397
2049665	B	0	500,7.14,28.6,60.7,221,0,1.79,0,10.7,0,3.86,0,,0	1 serving~28|1 package~168
2092692	B	106	86,15.2,1.26,3.03,222,1.52,.25,48,.5,0,.36,10,,4.5	1 breast with sauce~198|1 package~397
2092691	B	77	131,22.6,4.17,1.19,345,0,1.79,71,0,0,1.71,24,,0	1 serving~84|1 package~397
2314697	B	12	571,7.14,35.7,50,786,3.57,5.36,18,0,0,0,71,0,,0	1 cup~28|1 package~227
2014803	B	26	247,11.8,15.3,15.3,600,0,3.53,41,0,0,.85,0,,0	5 pieces~85|1 package~907
1923411	B	26	244,12.2,15.6,15.6,600,0,3.89,44,0,0,.8,0,,0	3 pieces~90|1 package~907
2614343	B	20	24,2.35,.35,3.53,76,0,.12,0,2.4,0,2.65,88,529,28.2,,,,471,,,,,320,82,,,,,1,,,483	3 cup~85|1 package~454
2506229	B	11	300,0,20,40,13400,20,0,0,0,0,0,0,,0	1¼ tsp~5|1 package~454
2506228	B	11	300,0,20,20,12600,20,4,0,0,0,0,200,,0	1 tsp~5|1 package~454
361448	B	28	138,13.8,6.9,4.6,1170,3.45,2.3,40,,0,.41	3 oz. ham and 1/2 tsp. gaize~87
2010641	B	28	119,17.9,3.57,2.38,1080,2.38,1.19,60,,0,.86	1 serving~84|1 package~227
2592515	B	28	138,13.8,6.9,4.6,1170,3.45,2.3,40,,0,.41	3 oz. ham and 1/2 tsp. glaze~87|1 package~594
2501297	B	77	155,16.7,7.14,3.57,1020,2.38,2.38,48,0,0,.43,24,,0	1 serving~84|1 package~482
2071897	B	28	155,16.7,7.14,3.57,1020,2.38,2.38,48,0,0,.43,24,,0	1 serving~84|1 package~326
2437079	B	6	224,4.08,1.02,51,408,2.04,0,0,4.1	1 slice~49|1 package~907
2510658	B	6	224,4.08,2.04,49,388,4.08,0,0,4.1,0,.73,0,,0	1 slice~49|1 package~907
2510659	B	6	224,4.08,2.04,49,388,4.08,0,0,4.1,0,.73,0,,0	1 slice~49|1 package~907
1460220	B	110	155,17.9,5.95,5.95,1120,4.76,2.38,60,0,0,.86,0,,0	1 serving~84
2238998	B	121	325,20,2.5,62.5,688,2.5,0,0,17.5,0,1.35,150,,4.5	1/3 cas pkgd 3/4 c prepared~40|1 package~160
1864876	B	121	326,16.3,3.49,62.8,698,11.6,0,0,14,0,6.28,140,,140	1/3 cup~43|1 package~174
1852493	B	121	345,9.52,1.19,71.4,500,7.14,0,0,4.8,0,2.57,0,,186	1/3 c as pkgd~42|1 package~169
2287164	B	121	345,9.52,4.76,71.4,452,23.8,3.57,0,9.5,0,3.43,71,,8.6	1/3 cup~42|1 package~169
1902698	B	38	417,16.7,20.8,50,729,2.08,2.08,0,20.8,0,7.5,167,,10	½ c as pkgd, 1.5 c prepared~48|1 package~190
1857682	B	63	354,8.33,8.33,75,812,12.5,0,0,10.4,0,3.75,125,,31.2	½ c as pkgd, 1.25 c prepared~48|1 package~190
1864877	B	121	316,8.77,3.51,68.4,860,5.26,0,0,12.3,0,3.16,263,,8.4	1 serving~57|1 package~285
1864875	B	43	333,19,2.38,61.9,905,4.76,0,0,21.4,0,6.43,190,,2.9	1/3 cup~42|1 package~169
1485886	B	84	286,0,0,81,0,76.2	1 tbsp~21
2551075	B	7	18,0,0,7.14,750,3.57,0,0,3.6,0,1.29,0,214,4.3	1 serving~28|1 package~680
2551085	B	42	211,0,0,47.4,0,42.1,,,0	1 tbsp~19|1 package~220
2509485	B	15	167,0,13.3,10,50,0,0,0,3.3,0,1.2,0,,8	2 tbsp~30|1 package~200
2551851	B	19	200,0,20,0,2300	1 tsp~5|1 package~198
2551083	B	42	211,0,0,47.4,0,42.1,,,0	1 tbsp~19|1 package~220
2174184	B	19	200,0,20,0,2300	1 tsp~5|1 package~198
2509486	B	37	381,4.76,38.1,9.52,48,0,4.76,0,4.8,0,8.57,95,,17.1	1 artichoke~21|1 package~190
2551087	B	35	83,1.67,5,11.7,533,0,0,0,3.3,0	¼ cup~60|1 package~454
2551088	B	35	58,0,5,3.33,433,0,0,0,1.7,0	¼ cup~60|1 package~454
2551086	B	35	83,1.67,5,11.7,533,0,0,0,3.3,0	¼ cup~60|1 package~454
2551074	B	37	18,0,0,3.57,786,0,0,0,3.6,0,0,71,214,8.6	1 serving~28|1 package~680
2551080	B	37	36,0,0,7.14,375,7.14,0,0,0,0,1.29,0,250,4.3	1 serving~28|1 package~700
2551084	B	42	211,0,0,47.4,0,42.1,,,0	1 serving~19|1 package~220
2551077	B	7	18,0,0,3.57,46,3.57,0,0,0,0,0,0,71,0	1 serving~28|1 package~680
2551078	B	7	18,0,0,3.57,464,3.57,0,0,0,0,0,0,71,0	3 slices~28|1 package~680
2509484	B	15	129,3.23,11.3,9.68,484,3.23,1.61,0,6.5,0,0,0,,0	2 tbsp~31|1 package~200
2509483	B	11	167,0,8.33,16.7,0,,,,,,,,,40	1 tbsp~6|1 package~200
2551076	B	37	18,0,0,7.14,750,0,0,0,3.6,0,0,0,214,8.6	1 serving~28|1 package~680
2551079	B	7	18,0,0,3.57,446,3.57,0,0,0,0,0,0,89,0	1 serving~28|1 package~660
734904	B	37	36,0,0,7.14,357,7.14,0,0,0,0,1.29,0,214,4.3	1 serving~28
2551082	B	19	200,0,20,0,2000	1 tsp~5|1 package~198
1919078	B	91	327,12.7,2.73,63.6,1360,5.45,.91,0,3.6,0,4.91,36,,1.1	1 serving~55|1 package~110
2086044	B	23	267,0,26.7,6.67,500,0,1.67,0,0,0,0,0,,8	2 tbsp~30|1 package~355
2009678	B	41	857,0,100,0,0,,14.3,0,,0,,,0,,,7.14,14.3	1 tbsp~14|1 package~1005
2026987	B	2	50,0,0,10,600,6.67,0,0,3.3,0,0,67,,4	2 tbsp~30|1 package~454
2084495	B	23	233,0,20,6.67,1330,3.33,1.67,0,0,0,0,0,,4	2 tbsp~30|1 package~355
1943313	B	122	467,0,46.7,16.7,667,16.7,5	2 tbsp~30|1 package~355
2067267	B	19	233,0,0,60,0,60,0,0,1.7,0,0,0,,0	1 tbsp~15|1 package~326
2420625	B	11	100,0,0,20,833,20,0,0,0,0,0,27,93	1 tbsp~15|1 package~340
2677550	B	43	53,1.22,1.63,8.98,290,2.86,.41,2,.8,,.41,32,105	1 c~245|1 package~907
1894216	B	54	83,0,0,23.3,50,23.3,0,0,,,0,0,,20	2 tbsp~30|1 package~326
1940956	B	41	857,0,100,0,0,,10.7,0,,0,,,0,,,17.9,71.4	1 tbsp~14|1 package~502
1884922	B	41	0,0,0,0,0,,0,0,,0,,,0,,,0,0	½ sec spray~.4|1 package~148
2677548	B	35	36,.8,.4,7.2,368,3.2,,,.8,,.8,,116	½ c~125|1 package~936
2420623	B	11	40,1.6,.8,6.4,232,1.6,,,.8,,.8,34	½ cup~125|1 package~936
2420624	B	23	333,0,33.3,10,1170,6.67,3.33,0,0,0	2 tbsp~30|1 package~340
2420632	B	15	33,0,0,6.67,233,3.33,0,0,0,0,0,20,137,,0	2 tbsp~30|1 package~454
2420630	B	43	49,1.22,1.63,8.57,257,2.86,.82,4,.8,,.41,20,93	1 cup~245|1 package~907
2420631	B	11	433,0,46.7,6.67,217,3.33,3.33,,,0	2 tbsp~30|1 package~355
1850955	B	41	800,0,93.3,0,0,,13.3,0,,0,,,,,,66.7,13.3	1 tbsp~15|1 package~251
2067264	B	23	467,0,43.3,26.7,383,23.3,3.33,0,0,0,0,0,,8	2 tbsp~30|1 package~355
2420629	B	11	200,0,16.7,13.3,1270,13.3,0,0,0,0,0,60,140	1 tbsp~15|1 package~340
1894104	B	43	41,1.22,1.22,6.12,302,1.22,.16,0,1.2,0,.59,24,,3.7	1 cup~245|1 package~907
2677549	B	43	78,1.22,6.12,4.49,196,2.86,4.08,18,.8,.2,.82,36,,,0	1 c~245|1 package~907
2420628	B	43	28,.79,1.18,4.33,307,1.18,,,.8,,.39,17,79	1 cup~254|1 package~907
2304840	B	23	150,0,0,36.7,167,33.3,0,0,0,0,0,10,80,,0	2 tbsp~30|1 package~340
2420627	B	43	88,3.2,3.2,11.2,504,.8,,,4,,.8,44,217	½ cup~125|1 package~907
2436279	B	15	286,7.14,16.1,28.6,268,3.57,0,0,7.1,,2.57,71,,0	2 tbsp~28|1 package~340
570298	B	39	65,1.61,0,14.5,24,12.9,0,0,0,0,0,32,,0,1.3	2.1 fl oz~62
2312545	B	15	214,3.57,14.3,17.9,393,0,0,0,3.6,0,0,21,121	2 tbsp~28|1 package~284
2442936	B	15	214,3.57,21.4,10.7,446,0,3.57,0,3.6,,1.29,71,,4.3	2 tbsp~28|1 package~340
2071147	B	15	250,3.57,21.4,10.7,464,0,3.57,0,3.6,0,1.29,71,,4.3	2 tbsp~28
2584736	B	98	160,3.85,3.21,29.5,372,1.92,0,0,2.6,0,1.15,51,179,,0	1 wrap~156
2584738	B	26	173,3.85,5.13,28.8,333,2.56,.96,0,2.6,0,1.73,13,135,,0	1 wrap~156
2607477	B	26	160,4.49,4.49,26.3,468,1.92,0,0,1.9,0,1.73,26,179,,0	1 wrap~156
2584737	B	21	160,3.85,3.85,30.8,429,1.92,0,0,3.2,0,1.73,0,179,,0	1 wrap~156
2584739	B	98	154,3.85,3.85,27.6,462,1.92,0,0,3.2,0,1.73,26,224,,0	1 wrap~156
1776394	B	15	50,3.33,0,10,300,3.33,0,0,3.3,0,1.2,0,,12	2 tbsp~30|1 package~340
1776395	B	15	67,3.33,0,10,333,3.33,0,0,3.3,0,1.2,0,,12	2 tbsp~30|1 package~340
2490611	B	25	25,0,0,6.33,84,6.33,,,,,,,,,,,,,8.44,,,2.11,,,,2.03,,1.06	8 fl oz~237
2239899	B	130	13,0,0,3.33,12,3.33,,0	1 fl oz~30|1 package~500
1908058	B	25	0,0,0,0,0,,,,,,,,100	1 fl oz~30|1 package~500
1933420	B	25	0,0,0,0,0,,,,,,,,100	1 fl oz~30|1 package~1000
2242175	B	130	13,0,0,3.33,12,3.33,,0	1 fl oz~30|1 package~500
2265867	B	25	13,0,0,3.33,12,3.33,,0	1 fl oz~30|1 package~500
1933727	B	25	0,0,0,0,0,,,,,,,,100	1 fl oz~30|1 package~1000
1908060	B	25	0,0,0,0,0,,,,,,,,100	1 fl oz~30|1 package~500
2239564	B	25	13,0,0,3.33,12,3.33,,0	1 fl oz~30|1 package~500
1933430	B	25	0,0,0,0,0,,,,,,,,100	1 fl oz~30|1 package~500
2427749	B	7	0,0,0,0,929,0,0,0,0,0,0,0,139,,0	1½ slices /~28|1 package~1361
2432850	B	101	83,0,0,19.5,39,17.7,0,0,0,,0,0,58,0	1 cup~113|1 package~453
2432849	B	101	83,0,0,19.5,39,17.7,0,0,0,,0,0,58,0	1 cup~113|1 package~453
2438852	B	101	81,0,0,19.5,39,17.7,0,0,0,,0,0,58,0	1 cup~113|1 package~453
1941828	B	2	321,23.2,22.5,7.14,600,.71,15.7,82,.7,0,.06,8	1 serving~28|1 package~150
2587445	B	23	357,0,7.14,57.1,1210,0,0,0,14.3,0,0,129,1300,,0	1 serving~7|1 package~85
1850125	B	10	72,0,0,18.6,5,17.5,0,0,0,0,0,21,,2.5	3 -1 fl oz pops~97|1 package~414
574943	B	1	338,5.8,0,78,230,56.9,0,0,0,0,0,0,,0	1 serving~10
1945048	B	3	211,3.33,11.1,26.7,100,20,6.67,39,0,0,0,111,,0	½ cup~90|1 package~473
2540856	B	3	256,4.44,15.6,25.6,89,22.2,6.67,33,1.1,0,.4,111,,0	½ cup~90|1 package~473
2665266	B	3	183,2.5,8.33,24.2,108,22.5,5,25,.8,0,0,102,175,,0	1 serving~120|1 package~473
2299779	B	3	310,4.43,13.9,41.8,101,25.3,8.86,41,1.9,0,1.9,73,117,,0	1 serving~158
1970232	B	3	258,3.33,13.3,31.7,117,27.5,8.33,29,.8,0,0,82,112,,0	1 serving~120|1 package~473
2665267	B	3	242,3.33,16.7,20.8,108,18.3,9.17,25,.8,0,0,125,155,,0	1 serving~120|1 package~473
1970205	B	3	208,3.33,10.8,25.8,67,22.5,6.67,21,2.5,0,0,83,,0	1 serving~120|1 package~473
1945049	B	3	225,3.33,8.33,34.2,71,30,5,33,2.5,0,0,96,132,,0	1 serving~120|1 package~473
1970226	B	3	333,4.85,17,41.2,103,24.2,10.3,36,3,0,3.03,75,191,,0	1 serving~165
1925554	B	3	331,5.19,15.6,42.9,156,19.5,9.09,68,2.6,0,1.95,71,181,,0	1 serving~154
2665265	B	3	310,4.43,13.9,41.8,101,25.3,8.86,41,1.9,0,1.9,73,117,,0	1 serving~158
1970998	B	3	275,4.17,16.7,26.7,96,23.3,10,25,3.3,0,1.2,125,,0	1 serving~120|1 package~473
1970229	B	3	303,3.03,13.9,41.2,164,24.8,3.64,0,2.4,0,2.18,12,,0	1 serving~165
2122920	B	3	233,5,10,31.7,38,28.3,5,62,3.3,0,1.67,111,261,,0	1 serving~120|1 package~473
1970230	B	52	242,1.67,12.5,29.2,150,24.2,2.92,0,1.7,0,2.25,17,,0	1 serving~120|1 package~473
2628532	B	3	347,2.67,24,26.7,60,24,18.7,27,0,0,0,80,,0,,,,48	1 serving~75|1 package~266
2510660	B	3	333,5.75,14.9,44.8,172,31,9.2,52,1.1,0,1.15,110,182,,2.3	1 sandwich~87|1 package~259
1970225	B	52	233,1.67,9.17,35.8,125,33.3,2.08,0,2.5,0,0,17,,0	1 serving~120|1 package~473
2140906	B	3	275,3.33,14.2,34.2,88,29.2,9.17,21,3.3,0,0,83,,0	1 serving~120|1 package~473
2142974	B	52	297,2.53,11.4,45.6,158,28.5,2.85,0,1.9,0,1.14,13,,0	1 serving~158
2165888	B	52	214,1.19,10.7,29.8,119,22.6,2.98,0,0,0,1.19,5,40,,0	1 mini cup~84
2369388	B	3	322,2.22,17.8,40,128,26.7,6.67,0,1.1,0,1.11,9,49,,0	1 cone~90
2366755	B	3	341,4.4,20.9,38.5,132,27.5,8.79,22,1.1,0,1.1,97,210,,0	1 cone~91|1 package~378
2299780	B	52	175,.83,6.67,27.5,96,22.5,.83,0,1.7,0,0,17,,0	1 serving~120|1 package~473
1945045	B	3	233,5,8.33,34.2,38,27.5,5,58,3.3,0,1.67,109,253,,0	1 serving~120|1 package~473
1970233	B	52	242,1.67,10.8,34.2,92,25,2.5,0,4.2,0,1.2,17,,0	1 serving~120|1 package~473
2173197	B	3	322,4.6,14.9,41.4,126,31,9.2,57,2.3,0,2.3,90,202,,0	1 sandwich~87|1 package~259
1945047	B	3	341,4.88,16.5,43.9,122,22.6,9.76,43,3,0,2.44,74,198,,0	1 serving~164
2299778	B	3	333,4.85,17,41.2,103,24.2,10.3,36,3,0,3.03,75,191,,0	1 serving~165
1945046	B	3	335,5.49,16.5,41.5,122,25.6,9.76,46,3,0,1.83,77,215,,0	1 serving~164
2366712	B	3	299,3.45,16.1,35.6,75,26.4,8.05,23,1.1,0,0,98,146,,0	1 serving~87
1902432	B	3	217,3.33,9.17,29.2,67,25,5.83,25,1.7,0,0,100,157,,0	1 serving~120|1 package~473
1970204	B	52	315,3.03,17.6,36.4,121,23.6,2.73,0,3,0,1.09,12,,0	1 serving~165
1970235	B	3	331,5.19,15.6,42.9,156,19.5,9.09,68,2.6,0,1.95,71,181,,0	1 serving~154
2539108	B	4	299,2.3,11.5,48.3,195,28.7,1.15,0,1.1,0,1.15,28,60,,0	1 sandwich~87|1 package~259
1970231	B	52	287,2.67,12,42,127,24,1.67,0,2.7,0,0,13,,0	1 serving~150
1902437	B	3	347,4,24,30.7,147,22.7,18.7,27,0,0,.48,80,,0	1 serving~75|1 package~266
1914774	B	3	387,4,30.7,25.3,73,21.3,18.7,27,1.3,0,.48,107,,0	1 serving~75|1 package~266
2665240	B	3	200,3.33,6.67,31.7,38,27.5,4.17,17,4.2,0,0,83,,0,,,,0	1 serving~120|1 package~473
1902438	B	3	208,4.17,8.33,30,83,28.3,5.83,29,1.7,0,0,152,181,,0	1 serving~120|1 package~473
1970207	B	3	233,4.17,11.7,26.7,62,24.2,7.5,38,2.5,0,0,125,,0	1 serving~120|1 package~473
2122922	B	3	258,6.67,10.8,32.5,133,27.5,5,62,3.3,0,1.67,108,285,,0	1 serving~120|1 package~473
2277801	B	3	322,4.6,14.9,41.4,109,31,9.2,57,2.3,0,2.3,,195,,0	1 sandwich~87|1 package~259
1970206	B	52	242,3.33,11.7,31.7,150,27.5,2.08,0,2.5,0,0,17,,0	1 serving~120|1 package~473
2376561	B	3	208,1.67,11.7,26.7,112,20.8,1.67,0,.8,0,.83,2,47,,0	2/3 cup~120|1 package~473
1925555	B	3	320,4,15.3,40.7,83,22,9.33,53,1.3,.33,1.33,65,89,,0	1 serving~150
1970228	B	52	217,1.67,9.17,31.7,133,27.5,2.5,0,2.5,0,0,0,,0	1 serving~120|1 package~473
1939597	B	3	293,4,13.3,38.7,67,18.7,8.67,43,2,.33,0,55,95,,0	1 serving~150
2665268	B	3	275,2.5,17.5,25.8,29,15.8,11.7,50,1.7,0,0,100,107,,0	1 serving~120|1 package~473
2366713	B	3	333,3.33,18.9,40,128,28.9,10,22,1.1,0,1.11,91,137,,0	1 serving~90|1 package~378
1970203	B	52	259,1.9,10.1,40.5,133,24.7,1.58,0,2.5,0,1.14,13,,0	1 serving~158
1945044	B	3	217,3.33,9.17,30.8,83,28.3,5.83,25,1.7,0,0,96,139,,0	1 serving~120|1 package~473
2631016	B	3	101,1.5,4.49,14.6,60,10.1,2.62,11,.4,0,.49,26,45,,0	3 sandwiches~267
2122921	B	3	175,3.33,6.67,26.7,33,24.2,4.17,17,1.7,0,0,97,123,,0	1 serving~120|1 package~473
2165478	B	52	183,.83,10,25,100,20.8,2.08,0,0,0,.83,1,18,,0	2/3 cup~120|1 package~473
1970202	B	3	250,3.33,12.5,30,58,20.8,10.8,29,1.7,0,0,83,,0	1 serving~120|1 package~473
2165911	B	52	190,1.19,9.52,25,101,20.2,1.79,0,0,0,1.19,1,18,,0	1 mini cup~84
2270915	B	3	233,3.33,9.17,35,58,30,5.83,33,3.3,0,0,83,,0	1 serving~120|1 package~473
2374522	B	3	384,4.04,20.2,50.5,273,35.4,,71,1,0,.91,91,30,,0	1 serving~99|1 package~397
2478921	B	3	330,4.72,12.3,50.9,,31.1,7.55,61,,0,1.32,38,66,,.1	1 sandwich~106|1 package~425
2541635	B	3	349,6.6,17.9,42.4,236,23.6,8.49,57,1.9,0,1.36,57,,0	1 sandwich~106|1 package~424
536844	B	39	73,1.61,0,14.5,16,14.5,0,0,0,0,0,32,,24.2,1.62	2.1 fl oz~62
2539360	B	19	147,0,0,38.2,735,32.4,0,15,0,0,.88,353,2560,,0	2 tbsp~34|1 package~510
1913270	B	22	59,0,0,17,0,16.1,0,0,0,0,.31,17,,0	4 fl oz~118
1913271	B	3	68,0,0,17,0,16.1,0,0,0,0,0,17,,7.6	4 fl oz~118
1910722	B	10	67,.42,.42,15.4,4,15.4,0,0,0,0,0,0,,25	8 fl oz~240|1 package~500
2670863	B	1	429,0,0,100,0,85.7,0,0,0,0,0,0,0,,0	1 serving~14|1 package~336
1686891	B	40	278,0,16.7,33.3,0,22.2,16.7,,,0	2 tbsp~9
1592837	B	40	167,0,0,16.7,0,16.7,0,0,0,0	2 tbsp~6
1658745	B	40	308,0,19.2,38.5,77,23.1,15.4,0,0,0,0,0,0,,0	2 tbsp~13
2565805	B	75	333,0,22.2,22.2,0,22.2,22.2,0,0,0,0,0,0,,0	2 tbsp~9|1 package~227
2565806	B	75	222,0,0,33.3,0,11.1,0,0,0,0,0,0,0,,0	2 tbsp~9|1 package~227
2565821	B	75	222,0,5.56,33.3,0,22.2,5.56,0,,0	2 tbsp~9|1 package~454
2565822	B	75	278,0,16.7,33.3,0,22.2,11.1,0,,0	2 tbsp~9|1 package~454
2210824	B	40	250,0,16.7,33.3,0,16.7,8.33,83,0,0	2 tbsp~6|1 package~198
1592856	B	40	278,0,16.7,22.2,0,11.1,16.7,,,0	2 tbsp~9
1631373	B	40	278,0,16.7,22.2,0,22.2,16.7,0,0,0,0,0,,0	2 tbsp~9
2210893	B	40	222,0,11.1,33.3,0,0,11.1,0,,0	2 tbsp~9|1 package~226
1592722	B	40	278,0,22.2,22.2,56,22.2,22.2,0,,0	2 tbsp~9
1662938	B	40	278,0,16.7,22.2,0,22.2,16.7,0,0,0,0,0,,0	2 tbsp~9
2596719	B	75	222,0,11.1,33.3,0,0,11.1,0,0,0,0,0,0,,0	2 tbsp~9|1 package~227
2055150	B	2	393,25,35.7,0,786,0,21.4,107,0,0,0,357,,0	1 serving~28
2315216	B	2	429,28.6,35.7,3.57,643,0,17.9,89,0,0,0,357,,0	1 serving~28|1 package~200
2665778	B	60	333,0,0,88.3,8,88.3,0,0,0,0,2.4,133,,0,,,,0	¼ cup~60|1 package~354
2665767	B	73	367,0,0,100,233,100,0,0,0,0,0,0,,0,,,,0	1 tsp~3|1 package~170
2665764	B	60	367,0,0,90,17,80,0,0,0,0,0,67,233,,0	2 tbsp~30|1 package~354
1884587	B	2	300,3.33,30,6.67,500,6.67,20,83,0,0,0,133,,0	2 tbsp~30|1 package~227
1884583	B	2	250,7.14,21.4,7.14,339,3.57,14.3,71,0,0,0,143,,0	1 serving~28|1 package~227
2598049	B	2	357,21.4,32.1,3.57,1460,0,17.9,107,0,0,.36,571,143,,0	1 serving~28|1 package~850
2312730	B	2	357,21.4,32.1,3.57,1460,0,17.9,107,0,0,.36,571,143	1 serving~28|1 package~850
2396393	B	2	357,21.4,32.1,3.57,1460,3.57,17.9,89,0,0,0,582,0,,0	1 serving~28|1 package~2270
2598051	B	2	321,17.9,25,7.14,679,7.14,16.1,89,0,0,0,357,250,,0	2 tbsp~28|1 package~284
468523	B	102	114,13.6,7.95,2.27,136,,2.27,420,,0,1.64,45,,0,,3.41,1.14	1 egg~44
468520	B	102	121,12.1,7.76,1.72,138,,2.59,422,,0,1.86,69,,0,,3.45,1.72	1 egg~58
468521	B	102	121,12.1,7.76,1.72,138,,2.59,422,,0,1.86,69,,0,,3.45,1.72	1 egg~58
727540	B	39	67,5.42,2.5,6.25,92,5,1.46,12,.4,0,.42,177,119	1 cup~240
1884709	B	2	393,25,32.1,3.57,607,0,17.9,89,0,0,0,714,,0	1/3 cup~28|1 package~907
1884708	B	2	393,25,32.1,3.57,643,0,17.9,89,0,0,0,714,,0	¼ cup~28|1 package~907
1912494	B	2	286,25,21.4,3.57,714,0,12.5,54,0,0,0,714,,0	¼ cup~28|1 package~907
2418538	B	4	464,3.57,21.4,60.7,304,39.3,10.7,21,3.6,0,3.86,0,0,,0	¼ cookie~28|1 package~113
1605948	B	84	273,0,0,72.7,0,72.7	1 serving~5.5
579034	B	84	273,0,0,72.7,0,72.7	1 serving~5.5
2509141	B	60	367,0,0,95,0,83.3,,,,0,,,,0	¼ c~60|1 package~237
2172502	B	60	367,0,0,95,0,95,,,,0,,,,6	¼ c~60|1 package~237
2172489	B	42	250,0,0,65,0,60,,,,,,,,18	1 tbsp~20|1 package~255
2046468	B	4	471,5.88,26.5,55.9,132,17.6,17.6,74,,0,2.65	1 serving~34
2584463	B	4	393,7.14,10.7,67.9,214,28.6,1.79,18,7.1,0,3.86,71,250,,0	1 cookie~28
2584461	B	4	393,7.14,10.7,67.9,214,28.6,1.79,18,7.1,0,3.57,71,179,,0	1 cookie~28
2640774	B	4	429,7.14,17.9,60.7,54,32.1,3.57,54,0,0,3.57,54,257,,0	1 serving~28|1 package~141
2669980	B	4	357,7.14,14.3,60.7,18,28.6,1.79,54,3.6,0,0,161,75,,0	1 serving~28|1 package~141
2124575	B	13	393,7.14,10.7,67.9,268,28.6,1.79,18,7.1,0,0,71,250,,0	1 cookie~28|1 package~170
2584460	B	4	393,7.14,10.7,67.9,232,25,3.57,18,7.1,0,3.86,71,250,,0	1 cookie~28
2584465	B	4	393,7.14,10.7,67.9,232,25,3.57,18,7.1,0,3.57,121,214,,0	1 cookie~28
2653577	B	4	357,7.14,14.3,53.6,0,25,3.57,36,3.6,0,3.57,104,111,,0	1 serving~28|1 package~141
2669978	B	4	357,7.14,14.3,60.7,0,28.6,1.79,18,0,0,0,100,64,,0	1 serving~28|1 package~141
2584462	B	4	393,7.14,10.7,64.3,286,21.4,3.57,18,3.6,0,3.86,143,250,,0	1 cookie~28
2653242	B	4	393,7.14,10.7,64.3,286,21.4,3.57,18,3.6,0,3.57,207,193,,0	1 cookie~28
2669979	B	4	357,7.14,14.3,57.1,18,28.6,0,54,0,0,0,218,46,,0	3½ cookies~28|1 package~141
1882421	B	5	464,7.14,21.4,64.3,1290,3.57,0,0,3.6,0	1 serving~28|1 package~227
2387330	B	35	0,0,0,0,1200,0,0,0,0,0	1 tsp~5|1 package~148
2439858	B	19	0,0,0,0,1100,0,0,0,0,,0,0,,0	1 tsp~5|1 package~148
2442518	B	54	0,0,0,0,700,0,0,0,0,,0,0,,0	1 tsp~5|1 package~148
2666801	B	40	407,0,22.7,55,493,55,14.7,70,0,0,0,43,,0,,,,42	2 tbsp~30|1 package~300
2666800	B	8	373,4,23,45.3,172,38.7,18.7,0,5,0,7.68,33,350,0,,,,0	2 tbsp~30|1 package~300
2096240	B	5	464,7.14,21.4,64.3,1290,3.57,0,0,3.6,0	1 serving~28|1 package~454
2084195	B	41	800,0,93.3,0,0,,13.3,0,,0,,,,,,66.7,13.3	1 tbsp~15|1 package~500
2426037	B	25	10,0,0,2.54,14,2.11,0,,0,0	16 fl oz~473
2451028	B	24	0,0,0,0,0,0,0,0,0,0	1 serving~473
2509493	B	130	333,6.67,8.33,53.3,133,53.3,5,33,0,3.33,0,283,367,,0	1 creamer packet~30|1 package~210
2664207	B	130	333,6.67,8.33,53.3,133,53.3,5,33,0,3.33,0,283,367,,0	1 creamer packet~30|1 package~210
2168928	B	70	314,0,14.3,40,29,40,14.3,0,,0,1.14,0,131,,0	1 packet~35|1 package~280
2168926	B	130	314,0,14.3,40,29,40,14.3,0,,0,1.14,0,131,,0	1 packet~35|1 package~210
2664209	B	130	333,6.67,8.33,53.3,133,53.3,5,33,0,3.33,0,283,367,,0	1 creamer packet~30|1 package~210
2418141	B	130	333,6.67,8.33,53.3,133,53.3,5,33,0,3.33,0,283,367,,0	1 creamer~30|1 package~210
2546540	B	39	333,6.67,6.67,56.7,103,56.7,5,27,0,0,0,333,,0	1 serving~30|1 package~750
2664208	B	70	333,6.67,6.67,56.7,103,56.7,5,27,0,0,0,333,,0,,,,60	1 serving~30|1 package~240
1957711	B	65	333,6.67,6.67,56.7,103,56.7,5,27,0,0,0,333,,0	1 packet~30
2664210	B	130	333,6.67,8.33,53.3,133,53.3,5,33,0,3.33,0,283,367,,0	1 creamer packet~30|1 package~210
1782023	B	9	352,7,19,38,195,24,11,77,1,0,1.44,180,,.6	1 serving~100|1 package~227
2658209	B	26	265,6.19,15,25.7,460,.88,6.19,22,1.8,,1.59,0,,8,,,,0	1/3 piece~113|1 package~340
1945200	B	26	265,6.19,15,25.7,460,.88,6.19,22,1.8,,1.59,0,,8	1/3 piece~113|1 package~340
2552119	B	2	286,14.3,21.4,7.14,286,0,14.3,57,0,,0,357,,0	1 serving~28|1 package~227
2170360	B	1	361,0,16.7,58.3,125,41.7,9.72,42,0,0,0,83,83,,0	3 pieces~36|1 package~156
2170377	B	8	435,4.35,21.7,56.5,326,47.8,13,22,0,0,.87,130,130,,0	1 piece~23|1 package~161
2216352	B	1	417,2.78,25,55.6,319,38.9,13.9,28,2.8,0,3.61,56,167,,0	3 pieces~36|1 package~96
2170318	B	8	435,4.35,26.1,56.5,326,39.1,15.2,22,4.3,0,3.48,43,174,,0	1 piece~23|1 package~161
2420423	B	1	417,2.78,22.2,58.3,333,47.2,13.9,28,0,0,.83,111,139,,0	3 pieces~36|1 package~96
2219121	B	1	413,2.17,21.7,58.7,326,47.8,13,33,0,0,.65,109,130,,0	2 pieces~46|1 package~874
2062152	B	11	0,0,0,0,23600	½ tsp~1.1|1 package~141
1890185	B	7	62,3.12,3.12,6.25,438,3.12,0,0,0,0,0,62,,3.8	2 tbsp~32|1 package~255
2089686	B	11	0,0,0,90.9,16400,,,,,,98.2	½ tsp~1.1|1 package~113
2069164	B	7	62,0,4.69,6.25,359,3.12,0,0,3.1,0,0,62,,3.8	2 tbsp~32|1 package~255
2069163	B	7	78,3.12,4.69,6.25,422,3.12,0,0,0,0,1.12,62,,0	2 tbsp~32|1 package~255
2062153	B	11	417,0,20.8,41.7,7920,,,,,,45	½ tsp~2.4|1 package~117
1890382	B	42	184,0,0,42.1,0,42.1,0,0,0,0,0,0,,6.3	1 tbsp~19|1 package~311
1890381	B	42	263,0,0,63.2,0,63.2,0,0,0,0,0,0,,25.3	1 tbsp~19|1 package~311
2389025	B	42	263,0,0,73.7,0,68.4,0,0,0,0,0,0,0,,0	1 tbsp~19|1 package~311
2062154	B	42	263,0,0,63.2,0,63.2,0,0,0,0,0,0,,25.3	1 tbsp~19|1 package~311
1882295	B	30	389,0,0,94.4,0,88.9,0,0,0,0,0,0,,400	1 cup~18|1 package~216
2491188	B	30	467,0,20,60,567,33.3,13.3,0,0,0,0,0,1130,200,33.2,,,,66.7,4,.453,6.67,800,,400,14,,3.33	1 insta-kup~15|1 package~180
2491189	B	30	467,0,16.7,73.3,800,53.3,16.7,0,0,0,0,0,333,200,33.2,,,,66.7,4,,6.67,800,,133,14,15,11.7,5,,117	1 insta-kup~15|1 package~180
2491186	B	30	467,6.67,26.7,60,1200,33.3,23.3,0,6.7,0,4.8,0,1130,200,33.2,,,,66.7,4,,6.67,,,267,14,,3.33	1 insta-kup~15|1 package~180
1899717	B	41	643,0,64.3,14.3,7,7.14,7.14	1 tbsp~14|1 package~250
1899716	B	41	893,0,100,0,0,,14.3	1 tbsp~14|1 package~250
1899715	B	41	893,0,100,0,0,,14.3	1 tbsp~14|1 package~250
2017837	B	36	71,15.3,.29,0,306,0,0,47,0,0,.21,12,,0	1 serving~170|1 package~340
2017818	B	36	88,18.2,1.47,0,74,0,.29,50,0,0,.21,12,388,0	1 serving~170|1 package~340
2103919	B	36	153,21.8,7.06,0,59,0,.88,65,0,0,.64,12,359,0	1 serving~170|1 package~340
2072603	B	36	153,21.8,7.06,0,59,0,1.47,65,0,0,.42,12,,0	1 portion~170|1 package~910
2060421	B	36	112,20.6,2.35,0,53,0,.29,32,0,0,.85,47,,0	1 portion~170|1 package~680
2468201	B	36	176,17.6,11.8,0,,0,2.06,32,0,0,0,15,283,,7.65	1 serving~170|1 package~1020
2067577	B	36	171,21.2,11,.68,164,.68,1.71,62,0,0,.74,0,,.8	1 portion~146|1 package~1020
1888308	B	36	153,21.8,7.06,0,59,0,1.47,65,0,0,.42,12,,0	1 portion~170|1 package~1130
2017815	B	36	153,21.8,7.06,0,59,0,.88,65,0,0,.64,12,359,0	1 serving~170|1 package~340
1857001	B	36	188,17.1,12.9,1.18,447,0,2.06,41,.6,0,.64,24,306,7.1	1 serving~170|1 package~340
2040498	B	28	89,14.3,1.79,3.57,839,0,0,27,0,0,.64,0,,0	1 serving~56
2067349	B	32	73,1.63,4.07,6.5,415,4.07,.41,0,1.6,0,.59,16,,19.5	½ cup~123|1 package~458
2067348	B	54	49,.81,3.66,4.88,366,4.07,.41,0,.8,0,.29,49,,14.6	½ cup~123|1 package~458
1894290	B	54	81,2.44,3.66,9.76,358,5.69,.41,0,2.4,0,.88,33,,29.3	½ cup~123|1 package~458
2067350	B	32	58,.83,3.75,5,375,2.5,.42,0,.8,0,.3,50,,17.5	½ cup~120|1 package~458
2060419	B	20	12,1.25,0,3.75,2,1.25,0,0,0,0,.45,25,,3,,,0	1 serving~80
1663077	B	50	0,0,0,0,0	¼ tsp~.5
2443114	B	61	342,6.67,0,80,0,0,0,0,2.2,,0,0,,0	¼ cup~45|1 package~500
2021791	B	7	59,2.35,2.35,5.88,541,1.18,0,0,1.2,0,.85,24,,5.6	1 serving~85|1 package~340
2083646	B	122	53,0,0,13.3,33,10,,,,0,0,0,,0	1 tbsp~15|1 package~500
2443200	B	7	18,0,0,7.14,1040,0,0,0,0,,0,0,,129	1 serving~28|1 package~235
1485010	B	50	0,0,0,0,0	¼ tsp~.3
1914271	B	7	71,.83,5.83,4.17,400,2.5,2.5,0,4.2,0,.3,0,,12	½ cup~120|1 package~290
2021682	B	88	393,14.3,5.36,67.9,2000,3.57,0,0,3.6,0,5.14,143,,0	¼ cup~28|1 package~680
1859814	B	88	393,14.3,5.36,67.9,2000,3.57,0,0,3.6,0,5.14,143,,0	¼ cup~28|1 package~425
1859813	B	88	393,14.3,5.36,67.9,714,3.57,0,0,3.6,0,5.14,143,,0	¼ cup~28|1 package~680
2443198	B	45	104,8,.52,16.8,416,,.16,0,4.8,,2.16,32,,1.9	½ cup~125|1 package~425
2021400	B	129	545,9.09,36.4,54.6,136,9.09,6.82,45,4.5,0,3.27,0,,0	1 shell~22|1 package~85
2021792	B	7	179,1.79,14.3,10.7,625,3.57,1.79,0,1.8,0,.64,36,,10.7	¼ cup~56|1 package~212
2443098	B	7	0,0,0,0,2120,,0,0,,,0,0,,75	1 tsp~4|1 package~110
1859510	B	7	100,0,10.7,0,1110,0,0,,,0	1 serving~28|1 package~355
2021789	B	7	33,0,0,6.67,800,3.33,0,0,0,0,1.2,0,,200	¼ cup~30|1 package~235
2443196	B	45	92,5.38,1.54,13.8,200,.77,0,0,4.6,,1.11,31,,1.8	½ cup~130|1 package~400
2021698	B	50	0,0,0,0,12000	¼ tsp~.5|1 package~128
1859513	B	76	42,6.67,0,1.67,417,0,0,17,0,0,1.8,17,,2	¼ cup~60|1 package~1445
2083644	B	7	0,0,0,40.8,0,0,0,0,20.4,0,0,0,,0	1 tsp~4.9
1663053	B	50	0,0,0,0,0	¼ tsp~.4
2083628	B	76	2,.41,0,0,305,0,0,0,0,0,.44,0,,.2	1 cup~243|1 package~1360
1663063	B	50	0,0,0,0,0	¼ tsp~.5
2021165	B	47	33,1.64,0,6.56,246,3.28,0,0,1.6,0,1.18,33,,11.8	¼ cup~61|1 package~794
1859665	B	16	375,10.7,1.79,76.8,0,3.57,0,0,3.6,0,3.21,0,,0,,,,,5.36,1,.455	¼ cup~56|1 package~454
1859669	B	16	357,10.7,1.79,75,0,1.79,0,0,3.6,0,3.21,0,,0,,,,,7.14,1,.455	1 cup~56|1 package~454
2021392	B	16	375,10.7,1.79,76.8,0,3.57,0,0,3.6,0,3.21,0,,0,,,,,5.36,1,.455	1 serving~56|1 package~454
2021391	B	16	375,10.7,1.79,76.8,0,3.57,0,0,3.6,0,3.21,0,,0,,,,,5.36,1,.455	1 serving~56|1 package~454
1859668	B	16	357,10.7,1.79,75,0,1.79,0,0,3.6,0,3.21,0,,0,,,,,7.14,1,.455	1 serving~56|1 package~454
2021393	B	16	375,10.7,1.79,76.8,0,3.57,0,0,3.6,0,3.21,0,,0,,,,,5.36,1,.455	¾ cup~56|1 package~454
2021394	B	16	357,10.7,1.79,75,0,0,0,0,3.6,0,3.21,0,,0,,,,,5.36,1,.455	1 serving~56|1 package~454
2021396	B	16	375,10.7,1.79,76.8,0,3.57,0,0,3.6,0,3.21,0,,0,,,,,5.36,1,.455	¾ cup~56|1 package~454
2443151	B	16	357,10.7,1.79,75,0,0,0,0,3.6,,3.21,0,,0,,,,,5.36,1,.455	1 serving~56|1 package~454
2021395	B	16	375,10.7,1.79,76.8,0,3.57,0,0,3.6,0,3.21,0,,0,,,,,5.36,1,.455	½ cup~56|1 package~454
2021390	B	16	375,10.7,1.79,76.8,0,3.57,0,0,3.6,0,3.21,0,,0,,,,,5.36,1,.455	1 serving~56|1 package~454
2443224	B	41	800,0,93.3,0,0,,13.3,0,,,,,,,,66.7,13.3	1 tbsp~15|1 package~1000
1663078	B	50	0,0,0,0,0	¼ tsp~.5
1908972	B	16	375,10.7,1.79,76.8,0,3.57,0,0,3.6,0,3.21,0,,0,,,,,5.36,1,.455	1 serving~56|1 package~454
2083642	B	7	265,0,17.6,17.6,1410,,2.94,,,,2.12	3 olives~17|1 package~198
1663060	B	50	0,0,0,0,0	¼ tsp~.5
2021694	B	11	0,0,0,0,30000	¼ tsp~1|1 package~234
2010118	B	7	107,0,10.7,7.14,1710	1 serving~14|1 package~141
1764162	B	7	11,0,0,0,750,0,0,0,0,0,0,71,,10.7	1 serving~28|1 package~454
2443149	B	16	142,2.5,0,33.3,517,0,0,0,1.7,,.3,0,,0	¾ cup~120|1 package~496
1663062	B	50	0,0,0,0,0	¼ tsp~.5
2443199	B	7	36,0,0,7.14,1960,3.57,0,0,0,,0,71,,4.3	1 serving~28|1 package~3785
1663065	B	90	385,7.5,0,80,0,0,0,0,10,,0,0,,0	¼ cup~40
2021166	B	47	40,1.61,0,9.68,32,6.45,0,0,3.2,0,2.32,32,,9.7	½ cup~62|1 package~794
2021697	B	50	0,0,0,0,0	¼ tsp~.2|1 package~42
2573548	B	54	128,4.8,9.6,4.8,536,0,1.6,16,0,0,.86,0,,0,,,,0	1 container~125|1 package~297
1859816	B	4	467,10,20,63.3,83,26.7,1.67,100,0,0,2.4,0,,0	6 cookies~30|1 package~200
2021790	B	7	233,13.3,16.7,13.3,2130,,3.33,,6.7,0	2 olives~15|1 package~198
1859819	B	7	133,0,13.3,6.67,733,,,0,,0,,,,,,6.67,0	4 olives~15|1 package~170
1859663	B	16	375,10.7,1.79,76.8,0,3.57,0,0,3.6,0,0,0,,0,,,,,5.36,1,.455	1 serving~56|1 package~454
2021688	B	45	75,7.5,0,7.5,2190,,0,0,7.5,0	¼ cup~40|1 package~226
2083643	B	7	53,6.67,0,6.67,933,0,0,0,,0	3 mushrooms~15|1 package~237
2083627	B	7	133,0,13.3,6.67,733,,,0,,0,,,,,,6.67,0	5 olives~15|1 package~170
2021693	B	50	0,0,0,0,12000	¼ tsp~.5|1 package~454
2366554	B	16	370,11.1,1.85,75.9,0,3.7,0,0,,0,1.02,0,224,,0	2/3 cup~54|1 package~454
2021160	B	7	0,0,0,0,1390,0,0,0,0,0	1 serving~28|1 package~946
1663064	B	50	0,0,0,0,0	¼ tsp~.5
1485003	B	50	0,0,0,0,0	¼ tsp~.5
2021692	B	37	17,1.74,0,2.61,339,.87,0,0,.9,0,.31,0,,1	½ cup w/liquid~115
2021696	B	50	0,0,0,0,30600	¼ tsp~1|1 package~241
1663061	B	50	0,0,0,0,0	¼ tsp~.3
1663052	B	50	0,0,0,0,0	¼ tsp~.5
2021687	B	2	400,40,30,0,2400,0,20,100,0,0,0,800,,0	1 tbsp~5|1 package~113
1663059	B	50	0,0,0,0,0	¼ tsp~.1
2021686	B	2	400,40,30,0,2700,0,30,100,0,0,0,800,,0	1 tbsp~5|1 package~113
1764166	B	47	19,.77,0,4.62,15,3.08,0,0,1.5,0,1.11,15,,4.6	½ cup~130|1 package~794
1859667	B	16	375,10.7,1.79,76.8,0,3.57,0,0,3.6,0,3.21,0,,0,,,,,5.36,1,.455	½ cup~56|1 package~454
2021787	B	7	301,2.35,28.2,9.41,529,0,0,0,1.2,0	1 serving~85|1 package~355
2443201	B	7	36,0,0,7.14,1460,0,0,0,0,,0,71,,4.3	1 serving~28|1 package~907
1909040	B	32	117,3.33,10.8,.83,400,0,3.33,0,,0,.9,133,,10	½ cup~120|1 package~290
2021159	B	7	36,0,0,7.14,1110,0,,,,0	1 serving~28|1 package~946
2021788	B	0	667,10,60,16.7,33,0,13.3,0,13.3,,6,0,,0	¼ cup~30|1 package~49
1909039	B	4	467,10,20,63.3,83,26.7,1.67,100,0,0,2.4,0,,0	6 cookies~30|1 package~200
1859817	B	4	467,10,20,63.3,83,26.7,1.67,100,0,0,2.4,0,,0	30 cookies~30|1 package~200
2021684	B	7	82,2.35,5.88,5.88,306,0,.59,0,3.5,0,.85,24,,7.1	1 serving~85|1 package~170
1859514	B	54	83,15,.83,3.33,450,0,0,67,0,0,2.25,50,,0	½ cup~120|1 package~297
2443197	B	45	54,5.38,.38,13.1,238,.77,0,0,6.2,,1.38,31,,.9	½ cup~130|1 package~400
2443096	B	7	30,0,0,6,440,4,0,0,2,,0,0,,120	1/3 piece~50|1 package~235
2021685	B	7	361,1,38,4,206,4,4,0,2,,0,10,,31.2	1 serving~100|1 package~340
1859670	B	16	375,10.7,1.79,76.8,0,3.57,0,0,3.6,0,3.21,0,,0,,,,,5.36,1,.455	¾ cup~56|1 package~454
2009066	B	16	375,10.7,1.79,76.8,0,3.57,0,0,3.6,0,3.21,0,,0,,,,,5.36,1,.455	1 serving~56|1 package~454
1859664	B	16	375,10.7,1.79,76.8,0,3.57,0,0,3.6,0,3.21,0,,0,,,,,5.36,1,.455	.12 cup~56|1 package~454
2083645	B	7	130,4.35,4.35,17.4,1740,0,0,0,4.3,0,1.57,348,,0	1 pepper~23|1 package~222
2021164	B	47	40,1.59,0,7.94,24,4.76,0,0,1.6,0,1.14,0,,14.3	¼ cup~63|1 package~794
2435557	B	45	54,1.54,.77,9.23,235,4.62,0,0,.8,,1.52,8,,.9	½ cup~130|1 package~400
2021163	B	76	107,19.6,1.79,3.57,464,0,0,71,0,0,14.5,143,,0	1 serving~56|1 package~283
1663054	B	50	0,0,0,0,0	¼ tsp~.1
1663058	B	50	0,0,0,0,0	¼ tsp~.5
2153856	B	16	385,12.3,6.92,69.2,646,4.62,1.54,69,3.1,0,1.66,31,,0	¾ cup~65|1 package~226
2404480	B	16	345,20,1.82,67.3,0,3.64,.36,0,10.9,0,3.64,36,982,,0	¾ cup~55|1 package~250
2404365	B	16	364,21.8,5.45,61.8,36,1.82,.73,0,10.9,0,3.64,55,1180,,0	¾ cup~55|1 package~250
2154273	B	16	150,4.17,0,33.3,250,0,0,0,1.7,0,.3,17,,0	1 serving~120|1 package~500
2074780	B	16	175,3.33,.42,38.3,250,0,0,0,.8,0,0,0,,0	1 serving~120|1 package~500
2159707	B	16	377,10.8,6.15,72.3,400,3.08,.77,62,3.1,0,1.66,31,,0	¾ cup~65|1 package~226
2017859	B	16	385,12.3,6.92,69.2,646,4.62,1.54,69,3.1,0,1.66,31,,0	¾ cup~65|1 package~226
2021695	B	11	0,0,0,0,30600	¼ tbsp~1|1 package~198
1859815	B	4	500,10,20,63.3,233,26.7,3.33,100,3.3,0,6,67,,0	6 cookies, per container~30|1 package~200
2021135	B	47	100,6.06,0,18.2,,9.09,0,0,3,0,2.18,0,,18.2	2 tbsp~33|1 package~170
2151367	B	8	643,21.4,50,28.6,500,14.3,28.6,0,0,0,7.71,0,,0	¼ bar~14|1 package~57
2268166	B	8	556,11.1,41.7,41.7,167,22.2,16.7,0,0,0,2,56,,6.7	½ bar~36|1 package~71
2268165	B	8	571,14.3,35.7,42.9,336,21.4,21.4,0,7.1,0,10.3,143,,0	¼ bar~14|1 package~57
2151369	B	8	643,14.3,50,35.7,1000,14.3,28.6,0,7.1,0,7.71,143,,0	¼ bar~14|1 package~57
1976869	B	8	500,8.33,33.3,47.2,139,27.8,16.7,0,0,0,2,0,,6.7	½ bar~36|1 package~71
2077281	B	100	125,19.6,4.46,0,321,0,0,45,0,0,.64,36,188,0,1.07,.89,2.68,,7.14,,,.214,,,,2.14,,,,,62	1 serving~56|1 package~340
2673636	B	104	600,0,46.7,46.7,233,33.3,40,0,13.3,0,0,20,367,,0,,,,0,0,0	1 tbsp~15|1 package~198
2157557	B	18	50,0,0,12.5,4,12.1	8 fl oz~240|1 package~1750
2446376	B	10	46,.83,0,10.8,0,9.17,,,,,.12,8,188,25,0,,,,,,,,17	8 fl oz~240|1 package~1750
2165980	B	40	350,5,5,70,162,52.5,5,38,0,0,0,150,175,,2.5	2 tbsp~40|1 package~482
2128580	B	13	380,12,12,58,220,22,1,0,10,0,2.16,40,,2.4,,7,3	1 square~50|1 package~600
2127968	B	13	360,12,10,60,220,22,1,0,10,0,2.16,40,,2.4,,7,1	1 square~50|1 package~600
2127531	B	13	380,12,12,60,230,22,2,0,10,0,2.16,40,,2.4,,8,1	1 square~50|1 package~600
2129303	B	13	360,12,10,60,230,24,1,0,10,0,2.16,40,,2.4,,7,1	1 square~50|1 package~600
2128888	B	13	380,12,10,60,230,24,2,0,10,0,2.16,40,,0,,7,1	1 square~50|1 package~600
2129366	B	13	360,12,10,62,200,24,1,0,10,0,2.16,40,,2.4,,7,1	1 square~50|1 package~600
585859	B	13	380,12,12,60,210,24,2,0,10,0,2.16,40,,2.4,,7,1	1 square~50
1895471	B	13	380,12,12,60,230,22,2,0,10,0,2.16,40,,2.4,,8,1	1 square~50|1 package~250
1950944	B	13	360,12,10,60,250,22,1,0,10,0,2.16,40,,2.4,,7,1	1 square~50
1895474	B	14	380,12,12,58,220,22,1,0,10,0,2.16,40,,2.4,,7,3	1 square~50|1 package~250
1895472	B	4	360,12,10,60,230,24,1,0,10,0,2.16,40,,2.4,,7,1	1 square~50|1 package~250
2491161	B	13	360,12,10,60,220,24,0,0,12,0,2.88,400,,36,6,6,0,,12,1,1.02,1.2,,,,3.6,,3	1 square~25|1 package~150
2127859	B	13	400,12,14,58,220,22,2,0,10,0,2.16,40,,2.4,,9,1	1 square~50|1 package~600
2014419	B	42	243,3.57,0,60.7,36,53.6,0,0,3.6,0,.64,36,,0	2 tbsp~28|1 package~240
2440609	B	66	0,0,0,0,0,0,0,0,0,,0,0,,0	1 serving~28|1 package~160
1913728	B	6	300,15,5.83,45.8,925,1.67,2.08,8,2.5,0,3,167,,22.5	1 roll~120|1 package~198
2462719	B	28	429,25,32.1,7.14,1860,,12.5,71,,,,,507,,3.58	1 serving~28|1 package~142
595081	B	25	66,.5,1.89,11.8,40,6.5,.89,0,0,0	9½ fl oz~280
595080	B	25	64,.43,1.71,11.5,40,6.5,.79,0,0,0,,,116	9½ fl oz~280
577601	B	41	800,0,93.3,0,0,,13.3,0,,,,,,,,66.7,10	1 tbsp~15
2033444	B	8	475,7.14,39.3,46.4,0,28.6,21.4,0,7.1,0,7.07,36,,0	1 serving~28|1 package~207
2033420	B	8	500,7.14,39.3,50,0,32.1,21.4,0,7.1,0,7.07,36,,0	1 serving~28|1 package~207
2509167	B	13	375,15,25,50,375,5,11.2,0,20,0,2.5,80,235,,0	1 bar~40
2366157	B	13	400,15,25,50,425,5,12.5,0,20,0,2.5,80,298,,0,,,,,,,,,,,,,,,.25,,,5,,,7.5	1 bar~40
2152202	B	13	386,8.77,19.3,54.4,105,15.8,7.89,0,10.5,0,4.74,35,,0	1 bar~57
2039085	B	13	412,14.1,22.4,44.7,6,15.3,2.35,0,10.6,,2.12,71,,0	1 pack / per container~85
1871788	B	14	435,14.1,24.7,40,12,7.06,8.24,0,9.4,0,4.24,71,,0	1 serving~85
2211495	B	24	0,0,0,0,0	12 fl oz~355|1 package~1300
1935895	B	14	400,18.8,20,40,24,11.8,2.35,24,7.1,0,3.18,118,,4.2	1 serving~85
1871786	B	14	365,20,14.1,42.4,24,15.3,1.76,29,7.1,0,2.12,118,,0	1 serving~85
1871787	B	13	412,22.4,24.7,44.7,29,7.06,14.1,24,14.1,0,6.35,118,,0	1 serving~85
1871789	B	13	424,12.9,25.9,43.5,6,10.6,3.53,0,8.2,0,3.18,71,,4.2	1 serving~85
2364479	B	18	10,0,0,5.07,4,1.69	12 fl oz~355
1876166	B	10	2,0,0,.42,2,0	8 fl oz~240|1 package~530
1880329	B	10	2,0,0,.42,2,.42	8 fl oz~240|1 package~530
2428993	B	10	2,0,0,3.33,10,0,,,,,,,,20,,,,,,,,,,,,,.62	8 fl oz~240|1 package~530
1924706	B	117	2,0,0,3.75,4,0,,,,,,,,3.8	8 fl oz~240|1 package~530
1875121	B	18	2,0,0,.42,2,.42	8 fl oz~240|1 package~530
2146280	B	13	386,12.3,15.8,52.6,281,15.8,3.51,0,12.3,0,2.53,35,,0	1 bar~57
2152201	B	13	386,12.3,14,52.6,351,17.5,1.75,0,12.3,0,1.89,35,,0	1 bar~57
2127369	B	24	0,0,0,0,0	8 fl oz~240|1 package~500
2642976	B	13	404,10.5,21,52.6,105,15.8,6.14,0,10.5,0,3.51,47,458,31.6,7,,,,3.51,,,,,135,381,,5.26,,1,.526	1 bar~57
2476603	B	13	404,10.5,21,52.6,105,15.8,6.14,0,10.5,0,3.51,47,458,31.6,7.03,,,,3.51,,,,,135,381,,5.26,,1,.526	1 bar~57|1 package~228
2631032	B	13	386,8.77,17.5,56.1,368,17.5,6.14,0,8.8,0,3.51,37,433,33.3,7,,,,,,,,,77,261,,5.26,,,.526	1 bar~57
2149806	B	7	35,0,0,8.77,421,3.51,0,0,1.8,0,1.26,0,,0	1 serving~57|1 package~448
2642977	B	13	375,15,25,50,375,5,11.2,0,20,0,2.5,80,235,,0	1 bar~40|1 package~160
2625977	B	8	404,10.5,21,54.4,114,17.5,4.39,0,12.3,0,3.51,116,496,35.1,7,,,,,,.351,,,88,272,,5.26,,1,.351,,,7	1 bar~57
2154577	B	13	421,10.5,21,52.6,88,17.5,5.26,0,12.3,0,2.53,70,,2.1	1 bar~57
2604781	B	8	421,10.5,22.8,52.6,281,15.8,10.5,0,12.3,0,5.26,47,544,31.6,7,,,,,,,,,100,286,,5.26,,1,.526	1 bar~57
2607303	B	8	386,12.3,17.5,54.4,281,15.8,4.39,0,12.3,0,3.51,51,481,31.6,7,,,,,,,,,82,265,,5.26,,1,.175	1 bar~57
2584393	B	4	400,10,16.7,66.7,500,10,3.33,0,23.3,0,3.33,77,323,,0	6 pieces~30|1 package~113
2642974	B	13	404,8.77,19.3,54.4,246,15.8,6.14,0,10.5,0,3.51,47,477,31.6,7,,,,,,,,,75,230,,5.26,,1,.526	1 bar~57
2640467	B	9	360,16,24,48,600,4,12,0,20,0,0,56,292,80,16,,,,,,,,,,,,12	1 bite~25
2663914	B	8	423,7.69,38.5,42.3,135,0,26.9,0,15.4,0,6.15,77,385,,0	2 pieces~26|1 package~52
2643236	B	12	360,16,24,48,600,4,12,0,20,0,0,48,276,76,16,,,,,,,,,,,,12	1 bite~25
2584394	B	12	400,10,16.7,60,867,6.67,1.67,0,20,0,3.33,53,243,,0	6 pieces~30|1 package~113
2418973	B	12	400,10,16.7,63.3,633,3.33,1.67,0,16.7,0,3.33,80,250,,0	6 pieces~30|1 package~113
2076788	B	24	0,0,0,0,0	12 fl oz~360|1 package~900