2486790	B	6	255,8.51,3.19,51.1,468,4.26,0,0,2.1,0,2.77,96,74,,0,0,1.06,,4.26,0,.426,,102	2 slices~47|1 package~567
2486726	B	6	282,7.69,2.56,51.3,462,5.13,0,0,2.6,0,2.82,90,77,,0,0,0,,4.1,1,.256,,108	1 bun~39|1 package~312
2486797	B	6	269,7.69,1.92,50,462,3.85,0,0,0,0,2.69,96,77,,0,0,0,,4.23,0,.385,,104	1 slice~26|1 package~567
2414168	B	9	281,5.26,0,63.2,596,,0,79,0,,.7,18,88,,0	1 serving~57|1 package~340
2181575	B	9	482,3.57,23.2,67.9,429,53.6,6.25,36,1.8,0,1.79,36,125,,0	1 cupcake~56|1 package~340
2375766	B	9	367,2.53,19,46.8,494,32.9,6.33,25,1.3,0,1.27,38,,,0	.17 cake~79
1902165	B	9	328,2.4,18.4,36.8,184,14.4,9.6,8,.8,0,1.15,16,,4.8	1 serving~125|1 package~624
2242496	B	9	390,2.44,13.4,65.8,305,53.7,3.66,24,0,0,.88,24,,1.5	.04 cake~82|1 package~1980
1943241	B	9	421,5.26,22.8,50.9,298,29.8,5.26,70,1.8,0,1.75,88,140,,0	1 slice~57|1 package~453
2182189	B	9	435,4.71,21.2,56.5,482,37.6,10.6,35,2.4,0,2.35,35,,,0	½ cake~85|1 package~170
2667599	B	9	423,2.82,21.1,56.3,282,43.7,6.34,28,1.4,0,1.41,14,99,,1	3 cupcakes~71|1 package~284
2307888	B	9	429,3.57,16.1,67.9,429,51.8,5.36,27,1.8,0,1.79,18,143,,0	1 cupcake~56|1 package~340
2493387	B	9	400,4,18,56,360,34,4,60,0,0,2,180,156,,0	1 slice~50|1 package~396
2306016	B	9	446,3.57,17.9,69.6,446,53.6,4.46,27,1.8,0,1.96,18,179,,0	1 cupcake~56|1 package~680
2628631	B	13	354,12.3,10.8,52.3,38,24.6,1.54,12,6.2,0,2.22,154,277,13.8,,,,28	1 bar~65
1949780	B	13	364,12.1,13.6,50,167,22.7,3.03,5,6.1,0,2.18,121,273,9.1	1 bar~66|1 package~528
1896475	B	13	276,10.5,6.58,46,132,19.7,1.32,9,5.3,0,1.89,132,237,6.3	1 bar~76|1 package~228
1875117	B	18	46,0,0,11.2,10,11	1 bottle~591
1876162	B	18	17,0,0,4.23,0,4.06	1 bottle~591
1880324	B	24	46,0,0,11.5,0,11	1 bottle~591
1880323	B	25	46,0,0,11.2,0,11	1 bottled~591
1876161	B	25	42,0,0,10.7,0,10.5	1 bottle~591
2446406	B	20	386,14.3,7.14,71.4,571,42.9,7.14,0,14.3,0,7.14,129,2370,,0	¼ cup~7|1 package~21
2554737	B	22	429,0,14.3,85.7,429,57.1,14.3,0,14.3,0,0,86,643,,0	¼ cup~7|1 package~21
2382037	B	22	386,4.29,7.14,85.7,357,42.9,4.29,0,0,0,4.29,143,1270,,0	¼ cup~7|1 package~21
577011	B	86	67,0,0,17.8,0,15.6,,,,,,,,8.9	3 fl oz~90
2053128	B	10	46,0,0,11.7,4,10,0,0,.4,0,.15,8,,1	8 fl oz~240
1919458	B	79	172,0,0,69,0,0	2 pieces~2.9|1 package~43.5
1881868	B	79	172,0,0,69,0,0	2 pieces~2.9|1 package~43.5
1875621	B	79	172,0,0,69,0,0	2 pieces~2.9|1 package~43.5
1124601	B	20	122,2.62,3.74,19.6,204,.09,2.52,11,1.9,0,.67,9,523,20.7,0	2/3 cup~107
1931027	B	39	46,3.33,1.04,5.42,52,5,.62,6,0,0,0,125,,.5,1.05	1 cup~240|1 package~3780
1917902	B	39	54,3.33,2.08,5.42,52,5,1.25,8,0,0,0,125,,.5,1.05	1 cup~240|1 package~3780
1917903	B	39	62,3.33,3.33,5.42,52,5,2.08,15,0,0,0,125,,.5,1.05	1 cup~240|1 package~3780
2483143	B	39	50,3.33,2.08,5,,5,1.25,8,0,0,0,125,0,,1.05	1 cup~240|1 package~3780
2482942	B	39	62,3.33,3.33,5,44,,2.08,15,0,0,0,125,134,,1.05	1 cup~240|1 package~1890
1955155	B	46	282,2.35,7.06,50.6,141,15.3,1.76,0,1.2,1.18,0,5,55,,0	1 serving~85|1 package~340
2366167	B	19	133,3.33,0,33.3,633,30,0,0,3.3,0,3.33,37,497,,0	2 tbsp~30|1 package~454
2062759	B	39	42,3.33,1.04,5,44,5,.62,4,0,0,0,125,,1,1.25,,,,,,,,,,83	1 cup~240|1 package~3780
2062756	B	39	50,3.33,2.08,5,48,5,1.25,8,0,0,0,125,,1,1.25,,,,,,,,,,83	1 cup~240|1 package~3780
2062758	B	39	33,3.33,0,5,42,5,.08,2,0,0,0,104,,1,1.25,,,,,,,,,,83	1 cup~240|1 package~3780
2045322	B	0	571,25,50,14.3,411,3.57,7.14,0,7.1,0,3.86,71,,0	1 serving~28|1 package~85
2102008	B	39	62,3.33,3.33,5,44,5,1.88,10,0,0,0,104,,1,1.25,,,,,,,,,,83	1 cup~240|1 package~3780
2039539	B	18	46,0,0,12.5,10,12.5	8 fl oz~240|1 package~710
1874684	B	0	571,17.9,46.4,28.6,411,7.14,0,0,3.6,0,6.43,0,,0	1 serving~28|1 package~71
2039538	B	18	42,0,0,11.7,15,11.7	8 fl oz~240|1 package~2000
2050246	B	0	607,17.9,57.1,21.4,321,3.57,5.36,0,7.1,0,3.86,143,,0	1 serving~28|1 package~113
2039543	B	18	0,0,0,0,15,0	8 fl oz~240|1 package~2000
2039536	B	18	42,0,0,11.7,15,11.7	8 fl oz~240|1 package~2000
1872014	B	18	50,0,0,13.8,6,13.3	8 fl oz~240|1 package~710
2039535	B	18	42,0,0,11.2,15,11.2	8 fl oz~240|1 package~710
1872021	B	18	50,0,0,13.8,7,13.3	8 fl oz~240|1 package~710
2041531	B	0	571,25,50,14.3,357,0,7.14,0,10.7,0,3.86,71,,0	1 serving~28|1 package~85
1874682	B	0	571,25,42.9,28.6,196,14.3,7.14,0,3.6,0,2.57,0,,0	1 serving~28|1 package~85
2039537	B	18	42,0,0,11.7,15,11.7	8 fl oz~240|1 package~710
1943448	B	18	50,0,0,13.8,15,13.3	8 fl oz~240|1 package~2000
1872013	B	18	50,0,0,13.8,10,13.8	8 fl oz~240|1 package~710
2407017	B	62	667,0,77.8,0,1560,0,50,222,0,0	1 tbsp~9|1 package~85
2106968	B	62	545,0,40.9,45.4,364,45.4,25.4,91,0,0	1 tbsp~11|1 package~156
2426761	B	62	667,0,77.8,0,1330,0,46.7,222,0,0	1 tbsp~9|1 package~85
2407691	B	62	667,0,77.8,0,1890,0,47.8,222,0,0	1 tbsp~9|1 package~85
1954696	B	62	545,0,40.9,45.4,364,45.4,25.4,91,0,0	1 tbsp~11|1 package~156
2217546	B	62	545,0,40.9,45.4,318,45.4,27.3,91,0,0	1 tbsp~11|1 package~105
719086	B	62	462,0,38.5,0,346,,23.8,115,0,0	1 tbsp~13
2415266	B	62	545,0,40.9,45.4,273,45.4,22.7,136,0,0,0,0,0,,0	1 tbsp~11|1 package~150
2391225	B	62	667,0,77.8,0,2000,0,47.8,222,0,0	1 tbsp~9|1 package~85
2273980	B	62	455,0,36.4,45.4,273,45.4,,91,0	1 tbsp~11|1 package~105
2134773	B	62	545,0,40.9,45.4,273,45.4,25.4,91,0,0	1 tbsp~11|1 package~105
2389049	B	62	538,0,38.5,46.2,346,46.2,23.8,115,0,0	1 tbsp~13|1 package~125
1913251	B	129	152,0,0,39.4,106,3.03,0,0,0,0,0,0,,0	2 tbsp~33|1 package~907
1898528	B	9	492,6.35,27,57.1,444,34.9,7.94,63,1.6,2.38,1.71,32,,0	1 bar~63|1 package~388
2063560	B	129	121,6.06,1.52,27.3,136,21.2,0,0,0,0,0,0	2 tbsp~33|1 package~907
2057922	B	9	403,2.78,20.8,55.6,333,43.1,4.86,35,1.4,3.47,1,0,,0	1 cupcake~72|1 package~369
1957388	B	4	462,5.77,25,61.5,308,40.4,11.5,48,3.8,0,3.46,0,,0	1 cookie~52|1 package~340
1886471	B	6	250,10.4,8.33,37.5,812,0,2.08,10,4.2,0,3,125,,0	.1 bread~48|1 package~284
1886472	B	9	363,3.7,17.8,46.7,348,32.6,5.93,0,2.2,2.59,1.33,44,,0	1 serving~135
1959012	B	9	323,4.84,9.68,56.4,323,37.1,3.23,24,1.6,0,1.16,97,,0	3 donut holes~62|1 package~312
2057924	B	9	406,3.12,18.8,57.8,312,45.3,4.69,8,0,4.69,.56,0,,0	1 cupcake~64|1 package~737
2057920	B	9	403,12.5,19.4,56.9,319,44.4,4.86,7,0,4.86,0,0	1 cupcake~72|1 package~369
1912646	B	9	393,2.96,17,57.8,356,43.7,4.44,15,.7,3.33,1.07,15,,0	1 serving~135
1959120	B	4	519,9.62,28.8,57.7,404,40.4,13.5,38,3.8,0,2.08,0,,0	1 cookie~52|1 package~340
2057912	B	26	250,6.25,3.12,47.9,479,6.25,0,0,2.1,0,0,0,,0	1 stick~48|1 package~363
2057915	B	9	356,2.96,16.3,48.9,333,36.3,4.44,26,.7,2.22,.8,15,,0	1 serving~135
2063558	B	9	310,2.65,13.3,43.4,,18.6,7.08,0,.9,0,.32,18,177,4.2	.17 pie~113|1 package~340
1894888	B	6	294,9.41,4.12,52.9,541,0,.59,0,2.4,0,3.18,24,,0	1 roll~85|1 package~318
1959110	B	4	500,5.77,23.1,67.3,288,44.2,11.5,48,0,0,0,0,,0	1 cookie~52|1 package~340
1959581	B	9	393,3.28,18,55.7,328,44.3,6.56,16,0,0,.59,33,,0	1 cupcake~61|1 package~737
2106673	B	15	29,0,0,5.88,235,2.94,,,2.9,0,,0	2 tbsp~34|1 package~340
2388288	B	15	286,7.14,16.1,25,36,10.7,3.57,0,3.6,0,3.86,0,0,,0	2 tbsp~28|1 package~226
2068557	B	15	34,0,0,6.9,483,3.45	2 tbsp~29|1 package~453
2400760	B	15	179,7.14,10.7,17.9,446,3.57,0,0,3.6,0,1.29,0,0,,0	2 tbsp~28|1 package~283
2403455	B	15	464,7.14,46.4,7.14,446,0,5.36,0,3.6,0,2.57,0,0,,0	2 tbsp~28|1 package~226
2377444	B	15	333,0,33.3,6.67,833,3.33,5,17,0,0,0,0,0,,0	2 tbsp~30|1 package~340
1974133	B	15	214,3.57,14.3,21.4,54,14.3,3.57,0,0,0,1.29,0,0,,0	2 tbsp~28|1 package~226
2640698	B	15	188,6.25,12.5,12.5,625,0,0,0,3.1,0,1.12,0,219,,0	2 tbsp~32|1 package~284
2554668	B	15	233,3.33,20,10,833,3.33,11.7,67,0,0,0,67,,,0	2 tbsp~30|1 package~284
2277887	B	15	250,6.25,15.6,18.8,781,3.12,0,0,3.1,0,3.38,62,219,,0	2 tbsp~32|1 package~284
2669967	B	15	54,0,3.57,7.14,679,3.57,0,0,3.6,0,0,0,0,,0	2 tbsp~28|1 package~326
2593776	B	15	36,0,0,3.57,464,3.57,0,0,0,0,0,0,0,,0	2 tbsp~28|1 package~397
1958709	B	15	18,0,0,3.57,679,3.57	2 tbsp~28|1 package~340
1958708	B	15	54,0,3.57,3.57,750,0	2 tbsp~28|1 package~340
1966341	B	15	34,0,0,6.9,517,3.45	2 tbsp~29|1 package~340
2277884	B	15	188,6.25,10.9,18.8,438,6.25,0,0,3.1,0,1.12,0,219,,0	2 tbsp~32|1 package~284
2428191	B	15	36,0,0,7.14,429,3.57,0,0,0,0,0,32,214,,0	2 tbsp~28|1 package~453
2417036	B	15	34,0,0,6.9,448,3.45,0,0,0,0,0,0,,20.7	2 tbsp~29|1 package~340
2403454	B	15	393,7.14,35.7,14.3,536,0,5.36,0,3.6,0,5.14,0,250,,0	2 tbsp~28|1 package~226
2510867	B	15	219,6.25,15.6,15.6,562,3.12,1.56,0,3.1,0,1.12,62,219	2 tbsp~32|1 package~284
2583640	B	15	34,0,0,6.9,517,3.45,,,3.4	2 tbsp~29|1 package~454
2268730	B	15	161,7.14,8.93,14.3,411,3.57,0,0,3.6,0,1.29,0,0,,0	2 tbsp~28|1 package~283
2377662	B	15	18,0,0,3.57,750,3.57	2 tbsp~28|1 package~397
2365644	B	15	36,0,0,7.14,571,3.57	2 tbsp~28|1 package~383
2167592	B	15	36,0,0,7.14,536,3.57,0,0,3.6,0,0,71,250,,0	2 tbsp~28|1 package~454
2583639	B	15	34,0,0,6.9,517,3.45,,,3.4	2 tbsp~29|1 package~454
2400388	B	2	179,7.14,14.3,3.57,143,3.57,7.14,36,0,0,0,214,0,,0	2 tbsp~28|1 package~283
2068558	B	15	36,0,0,7.14,571,3.57	2 tbsp~28|1 package~453
2163314	B	15	36,0,0,7.14,571,3.57	2 tbsp~28|1 package~907
2400759	B	15	214,7.14,10.7,25,429,3.57,0,0,7.1,0,2.57,0,0,,0	2 tbsp~28|1 package~283
2167593	B	15	36,0,0,7.14,536,3.57,0,0,3.6,0,0,71,250,,0	2 tbsp~28|1 package~454
1974131	B	15	250,7.14,16.1,21.4,54,10.7,3.57,0,3.6,0,2.57,0,0,,0	2 tbsp~28|1 package~226
2407505	B	15	367,6.67,36.7,6.67,450,0,3.33,0,3.3,0,1.2,0,0,,0	2 tbsp~30|1 package~226
2377663	B	15	18,0,0,3.57,,3.57	2 tbsp~28|1 package~397
2284292	B	15	17,0,0,6.9,414,3.45,,,,,,0	2 tbsp~29|1 package~340
1951550	B	15	18,0,0,7.14,429,3.57	2 tbsp~28|1 package~283
2377655	B	15	36,0,0,7.14,571,3.57	2 tbsp~28|1 package~453
2584104	B	15	36,0,0,7.14,571,3.57	2 tbsp~28|1 package~907
2583638	B	15	36,0,0,7.14,607,3.57	2 tbsp~28|1 package~454
2414686	B	15	36,0,0,7.14,571,3.57	2 tbsp~28|1 package~453
2432598	B	15	34,0,0,6.9,586,3.45,0,0,0,0,0,79,241,,0	2 tbsp~29|1 package~340
2384660	B	15	200,6.67,13.3,16.7,500,3.33,0,0,3.3,0,2.4,0,0,,0	2 tbsp~30|1 package~283
1950082	B	29	159,2.65,7.96,18.6,487,3.54,.44,0,2.7,0,1.77,61,197,,0	1 package~113
1943267	B	15	34,0,0,6.9,448,3.45,0,0,0,0,0,0,,16.6	2 tbsp~29|1 package~453
2441684	B	15	36,0,0,7.14,500,3.57,0,0,0,,0,0,,0	2 tbsp~28|1 package~396
2441708	B	15	36,0,0,10.7,268,3.57,0,0,0,,0,0,,21.4	2 tbsp~28|1 package~396
2403022	B	15	429,7.14,42.9,7.14,429,0,5.36,0,3.6,0,2.57,0,0,,0	2 tbsp~28|1 package~226
2403453	B	15	429,7.14,42.9,7.14,429,0,5.36,0,3.6,0,2.57,0,0,,0	2 tbsp~28|1 package~226
2403201	B	15	464,7.14,46.4,10.7,446,0,5.36,0,3.6,0,2.57,0,0,,0	2 tbsp~28|1 package~226
2403199	B	15	286,7.14,25,10.7,446,0,3.57,0,0,0,2.57,0,0,,0	2 tbsp~28|1 package~226
2271815	B	15	200,6.67,16.7,6.67,667,0,1.67,0,3.3,0,2.4,0,233,,0	2 tbsp~30|1 package~227
2393592	B	15	275,2.5,25,7.5,162,5,6.25,38,0,0,0,280,192,,0	2 tbsp~40|1 package~312
2549080	B	15	200,6.67,16.7,6.67,533,0,1.67,0,3.3,0,2.4,0,233,,0	2 tbsp~30|1 package~227
2405780	B	15	233,3.33,20,6.67,1200,3.33,6.67,33,0,0,0,143,67,,0	2 tbsp~30|1 package~283
2467094	B	15	250,5,22.5,5,575,2.5,6.25,25,0,0,.25,175,150,,.25	2 tbsp~40|1 package~283
2463474	B	15	133,3.33,11.7,6.67,417,3.33,6.67,50,0,0,.33,67,167,,1	2 tbsp~30|1 package~312
2426774	B	15	467,3.33,46.7,6.67,767,3.33,11.7,67,0,0,0,320,120,,0	2 tbsp~30|1 package~312
2393590	B	2	357,7.14,32.1,7.14,643,3.57,10.7,54,0,0,0,321,186,,0	2 tbsp~28|1 package~312
2153413	B	2	250,3.57,12.5,28.6,232,25,8.93,54,0,0,0,282,118,,0	2 tbsp~28|1 package~312
1995500	B	15	167,6.67,15,6.67,767,3.33,1.67,0,3.3,0,2.4,0,233,,0	2 tbsp~30|1 package~227
2054562	B	15	250,5,22.5,5,400,2.5,7.5,38,.6,0,0,150,,6	2 tbsp~40|1 package~283
2394018	B	15	267,6.67,23.3,10,500,3.33,8.33,33,0,0,0,280,150,,0	2 tbsp~30|1 package~283
2159373	B	2	214,3.57,12.5,21.4,304,21.4,8.93,54,0,0,0,282,104,,0	2 tbsp~28|1 package~312
2582379	B	87	217,20.6,9.24,20.1,266,4.35,1.63,35,1.6,0,.98,326,,.7,,,,0	6 1~184
2536488	B	7	212,14.1,9.62,19.2,391,1.92,1.28,16,1.9,0,1.73,96,,.8	1 serving~156
2624266	B	87	234,19.6,11.4,20.6,277,4.89,1.9,33,1.6,0,1.47,326,,.7,,,,0	6 1~184
2624262	B	87	244,14.7,12.8,19.9,340,1.28,1.92,35,1.9,0,1.73,96,,.8,,,,12	5 1~156
2624264	B	87	196,17.4,5.98,19.6,663,3.8,2.45,33,1.6,0,1.47,163,,0,,,,20	6 1~184
2604175	B	111	189,13.7,4.85,20.7,502,3.08,2.2,31,1.3,0,1.76,20,9,,0	1 serving~227
2115154	B	111	214,16.1,7.66,19.8,399,.4,2.42,32,1.2,0,1.81,161,,1.9	1 serving~248
2624265	B	87	196,18.5,6.52,18.5,533,2.72,2.72,38,1.6,0,1.96,163,,0,,,,20	6 1~184
2090584	B	87	192,13.2,9.86,14.1,272,1.88,1.41,16,1.4,0,1.69,28,,2.8	1 serving~213
2624263	B	111	170,9.65,5.79,18.9,429,1.54,1.16,39,1.2,0,1.74,58,,2.3,,,,35	9 3~259
2068351	B	87	194,12.6,5.34,23.8,573,1.46,2.43,24,1.1,0,1.75,121	1 serving~206
2630512	B	87	196,18.5,5.43,20.1,614,4.89,2.45,38,1.6,0,1.96,163,,0,,,,20	6 1~184
2423760	B	15	300,6.67,30,6.67,667,3.33,15,67,0,0,0,133,0,,0	2 tbsp~30|1 package~283
2074072	B	7	121,2.14,7.14,12.9,550,.71,1.79,11,.7,0,.51,14,,15	¾ cup~140|1 package~992
2090552	B	80	131,2.92,2.55,23.4,234,12.4,.36,0,.7,0,.79,15,,8.8	2/3 cup~137|1 package~397
2074071	B	80	279,7.86,10.7,38.6,507,2.86,1.79,4,3.6,0,1.93,107,,8.6	1 cup~140|1 package~737
2418422	B	15	233,3.33,20,10,767,3.33,8.33,50,0,0,0,67,0,,0	2 tbsp~30|1 package~284
2286807	B	7	122,7.05,8.67,4.07,322,1.36,2.71,47,1.1,0,.73,108,,13	1 salad~369
2078171	B	7	178,6.38,14.8,6.38,356,1.34,3.36,20,1.3,.17,.91,101,,14.1	1 serving~298
2078172	B	7	170,7.57,14.4,3.13,355,1.04,4.44,50,1,.26,.7,91,,12.5	1 serving~383
2442800	B	44	157,0,0,38.6,0,35.7,0,0,2.9,,.51,0,,8.6	¼ cup~70|1 package~454
2091235	B	15	267,6.67,23.3,13.3,667,0,1.67,0,3.3,0,3.6,67,,4	2 tbsp~30|1 package~227
2095993	B	90	230,6,5,40,25,10,1,0,4,0,2.7,20,,3.6	½ cup~100|1 package~312
2442712	B	2	333,6.67,23.3,23.3,283,16.7,15,67,0,,0,67,,0	2 tbsp~30|1 package~312
1892264	B	23	267,3.33,15,26.7,600,16.7,1.67,0,0,0,1.2,67,,4	2 tbsp~30|1 package~340
1892267	B	23	233,3.33,13.3,30,667,26.7,1.67,0,0,0,0,0,,4	2 tbsp~30|1 package~340
2070446	B	33	258,8.59,12.5,28.9,641,1.56,5.47,86,2.3,0,2.11,78,,4.7	1 slice~128|1 package~765
2071296	B	7	300,3.33,30,6.67,833,0,3.33,0,0,0,1.2,0,,0	2 tbsp~30|1 package~198
2095989	B	80	186,4.29,10.7,17.9,486,.71,1.43,4,1.4,0,.77,29,,6.4	½ cup~140|1 package~255
2547587	B	15	333,10,30,6.67,967,3.33,13.3,50,0,0,0,200,0,,0	2 tbsp~30|1 package~283
2486732	B	93	265,7.84,10.8,34.3,1700,.98,4.41,20,1,0,1.96,127,118,,.2	1 serving~102|1 package~262
2070447	B	33	235,9.09,15.9,14.4,265,.76,7.58,144,0,0,1.36,114,,.9	1 slice~132|1 package~794
2445778	B	15	233,6.67,16.7,16.7,500,0,1.67,0,3.3,0,1.2,0,,,0	2 tbsp~30|1 package~283
2095994	B	80	214,3.57,13.6,18.6,293,.71,1.07,0,1.4,0,.77,14,,6.4	½ cup~140|1 package~255
2088963	B	2	333,10,30,6.67,733,3.33,15,83,0,0,0,267,,4	2 tbsp~30|1 package~652
2091652	B	80	221,5,15,17.1,679,2.14,1.79,21,1.4,0,.77,71,,15	¾ cup~140|1 package~737
2667580	B	15	267,3.33,26.7,6.67,600,3.33,8.33,33,0,0,1.2,67,233,,0	2 tbsp~30|1 package~283
2442731	B	9	300,3.33,23.3,20,400,13.3,15,67,0,,0,67,,12	2 tbsp~30|1 package~312
2074069	B	80	200,1.9,18.1,8.57,590,1.9,1.43,0,1.9,0,1.71,38,,34.3	½ cup~105|1 package~624
2074070	B	80	193,5.71,8.57,25,657,2.14,1.79,4,2.9,0,1.93,57,,21.4	1 cup~140|1 package~850
2071297	B	7	300,0,33.3,6.67,1000,0,0,0,3.3,0,1.2,0,,0	2 tbsp~30|1 package~198
2117920	B	7	300,0,30,6.67,1030,0,3.33,0,3.3,0,3.6,67,,0	2 tbsp~30|1 package~255
2289281	B	7	333,3.33,33.3,10,633,6.67,3.33,0,3.3,0,1.2,0,,12	2 tbsp~30|1 package~198
2071295	B	15	156,3.12,12.5,9.38,500,6.25,4.69,31,0,0,0,125,,3.8	2 tbsp~32|1 package~227
2089916	B	80	279,7.86,10.7,38.6,507,2.86,1.79,4,3.6,0,1.93,107,,8.6	1 cup~140|1 package~227
1946096	B	20	81,2.02,6.06,7.07,121,3.03,3.03,10,2,0,.73,40,,42.4	1 serving~99|1 package~595
1906932	B	10	42,.42,0,9.58,4,8.33,,,.4,,.15,8,,25	8 fl oz~240|1 package~1890
2080741	B	18	42,.42,0,9.17,0,8.33,,,.4,,0,8,,25	8 fl oz~240|1 package~1890
1917358	B	10	46,.83,0,11.2,4,8.33,,,.4,,.15,17,,25	8 fl oz~240|1 package~1890
2483512	B	23	283,10,24.2,8.33,317,1.67,3.33,42,3.3,0,1.58,25,296,,2.83	1 can~120
468382	B	17	80,8,0,12.7,30,10.7,0,3,0,0,0,100,,0	1 serving~150
474409	B	6	235,11.8,1.76,48.2,353,4.71,0,0,4.7,0,0,47,,0	1 serving~85
411069	B	66	469,6.25,18.8,65.6,31,0,15.6,0,6.2,0,5.62,125,,0	3 shells~32
484106	B	48	274,17.7,20.4,2.65,434,1.77,7.96,71,0,.88,2.39,71,,0	1 patty~113
484102	B	83	257,15.9,19.5,3.54,796,1.77,7.08,66,0,.88,2.39,18,,3.2	1 patty~113
356591	B	36	80,17,.89,0,98,0,0,71,0,0,0,0,,0	1 serving~112
356508	B	32	129,3.23,11.3,4.84,661,1.61,4.84,48,0,0,0,65,,0	¼ cup~62
474413	B	22	283,6.19,13.3,28.3,71,16.8,7.96,66,2.7,0,2.39,133,,2.1	1 container~113
467168	B	33	267,6.67,16.1,23.3,278,1.11,8.33,25,.6,0,2,11,,.7	1 cup~180
508554	B	80	162,4.76,3.81,26.7,314,1.9,.48,0,3.8,0,6.86,0,,22.9	¾ cup~105
356542	B	26	307,3.51,14.9,36.8,263,14,7.89,9,1.8,0,1.26,0,,1.1	1 serving~114
411014	B	52	307,2.63,15.8,36.8,289,14.9,7.89,13,.9,0,1.26,18,,1.1	1 serving~114
453419	B	9	317,3.85,18.3,31.7,163,25,11.5,67,1,0,.35,19,,0	.17 slice~104
454468	B	9	388,4.71,22.4,42.4,318,15.3,11.8,0,2.4,0,1.69,0,,28.2	1 apple turnover~85
475583	B	15	127,3.52,7.04,14.8,28,10.6,.7,0,2.8,0,.51,70,,3.4	1 pack~142
2048858	B	24	0,0,0,0,0	13½ fl oz~400
2048857	B	24	0,0,0,0,0	13½ fl oz~400
467155	B	80	134,3.82,10.2,5.1,503,2.55,1.27,6,1.3,0,.23,0,,7.6	1 cup~157
410976	B	23	333,0,26.7,23.3,1100,20,1.67,0,0,0,0,0,,4	2 tbsp~30
484110	B	121	195,5.42,4.61,32,190,7.32,.68,9,0,0,1.46,16,,1	1 container~369
454131	B	33	62,1.77,4.42,3.54,93,1.77,2.65,13,1.8,0,2.39,18,,5.3	1 serving~113
454463	B	46	375,1.79,21.4,48.2,161,21.4,10.7,0,1.8,0,0,0,,0	3 pieces~56
453953	B	15	150,3.33,13.3,6.67,400,0,1.67,0,3.3,0,0,0,,8	2 tbsp~30
454132	B	20	82,2.73,0,17.3,5,0,0,0,.9,0,.98,0,,21.8	¾ cup~110
475578	B	93	162,9.86,12.7,4.23,239,1.41,7.04,42,.7,0,0,282,,8.5	1 pack~142
510044	B	140	165,2.75,9.8,12.2,149,.78,3.92,137,.4,0,.71,31,,2.4	1 serving~255
474406	B	6	282,9.41,1.76,54.1,494,3.53,0,0,2.4,0,3.18,71,,0	1 serving~85
453945	B	9	351,7.02,14,56.1,140,36.8,1.75,70,0,0,1.89,0,,0	1 donut~57
484230	B	51	138,3.85,9.29,9.94,183,1.92,5.77,30,.6,.32,.35,64,,4.8	1 container~312
410946	B	11	200,0,0,46.7,0,40,0,0,0,0,0,0,,0	1 tbsp~15
410978	B	23	150,0,10,16.7,700,13.3,0,0,0,0,0,0,,0	2 tbsp~30
410948	B	122	100,0,0,20,0,20	1 tbsp~15
356429	B	19	189,0,0,46,757,43.2,0,0,0,0,0,0,,0	2 tbsp~37
1146849	B	19	143,0,0,34.3,971,28.6,0,0,0,0,0,0,,0	2 tbsp~35
453954	B	32	446,5.36,44.6,3.57,500,0,6.25,9,1.8,0,1.29,268,,10.7	¼ cup~56
356581	B	61	333,6.67,0,75.6,0,0,0,0,2.2,0,0,0,,0	¼ cup~45
356578	B	67	341,20.4,1.14,63.6,11,2.27,0,0,15.9,0,4.09,91,,5.5	¼ cup~44
467165	B	33	121,6.5,4.52,12.7,362,1.41,1.98,21,.8,0,1.27,11,,1	1 container~354
467601	B	63	344,12.5,3.12,65.6,1750,3.12,0,0,0,0,3.38,62,,0	½ cup~32
509018	B	152	506,8.24,22.4,68.2,671,29.4,9.41,24,2.4,0,.85,24,,0	1 waffle~85
470435	B	152	494,8.24,22.4,67.1,671,28.2,9.41,24,2.4,0,.85,24,,0	1 waffle~85
475577	B	20	56,2.11,8.45,7.75,155,2.11,.7,0,2.1,0,.25,0,,80.3	1 pack~142
474390	B	9	346,3.85,20.2,33.6,202,26.9,12.5,77,1,0,.69,19,,0	.16 slices~104
484135	B	20	35,.7,0,8.45,0,4.93,0,0,2.1,0,.51,14,,54.9	1 pack~142
477479	B	4	320,5.33,16,38.7,453,9.33,9.33,53,1.3,0,2.4,267,,0	1 piece~75
358722	B	7	219,0,21.9,6.25,1190,0,0,0,0,0,0,0,,0	1 tbsp~16
467146	B	33	173,6.6,3.55,29.4,213,1.52,1.27,5,4.6,0,.91,51,,6.1	1 cup~197
356568	B	67	340,22,0,64,0,2,0,0,24,0,9,160,,0	¼ cup~50
2048642	B	53	0,0,0,0,0	13½ fl oz~400
356566	B	67	333,24.4,1.11,60,11,6.67,0,0,11.1,0,8,89,,0	¼ cup~45
356474	B	3	126,0,0,32.6,0,31.6,0,0,0,0,0,21,,82.1	½ cup~95
410944	B	23	467,3.33,46.7,3.33,767,3.33,5,17,0,0,0,67,,0	2 tbsp~30
356560	B	68	352,7.41,0,79.6,0,0,0,0,0,0,2.67,37,,0,,,,,3.7,0	½ cup~54
356559	B	68	349,9.3,2.33,76.7,0,0,0,0,4.7,0,.84,0,,0	½ cup~43
477477	B	6	277,9.57,4.26,51.1,500,2.13,.53,0,2.1,0,3.83,319,,16	1 roll~94
468328	B	27	305,14.6,26.5,1.32,669,.66,9.27,66,0,0,.72,13,,0	1 sausage~151
356543	B	36	212,10.6,5.88,29.4,671,1.18,1.18,118,1.2,0,1.27,24,,2.8	1 serving~85
508730	B	140	188,5.29,8.24,22.4,271,1.18,2.94,91,1.2,0,1.59,88,,7.1	1 burrito~170
479959	B	43	106,5.71,7.35,5.71,286,1.63,4.49,27,.4,0,.15,163,,6.1	1 cup~245
475587	B	20	121,2.02,9.09,7.07,222,3.03,2.02,5,2,0,0,20,,36.4	1 pack~99
356498	B	16	339,7.14,2.68,73.2,18,3.57,0,0,3.6,0,.64,0,,0	¾ cup~56
454134	B	20	118,2.73,10,6.36,36,1.82,4.55,18,2.7,0,1.64,36,,54.5	1 cup~110
356565	B	90	340,12,1,76,20,0,0,0,18,0,2.16,40,,0	¼ cup~50
509621	B	9	339,6.45,9.68,56.4,306,24.2,4.84,48,1.6,0,2.32,0,,0	1 serving~62
508729	B	111	212,9.41,4.12,32.9,424,1.18,1.47,18,1.2,0,2.12,59,,3.5	1 burrito~170
486060	B	46	364,7.79,16.9,44.2,429,5.19,10.4,52,1.3,0,.94,26,,101	1 croissant~77
453435	B	9	421,7.02,17.5,56.1,263,33.3,10.5,79,1.8,0,1.89,105,,0	.12 cake~57
356545	B	99	231,5.13,5.13,40.2,376,9.4,.85,13,.9,0,3.08,34,,0,,,,,3.42,0,.291,.342,,,171,1.03	3 pancakes~117
356520	B	54	33,1.67,1.25,5,567,3.33,.42,0,1.7,0,.3,0,,3	½ cup~120
484123	B	7	55,2.45,2.15,6.75,135,1.23,.92,3,1.8,0,.66,61,,2.9	¼ container~163
468081	B	140	199,12,9.64,13.9,542,1.81,4.22,111,.6,0,1.63,241,,0	1 sandwich~166
356480	B	41	857,0,100,0,0,,7.14,0,,0,,,,,,64.3,28.6	1 tbsp~14
508559	B	20	33,.66,0,7.95,17,7.28,0,0,.7,0,0,0,,35.8	1/3 pack~151
479982	B	43	77,4.17,3.21,8.01,253,2.24,.8,8,1.6,0,.87,19,,11.5	1 serving~312
467161	B	80	115,2.65,.44,24.8,31,17.7,0,0,4.4,0,1.59,53,,143	½ cup~113
453434	B	9	383,1.56,20.3,48.4,188,32.8,6.25,39,2.3,0,.84,47,,0	1 cupcake~128
470440	B	9	330,5,12,51,320,28,1,45,2,0,1.8,0,,0	1 loaf~100
475580	B	20	118,2.35,7.06,11.2,218,3.53,.59,0,2.9,0,.64,24,,3.5	1 pack~170
475586	B	20	70,2.11,9.86,9.86,225,2.82,1.06,0,2.8,0,.51,14,,1.7	1 pack~142
454135	B	33	95,2.12,4.76,12.7,307,2.12,2.65,16,1.6,0,.38,32,,22.2	1 cup~189
475582	B	20	141,5.29,9.41,11.2,147,6.47,2.06,0,2.9,0,.21,35,,2.8	1 pack~170
467598	B	63	333,12.1,1.52,69.7,1670,3.03,0,0,3,0,3.27,0,,0	¼ cup~33
509623	B	9	339,6.45,11.3,51.6,323,17.7,5.65,56,1.6,0,2.32,0,,0	1 serving~62
453424	B	9	345,5.31,20.4,34.5,221,26.6,12.4,88,.9,.88,.32,53,,0	1 container~113
453426	B	9	310,5.31,23,31.9,221,10.6,13.3,75,1.8,.88,1.27,53,,0	1 serving~113
453420	B	9	360,5.6,22.4,33.6,176,28,12.8,76,0,0,.86,16,,0	.2 slice~125
453439	B	6	306,5.88,17.6,29.4,506,1.18,9.41,29,1.2,0,0,0,,7.1	1 slice~85
467599	B	63	333,10,1.67,73.3,1400,0,0,0,0,0,2.4,0,,0	½ cup~30
467600	B	63	361,11.1,1.39,72.2,1250,8.33,0,0,2.8,0,3,56,,0	½ cup~36
467159	B	33	130,7.81,5.21,13.5,161,1.56,2.6,23,1,0,.75,78,,18.8	1 cup~192
508562	B	93	106,8.81,2.64,10.6,229,1.76,.88,22,1.3,0,1.19,44,,5.3	1 container~227
510943	B	21	94,6.76,1.03,14.4,250,1.18,0,13,.6,0,1.06,18,,7.1	1 container~340
467132	B	21	218,16.7,10.3,18,269,1.28,5.13,38,1.3,0,1.38,128,,3.1	1/3 flatbread~78
508726	B	21	200,11.2,5.88,25.3,429,2.35,2.94,26,1.2,0,1.59,88,,17.6	1 sandwich~170
508561	B	33	86,5.56,1.01,12.1,162,1.52,0,8,.5,0,.73,0,,4.5	½ container~198
468325	B	43	54,3.85,1.6,6.09,311,.96,.64,8,1,0,.87,32,,8.7	1 container~312
508722	B	11	133,0,0,26.7,1270,26.7,0	1 tbsp~15
356426	B	19	162,0,0,43.2,703,37.8,0,0,0,0,0,0,,9.7	2 tbsp~37
411070	B	19	0,0,0,0,1700,,,,0,,,,,24	1 tsp~5
410974	B	23	400,0,36.7,13.3,833,10,6.67,0,0,0,0,0,,0	2 tbsp~30
487799	B	9	280,2.4,14.4,31.2,112,15.2,12,44,.8,0,2.16,64,,0	1 slice~125
510951	B	7	76,3.78,3.78,8.11,130,1.62,1.08,3,1.6,0,1.46,54,,13	½ container~185
557969	B	100	89,21.4,1.79,0,62,0,0,45,0,0,0,0,,0	¼ cup~56
410993	B	32	44,.88,.88,7.96,442,1.77,0,0,1.8,0,.64,18,,10.6	½ cup~113
484229	B	43	131,3.85,9.94,7.05,260,1.92,6.09,46,.3,.32,.87,48,,1.9	1 serving~312
410979	B	23	200,0,16.7,10,1000,10,0,0,0,0,0,0,,0	2 tbsp~30
356431	B	19	143,0,0,34.3,1260,28.6	2 tbsp~35
410972	B	23	500,3.33,53.3,6.67,1000,3.33,8.33,50,0,0,0,0,,0	2 tbsp~30
467131	B	7	86,7.06,4.31,3.92,388,1.57,2.35,41,.8,0,.71,98,,3.5	1 container~255
467128	B	7	89,5.15,3.25,10,209,4.07,.54,9,1.1,0,.98,22,,16.3	1 container~369
468091	B	87	136,10.6,5.05,13.6,258,4.04,.76,25,1,0,.91,20,,1.8	1 sandwich~198
510047	B	87	200,11,6.67,22.8,467,1.57,1.96,24,1.2,0,1.76,39,,5.9	1 sandwich~255
557968	B	7	18,0,0,3.57,2360	3 onions~28
474384	B	9	430,1.56,25,50,195,32,9.38,12,2.3,0,1.12,31,,0	1 cupcake~128
356555	B	68	162,3.81,1.43,34.3,0,0,0,0,1.9,0,.69,19,,0	1 serving~105
356556	B	68	143,2.86,0,31.4,0,0,0,0,0,0,.34,0,,0	1 serving~105
509617	B	9	414,1.56,22.7,51.6,180,32,5.47,16,1.6,0,1.41,31,,0	1 cupcake~128
356481	B	41	857,0,100,0,0,,14.3,0,,0,,,,,,28.6,57.1	1 tbsp~14
438729	B	6	390,6.78,18.6,50.8,322,22,3.39,68,1.7,0,1.83,34,,0	1 slice~59
356564	B	16	349,14,2.33,74.4,23,0,0,0,4.7,0,1.67,47,,0	¼ cup~43
570224	B	29	467,6.67,20,70,767,6.67,3.33,0,3.3,0,3.6,0,,0	6 crackers /~30
411019	B	139	393,10.7,5.36,71.4,1640,14.3,0,0,3.6,0,3.86,71,,4.3	.17 box~28
475630	B	49	594,21.9,53.1,21.9,0,6.25,4.69,0,9.4,0,3.38,250,,0	2 tbsp~32
356547	B	63	400,18,10,58,940,2,6,30,2,0,2.88,200,,0	1 serving~50
467162	B	80	80,.88,3.98,9.73,257,6.19,.44,4,1.8,0,.64,35,,37.2	½ cup~113
356521	B	32	151,2.38,12.7,7.94,429,3.97,7.94,52,.8,0,.57,48,,3.8	½ cup~126
453427	B	38	475,5,30,47.5,162,22.5,15,88,2.5,0,2.7,0,,0	1/3 container~40
474400	B	9	368,5.26,10.5,61.4,281,33.3,6.14,70,1.8,0,1.89,35,,0	.12 tray~57
453421	B	9	351,5.26,10.5,57.9,263,31.6,5.26,70,1.8,0,1.89,35,,0	.12 tray~57
453432	B	4	333,3.51,10.5,57,342,7.02,6.14,26,1.8,0,1.58,35,,0	1 bar~114
411021	B	36	250,11.9,10.7,25,429,1.19,1.79,36,1.2,0,1.71,0,,0	2 pieces~84
356529	B	47	33,1.64,0,6.56,246,3.28,0,0,1.6,0,1.18,33,,9.8	¼ cup~61
474416	B	9	398,3.12,21.9,50.8,164,35.9,7.81,31,3.1,0,1.41,31,,0	1 cupcake~128
356487	B	16	375,12.5,1.79,73.2,0,3.57,0,0,3.6,0,3.21,0,,0,,,,,7.14,1,.455	½ cup~56
453422	B	9	419,9.68,19.4,50,161,17.7,8.06,56,1.6,0,2.9,32,,7.7	1 serving~62
392857	B	42	250,0,0,65,0,65,0,0,0,0,0,0,,0	1 tbsp~20
356548	B	63	333,11.8,9.8,48,657,2.94,5.88,25,2,0,2.65,147,,0	1 serving~102
410994	B	47	21,.83,0,4.13,248,2.48,0,0,.8,0,.6,33,,5	½ cup~121
356514	B	47	30,.86,0,5.17,422,3.45,0,0,.9,0,0,17,,10.3	½ cup~116
356438	B	19	0,0,0,0,2200	1 tsp~5
487796	B	0	607,21.4,53.6,17.9,0,3.57,3.57,0,10.7,0,5.14,286,,0	1 serving~28
555277	B	140	186,8.85,11.5,7.96,274,.88,8.85,49,.9,0,.32,133,,10.6	1 container~113
958115	B	16	357,5.36,1.79,80.4,0,0,0,0,1.8,0,.64,0,,0	½ cup~56
454130	B	61	356,8.89,3.33,75.6,0,0,0,0,2.2,0,2.4,0,,0	¼ cup~45
356483	B	90	375,10.7,1.79,73.2,0,3.57,0,0,3.6,0,3.21,0,,0,,,,,7.14,1,.455	1/3 cup~56
356485	B	16	375,10.7,1.79,73.2,0,3.57,0,0,3.6,0,3.21,0,,0,,,,,7.14,1,.455	¾ cup~56
410988	B	41	800,0,93.3,0,0,0,13.3,,0,0,0,0,,0	1 tbsp~15
410980	B	23	117,0,0,26.7,600,26.7,0,0,0,0,0,0,,20	2 tbsp~30
356489	B	16	375,12.5,1.79,73.2,0,3.57,0,0,3.6,0,3.21,0,,0,,,,,7.14,1,.455	1 serving~56
356616	B	11	0,0,0,0,38900,0,0,0,0,0,0,0,,0	¼ tsp~.9
411013	B	26	298,2.63,14,36.8,237,14.9,7.02,4,1.8,0,1.26,18,,1.1	1 serving~114
508727	B	21	205,10,5.5,30,560,2,2,5,2,0,1.8,150,,1.2	1 sandwich~200
510947	B	33	174,8.24,8.24,18.5,212,2.06,4.12,22,2.1,0,.79,103,,0	1 container~340
453943	B	67	360,26,1,60,0,2,0,0,30,0,7.2,40,,4.8	¼ cup~50
454464	B	9	276,1.63,13.8,39,187,23.6,6.5,0,1.6,0,.88,16,,2	1 slice~123
454467	B	46	433,8.33,23.3,45,417,11.7,13.3,75,1.7,.83,.6,0,,0	1 crolssant~60
454465	B	9	400,4.71,22.4,45.9,306,18.8,11.8,0,1.2,0,1.69,0,,28.2	1 cherry turnover~85
470445	B	6	225,7.14,0,42.9,536,0,0,0,1.8,0,1.93,36,,0	1 slices~56
1879564	B	53	29,0,0,7.08,0,7.08,0,0,0,0,0,0,,1.5	8 fl oz~240|1 package~1700
410940	B	3	58,0,0,13.5,19,9.62,0,0,0,0,.69,0,125,17.3	1 pop~52
467143	B	20	40,.66,0,11.3,3,9.27,0,0,1.3,0,0,13,,115	1/3 pack~151
484120	B	80	94,4.72,5.66,7.55,481,.94,1.42,5,2.8,0,.68,57,,5.7	½ container~106
356572	B	67	360,20,6,60,20,10,0,0,18,0,5.4,120,,4.8	¼ cup~50
356478	B	3	200,5.26,9.47,24.2,47,22.1,6.32,21,1.1,0,2.84,105,,0	½ cup~95
471917	B	4	425,3.54,17.7,62,221,37.2,8.85,18,1.8,0,1.27,0,,0	1 cookie~113
467145	B	63	212,11.3,11.3,16.2,403,1.06,6.01,57,.7,.18,.95,88,,2.1	1 cup~283
356549	B	63	357,12.9,2.86,71.4,671,7.14,.71,7,5.7,0,2.06,114,,0	1 serving~70
411015	B	99	265,5.88,7.35,38.2,353,7.35,1.47,7,2.9,0,5.29,294,,0,,,,,5.88,0,.5,.588,,,294,1.76	8 mini waffles~68
410987	B	41	800,0,93.3,0,0,0,13.3,,0,0,0,0,,0,,10	1 tbsp~15
410985	B	41	800,0,93.3,0,0,,13.3,,,0	1 tbsp~15
468388	B	17	73,8,0,10,33,8,0,3,0,0,0,100,,0	1 serving~150
411067	B	35	33,0,1.67,3.33,583,0,0,0,1.7,0,0,33,,8	¼ cup~60
1849693	B	67	360,26,1,60,0,2,0,0,30,0,7.2,40,,4.8	¼ cup~50|1 package~454
356576	B	67	347,24.5,1.02,61.2,10,8.16,0,0,24.5,0,3.67,41,,0	¼ cup~49
484105	B	83	230,15,18.6,.88,301,0,7.08,62,.9,.88,1.59,0,,8	1 patty~113
471920	B	33	113,3.33,4.67,18.7,70,3.33,.33,0,2.7,0,1.8,0,,8	2 niblets~150
471923	B	20	77,1.28,5.13,8.33,71,5.13,.32,0,1.3,0,.69,26,,19.2	½ pack~156
506454	B	140	103,2.35,5.16,9.86,169,1.41,1.41,101,.9,0,1.27,38,,16.9	1 container~213
1879563	B	4	464,3.57,21.4,60.7,36,53.6,21.4,0,7.1,0,0,0,,0	1 cookie~28|1 package~252
356432	B	19	139,0,0,36.1,778,30.6	2 tbsp~36
356544	B	99	271,5.71,10,37.1,529,4.29,.71,7,1.4,0,5.14,286,50,0,,4.29,3.57,,5.71,0,.486,.571,,,286,1.71	2 waffles~70
395301	B	84	286,0,0,81,0,76.2,0,0,0,0,0,0,,0	1 tbsp~21
410975	B	23	300,0,20,23.3,567,20,3.33,0,0,0,0,0,,0	2 tbsp~30
356427	B	19	176,0,0,41.2,676,35.3,0,0,0,0,0,0,,0	2 tbsp~34
468074	B	35	0,0,0,20,1500,20,0	1 tsp~5
411071	B	19	0,0,0,0,1500,,,,0,,,,,24	1 tsp~5
358721	B	3	210,4,17,19,50,17,7,45,1,0,1.44,100,,0	½ cup~100
615774	B	3	200,3.16,10.5,23.2,53,22.1,6.32,32,0,0,0,105,,1.3	½ cup~95
356558	B	68	349,9.3,2.33,76.7,0,0,0,0,4.7,0,.84,0,,0	½ cup~43
356557	B	61	364,9.09,0,81.8,11,0,0,0,2.3,0,3.27,45,,0	½ cup~44
356617	B	11	0,0,0,0,39300	¼ tsp~1.5
410942	B	23	267,0,23.3,10,1000,6.67,1.67,0,0,0,0,0,,8	2 tbsp~30
356583	B	61	333,6.67,0,80,0,0,0,0,2.2,0,0,0,,0	¼ cup~45
467135	B	34	181,5.51,9.45,17.3,370,3.15,3.94,24,.8,0,.28,118,,.9	1/3 pizza~127
467175	B	34	203,6.5,12.2,17.1,211,3.25,5.69,33,1.6,0,.29,163,,1	1/3 pizza~123
356518	B	47	28,.81,0,5.69,203,4.07,0,0,1.6,0,1.17,16,,9.8	½ cup~123
507083	B	6	343,7.14,15.7,42.9,657,5.71,8.57,43,1.4,0,2.57,571,,3.4	1 piece~70
484115	B	26	152,5.05,12.1,6.06,131,3.03,8.08,35,2,0,0,101,,72.7	½ pack~99
356579	B	61	356,6.67,0,80,0,0,0,0,2.2,0,4,0,,0	¼ cup~45
453430	B	9	438,1.56,25,53.1,203,34.4,6.25,16,2.3,0,1.41,31,,0	1 cupcake~128
1879395	B	25	50,0,0,12.9,2,12.1,0,0,0,0,0,0,,2.5	8 fl oz~240|1 package~1700
484122	B	7	108,3.24,5.41,13.5,65,6.49,.81,0,2.7,0,.97,54,,55.1	½ container~185
641076	B	35	133,0,0,26.7,867,20,0,,,,,,,8	1 tbsp~15
467148	B	121	200,9.23,10.3,16.4,626,2.05,1.79,18,.5,0,.92,21,,27.7	1 cup~195
438730	B	48	281,8.77,3.51,52.6,702,0,0,0,1.8,0,3.16,0,,0	1 slice~57
356505	B	16	375,12.5,1.79,73.2,0,3.57,0,0,3.6,0,3.21,0,,0,,,,,7.14,1,.455	2/3 cup~56
356499	B	16	375,12.5,1.79,73.2,0,3.57,0,0,3.6,0,3.21,0,,0,,,,,7.14,1,.455	1 serving~56
510946	B	33	147,8.53,5.59,15.6,279,2.94,2.65,19,1.2,0,.53,176,,3.5	1 container~340
356470	B	3	200,4.62,7.69,24.6,77,20,6.15,23,1.5,0,.55,154,,0	½ cup~65
356571	B	67	333,22.2,0,62.2,11,2.22,0,0,15.6,0,6,89,,5.3	¼ cup~45
356442	B	23	333,0,33.3,6.67,600,0,6.67,67,0,0,0,0,,0	1 tbsp~15
453425	B	9	336,5.31,19.5,34.5,221,26.6,11.5,84,.9,.88,.32,53,,0	1 container~113
356580	B	61	378,8.89,3.33,77.8,0,0,0,0,4.4,0,1.6,0,,0	¼ cup~45
356585	B	61	356,6.67,0,80,0,0,0,0,2.2,0,4,0,,0	¼ cup~45
356760	B	2	80,12.4,1.77,3.54,336,3.54,1.33,4,0,0,0,71,,0	½ cup~113
479964	B	17	100,3.53,.88,19.4,47,15.3,.59,3,0,0,0,118,147,0	1 serving~170
474393	B	9	404,1.75,22.8,50.9,158,35.1,6.14,26,1.8,0,1.89,35,,0	1 cupcake~57
356486	B	16	375,12.5,1.79,73.2,0,3.57,0,0,3.6,0,3.21,0,,0,,,,,7.14,1,.455	½ cup~56
356588	B	36	80,18.8,.89,0,125,0,0,71,0,0,1.61,0,,0	1 serving~112
453956	B	17	109,3.17,.88,22.5,44,15.1,.35,2,1.1,0,.38,88,,14.8	1 container~284
475588	B	20	76,.59,0,19.4,3,17.1,0,0,1.8,0,0,0,,28.2	1 pack~170
506529	B	46	426,8.51,23.4,44.7,617,10.6,14.9,128,2.1,0,2.3,85,,0	1 scone~47
410991	B	32	40,.88,.88,7.08,381,1.77,0,0,1.8,0,.96,18,,13.3	½ cup~113
356509	B	32	40,.88,.88,7.96,372,4.42,0,0,1.8,0,.96,0,,15.9	½ cup~113
356573	B	67	356,8.89,1.11,73.3,22,6.67,0,0,20,0,4,178,,0	¼ cup~45
508556	B	33	141,7.06,6.18,14.1,274,1.18,3.24,31,.9,.15,1.85,44,,4.4	1 container~340
484107	B	33	212,11.4,10.6,19.6,353,2.75,5.1,41,2.4,.39,1.41,176,,3.5	1 container~255
453947	B	20	133,3.53,11,6.67,416,1.57,.78,2,2,0,.56,39,,5.9	1 container~255
484124	B	15	33,0,0,6.67,533,3.33,0,0,0,0,0,0,,30	2 tbsp~30
356501	B	16	357,12.5,1.79,73.2,0,3.57,0,0,3.6,0,1.29,0,,0	¾ cup~56
484114	B	33	165,5.29,7.94,17.4,376,.59,4.12,21,1.8,0,2.12,44,,1.8	1 container~340
510945	B	33	112,6.76,1.76,17.1,262,.88,.44,12,2.4,0,1.32,18,,5.3	1 container~340
508724	B	111	215,9.15,4.23,35.2,313,1.41,1.76,12,1.8,0,2.54,35,,1.7	1 burrito~284
453944	B	46	469,3.12,29.7,48.4,188,29.7,7.81,47,1.6,0,1.12,62,,0	2 mini muffins~64
454402	B	93	169,9.02,5.49,20.8,376,8.63,2.35,24,1.2,0,.14,78,,2.4	1 container~255
454461	B	46	459,4.71,24.7,56.5,329,36.5,3.53,59,0,0,1.27,71,,0	3 muffins~85
468389	B	17	109,3.17,.88,23.2,44,15.5,.35,2,1.1,0,.38,88,,8.5	1 container~284
484130	B	20	47,.59,0,12.4,6,10,0,0,1.8,0,0,12,,84.7	1 pack~170
484131	B	20	35,.59,0,8.82,18,7.65,0,0,.6,0,0,0,,28.2	1 pack~170
555240	B	20	35,.7,0,8.45,11,7.04,0,0,.7,0,0,0,,21.1	1/3 pack~142
475634	B	46	353,6.47,15.9,45.9,300,25.9,2.94,68,1.2,0,1.59,24,,.7	1 muffin~170
410970	B	6	429,14.3,14.3,57.1,1070,0,0,0,0,0,0,0,,0	4 croutons~7
410945	B	6	429,14.3,14.3,57.1,857,0,0,0,0,0,0,0,,0	4 croutons~7
356546	B	63	350,11.7,1.67,71.7,933,3.33,0,0,1.7,0,3,67,,2	1 serving~60
474391	B	9	346,3.85,21.2,32.7,212,26,12.5,82,1,0,.69,19,,0	.17 slice~104
479968	B	17	82,8.24,0,11.8,41,10.6,0,0,0,0,0,88,,0	1 serving~170
453942	B	2	71,12.4,0,3.54,345,3.54,0,0,0,0,0,88,,0	½ cup~113
410986	B	41	800,0,93.3,0,0,0,13.3,,0,0,0,0,,0	1 tbsp~15
484125	B	6	190,12,5.63,22.5,444,2.11,3.52,21,1.4,0,1.27,56,,1.7	1 bagel sandwich~142
509625	B	9	438,1.56,25.8,49.2,227,31.2,7.03,20,1.6,0,1.12,31,,0	1 cupcake~128
395233	B	84	286,0,0,81,0,76.2	1 tbsp~21
467164	B	7	82,4.55,4.55,6.36,273,.91,1.82,5,1.8,0,.98,182,,65.5	1 container~110
356437	B	19	100,0,0,0,1100,0,0,0,0,0,0,0,,0	1 tsp~5
467154	B	20	51,.39,0,12.9,0,9.8,0,0,1.6,0,.28,16,,47.1	1 pack~255
410990	B	68	70,2,0,15,310,1,0,0,1,0,0,0,,6	2 slices~100
356468	B	23	500,0,28.6,57.1,571,0,0,0,0,0,0,0,,0	2 tbsp~7
356430	B	19	189,0,0,48.6,730,43.2,0,0,0,0,0,0,,0	2 tbsp~37
467602	B	30	375,33.3,8.33,50,583,33.3,0,0,8.3,0,3,0,,0	2 tbsp~12
356434	B	19	0,0,0,0,1000,0,0,0,0,0,0,0,,0	1 tsp~5
501848	B	36	89,19.6,.89,0,62,0,0,45,0,0,0,0,,0	1 serving~112
356479	B	88	333,12.1,0,72.7,167,3.03,0,0,3,0,0,0,,0	½ cup~33
356507	B	2	400,40,30,0,1200,0,20,100,0,0,0,2000,,0	1 tbsp~5
356524	B	32	40,.88,1.33,6.19,407,4.42,0,0,.9,0,.64,0,,4.2	½ cup~113
356523	B	32	106,1.77,7.96,7.08,310,1.77,1.33,4,1.8,0,1.59,53,,13.3	½ cup~113
356522	B	32	88,1.77,6.19,7.96,274,2.65,.88,0,1.8,0,1.59,35,,15.9	½ cup~113
356503	B	16	375,14.3,1.79,73.2,36,5.36,0,0,3.6,0,3.21,0,,0,,0,0,,7.14,1,.455	1½ cup~56
482058	B	9	265,2.65,9.73,42.5,35,22.1,5.31,18,1.8,0,1.59,0,,0	1 slice~113
410989	B	41	800,0,93.3,0,0,0,16.7,0,0,0,0,0,,0	1 tbsp~15
454136	B	20	117,2.45,7.36,10.4,227,.61,.92,3,1.8,0,.88,49,,9.2	1 cup~163
454138	B	31	62,1.77,1.33,10.6,274,0,.44,4,1.8,0,.96,18,,10.6	1 cup~113
468085	B	15	33,0,0,6.67,500,3.33,0,0,0,0,0,0,,20	2 tbsp~30
487795	B	9	240,4.96,8.26,37.2,273,24,3.72,29,.8,0,1.19,83,,3	1 slice~121
454470	B	46	398,6.48,18.5,52.8,315,32.4,4.63,69,.9,0,1,37,,1.1	1 muffin~108
467141	B	20	49,.7,0,13.4,0,9.86,0,0,1.4,0,.25,0,,127	1/3 pack~142
356577	B	67	341,20.4,1.14,63.6,11,2.27,0,0,15.9,0,4.09,91,,5.5	¼ cup~44
475629	B	34	250,9.85,9.85,29.6,591,3.03,3.79,23,1.5,0,2.05,114,,2.7	1/3 slice per pizza~132
356513	B	32	53,1.77,1.33,8.85,434,1.77,0,0,1.8,0,.96,18,,10.6	½ cup~113
474405	B	6	271,9.41,.59,54.1,341,3.53,0,0,2.4,0,3.18,47,,0	1 serving~85
356618	B	11	0,0,0,0,39300	¼ tsp~1.5
1112977	B	78	182,19.4,10.6,0,135,0,2.35,59,0,0,0,0,,0	1 container~170
510944	B	33	87,7.06,.82,13.9,341,1.18,.12,13,1.4,0,1.06,24,,5.6	1 container~425
474387	B	9	351,5.26,15.8,47.4,202,26.3,1.75,53,1.8,0,1.26,0,,0	1 slice~57
467603	B	49	375,33.3,8.33,50,583,33.3,0,0,8.3,0,3,0,,0	2 tbsp~12
467134	B	34	273,10.6,10.6,31.8,530,1.52,4.55,38,0,0,1.64,30,,0	1/3 flatbread~66
508723	B	140	182,15.2,7.07,15.2,414,3.03,2.53,25,3,0,3.64,101,,0	1 bangel sandwich~99
453951	B	93	168,13.3,11.5,1.77,761,1.77,7.08,106,0,0,.96,221,,0	1 pack~113
356519	B	35	58,1.67,3.33,5,167,3.33,.42,0,1.7,0,.6,0,,4	½ cup~120
356553	B	68	178,3.95,3.95,32.2,257,.66,.66,0,2,0,.71,13,,0	1 cup~152
410981	B	23	333,0,36.7,6.67,733,3.33,5,17,0,0,0,0,,0	2 tbsp~30
395342	B	84	286,0,0,81,0,76.2	1 tbsp~21
475581	B	20	70,.7,0,18.3,0,15.5,0,0,.7,0,.25,0,,10.6	1 pack~142
509819	B	20	119,2.2,3.96,18.5,88,1.32,.22,0,1.8,0,.79,9,,13.2	2/3 cup~227
484134	B	20	35,.59,0,8.24,15,7.06,0,0,.6,0,.21,0,,35.3	1 pack~170
509820	B	20	113,2.11,4.93,16.2,49,13.4,3.17,14,1.4,0,0,42,,118	1 pack~142
484136	B	20	59,.59,.29,14.7,0,13.5,0,0,1.8,0,0,0,,116	1 pack~170
475585	B	29	283,7.07,14.1,52.5,566,8.08,1.52,0,3,0,1.82,0,,0	1 pack~99
453948	B	20	155,6.57,10.8,10.3,131,7.04,4.69,21,1.9,0,.51,164,,16.9	1 container~213
356443	B	23	714,0,85.7,0,500,0,14.3,71,0,0,0,0,,0	1 tbsp~14
475584	B	20	183,8.45,12.7,11.3,246,9.86,8.45,42,.7,0,0,282,,6.3	1 pack~142
356570	B	67	360,26,1,60,0,2,0,0,30,0,7.2,40,,4.8	¼ cup~50
598302	B	54	0,0,0,0,0	1 tbsp~15
356582	B	61	356,6.67,0,80,0,0,0,0,2.2,0,4,0,,0	¼ cup~45
356584	B	61	367,10,2.5,76.7,0,1.67,0,0,6.7,0,1.2,0,,0	1/3 cup~60
356551	B	61	349,9.3,0,74.4,907,0,0,0,2.3,0,1.67,0,,0	¼ cup~43
484118	B	80	131,3.03,8.08,12.1,404,6.06,1.01,0,2,0,.73,40,,12.1	½ container~99
477474	B	33	98,3.92,2.35,16.9,235,1.96,.2,2,3.5,0,1.06,31,,1.9	1 container~255
484116	B	80	121,2.02,7.07,13.1,162,9.09,1.01,0,2,0,.36,20,,103	½ container~99
410982	B	3	154,4.62,7.69,21.5,69,16.9,3.08,15,1.5,0,0,123,,0	½ cup~65
356492	B	16	375,12.5,1.79,73.2,0,3.57,0,0,3.6,0,3.21,0,,0,,,,,7.14,1,.455	¾ cup~56
395174	B	11	0,0,0,0,11400	¼ tsp~.7
510045	B	7	110,8.81,3.96,9.69,150,3.08,.88,13,1.3,0,.79,26,,11.9	1 container~227
510950	B	20	66,5.63,2.82,4.23,127,.94,1.17,14,1.4,0,.68,47,,16.9	½ container~213
356589	B	36	179,20.5,10.7,0,45,0,2.23,62,0,0,1.61,0,,0	1 serving~112
474397	B	9	317,4.81,21.2,26,442,20.2,12.5,91,1,0,.69,38,,0	.17 slice~104
468079	B	87	345,22.1,20.4,15,947,0,6.19,62,0,0,1.59,53,,3.2	1 sandwich~113
468077	B	32	113,1.61,9.68,6.45,661,3.23,4.03,32,0,0,0,65,,0	¼ cup~62
471919	B	46	459,3.53,25.9,52.9,165,30.6,15.3,35,2.4,0,1.69,47,,0	1 scone~85
561720	B	4	446,3.57,21.4,60.7,268,35.7,8.93,36,1.8,0,1.29,0,,0	1 cookie~56
410949	B	54	133,0,0,33.3,1600,33.3	1 tbsp~15
411020	B	68	171,4.61,2.96,31.6,224,.66,.33,0,3.9,0,1.18,13,,11.8	1 cup~152
356550	B	63	380,15.5,4.93,64.8,662,1.41,2.82,14,2.8,0,1.01,0,,0	2/3 cup~71
470444	B	9	417,5.21,15.6,62.5,354,39.6,1.56,52,1,0,1.88,0,,0	1 cake~96
527238	B	2	300,20,20,0,500,0,20,100,0,0,0,800,,0	1 tbsp~5
484108	B	33	176,7.14,6.59,22,220,2.2,3.3,16,1.1,0,.79,110,,0	1 cup~182
468080	B	87	234,11.7,10.9,21.9,336,2.34,5.47,31,1.6,0,2.11,273,,.9	1 sandwich~128
468086	B	111	185,11.9,7.05,18.9,361,.88,2.2,26,.4,0,.79,66,,1.1	1 wrap~227
477481	B	87	169,10.6,7.75,14.1,500,1.41,2.46,28,.7,.7,1.27,42,,2.5	1 serving~142
484119	B	80	127,4.93,7.75,11.3,99,4.23,.88,2,2.8,0,1.58,53,,33.8	1 container~284
1115560	B	87	196,10.9,5.43,26.1,630,3.8,2.45,22,1.1,0,1.47,109,,1.3	1 sandwich~184
470434	B	6	365,12.9,1.18,71.8,471,4.71,0,0,2.4,0,4.24,71,,0	1 bagel~85
453423	B	9	440,5.33,22.7,54.7,333,33.3,3.33,60,0,0,.96,53,,0	1 serving~75
475631	B	28	214,28.6,10.7,0,1610,0,3.57,89,0,0,1.29,0,,0	1 serving~28
356575	B	67	333,23.5,.98,58.8,20,0,0,0,5.9,0,8.82,157,,4.7	¼ cup~51
453950	B	93	335,18.8,21.2,20.6,359,5.88,4.71,88,3.5,0,.85,24,,0	1 container~170
475579	B	20	92,1.41,.35,21.1,542,14.8,0,0,2.1,0,1.01,28,,25.4	1 pack~142
1876253	B	4	446,3.57,21.4,60.7,393,32.1,8.93,18,1.8,0,1.29,0,,0	1 cookie~56|1 package~454
467160	B	80	124,9.73,5.31,8.85,310,6.19,.88,31,.9,0,0,0,,2.1	¾ cup~113
356473	B	3	105,0,0,28.4,0,26.3,0,0,0,0,0,0,,6.3	½ cup~95
479971	B	43	80,1.28,5.77,5.13,317,2.88,2.56,14,1.3,0,.87,32,,9.6	1 container~312
1148067	B	43	54,2.88,.8,8.33,292,2.24,0,0,2.2,0,1.15,26,,4.8	1 container~312
508732	B	15	50,3.33,0,10,400,3.33,0,0,3.3,0,0,0,,20	2 tbsp~30
356491	B	16	375,12.5,1.79,73.2,0,3.57,0,0,3.6,0,3.21,0,,0,,,,,7.14,1,.455	1 serving~56
356439	B	19	0,0,0,0,900	1 tsp~5
453955	B	15	250,10.7,21.4,3.57,571,3.57,10.7,54,0,0,0,214,,0	2 tbsp~28
479981	B	43	54,3.85,1.6,6.41,247,1.6,.32,5,2.2,0,.46,13,,1.2	1 container~312
1880605	B	18	50,0,0,12.9,2,12.1,,,,,,,,2.5	8 fl oz~240|1 package~473
468087	B	87	200,11,6.67,22.8,467,1.57,1.96,24,1.2,0,1.76,39,,5.9	1 sandwich~255
510043	B	33	137,7.06,3.92,18,216,5.49,.78,16,2,0,1.76,16,,1.9	1 container~255
471918	B	11	0,0,0,0,21700	¼ tsp~1.2
356433	B	19	100,0,0,20,833,20,0,0,0,0,4.8,133,,16	1 tbsp~15
356517	B	47	28,.81,0,5.69,220,4.07,0,0,1.6,0,1.17,33,,9.8	½ cup~123
356436	B	19	0,0,0,0,1200,0,0,0,0,0,0,0,,0	1 tsp~5
453946	B	20	99,.7,2.82,19,11,16.2,.7,4,1.4,0,1.01,28,,42.3	1 pack~142
467158	B	20	32,.7,0,8.45,11,7.04,0,0,1.4,0,.25,0,,42.3	1 pack~142
467153	B	20	42,.7,0,10.6,0,7.75,0,0,1.4,0,.25,14,,50.7	1 pack~142
510948	B	7	192,2.02,9.09,28.3,111,11.1,1.01,5,3,0,1.09,40,,18.2	½ container~99
356587	B	36	98,13.4,1.79,0,62,0,.89,36,0,0,0,36,,0	1 serving~112
356435	B	19	100,0,0,20,800,20,0,0,0,0,0,0,,0	1 tsp~5
477475	B	33	106,5.45,1.28,16.4,173,4.17,.32,14,1.9,0,.58,26,,4.8	1 container~312
411068	B	11	278,11.1,5.56,55.6,6560,33.3,0,0,11.1,0,8,222,,40	2 tsp~9
356488	B	16	375,12.5,1.79,73.2,0,3.57,0,0,3.6,0,3.21,0,,0,,,,,7.14,1,.455	1 serving~56
356506	B	2	400,40,30,0,1100,0,20,100,0,0,0,1200,,0	1 tbsp~5
410973	B	23	300,3.33,26.7,13.3,1230,10,3.33,0,0,0,0,67,,4	2 tbsp~30
410995	B	32	80,2.65,5.31,6.19,425,1.77,1.77,4,1.8,0,.64,88,,8	½ cup~113
356552	B	61	349,11.6,4.65,67.4,1790,11.6,2.33,12,2.3,0,.84,349,,2.8	¼ cup~43
356590	B	36	89,17.9,.89,0,36,0,0,49,0,0,1.61,0,,0	1 serving~112
479979	B	89	48,3.85,.96,6.09,125,1.92,.16,8,2.6,0,.58,13,,1.9	1 container~312
410977	B	23	500,0,46.7,16.7,467,16.7,6.67,0,3.3,0,0,0,,0	2 tbsp~30
356510	B	32	53,1.77,1.33,8.85,345,1.77,0,0,2.7,0,1.59,71,,15.9	½ cup~113
484097	B	19	88,0,0,17.6,765,17.6	1 tbsp~17
467167	B	80	229,5.71,13.6,20.7,129,1.43,2.5,7,1.4,0,1.29,107,,3.4	1¼ cup~140
356525	B	47	106,6.06,0,18.2,61,9.09,0,0,3,0,2.18,0,,18.2	2 tbsp~33
356528	B	47	33,1.67,0,6.67,433,3.33,0,0,1.7,0,1.2,0,,4	¼ cup~60
410992	B	32	44,1.77,1.33,7.08,381,1.77,0,0,1.8,0,.64,35,,13.3	½ cup~113
453431	B	139	120,3,4,18,390,1,0,0,1,0,.36,0,,2.4	1 cup~100
356482	B	16	375,10.7,1.79,75,9,3.57,0,0,3.6,0,3.21,0,,0,,,,,7.14,1,.455	¾ cup~56
484113	B	33	197,10.1,3.37,29.3,221,1.44,1.44,14,1.9,0,1.73,48,,2.9	1 cup~208
454140	B	20	175,4.39,12.3,14,272,1.75,1.75,4,1.8,0,.95,88,,42.1	½ pack~114
2048859	B	53	0,0,0,0,0	13½ fl oz~400
356469	B	3	169,4.62,6.15,20,85,16.9,3.08,23,1.5,0,0,154,,0	½ cup~65
497207	B	51	4,0,0,.83,267,.83,0,0,0,0,0,0,,0	1 cup~240
484127	B	26	106,4.02,3.02,15.6,201,2.51,.75,5,1.5,0,.54,30,,48.2	½ pack~199
411065	B	45	123,6.15,1.92,19.2,308,.77,0,0,5.4,0,1.38,31,,0	½ cup~130
477476	B	21	115,4.41,4.85,14.5,207,2.2,2.2,40,1.8,0,.48,88,,2.6	1 container~227
591390	B	93	45,1.82,1.82,6.36,127,3.64,.91,5,1.8,0,0,36,,16.4	1 cup vegetables with 1 tbsp dip~110
468078	B	140	269,7.69,10.3,37.8,308,18.6,4.49,19,1.3,0,.46,0,,1.5	1 sandwich~156
484129	B	20	29,.59,0,7.65,0,6.47,0,0,.6,0,.21,0,,8.8	1 pack~170
453428	B	4	475,5,27.5,50,162,17.5,15,62,2.5,0,2.7,100,,0	1/3 contianer~40
410941	B	54	0,0,0,0,0,0,0,0,0,0,0,0,,0	1 tbsp~15
581461	B	54	0,0,0,0,0	1 tbsp~15
411018	B	63	321,10.7,1.79,71.4,1390,3.57,0,0,10.7,0,3.86,71,,0	1/3 cup~28
356493	B	16	357,12.5,1.79,73.2,0,3.57,0,0,7.1,0,2.57,0,,0	1 serving~56
356502	B	16	357,12.5,2.68,73.2,9,3.57,0,0,10.7,0,3.21,36,,0,,,,,5.36,1,.243	¾ cup~56
356500	B	16	357,12.5,2.68,73.2,9,3.57,0,0,10.7,0,3.21,36,,0,,,,,5.36,1,.243	1 serving~56
411066	B	37	17,0,0,3.33,250,3.33,0,0,3.3,0,0,333,,40	1 pepper drained~30
356530	B	47	21,.83,0,3.31,182,2.48,0,0,.8,0,.6,17,,9.9	½ cup~121
487797	B	6	233,9.3,1.16,44.2,512,9.3,0,0,9.3,0,2.51,186,,0	1 slice~43
356496	B	16	375,12.5,2.68,73.2,0,3.57,0,0,8.9,0,3.21,36,,0	½ cup~56
356497	B	16	375,12.5,2.68,73.2,0,3.57,0,0,8.9,0,3.21,36,,0	¾ cup~56
356495	B	16	375,12.5,2.68,73.2,0,3.57,0,0,8.9,0,3.21,36,,0	1 serving~56
356504	B	91	393,14.3,5.36,71.4,27,3.57,1.79,116,3.6,0,3.21,36,,0,,,,,7.14,1,.455	1¼ cup~56
486062	B	46	370,6.48,15.7,47.2,287,25.9,3.7,60,.9,0,1.67,19,,0	1 muffin~108
356440	B	19	0,0,0,0,1100	1 tsp~5
410971	B	23	200,0,20,10,1430,3.33,5,0,0,0,0,0,,0	2 tbsp~30
453429	B	9	422,2.34,22.7,52.3,242,33.6,6.25,20,2.3,0,1.41,31,,0	1 cupcake~128
468076	B	15	33,0,0,6.67,533,3.33,0,0,0,0,0,0,,30	2 tbsp~30
453949	B	15	125,3.57,10.7,7.14,482,0,0,0,3.6,0,0,0,,0	2 tbsp~28
477464	B	32	53,.88,2.21,7.08,80,4.42,0,0,.9,0,0,0,,5.3	½ cup~113
477467	B	7	221,1.43,15.7,18.6,321,5,2.5,14,1.4,0,.51,0,,8.6	½ cup~140
468084	B	15	33,0,0,6.67,533,3.33,0,0,0,0,0,0,,20	2 tbsp~30
484104	B	48	319,15,28.3,0,389,0,10.6,66,0,.44,1.27,0,,0	1 patty~113
356494	B	16	339,7.14,2.68,73.2,18,3.57,0,0,3.6,0,.64,0,,0	1 serving~56
477450	B	20	47,1.18,0,11.8,0,2.35,0,0,2.4,0,.85,47,,21.2	1 serving~85
474386	B	9	422,1.56,23.4,51.6,195,33.6,5.47,16,2.3,0,1.12,31,,0	1 cupcake~128
470433	B	140	161,4.71,11.8,4.31,251,.78,3.53,222,.8,0,1.41,39,,23.5	1 container~255
477472	B	33	101,5.05,4.04,9.6,222,2.53,1.01,18,1,0,.55,40,,51.5	1 container~198
356515	B	47	21,0,0,4.17,183,2.5,0,0,.8,0,.3,17,,1	½ cup~120
2394652	B	22	345,2.5,6.25,70,5,62.5,6.25,0,7.5,0,2.5,45,668,,,,,,,,,,,55	2 dates / per~40|1 package~340
2608958	B	22	345,2.5,6.25,70,0,62.5,6.25,0,7.5,0,2.5,45,668,,,,,,,,,,,55	2 dates~40|1 package~340
1884664	B	15	200,3.33,16.7,10,350,0,3.33,0,6.7,0,0,0,,4	2 tbsp~30|1 package~454
2671586	B	15	150,0,13.3,6.67,383,0,1.67,0,3.3,0,0,0,,12,,,,60	2 tbsp~30|1 package~454
1884665	B	15	200,3.33,16.7,10,350,0,3.33,0,6.7,0,1.2,0,,8	2 tbsp~30|1 package~454
2427753	B	20	29,1.18,0,5.88,29,3.53,0,0,2.4,0,.47,47,235,47.1,0	1½ cup~85|1 package~680
2616341	B	20	18,1.18,0,2.35,18,1.18,0,0,1.2,0,1.06,35,212,,0,,,306,,,,,,,,,,,,,,136	2½ cup~85|1 package~170
2652354	B	20	21,2.11,0,3.52,63,.7,0,0,1.4,0,1.9,85,423,,0	1 package~142
2323151	B	20	24,2.35,0,3.53,65,0,0,0,1.2,0,1.27,71,,10.6	2 cup~85|1 package~155
2597889	B	20	29,1.18,0,5.88,29,3.53,0,0,2.4,0,.47,47,235,45.9,0	1½ cup~85|1 package~397
2286605	B	20	18,1.18,0,3.53,18,2.35,0,0,1.2,0,.42,24,,7.1	2 cup~85|1 package~340
2531409	B	20	150,4,11,10,220,7,3,10,1,0,.8,120,200,,.1	1 serving~100|1 package~201
2531414	B	20	190,2,15,13,290,5,1.5,10,2,0,1.1,50,180,,0	1 serving~100|1 package~272
2326599	B	20	170,8,11,10,370,4,1.5,25,1,0,1.1,40,200,,0	2 cup~100|1 package~371
2568522	B	20	160,3,11,14,240,7,1.5,0,2,0,1,44,216,,0	1½ cup~100|1 package~340
2597901	B	20	130,2,9,11,280,2,1,5,2,0,1,40,250,,0	2 cup per serving~100|1 package~275
2394500	B	20	130,8,7,9,360,1,1,25,2,0,1,40,250,,0	2 cup~100|1 package~374
2059750	B	20	35,3.53,0,7.06,59,0,0,0,2.4,0,2.12,118,,70.6,,,,,,,,.235,118,,,,,,1,.188,,649	3 cup~85|1 package~397
2286604	B	20	35,3.53,.59,5.88,59,1.18,0,0,2.4,0,2.12,118,,70.6	3 cup~85|1 package~283
2079854	B	20	35,2.84,.35,6.38,113,.71,0,0,2.1,0,1.91,106,447,72.3,,,,,,,,.213,57,57,,,,,1,.213,,760	1 serving~141
2680527	B	20	24,2.35,0,3.53,76,0,0,0,2.4,0,3.18,94,,28.2,,,,1690,,,,,188,,,,,,1,,,480	3 cup~85|1 package~284
2568532	B	20	170,3,15,5,290,3,2,15,2,0,1,57,221,,0	1½ cup~100
2079856	B	20	160,5,14,7,320,2,2,15,2,0,1.08,40,,3.6,,,,,,,,,100,,,,,,,,,80	2½ cup~100
2176968	B	20	160,4,14,7,350,4,2,15,1,0,.6,60,150	1 cup~100|1 package~266
2568525	B	20	170,4,14,7,350,4,3,15,1,0,.6,60,150,,0	1 cup per serving~100|1 package~266
2216647	B	20	160,6,9,12,390,6,1.5,10,3,0,1,76,387,,0	1½ cup~100|1 package~320
2568534	B	20	160,6,9,12,390,6,1.5,10,3,0,1,76,387,,0	1½ cup~100|1 package~320
2066659	B	33	157,6.3,7.87,18.1,268,10.2,1.97,8,3.1,0,1.42,118,,28.3	1 serving~127
2590970	B	20	80,2,3.5,11,120,9,0,0,2,0,.5,50,170,,0	1 cup~100|1 package~281
2568543	B	7	159,7.95,9.93,10.6,477,1.32,.66,20,1.3,0,.95,99,139,,0	1 container~151
2152204	B	20	159,7.95,9.93,10.6,477,1.32,.66,20,1.3,0,.95,99,139,,0	1 container~151
2597897	B	20	90,2,6,7,260,1,.5,5,2,0,1,35,198,,0	2½ cup per serving~100|1 package~278
2597900	B	20	140,3,12,6,280,1,2,10,2,0,.9,90,190,,0	2 cup per serving~100|1 package~295
2079871	B	20	150,3,12,7,230,1,1,10,2,0,1.08,40,,3.6,,,,,,,,,,,,,,,,,,80	2½ cup~100
2597898	B	20	160,4,14,7,310,1,2,15,2,0,1,92,183,,0	2½ cup per serving~100|1 package~298
2391824	B	7	120,6,10,3,340,2,1.5,20,1,0,.36,60,70,,0	2 cup~100|1 package~221
2148839	B	7	146,6.53,11.6,4.52,342,2.51,2.51,53,1,0,.72,75,176,,.1	1 container~199
2568540	B	7	146,6.53,11.6,4.52,342,2.51,2.51,53,1,0,.72,75,176,,0	1 container~199
2113012	B	20	190,4,14,14,310,11,2,5,2,0,2,128,358,,0	2 cup~100
1994332	B	23	160,9.88,13,3.09,309,.62,3.09,31,1.2,0,.67,62,173,,0	1 container~162
2391823	B	7	151,9.5,11.2,2.79,291,.56,2.23,28,1.1,0,.8,112,156,,0	1 package~179
2568539	B	7	150,7.19,8.38,12.6,299,8.38,3.59,21,1.2,0,.86,90,168,,0	1 container~167
2421354	B	20	130,3,9,9,330,3,2.5,10,2,0,1,91,221,,0	1½ cup~100|1 package~323
2075315	B	7	124,4.52,9.04,17.5,226,10.2,1.41,6,2.8,0,.61,34,,16.9,,,,,,,,,,,,,,,,,,22.6	1 serving~177
2616343	B	20	18,1.18,0,3.53,6,1.18,0,0,2.4,0,.94,35,247,,0,,,435,,,,,135,,,,,,,,,102	2 cup~85|1 package~907
2079865	B	20	100,3,7,7,220,2,1.5,10,2,0,.72,80,,3.6	2½ cup~100|1 package~227
2391826	B	7	150,6,13,3,360,1,2,45,1,0,.72,20,70,,.2	1 cup~100|1 package~207
2010943	B	20	140,1,10,13,160,9,1.5,5,2,0,.36,40,,30	1½ cup~100|1 package~240
1986804	B	7	148,5.47,7.03,16.4,359,10.9,2.34,8,.8,0,1.12,78,109,,0	1 package~128
2075314	B	7	164,6.78,10.7,10.2,203,2.82,2.54,17,1.7,0,1.02,85,,16.9	1 serving~177
2616342	B	23	18,1.41,0,2.82,35,.7,0,0,1.4,0,1.2,42,289,,0,,,120,,,,,,,,,,,,,,224	1 package~142
2079855	B	20	29,1.18,0,5.88,24,3.53,0,0,2.4,0,.42,47,,49.4	1½ cup~85|1 package~397
2015684	B	20	100,3,3,17,270,11,0,0,3,0,1.44,80,390,30,,,,,,,,,60,40,,,,,0,.3,,240	3 cup~100|1 package~200
2597888	B	20	18,1.18,0,3.53,24,2.35,0,0,1.2,0,0,26,188,,0	2 cup~85|1 package~312
2629615	B	20	160,3,13,8,360,2,2.5,,1,0,.6,60,160,,0	1 cup per serving~100|1 package~269
1977524	B	20	24,1.18,0,3.53,35,1.18,0,0,1.2,0,1.18,41,251,,0,,,,,,,,,,,,,,,,,133	1½ cup~85|1 package~198
2616340	B	20	24,1.18,0,3.53,35,1.18,0,0,1.2,0,.82,35,247,,0,,,212,,,,,59,,,,,,,,,131	1½ cup~85|1 package~198
2680529	B	20	12,1.18,0,2.35,12,1.18,0,0,1.2,0,.42,24,,4.2,,,,64	2 cup~85
2629616	B	20	170,4,11,16,420,10,3,10,2,0,1.6,100,330,,0	3 cup per serving~100|1 package~227
2059753	B	20	24,2.35,0,3.53,76,0,0,0,2.4,0,3.18,94,553,28.2,,,,,,,,,188,71,,,,,1,,,480	3 cup~85|1 package~454
2597902	B	20	90,3,6,7,290,2,1,5,2,0,.8,80,200,,0	2 cup per serving~100
2166243	B	7	126,6.03,6.53,11.1,372,3.02,1.51,13,1.5,0,1.36,50,141,,0	1 package~199
2079866	B	20	80,3,5,7,270,1,1,5,2,0,1.08,80,,3.6,,,,,,,,,,,,,,,,,,80	2½ cup~100
2079857	B	20	12,1.18,0,3.53,18,2.35,0,0,1.2,0,.42,24,,7.1,,,,,,,,,28,,,,,,,,,18.8	2 cup~85|1 package~340
2597903	B	7	186,8.04,14.6,6.53,362,1.51,2.51,23,1.5,0,.9,101,176,,0	1 container~199
2680528	B	20	18,1.18,0,3.53,6,1.18,0,0,2.4,0,.85,24,,4.2,,,,1590,,,,,141,,,,,,,,,104	2 cup~85|1 package~283
2642286	B	20	130,3,9,12,90,10,1,0,2,0,1.2,40,240,,0	1 cup~100|1 package~258
2021754	B	20	24,1.18,0,4.71,24,2.35,0,0,1.2,0,.42,24,,10.6,,,,,,,,,,,,,,,,,,23.5	1½ cup~85|1 package~170
2597887	B	20	18,1.18,0,3.53,24,2.35,0,0,1.2,0,0,26,182,,0	1½ cup~85|1 package~1361
2313614	B	20	150,3,12,8,260,5,1.5,5,1,0,.4,60,130,,0	1½ cup~100|1 package~298
2568523	B	20	150,3,12,8,260,5,1.5,5,1,0,.4,60,130,,0	1½ cup per serving~100
2079873	B	20	18,1.18,0,3.53,12,1.18,0,0,2.4,0,.85,24,,10.6,,,,,,,,,,,,,,,,,,94.1	2½ cup~85|1 package~255
2616338	B	20	35,3.53,0,7.06,59,0,0,0,2.4,0,2.12,118,,70.6,,,,2220,,,,.235,,,,,,,1,.188,,649	3 cup~85|1 package~312
2033670	B	7	211,8.59,13.3,18,281,8.59,3.12,12,4.7,0,1.41,117,,32.8,,,,,,,,.094,,25,,,,,0,.125,,338	1 serving~128
2568526	B	20	150,3,12,8,310,4,2,15,2,0,.7,50,210,,0	1 cup per serving~100|1 package~289
2066656	B	20	150,3,12,7,230,1,1,10,2,0,1.08,40,,3.6,,,,,,,,,100,,,,,,,,,80	2½ cup~100|1 package~431
2079864	B	20	18,1.18,0,3.53,12,1.18,0,0,2.4,0,.85,24,,5.6,,,,,,,,,118,,,,,,,,,113	2 cup~85|1 package~255
2568529	B	20	170,3,15,5,320,4,3,10,1,0,.6,70,120,,0	1 cup per serving~100|1 package~258
2568528	B	20	130,4,9,8,420,3,2,5,1,0,.9,70,190,,0	1 cup~100|1 package~306
2059754	B	20	35,3.53,.59,5.88,59,1.18,0,0,2.4,0,2.12,118,,70.6,,,,,,,,,,,,,,,,,,593	3 cup~85|1 package~283
1906166	B	20	90,1,3,14,190,8,0,0,2,0,1.08,40,,6	2½ cup~100|1 package~218
2059755	B	20	29,2.35,0,4.71,106,1.18,0,0,2.4,0,2.12,94,471,42.4,,,,,,,,.188,118,71,,,,,1,.471,,593	3 cup~85|1 package~312
2568542	B	7	230,6.67,16.4,14.6,467,5.45,3.03,15,1.8,0,1.09,91,127,,0	1 container~165
2079874	B	20	130,3,7,15,270,11,.5,0,2,0,1.44,80,,9	3 cup~100
2568541	B	7	184,5.52,14.1,8.59,282,6.75,3.07,15,.6,0,.88,92,215,,0	1 container~163
2568527	B	20	160,4,14,6,390,2,3,10,1,0,.7,110,130,,0	1 cup per serving~100|1 package~269
2568535	B	20	150,2,9,16,240,12,.5,0,3,0,1,54,255,,0	1½ cup per serving~100|1 package~292
2216648	B	20	120,2,6,16,190,13,.5,0,2,0,1,45,212,,0	1½ cup~100|1 package~369
2568536	B	20	120,2,6,16,190,13,.5,0,2,0,1,45,212,,0	1½ cup~100|1 package~369
2568517	B	20	110,2,6,15,250,11,1,5,2,0,.7,70,230,,0	2½ cup per serving~100|1 package~264
2079863	B	20	24,1.18,0,4.71,24,2.35,0,0,2.4,0,.85,24,,10.6,,,,,,,,,94,,,,,,,,,75.3	2 cup~85|1 package~255
2059751	B	20	29,2.35,0,4.71,153,1.18,0,0,2.4,0,2.12,94,,49.4,,,,,,,,,,,,,,,,,,602	3 cup~85|1 package~283
2078645	B	20	18,1.18,0,3.53,6,1.18,0,0,2.4,0,.85,24,,24.7	1 serving~85|1 package~510
2680526	B	20	150,3,12,7,230,1,1,10,2,0,1.08,40,,3.6,,,,1170,,,,,100,,,,,,,,,80	2½ cup~100|1 package~215
1859674	B	7	192,8.47,15.8,6.78,345,3.95,2.82,23,1.1,0,2.03,34,,3.4,,,,,,,,,,,,,,,,,,40.7	1 serving~177
1986795	B	7	123,6.15,7.26,8.38,302,2.79,1.96,,1.7,0,.8,56,156,,0	1 package~179
2597904	B	20	29,1.18,0,7.06,29,3.53,0,0,2.4,0,.82,47,247,,0	2 cup~85|1 package~227
2075319	B	20	25,2.11,0,4.23,46,1.41,0,0,2.1,0,1.27,56,366,33.8,,,,,,,,,,,,,,,0,,,186	1 serving~142
2079861	B	20	20,1.57,0,2.36,43,1.57,0,0,1.6,0,.85,31,,4.7,,,,,,,,,,,,,,,,,,126	1 serving~127
2072118	B	20	180,2,17,5,430,1,2.5,0,2,0,2.7,80,480,24,,,,,,,,.2,,,,,,,1,,,384	3 cup~100|1 package~306
2147308	B	20	110,2,6,14,290,7,.5,0,2,0,.9,50,260,,0	2 cup~100|1 package~315
2630343	B	20	110,3,7,9,260,5,1.5,5,1,0,.6,60,160,,0	1 cup~100|1 package~298
2267161	B	20	100,4,6,9,270,3,1.5,15,2,0,1,109,214,,0	1½ cup~100|1 package~326
2597899	B	20	100,4,6,9,280,3,1.5,15,2,0,.6,110,200,,0	1 cup~100
2680530	B	20	24,2.35,0,3.53,76,0,0,0,2.4,0,3.18,94,553,28.2,,,,1690,,,,,188,,,,,,1,,,480	3 cup~85|1 package~227
2079868	B	20	29,2.35,0,3.53,88,1.18,0,0,1.2,0,1.69,94,576,17.6,,,,,,,,,,,,,,,,,,216	2 cup~85|1 package~170
2568524	B	20	160,5,12,10,380,7,2,5,2,0,1.7,70,370,,0	3 cup per serving~100
2079872	B	20	25,2.13,0,3.55,60,.71,0,0,1.4,0,1.28,71,,12.8	1 serving~141
2010944	B	20	24,2.35,0,3.53,71,0,0,0,1.2,0,2.12,94,,21.2	3 cup~85|1 package~284
2286603	B	20	190,3,13,16,65,6,1.5,0,2,0,1.8,80,,24	3 cup~100|1 package~156
2149631	B	20	190,7,12,16,270,9,1.5,10,4,0,1.2,100,300,,0	1½ cup~100|1 package~315
2568533	B	20	190,7,12,16,270,9,1.5,10,4,0,1.2,100,300,,0	1½ cup~100|1 package~315
2059756	B	20	29,2.35,0,4.71,106,1.18,0,0,2.4,0,2.12,94,471,42.4,,,,,,,,.188,118,71,,,,,1,.471,,593	3 cup~85|1 package~454
2597896	B	20	21,1.41,0,2.11,25,.7,0,0,1.4,0,1.13,49,275,,0,,,,,,,,,,,,,,,,,137	1 package~142
2623116	B	20	12,1.18,0,2.35,12,1.18,0,0,1.2,0,1.27,24,,4.2,,,,741,,,,,71,,,,,,,,,113	2½ cup~85|1 package~184
2616339	B	20	18,1.18,0,2.35,18,1.18,0,0,1.2,0,1.06,35,212,,0,,,306,,,,,88,,,,,,,,,102	2½ cup~85|1 package~255
2568531	B	20	130,4,7,15,190,11,1,0,3,0,1,61,282,,0	1½ cup~100|1 package~337
2616344	B	20	24,2.35,0,3.53,76,0,0,0,2.4,0,2.71,94,553,28.2,0,,,471,,,,,194,,,,,,1,,,482	3 cup~85|1 package~454
2080057	B	20	18,2.35,0,2.35,41,0,0,0,1.2,0,1.69,71,,14.1	3 cup~85|1 package~283
2568538	B	20	130,3,7,15,270,7,2,0,3,0,1.1,40,230,,0	2 cup~100
2021403	B	7	202,8.59,17.2,5.52,558,2.45,4.29,15,1.8,0,2.21,92,,5.5,,,,,,,,,,,,,,,,,,49.1	1 serving~163
2079870	B	20	18,1.18,0,4.71,24,2.35,0,0,1.2,0,.85,24,,14.1,,,,,,,,,,,,,,,,,,18.8	2 cup~85|1 package~340
2286774	B	20	24,1.18,0,4.71,59,2.35,0,0,1.2,0,1.27,71,282,14.1	2½ cup~85|1 package~198
1913531	B	20	35,2.35,0,5.88,47,2.35,0,0,2.4,0,1.27,94,,56.5	3 cup~85|1 package~283
2436277	B	22	233,3.33,0,66.7,50,56.7,0,0,6.7,0,2.33,0,627,,0	1 serving~30|1 package~230
1931079	B	0	567,13.3,43.3,36.7,250,16.7,10,0,6.7,0,4.67,173,627,,0	1 serving~30|1 package~230
1931205	B	22	367,3.33,11.7,60,0,43.3,8.33,0,6.7,0,2.33,67,0,,0	1 serving~30|1 package~230
2486961	B	2	250,10.7,16.1,14.3,1500,7.14,10.7,54,0,0,.36,714,268,,.725	1 serving~28|1 package~907
2436238	B	22	267,3.33,0,66.7,0,50,0,0,3.3,0,3.67,0,0,,0	1 serving~30|1 package~230
1931162	B	0	600,13.3,43.3,40,450,23.3,20,0,10,0,3.67,173,313,,0	1 serving~30|1 package~230
1855962	B	19	200,0,0,40,500,20	1 tsp~5|1 package~340
498144	B	54	0,0,0,0,0,0	1 tbsp~15
373421	B	11	125,0,0,25,27500,25,0,0,0,0,0,0,,0	1 cube~4
2016439	B	7	89,0,0,21.4,607,17.9,0,,,0	1 serving~28|1 package~473
493792	B	50	0,0,0,0,25600	¼ tsp~.9
372514	B	50	0,0,0,0,0	¼ tsp~.4
372686	B	11	0,0,0,0,35000	¼ tsp~1
2441075	B	51	4,.41,0,.41,351,.41,0,0,0,0,0,0,,0,,0,0	1 cup~245|1 package~411
373423	B	11	125,0,0,25,27500,25,0,0,0,0,0,0,,0	1 cube~4
372544	B	43	0,0,0,0,28000	¾ tsp~3
371931	B	50	0,0,0,0,7000	¼ tsp~.5
1859932	B	49	562,21.9,46.9,28.1,438,12.5,7.81,0,6.2,0,2.25,0,,0	2 tbsp~32|1 package~454
385746	B	15	48,0,0,9.68,548,3.23,0,0,3.2,0,0,0,,0	2 tbsp~31
372882	B	15	48,0,0,9.68,548,3.23,0,0,3.2,0,0,0,,0	2 tbsp~31
365855	B	15	48,0,0,9.68,548,3.23,0,0,3.2,0,0,0,,0	2 tbsp~31
373403	B	11	375,0,0,100,0,100	1 tsp~4
497291	B	72	21,.42,1.88,1.25,12,.42,1.67,0,0,0,.15,0,,0	1 cup~240
1861507	B	49	562,21.9,46.9,25,438,9.38,7.81,0,6.2,0,2.25,0,,0	2 tbsp~32|1 package~510
381924	B	50	0,0,0,0,0	¼ tsp~.5
1486861	B	47	33,1.64,0,8.2,148,3.28,0,0,1.6,0,.59,0,,9.8	¼ cup~61
372688	B	50	0,0,0,0,1000	½ tsp~1
2013409	B	63	316,11.2,10.2,45.9,837,4.08,3.57,20,2,0,1.84,153,,0	1 serving~98|1 package~397
1486750	B	47	21,.83,0,4.13,149,2.48,,,.8,,.3,17,,7.4	½ cup~121
1472263	B	47	17,.83,0,3.31,248,2.48,,,.8,,.6,33,,5	½ cup~121
2025690	B	19	100,0,0,0,2400,0	1 tsp~5|1 package~340
2083666	B	41	800,0,93.3,0,0,,13.3,0,,0,,,,,,66.7,10	1 tbsp~15|1 package~1000
2339857	B	0	467,10,20,66.7,67,50,3.33,0,3.3,0,0,0,233,,0	3 tbsp~30|1 package~312
367553	B	11	0,0,0,0,35400	¼ tsp~1.3
2011016	B	4	519,7.41,29.6,59.3,389,29.6,16.7,0,3.7,0,2.67,74,,0	2 cookies~27|1 package~198
371919	B	11	0,0,0,0,30900	¼ tsp~1.1
371932	B	11	0,0,0,0,35800	¼ tsp~1.2
371920	B	11	0,0,0,0,31800	¼ tsp~1.1
2309139	B	1	300,3.33,0,70,50,43.3,0,0,0,0,0,0,0,,0	5 pieces~30|1 package~298
2651942	B	1	294,5.88,0,70.6,59,44.1,0,0,0,0,0,0,,,0	3 pieces~34|1 package~340
2016437	B	7	0,0,0,0,1320,,0,,,0	1 serving~28|1 package~473
364896	B	7	140,0,13.3,6.67,1130,,0,0,,0	6 olives~15
373420	B	11	0,0,0,0,39300	¼ tsp~1.5
2016453	B	7	0,0,0,3.57,1000,,0,,,0	1 serving~28|1 package~710
2093200	B	7	0,0,0,3.57,750,,0,,,0	1 serving~28|1 package~710
373412	B	11	0,0,0,0,23000	¼ tsp~1
371799	B	11	0,0,0,0,23000	¼ tsp~1
373402	B	11	0,0,0,0,35800	¼ tsp~1.2
2017063	B	7	167,0,16.7,6.67,767,,0,0,,0,,,,,,10,0	5 olives~15|1 package~170
2309142	B	1	312,6.25,0,71.9,47,46.9,0,0,0,0,0,125,0,,0	7 pieces~32|1 package~340
2016440	B	19	0,0,0,0,1200,0	1 tsp~5|1 package~680
371914	B	50	0,0,0,0,0	¼ tsp~.5
622142	B	47	21,.83,0,4.13,149,2.48,0,0,.8,0,0,0,,,0	½ cup~121
381916	B	50	0,0,0,0,9170	1 tsp~1.2
2022538	B	63	319,10.6,10.6,44.2,850,4.42,3.1,18,1.8,0,1.59,133,,0,,4.42,1.77	1 serving~113|1 package~340
2496358	B	0	567,30,50,10,0,0,8.33,0,6.7,0,15,0,700,,0	¼ cup~30|1 package~227
2426307	B	0	567,16.7,46.7,30,300,6.67,8.33,0,3.3,0,6,0,467,,0	¼ cup~30|1 package~255
363203	B	121	95,2.12,2.12,17,212,1.06,.35,0,1.4,0,.95,28,,.4	1 tray~283
493660	B	7	0,0,0,3.57,1960,,0,0,,0,,,,0	1 serving~28
371784	B	11	0,0,0,0,34500	¼ tsp~1.1
373433	B	68	67,2.83,.88,12.4,283,3.89,.35,0,1.4,0,.64,53,23,1.3	1 tray~283
496508	B	24	0,0,0,0,0,0	8 fl oz~240
2025692	B	19	100,0,0,0,1200,0	1 tsp~5|1 package~340
361897	B	11	0,0,0,0,24400	¼ tsp~.8
1486874	B	47	28,.81,0,6.5,203,4.88,,,.8,,.59,33,,7.3	½ cup~123
2274260	B	0	467,3.33,20,70,500,43.3,16.7,0,0,,3.6,67,233,,0	5 pieces~30|1 package~156
2093201	B	7	107,0,0,28.6,607,25,0,,,0	1 serving~28|1 package~473
2093203	B	7	100,0,0,20,933,20,0,,,0	1 tbsp~15|1 package~473
1476327	B	19	118,0,0,29.4,941,23.5,,,,,,,,7.1	1 tbsp~17
622100	B	47	91,3.03,0,18.2,45,12.1,0,0,6.1,0,0,0,636,,0	2 tbsp~33
1486867	B	47	33,1.64,0,6.56,459,3.28,,,1.6,,.59,0,,3.9	¼ cup~61
621788	B	47	21,.83,0,4.13,99,2.48,0,0,.8,0,0,0,,,0	½ cup~121
2590881	B	20	18,1.18,0,3.53,82,1.18,0,0,1.2,0,0,24,165,,0	¾ cup~85|1 package~227
2483300	B	33	96,4,7.2,6.4,368,1.6,4,20,2.4,0,1.2,136,176,,.15	½ cup~125|1 package~453
1797431	B	33	89,5.66,4.11,7.67,207,2.04,.23,17,1.5,0	1 serving~309
2510410	B	18	20,0,0,5.14,0,5.14,0,0,0,0	1 can~350
2510408	B	18	20,0,0,5.14,0,5.14,0,0,0,0	1 can~350
2510409	B	18	20,0,0,5.14,0,5.14,0,0,0,0	1 can~350
2383414	B	0	450,10,20,60,800,0,2.5,0,5,0,0,0,0,,0	1 serving~40
2269453	B	87	150,13.7,4.85,10.1,656,3.08,2.2,20,1.3,0,.79,88,,2.1	1 serving~227
2131917	B	87	273,14.5,7.05,41,251,2.2,.88,7,5.3,0,2.38,26,,1.1	1 serving~227
2055584	B	15	167,3.33,13.3,10,767,6.67,8.33,50,0,0,0,67,,4	2 tbsp~30|1 package~312
2055596	B	15	133,3.33,10,6.67,500,3.33,6.67,33,0,0,0,67,,4	2 tbsp~30|1 package~312
2013811	B	15	133,3.33,11.7,6.67,600,3.33,8.33,33,3.3,0,0,67,,4	2 tbsp~30|1 package~312
2280437	B	33	89,7.91,2.3,9.69,258,1.28,1.28,26,1.5,,.46,,268,,0	1 container / null~392
2374363	B	7	114,8.54,6.41,6.05,356,3.91,1.42,21,1.4,,,64,263	1 salad~281
2547535	B	43	102,3.27,7.76,4.9,343,2.04,4.08,16,.8,.2,0,82,,2.4	1 cup~245|1 package~680
2009558	B	32	144,3.2,11.2,7.2,440,3.2,6.4,36,.8,0,.29,80,,0	½ cup~125
506685	B	34	240,13.2,9.3,28.7,558,3.1,3.88,19,.8,0,1.4,233,,3.7	¼ pizza~129
2113327	B	21	53,3.27,2.04,4.9,282,.41,0,12,.4,0,.29,8,,.5	1 cup~245
2078670	B	9	242,3.03,14.1,27.3,182,18.2,7.07,40,,,.73,61	1 serving~99
1892021	B	80	239,11.5,15.9,13.3,389,.88,3.1,49,.9,0,.64,53,,5.3	¾ cup~113|1 package~225
1892030	B	7	250,5,20,13.6,329,1.43,5,36,1.4,0,.77,71,,6.4	2/3 cup~140|1 package~283
2289489	B	15	115,1.77,10.6,6.19,204,2.65,2.65,18,1.8,0,.32,18,,18.6	1 serving~113|1 package~1360
2058111	B	51	22,0,.88,1.77,354,.88,0,0,0,0,0,0,,1.1	4 fl oz~113
2083117	B	53	33,0,0,8.33,0,8.33,0,0,0,0,0,0,,0	8 fl oz~240|1 package~473
508557	B	21	102,5.1,2.35,14.5,227,3.92,.59,14,1.2,0,.71,24,,18.8	1 container~255
467173	B	20	33,.66,.43,8.61,0,5.3,0,0,2,0,.48,13,,51.7	1/3 pack~151
467172	B	20	33,.66,0,7.95,17,7.28,0,0,.7,0,0,0,,35.8	1/3 pack~151
453437	B	9	438,1.25,23.8,53.8,225,33.8,5,19,1.2,0,1.35,25,,0	.1 slice~80
467174	B	20	63,.7,.35,14.8,0,13.4,0,0,1.4,0,0,0,,118	1/3 pack~142
467171	B	20	35,.7,0,8.45,11,7.04,0,0,.7,0,0,0,,21.1	1/3 pack~142
2455841	B	43	102,3.27,7.76,4.9,343,2.04,4.08,16,.8,.2,0,82,,2.4	1 cup~245|1 package~425
2456478	B	32	172,4.92,14.8,7.38,443,4.1,9.02,49,0,0,0,164,,0	½ cup~122|1 package~312
457669	B	87	244,14.3,12.4,20.3,586,2.26,6.02,39,.8,0,1.35,263,,.9	1 sub~266
2456112	B	111	214,14.5,11.4,11.4,466,.76,6.11,46,0,0,1.37,115,,2.7	3 pinwheels~131|1 package~263
1891919	B	33	201,13.2,10.4,13.6,414,3.61,4.82,48,1.2,0,1.08,141,,6	½ package~249|1 package~498
2289613	B	33	205,8.95,10.5,19,337,2.11,6.32,29,1.1,0,.76,211,,0	1 cup~190|1 package~507
2456480	B	32	467,8.33,45,5,883,0,8.33,25,1.7,0,1.2,250,,10	¼ cup~60|1 package~198
2063807	B	87	205,10.2,8.83,24.4,777,3.89,3.53,34,.7,0,1.27,28,,.4	1 sandwich~283
1891900	B	87	194,14.1,5.65,20.2,718,2.02,2.82,32,1.2,0,1.45,121,,1	1 sub~248
2456137	B	111	191,12.2,9.92,12.2,634,1.53,5.34,42,0,0,.55,76,,2.7	3 pinwheels~131|1 package~262
2456095	B	33	91,3.64,5.45,9.09,273,3.64,.91,5,1.8,0,.98,36,,49.1	¾ cup~110|1 package~566
2008347	B	43	98,2.04,6.94,4.08,420,.82,4.08,37,.4,0,.29,41,,1	1 cup~245|1 package~453
2009552	B	2	394,30.3,30.3,3.03,1240,3.03,15.2,76,0,0,0,909,,0	¼ cup~33
1892031	B	43	78,6.12,2.86,6.53,384,1.22,1.43,14,1.2,0,.29,41,,2	1 cup~245|1 package~680
2063805	B	7	129,7.84,9.52,3.64,305,2.52,3.08,73,.6,0,.5,98,,2.5	1 salad~357
2456067	B	7	139,7.14,11.3,3.76,286,2.26,3.38,86,.8,0,.54,94,,2.3	1 salad~266
2456538	B	68	320,13,10,43,430,1,2.5,40,2,0,1.08,80,,0	¾ cup~100|1 package~255
1891915	B	7	161,10.6,11.4,4.4,337,1.83,2.93,95,.7,0,.53,55,,1.8	1 salad~273
2063804	B	7	154,11.3,9.97,5.12,345,1.89,2.7,80,.5,0,.49,54,,2.4	1 salad~371
2456560	B	43	61,3.27,2.45,6.94,257,1.63,.82,8,.4,0,.29,16,,1	1 cup~245|1 package~680
2008349	B	43	49,4.08,.82,5.71,269,.82,0,12,.4,0,.29,8,,1	1 cup~245|1 package~453
1891905	B	33	214,6.45,12.5,18.2,254,1.21,5.65,18,.8,0,1.09,16,,1	½ pot pie~248|1 package~496
2456128	B	80	204,15.9,13.3,3.54,478,1.77,2.65,53,0,0,.64,18,,1.1	½ cup~113|1 package~226
2289488	B	87	241,12.3,13.4,17.6,422,3.21,4.81,45,.5,0,.96,32,,1.3	1 sandwich~187
1892037	B	43	49,3.27,.61,7.35,298,2.86,0,4,1.2,0,.44,16,,0	1 cup~245|1 package~425
2456543	B	43	106,4.08,6.12,8.98,347,1.63,3.27,22,1.2,.2,.15,16,,1	1 cup~245|1 package~680
1892026	B	80	100,1.82,5.45,11.8,155,9.09,.91,0,1.8,0,.65,18,,5.5	2/3 cup~110|1 package~283
2456563	B	43	45,3.27,.61,6.12,302,.82,.2,8,.4,0,.29,8,,0	1 cup~245|1 package~425
2455166	B	87	196,15.4,5.42,20.4,600,.83,2.5,31,1.2,0,1.5,167,,.5	1 sandwich~240
1926085	B	7	150,12,9,5,470,1,3,80,1,0,.72,60,,2.4	1 cup~100|1 package~371
1892035	B	80	114,1.75,7.02,13.2,140,10.5,1.32,9,1.8,0,.32,35,,26.3	½ cup~114|1 package~283
2455836	B	43	106,1.63,7.76,7.35,282,5.31,4.08,20,1.2,.2,.29,16,,6.1	1 cup~245|1 package~680
2456558	B	43	106,1.63,7.76,7.35,282,5.31,4.08,20,1.2,.2,.29,16,,6.1	1 cup~245|1 package~425
2063856	B	80	94,5.88,2.35,15.3,282,7.06,0,0,3.5,0,2.12,47,,42.4	½ cup~85|1 package~283
2456111	B	7	228,11.4,20.2,2.63,333,1.75,4.39,360,0,0,.63,35,,0	½ cup~114|1 package~283
1929853	B	87	251,9.63,16.6,16.6,401,2.14,6.42,230,.5,0,1.93,53,,.6	1 sandwich~187
2455837	B	16	270,9,1.5,55,25,0,0,30,3,0,1.08,40,,0	¾ cup~100|1 package~255
1892036	B	80	74,1.05,3.16,10.5,400,7.37,0,0,1.1,0,.38,21,,31.6	2/3 cup~95|1 package~283
2289441	B	33	265,7.95,20.5,11.9,358,1.99,11.3,119,.7,0,1.19,132,,6	1/3 quiche~151|1 package~453
1891907	B	7	68,1.29,5.47,4.18,116,1.93,.96,6,1.3,0,.46,26,,21.2	1 salad~311
2522486	B	43	41,.82,.61,7.76,290,3.67,0,0,1.2,0,.29,16,,0	1 cup~245|1 package~680
2186732	B	20	82,1.18,4.71,7.06,141,2.35,0,0,2.4,0,.85,47,,10.6	2/3 cup~85|1 package~385
2083115	B	53	33,0,0,8.75,0,8.75,0,0,0,0	8 fl oz~240|1 package~1740
2063806	B	77	103,18.1,3.45,.86,190,0,.43,56,0,0,.62,34,,1	1 piece~116|1 package~227
2456113	B	20	214,1.43,17.1,13.6,429,1.43,1.79,0,1.4,0,.77,14,,6.4	1 cup~140|1 package~498
2617137	B	43	61,3.67,1.63,7.76,380,1.22,.82,16,.4,0,.44,24,,0,,,,110	1 cup~245|1 package~680
1891918	B	33	222,16.2,12.1,10.1,657,5.05,4.55,81,0,0,1.82,20,,2.4	.2 loat~99|1 package~453
2009554	B	28	107,17.9,3.57,3.57,1070,3.57,0,54,,0,1.29	1 slice, per container~28|1 package~226
2455165	B	111	217,14.5,11.2,13.8,507,3.29,6.58,59,0,0,.71,197,,2.4	2 pinwheels~152|1 package~1210
1892042	B	87	245,16.1,9.68,24.5,555,6.45,5.16,52,.6,0,1.16,226,,0	2 sliders~155
1923231	B	87	239,15.5,9.03,23.9,594,5.81,5.16,48,1.3,0,1.74,194,,0	2 sandwiches~155|1 package~311
1892028	B	87	239,15.5,9.68,23.2,619,5.81,5.16,45,.6,0,1.16,161,,0	2 sliders~155
2008322	B	3	287,2.78,14.8,34.3,120,26.8,10.2,23,1.9,0,1,74,,0	.17 cake~108|1 package~887
1892013	B	33	139,5.71,6.52,14.4,405,3.26,1.9,14,1.4,0,.98,41,,16.3	1 bowl~368
2455834	B	16	270,11,6,42,390,2,2.5,35,2,0,1.08,100,,1.2	¾ cup~100|1 package~255
2456153	B	43	61,4.08,2.04,6.53,376,1.22,.82,6,.8,0,.44,24,,0	1 cup~245|1 package~425
2456106	B	87	252,13.5,13.5,19.9,865,2.26,5.26,38,.8,0,1.35,132,,.9	1 sub~266
1925017	B	111	281,11.4,20.2,14,719,.88,8.77,53,0,0,.95,88,,1.1	3 pinwheels~114|1 package~230
1912432	B	33	331,12.6,25.2,11.9,550,1.99,12.6,139,0,0,1.19,166,,0	1/3 quiche~151|1 package~453
1915697	B	33	301,11.5,23,12.4,619,1.77,12.4,119,0,0,.96,177,,0	1 piece~113|1 package~453
2083119	B	18	50,0,0,13.3,4,11.7,0,0,0,0,.3,0,,0	8 fl oz~240|1 package~473
2493395	B	43	131,3.67,8.57,9.39,388,1.22,4.08,16,1.2,.2,.15,41,,0	1 cup~245|1 package~425
1892027	B	43	102,1.22,8.16,5.71,384,2.04,4.49,24,.4,.2,.29,24,,.5	1 cup~245|1 package~623
1913283	B	87	256,18.8,10.3,21.5,426,.45,3.59,47,1.3,0,1.61,112,,2.2	1 sandwich~223
1929869	B	80	164,2.14,12.1,12.9,271,2.86,1.79,14,1.4,0,.51,14,,3.4	1 cup~140|1 package~283
2009560	B	32	40,1.6,1.2,7.2,424,3.2,0,0,1.6,0,1.15,16,,1.9	½ cup~125|1 package~368
2063859	B	43	73,3.27,1.22,11.8,261,2.45,0,2,2,0,1.1,24,,.5	1 cup~245|1 package~680
2008339	B	43	69,3.67,.82,11.8,347,2.04,0,0,3.3,0,1.1,24,,3.7	1 cup~245|1 package~453
1929860	B	7	171,1.43,10.7,17.9,336,3.57,1.79,11,2.1,0,.51,0,,4.3	1 cup~140|1 package~283
2008342	B	43	118,3.27,7.76,6.94,380,.82,4.49,33,.8,0,1.47,33,,1	1 cup~245|1 package~453
1892020	B	43	73,2.45,4.08,6.94,306,.82,1.22,8,.8,0,.44,8,,0	1 cup~245|1 package~680
1892012	B	33	138,6.76,5.59,15.6,359,3.53,2.35,13,1.2,0,1.06,88,,7.9	1 bowl~340
2456129	B	33	261,14.1,12.7,26.1,683,2.82,4.93,25,.7,0,1.27,211,,3.4	¼ pizza~142|1 package~566
1891912	B	87	222,14.9,9.2,18.8,383,1.92,3.07,40,2.7,0,1.72,134,,10.3	1 sandwich~261
2453616	B	43	65,4.9,1.22,8.57,282,.82,.2,14,.4,0,.59,8,118,1.5	1 cup~245|1 package~566
2068137	B	43	78,2.86,3.67,8.98,212,.82,1.84,10,.8,0,.29,41,,1	1 cup~245|1 package~453
2456536	B	16	290,11,6,49,280,4,2,30,2,0,1.08,100,,1.2	¾ cup~100|1 package~566
2094989	B	15	321,0,32.1,7.14,571,0,3.57,0,0,0,0,0,,0	1 tsp~14
1892025	B	7	143,2.14,7.86,15.7,257,2.86,2.14,18,1.4,0,.51,14,,8.6	¾ cup~140|1 package~283
2285618	B	87	208,16.9,6.67,18.8,588,1.18,3.14,35,.8,0,2.12,157,,.5	1 sandwich~255
2456553	B	43	98,2.04,6.53,7.35,229,4.9,3.67,20,.8,0,.15,41,,1.5	1 cup~245|1 package~680
1891898	B	87	180,14.5,4.71,19.6,690,.39,1.96,31,1.2,0,1.41,118,,.5	1 sub~255
2063794	B	111	183,12.2,9.16,12.2,580,.76,4.58,42,0,0,.55,76,,2.7	3 pinwheels~131|1 package~262
1892029	B	80	164,2.86,7.86,20,229,4.29,.71,0,1.4,0,.77,14,,10.7	1 cup~140|1 package~283
1913284	B	80	133,5.31,7.08,11.5,531,3.54,.88,13,0,0,.32,18,,8	2/3 cup~113|1 package~226
2187851	B	33	238,11.9,10.5,26.6,629,2.8,3.5,21,.7,0,1.26,140,,3.4	¼ pizza~143|1 package~572
2493396	B	16	250,10,4,43,260,3,2,30,2,0,1.08,100,,1.2	¾ cup~100|1 package~255
2063863	B	80	110,1,7,12,130,10,1,10,2,0,.36,40,,21	2/3 cup~100|1 package~283
2068140	B	53	38,0,0,9.17,4,8.75,0,0,0,0,0,0,,0	8 fl oz~240|1 package~3780
1908704	B	53	33,0,0,8.75,0,8.75,0,0,0,0	8 fl oz~240|1 package~1740
2456548	B	43	127,4.08,7.35,10.6,331,4.08,2.86,14,.8,0,.29,24,,.5	1 cup~245|1 package~680
2453634	B	43	61,3.27,3.67,3.67,298,1.22,2.45,12,.4,0,.73,8,102,2	1 cup~245|1 package~566
1928328	B	33	230,7.08,15.9,13.3,522,2.65,9.73,97,0,0,.96,88,,2.1	1 piece~113|1 package~543
1890424	B	16	290,10,5,50,320,4,1.5,30,2,0,1.08,100,,0	¾ cup~100|1 package~255
2008358	B	16	300,13.6,6.36,47.3,455,.91,2.27,32,3.6,0,3.27,18,,0	1 cup~110|1 package~255
2289612	B	33	188,8.75,9.38,18.1,319,1.88,5,28,.6,0,.68,219,,0	1 cup~160|1 package~476
1892033	B	80	195,14.2,14.2,2.65,239,.88,2.21,62,0,0,.96,0,,1.1	½ cup~113|1 package~226
2104129	B	87	241,11.2,13.9,17.6,401,2.67,4.28,51,1.1,0,1.44,21,,1.3	1 sandwich~187
1925137	B	111	251,13.6,15.2,14.7,738,1.05,5.24,81,.5,0,1.41,105,,1.3	½ wrap~191|1 package~382
2493348	B	87	223,15.8,10.3,17.4,614,2.17,5.98,52,.5,0,.98,190,,.7	1 sandwich~184
2083118	B	53	0,0,0,0,0,0,0,0,0,0,0,0,,0	8 fl oz~240|1 package~473
1892015	B	89	78,5.31,2.45,8.57,339,.82,.61,16,3.3,0,.59,24,,0	1 cup~245|1 package~425
2008336	B	43	78,.82,4.9,5.71,335,.82,2.86,20,.4,0,.29,24,,1	1 cup~245|1 package~453
2442816	B	20	40,1,0,10,0,8,0,0,2,,0,0,170,48	½ cup~100|1 package~567
2428955	B	20	21,1.05,0,4.21,0,3.16,0,0,1.1,0,.44,21,222,12.6,0	¾ cup~95|1 package~907
2060173	B	31	106,5.88,0,18.8,12,1.18,0,0,5.9,0,1.69,24,,7.1	1 serving~85|1 package~681
2060174	B	31	129,8.24,.59,23.5,0,4.71,0,0,5.9,0,2.12,24,,2.8	1 serving~85|1 package~795
2060183	B	31	41,3.53,.59,8.24,18,2.35,0,0,3.5,0,.42,24,,42.4	1 serving~85|1 package~681
2072469	B	31	35,2.35,0,8.24,0,2.35,0,0,2.4,0,.85,94,,10.6	1 serving~85|1 package~2268
2060189	B	31	29,3.53,0,4.71,76,1.18,0,0,2.4,0,1.69,118,,5.6	1 serving~85|1 package~625
2441787	B	31	92,2.31,.38,20.8,200,6.15,.15,0,1.5,,.28,0,,0	½ cup~130|1 package~568
2442045	B	31	92,2.31,.38,20.8,200,6.15,.15,0,1.5,,.28,0,,0	½ cup~130|1 package~568
2060177	B	31	24,2.35,0,4.71,24,1.18,0,0,3.5,0,.85,47,,56.5	1 serving~85|1 package~682
2060176	B	31	106,4.71,2.94,20,0,5.88,0,0,2.4,0,.42,0,,7.1	1 serving~85|1 package~795
2060188	B	20	29,1.18,0,7.06,12,3.53,0,0,2.4,0,.42,24,,2.8	1 serving~85|1 package~682
2060185	B	31	71,2.35,0,17.6,18,3.53,0,0,3.5,0,.42,47,,0	1 serving~85|1 package~795
2060175	B	31	118,7.06,0,21.2,0,3.53,0,0,5.9,0,2.12,24,,3.5	1 serving~85|1 package~795
2060187	B	31	71,2.35,0,18.8,35,2.35,0,0,3.5,0,.85,71,,7.1	1 serving~85|1 package~681
2060172	B	31	53,2.35,0,11.8,35,3.53,0,0,3.5,0,.85,47,,7.1	1 serving~85|1 package~907
2060191	B	31	34,3.45,0,6.9,34,6.9,0,0,0,0,0,0,,0	¼ cup~29|1 package~2268
2060179	B	31	18,1.18,0,4.71,0,2.35,0,0,1.2,0,.42,24,,5.6	1 serving~85|1 package~681
2089503	B	31	82,3.53,.59,15.3,35,4.71,0,0,4.7,0,1.27,24,,7.1	1/3 cup~85|1 package~341
2060164	B	55	50,.71,0,12.1,0,7.86,0,0,3.6,0,.51,14,,15	1 serving~140|1 package~340
2060178	B	31	59,2.35,0,14.1,53,3.53,0,0,3.5,0,.85,47,,7.1	1 serving~85|1 package~681
1888390	B	31	29,3.53,0,5.88,24,2.35,0,0,3.5,0,.42,47,,42.4	1 serving~85|1 package~907
2060170	B	31	35,2.35,0,8.24,0,2.35,0,0,2.4,0,.85,94,,10.6	1 serving~85|1 package~907
2069527	B	54	133,0,0,33.3,0,26.7,,,0,,0,0,,40	1 serving~15|1 package~200
2451488	B	1	400,3.33,13.3,63.3,167,56.7,10,17,0,0,3.33,57,117,,0	1 serving~30|1 package~566
2543372	B	1	400,0,15,63.3,167,56.7,11.7,17,0,0,0,83,73,,0	1 inch square~30|1 package~226
1915125	B	44	60,0,0,15,10,13,0,0,1,0,.36,20,,48	½ cup~100|1 package~2720
2131391	B	7	130,6,11,4,620,2,3,15,2,0,1.08,150,,18	1 cup~100|1 package~312
2453532	B	20	77,1.54,3.85,10,31,3.08,1.15,8,2.3,0,.77,40,306,,0	¾ cup~130|1 package~567
2132554	B	87	133,4.15,4.56,18.7,270,2.07,.62,0,2.5,0,1.49,41,,14.9	1 container~241
2411036	B	20	29,2.35,0,7.06,0,3.53,0,0,2.4,0,1.18,29,248,,0	1 cup~85|1 package~269
2426728	B	20	47,1.18,0,11.8,35,4.71,0,0,2.4,0,0,35,258,,0	1 cup~85|1 package~311
2411040	B	20	29,1.18,0,5.88,18,3.53,0,0,2.4,0,0,26,226,,0	1 cup~85|1 package~283
1956176	B	7	140,8,10,3,340,2,2.5,55,1,0,.72,60,,12	1 cup salad with 2 tbsp dressing~100|1 package~304
2132735	B	87	247,11,14.1,18.1,357,2.2,4.85,44,.9,0,1.19,18,,2.6	1 container~227
2133923	B	87	198,8.47,12.1,15.3,298,.81,2.42,163,2.4,0,1.81,40,,2.4	1 sandwich~248
2426742	B	20	82,1.82,0,20,55,4.55,0,0,2.7,0,.91,30,337,,0	2/3 cup~110|1 package~453
2169873	B	7	130,7,12,4,360,2,3,70,1,0,1,113,218,,0	1 cup~100|1 package~347
2068666	B	33	65,4.84,4.03,4.84,73,1.61,2.42,8,0,0,.58,97,,9.7	2 mushrooms~62|1 package~241
2068392	B	20	94,3.12,3.12,12.5,385,2.08,0,0,3.1,0,1.5,62,,12.5	.12 container~96|1 package~765
1894276	B	17	108,3.72,4.83,13.8,48,8.92,2.23,13,1.1,0,.27,93,,5.6	1 container~269
2132395	B	93	239,10.4,17.9,8.96,515,2.24,8.21,45,.7,0,.81,149,,4.5	1 container~134
2068435	B	15	36,3.57,0,7.14,268,3.57,0,0,0,0,0,0,,8.6	2 tbsp~28|1 package~340
2132792	B	7	243,5.22,21.7,7.83,478,1.74,3.04,22,1.7,0,.63,130,,13	1 container~115
2068651	B	7	62,2.17,3.99,3.99,380,1.45,1.81,5,1.4,0,.52,36,,13	1 container~276
2423101	B	33	160,6,14,6,190,2,8,40,2,0,0,130,188,,0	¼ container /~50|1 package~198
2076650	B	20	156,6.25,11.7,7.03,172,3.12,7.81,35,.8,0,.28,117,,9.4	1 mushroom~128|1 package~255
2663388	B	20	59,3.53,2.35,9.41,24,2.35,0,0,3.5,0,1.27,47,,84.7,,,,106	1 serving~85|1 package~255
2076648	B	20	41,3.53,0,9.41,24,2.35,0,0,3.5,0,1.27,47,,84.7	1 serving~85|1 package~227
2435748	B	20	24,1.18,0,5.88,0,2.35,0,0,1.2,0,0,16,259,,0	½ kabob~85|1 package~397
2302061	B	7	100,6,6,8,300,5,1,15,1,0,1.8,60,,27	2 tbsp~100|1 package~290
2068667	B	139	35,1.18,0,9.41,29,5.88,0,0,2.4,0,.42,24,,5.6	½ cup~85|1 package~454
2068672	B	139	47,1.18,0,11.8,41,7.06,0,0,2.4,0,.42,47,,7.1	½ cup~85|1 package~454
2132619	B	111	200,5.88,7.06,27.9,541,2.35,1.03,1,3.5,0,2.12,44,,7.1	1 container~340
2151500	B	93	217,11.7,14.2,12.5,600,3.33,7.5,46,.8,0,.83,206,66,,0	1 container~120
2546772	B	33	105,6.14,4.39,9.65,175,2.63,2.63,13,1.8,0,.95,70,,5.3	1 mushroom~114|1 package~227
2545190	B	20	71,1.18,3.53,11.8,59,4.71,1.18,6,2.4,0,0,33,253,,0	1 cup~85|1 package~567
2540838	B	10	0,0,0,0,0	1 tsp~5|1 package~133
2396524	B	23	571,28.6,50,14.3,357,0,0,0,14.3,0,0,143,729,,0	1 tbsp~7|1 package~99
2026381	B	0	533,16.7,43.3,33.3,267,16.7,3.33,0,10,0,3.6,200,,0	¼ cup~30|1 package~99
2666714	B	29	571,42.9,42.9,0,1140,0,28.6,143,0,0,0,1260,129,,0	13 crisps~7|1 package~50
2668682	B	12	571,14.3,35.7,42.9,857,0,0,0,0,0,2.86,143,286,,0	2 tbsp~7|1 package~99.2
2018156	B	12	500,14.3,21.4,64.3,536,0,0,0,0,0,5.14,0,,0	1 packet~14
2424690	B	29	571,42.9,35.7,0,1570,0,21.4,143,0,0,0,1060,171,,0	11 crisps~7|1 package~50
2676237	B	33	357,14.3,7.14,57.1,1210,0,0,0,14.3,0,4.29,143,1290,,0	1 tbsp~7|1 package~99.2
2608423	B	20	571,0,42.9,42.9,357,0,0,0,0,0,0,29,286,,0	1½ tbsp~7|1 package~99
2396517	B	6	429,14.3,14.3,71.4,1070,0,0,0,0,0,0,43,129,,0	5 croutons /~7|1 package~85
2026384	B	6	429,14.3,14.3,71.4,929,0,0,0,0,0,5.14,0,,0	3 croutons~7|1 package~142
2274096	B	6	429,14.3,14.3,57.1,1210,0,0,0,0,0,0,29,186,,0	2 tbsp~7|1 package~80
2426032	B	6	429,14.3,14.3,57.1,1070,0,0,0,0,0,0,57,129,,0	5 croutons~7|1 package~85
2627925	B	6	429,14.3,14.3,71.4,929,0,0,0,0,0,5.14,0,,0,,,,0	6 croutons~7|1 package~142
2028761	B	23	600,40,40,0,1200,0,30,200,0,0,0,1200,,0	5 pieces~5|1 package~50
1981428	B	23	500,12.5,31.2,50,0,37.5,0,0,0,0,0,75,475,,0	1 tbsp~8|1 package~99
2026386	B	6	429,14.3,14.3,71.4,1140,0,0,0,0,0,5.14,0,,0	2 tbsp~7|1 package~127
2026382	B	6	429,14.3,14.3,71.4,1140,0,0,0,0,0,5.14,0,,0	6 croutons~7|1 package~142
1980108	B	22	358,3.7,8.64,70.4,0,61.7,6.17,,7.4,,1.23,53,667	1 package~81
2274097	B	6	429,14.3,14.3,71.4,1000,0,0,0,0,0,0,57,143,,0	1 serving~7|1 package~85
2586632	B	6	429,14.3,14.3,57.1,1140,0,0,0,0,0,5.14,0,,0,,,,0	6 croutons~7|1 package~142
1981429	B	23	500,12.5,37.5,37.5,250,25,0,0,12.5,0,0,88,450,,0	1 tbsp~8|1 package~99
2586634	B	23	438,0,18.8,75,125,50	1 tbsp~8|1 package~99
2545508	B	23	357,0,0,85.7,0,71.4	1 tbsp~7|1 package~113
2156164	B	23	450,0,20,70,150,50,0,0,0,0,0,20,140,,0	1 tbsp~10|1 package~567
2401632	B	12	571,0,35.7,42.9,429,0,0,0,0,0,0,114,243,,0	1 1/3 tbsp~7|1 package~85
2422696	B	50	571,0,42.9,42.9,571,0,0,0,0,0,0,29,271,,0	1 tbsp~7|1 package~680
2374899	B	23	571,0,42.9,42.9,214,0,0,0,0,0,0,14,129,,0	1 tbsp~7|1 package~99
2666715	B	23	571,0,42.9,42.9,214,0,0,0,0,0,0,29,86,,0	1½ tbsp~7|1 package~99
2666720	B	23	571,0,42.9,42.9,214,0,0,0,0,0,0,14,186,,0	1 tbsp~7|1 package~99
2417446	B	22	275,2.5,0,75,0,62.5,0,0,7.5,0,.9,48,650,,0	5 -6 dates~40|1 package~340
2542369	B	23	333,0,0,88.9,0,66.7,,,11.1	1 tbsp~9|1 package~99
2026380	B	23	433,10,23.3,53.3,133,36.7,1.67,0,13.3,0,1.2,200,,0	¼ cup~30|1 package~99
2478947	B	2	571,.05,39.3,0,1140,0,21.4,107,0,0,1.07,1180,143,,.725	16 crisps~28|1 package~57
2541749	B	22	415,7.55,22.6,52.8,0,35.8,1.89,,11.3,,3.77,130,625	1 package~53
2401631	B	23	444,11.1,11.1,66.7,1560,0,0,0,0,0,33.3,0,178,,0	2 tbsp~9|1 package~56
2401647	B	6	444,11.1,11.1,66.7,1220,0,0,0,0,0,0,56,156,,0	2 tbsp~9|1 package~56
2545000	B	6	429,14.3,14.3,71.4,1140,0,0,0,0,0,0,43,86,,0	2 tbsp~7|1 package~141
2666717	B	23	571,0,42.9,42.9,571,0,0,0,0,0,0,29,129,,0	5½ tbsp~7|1 package~99
1956897	B	50	125,0,0,25,1500,25,,,,,,,,450	¾ tsp~4|1 package~100
2542238	B	23	438,0,25,62.5,188,50,,,,,4.5	1 tbsp~8|1 package~99
2269058	B	23	571,0,50,42.9,357,28.6	1 tbsp~7|1 package~99
389538	B	23	571,14.3,42.9,42.9,286,28.6,,,14.3,,5.14,286,,,,,,,,,,,,229	1 tbsp~7
389519	B	23	429,14.3,21.4,57.1,143,42.9,,,14.3	1 tbsp~7
2545137	B	23	571,14.3,42.9,42.9,214,28.6	1 tbsp~7|1 package~99
2274538	B	6	429,14.3,14.3,71.4,1000,0,0,0,0,0,0,57,171,,0	5 croutons /~7|1 package~85
2666712	B	6	429,14.3,14.3,71.4,1140,0,0,0,0,0,5.14,0,,0,,,,0	6 croutons~7|1 package~142
2018153	B	23	571,7.14,35.7,35.7,429,0,0,0,7.1,0,2.57,0,,0	1 package~14
2401630	B	5	500,0,28.6,57.1,214,0,0,0,0,0,0,86,86,,0	2 tbsp~7|1 package~99
2627926	B	6	429,14.3,14.3,57.1,1140,0,0,0,0,0,5.14,0,,0,,,,0	2 tbsp~7|1 package~128
1979678	B	20	300,2.5,0,72.5,0,52.5,,,12.5,,2.5,145,660,,0	4 -5 figs~40|1 package~226
2421942	B	22	275,2.5,0,75,0,62.5,0,0,7.5,0,1,48,650,,0	2 -3 dates~40|1 package~340
2026378	B	0	571,28.6,50,14.3,429,,,,14.3,,5.14,286	1 tbsp~7|1 package~99
2630639	B	29	357,7.14,10.7,64.3,429,0,3.57,0,0,0,7.71,0,0,,0	1 packet~14
2666722	B	23	600,60,40,0,1700,0,20,100,0,0,0,1960,0,,0	1 serving~5|1 package~50
2479788	B	29	571,46.4,42.9,0,1250,0,25,125,0,0,.71,1250,107,,.725	16 crisps /~28
2546839	B	6	429,14.3,21.4,57.1,1140,0,0,0,0,0,0,57,143,,0	2 tbsp~7|1 package~141
2666713	B	29	571,42.9,42.9,0,1210,0,21.4,143,0,0,0,1210,114,,0	14 crisps~7|1 package~50
2094973	B	23	500,42.9,42.9,0,1000,0,28.6,143,0,0,0,857,,0	1 package~7
2666721	B	29	571,0,35.7,57.1,571,0,0,0,0,0,4.29,0,286,,0	1½ tbsp~7|1 package~99
1137575	B	23	571,0,35.7,57.1,571,0,0,0,0,0,0,29,243,,0	1½ tbsp~7
2028762	B	22	286,0,0,71.4,0,71.4,,,,,5.14	1 tbsp~7|1 package~113
2401649	B	6	444,11.1,11.1,66.7,1220,0,0,0,0,0,0,67,178,,0	2 tbsp~9|1 package~56
2393290	B	23	571,0,35.7,57.1,571,0,0,0,0,0,0,57,286,,0	5½ tbsp~7|1 package~567
2436044	B	23	667,11.1,66.7,11.1,0,0,0,0,0,0,0,0,600,,0	1 tbsp~9|1 package~70
2603623	B	23	700,20,60,20,400,0,5,0,10,0,0,110,640,,0	1 tbsp~10|1 package~142
2396527	B	6	429,14.3,14.3,71.4,1070,0,0,0,0,0,0,14,114,,0	2 tbsp~7|1 package~127
2090561	B	7	417,16.7,12.5,66.7,1580,8.33,4.17,0,0,0,3,167,,0	2 toasts~12|1 package~144
1872629	B	23	571,14.3,50,14.3,429,0,0,0,14.3,0,5.14,286,,0	1 tbsp~7|1 package~99
2028765	B	23	500,40,40,0,2500,0,30,100,0,0,0,1200,,0	1½ tbsp~5|1 package~50
2666731	B	23	500,0,28.6,57.1,357,0,0,0,0,0,0,129,71,,0	2 tbsp~7|1 package~99
2545296	B	23	571,14.3,50,14.3,643,,,,14.3	1 tbsp~7|1 package~99
2401650	B	6	429,14.3,14.3,57.1,1000,0,0,0,0,0,0,29,171,,0	2 tbsp~7|1 package~127
2485712	B	6	429,14.3,14.3,57.1,1000,0,0,0,0,0,0,29,200,,0	2 tbsp~7|1 package~80
2668684	B	7	500,14.3,35.7,42.9,571,0,0,0,0,0,4.29,0,429,,0	1 tbsp~7|1 package~99.2
1979605	B	22	275,2.5,0,65,0,50,,,12.5,,2.5,132,610,,0	4 figs /~40|1 package~226
1978507	B	22	275,2.5,0,65,0,50,,,12.5,,2.5,132,610,,0	3 - 4 figs~40|1 package~226
2401646	B	6	429,14.3,21.4,57.1,571,0,0,0,0,0,0,29,143,,0	2 tbsp~7|1 package~141
2026383	B	6	429,14.3,21.4,57.1,929,14.3,0,0,0,0,0,0,,0	2 tbsp~7|1 package~141
1853884	B	6	429,14.3,21.4,57.1,1070,14.3,0,0,0,0,0,0,,0	2 tbsp~7|1 package~141
2031421	B	6	429,14.3,14.3,71.4,1070,0,0,0,0,0,5.14,286,,0	22 croutons~7|1 package~142
2018155	B	5	500,7.14,25,57.1,250,0,0,0,7.1,0,0,0,,0	1 packet~14
1857177	B	5	500,7.14,25,57.1,214,0,0,0,7.1,0,0,0,,0	1 packet~14
2666719	B	23	500,0,28.6,57.1,214,0,0,0,0,0,0,100,186,,0	2 tbsp~7|1 package~99
2026375	B	23	571,14.3,50,14.3,0,,,,14.3	1 tbsp~7|1 package~99
2374901	B	23	500,14.3,28.6,57.1,643,0,0,0,14.3,0,2.86,0,143,,0	2 tbsp~7|1 package~99
2546048	B	22	275,2.5,0,75,0,62.5,0,0,7.5,0,1,48,650,,0	1 serving~40|1 package~340
2666718	B	74	500,14.3,28.6,57.1,429,0,14.3,0,0,0,0,14,71,,0	2 tbsp~7|1 package~99
1865248	B	23	500,14.3,28.6,57.1,500,0,0,0,0,0,5.14,0,,0	2 tbsp~7|1 package~99
2421945	B	111	255,10.1,15,20.2,372,.81,3.24,34,2.4,0,1.21,192,40,,0	1 wrap~247
2195525	B	87	141,10.4,5.81,11.6,1240,2.49,2.49,27,,0,1.87,124,,1	1 serving~241
2090445	B	111	258,13.6,14.2,19.1,355,1.82,4.24,39,1.8,0,1.09,61,,2.7	1 sandwich~330
2217911	B	87	154,9.26,2.47,25.3,241,3.09,0,15,2.5,0,1.11,25,,7.4	1 serving~162
2421435	B	111	186,7.06,8.18,20.1,762,1.12,2.97,20,.7,0,1.49,74,23,,0	1 wrap~269
2192876	B	10	46,.83,0,10.8,4,10.8,0,0,0,0,.08,25,350,42.9,0,,,,,,,,,0	1 cup~240|1 package~3780
2180525	B	6	282,8.45,3.52,53.5,507,5.63,0,0,1.4,0,2.82,114,89,,0	1 bun~71|1 package~568
2180532	B	6	290,6.45,3.23,58.1,613,6.45,0,0,3.2,0,2.9,129,97,,0	1 slice~31|1 package~680
2545786	B	39	92,3.33,3.33,12.1,75,12.1,2.08,15,0,0,0,125,,.5,1.05	1 cup~240|1 package~1890
2484993	B	3	234,4.26,11.7,27.7,64,17,6.38,32,0,0,0,128,128,,.85	2/3 cup~94|1 package~473
2418548	B	61	356,6.67,0,80,0,0,0,0,0,0,2.22,16,89,,0	¼ cup~45|1 package~1360
2180519	B	6	290,6.45,3.23,58.1,613,6.45,0,0,3.2,0,2.9,97,97,,0	1 slice~31|1 package~680
2487380	B	39	46,3.75,1.04,5.83,108,5.83,.62,6,0,0,0,138,167,,1.05	1 cup~240|1 package~946
2487381	B	10	46,.83,0,10.8,4,10.8,0,0,0,0,.08,162,350,42.5,1.7,,,,,,,,,0	1 cup~240|1 package~1890
2193995	B	6	286,7.14,3.57,57.1,607,,0,0,3.6,0,2.86,107,107,,0	1 slice~28|1 package~567
2423716	B	53	0,0,0,0,0,0,0,0,0,0,0,0,0,,0	12 fl oz~360|1 package~3780
2276470	B	6	258,6.45,3.23,54.8,645,6.45,0,0,3.2,0,2.9,129,65	1 slice~31|1 package~680
2180554	B	53	25,0,0,6.39,0,6.39,0,0,0,0,0,0,0,,0	12 fl oz~360|1 package~3780
2423713	B	6	286,7.14,3.57,53.6,643,7.14,0,0,0,,2.86,143,71,,0	1 slice~28|1 package~567
2180518	B	6	258,6.45,3.23,54.8,645,6.45,0,0,3.2,0,2.9,129,65,,0	1 slice~31|1 package~567
2196280	B	6	268,12.2,4.88,46.3,561,4.88,1.22,0,7.3,0,2.44,215,263,,0	2 slices~41|1 package~453
1662979	B	20	20,1.33,0,4,0,2.67,0,0,1.3,0,.48,0,,80	½ cup~75
2412661	B	87	234,19.6,11.4,20.6,277,4.89,1.9,33,1.6,0,1.47,326,,.7	1 serving~184
2215122	B	7	109,4.01,8.39,6.2,449,3.28,3.65,18,1.1,0,.99,146,,24.1	1 serving~274
2412735	B	87	196,17.4,5.98,19.6,663,3.8,2.45,33,1.6,0,1.47,163,,0	1 serving~184
2412780	B	87	196,18.5,6.52,18.5,533,2.72,2.72,38,1.6,0,1.96,163,,0	1 serving~184
2450117	B	87	190,11.8,5.43,21.3,,1.36,2.71,27,.9,0,1.63,113,,1.6	1 serving~221
2445850	B	87	181,12.3,3.96,24.7,604,1.32,2.2,22,.9,0,.32,110,,2.6	1 serving~227
2554671	B	21	201,10.3,11.4,13.6,223,1.09,5.98,82,0,.27,1.09,60,89,,.55	1 serving~184|1 package~737
2627076	B	86	4,0,0,1.77,0,.88,0,0,0,0,0,0,,250,,,,0	4 fl oz~113|1 package~946
2627075	B	86	44,0,0,12.4,0,11.5,0,0,0,0,0,0,,90.3,,,,0	4 fl oz~113|1 package~946
2400529	B	94	190,12,10.3,12.5,337,1.63,5.43,82,.5,0,1.09,109,103,,0	1 serving~184|1 package~737
2218787	B	111	177,10.7,8.39,14.7,422,,3.17,62,1.8,0,2.04,68,,2.7	1 serving~441
2551030	B	15	350,2.5,35,5,800,2.5,10,62,0,0,0,75,125,,0	2 tbsp~40|1 package~283
2642959	B	15	286,3.57,28.6,7.14,536,3.57,16.1,71,0,0,0,143,250,,0	2 tbsp~28|1 package~283
2634484	B	15	150,3.33,11.7,6.67,450,0,1.67,0,6.7,0,1.2,0,233,,0	2 tbsp~30|1 package~397
2309494	B	15	250,4.17,18.8,16.7,250,12.5,12.5,62,0,0,0,42,83,,0	2 tbsp~24|1 package~283
2456582	B	20	33,3.33,0,6.67,0,3.33,0,0,3.3,0,1.2,67,,20	¼ cup~30|1 package~156
2612729	B	15	241,3.45,20.7,6.9,724,3.45,12.1,52,0,0,0,138,,,0	2 tbsp~29|1 package~283
1991953	B	15	37,0,0,4.88,659,2.44,,,2.4,,,,268	2 tbsp~41|1 package~340
2452131	B	15	100,3.33,11.7,6.67,450,0,1.67,0,6.7,0,1.2,0,233,,0	2 tbsp~30|1 package~397
2593041	B	15	141,3.12,9.38,12.5,469,3.12,3.12,16,3.1,0,0,0,0,,0	2 tbsp~32|1 package~397
1998354	B	15	24,0,0,4.88,805,2.44,,,2.4,,,122	2 tbsp~41|1 package~340
2593040	B	7	18,0,0,3.57,821,3.57,0,0,0,0,0,0,250,,0	7 pieces~28|1 package~397
2368468	B	2	233,10,20,6.67,800,3.33,11.7,50,0,0,0,333,0,,0	2 tbsp~30|1 package~340
2383988	B	2	233,10,16.7,6.67,667,3.33,10,50,0,0,0,267,0,,0	2 tbsp~30|1 package~340
2509100	B	15	94,6.25,0,18.8,719,0,0,0,6.2,0,1.12,62,219,,0	2 tbsp~32|1 package~283
2487352	B	15	37,0,0,4.88,659,2.44,,,2.4,,,,268	2 tbsp~41|1 package~340
2544127	B	15	73,0,0,24.4,256,22,,,,,,,171	2 tbsp~41|1 package~340
2654984	B	15	133,3.33,10,6.67,450,0,0,0,6.7,0,1.2,0,233,,0	2 tbsp~30|1 package~397
2423663	B	15	297,5.41,29.7,5.41,541,2.7,9.46,54,0,0,0,108,135,,0	2 tbsp~37|1 package~283
2612730	B	15	233,6.67,20,6.67,733,3.33,11.7,50,0,0,1.2,133,233,,0	2 tbsp~30|1 package~283
104099100031843	O	71	41.2,3.53,0,9.41,23.5,,,,3.53,,1.41,35.3,353,84.7,,,,,,,,.227,,0,0,,0,,0,0,0,0,0,0,0	1 tbsp~85|1 package~454
1876088	B	0	476,9.52,21.4,66.7,905,0,2.38,0,14.3,0,1.71,0,,0	1 serving~21
1860515	B	5	393,10.7,3.57,75,679,7.14,0,0,7.1,0,6.43,0,,0	1 serving~28|1 package~170
1882357	B	12	530,7.07,28.3,60.1,813,3.53,3.53,0,0,0,1.27,71,,0	1 bag~28.3
1880263	B	5	464,3.57,25,57.1,1110,3.57,1.79,0,3.6,0,0,0,,0	1 serving~28
1867293	B	12	536,7.14,28.6,60.7,821,3.57,3.57,0,0,0,1.29,71,,0	1 serving~28|1 package~113
2406286	B	20	28,.7,0,7.04,14,4.93,0,0,2.1,0,.76,28,148,,0	1 serving~142
2412488	B	20	23,.51,0,5.56,15,4.55,0,0,1.5,0,.55,20,106,,0	1 serving~198
2412245	B	20	47,1.18,0,11.8,0,2.35,0,0,2.4,0,.85,47,247,,0	2/3 cup~85|1 package~425
2406297	B	20	53,1.18,0,12.9,124,9.41,0,0,4.7,0,.85,47,329,,0	¾ cup~85|1 package~454
2413299	B	20	30,.51,0,7.58,3,6.06,0,0,2,0,.55,20,106,,0	1 container~198
2396825	B	20	36,.71,0,8.57,18,7.86,0,0,.7,0,0,0,200,,0	1 cup~140|1 package~283
2406309	B	15	19,0,0,3.85,250,3.85,0,0,0,0,0,0,269,,0	2 tbsp~26|1 package~397
2406287	B	15	34,0,0,6.9,759,3.45,0,0,3.4,0,0,0,241,,0	2 tbsp~29|1 package~454
2549024	B	20	43,.71,0,11.4,11,9.29,0,0,.7,0,.26,14,100,,0	1 cup~140|1 package~567
2450772	B	20	40,0,0,8,40,4,0,0,4,0,1.44,,0,,0	½ cup~25|1 package~113
2398964	B	33	113,8.45,7.04,2.82,225,0,4.93,28,1.4,0,0,141,197,,0	2 stuffed mushroom caps~71|1 package~213
2406281	B	20	24,1.18,0,5.88,18,4.71,0,0,1.2,0,.42,24,82,,0	1 cup~85|1 package~340
2400887	B	20	29,1.18,0,7.06,24,3.53,0,0,1.2,0,0,24,165,,0	2/3 cup~85|1 package~425
2654050	B	20	21,1.6,0,4.26,3,2.13,0,0,1.1,0,.57,11,279,,0	1 skewer~188|1 package~376
2552488	B	20	20,1.32,0,3.95,0,2.63,0,0,2.6,0,0,0,184	1½ cup~76|1 package~340
1597047	B	48	250,17,19.6,0,67,,8.04,71,,,1.61,18	1 serving~112
447870	B	48	152,20.5,7.14,0,62,,2.68,58,,,2.41	1 serving~112
2639000	B	20	18,1.18,0,2.35,29,1.18,0,0,1.2,0,.85,47,,10.6,,,,1380	6 leaves~85|1 package~142
2389071	B	20	18,1.18,0,3.53,24,2.35,0,0,1.2,0,1.18,25,245,,0	6 leaves /~85|1 package~340
2094774	B	20	18,1.18,0,2.35,29,1.18,0,0,1.2,0,.85,47,,10.6	6 leaves~85|1 package~198
2094776	B	20	18,1.18,0,2.35,24,0,0,0,1.2,0,1.27,24,,4.2	6 leaves~85|1 package~198
2094775	B	20	18,1.18,0,3.53,6,1.18,0,0,2.4,0,.85,24,,4.2	6 leaves~85|1 package~198
1865366	B	37	48,.8,.8,9.6,240,4.8,0,0,1.6,0,0,0,56,0,,0,0	½ cup~125|1 package~411
1865365	B	37	35,.79,0,8.66,142,2.36,0,0,2.4,0,.57,31,181,2.8,,0,0	½ cup~127|1 package~411
2388275	B	37	21,.83,0,4.13,314,2.48,0,0,1.7,0,0,26,83,,0	½ cup~121|1 package~411
1896720	B	37	21,1.65,0,2.48,182,0,0,0,2.5,0,.89,83,124,4,,0,0	½ cup~121|1 package~383
1865361	B	37	8,.84,0,1.68,202,.84,0,0,.8,0,.61,17,97,0,,0,0	½ cup~119|1 package~411
1860268	B	37	56,1.6,.8,11.2,232,5.6,0,0,1.6,0,.29,0,144,0,,0,0	½ cup~125|1 package~432
1865362	B	37	21,.84,0,4.2,8,.84,0,0,1.7,0,.61,17,59,0,,0,0	½ cup~119|1 package~411
1865367	B	37	38,1.67,.42,7.5,242,1.67,0,0,1.7,0,.6,83,150,1,,0,0	½ cup~120|1 package~425
1865377	B	37	62,3.1,.78,10.8,8,4.65,0,0,3.1,0,.84,16,124,7,,0,0	½ cup~129|1 package~425
2287199	B	37	70,3.1,.39,12.4,225,3.1,0,0,4.7,0,1.12,16,132,0,,0,0	½ cup~129|1 package~425
1862768	B	45	86,5.47,0,15.6,188,.78,0,0,3.9,0,1.12,31,258,0,,0,0	½ cup~128|1 package~432
2287026	B	7	69,0,0,13.8,69,13.8,0,0,0,0,1.24,0,241,4.1,,0,0	4 slices~29|1 package~454
1865364	B	37	21,.83,0,4.17,192,1.67,0,0,1.7,0,.3,17,133,0,,0,0	½ cup~120|1 package~425
1862844	B	37	25,.83,0,5,200,2.5,0,0,2.5,0,.3,17,88,2,,0,0	3 pieces~120|1 package~425
1860266	B	37	94,2.35,1.18,18.8,282,4.71,0,0,1.2,0,0,0,224,4.2,,0,0	1/3 cup~85|1 package~432
1865381	B	37	46,2.31,0,8.46,223,3.08,0,0,4.6,0,.83,46,104,.9,,0,0	½ cup~130|1 package~425
1865379	B	37	70,3.1,.39,12.4,225,3.1,0,0,4.7,0,1.12,16,132,0,,0,0	½ cup~129|1 package~425
1865376	B	37	72,2.4,.8,14.4,232,3.2,0,0,1.6,0,.29,0,120,0,,0,0	½ cup~125|1 package~432
2022360	B	37	48,2.4,0,8.8,352,3.2,0,0,2.4,0,.86,16,104,9.6,,0,0	½ cup~125|1 package~425
1861210	B	37	29,1.67,0,5.83,317,.83,0,0,2.5,0,1.5,33,92,2,,0,0	½ cup~120|1 package~411
2607656	B	20	18,2.35,0,3.53,0,2.35,0,0,2.4,0,2.12,24,165,,0	1 serving~85|1 package~397
2607658	B	20	29,2.35,0,5.88,29,2.35,0,0,2.4,0,.42,24,247,,0	5 pieces~85|1 package~454
2607646	B	20	47,1.18,0,11.8,0,2.35,0,0,2.4,0,.85,47,247,,0	2/3 cup~85|1 package~284
2607651	B	20	29,1.18,0,5.88,76,3.53,0,0,2.4,0,.42,24,247,,0	8 sticks~85|1 package~227
2298423	B	20	41,1.18,0,9.41,71,4.71,0,0,2.4,0,.42,24,247,,0	8 sticks /~85|1 package~227
2651822	B	20	41,1.18,0,9.41,71,4.71,0,0,2.4,0,.42,24,247,,0	8 sticks~85|1 package~227
2182568	B	20	18,1.18,0,3.53,82,2.35,0,0,1.2,0,0,24,165,,0	8 sticks /~85|1 package~227
2607650	B	20	18,1.18,0,3.53,82,2.35,0,0,1.2,0,0,24,165,,0	8 sticks~85|1 package~227
2607644	B	20	43,.71,0,12.1,0,8.57,0,0,1.4,0,.26,14,100,,0	¾ cup~140|1 package~567
2607661	B	20	47,1.18,0,0,0,,0,0,,0,.85,47,247,,0	8 fries~85|1 package~454
2607654	B	20	18,1.18,0,3.53,6,2.35,0,0,1.2,0,.42,24,165,,0	1 serving~85|1 package~454
2607647	B	20	18,1.18,0,3.53,12,1.18,0,0,1.2,0,.42,24,0,,0	2/3 cup~85|1 package~284
2192858	B	20	18,1.18,0,3.53,12,1.18,0,0,1.2,0,.42,24,0,,0	2/3 cup /~85|1 package~284
2607655	B	20	41,3.53,0,9.41,24,2.35,0,0,3.5,0,1.27,24,329,,0	1 cup~85|1 package~340
2607660	B	20	29,1.18,0,7.06,0,3.53,0,0,2.4,0,.42,0,165,,0	1 serving~85|1 package~454
2607657	B	20	24,1.18,0,5.88,0,3.53,0,0,1.2,0,.42,0,165,,0	1 cup~85|1 package~454
2607652	B	68	82,1.82,0,20,55,4.55,0,0,2.7,0,.65,18,255,,0	10 fries~110|1 package~567
2440570	B	17	115,2.97,.56,24.2,82,14.9,0,2,1.1,,.4,186,,10	1 container~269
1858841	B	17	108,2.97,.56,22.7,78,14.9,0,2,1.1,0,.4,186,,10.3	1 container~269
2607659	B	91	18,1.18,0,3.53,6,2.35,0,0,1.2,0,.42,24,165,,0	2/3 cup~85|1 package~454
2607653	B	33	18,1.18,0,3.53,6,2.35,0,0,1.2,0,.42,24,165,,0	2/3 cup~85|1 package~454
2397147	B	0	500,13.3,30,46.7,1000,3.33,5,0,6.7,0,3.6,67,233,,0	¼ cup~30|1 package~255
2148525	B	14	433,10,16.7,60,0,16.7,0,0,6.7,0,3.33,40,320,,0	1/3 cup~30|1 package~241
1924461	B	12	500,13.3,30,50,933,3.33,5,0,6.7,0,2.4,67,,4	¼ cup~30|1 package~92
2399832	B	90	500,16.7,30,43.3,0,0,3.33,0,33.3,0,6,500,233,,0	¼ cup~30|1 package~142
1979221	B	0	500,3.33,26.7,66.7,33,53.3,16.7,0,3.3,0,3.6,67,233,,0	5 pieces~30|1 package~510
2150485	B	8	500,13.3,33.3,43.3,33,33.3,11.7,17,3.3,0,0,107,560,,0	2 pieces~30|1 package~340
2416187	B	1	300,3.33,0,70,33,43.3,0,0,0,0,0,0,0,,0	8 pieces~30|1 package~482
2147353	B	14	433,0,20,56.7,0,16.7,3.33,0,6.7,0,3.33,43,310,,0	1/3 cup~30|1 package~241
2399353	B	0	467,10,16.7,73.3,600,0,1.67,0,6.7,0,0,0,233,,0	¼ cup~30|1 package~241
1922149	B	1	333,0,0,80,17,76.7,0,0,0,0,0,0,,0	4 slices~30|1 package~284
2399095	B	0	467,10,40,46.7,0,0,16.7,0,10,0,6,67,467,,0	9 pieces~30|1 package~340
2151568	B	8	433,3.33,16.7,80,250,60,8.33,0,3.3,0,0,0,,,0	2 pieces~30|1 package~255
1979173	B	0	467,10,33.3,53.3,0,40,15,0,6.7,0,12,0,467,,0	45 pieces~30|1 package~170
2642179	B	0	567,26.7,50,16.7,633,6.67,8.33,0,10,0,0,60,683,,0	¼ cup~30|1 package~284
1979038	B	1	300,3.33,0,70,33,43.3,0,0,0,0,0,0,0,,0	3 pieces~30|1 package~454
2503690	B	1	310,3.45,0,72.4,52,48.3,0,0,0,0,0,69,0,,0	4 pieces~29|1 package~397
1978810	B	0	467,6.67,20,70,533,40,16.7,0,3.3,0,3.6,67,233,,0	5 pieces~30|1 package~255
2397428	B	0	500,10,43.3,43.3,0,3.33,20,0,10,0,6.67,107,463,,0	11 pieces /~30|1 package~340
1979443	B	1	429,7.14,14.3,71.4,429,50,1.79,0,0,0,0,0,0,,0	1 serving~28|1 package~340
2428887	B	0	571,21.4,50,21.4,0,3.57,3.57,0,14.3,0,3.86,214,500,,0	¼ cup~28|1 package~396
2678805	B	0	767,10,73.3,13.3,0,0,6.67,0,10,0,3.6,67,,0,,,,0	¼ cup~30|1 package~284
2551691	B	0	567,30,50,10,0,0,8.33,0,6.7,0,9,67,700,,0	¼ cup~30|1 package~411
2399848	B	0	567,30,50,10,600,0,8.33,0,6.7,0,9,67,467,,0	¼ cup~30|1 package~255
2430975	B	0	459,18.9,18.9,54,0,0,4.05,0,18.9,0,2.92,54,757,,0	1/3 cup~37|1 package~226
1979223	B	1	400,0,5,90,100,53.3,3.33,0,0,0,0,0,0,,0	5 pieces~30|1 package~283
2399085	B	5	467,6.67,16.7,70,167,6.67,0,0,13.3,0,3.6,133,1170,,0	15 pieces~30|1 package~113
1976486	B	1	300,3.33,0,70,33,46.7,0,0,0,0,0,0,0,,0	8 pieces~30|1 package~482
2150482	B	1	344,6.25,0,81.2,0,62.5,0,0,0,0,0,0,0,,0	6 pieces~32|1 package~468
1979612	B	22	367,0,0,93.3,283,76.7,0,0,0,0,0,67,0,,0	23 pieces~30|1 package~283
1919706	B	22	300,2.5,0,70,0,32.5,0,0,7.5,0,1.8,100,,0	6 pieces~40|1 package~326
1979614	B	5	433,13.3,10,70,533,20,6.67,0,23.3,0,3.6,0,467,,0	¼ cup~30|1 package~255
1979454	B	0	467,3.33,20,73.3,467,46.7,16.7,0,0,0,3.6,67,0,,0	4 pieces~30|1 package~255
1979036	B	0	450,10,25,52.5,188,40,7.5,0,5,0,2.7,50,350,,0	¼ cup~40|1 package~397
2172185	B	77	121,14.5,1.61,11.3,903,8.06,.4,44,0,0,.81,11,267,,0	¾ cup~124|1 package~454
2389925	B	33	98,7.35,2.04,12.2,212,.82,.82,16,.4,0,.82,22,95,,0	1 cup~245|1 package~740
2426202	B	33	152,8.86,5.06,17.7,108,2.53,2.22,28,1.3,0,.63,34,245,,0	1 cup~158|1 package~780
2389923	B	33	146,6.8,5.83,15.5,218,1.94,1.94,7,.5,0,.97,42,114,,0	1 cup~206|1 package~818
2377782	B	20	23,2.33,0,4.65,0,2.33,0,0,1.2,0,1.16,22,255,,0	1 serving~86|1 package~397
2144854	B	2	188,12.5,14.1,3.12,31,3.12,9.38,31,0,0,0,125,,0	2 tbsp~32|1 package~1814
1946586	B	75	133,6.67,8.33,6.67,33,3.33,6.67,33,0,0,0,133,,0	2 tbsp~30|1 package~454
2213144	B	17	62,3.33,1.04,6.25,58,5,.62,4,0,0,0,125,,.5	1 cup~240|1 package~946
2138836	B	2	188,12.5,14.1,3.12,31,3.12,9.38,31,0,0,0,125,,0	2 tbsp~32|1 package~454
2552600	B	17	71,2.92,4.58,4.17,42,2.92,2.92,15,.8,0,0,83,117,,.825	1 cup~240|1 package~946
2434767	B	17	62,3.33,3.33,5,52,5,2.08,8,0,,0,125,,.5,1.05	1 cup~240|1 package~946
2129273	B	2	78,15.6,0,3.12,47,3.12,,16,0,0,0,125,,0	2 tbsp~32|1 package~454
2454485	B	2	194,11.1,11.1,13.9,28,11.1,8.33,42,0,,0,111,,0	2 tbsp~36|1 package~454
2131501	B	62	714,0,78.6,0,686,,50,214,,0	1 tbsp~14|1 package~227
2656001	B	17	71,2.92,4.58,4.17,42,2.92,2.92,15,.8,0,0,83,117,,2	1 cup~240|1 package~946
2434766	B	17	62,3.33,3.33,5,52,5,2.08,8,0,,0,125,,.5,1.05	1 cup~240|1 package~946
2434753	B	39	71,2.92,4.58,4.17,42,2.92,2.92,15,.8,0,0,83,117,,.825	1 cup~240|1 package~946
2213143	B	17	62,3.33,3.33,5,52,5,2.08,8,,0,2.25,125,,.5,1.05	1 cup~240|1 package~946
2549131	B	17	33,2.92,0,5,42,2.5,0,2,0,0,0,83,117,,.625	1 cup~240|1 package~946
2434761	B	39	62,3.33,3.33,5,52,5,.62,15,0,,0,125,,.5,1.05	1 cup~240|1 package~944
2210597	B	17	50,3.75,2.08,7.5,50,7.5,1.25,4,0,0,0,108,,1.5	1 cup~240|1 package~946
2434757	B	17	46,4.58,.83,5,52,5,.62,4,0,,0,125,,0	1 cup~240|1 package~946
2375626	B	17	46,3.33,2.08,3.33,42,2.92,1.46,6,.4,0,0,83,117,,.425	1 cup~240|1 package~946
2552601	B	17	71,2.92,4.58,4.17,42,2.92,2.92,15,.8,0,0,83,117,,.825	1 cup~240|1 package~946
2678485	B	39	71,2.92,4.58,4.17,42,2.92,2.92,15,.8,0,0,83,117,,2	1 cup~240|1 package~946
2674655	B	17	71,2.92,4.58,4.17,42,2.92,2.92,15,.8,0,0,83,117,,2	1 cup~240|1 package~946
2615891	B	39	46,3.33,2.08,3.33,42,2.92,1.46,6,.4,0,0,83,117,,1	1 cup~240|1 package~946
2657505	B	75	71,2.92,4.58,4.17,42,2.92,2.92,15,.8,0,0,83,117,,2	1 cup~240|1 package~946
2375631	B	17	71,2.92,4.58,4.17,42,2.92,2.92,15,.8,0,0,83,117,,.825	1 cup~240|1 package~946
2656000	B	62	536,28.6,64.3,0,29,0,17.9,29,0,0,0,357,,4.3,,,,386	1 tsp~14|1 package~255
2434755	B	62	571,0,64.3,0,0,0,17.9,36,,,0,0,,0	1 tbsp~14|1 package~312
495381	B	10	51,0,0,13.5,0,12.7,,,,,.3,,,25.3	1 serving~237
495384	B	10	51,0,0,13.5,0,12.7,,,,,.3,,,25.3	1 serving~237
495383	B	10	51,0,0,13.5,0,12.7,,,,,.3,,,25.3	1 serving~237
495382	B	10	38,0,0,9.7,0,9.7,,,,,.3,,,25.3	1 serving~237
495380	B	10	55,0,0,13.5,0,12.7,,,,,.15,,,25.3	1 serving~237
2486132	B	20	35,1.18,0,9.41,71,4.71,0,0,2.4,0,.35,35,318,,0	1 serving~85|1 package~454
2422503	B	20	35,.88,0,9.73,0,1.77,0,0,1.8,0,.64,35,186,,0	1 serving~113|1 package~227
2403289	B	20	26,1.76,0,4.71,29,1.76,0,0,1.8,0,.42,24,,49.4	1 serving~170|1 package~340
2471886	B	33	258,15.2,10.1,23.2,359,2.53,5.56,38,1,0,1.01,238,45,,.5	½ container~198|1 package~397
2398813	B	33	112,9.41,.59,14.7,429,1.76,.59,18,1.2,0,1.18,24,94,,0	½ bowl~170|1 package~340
2452068	B	87	264,9.09,16.4,19.1,509,3.64,7.27,50,.9,0,.91,53,28,,0	½ sandwich~110|1 package~221
2298640	B	20	18,0,0,3.57,357,3.57,0,0,0,0,0,0,0,,0	2 tbsp~28|1 package~340
2484146	B	80	112,6.72,8.21,3.73,291,2.24,2.24,19,.7,0,.75,77,120,,68	112 s~134|1 package~269
2471888	B	33	253,12.4,10.6,27.6,365,2.35,5.88,38,1.8,.29,1.18,201,165,,3.52	½ container~170|1 package~340
2450085	B	15	100,0,12.5,10.7,679,0,0,0,7.1,0,,0,,,0	2 tbsp~28|1 package~255
2399091	B	33	250,9.17,10,30,400,2.5,3.33,17,1.7,0,1.67,52,181,,0	1/3 bowl~120|1 package~361
2419789	B	20	40,1,0,11,0,9,0,0,1,0,0,0,140,,0	1 serving~100
2403012	B	93	224,4.71,3.53,29.4,400,3.53,.59,0,3.5,0,37.7,0,82,,0	½ tray~85|1 package~156
2421439	B	15	107,0,8.93,7.14,536,0,0,0,3.6,0,0,0,250,,0	2 tbsp~28|1 package~255
2417302	B	20	33,0,0,6.67,500,3.33,0,0,3.3,0,0,0,0,,0	2 tbsp~30|1 package~255
2419724	B	15	18,0,0,3.57,393,3.57,0,0,0,0,0,0,0,,0	2 tbsp~28|1 package~369
2421667	B	15	125,0,8.93,7.14,536,3.57,0,0,3.6,0,0,0,250,,0	2 tbsp~28|1 package~255
2420902	B	15	18,0,0,3.57,429,3.57,0,0,0,0,0,0,0,,0	2 tbsp~28|1 package~369
2403023	B	93	148,6.34,3.52,19,211,7.75,1.76,134,1.4,0,25.4,0,49,,0	1 tray~142
2509436	B	111	203,5.69,10.6,17.9,228,.81,4.88,12,.8,0,.88,16,57,,0	1/3 container~123
2419694	B	20	59,0,1.18,11.8,47,10.6,.59,6,1.2,0,0,0,82,,0	1 serving~85|1 package~758
2452092	B	20	24,1.18,0,5.88,0,2.35,,0,1.2,0,.42,0,165,,0	1 serving~85|1 package~340
2403699	B	33	216,8.11,14.9,16.2,230,1.35,6.08,14,1.4,0,1.35,135,181,,0	¼ quiche~74|1 package~298
2398816	B	20	90,2,0,20,55,4,0,0,3,0,.72,20,210,,0	1 serving~100|1 package~340
2484145	B	87	279,9.91,18,19.8,279,3.6,4.5,27,.9,0,1.8,17,165,,.9	½ sandwich~111|1 package~221
2405426	B	87	211,15.8,8.27,18.8,729,3.01,4.51,34,1.5,0,.81,23,26,,0	½ sub~133|1 package~255
2285679	B	17	108,2.97,.74,21.6,46,13.4,0,2,.7,0,.4,223,,10	1 parfait~269
1978982	B	87	260,15.6,10.4,27.3,675,9.09,5.19,58,0,0,1.3,181,70,,0	1 slider~77|1 package~765
2281676	B	20	31,.88,0,7.96,0,6.19,,0,0,0,.32,0,62,,0	1 serving~113|1 package~680
2401757	B	93	216,8.11,14.9,16.2,230,1.35,6.08,14,1.4,0,1.46,108,189,,0	¼ quiche~74|1 package~170
2664401	B	26	163,5.81,2.91,27.9,605,1.16,0,0,3.5,0,2.33,2,143,,0	2 cakes~86|1 package~340
1918534	B	15	200,3.33,15,13.3,383,0,0,0,3.3,0,2.4,67,50,12	2 tbsp~30|1 package~227
1922582	B	15	200,3.33,15,10,500,0,0,0,3.3,0,2.4,133,33,12	2 tbsp~30|1 package~227
1922563	B	15	233,6.67,16.7,13.3,467,0,1.67,0,3.3,0,1.2,67,0,12	2 tbsp~30|1 package~227
2664402	B	31	100,6,1,16,0,1,0,0,5,0,1.62,39,0,,0	1 serving~100|1 package~340
2609209	B	10	25,0,0,6.11,19,5.83,0,0,.3,0,0,11,11,15,0	1 serving~360
2113940	B	36	73,16,1,0,0,0,,0,0,,.36,60,,0	1 serving~100
2181644	B	9	423,2.56,16.7,64.1,346,50,6.41,13,0,0,1.03,26,38	.03 cake~78|1 package~2970
2591361	B	9	444,3.7,23.5,54.3,432,42,9.88,31,0,0,.99,37,62,,0	.06 cake~81|1 package~1470
2506719	B	4	417,5.56,12.5,69.4,181,36.1,4.17,14,0,0,1.94,28,56,,0	1 decorated~36|1 package~430
2581518	B	6	265,10.2,7.14,42.9,449,4.08,0,0,4.1,0,2.04,306,184,,0	1 slice~49|1 package~680
2462479	B	80	260,13,22,3,420,2,3.5,40,0,0,1.08,0,0,,0	1/3 cup~100|1 package~340
2541894	B	0	548,9.68,41.9,45.2,0,32.3,12.9,0,9.7,0,8.71,129,452,,0	11 pieces~31|1 package~354
2544285	B	0	607,21.4,53.6,17.9,286,3.57,7.14,0,7.1,0,5.14,71,500,,0	1 serving~28|1 package~340
2466204	B	80	229,3.57,12.9,24.3,300,11.4,2.14,21,1.4,0,1.14,7,129,,.075	¾ cup~140|1 package~1810
2545359	B	7	179,2.14,8.57,21.4,279,7.14,1.43,18,2.1,0,.93,7,257,,0	½ cup~140|1 package~1810
2485630	B	80	180,1,13,15,270,12,2,10,2,0,.36,20,70,,0	½ cup~100|1 package~425
2473257	B	7	179,2.14,8.57,21.4,279,7.14,1.43,18,2.1,0,1.03,0,200,,0	½ cup~140|1 package~454
1951600	B	9	211,5.26,0,52.6,368,42.1,0,0,0,0,0,70,70,,0	.2 cake~57|1 package~283
2665464	B	87	328,13.7,21.1,20.6,603,2.94,9.31,27,1,.74,1.96,98,216,,0	1 sandwich~204
2368885	B	9	404,4.26,19.2,55.3,383,34,8.51,21,2.1,0,1.49,21,85,,0	1 serving~47|1 package~283
2480402	B	9	351,2.29,16,49.6,107,28.2,7.63,4,1.5,0,1.53,23,69,,.225	4 tarts~131|1 package~525
2476068	B	9	455,5.45,23.6,58.2,473,27.3,10.9,27,1.8,0,1.31,36,0,0	5 donuts~55|1 package~397
2482082	B	9	320,4,14,46,400,20,6,30,0,0,1.8,20,70,,2.6	.12 danish~50|1 package~396
2470016	B	46	312,4.69,17.2,37.5,164,12.5,7.03,0,1.6,0,1.72,16,31,,1.25	3 pastries~64|1 package~255
2550587	B	9	293,3.03,16.2,35.4,313,10.1,8.08,0,1,0,.4,10,40,,0	1 pie~99
2475959	B	46	352,5.63,15.5,46.5,197,12.7,7.04,0,1.4,0,1.97,0,0,,3.1	1 strudel~71|1 package~283
2480512	B	9	380,4.23,18.3,42.2,254,18.3,7.04,0,1.4,0,1.97,14,63,,1.12	1 turnover~71|1 package~283
2543327	B	4	464,7.14,21.4,57.1,18,25,10.7,36,0,0,2.5,0,0,,0	1 cookie~28|1 package~680
2630480	B	4	500,3.85,26.9,57.7,385,19.2,13.5,0,0,0,2.31,0,77,,0	2 cookies~26|1 package~595
2476123	B	9	390,1.69,18.6,54.2,119,40.7,6.78,17,1.7,0,1.53,17,85,,.5	1 cupcake~59|1 package~710
2366028	B	9	394,2.82,16.9,59.2,324,43.7,5.63,21,1.4,0,1.69,0,155,,0	3 cupcakes~71|1 package~567
2553161	B	9	423,2.82,19.7,59.2,352,43.7,7.04,14,1.4,0,1.27,0,0,,0	3 cupcakes~71|1 package~283
2268329	B	4	474,5.26,23.7,52.6,26,21,10.5,53,0,0,2.11,0,0,,0	1 cookie~19|1 package~680
2368142	B	4	440,4,24,56,40,24,10,40,0,0,4.32,0,,,0	1 serving~25|1 package~454
2676615	B	9	411,1.79,19.6,53.6,339,32.1,8.93,0,0,0,1.29,0,0,,0	4 donut holes~56|1 package~397
2179054	B	4	387,6.45,19.4,54.8,16,22.6,8.06,32,0,0,0,0,0,,0	1 cookie~31|1 package~454
2585952	B	20	150,3.33,13.3,6.67,0,0,1.67,0,6.7,0,0,0,233,,0	2 tbsp~30|1 package~227
2339916	B	15	100,0,6.67,6.67,567,3.33,0,0,3.3,0,0,0,233,,0	2 tbsp~30|1 package~227
2541880	B	87	313,10.1,19.2,26.3,899,2.02,9.09,96,1,0,2.02,144,388,,0	1 sandwich~99
2542710	B	9	265,2.21,14,32.4,169,17.6,9.56,7,0,0,.74,22,88,,0	.2 pie~136|1 package~680
2485623	B	9	368,4.41,11.8,60.3,324,36.8,3.68,15,0,0,1.91,29,74,,.15	1 serving~68
2546144	B	9	378,4.44,17.8,48.9,333,26.7,3.33,67,0,0,2.22,69,178,,0	1 slice~45|1 package~680
2306490	B	9	378,4.44,17.8,48.9,333,26.7,3.33,67,0,0,2.22,67,,,0	1 slice~45|1 package~454
2544758	B	46	389,3.54,18.6,51.3,292,29.2,3.54,40,.9,0,1.24,35,106,,0	4 muffins~113|1 package~340
1998316	B	77	131,22.6,2.38,3.57,738,2.38,0,71,0,0,0,12,352,,0	1 serving~84|1 package~454
2485588	B	33	162,4.62,1.92,31.5,415,21.5,.77,4,2.3,0,1.38,46,215,,0	½ cup~130|1 package~908
2543879	B	4	421,2.63,18.4,65.8,368,42.1,7.89,13,0,0,1.32,0,0,,0	1 cookie~38|1 package~383
2592482	B	9	386,3.51,17.5,50.9,298,24.6,8.77,0,1.8,0,1.89,105,0,,0	3 donuts~57|1 package~227
2546704	B	4	391,4.35,19.6,56.5,217,39.1,8.7,43,0,0,0,0,130,,0	1 cookie~23|1 package~227
2483303	B	9	299,2.99,16.4,37.3,358,23.9,7.46,22,1.5,0,1.49,30,179,,1.5	.17 th of cake~67|1 package~400
2486606	B	9	374,3.05,18.3,51.2,221,27.5,7.63,8,1.5,0,3.74,15,107,,1.23	4 tarts~131|1 package~525
2545127	B	9	378,4.44,17.8,46.7,378,24.4,4.44,78,0,0,2.22,78,104,,0	1 slice~45|1 package~680
2546032	B	9	404,3.51,19.3,52.6,237,29.8,4.39,35,1.8,0,1.75,18,51,,0	.12 cake~57|1 package~454
2538285	B	9	411,3.57,23.2,44.6,411,23.2,10.7,18,1.8,0,1.29,71,0,,0	4 donut~56|1 package~397
2473766	B	9	353,4.41,10.3,61.8,324,38.2,2.94,22,1.5,0,2.06,29,44,,3.83	1 cake~68
2544913	B	9	386,3.51,10.5,70.2,246,40.4,4.39,9,0,0,.7,53,53,,0	1¼ cake~57|1 package~794
2553149	B	46	343,5.05,16.2,43.4,343,2.02,3.03,51,1,0,1.72,30,61,,.2	1 muffin~99|1 package~396
2373628	B	9	324,2.21,18.4,36.8,184,13.2,8.09,0,1.5,0,1.25,15,74,,0	.2 pie~136|1 package~680
2545284	B	9	378,4.44,17.8,46.7,378,24.4,4.44,78,0,0,2.22,89,111,,0	1 slice~45|1 package~454
2279124	B	80	252,4.9,16.1,22.4,273,9.79,3.5,21,.7,0,.76,42,49,,0	2/3 cup~143|1 package~397
2541535	B	9	415,4.88,17.1,61,207,36.6,6.1,0,2.4,0,9.76,0,85,,0	.11 container~41|1 package~368
2545930	B	9	447,2.63,23.7,57.9,92,34.2,5.26,0,2.6,0,2.89,26,184,,0	2 brownies~38|1 package~630
2180457	B	9	400,3.33,20,63.3,167,53.3,10,0,3.3,0,3,33,200,,0	3 crisps~30|1 package~198
2487183	B	33	182,8.4,9.76,14.1,455,2.44,4.61,26,.5,.14,.54,144,130,,.55	1 tray~369
2504563	B	33	126,7.06,6.18,10.3,0,.88,2.35,,.6,0,.59,64,71,,.3	1 package~340
2475716	B	6	263,7.89,2.63,47.4,421,7.89,1.32,0,2.6,0,2.63,158,108,,0,,,,2.63,1,.263,,106	1 roll~38|1 package~454
2377158	B	20	94,1.18,5.88,8.24,176,4.71,.59,6,2.4,0,.82,47,282,,0	1 cup~85|1 package~567
2487587	B	63	188,5.04,8.49,22.3,458,4.51,4.77,38,2.7,.27,.53,56,69,,0	1 tray~377
2472547	B	77	238,20.2,15.5,2.38,1270,0,4.76,77,0,0,.83,0,202,,.125	1 serving~84|1 package~1250
2542485	B	9	481,3.7,25.9,55.6,259,37,7.41,37,3.7,0,3.7,37,185,,0	1 serving~27|1 package~467
2482949	B	4	425,5,15,62.5,375,37.5,6.25,25,0,0,.5,,50,,6.25	1 cookie~40|1 package~397
2541352	B	9	365,2.35,11.8,63.5,329,50.6,4.12,18,0,0,.71,0,0,,0	3 cupcakes~85|1 package~340
2476536	B	1	400,2.35,9.41,76.5,306,42.4,5.88,12,0,0,8.47,24,,5.6	1 serving~85
2545445	B	9	320,2.46,15.6,41.8,156,20.5,5.74,0,1.6,0,1.48,8,74,,0	.11 pie~122|1 package~1100
2476292	B	4	457,5.71,17.1,71.4,571,37.1,7.14,29,.7,0,2,29,57,,0	1 cookie~35|1 package~425
2474177	B	9	368,4.41,11.8,61.8,353,38.2,3.68,22,0,0,2.06,29,44,,3.98	1 cake~68
2486839	B	9	427,2.25,25.8,47.2,416,36,8.99,45,1.1,0,1.69,56,337,,.225	.17 cake~89|1 package~538
2462323	B	4	576,3.03,30.3,66.7,394,39.4,12.1,15,3,0,2.18,0,0,,0	1 cookie~33|1 package~538
2460114	B	9	424,2.35,25.9,45.9,424,35.3,8.24,47,1.2,0,1.65,59,,,.225	.08 cake~85|1 package~1020
2544717	B	46	313,4.04,14.1,43.4,232,25.2,3.03,45,1,0,2.02,51,182,,0	1 muffin~99|1 package~396
2541059	B	9	400,2.67,21.3,49.3,333,36,6,27,1.3,0,1.33,40,93,,0	1 slice~75|1 package~450
2543086	B	46	343,5.05,16.2,45.4,333,27.3,3.03,45,2,0,2.02,71,242,,0	1 muffin~99|1 package~396
2550821	B	20	85,.94,6.6,5.66,226,2.83,.94,9,1.9,0,.47,38,208,,0	1 serving~106|1 package~284
2473255	B	80	243,6.43,18.6,15,479,3.57,4.29,21,.7,0,1.03,29,100,,0	½ cup~140|1 package~397
2654844	B	6	340,8.51,14.9,40.4,532,6.38,9.57,43,2.1,0,2.55,85,85,,0	2 rolls~47|1 package~284
2544484	B	9	360,6,18,40,420,18,8,40,0,0,2,20,80,,0	.12 danish~50|1 package~396
2656929	B	9	380,4.23,18.3,42.2,254,18.3,7.04,0,1.4,0,1.97,14,63,,1	1 turnover~71|1 package~283
2543160	B	9	309,2.94,15.4,39,199,19.1,6.62,0,.7,0,1.25,0,88,,0	.2 pie~136|1 package~680
2464959	B	33	151,9.51,5.63,15.5,285,1.41,1.76,25,1.1,0,.7,88,176,,.075	1 serving~284|1 package~1130
2481865	B	33	156,7.05,4.79,19.9,0,4.03,.88,11,1.5,0,.76,5,176,,.25	1 package~397
2467589	B	33	156,12.3,3.78,16.9,224,2.77,1.51,33,.8,0,.27,0,176,,.15	1 tray~397
2545262	B	33	162,10.9,1.03,25.9,0,1.76,.15,22,1.2,0,1.76,59,206,,0	1 tray~340
2543071	B	63	162,8.12,8.97,18,385,1.71,2.14,21,1.7,0,1.45,90,158,,0	1 serving~234|1 package~936
2630698	B	33	135,8.24,4.71,15.3,318,1.76,2.06,18,1.2,0,.88,71,94,,0	1 cup~340|1 package~850
2340487	B	33	135,4.71,4.41,19.7,664,0,0,7,0,0,.59,3,103,,0	1 tray~340
2487589	B	33	155,9.86,4.23,20.3,406,2.25,1.13,18,2,0,1.12,56,148,,0	1 container~355
2543393	B	33	132,5.88,4.41,17.6,568,6.76,.74,24,.3,0,.59,12,138,,0	1 tray~340
2484619	B	9	403,3.23,21,51.6,339,38.7,5.65,40,0,0,1.29,16,97,,.475	1 cupcake~62|1 package~744
2275809	B	9	368,5.26,17.5,49.1,281,24.6,8.77,0,1.8,0,1.93,88,70,,0	3 doughnuts~57|1 package~227
2452221	B	9	386,3.51,17.5,49.1,281,24.6,8.77,0,1.8,0,1.89,70,0,,0	3 doughnuts~57|1 package~227
2474335	B	9	390,1.69,18.6,52.5,339,40.7,6.78,17,1.7,0,1.36,17,85,,.5	1 cupcake~59|1 package~710
2541739	B	9	422,6.67,22.2,48.9,578,28.9,4.44,78,0,0,2.22,22,89,,0	1 slice~45|1 package~454
2668796	B	9	457,2.86,25.7,57.1,186,40,10,0,2.9,0,3.14,29,229,,0	1 brownie~35|1 package~210
2542621	B	4	424,3.03,18.2,63.6,409,45.4,10.6,15,3,0,3.03,30,303,,0	1 cookie~33|1 package~397
2470565	B	9	378,3.66,12.2,63.4,280,52.4,4.27,37,1.2,0,1.76,0,85,,0	.11 cake~82|1 package~737
2540672	B	4	462,3.85,19.2,65.4,385,30.8,11.5,0,3.8,0,1.92,0,115,,0	1 cookie~26|1 package~312
2460759	B	4	375,5,20,52.5,400,0,7.5,25,7.5,0,.75,125,100,,6.75	1 cookie~40|1 package~397
2651493	B	46	398,3.54,20.4,51.3,265,30.1,4.42,40,.9,0,1.68,27,88,,0	4 muffins~113|1 package~340
2412260	B	9	333,3.03,18.2,40.4,404,11.1,9.09,0,1,0,1.01,10,61,,0	1 pie~99
2524427	B	9	437,2.82,21.1,56.3,352,42.2,7.04,21,1.4,0,1.69,42,183,,.7	3 cupcakes~71|1 package~284
2676606	B	9	393,3.57,16.1,58.9,339,33.9,7.14,0,1.8,0,1.93,143,0,,0	4 holes~56|1 package~397
2546244	B	9	432,3.7,18.5,63,309,49.4,8.64,12,2.5,0,2.84,37,247,,0	.07 cake~81|1 package~1210
2473867	B	9	435,3.53,17.6,67.1,282,54.1,7.06,12,2.4,0,4,24,247,,2.7	.17 cake~85|1 package~510
2546140	B	9	389,4.44,15.6,60,433,40,5.56,39,2.2,0,3.33,33,267,,0	½ cake~90|1 package~179
2482451	B	9	403,3.23,21,51.6,339,35.5,6.45,32,1.6,0,4.03,16,258,,.15	1 cupcake~62|1 package~744
2545678	B	9	500,4.17,29.2,54.2,167,37.5,16.7,104,0,0,4.17,42,167,,0	1 cookie~24|1 package~289
2654841	B	4	475,5,30,50,238,32.5,15,112,2.5,0,5,25,300,,0	2 cookies~40|1 package~357
2487451	B	82	327,3.21,18,41,391,25.6,8.33,22,1.3,0,3.46,26,179,,.375	1 parfait~156
2506728	B	9	386,5.26,17.5,49.1,298,24.6,8.77,0,1.8,0,1.89,70,0,,0	3 doughnuts~57|1 package~227
2668798	B	46	328,6.25,14.1,46.9,281,15.6,6.25,0,1.6,0,3.12,16,156,,3	3 croissants~64|1 package~170
2476534	B	1	439,8.77,17.5,52.6,263,36.8,7.02,0,3.5,0,6.32,35,,4.2	1 serving~57|1 package~113
2544542	B	9	381,3.54,20.4,46,168,30.1,8.85,27,0,0,1.06,44,142,,0	1 slice~113|1 package~680
2538269	B	4	462,3.85,19.2,65.4,365,30.8,11.5,19,3.8,0,2.69,0,192,,0	1 cookie~26|1 package~312
2181650	B	9	453,2.67,20,65.3,333,53.3,8,13,1.3,0,1.87,27,187	.06 cake~75|1 package~1360
2329510	B	0	714,10.7,71.4,14.3,0,3.57,7.14,0,10.7,0,3.93,107,429,,0	1 serving~28|1 package~510
2585964	B	15	133,3.33,11.7,10,467,0,1.67,0,6.7,0,0,0,233,,0	1 serving~30|1 package~227
2543500	B	9	517,5,33.3,48.3,417,25,16.7,17,0,0,1.83,50,117,,0	5 churro~60|1 package~340
2369721	B	9	400,4.44,20,51.1,356,31.1,4.44,67,0,0,2.22,89,136,,0	1 slice~45|1 package~454
2486822	B	9	368,4.41,11.8,61.8,353,38.2,3.68,22,1.5,0,2.06,29,44,,.15	1 cake~68
2581542	B	9	431,5.56,20.8,54.2,250,33.3,6.94,56,0,0,1.39,42,83,,0	3 pieces~72|1 package~383
2448692	B	46	431,5.56,20.8,54.2,250,33.3,6.94,56,0,0,1.39,42,97,,0	3 pieces~72|1 package~283
2591364	B	9	360,6,16,48,440,22,6,30,0,0,1.8,20,80,,3	.12 cake [~50|1 package~397
2546139	B	9	421,3.51,12.3,75.4,237,43.9,6.14,9,1.8,0,.88,88,70,,0	.07 cake~57|1 package~794
2630715	B	9	421,3.51,21,56.1,228,36.8,4.39,35,0,0,1.58,105,0,,0	.12 cake~57|1 package~454
2328260	B	6	412,3.53,21.2,51.8,306,28.2,4.12,47,1.2,0,2.12,0,82,,0	¼ cake~85|1 package~340
2472291	B	9	421,3.51,19.3,59.6,474,29.8,10.5,26,1.8,0,1.75,35,140,,.175	4 donuts~57|1 package~114
2654840	B	0	393,0,8.93,67.9,125,60.7,8.93,0,0,0,0,36,36,,0	2/3 cup~28|1 package~340
2485580	B	9	361,4.92,16.4,50.8,328,24.6,4.1,0,1.6,0,2.46,49,66,,2.77	2 rolls~61|1 package~454
2460194	B	46	344,3.12,14.1,53.1,297,25,4.69,0,3.1,0,2.19,31,62,,2.5	1 serving~32|1 package~380
2460113	B	9	400,2.5,15,62.5,325,48.8,6.25,12,1.2,0,2.12,25,,,.125	.08 cake~80|1 package~963
2328648	B	9	265,2.21,14.7,29.4,162,15.4,10.3,0,0,0,.79,15,0,,0	.2 pie~136|1 package~680
2460112	B	9	321,2.47,13.6,46.9,346,34.6,8.64,12,1.2,0,1.11,25,74,,.125	.11 cake~81|1 package~737
2463517	B	9	373,2.67,20,46.7,480,32,6.67,33,0,0,1.33,27,80,,1.32	1 slice~75|1 package~450
2192758	B	9	224,3.53,8.24,34.1,165,22.4,5.88,65,0,0,.85,71,82,,0	½ cake~85|1 package~170
2630709	B	9	434,2.41,19.3,62.6,289,50.6,8.43,24,0,0,1.2,24,36,,0	.08 cake~83|1 package~992
2546357	B	9	471,2.3,21.8,64.4,276,51.7,6.9,29,0,0,.69,34,92,,0	.08 cake~87|1 package~1050
2655557	B	9	434,2.41,19.3,62.6,313,50.6,7.23,24,0,0,1.2,24,42,,0	.08 cake~83|1 package~992
2283569	B	9	468,2.6,22.1,67.5,286,53.2,7.79,26,0,0,1.3,26,65,,0	.04 cake~77|1 package~1840
2462303	B	9	460,2.3,23,63.2,276,50.6,9.2,23,1.1,0,1.38,34,69,,.125	.08 cake~87|1 package~1050
2651967	B	9	423,1.41,18.3,62,338,46.5,5.63,7,0,0,.7,0,0,,0	3 cupcakes~71|1 package~283
2485608	B	9	397,2.56,16.7,59,295,46.2,6.41,13,0,0,.9,13,38,,.125	.08 cake~78|1 package~935
2195929	B	9	471,3.68,25.7,55.9,272,29.4,10.3,22,1.5,0,1.99,22,88	.2 pie~136|1 package~680
2541346	B	9	415,2.44,19.5,58.5,280,39,6.1,12,2.4,0,2.44,7,0,,0	.11 container~41|1 package~368
2612466	B	17	350,2.86,22.1,37.9,307,25,12.9,14,.7,0,1.93,14,100,,0	1 parfait~140
2306607	B	9	471,2.35,23.5,61.2,259,48.2,8.24,12,0,0,1.18,24,88,,0	.08 cake~85|1 package~1020
2473582	B	9	342,3.95,14.5,50,421,32.9,7.89,20,1.3,0,2.37,26,,0	.1 cake~76|1 package~765
2546912	B	9	476,2.44,23.2,63.4,293,51.2,8.54,24,1.2,0,2.44,37,,,0	.04 cake~82|1 package~1960
2487574	B	9	460,4.42,27.4,51.3,345,21.2,10.6,13,1.8,0,,18,142,,1.85	5 tarts~113|1 package~360
2369730	B	4	500,6.25,25,59.4,375,18.8,14.1,0,3.1,0,3.12,12,91,,0	3 cookies~32|1 package~794
2544584	B	33	292,7.96,16.8,29.2,655,8.85,3.54,35,0,0,1.77,59,111,,0	1 corn dog~113
2544862	B	9	395,2.33,8.14,74.4,279,34.9,4.65,12,0,0,9.3,5,37,,0	½ bar~43|1 package~85
2404122	B	4	433,3.33,13.3,70,300,43.3,6.67,17,0,0,1.67,0,0,,0	2 cookies~30|1 package~266
2546762	B	4	421,2.63,15.8,65.8,316,39.5,6.58,26,0,0,1.58,0,0,,0	1 cookie~38|1 package~383
2487453	B	33	116,9.97,4.5,9,0,1.93,1.93,29,1,0,.32,58,215,,.1	1 serving~311
2306675	B	0	471,8.82,26.5,55.9,206,41.2,2.94,0,5.9,0,2.12,0,,,0	¼ cup~34|1 package~298
2215778	B	9	366,2.82,11.3,64.8,211,39.4,3.52,35,2.8,0,4.23,20,232,,0	1 brownie~71|1 package~284
2541994	B	9	386,3.51,10.5,71.9,263,40.4,5.26,9,0,0,.88,88,70,,0	.06 cake~57|1 package~1020
2366001	B	9	386,3.51,10.5,71.9,263,40.4,5.26,9,0,0,.88,88,70,,0	.07 cake~57|1 package~794
2487044	B	63	187,7.32,10.6,16,0,2.71,4.88,22,.8,.27,.54,157,98,,.55	1 tray~369
2282401	B	7	164,2.14,10.7,15.7,521,2.86,1.79,4,1.4,0,.77,29,200,,0	½ cup~140|1 package~425
2544688	B	46	333,8.33,14.6,45.8,333,4.17,6.25,0,0,0,4.17,79,83,,0	1 croissant~24|1 package~283
2182090	B	9	435,3.53,21.2,60,212,49.4,7.06,12,2.4,0,3.06,24,,,0	.08 cake~85|1 package~1020
2524538	B	7	164,3.57,9.29,17.9,471,5,1.79,75,1.4,0,1.03,14,200,,.15	½ cup~140|1 package~908
2485477	B	4	433,3.33,23.3,50,100,40,20,0,0,0,1.2,0,0,,0	2 cookies~30|1 package~232
2165195	B	0	467,6.67,20,70,417,40,13.3,0,3.3,0,3.33,67,167,,0	6 pieces~30|1 package~510
2668723	B	0	467,6.67,20,70,433,43.3,16.7,0,3.3,0,2,67,133,,0	7 pieces~30|1 package~198
2541557	B	1	400,0,1.67,86.7,133,70,0,0,0,0,0,0,33,,0	4 pieces~30|1 package~411
2481940	B	4	425,5,17.5,60,375,40,7.5,25,2.5,0,3,25,325,,5.5	1 cookie~40|1 package~397
2476415	B	0	400,0,11.7,66.7,67,63.3,8.33,0,0,0,0,67,,0	½ cup~30|1 package~453
2476438	B	0	400,3.33,10,66.7,133,60,8.33,0,0,0,1.2,67,,0	½ cup~30|1 package~170
2160812	B	0	467,3.33,16.7,76.7,183,63.3,11.7,0,3.3,0,0,67,167,,0	½ cup~30|1 package~396
2525185	B	0	467,3.33,15,76.7,167,63.3,11.7,0,3.3,0,0,0,0,,0	½ cup~30|1 package~340
2506712	B	0	467,3.33,13.3,76.7,283,53.3,11.7,0,0,0,4.33,100,167,,.675	½ cup~30|1 package~340
2306681	B	0	607,21.4,53.6,21.4,0,3.57,3.57,0,10.7,0,3.86,214,500,,0	1 serving~28|1 package~283
2271104	B	4	467,6.67,20,70,100,33.3,10,20,0,0,0,0,117,,0	½ cookie /~30|1 package~454
2504554	B	33	163,8.01,8.97,18,0,1.6,2.24,21,1.6,0,1.47,90,160,,0	1 serving~312
2581550	B	6	245,8.16,3.06,46.9,347,2.04,0,0,2,0,2.86,61,82,,0	1 slice~49|1 package~680
2461144	B	77	131,23.8,2.98,3.57,679,1.19,0,60,1.2,0,1.19,21,379,,0	1 serving~84|1 package~454
2546316	B	12	438,3.12,10.9,78.1,344,50,7.81,0,0,0,3.12,62,188,,0	½ cup~32|1 package~510
2166842	B	16	171,7.4,5.61,20.9,321,5.1,2.81,34,3.1,0,1.02,94,286,,0	1 package~392
2540973	B	33	171,7.06,6.47,21.2,0,5,3.24,35,2.9,0,.88,88,224,,0	1 tray~340
1990993	B	33	117,6.14,4.97,10.5,249,3.22,2.63,15,1.2,0,.88,140,211,,0	1 package~342
1998378	B	6	250,7.14,2.68,46.4,607,1.79,0,0,0,0,3.57,89,0,,0	1 serving~56|1 package~340
2506678	B	4	433,3.33,15,70,467,46.7,6.67,17,0,0,2,0,0,,0	2 cookies~30|1 package~266
2653213	B	9	479,4.17,27.1,56.2,417,31.2,16.7,21,2.1,0,1.88,21,167,,0	3 donuts~48|1 package~120
2546403	B	0	467,6.67,20,70,467,46.7,16.7,0,0,0,3.33,100,167,,0	5 pretzels~30|1 package~198
2543571	B	0	467,6.67,20,70,367,43.3,15,0,3.3,0,3.33,67,200,,0	6 pretzels~30|1 package~198
2642646	B	4	389,2.78,16.7,61.1,264,36.1,6.94,14,0,0,2.5,28,28,,0	1 piece~36|1 package~436
2656964	B	4	421,2.63,15.8,68.4,276,42.1,6.58,13,0,0,1.58,0,0,,0	1 cookie~38|1 package~383
2279176	B	4	421,2.63,15.8,68.4,276,42.1,6.58,13,0,0,1.58,0,0,,0	1 cookie~38|1 package~383
2545423	B	9	341,4.55,7.95,65.9,250,40.9,2.27,11,2.3,0,1.59,0,,,0	.06 cake~44|1 package~793
2449219	B	9	341,4.55,7.95,68.2,250,43.2,2.27,11,2.3,0,1.82,0,250,,0	1 serving~44|1 package~793
2525285	B	80	100,0,4.5,15,65,12,0,0,2,0,.36,20,70,,0	2/3 cup~100|1 package~390
2543263	B	9	367,4.08,10.2,65.3,276,40.8,3.06,20,2,0,1.84,0,245,,0	2 slices cake~49|1 package~369
2340044	B	20	57,.71,0,13.6,0,11.4,0,0,1.4,0,.29,14,157,,0	1 cup~140|1 package~1360
2591370	B	9	408,1.41,16.9,62,338,46.5,7.04,7,0,0,.7,0,0,,0	3 cupcakes~71|1 package~284
2476535	B	9	400,3.33,8.33,76.7,400,40,3.33,17,0,0,6,0,,4	1 serving~30|1 package~179
2462328	B	9	469,3.12,21.9,65.6,234,53.1,7.81,62,3.1,0,3.44,31,281,,.3	1 serving~32|1 package~3440
2505303	B	9	455,3.03,18.2,63.6,227,51.5,7.58,61,3,0,3.27,0,0,,0	.06 brownie~33|1 package~595
2506715	B	12	500,3.12,21.9,71.9,250,53.1,18.8,0,0,0,1.25,62,,,0	½ cup~32|1 package~340
2462087	B	77	286,25,20.2,2.38,1100,0,5.95,101,0,0,1.19,12,345,,.25	1 serving~84|1 package~1250
2469922	B	6	325,7.5,15,40,550,2.5,2.5,0,2.5,0,3.25,50,125,,1.5	1 slice~40|1 package~638
2276331	B	33	163,7.05,4.07,24.4,1,11.6,.54,14,.3,0,.54,8,122,,0	1 tray~369
2486837	B	9	398,3.61,18.1,57.8,337,41,7.23,30,2.4,0,2.65,36,253,,.25	.08 cake~83|1 package~992
2296439	B	15	167,3.33,11.7,10,433,3.33,1.67,0,6.7,0,0,67,233,,0	2 tbsp~30|1 package~227
2656940	B	33	154,7.05,3.52,23,657,9.76,.41,14,.3,0,.54,11,138,,0	1 tray~369
2469874	B	4	441,2.94,14.7,67.6,250,29.4,4.41,15,2.9,0,2.94,29,147,,2.65	3 cookies~34|1 package~284
2676181	B	9	386,5.26,21,43.9,491,19.3,8.77,0,1.8,0,1.89,175,0,,0	1 donut~57|1 package~680
2592455	B	46	462,5.77,23.1,59.6,500,26.9,9.62,10,0,0,.96,96,77,,0	2 donuts~52|1 package~283
2545995	B	9	372,4.65,16.3,53.5,372,25.6,6.98,12,0,0,1.86,140,0,,0	1 donut~43|1 package~298
2314148	B	17	112,6.64,1.66,18.7,31,12.4,0,4,1.2,0,.45,41,87,,0	1 parfait~241
2506680	B	77	118,20,3.53,1.18,541,0,.59,76,0,0,1.18,12,282,,0	1 serving~85|1 package~454
2544764	B	12	375,3.12,7.81,71.9,266,46.9,6.25,0,0,0,0,31,94,,0	½ cup~32|1 package~425
2553139	B	6	263,7.89,3.95,50,421,13.2,1.32,0,2.6,0,2.63,53,105,,0,0,0,,,,,,126	1 roll~38|1 package~454
2543421	B	6	265,10.2,5.1,46.9,469,6.12,2.04,10,2,0,2.04,245,122,,0	1 slice~49|1 package~680
2468973	B	33	162,7.94,7.06,17.9,318,5,3.53,25,.9,0,.53,74,,2.6	1 package~340
2544612	B	4	474,5.26,23.7,52.6,26,21,10.5,53,0,0,2.11,0,,,0	1 cookie~19|1 package~680
2460222	B	33	173,6.73,8.65,16.7,0,7.37,2.56,22,.6,0,.99,29,112,,.025	1 serving~312
2475383	B	12	467,3.33,16.7,70,117,56.7,15,0,0,0,3.6,67,,4	2/3 cup~30|1 package~311
2506700	B	80	170,1,12,15,340,13,2,10,2,0,.4,30,140,,0	½ cup~100|1 package~425
2337905	B	15	36,0,0,3.57,321,3.57,0,0,0,0,0,0,0,,0	2 tbsp~28|1 package~283
2546635	B	15	33,0,0,6.67,467,6.67,0,0,0,0,.67,33,233,,0	2 tbsp~30|1 package~680
2544989	B	9	460,2,26,56,180,38,7,0,2,0,2.6,14,180,,0	2 brownies~50|1 package~500
2476297	B	9	441,2.94,19.6,63.7,314,51,7.84,15,1,0,1.76,20,,0	.07 cake~102|1 package~1530
2464729	B	4	456,2.22,24.4,54.4,189,35.6,5.56,6,1.1,0,1.44,22,89,,.1	4 pieces~90|1 package~360
2476293	B	9	404,3.03,17.2,60.6,343,47.5,7.07,15,.3,0,1.09,20,,0	.03 cake~99|1 package~2970
2476295	B	9	441,1.96,18.6,64.7,314,52,7.84,15,.2,0,1.06,20,,0	.07 cake~102|1 package~1530
2476298	B	9	448,2.3,19.5,65.5,276,54,8.05,11,0,0,.83,0,,0	.1 cake~87|1 package~878
2470952	B	77	121,10,2.82,14.9,318,1.79,.77,19,.8,0,1.15,103,,3.8	1 package~390
2475960	B	6	228,7.02,7.02,35.1,281,0,1.75,9,1.8,0,2.11,53,105,,1.75	.2 loaf~57|1 package~283
2473367	B	6	368,3.51,17.5,47.4,219,22.8,5.26,44,1.8,.88,1.26,70,0,,0	1 cornbread~57|1 package~456
2546349	B	40	467,10,20,63.3,367,43.3,15,0,3.3,0,3.33,100,267,,0	1/3 cup~30|1 package~396
2274535	B	9	250,2.94,9.56,38.2,184,24.3,4.41,22,1.5,0,0,22,22,,0	.2 of~136|1 package~680
2581581	B	9	403,4.17,20.8,50,236,30.6,6.94,56,0,0,1.39,28,69,,0	3 pieces~72|1 package~383
2544980	B	9	400,4.44,20,48.9,378,26.7,4.44,67,0,0,2.22,80,93,,0	1 slice~45|1 package~680
2273130	B	9	418,3.8,22.8,50.6,304,27.8,3.8,44,0,0,2.28,25,0,,0	2 slices~79|1 package~397
2592480	B	4	423,3.85,17.3,69.2,231,50,5.77,38,0,0,0,0,96,,0	1 cookie~26|1 package~255
2486823	B	9	368,4.41,11.8,61.8,338,38.2,3.68,22,0,0,2.06,29,,,.15	1 cake~68
2541961	B	9	333,4,14.7,45.3,467,30.7,5.33,40,0,0,1.33,53,107,,0	1 slice~75|1 package~450
2524289	B	4	425,2.5,20,60,250,30,10,38,0,0,0,50,0,,0	1 cookie~40|1 package~396
2542958	B	46	366,4.88,14.6,53.7,244,34.2,6.1,61,0,0,1.46,24,98,,0	1 bar~41|1 package~615
2546524	B	9	404,3.51,10.5,73.7,263,42.1,5.26,9,0,0,.7,53,53,,0	.07 cake~57|1 package~794
2479169	B	4	475,5,25,52.5,200,32.5,12.5,112,0,0,1.5,25,50,,.75	2 cookies~40|1 package~238
2545813	B	9	404,5.26,17.5,54.4,474,22.8,8.77,35,3.5,0,1.75,53,140,,0	3 donuts~57|1 package~397
2472292	B	9	421,3.51,19.3,59.6,474,31.6,8.77,26,1.8,0,1.75,35,140,,.175	4 donuts~57|1 package~114
2267462	B	4	475,5,27.5,52.5,200,32.5,12.5,112,0,0,2.5,25,75,,0	2 cookies~40|1 package~397
2544791	B	9	250,2.94,9.56,38.2,184,24.3,4.41,22,1.5,0,0,22,22,,0	.2 of~136|1 package~680
2462088	B	33	286,25,20.2,1.19,714,1.19,5.95,101,0,0,,24,333,,.25	1 serving~84|1 package~822
2550194	B	77	298,22.6,22.6,1.19,476,0,7.14,101,0,0,.71,0,393,,0	1 serving~84|1 package~1020
2651742	B	9	313,3.03,16.2,37.4,364,11.1,8.08,10,1,0,.3,10,20,,0	1 pie~99
2544488	B	46	343,5.05,15.2,45.4,283,26.3,3.03,51,1,0,2.02,28,71,,0	1 muffin~99|1 package~396
2373697	B	9	372,4.65,18.6,46.5,442,25.6,4.65,58,0,0,1.63,47,70,,0	1 slice~43|1 package~344
2485616	B	7	221,4.29,15.7,14.3,621,1.43,5,29,1.4,0,.51,71,200,,0	½ cup~140|1 package~908
2480944	B	9	382,4.41,13.2,61.8,338,38.2,5.15,15,1.5,0,2.06,29,66,,.15	1 cake~68
2473258	B	80	187,4,10.7,17.3,460,4.67,3,17,1.3,0,1.2,40,140,,0	¾ cup~150|1 package~454
2540713	B	9	475,5,25,55,162,35,10,62,2.5,0,2.5,25,200,,0	2 cookies~40|1 package~476
2544438	B	4	475,5,25,52.5,200,32.5,12.5,112,0,0,2.5,25,75,,0	2 cookies~40|1 package~397
2367742	B	6	250,10,2.5,52.5,650,0,0,0,2.5,0,2.5,25,200,,0	1 slice~40|1 package~567
2476566	B	9	400,3.33,8.33,76.7,300,36.7,5,17,0,0,9,0,,8	1 serving~30|1 package~179
2546375	B	9	381,4.76,7.14,71.4,262,28.6,4.76,24,0,0,9.52,0,48,,0	1 bar~21|1 package~510
2665520	B	87	259,11.8,13.7,23.5,482,3.14,6.27,24,1.6,.2,1.84,141,169,,0	1 sub~255
2487180	B	33	189,6.41,8.33,21.8,538,12.5,3.21,19,0,0,.64,45,272,,0	1 tray~312
2544400	B	33	115,4.41,7.35,14.4,356,6.47,3.53,22,.3,.15,.59,29,132,,0	1 tray~340
2541555	B	80	243,4.29,17.1,17.1,507,3.57,3.21,4,1.4,0,1.29,21,229,,0	¾ cup~140|1 package~397
2660388	B	15	36,0,0,7.14,482,3.57,0,0,0,0,1.07,75,246,,0	2 tbsp~28|1 package~680
2524810	B	68	180,4,12,16,560,3,2.5,10,2,0,1.08,20,140,,0	½ cup~100|1 package~397
2585953	B	15	150,3.33,13.3,10,383,0,1.67,0,6.7,0,0,0,233,,0	1 serving~30|1 package~425
2585959	B	15	158,1.75,14,10.5,386,1.75,1.75,0,7,0,.7,18,474,,0	1 mini cup~57|1 package~340
2337904	B	15	36,0,0,7.14,321,3.57,0,0,0,0,0,0,250,,0	2 tbsp~28|1 package~284
2660389	B	15	36,0,0,7.14,482,3.57,0,0,0,0,1.07,75,239,,0	2 tbsp~28|1 package~680
2536017	B	46	375,6.25,18.8,43.8,354,6.25,6.25,0,2.1,0,2.5,0,62,,0	2 croissants~48|1 package~284
2541273	B	9	273,5.45,10.9,43.6,218,25.4,2.73,82,0,0,1.82,164,127,,0	1 eclair~55|1 package~276
2339707	B	20	57,0,0,14.3,0,10.7,0,0,2.1,0,.21,43,107,,0	1½ cup~140|1 package~907
2283585	B	9	285,2.31,13.8,39.2,338,14.6,6.15,0,1.5,0,.38,15,46,,0	.2 pie~130|1 package~652
2476238	B	0	467,6.67,20,70,367,43.3,15,0,0,0,2.4,67,,0	6 pretzels~30|1 package~198
2676230	B	5	467,6.67,20,70,600,43.3,13.3,0,3.3,0,2.33,67,133,,0	9 pieces~30|1 package~198
2542216	B	0	571,17.9,50,21.4,0,3.57,5.36,0,7.1,0,5.14,143,500,,0	24 pieces~28|1 package~283
2460244	B	0	500,6.67,20,70,383,43.3,20,0,0,0,3.6,0,0,,0	6 pretzels~30|1 package~510
2544715	B	12	438,3.12,14.1,75,250,53.1,7.81,0,3.1,0,0,31,94,,0	½ cup~32|1 package~425
2677618	B	12	433,6.67,11.7,73.3,633,26.7,10,0,3.3,0,6.33,100,200,,1	½ cup~30|1 package~340
2545579	B	7	143,2.14,7.14,17.9,629,2.86,1.07,7,2.1,0,.93,7,264,,0	½ cup~140|1 package~1810
2506704	B	9	376,4.71,21.2,38.8,200,22.4,9.41,35,2.4,0,1.18,59,176,,0	1 slice~85|1 package~170
2538272	B	9	351,4.26,20.2,38.3,213,21.3,8.51,21,0,0,1.06,53,85,,0	1 slice~94|1 package~1130
2546079	B	9	439,3.51,21,59.6,246,35.1,6.14,35,0,0,1.75,19,42,,0	.12 cake~57|1 package~454
2544955	B	9	435,3.53,22.4,55.3,259,31.8,5.88,35,1.2,0,2,0,,,0	.17 piece~85|1 package~510
2546020	B	9	368,5.26,21,38.2,224,21,9.21,39,1.3,0,1.32,43,122,,0	1 slice~76|1 package~454
2542053	B	4	474,5.26,18.4,63.2,395,31.6,7.89,0,5.3,0,2.11,53,158,,0	1 cookie~19|1 package~1020
2484650	B	4	400,5,15,60,400,30,5,12,2.5,0,1.25,25,200,,5.25	1 cookie~40|1 package~397
2339897	B	4	350,5,15,60,450,5,7.5,25,0,0,0,100,125,,0	1 cookie~40|1 package~396
2545160	B	9	383,3.33,18.3,51.7,400,30,8.33,17,0,0,1.83,100,150,,0	5 holes~60|1 package~397
2544430	B	9	447,2.63,22.4,60.5,368,47.4,6.58,13,0,0,.79,26,79,,0	.08 cake~76|1 package~907
2275908	B	33	157,6.78,3.52,24.9,657,11.9,.41,14,0,0,.27,5,108,,0	1 tray~369
2542158	B	9	378,4.44,17.8,46.7,333,24.4,3.33,78,0,0,2.22,69,142,,0	1 slice~45|1 package~454
2339798	B	22	325,2.5,0,80,12,65,0,0,2.5,0,1.8,50,525,,0	¼ cup~40|1 package~283
2546560	B	87	286,12.5,12,31.8,693,5.73,2.08,26,1,0,1.72,16,188,,0	1 sandwich~192
2273905	B	80	160,1,11,15,170,13,1.5,10,2,0,0,20,70,,0	½ cup~100|1 package~425
2216077	B	7	230,10,19,5,630,2,4,325,0,0,1.08,40,70,,1	1/3 cup~100|1 package~340
2278739	B	77	310,16.7,20.2,13.1,1000,0,4.76,60,0,0,.83,12,131,,0	1 serving~84|1 package~680
2283175	B	80	207,3.33,11.3,20,487,5.33,2,10,1.3,0,1.2,0,93,,0	¾ cup~150|1 package~908
2485633	B	7	143,2.14,6.43,20,364,5,1.07,4,2.1,0,1.03,0,200,,0	½ cup~140|1 package~908
2543973	B	4	536,7.14,28.6,60.7,393,21.4,17.9,71,0,0,3.57,18,71,,0	2 cookies~28|1 package~363
2538268	B	33	125,6.41,5.45,12.5,240,1.92,2.88,34,.6,0,.25,18,159,,0	1 tray~312
2487590	B	33	179,9.29,7.86,17.9,314,1.43,4.29,32,1.4,0,1.03,71,100,,1.07	1 cup~140|1 package~347
1953799	B	9	230,1.77,9.73,34.5,168,18.6,5.31,4,0,0,.27,9,0,,0	.17 pie~113|1 package~680
2541211	B	9	408,4.23,19.7,52.1,141,23.9,9.86,0,1.4,0,1.27,0,56,,0	1 turnover~71|1 package~283
2545010	B	9	333,3.51,17.5,42.1,272,17.5,6.14,0,.9,0,1.75,9,79,,0	1 pie~114
2545731	B	4	474,5.26,21,63.2,421,31.6,7.89,0,0,0,1.58,0,53,,0	1 cookie~19|1 package~1020
2367770	B	4	394,6.06,15.2,57.6,106,33.3,4.55,0,3,0,3.27,0,0,,1.82	1 cookie~33|1 package~396
2486125	B	4	406,9.38,18.8,56.2,141,34.4,3.12,0,3.1,0,1.12,0,0,,.625	2 cookies~32|1 package~383
2476439	B	12	400,3.33,11.7,66.7,333,46.7,8.33,0,0,0,2.4,67,,0	½ cup~30|1 package~170
2542795	B	9	424,4.35,21.7,54.4,283,25,8.7,43,1.1,0,0,0,0,,0	1 pie~92
2485584	B	9	409,3.48,20.9,52.2,130,22.6,6.96,35,.9,0,1.65,17,70,,.95	4 tarts~115|1 package~460
2475381	B	0	400,3.33,13.3,66.7,67,56.7,10,0,0,0,1.2,67,,0	½ cup~30|1 package~425
2417867	B	1	333,0,0,78.8,106,63.6,0,0,0,0,0,0,,,0	3 pieces~33|1 package~340
2665519	B	87	242,12.3,11.4,25.1,709,3.08,5.73,31,.9,0,1.98,128,84,,0	1 sub~227
2464932	B	9	447,4.71,24.7,55.3,159,37.6,10.6,76,2.4,0,1.29,35,94,,.35	3 pieces~85|1 package~283
2545944	B	9	184,1.6,12.8,32.8,176,14.4,6.4,0,.8,0,1.6,8,56,,0	.2 pie~125|1 package~624
2276267	B	9	468,4.26,27.7,48.9,638,14.9,10.6,11,2.1,0,2.3,0,0,,0	1 serving~47|1 package~282
2543763	B	36	282,10.6,10.6,35.3,812,2.35,1.76,76,1.2,0,1.65,47,94,,0	1 serving~85|1 package~170
2524180	B	6	263,7.89,3.95,50,421,5.26,0,0,2.6,0,2.63,79,105,,0,0,0,,,,,,134	1 roll~38|1 package~454
2310811	B	7	179,2.14,8.57,21.4,279,7.14,1.43,18,2.1,0,.93,7,257,,0	½ cup~140|1 package~1360
2541419	B	9	340,2.13,10.6,55.3,298,38.3,6.38,21,0,0,1.49,43,0,,0	1 cake~47|1 package~283
2542593	B	9	397,5.17,20.7,51.7,448,24.1,8.62,34,1.7,0,2.24,52,0,,0	4 donut holes~58|1 package~397
2651881	B	9	421,3.51,19.3,59.6,474,31.6,8.77,26,1.8,0,1.75,35,140,,0	4 donuts~57|1 package~114
2544603	B	9	439,5.26,14,73.7,246,42.1,5.26,9,1.8,0,.7,70,70,,0	.07 cake~57|1 package~794
2476236	B	12	433,6.67,16.7,63.3,367,40,6.67,0,3.3,0,2.4,67,,0	½ cup~30|1 package~425
2340500	B	33	190,8.06,5.86,25.3,501,2.93,2.93,48,1.8,0,.66,73,103,,0	1 container~273
2603628	B	6	250,9.09,4.55,45.4,500,2.27,0,0,4.5,0,2.95,68,136,,0	1 slice~44|1 package~482
2540989	B	46	381,3.54,18.6,50.4,292,27.4,3.54,35,.9,0,1.77,53,150,,0	4 muffins~113|1 package~340
2475065	B	9	370,4.72,18.9,44.9,197,24.4,7.09,43,1.6,0,1.81,39,126,,.4	4 tarts~127|1 package~510
2469133	B	9	433,2.22,22.2,55.6,189,37.8,5.56,6,1.1,0,1.44,22,67,,.1	4 pieces~90|1 package~360
2162324	B	9	353,4.41,11.8,58.8,324,36.8,3.68,22,1.5,0,2.06,29,44	1 cake~68
2581573	B	9	431,5.56,23.6,50,250,29.2,8.33,62,0,0,1.39,42,83,,0	3 pieces~72|1 package~383
2277136	B	9	405,3.57,16.7,58.3,333,39.3,5.95,42,1.2,0,0,36,71,,0	.17 cake~84|1 package~510
2166843	B	9	265,1.47,14,34.6,176,19.1,8.09,7,.7,0,1.47,15,51,,0	.2 of~136|1 package~680
2273563	B	9	392,3.8,20.2,50.6,253,29.1,4.43,38,1.3,0,2.28,25,89,,0	.2 cake~79|1 package~397
2543152	B	9	329,3.53,8.24,60,318,44.7,1.76,47,0,0,1.18,59,153,,0	1 package~85
2216128	B	9	386,5.26,19.3,54.4,474,22.8,7.89,35,3.5,0,2.53,0,0,,0	1 serving~57|1 package~397
2543912	B	9	265,3.54,10.6,40.7,221,20.4,5.31,27,0,0,.44,62,80,,0	.17 pie~113|1 package~680
2486838	B	4	571,2.86,34.3,65.7,429,40,14.3,14,0,0,3.09,0,0,,0	1 cookie~35|1 package~566
2540697	B	4	400,2.5,15,62.5,225,30,7.5,25,0,0,0,0,0,,0	1 cookie~40|1 package~396
2545523	B	9	378,4.44,17.8,46.7,378,26.7,4.44,78,0,0,2.22,89,156,,0	1 slice~45|1 package~454
2642645	B	4	450,5,25,52.5,200,32.5,12.5,112,0,0,1.75,25,75,,1	2 cookies~40|1 package~238
2215511	B	4	528,5.56,27.8,61.1,389,25,13.9,0,2.8,0,2.22,0,0,,0	2 cookies~36|1 package~270
2544976	B	9	342,3.95,21,36.8,197,19.7,9.21,46,1.3,0,1.32,39,105,,0	1 slice~76|1 package~454
2377494	B	0	467,6.67,20,70,433,40,,0,0,0,2.4,0,0,,0	7 pieces~30|1 package~396
2471052	B	9	405,3.57,17.9,57.1,357,40.5,5.95,36,0,0,1.31,36,83,,.25	½ of cake~84|1 package~168
2473622	B	9	424,3.53,17.6,62.4,388,47.1,5.88,18,0,0,1.29,24,47,,.125	½ cake~85|1 package~170
2299126	B	12	433,6.67,13.3,76.7,367,43.3,11.7,0,0,0,6.67,100,150,,0	1/3 cup~30|1 package~340
2484427	B	4	452,3.23,25.8,51.6,258,32.3,8.06,81,0,0,1.61,32,129,,.325	1 cookie~31|1 package~224
2471047	B	9	448,2.3,20.7,64.4,299,50.6,8.05,29,0,0,1.26,23,69,,.225	.08 of cake~87|1 package~1050
2546632	B	4	351,3.51,14,56.1,167,33.3,6.14,18,0,0,1.75,16,133,,0	1 cookie~57|1 package~340
2542800	B	4	500,4.17,25,54.2,188,37.5,16.7,104,0,0,0,42,83,,0	1 cookie~24|1 package~289
2460769	B	4	381,4.76,9.52,66.7,333,42.9,4.76,24,0,0,.48,0,95,,5.72	1 cookie~21|1 package~319
2543837	B	0	643,14.3,67.9,10.7,0,3.57,16.1,0,7.1,0,2.57,143,500,,0	¼ cup~28|1 package~227
2325880	B	0	643,14.3,64.3,14.3,0,3.57,5.36,0,7.1,0,2.57,71,250,,0	1 serving~28|1 package~213
2340626	B	111	160,5.15,7.05,19,369,1.08,.95,5,1.6,.14,1.36,19,228,,0	1 package~369
1988728	B	20	57,0,0,14.3,0,10.7,0,0,2.1,0,.21,43,107,,0	1½ cup~140|1 package~907
2476512	B	9	453,4,22.7,57.3,467,42.7,9.33,27,1.3,0,1.44,27,,0	.17 cake~75|1 package~453
2544916	B	9	440,4.76,21.4,42.9,143,32.1,10.7,18,0,0,1.19,48,83,,0	3 pieces~84|1 package~448
2340514	B	9	437,4.6,21.8,56.3,460,42.5,9.2,29,1.1,0,1.84,34,161	.1 cake~87|1 package~878
2460311	B	9	387,2.67,21.3,49.3,373,37.3,8,27,0,0,1.33,40,80,,1.32	1 slice~75|1 package~450
2173763	B	9	418,3.8,17.7,60.8,380,44.3,6.33,38,1.3,0,1.52,38,139	.06 cake~79|1 package~1420
2665522	B	87	251,12.3,12.3,25.6,740,3.08,6.61,31,.9,0,1.89,172,84,,0	1 sub~227
2603658	B	0	607,21.4,53.6,17.9,393,3.57,3.57,0,10.7,0,3.86,214,500,,0	28 pieces~28|1 package~283
2542752	B	0	571,28.6,50,14.3,411,0,8.93,0,7.1,0,6.43,0,500,,0	1 serving~28|1 package~312
2543551	B	0	571,17.9,46.4,28.6,339,3.57,8.93,0,3.6,0,6.43,0,500,,0	1 serving~28|1 package~283
2270813	B	80	210,13,13,10,450,6,2,45,0,0,.72,0,,0	½ cup~100|1 package~340
2460235	B	9	423,2.82,22.5,54.9,282,43.7,7.04,28,1.4,0,1.69,14,113,,.15	3 cupcakes~71|1 package~284
2168305	B	9	381,4.42,19.5,43.4,283,25.7,8.85,53,.9,.44,.96,53,62,,.525	2 slices / null~113|1 package~453
2404096	B	12	467,6.67,20,70,317,43.3,13.3,0,3.3,0,3.33,100,200,,0	1/3 cup~30|1 package~340
2546081	B	9	301,2.94,14,41.2,154,21.3,8.09,7,0,0,.74,37,81,,0	.2 pie~136|1 package~680
2473113	B	80	160,5,11,10,870,8,1.5,20,0,0,1.8,0,0,,0	½ cup~100|1 package~340
2603627	B	6	250,9.09,3.41,45.4,500,0,0,0,4.5,0,3.64,91,182,,0	1 slice~44|1 package~482
2367740	B	6	212,9.09,1.52,45.4,455,0,0,0,3,0,2.12,0,303,,0	1 slice~33|1 package~476
2216112	B	7	171,2.14,10.7,17.1,529,2.86,1.79,18,1.4,0,.51,0,250,,0	½ cup~140|1 package~908
2504556	B	33	185,8.82,7.35,21.2,0,13.2,2.94,31,.3,0,.88,57,58,,.3	1 package~340
2581558	B	4	425,5,12.5,70,425,35,6.25,38,0,0,2.5,100,0,,0	1 cookie~40|1 package~397
2612473	B	9	395,2.63,15.8,59.2,342,47.4,5.92,39,0,0,1.32,26,46,,0	.08 cake~76|1 package~907
2476071	B	4	474,5.26,23.7,63.2,368,31.6,10.5,0,1.3,0,2.11,0,53,,0	1 cookie~19|1 package~680
2676608	B	9	375,3.57,17.9,50,429,26.8,8.04,0,1.8,0,1.29,107,0,,0	4 donut holes~56|1 package~397
2603644	B	6	245,8.16,3.06,46.9,469,0,0,0,2,0,2.86,61,82,,0	1 slice~49|1 package~690
2506679	B	33	143,5.79,6.06,15.4,575,.83,1.93,23,.8,0,.28,91,85	1 cup~363|1 package~907
2451825	B	80	240,13,18,7,430,5,3,60,0,0,.72,0,70,,0	½ cup~100|1 package~340
2465208	B	80	150,4,5,23,570,1,0,0,4,0,1.08,20,70,,0	½ cup~100|1 package~397
2479394	B	33	185,7.73,8.67,17.8,0,2.11,3.28,16,2.1,0,1.41,47,218,,.225	1 package~427
2340645	B	33	138,5.59,.74,26.2,62,6.18,.29,0,.9,0,1.18,26,412,,0	1 tray~340
2506721	B	4	405,4.76,11.9,71.4,179,42.9,3.57,12,0,0,1.9,24,48,,3.8	.08 kit~42|1 package~501
2541205	B	87	281,12.5,12,30.2,734,3.12,2.08,26,1,0,1.82,16,188,,0	1 sandwich~192
2585954	B	15	150,3.33,13.3,10,400,3.33,1.67,0,6.7,0,0,0,233,,0	2 tbsp~30|1 package~425
2654839	B	0	467,6.67,16.7,73.3,400,43.3,15,0,0,0,2,67,133,,0	7 pieces~30|1 package~198
2545288	B	9	320,4,16,42,400,16,7,30,0,0,2,0,0,,0	.12 cake~50|1 package~397
2546341	B	9	368,3.51,8.77,68.4,246,40.4,4.39,9,0,0,.7,53,53,,0	.07 cake~57|1 package~794
2412305	B	9	313,3.03,15.2,40.4,424,11.1,8.08,5,1,0,.4,10,30,,0	1 pie~99
2460794	B	6	269,5.13,4.49,52.6,269,28.2,1.92,6,0,0,1.41,0,0,,1.27	1 roll~78|1 package~623
2475958	B	46	366,5.63,15.5,50.7,225,15.5,7.04,0,1.4,0,1.97,0,0,,3.1	1 strudel~71|1 package~283
2270687	B	9	356,3.79,18.2,44.7,333,34.8,10.6,57,.8,.76,.55,30,0,,0	1/3 dessert~132|1 package~396
2417255	B	4	433,3.33,15,70,467,46.7,6.67,17,0,0,2,0,0,,0	2 cookies~30|1 package~297
2546737	B	9	386,3.51,10.5,70.2,246,40.4,4.39,9,0,0,.7,53,53,,0	.07 cake~57|1 package~794
2524726	B	9	421,5.26,19.3,56.1,439,26.3,8.77,35,3.5,0,2.53,0,0,,0	3 donuts~57|1 package~397
2191065	B	17	163,2.96,2.59,32.6,111,19.3,0,0,1.5,0,.67,52,141,,0	1 container~135
2543411	B	9	400,4.44,20,51.1,489,28.9,4.44,56,0,0,2.22,89,89,,0	1 slice~45|1 package~454
2471045	B	9	332,4.62,21.8,28.6,294,20.6,12.6,71,.8,.63,.45,42,59,,.075	1 slice~238
2482448	B	9	269,3.85,11.5,37.2,109,28.2,7.69,90,0,0,.64,38,109,,.25	.07 cake~78|1 package~1090
2550141	B	4	500,3.33,23.3,63.3,417,26.7,11.7,33,0,0,2.67,0,0,,0	1 cookie~30|1 package~540
2340121	B	6	404,5.26,19.3,56.1,351,26.3,2.63,61,1.8,0,1.23,35,140,,0	1 cornbread~57|1 package~454
2545205	B	6	245,9.43,.94,47.2,415,7.55,0,0,3.8,0,1.89,94,151,,0	½ bun~53|1 package~630
2173500	B	22	500,3.33,23.3,70,0,13.3,23.3,0,6.7,0,0,0,233,,0	18 chips~30|1 package~198
2154783	B	9	459,2.7,21.6,63.5,270,50,6.76,27,0,0,.81,27,81,,0	.07 cake~74|1 package~1110
2538267	B	33	125,6.41,5.45,12.5,240,1.92,2.88,34,.6,0,.23,13,112,,0	1 tray~312
2487047	B	9	256,3.49,12.8,31.4,244,19.8,4.65,64,0,0,1.05,93,,,.225	.12 cake~86|1 package~686
2550193	B	77	298,22.6,22.6,0,298,0,7.14,101,0,0,.71,0,643,,0	1 serving~84|1 package~1020
2453307	B	77	119,21.4,2.38,1.19,536,0,0,71,0,0,0,7,394,,0	1 serving~84|1 package~794
2676399	B	77	119,21.4,2.38,1.19,536,0,0,71,0,0,0,7,,,0	1 serving~84|1 package~454
2340230	B	77	226,16.7,16.7,1.19,798,0,5.36,65,0,0,1.29,24,250,,.725	1 serving~84|1 package~454
2449846	B	0	500,7.14,21.4,64.3,339,39.3,,0,3.6,0,1.29,0,0,,0	1/3 cup~28|1 package~396
2581568	B	9	263,3.95,13.2,32.9,66,23.7,7.89,26,0,0,.53,79,99,,0	.08 cake~76|1 package~907
2325730	B	9	215,3.74,7.48,34.6,215,23.4,4.67,65,0,0,.67,75,131,,0	½ cake~107|1 package~215
2192751	B	9	224,4.71,7.06,35.3,176,23.5,4.71,76,0,,.85,71,82,,0	½ cake~85|1 package~170
2481540	B	9	235,3.7,8.64,35.8,167,24.7,6.17,68,0,0,.62,86,142,,.25	.07 cake~81|1 package~1130
2470319	B	9	241,3.8,8.86,36.7,133,26.6,6.33,51,0,0,1.82,51,0,,0	.17 cake~79|1 package~476
2484326	B	9	427,3.66,17.1,67.1,232,53.7,7.32,37,2.4,0,3.05,24,268,,.25	.08 cake~82|1 package~992
2545485	B	9	390,4.88,17.1,58.5,220,39,3.66,0,2.4,0,12.2,0,85,,0	.11 container~41|1 package~368
2543990	B	9	424,3.53,17.6,63.5,306,50.6,7.06,12,2.4,0,2.59,28,306,,0	.17 cake~85|1 package~510
2545849	B	4	421,2.63,15.8,68.4,303,42.1,6.58,13,0,0,1.58,0,0,,0	1 cookie~38|1 package~383
2612465	B	17	321,2.86,20,32.9,343,22.9,15,25,0,0,1.03,0,0,,1	1 parfait~140
2546671	B	0	607,21.4,50,21.4,0,3.57,7.14,0,10.7,0,3.86,0,250,,0	1 serving~28|1 package~312
2306673	B	0	571,17.9,46.4,28.6,0,3.57,8.93,0,3.6,0,6.43,0,500,,0	1 serving~28|1 package~283
2474930	B	139	433,10,11.7,70,1200,6.67,0,0,0,0,5,33,133,,.675	¾ cup~30|1 package~454
2591373	B	9	423,2.82,19.7,59.2,352,43.7,7.04,14,1.4,0,1.27,0,0,,0	3 cupcakes~71|1 package~283
2543632	B	9	423,2.82,19.7,59.2,366,43.7,6.34,14,1.4,0,1.27,42,0,,0	3 cupcakes~71|1 package~567
2180447	B	9	400,4.44,20,53.3,378,28.9,4.44,67,0,0,2.44,67,178	1 slice~45|1 package~454
2676447	B	9	408,1.41,16.9,62,352,45.1,6.34,7,0,0,.85,0,0,,0	3 cupcakes~71|1 package~284
2544031	B	129	250,4.17,0,58.3,375,33.3,0,42,0,0,0,21,25,,0	1 shell~24|1 package~142
2473581	B	9	447,2.35,20,65.9,282,52.9,7.06,12,.3,0,1.06,24,35,,0	.17 cake~85|1 package~510
2275677	B	9	444,2.47,21,60.5,284,48.2,7.41,31,0,0,.86,37,99,,0	.07 cake~81|1 package~1220
2470724	B	9	452,1.61,25.8,51.6,258,41.9,9.68,32,0,0,.81,16,65,,.15	1 cupcake~62|1 package~738
2542664	B	9	394,1.41,16.9,60.6,338,46.5,6.34,14,0,0,.7,0,0,,0	3 cupcakes~71|1 package~283
2482520	B	4	393,4.92,18,54.1,262,24.6,8.2,33,1.6,0,2.13,82,66,,.175	3 biscuits~61|1 package~284
2477000	B	9	451,4.42,26.6,48.7,239,37.2,11.5,44,1.8,0,1.77,62,124,,.275	1 serving~113
2546334	B	9	400,4.44,20,48.9,400,26.7,4.44,78,0,0,2.22,67,89,,0	1 slice~45|1 package~454
2279639	B	9	362,5.32,21.3,40.4,,23.4,9.57,43,2.1,0,1.06,44,150,,0	1 slice~94|1 package~1130
2339991	B	20	100,1.82,7.27,6.36,191,3.64,.91,5,1.8,0,.73,45,,,0	1 serving~110|1 package~567
2339796	B	0	633,13.3,63.3,13.3,0,3.33,5,0,6.7,0,3.33,100,433,,0	1 serving~30|1 package~567
2581583	B	9	408,1.41,18.3,60.6,352,45.1,7.04,7,0,0,.99,0,0,,0	3 cupcakes~71|1 package~284
2542271	B	9	444,2.47,19.8,63,284,49.4,7.41,25,0,0,.99,25,74,,0	.05 of cake~81|1 package~1620
2465787	B	9	427,4,20,56,453,40,14.7,20,0,0,1.47,27,67,,4.12	.07 cake~75|1 package~1130
2181643	B	9	459,2.35,20,68.2,282,55.3,8.24,12,0,0,.82,24,35	.1 cake~85|1 package~850
2542535	B	9	450,2.5,21.2,62.5,312,50,7.5,31,0,0,1.25,25,81,,0	.06 cake~80|1 package~1450
2181645	B	9	400,2.67,17.3,58.7,280,46.7,6.67,13,0,0,.8,13,40	.06 cake~75|1 package~1360
2612467	B	9	431,2.78,19.4,59.7,292,47.2,6.94,28,0,0,1.39,28,49,,0	.07 cake~72|1 package~1080
2524745	B	9	439,3.66,18.3,64.6,415,50,6.1,18,0,0,1.32,0,0,,0	½ cake~82|1 package~164
2479815	B	9	383,3.7,17.3,53.1,444,37,11.1,19,0,0,1.23,25,62,,.125	.07 cake~81|1 package~1130
2276297	B	4	450,5,22.5,57.5,425,32.5,7.5,25,0,0,.5,50,100	1 cookie~40|1 package~397
2473901	B	9	459,2.35,20,68.2,282,56.5,8.24,12,0,0,.94,24,35,,2.7	.17 cake~85|1 package~510
2665521	B	87	233,12.3,10.1,24.7,568,3.08,5.29,31,.9,0,1.5,119,137,,1	1 sub~227
2545322	B	4	389,2.65,20.4,53.1,336,40.7,6.19,40,.9,0,4.87,18,115,,0	1 whoopie pie~113|1 package~454
2524179	B	6	263,7.89,3.95,44.7,395,7.89,0,0,2.6,0,2.63,53,79,,0,,,,,,,,134	1 roll~38|1 package~454
2544275	B	9	444,2.47,19.8,63,296,49.4,7.41,31,0,0,1.11,25,74,,0	.07 cake~81|1 package~1220
2506714	B	0	467,6.67,16.7,73.3,433,43.3,15,0,0,0,2,67,167,,0	7 pretzels~30|1 package~396
2542590	B	0	467,6.67,13.3,76.7,250,56.7,8.33,0,3.3,0,6.67,133,200,,0	1/3 cup~30|1 package~453
2375726	B	23	471,28.6,28.6,28.6,1770,14.3,0,0,14.3,0,0,100,143,,0	1 tbsp~7|1 package~170
2375747	B	11	222,0,0,0,13800,,0,0,0,0,11.1,444,889,,0	¼ tsp~.9|1 package~226
2440335	B	15	161,7.14,10.7,14.3,379,2.5,0,0,7.1,,2.57,36,,0	1 serving~28|1 package~226
2437873	B	15	161,7.14,10.7,14.3,379,2.5,0,0,7.1,,2.57,36,,0	1 serving~28|1 package~226
2438430	B	62	643,0,71.4,7.14,429,0,10.7,0,0,,0,0,,8.6	1 tbsp~14|1 package~170
2652478	B	15	643,0,71.4,7.14,429,7.14,10.7,0,0,0,5.14,0,250,8.6	1 tbsp~14
2440244	B	42	643,0,71.4,7.14,429,0,10.7,0,0,,0,0,,8.6	1 tbsp~14|1 package~170
2440318	B	15	154,7.14,10.7,14.3,379,2.5,0,0,7.1,,2.57,36,,0	1 serving~28|1 package~226
2438496	B	15	154,7.14,10.7,14.3,379,2.5,0,0,7.1,,2.57,36,,0	1 ounces~28|1 package~226
2440367	B	15	161,7.14,10.7,14.3,379,2.5,0,0,7.1,,2.57,36,,0	1 serving~28|1 package~226
2438431	B	62	643,0,71.4,7.14,429,0,10.7,0,0,,0,0,,8.6	1 tbsp~14|1 package~170
2438497	B	15	154,7.14,10.7,14.3,379,2.5,0,0,7.1,,2.57,36,,0	1 ounces~28|1 package~226
2055016	B	29	396,10.4,30.2,22.9,729,0,6.25,42,1,0,.38,62,,0	1 package~96
1888571	B	20	44,2.22,1.67,6.67,211,2.22,0,0,2.2,0,.8,44,,26.7	2/3 cup~90|1 package~340
1888573	B	20	53,1.32,3.95,2.63,39,2.63,0,0,1.3,0,.47,26,,7.9	½ cup~76|1 package~340
2146322	B	48	250,17,19.6,0,67,,7.14,71,,,1.61,,,,,,,,4.46,,,.357,,,,2.14,4.02,,,,16	1 serving~112|1 package~1361
2072668	B	48	152,20.5,7.14,0,67,,3.12,62,,.45,2.41,,,,,,,,5.36,,,.357,,,,2.14,4.69,,,,16	1 serving~112|1 package~1814
1814127	B	7	70,1,5,5,170,3,.5,0,1,0,0,0,219,,0	1 serving~100|1 package~397
1819284	B	33	73,1.82,4.55,5.45,55,2.73,2.27,14,1.8,0,.91,25,271,,0	1 serving~110|1 package~425
2421725	B	15	0,0,0,7.14,893,3.57,0,0,0,0,0,0,250,,0	2 tbsp~28|1 package~340
2421731	B	15	18,0,0,7.14,893,3.57,0,0,0,0,0,0,250,,0	2 tbsp~28|1 package~227
2503082	B	80	45,1,0,11,5,8,0,0,1,0,0,20,70,,0	1 serving~100|1 package~510
2302285	B	93	141,5.73,8.33,12.5,161,9.38,4.69,26,1.6,0,.19,182,,3.1	1 container~192
2418400	B	20	91,1.82,7.27,7.27,114,2.73,4.55,23,2.7,0,.98,36,127,,0	1 serving~110|1 package~284
2421726	B	15	100,0,8.33,6.67,317,0,1.33,0,3.3,0,0,0,233,,0	2 tbsp~30|1 package~369
2421732	B	15	100,3.33,8.33,6.67,367,0,0,0,3.3,0,0,0,233,,0	2 tbsp~30|1 package~255
1814123	B	15	36,3.57,0,7.14,250,3.57,0,0,0,0,0,0,,12.9	2 tbsp~28|1 package~454
2421318	B	20	57,1.89,2.36,7.55,75,2.83,.24,0,2.8,0,1.36,19,132,,0	¼ tray and dip~106|1 package~425
1818503	B	20	91,6.36,4.09,8.18,164,1.82,.91,9,.9,0,0,5,0,,0	1 serving~110|1 package~340
2194305	B	20	64,.58,2.02,12.7,66,11,1.16,6,1.2,0,.23,9,130,,0	1 serving~173|1 package~2084
2423390	B	15	83,0,8.33,6.67,17,0,1.33,0,3.3,0,0,0,233,,0	2 tbsp~30|1 package~255
2310758	B	15	54,0,0,10.7,393,10.7,0,0,0,0,.36,12,,,0	2 tbsp~28|1 package~227
2274622	B	15	36,0,0,7.14,393,3.57,0,0,0,0,.54,14,268,,0	2 tbsp~28|1 package~255
2419847	B	15	36,0,0,7.14,321,0,0,0,3.6,0,1.07,14,321,,0	2 tbsp~28|1 package~369
2421723	B	15	18,0,0,3.57,393,3.57,0,0,0,0,.36,11,232,,0	2 tbsp~28|1 package~369
2421717	B	15	100,0,8.33,6.67,333,0,1.33,0,3.3,0,,13,367,,0	2 tbsp~30|1 package~369
1817408	B	15	90,2,7,8,460,2,0,0,4,0,0,0,,18	2 tbsp~50|1 package~383
1830831	B	15	100,0,8.33,6.67,333,0,1.33,0,3.3,0,.37,12,350,,0	2 tbsp~30|1 package~255
1817539	B	15	36,3.57,0,7.14,250,3.57,0,0,0,0,0,0,,12.9	2 tbsp~28|1 package~454
2418401	B	20	24,1.18,0,4.71,6,2.35,0,0,1.2,0,.71,31,274,,0	1 cup~85|1 package~298
1819026	B	20	118,1.82,2.73,13.6,291,.91,2.27,0,0,0,0,17,269,,0	1 serving~110|1 package~482
2418394	B	20	64,3.64,2.27,9.09,23,1.82,0,0,3.6,0,1.31,36,255,,0	1 cup~110|1 package~255
1817532	B	20	24,2.35,0,4.71,0,1.18,0,0,1.2,0,7.41,47,,1.4	1 cup~85|1 package~298
1817423	B	15	100,2,7,8,420,2,0,0,4,0,0,0,,18	2 tbsp~50|1 package~383
2461257	B	20	35,2.35,0,7.06,6,2.35,0,0,1.2,0,.59,29,346,,1.77	¾ cup~85|1 package~213
1817345	B	20	70,3.91,1.95,7.81,125,1.56,.78,8,1.6,0,.56,62,,9.4	1 mushrooms~128|1 package~227
2304865	B	33	163,5.69,1.63,30.1,163,2.44,.81,4,1.6,0,1.46,16,171,,0	4 pierogi~123|1 package~369
2420706	B	46	154,4.07,1.63,30.1,309,1.63,.41,0,4.1,0,1.46,16,114,,0	4 pierogi~123|1 package~369
551641	B	83	161,19.6,8.04,7.14,321,0,2.23,58,.9,0,1.61,18,,0	1 serving~112
2669642	B	41	800,0,93.3,0,0,0,13.3,0,0,0,0,0,0,,0,66.7,13.3,,,,,,,,,,,,,,,,15	1 tbsp~15|1 package~485
2669641	B	41	800,0,93.3,0,0,0,13.3,0,0,0,0,0,0,,0,66.7,13.3,,,,,,,,,,,,,,,,15	1 tbsp~15|1 package~485
2067394	B	20	35,1.18,0,9.41,0,2.35,0,0,4.7,0,.42,0,,21.2	9 pieces~85|1 package~227
2067376	B	20	29,1.18,0,5.88,41,3.53,0,0,1.2,0,0,24,,4.2	¾ cup~85|1 package~227
467140	B	20	63,.7,.35,14.8,0,13.4,0,0,1.4,0,0,0,,118	1/3 pack~142
2067381	B	15	24,1.18,0,5.88,6,3.53,0,0,1.2,0,.42,24,,17.6	¾ cup~85|1 package~284
467170	B	20	49,.7,0,13.4,0,9.86,0,0,1.4,0,.25,0,,127	¾ pack~142
2067396	B	20	29,1.18,0,5.88,41,3.53,0,0,1.2,0,0,24,,4.2	¾ cup~85|1 package~198
2067384	B	20	41,1.18,0,9.41,71,4.71,0,0,2.4,0,0,24,,5.6	36 pieces~85|1 package~284
2060203	B	20	82,1.18,0,20,59,4.71,0,0,3.5,0,.42,24,,1.4	9 pieces~85|1 package~284
2067387	B	20	41,1.18,0,9.41,76,7.06,0,0,2.4,0,.85,0,,4.2	5 pieces~85|1 package~284
2067385	B	20	24,1.18,0,5.88,0,2.35,0,0,1.2,0,.42,0,,127	9 pieces~85|1 package~284
467163	B	20	29,.71,0,7.5,0,6.07,0,0,.4,0,.26,0,,8.6	2 cup~280
467169	B	20	28,.47,0,7.51,0,6.1,0,0,.5,0,.17,0,,8.5	½ pack~213
2388766	B	15	34,0,0,6.9,,3.45,0,0,3.4,0,1.24,0,241,,0	2 tbsp~29|1 package~397
2166038	B	15	52,0,0,10.3,414,10.3,0,0,0,0,0,0,241,,0	2 tbsp~29|1 package~397
2388767	B	15	17,0,0,3.45,448,3.45,0,0,0,0,0,0,241,,0	2 tbsp~29|1 package~425
2164864	B	15	34,0,0,6.9,552,3.45,0,0,1.7,0,0,0,241,,0	2 tbsp~29|1 package~454
2388765	B	15	17,0,0,3.45,448,3.45,0,0,0,0,0,0,241,,0	2 tbsp~29|1 package~425
2630809	B	111	249,7.51,10.8,29.6,531,.47,4.69,77,1.4,0,2.02,146,70,,3	7 1~213
1974591	B	7	77,2.02,5.24,6.05,81,2.42,.6,0,2.4,0,.89,36,294,0,0	1 serving~248
2485980	B	87	174,10.8,4.15,21.2,664,4.56,1.66,33,.8,0,3.11,50,162,,.025	1 sandwich~241
1894486	B	87	187,21.2,3.54,17.2,227,3.54,.76,48,2.5,0,1.82,40,,1.2	1 serving~198
2630808	B	87	288,.64,19.9,17.3,609,1.28,7.05,99,1.9,0,1.79,128,71,,0	5 1~156
2507243	B	87	183,10.4,6.22,20.8,477,4.56,1.04,23,.8,0,1.45,33,66,0,0	8 1~241
2417475	B	87	191,12,11,11.7,392,2.47,4.59,28,.7,0,3.89,99,67,,.325	1 serving~283
2509825	B	33	126,8.38,7.33,7.85,220,2.62,3.14,63,1,0,.37,37,152,,.15	¼ container~191
2509826	B	33	126,9.95,3.66,13.6,225,1.57,1.57,55,1,0,.89,26,147,,0	1 serving~191|1 package~765
2419511	B	20	39,.65,0,9.74,0,7.14,,,1.3,,,12,104	2 medium g~154|1 package~2270
2465019	B	33	121,8.21,6.79,8.21,132,1.43,3.57,64,1.4,.18,1.25,50,271,,.025	1 package~280
2631034	B	87	255,11.7,14.5,20,503,3.45,1.72,0,1.4,0,1.72,55,207,,0	1 sandwich~145
2509169	B	87	211,9.94,8.07,26.7,776,2.48,.99,,1.2,0,1.55,68,112,,0	1 sandwich~161
2417468	B	87	278,14.3,15,24.1,489,8.27,4.51,53,.8,0,1.35,113,,0	1 serving~133
2216359	B	111	299,11.9,17,23.7,820,.52,6.7,39,1,0,1.86,232,,0	1 serving~194
1661876	B	20	24,3.53,0,3.53,6,1.18,,,1.2,,.42,,,1.4,11.8	1 serving~85
2030556	B	20	24,2.35,0,3.53,76,0,0,0,2.4,0,3.18,94,,28.2	2 cup~85|1 package~283
2071173	B	20	41,2.35,0,7.06,0,3.53,0,0,2.4,0,2.12,47,,63.5	1 1/3 cup~85|1 package~170
2030575	B	20	24,2.35,0,3.53,59,0,0,0,1.2,0,1.27,94,,17.6	3 cup~85|1 package~141
2024496	B	20	45,1.13,0,9.6,42,5.65,0,0,2.8,0,1.02,34,,67.8	1 package~177
2055582	B	15	150,3.33,10,13.3,450,3.33,0,0,3.3,0,1.2,67,,12	2 tbsp~30|1 package~284
2274990	B	6	280,8,4,52,520,4,0,0,4,0,0,140,140,,0	¼ flatbread~50|1 package~794
2396815	B	20	36,.71,0,9.29,14,7.86,0,0,.7,0,.26,0,150,,0	1 cup~140|1 package~567
2488689	B	6	256,6.98,3.49,51.2,488,4.65,0,0,2.3,0,2.33,100,9,,0,0,1.16,,4.65,0,.233,,63	1 bun~43|1 package~340
1906931	B	10	42,.42,0,9.58,4,8.33,,,.4,,.15,8,,25	8 fl oz~240|1 package~946
2043398	B	0	600,21.4,53.6,17.9,418,3.57,3.57,0,10.7,0,3.86,286,,0	1 serving~28|1 package~257
1968840	B	78	81,6.22,1.2,11.5,426,1.44,0,17,1,0,.52,19,,1.1	1 serving~209|1 package~418
2554112	B	7	228,9.24,19,4.35,505,1.09,3.26,33,1.1,0,.65,120,130,,0	6 1~184
2272612	B	78	141,8.1,5.33,15.6,177,4.9,.75,18,1.7,0,.96,32,,6.4	1 serving~469
2480543	B	87	197,11.9,7.06,21.6,695,1.86,2.6,37,0,0,17.5,63,100,,.1	1 serving~269
2480608	B	63	301,6.32,22.7,18.2,171,.74,4.09,33,1.1,0,1.19,26,67,.7,.1	1 serving~269
2653034	B	87	199,9.62,5.77,22.4,673,1.92,1.92,35,1.9,0,2.76,147,6,,0	5 1~156
2479998	B	87	197,13.1,6.57,22.2,641,2.02,2.27,28,1.5,0,1.62,96,45,0,0	1 serving~198
1138880	B	4	269,7.69,3.85,50,269,11.5,1.54,0,0,0,4.15,0,,4.6	1 serving~26
356484	B	16	375,10.7,1.79,73.2,0,3.57,0,0,3.6,0,3.21,0,,0,,,,,7.14,1,.455	¾ cup~56
411016	B	63	357,11.4,2.86,72.9,800,7.14,.71,0,2.9,0,2.57,86,,0	1 serving~70
1901732	B	39	91,3.39,3.39,12.3,76,11.4,2.12,13,.4,0,.61,127,,1,1.05	1 cup~236|1 package~946
2299165	B	49	594,21.9,50,21.9,0,3.12,3.12,0,12.5,0,3.38,188,656,,0	1 tbsp~32|1 package~454
2451224	B	27	304,16.1,26.8,1.79,1120,1.79,8.93,62,0,0,1.29,71,,8.6	1 serving~56|1 package~397
2449992	B	122	167,0,0,38.9,0,38.9,0,0,0,0,.56,17,139,,0	1 tsp~18|1 package~240
2451176	B	54	0,0,0,0,0	1 tbsp~15|1 package~2000
2367989	B	10	50,0,0,12.5,12,12.5,,,,,,,108	8 fl oz~240|1 package~1890
2482055	B	3	213,4.26,9.57,28.7,59,25.5,7.45,11,0,0,.11,117,160,,.85	2/3 cup~94|1 package~900
2366860	B	42	263,0,0,68.4,0,63.2,0,0,0,0,.53,5,53,,0	1 tbsp~19|1 package~297
2451149	B	27	250,16.1,17.9,3.57,1290,0,7.14,54,0,0,1.29,71,,21.4	1 serving~56|1 package~397
2455005	B	61	356,8.89,3.33,73.3,0,0,0,0,2.2,0,2.22,11,242,,0	¼ cup~45|1 package~454
2455006	B	61	356,8,2.44,76,10,1.11,.44,0,3.1,0,0,5,260,,0	¼ cup~45|1 package~454
2455007	B	103	356,13.3,3.33,71.1,0,0,0,0,6.7,0,2.22,22,402,,0	¼ cup~45|1 package~454
2488603	B	61	356,15.6,2.22,71.1,0,0,0,0,8.9,0,2.22,20,376,,2.23	¼ cup~45|1 package~454
2450599	B	0	467,6.67,20,56.7,933,0,8.33,0,10,0,3.33,23,183,,0	2 tbsp~30|1 package~297
2450468	B	30	333,22.2,11.1,55.6,0,0,5.56,0,33.3,0,44.4,167,2440,,0	2 tbsp~9|1 package~170
2367805	B	19	121,0,0,24.2,227,24.2,0,0,0,0,0,0,0,,0	2 tbsp~33|1 package~360
2367752	B	19	171,0,0,40,1170,37.1,0,0,0,0,1.03,23,89,,0	2 tbsp~35|1 package~360
2367779	B	0	464,7.14,25,71.4,714,35.7,3.57,0,7.1,0,1.29,29,143,,0,0,0	1 cup~28|1 package~213
2451253	B	108	48,2.4,.8,7.2,616,0,0,12,0,0,0,16,,,0,0,0	½ cup~125|1 package~298
2451086	B	51	2,.41,0,0,229,0,0,0,0,0,0,0,0,,0	1 cup~245|1 package~907
2451087	B	51	4,.41,0,.41,57,.41,0,0,0,0,0,0,0,,0	1 cup~245|1 package~907
2451568	B	15	188,6.25,12.5,15.6,422,,0,0,3.1,0,1.12,62,219,,0	2 tbsp~32|1 package~227
2367811	B	117	21,0,.29,4.62,13,3.65,.29,0,.6,0,.08,21,198,,0	17½ fl oz~520
2377199	B	49	594,25,50,21.9,0,6.25,7.81,0,9.4,0,3.12,59,634,,0	2 tbsp~32|1 package~454
2376151	B	49	594,25,50,21.9,391,6.25,7.81,47,9.4,0,3.12,56,628,,0	2 tbsp~32|1 package~737
2652720	B	12	571,14.3,42.9,42.9,429,0,7.14,0,0,0,0,33,343,,0	2 tbsp~7|1 package~170
2451629	B	49	594,21.9,50,21.9,0,3.12,3.12,0,9.4,0,3.38,188,656,,0	2 tbsp~32|1 package~454
2451643	B	19	0,0,0,0,2000,0,0,0,0,0,0,0,0,,0	1 tsp~5|1 package~284
2366825	B	35	71,1.59,4.76,6.35,619,3.17,0,0,1.6,0,1.59,32,254,,0	¼ cup~63|1 package~354
2509999	B	16	382,12.7,1.82,76.4,0,3.64,0,0,3.6,0,3.45,31,236,,0	½ cup~55|1 package~454
2366501	B	16	382,12.7,1.82,76.4,0,3.64,0,0,3.6,0,3.45,31,236,,0	.12 package~55|1 package~454
2367024	B	16	382,12.7,1.82,76.4,0,3.64,0,0,3.6,0,3.45,31,236,,0	2/3 cup~55|1 package~454
2366863	B	16	382,12.7,1.82,76.4,0,3.64,0,0,3.6,0,3.45,31,236,,0	¾ cup~55|1 package~454
2369664	B	16	382,12.7,1.82,76.4,0,,0,0,3.6,0,3.45,31,236,,0	.12 package~55|1 package~454
2451186	B	23	200,0,8.33,30,1100,26.7,0,0,0,0,0,7,110,,0	2 tbsp~30|1 package~355
2449991	B	11	125,6.25,0,25,1620,18.8,0,0,0,0,0,0,0,,0	1 tbsp~16|1 package~360
2539014	B	12	500,10.7,25,60.7,1110,3.57,1.79,0,3.6,0,3.57,0,121,,0	1 serving~28|1 package~204
2473391	B	39	50,3.33,2.08,5,48,5,1.25,8,0,0,0,123,143,,1.25	1 cup~240|1 package~1890
2426567	B	73	375,0,0,100,0,100,,,,,,,,,0	2 tsp~8|1 package~1810
2509998	B	42	263,0,0,68.4,0,47.4,0,0,0,0,0,5,0,,0	1 tbsp~19|1 package~425
2451043	B	25	8,0,0,1.69,0,1.27	16 fl oz~473
2367774	B	35	25,1.67,0,5,417,1.67,0,0,1.7,0,1.67,17,67,,0	¼ cup~60|1 package~354
2450454	B	67	343,25.7,0,60,0,2.86,0,0,31.4,0,8.57,57,954,,0	¼ cup~35|1 package~454
2366858	B	15	30,0,0,6.06,939,3.03,0,0,0,0,0,0,,0	2 tbsp~33|1 package~454
2462880	B	75	133,3.33,11.7,3.33,83,3.33,6.67,33,0,0,0,103,187,,0	2 tbsp~30|1 package~473
2366869	B	0	536,7.14,25,64.3,643,3.57,3.57,0,14.3,0,7.14,7,0,,0,0,0	2 cup~28|1 package~141
2367814	B	19	141,0,10.9,9.38,2000,6.25,3.12,0,0,0,1.12,0,0,,0	2 tbsp~32|1 package~360
2376150	B	42	222,0,0,55.6,0,50,,,0,,2,0	1 tbsp~18|1 package~283
1825672	B	14	390,9.76,4.88,80.5,341,26.8,0,0,7.3,0,2.93,146,244,,0,1.22,1.22	1 1/3 cup~41|1 package~347
2367786	B	5	393,10.7,7.14,71.4,571,17.9,0,0,3.6,0,7.14,36,214,,0	1 serving~28|1 package~680
2449790	B	12	250,46.4,5.36,7.14,1820,,1.79,107,,0,3.86,0,,0	1 serving~28|1 package~80
2544358	B	32	36,1.6,0,8,168,4,0,0,1.6,0,.8,23,320,,0	½ cup~125|1 package~680
2366511	B	19	143,2.86,0,37.1,1140,31.4,0,0,0,,0,6,26,,0	2 tbsp~35|1 package~360
2451183	B	23	200,0,20,16.7,317,13.3,3.33,0,0,0,0,7,30,,0	2 tbsp~30|1 package~355
2451035	B	53	0,0,0,0,1,0	1 bottle~480
2299169	B	24	0,0,0,0,0,0	1 can~355
2451552	B	30	375,25,0,75,0,25,0,0,25,0,7.2,520,0,,0	2 tsp~8|1 package~170
2367796	B	19	200,0,0,45.7,514,40,0,0,0,0,0,9,57,,0	2 tbsp~35|1 package~360
2481622	B	18	42,0,0,10,12,10,,,,,,,12	8 fl oz~240|1 package~1890
2451544	B	60	333,0,0,88.3,8,88.3,,,,,2.4,133	¼ cup~60|1 package~946
2368315	B	32	40,1.6,0,8.8,224,4.8,0,0,2.4,0,.8,26,360,,0	½ cup~125|1 package~680
2551115	B	30	250,50,0,50,0,0,0,0,0,0,0,0,0,,0	1 tsp~2|1 package~170
2367025	B	15	45,0,0,12.1,515,9.09,0,0,0,0,0,0,,3.6	2 tbsp~33|1 package~454
2367787	B	15	45,0,0,12.1,485,9.09,0,0,0,0,.91,30,303,,0	2 tbsp~33|1 package~454
2367750	B	15	30,0,0,6.06,939,3.03,0,0,0,0,0,36,197,,0	2 tbsp~33|1 package~454
2369662	B	0	536,7.14,25,64.3,679,3.57,3.57,0,14.3,0,0,21,0,,0,0,0	2 cup~28|1 package~141
2376162	B	2	250,7.14,21.4,7.14,375,7.14,12.5,71,0,0,0,118,0,,0	1 serving~28|1 package~226
2366500	B	49	594,25,50,21.9,312,6.25,7.81,0,9.4,0,,56,628,,0	2 tbsp~32|1 package~454
2299180	B	24	0,0,0,0,0,0	1 can~355
1970433	B	39	50,3.33,2.08,5,48,5,1.25,8,0,,0,125,,0,1.05,,,,,,,,,,104	1 cup~240|1 package~3780
2481723	B	20	29,3.53,0,4.71,65,1.18,0,0,2.4,0,2.35,114,541,55.3,0	3 cup~85|1 package~454
2451136	B	37	17,.83,0,3.33,242,1.67,0,0,1.7,0,.33,25,83,2.5	½ cup~120|1 package~411
2481720	B	20	18,2.35,0,3.53,82,1.18,0,0,2.4,0,2.35,69,412,21.2,0	3 cup~85|1 package~454
2451650	B	84	286,0,0,81,0,81	1 tbsp~21|1 package~454
2451602	B	18	54,0,0,13.3,12,13.3,,,,,,,12	8 fl oz~240|1 package~1890
2481000	B	37	56,3.2,.4,9.6,240,4.8,0,0,2.4,0,1.12,20,80,7.2	½ cup~125|1 package~425
2367769	B	17	67,9.33,2,4,63,2,1,13,0,0,0,220,183,,0	1 serving~150|1 package~680
2369657	B	12	250,46.4,5.36,7.14,1820,,1.79,107,,0,3.86,0,,0	1 serving~28|1 package~80
2450598	B	12	571,64.3,35.7,0,1000,,10.7,143,0,0,0,0,,0	1 serving~14|1 package~113
2367804	B	17	60,10,0,4,63,2,0,10,0,0,0,227,187,,0	1 serving~150|1 package~680
2366827	B	5	536,3.57,35.7,50,607,0,3.57,0,3.6,0,1.79,0,571,,0,28.6,5.36	1 serving~28|1 package~283
2455099	B	29	400,6.67,10,73.3,900,0,0,0,0,0,6.67,13,107,,0	5 crackers~15|1 package~453
2451406	B	15	36,0,0,7.14,429,7.14,0,0,0,0,1.29,0,250,,0	2 tbsp~28|1 package~454
2539013	B	12	250,46.4,5.36,7.14,1820,,1.79,107,,0,3.86,0,,0	1 serving~28|1 package~80
2451657	B	25	13,0,0,2.54,0,2.11	16 fl oz~473
2451652	B	24	0,0,0,0,0,0	1 can~355|1 package~4260
2451623	B	8	536,7.14,32.1,50,571,46.4,21.4,0,7.1,0,9.64,0,250,,0	1/3 bar~28|1 package~85
2366499	B	49	375,41.7,12.5,41.7,550,8.33,0,0,16.7,0,0,0,,0	2 tbsp~12|1 package~190
2376140	B	5	357,7.14,3.57,67.9,786,0,,0,3.6,0,.71,0,143,,0,0,1.79	1 serving~28|1 package~198
2453775	B	98	85,1.41,3.52,11.3,282,2.11,.7,0,1.4,0,.63,18,120,,0	½ package~142|1 package~284
2367768	B	42	263,0,0,63.2,0,52.6,0,0,0,0,.53,16,0,,0	1 serving~19|1 package~297
2451653	B	32	48,2.4,0,9.6,148,4.8,0,0,.8,0,.8,31,344,,0	½ cup~125|1 package~680
2367777	B	0	567,23.3,46.7,20,1600,0,6.67,0,10,0,2.4,67,467,,0	2 tbsp~30|1 package~298
2451612	B	27	321,14.3,26.8,5.36,1230,1.79,8.93,62,0,0,.64,0,,6.4	1 serving~56|1 package~397
2451225	B	27	304,12.5,26.8,1.79,1250,0,8.93,54,0,0,.64,0,,16.1	1 serving~56|1 package~397
2367781	B	19	167,2.78,0,41.7,778,41.7,0,0,0,0,3,56,389,,0	2 tbsp~36|1 package~360
2367791	B	5	536,7.14,32.1,53.6,,3.57,3.57,0,3.6,0,1.79,71,643,,0,25,5.36	1 serving~28|1 package~283
2437639	B	24	0,0,0,0,0,0	12 fl oz~355
2450090	B	19	0,0,0,20,1600,0,0,0,0,0,0,0,0,,0	1 tsp~5|1 package~284
2551116	B	30	350,60,0,30,0,0,0,0,0,0,30,130,0,,0,,,,16,,,.4,,,,,3	2 tsp~10|1 package~170
2376158	B	19	194,0,0,47.2,694,44.4,0,0,0,0,1,0,194,,0	2 tbsp~36|1 package~360
2451665	B	19	0,0,0,20,1600,0,0,0,0,0,0,0,0,,0	1 tsp~5|1 package~284
2366868	B	42	237,0,0,63.2,0,57.9,0,0,0,0,.53,11,105,,0	1 tbsp~19|1 package~425
2374684	B	19	147,0,0,38.2,765,32.4,0,0,.7,0,1.06,32,274,,0	2 tbsp~34|1 package~360
2179371	B	32	47,1.56,1.56,7.03,328,4.69,0,0,1.6,0,.78,19,270,,0	½ cup~128|1 package~680
2299190	B	47	91,3.03,0,18.2,45,12.1,0,0,6.1,0,3.03,0,,,0	2 tbsp~33|1 package~170
2299171	B	47	32,1.59,0,6.35,333,3.17,0,0,1.6,0,0,0,294,,0	¼ cup~63|1 package~425
2374667	B	77	500,41.7,33.3,8.33,2080,0,12.5,167,0,0,3,0,,0	2 slices~12|1 package~60.7
2451042	B	64	545,27.3,40.9,9.09,2270,9.09,13.6,182,0,0,,0,,0	1 pan~11|1 package~340
2404092	B	64	417,50,20.8,8.33,1750,0,4.17,167,0,0,3,0,,0	2 slices~12|1 package~60.7
2643059	B	22	36,.71,0,9.29,0,4.29,0,0,2.1,0,.71,16,148,,0	1 cup~140|1 package~1360
2407222	B	39	42,3.33,1.04,5,44,5,.62,4,0,0,0,127,152	1 cup~240|1 package~1890
1970349	B	75	333,0,33.3,0,33,0,23.3,133,0,0,0,133,,0	1 tbsp~15|1 package~236
1970434	B	39	62,3.33,3.33,5,44,5,2.08,10,0,0,0,125,,0,1.25	1 cup~240|1 package~3780
2375095	B	2	80,11.5,1.77,4.42,274,2.65,1.33,13,0,0,0,77,112,,0,,,,,,,,,,,.44	½ cup~113|1 package~680
2412474	B	10	33,1.67,0,5.83,10,,0,0,0,,.45,8,292,,0	8 fl oz~240|1 package~473
2451627	B	8	536,7.14,32.1,53.6,0,42.9,17.9,0,7.1,0,9.64,0,250,,0	1/3 bar~28|1 package~85
2366875	B	16	364,10.9,1.82,74.6,9,3.64,0,0,3.6,0,2,58,316,,0	2/3 cup~55|1 package~454
2367784	B	16	382,12.7,1.82,76.4,0,3.64,0,0,3.6,0,3.45,31,236,,0	2/3 cup~55|1 package~454
2412475	B	10	46,.83,.27,10.8,25,8.33,0,0,0,,0,17,146,,0	8 fl oz~240|1 package~473
2297166	B	10	54,.83,0,12.5,0,10,0,0,0,,0,8,117,,0	8 fl oz~240|1 package~946
2451030	B	18	46,0,0,12.5,0,11.7,0,0,0,,0,0,29,,0	8 fl oz~240|1 package~1900
2482056	B	3	213,4.26,8.51,31.9,64,25.5,6.38,11,0,0,.21,117,160,,.75	2/3 cup~94|1 package~900
2375067	B	0	536,7.14,25,64.3,821,3.57,3.57,0,14.3,0,7.14,7,0,,0,0,0	2 cup~28|1 package~141
2481872	B	3	191,4.26,9.57,28.7,59,23.4,6.38,16,3.2,0,1.17,128,191,,.75	2/3 cup~94|1 package~900
2482053	B	3	213,4.26,9.57,29.8,59,25.5,7.45,11,3.2,0,.11,128,170,,.85	2/3 cup~94|1 package~900
2096036	B	48	141,12.9,8.24,4.71,212,1.18,1.18,0,2.4,0,2.12,0,,0	3 pieces~85|1 package~170
2062596	B	7	200,0,0,53.3,0,13.3,0,0,3.3,0,0,0,,4	2 tbsp~30|1 package~340
1884603	B	15	200,3.33,11.7,16.7,67,13.3,6.67,33,0,0,0,67,,4	2 tbsp~30|1 package~227
2054775	B	15	300,10,26.7,6.67,600,0,8.33,33,0,0,3.6,133,,4	2 tbsp~30|1 package~340
2367941	B	41	800,0,93.3,0,0,,16.7,0,,0	1 tbsp~15|1 package~500
2636747	B	8	512,6.98,44.2,46.5,0,25.6,25.6,0,14,0,8.37,93,,0,,,,0	½ bar~43|1 package~85
2626731	B	39	38,4.17,0,5.42,58,5.42,0,2,0,0,0,146,192,,1,,,62	1 cup~240
2479784	B	39	50,4.17,1.04,6.25,67,6.25,.62,6,0,0,0,158,212,,1.05	1 cup~240
1926505	B	32	72,.8,4.8,6.4,312,4,.8,0,.8,0,.58,48,,9.6	½ cup~125|1 package~709
2479812	B	35	62,.52,4.12,6.19,330,3.09,.52,0,.5,0,.52,9,48,,0	½ cup~194|1 package~680
538379	B	8	535,9.3,34.9,51.2,605,46.5,18.6,23,2.3,0,3.35,233,,2.8	½ bar~43
2436621	B	8	535,9.3,34.9,51.2,605,46.5,18.6,23,2.3,0,3.35,233,,2.8	½ bar~43|1 package~85
2665695	B	22	62,0,0,15.9,18,10.6,0,0,1.8,0,0,0,,1.1,,,,0	½ cup~113|1 package~680
1928343	B	60	333,0,0,88.3,8,88.3	4 tbsp~60|1 package~946
2486145	B	39	58,4.17,2.08,5.42,58,5.42,1.25,8,0,0,0,146,192,,1.05	1 cup~240
2665694	B	32	56,.8,3.2,6.4,320,4,.4,0,.8,0,.58,64,,9.6,,,,72	½ cup~125|1 package~709
1798682	B	32	64,.8,3.6,6.4,320,4,.4,0,.8,0,.58,64,,9.6	½ cup~125|1 package~709
2421947	B	5	464,3.57,25,57.1,393,0,1.79,0,7.1,0,3.86,0,250,,0	10 chips~28|1 package~283
2388302	B	20	70,2,4,6,150,3,1.5,10,2,0,1,48,261,,0	1 cup with 1 tbsp dip~100|1 package~1300
2419066	B	86	63,0,0,15.8,0,12.6,0,0,0,0	1 serving~95|1 package~473
2419061	B	10	84,0,0,22.1,0,20,0,0,0,0	1 serving~95|1 package~473
2172712	B	10	84,0,0,22.1,0,19,0,0,0,0	1 serving~95|1 package~473
2593396	B	41	800,0,93.3,0,0,,6.67,0,,0	1 tbsp~15|1 package~375
2060260	B	36	88,15,3.1,.88,35,0,.88,49,0,0,0,0,,0,,1.33,.88	1 serving~113|1 package~1814
2008329	B	98	245,4.08,9.18,36.7,735,4.08,1.02,0,2,0,1.47,41,,2.4	3 hushpuppies~49|1 package~454
2487339	B	36	134,10.7,4.46,11.6,598,0,1.34,31,.9,0,0,8,240,,.35	1 serving~112|1 package~1814
1914783	B	16	375,12.5,1.79,73.2,0,,0,0,3.6,0,3.21,0,,0,,,,,,1,.455	1 serving~56|1 package~340
1903791	B	32	36,.8,.4,7.2,368,4.8,0,0,.8,0,1.15,32,,16.8	½ cup~125|1 package~751
1914785	B	16	375,12.5,1.79,73.2,0,,0,0,3.6,0,3.21,0,,0,,,,,,1,.455	1 serving~56|1 package~226
1903796	B	32	36,.8,.4,7.2,368,4.8,0,0,.8,0,1.15,32,,16.8	½ cup~125|1 package~751
510461	B	16	375,12.5,1.79,73.2,0,,0,0,3.6,,3.21,0,,0,,,,,,1,.455	1 serving~56
1903790	B	32	28,2.4,0,4,88,3.2,0,0,1.6,0,.58,16,,9.6	½ cup~125|1 package~751
1914781	B	16	375,12.5,1.79,73.2,0,,0,0,3.6,0,3.21,0,,0,,,,,,1,.455	1 serving~56|1 package~340
1914786	B	16	375,12.5,1.79,73.2,0,,0,0,3.6,0,3.21,0,,0,,,,,,1,.455	1 serving~56|1 package~340
2097506	B	80	220,5,14,19,610,9,2.5,15,0,0,0,40,,0	½ cup~100|1 package~340
1459202	B	126	116,20.5,1.34,2.68,179,0,0,71,0,0,1.22,49,180,3.8,0,0,0	1 serving~112
1899667	B	15	267,6.67,23.3,6.67,667,0,11.7,33,0,0,0,133,,0	2 tbsp~30|1 package~227
2076861	B	21	115,8.97,3.85,12.2,490,0,.64,47,.6,0,.35,45,,2.7	½ package~156
2076293	B	7	62,0,0,12.5,1250	1 leaf~8|1 package~454
2105309	B	18	55,0,0,13.8,8,13.8	8 fl oz~240|1 package~2000
2546576	B	60	333,0,0,88.3,8,88.3,,,,,2.4,133	¼ cup~60|1 package~236
2367794	B	19	206,0,1.91,50,765,47.1,0,0,0,0,0,6,56,,0	2 tbsp~34|1 package~360
2125951	B	66	267,8.89,7.78,48.9,733,2.22,3.33,0,6.7,0,2.4,444,,0	1 serving~45|1 package~454
1941077	B	66	294,7.35,7.35,51.5,750,1.47,3.68,0,1.5,0,2.65,368,,0	1 serving~68|1 package~680
2679576	B	66	300,7.5,7.5,52.5,750,2.5,3.75,0,2.5,0,2.7,375,,0,,,,0	1 tortilla~40|1 package~794
2049398	B	8	600,10,43.3,43.3,83,36.7,20,17,3.3,.33,0,0,,0	1 row~30|1 package~180
2156856	B	8	472,2.78,25,58.3,56,50,16.7,28,0,0,0,108,197,,0	3 pieces /~36|1 package~184
2581925	B	8	580,8,40,48,10,32,24,,10,0,3.6,40	½ of bar~50|1 package~99.2
2125748	B	8	526,5.26,31.6,57.9,0,47.4,18.4,0,7.9,0,2.63,32,511,,0	3 pieces~38|1 package~150
2581924	B	8	520,4,28,64,50,62,16,10,2,.2,1.44,120	½ of bar~50|1 package~99.2
2581926	B	8	520,4,28,64,60,62,16,10,2,.2,1.44,120	½ of bar~50|1 package~99.2
2586734	B	1	400,0,11.7,76.7,50,73.3,10,0,0,0,0,753,203,,0	2 tbsp~30|1 package~850
1946199	B	8	571,7.14,39.3,50,54,42.9,14.3,0,3.6,0,1.29,143,250,,0	2 squares~28|1 package~85
2418778	B	8	533,3.33,33.3,60,0,50,20,0,6.7,0,3.33,30,467,,0	4 pieces~30|1 package~157
2078114	B	8	633,6.67,43.3,50,7,36.7,16.7,0,6.7,.33,3.6,67,,0	1 row~30|1 package~180
2585695	B	1	500,0,0,100,0,100,0,0,0,0,0,0,,0,,,,0	1 piece~2|1 package~25
2051489	B	1	535,4.65,30.2,62.8,58,60.5,18.6,,2.3,.23,1.67,140	¼ of chocolate bunny~43|1 package~170
2095040	B	1	312,0,0,75,0,75,0,0,0,0,0,1250,,0	1 piece~8|1 package~227
2586732	B	1	400,0,11.7,76.7,67,70,11.7,0,0,0,0,703,233,,0	2 tbsp~30|1 package~834
2044654	B	8	535,4.65,30.2,62.8,58,60.5,18.6,,2.3,.23,1.67,140	¼ of chocolate bunny~43|1 package~170
2049399	B	8	525,5,30,62.5,62,60,17.5,12,2.5,0,.9,150,,0	1 serving~40|1 package~170
2095036	B	8	520,4,28,64,50,62,16,10,2,.2,1.44,120	½ of bar~50|1 package~100
2078113	B	8	600,10,40,50,67,43.3,13.3,0,3.3,,2.4,200,,0	1 row~30|1 package~180
2586717	B	1	433,0,13.3,76.7,67,73.3,13.3,,,,,77,250	2 tbsp~30|1 package~130
2586735	B	1	400,0,8.33,76.7,33,73.3,8.33,0,0,0,0,953,143,,0	2 tbsp~30|1 package~785
2586733	B	1	433,0,15,73.3,83,70,13.3,0,0,0,0,560,280,,0	2 tbsp~30|1 package~848
2622648	B	27	286,14.3,23.2,3.57,911,1.79,8.93,152,0,0,9.64,0,,8.6,,,,1450	1 serving~56|1 package~227
1865668	B	27	304,14.3,26.8,3.57,911,1.79,10.7,134,0,0,8.04,0,,8.6	1 serving~56|1 package~125
1776757	B	28	357,25,28.6,0,1250,0,10.7,71,0,0,1.29,71,,4.3	4 slices~28|1 package~284
1889455	B	31	105,2.63,6.14,10.5,149,3.51,1.32,4,4.4,0,.95,53,,36.8	1 cup~114|1 package~340
1889456	B	31	61,2.63,4.39,4.39,272,2.63,1.32,4,2.6,0,.63,35,,18.4	1 cup~114|1 package~340
2629325	B	32	53,1.32,2.64,5.73,251,5.73,.44,2,2.6,0,0,26,,3.7,,,,0	1 cup~227|1 package~946
2171809	B	48	500,40,40,0,1500,,15,100,,0	1 fried slice~10|1 package~680
2123929	B	28	89,19.6,0,1.79,911,0,0,54,0,0,.64,0,321,0	1 serving~56|1 package~170
2678647	B	28	89,19.6,1.79,1.79,1070,0,0,54,0,0,1.29,0,,0,,,,0	1 serving~56|1 package~340
2633826	B	28	107,17.9,1.79,3.57,964,3.57,0,54,0,0,.64,0,,0,,,,0	1 serving~56|1 package~227
2678633	B	28	321,10.7,28.6,5.36,1250,1.79,8.93,170,0,0,6.43,0,,4.3,,,,5620	1 serving~56|1 package~454
1900396	B	28	89,17.9,1.79,0,1110,0,0,54,0,0,.64,0,,0	1 serving~56|1 package~227
2678648	B	28	89,17.9,.89,1.79,1070,0,0,62,0,0,.64,0,,0,,,,0	1 serving~56|1 package~340
2161635	B	28	89,17.9,.89,1.79,1070,0,0,62,0,0,.64,0,,0	1 serving~56|1 package~227
2678634	B	28	89,17.9,.89,1.79,1070,0,0,62,0,0,.64,0,,0,,,,0	1 serving~56|1 package~340
2155637	B	28	232,10.7,17.9,3.57,1090,1.79,7.14,54,0,0,.64,0,,0	1 serving~56|1 package~454
2071953	B	27	242,11,22,2.2,846,1.1,7.69,49,0,0,.79,22,,0	1 link~91|1 package~182
2678641	B	28	214,10.7,17.9,3.57,1090,0,7.14,54,0,0,.64,0,,0,,,,0	1 serving~56|1 package~454
2170488	B	28	80,17.9,0,0,1050,,,62,,,1.29	1 serving~56|1 package~396
1950256	B	27	220,12.1,17.6,4.4,1040,1.1,6.59,55,0,0,.79,0,,0	1 link~91|1 package~364
2170487	B	28	89,19.6,1.79,1.79,1110,0,0,54,0,0,1.29,0,,0	1 serving~56|1 package~454
2271583	B	28	89,19.6,1.79,1.79,1110,0,0,54,0,0,1.29,0,,0	1 serving~56|1 package~454
2065696	B	27	286,15.4,24.2,2.2,1010,0,8.79,55,0,0,.79,0,,0	1 serving~91
1923072	B	28	107,17.9,1.79,3.57,964,3.57,0,54,0,0,.64,0,,0	1 serving~56|1 package~680
2161715	B	28	89,16.1,1.79,3.57,1140,1.79,0,36,0,0,0,0,,0	1 serving~56|1 package~680
2065695	B	27	242,12.1,22,2.2,791,1.1,6.59,49,0,0,.79,22,,0	1 link~91|1 package~182
375021	B	64	667,6.67,66.7,0,833,0,20,100,0,0,0,0,,0	1 serving~15
2071952	B	27	242,11,22,2.2,846,1.1,7.69,49,0,0,.79,22,,0	1 link~91|1 package~182
2155636	B	27	220,12.1,17.6,4.4,1040,1.1,6.59,55,0,0,.79,0,,0	1 link~91|1 package~364
1967231	B	27	220,12.1,17.6,4.4,1030,1.1,6.59,55,0,0,.79,0,,0	1 link~91|1 package~364
1893114	B	27	187,15.4,12.1,5.49,1150,1.1,4.95,55,0,0,1.58,22,,0	1 link~91|1 package~364
1967230	B	27	165,14.3,9.89,5.49,1030,1.1,4.4,55,0,0,1.19,22,,0	1 link~91|1 package~364
1900395	B	28	107,19.6,3.57,0,929,0,.89,62,0,0,.64,0,,0	1 serving~56|1 package~227
2271582	B	28	232,10.7,17.9,3.57,1090,1.79,7.14,54,0,0,.64,0,,0	1 serving~56|1 package~454
2269723	B	28	95,19,1.79,1.19,905,1.19,.6,54,0,0,.86,0,,0	1 serving~84|1 package~198
2493037	B	28	89,19.6,1.79,1.79,1110,0,,54,,,1.29	1 serving~56|1 package~340
2401751	B	2	350,25,30,0,750,0,20,100,0,0,,750	1 snack~20|1 package~160
381921	B	2	321,25,25,0,1000,0,14.3,89,0,0,0,893,,0	1 serving~28
2188040	B	33	233,13.3,13.3,10,450,0,10,33,3.3,0,0,333,,0	1 piece~30|1 package~180
1597553	B	55	160,1,0,40,10,4,0,0,3,0,.72,20,,90	1 cup~100
1546119	B	20	50,3.33,0,10.8,96,.83,0,0,5,0,1.2,50,,12.5	1 baby green artichokes~120
2095837	B	20	50,2,.5,11,0,0,,,,,1.08,0,,12	1 serving~100
2412362	B	74	261,8.7,0,52.2,543,0,0,0,0,0,4.35,17,96,,0	1 wrapper~23|1 package~454
2595854	B	38	352,7.04,7.04,63.4,634,28.2,3.52,35,0,0,0,85,141,,0	1 craape~14.2
2280576	B	152	352,7.04,7.04,63.4,634,28.2,3.52,35,0,0,2.54,85,141,,0	1 crepe~14.2|1 package~142
1661888	B	20	70,0,0,20,10,0,0,0,0,0,0,0,,12	1 tbsp~10
2437482	B	20	143,13.1,7.14,10.7,12,0,.6,0,3.6,0,3.45,194,610,,0	1/3 cup~84|1 package~284
2083094	B	68	71,1.77,0,15.9,257,0,0,0,0,0,.32,0,,8	¼ of package~113|1 package~454
2615301	B	68	71,1.77,0,15.9,257,0,0,0,0,0,.32,0,,8,,,,64	¼ of package~113|1 package~454
2452851	B	27	164,12.7,8.18,10.9,855,3.64,.91,0,3.6,0,1.96,73,382,,0,1.82,3.64	2 " piece /~55|1 package~340
2439227	B	32	500,0,41.7,33.3,1000,16.7,,,16.7,,,,,100	1 tsp~6|1 package~241
2396365	B	22	383,4.67,10,76.7,0,39.3,5,0,11.3,0,1.2,0,1260,,0	1 bar~30|1 package~360
2396364	B	13	300,5,3,70,0,32.3,.33,0,9,0,3.33,27,1130,,0	1 bar~30|1 package~360
2396363	B	22	350,4,9,66.7,0,38.7,0,0,9.7,0,1.8,10,900,,0	1 bar~30|1 package~360
2396354	B	22	313,4,2.33,76.7,10,40,0,0,10.3,0,0,20,1210,,0	1 bar~30|1 package~360
1138156	B	39	47,3.39,1.06,5.51,53,5.08,.64,4,0,0,0,127	1 cup~236
1138925	B	39	55,3.39,2.12,5.51,53,5.08,1.27,8,0,0,0,127	1 cup~236
104099100145632	O	239	25,.417,1.04,3.33,75,2.92,0	
1143018	B	17	87,8,1.67,10.7,33,8.67,1.33,10,.7,0,0,93,120,,0	1 container~150
736662	B	17	73,8,0,9.33,27,8.67,0,3,0,0,0,67,93,,1	1 container~150
736934	B	17	73,8,0,9.33,27,8,0,3,0,0,0,67,93,,1	1 container~150
729254	B	17	76,2.94,.88,14.1,38,11.2,.59,6,0,0,0,106,141,,0	1 serving~170
104099100131901	O	553	87.7,9.65,3.95,4.39,421,3.51,2.63,21.9,,,.0877,70.2,114,,,,,,,,,,,,,,,,,,,,,0	1 serving~114|1 package~680
100041498302627	O	380	88.2,9.41,4.12,2.94,32.4,2.94,2.06,14.7,0,,0,100,124,,0	1 serving~170|1 package~907
104099100140859	O	554	50,3.33,2.08,4.58,0,4.58,1.46,,0,,0,,146,,1.04	1 cup~240|1 package~1814
731308	B	17	107,7.33,3,13.3,50,11.3,2,13,0,0,0,67,93,,0	1 serving~150
104099100131932	O	71	100,3.33,6.67,6.67,250,6.67,5,33.3,0,0,0,200,233,,0	2 tbsp~30|1 package~454
104099100131871	O	227	78.9,10.6,2.2,4.41,430,4.41,1.32,13.2,,,0,7.02,3.51,,,,,,,,,,,,,,,,,,,,,0	½ cup~114|1 package~680
1152494	B	17	93,8,1.67,12,40,10.7,1.33,10,.7,0,0,93,133,,0	1 container~150
1066901	B	25	58,2.08,1.04,10.4,67,9.17,.62,4,0,0,0,64,,,0	1 cup~240
736656	B	17	73,8,0,9.33,27,8,0,3,0,0,0,67,93,,1	1 container~150
100041498146566	O	200	58.8,10.6,0,3.53,62.8,3.53,0,6,0,0,0,133,146	1 serving~170
731086	B	17	100,7.33,3,11.3,35,10,2,13,0,0,0,67,93,,0	1 serving~150
728326	B	17	76,2.94,.88,14.1,38,11.2,.59,6,0,0,0,100,135,,0	1 serving~170
729184	B	17	76,2.94,.88,13.5,38,11.2,.59,6,0,0,0,100,129,,0	1 serving~170
732422	B	17	76,2.94,.88,13.5,38,10.6,.59,6,0,0,0,100,135,,0	1 serving~170
736664	B	17	73,8.67,0,9.33,27,8.67,0,3,0,0,0,67,93,,1	1 container~150
104099100195385	O	285	41.2,4.12,0,6.47,52.9,5.29,,2.94,,,0,136,176,0,,,,,,,,,,0,0,,0,,0,0,0,0,0,0,0	¾ cup~170|1 package~907
1143017	B	17	87,8,1.67,10,40,8.67,1,10,0,0,0,87,107,,0	1 container~150
736666	B	17	73,8,0,9.33,30,8,0,3,0,0,0,67,93,,1	1 container~150
1064493	B	2	106,11.5,4.42,4.42,381,3.54,2.65,27,.2,0,.18,88,168,,0	½ cup~113
736682	B	17	73,8,0,9.33,27,8,0,3,0,0,0,67,93,,1	1 container~150
731918	B	17	76,2.94,.88,13.5,38,11.2,.59,6,0,0,0,100,135,,0	1 serving~170
733498	B	17	107,8,3,11.3,40,9.33,2,13,.7,0,.24,67,93,,0	1 serving~150
104099100060669	O	202	66.7,10,0,4.67,40,2.67,0,6.67,0,,0,,,0,,,,,,,,,,0,0,,0,,0,0,0,0,0,0,0	1 serving~150
100041498220723	O	250	93.3,3.18,6.64,4.46,40.4,4.39,4.53,24.5,.347,0,.047,113,144,1.05,.0987,,,,.106,.0393,.18,.0417,9.25,10.7,90.8,.413,.382,.333,.0049,.0109,1.54,,.137,,,0	1 serving~170|1 package~907
1139054	B	39	64,3.39,3.39,5.08,53,5.08,2.12,15,0,0,0,106,119,,.425	1 cup~236
104099100030143	O	200	55.4,5.54,3.11,2.42,,1.38,1.73	1 serving~170|1 package~907
1956888	B	19	0,0,0,20,800,20,0,0,0,0,0,0,,72	1 tsp~5|1 package~140
2563087	B	3	268,2.79,10.1,42.5,101,34.1,5.59,34,.6,0,.56,61,134,,0	1 dessert cup~179
2563079	B	52	349,2.41,18.7,43.4,114,35.5,9.04,21,.6,0,2.17,54,139,,0	1 cake single~166|1 package~251
2176106	B	3	349,2.41,18.7,43.4,114,35.5,9.04,21,.6,0,2.17,54,139,,0	1 cake single~166|1 package~1500
2021090	B	3	219,4.11,11,27.4,55,23.3,6.85,34,0,0,.49,82,,0	½ cup~73|1 package~1420
2563018	B	3	193,3.41,9.09,25,57,21.6,5.68,34,0,0,0,91,148,,0	2/3 cup~88
2563085	B	3	240,2.86,10.3,34.3,91,26.3,6.86,26,.6,0,0,46,86,,0	1 dessert cup~175
2631520	B	3	227,2.27,10.2,31.8,91,23.9,6.82,34,0,0,0,102,159,,0	2/3 cup~88
2615002	B	52	220,3.66,7.32,36.6,98,22,4.27,18,0,0,.49,122,244,,0,,,110	2/3 cup~82
2276128	B	3	220,3.66,7.32,36.6,98,22,4.27,18,0,0,.49,122,244,,0	2/3 cup~82|1 package~1410
2614971	B	3	224,2.99,10.4,28.4,172,23.9,6.72,37,0,0,0,90,,0,,,,81	½ cup~67
2614977	B	3	224,4.48,13.4,22.4,82,19.4,6.72,37,0,0,0,90,,0,,,,81	½ cup~67
2614991	B	3	219,2.74,9.59,28.8,103,24.7,6.16,34,0,0,0,110,,0,,,,74	½ cup~73
2020066	B	3	219,2.74,9.59,28.8,103,24.7,6.16,34,0,0,0,110,,0	½ cup~73|1 package~1420
1890708	B	3	254,3.73,8.96,40.3,172,29.1,5.22,30,.7,0,.27,75,,0	1 sundae~134
2631515	B	3	257,3.81,12.4,33.3,105,24.8,8.57,33,1,0,1.24,95,238,,0	1 sundae~105|1 package~177
2614992	B	52	225,4.23,8.45,35.2,92,23.9,4.93,21,1.4,0,0,113,,0,,,,76	½ cup~71
2614990	B	3	176,5.41,5.41,27,162,21.6,3.38,14,0,0,0,203,,0,,,,24	½ cup~74
2631525	B	3	244,2.44,9.76,35.8,102,29.3,6.5,33,0,0,0,98,171,,0	1 sundae~123
2614986	B	3	219,2.74,9.59,28.8,82,24.7,6.16,34,0,0,0,110,,0,,,,74	½ cup~73
2631527	B	3	233,3.33,13.3,26.7,72,21.1,8.89,39,1.1,0,.44,111,233,,0	2/3 cup~90
2278816	B	3	236,3.37,13.5,24.7,62,20.2,8.99,39,1.1,0,.45,90,191,,0	2/3 cup~89|1 package~1420
2563044	B	3	216,3.92,10.8,27.4,88,21.6,6.86,34,1,0,1.27,88,196,,0	.11 roll~102|1 package~1419
2562991	B	3	252,3.74,14,29,103,22.4,9.35,33,.9,0,1.87,75,187,,0	.07 cake~107|1 package~2366
2562988	B	52	265,3.06,15.3,29.6,92,24.5,11.2,31,1,0,1.53,61,163,,0	.2 cake~98|1 package~769
2562992	B	3	189,3.33,8.89,25.6,50,23.3,5.56,33,0,0,0,89,133,,0	2/3 cup~90
2563045	B	3	296,3.7,20.4,27.8,65,20.4,16.7,37,1.9,0,.93,106,202,,0	1 bar~54|1 package~81.3
2563028	B	3	205,3.41,11.4,22.7,57,19.3,6.82,40,1.1,0,.57,91,227,,0	2/3 cup~88
2631523	B	3	244,4.44,14.4,25.6,67,20,8.89,44,1.1,0,1.33,122,344,,0	2/3 cup~90
2562996	B	3	271,3.39,15.2,35.6,178,20.3,6.78,17,1.7,0,1.69,85,207,,0	1 bar~59
2449880	B	3	266,3.23,12.1,35.5,89,25.8,8.87,24,.8,0,.73,81,226,,0	1 sundae~124
2614965	B	3	232,3.16,8.42,30.5,95,25.3,4.21,16,1.1,0,0,84,158,,0,,,179	2/3 cup~95
2614969	B	3	239,2.99,11.9,29.8,60,22.4,6.72,37,0,0,0,90,,0,,,,54	½ cup~67
2631518	B	3	266,3.23,12.1,37.1,101,25.8,8.87,24,.8,0,.81,105,258,,0	1 sundae~124
2614972	B	3	224,4.48,11.9,25.4,60,20.9,6.72,37,0,0,.54,90,,0,,,,81	½ cup~67
2149842	B	3	343,4.04,17.2,50.5,131,32.3,9.09,15,1,0,1.21,56,131,,0	1 sandwich~99|1 package~532
2631529	B	3	250,4.76,11.9,33.3,107,25,5.36,18,2.4,0,1.43,131,393,,0,,,119	2/3 cup~84
2631522	B	3	229,4.82,7.23,37.4,90,22.9,4.82,18,1.2,0,1.33,120,349,,0,,,108	2/3 cup~83
1922084	B	3	205,3.85,11.5,23.1,45,21.8,6.41,38,1.3,0,1.38,77,,0	½ cup~78|1 package~1420
2631526	B	3	261,4.2,13.4,31.9,84,23.5,9.24,34,1.7,0,1.43,109,353,,0	1 sundae~119
2563078	B	52	281,4.09,12.3,39.2,117,25.7,9.36,20,1.2,0,1.46,76,246,,0	1 cake single~171
2563068	B	52	250,3.85,13.5,30.8,91,23.1,9.62,34,1,0,.87,77,183,,0	.12 cake~104|1 package~1183
2563011	B	3	227,3.09,10.3,28.9,52,24.7,7.22,36,1,0,1.03,82,258,,0	2/3 cup~97
2172999	B	3	250,4.76,11.9,33.3,101,23.8,5.36,18,2.4,0,1.43,131,381,,0	2/3 cup~84|1 package~1410
2631521	B	3	253,6.32,12.6,30.5,147,21,5.26,16,2.1,0,1.05,126,368,,0,,,105	2/3 cup~95
2152761	B	3	357,6.12,21.4,35.7,153,22.4,11.2,26,3.1,0,1.63,71,245,,0	1 cone~98|1 package~544
2614975	B	3	227,4.55,12.1,24.2,61,19.7,7.58,45,0,0,.55,91,,0,,,,82	½ cup~66
2015668	B	3	227,4.55,12.1,24.2,61,19.7,7.58,45,0,0,.55,91,,0	½ cup~66|1 package~1420
2614993	B	52	203,5.41,6.08,31.1,81,24.3,4.73,14,1.4,0,0,135,,0,,,,0	½ cup~74
2614987	B	3	212,3.03,9.09,27.3,61,22.7,6.06,38,0,0,0,91,,0,,,,55	½ cup~66
2614964	B	3	224,4.48,10.4,26.9,90,20.9,5.97,37,0,0,0,90,,0,,,,54	½ cup~67
2614955	B	3	197,4.55,10.6,22.7,61,19.7,6.06,38,0,0,0,91,,0,,,,82	½ cup~66
1890704	B	3	71,0,0,19.6,0,16.1,0,0,0,0,0,0,,26.8	1 bar~56|1 package~1040
2528067	B	3	72,0,0,18.6,9,15,0,0,0,0,0,0,0,,0	1 serving~167
2563103	B	3	276,3.81,11.4,39,133,24.8,7.62,24,1,0,1.52,105,248,,0	1 sundae~105|1 package~177
2563089	B	3	322,3.39,18.6,37.3,186,20.3,8.47,25,1.7,0,4.41,85,178,,0	1 bar~59
2614958	B	3	239,4.48,11.9,28.4,97,22.4,6.72,37,0,0,0,90,,0,,,,54	½ cup~67
2614966	B	3	225,4.23,8.45,36.6,120,22.5,4.93,21,1.4,0,1.01,113,,0,,,,51	½ cup~71
2563075	B	3	209,3.3,11,24.2,60,19.8,6.59,38,1.1,0,.66,99,242,,0	2/3 cup~91
2326692	B	3	226,3.77,12.3,25.5,66,20.8,7.55,38,.9,0,.47,94,198,,0	.11 roll~106|1 package~1420
2631528	B	3	253,3.61,12,33.7,108,24.1,5.42,18,1.2,0,.72,133,289,,0,,,130	2/3 cup~83
2652308	B	3	226,3.77,12.3,25.5,66,20.8,7.55,38,.9,0,.47,94,198,,0	.11 roll~106|1 package~1419
2563073	B	3	247,4.12,13.4,28.9,67,22.7,8.25,41,1,0,1.13,82,278,,0	2/3 cup~97
2563046	B	3	315,3.7,20.4,29.6,74,22.2,16.7,28,1.9,0,1.85,87,206,,0	1 bar~54|1 package~81.3
2563047	B	3	327,4.08,15.3,45.9,184,27.6,11.2,20,2,0,4.08,67,172,,0	1 cone~98
2327081	B	3	306,4.08,15.3,41.8,143,25.5,11.2,26,2,0,2.35,71,224,,0	1 cone~98|1 package~544
2614978	B	3	227,4.55,12.1,25.8,61,19.7,7.58,45,0,0,1.09,121,,0,,,,82	½ cup~66
2563001	B	3	205,3.41,10.2,25,57,21.6,5.68,68,0,0,0,102,159,,0	2/3 cup~88
1944498	B	3	268,4.23,9.86,39.4,239,19.7,6.34,28,1.4,0,.56,106,141,,0	1 sandwich~71|1 package~709
1858421	B	3	268,4.23,9.86,40.8,225,21.1,6.34,28,1.4,0,1.01,85,,0	1 sandwich~71|1 package~710
2631530	B	52	279,4.41,8.82,45.6,162,20.6,5.15,29,1.5,0,.59,88,0,,0	2 sandwiches~68
2631519	B	52	254,4.23,9.86,39.4,239,19.7,6.34,28,1.4,0,.56,113,141,,0	1 sandwich~71|1 package~118
1858401	B	3	225,4.23,8.45,35.2,92,22.5,4.93,21,0,0,0,113,,0	½ cup~71|1 package~1420
1858415	B	3	203,5.41,6.76,31.1,101,21.6,4.73,14,0,0,.49,135,,0	½ cup~74|1 package~1420
2614980	B	52	203,5.41,5.41,32.4,95,24.3,4.05,14,0,0,0,135,,0,,,,0	½ cup~74
2631514	B	3	246,3.39,11.9,32.2,89,23.7,8.47,30,.8,0,.68,119,263,,0	1 sundae~118|1 package~177
2573756	B	3	169,3.39,11.9,33,76,23.7,8.47,30,.8,0,.68,119,254,,0	1 sundae~118|1 package~2120
2565656	B	3	279,4.65,11.6,39.5,198,22.1,5.81,29,1.2,0,.58,105,198,,0	1 sandwich~86|1 package~148
2614974	B	3	219,4.11,11,28.8,75,21.9,6.85,34,0,0,0,110,,0,,,,49	½ cup~73
2562997	B	3	149,4.48,2.99,26.9,75,20.9,1.49,7,1.5,0,1.49,140,234,,0	1 bar~67
2563099	B	3	268,2.82,15.5,28.2,35,22.5,12.7,14,1.4,0,1.41,70,141,,0	1 bar~71
2563098	B	3	225,2.82,12.7,25.4,120,21.1,11.3,14,1.4,0,.85,70,141,,0	1 bar per bar~71
2470374	B	3	146,4.17,3.12,29.2,62,22.9,2.08,10,0,0,0,125,260,,0	1 slice~48|1 package~532
2631524	B	3	235,2.94,13.7,22.6,23,18.6,8.82,54,0,.49,0,118,176,,0	2/3 cup~102
1858416	B	3	169,1.69,5.93,25.4,42,22,3.39,25,0,0,0,68,,2	1 bar~59|1 package~488
2008920	B	3	327,3.64,23.6,25.4,73,20,10.9,27,0,0,0,109,,0	1 bar~55
1859832	B	3	327,3.64,21.8,30.9,45,25.4,16.4,27,1.8,0,.65,73,,0	1 bar~55|1 package~488
1851483	B	3	309,3.64,21.8,27.3,64,23.6,16.4,27,0,0,0,109,,0	1 bar~55|1 package~488
1909148	B	3	309,3.64,21.8,30.9,64,23.6,16.4,27,1.8,0,1.96,73,,0	1 bar~55|1 package~488
1858402	B	3	309,3.64,20,29.1,45,23.6,16.4,27,1.8,0,.65,109,,0	1 bar~55|1 package~488
1907824	B	3	286,1.79,19.6,28.6,62,19.6,8.93,27,0,0,.64,71,,0	1 bar~56|1 package~488
1858405	B	3	293,3.26,15.2,39.1,125,26.1,9.78,27,1.1,0,.39,87,,0	1 cone~92|1 package~544
1922312	B	3	234,3.9,11.7,27.3,65,20.8,7.79,39,0,0,0,104,,0	.09 roll~77|1 package~1272
2156360	B	3	279,4.65,11.6,39.5,198,22.1,5.81,29,1.2,0,.58,105,198,,0	1 sandwich~86|1 package~887
1934858	B	3	254,4.23,9.86,39.4,239,19.7,6.34,28,1.4,0,.56,108,139,,0	1 sandwich~71|1 package~709
1925982	B	3	288,3.75,13.8,36.2,75,26.2,8.75,31,1.2,0,1.8,75,,0	½ cup~80|1 package~828
1855906	B	3	224,4.48,11.9,25.4,60,20.9,7.46,37,0,0,0,90,,0	½ cup~67|1 package~1420
1858980	B	3	261,4.2,13.4,32.8,76,23.5,9.24,34,.8,.42,1.21,84,,0	1 sundae~119
1908955	B	3	246,4.24,11.9,32.2,85,21.2,8.47,30,0,0,.61,85,,0	1 sundae cup~118|1 package~2130
2015439	B	3	244,3.15,11,33.9,63,25.2,6.3,24,.8,0,.28,79,,.9	1 sundae~127
2139488	B	3	361,3.01,21.7,39.2,211,27.1,11.4,18,.6,0,.54,48,102,,0	1 cake single~166|1 package~251
1887635	B	3	224,5.97,10.4,29.8,119,17.9,3.73,15,1.5,0,1.07,119,,0	½ cup~67|1 package~1420
2150259	B	3	180,3.28,5.74,27.9,66,18,3.28,25,0,0,0,131,,0	½ cup~61|1 package~1420
2015909	B	3	190,4.76,7.14,30.2,63,20.6,3.97,24,0,0,.57,127,,0	½ cup~63|1 package~1420
2020107	B	9	326,5.62,19.1,33.7,96,28.1,8.99,28,1.1,0,.4,67,,0	.12 cake~89|1 package~950
2614959	B	3	224,4.48,13.4,23.9,60,19.4,6.72,37,0,0,0,119,,0,,,,81	½ cup~67
2010364	B	3	224,4.48,13.4,23.9,60,19.4,6.72,37,0,0,0,119,,0	½ cup~67|1 package~1420
2614985	B	3	190,4.76,7.14,30.2,63,20.6,3.97,24,0,0,.57,127,,0,,,,86	½ cup~63
2614973	B	3	224,4.48,11.9,25.4,60,20.9,6.72,37,0,0,.54,90,,0,,,,81	½ cup~67
2565650	B	3	343,4.04,17.2,50.5,131,32.3,9.09,15,1,0,1.21,56,131,,0	1 sandwich~99
2563088	B	3	296,4.08,14.3,38.8,133,24.5,10.2,26,1,0,1.63,97,209,,0	1 cone~98
2156368	B	3	296,4.08,14.3,38.8,133,24.5,10.2,26,1,0,1.63,97,209,,0	1 cone~98|1 package~544
2470379	B	3	157,3.92,2.94,31.4,69,23.5,1.96,10,0,0,0,118,196,,0	1 slice~51|1 package~532
2153802	B	3	256,2.91,10.5,38.4,105,29.6,6.98,17,1.7,0,1.57,70,151,,0	1 dessert cup~172
2614999	B	3	256,6.41,16.7,20.5,122,18,7.69,38,2.6,0,1.38,103,,0,,,,69	½ cup~78
2614997	B	3	208,3.9,13,19.5,39,18.2,7.79,45,1.3,0,.94,104,,0,,,,94	½ cup~77
2615001	B	3	219,4.11,12.3,21.9,55,21.9,8.22,41,0,0,0,110,,0,,,,74	½ cup~73
2563069	B	3	204,3.88,12.6,19.4,49,19.4,7.77,44,1,0,.58,107,184,,0	2/3 cup~103
2528081	B	3	205,3.85,10.3,24.4,51,23.1,6.41,38,0,0,0,103,,0	1 serving~78
2614998	B	3	218,3.85,11.5,24.4,83,24.4,7.69,45,0,0,0,103,,0,,,,92	½ cup~78
2533779	B	3	218,3.85,11.5,24.4,83,24.4,7.69,45,0,0,0,103,,0	1 serving~78
2615000	B	3	231,5.13,14.1,24.4,109,21.8,6.41,38,1.3,0,.46,103,,0,,,,69	½ cup~78
2614996	B	3	195,3.9,11.7,19.5,52,19.5,7.79,45,0,0,0,130,,0,,,,94	½ cup~77
2562999	B	3	316,5.1,17.4,36.7,112,23.5,10.2,26,1,0,1.02,97,196,,0	1 cone~98
2562998	B	3	316,5.1,17.4,36.7,97,22.4,10.2,26,2,0,1.02,96,209,,0	1 cone~98
2071564	B	3	225,4.23,8.45,35.2,85,23.9,5.63,21,0,0,0,113,,0	½ cup~71|1 package~1420
2139483	B	3	211,2.63,7.89,32.5,66,23.7,6.14,18,0,0,0,53,0,,0	.12 cake~114|1 package~1183
2563048	B	3	167,1.85,5.56,25.9,56,18.5,3.7,19,0,0,0,91,0,,0	1 bar~54|1 package~81.3
2563004	B	3	159,1.87,5.61,26.2,51,21.5,3.27,19,0,0,0,65,93,,0	2/3 cup~107
2563074	B	52	211,2.63,7.89,32.5,66,23.7,6.14,18,0,0,0,53,0,,0	.12 cake~114|1 package~1183
2562990	B	52	284,2.94,14.7,34.3,127,25.5,8.82,25,1,0,1.08,78,147,,0	.09 cake~102|1 package~1774
2020537	B	3	244,2.44,10.6,34.2,98,29.3,6.5,33,0,0,0,81,138,,0	1 sundae~123
2156372	B	3	337,4.08,16.3,48,128,30.6,9.18,31,1,0,1.02,61,122,,0	1 sandwich~98|1 package~532
2565648	B	3	337,4.08,16.3,48,128,30.6,9.18,31,1,0,1.02,61,122,,0	1 sandwich~98
2328002	B	3	253,4.82,12,32.5,102,24.1,5.42,18,1.2,0,.72,120,289,,0	2/3 cup~83|1 package~1410
2563052	B	3	258,3.09,13.4,29.9,57,25.8,7.22,31,0,0,0,82,134,,0	2/3 cup~97
2651545	B	52	256,6.1,11,32.9,152,20.7,4.27,18,1.2,0,.73,122,305,,0,,,110	2/3 cup~82
2651459	B	3	290,6.87,17.6,28.2,168,22.1,7.63,31,1.5,0,.46,107,267,,0	1 sundae~131
2614982	B	3	288,5.48,16.4,28.8,110,20.6,8.22,34,1.4,0,2.74,8,,0,,,,5	½ cup~73
2162121	B	3	306,4.96,19.8,32.2,140,27.3,7.44,25,1.7,0,2.07,91,281,,0	.09 cake~121|1 package~1770
2631516	B	3	281,5.19,14.8,34.1,119,24.4,9.63,26,1.5,0,.89,119,296,,0	1 sundae~135
2563082	B	3	355,7.1,23.1,33.1,166,26,9.47,27,3,0,1.83,65,314,,0	1 dessert cup~169
2083533	B	3	304,6.67,17.8,31.1,170,23.7,8.15,22,2.2,0,.81,89,281,,0	1 sundae~135
2563083	B	52	293,2.87,13.2,41.4,121,35.6,6.32,23,.6,0,.29,63,121,,0	1 dessert cup~174
2614984	B	3	190,4.76,7.14,27,71,17.5,3.17,24,0,0,0,127,,0,,,,86	½ cup~63
2563050	B	52	248,2.97,13.9,28.7,94,22.8,9.9,30,1,0,1.58,69,178,,0	.12 cake~101|1 package~1183
1859744	B	3	262,3.75,13.8,30,88,22.5,10,31,0,0,0,75,,0	.1 cake~80|1 package~1180
1859743	B	3	329,4.88,19.5,36.6,122,28,8.54,24,2.4,0,0,73,,0	.07 cake, per container~82|1 package~1774
1945555	B	3	280,4,14.7,34.7,147,25.3,8,27,1.3,0,.96,80,,0	.07 cake~75|1 package~1774
2121308	B	3	224,2.99,10.4,28.4,179,23.9,6.72,37,0,0,0,90,,0	½ cup~67|1 package~1420
1850435	B	3	197,3.03,10.6,24.2,61,19.7,6.82,38,0,0,0,91,,0	½ cup~66|1 package~1420
1944437	B	3	219,4.11,11,28.8,75,21.9,6.85,34,0,0,0,110,,0	½ cup~73|1 package~1420
1887636	B	3	234,3.9,14.3,22.1,58,18.2,9.09,58,0,0,0,130,,0	½ cup~77|1 package~1420
1859687	B	3	197,3.03,10.6,22.7,61,19.7,6.06,38,0,0,0,91,,1.8	½ cup~66|1 package~1420
1855680	B	3	197,4.55,10.6,22.7,61,19.7,6.06,38,0,0,0,91,,0	½ cup~66|1 package~1420
1850227	B	3	233,4.11,12.3,26,62,20.6,6.16,34,0,0,0,110,,0	½ cup~73|1 package~1420
1859428	B	3	212,3.03,10.6,24.2,61,19.7,6.82,38,0,0,0,91,,0	½ cup~66|1 package~1420
2150431	B	3	252,3.74,14,29,103,22.4,9.35,33,.9,0,1.87,75,187,,0	.07 cake~107|1 package~2400
2614960	B	3	224,4.48,11.9,23.9,75,19.4,6.72,37,0,0,0,119,,0,,,,81	½ cup~67
2614994	B	3	224,2.99,10.4,26.9,67,22.4,7.46,37,0,0,0,90,,0,,,,54	½ cup~67
2614956	B	3	138,1.06,1.6,29.8,27,22.3,1.06,5,0,0,0,43,,2.6,,,,0	½ cup~94
2563086	B	3	246,2.92,9.36,40.4,88,29.8,6.43,20,1.2,0,.35,47,199,,0	1 dessert cup~171
2022190	B	3	101,0,0,24.7,0,23.6,0,0,0,0,0,0,,0	1 container~89
2614989	B	3	219,4.11,11,27.4,55,23.3,6.85,34,0,0,.49,82,,0,,,,49	½ cup~73
2078283	B	3	219,2.74,9.59,28.8,82,24.7,6.16,34,0,0,0,110,,0	½ cup~73|1 package~1420
2149256	B	3	239,2.99,11.9,29.8,60,22.4,6.72,37,0,0,0,90,,0	½ cup~67|1 package~1420
1985435	B	3	227,3.09,10.3,28.9,52,24.7,7.22,36,1,0,1.03,82,258,,0	2/3 cup~97|1 package~1420
2010453	B	3	227,4.55,12.1,25.8,61,19.7,7.58,45,0,0,1.09,121,,0	½ cup~66|1 package~1420
2016044	B	3	205,3.41,10.2,25,57,21.6,5.68,68,0,0,0,102,159,,0	2/3 cup~88|1 package~1420
1858400	B	3	101,0,0,25.8,0,24.7,0,0,0,0,0,0,,0	1 bar~89|1 package~488
2162201	B	3	258,3.09,13.4,29.9,57,25.8,7.22,31,0,0,0,82,134,,0	2/3 cup~97|1 package~1420
2010390	B	3	288,5.48,16.4,28.8,110,20.6,8.22,34,1.4,0,.49,82,,0	½ cup~73|1 package~1420
1855907	B	3	197,3.03,9.09,25.8,61,21.2,6.06,38,0,0,0,91,,0	½ cup~66|1 package~1420
2010391	B	3	224,4.48,11.9,23.9,75,19.4,6.72,37,0,0,0,119,,0	½ cup~67|1 package~1420
2563076	B	3	186,3.09,8.25,25.8,52,22.7,5.15,31,0,0,0,82,134,,0	2/3 cup~97
2614961	B	3	254,4.48,13.4,28.4,60,23.9,10.4,37,0,0,0,90,,0,,,,54	½ cup~67
2563091	B	3	213,3.37,11.2,25.8,56,22.5,6.74,39,0,0,0,101,157,,0	2/3 cup~89
2278662	B	3	213,3.37,11.2,25.8,56,22.5,6.74,39,0,0,0,101,157,,0	2/3 cup~89|1 package~1420
2614970	B	3	219,4.11,11,26,62,21.9,6.16,34,0,0,0,82,,0,,,,74	½ cup~73
2614988	B	3	219,2.74,9.59,30.1,55,21.9,5.48,34,0,0,0,82,,0,,,,49	½ cup~73
2156206	B	3	333,4.3,14,49.5,226,28,6.45,16,3.2,0,1.08,75,237,,0	1 sandwich~93|1 package~532
2565649	B	3	333,4.3,14,49.5,226,28,6.45,16,3.2,0,1.08,75,237,,0	1 sandwich~93
2565654	B	3	344,4.17,14.6,50,250,33.3,9.38,26,1,0,2.4,78,156,,0	1 sandwich~96
2154583	B	3	176,5.41,5.41,27,162,21.6,3.38,14,0,0,0,203,,0	½ cup~74|1 package~1420
2562994	B	3	296,3.7,20.4,27.8,65,22.2,14.8,28,1.9,0,0,107,0,,0	1 bar~54|1 package~81.3
2562995	B	3	288,3.39,15.2,33.9,127,20.3,6.78,17,0,0,0,68,0,,0	1 bar~59
2563080	B	52	361,3.01,21.7,39.2,211,27.1,11.4,18,.6,0,.54,48,102,,0	1 cake single~166|1 package~251
2563081	B	52	284,2.75,15.6,32.1,124,23.8,10.1,28,0,0,0,64,119,,0	.12 cake~109|1 package~1183
2563100	B	3	225,2.82,14.1,25.4,35,18.3,11.3,14,1.4,0,1.41,63,0,,0	1 bar~71
2563077	B	52	244,2.44,9.15,39.6,82,29.3,6.1,18,.6,0,.55,49,79,,0	1 cake single~164|1 package~251
2563061	B	52	240,2.88,11.5,31.7,82,23.1,8.65,29,0,0,.38,67,115,,0	.12 cake~104|1 package~1183
2614962	B	3	209,2.99,10.4,26.9,52,19.4,5.97,37,0,0,0,90,,5.4,,,,54	½ cup~67
2563084	B	3	279,2.91,12.2,39,78,32.6,7.56,29,0,0,0,58,110,,0	1 dessert cup~172
2563022	B	3	258,3.09,14.4,27.8,98,22.7,8.25,31,0,0,0,93,144,,0	2/3 cup~97
2149211	B	3	258,3.09,14.4,27.8,98,22.7,8.25,31,0,0,0,93,144,,0	2/3 cup~97|1 package~1420
1858982	B	3	246,4.24,11.9,32.2,85,21.2,8.47,30,0,0,.61,85,,0	1 sundae cup~118|1 package~1770
1913127	B	3	297,2.7,13.5,40.5,122,24.3,9.46,27,0,0,0,108,,0	1 cone~37|1 package~355
2324272	B	3	282,6.11,16,30.5,107,22.9,8.4,27,1.5,0,.76,84,267,,0	1 sundae~131
1890706	B	3	252,3.25,11.4,34.2,73,26,8.13,24,.8,0,.88,81,,0	1 sundae~123
1890705	B	3	272,4.8,12,37.6,112,23.2,8,32,1.6,.4,1.15,80,,0	1 sundae~125
1858981	B	3	235,2.94,8.09,39,74,28.7,4.41,22,.7,.74,.53,59,,2.6	1 sundae~136
1859473	B	3	263,4.51,12,34.6,128,26.3,7.52,30,.8,0,.54,113,,0	1 sundae~133
1890707	B	3	182,1.4,5.59,33.6,28,25.9,4.2,7,.7,0,.76,42,,.8	1 sundae~143
2563102	B	3	305,3.39,18.6,32.2,102,18.6,8.47,25,0,0,0,102,153,,0	1 bar~59
2311718	B	3	256,6.1,11,32.9,152,20.7,4.27,18,1.2,0,.73,122,305,,0	2/3 cup~82|1 package~1410
2565646	B	3	306,4.08,15.3,41.8,143,25.5,11.2,26,2,0,2.35,71,224,,0	1 cone~98
2565647	B	3	357,6.12,21.4,35.7,153,22.4,11.2,26,3.1,0,1.63,71,245,,0	1 cone~98
2565653	B	3	296,4.08,14.3,38.8,133,24.5,10.2,26,1,0,1.63,97,209,,0	1 cone~98
2565652	B	3	306,5.1,16.3,36.7,112,23.5,10.2,26,1,0,.61,97,224,,0	1 cone~98
2565651	B	3	316,5.1,17.4,36.7,102,22.4,10.2,26,2,0,.71,92,235,,0	1 cone~98
2565645	B	3	306,5.1,17.4,32.6,97,20.4,10.2,26,1,0,.61,102,235,,0	1 cone~98
2563049	B	3	321,3.57,23.2,30.4,98,21.4,17.9,27,0,0,0,127,198,,0	1 bar~56
2008864	B	52	225,4.23,9.86,32.4,99,23.9,4.23,21,0,0,0,113,,0	½ cup~71|1 package~1420
2563101	B	3	305,3.39,18.6,32.2,102,18.6,8.47,25,0,0,0,102,153,,0	1 bar~59
2614983	B	3	212,3.03,10.6,24.2,61,19.7,6.82,38,0,0,0,91,,0,,,,82	½ cup~66
2573755	B	3	205,3.85,10.3,24.4,51,23.1,6.41,38,0,0,0,103,,0,,,,69	½ cup~78|1 package~1420
2147426	B	3	218,3.85,11.5,24.4,83,24.4,7.69,45,0,0,0,103,,0	½ cup~78|1 package~1420
2563029	B	3	205,3.41,11.4,22.7,57,19.3,6.82,40,0,0,.45,91,205,,0	2/3 cup~88
2008865	B	3	205,3.41,11.4,22.7,57,19.3,6.82,40,0,0,.45,91,205,,0	2/3 cup~88|1 package~1420
2562993	B	3	296,3.7,20.4,25.9,65,20.4,16.7,28,1.9,0,0,117,183,,0	1 bar~54|1 package~81.3
2563097	B	3	197,2.82,12.7,18.3,28,15.5,11.3,14,0,0,.85,70,0,,0	1 bar~71
2565655	B	52	244,3.49,9.3,37.2,186,19.8,5.81,29,1.2,0,0,105,151,,0	1 sandwich~86|1 package~148
2327094	B	3	316,5.1,17.4,36.7,102,22.4,10.2,26,2,0,.71,92,235,,0	1 cone~98|1 package~544
2614981	B	3	180,3.28,5.74,27.9,66,18,3.28,25,0,0,0,131,,0,,,,89	½ cup~61
2147379	B	3	231,5.13,14.1,24.4,109,21.8,6.41,38,1.3,0,.46,103,,0	½ cup~78|1 package~1420
2563000	B	3	205,3.41,12.5,21.6,57,17,7.95,45,0,0,0,91,148,,0	2/3 cup~88
2278761	B	3	244,3.49,9.3,37.2,186,19.8,5.81,29,,0,0,105,151,,0	1 sandwich~86|1 package~887
2162204	B	3	254,4.48,13.4,28.4,60,23.9,10.4,37,0,0,0,90,,0	½ cup~67
2614963	B	52	203,5.41,6.76,31.1,101,21.6,4.73,14,0,0,.49,135,,0,,,,0	½ cup~74
2614979	B	3	138,1.06,1.6,29.8,27,22.3,1.06,5,0,0,0,43,,0,,,,19	½ cup~94
2528122	B	9	224,.93,6.54,39.2,23,30.8,5.61,5,.9,0,0,37,0,,0	1 serving~107|1 package~1183
2563043	B	52	150,1.36,2.38,29.9,44,23.8,1.36,7,0,0,0,41,0,,0	.09 roll~147|1 package~1715
2149971	B	3	150,1.36,2.38,29.9,44,23.8,1.36,7,0,0,0,41,0,,0	.09 roll~147|1 package~1715
1858423	B	3	203,5.41,5.41,32.4,95,24.3,4.05,14,0,0,0,135,,0	½ cup~74|1 package~1420
2437564	B	36	173,23.9,6.19,7.08,496,0,2.21,62,0,0,7.08,33,265,,0	1 serving~113|1 package~454
1868208	B	0	607,25,42.9,28.6,18,0,7.14,0,14.3,0,0,0,,0	25 peanuts /~28|1 package~255
1856680	B	2	71,11.5,0,5.31,381,4.42,0,4,0,0,0,88,150,0,,0,0	½ cup~113|1 package~453
2015066	B	2	97,8.85,0,15,274,13.3,0,4,0,0,0,68,126,,0	½ cup~113|1 package~453
2616428	B	2	71,10.6,0,5.31,381,4.42,0,4,0,0,0,94,159,,0,,,54	½ cup~113|1 package~454
2616425	B	2	97,8.85,0,15,274,13.3,0,4,0,0,0,68,126,,0,,,41	½ cup~113|1 package~454
2623133	B	2	80,14.2,1.33,3.54,301,2.65,.88,9,0,0,0,89,128,,0,,,54	½ cup~113|1 package~453
2017304	B	2	77,13.4,1.06,4.23,324,3.52,.7,11,0,0,.25,70,134,0	1 serving~142
2209630	B	2	80,10.6,.88,7.08,230,5.31,.44,9,0,0,0,68,103,,0	½ cup~113|1 package~453
2616426	B	2	80,14.2,1.33,3.54,40,2.65,.88,9,0,0,0,91,126,,0,,,54	½ cup~113|1 package~454
2616427	B	2	80,14.2,1.33,3.54,319,2.65,.88,9,0,0,0,93,133,,0,,,54	½ cup~113|1 package~454
2015065	B	2	80,13.3,.88,4.42,49,3.54,.88,9,0,0,0,88,142,0,,0,0	½ cup~113
2616424	B	2	80,10.6,.88,7.08,230,5.31,.44,9,0,0,0,68,103,,0,,,41	½ cup~113|1 package~454
2307544	B	2	80,14.2,1.33,3.54,319,2.65,.88,9,0,0,.32,93,133,,0	½ cup~113|1 package~453
1855113	B	2	80,13.3,2.21,2.65,345,2.65,1.33,13,0,0,0,73,106,,0	½ cup~113|1 package~453
2616422	B	2	80,13.3,2.21,2.65,345,2.65,1.33,13,0,0,0,73,106,,0,,,54	½ cup~113|1 package~454
2657115	B	2	106,13.3,4.42,2.65,327,2.65,2.65,22,0,0,0,77,101,,0	½ cup~113|1 package~453
2623134	B	2	99,12.7,4.93,2.82,331,2.11,2.82,21,0,0,0,70,49,,0	1 serv~142
1856260	B	2	106,12.4,4.42,3.54,336,2.65,2.65,22,0,0,0,71,111,0,,1.33,0	½ cup~113|1 package~226
1856258	B	2	106,8.85,1.33,15,381,13.3,.88,9,0,0,0,88,115,3.2,,0,0	½ cup~113|1 package~226
2657140	B	2	125,14.3,8.93,0,393,0,5.36,36,0,0,0,0,0,,0	1 serving~28|1 package~213
2598034	B	2	125,14.3,8.93,0,393,0,5.36,36,0,0,0,0,0,,0	1 serving~28|1 package~454
2598032	B	2	125,14.3,8.93,0,393,0,5.36,36,0,0,0,0,0,,0	1 serving~28|1 package~213
2616431	B	39	50,3.75,1.46,5.83,56,5.42,.83,6,0,0,0,137,183,,1,,,38	1 cup~240
1856670	B	75	133,6.67,8.33,6.67,67,6.67,5,33,0,0,0,193,213,,0	2 tbsp~30|1 package~453
2616429	B	2	85,10.6,1.06,8.45,232,7.04,.7,7,0,0,0,56,99,,0,,,51	1 container~142
2616430	B	2	85,10.6,1.06,9.15,232,7.04,.7,7,0,0,0,56,99,,0,,,51	1 container~142
2598033	B	2	125,14.3,8.93,0,18,0,5.36,36,0,0,0,0,0,,0	1 serving~28|1 package~213
2390946	B	75	300,3.33,30,3.33,33,3.33,20,117,0,0,0,100,0,,0,8.33,0	2 tbsp~30|1 package~453
2616423	B	2	106,13.3,4.42,2.65,327,2.65,2.65,22,0,0,0,77,101,,0	½ cup~113|1 package~680
2445867	B	2	133,12.4,7.96,2.65,319,1.77,5.31,35,0,0,0,62,0,,0	cup~113|1 package~453
2623135	B	75	200,3.33,16.7,6.67,50,3.33,11.7,67,0,0,0,123,167,,0	2 tbsp~30|1 package~456
1857766	B	75	133,6.67,8.33,6.67,67,6.67,5,33,0,0,0,200,217,0,,1.67,0	2 tbsp~30|1 package~226
1907603	B	39	50,3.75,1.46,5.83,56,5.42,.83,6,0,0,0,137,183	1 cup~240|1 package~946
1925253	B	5	500,7.14,25,60.7,429,0,3.57,0,3.6,0,1.29,0,,21.4,,17.9,3.57	1 serving~28|1 package~142
2640818	B	5	500,7.14,25,60.7,625,0,3.57,0,3.6,0,1.29,0,,21.4,,17.9,3.57,0	1 serving~28|1 package~142
2670411	B	5	500,7.14,25,60.7,714,3.57,3.57,0,3.6,0,1.29,0,,21.4,,17.9,3.57,0	1 serving~28|1 package~142
2045536	B	1	308,5.13,0,74.4,0,74.4,0,0,0,0,0,0,,0	6 pieces~39|1 package~714
2114711	B	1	350,5,0,75,0,50,0,0,,0	2 pieces~20
2047235	B	1	400,2.5,15,65,200,37.5,11.2,0,0,0,0,50,,0	5 pieces~40|1 package~312
2023956	B	2	357,28.6,25,7.14,1460,3.57,14.3,89,3.6,0,0,1070,,0	¼ cup~28|1 package~141
2068928	B	2	357,21.4,28.6,3.57,1360,3.57,17.9,71,3.6,0,0,536,,0	¼ cup~28|1 package~141
2542202	B	2	393,25,32.1,3.57,643,0,17.9,89,3.6,0,0,714,,0	¼ cup~28|1 package~85
2011337	B	2	417,25,33.3,4.17,625,0,18.8,104,0,0,0,625,,0	1 piece~24|1 package~235
2653847	B	87	381,19,33.3,0,1380,0,14.3,95,0,0,1.9,0,0,,0	4 pieces~21
2287111	B	2	292,29.2,18.8,0,708,0,12.5,62,0,0,0,833,,0	1 piece~24|1 package~283
2287108	B	2	375,20.8,29.2,4.17,792,0,18.8,83,0,0,0,625,,0	1 piece~24|1 package~235
1867352	B	2	208,29.2,10.4,4.17,833,0,6.25,42,0,0,0,833,,0	1 piece~24|1 package~377
1896052	B	2	286,21.4,21.4,3.57,714,0,12.5,54,0,0,0,714,,0	1 piece~28|1 package~170
1896041	B	2	292,29.2,18.8,0,708,0,12.5,62,0,0,0,833,,0	1 piece~24|1 package~141
1896077	B	2	292,20.8,20.8,4.17,708,0,12.5,42,0,0,0,833,,0,6.25	1 piece~24|1 package~283
2068890	B	2	375,25,29.2,4.17,750,0,18.8,83,0,0,0,625,,0	1 piece~24|1 package~235
1896061	B	2	286,21.4,17.9,3.57,714,0,12.5,54,.9,0,0,714,,0	¼ cup~28|1 package~453
1896048	B	2	208,29.2,10.4,4.17,833,0,6.25,42,0,0,0,833,,0	1 piece~24|1 package~141
1896053	B	2	208,29.2,8.33,4.17,792,0,6.25,42,0,0,0,833,,0	1 piece~24|1 package~283
1885166	B	2	417,25,33.3,4.17,625,0,18.8,104,0,0,0,625,,0	1 piece~24|1 package~235
2385927	B	2	375,25,33.3,0,667,0,18.8,104,0,0,0,625,0,,0	1 piece~24|1 package~235
2402444	B	2	375,25,33.3,0,667,0,18.8,104,0,0,0,625,0,,0	1 piece~24|1 package~283
2551531	B	2	286,25,17.9,3.57,750,0,10.7,71,0,0,0,714,0,,0	1 serving~28|1 package~170
2596523	B	2	357,17.9,28.6,7.14,1290,0,16.1,89,3.6,0,0,286,0,,0	¼ cup~28|1 package~142
2596522	B	2	286,14.3,21.4,7.14,1070,3.57,14.3,89,3.6,0,0,357,0,,0	¼ cup~28|1 package~142
2023968	B	2	286,17.9,21.4,3.57,1140,0,14.3,71,3.6,0,0,214,,0	1 serving~28|1 package~141
2431456	B	2	363,22.2,30.2,2.02,665,0,18.2,91,0,1.01,0,504,0,,0	1 serving~49.6
2403296	B	2	375,20.8,29.2,4.17,667,0,18.8,104,0,0,0,667,0,,0	1 piece~24|1 package~235
2471313	B	2	208,25,10.4,4.17,833,4.17,6.25,42,0,0,0,708,0,,0	1 serving~24|1 package~70
2068880	B	2	97,11.3,4.84,4.84,242,3.23,3.23,32,0,0,0,161,,0	¼ cup~62|1 package~907
1781492	B	2	208,29.2,10.4,4.17,833,0,6.25,42,0,0,0,833,,0	1 piece~24|1 package~850
1864615	B	2	321,21.4,25,3.57,607,0,16.1,71,0,0,0,536,,0	1 serving~28|1 package~453
1896045	B	2	286,21.4,21.4,3.57,714,0,12.5,54,0,0,0,714,,0	1 piece~28|1 package~1360
2057284	B	2	286,25,21.4,3.57,750,0,12.5,54,0,0,0,714,,0	1 serving~28|1 package~907
2403295	B	2	375,25,33.3,4.17,708,0,20.8,83,0,0,0,750,0,,0	1 piece~24|1 package~70
2402984	B	2	383,24.2,32.3,2.02,706,0,20.2,81,0,0,0,726,0,,0	1 serving~49.6|1 package~2770
2385926	B	2	375,25,33.3,4.17,708,0,20.8,83,0,0,0,750,0,,0	1 piece~24|1 package~235
1864650	B	2	286,25,21.4,3.57,750,0,12.5,54,,0,0,714,,0	1 serving~28|1 package~453
2385930	B	2	286,21.4,21.4,3.57,393,0,12.5,71,0,0,0,286,0,,0	1 serving~28|1 package~226
2402508	B	2	292,20.8,20.8,4.17,708,4.17,10.4,62,0,0,0,792,0,,0	1 piece~24|1 package~564
2135957	B	2	286,25,21.4,3.57,750,0,12.5,54,0,0,0,714,,0	1 serving~28|1 package~907
2426282	B	2	292,20.8,25,4.17,708,4.17,16.7,83,0,0,0,792,0,,0	1 piece~24|1 package~850
2269570	B	2	321,21.4,25,3.57,714,0,16.1,71,0,0,0,536,,0	1 serving~28|1 package~2260
2673129	B	2	286,21.4,21.4,3.57,714,3.57,10.7,71,0,0,0,786,0,,0	1 piece~28|1 package~340
2631591	B	2	286,21.4,21.4,3.57,714,3.57,10.7,71,0,0,0,786,0,,0	1 piece~28
2402507	B	2	286,21.4,21.4,3.57,714,3.57,10.7,71,0,0,0,786,0,,0	1 piece~28|1 package~453
2402970	B	2	286,21.4,21.4,3.57,714,3.57,10.7,71,0,0,0,786,0,,0	1 piece~28|1 package~1700
2596520	B	2	286,21.4,21.4,3.57,714,3.57,10.7,71,0,0,0,786,0,,0	1 piece~28
2393172	B	2	286,21.4,21.4,3.57,714,3.57,10.7,71,0,0,0,786,0,,0	1 piece~28|1 package~680
2596521	B	2	286,21.4,21.4,3.57,714,3.57,10.7,71,0,0,0,786,0,,0	1 piece~28|1 package~680
2673130	B	2	357,32.1,25,3.57,1390,3.57,14.3,71,0,0,0,1070,,0,,,,129	1 serving~28|1 package~141
2068932	B	2	375,37.5,25,0,1560,0,12.5,62,,0,0,1250,,0	1 tbsp~8|1 package~141
2068921	B	2	357,32.1,25,3.57,1360,3.57,14.3,71,3.6,0,0,1070,,0	¼ cup~28|1 package~141
2500462	B	2	357,32.1,25,3.57,1360,3.57,14.3,71,3.6,0,0,1070,,0	¼ cup~28|1 package~283
2451773	B	2	375,20.8,29.2,0,708,0,16.7,83,0,0,0,417,0,,0	1 piece~24
1896068	B	2	129,.01,7.26,4.84,153,,4.84,48,0,0,0,129,226,,0	1 serving~62|1 package~425
2385929	B	2	145,6.45,11.3,6.45,153,6.45,7.26,56,0,0,0,161,242,,0	¼ cup~62|1 package~907
2385925	B	2	97,9.68,4.03,6.45,258,4.84,2.42,40,0,0,0,129,226,,0	¼ cup~62|1 package~425
2385924	B	2	129,9.68,7.26,4.84,153,,4.84,48,0,0,0,194,306,,0	¼ cup~62|1 package~907
2027847	B	2	357,28.6,28.6,3.57,1390,0,16.1,71,0,,0,893,,0	1 serving~28|1 package~141
1921976	B	2	286,21.4,17.9,3.57,714,0,12.5,54,.9,0,0,714,,0	¼ cup~28|1 package~453
2068942	B	2	286,21.4,21.4,3.57,714,0,12.5,54,.9,0,0,714,,0	¼ cup~28|1 package~2260
1859465	B	2	208,29.2,10.4,4.17,833,0,6.25,42,0,0,0,833,,0	1 piece~24|1 package~566
1768228	B	2	286,21.4,21.4,3.57,714,0,12.5,54,0,0,0,714,,0	1 piece~28|1 package~680
2615642	B	2	292,20.8,25,4.17,708,4.17,16.7,83,0,0,0,1120,0,,0,,,833	1 piece~24
1915199	B	2	292,20.8,20.8,4.17,708,0,12.5,42,0,0,0,625,,0	1 piece~24|1 package~850
1865316	B	2	145,.01,11.3,6.45,153,6.45,7.26,56,0,0,0,129,226,,0	¼ cup~62|1 package~425
2596524	B	2	375,20.8,29.2,4.17,667,0,18.8,104,0,0,0,667,0,,0	1 piece~24
2402644	B	2	417,25,37.5,4.17,708,0,18.8,83,0,0,0,667,0,,0	1 piece~24|1 package~235
2402643	B	2	375,20.8,29.2,0,792,0,16.7,83,0,0,0,583,0,,0	1 piece~24|1 package~235
2431447	B	2	383,24.2,32.3,2.02,706,0,20.2,81,0,0,0,605,0,,0	1 serving~49.6
1896044	B	2	292,20.8,20.8,4.17,708,0,12.5,42,0,0,0,625,,0	1 piece~24|1 package~377
2314709	B	2	363,22.2,28.2,2.02,726,0,16.1,81,0,1.01,0,504,0,,0	1 serving~49.6
2028781	B	2	333,20.8,25,4.17,667,0,14.6,62,0,0,0,625,,0	1 piece~24|1 package~283
1937524	B	2	417,25,33.3,4.17,625,0,18.8,104,0,0,0,625,,0	1 piece~24|1 package~70
2171532	B	32	48,.87,.43,5.22,183,2.61,0,,.9,0	5 cup~115|1 package~680
2171506	B	32	48,.87,.43,5.22,183,2.61,0,,.9,0	5 cup~115|1 package~680
2171589	B	32	135,4.62,6.15,6.15,212,.77,3.85,27,1.5,0	5 cup~130|1 package~680
2510016	B	25	22,0,0,5.56,9,5,0,0,0,0,0,11,1,,0	6.08 fl oz~180
2510015	B	25	22,0,0,5.56,9,5,0,0,0,0,0,11,1,,0	6.08 fl oz~180
2045290	B	25	40,0,0,9.58,2,9.58,,,,,,8	8 fl oz~240|1 package~750
1881080	B	10	40,0,0,9.58,2,9.58,,,,,,8	8 fl oz~240|1 package~750
1874647	B	25	40,0,0,9.58,2,9.58,,,,,,8	8 fl oz~240|1 package~750
2128030	B	19	679,0,71.4,7.14,1040,0,10.7,18,0,0	2 tbsp~28|1 package~266
2501296	B	19	518,0,53.6,7.14,679,7.14,7.14,14,0,0,0,0,0,,0	2 tbsp~28|1 package~473
1460167	B	95	100,5.71,2.86,14.3,543,0,0,0,5.7,0,1.03,0,,0,,,,,,0,,,,,57	1 serving~35
2527728	B	12	444,8.06,12.1,76.6,565,8.06,0,0,4,0,.81,0,806,,0,4.03,6.05	1 serving~24.8
2672203	B	0	679,21.4,57.1,17.9,321,3.57,7.14,0,10.7,0,4.29,71,857,,0	1 serving~28|1 package~106
2588408	B	5	282,10.1,24.2,6.05,131,2.02,3.02,0,4,0,1.81,20,363,,0	1 package kernels~49.6
2527874	B	12	536,7.14,25,64.3,1000,3.57,3.57,0,3.6,0,1.07,107,179,,0	1 serving~28
2629460	B	12	571,7.14,35.7,53.6,893,3.57,5.36,0,3.6,0,1.43,36,179,,0	1 serving~28
2527751	B	5	536,7.14,28.6,64.3,750,3.57,3.57,0,3.6,0,1.07,143,179,,0	1 serving~28
2614883	B	12	571,7.14,35.7,53.6,893,3.57,5.36,0,3.6,0,1.43,36,179,,0	1 serving~28
1459108	B	187	607,17.9,53.6,21.4,482,3.57,7.14,0,7.1,0,2.57,0,,0,,,,,,,,,,29	1 serving~28
2496725	B	0	643,21.4,53.6,14.3,304,3.57,7.14,0,10.7,0,3.86,71,,0,,17.9,28.6	1 serving~28|1 package~142
1633596	B	0	339,11.3,28.2,7.53,160,1.88,3.77,0,5.6,0,2.03,38,,0	1 serving~53.1
2527742	B	12	607,3.57,39.3,53.6,893,0,5.36,0,3.6,0,1.43,0,143,,0	1 serving~28
2614881	B	5	607,3.57,39.3,53.6,893,0,5.36,0,3.6,0,1.43,0,143,,0	1 serving~28
2496882	B	0	679,21.4,57.1,17.9,321,3.57,7.14,0,10.7,0,3.57,71,861,,0	3 tbsp~28|1 package~106
2614878	B	5	607,3.57,39.3,53.6,893,0,5.36,0,3.6,0,1.43,0,143,,0	1 serving~28
2496668	B	15	182,3.03,15.2,9.09,727,3.03,1.52,15,3,0,0,0,0,,0	2 tbsp~33|1 package~241
1460116	B	187	607,17.9,53.6,21.4,500,3.57,7.14,0,10.7,0,3.57,71,786,,0	3 tbsp~28
2527762	B	5	564,7.05,35.3,52.9,882,3.53,5.29,0,3.5,0,1.41,35,176,,0	1 serving~28.4
1457893	B	58	500,7.14,28.6,57.1,2180,0,7.14,0,3.6,0,2.57,0,232,0,,,,,4.29,0,.243,.143,,,71	1 serving~28
2496736	B	0	536,21.4,42.9,14.3,6360,3.57,10.7,0,7.1,0,1.29,0,,0	1 oz. without shells~28|1 package~113
2614886	B	12	536,7.14,25,64.3,643,3.57,3.57,0,3.6,0,1.07,107,143,,0	1 serving~28
2496727	B	0	679,21.4,57.1,17.9,321,3.57,7.14,0,10.7,0,3.86,71,,0,,21.4,32.1	1 serving~28|1 package~142
1458058	B	187	704,22.2,59.3,18.5,7040,3.7,7.41,0,11.1,0,4,74,,0,,22.2,33.3	1 serving~27
2527819	B	12	417,4.17,14.6,70.8,292,29.2,6.25,0,4.2,0,2.92,333,250,,0,4.17,4.17	1 serving~24
1458752	B	187	607,25,53.6,17.9,482,3.57,7.14,0,7.1,0,3.57,96,725,,0	3 tbsp~28
2496692	B	0	536,14.3,32.1,42.9,286,25,5.36,0,7.1,0,1.29,71,,0,,,,,4.29,0,.243,,,114,286,,,,1	1 serving~28|1 package~85
1459700	B	187	533,13.3,33.3,43.3,217,36.7,8.33,0,6.7,0,2.4,67,,0,,16.7,6.67,,,,.227,.267,,107,200,,1	1 serving~30
1458141	B	187	536,14.3,32.1,42.9,286,25,5.36,0,7.1,0,1.29,71,,0,,,,,4.29,0,.243,,,114,286,,,,1	1 serving~28
1458214	B	187	500,14.3,39.3,35.7,232,25,3.57,0,7.1,0,7.14,82,607,,0	¼ cup~28
1459966	B	187	571,17.9,46.4,28.6,607,7.14,7.14,0,3.6,0,6.43,36,643,,0	2 tbsp~28
2672188	B	0	679,21.4,57.1,17.9,321,3.57,7.14,0,10.7,0,3.57,71,861,,0	1 serving~28|1 package~106
2496724	B	0	679,21.4,57.1,17.9,321,3.57,7.14,0,10.7,0,3.86,71,,0,,21.4,32.1	1 serving~28|1 package~142
1458301	B	187	667,22.2,55.6,14.8,7260,3.7,7.41,0,11.1,0,4,74,,0,,18.5,29.6	1 serving~27
1458303	B	187	571,25,50,21.4,607,3.57,7.14,0,7.1,0,2.57,0,,0	1 serving~28
1459583	B	187	560,20,44,28,640,8,6,0,8,0,2.88,80,,0,,,,,,,,,,96	1 serving~25
2672143	B	0	679,21.4,57.1,17.9,321,3.57,7.14,0,10.7,0,4.29,71,857,,0	3 tbsp~28|1 package~106
1663850	B	0	679,21.4,57.1,17.9,321,3.57,7.14,0,10.7,0,3.57,71,861,,0	3 tbsp /~28
2588406	B	5	282,10.1,24.2,6.05,131,2.02,3.02,0,4,0,1.81,20,343,,0	1 package kernels~49.6
2629475	B	5	302,10.1,26.2,8.06,141,2.02,3.02,0,6,0,2.02,40,383,,0	1 package kernels~49.6
1459967	B	187	679,21.4,57.1,17.9,607,3.57,5.36,0,10.7,0,2.57,214,,0	1 serving~28
1457853	B	58	500,7.14,32.1,57.1,964,3.57,5.36,0,3.6,0,1.29,0,,0	1 serving~28
1459784	B	187	630,21.7,50,21.7,717,4.35,7.61,0,8.7,0,1.57,43,609,0	1 package~46
1459046	B	187	630,21.7,50,21.7,717,4.35,7.61,0,8.7,0,1.57,43,609,0,,,,,,,,,,130,326	1 serving~46
1460456	B	58	500,7.14,28.6,57.1,2210,0,7.14,0,3.6,0,2.57,0,232,0,,,,,4.29,0,.243,.143,,,71	1 serving~28
2496726	B	0	679,21.4,57.1,17.9,321,3.57,7.14,0,10.7,0,3.86,71,,0,,21.4,32.1	3 tbsp~28|1 package~142
1458422	B	187	704,22.2,59.3,18.5,7440,3.7,7.41,0,11.1,0,4,74,,0,,22.2,33.3	1 serving~27
2496691	B	0	571,25,50,21.4,607,3.57,7.14,0,7.1,0,1.43,71,643,,0	1 serving~28|1 package~128
2527783	B	5	417,8.33,12.5,70.8,396,29.2,4.17,0,4.2,0,2.5,417,250,,0,4.17,2.08	1 serving~24
2527917	B	5	522,9.94,27.3,57.1,646,14.9,7.45,0,5,0,3.23,99,273,,0	1 serving~40.3
2653647	B	12	35,.2,2.25,3.07,51,0,.31,0,.2,0,.08,0,8,,0	1 package~489
2672139	B	0	607,17.9,53.6,21.4,500,3.57,7.14,0,10.7,0,3.57,71,786,,0	3 tbsp~28|1 package~56.7
1457818	B	187	679,21.4,57.1,17.9,321,3.57,7.14,0,10.7,0,3.86,71,,0,,21.4,32.1	1 serving~28
1458335	B	187	679,21.4,57.1,17.9,321,3.57,7.14,0,10.7,0,3.86,71,,0,,21.4,32.1	1 serving~28
2657933	B	5	417,8.33,12.5,70.8,396,29.2,4.17,0,4.2,0,2.5,417,250,,0,4.17,2.08	1 bar~24
1043847	B	0	571,10.7,35.7,50,1040,7.14,7.14,18,7.1,0,1.29,214,,0	¾ cup~28
1460245	B	58	571,7.14,35.7,53.6,964,3.57,5.36,0,3.6,0,0,0,,0,,8.93,17.9	1 serving~28
1457980	B	58	571,7.14,35.7,53.6,571,3.57,5.36,0,3.6,0,0,143,,0,,8.93,21.4	1 serving~28
1459114	B	58	536,7.14,32.1,53.6,714,0,3.57,0,3.6,0,0,0,,0,,8.93,17.9,,,,,.143,29	1 serving~28
1458013	B	58	571,7.14,35.7,53.6,964,3.57,5.36,0,3.6,0,0,0,,0,,8.93,17.9,,,,,.143	1 serving~28
1459958	B	58	536,7.14,32.1,57.1,643,3.57,5.36,0,3.6,0,1.29,71,214,0,,8.93,17.9,,,,,.143,,57,71	1 serving~28
1460150	B	58	571,7.14,35.7,57.1,571,0,5.36,0,3.6,0,0,71,,0,,8.93,21.4,,,,,.143,,57,143	1 serving~28
2672175	B	5	571,7.14,35.7,57.1,714,3.57,3.57,0,3.6,0,1.07,179,321,,0	1 serving~28|1 package~99.2
1460606	B	58	571,7.14,35.7,57.1,1070,3.57,5.36,0,3.6,0,0,111,143,,0	1 package~28
1459155	B	58	571,7.14,35.7,57.1,1070,3.57,5.36,0,3.6,0,0,111,143,,0	29 chips~28
2562695	B	5	571,7.14,35.7,57.1,1000,3.57,5.36,0,3.6,0,1.07,107,143,,0	1 serving~28|1 package~99.2
1460198	B	58	536,7.14,35.7,57.1,1040,3.57,5.36,0,3.6,0,1.29,143,,0,,8.93,21.4,,,,,.143,,,143	1 serving~28
2672328	B	5	571,7.14,35.7,57.1,750,3.57,5.36,0,3.6,0,1.07,179,429,,0	1 serving~28|1 package~56.7
1458619	B	58	571,7.14,35.7,57.1,964,3.57,5.36,0,3.6,0,0,136,189,,0	31 chips~28
2674621	B	5	571,7.14,35.7,57.1,750,3.57,5.36,0,3.6,0,1.07,179,429,,0	1 serving~28|1 package~907
2496867	B	5	571,7.14,35.7,57.1,643,3.57,5.36,0,3.6,0,0,132,118,,0	1 serving~28|1 package~56.7
2672156	B	5	571,7.14,35.7,57.1,411,0,5.36,0,3.6,0,.71,143,143,,0	10 chips~28|1 package~514
2747610	B	58	571,7.14,35.7,57.1,536,0,5.36,0,3.6,0,.71,143,107,,0	32 chips~28
2496712	B	5	536,7.14,35.7,57.1,1040,3.57,5.36,0,3.6,0,1.29,143,,0,,8.93,21.4,,,,,.143,,,143	29 chips~28|1 package~276
2496711	B	5	571,7.14,35.7,53.6,964,3.57,5.36,0,3.6,0,0,0,,0,,8.93,17.9,,,,,.143	1 serving~28|1 package~276
2496713	B	5	571,7.14,35.7,53.6,571,3.57,5.36,0,3.6,0,0,143,,0,,8.93,21.4,,,,,.143,,,143	28 chips~28|1 package~276
2496715	B	5	571,7.14,35.7,57.1,286,0,5.36,0,3.6,0,0,71,,0,,10.7,17.9,,,,,.143,,57,143	1 serving~28|1 package~276
2496675	B	5	565,4.71,35.3,56.5,588,0,4.71,0,4.7,0,0,96,122,,0	1 package~42.5
1457697	B	58	571,7.14,35.7,53.6,571,3.57,5.36,0,3.6,0,0,143,,0,,8.93,21.4,,,,,.143,,,143	1 serving~28
2672164	B	5	571,7.14,32.1,57.1,679,3.57,3.57,0,3.6,0,1.43,179,286,,0	31 chips~28|1 package~99.2
2588380	B	5	571,7.14,32.1,57.1,679,3.57,3.57,0,3.6,0,1.43,179,286,,0	1 serving~28|1 package~99.2
2658164	B	5	571,7.14,35.7,57.1,607,3.57,5.36,0,3.6,0,.71,143,179,,0	28 chips~28|1 package~92.1
2496753	B	5	571,7.14,35.7,57.1,607,3.57,5.36,0,3.6,0,0,139,164,,0	1 serving~28|1 package~120
2658173	B	5	571,7.14,35.7,57.1,607,3.57,5.36,0,3.6,0,.71,143,179,,0	28 chips~28|1 package~262
1459868	B	58	571,7.14,32.1,57.1,714,3.57,5.36,0,3.6,0,0,107,143,,0	23 pieces~28
1460287	B	58	536,7.14,32.1,57.1,643,3.57,5.36,0,3.6,0,1.29,71,214,0,,8.93,17.9,,,,,.143,,57,71	1 serving~28
2658171	B	12	571,7.14,32.1,57.1,714,3.57,5.36,0,3.6,0,1.07,107,143,,0	1 serving~28|1 package~262
2653648	B	5	571,7.14,32.1,57.1,714,3.57,3.57,0,3.6,0,1.07,143,143,,0	1 serving~28|1 package~907
2672562	B	15	100,5.71,2.86,14.3,657,0,0,0,5.7,0,1.03,0,200,,0	2 tbsp~35|1 package~88.5
2672224	B	2	125,3.12,7.81,9.38,688,3.12,0,0,0,0,0,0,0,,0	2 tbsp~32|1 package~255
2658175	B	5	571,7.14,35.7,57.1,286,0,5.36,0,3.6,0,.71,107,143,,0	1 serving~28|1 package~262
1457683	B	58	571,7.14,35.7,57.1,286,0,5.36,0,3.6,0,0,71,,0,,10.7,17.9,,,,,.143,,57,143	1 serving~28
2658163	B	5	571,7.14,35.7,57.1,607,0,5.36,0,3.6,0,.71,143,107,,0	1 serving~28|1 package~92.1
1457572	B	58	571,7.14,35.7,57.1,607,0,5.36,0,3.6,0,0,96,125,,0	1 package~28
1457464	B	58	571,7.14,35.7,57.1,607,0,5.36,0,3.6,0,0,96,125,,0	32 chips~28
1459692	B	58	571,7.14,35.7,57.1,607,0,5.36,0,3.6,0,0,96,125,,0	32 chips~28
2672232	B	15	100,5.71,2.86,14.3,543,0,0,0,5.7,0,0,0,200,,0	2 tbsp~35|1 package~255
2611257	B	5	565,7.07,31.8,56.5,707,3.53,5.3,0,3.5,0,1.06,177,177,,0	1 package~28.3
1459779	B	58	566,4.72,37.7,56.6,566,0,4.72,0,4.7,0,0,94,,0,,9.43,21.2,,,,,,,38,94	1 serving~21.2
1457458	B	58	571,7.14,35.7,57.1,571,0,5.36,0,3.6,0,0,71,,0,,8.93,21.4,,,,,.143,,57,143	1 serving~28
1459139	B	58	571,7.14,35.7,57.1,393,0,5.36,0,3.6,0,0,143,,0,,8.93,21.4,,,,,.143,,,143	1 serving~28
1459513	B	58	571,7.14,35.7,57.1,393,0,5.36,0,3.6,0,0,100,129,,0	10 chips~28
1458236	B	58	571,7.14,35.7,57.1,393,0,5.36,0,3.6,0,0,143,,0,,10.7,17.9,,,,,.143,,,143	1 serving~28
1459342	B	58	571,7.14,35.7,57.1,393,0,5.36,0,3.6,0,0,143,,0,,8.93,21.4,,,,,.143,,,143	1 serving~28
1460516	B	58	571,7.14,35.7,57.1,393,0,5.36,0,3.6,17.9,0,143,,0,,0,10.7,,,,,.143,,,143	1 serving~28
2562688	B	5	571,7.14,35.7,57.1,393,0,5.36,0,3.6,0,.71,107,143,,0	1 serving~28|1 package~439
2674650	B	5	571,7.14,35.7,57.1,411,0,5.36,0,3.6,0,.71,143,143,,0	1 serving~28|1 package~907
2562713	B	5	571,7.14,35.7,57.1,393,0,5.36,0,3.6,0,.71,107,143,,0	1 serving~28|1 package~262
1594587	B	5	571,7.14,35.7,57.1,375,0,5.36,0,3.6,0,0,71,,0,,8.93,21.4,,,,,.143,,,143	1 serving~28
2658094	B	5	571,7.14,32.1,57.1,714,3.57,5.36,0,3.6,0,1.07,107,143,,0	10 chips~28|1 package~262
2672176	B	5	571,7.14,35.7,57.1,750,3.57,5.36,0,3.6,0,1.07,107,143,,0	1 serving~28|1 package~120
2672157	B	5	571,7.14,35.7,57.1,607,0,5.36,0,3.6,0,.71,143,107,,0	1 serving~28|1 package~514
1458768	B	58	571,7.14,35.7,57.1,571,0,5.36,0,3.6,0,0,71,,0,,8.93,21.4,,,,,.143,,57,143	1 serving~28
2496961	B	5	565,4.71,35.3,56.5,588,0,4.71,0,4.7,0,.94,94,118,,0	1 serving~42.5
2614880	B	5	565,4.71,35.3,56.5,588,0,4.71,0,4.7,0,.94,141,118,,0	1 package~42.5
2496880	B	5	571,7.14,35.7,57.1,393,0,5.36,0,3.6,0,.71,107,143,,0	1 serving~28|1 package~99.2
1460611	B	58	530,7.07,31.8,53,707,0,3.53,0,3.5,0,0,0,,0	1 serving~28.3
2672131	B	5	571,7.14,32.1,57.1,714,3.57,5.36,0,3.6,0,1.07,179,179,,0	1 serving~28|1 package~262
1976250	B	1	400,2.86,8.57,80,0,51.4,5.71,0,0,0,0,0,0,,0	3 strips~35|1 package~70
2147406	B	1	412,2.94,8.82,79.4,0,47.1,5.88	4 strips~34|1 package~126
1976767	B	1	400,2.86,8.57,80,0,51.4,5.71,0,0,0,0,0,0,,0	3 strips~35|1 package~70
2147466	B	1	412,2.94,8.82,79.4,0,47.1,5.88	4 strips~34|1 package~126
1976240	B	1	400,2.86,8.57,80,0,51.4,5.71,0,0,0,0,0,0,,0	3 strips~35|1 package~70
2049686	B	1	350,2.5,7.5,70,125,35,0,0,0,0,0,0,,0	9 pieces~40|1 package~113
2118144	B	86	75,0,0,10,10,8.33,,,,,.45,8	8 fl oz~240|1 package~750
2582349	B	52	124,2.86,5.71,21,10,16.2,4.29,0,2.9,0,2.57,25,457,,0	1 serving~105
2582351	B	52	120,1,7,15,5,15,6,0,0,0,.4,0,170,,0	1 serving~100
2582350	B	3	248,9.52,17.1,21.9,29,16.2,4.29,0,2.9,0,1.33,25,257,,0	1 serving~105
2582348	B	52	114,1.9,6.67,15.2,5,14.3,5.71,0,1,0,.67,0,181,,0	1 serving~105
2060687	B	11	0,0,0,0,16000,0,0,0,0,0,0,0,,0	¼ tsp~1|1 package~227
2060686	B	11	0,0,0,0,25000,0,0,0,0,0,0,0,,0	¼ tsp~1|1 package~227
2587571	B	19	179,0,0,50,607,46.4,0,0,0,0,0,0,,8.6,,,,64	1 serving~28|1 package~355
2060691	B	11	0,0,0,0,32000,0,0,0,0,0,0,0	¼ tsp~1|1 package~1816
2060689	B	11	0,0,0,100,7000,100,0,0,0,0,0,0,,0	¼ tsp~1|1 package~227
1867175	B	42	125,5,0,30,0,25,,,,,,,,180	1 tbsp~20|1 package~244
1867158	B	42	100,5,0,30,0,25,,,,,,,,210	1 tbsp~20|1 package~244
506501	B	2	286,10.7,25,0,821,0,17.9,71,0,0,0,321,,0	1 serving~28
2023083	B	7	107,0,0,28.6,357,25,0,0,0,0,0,0,,2.1	1 serving~28|1 package~739
1860931	B	7	14,0,0,3.57,714,0,0,0,0,0,0,0,,2.1	1 serving~28|1 package~739
2037690	B	15	31,0,0,6.25,125,3.12,0,0,3.1,0,2.25,188,,18.8	2 tbsp~32|1 package~454
1456729	B	58	414,20.7,15.5,51.7,828,10.3,3.45,0,13.8,0	¼ cup~29
1631483	B	2	562,50,37.5,6.25,1190,0,25,94,0,0,0,1560,,0	1 pouch~16
1630382	B	5	414,17.2,17.2,44.8,621,10.3,1.72,0,13.8,0,6.21,69,,0	¼ cup~29
1633753	B	5	414,17.2,17.2,44.8,621,10.3,1.72,0,13.8,0,6.21,69,,4.1	¼ cup~29
1630381	B	5	414,17.2,17.2,44.8,621,10.3,1.72,0,13.8,0,4.97,69,,0	¼ cup~29
1629709	B	0	533,23.3,36.7,33.3,217,30,8.33,,6.7,0,6	¼ cup~30
2631899	B	2	562,50,37.5,6.25,1190,0,21.9,125,0,0,0,1250,,0,,,,225	1 pouch~16|1 package~64
2624364	B	35	167,0,0,44.4,833,44.4,0,0,5.6,0,0,0,,13.3,,,,100	1 tbsp~18|1 package~187
2096229	B	12	321,7.14,7.14,50,0,50,.71,0,14.3,0,2.57,214,,0	1 serving~28|1 package~85
2339180	B	42	222,0,0,55.6,0,50,0,0,0,0,0,0,,0	1 tbsp~18|1 package~187
2283249	B	7	167,0,0,44.4,833,44.4,0,0,5.6,0,0,0	1 tbsp~18|1 package~187
2582853	B	42	167,0,0,46.7,0,46.7,0,0,0,,0,0,0,,0	1 tbsp~15|1 package~170
2603271	B	2	357,17.9,32.1,0,571,0,25,107,0,0,0,425,161,,0	1 serving~28|1 package~241
2603272	B	2	286,17.9,25,0,607,0,17.9,89,0,0,0,357,0,,0	1 serving~28|1 package~116
1887148	B	2	321,14.3,32.1,0,607,0,21.4,107,0,0,0,357,,0	1 serving~28|1 package~144
2094812	B	2	357,17.9,32.1,0,571,0,25,107,0,0,0,536,,0	1 serving~28|1 package~240
2440719	B	2	321,14.3,32.1,0,607,,21.4,107,0,,0,357,,0	1 serving~28|1 package~240
2433273	B	2	357,17.9,32.1,0,571,0,25,107,0,0,0,425,161,,0	1 serving~28|1 package~240
2267371	B	8	357,17.9,32.1,0,571,0,25,107,0,0,0,425,161,,0	1 serving~28|1 package~2000
1129820	B	2	393,10.7,39.3,3.57,679,0,25,125,0,0,0,214,,0	1 serving~28
1896218	B	38	321,7.14,1.79,67.9,714,21.4,0,0,7.1,0,2.57,71,,0,,0,0	3½ tbsp~28|1 package~396
2629351	B	38	286,7.14,0,53.6,429,7.14,0,0,10.7,0,2.57,71,,0,,,,0	3½ tbsp~28|1 package~539
1937245	B	6	321,7.14,0,57.1,429,7.14,0,0,10.7,0,2.57,143,,4.3	3½ tbsp~28|1 package~539
2095427	B	2	365,21,26,.5,,0,16.5	1 serving~100
1881989	B	0	467,13.3,26.7,46.7,100,30,3.33,0,6.7,0,3.6,67,,4	¼ cup~30|1 package~227
1914922	B	0	433,13.3,23.3,53.3,183,40,6.67,0,6.7,0,3.6,67,,0	¼ cup~30|1 package~56.7
1877255	B	0	433,10,23.3,53.3,167,40,5,0,6.7,0,2.4,67,,8	¼ cup~30|1 package~227
1901623	B	0	533,20,40,33.3,183,20,5,0,6.7,0,3.6,67,,0	¼ cup~30|1 package~70.9
1879861	B	0	433,10,23.3,56.7,283,40,3.33,0,3.3,0,2.4,67,,0	1/3 cup~30|1 package~227
1874269	B	0	533,13.3,40,36.7,167,23.3,5,0,6.7,0,2.4,0,,4	¼ cup~30|1 package~142
1901621	B	0	567,23.3,50,16.7,400,3.33,6.67,0,6.7,0,4.8,67,,0	¼ cup~30|1 package~70.9
1901622	B	0	567,23.3,50,16.7,967,3.33,6.67,0,10,0,4.8,67,,0	¼ cup~30|1 package~70.9
2626696	B	13	467,13.3,26.7,46.7,100,30,3.33,0,6.7,0,3.6,67,,4,,,,0	¼ cup~30|1 package~57
1903482	B	0	400,6.67,20,60,183,40,6.67,0,6.7,0,2.4,67,,4	1/3 cup~30|1 package~56.7
2539294	B	14	292,8.33,14.6,39.6,94,10.4,3.12,0,6.2,0,3.54,62,104,,0	1/3 cup~48|1 package~340
2153810	B	0	400,5,42.5,15,300,5,6.25,0,2.5,0,4.5,50,,0	1/3 cup~40|1 package~227
2327022	B	14	271,10.4,10.4,37.5,62,12.5,2.08,0,4.2,0,2.92,62,62,,0	1/3 cup~48|1 package~340
2554687	B	14	292,8.33,12.5,43.8,94,14.6,2.08,0,6.2,0,3.12,62,104,,0	1/3 cup~48|1 package~340
2604055	B	5	500,7.14,25,64.3,857,3.57,3.57,0,3.6,0,1.43,71,250,,0	16 chips~28|1 package~99.2
1963266	B	29	357,7.14,10.7,64.3,1000,7.14,3.57,0,7.1,0,,,,42.9,7.15,,,,,1,,1.43	1 serving~14|1 package~283
2653301	B	5	393,3.57,3.57,85.7,1180,3.57,0,0,7.1,0,1.79,107,393,,0	20 twists~28|1 package~128
1954597	B	5	393,3.57,5.36,82.1,1000,3.57,0,0,10.7,0,,,,21.4,3.58,,,,,1,,.714	1 serving~28
2137567	B	5	500,7.14,21.4,64.3,857,3.57,3.57,0,3.6,0,1.29,71,,4.3	24 stalks /~28|1 package~113
1964271	B	116	393,7.14,10.7,64.3,1160,7.14,5.36,0,7.1,0,1.29,214,,17.1	80 stars~28|1 package~99
2624234	B	29	381,4.76,9.52,66.7,1140,4.76,4.76,0,4.8,0,1.71,190,,17.1,,,,0	1 bag~21
2194660	B	5	500,7.14,25,64.3,679,10.7,3.57,0,3.6,0,1.79,54,250,,0	24 stalks~28|1 package~340
2652910	B	5	500,3.57,25,67.9,482,3.57,3.57,0,7.1,0,1.79,143,321,,0	10 chips~28|1 package~128
1964266	B	5	464,3.57,21.4,67.9,679,3.57,1.79,0,7.1,0,1.93,143,,4.3	10 chips /~28|1 package~128
2624233	B	5	393,3.57,5.36,82.1,1180,3.57,0,0,10.7,0,1.93,107,,12.9,,,,0	40 sticks~28|1 package~128
1964272	B	5	393,7.14,10.7,64.3,893,7.14,5.36,0,7.1,0,1.29,214,,17.1	80 stars /~28|1 package~99
2417438	B	5	500,3.57,25,67.9,571,0,3.57,0,7.1,0,1.79,125,250,,0	8 chips /~28|1 package~454
2426263	B	5	464,7.14,21.4,67.9,857,3.57,3.57,0,7.1,0,1.07,179,804,,0	16 chips~28|1 package~340
1964264	B	5	500,7.14,21.4,64.3,643,3.57,3.57,0,3.6,0,1.29,71,,4.3	24 stalks~28|1 package~113
2543868	B	5	500,7.14,21.4,64.3,643,3.57,3.57,0,3.6,0,1.29,71,,4.3	1 serving~28|1 package~283
1964267	B	5	357,7.14,8.93,64.3,1160,7.14,3.57,0,7.1,0,1.29,214,,17.1	80 stars /~28|1 package~99
2582192	B	5	500,3.57,25,64.3,1040,3.57,3.57,0,3.6,0,1.79,71,250,,0	16 chips~28|1 package~99.2
1898232	B	22	357,7.14,1.79,85.7,18,,,,3.6,0,2.57,143,,21.4	1 serving~28|1 package~70
1889129	B	52	51,.85,0,12.7,0,6.78,0,0,3.4,0,.31,17,195,12.7	½ cup~118|1 package~473
2153891	B	52	112,2.5,5.62,18.8,6,13.8,5,0,3.8,0,2.25,25,,11.2	½ cup~80|1 package~473
2270319	B	52	114,1.27,6.33,15.2,6,13.9,5.7,0,0,0,.46,0,,11.4	½ cup~79|1 package~473
2487601	B	3	200,3,15,17,15,14,12,0,2,0,2.2,0,230,,.4	2/3 cup~100|1 package~473
2167666	B	52	248,9.52,17.1,21.9,29,16.2,4.29,0,2.9,0,1.33,25,257,,0	2/3 cup~105|1 package~473
2486114	B	52	200,2,12,24,80,22,11,0,0,0,1.1,52,240,,.4	2/3 cup~100|1 package~473
1490189	B	11	200,0,16.7,13.3,1800,6.67,0,0,0,0,0,0,0,,0	1 tbsp~15
1695945	B	19	0,0,0,16.7,1670	1 tsp~6
1490986	B	11	133,0,6.67,13.3,2530,13.3,0,0,0,0,0,0,0,,0	1 tbsp~15
1511848	B	19	100,0,0,20,700,,,0	1 tsp~5
2626459	B	5	500,7.14,25,64.3,268,0,3.57,0,7.1,0,3.86,286,,4.3,,,,0	1 serving~28|1 package~340
1727587	B	5	500,7.14,17.9,71.4,179,0,1.79,0,3.6,0,1.43,0,0,,0,5.36,8.93	1 serving~28
2525214	B	21	110,6.67,3.92,11.8,235,1.57,1.76,20,2,0,1.14,51,165,,0	1 bowl~255
1490245	B	11	100,0,10,6.67,2530,0,0,0,0,0,0,0,0,,0	1 tbsp~15
2506772	B	21	127,8.83,4.95,11.7,269,1.41,2.12,28,1.8,0,.53,85,194,,0	1 bowl~283
1573993	B	54	67,0,3.33,10,967,6.67,0,0,0,0,1.2,67,,8	2 tbsp~30
2525216	B	21	106,7.07,2.83,12.7,300,1.41,1.06,18,2.1,0,.71,42,201,,0	1 bowl~283
1649970	B	86	21,.85,0,4.24,178,2.54,0,0,.2,0,.31,17,,3.1	4 fl oz~118
2665956	B	89	50,3.33,0,10,967,3.33,0,0,3.3,0,1.2,67,,4,,,,450	2 tbsp~30|1 package~226
2665948	B	15	50,0,0,13.3,250,10,0,0,3.3,0,0,0,,12,,,,60	2 tbsp~30|1 package~454
1469356	B	11	133,0,6.67,13.3,1000,13.3,0,0,0,0,0,0,0,,0	1 tbsp~15
1463984	B	15	33,0,0,6.67,300,3.33,0,0,.8,0,0,0,,12	2 tbsp~30
1677541	B	21	117,5.63,6.1,7.98,441,1.41,2.82,122,1.9,0,.85,61,197,,0	1 bowl~213
2665957	B	15	33,0,1.67,3.33,700,3.33,0,0,0,0,0,0,,16,,,,60	2 tbsp~30|1 package~325
1618660	B	15	33,0,1.67,3.33,700,3.33,.67,0,1.7,0,0,0,,16	2 tbsp~30
1649385	B	15	33,0,0,6.67,433,3.33,,,3.3	2 tbsp~30
1649384	B	15	50,0,3.33,6.67,667,3.33,,,3.3	2 tbsp~30
1649386	B	15	33,0,0,6.67,633,3.33,,,3.3	2 tbsp~30
2550746	B	33	76,10,1.81,4.82,442,2.41,.4,38,1.2,0,.8,12,229,,0	1 cup~249
1496117	B	15	33,0,0,6.67,383,3.33,0,0,.8,0,0,0,,16	2 tbsp~30
1573994	B	54	150,0,13.3,6.67,350,0,0,0,0,0,0,0,,4	2 tbsp~30
1483140	B	35	33,0,0,6.67,1000,3.33,0,0,3.3,0,0,0,,12	2 tbsp~30
1637834	B	35	17,0,0,6.67,867,3.33,0,0,.8,0,0,0,,12	2 tbsp~30
1535584	B	35	42,1.67,0,8.33,917,5,0,0,.4,0,.6,0,,8	¼ cup~60
2665949	B	19	0,0,0,0,1100,0	1 tsp~5|1 package~147
1637832	B	19	0,0,0,0,800,0	1 tsp~5
1637835	B	15	33,0,1.67,3.33,600,3.33,0,0,.8,0,0,0,,12	2 tbsp~30
1639069	B	35	33,0,0,6.67,833,6.67,0,0,0,,0,0,,8	2 tbsp~30
1481939	B	11	0,6.67,0,6.67,900,6.67,0,0,1.7,0,0,0,,16	1 tbsp~15
2210305	B	35	0,0,0,20,600,,0,,,0	1 tsp~5|1 package~227
2209696	B	15	33,0,0,6.67,467,3.33,,0,3.3	2 tbsp~30|1 package~454
1489150	B	15	33,0,0,6.67,700,3.33,,,3.3	2 tbsp~30
1637833	B	19	100,0,0,20,700,,,0	1 tsp~5
1502425	B	15	50,0,3.33,6.67,700,3.33,3.33,0,3.3,0,0,0,,12	2 tbsp~30
2626460	B	5	500,7.14,25,64.3,268,0,3.57,0,7.1,0,3.86,143,,4.3,,,,0	1 serving~28|1 package~280
1535580	B	35	0,0,0,0,800,,0,,,0	1 tsp~5
1636667	B	21	98,7.06,2.15,12.9,150,1.84,.61,17,2.5,0,.92,18,193,,0	1 bowl~326
1637663	B	21	94,7.03,3.12,9.38,254,1.95,.98,18,3.1,0,1.29,23,258,,0	1 cup~256
2213188	B	21	87,5.79,3.31,8.26,298,2.89,1.03,19,2.9,0,.7,12,244,,0	1¼ cup~242|1 package~566
1659747	B	21	94,7.49,4.12,7.12,348,2.62,.75,24,2.2,0,.71,15,300,,0	1¼ cup~267
1668244	B	21	81,6.88,.78,11.2,219,2.5,.16,12,2.5,0,.59,12,203,,0	1 bowl~320
1657379	B	21	60,7.42,1.24,4.59,300,3.18,.35,23,1.8,0,.32,14,219,,0	1¼ cup~283
1668243	B	21	85,6.31,1.42,11.7,290,1.89,.32,17,1.3,0,.32,16,196,,0	1 bowl~317
1677620	B	21	136,5.63,6.1,13.6,366,1.41,2.35,92,2.8,0,.94,103,202,,0	1 bowl~213
2209805	B	15	33,0,0,6.67,633,3.33,,0,0	2 tbsp~30|1 package~454
2209697	B	15	33,0,0,3.33,767,3.33,,0	2 tbsp~30|1 package~454
2665968	B	54	42,1.67,0,10,1650,6.67,0,0,1.7,0,0,0,0,,0	¼ cup~60|1 package~227
1637368	B	35	83,1.67,2.5,11.7,883,6.67,0,0,3.3,0,0,0,233,,0	¼ cup~60
2209763	B	15	33,0,0,6.67,667,3.33,,,0	2 tbsp~30|1 package~454
1654006	B	21	92,2.8,1.6,16.4,128,6,.4,0,4.4,0,1.04,28,312,,0	1 cup~250
2665951	B	35	42,1.67,1.67,6.67,650,3.33,.83,8,1.7,0,0,0,200,,0	¼ cup~60|1 package~227
1658536	B	21	93,6.11,2.57,11.2,212,1.93,.64,18,2.3,0,.93,13,257,,0	1 bowl~311
1636665	B	21	81,6.88,.78,11.2,219,2.5,.16,12,2.5,0,.59,12,203,,0	1 bowl~320
1659799	B	21	66,7.93,1.21,5.17,334,3.1,.34,31,1.7,0,.34,10,231,,0	1¼ cup~290
1658027	B	21	85,6.31,1.42,11.7,290,1.89,.32,17,1.3,0,.32,16,196,,0	1 bowl~317
2665954	B	54	58,1.67,1.67,10,900,5,0,0,3.3,0,0,0,217,,0	¼ cup~60|1 package~227
2209804	B	15	33,0,0,6.67,533,3.33,,0,3.3	2 tbsp~30|1 package~454
2665946	B	15	33,0,0,6.67,500,3.33,,,3.3	2 tbsp~30|1 package~454
1636668	B	21	83,2.76,.77,15.6,187,2.45,0,0,3.1,0,.58,15,233,,0	1 bowl~326
1728515	B	28	156,10.9,12.5,1.56,375,1.56,3.12,39,1.6,0,1.41,0,266,,0	¼ cup~64
1493358	B	54	83,1.67,4.17,10,683,5,0,0,3.3,0,0,0,267,,0	¼ cup~60
1659815	B	21	93,2.33,1.95,16,125,5.84,.39,0,4.3,0,.97,31,327,,0	1 cup~257
1605837	B	54	33,1.67,0,6.67,450,3.33,0,0,1.7,0,0,0,217,,0	¼ cup~60
1677622	B	21	103,4.69,5.16,9.39,300,1.41,2.35,120,1.4,0,.66,70,249,,0	1 bowl~213
1658028	B	21	110,3.79,1.26,20.2,174,3.79,.16,0,4.7,0,1.1,28,221,,0	1 bowl~317
2209765	B	54	56,2.4,.8,10.4,800,3.2,0,0,2.4,0,1.2,24,256,,0	½ cup~125|1 package~709
1654007	B	21	69,7.93,2.07,4.48,262,3.1,.34,28,2.1,0,.48,10,228,,0	1 cup~290
1479387	B	35	67,1.67,1.67,11.7,633,6.67,0,0,1.7,0,.67,0,267,,0	¼ cup~60
2209762	B	15	33,0,0,6.67,667,3.33,,0	2 tbsp~30|1 package~454
1535581	B	47	42,1.67,0,6.67,400,3.33,0,0,1.7,0,0,0,167,,0	¼ cup~60
1535583	B	47	25,1.67,0,5,417,3.33,0,0,1.7,0,0,0,0,,0	¼ cup~60
1535582	B	47	25,1.67,0,5,417,3.33,0,0,1.7,0,0,0,0,,0	¼ cup~60
2665955	B	54	100,1.67,6.67,8.33,450,5,0,0,1.7,0,0,0,0,,0	¼ cup~60|1 package~227
1636666	B	21	80,5.47,1.93,9.97,203,2.89,.16,13,1.3,0,.55,10,158,,0	1 bowl~311
1682100	B	94	136,8.08,5.56,13.6,409,2.02,2.53,96,2.5,0,1.16,116,167,,0	1 bowl~198
1682240	B	94	136,8.08,5.56,13.6,409,2.02,2.53,96,2.5,0,1.16,116,167,,0	1 bowl~198
2585655	B	54	58,1.67,0,11.7,1370,6.67,0,0,3.3,0,1.33,0,267,,0	¼ cup~60|1 package~227
2665950	B	35	58,1.67,3.33,6.67,817,3.33,0,0,1.7,0,0,0,200,,0	¼ cup~60|1 package~227
2209761	B	15	33,0,0,6.67,767,3.33,,0	2 tbsp~30|1 package~454
1658563	B	21	99,5.26,3.29,11.5,214,3.29,1.15,16,2,0,.62,10,184,,0	1 bowl~304
1728514	B	77	91,9.09,3.03,6.06,273,3.03,0,45,1.5,0,.61,0,258,,0	¼ cup~66
728462	B	77	92,9.23,3.85,4.62,415,3.08,.77,38,1.5,0,.62,0,200,,0	¼ cup~65
2665952	B	35	67,0,0,10,1230,6.67,0,0,3.3,0,0,0,333,,0	2 tbsp~30|1 package~227
2209766	B	33	40,1.6,.8,8,776,2.4,0,0,2.4,0,.8,0,160,,0	½ cup~125|1 package~709
2209764	B	33	28,.8,1.2,4.8,384,.8,0,0,.8,0,.56,0,0,,0	¼ cup~125|1 package~709
2665947	B	11	0,0,0,6.67,933	1 serving~15|1 package~128
2525215	B	21	127,6.71,5.65,12.4,258,1.41,2.47,16,2.1,0,.88,46,187,,0	1 bowl~283
1670410	B	15	33,0,0,6.67,317,3.33,,,0	2 tbsp~30
1637836	B	54	117,0,11.7,6.67,833,0,0,0,0,0,0,0,,8	2 tbsp~30
1695931	B	19	0,0,0,0,917	1 tsp~6
1490244	B	54	33,0,0,6.67,667,3.33,0,0,0,0,0,67,,16	2 tbsp~30
1695944	B	19	83,0,0,16.7,1750	1 tsp~6
1480546	B	11	0,0,0,6.67,933	1 tbsp~15
1483176	B	35	33,0,0,6.67,767,3.33,0,0,0,0,0,0,,4	2 tbsp~30
2626461	B	5	500,7.14,25,64.3,268,0,3.57,0,7.1,0,3.86,143,,4.3,,,,0	1 serving~28|1 package~280
2499794	B	6	230,9.84,2.46,41,410,3.28,0,0,6.6,0,1.64,197,246,,0	1 muffin~61|1 package~368
2027613	B	11	0,0,0,0,39300	¼ tsp~1.5|1 package~90
2012797	B	50	429,28.6,0,57.1,0,0,0,0,28.6,0,10.3,571,,0	2 tsp~3.5|1 package~51
2028745	B	50	0,0,0,0,0,0,0,0,0,0,0,0,,0	¼ tsp~.6|1 package~54
2012787	B	11	0,0,0,0,0	¼ tsp~.7|1 package~56
1853098	B	11	0,0,0,0,33000,0,0,0,0,0,0,0,,0	¼ tsp~1|1 package~113
2012790	B	50	0,0,0,0,0	¼ tsp~.6|1 package~48
2027577	B	11	429,28.6,14.3,57.1,857,0,0,0,28.6,0,10.3,571,,34.3	2 tsp~3.5|1 package~54
2018073	B	11	0,0,0,0,36000	¼ tsp~1.5|1 package~99
2027611	B	11	0,0,0,0,39300	¼ tsp~1.5|1 package~96
2031656	B	43	300,20,0,66.7,33,6.67,0,0,26.7,0,7.2,133,,280	2 tbsp~15|1 package~128
2027142	B	23	357,42.9,14.3,28.6,2000,0,0,0,14.3,0,5.14,286,,0	1 1/3 tbsp~7|1 package~70
1853099	B	11	429,28.6,0,57.1,0,0,0,0,28.6,0,10.3,571,,34.3	2 tsp~3.5|1 package~54
1990836	B	6	228,8.77,.88,47.4,702,1.75,0,0,1.8,0,3.16,263,88,,0	1 muffin~57|1 package~340
1934901	B	6	282,8.45,4.23,54.9,479,7.04,.7,0,1.4,0,3.8,141,,0,,,,,4.22,1,.359,,113	2 slices~71|1 package~567
2012791	B	11	0,0,0,0,0,0,0,0,0,0,0,0,,0	¼ tsp~.4|1 package~38
2627859	B	43	375,9.38,0,78.1,78,3.12,0,0,3.1,0,3.38,125,,93.8,,,,422	1 serving~32|1 package~142
2012788	B	50	0,0,0,0,0	¼ tsp~.7|1 package~54
2012789	B	50	0,0,0,0,0	¼ tsp~.7|1 package~62
2010197	B	11	0,0,0,0,,0,0,0,0	¼ tsp~1.4|1 package~907
2021906	B	11	0,0,0,0	¼ tsp~1.5|1 package~907
2091432	B	11	0,0,0,0,13600	¼ tsp~.7|1 package~65
2012786	B	50	0,0,0,0,0	¼ tsp~.3|1 package~24
1586827	B	50	0,0,0,0,0	¼ tsp~.7
100628242841153	O	555	447,12,3.8,66,125,18,1.5,0,14,0,2.56,33.7,312,.51,.103,,,,.0396,.206,.00396,.108,20.3,71.1,205,0,1.66,.38,1.86,.27,8.22,,2.03,,,0	1 serving~100|1 package~200
2439314	B	0	500,15,30,50,35,30,2.5,0,7.5,,2.7,150,,0	5 pieces~20|1 package~100
1876095	B	13	500,15,30,50,35,30,2.5,0,7.5,0,2.7,150,,0	1 bag~20
2439315	B	22	500,10,35,55,40,30,7.5,0,5,,.9,50,,0	5 pieces / apx~20|1 package~100
2626235	B	11	0,0,0,0,13900	¼ tsp~.9|1 package~81
2626237	B	11	333,0,0,33.3,7670,0,0,0,33.3,0,12,0,,40,,,,6000	1 tsp~3|1 package~64
2626238	B	11	0,0,0,0,13100	¼ tsp~.8|1 package~72
2592368	B	11	0,0,0,0,0,,,,,,,,,,,,,6000	¼ tsp~.6|1 package~59
2626231	B	50	0,0,0,0,8570	¼ tsp~.7|1 package~116
2467196	B	11	385,0,0,0,16900,0,0,0,0,0,0,154,846,,0,,,,76.9,0,7.69,7.69,508,,,23.1	½ tsp~1.3|1 package~227
2326380	B	11	0,0,0,0,31700	¼ tsp~1.2|1 package~85
2296830	B	11	0,0,0,0,2500	¼ tsp~.4|1 package~43
2630657	B	50	0,0,0,0,2500	¼ tsp~.6|1 package~59
2607780	B	11	0,0,0,0,,0,0,0,0,0,0,0,0,,0	¼ tsp~1.5|1 package~453
2630656	B	11	0,0,0,0,39300,0,0,0,0,0,0,0,0,,0	¼ tsp~1.4|1 package~453
2626241	B	11	385,0,0,0,16900,0,0,0,0,0,0,77,769,,0,,,,76.9,0,7.69,7.69,508,,,23.1	½ tsp~1.3|1 package~213
2027591	B	50	0,0,0,0,0,,,,,,,,,600	¼ tsp~.6|1 package~47
2626232	B	66	0,0,0,0,0,,,,,,,,,,,,,3000	¼ tsp~.6|1 package~60
2626242	B	11	417,0,0,83.3,5000,0,0,0,0,0,0,167,1420,,0,,,,83.3,0,8.33,8.33,550,,,25	½ tsp~1.2|1 package~207
2273557	B	104	364,45.4,0,36.4,0,18.2,,,18.2,,,,2500	¼ cup~11|1 package~23
1662268	B	50	0,0,0,0,0	¼ tsp~.6
2012795	B	11	400,0,0,40,3400,0,0,0,40,0,14.4,800,,0	1 tsp~2.5|1 package~51
2571648	B	11	375,50,4.17,33.3,42,,,,25,,,,2090,,,,,,233,9,32.5,14.2,,,,69.2	¼ cup~12|1 package~102
2027540	B	11	0,0,0,0,0,,,,,,,,,600	¼ tsp~.4|1 package~35
2592366	B	50	0,0,0,0,10000	¼ tsp~.6|1 package~113
2130278	B	11	0,0,0,0,39300	¼ tsp~1.5|1 package~120
1865666	B	11	0,0,0,0,20000	¼ tsp~.8|1 package~79
2626234	B	11	312,12.5,6.25,62.5,62,12.5,,,12.5,,12.5,,1500	1 tbsp~8|1 package~66
2012793	B	11	417,0,0,83.3,0,0,0,0,0,0,0,0,,0	½ tsp~1.2|1 package~54
2626236	B	11	250,0,0,50,0,,,,50,,50	1 tsp~2|1 package~51
2592359	B	43	333,0,0,75,5920,8.33,0,0,0,0,0,42,217,,0	1/3 tbsp~12|1 package~453
2626240	B	11	0,0,0,0,4000	¼ tsp~.5|1 package~55
515326	B	11	286,14.3,7.14,57.1,4430,14.3,0,0,14.3,0,10.3,286,,85.7	1 tbsp~7
384472	B	50	0,0,0,0,0,0,0,0,0,0,120,0,,0	¼ tsp~.3
384415	B	50	500,0,0,0,0,0,0,0,0,0,0,2000,,0	¼ tsp~1
1548964	B	48	179,22.3,9.82,0,54,0,4.46,71,0,,6.43,0,,0	1 serving~112
1548965	B	48	107,22.3,1.79,0,40,0,.45,45,0,,3.21,0,,0	1 serving~112
1662833	B	48	214,19.6,15.2,0,49,0,6.25,62,0,,1.61,0,,0	1 serving~112
2152149	B	64	257,14.3,20,2.86,786,0,6.43,64,0,0,1.54,0,,0	1 serving~70|1 package~340
578289	B	48	116,22.3,2.68,0,49,0,.45,54,0,,6.43,0,,0	1 serving~112
1548966	B	48	134,22.3,5.36,0,49,0,1.79,40,0,,6.43,0,,0	1 serving~112
2068613	B	83	221,18.6,15.9,.88,283,0,6.19,66,0,.88,2.39,35,,1.1	1 burger~113|1 package~227
2068614	B	83	212,17.7,15,.88,274,0,6.19,66,0,.88,1.59,53,,5.3	1 burger~113|1 package~227
2152162	B	64	186,20,10,2.86,814,0,3.57,64,0,0,2.57,29,,0	1 serving~70|1 package~340
2090638	B	36	100,20.6,1.76,0,124,0,.47,50,0,0,.32,12,,0	1 serving~170|1 package~340
1913859	B	36	144,6.34,7.39,0,318,0,.7,42,,0,.25,28,,1.3	1 serving~142|1 package~284
2090635	B	36	97,16.8,3.1,0,354,0,1.33,31,0,0,.64,0,,0	1 serving~113|1 package~453
2018072	B	11	0,0,0,0,36000	¼ tsp~1.5|1 package~99
2031655	B	43	353,11.8,2.94,76.5,59,17.6,0,0,5.9,0,15.9,118,,124	3 tbsp~17|1 package~198
2090551	B	43	348,13,2.17,73.9,130,17.4,0,0,8.7,0,19.6,174,,39.1	¼ cup~23|1 package~113
2067968	B	43	172,20.7,0,58.6,52,3.45,0,0,34.5,0,6.21,138,,51.7	1¾ tbsp~29|1 package~425
2033623	B	43	375,12.5,0,75,94,18.8,0,0,6.2,0,16.9,125,,37.5	2½ tbsp~16|1 package~120
2026966	B	43	310,17.2,0,37.9,0,3.45,0,0,3.4,0,6.21,207,,16.6	¼ cup~29|1 package~135
2067970	B	43	237,21,0,63.2,53,15.8,0,0,21.1,0,23.7,105,,12.6	5 tbsp~19|1 package~156
2035124	B	43	333,20,1.44,57.8,33,4.44,0,0,24.4,0,10,178,,53.3	1/3 cup~45|1 package~425
2035114	B	43	320,12,2.6,64,120,4,0,0,4,0,4.32,80,,19.2	.12 cup~25|1 package~255
2627858	B	43	333,13.3,0,66.7,0,0,0,0,6.7,0,2.4,133,,32,,,,360	2½ tbsp~15|1 package~170
2067969	B	43	375,12.5,3.12,75,62,12.5,0,0,6.2,0,6.75,250,,93.8	3 tbsp~16|1 package~120
2033492	B	90	365,10,0,80,30,0,0,0,15,0,3.6,50,,105	¼ cup~20|1 package~113
2026967	B	43	273,9.09,0,63.6,45,0,0,0,9.1,0,3.27,182,,43.6	3 tbsp~11
2031695	B	43	353,11.8,0,76.5,118,17.6,0,0,5.9,0,21.2,118,,52.9	1 cup~17|1 package~113
1888437	B	3	153,2.54,8.47,17.8,55,14.4,5.08,30,.2,0,0,85,,0	½ cup~118|1 package~473
1914604	B	3	161,2.54,8.47,19.5,81,16.1,5.08,25,.2,0,0,85,,0	½ cup~118|1 package~473
1888438	B	3	161,2.54,8.47,19.5,72,15.2,5.08,21,0,0,2.29,68,,0	½ cup~118|1 package~473
2653220	B	18	29,0,0,7.5,4,7.5	8 fl oz~240|1 package~591
2304037	B	18	29,0,0,7.5,4,7.5	8 fl oz~240|1 package~591
2194582	B	0	633,6.67,60,26.7,0,20,5,0,6.7,0,3.33,53,310,,0	14 pieces~30|1 package~113
1869109	B	22	286,0,0,64.3,0,35.7,0,,0,0,0,0,339,32.1	1 serving~28|1 package~90
1869115	B	22	286,0,0,67.9,0,35.7,0,,3.6,0,0,0,500,42.9	1 serving~28|1 package~90
1869122	B	22	250,0,0,64.3,0,35.7,0,,0,0,1.29,0,393,32.1	1 ounces~28|1 package~90
2701069	B	133	90,0,0,22,0,22,0,0,0,0,.5,20,240,86,0	1 frozen juice cup~132
2745791	B	133	90,0,0,22,0,22,0,0,0,0,.5,20,240,86,0	1 frozen juice cup~130
2718830	B	133	90,0,0,22,0,22,0,0,0,0,.5,20,240,86,0	1 frozen juice cup~132
2723176	B	133	90,0,0,22,0,22,0,0,0,0,.5,20,240,86,0	1 frozen juice cup~130
2718831	B	133	90,0,0,22,0,22,0,0,0,0,.5,20,240,86,0	1 frozen juice cup~132
2701063	B	133	90,0,0,22,0,22,0,0,0,0,.5,20,240,86,0	1 frozen juice cup~132
2718829	B	133	90,0,0,23,0,22,0,0,0,0,.5,20,240,86,0	1 frozen juice cup~132
2701065	B	133	90,0,0,22,0,22,0,0,0,0,.5,20,240,86,0	1 frozen juice cup~132
2701062	B	133	90,0,0,22,0,22,0,0,0,0,.5,20,240,86,0	1 frozen juice cup~132
2701066	B	133	90,0,0,22,0,22,0,0,0,0,.5,20,240,86,0	1 frozen juice cup~132
2512232	B	133	90,0,0,22,0,22,0,0,0,0,.5,20,240,86,0,0,0	1 frozen juice cup~132
2107081	B	1	318,4.55,0,77.3,0,50,0,0,0,0,0,0,,273,,0,0	1 pouch~22|1 package~226
2596063	B	14	359,5.13,2.56,87.2,538,33.3,0,0,5.1,0,11.5,0,154,38.5,5,0,0,,10.3,1,.872,1.03,205,,,3.08	1 1/3 cup cereal~39|1 package~221
2418999	B	1	429,0,0,100,0,78.6	1 piece~14|1 package~168
2169577	B	13	450,5,15,75,250,40,10,0,0,0,16,150,100,,0,,,,,4,,,,,,,7.5	1 bar~20|1 package~120
2640022	B	14	460,6,12,80,90,40,7,20,0,0,0,46,98,,0	1 package~50
2484179	B	14	460,6,12,80,90,40,7,20,0,0,0,46,98,,.4	1 package~50
2615390	B	14	385,7.69,3.85,84.6,538,30.8,1.28,0,2.6,0,11.5,0,128,38.5,5,0,0,,10.3,1,.872,1.03,205,,,3.08	1 1/3 cup cereal~39|1 package~232
2107719	B	14	367,6.67,3.33,86.7,467,40,1.67,0,10,0,15,0,117,50,3.33,0,0,,16.7,1,1.42,1.67,,,,5,5	1 cup~30|1 package~297
2169574	B	13	450,5,15,75,250,40,10,0,0,0,16.5,150,50,,0,,,,,,,,,,,,15	1 bar~20|1 package~360
2171248	B	13	450,5,15,75,250,40,10,0,0,0,13.5,100,0,,0,,,,,,,,,,,,15	1 bar~20
2667738	B	14	429,14.3,12.9,68.6,486,34.3,7.14,43,2.9,0,8.29,343,514,25.7,7,2.86,0,154,8.57,0,.486,.571,77,,,4.29	1 bowl~35
2671987	B	14	357,3.57,3.57,89.3,464,39.3,0,0,10.7,0,11.1,71,107,,5,0,0,,7.14,1,.607,.714,118,,,2.14	1 pouch~28
2141237	B	14	375,3.12,3.12,87.5,469,46.9,1.56,0,3.1,0,14.1,0,109,46.9,3.12,,,,15.6,1,1.33,1.56,,,62,4.69,4.69	1 cup~32|1 package~558
2219109	B	1	367,3.33,0,90,17,46.7	8 pieces~30|1 package~198
2175553	B	14	385,5.13,3.85,87.2,538,30.8,1.28,0,5.1,0,11.5,0,154,38.5,,0,0,,10.3,1,.872,1.03,205,,,3.08	1 1/3 cup~39|1 package~878
2592943	B	1	375,4.17,0,91.7,0,45.8	2 packs~24|1 package~191
2497945	B	14	359,5.13,3.85,84.6,513,33.3,1.28,0,7.7,0,11.5,0,128,30.8,5.12,0,0,,10.3,1,.872,1.03,205,,,3.08	1 1/3 cup~39|1 package~229
2658215	B	14	385,5.13,3.85,87.2,538,30.8,1.28,0,5.1,0,11.5,0,154,38.5,5,0,0,,10.3,1,.872,1.03,205,,,3.08	1 1/3 cup~39|1 package~374
2508793	B	1	375,4.17,0,91.7,0,45.8	2 packs~24|1 package~357
2657657	B	13	450,5,15,75,250,40,10,0,0,0,16.5,150,50,,0	1 bar~20
2595993	B	14	450,5,15,75,250,40,10,0,0,0,16.5,150,50,,0,,,,,,,,,,,,15	1 bar per serving~20
2595975	B	14	375,5,3.75,90,475,37.5,1.25,0,10,0,11.2,75,125,,5,0,0,,10,1,.85,1,200,,,3	1 serving~40|1 package~170
2175795	B	3	64,0,0,17.3,0,17.3,0,0,0,0,,1,0,,0	3 pops~156|1 package~586
2615385	B	14	346,7.69,0,84.6,462,38.5,0,0,7.7,0,10.8,77,77,,5,0,0,,9.23,1,.785,.923,192,,,2.77	1 pack~13
2418219	B	1	367,3.33,0,90,17,46.7	8 pieces~30|1 package~429
2596033	B	14	400,0,0,80,500,40,0,0,20,0,10,0,0,,4,,,,8,1,.68,.8,200,,,2.4	1 pack~5
2615407	B	14	385,5.13,3.85,87.2,538,30.8,1.28,0,5.1,0,11.5,0,154,38.5,5,0,0,,10.3,1,.872,1.03,205,,,3.08	1 serving~39|1 package~417
2540695	B	1	375,4.17,0,91.7,0,45.8	2 packs~24|1 package~429
2497948	B	14	359,5.13,3.85,84.6,513,33.3,1.28,8,7.7,0,11.5,0,128,30.8,5.12,0,0,,10.3,1,.872,1.03,205,,,3.08	1 1/3 cup~39|1 package~357
2140774	B	14	400,5,5,85,600,30,0,0,10,0,13.5,0,,45,3,,,,15,1,1.28,1.5,,,,4.5,4.5	1 container~20
2166019	B	14	385,5.13,3.85,87.2,513,33.3,1.28,0,5.1,0,11.5,0,154,38.5,,0,1.28,,10.3,1,.872,1.03,205,,,3.08	1 1/3 cup~39|1 package~286
2497921	B	14	359,5.13,2.56,87.2,436,41,1.28,0,5.1,0,9.23,0,103,30.8,4.1,0,0,,7.69,1,.654,.769,154,,,2.31	1 1/3 cup~39|1 package~501
2125186	B	14	379,3.45,3.45,89.7,397,48.3,0,0,3.4,0,12.4,0,121,41.4,2.75,0,0,,13.8,1,1.17,1.38,,,,4.14,4.14	1 cup~29|1 package~839
2143505	B	14	385,5.13,3.85,89.7,462,38.5,1.28,0,5.1,0,9.74,0,128,30.8,,0,0,,7.69,1,.654,.769,154,,,2.31	1 1/3 cup~39|1 package~297
2615433	B	14	385,5.13,3.85,87.2,538,30.8,1.28,0,5.1,0,11.5,0,154,38.5,5,0,0,,10.3,1,.872,1.03,205,,,3.08	1 serving~39|1 package~522
2630042	B	14	359,5.13,2.56,87.2,436,41,1.28,0,5.1,0,9.23,0,103,30.8,4,0,0,,7.69,1,.654,.769,154,,,2.31	1 1/3 cup~39|1 package~459
2595879	B	14	359,5.13,2.56,87.2,436,41,1.28,0,5.1,0,9.23,0,103,30.8,4,0,0,,7.69,1,.654,.769,154,,,2.31	1 serving~39|1 package~298
2611304	B	14	359,5.13,2.56,87.2,436,41,1.28,0,5.1,0,9.23,0,103,30.8,4,0,0,,7.69,1,.654,.769,154,,,2.31	1 serving~39|1 package~746
2595880	B	14	385,5.13,3.85,89.7,462,38.5,1.28,0,5.1,0,9.74,0,128,30.8,4,0,0,,7.69,1,.654,.769,154,,,2.31	1 serving~39|1 package~298
2175653	B	14	385,5.13,3.85,87.2,538,30.8,1.28,0,5.1,0,11.5,0,154,38.5,,0,0,,10.3,1,.872,1.03,205,,,3.08	1 1/3 cup~39|1 package~550
2595983	B	14	359,5.13,2.56,87.2,192,30.8,1.28,0,2.6,0,11.5,0,103,38.5,5,0,0,,,1,,1.03,205,,,3.08,13.5	1 serving~39|1 package~286
2497927	B	14	359,5.13,2.56,87.2,513,33.3,0,0,5.1,0,11.5,0,154,38.5,5.12,0,0,,10.3,1,.872,1.03,205,,,3.08	1 1/3 cup~39|1 package~286
2213974	B	14	379,6.9,1.72,89.7,517,34.5,0,0,10.3,0,15.5,0,155,51.7,3.45,0,0,,17.2,1,1.47,1.72,,,,5.17,5.17	1 cup~29|1 package~1070
1875874	B	4	429,3.57,21.4,53.6,54,32.1,21.4,0,7.1,,1.29,0,,0	1 serving~28|1 package~212
2474787	B	3	65,0,0,17.5,0,12.3,0,0,1.8,0,0,9,154,10.5,0	1 tube~57|1 package~340
2476715	B	3	61,0,0,14,0,12.3,0,0,3.5,0,0,16,158,12.3,0	1 tube~57|1 package~340
2488866	B	3	61,0,0,15.8,0,12.3,0,0,1.8,0,0,18,167,26.3,0	1 tube~57|1 package~340
2474786	B	3	61,0,0,14,0,12.3,0,0,1.8,0,0,12,126,7,0	1 tube~57|1 package~340
2438448	B	3	70,0,0,17.5,0,12.3,0,0,1.8,,.63,0,237,15.8	1 tube~57|1 package~340
2438417	B	22	61,0,0,15.8,0,12.3,0,0,1.8,,0,0,167,26.3	1 tube~57|1 package~340
1890660	B	3	61,0,0,15.8,0,12.3,0,0,1.8,0,0,0,193,21.1	1 tube~57|1 package~340
2474788	B	52	58,0,0,14,0,12.3,0,0,1.8,0,0,12,200,26.3,0	1 tube~57|1 package~340
2032339	B	19	67,13.3,0,0,9200,0,0,133,0,0,7.2,1000,,0	1 tbsp~15|1 package~340
2643118	B	13	516,26.3,29,47.4,253,18.4,5.26,0,7.9,0,2.63,87,437,,0	1 serving~38|1 package~465
2643301	B	13	474,23.7,29,36.8,118,18.4,5.26,0,7.9,0,2.63,63,450,,0	1 serving~38|1 package~465
1995417	B	13	579,26.3,36.8,39.5,118,21,13.2,0,10.5,0,2.63,63,542,,0	1 serving~38
2383768	B	13	474,23.7,29,36.8,118,18.4,5.26,0,7.9,0,2.63,63,450,,0	1 serving~38
2172699	B	13	516,26.3,29,47.4,118,21,5.26,0,10.5,0,2.63,63,566,,0	1 serving~38
2652482	B	13	474,26.3,29,36.8,118,18.4,5.26,0,7.9,0,2.63,63,429,,0	1 bar~38
1633801	B	14	370,7.41,3.7,81.5,630,33.3,0,0,7.4,0,16.7,370,222,22.2,3.7,1.85,1.85,,18.5,1,1.57,1.85,,89,222,5.56,13.9	¾ cup~27
2175897	B	14	351,5.41,0,89.2,514,32.4,0,0,2.7,0,19.5,0,81,,,0,0,,10.8,1,.919,1.08,321,,,3.24	1 cup~37|1 package~1700
1927239	B	14	400,3.33,3.33,86.7,467,43.3,1.67,0,0,0,12,0,167,16,2.67,0,0,,13.3,1,1.13,1.33,,,,4	¾ cup~30|1 package~558
1824645	B	14	400,3.33,3.33,86.7,467,43.3,1.67,0,0,0,12,0,183,16,2.67,0,0,,13.3,1,1.13,1.33,,,,4	¾ cup~30|1 package~680
2595881	B	14	385,5.13,2.56,84.6,538,33.3,2.56,0,2.6,0,18.5,0,179,,5,0,0,,10.3,1,.872,1.03,308,,,3.08	1 cup cereal~39|1 package~388
1142897	B	14	375,5,3.75,87.5,475,42.5,2.5,0,2.5,0,15.2,0,175,,,0,0,,7.5,1,.637,.75,250,,,2.25	1 cup~40
2654325	B	14	407,3.7,13,77.8,333,25.9,3.7,0,7.4,0,0,0,0,,0	1 pouch~27
2611328	B	14	368,5.26,0,86.8,500,34.2,0,0,2.6,0,16.6,0,105,,4,0,0,,7.9,1,.671,.789,263,,,2.37	1 cup cereal~38|1 package~289
2595994	B	13	435,4.35,10.9,78.3,152,34.8,8.7,0,0,0,8.7,130,130,,0	1 bar~23
2657668	B	14	351,5.41,0,89.2,514,32.4,0,0,2.7,0,19.5,0,81,,5,0,0,,10.8,1,.919,1.08,324,,,3.24	1 cup cereal~37|1 package~808
2595906	B	14	375,5,3.75,87.5,475,42.5,2.5,0,2.5,0,15.2,0,175,,4,0,0,,7.5,1,.638,.75,250,,,2.25	1 cup cereal~40|1 package~700
2615429	B	14	378,5.41,2.7,86.5,486,32.4,1.35,0,2.7,0,19.5,0,81,,5,0,0,,10.8,1,.919,1.08,324,,,3.24	1 cup cereal~37|1 package~369
2615308	B	14	368,5.26,0,86.8,526,34.2,0,0,2.6,0,19,0,132,,5,0,0,,10.5,1,.895,1.05,316,,,3.16	1 cup cereal~38|1 package~303
2596030	B	14	368,5.26,0,89.5,500,34.2,0,0,2.6,0,16.6,0,105,,4,0,0,,7.9,1,.671,.789,263,,,2.37	1 cup cereal~38|1 package~462
2611307	B	14	366,4.88,0,90.2,463,41.5,0,0,2.4,0,16.1,0,73,,4,0,0,,7.32,1,.622,.732,244,,,2.2	1 serving~41|1 package~300
2596031	B	14	368,5.26,0,89.5,500,34.2,0,0,2.6,0,16.6,0,105,,4,0,0,,7.9,1,.671,.789,263,,,2.37	1 cup cereal~38|1 package~289
1968401	B	14	367,3.33,0,90,467,36.7,0,0,3.3,0,15,0,67,20,3.33,,,,16.7,1,1.42,1.67,,,,5	¾ cup~30|1 package~652
2671955	B	14	400,3.33,3.33,86.7,533,40,3.33,0,0,0,15,0,183,20,7,0,0,300,16.7,1,1.42,1.67,566,,,5	¾ cup~30|1 package~417
1916183	B	14	400,3.33,3.33,86.7,533,40,3.33,0,0,0,15,0,183,20,3.33,0,0,,16.7,1,1.42,1.67,,,,5	¾ cup~30|1 package~1300
2595978	B	14	366,4.88,0,87.8,512,31.7,0,0,2.4,0,14.9,0,98,,4,0,0,,7.32,1,.622,.732,244,,,2.2	1 serving~41|1 package~340
2671963	B	14	379,6.9,3.45,86.2,552,34.5,1.72,0,0,0,15.5,0,207,20.7,7,0,0,310,17.2,1,1.47,1.72,586,,,5.17	¾ cup~29|1 package~1560
2142608	B	14	379,3.45,0,89.7,517,34.5,0,0,0,0,15.5,0,103,20.7,3.45,0,0,,17.2,1,1.47,1.72,,,,5.17	¾ cup~29|1 package~283
2615430	B	14	378,5.41,0,89.2,514,29.7,0,0,2.7,0,19.5,0,81,,5,0,0,,10.8,1,.919,1.08,324,,,3.24	1 cup cereal~37|1 package~374
2547530	B	14	390,4.88,0,90.2,463,36.6,0,0,0,0,13.2,0,73,,0,,,,4.88,3,,.488,59,,,,3.66,1.22	1¼ cup~41|1 package~759
2044697	B	4	395,2.63,13.2,68.4,289,44.7,5.26,13,0,0,0,53,,0	1 cookies~38|1 package~383
2671974	B	14	400,3.33,0,90,367,40,0,0,0,0,18,0,67,50,10,0,0,750,16.7,1,1.42,1.67,680,,,5,,,,,,,12	¾ cup~30|1 package~354
2142475	B	14	356,8.47,2.54,83,17,20.3,0,0,10.2,0,30.5,17,271,,0,0,1.69,,3.39,0,,,678,68,169,,2.54	27 biscuits~59|1 package~623
2175762	B	14	356,8.47,2.54,84.8,17,20.3,0,0,10.2,0,30.5,17,254,,0,0,1.69,,3.39,0,,,678,68,169,,2.54	27 biscuits~59|1 package~405
1968397	B	14	346,7.69,1.92,82.7,0,23.1,0,0,9.6,0,31.2,0,327,0,,,,,9.62,1,.817,.962,,,,2.88,2.88	1 serving~52|1 package~453
2615330	B	14	350,8.33,1.67,85,17,20,0,0,10,0,30,17,350,,0,0,.83,,3.33,0,,,667,67,167,,2.5	25 biscuits cereal~60|1 package~405
1967912	B	14	364,10.9,3.64,80,255,21.8,0,0,9.1,0,29.4,0,273,0,,.91,1.82,,9.09,1,.773,.909,,,,2.73,2.73	1 cup~55|1 package~397
1968394	B	14	364,9.09,3.64,81.8,364,21.8,1.82,0,10.9,0,29.4,0,491,0,,.91,.91,,9.09,1,.773,.909,,73,364,2.73,2.73	52 biscuits /~55|1 package~447
2595886	B	14	339,8.93,3.57,80.4,375,21.4,1.79,0,10.7,0,32.1,18,500,,0,0,0,,3.57,0,,,714,71,179,,2.68	1 cup cereal~56|1 package~451
2596003	B	14	350,8.33,1.67,83.3,17,20,0,0,11.7,0,30,17,350,,0,0,.83,,3.33,0,,,667,67,167,,2.5	29 biscuits cereal~60|1 package~405
2175763	B	14	350,8.33,1.67,85,0,20,0,0,11.7,0,30,17,333,,0,0,0,,3.33,0,,,667,67,167,,2.5	22 biscuits~60|1 package~680
2631578	B	14	350,8.33,1.67,83.3,17,20,0,0,10,0,30,17,350,,0,0,.83,,3.33,0,,,667,67,167,,2.5	33 biscuits cereal~60|1 package~405
1914150	B	14	345,9.09,1.82,85.4,0,21.8,0,0,10.9,0,29.4,0,345,0,,0,.91,,9.09,1,.773,.909,,73,364,2.73,2.73	25 biscuits~55|1 package~725
1915071	B	14	352,9.26,1.85,85.2,0,20.4,0,0,11.1,0,30,0,370,0,,0,.93,,9.26,1,.787,.926,,74,278,2.78,2.78,,,.37	21 biscuits~54|1 package~907
1968404	B	14	353,9.8,1.96,80.4,10,19.6,0,0,9.8,0,28.2,0,333,0,,.98,0,,9.8,1,.833,.98,,118,294,2.94,2.94,,,.314	1 serving~51|1 package~454
1968403	B	14	365,7.69,3.85,84.6,0,25,0,0,9.6,0,31.2,0,346,0,,.96,0,,9.62,1,.817,.962,,77,288,2.88,2.88,,,.231	1 serving~52|1 package~468
2107396	B	14	357,8.93,3.57,82.1,375,21.4,1.79,0,10.7,0,,,482,,,.89,.89	1 cup~56|1 package~431
2154509	B	14	383,8.33,1.67,85,17,21.7,0,0,10,0,30,17,350,,0,0,.83,,3.33,0,,,667,67,250,,2.5	25 biscuits~60|1 package~623
2154514	B	14	333,8.33,1.67,80,17,20,0,0,10,0,30,17,317,,0,0,0,,3.33,0,,,667,67,167,,2.5	21 biscuits~60|1 package~467
1967790	B	14	345,9.09,1.82,81.8,18,18.2,0,0,10.9,0,29.4,0,364,0,,0,.91,,9.09,1,.773,.909,,73,273,2.73,2.73	24 biscuits~55|1 package~425
2497978	B	14	352,9.26,1.85,85.2,370,20.4,0,0,11.1,0,30,0,370,0,,0,.93,,9.26,1,.787,.926,,74,278,2.78,2.78,,,.37	21 biscuits~54|1 package~1600
2657580	B	14	350,8.33,2.5,85,17,20,0,0,10,0,30,0,267,,0,0,1.67,,3.33,0,,,667,67,167,,2.5	25 biscuits cereal~60|1 package~510
2163416	B	14	352,8.45,2.11,84.5,14,21.1,0,0,9.9,0,30,14,268,,0,,,,2.82,0,,,670,56,141,,2.11	1 container~71|1 package~425
2595888	B	14	356,8.47,2.54,83,17,20.3,0,0,10.2,0,30.5,17,271,,0,0,1.69,,3.39,0,,,678,68,169,,2.54	27 biscuits cereal~59|1 package~405
2145247	B	14	356,8.47,2.54,83,17,20.3,0,0,10.2,0,30.5,17,271,,0,0,1.69,,3.39,0,,,678,68,169,,2.54	27 biscuits~59|1 package~405
2089435	B	14	345,9.09,1.82,83.6,0,18.2,0,0,10.9,0,29.4,0,436,0,,0,.91,,9.09,1,.773,.909,,73,364,2.73,2.73	24 biscuits~55|1 package~425
2140263	B	14	333,8.33,1.67,81.7,17,18.3,0,0,10,0,30,33,350,,0,0,0,,3.33,0,,,667,67,167,,2.5	26 biscuits~60|1 package~442
1968402	B	14	346,7.69,1.92,82.7,0,23.1,0,0,9.6,0,31.2,0,327,,,0,.96,,9.62,1,.817,.962,,77,288,2.88,2.88,,,.308	1 serving~52|1 package~462
2595885	B	14	350,8.33,1.67,85,17,20,0,0,10,0,30,17,350,,0,0,.83,,3.33,0,,,667,67,167,,2.5	25 biscuits cereal~60|1 package~405
1968396	B	14	364,9.09,3.64,81.8,364,21.8,1.82,0,10.9,0,29.4,0,491,0,,.91,.91,,9.09,1,.773,.909,,73,364,2.73,2.73	52 biscuits /~55|1 package~411
1899592	B	4	395,2.63,13.2,65.8,237,42.1,2.63,13,0,0,1.89,53,,0	1 cookie~38|1 package~383
2131948	B	18	38,0,0,10,10,9.58,,,,0	8 fl oz~240|1 package~947
2144240	B	18	45,0,0,11.3,14,11.3	12 fl oz~355|1 package~1420
2085087	B	18	45,0,0,11.6,15,11.6	12 fl oz~355
2105466	B	18	38,0,0,9.58,8,9.58,,,,0	8 fl oz~240|1 package~947
2083674	B	18	46,0,0,11.4,6,11.4	8 fl oz~237|1 package~947
2105311	B	18	38,0,0,10.4,9,10.4,,,,0	8 fl oz~240|1 package~947
2453722	B	18	46,0,0,12.2,7,12.2	1 serving~591
2051479	B	18	42,0,0,11,8,11	8 fl oz~237|1 package~947
2085093	B	18	56,0,0,14.4,7,14.4	12 fl oz~355
2113259	B	18	43,0,0,10.4,9,10.4,,,,0	8 fl oz~240|1 package~947
2105473	B	18	46,0,0,12.5,8,12.1,,,,0	8 fl oz~240|1 package~947
2124919	B	14	381,4.76,3.57,88.1,524,31,2.38,0,4.8,0,11.4,0,143,35.7,,,,,9.52,1,.81,.952,,,,2.86	1 container~42
475616	B	78	82,18,1,0,54,0,0,43,0,0,.36,10,,.6	1 serving~100
2076003	B	18	0,0,0,0,3	8 fl oz~240|1 package~946
2540745	B	18	46,0,0,13.3,10,13.3	1 serving~240|1 package~946
2047686	B	25	47,0,0,13.6,11,13.6	8 fl oz~236|1 package~710
2545156	B	25	58,0,0,14.6,8,14.6	1 serving~240|1 package~946
2541098	B	18	52,0,0,12.9,10,12.9	1 serving~240|1 package~946
2440577	B	43	111,0,0,22.2,24900,22.2,0,0,0,,0,0,,0	1 tsp~4.5|1 package~454
2071923	B	31	89,3.18,.96,21.7,13,5.1,0,0,1.3,0,0,0,,2.3	1 ear~157
1893148	B	37	17,.83,0,3.33,117,.83,0,0,1.7,0,.3,17,125,1	½ cup~120|1 package~2860
1893149	B	37	70,3.1,.39,12.4,109,3.1,0,0,4.7,0,1.12,16,132,0	½ cup~129|1 package~2980
1893178	B	37	28,.79,0,6.3,110,3.15,0,0,2.4,0,.28,16,110,0	½ cup~127|1 package~2980
1893161	B	37	17,.83,0,3.33,117,.83,0,0,1.7,0,.3,17,125,1	½ cup~120|1 package~2860
1893070	B	82	102,0,2.34,19.5,156,11.7,0,0,0,0,0,16,,0,,1.56,.39	½ cup~128|1 package~3170
2440578	B	43	444,0,22.2,44.4,19800,22.2,11.1,0,0,,0,0,,0	1 tsp~4.5|1 package~454
2265403	B	1	400,0,0,93.3,0,93.3	1 tbsp~15|1 package~142
2167985	B	8	517,5,26.7,63.3,67,60,16.7,17,1.7,0,1.8,100,233,,0	1 piece~60
2564336	B	4	400,3.33,10,76.7,117,53.3,5,0,0,0,1.33,13,53,,0	.14 kit~30|1 package~198
1959279	B	30	480,4,18,76,360,56,16,0,0,0,0,80,548,,0	1 scoop~25|1 package~1360
1941854	B	30	421,5.26,13.2,79,263,63.2,10.5,0,0,0,0,79,368,,0	1 scoop~19|1 package~1361
1926522	B	30	467,6.67,16.7,73.3,367,56.7,15,0,0,0,0,80,550,,0	3 tbsp~30|1 package~595
2664341	B	30	450,7.5,17.5,72.5,375,57.5,15,0,0,0,0,142,458,,0	¼ cup~40|1 package~80
1941480	B	30	450,2.5,15,77.5,212,65,15,0,0,0,0,50,,0	¼ cup~40|1 package~80
1941433	B	52	275,7.5,17.5,72.5,288,55,15,0,0,0,2.7,150,,0	¼ cup~40|1 package~80
1941481	B	30	425,10,11.2,70,700,60,11.2,0,0,0,.9,250,,3	¼ cup~40|1 package~80
1934204	B	30	450,5,20,72.5,188,52.5,17.5,0,0,0,0,65,328,,0	¼ cup~40|1 package~80
2449932	B	30	467,6.67,23.3,66.7,333,33.3,23.3,0,0,0,0,73,867,,0	1 packet~15
1941432	B	30	425,7.5,12.5,72.5,450,55,12.5,0,0,0,.9,200,,0	¼ cup~40|1 package~80
2419585	B	30	450,5,17.5,65,325,35,17.5,0,0,0,0,180,550,,0	2 tbsp~20|1 package~200
2131773	B	30	425,5,15,75,188,62.5,15,0,0,0,0,120,342,,0	¼ cup~40|1 package~80
2450071	B	30	467,0,23.3,66.7,467,20,20,0,0,0,0,20,427,,0	1 packet~15|1 package~150
2475808	B	30	86,1.91,1.67,19.1,43,11,.24,0,4.3,0,.77,48,330,31.6,0,.72,.24,,,,,,29,,,,,,,,,152	1 bag~209
2475788	B	55	87,1.92,1.2,19.2,10,11.1,0,0,3.8,0,1.01,67,346,49.5,0,0,.72,,,,,,26,,,,,,,,,150	1 bag~208
2475809	B	30	62,1.43,1.19,13.8,17,9.05,0,0,2.9,0,.86,43,290,25.2,0,.71,0,,,,,,36,,,,,,,,,101	1 bag~210
2475812	B	30	148,6.22,7.18,18.2,5,11,1.2,0,3.8,0,2.15,57,397,22,0,1.67,3.83,,,,,,19,,,,,,,,,5.7	1 bag~209
2475813	B	30	100,3.32,3.32,17.1,17,11.4,.47,0,3.8,0,1.23,52,313,24.2,0,.95,1.66,,,,,,31,,,,,,,,,77.7	1 bag~211
2475810	B	30	82,1.45,2.42,15,17,9.66,1.45,0,2.9,0,.72,43,285,32.4,0,.72,0,,,,,,33,,,,,,,,,82.6	1 bag~207
2475811	B	30	76,1.9,1.43,16.7,17,11.4,0,0,3.3,0,.76,52,252,18.1,0,.48,.71,,,,,,24,,,,,,,,,84.8	1 bag~210
2475814	B	30	115,2.87,2.87,22,17,10.5,.48,0,5.3,0,1.24,67,282,4.8,0,.96,1.2,,,,,,27,,,,,,,,,81.3	1 bag~209
2475787	B	55	54,1.47,3.43,6.37,27,2.45,.49,0,2.5,0,.98,39,319,22.1,0,1.96,.49,,,,,,43,,,,,,,,,150	1 bag~204
2060977	B	3	186,3.39,4.24,30.5,76,23.7,2.54,17,1.7,0,.61,102,,0	½ cup~59|1 package~4730
1941545	B	34	225,7.75,7.75,33.1,324,3.52,2.46,7,1.4,0,1.9,141,,4.2,,1.76,2.46	½ pizza~142|1 package~284
1941509	B	34	239,7.04,9.86,31,465,2.11,3.52,4,1.4,0,1.9,106,,4.2,,3.17,2.46	½ pizza~142|1 package~284
2545730	B	3	104,0,0,27.2,8,20,0,0,0,0,0,0,32,,0	1 bar~125
2542708	B	3	98,0,0,25.2,12,17.9,0,0,0,0,0,8,24,,0	1 bar~123
2462839	B	3	164,.91,3.64,30.9,45,23.6,2.73,5,.9,0,0,,82,,0	1 bar~110
2545648	B	3	93,0,0,24.1,9,17.6,0,0,0,0,0,0,9,,0	1 bar~108
2542011	B	3	108,0,0,26.7,8,20,0,0,.8,0,0,8,50,,0	1 bar~120
567924	B	37	52,.83,0,10.8,217,9.17,0,0,1.7,0,.6,33,,20	½ cup~120
552793	B	37	52,.83,0,10.8,217,9.17,0,0,1.7,0,.6,33,,20	½ cup~120
1900601	B	10	62,0,0,16.1,31,14.3,0,0,.9,0,0,0,103,26.8	1 pouch~112|1 package~473
1900603	B	10	57,0,0,13.9,29,12.3,0,0,.8,0,0,0,94,24.6	1 pouch~122|1 package~514
1900602	B	10	58,.45,0,14.3,31,12.5,0,0,.4,0,0,0,85,26.8	1 pouch~224
1907555	B	10	58,.45,0,13.8,29,12.5,0,0,.9,0,.32,9,103,26.8	1 pouch~224
2121912	B	10	50,0,0,11.7,0,10.8,0,0,.4,0,0,0,,0	8 fl oz~240
2038890	B	10	49,0,0,12.1,0,11.2,0,0,.4,,0,0,,10	8 fl oz~240
2114468	B	10	54,.42,0,12.9,0,10.4,0,0,.4,0,0,0,,20	8 fl oz~240
2104853	B	10	48,.42,0,12.1,0,8.33,0,0,.8,0,0,8,,2.5	8 fl oz~240
1900698	B	3	61,0,0,20.4,0,14.3,,,,,,,,12.2	1 pop~49|1 package~781
1870585	B	22	71,0,0,17.2,20,12.1,,,,,,,,60.6	1 pouch~99|1 package~369
1857351	B	22	81,0,0,18.2,10,14.1,,,,,,,,60.6	1 serving~99
1870583	B	22	71,0,0,18.2,15,13.1,,,,,,,,60.6	1 pouch~99|1 package~369
1870584	B	22	81,0,0,18.2,10,14.1,,,,,,,,60.6	1 pouch~99|1 package~369
1872432	B	24	0,0,0,0,16	16 fl oz~473
2241339	B	24	0,0,0,.2,0	1.06 pt~510
2241338	B	24	0,0,0,.2,0	1.06 pt~510
1872421	B	24	0,0,0,.42,0	8 fl oz~240|1 package~502
1872352	B	24	0,0,0,.42,0	8 fl oz~240|1 package~502
1872507	B	24	0,0,0,0,16	16 fl oz~473
2243957	B	24	0,0,0,.2,0	1.06 pt~510
2239531	B	24	0,0,0,.2,0	1.06 pt~510
2239528	B	24	0,0,0,0,16	1 pt~480
2039965	B	24	0,0,0,0,14	20 fl oz~591
2039880	B	24	0,0,0,0,14	20 fl oz~591
2239527	B	24	0,0,0,0,16	1 pt~480|1 package~2830
2239529	B	24	0,0,0,0,16	1 pt~480
1872417	B	24	0,0,0,0,14	20 fl oz~591
2239534	B	24	0,0,0,0,15	1 pt~480
1872438	B	24	0,0,0,0,14	16 fl oz~473|1 package~2830
1872410	B	24	0,0,0,0,14	16 fl oz~473|1 package~2830
1872423	B	24	0,0,0,0,14	16 fl oz~473|1 package~2830
2239533	B	24	0,0,0,0,16	1 pt~480|1 package~2830
2239532	B	24	0,0,0,0,16	1 pt~480
2265854	B	105	0,0,0,0,14	1¼ pt~600
1872351	B	24	0,0,0,0,16	16 fl oz~473
1872370	B	24	0,0,0,0,16	16 fl oz~473
2239535	B	24	0,0,0,0,14	1 pt~480|1 package~2830
2265853	B	24	0,0,0,.2,0	1.06 pt~510
2239526	B	24	0,0,0,.2,0	1.06 pt~510
1872412	B	24	0,0,0,.42,0	8 fl oz~240|1 package~502
1908474	B	24	0,0,0,.42,0	8 fl oz~240|1 package~502
2561080	B	24	0,0,0,.21,16	1 bottle~473
2239530	B	24	0,0,0,0,16	1 pt~480|1 package~2830
1909111	B	10	50,0,0,11.8,4,11.4,,,.4,,,42,105,25.3,.425	1 can~237
2067473	B	1	100,0,0,25.7,80,22.9,0,0,0,0,0,0,,0	1 piece~35|1 package~1225
2506355	B	117	22,0,0,5.6,30,5.2,0,0,0,0,.5,1,95,,0	8.4 fl oz~250|1 package~1250
2133713	B	1	469,0,15.6,81.2,94,62.5,15.6,0,0,0,0,0,0,,0	1 serving~16|1 package~90
2130192	B	12	557,20,36.7,36.7,167,20,10,0,6.7,0,3.33,50,533,,0	3 piece~30|1 package~90
1955270	B	13	567,23.3,36.7,36.7,150,20,10,0,6.7,0,3.33,50,533,,0	3 pieces~30|1 package~90
1913636	B	101	100,0,0,25.7,80,22.9,0,0,0,0,0,0,,0	1 piece~35|1 package~1225
2067475	B	1	100,0,0,25.7,80,22.9,0,0,0,0,0,0,,0	1 piece~35|1 package~1225
2302653	B	25	62,0,0,15.6,48,14,0,0,0,0,.11,4,36,,0,,,,,0,0	1 cup~520
1894363	B	1	100,0,0,25.7,80,22.9,0,0,0,0,0,0,,0	1 piece~35|1 package~1225
2284280	B	10	24,0,0,6,0,5.6	1 serving~250
2652919	B	22	286,2.86,0,68.6,100,45.7,0,0,11.4,0,0,189,609,,0	1 serving~35|1 package~142
2652937	B	22	280,2,0,66,90,44,0,0,10,0,0,186,600,,0	1 serving~50
2035000	B	22	250,2,0,70,2,42,0,0,8,0,1.08,60,720,6	1 pouch~50
2029610	B	22	254,2.82,0,70.4,3,42.2,0,0,7,0,1.01,56,704,6.8	1 serving~35.5|1 package~142
2072792	B	22	282,2.82,0,62,0,36.6,0,0,5.6,0,3.55,56,,15.2	1 serving~35.5|1 package~142
2058076	B	22	270,2,0,62,0,36,0,0,5,0,2.88,40,,12	1 pouch~50
2652953	B	22	286,2.86,0,65.7,57,40,0,0,11.4,0,0,111,880,,0	1 serving~35|1 package~142
2655058	B	22	286,2.86,0,68.6,0,42.9,0,0,5.7,0,0,37,497,,0	1 serving~35|1 package~142
2652938	B	22	250,3.57,0,57.1,0,39.3,0,0,17.9,0,3.57,121,1210,,0	1 serving~28|1 package~113
1899429	B	22	300,2.5,0,67.5,8,55,0,0,7.5,0,.9,50,,0	1 serving~40|1 package~170
2643177	B	1	261,0,0,65.2,174,43.5	1 pouch~23|1 package~506
2076694	B	17	76,1.68,2.1,13.4,8,10.9,1.26,4,1.7,0,.3,17,,5	1 serving~119|1 package~476
1895190	B	22	67,0,0,16,4,13.4,0,0,.8,0,.3,0,,2	1 serving~119|1 package~476
2741302	B	58	381,0,4.76,81,238,47.6,2.38,0,0,0,0,0,0,42.9,0	1 roll~21
2741426	B	58	381,0,4.76,81,238,47.6,2.38,0,0,0,0,0,0,42.9,0	1 roll~21
2745369	B	58	375,0,4.17,83.3,250,50,0,0,0,0,0,0,0,41.7,0	1 roll~12
2745281	B	58	375,0,4.17,83.3,250,50,0,0,0,0,0,0,0,41.7,0	1 roll~12
2745391	B	58	368,0,5.26,79,237,47.4,3.95,0,0,0,0,0,0,39.5,0	1 serving~38
2617424	B	1	375,0,4.17,83.3,250,50,0,0,,0,,,,41.7	1 roll~12|1 package~228
2741289	B	58	381,0,4.76,81,238,47.6,2.38,0,0,0,0,0,0,42.9,0	1 roll~21
2746584	B	58	333,0,4.76,76.2,238,47.6,2.38,0,0,0,0,0,0,42.9,0	1 roll~21
2560784	B	22	371,0,5.71,80,243,45.7,2.86,0,,0,,,,42.9	1 roll~35
2742804	B	58	381,0,4.76,81,238,47.6,2.38,0,0,0,0,0,0,42.9,0	1 roll~21
1636139	B	1	381,0,4.76,81,238,47.6,2.38,0,,0,,,,28.6	1 roll~21
2212796	B	1	381,0,4.76,81,238,47.6,2.38,0,,0,,,,28.6	1 roll~21|1 package~128
2739250	B	58	333,0,4.76,76.2,238,47.6,2.38,0,0,0,0,0,0,42.9,0	1 roll~21
1629941	B	1	381,0,4.76,81,214,42.9,0,0,,0,,,,28.6	1 roll~21
2746604	B	58	381,0,4.76,81,238,47.6,2.38,0,0,0,0,0,0,42.9,0	1 roll~21
2743640	B	58	381,0,4.76,81,238,47.6,2.38,0,0,0,0,0,0,42.9,0	1 pouch~21
2742785	B	58	360,0,4,80,240,48,4,0,0,0,0,0,0,40,0	1 serving~25
2745852	B	58	346,0,3.85,76.9,231,46.2,0,0,0,0,0,0,0,38.5,0	1 roll~13
2741169	B	58	365,0,4.71,78.8,235,47.1,3.53,0,.6,0,0,0,0,42.4,0	per container~85
2719856	B	58	369,.046,5.14,80.6,237,45.2,3.52,0,.546,.023,.214,12.6,79.5,39.4,0	1 roll~13
2719278	B	58	360,.102,4.65,79.4,234,47.1,3.45,0,.647,.038,.079,9.83,46.3,39.4,0	1 roll~13
2741242	B	58	346,0,3.85,76.9,231,46.2,0,0,0,0,0,0,0,38.5,0	1 roll~13
1629943	B	1	381,0,4.76,81,214,42.9,0,0,,0,,,,28.6	1 roll~21
2683090	B	58	370,0,5,80,240,45,3.5,0,0,0,0,0,0,54,0	1 roll~35
2746613	B	58	333,0,4.76,76.2,238,47.6,2.38,0,0,0,0,0,0,42.9,0	1 roll~21
2746512	B	58	381,0,4.76,81,238,47.6,2.38,0,0,0,0,0,0,42.9,0	1 roll~21
2746506	B	58	381,0,4.76,81,238,47.6,2.38,0,0,0,0,0,0,42.9,0	1 roll~21
2723524	B	58	359,.106,4.62,79.2,232,46.8,3.43,.011,.696,.038,.079,10.2,46,42.9,0	2 rolls~25
2560778	B	22	381,0,4.76,81,238,47.6,2.38,0,,0,,,,42.9	1 roll~21
2735211	B	58	360,.11,4.65,79.4,234,47.1,3.45,0,.704,.038,.079,10.3,46.3,42.9,0	1 roll~21
2741139	B	58	381,0,4.76,81,238,47.6,2.38,0,0,0,0,0,0,42.9,0	1 roll~21
2739290	B	58	381,0,4.76,81,238,47.6,2.38,0,0,0,0,0,0,42.9,0	1 roll~21
2741807	B	58	381,0,4.76,81,238,47.6,2.38,0,0,0,0,0,0,42.9,0	1 roll~21
2741415	B	58	333,0,4.76,81,262,42.9,2.38,0,0,0,0,0,0,110,0	1 roll~21
2741470	B	58	381,0,4.76,81,238,47.6,2.38,0,0,0,0,0,0,42.9,0	1 roll~21
2741427	B	58	381,0,4.76,81,238,47.6,2.38,0,0,0,0,0,0,42.9,0	1 roll~21
1881010	B	13	388,5,3.75,82.5,28,50,0,0,12.5,0,4.05,200,742,10.5	1 bar~40
1881011	B	13	388,5,3.75,85,15,57.5,0,0,12.5,0,4.05,250,780,16.5	1 bar~40
1881009	B	13	388,5,3.75,82.5,15,55,0,0,15,0,4.05,275,810,19.5	1 bar~40
2052971	B	78	146,14.8,8.52,7.27,474,,.9,60,0,,3.24,40,,0	1 serving~100|1 package~198
1950841	B	3	279,0,11.6,37.2,7,32.6,11.6,0,0,0,,,,0	1 pop~43|1 package~288
2074714	B	3	218,1.82,7.27,30.9,27,29.1,5.45,0,0,0	1 pop~55|1 package~288
1953939	B	3	218,1.82,7.27,30.9,27,29.1,5.45,0,0,0	1 pop~55|1 package~288
2272180	B	3	202,0,6.98,30.2,7,25.6,4.65,0,0,0,,,,7	1 pop~43|1 package~288
1901461	B	3	218,1.82,7.27,30.9,27,29.1,5.45,0,0,0	1 pop~55|1 package~288
1854436	B	22	350,0,1.25,87.5,50,70,0,0,5,0,0,50,,0	¼ cup~40|1 package~340
1854435	B	22	350,0,1.25,87.5,50,70,0,0,5,0,0,50,,0	¼ cup~40|1 package~340
1902757	B	1	359,5.13,0,82,26,35.9,0,0,0,0,0,0,,0	13 pieces~39|1 package~198
1914827	B	1	350,5,0,85,25,42.5,0,0,0,0,0,0,,0	5 pieces~40|1 package~198
1902756	B	1	350,5,0,82.5,25,42.5,0,0,0,0,0,0,,0	8 pieces~40|1 package~198
1880527	B	1	350,7.5,0,80,25,30,0,0,0,0,0,0,,0	5 pieces~40|1 package~198
1880611	B	1	421,0,0,96.5,0,96.5	3 pieces~11.4|1 package~380
2439590	B	0	393,3.57,7.14,82.1,179,53.6,0,0,3.6,,1.29,0,,0	1 serving~28|1 package~141
454408	B	42	273,.1,0,66.9,,54.1	1 serving~100
2158634	B	22	357,3.57,0,82.1,54,39.3,0,0,10.7,0,2.57,71,,,0	1 ounce~28
2396029	B	0	429,7.14,21.4,53.6,107,35.7,1.79,0,7.1,0,2.57,71,750,,0	1 serving~28
2316434	B	15	432,3.57,39.3,0,136,0,32.1,43,0,0,0,36,,0	1 serving~28|1 package~196
2640525	B	7	67,1.11,0,15.6,0,14.4,,,1.1,,,,122,27.8	1 pouch~90
2634530	B	10	67,0,0,15.6,0,11.1,0,0,1.1,0,0,0,156,,0	1 pouch~90
2643188	B	7	50,0,0,12.2,0,10,0,0,1.1,0,0,0,0,,0	1 pouch~90
2640524	B	7	56,1.11,0,14.4,0,13.3,0,,1.1,,,,,27.8	1 pouch~90
2390248	B	22	50,0,0,11.1,0,10,0,0,1.1,0,0,0,0,,0	1 pouch~90|1 package~1080
1909509	B	35	167,6.67,0,40,1790,33.3,0,0,6.7,0,0,0,,0	1 tbsp~15|1 package~300
2130420	B	22	67,0,0,16.7,6,12.2,0,0,1.1,0,.4,0,117,1.3	1 pouch~90|1 package~360
1893307	B	22	67,0,0,16.7,0,14.4,0,0,1.1,0,.4,0,128,1.3	1 serving~90|1 package~360
1727855	B	1	348,0,4.35,78.3,196,43.5,2.17,0,,0,,,,39.1	1 pouch~23
1913074	B	1	360,0,6,80,180,40,0,0,,0,,,,24	1 pouch~25|1 package~153
1636298	B	1	360,0,6,80,180,40,2,0,,0,,,,24	1 pouch~25
1631355	B	1	355,0,4.84,80.6,177,45.2,3.23,0,,0,,,,19.4	12 pieces~31
1630659	B	1	355,0,4.84,80.6,177,45.2,3.23,0,,0,,,,19.4	12 pieces~31
1728270	B	1	360,0,4,80,200,44,2,0,,0,,,,40	2 pouches~25
1726971	B	1	355,0,4.84,77.4,177,45.2,3.23,0,0,0,,,,19.4	12 pieces~31
1961927	B	14	379,6.9,0,86.2,483,34.5,0,0,3.4,0,15.5,0,276,0,3.45,,,,17.2,1,1.47,1.72,,,,5.17,5.17	¾ cup~29|1 package~346
2545200	B	22	325,2.5,0,82.5,12,65,0,0,7.5,0,0,28,245,,0	1/3 cup~40|1 package~170
2545658	B	22	350,0,0,87.5,0,65,0,0,5,0,0,10,235,,0	1/3 cup~40|1 package~170
2725111	B	141	325,2.5,0,82.5,0,70,0,0,2.5,0,2.5,30,300,,0,,,52	1/3 cup~40
2482268	B	22	325,2.5,0,82.5,0,70,0,0,2.5,0,2.5,30,300,,0	1/3 cup~40|1 package~170
2542420	B	22	350,0,0,85,0,65,0,0,2.5,0,2.5,18,360,,0	1/3 cup~40|1 package~907
1876208	B	10	50,0,0,12.5,0,10,0,0,.4,0,.3,0,75,.5	8 fl oz~240|1 package~946
1902654	B	10	50,0,0,12.5,0,10,0,0,.4,0,.3,0,75,.5	8 fl oz~240|1 package~1890
1877621	B	10	50,0,0,12.5,0,10,0,0,.4,0,.3,0,75,.5	8 fl oz~240|1 package~946
1879799	B	25	48,0,0,11.7,21,11,0,0,.3,0,.12,21,,0	1 bottle~290
1912216	B	25	55,.34,0,13.1,21,12.8,0,0,.3,0,.12,21,,0	1 bottle~290
665346	B	10	52,.42,0,12.9,2,12.5,0,0,.4,0,.3,8,,17.5	1 cup~240
2506820	B	3	221,3.54,9.73,31,292,18.6,6.19,27,0,0,2.39,88,,0	1 serving~113
2290149	B	3	177,2.65,7.08,26.6,150,16.8,1.77,27,0,0,.32,88,,0	1 serving~113
2180603	B	3	177,3.54,4.42,32.7,,20.4,2.65,22,0,0,.32,133,,0	1 serving~113
2382795	B	3	62,0,0,15.9,9,12.4,0,0,0,0	1 serving~113|1 package~473
2631362	B	24	0,0,0,1.6,4,0,0,0,0,0,0,3,6,,0	16.9 fl oz~500|1 package~5000
2454202	B	5	350,0,5,85,0,80,0,0,5,0,0,0,,0	1 serving~20|1 package~42.5
2663553	B	22	400,0,5,80,0,70,0,0,10,0,0,0,,0,,,,0	1 serving~20|1 package~85
719066	B	22	350,0,0,90,0,65,0,0,15,0,1,50,700,,0	1 serving~20
2429390	B	22	350,0,0,90,0,65,0,0,15,0,1,50,700,,0	1 serving~20|1 package~85
713076	B	10	73,4,0,12.7,33,8,0,0,.7,0,0,67,,,.125,,,,2.67,0	1 container~150
2213878	B	17	80,4,1,12.7,33,8,1,0,.7,0,0,67,47,,.125,,,,2.67,0	1 container~150
1691535	B	10	67,4,0,12,30,8,0,0,1.3,0,0,67,,,0,,,,2.67,0	1 container~150
2614603	B	17	80,4,1,12.7,33,8,1,0,.7,0,0,67,47,,0,,,180,2.67,0	1 container~150
2213879	B	17	80,4,0,14.7,30,10,0,0,1.3,0,.24,67,93,,.125,,,,2.67,0	1 container~150
2213880	B	17	93,4,.33,18.7,33,12.7,0,0,2,0,.48,100,93,,.125,,,,2.67,0	1 container~150
1905622	B	22	77,0,0,18.7,0,15.4,0,0,1.1,0,.4,0,,66.2	1 serving~90.7|1 package~363
2093991	B	22	44,0,0,12.1,0,8.82,0,0,1.1,0,.4,0,,4	1 serving~90.7
1923082	B	22	77,0,0,18.7,0,16.5,0,0,1.1,0,.4,0,,66.2	1 serving~90.7|1 package~363
1923403	B	22	77,1.1,0,18.7,17,15.4,0,0,1.1,0,0,110,,16.5	1 serving~90.7|1 package~363
1927650	B	22	66,1.1,1.1,13.2,0,8.82,0,0,3.3,0,1.59,44,,2.6	1 serving~90.7|1 package~363
1893205	B	22	44,0,0,11,0,8.82,0,0,1.1,0,.4,0,,1.3	1 serving~90.7|1 package~363
1893204	B	42	50,0,0,12.1,0,9.92,0,0,1.1,0,.4,0,,9.9	1 serving~90.7
2065843	B	22	50,0,0,12.1,0,9.92,0,0,1.1,0,.4,0,,9.9	1 serving~90.7|1 package~363
2093712	B	22	44,0,0,11.1,0,8.89,0,0,1.1,0,.4,0,,6.7	1 serving~90|1 package~363
1937088	B	22	50,0,0,13.3,0,11.1,0,0,1.1,0,.4,0,,6.7	1 serving~90|1 package~363
1916288	B	22	50,0,0,13.3,0,11.1,0,0,1.1,0,0,22,,13.3	1 serving~90|1 package~363
2103524	B	22	50,0,0,13.3,0,11.1,0,0,1.1,0,.4,0,,6.7	1 serving~90|1 package~363
2103320	B	22	88,0,2.21,17.6,11,13.2,1.65,0,3.3,0,.4,0,,4	1 serving~90.7|1 package~363
2430507	B	24	0,0,0,0,0,0,,,,,,,14	12 fl oz~360|1 package~2000
2071146	B	1	275,2.5,0,70,12,42.5,0,0,0,0,0,,,150	16 pieces~40|1 package~142
1909775	B	1	300,5,0,100,100,60,0,0,0,0,0,,,300	1 pouch~20|1 package~119
2567346	B	41	780,0,86.7,0,0,,78.4,,,0	1 tbsp~15|1 package~355
2679726	B	10	0,0,0,0,21,0,,,,,,13	8 fl oz~240|1 package~3785
1905854	B	10	2,0,0,1.25,10,0,,0	8 fl oz~240|1 package~946
2603425	B	22	262,2.5,.5,65,75,30,0,0,7.5,0,2.5,25,825,,0	1/3 cup~40|1 package~170
2603424	B	0	250,14.3,0,57.1,286,28.6,0,0,14.3,0,7.14,107,2570,,0	.12 cup~14|1 package~170
1873760	B	10	50,0,0,12.9,4,12.9,0,,,0,0,0,104,25	8 fl oz~240|1 package~1890
1900478	B	10	58,0,0,14.2,8,12.1,,,,0,.3,8,104,25	8 fl oz~240|1 package~1890
2021319	B	22	88,0,0,21.2,22,15.9,0,0,1.8,0,.32,0,,53.1	1 unit~113|1 package~452
1097413	B	1	400,0,8,88,0,56,8,0,0,0,0,0,,0	1 serving~12.5
1936106	B	18	0,0,0,0,15,0	8 fl oz~240|1 package~1000
1901397	B	24	0,0,0,0,14,0,,,,,,,56	12 fl oz~360|1 package~1000
1939929	B	14	379,3.45,3.45,86.2,466,37.9,0,0,10.3,0,15.5,345,103,51.7,8.62,0,0,,17.2,1,1.47,1.72,,28,69,5.17,12.9	1 cup~29|1 package~346
2671483	B	1	161,0,7.14,25,0,17.9,7.14,0,3.6,0,0,7,154,,0	1 serving~28|1 package~227
2651985	B	1	161,0,7.14,25,0,17.9,7.14,0,3.6,0,0,7,168,,0	1 serving~28|1 package~227
2671482	B	1	143,0,7.14,21.4,0,14.3,7.14,0,3.6,0,0,11,89,,0	3½ pieces~28|1 package~227
2738625	B	58	357,0,7.14,85.7,357,50,3.57,0,0,0,0,0,0,64.3,0	1 roll~14
1456687	B	58	357,0,7.14,78.6,357,50,3.57,0,,0,,,,42.9	1 roll~14
2588195	B	1	357,0,7.14,85.7,357,50,3.57,0,,0,,,,64.3	1 roll~14
2234684	B	58	382,0,6,82,370,51,4,0,1,0,0,5,63	1 roll~14
2735181	B	58	400,0,6,86,370,49,4.5,0,1,0,0,0,0,64,0	1 roll~14
2560830	B	22	357,0,7.14,85.7,357,50,3.57,0,,0,,,,64.3	1 roll~14
1632207	B	1	357,0,7.14,78.6,357,50,3.57,0,,0,,,,42.9	1 roll~14
1636264	B	1	357,0,7.14,78.6,357,50,3.57,0,,0,,,,42.9	1 roll~14
1629946	B	1	357,0,7.14,85.7,393,50,0,0,,0,,,,42.9	1 roll~14
1629942	B	1	357,0,7.14,85.7,393,50,0,0,,0,,,,42.9	1 roll~14
2738272	B	58	357,0,7.14,78.6,393,28.6,3.57,0,14.3,0,0,0,0,121,0	1 roll~14
2738271	B	58	357,0,7.14,78.6,393,28.6,3.57,0,14.3,0,0,0,0,121,0	1 roll~14
2738235	B	58	357,0,7.14,78.6,393,28.6,3.57,0,14.3,0,0,0,0,121,0	1 roll~14
2741491	B	58	400,0,5,90,400,50,0,0,0,0,0,0,0,,0	1 roll~10
2741795	B	58	350,0,5,90,400,50,0,0,0,0,0,0,0,,0	1 roll~10
2739297	B	58	357,0,7.14,85.7,357,50,3.57,0,0,0,0,0,0,64.3,0	1 roll~14
2739296	B	58	357,0,7.14,85.7,357,50,3.57,0,0,0,0,0,0,64.3,0	1 roll~14
2741490	B	58	350,0,5,90,400,50,0,0,0,0,0,0,0,,0	1 roll~10
2746394	B	58	400,0,5,90,400,50,0,0,0,0,0,0,0,70,0	1 roll~10
1629937	B	1	400,0,5,90,400,50,0,0,,0,,,,36	1 roll~10
1636283	B	1	400,0,5,90,400,50,0,0,,0,,,,36	1 roll~10
2746632	B	58	357,0,7.14,85.7,357,50,3.57,0,0,0,0,0,0,64.3,0	1 roll~14
2560785	B	22	357,0,7.14,85.7,357,50,3.57,0,,0,,,,64.3	1 roll~14
1636059	B	1	357,0,7.14,78.6,357,50,3.57,0,,0,,,,42.9	1 roll~14
2740705	B	58	357,0,7.14,78.6,357,50,3.57,0,0,0,0,0,0,64.3,0	1 roll~14
2739184	B	58	357,0,7.14,85.7,357,50,3.57,0,0,0,0,0,0,64.3,0	1 roll~14
2517085	B	58	370,0,6,80,350,49,4,0,1,0,0,0,0,,0	1 roll~14
1462090	B	58	357,0,7.14,78.6,357,50,3.57,0,1.8,0,,,0,42.9	1 pouch~14
2741131	B	58	357,0,7.14,85.7,357,50,3.57,0,0,0,0,0,0,64.3,0	1 roll~14
2682307	B	58	400,0,6,86,370,49,4.5,0,1,0,0,0,0,64,0	1 roll~14
2735859	B	58	400,0,6,86,370,49,4.5,0,1,0,0,0,0,64,0	1 roll~14
2741430	B	58	357,0,7.14,85.7,357,50,3.57,0,0,0,0,0,0,64.3,0	1 roll~14
2738626	B	58	357,0,7.14,85.7,357,50,3.57,0,0,0,0,0,0,64.3,0	1 roll~14
2517219	B	58	400,0,6,86,370,49,4.5,0,1,0,0,0,0,64,0	1 roll~14
2739016	B	58	357,0,7.14,85.7,357,50,3.57,0,0,0,0,0,0,64.3,0	1 roll~14
2741765	B	58	357,0,7.14,85.7,357,50,3.57,0,0,0,0,0,0,64.3,0	1 roll~14
1079143	B	1	357,0,7.14,78.6,357,50,3.57,0,,0,,,,57.1	1 rolli~14
2741236	B	58	350,0,5,90,400,50,0,0,0,0,0,0,0,,0	1 roll~10
2740690	B	58	350,0,5,90,400,50,0,0,0,0,0,0,0,,0	1 roll~10
2741435	B	58	400,0,5,90,400,50,0,0,0,0,0,0,0,,0	1 roll~10
2667678	B	1	400,0,5,90,400,50,0,0,,0,,,,70	1 roll~10|1 package~230
2543967	B	1	400,0,5,90,400,,0,0,,0,,,,36	1 roll~10
2739283	B	58	357,0,7.14,85.7,357,50,3.57,0,0,0,0,0,0,64.3,0	1 roll~14
2739349	B	58	357,0,7.14,85.7,357,50,3.57,0,0,0,0,0,0,64.3,0	1 roll~14
2738681	B	58	357,0,7.14,85.7,357,50,3.57,0,0,0,0,0,0,64.3,0	1 roll~14
2495467	B	5	348,0,4.35,78.3,196,43.5,2.17,0,,0,,,,39.1	1 serving~23|1 package~680
2495466	B	22	357,0,7.14,78.6,357,50,3.57,0,,0,,,,42.9	1 serving~14|1 package~289
1878107	B	25	12,0,0,2.92,4,2.92,,,,,,,,25	8 fl oz~240|1 package~3780
1938302	B	10	12,0,0,2.92,4,2.92,,,,,,,,25	8 fl oz~240|1 package~3780
1908887	B	10	25,0,0,5.83,4,5.83,,,,,,,,25	8 fl oz~240|1 package~473
2369871	B	25	12,0,0,2.92,4,2.92,,,,,,,,25	8 fl oz~240|1 package~3780
2082901	B	25	12,0,0,2.92,4,2.92,,,,,,,,25	8 fl oz~240|1 package~3780
2082902	B	10	12,0,0,2.92,4,2.92,,,,,,,,25	8 fl oz~240|1 package~3780
1938299	B	10	12,0,0,2.92,4,2.92,,,,,,,,25	8 fl oz~240|1 package~3780
2284851	B	10	12,0,0,2.92,4,2.92,,,,,,,,25	8 fl oz~240|1 package~3780
1900305	B	10	25,0,0,5.83,4,5.83,,,,,,,,25	8 fl oz~240|1 package~1890
2045469	B	10	25,0,0,6.25,4,5.83	8 fl oz~240|1 package~473
1878109	B	10	12,0,0,2.92,4,2.92,,,,,,,,25	8 fl oz~240|1 package~946
2045468	B	10	12,0,0,2.92,4,2.92,,,,,,,,25	8 fl oz~240|1 package~946
2553621	B	22	175,0,0,49.1,0,42.1,.19,0,5.3,0,0,0,0,,0,0,0	1 oz mango~57
2553622	B	22	158,3.51,0,38.6,0,31.6,.08,,1.8,0	1 serving~57
2022272	B	78	138,20,5.9,.2,700,,.9,60,0,,3.24,150,,0	1 serving~100|1 package~198
1895838	B	78	127,10.5,8.4,3.1,700,0,.9,30,1.5,0,3.24,120,,0	1 serving~100|1 package~198
2052972	B	78	82,16.1,1.4,2,70,0,.4,50,0,0,0,100,,0	1 serving~100|1 package~198
1895839	B	78	160,20,5.9,.2,700,0,.9,60,0,0,3.24,150,,0	1 serving~100|1 package~198
2188067	B	78	120,21,3,1,510,1,0,100,0,0,2.25,120,,0	1 serving~100|1 package~198
2022273	B	78	191,20,10,3,600,0,1.3,117,0,0,3.24,150,,0	1 serving~100|1 package~198
2273322	B	33	120,12,6.55,3.4,290,,2.4,121,0,0,8.64,70,,0	1 serving~100|1 package~198
2295756	B	78	201,10,9,20.1,2000,18.8,1.9,,,0	1 serving~100|1 package~227
2243798	B	10	7,0,0,1.33,15,1	1 bottle~300
1920160	B	10	6,0,0,1.27,15,.84	1 bottle~237|1 package~2370
2314735	B	24	0,0,0,0,13,0	1 bottle~300|1 package~1800
1946402	B	24	0,0,0,0,13,0	1 bottle~300|1 package~1800
1929410	B	24	0,0,0,0,7,0	1 bottle~300|1 package~1800
1946401	B	24	0,0,0,0,7,0	1 bottle~300|1 package~1800
1946404	B	24	0,0,0,0,7,0	1 bottle~300
2540805	B	24	0,0,0,0,13,0	1 bottle~300
2174846	B	1	308,4.41,0,74.9,88,61.7,0,0,0,0,0,9,48,396,0	1 pouch~22.7|1 package~226
1965737	B	1	308,4.41,0,74.9,88,61.7,0,0,0,0,0,9,48,396,0	1 pouch~22.7|1 package~226
1885549	B	1	352,0,0,83.7,66,57.3,0,0,0,0,0,9,53,396,0	1 pouch~22.7|1 package~226
1965736	B	1	308,4.41,0,74.9,88,61.7,0,0,0,0,0,9,48,396,0	1 pouch~22.7|1 package~226
2663484	B	0	385,7.69,15.4,61.5,85,46.2,15.4,0,7.7,,5.54,154,,9.2,,,,692	1 piece~13|1 package~170
1773120	B	0	417,5.56,16.7,72.2,83,55.6,11.1,0,5.6,,2,111,,0	1 serving~18|1 package~170
1919025	B	0	472,5.56,16.7,72.2,89,50,11.1,0,5.6,0,2,222,,0	1 serving~18|1 package~170
1770788	B	0	389,5.56,11.1,66.7,78,44.4,11.1,0,5.6,0,3,56,,3.3	1 serving~18|1 package~170
2598671	B	30	29,0,0,.29,0,.29	1 serving~340
2311372	B	0	495,4.76,26.2,59.5,43,47.6,16.7,,2.4,0,0,24,,0	9 pieces~42|1 package~198
2374615	B	1	433,0,10,70,0,60,0,0,3.3,0,0,0,0,,0	1 serving~30|1 package~198
2374581	B	5	500,0,21.4,67.9,268,0,0,0,10.7,0,0,71,1000,,0	1 serving~28|1 package~113
2242339	B	10	60,0,0,15.1,34,15.1,0,0,0,0,0,0,,21.4	8.4 fl oz~252|1 package~1000
2582950	B	10	20,0,0,5,0,4.58,0,0,0,0	1 serving~240|1 package~1000
2582949	B	10	25,0,0,6.25,0,5.83,0,0,0,0	1 serving~240|1 package~1000
2582951	B	10	25,0,0,6.25,0,5.83,0,0,0,0	1 serving~240|1 package~1000
1902870	B	24	0,0,0,0,5	10 fl oz~296|1 package~4440
1902869	B	24	0,0,0,0,5	10 fl oz~296|1 package~4440
1960480	B	79	333,0,0,66.7,0,66.7	1 piece~3|1 package~50
2542639	B	79	333,0,0,66.7,0,66.7	1 piece~3|1 package~612
2301552	B	1	333,7.41,0,70.4,130,48.2,0,0,0,0,0,0	6 pieces~27|1 package~92
2156946	B	79	333,0,0,66.7,0,66.7,0,0,0,0,0,0,0,,0	1 piece~3
2308989	B	1	290,0,0,80.6,226,51.6,,,12.9	7 gummies~31|1 package~141
2651555	B	1	290,0,0,80.6,226,51.6,,,12.9	7 gummies~31|1 package~142
2569669	B	1	290,0,0,80.6,226,51.6,,,12.9	7 gummies~31|1 package~142
1997001	B	1	290,0,0,80.6,226,51.6,,,12.9	7 gummies~31|1 package~91
2422688	B	20	71,1.18,0,17.6,0,15.3,0,0,1.2,0,0,11,191,,0	1 container~85
2490361	B	24	0,0,0,.2,11,0,,,,,,,,,,,,,,,,.08,,16,,,.6,.2	16.9 fl oz~500
2490691	B	24	0,0,0,.2,10,0,,,,,,,,,,,,,,,,.08,,16,,,.6,.2	16.9 fl oz~500
1877636	B	24	0,0,0,3.66,6,0,,,,,0,,5,0	12 fl oz~355
2439141	B	30	0,0,0,0,6,,,,,,0,,5,1.7	12 fl oz~355
2439140	B	24	0,0,0,0,6,,,,,,0,,5,1.7	12 fl oz~355
2287627	B	24	17,0,0,3.94,6,3.94,,,,,0,,5,1.7	12 fl oz~355
1879138	B	24	17,0,0,4.23,6,4.23,,,,,0,,5,1.7	12 fl oz~355
1876234	B	24	17,0,0,3.94,6,3.94,,,,,0,,5,1.7	12 fl oz~355
1876233	B	24	17,0,0,3.94,6,3.94,,,,,0,,5,1.7	12 fl oz~355
2114944	B	24	17,0,0,3.94,6,3.94,,,,,0,,5,1.7	12 fl oz~355
1880415	B	24	17,0,0,3.94,6,3.94,,,,,0,,5,1.7	12 fl oz~355
2058709	B	84	286,0,0,81,0,76.2	1 tbsp~21|1 package~454
1662407	B	84	286,0,0,81,0,76.2	1 tbsp~21
1661770	B	84	286,0,0,81,0,76.2	1 tbsp~21
2460458	B	3	183,3.66,4.27,30.5,67,20.7,3.05,6,0,0,0,122,165,,0	2/3 cup~82|1 package~1410
1994232	B	12	500,3.57,21.4,71.4,268,17.9,3.57,0,0,0,0,0,36,,0	1 pouch~28|1 package~170
2280414	B	9	500,3.57,21.4,71.4,268,17.9,3.57,0,0,0,0,0,36,,0	1 serving~28|1 package~170
2470898	B	9	409,4.55,9.09,77.3,364,40.9,6.82,0,0,0,3.18,0,45,,5.45,,,,9.09,1,1.16,.909,218,,0,3.27,4.09	1 bar~22|1 package~176
2470926	B	14	389,2.78,4.17,86.1,528,33.3,0,0,.7,0,5,0,56,16.7,5.55,,,,22.2,1,1.89,1.39,400,,56,,6.25	1 cup~36|1 package~1020
2640904	B	14	389,2.78,4.17,86.1,528,33.3,0,0,0,0,2.78,0,56,16.7,6,,,1250,22.2,1,1.89,1.39,667,,,13.3,6.25	1 cup~36|1 package~779
2626164	B	14	389,2.78,4.17,86.1,528,33.3,0,0,0,0,2.78,0,56,16.7,6,,,1250,22.2,1,1.89,1.39,667,,,13.3,6.25	1 cup~36|1 package~284
2626146	B	13	409,4.55,9.09,77.3,364,40.9,6.82,0,0,0,3.18,0,45,,5,,,409,9.09,1,1.16,.909,364,,0,6.82,4.09	1 bar~22
2486326	B	14	400,2.5,2.5,90,600,45,0,0,0,0,1.75,0,25,,3,,,,20,1,1.7,2,360,,,13.5,3.75	1 cup~40|1 package~907
2626163	B	14	389,2.78,4.17,86.1,528,33.3,0,0,0,0,2.78,0,56,16.7,6,,,1250,22.2,1,1.89,1.39,667,,,13.3,6.25	1 cup~36|1 package~553
2668347	B	8	538,3.85,26.9,69.2,115,65.4,23.1,0,0,0,0,154,219,,0	1/3 bar per serving~26|1 package~78
2669850	B	14	393,3.57,4.46,85.7,536,33.9,0,0,0,0,4.82,0,0,26.8,7,,,1290,21.4,2,1.82,1.43,429,,36,10.7,6.7	1 container~56
2027480	B	14	407,3.7,3.7,85.2,519,33.3,3.7,0,0,0,6.67,0,74,22.2,7.4,0,0,,18.5,1,1.57,1.85,,,,5.56,5.56	¾ cup~27|1 package~850
2670997	B	14	389,2.78,4.17,86.1,528,33.3,0,0,0,0,2.78,0,56,16.7,6,,,1250,22.2,1,1.89,1.94,400,,,13.3,6.25	1 cup~36|1 package~283
2301550	B	24	0,0,0,0,10	1 bottle~500
2541686	B	24	0,0,0,0,10	1 bottle~500
2544576	B	24	0,0,0,0,10	1 bottle~500
2468157	B	10	233,0,0,56.7,0,53.3,0,,3.3,0,0,10,550,.2,0,,,,,,,,,,,,10	1 fl oz~30|1 package~1400
2538744	B	20	111,2.22,.56,25.6,33,14.4,0,0,10,0,1.11,0,329,,0	1 serving~90|1 package~473
2538745	B	20	78,1.11,0,21.1,17,17.8,0,0,2.2,0,0,12,230,,0	1 serving~90|1 package~473
2083247	B	39	62,3.33,3.33,5,50,4.58,2.08,15,0,0,0,125,,1,1.05	8 fl oz~240
1917490	B	73	357,0,0,85.7,0,82.1,0,0,0,0,.32,36,,0	¼ cup~28|1 package~794
2187201	B	17	82,2.42,1.21,15,41,13,.72,5,0,0,0,242,140,29,.975,,,,,,,,,,121	1 bottle~207|1 package~2070
2187689	B	17	82,2.42,1.21,15,41,13,.72,5,0,0,0,242,140,29,.975,,,,,,,,,,121	1 bottle~207
2067190	B	17	82,2.42,1.21,15,41,13,.72,5,0,0,0,242,140,29,.975,,,,,,,,,,121	1 bottle~207|1 package~828
2187655	B	17	82,2.42,1.21,15,41,13,.72,5,0,0,0,242,135,29,.975,,,,,,,,,,121	1 bottle~207
2082134	B	17	82,2.42,1.21,15,43,13,.72,5,0,0,0,242,135,29,.975,,,,,,,,,,121	1 bottle~207
2068280	B	30	61,2.61,.87,11.3,48,10.4,.43,4,0,0,0,217,148,1,0	1 bottle~115|1 package~690
2068281	B	10	61,2.61,.87,11.3,48,10.4,.43,4,0,0,0,217,148,1,0	1 bottle~115|1 package~690
2082063	B	17	61,2.61,.87,12.2,48,9.57,.43,4,,0,,217,148,,.875,,,,,,.118,,,,130	1 bottle~115|1 package~690
2082775	B	17	87,2.42,1.21,16.9,43,15,.72,5,0,0,0,242,135,29,.975,,,,,,,,,,145	1 bottle~207|1 package~828
2187202	B	17	82,2.42,1.21,15,41,13,.72,5,0,0,0,242,135,29,.975,,,,,,,,,,121	1 bottle~207|1 package~828
2187199	B	17	82,2.42,1.21,15,43,13,.72,5,0,0,0,242,135,29,.975,,,,,,,,,,121	1 bottle~207|1 package~828
2439878	B	10	56,0,0,14,6,12.4,0,0,1.2,,.29,0,,8.4	8.45 fl oz~250
2439877	B	10	64,0,0,16,8,14,0,0,0,,0,0,,8.4	8.45 fl oz~250
2439879	B	10	52,0,0,13.2,6,11.6,0,0,0,,.14,0,,9.6	8.45 fl oz~250
2439880	B	10	60,0,0,14.8,10,14.4,0,0,.8,,.29,0,,4.8	8.45 fl oz~250
2417546	B	55	64,.71,0,15.7,0,10.7,0,0,2.1,0,.36,7,157,,0,0,0	1 cup~140|1 package~1360
1932424	B	10	0,0,0,0,0,0,0,0,0,,0,0,,0	1 tsp~5|1 package~946
1875862	B	30	364,0,0,90.9,0,90.9,,,,,,,,54.5	1 tbsp~11|1 package~400
1911702	B	30	409,0,0,100,0,90.9,,,,,,,,54.5	1 tbsp~11|1 package~400
1892769	B	17	71,3.75,1.25,11.2,46,10.4,.83,6,0,0,0,167,,5,.825	1 cup~240|1 package~946
1892771	B	17	71,3.75,1.25,11.7,46,11.2,.83,6,0,0,0,167,,5,.825	1 cup~240|1 package~946
1892770	B	17	71,3.75,1.25,11.7,44,10.8,.83,6,0,0,0,167,,5,.825	1 cup~240|1 package~1890
2583361	B	3	230,4,14,22,95,21,10,26,0,0,0,120,210,,0	2/3 cup~100
2593404	B	3	200,3.75,12.5,18.8,49,16.2,8.75,21,.6,0,.12,119,206,,0	1 bar~80|1 package~296
2593403	B	3	175,3.75,10,21.2,50,20,4.38,22,.2,0,0,125,225,,0	1 bar~80|1 package~296
2583360	B	3	190,4,9,26,93,25,5,26,0,0,0,120,190,,0	2/3 cup~100
2583358	B	3	210,4,9,27,90,25,5,26,1,0,0,120,250,,0	2/3 cup~100
2593402	B	3	188,3.75,10,22.5,50,21.2,4.38,21,.6,0,0,119,175,,0	1 bar~80|1 package~296
2583357	B	3	210,4,9,27,90,26,5,25,1,0,0,120,190,,0	2/3 cup~100
2583359	B	3	210,4,9,26,96,25,5,27,0,0,0,120,215,,0	2/3 cup~100
2583363	B	3	200,4,10,25,90,24,5,25,1,0,0,120,190,,0	2/3 cup~100
2539132	B	3	180,4,10,23,90,22,5,26,0,0,0,120,190,,0	2/3 cup~100|1 package~473
2583362	B	3	180,4,10,23,90,22,5,26,0,0,0,120,190,,0	2/3 cup~100
2543825	B	42	250,0,0,65,25,55	1 tbsp~20|1 package~499
2062831	B	3	157,1.12,3.37,31.5,34,27,2.81,0,1.1,0,0,22,,0	3 fl oz~89|1 package~355
2062829	B	3	135,1.12,2.81,28.1,22,28.1,1.69,11,1.1,0,0,0,,10.1	3 fl oz~89|1 package~355
2062833	B	3	90,0,0,20.2,11,18,0,0,1.1,0,0,0,,6.7	3 fl oz~89|1 package~355
2062832	B	3	90,0,0,19.1,6,18,0,0,2.2,0,.4,0,,13.5	3 fl oz~89|1 package~355
2288385	B	3	124,1.12,3.93,20.2,34,19.1,2.81,17,1.1,0,0,0,,10.1	3 fl oz~89|1 package~355
2105990	B	3	101,0,0,25.8,11,24.7,0,0,1.1,0,0,0,0,,0	3 fl oz~89|1 package~532
2106015	B	3	169,1.12,3.93,31.5,22,25.8,3.37,0,1.1,0,0,0,0,,0	3 fl oz~89|1 package~532
2283770	B	55	101,0,0,25.8,0,24.7,0,0,0,0,0,0,0,,0	3 fl oz~89|1 package~532
2633654	B	3	146,1.12,3.93,28.1,6,27,3.37,0,0,0,0,0,0,,0	3 fl oz~89|1 package~532
2062830	B	3	112,0,0,28.1,6,23.6,0,0,1.1,0,0,0,,10.1	3 fl oz~89|1 package~355
2211195	B	3	45,0,0,10.7,6,10.2,0,0,.6,,0,0,,1.4	6 fl oz~177
2211196	B	3	80,.42,0,19,414,9.3,0,0,0,0,0,0,,0	1 serving~236
1913226	B	3	322,3.33,16.7,38.9,111,25.6,8.89,22,0,0,.4,89,,2.7	1 cone~90|1 package~136
2089836	B	3	295,4.21,13.7,43.2,105,29.5,8.42,26,1.1,0,1.14,84,,0	1 cone~95
2501625	B	10	17,0,0,4.17,33,4.17,,,,,,,39,5.3,,,,,,,,,,1,,,,,,,,,1	12 fl oz~360|1 package~1400
2501626	B	24	17,0,0,4.17,0,4.17,,,,,,,39,5.3,,,,,,,,,,1,,,,,,,,,1	12 fl oz~360|1 package~1400
2501627	B	10	17,0,0,4.17,0,4.17,,,,,,,39,5.3,,,,,,,,,,1,,,,,,,,,1	12 fl oz~360|1 package~1400
1085651	B	10	38,.42,0,9.17,10,7.92,0,0,.8,0,.15,17,,32.5	8 fl oz~240
2439492	B	3	70,0,0,18.3,0,18.3,0,0,0,,0,0,,0	1 serving~71|1 package~296
2441567	B	13	153,3.39,5.08,22.9,64,17.8,3.81,13,2.5,,0,85,,0	4 fl oz~118
1901423	B	3	272,3.7,12.4,34.6,37,24.7,8.64,6,0,0,.89,123,,0	2¾ fl oz~81|1 package~325
2062643	B	3	247,3.7,11.1,33.3,31,23.5,8.64,6,0,0,.44,74,,0	2¾ fl oz~81|1 package~325
2062644	B	3	222,2.47,9.88,30.9,25,23.5,7.41,6,0,0,.89,99,,0	2¾ fl oz~81|1 package~325
2148100	B	3	85,0,0,19.7,0,19.7,0,0,0,0,.51,0,,8.5	2½ fl oz~71|1 package~296
2439861	B	3	113,1.41,2.82,22.5,14,22.5,2.82,0,0,,0,0,,8.5	1 serving~71|1 package~296
1907823	B	3	169,1.41,6.34,25.4,42,18.3,4.23,14,0,0,0,56,,0	1 serving~71|1 package~296
2436056	B	3	85,1.41,0,21.1,0,16.9,0,0,0,,0,0,,0	1 serving~71|1 package~296
2436058	B	3	141,1.41,7.04,18.3,85,14.1,4.93,28,0,,0,56,,0	1 serving~71|1 package~296
2436057	B	3	225,2.82,14.1,19.7,35,18.3,12.7,21,0,,0,56,,0	1 serving~71|1 package~296
2442262	B	3	85,.85,0,21.2,0,17,0,0,0,,0,0,,0	4 fl oz~118
1866375	B	3	167,1.39,4.86,30.6,69,25,4.17,7,0,0,0,83,,0	1 bar~72|1 package~320
2036365	B	3	113,0,0,28.3,0,20.8,,,1.9,,,,,17	6 container~53
1866374	B	3	105,0,0,26.3,9,19.3,,,,,,,,15.8	1 bar~57|1 package~360
1866377	B	3	106,0,0,25.8,0,19.7,,,,,,,,22.7	1 bar~66|1 package~360
1866376	B	3	103,0,0,25.9,0,19,,,,,,,,20.7	1 bar~58|1 package~340
1928341	B	3	89,0,0,21.4,0,21.4,0,0,0,0,0,0,,21.4	1 bar~56|1 package~360
2030726	B	3	83,0,0,20.4,0,18.5,0,0,0,0,0,0,,22.2	1 bar~54|1 package~360
2041039	B	41	867,0,93.3,0,0,,13.3,0,,0,,,,,,70,10	1 tbsp~15|1 package~500
2076871	B	22	70,0,0,17,0,13,0,0,1,0,.72,0,,12	1 pouch~100
2511019	B	10	30,0,0,7.91,7,5.08,0,0,1.4,0,0,37,56,25.4,5.65,,,,4.52,0,.367,.48,68,,,,,1.41,,,,33.9,4	12 fl oz~354
2484438	B	24	1,0,0,.21,3,0,0,0,0,0,4.02,11,1,19.7,4.45,,,,3.38,0,.275,.359,87,2,,.53,2.33,1.06,1,.211,12,26,3	1 serving~473
2631312	B	24	2,0,0,.42,0,0,0,0,0,0,3.81,8,,19,4,,,190,3.38,0,.275,.359,52,,,.51,2.33,1.06,0,0,12,25.4,3	1 serving~473
2554700	B	10	23,0,0,4.8,3,4.24,0,0,1.4,0,.28,40,62,29.1,5.65,,,,4.52,0,.367,.48,113,3,,,,1.41,,,,33.9,4	12 fl oz~354
2511018	B	24	1,0,0,.21,0,0,0,0,0,0,3.81,8,0,19,4.22,,,,3.38,0,.275,.296,52,,,.51,2.33,1.06,0,.19,12,25.4,3	1 serving~473
2593666	B	24	2,0,0,.42,0,0,0,0,0,0,3.81,8,,19,4,,,190,3.38,0,.275,.359,52,,,.51,2.33,1.06,0,.19,12,25.4,3	1 serving~473
2476332	B	53	15,0,0,3.75,0,3.33,0,0,,0,,,,12.5,2.08,,,,4.17,0,.354,.417,,,,,,1.04,,,,16.7	16 fl oz~480
359517	B	42	85,0,0,21.3,46,12.1,0,0,6.1,0	1 serving~38
2477349	B	17	43,3.38,0,14,51,5.31,,,3.9,,,157,,,2.42	1 bottle~207
2477346	B	17	43,3.38,0,14,51,5.31,,,3.9,,,157,,,2.42	1 bottle~207
2477348	B	17	43,3.38,0,13.5,51,4.83,,,3.9,,,157,,,2.42	1 bottle~207
2477347	B	17	43,3.38,0,13.5,51,4.83,,,3.9,,,157,,,2.42	1 bottle~207
2479641	B	12	404,10.5,17.5,57.9,1070,5.26,3.51,9,5.3,0,12.5,175,228,,1.75	1 cup~57|1 package~340
2511413	B	12	447,10.6,21.3,53.2,1380,6.38,3.19,11,4.3,0,13,191,170,,2.35	1 cup~47|1 package~283
1064287	B	138	292,11.2,18,19,480,.1,7.1,,4.6	1 roll) / (~100
1066887	B	138	342,18.2,18.4,20.8,1050,2.56,8.32,0,10.1,0,0,0,,,0,7.52,2.56,,,,,,0,,,0	4 pieces~62.5
1042845	B	138	367,13.5,24,20,1140,4.17,3.67,0,8.8,0,0,0,,,0,5.17,15.3,,,,,,0,,,0	3 pieces~60
1042843	B	83	240,12.9,15.2,13.8,618,.38,2.62,0,9.4,0,3.25,0,,,0,3.12,9.62,,,,,,,,,0	1 piece~80
2026646	B	11	333,11.1,0,66.7,4440,0,0,0,0,0,0,0,,0	1 tbsp~9|1 package~454
588479	B	88	333,10,0,70,3070,0,0,0,6.7,0,3.33,30,33,,0	¼ cup~30
2033886	B	88	333,6.67,0,70,2930,0,0,0,3.3,0,1.2,0,,0	¼ cup~30|1 package~283
2025392	B	88	333,6.67,0,73.3,2500,0,0,0,3.3,0,1.2,0,,0	¼ cup~30|1 package~283
2397502	B	5	429,3.57,17.9,60.7,1960,0,1.79,0,3.6,0,5,71,536,,0,10.7,5.36	1 serving~28|1 package~100
2397506	B	5	429,3.57,17.9,64.3,1290,0,1.79,0,3.6,0,5.36,36,607,,0,10.7,5.36	85 fries /~28|1 package~100
2397504	B	96	429,3.57,17.9,64.3,1390,0,1.79,0,3.6,0,5,36,607,,0,10.7,5.36	85 fries /~28|1 package~100
2157496	B	5	429,3.57,17.9,67.9,1000,10.7,1.79,0,3.6,0,4.64,36,571,,0,8.93,5.36	85 fries /~28|1 package~100
2397505	B	5	429,3.57,17.9,64.3,1430,0,1.79,0,3.6,0,5,36,536,,0,10.7,5.36	85 fries /~28|1 package~100
2217149	B	138	200,8.75,12.5,12.5,575,0,1.25,0,1.2,0,3.88,0,0,,0	1 patty~80|1 package~320
2603998	B	143	194,14.9,10.4,7.46,761,0,1.49,0,3,0,5.22,0,0,,0	3 links~67|1 package~269
2603996	B	138	213,10.7,10.7,16,733,0,1.33,0,5.3,0,4.67,0,0,,0	3 pieces~75|1 package~300
2582129	B	138	200,8.75,12.5,12.5,575,0,1.25,0,1.2,0,3.88,0,0,,0	1 patty~80
2603997	B	138	133,24,2,5.33,20,0,.67,0,0,0,4,0,0,,0	½ cup~75|1 package~300
2603995	B	83	152,19.6,4.46,5.36,491,.89,.89,0,2.7,0,2.68,0,0,,0	1 patty~112
2062191	B	39	62,3.33,3.33,5,50,4.58,2.08,15,0,0,0,125,,1,1.05	8 fl oz~240|1 package~1890
1919671	B	39	50,3.33,2.08,5,50,4.58,1.25,8,0,0,0,125,162,1,1.05	8 fl oz~240|1 package~3780
2703274	B	161	0,0,0,0,0,0,0,0,0,0,0,0,0,0,0,0,0,0	¼ second spray~.2
2553620	B	20	82,1.18,5.29,8.24,235,4.71,0,6,2.4,0,1.18,48,338,,0	2 tbsp~85|1 package~567
1916366	B	1	400,0,0,100,0,70	1 piece~10|1 package~120
1916268	B	1	368,0,0,94.7,0,68.4,0,0,0,0,0,0,,0	1/3 pieces~19|1 package~57
1916267	B	1	400,0,0,95,0,70	5 pieces~20|1 package~100
1458284	B	126	101,21.4,1.19,0,226,0,0,196,0,0,3.21,48,0,3.6,0	1 serving~84
1457731	B	124	88,19.5,.88,0,53,0,0,35,0,0,.88,27,478,0,0,0,0	1 serving~113
1459518	B	124	71,14.9,.71,0,78,0,0,57,0,0,.9,0,251,0,0,0,0	1 serving~141
1457179	B	124	78,16.3,1.06,0,74,0,.35,28,0,0,0,0,333,0	1 serving~141
1457368	B	124	106,23.4,1.06,0,39,0,0,46,0,0,.71,0,355,0,,0,0	1 serving~141
1457888	B	124	88,16.8,1.33,0,88,0,0,49,0,0,0,113,159,0,,0,0	1 serving~113
1919981	B	34	232,7.04,9.15,31,423,2.11,3.17,4,1.4,0,1.9,106,,4.2,,2.82,2.46	½ pizza~142|1 package~284
2098528	B	34	228,6.9,8.97,31,407,2.76,3.1,3,1.4,0,1.86,103,,4.1,,2.76,2.07	½ pizza~145|1 package~289
1894361	B	60	293,0,0,73.3,33,66.7,,,,0	1 serving~30|1 package~750
2677166	B	18	35,0,0,9.5,0,9.5,0,0,0,0,0,0,,0,,,,0	6.6 fl oz~200
2032235	B	19	210,10,10,20,4470,10,0,0,10,0,0,100,,0	1 tbsp~10
2030389	B	89	80,10,0,10,4950,10,0,0,0,0,0,100,,0	1 piece~10
2032316	B	35	210,10,10,20,4470,10,0,0,10,0,0,100,,0	1 tbsp~10
400051	B	7	130,10,10,0,3820,0,0,0,0,,0,200,,0	1½ piece~10
2083032	B	28	312,9.38,25,6.25,1090,3.12,7.81,109,0,0,1.12,62,,0	1 slice~32|1 package~340
2123461	B	27	274,10.7,21.4,7.14,762,3.57,8.33,77,0,0,1.71,71,,0	1 link~84|1 package~1361
2665535	B	27	239,11.9,17.9,2.99,1150,0,5.22,90,0,0,.54,60,,0,,,,0	2 links~67|1 package~200
2038901	B	27	256,14,18.6,2.33,837,0,5.81,58,0,0,.84,0,,0	1 link~43|1 package~340
2665529	B	27	250,14.3,19.6,3.57,821,0,6.25,54,0,0,.64,0,,2.1,,,,32	1 link~56|1 package~283
2067493	B	27	371,14.3,32.9,2.86,871,0,11.4,71,1.4,0,1.03,29,,0	1 serving~70|1 package~454
2660346	B	2	321,21.4,25,3.57,1290,0,14.3,54,0,0,0,714,,0,,,,129	1 serving~28|1 package~227
2057095	B	15	233,3.33,20,10,767,6.67,11.7,67,0,0,1.2,133,,0	2 tbsp~30|1 package~227
404755	B	2	286,21.4,21.4,3.57,714,0,14.3,54,0,0,0,536,,0	1 serving~28
2402920	B	2	250,17.9,17.9,7.14,679,0,10.7,54,0,0,0,714,286,,0	1 serving~28|1 package~4540
2160062	B	27	298,11.9,23.8,7.14,869,3.57,8.33,71,0,0,.86,71,,1.4	1 link~84|1 package~1190
2665534	B	27	214,16.1,16.1,3.57,839,0,4.46,62,0,0,1.29,0,,0,,,,0	1 link~56|1 package~454
2058072	B	2	321,21.4,25,3.57,1290,0,14.3,54,0,0,0,714,,0	1 serving~28|1 package~226
2402815	B	2	250,17.9,17.9,7.14,679,0,10.7,54,0,0,0,714,286,,0	1 serving~28|1 package~283
2058073	B	2	286,21.4,21.4,0,786,0,14.3,54,0,0,0,714,,0	1 serving~28|1 package~141
2071475	B	2	300,20,26.7,3.33,1030,0,8.33,17,0,6.67,1.2,667,,0	1/3 cup~30|1 package~2260
2402313	B	2	286,17.9,21.4,7.14,714,0,14.3,54,0,0,0,679,257,,0	1 serving~28|1 package~1810
2155496	B	75	200,3.33,20,6.67,247,6.67,10,50,0,0,0,67,,0	2 tbsp~30|1 package~454
2269641	B	2	286,21.4,21.4,3.57,964,0,14.3,36,0,0,2.57,1430,,0	1 serving~28|1 package~3000
2159919	B	2	357,25,28.6,3.57,679,0,17.9,89,0,0,0,714,,0	1 serving~28
2665531	B	28	108,13.5,2.7,5.41,1160,2.7,0,41,0,0,.97,0,,0,,,,0	1 slice~37|1 package~283
2525249	B	28	125,15.6,4.69,6.25,781,3.12,0,31,0,0,1.12,0,,0	1 slice~32|1 package~283
2392718	B	2	357,21.4,25,7.14,1710,0,14.3,36,0,0,0,811,143,,0	¼ cup~28|1 package~453
2553704	B	2	214,14.3,10.7,14.3,750,3.57,7.14,36,0,0,3.57,486,154,,0	1 serving~28|1 package~283
2402991	B	2	286,17.9,21.4,7.14,714,0,14.3,54,0,0,0,714,257,,0	1 serving~28|1 package~3620
2665536	B	2	286,21.4,21.4,3.57,964,0,14.3,71,0,0,0,504,75,,0	1 serving~28|1 package~340
2076294	B	27	268,8.93,21.4,5.36,1000,1.79,7.14,80,0,0,.64,0,,0	1 serving~56|1 package~1134
2158205	B	28	89,12.5,1.79,3.57,1140,1.79,0,36,,0,.64	1 serving~56
2660343	B	64	400,26.7,33.3,0,1600,0,13.3,100,0,0,2.4,0,,0,,,,0	2 fried slices~15|1 package~340
2195329	B	64	545,36.4,45.4,0,2640,0,18.2,227,0,0,0,0,,0	1 fried~11|1 package~454
2660344	B	64	409,27.3,31.8,0,1640,0,13.6,91,0,0,0,0,,0,,,,0	2 fried slices~11|1 package~250
2665532	B	27	214,16.1,16.1,3.57,839,0,4.46,62,0,0,1.29,0,,0,,,,0	1 link~56|1 package~1100
2506963	B	27	209,16.3,16.3,2.33,837,0,4.65,58,0,0,.84,0,,0	1 link~43|1 package~340
2665533	B	28	125,15.6,4.69,6.25,1090,3.12,0,47,0,0,1.12,0,,0,,,,0	1 slice~32|1 package~340
2671321	B	1	321,0,12.5,50,125,46.4,10.7,18,0,0,0,75,61,,0	1 inch square~28|1 package~226
2271704	B	1	400,3.33,15,60,183,53.3,10,17,0,0,3.33,57,97,,0	1 serving~30|1 package~226
2452542	B	1	400,0,13.3,66.7,150,60,10,17,0,0,0,67,103,,0	1 serving~30|1 package~226
2146483	B	4	480,4,20,72,280,36,6,0,4,0,5.76,0,,0	1 serving~25|1 package~303
470672	B	8	442,2.33,18.6,62.8,58,58.1,11.6,23,4.7,,.84,93,,0	1 serving~43
2048400	B	4	395,2.63,10.5,76.3,105,71,6.58,26,0,0,.47,26,,0	1 serving~38
1898468	B	4	400,2.35,14.1,65.9,94,61.2,5.88,24,2.4,0,1.69,24,,0	1 bar~42.5
2044404	B	1	395,2.63,10.5,76.3,105,71,6.58,26,0,0,.95,26,,0	1 serving~38|1 package~170
1878992	B	8	395,2.63,10.5,76.3,105,71,6.58,26,0,0,.95,26,,0	1 serving~38|1 package~680
2042593	B	1	421,5.26,15.8,60.5,250,55.3,7.89,26,2.6,0,.95,26,,0	1 serving~38|1 package~170
2051221	B	1	395,2.63,10.5,76.3,105,71,6.58,26,0,0,0,26,,0	1 serving~38|1 package~680
2623932	B	3	101,3.8,1.9,24,114,6.33,1.27,6,5.1,0,.91,253,,0,,,,0	2 pops~79|1 package~1900
2046987	B	1	400,0,0,96,0,64,0,0,0,0,0,0,,0	1 piece~12.5|1 package~150
1942494	B	3	101,3.36,2.1,23.5,109,5.88,1.26,4,.8,0,.67,244,269,,0	3 bars~119|1 package~585
2028252	B	3	101,3.8,2.53,22.8,114,6.33,1.27,6,5.1,0,.91,253,,0	2 pops~79|1 package~974
2028250	B	3	154,3.08,3.85,26.2,100,21.5,1.54,0,1.5,0,0,231,,0	1 bar~65|1 package~886
2288650	B	3	101,3.8,1.9,24,114,6.33,1.27,6,5.1,0,.91,253,,0	2 pops~79|1 package~398
1864972	B	3	140,2.33,3.49,25.6,105,20.9,2.33,0,0,0,0,233,,0	1 serving~43|1 package~878
2598923	B	3	101,3.36,2.1,23.5,109,5.88,1.26,4,.8,0,.67,244,269,,0	3 bars per serving~119
2670002	B	10	91,7.87,0,16.5,2,9.45,0,0,.8,0,0,4,250,,0	1 pack~127
2303018	B	59	87,7.87,.39,12.6,63,9.45,0,0,0,0,0,71,173,,0	1 pouch~127|1 package~762
2419983	B	10	87,7.87,0,13.4,8,11,0,0,0,0,0,24,197,,0	1 pouch~127|1 package~762
2428078	B	130	96,8.66,0,15.8,5,8.66,0,0,1.6,0,0,3,320,,0	1 pack~127
2296426	B	10	94,7.87,.51,13.4,75,11,0,0,.8,0,.79,79,173,,0	1 pouch~127|1 package~762
2609117	B	10	87,9.45,0,11,8,9.45,0,0,0,0,.79,21,165,,0	1 pack~127
2387306	B	10	77,7.69,0,11,11,9.89,0,0,0,0,0,21,179,,0	1 pack~91|1 package~364
2395643	B	10	77,7.69,0,12.1,5,5.49,0,0,0,0,0,23,254,,0	1 pack~91|1 package~364
2670003	B	10	83,9.45,0,11.8,4,5.51,0,0,.8,0,0,6,220,,0	1 pack~127
2428077	B	10	73,7.87,0,10.2,5,7.09,0,0,1.6,0,0,11,160,,0	1 pack~127
2428080	B	10	91,7.87,0,15,3,11.8,0,0,.8,0,0,7,200,,0	1 pack~127
2476207	B	3	234,4.26,11.7,27.7,90,17,6.38,32,0,0,.43,138,138,,.95	2/3 cup~94|1 package~1890
2298403	B	125	152,7.62,4.76,21.9,810,4.76,.48,10,1.9,0,.95,19,239,,0	1 handroll~105|1 package~207
1965843	B	125	156,4.44,3.33,27.8,544,7.78,0,17,0,0,0,0,78,0,0	1 serving~90|1 package~282
2436283	B	80	156,23.3,1.11,13.3,33,12.2,0,0,1.1,0,0,0,0,,0	1 serving~90
2655113	B	125	189,3.33,7.78,26.7,656,5.56,1.67,0,2.2,0,0,14,149,,0	1 serving~90|1 package~575
2655112	B	125	167,4.44,4.44,26.7,589,4.44,.56,0,1.1,0,0,21,157,,0	1 serving~90|1 package~502
1895230	B	7	134,3.18,1.77,25.8,223,4.59,.18,2,1.8,0,.25,7,,2.1	1 serving~283
2194141	B	125	200,4.44,5.56,27.8,689,5.56,1.67,6,2.2,0,0,,127,,0	1 serving~90|1 package~230
2538612	B	125	167,2.22,6.67,24.4,289,4.44,2.78,17,1.1,0,0,24,76,,0	1 serving~90|1 package~408
1956877	B	80	130,7,4.5,15,130,9,0,0,3,0,.36,0,,9	2/3 cup~100|1 package~170
2670967	B	125	133,6.67,5,22.2,567,4.44,0,11,1.1,0,0,18,201,,0	1 serving~90|1 package~312
2486529	B	125	133,5.83,1.25,24.2,708,5,0,17,1.7,0,.83,19,,,1.68	1 serving~120|1 package~397
2274452	B	20	122,12.2,1.67,15.6,367,0,0,0,5.6,0,2.22,87,480,,0	1 serving~90|1 package~227
1791171	B	125	160,8,3.5,22,340,3,0,10,1,0,0,20,,2.4	1 serving~100|1 package~363
1929585	B	80	67,0,2.78,11.1,811,5.56,0,0,4.4,0,.8,111,,0	1 serving~90
1791172	B	125	180,5,5,27,380,4,0,0,2,0,.36,20,,2.4	1 serving~100|1 package~448
2068098	B	125	180,3,6,29,540,6,1,5,2,0,.36,20,,2.4	1 serving~100
2395164	B	23	600,0,65,5,700,5,10,25,0,0,0,5,55,,0	1 tbsp~20|1 package~70.9
2068096	B	125	190,6,6,24,330,4,2.5,20,2,0,.36,20,,2.4	1 serving~100
2068100	B	125	150,3,3,28,570,11,0,5,1,0,.36,20,,2.4	1 serving~100
2508428	B	33	128,9.64,1.2,21,304,12.5,.24,20,.5,0,3.61,1,2,,0	1 serving~415
1791170	B	125	190,7,4.5,30,720,7,.5,5,1,0,.36,20,,1.2	1 serving~100|1 package~326
2553942	B	125	144,8.89,1.11,23.3,533,3.33,0,11,1.1,0,0,16,196,,0	1 serving~90|1 package~272
2542564	B	125	159,6.1,4.27,23.8,494,5.49,.61,6,1.2,0,.61,10,141,,0	1 serving~164|1 package~383
1780827	B	80	70,1,2.5,11,820,6,.5,0,5,0,.72,100,,0	1 serving~100
408597	B	8	612,4.08,34.7,55.1,41,55.1,0,0,0,0,0,0,,0	7 pieces~49
2485403	B	13	400,37.5,15,37.5,350,2.5,12.5,12,0,0,2,275,275,45,0,,,,8,1,1,1,,,,1.25,,,,,,,8	1 bar~40
2485402	B	13	400,37.5,15,37.5,350,2.5,12.5,12,0,0,2,275,28,45,0,,,,8,1,1,1,,,,1.25,,,,,,,8	1 bar~40|1 package~480
2485401	B	13	400,37.5,17.5,35,238,2.5,11.2,12,0,0,1.25,275,200,45,0,,,,8,1,1,1,,,,1.25,,,,,,,8	1 bar~40
2485400	B	13	400,37.5,17.5,35,238,2.5,11.2,12,0,0,1.25,275,200,45,0,,,,8,1,1,1,,,,1.25,,,,,,,8	1 bar~40|1 package~480
2628507	B	13	400,37.5,17.5,35,238,2.5,11.2,12,0,0,1.25,275,200,45,0,,,470,8,1,1,1,,,,1.25,,,,,,,8	1 bar~40|1 package~160
2485398	B	13	400,37.5,15,37.5,450,2.5,10,12,2.5,0,1.25,250,200,45,0,,,,8,1,1,1,,,,1.25,,,,,,,8	1 bar~40
2485395	B	13	400,37.5,15,37.5,450,2.5,10,12,2.5,0,1.25,250,200,45,0,,,,8,1,1,1,,,,1.25,,,,,,,8	1 bar~40|1 package~480
2628508	B	13	400,37.5,15,37.5,450,2.5,10,12,2.5,0,1.25,250,200,45,0,,,470,8,1,1,1,,,,1.25,,,,,,,8	1 bar~40|1 package~160
2665203	B	13	400,37.5,15,35,450,2.5,10,12,2.5,0,1.25,275,250,45,0,,,470,8,1,1,1,,,,1.25,,,,,,,8	1 bar~40
2485394	B	13	400,37.5,15,35,450,2.5,10,12,2.5,0,1.25,275,250,45,0,,,,8,1,1,1,,,,1.25,,,,,,,8	1 bar~40|1 package~480
2628510	B	13	400,37.5,15,35,450,2.5,10,12,2.5,0,1.25,275,250,45,0,,,470,8,1,1,1,,,,1.25,,,,,,,8	1 bar~40|1 package~160
2665202	B	13	400,37.5,12.5,37.5,425,2.5,11.2,12,0,0,1.75,275,175,45,0,,,470,8,1,,1,,,,1.25,,,,,,,8	1 bar~40
2485396	B	13	400,37.5,12.5,37.5,425,2.5,11.2,12,0,0,1.75,275,175,45,0,,,,8,1,1,1,,,,1.25,,,,,,,8	1 bar~40|1 package~480
2628509	B	13	400,37.5,12.5,37.5,425,2.5,11.2,12,0,0,1.75,275,175,45,0,,,470,8,1,1,1,,,,1.25,,,,,,,8	1 bar~40|1 package~160
2510166	B	86	55,0,0,16.5,0,15.5	1 can~200
2510165	B	86	55,0,0,17,0,15	1 can~200
2510167	B	86	55,0,0,16.5,0,15	1 can~200
2510164	B	24	35,0,0,10,2,9.5	1 can~200
2510163	B	86	0,0,0,0,0,0	1 can~200
2151503	B	7	54,0,0,14.3,607,10.7,,0,,,,,,8.6	1 serving~28|1 package~473
2094715	B	7	30,0,0,6.06,258,0,,0,,,,,,3.6	1 serving~33|1 package~709
2094721	B	7	36,0,0,10.7,446,7.14,,0,,,,,,42.9	1 serving~28|1 package~473
2094719	B	7	36,0,0,10.7,446,7.14,,0,,,,,,42.9	1 serving~28|1 package~473
2094722	B	7	32,0,0,3.23,548,3.23,,0,,,,,,7.7	1 serving~31|1 package~709
2094716	B	7	32,0,0,3.23,548,3.23,,0,,,,,,7.7	1 serving~31|1 package~709
2508974	B	11	0,0,0,0,9510,0,0,,0,0	25 tsp~1.4|1 package~170
2508975	B	50	0,0,0,0,3870,0,0,,0,0	25 tsp~1.4|1 package~128
2630987	B	50	0,0,0,0,2110,0,0,,0,0	25 tsp~1.4|1 package~142
1804672	B	20	35,3.53,.59,4.71,6,0,0,0,.6,0,.85,24,,14.1	1 cup~85|1 package~227
2631907	B	20	29,3.53,.59,3.53,6,0,0,0,2.4,0,.85,24,,7.1,,,,21	1 cup~85
1896738	B	20	59,3.53,.59,4.71,18,0,0,0,2.4,0,.85,71,,21.2	1 cup~85
1896739	B	20	59,3.53,.59,4.71,18,0,0,0,2.4,0,.85,71,,21.2	1 cup~85
1798095	B	20	29,3.53,0,4.71,18,0,0,0,2.4,0,.85,24,,21.2	1 cup~85
2438522	B	20	53,2.35,4.71,2.35,0,0,0,0,1.2,,.85,0,,0	1 cup~85
2475956	B	12	500,10,23.3,60,833,0,5,17,3.3,0,1.1,153,197,,.675,13.3,3.33	14 pieces~30|1 package~85
2475955	B	12	500,10,26.7,56.7,567,0,5,17,3.3,0,.8,110,177,,.675,15,5	14 pieces~30|1 package~85
2475954	B	12	467,10,23.3,60,667,3.33,3.33,17,3.3,0,2.33,63,330,,.675,13.3,5	14 pieces~30|1 package~85
1661710	B	60	333,0,0,88.3,12,88.3,,,,,2.4,133,250	4 tbsp~60
2033460	B	43	56,11.1,0,11.1,9610,11.1,0,0,0,0,0,0,,0	1 tbsp~9|1 package~36
2069175	B	43	520,4,32,48,2160,8,28,0,0,0,0,0,,0	3 tbsp~25|1 package~75
2069176	B	43	520,4,32,48,2160,8,28,0,0,0,0,0,,0	3 tbsp~25|1 package~75
2052940	B	50	0,0,0,100,0,0,0,0,0,0,0,0,,360	¼ tsp~1|1 package~42
1883111	B	50	0,0,0,100,0,0,0,0,0,0,0,0,,120	¼ tsp~1|1 package~42
2052941	B	11	0,0,0,100,0,0,0,0,0,0,0,0,,120	¼ tsp~1|1 package~42
2554727	B	32	53,.88,1.33,8.85,221,6.19,0,0,1.8,0,.88,18,372,,0	½ cup~113|1 package~680
2394468	B	140	79,1.82,4.24,9.09,9,6.06,3.64,0,3,0,.61,27,127,,0	1 pouch165 g~165
2394467	B	140	79,1.82,6.06,6.06,9,3.03,4.85,0,1.8,0,1.82,24,,,0	1 pouch165 g~165
2394470	B	20	75,1.5,5.5,4,55,.5,5,0,2,0,.5,29,151,,0	1 pouch~200
2664194	B	68	18,1,0,3,0,.5,0,0,2.5,0,.5,60,3,,0	1 package~200
2664193	B	20	18,1,0,3,0,.5,0,0,3,0,.5,58,6,,0	1 package~200
2631077	B	20	37,1.58,.53,6.84,311,2.11,0,0,3.2,0,1.05,56,113,,0	1 pouch~190
1041581	B	20	55,1,0,11.5,2,4.5,0,0,2.5,0,.5,68,114	1 package~200
2394469	B	68	75,2,4.5,7,32,2.5,4,0,3,0,1,30,243,,0	1 pouch~200
2553820	B	19	500,0,58.3,8.33,708,0,8.33,42,0,0,0,8,17,,0	1 tbsp~12|1 package~473
2451808	B	7	125,0,0,31.2,438,25,0,0,0,0,0,25,100,,0	1 tbsp~16|1 package~454
2422293	B	11	400,0,0,100,19000,0,0,0,0,0,10,200,600,,0	1 tsp~2|1 package~198
2488641	B	18	46,0,0,12.1,33,12.1,,,,,,,,,,,,,8.33,,,.833,,,,2.5,,.625	8 fl oz~240|1 package~473
2476467	B	18	46,0,0,12.1,33,12.1,,,,,,,,,,,,,8.33,,,.833,,,,2.5,,.625	8 fl oz~240|1 package~473
2488642	B	18	46,0,0,10.8,19,10.4,,,,,,,,,,,,,8.33,,,.833,,,,2.5,,2.08	8 fl oz~240|1 package~473
2582492	B	18	46,0,0,12.1,33,12.1,,,,,,,,,,,,,8.33,,,.833,,,,2.5,,.625	1 serving~240|1 package~473
1854664	B	3	230,3,14,22,50,18,8,50,0,0,0,100,,1.2	1 serving~100|1 package~473
454168	B	36	95,21.4,1.19,0,226,0,0,196,0,0,.43,24	1 serving~84
2478235	B	1	318,4.55,0,72.7,45,54.6,,,,,,,45,104,,,,,,,,,,,,,,,,,,,17	1 pouch~22|1 package~136
2481620	B	1	318,4.55,0,72.7,45,54.6,0,0,0,0,0,0,,104,0,,,,,,,,,,,,,,,,,,17	1 pouch~22|1 package~498
1997766	B	1	318,4.55,0,72.7,45,54.6,,,,,,,45,104	1 pouch~22|1 package~226
2460583	B	1	300,3.33,0,73.3,50,53.3,,,,,,,,103,,,,,,,,,,,,,,,,,,,17	11 pieces~30|1 package~70
2480170	B	1	318,4.55,0,72.7,45,54.6	1 pouch~22|1 package~226
2481414	B	1	318,4.55,0,72.7,45,54.6,0,0,0,0,0,0,45,104,0,,,,,,,,,,,,,,,,,,17	1 pouch~22|1 package~498
2565238	B	1	318,4.55,0,77.3,23,50,0,0,0,0,.45,0,0,81.8,0	1 pouch~22
2480168	B	1	318,4.55,0,72.7,45,54.6,,,,,,,,104,,,,,,,,,,,,,,,,,,,17	1 pouch~22|1 package~226
2672913	B	1	318,4.55,0,72.7,45,54.6,,,,,,,45,104,,,,1040,,,,,,,,,,,,,,,17	1 pouch~22|1 package~226
2615595	B	7	318,4.55,0,72.7,114,54.6,0,0,0,0,0,0,45,104,0,,,1040,,,,,,,,,,,,,,,17	1 pouch~22
2672858	B	22	318,4.55,0,72.7,45,54.6,,,,,,,45,104,,,,1040,,,,,,,,,,,,,,,17	1 pouch~22|1 package~226
2279101	B	1	318,4.55,0,72.7,45,54.6,,,,,,,45,104	1 pouch~22|1 package~226
2621680	B	1	300,3.33,0,73.3,50,53.3,,,,,,,,103,,,,1030,,,,,,,,,,,,,,,17	11 pieces~30|1 package~70
2565242	B	1	318,4.55,0,72.7,45,54.6,0,0,0,0,0,0,45,104,0,,,1040,,,,,,,,,,,,,,,17	1 pouch~22
2674503	B	1	318,4.55,0,72.7,45,54.6,,,,,,,45,104,,,,1040,,,,,,,,,,,,,,,17	1 pouch~22
2621682	B	1	318,4.55,0,72.7,45,54.6,,,,,,,,104,,,,1040,,,,,,,,,,,,,,,17	1 pouch~22|1 package~226
2481413	B	1	318,4.55,0,72.7,45,54.6,0,0,0,0,0,0,45,104,,,,,,,,,,,,,,,,,,,17	1 pouch~22|1 package~498
2462432	B	1	300,5,0,75,125,55,0,0,0,0,0,0,0,115,0,,,,,,,,,,,,,,,,,,19	1 pouch~20|1 package~436
2171352	B	1	318,4.55,0,77.3,23,50,0,0,0,0,.45,0,0,81.8,0	1 pouch~22|1 package~226
2621679	B	1	318,4.55,0,72.7,45,54.6,0,0,0,0,0,0,45,104,0,,,1040,,,,,,,,,,,,,,,17	1 pouch~22|1 package~498
2278955	B	1	318,4.55,0,72.7,114,54.6,0,0,0,0,0,0,45,104,0,,,,,,,,,,,,,,,,,,17	1 pouch~22|1 package~408
2481621	B	1	318,4.55,0,72.7,114,54.6,,,,,,,45,104,,,,,,,,,,,,,,,,,,,17	1 pouch~22|1 package~136
2615596	B	1	318,4.55,0,72.7,45,54.6,,,,,,,,104,,,,1020,,,,,,,,,,,,,,,18	1 pouch~22
2471198	B	10	33,0,0,7.5,29,7.5,,,,,,,,,,,,,,,,.417,,10,,1.25	8 fl oz~240|1 package~500
2364183	B	25	33,0,0,7.5,29,7.5,,,,,,,,,,,,,,,,.417,,10,,1.25	8 fl oz~240|1 package~500
2621678	B	1	318,4.55,0,72.7,45,54.6,0,0,0,0,0,0,45,104,0,,,1040,,,,,,,,,,,,,,,17	1 pouch~22|1 package~498
1865701	B	49	541,5.41,32.4,59.5,54,56.8,8.11,0,2.7,0,1.95,108,,0	2 tbsp~37|1 package~368
2372902	B	49	541,5.41,35.1,59.5,122,54,13.5,0,2.7,0,1.89,270,432,,0	2 tbsp~37|1 package~368
2373038	B	29	491,8.77,22.8,66.7,281,35.1,5.26,0,1.8,0,1.26,70,,0	1 serving~57
2372961	B	29	491,8.77,22.8,66.7,281,35.1,5.26,0,1.8,0,1.26,70,,0	1 serving~57
2058459	B	49	541,5.41,32.4,59.5,54,56.8,8.11,0,2.7,0,1.95,108,,0	2 tbsp~37|1 package~368
2373040	B	29	491,8.77,22.8,66.7,281,35.1,5.26,0,1.8,0,1.26,70,,0	1 serving~57
2030353	B	35	125,10,0,30,425,0,0,0,0,0,3.6,100,,0	1 serving~20|1 package~500
2049301	B	1	370,0,0,90,0,50,0,0,0,0,0,0,,0	1 serving~10
2049302	B	1	382,0,0,100,0,58.8,0,0,0,0,0,0,,0	1 serving~17
2367522	B	1	386,0,0,98.2,0,,0,0,0,0,0,0,,0	1 serving~28.5|1 package~56
2479773	B	99	227,4.55,4.55,40.9,500,12.7,.91,5,.9,0,2.73,201,73,,0,.91,2.27,,2.73,0,.273,.091,34	1 serving~110|1 package~800
2669059	B	9	449,2.56,18,68,282,56.4,7.69,13,0,0,.9,13,26,,0	.06 cake~78|1 package~1410
2168954	B	14	390,2.44,3.66,87.8,439,39,0,0,2.4,0,15.4,366,49,,0,,,,7.32,2,,.732,104,,0,,5.49,2.44	2¾ cup~41|1 package~481
2560425	B	14	390,2.44,3.66,87.8,439,39,0,0,2.4,0,15.4,366,49,,0,,,,7.32,2,,.732,98,,0,,5.49,1.22	1¼ cup~41|1 package~482
686894	B	40	429,0,17.1,68.6,200,60,8.57,,,0	2 tbsp~35
2484561	B	3	167,3.7,3.7,29.6,65,18.5,2.78,9,0,0,0,130,167,,0	1 funfetti cup~54|1 package~961
2484393	B	3	178,3.74,4.67,29.9,75,20.6,2.8,9,0,0,.09,131,168,,.1	2/3 cup~107|1 package~1410
2660438	B	99	227,4.55,4.55,40.9,500,12.7,.91,5,.9,0,2.73,201,73,,0,.91,2.27,128,2.73,0,.273,.091,34	11 pancakes~110|1 package~400
2665427	B	99	227,4.55,4.55,40.9,527,12.7,.91,5,.9,0,2.73,201,73,,0,.91,2.27,129,2.73,0,.273,.091,34	11 pancakes~110|1 package~400
1900562	B	3	70,0,0,18.3,0,17.6,0,0,0,0,0,0,,0	1 pop~142
2612586	B	79	375,0,0,75,0,75	2 pieces~4|1 package~113
2612583	B	1	353,0,0,82.4,29,58.8	3 pieces~17|1 package~198
1465239	B	67	286,7.14,0,78.6,0,21.4,0,0,14.3,0,2.57,0,,0	1 serving~14
2030104	B	104	286,7.14,0,78.6,0,21.4,0,0,14.3,0,2.57,0,,0	1 serving~14
2030084	B	104	286,7.14,0,78.6,0,21.4,0,0,14.3,0,2.57,0,,0	1 serving~14
2579966	B	20	300,20,0,80,0,0,0,0,20,0,2,0,1000,,2	¼ cup~5|1 package~28.4
2507633	B	20	300,20,0,80,0,0,0,0,20,0,2,0,1600,,4	¼ cup~5|1 package~28
672516	B	86	79,.7,.1,19	1 serving~100
1930470	B	0	464,3.57,21.4,71.4,143,57.1,12.5,18,0,0,0,50,39,,0	¼ cup~28|1 package~141
2031054	B	0	500,3.57,21.4,71.4,268,60.7,16.1,18,0,0,1.29,0,,0	1 serving~28|1 package~141
2629250	B	0	536,3.57,28.6,67.9,196,64.3,17.9,0,3.6,0,1.29,0,,0,,,,0	1 serving~28|1 package~56
1930500	B	0	464,3.57,25,67.9,107,53.6,16.1,0,0,0,3.57,29,221,,0	¼ cup~28|1 package~141
2048727	B	0	607,3.57,50,39.3,482,25,8.93,0,3.6,0,1.29,0,,0	1 serving~28|1 package~539
1879662	B	0	500,0,25,71.4,214,67.9,17.9,18,0,0,0,0,,0	1 serving~28|1 package~454
2133493	B	12	500,7.14,25,64.3,125,53.6,16.1,18	1 serving~28|1 package~318
2048924	B	0	464,0,17.9,78.6,196,71.4,14.3,18,0,0,1.29,0,,0	1 serving~28|1 package~454
2398179	B	0	464,3.57,17.9,75,71,60.7,14.3,,0	1 serving~28|1 package~454
2288454	B	0	464,3.57,21.4,71.4,375,64.3,16.1,18,0,0,2.57,0,,0	1 serving~28|1 package~141
2133286	B	0	464,3.57,21.4,67.9,321,53.6,14.3,18,,,1.29	1 serving~28|1 package~318
2048925	B	1	464,3.57,17.9,75,179,71.4,14.3,18,0,0,0,71,,0	1 serving~28|1 package~454
2608871	B	26	129,3.53,2.35,23.5,235,1.18,0,0,2.4,0,1.18,41,254,,0	1 serving~85|1 package~340
2511366	B	1	273,0,0,72.7,182,54.6,0,0,0,0,0,0,0,,0	1 tbsp~11|1 package~170
2511365	B	1	273,0,0,63.6,182,54.6,0,0,0,0,0,0,0,,0	1 tbsp~11|1 package~170
2398968	B	1	393,0,0,100,0,100	1 serving~28|1 package~85
1890187	B	116	500,13.3,20,60,967,0,3.33,17,3.3,0,12,500,,20,5,,,,,,,,,,333,,7.5	1 serving~30|1 package~56
1890188	B	29	500,13.3,20,60,967,0,3.33,17,3.3,0,12,500,,20,5,,,,,,,,,,333,,7.5	1 serving~30|1 package~142
1879681	B	13	429,7.14,8.93,75,250,28.6,1.79,0,7.1,0,12.9,357,,42.9,3.58,,,,,,,,,,,,8.04,,2	1 serving~28|1 package~56
1879542	B	12	429,10.7,16.1,64.3,321,21.4,3.57,0,7.1,0,9.64,357,,42.9,3.58,,,,,,,,,,,,8.04,,1	1 serving~28|1 package~56
1945756	B	77	214,22.6,13.1,0,464,0,3.57,119,0,0,1.29	1 serving~84|1 package~900
1896459	B	19	214,0,0,57.1,750,53.6,0,0,0,0,0,0,,0	2 tbsp~28|1 package~539
2671368	B	63	338,11.7,7.79,53.2,662,3.9,3.25,13,2.6,0,2.6,143,195,,0	1 serving~77|1 package~269
718234	B	63	366,12.7,3.52,71.8,746,4.23,1.41,7,2.8,0,2.82,82,218,,0	1 serving~71
718582	B	0	643,7.14,50,35.7,607,0,42.9,0,3.6,0,0,75,79,,0	2 cup~28
2506598	B	3	175,5.15,4.64,24.7,57,24.7,2.58,77,0,0,.31,165,309,,1.65	2/3 cup~97|1 package~473
2554674	B	0	643,7.14,53.6,35.7,607,0,42.9,18,3.6,0,0,82,68,,0	2 cup~28|1 package~85
1859825	B	101	95,0,0,22.5,60,20,0,0,0,0,0,0,,0	1 cup~40|1 package~1280
1859738	B	101	95,0,0,22.5,60,20,0,0,0,0,0,0,,0	1 serving~40|1 package~1280
1877297	B	38	481,3.7,22.2,63,56,55.6,22.2,4,0,0,0,148,,2.2	1 serving~27|1 package~482
1850818	B	38	344,12.5,1.56,68.8,781,12.5,0,16,3.1,0,5.06,31,,0	1 cake~32|1 package~272
2670794	B	38	344,12.5,1.56,71.9,750,9.38,0,16,3.1,0,3.12,41,150,,0	1 cake~32|1 package~272
2631557	B	14	370,3.7,3.7,88.9,519,33.3,1.85,0,3.7,0,11.5,0,148,,5,,,,7.41,1,.63,.741,204,,,2.22	1 box~27
2559806	B	14	370,3.7,3.7,88.9,519,33.3,1.85,0,3.7,0,11.5,0,148,,5,,,,7.41,1,.63,.741,204,,,2.22	1 serving~27
1972557	B	3	70,0,0,16.9,0,16.9,0,0,0,0,0,3,,,0	1 pop~71|1 package~2550
1922067	B	3	70,0,0,16.9,0,16.9,,,,,,,1	1 serving~71|1 package~1700
2063013	B	3	70,0,0,18.6,0,16.3	1 pop~43|1 package~770
2048748	B	1	461,9.6,21.4,55.2,100,51.6,1.8,,4.2	1 serving~100
2572327	B	15	250,7.5,21.4,10.7,393,0,2.86,0,3.6,,3.93,179,214,0,0	2 tbsp~28|1 package~227
2572324	B	15	250,7.5,21.4,10.7,393,0,2.86,0,3.6,,3.93,179,214,0,0	2 tbsp~28|1 package~227
2273949	B	23	250,7.5,21.4,10.7,393,0,2.86,0,3.6,,3.93,179,214,0,0	2 tbsp~28|1 package~227
2572323	B	35	250,7.5,21.4,10.7,393,0,2.86,0,3.6,,39.3,179,214,0,0	2 tbsp~28|1 package~227
2572326	B	15	250,7.5,21.4,10.7,393,0,2.86,0,3.6,,39.3,179,214,0,0	2 tbsp~28|1 package~227
2051296	B	1	393,0,0,100,0,100	1 serving~28|1 package~42.5
2165676	B	1	393,0,0,100,0,100	1 serving~28|1 package~113
2278713	B	1	393,0,0,100,0,100	1 serving~28|1 package~170
2164331	B	1	393,0,0,100,0,100	1 serving~28|1 package~113
2375923	B	1	393,0,0,100,0,100,0,0,0,0	1 serving~28|1 package~42.5
2022231	B	1	393,0,0,100,0,100,0,0,0,0	1 serving~28|1 package~42.5
2313959	B	1	393,0,0,100,0,100	1 serving~28|1 package~170
2543940	B	1	393,0,0,100,0,100	1 serving~28|1 package~170
2196413	B	1	393,0,0,100,0,100	1 serving~28|1 package~170
2579977	B	1	393,0,0,100,0,100	1 serving~28|1 package~56.7
1870397	B	1	393,0,0,100,0,100	1 serving~28|1 package~113
2670835	B	1	393,0,0,100,0,100	1 serving~28|1 package~56
2049175	B	1	393,0,0,100,0,100	1 serving~28|1 package~42.5
2287813	B	1	393,0,0,100,0,100	1 serving~28|1 package~113
1877305	B	1	393,0,0,100,0,100	1 serving~28|1 package~113
1958958	B	1	393,0,0,100,0,100,0	1 serving~28|1 package~56
1870398	B	1	379,0,0,96.6,0,96.6,0,0,0,0	1 serving~29
1879931	B	1	393,0,0,100,0,100	1 serving~28|1 package~42.5
1879933	B	1	393,0,0,100,0,100	1 serving~28|1 package~113
1901726	B	1	393,0,0,100,0,100	1 serving~28|1 package~113
1901729	B	1	393,0,0,100,0,100	1 serving~28|1 package~113
1912227	B	1	393,0,0,100,0,100	1 serving~28|1 package~113
1879932	B	1	393,0,0,100,0,100	1 serving~28|1 package~113
1901727	B	1	393,0,0,100,0,100	1 serving~28|1 package~113
2074881	B	1	393,0,0,100,0,100,0,0,0,0	1 serving~28|1 package~42.5
1875786	B	1	393,0,0,100,0,100	1 serving~28|1 package~113
2654735	B	1	393,0,0,100,0,100,0,0,0,0,0,0,,,0	1 serving~28|1 package~90
2642852	B	1	393,0,0,100,0,100,0,0,0,0,0,0,,,0	1 serving~28|1 package~90
2074877	B	1	393,0,0,100,0,100,0,0,0,0	1 serving~28|1 package~42.5
2216849	B	1	393,0,0,100,0,100	1 serving~28|1 package~170
2412891	B	1	393,0,0,100,0,100	1 serving~28|1 package~56
2443129	B	3	50,0,0,12.2,17,11.1,0,0,0,,0,0,,0	3 fl oz~90|1 package~720
1951127	B	3	27,0,0,5.63,13,5.63,0,0,0,0,0,0,8,,0	1 serving~71|1 package~2550
2612052	B	1	333,0,0,88.9,0,88.9,,,,,,,0,,0	1 tablet~9|1 package~72
1459704	B	58	478,6.52,23.9,58.7,1060,2.17,3.26,0,2.2,0,2.35,43,,0	1 serving~46
1460266	B	58	500,7.14,25,67.9,1000,3.57,3.57,0,3.6,0,2.57,0,,0	1 serving~28
2618325	B	12	464,7.14,21.4,57.1,929,3.57,3.57,0,3.6,0,2.57,0,,0,,,,193	1 serving~28|1 package~74.4
1531132	B	12	480,5.65,22.6,56.5,904,2.82,2.82,0,2.8,0,3.05,56,,0	1 serving~35.4
2672317	B	12	500,7.14,21.4,67.9,1040,3.57,3.57,0,3.6,0,1.79,36,143,,0	1 serving~28|1 package~170
1459615	B	58	500,7.14,21.4,67.9,1040,3.57,3.57,0,3.6,0,3.57,39,154,0,0	13 pieces~28
1525463	B	12	484,8.06,24.2,56.4,887,0,4.03,0,4,0,2.9,0,,0	1 serving~24.8
2562858	B	12	500,7.14,21.4,67.9,1000,3.57,3.57,0,3.6,0,1.79,36,143,,0	1 serving~28|1 package~248
2672112	B	12	500,7.14,21.4,67.9,1000,3.57,3.57,0,3.6,0,1.79,36,143,,0	1 serving~28|1 package~60.2
1458901	B	58	500,7.14,21.4,67.9,1000,3.57,3.57,0,3.6,0,1.79,36,143,,0	13 pieces~28
1457499	B	58	500,7.14,25,67.9,1000,3.57,3.57,0,3.6,0,2.57,0,,0	1 serving~28
1460096	B	58	500,7.14,21.4,67.9,1000,3.57,3.57,0,3.6,0,3.57,21,146,,0	13 pieces~28
2562665	B	12	43,.39,1.76,5.49,82,0,.2,0,.4,0,.16,0,12,,0	1 package~255
1663536	B	12	500,7.14,21.4,67.9,1040,3.57,3.57,0,3.6,0,3.57,39,154,,0	13 pieces /~28
1516075	B	12	500,7.14,21.4,67.9,964,3.57,3.57,0,3.6,0,1.29,0,,0,,,,,,0,.243,,114,29,,,,,,,5	1 serving~28
1471196	B	12	464,7.14,21.4,57.1,929,3.57,3.57,0,3.6,0,2.57,0,,0	1 serving~28
2653649	B	5	500,7.14,21.4,67.9,571,3.57,3.57,0,3.6,0,3.93,36,321,,0	1 serving~28|1 package~56.7
2653687	B	5	472,4.72,23.6,66,566,4.72,4.72,0,4.7,0,3.77,47,330,,0	1 package~21.2
2179153	B	1	414,0,5.17,93.1,310,58.6,5.17,0,0,0,0,7,0,,0	5 pieces~29|1 package~170
2179755	B	1	379,0,5.17,82.8,276,51.7,5.17,0,0,0,0,7,0,,0	5 pieces~29|1 package~170
2179759	B	1	379,0,5.17,82.8,276,51.7,5.17,0,0,0,0,7,,,0	5 pieces~29|1 package~170
2179757	B	1	379,0,5.17,82.8,276,51.7,5.17,0,0,0,0,7,,,0	5 pieces~29|1 package~170
2027362	B	50	375,25,25,25,1620,25,,,25,,,500	1 serving~4|1 package~60
2027381	B	11	375,25,12.5,50,1250,50,0,0,25,0,0,250,,0	1 serving~4|1 package~55
2027361	B	50	500,25,37.5,25,375,25,0,0,25,0,9,1000,,0	1 serving~4|1 package~50
2027400	B	50	500,25,37.5,25,1620,25,0,0,25,0,9,1000,,0	1 serving~4|1 package~60
552806	B	85	400,5,20,52.5,750,20,7.5,12,2.5,0,2.5,82,82,,0	1 biscuit~40
2070892	B	6	302,11.3,7.55,49.1,566,3.77,2.83,9,1.9,0,1.02,151,,0	1 breadstick~53
2030713	B	85	425,10,25,37.5,650,2.5,10,25,2.5,0,1.8,150,38,0,,8.75,5	1 biscuit~40
2065887	B	85	400,7.5,22.5,40,550,2.5,10,25,2.5,0,1.8,150,50,0,,7.5,5	1 biscuit~40
1030875	B	85	400,10,25,37.5,925,2.5,10,25,2.5,0,2.5,175,125,,0	1 biscuit~40
1140204	B	85	425,7.5,22.5,47.5,625,15,8.75,25,2.5,0,1.8,150,,0	1 biscruit~40
2597180	B	85	340,8.51,14.9,44.7,617,2.13,3.19,0,2.1,0,2.98,21,106,,0	.17 loaf~47|1 package~284
397086	B	85	316,7.89,9.21,47.4,579,5.26,1.32,0,2.6,0,2.84,53,,0,,2.63,3.95	1 knot~38
2597179	B	85	325,7.5,17.5,35,575,2.5,3.75,0,2.5,0,2.25,50,100,,0	1 slice~40
1109136	B	85	325,7.5,15,42.5,600,2.5,2.5,0,2.5,0,2.7,50,,0	1 slice~40
411185	B	85	325,7.5,15,42.5,600,2.5,2.5,0,2.5,0,2.7,50,,0	1 slice~40
2616056	B	85	229,10.4,7.29,31.2,500,4.17,3.12,21,2.1,0,1.5,125,,0,,2.08,0,38	1 slice~48
554272	B	85	323,12.3,12.3,40,446,4.62,4.62,23,1.5,0,2.22,154,,0	1 breadstick~65
2030442	B	85	292,12.5,10.4,37.5,583,2.08,4.17,10,2.1,0,2.25,167,,0	1 slice~48
2055608	B	85	292,12.5,10.4,37.5,583,2.08,4.17,10,2.1,0,2.25,208,,0,,2.08,3.12	1 slice~48
2539821	B	144	160,5.69,1,16.6,100,12,.1,0,3.9,0,1.34,35,0,0,0,.03,.16,,.52,0,.04,,118,0,94,0,.93,.19,,.22,,.6,,18,0,,67.1	½ cup~130
2519198	B	144	120,6.31,.22,16.1,91,1,.03,0,6.7,0,2.19,41,0,1.2,0,.02,.12,,.55,0,.06,,105,38,109,0,.75,.21,,.26,,5.1,,0,0,,76.1	½ cup~130
2519202	B	144	110,5.32,.29,16.2,101,1,.07,0,3.2,0,1.72,45,0,0,0,.02,.12,,.48,0,0,,118,47,105,0,0,0,,.01,,0,,0,0,,76.8	½ cup~130
2519199	B	144	110,5.32,.31,15.5,101,1,.06,0,3.9,0,1.26,30,0,1.6,0,.06,.1,,.29,0,.05,,130,44,102,0,.57,.19,,.23,,1.4,,16,0,,77.7	½ cup~130
2519200	B	144	100,5.42,0,15.2,105,.54,0,0,2,0,0,0,0,0,0,0,0,,0,0,0,,0,1,0,0,0,0,,.01,,0,,0,0,,74.8	½ cup~120
2539865	B	144	45,1,.5,8.19,69,8,.08,0,1,0,.84,13,0,0,0,.1,.24,,.84,0,.04,,3,13,23,0,.18,.04,,.11,,4.2,,11,0,,89.2	½ cup~125
2539663	B	144	33,1.16,.13,8.07,68,6.23,.03,0,1.1,0,.88,12,0,5.9,0,.02,.04,,.83,0,.04,,3,12,23,0,.17,.04,,.11,,3.1,,10,0,,89.6	¼ cup~60
2539606	B	144	45,1,.5,8.19,69,8,.08,0,1,0,.84,13,0,0,0,.1,.24,,.84,0,.04,,3,13,23,0,.18,.04,,.11,,4.2,,11,0,,89.2	½ cup~125
2539712	B	144	33,1.16,.13,8.07,68,6.23,.03,0,1.1,0,.88,12,0,5.9,0,.02,.04,,.83,0,.04,,3,12,23,0,.17,.04,,.11,,3.1,,10,0,,89.6	¼ cup~60
2539576	B	144	92,4.42,.29,12.8,77,.77,.08,0,3.2,0,1.03,27,0,0,0,.02,.12,,.4,0,.038,,91,36,72,0,.75,.185,,.177,,1.1,,14,0,,58.5	½ cup~130
2525739	B	144	92,4.85,.17,12.4,70,.77,.02,0,5.1,0,1.68,31,0,.9,0,.02,.09,,.423,0,.046,,81,29,84,0,.58,.162,,.2,,3.9,,0,0,,58.5	½ cup~130
2519210	B	144	110,5.32,.29,16.2,101,1,.07,0,3.2,0,1.72,45,0,0,0,.02,.12,,.48,0,0,,118,47,105,0,0,0,,.01,,0,,0,0,,76.8	½ cup~130
2519205	B	144	110,5.32,.31,15.5,101,1,.06,0,3.9,0,1.26,30,0,1.6,0,.06,.1,,.29,0,.05,,130,44,102,0,.57,.19,,.23,,1.4,,16,0,,77.7	½ cup~130
2519206	B	144	100,5.42,0,15.2,105,.54,0,0,2,0,0,0,0,0,0,0,0,,0,0,0,,0,1,0,0,0,0,,.01,,0,,0,0,,74.8	½ cup~120
2519212	B	144	160,5.69,1,24.2,345,12,.11,0,3.9,0,1.39,39,0,0,.075,.13,.26,,.57,0,.04,,91,0,104,0,.93,.19,,.22,,.6,,22,0,,67.1	½ cup~130
2008896	B	47	34,.84,0,6.72,101,3.36,0,0,1.7,0,.91,50,,1	½ cup~119|1 package~794
2297981	B	47	29,.83,0,5.83,125,4.17,0,0,.8,0,.9,33,,3	½ cup~120|1 package~411
693816	B	45	100,5.83,0,18.3,117,.83,0,0,4.2,0,1.5,33,,0	½ cup~120
2136228	B	45	92,5.83,0,17.5,117,3.33,0,0,5,0,2.25,17,,0	½ cup~120|1 package~439
2155744	B	45	92,6.67,0,16.7,117,.83,0,0,6.7,0,2.25,50,,1	½ cup~120|1 package~439
693642	B	45	92,5,1.25,15,117,2.5,0,0,2.5,0,.9,17,,1	½ cup~120
1853840	B	47	22,.86,0,5.17,284,2.59,0,0,.9,0,.62,0,,25.9	½ cup~116|1 package~411
2269752	B	47	29,.84,0,6.72,105,3.36,0,0,1.7,0,1.21,50,,1	½ cup~119|1 package~794
2403330	B	47	29,.84,0,6.72,134,3.36,0,0,.8,0,.61,50,,2	½ cup~119|1 package~794
2155753	B	47	25,1.68,0,5.88,118,4.2,0,0,1.7,0,.91,17,,7.6	½ cup~119|1 package~425
2155747	B	45	92,6.67,0,16.7,117,.83,0,0,6.7,0,2.25,50,,1	1 serving~120|1 package~439
2023099	B	47	22,.86,0,4.31,108,2.59,0,0,.9,0,.62,34,,10.3	½ cup~116|1 package~794
2155745	B	45	50,2.5,0,11.7,350,4.17,0,0,2.5,0,.6,17,,1	1 serving~120|1 package~439
2009002	B	45	75,5,0,13.3,300,1.67,0,0,4.2,0,.6,33,,0	½ cup~120|1 package~3120
2136180	B	45	92,5.83,0,16.7,117,.83,0,0,5,0,1.5,50,,1	½ cup~120|1 package~439
2013416	B	47	22,.86,0,4.31,108,2.59,0,0,.9,0,.93,34,,1	½ cup~116|1 package~411
2013417	B	47	21,.85,.42,4.24,144,2.54,0,0,.8,0,.61,34,,2	½ cup~118|1 package~794
2013679	B	37	17,.83,0,3.33,275,1.67,0,0,1.7,0,.3,17,,2	½ cup~120|1 package~411
2155749	B	47	21,.85,0,4.27,85,2.56,0,0,.9,0,.92,17,,1	½ cup~117|1 package~794
2013443	B	32	43,.85,.85,8.55,77,5.13,0,0,1.7,0,1.23,17,,0	½ cup~117|1 package~794
2136276	B	45	92,6.67,0,16.7,117,.83,0,0,6.7,0,2.25,50,,1	½ cup~120|1 package~439
2013413	B	47	22,.86,0,4.31,108,2.59,0,0,.9,0,.62,34,,10.3	½ cup~116|1 package~411
2155746	B	45	100,5.83,0,17.5,117,1.67,0,0,6.7,0,1.5,33,,2	1 serving~120|1 package~439
2013419	B	47	33,.82,0,6.56,123,3.28,0,0,1.6,0,1.48,16,,4.9	½ cup~122|1 package~794
2013415	B	47	22,.86,0,4.31,121,2.59,0,0,.9,0,.31,0,,25.9	½ cup~116|1 package~411
2155754	B	47	33,.81,0,7.32,106,4.88,0,0,.8,0,.88,49,,7.3	½ cup~123|1 package~411
2013317	B	32	42,1.67,.83,6.67,133,3.33,0,0,1.7,0,1.2,33,,2	¼ cup~60|1 package~425
2155748	B	47	32,1.59,0,6.35,63,4.76,0,0,1.6,0,1.14,32,,9.5	¼ cup~63|1 package~425
2543612	B	47	33,1.64,0,6.56,213,3.28,0,0,1.6,0,1.18,0,,2	¼ cup~61|1 package~425
2155755	B	47	22,.86,0,4.31,108,2.59,0,0,.9,0,.62,34,,10.3	½ cup~116|1 package~411
727090	B	26	138,4.88,3.25,22,195,5.69,.81,4,1.6,0,.81,42	5 pieces~123
730772	B	35	88,0,0,17.6,1290,11.8,0,0,0,0,0,0,,,0	1 tbsp~17
727574	B	26	120,4.23,2.82,19,169,4.93,.7,4,.7,0,.7,37	5 pieces~142
2427779	B	16	414,15.7,2.14,82.1,4,1.43,.71,0,12.1,0,0,0,0,,0	1¾ cup~140|1 package~250
2427742	B	16	393,15,1.07,81.4,4,1.43,.36,0,3.6,0,0,0,0,,0	3¼ cup~140|1 package~250
2427741	B	16	407,13.6,1.07,85.7,4,1.43,.36,0,2.9,0,0,0,0,,0	1¾ cup~140|1 package~250
2427743	B	16	407,12.1,1.07,86.4,7,3.57,.71,0,2.9,0,0,0,0,,0	1¾ cup~140|1 package~250
2081767	B	17	82,2.42,1.21,15,41,13,.72,5,0,0,0,242,140,29,.975,,,,,,,,,,121	1 bottle~207
2487845	B	18	46,0,0,11.3,9,10.4,,,,,,,,,,,,,8,,.661,.496,,,,2.74,,2.68	12 fl oz~355
2487844	B	18	45,0,0,10.7,8,10.1,,,,,,,,,,,,,8,,,.496,,,,2.74,,2.68	12 fl oz~355
2488855	B	5	349,58.1,8.14,18.6,1050,2.33,0,0,7,0,18.6,147,407,,0	2 round scoops~43|1 package~516
2379060	B	59	415,51.2,14.6,22,976,7.32,9.76,0,7.3,0,17.1,115,639,,0	1 packet~41
2052689	B	11	261,0,0,87,8260,,,,,,,,,209	¼ tsp~1.1|1 package~170
2438868	B	50	250,0,0,0,6000	1 serving~2|1 package~22
2060726	B	11	261,0,0,87,8260,,,,,,,,,209	¼ tsp~1.1|1 package~170
2438867	B	50	600,0,0,0,10000	1 serving~2|1 package~22
2060720	B	11	261,0,0,87,8260,,,,,,,,,209	¼ tsp~1.1|1 package~170
2274987	B	12	321,35.7,7.14,32.1,964,25,3.57,107,3.6,0,5.14,0,,0	1 serving~28|1 package~227
2095377	B	12	321,42.9,7.14,25,1110,25,3.57,125,0,0,5.14,0,,0	1 serving~28|1 package~85
1896102	B	12	321,39.3,5.36,25,714,21.4,1.79,107,3.6,0,3.86,0,,0	1 serving~28|1 package~85
1944896	B	12	321,35.7,7.14,32.1,964,25,3.57,107,3.6,0,5.14,0,,0	1 serving~28|1 package~78
2653544	B	12	321,42.9,7.14,25,1110,25,3.57,125,0,0,5.14,0,,0,,,,129	1 serving~28|1 package~78
2653446	B	12	286,35.7,0,32.1,1500,25,0,107,0,0,0,0,,0,,,,0	1 serving~28|1 package~78
1866870	B	12	286,39.3,5.36,21.4,1110,21.4,1.79,89,0,0,1.29,0,,0	1 serving~28|1 package~85
2314966	B	12	250,32.1,0,28.6,1000,25,0,71,0,0,1.29,0,,0	1 serving~28|1 package~78
1944894	B	12	250,35.7,0,25,1110,25,0,71,0,0,0,0,,0	1 serving~28|1 package~78
1896101	B	12	250,35.7,0,25,1390,21.4,0,89,1.8,0,1.29,0,,0	1 serving~28|1 package~78
2631316	B	12	321,50,10.7,3.57,1360,0,3.57,89,0,0,5.14,0,,8.6,,,,129	1 serving~28|1 package~56.6
2068956	B	12	286,39.3,5.36,21.4,1110,21.4,1.79,89,0,0,1.29,0,,0	1 serving~28|1 package~78
2539212	B	12	250,32.1,3.57,25,1000,25,0,71,0,0,1.29,0,,0	1 serving~28|1 package~70.8
2031502	B	12	250,32.1,0,28.6,1000,25,0,71,0,0,1.29,0,,0	1 serving~28|1 package~85
2375706	B	12	321,35.7,5.36,35.7,1430,35.7,1.43,54,.9,0,2.57,0,,0	1 serving~28|1 package~70.8
2068957	B	12	286,35.7,0,32.1,1500,25,0,107,0,0,0,0,,0	1 serving~28|1 package~85
2539211	B	12	321,42.9,7.14,25,1110,25,3.57,125,0,0,5.14,0,,0	1 serving~28|1 package~70.8
2194847	B	125	135,3.24,5.95,18.9,130,3.78,1.08,8,3.2,1.08,,108,254	1 serving~185
2194841	B	125	146,2.7,3.78,18.9,130,3.78,1.08,8,3.2,1.08,,108	1 serving~185
2181918	B	125	182,2.53,7.58,17.7,121,3.54,1.01,8,4,1.01	1 serving~198
2654446	B	3	55,0,0,14.6,0,12.7,0,0,0,0,0,0,0,,0	1 pieces~55|1 package~330
2077761	B	49	531,21.9,46.9,15.6,0,3.12,3.12,0,12.5,0,3.38,250,,0	2 tbsp~32|1 package~255
1904460	B	49	609,15.6,50,34.4,0,15.6,7.81,0,12.5,0,4.5,250,,0	2 tbsp~32|1 package~255
2627856	B	49	562,18.8,40.6,28.1,0,6.25,4.69,0,9.4,0,4.5,125,,0,,,,0	2 tbsp~32|1 package~255
2599588	B	83	195,14.2,9.73,7.96,221,.88,3.36,0,5.3,0,12.2,53,708,,0	1 patty, 4oz per serving~113
2599587	B	138	190,14,12,8,220,1,9,0,6,0,12.2,50,700,,0	4 meatballs per serving~100
2599590	B	138	191,13.6,11.8,8.18,218,.91,9.09,0,5.5,0,12.2,55,700,,0	1 cup, 4oz~110|1 package~451
2599591	B	143	260,16,16,12,400,10,14,0,2,0,3.2,60,620,,0	1 link, 1.8 oz~50
2599589	B	83	212,14.2,8.85,8.85,239,.88,2.48,0,5.3,0,.71,71,469,,0	1 patty, 4oz per serving~113
2150882	B	53	22,0,0,5.83,32,5.83,,,,,,,22	12 fl oz~360|1 package~710
2108245	B	10	36,0,.1,8.6,10,8.4,,1,,,,,,24,,,,,1.6	16.9 fl oz~500
2438550	B	53	22,0,0,5.41,34,5.25,,,,,,,,,,,,,,,,.051,,,,.15	20 fl oz~591
2624207	B	25	20,0,0,5.63,32,5.07,,,,,,,,,,,,,,,,.056,,,,.17	1 can~355|1 package~4260
2441666	B	53	28,0,0,7.4,32,7,,,,,,,,,,,,,,,,.06,,,,.18	16.9 fl oz~500
2571309	B	25	23,0,0,6.2,32,6.2,,,,,,,23	1 can~355
2544034	B	53	19,0,0,5.28,32,5.28,,,,,,,19,,,,,,,,,.056,,,,.42	12 fl oz~360|1 package~710
2211656	B	53	0,0,0,0,13,,,,,,,,,,,,,,,,,.06,,,,.18	16.9 fl oz~500
2211655	B	53	20,0,0,5.4,13,5.4,,,,,,,,,,,,,,,,.06,,,,.18	16.9 fl oz~500
2214630	B	53	22,0,0,5.83,32,5.83,,,,,,,22	12 fl oz~360|1 package~1000
2214205	B	53	22,0,0,6.11,32,6.11,,,,,,,22	12 fl oz~360|1 package~710
2086530	B	10	3,0,0,.6,17,.6,,0,,,,,,24,,,,,,,,.16	16.9 fl oz~500
2490865	B	53	19,0,0,5.56,31,5.28,,,,,,,,,,,,,,,,.056,,,,.17	12 fl oz~360|1 package~1000
2329929	B	53	22,0,0,5.83,29,5.83,,,,,,,19	12 fl oz~360|1 package~1000
2108433	B	53	23,0,0,6.2,10,6.2,,,,,,,,,,,,,,,,.056,,,,.17	12 fl oz~355|1 package~4260
2092244	B	10	59,0,0,5.92,533,5.92,,,,,,,,710,,,,,,,,,,,,,,23.7	1.05 pt~507
2086531	B	10	4,0,0,.6,17,.6,,,,,,,,24,,,,,,,,.16	16.9 fl oz~500