2286941	B	10	54,.42,0,13.3,19,11.7,0,0,0,0,.3,8,138,0	8 fl oz~240|1 package~946
2077526	B	10	50,0,0,12.9,10,10.8,,,,,,125,,25	8 fl oz~240|1 package~1890
2032581	B	44	117,0,0,30,17,26.7,0,0,0,0,0,0,,0	1 ring~30|1 package~411
2541762	B	44	42,0,0,10,8,6.67,0,0,.8,0,0,0,,0	½ cup~120|1 package~411
2295566	B	44	42,0,0,10,8,6.67,0,0,.8,0	½ cup~120|1 package~567
2015404	B	30	71,0,0,16.8,22,10.6,0,0,3.5,0,0,88,,53.1,.875	1 -4 oz unit~113|1 package~452
2015403	B	30	62,0,0,15.9,13,9.73,0,0,2.7,0,0,88,,0,.875	1 serving~113|1 package~452
2077514	B	25	50,0,0,12.9,10,10.8,,,,,,,,25	8 fl oz~240|1 package~3780
2077394	B	22	50,0,0,13.3,0,10,,,1.1	1 pouch~90
2564179	B	54	62,0,0,17.7,9,15,0,0,.9,0,0,4,77,,0	1 serving~113
2026201	B	22	67,0,0,17.8,0,16.7,,,1.1,,.4	1 pouch~90|1 package~360
2279626	B	22	62,0,0,17.7,9,15,0,0,.9,0,0,4,77,,0	1 -4 oz~113|1 package~680
2015407	B	44	71,0,0,17.7,22,11.5,0,0,3.5,0,0,88,,53.1,.875	1 -4 oz unit~113|1 package~452
2651907	B	22	71,0,0,22.2,10,9.09,0,0,6.1,0,0,3,78,,0	1 -3.5 oz~99|1 package~397
2128867	B	22	50,0,0,13.3,0,8.89,0,0,1.1,0,0,0,,1.3	1 pouch~90|1 package~4500
2077119	B	22	44,0,0,10.6,9,7.08,0,0,1.8,,0,0,,0	1 serving~113|1 package~452
2594213	B	54	71,0,0,22.2,10,9.09,0,0,6.1,0,0,3,78,,0	1 serving~99
1911177	B	23	236,1,0,56,47,56,0,0,0,0	1 tbsp~15|1 package~150
2086243	B	23	107,2,0,19.3,7,19.3,0,0,0,0	1 tbsp~15|1 package~250
1911171	B	23	120,2,0,22,7,22,0,0,0,0	1 tbsp~15|1 package~250
2545323	B	6	429,14.3,7.14,71.4,714,7.14,0,0,0,0,7.14,21,129,,0	2 pieces~14|1 package~283
2320410	B	6	421,10.5,7.89,73.7,737,5.26,2.63,0,5.3,0,5.68,0,,0	2 pieces~19|1 package~283
2049363	B	29	562,37.5,43.8,6.25,1750,0,31.2,125,0,0,0,1560,,0	13 pieces~16|1 package~51
1877415	B	116	500,50,31.2,6.25,1560,0,21.9,94,0,0,0,1880,,0	13 pieces~16|1 package~51
2084574	B	41	800,0,86.7,0,0,0,10,,,0	1 tbsp~15|1 package~500
2011855	B	7	0,0,0,0,2250,0,0,,,0	1 tbsp~8|1 package~320
2025839	B	7	0,0,0,0,2250,0,0,,,0	1 tbsp~8|1 package~320
2025237	B	19	0,0,0,0,4000,0,0,,,0	1 tsp~5|1 package~290
2438982	B	41	800,0,93.3,0,0,,20,0,,0,2.4,0,,0,,40,33.3	1 tbsp~15|1 package~250
2025238	B	7	0,0,0,0,1600,0,0,,,0	2 tsp~7.2|1 package~350
2031364	B	11	0,0,0,0,,0,0,,,0	¼ tsp~1|1 package~450
2027791	B	19	200,0,10,0,2200,0	1 tsp~5|1 package~340
2027783	B	19	100,0,0,20,1300,20	1 tsp~5|1 package~340
2027759	B	19	100,0,0,0,1200,0	1 tsp~5|1 package~340
2165702	B	19	103,2.94,1.47,17.6,765,14.7,0,0,0,0,0,26,47,,0	2 tbsp~34|1 package~542
2276236	B	52	162,1.9,5.71,27.6,27,23.8,3.33,0,3.8,0,.69,0,,,0	2/3 cup~105|1 package~473
2190674	B	3	200,1.67,10,26.7,25,23.3,8.33,0,1.7,0,0,0,,,0	1 bar~60|1 package~355
2540791	B	3	200,1.67,10,26.7,25,23.3,8.33,0,1.7,0,.6,0,313,,0	1 bar~60|1 package~355
2181811	B	52	233,1.67,11.7,31.7,50,20,10,0,3.3,0,1.2,0,157,,0	1 bar~60|1 package~355
2180530	B	3	292,4.62,18.5,30.8,69,18.5,10.8,0,3.1,0,0,0,289,,0	1 bar~65|1 package~355
2190668	B	52	200,1.67,10,26.7,25,23.3,8.33,0,1.7,0,0,0,313,,0	1 bar~60|1 package~355
2366756	B	3	233,0,11.7,31.7,50,20,10,0,1.7,0,0,0,157,,0	1 bar~60|1 package~355
2539085	B	40	375,0,0,75,0,75,0,0,,0,0,0,0,,0	1 tsp~4|1 package~14
2276235	B	52	182,2.73,8.18,25.4,91,13.6,4.55,0,.9,0,0,0,171,,0	2/3 cup~110|1 package~473
2276234	B	52	160,1,5,30,65,15,4,0,1,0,0,0,94,,0	2/3 cup~100|1 package~473
2584154	B	47	24,1.59,0,3.97,4,2.38,,,1.6,,,,349	½ cup~126|1 package~397
2018598	B	32	40,1.59,0,6.35,302,3.17,,,3.2,,,,429	¼ cup~63|1 package~400
2584150	B	32	32,1.59,0,6.35,175,4.76,,,1.6,,,,413	¼ cup~63|1 package~397
2023153	B	47	28,.79,0,4.76,4,3.17,,,1.6,,,,270	½ cup~126|1 package~400
2584151	B	47	25,.82,0,4.1,123,2.46,,,1.6,,,,287	½ cup~122|1 package~397
2288526	B	47	97,3.12,0,15.6,344,12.5,0,0,6.2,0,1.12,62,,28.1	2 tbsp~32|1 package~130
2337777	B	47	25,.82,0,4.1,,2.46,.12,,1.6,,,,287	½ cup~122|1 package~790
1866076	B	47	35,3.33,0,5,125,3.33,0,0,3.3,0,,,,15	¼ cup~60|1 package~400
2170855	B	32	48,1.59,1.59,6.35,270,4.76,0,0,1.6,0,,,460	¼ cup~63|1 package~400
2172925	B	32	40,1.59,1.59,7.94,302,4.76,0,0,3.2,0,,,460	¼ cup~63|1 package~400
1866111	B	47	253,6.25,15.6,15.6,719,15.6,1.56,0,6.2,0,1.12,62,,56.2	2 tbsp~32|1 package~130
2584149	B	32	33,1.67,0,8.33,200,5,,,3.3,,,,383	¼ cup~60|1 package~695
1866096	B	47	22,1,0,4,40,3,0,0,2,0,,,,9	½ cup~100|1 package~800
2584153	B	47	24,.79,0,4.76,4,3.17,,,1.6,,,,333	½ cup~126|1 package~794
2584152	B	47	25,.82,0,4.1,123,2.46,,,1.6,,,,287	½ cup~122|1 package~791
2178099	B	47	25,.82,0,4.1,8,2.46,,,1.6,,,,254	½ cup~122
2587505	B	32	87,1.59,7.14,5.56,413,3.97,1.19,0,1.6,0,.4,19,389,,0	½ cup~126|1 package~680
1936950	B	47	49,2,1,8,177,6,0,0,2,0,.36,20,,0	½ cup~100|1 package~400
2593637	B	19	118,0,0,23.5,706,23.5,,,0,,,,529	1 tbsp~17|1 package~340
2170579	B	47	132,5.88,0,23.5,206,14.7,,,5.9,,,,1440	2 tbsp~34|1 package~185
2543138	B	47	33,1.67,0,8.33,200,5,,,3.3,,,,383	¼ cup~60|1 package~700
1764823	B	47	35,1.67,0,5,267,5,0,0,3.3,0,,,,15	¼ cup~60|1 package~700
1903861	B	47	52,1.67,3.33,6.67,142,5,.83,0,1.7,0	¼ cup~60|1 package~400
1760989	B	54	55,5,0,10,20,0,0,0,0,0,0,0,,0	1 tbsp~20|1 package~500
2374838	B	47	24,.79,0,4.76,4,3.17,,,1.6,,,,333	½ cup~126|1 package~2840
1870315	B	47	22,1,0,4,40,3,0,0,2,0,.72,20,,9	½ cup~100|1 package~400
2153779	B	32	56,1.59,2.38,6.35,302,4.76,.79,8,1.6,0,.71,56,429,,0	¼ cup~63|1 package~400
2369277	B	47	33,1.67,0,8.33,200,5,,,3.3,,,,383	¼ cup~60|1 package~560
1144271	B	47	24,.79,0,4.76,4,3.17,,,1.6,,,,333	½ cup~126
2534288	B	12	533,40,40,6.67,2330,6.67,13.3,100,0,0,6.67,0,127,,0	½ cup~15|1 package~57
1994769	B	19	167,0,8.33,30,733,26.7	2 tbsp~30|1 package~397
2167871	B	11	182,0,0,0,17700,,0,0,0,0,0,364,364,,0	¼ tsp~1.1|1 package~283
2167879	B	11	333,0,0,55.6,5170,33.3,0,0,0,0	½ tsp~1.8|1 package~283
1959406	B	2	87,11.3,1.67,6.67,247,5.33,1,7,.7,0,0,67,93,,0	1 container~150
2104491	B	2	87,10,1.67,8,273,6,1,7,0,0,0,100,,.8	1 container~150
1923643	B	2	97,12.4,3.98,2.65,345,2.65,2.65,13,0,0,0,133,,0	½ cup~113|1 package~453
1923646	B	2	80,12.7,2,2.67,347,2.67,1.33,7,0,0,0,100,,0	1 container~150
1962903	B	2	87,10,1.67,7.33,267,6.67,1,7,0,0,0,100,,2.4	1 container~150
2104530	B	17	87,10,1.67,8,267,7.33,1,7,0,0,0,100,,2.4	1 container~150
1962938	B	2	87,10,1.67,7.33,267,6,1,7,0,0,0,100,,6	1 container~150
1962939	B	2	87,10,1.67,8,267,6.67,1,7,0,0,0,100,,6	1 container~150
2388114	B	15	200,3.33,16.7,10,767,0,0,0,0,0,0,0,0,,0	2 tbsp~30|1 package~241
2640488	B	72	112,1.25,12.5,2.5,31,1.25,10,0,0,0,.38,0,62,,0	1/3 cup~80|1 package~400
2591895	B	72	112,1.25,12.5,2.5,31,1.25,10,0,0,0,.38,0,62,,0	1/3 cup~80|1 package~399
2415000	B	40	500,7.14,28.6,64.3,0,50,17.9,0,7.1,0,,786,,0	1 tbsp~14|1 package~255
2506933	B	70	306,5.56,5.56,55.6,181,41.7,4.17,,,,,278	2 tbsp~36|1 package~400
2412013	B	40	500,7.14,28.6,64.3,0,50,17.9,0,5.4,0,2.57,786,,0	1 tbsp~14|1 package~255
2642156	B	40	380,0,0,93.3,0,66.7,0,0,0,0,0,0,,0,,,,0	1 serving~15|1 package~255
2640075	B	9	398,6.02,16.9,54.2,193,33.7,9.64,120,1.2,0,1.73,48,,0,,,,65	1 serving~83|1 package~750
2460877	B	20	24,2.35,0,3.53,76,0,0,0,2.4,0,2.71,94,553,28.2,0,,,,,,.235,.235,116,76,,,,,,,,,2	1½ cup~85|1 package~1130
1961305	B	20	24,2.35,0,3.53,76,0,0,0,2.4,0,3.18,94,,28.2	1½ cup~85|1 package~454
2642981	B	20	24,2.35,0,3.53,76,0,0,0,2.4,0,2.71,94,553,28.2,0,,,471,,,.235,.235,46,76,,,,,,,,,2	1½ cup~85|1 package~283
1997655	B	4	579,5.26,36.8,57.9,329,29,15.8,26,2.6,0,2.11,26,79,,0	1 cookie~38|1 package~380
2022547	B	37	29,0,0,6.43,0,4.29,0,0,2.9,0,.26,14,,0	1 serving~140|1 package~850
2435136	B	100	118,29.4,0,0,365,0,0,35,0,0,.42,0,,,5.88	½ cup~85|1 package~340
2138883	B	42	275,0,0,65,0,60,,,0	1 tbsp~20|1 package~241
2409729	B	37	67,2.35,2.35,5.88,541,1.18,0,0,1.2,,.85,24,,2.8	1 serving~85|1 package~170
2119648	B	37	15,2,0,2,284,0,0,0,1,0,.54,10,,16.8	½ cup~100|1 package~185
2029602	B	76	51,8.47,0,5.08,475,0,0,34,0,0,18.3,34,,8.1	¼ cup~59|1 package~283
2409736	B	37	19,1.54,0,3.08,215,.77,0,0,1.5,,.55,0,,.9	½ cup~130|1 package~425
2421224	B	37	9,.44,0,1.32,0,0,0,0,1.3,0,.16,0,0,,0	1 cup~227
2421226	B	45	0,1.67,0,1.67,350,0,0,0,1.7,0,1.67,22,0,,0	¼ cup~60|1 package~425
2543195	B	12	318,22.9,5,45.4,1480,21.4,1.07,0,5,0,8.87,118,,0	1 serving~28
2138884	B	42	275,0,0,65,0,60,,,0	1 tbsp~20|1 package~241
2676730	B	76	249,19.2,19.2,0,681,0,4.26,32,0,0,1.91,106,,0,,,,0	½ cup~47|1 package~120
2075498	B	100	107,25,0,1.79,321,0,0,80,0,0,1.29,0,,0	1 serving~56|1 package~142
2116911	B	44	60,0,0,15.8,8,13.5,0,0,1.5,0,.54,15,,9	½ cup~133|1 package~3030
2676708	B	72	75,0,6.25,3.75,25,1.25,5.62,0,0,0,.18,4,,,0	1 serving~80|1 package~400
2116913	B	44	57,.82,0,13.9,8,9.84,0,0,.8,,.3,0,,1	½ cup~122|1 package~3030
2421225	B	37	44,.88,0,10.6,0,.88,0,0,3.5,0,.32,0,93,,0	1 cup~227
2541228	B	76	81,16.1,.81,1.61,597,1.61,0,89,0,0,.58,97,,19.4	½ cup~62|1 package~170
2435138	B	76	143,19,7.94,0,429,0,1.59,63,0,,.57,159,,0	¼ cup~63|1 package~418
2409733	B	76	202,17,10.6,8.51,340,0,4.26,21,8.5,0,6.38,38,85,,0	½ cup~47|1 package~85
2503929	B	35	0,0,0,0,9600,0,0,0,0,0,,0,194,,0	1 tsp~5|1 package~150
2113690	B	76	194,22.2,13.9,0,5830,0,2.22,83,0,0,4,333,,0	9 pieces) / (~18|1 package~56
2016322	B	44	50,0,0,11.4,0,10.7,0,0,.7,0,0,9,39,,0	½ cup~140|1 package~425
2396830	B	44	64,0,0,15,0,13.6,0,0,.7,0,0,7,57,,0	½ cup~140|1 package~822
2455066	B	129	114,0,0,27.1,0,21.4,0,0,.4,0,0,14,,60	1 serving~140|1 package~775
2138886	B	42	225,5,0,50,2,50	1 tbsp~20|1 package~240
1863171	B	44	57,0,0,14.3,0,12.9,0,0,.7,0,0,0,0,,0	½ cup~140|1 package~227
2148561	B	37	90,0,.3,21.7,27,13.9,0,0,1.8,0,.87,12,,10.8	2/3 cup~166|1 package~1134
2409731	B	37	18,1.18,0,2.35,518,0,0,0,1.2,0,2.12,,206,,0	1 serving~85|1 package~213
2138890	B	44	250,0,0,50,,50,,,,,9,500	1 cherry~4|1 package~170
2017131	B	37	50,2.86,.36,7.86,100,3.57,0,0,2.1,0,.77,14,,8.6	½ cup~140|1 package~425
2485655	B	76	180,13,12,4,600,2,2.5,65,1,0,.8,50,,,15.6	1 can~100
2314201	B	76	148,11.2,10,3.53,131,2.06,2.94,36,.1,0,.95,29,,.7	1 serving~170
2128576	B	76	163,11.2,11.8,4.12,209,2.06,1.59,36,0,0,1.27,18,,0	1 serving~170
2026434	B	76	170,13,12,3,330,2,2.5,65,0,0,1.08,60,,0	1 serving~100
2655413	B	76	176,1.18,11.8,3.53,235,2.35,2.35,65,0,0,.82,47,294,,16	½ can~85|1 package~170
2421236	B	35	267,0,0,60,2870,46.7,0,0,0,0,1.2,27,53,,0	1 tbsp~15|1 package~200
1930256	B	42	250,0,0,60,0,55,,,5,,3.6,0,,0	1 tbsp~20|1 package~454
2676728	B	72	44,0,4.38,1.25,38,0,3.75,0,0,0,.12,0,50,,0	1/3 cup~80|1 package~400
2138902	B	76	129,15.3,7.06,0,435,0,1.76,48,0,0,1.69,353,,1.4	3 oz. /~85
2009470	B	76	158,22.8,7.02,0,491,0,2.63,96,0,0,2.53,439,,0	1/3 cup~57|1 package~283
2474242	B	76	150,15.7,10,0,421,0,3.93,64,0,0,.71,163,262,,2.15	½ cup~140|1 package~425
2430091	B	44	64,0,0,15,0,13.6,0,0,0,,0,14,50,,0	½ cup~140|1 package~552
2128650	B	44	64,.71,0,15,0,12.9,0,0,.7,0,0,0,50,,0	½ cup~140|1 package~227
2145481	B	44	64,.71,0,15,0,12.9,0,0,.7,0,0,0,50,,0	½ cup~140
2138898	B	44	250,0,0,50,,50,,,,,9,500	1 cherry~4|1 package~170
2138894	B	37	88,2.5,7.5,5,250,2.5,0,0,2.5,0,0,0,,3	4 pieces~40|1 package~170
2305354	B	19	263,0,0,68.4,632,65.8,0,0,0,0,,7,29,,0	1 serving~38|1 package~150
2430090	B	44	64,0,0,15,0,13.6,0,0,.7,,0,0,50,,0	½ cup~140|1 package~552
2138895	B	42	350,0,0,50,2,50	1 tbsp~20|1 package~240
2425890	B	7	80,0,0,20,0,20,0,0,0,0,0,20,280,,0	1 tsp~5|1 package~250
2421235	B	35	133,6.67,0,26.7,4730,20,0,0,0,0,.67,7,60,,0	1 tbsp~15|1 package~150
2474243	B	76	126,17,5.19,2.96,356,0,1.48,30,.7,0,4.07,28,140,,.75	1 can drained~135|1 package~226
2119650	B	35	387,6.67,13.3,60,1220,53.3,0,40,0,0,1.2,0,,0	1 serving~15|1 package~250
2138899	B	42	310,5,0,50,2,50	1 tbsp~20|1 package~240
2431321	B	44	50,0,0,12.1,2,8.57,0,0,.7,0,0,3,9,,0	½ cup~140|1 package~425
2128649	B	44	43,.71,0,10,7,7.14,0,0,.7,0,.71,4,4,,0	1/3 cup~140|1 package~425
2430102	B	44	64,0,0,16.4,0,15,0,0,0,,0,29,50,,0	½ cup~140|1 package~552
2430092	B	44	57,0,0,14.3,0,12.9,0,0,.7,,0,0,50,,0	½ cup~140|1 package~552
2119647	B	37	16,2.4,0,3.2,368,0,0,0,1.6,0,.14,8,,1.4	½ cup~125|1 package~425
2115642	B	37	25,1.67,0,3.33,458,0,0,0,2.5,0,.6,0,,0	½ cup~120
2642326	B	76	44,.01,.88,0,212,0,.44,46,0,0,1.59,9,0,,0	1 can~226
2676724	B	72	175,0,17.5,2.5,56,2.5,15,0,0,0,.19,0,66,,0	1 serving~80|1 package~400
2676727	B	72	162,3.75,18.8,1.25,12,1.25,15,0,0,0,0,0,0,,0	1/3 cup~80|1 package~400
2486004	B	67	357,50,3.57,35.7,464,0,.71,0,28.6,0,25.7,286,,429	5 sheets~14|1 package~28
2022697	B	76	110,16,5,0,550,0,1.5,30,0,0,.9,10,,0	1 serving~100|1 package~200
2138896	B	76	141,18.8,10.6,5.88,753,1.18,0,76,0,0,3.18,412,,0	1 serving~85
2138903	B	76	200,20,8.24,11.8,718,1.18,1.76,88,0,0,2.12,412,,0	1 serving~85
2271671	B	76	100,14.2,3.33,4.17,500,.83,.83,58,0,0,1.5,292,,2	4½ oz. /~120
2138888	B	76	111,22.2,2.78,1.11,156,1.11,0,56,0,0,2,389,,0	3 oz. /~90
2092251	B	37	21,0,0,2.84,277,,0,0,2.8,0,0,0,,0	1 serving~141|1 package~565
2017595	B	44	70,0,0,16.8,14,14.7,0,0,1.4,0,0,28,,6.3	3 pieces with syrup~143|1 package~425
2128820	B	44	71,.71,0,16.4,4,14.3,0,0,0,0,0,0,0,,0	½ cup~140|1 package~227
2119652	B	37	32,.91,.91,2.73,364,.91,0,0,.9,0,0,0,,1.1	½ package~110|1 package~213
2603192	B	44	64,0,0,16.4,7,14.3,0,0,.7,0,0,0,0,,0	½ cup~140|1 package~227
2300739	B	44	50,0,0,12.1,0,10.7,0,0,.7,0,0,2,79,,0	½ cup~140|1 package~425
2127511	B	44	64,0,0,16.4,7,14.3,0,0,0,0,0,0,0,,0	½ cup~140|1 package~227
2115672	B	44	50,0,0,12.9,7,11.4,0,0,.7,,0,0,,0	¾ cup~140|1 package~3030
2409730	B	37	12,1.18,0,2.35,353,0,0,0,1.2,0,.85,,0,,0	1 serving~85|1 package~213
2421233	B	37	44,.88,0,10.6,0,.88,0,0,3.5,0,.32,0,93,,0	1 cup~227
2026433	B	76	370,15,34,0,430,0,4,75,0,0,.72,50,,0	1 serving~100|1 package~190
2113879	B	76	170,15,12,0,660,0,2.5,70,0,0,.72,50,,0	1 serving~100|1 package~200
2421232	B	35	67,6.67,0,13.3,6870,0,0,0,0,0,0,14,0,,0	1 tbsp~15|1 package~500
2421231	B	35	100,0,0,26.7,1800,13.3,0,0,0,0,.67,17,87,,0	1 tbsp~15|1 package~200
2017345	B	37	27,1.54,0,5.38,285,0,0,0,3.1,0,.83,31,,0	1 serving~130|1 package~425
2421230	B	37	12,1.54,0,1.54,177,0,0,0,1.5,0,.77,9,2,,0	½ cup~130|1 package~425
2138885	B	42	260,10,0,50,2,50	1 tbsp~20|1 package~240
1863281	B	44	57,0,0,13.6,7,12.9,0,0,.7,0,0,43,50,,0	½ cup~140|1 package~227
2274588	B	35	180,0,0,44,1440,44,0,0,0,0,,16,72,,0	2 tbsp~25|1 package~150
2448930	B	44	71,0,0,17.1,4,13.6,0,0,.7,0,0,0,0,,0	½ cup~140|1 package~227
2127908	B	44	71,0,0,17.1,14,13.6,0,0,.7,0,.26,0,,15	½ cup~140|1 package~425
2119645	B	35	400,6,10,60,2700,0,0,0,0,0,7.2,0,,0	1 tsp~5|1 package~43
2421228	B	37	27,1.54,0,5.38,223,3.08,0,0,1.5,0,.38,8,69,,0	½ cup~130|1 package~425
2090275	B	7	23,1.54,0,3.08,423,0,0,0,2.3,0,.55,0,,0	½ cup~130
2128391	B	7	18,0,0,7.14,2500,0,0,0,3.6,0,2.57,143,,8.6	1 serving~28|1 package~280
1941099	B	44	64,.71,0,15,7,7.14,0,0,.7,0,.26,14,,15	½ cup~140|1 package~283
2421229	B	37	44,.88,0,10.6,0,.88,0,0,3.5,0,.32,0,93,,0	1 cup~227
2544293	B	100	125,29.5,0,0,357,0,0,36,0,0,.32,0,250,,5.35	1 can~112
2676729	B	76	231,15.4,18.5,0,308,0,3.08,77,0,0,1.08,62,292,,24	1 can~65|1 package~100
2103740	B	44	59,.78,0,15.6,0,14.1,0,0,.8,,0,0,,3.8	1 cup~128|1 package~822
2490202	B	18	0,0,0,.83,75,0,,,,,,,,,,,,,8.33,,,.833,,,,2.5,,2.08	8 fl oz~240|1 package~473
431624	B	4	481,7.41,22.2,59.3,56,33.3,11.1,0,0,0,1.33,0,,8.9	3 pieces~27
2289104	B	4	400,16.7,3.33,76.7,33,33.3,,0,0,0,0,0,,0	6 pieces~30|1 package~180
2109332	B	25	14,0,0,3.38,12,3.38,,,,,,,,20.3	10 fl oz~296
2053313	B	41	900,0,100,0,0,0,17.5,0,0,0,,,0,,,42.5,37.5	1 tbsp~8
2053314	B	41	900,0,100,0,0,0,17.5,0,0,0,,,0,,,42.5,37.5	1 tbsp~8
1791705	B	29	469,9.38,28.1,50,125,25,15.6,47,3.1,0,1.12,0,,0	1 serving~32|1 package~213
2397877	B	6	260,4,1,60,460,2,0,0,10,0,0,22,86,,0	½ pita~50|1 package~395
2051958	B	6	280,4,9,52,220,2,0,0,6,0,.72,0,,0	½ pita~50|1 package~600
2396260	B	6	267,1.67,.83,61.7,467,1.67,0,0,10,0,0,22,87,,0	1 stick~60|1 package~240
2397869	B	6	267,1.67,.83,61.7,467,1.67,0,0,10,0,0,22,87,,0	½ loaf~60|1 package~240
2396262	B	6	267,1.67,.83,61.7,467,1.67,0,0,10,0,0,22,87,,0	1 roll~60|1 package~240
2396261	B	6	260,2,1,60,460,2,0,0,10,0,0,22,86,,0	½ pita~50|1 package~395
2138412	B	5	500,7.14,25,67.9,286,0,3.57,0,3.6,0,1.29,143,,0	11 chips~28|1 package~454
2508808	B	41	800,0,93.3,0,0,0,13.3,67,,0,,,,,,66.7,10	1 tbsp~15|1 package~500
2506583	B	15	76,3.03,0,12.1,409,3.03,0,0,3,0,0,,197,,0	2 tbsp~33|1 package~454
2284255	B	15	100,0,0,16.7,450,3.33,,,3.3,,1.2,0,,8	2 tbsp~30|1 package~312
1965367	B	15	133,3.33,0,33.3,150,20,,,0,,0,200,,30	2 tbsp~30|1 package~312
1965322	B	15	17,0,0,3.33,467,3.33,,,0,,0,67,,4	2 tbsp~30|1 package~312
2443236	B	15	33,0,0,6.67,500,3.33,0,0,0,,0,67,,16	2 tbsp~30|1 package~454
2432640	B	15	33,0,0,6.67,350,3.33,0,0,0,0,1.2,63,33,,0	2 tbsp~30|1 package~454
2432639	B	15	33,0,0,6.67,350,3.33,0,0,0,,1.2,63,33,,0	2 tbsp~30|1 package~454
2677581	B	15	15,0,0,6.06,636,3.03,0,0,0,0,0,70,209,,0	2 tbsp~33|1 package~454
2432638	B	15	33,0,0,6.67,500,3.33,0,0,0,,1.2,63,33,,0	2 tbsp~30|1 package~454
2677587	B	15	61,0,0,21.2,273,15.2,0,0,0,0,0,3,0,,0	2 tbsp~33|1 package~454
2677580	B	15	61,0,0,15.2,424,15.2,0,0,3,0,0,6,61,,0	2 tbsp~33|1 package~454
2432643	B	15	17,0,0,3.33,383,3.33,0,0,0,,0,63,0,,0	2 tbsp~30|1 package~454
1856356	B	15	83,0,0,23.3,333,20,,,0,,0,0,,20	2 tbsp~30|1 package~312
2506582	B	15	15,3.03,0,3.03,242,3.03,0,0,0,0,0,55,133,,0	2 tbsp~33|1 package~454
2506588	B	15	30,0,0,6.06,379,3.03,0,0,3,0,0,45,130,,0	2 tbsp~33|1 package~454
2052899	B	0	700,6.67,60,33.3,1100,23.3,6.67,0,10,0,2.4,67,,4	1/3 cup~30|1 package~112
2052898	B	0	700,6.67,60,33.3,1100,23.3,6.67,0,10,0,2.4,67,,4	1/3 cup~30|1 package~112
2052897	B	0	700,6.67,60,33.3,1100,23.3,6.67,0,10,0,2.4,67,,4	1/3 cup~30|1 package~112
2012215	B	13	571,17.9,39.3,35.7,143,25,1.79,0,7.1,0,5.14,214,,0	5 pieces /~28|1 package~57
2012213	B	13	571,17.9,39.3,35.7,125,25,3.57,0,7.1,0,5.14,214,,0	5 pieces /~28|1 package~57
2050066	B	13	571,17.9,39.3,35.7,143,25,1.79,0,7.1,0,5.14,214,,0	5 pieces~28|1 package~57
2012214	B	12	571,17.9,39.3,35.7,161,25,1.79,0,7.1,0,5.14,214,,0	5 pieces /~28|1 package~57
1871620	B	0	571,17.9,39.3,35.7,54,25,1.79,0,7.1,0,5.14,214,,0	5 pieces /~28|1 package~57
2017433	B	49	643,7.14,64.3,25,36,7.14,53.6,0,17.9,0,3.86,0,,0	2 tbsp~28|1 package~227
2062089	B	49	571,7.14,53.6,32.1,107,17.9,42.9,0,14.3,0,2.57,0,,0	2 tbsp~28|1 package~227
2062090	B	49	643,7.14,64.3,25,36,7.14,57.1,0,14.3,0,2.57,0,,0	2 tbsp~28|1 package~227
2017434	B	49	643,7.14,64.3,25,89,7.14,53.6,0,14.3,0,2.57,0,,0	2 tbsp~28|1 package~227
2592777	B	104	357,28.6,0,57.1,0,,0,,28.6,0,10.3	1 serving~7|1 package~14
1862750	B	67	357,28.6,0,57.1,0,,0,,14.3,0,20.6	1 serving~7|1 package~14
2094623	B	104	357,28.6,0,42.9,0,,0,,14.3,0,20.6	1 serving~7|1 package~28
2370045	B	37	357,42.9,0,42.9,429,,0,,28.6,0,10.3	1 serving~7|1 package~14
2025417	B	104	214,14.3,0,42.9,0,,0,,28.6,0	1 serving~7|1 package~14
2510504	B	46	398,10.6,15.9,75.2,245,43.4,8.85,38,.9,0,.88,37,68,,7.08	1 cookie 1139~113
1777666	B	9	410,6.41,16.7,64.1,173,39.7,5.13,77,3.8,0,4.62,103,,0	1 serving~78|1 package~156
2082043	B	4	531,3.12,31.2,59.4,141,28.1,18.8,47,3.1,0,1.12,0,,0	2 sandwich cookies~32
2082044	B	4	550,5,30,65,100,30,17.5,25,5,0,1.8,0,,0	1 sandwich cookie~20|1 package~170
2051656	B	4	455,4.55,22.7,59.1,68,27.3,11.4,23,4.5,0,0,0,,0	2 sandwich cookie~22|1 package~57
2082045	B	4	484,3.23,22.6,71,194,41.9,11.3,48,3.2,0,2.32,0,,0	3 cookies~31|1 package~170
1850031	B	4	458,4.17,20.8,66.7,125,33.3,10.4,42,0,0,0,0,,0	2 cookies~24|1 package~170
1876140	B	29	469,3.12,21.9,68.8,125,37.5,10.9,47,3.1,0,1.12,0,,0	4 cookies~32|1 package~57
2138946	B	4	500,4.17,25,70.8,188,41.7,6.25,104,0,0,0,0,,0	1 cookie~24|1 package~170
2043661	B	4	484,3.23,22.6,71,194,41.9,11.3,48,3.2,0,2.32,0,,0	3 cookies~31|1 package~57
1880311	B	4	440,4,24,52,80,24,14,20,4,0,1.44,0,,0	1 sandwich cookie~25|1 package~57
2138954	B	4	391,4.35,8.7,78.3,87,34.8,4.35,22,0,0,0,0,,0	1 cookie~23|1 package~170
1877570	B	4	455,6.06,18.2,69.7,136,27.3,9.09,0,3,0,1.09,0,,0	2 cookies~33|1 package~57
2133845	B	4	500,3.57,25,67.9,179,32.1,12.5,54,0,0,0,0,,0	3 cookies~28|1 package~170
2051657	B	4	400,3.33,15,63.3,200,33.3,5,100,0,0,0,0,,0	2 cookies~30|1 package~57
1850030	B	4	455,4.55,22.7,59.1,68,27.3,11.4,23,4.5,0,0,0,,0	1 sandwich cookie~22|1 package~170
2128432	B	4	500,3.57,25,67.9,179,32.1,12.5,54,0,0,0,0,,0	3 cookies~28|1 package~170
2147177	B	4	423,3.53,21.2,52.9,71,24.7,12.4,18,3.5,0,.71,35,106,,0	1 serving~28.4|1 package~198
2136225	B	4	500,3.57,25,67.9,179,32.1,12.5,54,0,0,0,0,,0	4 cookies~28|1 package~170
2601743	B	32	40,1,1.5,6,350,4,0,0,1,0,0,10,233,,0	½ cup~100|1 package~680
2642699	B	96	183,1.67,8.33,25,333,1.67,4.17,0,3.3,0,.83,17,427,,0	1 piece~60
2020686	B	26	144,8,8.8,7.2,552,3.2,3.6,20,0,0,.58,80,,0	½ cup~125|1 package~312
2008597	B	47	33,0,0,8.2,459,3.28,0,0,1.6,0,1.18,0,,3.9	¼ cup~61|1 package~822
2021939	B	2	400,40,30,0,2400,0,20,100,0,0,0,1200,,0	2 tsp~5|1 package~227
2021304	B	2	238,19,14.3,14.3,1330,4.76,9.52,24,0,0,0,476,,0,,4.76,0	1 slice~21|1 package~340
2068158	B	62	357,0,35.7,0,679,0,10.7,0,0,0,0,714,,0,14.3,10.7,17.9	1 tbsp~14|1 package~1270
2008440	B	62	429,0,50,0,750,0,7.14,0,0,0,0,0,,0,,10.7,17.9	1 tbsp~14|1 package~454
2008442	B	5	393,10.7,3.57,82.1,1040,3.57,0,0,3.6,0,3.86,0,,0,,0,0	2½ pretzels~28|1 package~284
2083888	B	51	4,.83,0,.42,371,0,0,0,0,0,0,0,,0	1 cup~240|1 package~388
2020936	B	43	312,12.5,0,50,5380,0,0,0,0,0,0,250,,30	¼ pouch~8|1 package~62
2079011	B	55	57,.71,.71,12.1,0,8.57,0,0,2.9,0,0,0,,2.6	1 cup~140|1 package~454
2022535	B	61	349,9.3,2.33,76.7,0,0,0,0,4.7,0,.84,0,,0	½ cup~43|1 package~397
2012767	B	61	352,7.41,0,79.6,0,0,0,0,0,0,2.67,37,,0,,,,,3.7,0	½ cup~54|1 package~397
2079028	B	131	98,20.5,2.23,0,196,0,.45,58,0,0,.64,0,,0	1 serving~112|1 package~1130
1891932	B	51	4,.83,0,.42,371,0,0,0,0,0,0,0,,0	1 cup~240|1 package~907
1895391	B	13	417,8.33,10.4,75,167,29.2,2.08,0,4.2,0,3,250,,0,,4.17,0	1 bar~24|1 package~192
2068015	B	83	278,12.2,18.9,14.4,667,0,4.44,44,0,0,.8,0,,0,,7.78,5.56	5 pieces~90|1 package~907
2079029	B	21	89,19.6,.45,0,170,0,0,40,0,0,.32,0,,0	1 serving~112|1 package~1130
2082064	B	51	2,.42,0,.42,358,.42,0,0,0,0,0,0,,0	1 cup~240|1 package~388
2016114	B	108	57,2.44,1.63,7.32,732,0,.41,12,.8,0,.29,0,,0,,.41,0	½ cup~123|1 package~737
2079030	B	26	196,17,14.3,0,179,0,4.02,71,0,0,0,0,,0	1 serving~112|1 package~1130
2100380	B	40	533,6.67,26.7,66.7,0,53.3,16.7,0,6.7,0,4.8,0,,0	1 tbsp~15|1 package~340
2071652	B	9	420,4,16,66,250,34,9,10,2,0,2.16,0,,0	1 serving~50|1 package~298
2100742	B	40	533,6.67,26.7,66.7,0,53.3,16.7,0,6.7,0,4.8,0,,0	1 tbsp~15|1 package~680
2022536	B	100	89,23.2,.89,0,321,0,0,54,0,0,.64,0,161,0,1.43,0,0,,7.14,,,.286,,,143,2.14,,,,,50	1 serving~56|1 package~142
2019199	B	100	89,23.2,.89,0,321,0,0,54,0,0,.64,0,161,0,1.43,0,0,,,,,.286,,,143,2.14,,,,,50	1 serving~56|1 package~340
2015465	B	70	500,0,25,50,0,0,0,0,0,0,0,0,,0,,0,0	1 tsp~2|1 package~454
1855805	B	108	73,1.63,0,16.3,390,13,0,0,1.6,0,.59,0,496,43.9,,0,0	½ cup~123|1 package~737
2016111	B	108	81,.81,5.69,7.32,715,.81,.81,4,0,0,.59,0,,0	½ cup~123|1 package~737
2011586	B	37	72,1.6,0,16,240,4.8,0,0,1.6,0,.58,0,108,1.9	½ cup~125|1 package~418
2022000	B	49	625,25,50,21.9,469,9.38,10.9,0,6.2,0,2.25,0,,0	2 tbsp~32|1 package~1810
2019727	B	37	48,1.6,1.2,7.2,160,5.6,0,0,1.6,0,.29,0,128,2.9	½ cup~125|1 package~432
2021999	B	49	625,25,50,21.9,406,9.38,10.9,0,6.2,0,2.25,0,,0	2 tbsp~32|1 package~794
2079009	B	31	111,3.33,1.11,23.3,0,5.56,0,0,1.1,0,0,0,,4	2/3 cup~90|1 package~907
2022597	B	37	17,.83,0,3.33,12,1.67,0,0,1.7,0,0,17,,3	½ cup~120|1 package~411
1901739	B	0	607,17.9,53.6,21.4,393,3.57,7.14,0,7.1,0,5.14,143,643,0,,32.1,12.5,,1.43,0,0,0,29,214,536,,4.29,0,3,1.43	1 serving~28|1 package~248
1856703	B	1	391,0,2.17,87,43,39.1,0,0,0,0,0,0,43,261,,0,0	1 pouch~23|1 package~227
1854009	B	0	571,21.4,42.9,28.6,286,14.3,5.36,0,7.1,0,2.57,0,571,0,,21.4,14.3,,,,,,,143,286,,,,2,.571	1 serving~28|1 package~454
2074906	B	0	714,7.14,75,14.3,286,3.57,12.5,0,7.1,0,3.86,71,357,0	1 serving~28|1 package~184
2490717	B	0	571,21.4,50,21.4,304,3.57,7.14,0,7.1,0,2.57,0,643,0,,25,16.1,,,,,,,143,357,,,,2,.714	1 serving~28|1 package~454
2490716	B	0	571,21.4,46.4,21.4,607,3.57,7.14,0,7.1,0,2.57,0,643,0,,25,14.3,,,,,,,143,357,,,,2,.714	1 serving~28|1 package~454
2008941	B	16	357,12.5,1.79,73.2,0,3.57,0,0,3.6,0,3.21,0,,0,,0,.89,,7.14,1,.455	½ cup~56|1 package~454
2008942	B	16	357,12.5,1.79,73.2,0,3.57,0,0,3.6,0,3.21,0,,0,,0,.89,,7.14,1,.455	½ cup~56|1 package~907
2490727	B	30	312,0,0,0,0,,,0,,,,,,,,,,,125,,,12.5,,,,37.5,,31.2	½ packet~1.6|1 package~31.1
2020842	B	81	355,9.68,0,74.2,0,3.23,0,0,3.2,0,3.48,0,,0,,,,,5.16,0,.329	¼ cup~31|1 package~2270
2286737	B	6	282,10.3,2.56,53.8,487,5.13,0,0,2.6,0,2.77,103,,0,,,,,3.08,0,.262	1 bun~39|1 package~312
2079026	B	61	359,7.69,0,79.5,0,0,0,0,2.6,0,4.62,51,,0,,,,,,1,,,256	¼ cup~39|1 package~907
2083270	B	39	133,6.67,6.67,10,100,10,5,33,0,0,0,267,300,0,2	2 tbsp~30|1 package~147
2079016	B	3	70,0,0,18.3,0,15.5,0,0,0,0,0,0,,0	1 pop~71|1 package~2550
1921988	B	3	71,0,0,17.9,0,17.9,0,0,0,0,0,0,,0	1 pop~28|1 package~2830
2019730	B	37	17,.83,0,3.33,242,1.67,0,0,1.7,0,.6,17,62,3	½ cup~120|1 package~411
2026443	B	40	394,0,18.2,60.6,136,57.6,9.09,15,3,0,1.09,0,,0	2 tbsp~33|1 package~454
1854023	B	40	424,0,18.2,66.7,167,57.6,9.09,15,0,0,0,0,,0	2 tbsp~33|1 package~454
2060891	B	3	200,3.08,9.23,27.7,85,21.5,5.38,38,0,0,0,92,,0	½ cup~65|1 package~1650
2289740	B	4	419,6.45,11.3,77.4,371,25.8,1.61,0,3.2,0,4.65,0,177,0,,1.61,4.84	2 whole crackers~31|1 package~408
2079010	B	31	79,5.62,0,13.5,0,4.49,0,0,4.5,0,1.21,0,,6.7	2/3 cup~89|1 package~907
2083680	B	75	133,3.33,10,3.33,67,3.33,6.67,50,0,0,0,133,,0	2 tbsp~30|1 package~473
2074898	B	0	571,17.9,46.4,28.6,393,3.57,7.14,0,3.6,0,6.43,0,643,0,,25,8.93,,0,0,0,0,0,286,536,,5.36,0,1,2.14	1 serving~28|1 package~227
2018216	B	99	271,5.71,10,40,529,2.86,1.43,21,1.4,0,6.43,357,86,0,,2.86,5.71,,5.71,0,.486,.571,,,286,1.71	2 waffles~70|1 package~350
2079024	B	6	282,10.3,2.56,53.8,487,5.13,0,0,2.6,0,2.77,103,,0,,,,,3.08,0,.262	1 bun~39|1 package~312
2013060	B	15	33,3.33,0,6.67,600,3.33,0,0,0,0,0,0,,4	2 tbsp~30|1 package~454
1889008	B	3	215,4.62,13.8,21.5,123,16.9,6.15,38,1.5,0,0,123,,0	½ cup~65|1 package~1650
1889005	B	3	200,3.08,10.8,24.6,54,21.5,6.92,38,1.5,0,.55,92,,0	½ cup~65|1 package~1650
1889007	B	3	200,3.08,10.8,23.1,62,20,6.15,38,0,0,0,123,,0	½ cup~65|1 package~1650
2014203	B	61	349,9.3,2.33,76.7,0,0,0,0,4.7,0,.84,0,,0	½ cup~43|1 package~397
2016714	B	11	0,0,0,0,39300	¼ tsp~1.5|1 package~737
1856159	B	42	250,0,0,65,25,50	1 tbsp~20|1 package~510
2289769	B	60	150,0,0,40,283,36.7,,,0	¼ cup~60|1 package~710
2079013	B	75	129,3.23,8.06,9.68,129,6.45,4.84,32,0,0,0,129,,0	2 tbsp~31|1 package~453
2074900	B	0	607,21.4,53.6,17.9,196,3.57,7.14,0,7.1,0,3.86,143,643,0,,28.6,14.3,,,0,0,0,114,214,357,,3.21,0,2,1.43	1 serving~28|1 package~292
2021991	B	23	357,0,35.7,7.14,821,0,7.14,36,0,0,0,0,,0,,7.14,17.9	1 tbsp~14|1 package~887
2016992	B	61	364,9.09,0,81.8,11,0,0,0,2.3,0,3.27,45,,0,,,,,3.64,1	½ cup~44|1 package~397
2016160	B	61	357,7.14,2.38,76.2,0,0,0,0,2.4,0,3.43,0,238,0,,,,,4.76,0	¼ cup~42|1 package~454
2013063	B	30	263,0,0,0,0,,,0	½ packet~1.9|1 package~36.8
1853544	B	30	385,0,0,0,0,,,0	½ packets~1.3|1 package~22.6
2015003	B	63	357,11.4,1.43,74.3,800,8.57,0,0,2.9,0,2.57,86,,0	1 serving~70|1 package~206
2013552	B	15	32,0,0,9.68,645,3.23,0,0,3.2,0,1.16,0,,11.6	2 tbsp~31|1 package~680
2013553	B	15	32,0,0,9.68,645,3.23,0,0,3.2,0,1.16,0,,11.6	2 tbsp~31|1 package~680
2013560	B	40	412,0,17.6,61.8,147,58.8,8.82,15,2.9,0,1.06,0,,0	2 tbsp~34|1 package~454
2101678	B	40	533,6.67,26.7,66.7,33,66.7,16.7,0,0,0,0,133,,0	1 tbsp~15|1 package~326
2074901	B	0	571,21.4,53.6,17.9,393,3.57,7.14,0,7.1,0,3.86,143,643,0,,28.6,14.3,,5.71,0,0,0,114,214,357,,3.21,0,2,1.43	1 serving~28|1 package~292
2019731	B	37	36,.8,0,7.2,232,1.6,0,0,1.6,0,.86,16,152,2.9	½ cup~125|1 package~425
2079031	B	2	286,28.6,21.4,3.57,714,0,12.5,54,0,0,0,714,,0	1 piece~28|1 package~454
2074905	B	0	571,21.4,50,21.4,0,3.57,3.57,0,10.7,0,3.86,214,714,0,,32.1,12.5,,4.29,0,.911,0,29,286,536,,3.21,0,0,1.07	1 serving~28|1 package~283
2092224	B	2	393,25,32.1,3.57,786,0,21.4,89,0,0,0,714,,0	¼ cup~28|1 package~227
2079017	B	2	393,25,32.1,3.57,643,0,21.4,107,0,0,0,714,,0,,8.93,0	¼ cup~28|1 package~227
2079020	B	2	393,25,32.1,3.57,643,0,21.4,107,0,0,0,714,,0,,8.93,0	¼ cup~28|1 package~227
2079018	B	2	393,25,32.1,3.57,643,0,21.4,107,0,0,0,714,,0,,8.93,0	¼ cup~28|1 package~907
1905345	B	2	393,25,32.1,3.57,643,0,21.4,107,0,0,0,714,,0	¼ cup~28|1 package~227
1889006	B	3	200,3.08,10.8,23.1,62,20,6.15,38,0,0,0,123,,0	½ cup~65|1 package~1650
2008998	B	17	53,3.53,0,10,62,6.47,0,3,0,0,0,118,159,0	1 container~170
1851504	B	17	53,3.53,0,10,59,7.06,0,3,0,0,0,118,153,0	1 container~170
1859558	B	17	53,3.53,0,10,59,7.06,0,3,0,0,0,118,159,0	1 container~170
1853858	B	17	53,3.53,0,10,59,7.06,0,3,0,0,0,118,159,0	1 container~170
1853857	B	17	47,3.53,0,7.65,62,4.12,0,3,0,0,0,118,153,0	1 container~170
2009960	B	14	375,12.5,6.25,70,0,0,1.25,0,10,0,4.5,0,,0,,2.5,2.5	½ cup~40|1 package~1190
2020938	B	43	286,0,0,71.4,8000,14.3,0,0,0,0,0,286,,34.3	1 tbsp~7|1 package~56.7
1901738	B	38	354,7.69,3.85,70.8,892,16.9,.77,23,1.5,0,2.77,308,185,0	½ cup~65|1 package~156
1908001	B	60	333,0,0,83.3,267,50,,,0	¼ cup~60|1 package~710
2491230	B	0	571,25,50,17.9,357,3.57,7.14,0,7.1,0,1.29,71,679,0,,25,16.1,,14.3,0,0,.286,114,214,536,,5.36,.714,2,1.43	1 serving~28|1 package~340
2013549	B	0	571,21.4,46.4,28.6,393,7.14,5.36,0,10.7,0,3.86,143,1000,0,,25,14.3,,0,1,.121,1.07,57,114,536,,2.14,0,1,1.43	1 serving~28|1 package~255
2079033	B	2	321,21.4,25,3.57,821,0,16.1,71,0,0,0,714,,0	¼ cup~28|1 package~453
2021152	B	16	357,12.5,1.79,73.2,0,3.57,0,0,3.6,0,3.21,0,,0,,0,.89,,7.14,1,.455,,214	1 serving~56|1 package~454
2012761	B	16	357,12.5,1.79,73.2,0,3.57,0,0,3.6,0,3.21,0,,0,,0,.89,,7.14,1,.455,,214	1 serving~56|1 package~454
1856158	B	42	250,0,0,65,25,50	1 tbsp~20|1 package~510
2013558	B	41	857,0,100,0,0,,14.3,0,,0,,,,,,21.4,64.3	1 tbsp~14|1 package~946
2089309	B	14	322,8.47,1.69,78,356,28.8,0,0,11.9,0,7.63,34,661,0,4.22,0,0,,8.48,1,.72,.847,,136,424,2.54,6.36	1 cup~59|1 package~666
2022199	B	23	786,0,78.6,0,357,,14.3,71,,,,,,,,17.9,42.9	1 tbsp~14|1 package~650
2083282	B	39	54,3.33,2.08,5,54,5,1.25,8,0,0,0,125,,1,1.05	1 cup~240|1 package~3780
2074902	B	0	607,21.4,53.6,17.9,429,3.57,3.57,0,10.7,0,3.86,286,679,0,,35.7,12.5,,4.29,0,.911,0,0,286,357,,3.21,0,2,1.07	1 serving~28|1 package~283
1854016	B	15	32,0,0,9.68,645,3.23,0,0,3.2,0,1.16,0,,11.6	2 tbsp~31|1 package~1980
2016135	B	11	0,0,0,0,39300	¼ tsp~1.5|1 package~737
2079015	B	6	267,10,3.33,50,450,6.67,0,0,3.3,0,3.6,200,,0,,0,0,,5.33,1,.34	1 slice~30|1 package~906
2079032	B	22	300,2.5,0,80,0,60,0,0,5,0,1.8,50,750,3	¼ cup~40|1 package~567
2020844	B	81	355,9.68,0,74.2,1290,3.23,0,0,3.2,0,3.48,129,,0,,,,,5.16,0,.329	¼ cup~31|1 package~2270
2020843	B	81	355,9.68,0,74.2,1290,3.23,0,0,3.2,0,3.48,129,,0,,,,,5.16,0,.329	¼ cup~31|1 package~907
1856700	B	12	391,0,2.17,87,43,39.1,0,0,0,0,0,0,43,261,,0,0	1 pouch~23|1 package~227
2058377	B	2	393,25,32.1,3.57,643,,21.4,107,,,,714	¼ cup~28|1 package~907
2009445	B	2	393,25,32.1,3.57,643,0,21.4,107,0,0,0,714,,0	1 serving~28|1 package~227
2079019	B	2	321,25,21.4,3.57,536,0,12.5,54,0,0,0,714,,0,,5.36,0	¼ cup~28|1 package~227
2079012	B	39	38,3.33,0,5.42,54,5,0,2,0,0,0,125,,1,1.05	1 cup~240|1 package~3780
2022095	B	28	89,14.3,1.79,7.14,893,0,0,36,0,0,1.29,0,,0	1 sliced~28|1 package~227
2008448	B	28	107,17.9,3.57,3.57,1000,3.57,0,36,0,0,1.29,0,,0	1 slice~28|1 package~680
2079014	B	55	36,.71,0,9.29,0,4.29,0,0,2.1,0,.77,14,,42.9	1 cup~140|1 package~397
2010327	B	55	107,.71,0,26.4,0,23.6,0,0,1.4,0,.26,0,,47.1	½ cup~140|1 package~283
2074903	B	0	607,21.4,53.6,17.9,536,3.57,3.57,0,10.7,0,3.86,286,679,0,,32.1,12.5,,2.86,0,.911,0,0,286,536,,3.21,0,2,1.07	1 serving~28|1 package~283
2019205	B	100	107,23.2,1.79,0,250,0,0,45,0,0,.64,0,188,0,1.07,0,0,,8.93,,,.357,,,179,1.61,,,,,62	1 serving~56|1 package~142
2010246	B	75	200,3.33,16.7,3.33,50,3.33,11.7,67,0,0,0,133,,0,,5,0	2 tbsp~30|1 package~453
1849964	B	5	464,7.14,17.9,67.9,1070,0,8.93,0,3.6,0,9.64,0,,0	1 serving~28|1 package~283
2079027	B	16	357,12.5,1.79,73.2,0,3.57,0,0,3.6,0,3.21,0,,0,,0,.89,,7.14,1,.455,,214	1 serving~56|1 package~907
1856150	B	42	250,0,0,65,0,45	1 tbsp~20|1 package~567
2079021	B	96	141,2.35,3.53,24.7,388,0,0,0,2.4,0,.42,0,341,7.1,,1.76,1.18	1 serving~85|1 package~1700
2013725	B	37	31,1.54,0,5.38,300,0,0,0,2.3,0,.83,15,,0	½ cup~130|1 package~227
2063819	B	51	10,1.67,0,.83,208,.42,0,0,0,0,0,0,,0	1 cup~240|1 package~907
2079022	B	96	141,2.35,5.29,22.4,388,0,.59,0,2.4,0,.42,0,341,5.6,,2.35,1.76	1 serving~85|1 package~2270
2022096	B	55	107,.71,0,26.4,0,23.6,0,0,1.4,0,.26,0,,47.1	½ cup~140|1 package~454
1908400	B	26	268,8.66,11.8,31.5,449,2.36,6.3,20,1.6,0,2.13,118,,3.8	1 sandwich~127|1 package~255
2072703	B	38	400,4,10,76,260,40,2,0,0,0,2.88,0,,0	3 tbsp~25|1 package~496
2082146	B	60	67,0,0,16.7,300,0,,,0,,.6	¼ cup~60|1 package~710
1855380	B	4	419,6.45,9.68,77.4,435,25.8,0,0,3.2,0,3.48,0,161,0,,1.61,4.84	2 whole crackers~31|1 package~408
2009651	B	62	714,0,78.6,0,0,,50,214,,0	1 tbsp~14|1 package~453
1850944	B	62	714,0,78.6,0,679,,50,214,,0	1 tbsp~14|1 package~226
2022601	B	37	48,3.2,.4,8,256,3.2,0,0,2.4,0,1.15,16,84,7.2	½ cup~125|1 package~241
2290120	B	66	286,7.14,8.93,46.4,536,0,3.57,0,3.6,0,1.29,0,,0,,1.79,3.57	1 tortilla~28|1 package~283
2022202	B	19	118,0,0,29.4,941,23.5,0,0,0,0,0,0,,7.1	1 tbsp~17|1 package~1077
2012453	B	47	91,6.06,0,18.2,61,9.09,0,0,3,0,2.18,0,,18.2	2 tbsp~33|1 package~170
2013026	B	47	33,0,0,8.2,459,3.28,0,0,1.6,0,1.18,0,,3.9	¼ cup~61|1 package~425
2072702	B	1	391,0,2.17,87,43,39.1,0,0,0,0,0,0,43,261,,0,0	1 pouch~23|1 package~227
2013543	B	0	571,25,50,21.4,0,3.57,7.14,0,7.1,0,2.57,0,643,0,,25,16.1,,,,,,,143,357,,,,2,.714	1 serving~28|1 package~454
2022200	B	23	333,0,33.3,13.3,867,6.67,6.67,67,0,0,0,0,,0,,6.67,16.7	1 tbsp~15|1 package~887
2627582	B	40	300,0,20,20,0,20,10,100,0,0,0,0,,0,,,,0	2 tbsp~5|1 package~184
2099130	B	40	600,0,26.7,66.7,193,66.7,26.7,7,0,0,0,133,,0	1 tbsp~15|1 package~340
2118168	B	73	375,0,0,100,0,100,0,,,,0,0,,0	1 tsp~4|1 package~1840
2074904	B	0	571,17.9,46.4,28.6,393,7.14,8.93,0,3.6,0,5.14,0,643,0,,25,8.93,,0,0,0,0,0,214,536,,5.36,0,1,2.14	1 serving~28|1 package~241
1901741	B	0	536,14.3,39.3,39.3,286,17.9,7.14,0,3.6,0,5.14,0,536,0,,21.4,7.14,,0,0,.243,0,0,214,536,,4.29,0,1,1.79	1 serving~28|1 package~234
2102118	B	37	80,1.6,.8,16,272,4,0,0,.8,0,.29,0,0,2.9	½ cup~125|1 package~3010
2013027	B	47	21,.83,0,4.13,149,2.48,0,0,.8,0,.6,33,,7.4	½ cup~121|1 package~794
2021992	B	19	0,0,0,0,1200	1 tsp~5|1 package~397
1889358	B	11	0,0,0,0,7140,0,0,0,0,0,0,0,,0	1 serving~2.8|1 package~51
1152525	B	42	233,0,0,60,0,60,0,0,0,0,0,0,,16	1 tbsp~15
499698	B	38	342,7.89,2.63,71,1550,2.63,0,0,2.6,0,1.89,395,,3.2	¼ cup~38
2048887	B	8	500,3.57,28.6,64.3,54,60.7,17.9,18,3.6,0,3.86,143,,0	6 pieces~28
1930858	B	40	375,0,0,100,0,75,0,0,0,0,0,0,,0	1 tbsp~4|1 package~65
2214867	B	86	515,6.06,27.3,60.6,61,6.06,18.2,15,3,0,3.27,121,212,,0	¼ piece~33|1 package~130
2506634	B	30	517,5,26.7,63.3,50,60,16.7,17,1.7,0,1.8,100,117,,0	1 piece~60
557523	B	38	356,8.89,2.22,73.3,1000,20,,,2.2,,4,89,,0	1/3 cup~45
1850620	B	43	400,13.3,10,73.3,5730,6.67,3.33,0,0,0,0,0,,24	1 serving~15|1 package~141
2468445	B	36	212,19.2,15.2,1.01,192,0,7.58,73,0,.51,.71,15,354,,11.9	1 container~198
2468442	B	78	172,15.2,11.6,0,86,0,7.07,66,0,.51,.61,25,369,,.75	1 container~198
2468444	B	36	212,19.2,15.2,0,106,0,7.58,73,0,.51,.61,20,333,,12	1 container~198
2468441	B	78	82,17.6,.88,.59,106,.59,0,41,0,0,.41,18,412,,.875	1 container~170
2155769	B	78	88,16.5,.88,2.94,212,.59,0,32,0,0,.29,24,318,,0	1 container~170
2468443	B	36	135,21.8,4.71,.59,129,.59,.88,50,0,0,.47,12,365,,13.9	1 container~170
1905931	B	140	175,12.7,7.94,12.2,270,0,1.85,116,2.1,0,.76,32,,0	1 container~189
2187544	B	33	108,8.28,5.1,7.32,188,1.27,1.59,29,.6,0,.57,6,,4.8	1 serving~314
2187547	B	77	138,11.5,5.58,11.2,82,1.86,1.67,28,2.2,0,1,56,,7.8	1 container~269
2079781	B	89	102,9.39,3.67,8.16,384,2.45,.82,29,2,0,1.1,24,,12.2	1 container~245
2187546	B	33	123,8.53,3.41,14.7,143,1.37,1.19,17,1.7,0,1.23,27,,12.3	1 container~293
1905929	B	140	122,9.16,4.58,9.92,141,.38,1.53,99,.4,0,1.03,31,,4.6	1 container~262
2187552	B	77	147,9.48,6.16,12.8,209,1.42,1.66,116,1.4,0,.85,19,,8.5	1 container~211
2187549	B	33	119,9.05,3.33,12.9,224,.48,.95,29,.5,0,.69,10,,1.7	1 container~210
1905921	B	140	101,7.59,3.8,8.02,232,.84,1.27,8,.4,0,.15,34,,17.7	1 container~237
2187548	B	33	164,14.8,4.37,14.2,295,.55,.82,36,2.7,0,.98,11,,6.6	1 serving~183
1905926	B	111	180,15.9,5.82,12.7,291,.53,1.59,45,2.1,0,1.9,11,,4.8	1 container~189
2187545	B	33	135,7.64,2.91,19.3,251,1.45,.91,20,1.5,0,.65,29,,7.6	1 container~275
2187551	B	33	133,7.89,3.58,17.2,176,1.43,.72,22,1.1,0,.97,22,,4.3	1 serving~279
2187550	B	33	126,10.4,4.05,12.2,180,.9,.9,32,.9,0,2.84,27,,8.1	1 container~222
1872170	B	18	50,0,0,13.3,10,13.3	8 fl oz~240|1 package~710
1872158	B	18	54,0,0,14.6,10,14.6	8 fl oz~240|1 package~710
1872168	B	18	46,0,0,12.9,10,12.9	8 fl oz~240|1 package~710
2039684	B	18	50,0,0,12.9,10,12.9	8 fl oz~240|1 package~710
1872165	B	18	46,0,0,12.9,10,12.9	8 fl oz~240|1 package~710
2670100	B	30	444,55.6,5.56,38.9,167,5.56,0,0,16.7,0,0,0,,0,,,,0	2 tbsp~18|1 package~181
2670103	B	30	500,61.1,11.1,27.8,278,5.56,5.56,0,16.7,0,0,0,,0,,,,0	2 tbsp~18|1 package~181
2670101	B	30	438,56.2,6.25,31.2,312,6.25,0,0,12.5,0,0,0,,0,,,,0	2 tbsp~16|1 package~227
1894843	B	89	75,8.79,1.47,6.03,49,2.28,.65,21,1.1,0,.73,33,,25.4	½ meal as prepared~614|1 package~1500
1557156	B	43	78,3.27,2.45,10.6,245,2.04,.82,4,2.4,0,1.1,33,,0	1 cup~245
1557158	B	43	33,1.22,.82,4.9,245,2.45,.2,0,.8,0,.44,33,,0	1 cup~245
1557162	B	43	61,.82,2.45,8.98,245,4.9,1.43,8,1.2,0,.29,24,,0	1 cup~245
1557160	B	43	41,2.86,.2,6.94,245,.82,0,4,.4,0,.15,8,,0	1 cup~245
1557154	B	43	69,2.86,1.63,10.6,245,2.45,.2,0,3.3,0,.73,33,,0	1 cup~245
1860378	B	9	491,5.26,26.3,56.1,491,38.6,7.89,70,1.8,0,1.26,140,,0	.07 cake~57|1 package~794
393624	B	9	456,5.26,22.8,56.1,474,36.8,7.89,70,1.8,0,1.26,140,,2.1	.07 cake~57
2022479	B	9	404,5.26,19.3,56.1,456,36.8,7.02,70,1.8,0,1.26,140,,2.1	.07 cake~57
1914272	B	9	521,8.33,27.1,59.4,500,35.4,8.33,73,2.1,0,1.88,417,,0	1 cake~96
2304442	B	33	173,1.82,8.18,22.7,,6.36,1.36,0,1.8,0,0,55,64,,0	4 piecec~110|1 package~280
2423920	B	30	333,0,0,66.7,0,0,0,0,33.3,0,36.7,333,1670,,0,,,,,,,,,,,,,,25	1 tsp a~3|1 package~170
1922133	B	1	347,4,0,82.7,0,60	1 pop~75
2377783	B	1	381,3.12,3.12,90.6,750,68.8,3.12,0,0,0	1 serving~32|1 package~113
2377787	B	1	376,3.03,3.03,87.9,0,60.6,3.03,0,0,0	10 pieces~33|1 package~113
2384004	B	1	343,6.67,0,80,30,56.7,0,0,0,0	6 pieces~30|1 package~100
2062786	B	7	0,0,0,0,1320	1 serving~28|1 package~3780
2631302	B	30	250,0,0,54.6,2910,54.6,0,0,0,0,0,0,591,,0	¾ fl oz~22
2631301	B	105	45,0,0,13.6,2270,0,0,0,0,0,0,0,364,,0	¾ fl oz~22
2643290	B	21	173,9.19,7.07,17.7,353,1.77,4.24,30,1.1,0,.92,120,148,,0	1 bowl~283
2643289	B	21	198,8.13,9.19,20.5,311,2.12,5.3,28,1.1,0,.95,170,127,,0	1 bowl~283
2643291	B	21	184,8.83,7.77,19.4,254,2.47,4.59,27,1.1,0,1.17,134,173,,1	1 bowl~283
2091830	B	1	380,0,0,95.6,0,93.5,0,0,0,0,0,0,,0	1 serving~46
2043895	B	1	400,0,0,90,0,80	1 pop~10|1 package~90
1878760	B	1	400,0,0,100,33,80	¼ cane~15|1 package~60
1953021	B	8	500,5,25,60,100,55,15,25,0,0,3.6,100,350,,0	1 package~20
2041219	B	1	333,0,0,83.3,0,66.7,0,0,0,0,0,0,,0	1 piece~6|1 package~30
1878490	B	1	400,0,0,90,0,90	10 pieces~10|1 package~40
2368598	B	1	400,0,0,100,0,80,0,0,0,0,0,0,,0	1 piece~5|1 package~100
2040948	B	1	389,0,7.22,88.9,56,44.4,4.44,0,0,0,0,0,,0	1 piece~9|1 package~63
2043892	B	1	400,0,0,100,0,85,0,0,0,0,0,0,,0	1 bag~20
2281536	B	14	385,11.5,9.62,67.3,125,11.5,1.92,0,9.6,0,3.85,83,390,,0	1 container~52
2172709	B	14	370,13,11.1,63,130,11.1,1.85,0,11.1,0,3.7,80,431,,0	1 serving~54
1953423	B	14	434,13.2,17,58.5,208,9.43,1.89,0,11.3,0,3.77,125,460,,0	1 container~53
2543390	B	14	407,13,14.8,57.4,130,9.26,1.85,0,11.1,0,7.41,91,463,,0	1 container~54
2670290	B	14	415,13.2,11.3,64.2,132,11.3,1.89,0,11.3,0,3.77,81,498,,0	1 container~53
2302711	B	14	434,11.3,17,62.3,132,9.43,7.55,0,9.4,0,3.77,94,496,,0	1 container~53
2174193	B	79	179,0,0,71.4,0,0,0,0,0,0,0,0,0,,0	2 pieces~2.8
1021543	B	1	476,4.76,19,71.4,71,64.3,11.9,12,2.4,0,.86,95	1 serving~42
2087820	B	1	476,4.76,19,71.4,71,64.3,11.9,12,2.4,0,.86,95	1 serving~42|1 package~453
2088002	B	1	476,4.76,19,71.4,71,64.3,11.9,12,2.4,0,.86,95	1 serving~42|1 package~453
2087669	B	1	476,4.76,19,71.4,71,64.3,11.9,12,2.4,0,.86,95	1 serving~42|1 package~453
1969220	B	3	235,2.35,10.6,31.8,53,17.6,5.88,35,0,0,.42,94,,0	½ cup~85|1 package~473
2283521	B	52	225,2.33,5.04,43,78,30.6,.78,0,1.2,0,.78,8,98,,0	1 container~258
1964194	B	3	256,2.33,5.81,46.5,35,30.2,3.49,12,0,0,0,47,,0	1 piece~43|1 package~258
720744	B	3	256,2.33,5.81,46.5,35,30.2,3.49,12,0,0,0,47,,0	1 piece~43
720756	B	3	256,2.33,5.81,46.5,70,27.9,3.49,23,0,0,0,47,,0	1 piece~43
2326871	B	3	244,2.33,6.98,44.2,47,27.9,4.07,17,0,0,.42,47,81,,.225	1 container~86
720742	B	3	256,2.33,6.98,44.2,47,27.9,4.65,23,0,0,0,47,,0	1 piece~43
1966782	B	3	256,2.33,6.98,41.9,35,25.6,4.65,23,0,0,.84,47,,0	1 piece~43|1 package~86
2142030	B	3	235,3.53,10.6,31.8,82,18.8,5.88,35,0,0,0,118,,1.4	½ cup~85|1 package~473
1966781	B	3	256,2.33,6.98,41.9,35,25.6,4.65,23,0,0,0,47,,0	1 piece~43|1 package~86
1949652	B	3	235,2.35,10.6,32.9,59,20,5.88,35,0,0,0,94,,1.4	½ cup~85|1 package~473
720750	B	3	256,2.33,5.81,44.2,35,27.9,3.49,23,0,0,0,47,,2.8	1 piece~43
1948960	B	3	235,2.35,10.6,32.9,129,21.2,5.88,35,0,0,0,94,,0	½ cup~85|1 package~473
1944931	B	3	256,2.33,6.98,44.2,93,25.6,3.49,23,0,0,0,47,,0	1 piece~43|1 package~258
1949459	B	3	235,2.35,9.41,32.9,53,18.8,5.88,35,0,0,0,94,,0	½ cup~85|1 package~473
2129214	B	52	225,1.94,4.26,44.6,29,32.6,.78,0,.8,0,.39,7,44,,0	1 container~258
1966780	B	3	256,2.33,6.98,41.9,35,27.9,4.65,23,0,0,0,47,,0	1 piece~43|1 package~86
2195529	B	3	256,2.33,6.98,41.9,35,25.6,4.65,23,0,0,0,47,,0	1 piece~43|1 package~86
1964190	B	3	256,2.33,5.81,46.5,35,30.2,3.49,12,0,0,0,47,,0	1 piece~43|1 package~258
2179290	B	52	233,2.33,4.65,44.2,58,30.2,0,0,0,0,0,0,,0	1 piece~43|1 package~258
2142029	B	52	225,1.94,5.04,43.4,31,31.4,.78,0,.8,0,.39,7,46,,0	1 container~258
2680694	B	3	233,2.38,5.71,43.3,57,32.9,3.33,17,.5,0,.24,52,110,,0	1 container~210
2487201	B	3	240,2.71,6.2,43.8,41,33.3,3.88,17,.4,0,.39,54,115,,.4	1 container~258
2487192	B	3	240,2.71,7.75,40.7,37,30.2,5.04,21,.8,.19,.39,66,134,,.4	1 container~258
2568291	B	3	238,2.86,6.67,41.4,38,30.5,4.29,21,.5,0,0,68,129,,0	1 serving~210
2634049	B	3	238,2.86,6.67,41.4,38,30.5,4.29,21,.5,0,0,68,129,,0	1 container~210
2669428	B	3	257,2.86,7.14,42.9,43,31.4,4.29,14,0,0,0,63,123,,0	1 piece~35|1 package~210
2680698	B	3	244,2.71,6.98,42.6,45,31.4,4.26,19,.4,.19,.27,62,124,,0	1 container~258
2680693	B	3	244,2.71,7.36,41.9,39,31.8,4.65,19,.4,.19,.23,66,120,,0	1 container~258
2680692	B	3	236,2.71,6.2,42.2,35,31.8,3.88,19,.4,.19,.39,64,119,,0	1 container~258
2487195	B	3	244,2.71,7.36,41.5,45,31.4,5.04,19,.4,.19,.39,65,132,,.4	1 container~258
2568286	B	52	248,2.86,7.62,41.9,45,31,4.76,21,.5,0,.48,66,133,,0	1 container per container~210
2502908	B	3	240,2.71,5.81,44.2,62,31,3.49,17,.4,0,.39,61,114,,.4	1 container~258
2487199	B	3	233,2.71,6.59,40.3,39,30.2,4.26,21,.4,.19,.39,65,136,,.4	1 container~258
2487190	B	3	244,2.71,7.36,41.9,45,31.4,5.04,19,.4,.19,.39,65,130,,.4	1 container~258
2589177	B	52	200,3.33,3.33,41,43,27.1,1.9,10,.5,0,.48,84,174,,0	1 container~210
2502911	B	52	225,1.16,4.26,44.6,74,31.8,3.88,0,.8,0,.39,7,22,,0	1 container~258
2568292	B	3	233,2.86,6.19,42.4,36,31.9,3.81,19,.5,0,0,61,118,,0	1 container~210
2634050	B	3	233,2.86,6.19,42.4,36,31.9,3.81,19,.5,0,0,61,118,,0	1 container~210
2680695	B	3	229,2.86,6.19,40.5,43,29,3.81,19,.5,0,.48,62,126,,0	1 container~210
2680696	B	3	260,2.33,6.98,47.3,54,34.9,3.1,14,.4,0,.39,48,94,,0	1 container~258
2680697	B	52	225,1.16,5.43,42.6,85,29.8,4.65,0,.8,0,.39,6,24,,0	1 container~258
2568290	B	52	200,3.33,3.33,41.4,40,27.6,1.9,10,.5,0,.48,81,173,,0	1 container per serving~210
2568287	B	52	238,2.86,6.19,42.4,36,31.9,3.81,19,.5,0,0,63,118,,0	1 container per container~210
2502907	B	3	233,2.33,5.81,41.9,35,31.4,4.07,17,0,0,0,47,81,,0	1 serving~86
2680691	B	3	233,2.38,4.76,45.7,31,34.3,2.86,14,.5,0,0,50,100,,0	1 container~210
2680699	B	3	233,2.71,6.59,41.1,37,31,4.26,19,.4,.19,.23,66,124,,0	1 container~258
2680690	B	3	238,2.86,6.19,42.9,38,31.9,3.81,19,.5,0,.48,64,119,,0	1 container~210
2487189	B	3	236,2.71,6.98,40.7,37,30.6,4.26,21,.4,.19,.39,68,127,,.4	1 container~258
2568289	B	52	225,1.55,5.43,43,14,27.5,4.65,0,1.2,0,.78,8,42,,0	1 container per container~258
2568288	B	52	225,1.16,5.04,44.2,16,31,4.26,0,.8,0,.39,6,24,,0	1 container~258
2487194	B	3	233,2.71,6.2,41.9,37,31.8,3.88,19,.4,.19,.39,61,115,,.4	1 container~258
1794592	B	4	421,7.14,17.9,60.7,329,39.3,3.57,64,3.6,0,2.57,36,,0	1 pieces /~28|1 package~284
1850549	B	46	400,3.57,25,42.9,125,14.3,14.3,61,.9,0,1.29,36,,2.1	1 serving~28|1 package~227
2544349	B	4	393,3.57,17.9,60.7,446,35.7,5.36,0,0,0,3.57,25,75,,0	1 cookie~28|1 package~227
2170512	B	4	375,4.17,16.7,58.3,333,25,6.25,42,0,0,4.17,17,62,,0	1 cookie~24|1 package~283
2154159	B	46	458,8.33,25,50,229,20.8,14.6,146,0,0,4.17,46,108,,0	1 pastry~24|1 package~170
1850554	B	6	468,7.14,35.7,35.7,118,7.14,14.3,61,3.6,0,1.93,36,,2.1	1 serving~28|1 package~227
1850539	B	46	361,3.57,25,28.6,114,7.14,14.3,61,3.6,0,1.29,36,,2.1	1 serving~28|1 package~227
2375597	B	5	458,8.33,16.7,70.8,562,20.8,0,0,0,0,4.17,50,71,,0	3 chips~24|1 package~255
2600949	B	15	33,0,0,6.67,533,3.33,0,0,0,0,0,50,37,,0	2 tbsp~30
2381536	B	5	325,2.5,27.5,25,100,0,2.5,0,2.5,0,0,608,62,,0	10 chips~40|1 package~340
2433208	B	46	345,5.17,13.8,50,414,15.5,1.72,0,1.7,0,1.72,38,52,,0	1 tortilla~58|1 package~341
2121039	B	66	312,7.14,8.93,50,812,2.68,1.34,0,.9,1.34,2.41,89,,0	1 tortilla~112|1 package~1020
2410868	B	5	333,6.67,13.3,50,417,16.7,1.67,0,0,0,3.33,40,53,,0	3 pieces~30|1 package~341
2046928	B	29	429,7.14,12.5,75,1250,0,0,0,3.6,0,1.29,71,,0	1 serving~28
2089929	B	66	279,5.88,8.82,45.6,618,1.47,2.94,0,1.5,1.47,2.12,59,,0	1 tortilla~68|1 package~1088
2089928	B	66	279,5.88,8.82,47.1,618,1.47,2.94,0,1.5,1.47,2.12,59,,0	1 tortilla~68|1 package~709
2426649	B	15	33,0,0,6.67,533,3.33,0,0,0,0,0,50,37,,0	2 tbsp~30
2014818	B	15	31,0,0,6.25,1000,3.12,0,0,3.1,0,1.12,0,,15	1 serving~32|1 package~473
2455082	B	5	500,7.14,25,67.9,268,0,5.36,0,7.1,0,0,93,0,,0	10 chips~28|1 package~341
2067868	B	32	75,.83,5,6.67,400,3.33,.83,,1.7,,.6,17,,2	½ cup~120|1 package~458
2655065	B	1	367,3.33,3.33,83.3,0,46.7,0,0,0,0,.67,33,0,,0	12 pieces~30|1 package~106
1918617	B	30	444,11.1,22.2,55.6,56,33.3,5.56,0,11.1,0,4,222,,867	1 tbsp~9|1 package~227
2096283	B	30	455,18.2,18.2,54.6,136,18.2,0,0,18.2,0,6.55,364,,21.8	1 tbsp~11|1 package~227
2617192	B	91	443,8.13,20,57.6,1410,5.17,8.87,7,3,0,.27,148,,0,,,,13	1 serving~135
2027661	B	91	122,3.9,.49,25.8,829,.98,.2,1,.5,0,1.32,10,,0	1 bag~205
2594285	B	91	141,4.88,0,28.8,741,.98,0,0,2,0,.98,9,7,,0	1 pack~205
2560128	B	91	141,4.88,0,28.8,829,.98,0,0,4.9,0,.98,9,12,,0	1 pack~205
2440706	B	43	126,3.78,0,27.1,837,1.26,0,0,1.3,0,.68,13,,0	1 serving~159
2037071	B	43	122,3.41,.49,26.3,771,.49,.2,1,.5,0,1.32,10,,0	1 bag~205
2031613	B	43	126,3.78,0,26.4,818,0,0,0,1.9,0,.68,13,,0	1 serving~159
1902451	B	121	329,7.86,4.29,65,1000,11.4,1.07,0,2.1,0,.77,29,,0	1 serving~140
2420711	B	32	83,1.67,6.67,5.83,300,3.33,.83,0,1.7,0,.83,22,194,,0	½ cup~120|1 package~680
2653484	B	32	83,1.67,6.67,5.83,300,3.33,.83,0,1.7,0,.83,22,194,,0	½ cup~120|1 package~680
2424400	B	32	83,1.67,6.67,5.83,300,3.33,.83,0,1.7,0,.83,22,194,,0	½ cup~120|1 package~680
2043443	B	1	375,7.5,0,85,12,50	10 pieces~40|1 package~227
2613012	B	12	567,3.33,43.3,33.3,217,30,40,0,13.3,0,2.67,65,720,,1,1.67,0	1 serving~30|1 package~90
1911939	B	29	333,9.52,14.3,52.4,452,28.6,2.38,0,9.5,0,3.43,0,,0,,,,,,0,,.19,,76,,,,,1	4 crackers~21|1 package~126
1866972	B	29	500,21.4,25,50,1210,14.3,0,0,14.3,0,5.14,143,,0	1 serving~14|1 package~112
1866980	B	29	321,14.3,14.3,35.7,964,7.14,0,0,7.1,0,2.57,0,,0	4 crackers~14|1 package~112
1894662	B	106	143,13.6,2.86,13.6,536,12.1,.71,57,0,0,1.03,0,,.9	1 serving~140|1 package~454
1894657	B	26	186,9.29,8.57,19.3,479,16.4,2.86,39,0,0,.77,14,,4.3	1 serving~140|1 package~454
2449363	B	54	62,0,0,15.6,469,12.5,0,0,0,0,0,9,31,,0	2 tbsp~32|1 package~510
2187367	B	77	257,9.29,14.3,22.9,436,21.4,5.71,61,.7,0,1.29,14,,2.6	1 serving~140|1 package~454
2175469	B	12	357,17.9,7.14,50,1210,21.4,1.79,0,0,0,3.57,57,239,,0	1 serving~28|1 package~80
2175466	B	12	321,17.9,7.14,46.4,1000,21.4,1.79,0,0,0,3.57,46,196,,0	1 serving~28|1 package~80
2660398	B	12	393,17.9,7.14,64.3,1180,28.6,1.79,0,0,0,3.57,57,236,,0	1 serving~28|1 package~80
2314963	B	12	357,17.9,7.14,57.1,821,32.1,1.79,0,0,0,3.57,32,125,,0	1 serving~28|1 package~80
402284	B	29	500,6.67,23.3,63.3,417,23.3,16.7,0,10,0,4.8,0,,0	1 sandwich~30
2072935	B	29	500,6.67,20,70,417,23.3,13.3,0,13.3,0,6,0,,0	1 sandwich~30
2012648	B	29	480,8,20,64,680,0,16,0,8,0,4.32,0,,4.8	3 crackers~25
2364714	B	30	412,5.88,8.82,73.5,176,64.7,8.82,0,0,0,0,235,,0	3 tbsp~34|1 package~907
1868275	B	23	714,0,78.6,0,429,0,7.14,71,0,0,0,0,,0	1 tbsp~14|1 package~946
2036731	B	34	237,8.15,11.1,23,422,2.22,5.19,30,.7,0,.8,74,,1.8	.2 pizza, slice~135|1 package~673
2036730	B	34	220,6.82,9.09,23.5,402,2.27,5.3,30,.8,0,.82,76,,2.7	.2 pizza / slice~132|1 package~660
2068564	B	34	295,11.6,16.3,27.1,434,3.1,6.98,31,1.6,.39,.56,194,,4.7	¼ pizza~129|1 package~516
2068572	B	34	261,10.1,13.8,26.1,355,2.9,5.07,22,1.4,.36,.52,145,,15.2	¼ pizza~138|1 package~538
2068575	B	34	199,8.9,8.22,23.3,411,2.05,4.11,21,1.4,0,.74,171,,6.2	1/3 pizza~146|1 package~425
2068570	B	34	250,7.89,11.8,25,421,1.97,5.26,26,1.3,0,.71,66,,1.6	¼ pizza~152|1 package~630
2627983	B	34	231,7.48,8.84,27.2,327,2.04,4.76,24,1.4,0,.73,102,,2.4,,,,184	1 serving~147|1 package~588
2039709	B	34	221,7.14,9.09,24.7,318,1.95,4.55,23,.6,0,.7,65,,2.3	¼ pizza~154|1 package~616
2020508	B	4	429,7.14,12.5,75,268,28.6,7.14,0,7.1,0,2.5,36,89,,0,3.57,3.57	1 serving~28|1 package~177
1859035	B	4	429,7.14,12.5,75,268,25,7.14,0,7.1,0,2.86,36,107,,0,3.57,3.57	1 serving~28|1 package~177
1859033	B	4	429,7.14,12.5,75,286,21.4,7.14,0,7.1,0,4.29,36,143,,0,3.57,3.57	1 serving~28|1 package~177
1969102	B	5	429,7.14,14.3,67.9,643,7.14,1.79,0,7.1,0,0,0,161,,0,7.14,5.36	1 serving~28|1 package~113
2428850	B	0	429,10.7,16.1,64.3,571,3.57,1.79,0,7.1,0,0,71,196,,0,7.14,5.36	1 serving~28|1 package~113
2665261	B	13	450,5,20,60,300,22.5,15,0,7.5,0,1.8,50,,0,,,,0	1 bag~40
2665260	B	13	425,7.5,20,60,250,20,15,0,7.5,0,1.8,50,,3,,,,0	1 bag~40
1979015	B	4	442,6.98,20.9,58.1,267,20.9,14,0,7,0,2.33,42,307,,0	1 serving~43
1979480	B	4	442,6.98,20.9,58.1,256,23.3,16.3,0,7,0,2.33,40,302,,0	1 serving~43
1978716	B	4	442,6.98,20.9,58.1,267,20.9,14,0,7,0,2.33,40,298,,0	1 serving~43
1859036	B	13	425,5,22.5,57.5,262,22.5,17.5,0,7.5,0,1.8,50,,0	1 bag~40
2016187	B	82	381,0,0,95.2,1000,71.4,0,0,,,,5,10,,0	¼ package~21|1 package~85
2116600	B	82	364,0,0,90.9,591,59.1,0,0,4.5,,4.55,23,318,,0	¼ package~22|1 package~88.4
2569113	B	82	364,4.55,0,90.9,568,54.6,0,0,4.5,,4.55,27,409,,0	¼ package dry mix~22|1 package~88.5
2569114	B	82	364,0,0,90.9,591,59.1,0,0,4.5,,4.55,23,318,,0	.12 package dry mix~22
1853817	B	82	364,4.55,0,90.9,591,54.6,0,0,4.5,0,4.91,0,,0	½ cup~22|1 package~88.5
1865832	B	82	368,0,0,89.5,947,36.8,0,0,0,0,0,0,,0	½ cup / dry mix for~19|1 package~77.9
2013387	B	82	368,0,0,94.7,632,68.4,0,0,0,0,0,0,,0	½ cup~19|1 package~155
2404166	B	101	368,10.5,0,89.5,421,84.2	.17 package~19|1 package~116
1853816	B	82	333,6.67,0,80,567,0,0,0,6.7,0,4.8,0,,0	½ cup~15|1 package~60
1870335	B	82	368,0,0,94.7,842,63.2,0,0,0,0,0,0,,0	½ cup~19|1 package~77
2036981	B	82	368,0,0,94.7,632,68.4,0,0,,,,5,11,,0	¼ package~19|1 package~77.9
2412443	B	101	368,10.5,0,89.5,421,84.2	.17 package~19|1 package~116
2535865	B	2	286,17.9,25,0,943,0,17.9,71,0,0,0,536,0,,0	1 serving~28|1 package~630
2022007	B	2	429,14.3,39.3,3.57,482,3.57,14.3,71,0,0,0,357,,12.9	2 tbsp~28|1 package~284
2022006	B	2	393,14.3,35.7,3.57,536,3.57,14.3,71,0,0,0,357,,12.9	2 tbsp~28|1 package~284
2118150	B	86	75,0,0,14.4,5,9.09	1 serving~187|1 package~375
361973	B	2	286,14.3,21.4,7.14,1710,0,14.3,89,0,0,0,143,,0,,,,,,,.243,,,,143	1 serving~28
2628357	B	9	214,4.56,11.5,22.9,182,11.9,3.52,62,.4,1.52,.58,72,,.5,,,,22	1 serving~125|1 package~1190
2674979	B	1	325,5,0,75,62,45,0,0,0,0,0,0,,0,,,,0	11 pieces~40|1 package~538
2543977	B	9	344,2.46,18.8,40.2,270,20.5,11.5,12,.8,0,.89,33,,0	.17 pie~122|1 package~794
2629839	B	48	256,17.2,19.8,0,66,0,7.49,70,0,0,1.98,18,,0,,,,0	1 patty~227|1 package~907
2668952	B	48	250,17,19.6,0,67,,7.14,71,,,1.61	1 serving~112|1 package~454
2618261	B	48	214,18.8,15.2,0,67,0,5.36,67,0,,2.41,0,,0,,,,0	1 serving~112|1 package~1361
2618266	B	48	125,21.4,4.02,0,67,0,1.79,62,0,,2.41,0,,0,,,,0	1 serving~112|1 package~907
2640155	B	76	177,24.2,8.06,0,435,0,.81,73,0,0,.58,0,,0,,,,0	1 serving~62|1 package~184
2652944	B	87	217,20.6,9.24,20.1,266,4.35,1.63,35,1.6,0,.98,326,,.7,,,,0	6 1~184
2630741	B	7	214,7.14,21.4,0,1430,0,0,0,,0,0,0,,0,,,,0	3 olives~14|1 package~200
2545124	B	54	0,0,0,0,0,,,0,,,,,,,,0,0	1 tbsp~15|1 package~946
2652568	B	0	475,5,20,75,325,45,15,0,2.5,0,1.8,50,,0,,,,0	9 pretzels~40|1 package~284
2627932	B	9	378,4.44,17.8,51.1,356,26.7,4.44,67,0,0,1.6,0,,0,,,,0	1 slice~45|1 package~454
2538743	B	52	298,3.51,14,38.6,254,15.8,7.02,9,1.8,0,1.32,9,88,,0	1 blossom~114|1 package~900
2589790	B	9	254,1.75,11.4,35.1,281,14.9,5.26,0,.9,0,0,9,70,,0	.17 pie~114|1 package~680
2586591	B	6	339,13.6,4.24,57.6,627,1.69,0,0,0,0,5.08,83,105,,0	1 serving~59|1 package~397
2538881	B	6	243,8.11,2.7,46,486,4.05,0,0,1.4,0,2.7,168,73,,0	1 bun~74|1 package~595
2628049	B	20	26,1.86,5.58,5.58,4,2.6,0,0,1.5,0,1.34,22,,4.5,,,,67	1 serving~269
2668174	B	1	333,0,0,88.9,83,88.9	3 pieces~18|1 package~156
2593266	B	0	425,5,12.5,75,12,70,0,0,2.5,,.9,50,,0,,,,0	1 serving~40|1 package~227
2632476	B	1	333,0,0,83.3,0,69,0,0,0,0,0,0,,0,,,,0	5 pieces~42|1 package~454
2592723	B	1	312,0,0,81.2,47,50,0,0,0,0,0,0,0,,0	5 pieces~32|1 package~850
2533891	B	1	375,0,0,96.9,0,96.9,0,0,0,0,0,0,0,,0	6 pieces~32|1 package~454
2593268	B	1	400,0,5,90,100,53.3,3.33,0,0,,0,0,0,,0	5 pieces~30|1 package~227
2551989	B	78	206,20.6,13.5,0,59,0,2.94,56,0,0,.42,0,309,,5.3	1 serving~170
2541460	B	87	327,15.4,21.8,14.8,680,1.92,8.98,36,.6,0,1.28,146	1 serving~156
2543361	B	122	67,0,0,20,0,13.3	1 tbsp~15|1 package~500
2580098	B	14	500,10,23.3,63.3,33,20,6.67,0,6.7,0,3.6,67,233,,0	1 serving~30|1 package~142
2524363	B	46	374,5.05,19.2,44.4,293,26.3,3.03,56,1,0,1.62,30,162,,.2	1 muffin~99|1 package~396
2667706	B	81	367,10,1.67,80,0,0,0,0,10,0,3.33,27,327,,0	¼ cup~30
2545906	B	1	333,0,0,93.3,67,86.7,0,0,0,0,.67,33,0,,0	18 pieces~15|1 package~130
2632310	B	33	136,6.43,2.14,20.7,507,7.14,.36,11,.7,0,.77,14,,15,,,,193	1 cup~140|1 package~433
2651710	B	48	179,19.9,9.93,0,66,0,3.97,66,0,.66,2.38,0,318,0	1 serving~151|1 package~604
2554142	B	17	97,3.52,.88,20.3,31,12.3,.22,2,1.3,0,.44,75,142,,1.32	1 package~227
2593757	B	1	467,10,20,66.7,367,46.7,3.33,0,3.3,0,.67,33,233,,0	1 serving~30|1 package~170
2549656	B	48	80,4.42,1.33,14.2,274,1.77,0,0,2.7,0,.88,36,160,,0	1 serving~113|1 package~227
2655439	B	24	0,0,0,.17,0,0,,,,,,,30	1 bottle~591
2538439	B	125	96,3.21,2.75,15.1,261,2.52,.46,14,.9,0,.33,18,64,,0	1 package~436
2586499	B	7	381,19,28.6,9.52,2100,0,9.52,24,0,0,0,190,,0,,,,0	2 olive~21|1 package~340
2626383	B	55	57,.71,.71,12.1,0,8.57,0,0,2.9,0,0,0,,2.6,,,,0	1 cup~140|1 package~340
2652400	B	26	223,13.4,11.6,17,500,0,2.23,36,0,0,.96,0,250,,0	1 serving~112|1 package~2268
2671270	B	5	467,6.67,23.3,60,1000,0,3.33,0,0,,3.6,33,0,,0	1 serving~30|1 package~142
2553610	B	34	247,10.7,8,32.7,480,3.33,4,13,2,0,.67,160,147,,0	½ pizza~150|1 package~300
2541316	B	31	40,4,0,8,10,0,0,0,4,0,1,26,370,,0	1 serving~100|1 package~907
2673226	B	4	467,6.67,23.3,56.7,300,20,10,17,0,0,1,33,67,,0	4 cookies~30|1 package~340
2541587	B	18	47,0,0,11.9,7,11.7	1 bottle~360
2546462	B	9	368,4,20,43.2,200,29.6,6.4,48,0,0,0,33,75,,0	.2 pie~125|1 package~624
2544585	B	7	261,5.97,23.9,5.97,425,.75,5.22,45,1.5,0,.54,149,,1.8	1 salad~134
2633766	B	80	200,5,14,15,680,5,3,20,0,0,0,80,70,,0	½ cup~100|1 package~340
2552073	B	7	140,7,10,4,330,2,3,40,3,0,.6,70,210,,.2	1 cup~100|1 package~269
2627697	B	48	173,21.2,7.06,0,415,0,2.35,63,0,0,1.48,18,,0,,,,0	1 steak~170
2653860	B	4	447,5.26,18.4,60.5,329,39.5,7.89,26,2.6,0,1.84,26,,,3	1 cookie~38|1 package~454
2623639	B	76	170,15,6,15,650,15,3,150,0,0,1.08,200,,0,,,,0	1 can~100
2554174	B	20	35,1.18,0,8.24,88,8.24,0,0,1.2,0,0,0,165,,0	1 serving~85|1 package~255
2586702	B	20	36,.71,0,7.86,14,7.86,0,0,.7,0,.26,0,200,,0	1 cup~140|1 package~425
2618950	B	20	211,1.32,5.26,39.5,53,30.3,3.95,7,1.3,0,0,,,,0	.17 apple~76|1 package~454
2525417	B	46	339,6.45,16.1,45.2,290,12.9,6.45,0,1.6,0,1.74,0,113,,0	2 rolls~62|1 package~281
2541999	B	15	250,2.78,22.2,11.1,778,5.56,12.5,69,0,0,0,83,139,,0	2 tbsp~36|1 package~283
2675461	B	78	211,19.7,12.7,2.82,387,2.82,2.82,53,0,0,.51,14,,4.2,,,,51	1 serving~142|1 package~283
2674930	B	80	60,3,2,8,660,3,0,10,0,0,0,0,115,,0	½ cup~100|1 package~425
2580097	B	1	344,6.25,0,78.1,344,43.8,0,28,3.1,0,0,0,0,,0	9 pieces~32|1 package~198
2580096	B	1	357,7.14,0,78.6,357,46.4,0,0,0,0,0,0,0,,0	5 pieces~28|1 package~198
2590600	B	33	308,11,12.1,37.4,527,3.3,5.49,22,1.1,0,2.31,165,88,,3	3 pieces~91
2542826	B	93	215,9.88,12.8,14,453,6.1,8.14,29,1.2,0,.21,291,,10.5	1 package~172
2542685	B	33	244,8.89,8.89,31.8,444,2.96,4.44,15,1.5,0,2.22,119,133,,0	.11 pizza~135|1 package~1210
2618998	B	80	227,5.67,9.93,24.8,688,2.84,2.48,21,1.4,0,.71,54,94,,0	½ package~141|1 package~284
2593453	B	6	296,4.63,8.33,50,444,29.6,3.24,,0,0,1.3,28,65,,0	1 piece~108
2541790	B	6	267,11.8,11.2,29.8,671,2.48,5.59,28,0,0,1.86,211,,,0	1 serving~161
2550817	B	33	133,10.3,4.44,13.1,152,1.87,.93,18,.7,0,.34,19,98,,.175	1 package~428
2545724	B	40	200,0,0,60,0,60,0,0,0,0,0,0,,0	1 tsp~5|1 package~76
2541344	B	18	58,0,0,14.6,20,14.2	1 serving~480
2533631	B	12	571,57.1,35.7,0,2640,,7.14,71	1 serving~14|1 package~227
2546211	B	111	218,6.34,14.8,16.9,528,.7,6.34,28,1.4,0,.7,85,113,,0	3 tamales~142
2653259	B	33	224,16.5,10.6,15.3,212,1.18,5.29,53,2.4,0,3.06,212,0,,0	1 enchilada~85|1 package~624
2654129	B	7	130,6,10,5,300,2,2.5,55,1,0,.7,50,220,,0	1 cup~100|1 package~221
2642635	B	87	263,9.62,15.4,22.4,449,2.56,1.92,26,1.3,0,1.15,13,90,,0	1 serving~156
2554207	B	87	178,11.9,5.58,20.4,357,2.23,2.6,28,1.9,0,1.67,56,,1.3	9 1~269
2672396	B	7	175,5.13,15.8,4.27,222,1.28,1.28,15,1.3,0,1.54,43,,30.8,,,,846	1 salad~234
2628370	B	0	475,5,25,62.5,312,52.5,11.2,25,2.5,25,.9,50,,0,,,,90	1 serving~40
2524928	B	9	388,4.71,16.5,56.5,388,42.4,5.29,18,2.4,0,3.18,24,247,,0	½ cake~85|1 package~170
2533416	B	46	453,6.6,22.6,59.4,340,34.9,6.6,61,1.9,0,3.77,28,160,,.375	1 muffin~106|1 package~425
2641995	B	0	500,13.3,30,56.7,0,36.7,6.67,0,6.7,0,6.67,100,667,,0	¼ cup~30|1 package~255
2533897	B	4	250,1.79,10.7,42.9,71,28.6,8.93,0,5.4,0,1.79,27,250,,0	1 slice~56|1 package~382
2541215	B	0	475,7.5,20,67.5,75,65,10,12,5,0,1.8,50,,0	¼ cup~40|1 package~269
2545617	B	0	533,10,36.7,50,50,43.3,15,17,3.3,0,,,383	1½ pieces~30|1 package~420
2546892	B	0	400,2.5,20,55,38,50,12.5,12,2.5,0,0,50,,0	1 serving~40|1 package~283
2652349	B	15	393,3.57,28.6,35.7,54,28.6,3.57,0,3.6,,1.29,71,0,,0	2 tbsp~28|1 package~227
2658392	B	0	516,9.68,29,54.8,145,45.2,11.3,0,3.2,0,1.61,71,394,,0	3 tbsp~31|1 package~397
2627933	B	9	400,4.44,17.8,51.1,378,26.7,4.44,67,0,0,2.4,44,,0,,,,40	1 slice~45|1 package~454
2544967	B	20	18,0,0,3.57,357,3.57,0,0,0,0,0,0,0,,0	2 tbsp~28|1 package~340
2665339	B	1	402,4.2,9.9,74,50,24.2,8.7,0,7.3,0,1.98,40,,0,,,,0	1 serving~100
2677007	B	2	368,26.3,31.6,0,632,0,18.4,105,0,0,0,789,,0,,,,189	1 slice~19|1 package~226
2553471	B	78	60,15.1,.5,0,514,0,0,146,0,.5,0,81,212,,0	1 serving~99.2|1 package~213
2544604	B	66	311,6.67,8.89,51.1,733,2.22,2.22,0,2.2,0,3.2,0,,0	1 tortilla~45|1 package~448
2668843	B	20	35,2.33,0,8.14,23,2.33,,,2.3,,1.16,40,322,,0	1 serving~86|1 package~454
2634387	B	66	220,4,2,48,20,2,0,0,4,0,.72,40,,0,,,,0	2 tortilla~50|1 package~500
2660353	B	66	267,6.67,3.33,56.7,33,0,0,0,3.3,0,2.4,133,,0,,0,1.67,0,2.67,0,.113,,0	1 serving~30|1 package~908
2533749	B	1	393,0,0,100,0,100	10 z~28|1 package~112
2633915	B	0	480,14,26,48,0,28,4,0,6,0,2.88,80,,0,,,,0	1/3 cup~50|1 package~149
2545836	B	42	132,0,2.63,29,145,23.7,0,0,2.6,0,0,0,53,,0	2 tbsp~38|1 package~283
2669152	B	2	132,10.5,7.89,5.26,842,5.26,5.26,26,0,0,0,526,,,11,,,474	1 wedge~19
2546224	B	0	500,10,33.3,53.3,100,36.7,13.3,0,10,0,9,67,467,,0	9 pieces~30|1 package~354
2538906	B	0	567,10,36.7,50,0,36.7,15,0,10,0,9.33,100,533,,.325	7 pieces~30|1 package~255
2544309	B	0	450,5,22.5,65,0,50,15,0,7.5,0,6.75,50,350,,0	¼ cup~40|1 package~382
2546909	B	1	414,3.45,12.1,79.3,0,65.5,8.62,0,3.4,0,2.41,0,103,,0	8 pieces~29|1 package~454
2533434	B	77	238,21.4,16.7,0,286,0,4.76,83,0,0,.86,24,214,1.4,,7.14,3.57,,,,,,10	1 serving~84|1 package~907
2627934	B	9	400,4.44,20,46.7,333,26.7,5.56,56,0,0,4,44,,0,,,,40	1 slices~45|1 package~454
2541527	B	38	391,4.35,4.35,82.6,217,43.5,2.17,0,4.3,0,4.35,0,174,,0	1½ tbsp~23|1 package~624
2590347	B	22	375,0,0,87.5,288,77.5,0,0,0,0,1.75,50,75,,0	8 pieces~40|1 package~255
2538273	B	38	389,5.56,12.5,66.7,208,33.3,5.56,0,0,0,2.22,0,56,,0	.08 kit~36|1 package~437
2554208	B	87	212,11.5,12.2,19.2,353,4.49,2.56,131,3.2,0,1.73,224,,.8	5 1~156
2631129	B	93	198,11.9,13,8.47,266,6.21,7.91,133,.6,0,.56,257,55,,3	1 pack~177
2552871	B	33	96,6.38,6.38,6.38,255,3.19,3.72,16,2.1,0,.32,181,213,,.1	2 stuffed~94|1 package~283
2554176	B	7	100,7,7,3,220,1,1.5,55,1,0,1,84,221,,83	1 serving~100|1 package~659
2665821	B	39	83,6.67,0,10,117,10,0,0,,,,267,400,,3,,,200	2 tbsp~30|1 package~354
2545710	B	20	263,7.37,3.16,53.7,26,1.05,0,0,5.3,0,1.89,0,221,,0	1 serving~95|1 package~283
2640026	B	9	447,3.53,24.7,50.6,271,38.8,10.6,35,0,0,1.18,26,76,,0	½ cupcakes~85|1 package~170
2640025	B	9	459,2.35,24.7,50.6,259,38.8,10.6,35,0,0,0,22,56,,0	½ cupcake~85|1 package~170
2631753	B	66	289,8.89,7.78,51.1,622,0,3.33,0,2.2,0,3.2,133,,0,,,,0	1 tortilla~45|1 package~440
2654965	B	21	182,9.28,8.25,18.2,381,2.41,4.47,24,.7,0,.79,199,96,,1	1 bowl~291
2627935	B	9	400,4.44,17.8,51.1,378,26.7,4.44,67,0,0,2.4,0,,0,,,,40	1 slice~45|1 package~454
2551107	B	20	46,3.95,0,9.21,26,2.63,0,0,3.9,0,1.45,39,395,85.5,0	4 sprouts~76|1 package~907
2658242	B	48	312,15.2,27.7,0,67,0,10.7,76,0,1.79,1.61,18,,0,,,,0	1 serving~112|1 package~2260
2546072	B	10	42,.42,0,9.58,3,8.33,,,.4	1 serving~240
2546004	B	10	42,.83,0,11.2,3,8.33	1 serving~240|1 package~1740
2617843	B	76	109,10.9,3.64,5.45,655,0,0,0,0,,0,0,,0,,,,0	1 serving~55|1 package~240
2636707	B	93	149,4.98,9.45,14.4,75,9.45,.75,0,3,0,.9,50,,26.9,,,,179	½ tray~201|1 package~403
2628048	B	20	47,1.18,0,11.8,0,9.41,0,0,1.2,0,0,0,165,,0	1 serving~85|1 package~255
2554878	B	20	50,.71,0,12.1,7,10,0,0,1.4,0,.26,14,150,,0	1 serving~140|1 package~2722
2545643	B	40	400,0,0,80,0,40,0,0,0,0,0,0,0,,0	½ pieces~5|1 package~80
2651701	B	9	375,2.5,12.5,65,250,45,5,0,2.5,0,2.5,15,222,,0	1 piece~40|1 package~454
2551990	B	78	71,13.5,.88,1.18,118,0,0,126,0,0,.21,35,82,,0	1 serving~170
2618997	B	80	362,9.45,13.4,51.2,362,3.15,1.97,0,2.4,0,2.36,13,183,,0	½ cup~127|1 package~284
2523682	B	87	224,8.1,9.66,25.6,788,3.43,3.12,22,.6,.16,.11,0	1 serving~321
2542427	B	93	268,10.9,16.9,19.1,601,7.65,8.74,44,.5,0,1.09,201,304,,0	1 package~183
2543759	B	20	36,2.73,0,7.27,182,1.82,0,0,1.8,0,.91,35,305,,0	1 serving~110|1 package~464
2586708	B	20	18,1.18,0,4.71,0,2.35,0,0,1.2,0,.42,0,165,,0	½ cup~85|1 package~170
2525436	B	65	0,0,0,0,0,,,0	1 tea~1|1 package~60
2674757	B	80	243,10.7,15,14.3,479,.71,2.86,43,.7,0,.77,57,,6.4,,,,39	1 cup~140|1 package~226
2663387	B	80	248,11.5,15.9,15,460,1.77,3.1,44,.9,0,1.27,53,,5.3,,,,48	½ container~113|1 package~227
2636360	B	48	250,17,19.6,0,67,0,7.14,71,0,1.34,1.61,18,,0,,,,0	1 serving~112|1 package~453
2544023	B	48	259,17.9,19.6,0,49,,7.14,67,,,1.29,18	1 serving~112|1 package~1021
2642307	B	1	312,3.12,0,68.8,62,43.8,0,0,0,0,0,0,,,0	9 pieces~32|1 package~227
2580094	B	1	294,5.88,0,70.6,59,44.1,0,0,0,0,0,0,,,0	3 pieces~34|1 package~198
2540852	B	1	333,6.67,0,76.7,0,46.7,0,0,0,0,0,0,0,,0	6 pieces~30|1 package~128
2533892	B	0	500,10.7,28.6,50,1820,35.7,10.7,0,3.6,0,1.79,71,357,,0	3 pieces~28|1 package~454
2541081	B	1	400,0,0,93.3,0,73.3,0,0,0,0,0,0,0,,0	1 piece~15|1 package~90
2542055	B	87	249,17,9.54,22,946,2.07,4.15,37,.8,0,1.12,104,,0	8 1~241
2554539	B	33	200,10,5.88,26.5,306,1.76,2.65,29,1.2,0,1.29,100,188,,.125	¾ cup~170|1 package~680
2546497	B	1	333,0,0,83.3,0,66.7,0,0,0,0,0,0,0,,0	1 piece~6|1 package~24
2666682	B	6	246,7.02,1.75,50.9,509,0,0,0,1.8,0,3.16,0,,0,,,,0	.11 of a loaf~57|1 package~510
2545270	B	80	230,8.85,15,14.2,504,8.85,2.65,31,.9,0,0,28,0,,0	1 serving~113|1 package~213
2660366	B	75	200,3.33,16.7,3.33,467,0,15,17,0,,0,67,,0,,,,0	1 serving~30|1 package~851
2652232	B	21	150,11.4,7.14,13.6,657,5.71,2.86,50,0,0,1.03,43,,.9,,,,13	1 serving~140|1 package~405
2655918	B	28	125,21.4,1.79,5.36,786,5.36,0,45,0,0,.64,0,,0,,,,0	1 serving~56
2540912	B	0	600,6.67,46.7,50,0,46.7,5,0,6.7,0,0,37,227,,0	¼ cup~30|1 package~250
2641994	B	12	533,10,33.3,53.3,1270,10,5,0,3.3,0,4.33,167,167,,0	¼ cup~30|1 package~240
2622151	B	27	250,12.5,19.6,5.36,1250,1.79,5.36,125,0,0,1.29,143,,2.1,,,,32	1 serving~56|1 package~680
2551040	B	15	17,0,0,6.67,383,3.33,0,0,0,0,0,0,0,,0	2 tbsp~30|1 package~227
2627453	B	6	246,8.77,1.75,50.9,526,3.51,0,0,3.5,0,3.16,70,,0,,,,0,3.51,0,.239,,246	.14 loaf~57|1 package~397
2652123	B	111	250,15,15,13.3,667,1.67,8.33,42,,,1.67,163	¼ roll~60
2673993	B	27	323,16.2,28.3,1.01,697,1.01,10.1,71,0,0,.73,20,,0,,,,0	1 grilled link~99|1 package~1361
2630757	B	1	455,9.09,18.2,63.6,0,45.4,0,0,3,0,2.18,61,212,,0	1/3 bar~33|1 package~100
2654825	B	22	394,6.06,9.09,75.8,0,54.6,0,0,3,0,1.09,61,212,,0	1/3 bar~33|1 package~100
2656188	B	111	268,11.9,17,19.1,861,3.09,5.15,34,2.1,0,1.86,103,,1.9,,,,139	1 wrap~194
2668180	B	19	221,5.31,0,50.4,1890,4.42,0,0,0,0,0,18,93,,0	1 package~113
2580095	B	0	433,13.3,11.7,73.3,567,23.3,1.67,0,0,0,3.6,67,233,,0	18 pieces~30|1 package~170
2523980	B	1	367,0,0,90,0,80,0,0,0,0,0,0,0,,0	11 pieces~30|1 package~567
2660439	B	1	333,0,0,79.5,38,53.8,0,0,0,0,0,0,,0,,,,0	4 pieces~39|1 package~283
2542287	B	1	355,0,0,87.1,32,58.1,0,0,0,0,0,3,3,,0	11 pieces~31|1 package~397
2590994	B	8	433,0,8.33,86.7,0,83.3,5,,,,3.33	12 pieces~30|1 package~144
2653062	B	80	252,3.82,22.1,11.4,160,6.11,2.67,2,2.7,.38,.69,57,187,,0	1 serving~262
2545140	B	36	71,16.1,.89,0,134,0,0,125,0,0,.64,36,,0	1 serving~112|1 package~907
2657970	B	9	345,5.45,10.9,52.7,273,29.1,6.36,18,1.8,0,.55,73,73,,0	1 slice~55|1 package~680
2631759	B	80	200,5,14,16,730,5,2.5,20,0,0,0,0,0,,0	½ cup~100|1 package~454
2554143	B	15	213,9.56,16.2,8.09,566,0,6.62,33,1.5,0,.74,255,270,,0	1 serving~136|1 package~680
2544721	B	9	394,6.06,18.2,57.6,379,36.4,3.03,61,0,0,1.09,0,,0	1 serving~33|1 package~213
2525299	B	1	400,0,0,93.3,0,76.7,0,0,0,0,0,0,0,,0	10 pieces~30|1 package~255
2643327	B	26	224,11.8,12.9,15.3,400,1.18,8.24,65,0,0,0,94,0,,0	5 pieces~85|1 package~306
2545041	B	112	236,10.9,14.6,16.4,336,0,1.82,36,0,0,.65,36,,0	1 serving~55|1 package~198
2652181	B	25	400,0,0,100,0,83.3,0,0,0,0,3.33,100,500,,0	2 tbsp~30|1 package~250
2586346	B	1	378,0,0,95.6,0,82.2,0,0,0,0,0,0,0,,0	1 serving~45
2627936	B	9	400,6.67,17.8,48.9,378,26.7,4.44,67,0,0,3.2,44,,0,,,,40	1 slice~45|1 package~454
2546398	B	1	367,3.33,0,88.3,83,73.3,0,0,0,0,0,0,0,,0	1 piece~60
2554397	B	91	349,13.2,1.2,72.3,361,2.41,,,3.6,,0,0,8,,0	1 serving~83|1 package~250
2652441	B	80	137,6.61,6.61,18.5,220,1.32,1.32,4,.9,0,1.76,46,291,,0	1 serving~227
2542867	B	15	34,0,0,6.9,621,3.45,0,0,3.4,0,0,34,266,,0	2 tbsp~29|1 package~340
2554147	B	15	100,0,8.33,6.67,400,3.33,0,0,3.3,0,1.2,0,233,,0	2 tbsp~30|1 package~283
2586706	B	15	17,0,0,6.67,383,3.33,0,0,0,0,0,0,0,,0	2 tbsp~30|1 package~397
2554109	B	11	91,.66,0,21,3060,17.1,0,0,2,0	1 serving~152
2544111	B	0	500,6.67,30,56.7,33,50,13.3,0,3.3,0,3.6,67,233,,0	5 pieces~30|1 package~354
2626259	B	0	421,5.26,13.2,68.4,895,26.3,7.89,0,5.3,0,1.89,105,,0,,,,0	1 pretzel~19|1 package~95
2668281	B	0	433,3.33,16.7,73.3,0,60,15,0,3.3,0,3.6,67,233,,0	19 pieces~30|1 package~368
2678806	B	0	475,5,22.5,67.5,50,60,12.5,12,2.5,0,.9,100,,0,,,,0	¼ cup~40|1 package~383
2544171	B	1	438,0,6.25,95,38,95,2.5,0,0,0,0,0,,0	8 pieces~40|1 package~85
2671094	B	34	232,8.45,6.34,37.3,380,7.04,2.46,11,2.1,0,2.11,77,169,,2	1/3 pizza~142|1 package~425
2538776	B	75	214,3.57,21.4,7.14,679,3.57,12.5,71,0,21.4,0,536,,0	1 serving~28|1 package~425
2544837	B	4	414,6.9,20.7,58.6,431,27.6,8.62,0,3.4,0,3.45,14,107,,0	8 cookies~29|1 package~283
2589833	B	4	455,6.06,18.2,69.7,242,36.4,7.58,15,3,0,1.21,61,182,,0	1 cookie~33|1 package~397
2543030	B	9	246,1.75,12.3,33.3,202,6.14,6.14,0,3.5,0,.95,0,,31.6	.17 of pie~114|1 package~681
2522483	B	22	500,2.5,25,65,0,22.5,22.5,0,5,0,2.7,0,175,,0	18 pieces~40|1 package~226
2658417	B	80	29,1.18,0,5.88,24,3.53,0,0,2.4,0,.42,47,0,,0	1¼ cup~85|1 package~454
2663862	B	43	310,11.2,2.59,60.3,1640,2.59,0,0,1.7,0,1.29,27,198,,0	1 package~116
2665428	B	90	333,13.3,1.67,70,0,6.67,0,0,10,0,1.2,67,,0,,0,0,300	¼ cup~30|1 package~1810
2651746	B	0	567,20,50,20,0,3.33,3.33,0,13.3,0,3.33,270,733,,0	¼ cup~30|1 package~221
2542761	B	18	52,0,0,13.1,7,13.1,0,0,0,0,0,0,0,,0	1 can~360
2629707	B	15	250,7.14,17.9,17.9,464,3.57,0,0,7.1,0,1.29,71,0,,0	2 tbsp~28|1 package~283
2543514	B	7	0,0,0,3.33,600,3.33,0,0,3.3,0,0,0,,8	2 tbsp~30|1 package~453
2655521	B	33	216,4.05,3.04,41.9,635,4.05,.68,7,.7,0,.73,14,0,,0	1 package~148
2674998	B	1	375,7.5,0,85,12,50,0,0,0,0,0,0,,0,,,,0	5 pieces~40|1 package~481
2666161	B	1	375,7.5,0,85,12,50,0,0,0,0,0,0,,0,,,,0	5 pieces~40|1 package~226
2538252	B	87	372,12.8,19.9,41.7,365,21.2,3.85,0,4.5,0,1.73,38,,0	5 1~156
2523978	B	0	500,6.67,26.7,60,250,40,13.3,17,3.3,0,3.6,67,233,,0	3 pieces~30|1 package~369
2589832	B	4	485,9.09,27.3,57.6,379,33.3,9.09,15,3,0,1.21,61,152,,0	1 cookie~33|1 package~397
2545620	B	1	276,0,0,72.4,259,51.7,0,0,0,0,0,0,,0	7 pieces~29|1 package~340
2551103	B	78	82,17.6,.76,0,388,0,0,129,0,0,.42,47,82,,0	4 shrimp~85|1 package~454
2551104	B	78	107,18.8,1.79,0,509,0,0,152,0,0,2.41,71,250,,0	4 shrimp~112|1 package~340
2542451	B	36	62,14.3,0,0,438,0,0,134,0,0,0,27,134,,0	6 shrimp~112|1 package~454
2539008	B	1	400,0,13.3,66.7,150,60,10,17,0,0,0,67,107,,0	1 inch square~30|1 package~226
2542494	B	0	475,5,17.5,77.5,325,45,12.5,0,2.5,0,1.8,50,,0	9 pretzels~40|1 package~284
2542245	B	93	404,19.9,32.5,6.63,861,.6,16.9,90,0,.6,.87,482,,5.4	1 container~166
2669072	B	34	247,7.06,9.41,32.9,518,2.35,2.94,12,1.2,0,2,47,176,,0,2.94,1.76	6 pieces~85|1 package~638
2544352	B	9	425,5,25,47.5,338,27.5,8.75,62,2.5,0,1.8,50,,0	1 serving~40|1 package~213
2592390	B	15	23,1.16,0,4.65,145,2.33,,,1.2,,,,216	1 serving~86|1 package~283
2542134	B	0	667,13.3,70,13.3,0,3.33,6.67,0,3.3,0,6,0,,0	1 serving~30|1 package~113
2586703	B	20	50,.71,0,12.9,0,10,0,0,1.4,0,.26,14,100,,0	1 cup~140|1 package~794
2544562	B	80	70,1.41,4.23,8.45,113,6.34,.35,4,2.1,0,.51,28,148,,0	1 serving~142|1 package~283
2549023	B	20	50,.71,0,12.9,11,10.7,0,0,.7,0,0,0,100,,0	1 cup~140|1 package~510
2538226	B	4	536,0,28.6,67.9,107,67.9,28.6,0,0,0,0,36,71,,.35	1 serving~28|1 package~311
2592558	B	9	434,7.55,26.4,39.6,396,13.2,15.1,0,1.9,0,.75,38,132,,0	1 donut~53|1 package~212
2664540	B	111	247,12.9,10.6,25.9,565,1.18,5.29,24,0,0,1.27,176,82,,0	1 pinwheel~85|1 package~340
2554259	B	5	464,3.57,21.4,67.9,1110,0,3.57,0,0,0,0,54,0,,0	1 serving~28|1 package~142
2657368	B	22	250,2.5,0,65,0,37.5,0,0,7.5,0,0,50,525,,0	4 pieces~40|1 package~397
2540953	B	36	107,13.4,6.25,0,121,0,1.34,54,0,0,0,0,,0	1 serving~112|1 package~908
2593289	B	2	250,14.3,17.9,3.57,411,3.57,14.3,71,0,0,0,143,,0,,,,129	1 serving~28|1 package~112
2633917	B	1	389,0,0,94.4,0,72.2,0,0,0,0,0,0,,0,,,,0	1 package~18
2675621	B	9	311,4.2,16,37.8,277,17.6,7.56,8,.8,0,1.34,17,76,,0	1 donut~119|1 package~476
2533386	B	0	571,3.57,35.7,57.1,143,50,3.57,0,3.6,0,1.29,0,250,,0	9 nuts~28|1 package~226
2673431	B	26	275,10.1,3.62,49.3,594,1.45,2.9,14,1.4,0,3.91,116,,0,,,,0	1 piece~69|1 package~276
2657291	B	93	325,24,18.4,17,1060,0,8.47,56,5.6,0,2.12,282,297,,0	1 tray~70.8
2538537	B	1	249,0,0,60.1,0,51,0,0,12,0,0,0,0,,0	1 serving~33.3|1 package~100
2667589	B	9	248,3.2,11.2,34.4,224,16.8,5.6,24,.8,0,.8,56,152,,0	.2 pie~125|1 package~624
2627937	B	9	378,6.67,15.6,51.1,378,24.4,3.33,56,2.2,0,1.6,0,,0,,,,160	1 slice~45|1 package~454
2655238	B	0	467,6.67,20,70,433,43.3,16.7,0,3.3,0,2,,133,,0	7 pieces~30|1 package~170
2533903	B	80	170,3,11,19,210,6,1.5,0,1,0,1,29,83,,0	1 serving~100|1 package~198
2636678	B	4	464,3.57,25,60.7,71,21.4,17.9,18,0,0,2.14,36,107,,2,,,,,,,,64	1 serving~28|1 package~170
2554398	B	91	361,13.2,1.2,75.9,361,2.41,.3,,3.6,,0,0,0,,0	1 serving~83|1 package~250
2543362	B	12	467,6.67,20,66.7,50,53.3,6.67,0,6.7,0,3.67,133,400,,0	¼ cup~30|1 package~283
2627648	B	1	525,5,35,55,400,50,20,50,2.5,0,.9,100,,,,,,90	9 pieces~40|1 package~227
2640337	B	7	163,1.77,12,12.7,208,2.12,2.12,16,1.4,.18,.64,21,,6.4,,,,19	1 container~283
2592389	B	20	41,1.16,0,9.3,0,4.65,,,1.2,,,,147	1 serving~86|1 package~283
2543617	B	1	467,3.33,23.3,73.3,50,60,13.3,17,3.3,0,1.2,133,,0	33 pieces~30|1 package~369
2544382	B	87	164,13.4,5.47,14.9,388,1,2.49,30,1.5,0,1.59,109,224,,0	1 sandwich~201
2652802	B	93	150,3.76,9.39,15,16,2.35,.94,0,6.1,0,.68,38,,5.6,,,,423	1 package~213
2640338	B	7	159,2.65,6.47,24.7,138,5.88,.44,0,4.7,0,1.06,59,,14.1,,,,1750	1 container~340
2652463	B	0	567,16.7,46.7,30,300,6.67,8.33,0,3.3,0,6,43,633,,0	¼ cup~30|1 package~794
2633914	B	0	700,7.5,75,12.5,400,5,12.5,0,7.5,0,3.6,100,,0,,,,0	¼ cup~40|1 package~128
2677318	B	125	417,41.7,0,41.7,833,0,0,0,0,0,8.33,0,2080	1 sheet~2.4|1 package~48
2553506	B	0	607,21.4,50,21.4,0,3.57,7.14,0,10.7,0,4.29,71,464,,0	1 serving~28|1 package~396
2553507	B	0	607,21.4,53.6,14.3,571,3.57,8.93,0,7.1,0,2.14,71,607,,0	1 serving~28|1 package~396
2585782	B	46	455,3.03,21.2,63.6,167,42.4,7.58,0,0,0,3.03,42,58,,3	.12 square~33|1 package~260
2642850	B	1	308,0,0,80.8,731,76.9,0,0,0,0,0,0,0,,0	2 pieces~26
2545645	B	7	150,7,11,8,320,2,2,15,2,0,1.8,80,,12	1½ cup~100|1 package~241
2674978	B	1	381,0,4.76,90.5,143,54.8,3.57,0,0,0,0,0,,0,,,,0	7 pieces~42|1 package~453
2546897	B	1	375,0,0,100,0,100,0,0,0,0,0,0,0,,0	1 tsp~4|1 package~170
2542895	B	12	467,6.67,20,70,283,46.7,15,0,3.3,0,3.33,100,200,,0	1/3 cup~30|1 package~453
2538868	B	33	262,11.5,14.6,21.5,677,2.31,6.92,31,1.5,0,1.54,185,200,,.15	1/3 flatbread~130|1 package~391
2523972	B	6	258,9.09,0,51.5,533,2.42,0,0,3,0,3.03,85,,,.3	1 slice~33|1 package~397
2674929	B	80	70,5,0,13,740,5,0,25,0,0,0,14,78,,0	½ cup~100|1 package~454
2533838	B	7	110,4,6,9,290,2,1,30,1,0,.6,30,230,,.1	1½ cup~100|1 package~326
2632204	B	78	167,12.8,8.81,8.81,278,1.32,1.98,33,.4,0,.63,26,,0,,,,8	1 serving~227|1 package~453
2675482	B	28	107,17.9,2.68,3.57,1110,1.79,.89,45,0,,1.29,36,,0,,,,0	1 serving~56|1 package~227
2582908	B	6	282,9.86,4.93,52.1,479,7.04,1.41,0,2.8,0,2.82,118,120,,0,,,,4.22,0,.282,,93	1 bun~71|1 package~425
2627906	B	50	625,22.5,50,12.5,12,0,7.5,0,12.5,0,31.5,50,,0,,,,0	¼ cup~40|1 package~397
2677211	B	36	124,23,1.77,1.77,947,0,.44,212,0,0,.32,88,,0,,,,48	1 serving~113|1 package~907
2586705	B	20	41,3.53,0,9.41,24,2.35,0,0,3.5,0,1.41,47,388,,0	1 serving~85|1 package~340
2586704	B	20	82,1.82,0,20,55,4.55,0,0,2.7,0,.65,18,,,0	1 cup~110|1 package~567
2621837	B	36	119,25,1.79,0,557,0,0,202,0,0,2.14,71,262,2.9,,0,0,43	1 serving~84|1 package~680
2666534	B	36	89,10.7,4.02,2.68,121,0,.89,45,.9,0,0,0,,0,,,,0	1 serving~112|1 package~1816
2553913	B	0	567,20,50,20,0,3.33,3.33,0,13.3,0,3.6,200,467,,0	1/3 cup~30|1 package~198
2640336	B	2	357,25,28.6,0,786,0,21.4,89,0,0,0,714,,0,,,,193	1 serving~28|1 package~227
2586347	B	1	400,0,3.75,90,0,77.5,3.75,0,0,0,0,0,0,,0	1 serving~40
2540890	B	40	375,0,0,100,0,75,0,0,0,0,0,0,0,,0	1 tsp~4|1 package~312
2666033	B	8	576,6.06,36.4,57.6,0,45.4,21.2,0,9.1,0,12.1,30,455,,2	.17 santa~33|1 package~198
2665999	B	8	576,6.06,36.4,54.6,76,51.5,21.2,15,3,0,3.64,182,394,,1	.17 santa~33|1 package~198
2631126	B	1	333,3.33,0,80,0,46.7,0,0,0,0,0,0,0,,0	6 pieces~30|1 package~225
2525362	B	1	335,5,0,80,0,57.5,0,0,0,0,0,0,,0	1 serving~40|1 package~170
2653875	B	1	333,0,0,81.5,37,55.6,0,0,0,0,0,63,0,,0	4 pieces~27|1 package~340
2523753	B	1	375,0,0,100,0,56.2,0,0,0,0,0,0,,0	1 piece~16|1 package~192
2671073	B	6	222,6.67,0,44.4,511,0,0,0,2.2,0,2.22,11,60,,0	1 serving~45
2552926	B	104	167,13.3,6.67,20,4870,0,0,0,6.7,0,2.67,67,400,,1.32	1 serving~15|1 package~907
2672397	B	33	129,6.43,5.71,14.3,314,2.14,1.43,18,2.1,0,1.29,43,,8.6,,,,64	1 cup~140|1 package~523
2523180	B	33	106,3.85,1.68,19.7,130,3.37,.48,2,2.4,0,1.11,43,168,,0	1 cup~208|1 package~825
2541720	B	15	120,2,12,6,600,2,2,0,2,0,0,0,280,,0	2 tbsp~50|1 package~255
2554387	B	15	18,0,0,3.57,571,3.57,0,0,0,0,0,0,250,,0	2 tbsp~28|1 package~454
2593267	B	8	455,6.06,21.2,66.7,91,54.6,21.2,0,3,,.44,121,,0,,,,109	5 pieces~33|1 package~170
2554300	B	0	487,2.56,20.5,74.4,436,48.7,15.4,,0,,.46,51,,0	7 pieces~39|1 package~227
2538574	B	22	344,6.25,0,78.1,47,53.1,0,0,0,0,0,3,0,,0	3 pieces~32|1 package~255
2632292	B	1	405,0,14.3,64.3,155,54.8,14.3,12,0,0,0,95,,0,,,,43	1 serving~42|1 package~198
2525446	B	17	100,8,1,16,75,7,0,5,1,0,1.62,80,140,,0	1 serving~100|1 package~241
2542151	B	17	113,3.18,2.47,19.8,34,11.7,.53,2,.4,.35,.71,87,53	1 serving~283
2554593	B	78	183,14.8,12.7,3.52,155,.7,4.93,46,1.4,0,.56,118,164,,4.22	1 serving~142
2554592	B	78	197,14.8,22.5,9.15,204,1.41,3.52,46,.7,0,.56,58,164,,4.22	1 serving~142
2524526	B	4	485,6.06,24.2,63.6,424,27.3,10.6,30,0,0,2.42,0,0,,0	1 cookie~33|1 package~590
2549195	B	34	226,10.5,9.77,24.1,526,2.26,4.51,19,1.5,0,2.03,150,,9	1 serving~133|1 package~1332
2545980	B	54	400,0,0,100,100,100,,0,0,0	1 serving~30|1 package~500
2551757	B	2	393,28.6,32.1,3.57,179,0,17.9,89,0,0,0,889,71,,0	1 serving~28|1 package~227
2656693	B	36	71,13.4,.89,.89,536,0,0,125,0,0,.32,54,,0,,,,32	1 serving~112|1 package~453
2525437	B	65	0,0,0,0,0,,,0	1 tea~1|1 package~60
2655522	B	33	209,4.05,2.03,41.9,642,4.73,.68,3,.7,0,.73,14,0,,0	1 package~148
2654688	B	102	227,13.4,16,8.4,429,1.68,9.24,235,0,0,.84,420,151,,0	1 serving~119
2544122	B	93	202,3.36,9.24,29.4,13,24.4,3.36,4,2.5,0,.91,50,,40.3	1 serving~119
2618999	B	80	310,8.45,9.15,48.6,261,5.63,1.41,0,2.1,0,2.82,18,225,,0	½ package~142|1 package~284
2543737	B	111	241,13.1,15.3,13.9,496,1.46,6.57,47,.7,0,.73,174,623,,0	1 package~137
2593239	B	87	262,14.6,11.5,26.2,569,7.69,5.38,65,0,0,1.54,155,48,,0	1 serving~130
2546790	B	1	417,0,0,100,0,91.7,0,0,0,0,0,0,0,,0	1 pieces~12|1 package~192
2552916	B	104	733,3.33,66.7,23.3,17,6.67,63.3,0,16.7,0,3.6,0,467,,0	½ cup~30|1 package~113
2651840	B	1	300,3.33,0,73.3,33,46.7,0,0,0,0,0,0,0,,0	3 pieces~30|1 package~454
2523977	B	1	367,0,0,90,100,73.3,0,0,0,0,0,0,0,,0	17 pieces~30|1 package~567
2524312	B	9	423,2.82,19.7,59.2,352,43.7,7.04,14,1.4,0,1.27,0,0,,0	3 cupcakes~71|1 package~284
2536018	B	9	423,2.82,19.7,59.2,352,43.7,7.04,14,1.4,0,1.27,0,0,,0	3 cupcakes~71|1 package~284
2651877	B	4	489,8.89,28.9,48.9,33,48.9,11.1,44,2.2,0,2,74,276,,1	3 macarons~45|1 package~90
2587192	B	17	120,3.18,1.59,23.7,49,13.8,.53,4,1.1,,.35,68,128,,0	1 parfait~283
2651932	B	20	29,.39,0,7.45,0,7.06,0,0,.4,0,.28,8,69,,0	1 container~510
2541885	B	1	336,7.14,0,78.6,29,60.7,0,0,0,0,0,0,0,,0	4 pieces~28|1 package~765
2550997	B	5	500,7.14,25,64.3,1180,0,3.57,0,3.6,0,1.29,0,0	25 pieces~28|1 package~85
2551101	B	78	233,20,16.7,6.67,1400,0,3.33,533,0,0,12,267,,0	1 tbsp~15|1 package~50
2651919	B	0	567,23.3,50,16.7,0,3.33,3.33,0,13.3,0,3.33,400,667,,0	¼ cup~30|1 package~219
2538765	B	0	571,17.9,50,28.6,0,7.14,7.14,0,3.6,0,6.43,36,,0	12 pieces~28|1 package~340
2641993	B	12	567,13.3,33.3,50,0,33.3,3.33,0,6.7,0,3.33,67,467,,0	¼ cup~30|1 package~226
2670643	B	36	143,19.6,6.25,0,85,0,1.34,67,0,0,.89,5,423,,14	1 serving~112|1 package~340
2541100	B	36	71,15.9,0,.88,84,0,0,44,0,0,0,0,,0	1 serving~113|1 package~908
2546712	B	36	53,11.5,0,0,434,0,0,44,0,0,0,0,0,0	1 serving~113|1 package~340
2543567	B	36	53,9.73,0,0,434,0,0,40,0,0,0,0,,0	1 serving~113|1 package~908
2587210	B	20	41,1.18,0,9.41,0,3.53,0,0,2.4,0,0,24,124,,0	½ cup~85
2541041	B	0	429,4.76,10.7,81,548,50,9.52,0,0,0,.86,48,,0	7 pretzels~42|1 package~85
2668280	B	0	433,3.33,20,66.7,33,60,11.7,17,3.3,0,2.4,67,233,,0	22 pieces~30|1 package~396
2675625	B	0	450,5,17.5,72.5,650,37.5,15,0,2.5,0,.9,75,725,0,,,,0	1/3 cup~40|1 package~766
2652567	B	0	475,2.5,17.5,77.5,250,50,15,0,0,0,0,0,,0,,,,0	5 pretzels~40|1 package~284
2672398	B	20	18,1.18,0,3.53,6,2.35,0,0,1.2,0,.42,24,,17.6,,,,42	1 serving~85|1 package~283
2193131	B	10	50,0,0,12.5,4,12.1,0,0,.4,0,0,0,0,5,0	8 fl oz~240|1 package~3780
1959784	B	46	405,5.41,8.11,78.4,122,24.3,0,0,2.7,0,1.35,16,89,,0	2 pieces~37|1 package~820
2667998	B	52	360,3,29,32,10,23,26,0,6,0,1.5,30,190,,0	½ cake~100|1 package~200
2655837	B	2	250,12.5,18.8,9.38,1310,6.25,3.12,31,0,0,.62,812,250,,0	2 tbsp~32|1 package~226
2501334	B	12	455,9.09,13.6,72.7,909,9.09,2.27,0,4.5,0,4.91,0,205,0,,2.27,6.82	1 pack, per container~22|1 package~132
2601594	B	116	464,10.7,17.9,67.9,536,0,3.57,18,0,0,3.93,464,,,0	1 pack~28|1 package~336
662392	B	4	467,3.33,23.3,63.3,333,36.7,11.7,0,0,0,3.6,0,133,0,,6.67,1.67	2 cookies~30
2107182	B	4	419,6.45,9.68,77.4,581,25.8,0,0,6.5,0,5.48,116,252,,0	1 serving~31|1 package~408
2501317	B	4	419,6.45,11.3,77.4,516,25.8,0,0,3.2,0,3.06,48,171,,0	1 serving~31|1 package~408
2501045	B	116	429,7.14,12.5,78.6,304,25,0,0,0,0,2.86,464,71,,0	1 serving~28|1 package~336
2566167	B	4	455,4.55,20.4,72.7,386,40.9,4.55,0,0,0,4.09,45,136,,0	1 serving~22
1461024	B	57	476,4.76,16.7,71.4,405,28.6,7.14,,0,0,3.62,21,119,0	1 pack~21
2566147	B	4	500,4.55,22.7,68.2,318,31.8,7.95,0,2.3,0,4.32,23,136,,0	1 serving~44
2566144	B	29	500,4.55,22.7,68.2,318,31.8,9.09,0,0,0,4.09,0,136,,0	1 serving~22
1911881	B	4	516,6.45,22.6,71,226,22.6,16.1,0,0,0,0,0,,0	5 cookies~31|1 package~150
2296436	B	4	515,3.03,24.2,66.7,333,30.3,13.6,0,3,0,3.33,0,121,,0	2 cookies~33|1 package~351
2577155	B	29	500,10.7,25,57.1,750,7.14,7.14,18,7.1,0,1.29,214,196,0,,8.93,7.14,0	1 pack~28|1 package~168
2107318	B	4	440,4,16,72,380,32,6,0,4,0,2.88,800,260,0,,6,4	1 pack~25|1 package~200
2107359	B	29	440,8,16,68,380,32,6,0,4,0,2.88,800,280,0,,4,4	1 pack~25|1 package~200
2500652	B	4	528,2.78,25,69.4,208,52.8,13.9,0,2.8,0,3,0,167,0,,6.94,2.78	3 cookies~36|1 package~320
2107902	B	0	455,4.55,15.9,72.7,727,31.8,13.6,0,4.5,0,3.27,0,159,0,,0,0	1 pack~22|1 package~132
1459764	B	57	424,6.06,10.6,78.8,667,24.2,1.52,0,3,0,3.12,26,182,0	¼ cup~33
2086508	B	4	419,6.45,6.45,80.6,484,25.8,0,0,6.5,0,3.48,0,226,0,,0,3.23	8 crackers~31|1 package~408
2107978	B	4	483,3.45,24.1,69,517,17.2,6.9,0,0,0,2.48,0,103,0	1 pack~29
539295	B	4	500,3.33,23.3,66.7,383,30,8.33,0,3.3,0,3.6,0,133,0,,5,8.33	14 cookies~30
2566161	B	116	429,7.14,12.5,78.6,304,25,0,0,0,0,2.86,464,71,,0	1 pack~28
2088050	B	74	476,0,16.7,76.2,167,61.9,7.14,0,0,0,0,0,48,0,,4.76,4.76	.12 pie crust~21|1 package~170
1973191	B	4	467,3.33,20,70,383,36.7,5,17,0,0,,67,100,,0	8 wafers~30|1 package~425
2596821	B	29	464,3.57,17.9,71.4,393,39.3,5.36,0,3.6,0,4.29,36,143,,0	1 serving~28
2501299	B	4	483,3.45,20.7,72.4,397,41.4,6.9,0,3.4,0,3.72,0,172,0	9 cookies, per container~29|1 package~99
2087826	B	8	571,5.95,35.7,55.6,286,55.6,0,0,0,0,0,0,,0	1 serving~25.2|1 package~101
541035	B	4	458,8.33,18.8,62.5,375,62.5,0,0,0,0,0,0,,0	1 piece~24
2107905	B	4	517,3.45,24.1,72.4,276,41.4,6.9,0,0,0,2.48,0,34,0	2 cookies~29|1 package~432
2500749	B	4	517,3.45,24.1,69,276,41.4,6.9,0,0,0,1.24,0,52,0	2 cookies~29|1 package~345
2500610	B	4	419,6.45,11.3,77.4,548,25.8,3.23,0,3.2,0,3.23,65,194,,0	1 serving~31|1 package~408
2500832	B	29	438,6.25,9.38,75,844,0,0,0,0,0,5,0,125,,0	5 crackers~16|1 package~680
2500633	B	29	467,6.67,13.3,73.3,933,0,0,0,0,0,4.67,0,133,,0	17 crackers~15|1 package~311
2601588	B	29	438,6.25,9.38,75,844,0,0,0,0,0,5,0,125,,0	5 crackers~16|1 package~1360
2577131	B	29	452,6.45,16.1,71,645,16.1,0,0,9.7,0,2.9,97,290,,0	16 pieces~31|1 package~1130
2529930	B	29	500,10.7,28.6,57.1,714,10.7,5.36,0,3.6,0,2.57,143,196,0	1 serving~28
2501336	B	4	448,3.45,17.2,69,103,48.3,8.62,0,0,0,2.48,0,138,0,,5.17,1.72	1 cookie~29|1 package~340
2500753	B	29	400,6.67,10,76.7,967,6.67,0,0,6.7,0,2.4,0,433,12,,5,1.67	26 chips, per container~30|1 package~127
2143491	B	29	400,6.67,10,80,467,0,0,0,0,0,4.8,0,133,0,,0,6.67	6 crackers~15|1 package~283
2541300	B	5	467,6.67,16.7,70,567,16.7,0,0,6.7,0,2.67,100,333,,0	15 pieces~30|1 package~163
2089463	B	29	500,10,26.7,56.7,567,13.3,6.67,0,3.3,0,2.4,133,217,0,,8.33,10	12 sandwiches~30|1 package~249
539293	B	29	500,6.25,28.1,62.5,656,6.25,6.25,0,0,0,2.25,125,94,0,,6.25,12.5	5 crackers~16
2500798	B	4	517,3.45,24.1,72.4,241,41.4,6.9,0,0,0,1.24,0,69,0	2 cookies~29|1 package~303
2500801	B	4	517,3.45,24.1,69,276,41.4,8.62,0,0,0,1.24,0,52,0	2 cookies~29|1 package~303
2529926	B	12	464,7.14,21.4,64.3,536,10.7,5.36,0,0,0,3.57,143,71,,0	1 serving~28
2108102	B	4	458,4.17,10.4,79.2,354,37.5,4.17,0,0,0,3,0,104,0,,2.08,4.17	2 cookies~24|1 package~220
2107119	B	29	452,6.45,16.1,71,742,12.9,3.23,0,9.7,0,3.48,65,306,0,,3.23,9.68	16 pieces~31|1 package~113
2588809	B	4	464,3.57,17.9,71.4,393,39.3,5.36,0,3.6,0,4.29,36,143,,0	1 serving~28
2566149	B	12	429,7.14,14.3,75,339,25,0,0,3.6,0,2.86,464,179,,0	1 serving~28
2500766	B	29	483,6.9,17.2,69,621,13.8,3.45,0,6.9,0,3.72,69,293,0,,3.45,10.3	14 pieces, per container~29|1 package~255
2500644	B	29	400,0,10,73.3,1070,0,0,0,0,0,4.67,0,133,,0	22 crackers~15|1 package~255
1970584	B	29	429,7.14,0,92.9,143,28.6,0,0,0,0,5.14,0,143,0,,0,0	1 cone~14|1 package~148
1461025	B	57	433,6.67,13.3,73.3,300,23.3,0,,,0,2.73,433,163,,0	23 pieces~30
2089462	B	29	433,6.67,11.7,73.3,533,3.33,1.67,0,3.3,0,2.4,0,283,0,,3.33,5,,,,,,,,333	6 crackers~30|1 package~255
1460987	B	57	469,6.12,18.4,71.4,571,14.3,3.06,0,6.1,0,3.24,93,235,2.8,,4.08	1 serving~49
1911624	B	5	467,6.67,16.7,70,567,13.3,3.33,0,10,0,3.6,67,333,0,,3.33,10	15 pieces~30|1 package~425
2500932	B	29	438,6.25,9.38,75,781,0,0,0,6.2,0,4.31,194,338,,0	5 crackers~16|1 package~481
1460271	B	57	476,9.52,14.3,66.7,1100,0,4.76,0,0,0,6.38,472,143,0	1 pack~21
1459194	B	57	476,4.76,14.3,76.2,571,28.6,7.14,0,0,0,4.29,10,71,0	1 pack~21
1459798	B	57	448,6.9,12.1,79.3,293,24.1,1.72,0,3.4,0,3.28,392,121,0	14 crackers~29
1459599	B	57	429,3.57,12.5,78.6,304,25,1.79,0,0,0,3.11,400,89,.2	1 pack~28
1459519	B	57	452,6.45,12.9,77.4,306,25.8,1.61,0,3.2,0,3.1,392,113,0	17 crackers~31
1461238	B	57	460,8,16,72,440,22,1,0,6,0,3.6,33,190,.2,,,,,4,0,.34,.4	1 pack~50
1461213	B	57	460,8,18,70,230,22,3,,6,0,3.6,21,180,0,,,,,4,0,.34,.4	1 pack~50
1461170	B	57	460,6,16,72,340,26,1,0,6,0,3.6,0,220,0,,10,,,1.41,0,.34,.4	1 serving~50
1460889	B	57	460,8,16,72,420,26,1,0,6,0,5.76,23,170,.2,,,,,7.14,1,.64,.62	1 pack~50
1460966	B	57	460,8,16,70,440,22,1,0,6,0,6.06,24,170,.2,,,,,7.36,1,.68,.64	1 pack~50
1461161	B	57	460,8,16,70,360,22,3,0,8,0,8.16,27,380,0,,,,,8,1,.64,.7	1 pack~50
1461117	B	57	400,6,16,64,240,20,2,0,8,0,3.6,19,210,0,,,,,4,0,.34,.4	1 pack~50
1461028	B	57	400,6,16,64,240,18,1,0,8,0,3.6,19,210,0,,8,,,4,0,.34,.4	1 pack~50
1460897	B	57	460,8,16,70,440,20,1,0,6,0,6.06,27,180,0,,,,,7.34,1,.68,.64	1 pack~50
1461167	B	57	400,6,14,66,240,20,1,0,8,0,3.6,20,200,.4,,,,,4,0,.34,.4	1 pack~50
1461106	B	57	380,6,14,64,300,18,2,0,8,0,3.6,22,240,0,,,,,4,0,.34,.4	1 pack~50
1461152	B	57	460,8,16,72,270,24,3,0,8,0,8.12,27,380,0,,,,,7.26,1,.56,.64	1 pack~50
1461110	B	57	460,6,14,76,270,24,1,0,8,0,10.5,27,250,1.3,,,,,14.6,1,1.24,1.44	1 pack~50
1460344	B	57	500,3.57,17.9,75,89,50,8.93,0,0,0,1.54,5,36,0	1 serving~28
540834	B	4	483,3.45,20.7,72.4,328,41.4,6.9,0,3.4,0,4.97,0,138,0	1 pack~29
723438	B	5	429,4.76,14.3,71.4,667,9.52,0,0,4.8,0,1.9,190,1000,,0	1 pack~21
722050	B	4	429,7.14,14.3,75,482,21.4,0,0,3.6,0,2.57,357,161,0	1 pack~28
664164	B	4	429,3.57,12.5,78.6,304,25,1.79,0,0,0,2.57,357,89,0,,1.79,7.14	1 pack~28
540983	B	4	480,8,20,64,360,32,8,0,0,0,2.88,0,140,0	1 pack~25
660578	B	4	400,20,16,44,440,20,4,20,6,0,3.6,120,190,0,,7,4,,4,0,.34,.4	1 pack~50
520468	B	4	400,6.67,15,60,350,30,3.33,50,0,0,2.4,67,167,0	1 soft baked filled snack~30
1458271	B	57	467,3.33,16.7,73.3,317,36.7,6.67,0,0,0,3.53,36,,0	2 cookies~30
1458211	B	57	464,3.57,16.1,75,339,35.7,5.36,0,0,0,3.89,39,,0	false~54
1460978	B	57	516,6.45,25.8,61.3,742,6.45,1.61,,,0,3.55,10,77,,0	12 crackers~31
1461244	B	57	516,6.45,25.8,61.3,742,6.45,1.61,,,0,3.55,10,77,,0	12 crackers~31
1457976	B	57	438,3.12,15.6,68.8,266,34.4,9.38,0,3.1,0,3.97,54,125,0	4 cookies~32
1458220	B	57	500,3.57,25,67.9,286,28.6,7.14,0,3.6,0,3.29,16,143,0	1 pack~28
1460983	B	57	485,3.03,24.2,66.7,333,33.3,7.58,,,0,3.33,15,130,,0	3 cookies~33
1458032	B	57	469,6.25,22.3,65.6,328,37.5,10.9,0,1.6,,3.38,0,141,0	1 cookie~32
1457642	B	57	469,6.25,22.3,62.5,344,34.4,12.5,0,2.3,,3.38,0,250,0	1 cookie~32
1460918	B	57	417,5.56,19.4,63.9,417,30.6,9.72,,,0,3.89,31,303,,0	2 cookies~36
1457684	B	97	485,3.03,24.2,66.7,333,33.3,7.58,0,3,0,3.61,17,136,0	3 cookies~33
1458485	B	57	529,5.88,26.5,64.7,324,29.4,14.7,0,0,0,3.12,15,118,0	1 cookie~17
1461229	B	57	452,3.23,19.4,67.7,274,35.5,9.68,,,0,2.55,6,84	2 cookies~31
1460932	B	57	452,6.45,19.4,64.5,548,29,9.68,0,3.2,0,3.06,21,194,.2,,6.45	2 cookies~31
1461246	B	57	452,3.23,19.4,67.7,274,35.5,9.68,,,0,2.55,6,84	2 cookies~31
1457925	B	57	452,3.23,19.4,67.7,290,35.5,9.68,0,3.2,0,2.71,12,113,0	1 serving~31
1461198	B	57	469,3.12,21.9,65.6,359,40.6,10.9,,,0,2.66,19,159,,0	2 cookies~32
1459575	B	57	467,6.67,20,63.3,267,36.7,11.7,0,3.3,0,3.23,30,117,.1	2 cookies~30
1461215	B	57	467,6.67,23.3,63.3,300,33.3,11.7,,,0,3.23,30,213,,0	2 cookies~30
1460480	B	57	500,6.25,25,62.5,219,31.2,9.38,0,0,0,4.94,22,156,0	1 cookie~16
1458344	B	57	500,6.25,25,68.8,250,37.5,9.38,0,0,0,3.88,26,125,0	1 cookie~16
1457960	B	57	485,6.06,23.6,66.7,333,33.3,7.58,0,3,,2.18,0,136,0	3 cookies~33
1460912	B	57	485,3.03,21.2,69.7,333,33.3,7.58,0,3,0,3.27,16,136,0,,4.55	1 serving~33
1458145	B	57	485,3.03,21.7,66.7,333,33.3,7.58,0,2.3,,3.27,0,121,0	1 serving~33
1458302	B	57	533,6.67,30,60,300,30,16.7,0,3.3,0,2.67,40,150,.1	2 cookies~30
1461138	B	57	485,3.03,24.2,66.7,333,33.3,7.58,,,0,3.33,15,130,,0	3 cookies~33
1461186	B	57	485,3.03,24.2,66.7,333,33.3,7.58,,,0,3.33,15,130,,0	3 cookies~33
1461004	B	57	455,6.06,18.2,72.7,424,33.3,6.06,,,0,3.33,12,121,,0	3 cookies~33
1460176	B	57	485,3.03,24.2,66.7,318,33.3,7.58,0,3,0,4.67,13,121,0	3 cookies~33
1459857	B	57	488,4.88,24.4,65.8,305,31.7,7.32,0,2.4,0,4.61,13,110,0	1 pack~41
1457804	B	57	500,3.33,23.3,66.7,283,30,6.67,0,3.3,0,3.23,17,150,0	14 cookies~99
1457308	B	57	516,3.23,22.6,67.7,274,29,6.45,0,3.2,0,3.16,16,129,0	5 cookies~31
1460342	B	57	452,6.45,12.9,77.4,387,22.6,3.23,0,3.2,0,3.26,15,81,0	7 cookies~31
1460943	B	57	444,0,0,88.9,111,0,0,0,0,0,4.44,18,0,0	1 cup~4.5
1461054	B	57	444,0,0,88.9,222,0,0,0,0,0,4.44,18,0,0,,0	1 serving~4.5
1459791	B	57	429,7.14,0,92.9,143,35.7,0,0,0,0,4.14,44,214,0	1 cone~14
1459576	B	95	281,12.5,18.8,6.25,1340,6.25,9.38,62,0,0,.56,685,,.1	2 tbsp~32
1458255	B	95	250,12.5,18.8,6.25,1410,6.25,3.12,31,0,0,.53,685,,.2	1 serving~32
1458001	B	57	452,6.45,14.5,74.2,581,29,3.23,0,3.2,0,6.29,15,226,0	5 cookies~31
650710	B	41	857,0,100,0,0,,17.9,0,,0,,,,,,42.9,35.7	1 tbsp~14
939960	B	0	607,17.9,50,25,179,7.14,5.36,,10.7,0	1 serving~28
851112	B	0	607,17.9,53.6,25,161,3.57,5.36,,7.1,0,5,143,679	1 serving~28
650750	B	0	571,25,50,17.9,571,3.57,7.14,0,7.1,0,5.14,71,714,0,,25,16.1,,10.7,,,,,143,357,,,,2	1 serving~28
650868	B	0	571,25,50,17.9,500,3.57,7.14,0,7.1,0,5.14,143,750,0,,25,16.1,,10.7,,,,,143,357,,,,2	1 serving~28
901086	B	0	571,21.4,42.9,32.1,250,21.4,5.36,,7.1,0,,,643,,,21.4,12.5	1 serving~28
878476	B	0	571,21.4,50,25,125,7.14,3.57,,10.7,0,3.93,250,750,,,32.1,12.5,,6.07,,1.07,,,250,,,,,2,2.86,,,21	1 serving~28
900820	B	0	571,17.9,50,25,411,7.14,5.36,,7.1,0,4.29,143	1 serving~28
977215	B	0	571,21.4,42.9,28.6,375,17.9,5.36,0,7.1,0,3.93,0,,,0,21.4,14.3,,17.9,,,,,143,,,,,1,.714	1 serving~28
939970	B	0	607,17.9,50,25,143,7.14,7.14,,7.1,0,5,,714	1 serving~28
650798	B	0	607,21.4,53.6,17.9,161,3.57,7.14,0,7.1,0,5.14,143,714,0,,28.6,14.3,,7.14,,,,,214,357,,,,2,1.07	1 serving~28
650792	B	0	571,17.9,46.4,32.1,357,7.14,8.93,0,3.6,0,6.43,0,679,0,,25,8.93,,,,,,,286,536,,5.36,,2,2.14	1 serving~28
503031	B	0	571,17.9,42.9,32.1,393,17.9,5.36,0,7.1,0,3.86,71,607,0,,25,10.7,,,,,,,214,357,,,,2,1.07	1 serving~28
851122	B	0	536,17.9,42.9,32.1,71,17.9,3.57,,10.7,0,3.21,214	1 serving~28
878322	B	0	571,17.9,50,25,339,7.14,5.36,,7.1,0,,,714,,,28.6,12.5	1 serving~28
878324	B	0	571,17.9,42.9,32.1,232,10.7,7.14,,3.6,0,,,643,,,25,7.14	1 serving~28
1033795	B	0	571,17.9,46.4,32.1,357,7.14,8.93,0,3.6,0,6.79,0,679,,0,25,8.93	1 serving~28
504085	B	0	607,17.9,50,25,161,7.14,7.14,0,7.1,0,5.14,143,679,0,,32.1,8.93,,,,,,,286,357,,,,2,1.79	1 serving~28
1459758	B	57	429,3.57,8.93,82.1,679,39.3,0,0,0,0,3.36,79,214,0	4 cookies~28
1457478	B	57	483,3.45,20.7,72.4,362,34.5,6.9,0,0,0,2.28,7,52,0	9 cookies~85
1459752	B	57	483,3.45,20.7,72.4,362,34.5,5.17,,0,0,3.52,7,52,0	9 cookies~29
1460865	B	57	464,7.14,17.9,71.4,411,28.6,8.93,,3.6,0,3.61,19,107,0	2 cookies~28
1460995	B	57	500,3.57,21.4,71.4,214,28.6,8.93,,0,0,3.89,9,54,0	2 cookies~28
1457329	B	57	433,6.67,13,73.3,267,23.3,1.67,0,6.7,,6,333,200,0,,,,,,,,,,,,,5	1 serving~30
1458234	B	57	433,6.67,13,73.3,467,20,1.67,0,3.3,,3.6,333,183,0	1 serving~30
1461048	B	57	433,6.67,13.3,73.3,467,20,1.67,0,3.3,0,3.5,503,183,0	17 pieces~30
1458834	B	57	429,7.14,14.3,75,482,21.4,1.79,0,3.6,0,3.57,502,196,0	1 pack~28
1461160	B	57	429,7.14,14.3,75,482,21.4,1.79,0,3.6,0,3.57,503,196,0,,3.57	1 serving~28
1460996	B	57	433,6.67,10,80,500,26.7,0,,,0,3,43,153,,0	4 squares~67
1460381	B	57	419,6.45,11.3,77.4,484,25.8,1.61,0,,0,2.94,45,165,,0	8 crackers~31
1461083	B	57	467,16.7,15,60,267,33.3,5,0,10,0,5.1,388,933,0	1 pack~30
1457502	B	57	419,6.45,14.5,74.2,242,25.8,1.61,0,6.5,0,6.1,24,403,0	1 serving~31
1461171	B	57	467,16.7,15,60,267,33.3,5,0,10,0,5.1,388,933,0,,3.33	1 serving~30
1458464	B	57	419,6.45,9.68,77.4,516,25.8,0,0,3.2,0,2.9,46,161,0	8 crackers~31
1460044	B	57	452,6.45,12.9,77.4,258,25.8,0,0,6.5,0,3.65,17,177,0	1 serving~31
1460189	B	57	452,6.45,12.9,77.4,258,25.8,0,0,6.5,0,3.65,17,177,0	1 serving~31
1458534	B	57	440,4,15.6,72,380,32,6,0,4,,2.88,800,260,0	1 serving~25
1460904	B	57	467,16.7,13.3,60,283,30,5,0,10,0,3.63,389,833,0,,3.33	1 serving~30
1461118	B	57	467,16.7,15,60,283,30,5,0,6.7,0,3.6,385,833,0,,3.33	1 serving~30
1461208	B	57	414,6.9,10.3,79.3,517,27.6,0,,,0,3,45,152,,0	4 squares~58
1459679	B	97	438,6.25,9.38,81.2,500,25,0,0,6.2,0,4.06,45,156,0	1 serving~16
1458915	B	57	438,6.25,9.38,81.2,594,25,0,0,0,0,4.88,42,94,0	1 serving~16
1459559	B	57	419,6.45,9.68,77.4,516,25.8,0,,3.2,0,2.9,46,161,0	8 crackers~31
1457831	B	57	419,6.45,9.68,77.4,581,25.8,0,0,,0,5.48,116,252,,0	8 crackers~31
1458577	B	57	419,6.45,11.3,77.4,516,25.8,1.61,0,3.2,0,4.1,51,210,0	8 crackers~31
1461058	B	57	387,6.45,6.45,80.6,484,25.8,0,,,0,3.23,52,177,,0	8 crackers~31
1460986	B	57	433,6.67,13.3,73.3,467,20,1.67,0,3.3,0,3.63,507,183,.1	17 pieces~30
1457357	B	57	419,6.45,9.68,77.4,516,25.8,0,0,3.2,0,2.9,46,161,0	1 serving~31
1461097	B	57	400,5.71,5.71,82.9,486,22.9,0,0,5.7,0,3.14,50,186,0	8 crackers~35
1457401	B	57	480,12,20.8,60,540,20,4,0,8,,2.88,400,360,0	1 serving~25
1458257	B	57	480,8,20.8,68,460,28,6,0,8,,2.88,400,340,0	1 pack~25
1458736	B	57	429,7.14,9.29,78.6,571,28.6,1.79,0,0,,2.57,0,161,0	1 pack~28
1459246	B	57	524,4.76,23.8,66.7,405,28.6,11.9,0,0,0,3.43,29,71,0	.12 serving~21
1461036	B	57	483,3.45,24.1,69,517,20.7,6.9,0,0,0,,,86	4 cookies~29
1460941	B	57	464,3.57,16.1,75,571,25,7.14,0,0,0,2.96,14,89,.1,,5.36	1 serving~28
1459948	B	57	488,4.65,23.3,67.4,512,18.6,5.81,0,2.3,0,3,13,93,0	1 pack~43
1461033	B	57	483,3.45,24.7,69,517,20.7,6.9,0,0,,2.48,0,86,0,,5.17	1 serving~29
1460899	B	57	407,3.7,18.5,66.7,130,44.4,9.26,,,0,4.07,22,181	2 cookies~27
1461052	B	57	407,3.7,18.5,66.7,130,44.4,9.26,,,0,4.07,22,181	2 cookies~27
1458201	B	57	345,3.45,6.9,72.4,328,41.4,0,0,3.4,0,2.38,76,259,.3	2 cookies~29
1457406	B	57	345,3.45,5.17,75.9,328,44.8,0,0,10.3,0,1.03,12,138,0	1 serving~29
1460400	B	57	379,3.45,5.17,75.9,328,41.4,0,0,10.3,0,1.45,12,155,.1	1 serving~29
1460117	B	57	345,3.45,6.9,72.4,328,41.4,0,0,3.4,0,2.38,76,259,.3	2 cookies~29
1460027	B	57	379,3.45,6.9,72.4,345,41.4,0,0,3.4,0,2.21,77,259,.3	1 serving~29
1461212	B	57	310,3.45,0,79.3,310,44.8,0,,3.4,0,2.41,100,259,.3	2 cookies~29
1461080	B	57	345,3.45,0,79.3,310,48.3,0,0,3.4,0,2.31,102,276,.4,,0	1 serving~29
1460489	B	57	345,3.45,5.17,72.4,328,41.4,0,0,10.3,0,1.07,13,138,1.3	1 serving~29
1457318	B	57	345,3.45,5.17,72.4,328,37.9,0,0,10.3,0,1.48,13,155,1.6	1 serving~29
1459058	B	57	484,6.45,18.9,71,258,29,6.45,0,3.2,,2.32,0,177,0	1 serving~31
1457390	B	57	345,3.45,5.17,72.4,328,41.4,0,0,3.4,0,1.59,29,138,3	2 cookies~29
1458808	B	57	345,3.45,6.9,72.4,328,44.8,0,0,3.4,0,1.59,30,138,3.8	1 serving~29
1458629	B	57	345,3.45,5.17,75.9,328,41.4,0,0,6.9,0,1.83,76,276,.3	2 cookies~29
1459486	B	57	379,3.45,5.17,75.9,328,41.4,0,0,6.9,0,2.17,75,276,.3	1 serving~29
1457171	B	57	355,3.23,6.29,71,355,38.7,0,0,6.5,,2.32,65,306,0	1 serving~31
1457177	B	57	452,6.45,16.8,71,290,25.8,3.23,0,3.2,,3.48,0,161,0	3 cookies~31
1460487	B	57	452,6.45,16.8,71,290,22.6,3.23,0,6.5,,3.48,0,194,0	3 cookies~31
1460314	B	57	452,6.45,16.8,71,306,22.6,3.23,0,3.2,,3.48,0,194,0	3 cookies~31
1460132	B	57	452,6.45,16.8,71,306,22.6,3.23,0,3.2,,3.48,0,177,0	3 cookies~31
1458489	B	57	452,6.45,16.8,71,306,22.6,3.23,0,3.2,,3.48,0,177,0	3 cookies~31
1459008	B	57	355,3.23,6.29,71,355,38.7,0,0,6.5,,2.32,65,306,0	1 serving~31
1458261	B	57	357,3.57,7.14,75,321,42.9,0,0,3.6,0,2.36,77,250,.3	1 cookie~28
1461057	B	57	333,3.33,0,76.7,300,46.7,0,,,0,2.07,100,263,,0	1 cookie~60
1457819	B	57	355,3.23,6.29,71,355,38.7,0,0,6.5,,2.32,65,306,0	2 cookies~31
1461155	B	57	375,3.57,6.25,73.2,357,41.1,1.79,0,8.9,0,2.41,80,286,0,,.89	1 serving~56
1460521	B	57	467,3.33,20,70,383,36.7,5,17,0,0,3.4,52,83,0	8 wafers~30
1461236	B	57	467,3.33,20,70,383,36.7,5,17,0,0,3.4,52,83,0	8 wafers~30
1458615	B	57	464,3.57,17.9,71.4,393,35.7,3.57,18,0,0,2.29,55,107,0	1 pack~28
1460869	B	57	414,3.45,5.17,82.8,379,41.4,0,0,0,0,2.72,66,121,0	8 wafers~29
1460535	B	57	467,3.33,20,70,383,36.7,5,17,0,0,2.27,55,100,0	20 wafers~64
1458356	B	57	476,0,14.3,76.2,167,61.9,7.14,0,0,0,1.48,22,48,0	.12 pie crust~21
1460043	B	57	480,8,20,64,360,32,8,0,0,0,3.24,28,140,0	1 pack~25
1459396	B	57	480,8,20,64,360,32,8,0,0,0,3.24,28,140,0	2 cookies~25
1461119	B	57	467,6.67,20,70,383,30,5,,,0,2.57,33,147,,0	10 cookies~99
1461179	B	57	480,8,20,68,360,32,8,0,4,0,3.44,30,160,0	2 cookies~25
1461219	B	57	480,8,20,64,360,28,8,,0,0,3.12,32,140,0	2 cookies~25
1459910	B	57	467,6.67,20,70,383,30,5,0,3.3,0,3.63,38,150,0	10 cookies~85
1459132	B	57	482,7.14,19.6,69.6,357,30.4,4.46,,1.8,0,2.48,30,152,0	1 pack~56
1458909	B	57	464,7.14,17.9,71.4,393,28.6,5.36,0,3.6,0,2.57,35,143,0	1 pack~28
1458611	B	57	500,6.67,20,70,400,30,5,0,3.3,0,2.53,38,167,0	10 cookies~30
1460224	B	57	464,7.14,17.9,67.9,357,28.6,5.36,,,0,2.5,36,143,,0	2 cookies~28
1459760	B	57	482,7.14,19.6,69.6,375,30.4,5.36,0,3.6,0,2.39,33,161,0	1 pack~56
1459280	B	57	500,9.38,28.1,59.4,250,25,7.81,0,3.1,0,2.47,22,250,0	1 serving~32
1460882	B	97	647,0,50,47.1,103,47.1,14.7,0,0,0,0,0,0,0,,10.3	2 tbsp~34
1460355	B	57	385,7.69,3.85,84.6,538,30.8,0,0,0,0,5.62,49,308,0	1 serving~13
1459922	B	97	481,3.7,18.5,74.1,389,40.7,5.56,,3.7,0,5.11,43,148,0	¼ cup~27
1458636	B	57	464,3.57,17.9,71.4,393,39.3,5.36,0,3.6,0,5.18,44,161,0	1 pack~28
1460926	B	97	448,6.9,13.8,75.9,621,31,0,0,3.4,0,5.83,71,224,0	26 wafers~29
1457732	B	57	483,3.45,20.7,69,345,44.8,6.9,0,3.4,0,4.79,40,241,0	2 cookies~29
1460315	B	57	476,4.76,21.4,71.4,333,42.9,7.14,0,0,0,4.48,37,143,0	1 serving~21
1461074	B	57	471,2.94,20.6,73.5,397,41.2,5.88,,,0,4.12,41,162,,0	3 cookies~34
1461202	B	57	471,2.94,20.6,73.5,397,41.2,5.88,,,0,4.12,41,162,,0	3 cookies~34
1459213	B	57	471,2.94,20.6,73.5,397,41.2,5.88,0,2.9,0,5.12,43,162,0	3 cookies~34
1460939	B	57	483,3.45,24.1,72.4,293,44.8,6.9,,,0,3.17,31,121,,0	2 cookies~29
1460466	B	57	517,3.45,24.1,72.4,276,41.4,6.9,0,0,0,1.72,8,52,0	2 cookies~29
1458323	B	57	483,3.45,20.7,72.4,310,44.8,6.9,0,3.4,0,4.48,35,155,0	2 cookies~29
1459047	B	57	500,2.94,20.6,73.5,353,35.3,5.88,0,0,0,3.47,7,44,0	3 cookies~34
1459602	B	57	483,3.45,20.2,72.4,362,44.8,6.9,0,1.7,,4.97,0,138,0	2 cookies~29
1459195	B	57	517,3.45,24.1,72.4,276,41.4,6.9,0,0,0,1.72,8,52,0	2 cookies~29
1461156	B	57	483,3.45,24.1,72.4,310,44.8,6.9,,,0,3.1,31,121,,0	2 cookies~29
1460524	B	57	483,3.45,24.1,72.4,310,44.8,6.9,0,0,0,3.97,34,121,0	2 cookies~116
1459721	B	57	462,3.85,20,69.2,423,38.5,5.77,0,2.9,,5.54,0,173,0	1 serving~26
1457728	B	57	471,2.94,21,70.6,471,41.2,5.88,0,2.9,,3.18,0,176,0	1 serving~34
1459032	B	57	500,2.78,25.3,69.4,208,52.8,13.9,0,2.8,,3,0,236,0	3 cookies~36
1460613	B	57	528,2.78,25.3,69.4,208,52.8,13.9,0,2.8,,3,0,167,0	3 cookies~36
1457587	B	57	517,3.45,24.1,72.4,276,41.4,6.9,0,0,0,1.76,8,52,0	1 serving~29
1458371	B	57	483,3.45,24.1,69,276,41.4,6.9,0,0,0,1.72,8,52,0	1 serving~29
1458602	B	57	490,3.92,19.6,72.6,373,35.3,4.9,0,2,0,2.18,33,69,0	1 pack~51
1460375	B	57	483,3.45,24.1,72.4,293,41.4,6.9,0,0,0,1.72,9,52,0	2 cookies~29
1460629	B	57	517,3.45,24.1,69,276,41.4,8.62,0,0,0,1.76,9,52,0	1 serving~29
1457603	B	57	500,2.94,20.6,73.5,353,35.3,5.88,,0,0,3.47,7,44,0	3 cookies~34
1458630	B	57	500,2.94,20.6,73.5,353,35.3,5.88,,0,0,3.47,7,44,0	3 cookies~34
1460054	B	57	471,2.94,20.6,73.5,397,41.2,5.88,0,2.9,0,5.12,43,162,0	3 cookies~113
1457487	B	57	517,3.45,24.1,72.4,276,41.4,6.9,,0,0,2.69,6,34,0	2 cookies~29
1460681	B	57	517,3.45,24.1,72.4,276,41.4,6.9,0,0,0,1.72,8,52,0	2 cookies~29
1459502	B	57	500,2.78,25,69.4,222,47.2,8.33,0,0,0,1.39,7,42,0	2 cookies~36
1459591	B	57	483,3.45,24.1,72.4,310,44.8,6.9,0,3.4,0,3.21,36,121,0	2 cookies~29
1457443	B	57	483,3.45,20.7,72.4,345,44.8,6.9,0,3.4,0,3.48,40,138,0	1 serving~29
1458195	B	57	476,4.76,19,71.4,405,40.5,4.76,0,2.4,0,5.19,44,155,0	1 serving~42
1461027	B	57	441,2.94,13.2,79.4,382,41.2,2.94,,,0,4.12,29,162,,0	3 cookies~34
1459512	B	57	483,3.45,24.1,72.4,310,44.8,6.9,0,3.4,0,3.28,38,138,0	1 serving~29
1459258	B	57	517,3.45,24.1,72.4,276,41.4,6.9,0,0,0,1.76,8,52,0	2 cookies~29
1457765	B	57	500,5,25,65,325,50,17.5,0,0,0,2.7,52,150,.1	1 cookie~20
1458326	B	57	471,2.94,20.6,73.5,397,41.2,5.88,0,2.9,0,5.12,43,162,0	3 cookies~34
1458542	B	57	483,3.45,24.1,72.4,310,44.8,6.9,0,0,0,3.97,34,121,0	2 cookies~29
1458138	B	57	448,6.9,17.2,72.4,483,37.9,3.45,0,3.4,0,4.24,20,155,0	9 cookies~85
1459021	B	57	471,4.41,19.1,72.1,397,39.7,5.15,0,1.5,0,5.12,43,154,0	1 pack~68
1457172	B	57	476,4.76,19,71.4,405,40.5,4.76,0,2.4,0,5.19,44,155,0	1 pack~42
1459719	B	57	483,3.45,20.7,72.4,397,37.9,6.9,0,3.4,0,4.34,47,172,0	9 cookies~85
1459937	B	57	517,3.45,24.1,72.4,276,41.4,6.9,0,0,0,2.69,6,34,0	2 cookies~113
1458659	B	57	483,3.45,24.1,72.4,310,44.8,6.9,,0,0,3.97,34,121,0	2 cookies~29
1458924	B	57	500,2.27,22.7,70.4,295,45.4,7.95,0,2.3,0,3.95,34,125,0	1 pack~44
1458419	B	57	483,3.45,20.7,72.4,362,34.5,5.17,0,0,0,3.52,7,52,0	9 cookies~99
1460430	B	57	483,3.45,20.7,72.4,397,37.9,6.9,0,3.4,0,5.17,44,155,0	9 cookies~99
1459237	B	57	483,3.45,20.7,72.4,397,37.9,6.9,0,3.4,0,5.17,44,155,0	9 cookies~29
1458793	B	57	476,4.76,23.8,66.7,429,33.3,9.52,0,0,0,5.57,47,167,0	.12 pie crust~21
1460861	B	57	483,3.45,20.7,72.4,293,44.8,6.9,,,0,3.79,34,172,,0	2 cookies~29
1457606	B	57	483,3.45,24.1,72.4,310,44.8,6.9,0,3.4,0,3.21,36,121,0	1 serving~29
1460885	B	57	483,3.45,24.1,72.4,293,44.8,6.9,,,0,3.17,31,121,,0	2 cookies~29
1457721	B	57	483,3.45,24.1,72.4,310,44.8,6.9,0,3.4,0,3.21,36,121,0	1 serving~29
1458531	B	57	483,3.45,24.1,72.4,310,44.8,6.9,0,3.4,0,3.21,36,121,0	2 cookies~29
1461041	B	57	483,3.45,24.1,69,293,44.8,8.62,,,0,3.17,31,121,,0	2 cookies~29
1461043	B	57	483,6.9,20.7,69,431,34.5,5.17,,,0,3.79,34,207,,0	2 cookies~29
1457407	B	57	483,3.45,24.1,72.4,310,44.8,6.9,0,0,0,3.97,34,121,0	2 cookies~29
1461234	B	57	500,2.78,25,69.4,208,52.8,13.9,0,2.8,0,3.19,27,167,0	3 cookies~36
1461105	B	57	528,2.78,25,69.4,208,52.8,13.9,0,2.8,0,3.19,27,167,0	3 cookies~36
1457207	B	57	517,3.45,24.1,72.4,276,41.4,6.9,,0,0,2.69,6,34,0	2 cookies~29
1459541	B	57	483,3.45,24.1,72.4,293,44.8,6.9,,0,0,3.17,34,121,0	2 cookies~29
1460003	B	57	483,3.45,24.1,72.4,293,44.8,6.9,0,0,0,3.31,20,86,0	1 serving~29
1457523	B	57	483,3.45,24.1,69,310,44.8,6.9,0,3.4,0,3.28,37,138,0	1 serving~29
1457579	B	57	517,3.45,24.1,69,276,41.4,6.9,0,0,0,1.72,8,52,0	1 serving~29
1458756	B	57	517,3.45,24.1,69,276,41.4,6.9,0,0,0,1.76,8,52,0	1 serving~29
1460518	B	57	483,3.45,24.1,72.4,207,44.8,6.9,0,3.4,0,2.9,35,172,0	1 serving~29
1457877	B	57	448,3.45,20.7,72.4,397,37.9,5.17,0,3.4,0,4.72,42,155,0	1 serving~29
1459378	B	57	483,3.45,24.1,72.4,241,41.4,6.9,,3.4,0,2.03,10,86,.1	2 cookies~29
1457552	B	57	483,3.45,24.7,69,310,44.8,6.9,0,1.7,,3.72,0,121,0	2 cookies~29
1460159	B	57	483,3.45,24.1,72.4,310,44.8,6.9,0,3.4,0,3.21,36,121,0	1 serving~29
1457397	B	57	483,3.45,20.7,72.4,328,37.9,5.17,,0,0,2.1,7,52,0	4 cookies~29
1457476	B	57	483,3.45,20.7,72.4,328,41.4,6.9,0,3.4,0,4.28,12,155,0	4 cookies~29
1461016	B	57	483,3.45,20.7,72.4,328,41.4,6.9,,,0,3.79,10,141,,0	4 cookies~29
1461193	B	57	438,6.25,9.38,75,844,0,0,,,0,4.69,188,100,,0	5 crackers~16
1461017	B	57	438,6.25,9.38,75,844,0,0,,,0,4.69,19,119,,0	5 crackers~16
1461200	B	57	438,6.25,9.38,75,844,0,0,,,0,4.69,19,119,,0	5 crackers~51
1460881	B	57	400,6.67,10,80,933,0,0,,,0,4.73,19,107,,0	6 crackers~15
1461015	B	57	400,6.67,10,73.3,1070,0,0,,,0,4.6,13,107,,0	22 crackers~15
1461009	B	57	438,6.25,9.38,75,844,0,0,,,0,4.69,19,119,,0	5 crackers~16
1461141	B	57	438,6.25,9.38,81.2,375,0,0,,,0,4.75,12,106,,0	5 crackers~16
1460549	B	57	400,6.67,10,73.3,933,0,0,0,6.7,0,4.87,41,233,0	6 crackers~15
1459806	B	57	438,6.25,9.38,75,844,0,0,0,0,0,4.75,27,125,0	5 crackers~16
1460919	B	57	467,6.67,13.3,73.3,933,0,0,,,0,4.4,14,100,,0	17 crackers~15
1460924	B	57	433,6.67,5,83.3,400,0,0,0,0,0,1.2,36,100,0,,3.33	19 crackers~30
1461038	B	57	429,4.76,14.3,71.4,905,9.52,0,0,0,0,3.52,169,95,0,,2.38	1 serving~21
1457282	B	57	516,6.45,29,61.3,484,12.9,9.68,0,0,0,4.23,174,226,.1	13 sandwiches~31
1461039	B	57	516,6.45,29,61.3,548,12.9,9.68,0,3.2,0,2.97,192,258,1.9	13 sandwiches~31
1461060	B	57	500,7.14,25,60.7,857,10.7,7.14,18,10.7,0,2.82,176,268,.4	1 pack~28
1459430	B	57	500,10.7,20.9,60.7,607,10.7,5.36,0,10.7,,2.57,143,304,0	1 pack~28
1461013	B	57	500,7.14,25,60.7,750,10.7,8.93,18,10.7,0,2.82,186,214,.2	1 pack~28
1459133	B	57	476,4.76,21.4,66.7,905,9.52,0,0,,0,3.05,157,90	1 pack~21
1459169	B	57	500,6.25,28.1,62.5,656,6.25,6.25,0,0,0,3.38,143,94,0	5 crackers~16
1458999	B	57	500,6.25,28.1,62.5,656,6.25,6.25,0,0,0,3.38,143,94,0	5 crackers~16
1459854	B	57	516,6.45,29,61.3,516,12.9,9.68,0,0,0,2.9,183,258,.2	13 sandwiches~31
1457706	B	57	500,10,26.7,60,450,13.3,6.67,0,3.3,0,3.33,134,183,0	12 sandwiches~30
1458645	B	57	500,7.89,23.7,60.5,842,10.5,9.21,13,0,0,4.13,238,316,.3	1 serving~38
1460425	B	57	536,7.14,28.6,57.1,429,14.3,10.7,,0,0,2.75,184,286,.2	1 pack~28
1458622	B	57	524,7.14,28.6,61.9,476,14.3,9.52,0,0,0,4.21,174,226,.1	1 serving~42
1460424	B	57	500,7.89,26.3,60.5,842,10.5,10.5,13,0,0,3.97,171,171,.2	1 serving~38
1458884	B	57	500,6.25,28.1,62.5,656,6.25,6.25,0,0,0,4.94,137,62,0	5 crackers~16
1457633	B	57	500,6.25,28.1,62.5,656,6.25,6.25,0,0,0,3.38,144,94,0	5 crackers~43
1461217	B	57	467,6.67,16.7,66.7,800,13.3,3.33,,,0,3.33,133,200,,0	5 crackers~41
1457411	B	57	485,3.03,24.2,69.7,455,39.4,18.2,,,0,3.33,91,152,,0	4 crackers~33
1460951	B	57	500,6.25,25,62.5,656,6.25,6.25,,,0,3.12,125,62,,0	5 crackers~16
1461078	B	57	500,6.25,25,62.5,156,6.25,6.25,,,0,3.75,125,375,,0	5 crackers~16
1460172	B	57	500,6.25,25,62.5,688,12.5,6.25,0,6.2,0,3.88,146,156,0	5 crackers~16
1460968	B	57	500,6.25,28.1,62.5,656,6.25,6.25,,,0,3.12,125,62,,0	5 crackers~16
1459611	B	57	500,6.25,28.1,62.5,656,6.25,6.25,0,0,0,3.38,143,94,0	5 crackers~16
1461168	B	57	467,6.67,13.3,73.3,767,6.67,0,,,0,4,133,67,,0	5 crackers~15
1457809	B	57	500,6.25,21.9,62.5,938,6.25,6.25,0,0,0,5.19,144,156,4.4	5 crackers~16
1457508	B	57	500,6.25,28.1,62.5,656,6.25,6.25,0,0,0,4.94,138,62,0	5 crackers~16
1460503	B	57	464,7.14,20.9,67.9,929,10.7,3.57,0,0,,3.86,143,107,0	1 serving~28
1460461	B	57	500,6.25,28.1,62.5,656,6.25,6.25,0,0,0,4.94,138,62,0	5 crackers~16
1460531	B	57	467,6.67,16.7,66.7,800,13.3,3.33,0,6.7,0,4,168,200,0	5 crackers~15
1458412	B	57	474,7.89,23.7,60.5,895,10.5,7.89,13,5.3,0,3.11,194,276,.1	1 serving~38
1458164	B	57	500,6.25,28.1,62.5,656,6.25,6.25,0,0,0,3.38,143,94,0	5 crackers~16
1457415	B	57	516,6.45,29.4,58.1,516,16.1,9.68,0,0,,2.32,194,306,0	13 sandwiches~31
1460103	B	57	517,10.3,27.6,58.6,724,13.8,5.17,0,3.4,0,3.03,120,207,0	12 sandwiches~85
1461192	B	57	516,6.45,29,58.1,484,12.9,9.68,,,0,2.9,194,226,,0	13 sandwiches~85
1457574	B	57	526,5.26,29,57.9,816,13.2,7.89,13,2.6,0,2.55,230,316,.3	1 serving~38
1457785	B	57	513,10.3,28.2,56.4,795,12.8,5.13,0,2.6,0,2.72,116,218,0	1 pack~39
1457209	B	57	500,10.7,28.6,57.1,714,10.7,5.36,,3.6,0,3.04,120,196,0	1 pack~28
1460902	B	57	429,7.14,14.3,71.4,893,7.14,3.57,0,7.1,0,4.14,83,214,0	1 pack~28
1460962	B	57	464,7.14,17.9,67.9,857,10.7,3.57,0,3.6,0,3.36,173,143,.4	1 serving~28
1460102	B	57	464,7.14,21.4,67.9,929,10.7,3.57,0,0,0,4.61,160,107,0	1 serving~28
1457257	B	57	464,7.14,14.3,71.4,893,10.7,1.79,0,0,0,5.11,162,71,0	1 serving~28
1459116	B	57	500,3.57,21.4,67.9,500,7.14,1.79,0,3.6,0,2.29,50,196,4.2	1 serving~28
1458025	B	57	464,7.14,21.4,67.9,929,10.7,3.57,0,0,0,4.68,158,89,0	1 serving~28
1460884	B	57	500,7.14,21.4,64.3,1000,7.14,0,,,0,3.79,164,121,,0	5 crackers~14
1461169	B	57	484,6.45,22.6,64.5,903,9.68,3.23,0,0,0,4.87,79,290,0,,4.84	1 serving~31
1457884	B	57	433,6.67,13.3,73.3,317,26.7,1.67,0,6.7,0,5.37,425,367,0	24 pieces~30
1458209	B	57	433,6.67,13.3,73.3,317,23.3,3.33,0,3.3,0,3.43,438,250,0	1 serving~30
1459755	B	57	429,7.14,14.3,78.6,464,21.4,3.57,0,0,0,4.07,388,143,0	1 pack~14
1459379	B	57	429,4.76,14.3,76.2,333,23.8,0,0,4.8,0,3.48,452,190,0	1 pack~21
1460653	B	57	433,6.67,13.3,73.3,283,23.3,1.67,0,6.7,0,3.57,441,167,0	1 serving~30
1458749	B	57	433,6.67,13.3,73.3,300,23.3,1.67,0,3.3,0,3.57,422,167,0	24 pieces~30
1458501	B	57	429,7.14,14.3,71.4,357,28.6,1.79,,7.1,0,4.21,418,375,0	1 pack~28
1460372	B	57	429,7.14,14.3,75,321,25,1.79,0,3.6,0,3.57,422,161,0	1 pack~28
1457842	B	57	433,6.67,13.3,73.3,300,23.3,1.67,0,3.3,0,3.57,422,167,0	24 pieces~78
1460409	B	57	429,7.14,14.3,75,321,25,1.79,0,3.6,0,3.57,452,179,0	1 pack~28
1459668	B	57	433,6.67,13.3,76.7,333,23.3,1.67,0,6.7,0,3.47,438,167,0	24 pieces~85
1457333	B	57	433,6.67,13.3,76.7,317,26.7,1.67,0,3.3,0,4,408,167,0	1 serving~30
1457653	B	57	433,6.67,13,73.3,367,26.7,1.67,0,6.7,,6,333,383,0,,,,,,,,,,,,,5	1 serving~30
1460057	B	57	400,6.67,15,60,350,30,3.33,50,,0,2,83,183	1 soft baked filled snack~30
1460306	B	57	400,6.67,13.3,60,383,30,1.67,50,0,0,2.6,95,183,0	1 soft baked filled snack~30
1460953	B	57	429,10.7,12.5,71.4,607,0,1.79,0,10.7,0,5,34,411,.1,,3.57,,,,,,,,,418	1 serving~28
1461075	B	57	429,10.7,12.5,71.4,482,3.57,1.79,,10.7,0,4.93,38,411,.3,,,,,,,,,,,366	6 crackers~28
1460923	B	57	433,6.67,10,76.7,133,10,0,0,6.7,0,1.9,51,250,.8,,1.67,,,,,,,,,285	1 serving~30
1460911	B	57	429,10.7,14.3,71.4,571,3.57,3.57,0,10.7,0,4.89,36,411,3.9,,,,,,,,,,,365	6 crackers~28
1461047	B	57	429,10.7,12.5,71.4,500,0,1.79,0,10.7,0,5,43,411,.1,,1.79,,,,,,,,,364	1 serving~28
1460878	B	57	429,10.7,12.5,71.4,500,0,1.79,0,10.7,0,5,43,411,.1,,,,,,,,,,,364	6 crackers~28
1461030	B	57	429,10.7,14.3,71.4,286,3.57,1.79,0,10.7,0,5.04,39,411,.2,,3.57,,,,,,,,,368	1 serving~28
1460874	B	57	429,10.7,12.5,71.4,500,0,1.79,0,10.7,0,5.04,35,429,1.1,,1.79,,,,,,,,,370	1 serving~28
1461051	B	57	429,10.7,14.3,71.4,429,0,1.79,,10.7,0,5.07,36,429,.5,,,,,,,,,,,377	6 crackers~28
1461076	B	57	429,10.7,12.5,71.4,571,3.57,1.79,0,10.7,0,4.86,46,429,0,,3.57,,,,,,,,,381	1 serving~28
1461174	B	57	429,10.7,12.5,71.4,179,0,1.79,0,10.7,0,5.18,33,429,0,,,,,,,,,,,388	6 crackers~28
1461034	B	57	429,10.7,12.5,71.4,536,0,1.79,0,10.7,0,4.89,32,393,0,,3.57,,,,,,,,,366	1 serving~28
1461207	B	57	429,10.7,12.5,71.4,571,0,0,0,,0,5,36,414,,0	6 crackers~28
1461037	B	57	433,10,15,70,567,0,1.67,0,10,0,5,32,400,0,,3.33,,,,,,,,,375	1 serving~30
1460900	B	57	429,10.7,12.5,71.4,571,0,1.79,,10.7,0,5.11,32,411,0,,,,,,,,,,,383	6 crackers~28
1460977	B	57	448,10.3,15.5,69,586,3.45,3.45,0,10.3,0,4.79,52,414,0,,,,,,,,,,,368	14 crackers~29
1460989	B	57	429,10.7,12.5,71.4,286,3.57,1.79,0,10.7,0,5,42,429,0,,1.79,,,,,,,,,362	1 serving~28
1457299	B	57	448,6.9,15.7,69,379,,1.72,0,6.9,,2.48,0,259,12.4,,,,,,,,,,,276	1 serving~29
1461214	B	57	393,10.7,8.93,75,536,0,0,0,10.7,0,5.39,34,446,0,,,,,,,,,,,405	6 crackers~28
1460868	B	57	393,10.7,8.93,75,536,0,0,0,10.7,0,5.39,34,446,0,,,,,,,,,,,405	6 crackers~28
1461071	B	57	429,10.7,14.3,71.4,482,0,1.79,,10.7,0,4.96,32,411,0,,,,,,,,,,,374	6 crackers~28
1461045	B	57	433,10,11.7,73.3,383,3.33,1.67,0,6.7,0,2.1,51,317,26.7,,,,,,,,,,,307	6 crackers~30
1460927	B	57	433,6.67,11.7,76.7,300,3.33,1.67,0,6.7,0,1.97,50,267,1.3,,3.33,,,,,,,,,290	1 serving~30
1460916	B	57	429,10.7,14.3,71.4,464,3.57,1.79,0,10.7,0,4.89,32,393,0,,,,,,,,,,,364	6 crackers~28
1460959	B	57	429,10.7,14.3,71.4,464,3.57,1.79,0,10.7,0,4.71,33,393,0,,,,,,,,,,,353	6 crackers~28
1460863	B	57	433,6.67,11.7,73.3,450,0,1.67,0,3.3,0,1.87,28,233,.1,,,,,,,,,,,308	6 crackers~30
1461006	B	57	429,10.7,14.3,71.4,571,3.57,1.79,0,10.7,0,4.96,33,429,.6,,3.57,,,,,,,,,371	1 serving~28
1457347	B	57	400,10,8.67,76.7,533,0,0,0,10,,6,0,450,0,,,,,,,,,,,333	7 crackers~30
1461029	B	57	433,6.67,10,76.7,600,3.33,0,0,3.3,0,1.8,26,233,.1,,,,,,,,,,,317	10 crackers~30
1461181	B	57	429,10.7,12.5,71.4,571,0,1.79,,10.7,0,5.11,32,411,0,,,,,,,,,,,383	6 crackers~28
1461008	B	57	433,10,11.7,73.3,567,0,1.67,0,13.3,0,5.17,33,417,0,,1.67,,,,,,,,,388	1 serving~30
1461243	B	57	467,6.67,23.3,63.3,1000,6.67,5,,,0,3.33,143,193,,0	21 crackers~30
1460862	B	57	433,6.67,10,76.7,767,6.67,0,0,6.7,0,2.4,0,433,16	24 chips~30
1460318	B	57	433,6.67,10,76.7,700,6.67,0,0,6.7,0,1.97,20,433,14	25 chips~30
1460200	B	57	433,6.67,10,76.7,767,6.67,0,0,6.7,0,1.93,53,467,13.3	1 serving~30
1460937	B	57	429,7.14,10.7,78.6,643,0,0,0,7.1,0,4.57,22,143,0	2 crackers~14
1460572	B	57	452,6.45,16.1,71,645,16.1,1.61,0,9.7,0,2.81,94,284,,0	16 pieces~31
1458738	B	57	452,6.45,16.1,71,677,16.1,1.61,0,9.7,0,2.81,94,284,,0	11 pieces~31
1457441	B	57	480,8.47,16.5,70.6,593,11.3,2.82,0,8.5,,3.05,113,325,0	1 package~35.4
1461147	B	57	467,6.67,17.3,70,600,10,3.33,0,10,0,3.6,133,333,0	15 pieces~30
1460638	B	57	400,6.67,13,73.3,800,10,1.67,0,16.7,,3.6,133,333,8	15 pieces~30
1459695	B	57	452,6.45,16.1,71,177,12.9,1.61,0,9.7,0,2.87,29,290,,0	1 serving~31
1458170	B	57	452,6.45,16.1,71,742,12.9,3.23,0,9.7,0,2.81,95,290,0	16 pieces~31
1460258	B	57	467,6.67,19.5,66.7,833,10,3.33,0,10,,3.6,67,283,0	14 pieces~30
1461059	B	57	429,7.14,10.7,78.6,179,0,0,0,7.1,0,4.57,22,143,0	2 crackers~14
1460990	B	57	433,10,10,73.3,867,0,0,,,0,4.33,0,133,,0	18 crackers~30
1458418	B	57	433,6.67,13.3,73.3,633,10,1.67,0,6.7,0,3.17,30,243,,0	14 pieces~30
1458559	B	57	480,5.65,16.5,70.6,565,14.1,2.82,0,8.5,,3.05,113,282,0	1 package~35.4
1457598	B	57	459,7.06,15.9,70.6,741,14.1,1.76,0,7.1,0,3.46,93,300,0	1 pack~28.3
1460104	B	57	452,6.45,16.1,71,645,16.1,1.61,0,9.7,0,2.81,94,284,,0	16 pieces~31
1458124	B	57	467,6.67,16.7,70,633,13.3,3.33,0,10,0,3.37,99,300,0	1 serving~30
1461216	B	57	414,6.9,12.1,75.9,690,13.8,1.72,,,0,3.1,103,310,,0	16 pieces~29
1461069	B	57	414,6.9,12.1,75.9,690,13.8,1.72,,,0,3.1,103,310,,0	16 pieces~29
1461091	B	57	483,6.9,17.2,72.4,621,13.8,3.45,0,6.9,0,3.38,93,310,.9	14 pieces~29
1457307	B	57	467,6.67,16.7,70,533,13.3,1.67,0,6.7,0,3.03,103,330,,0	15 pieces~30
1460021	B	57	467,6.67,16.7,70,533,13.3,1.67,0,6.7,0,3.03,103,330,,0	15 pieces~30
1460236	B	57	464,7.14,18.6,71.4,643,14.3,1.79,0,7.1,,2.57,71,304,0	1 serving~28
1460880	B	57	464,7.14,17.9,71.4,571,14.3,3.57,0,7.1,0,3.54,94,321,2.8,,3.57	1 serving~28
1458396	B	57	464,7.14,17.9,67.9,821,10.7,3.57,0,7.1,0,2.61,155,268,0	1 serving~28
1458481	B	57	464,7.14,18.6,67.9,750,10.7,3.57,0,7.1,,3.86,143,304,0	1 serving~28
1460994	B	57	476,4.76,19,71.4,905,9.52,2.38,0,4.8,0,3.38,166,214,5.5,,4.76	1 package~21
1459552	B	57	429,7.14,16.1,71.4,929,14.3,1.79,0,10.7,0,2.68,183,357,2.1	1 serving~28
2642144	B	130	0,.12,0,0,2,,,,,,,4,50	1 cup prepared~250
2678689	B	130	0,.12,0,0,2,,,,,,,4,50	1 cup prepared~250
2642148	B	130	0,.12,0,0,2,,,,,,,4,50	1 cup prepared~250|1 package~546
2642141	B	130	0,.12,0,0,2,,,,,,,4,50	1 cup prepared~250
2642143	B	130	0,.12,0,0,2,,,,,,,4,50	1 cup prepared~250
2642149	B	130	0,.12,0,0,2,,,,,,,4,50	1 cup prepared~250
2642147	B	130	0,.12,0,0,2,,,,,,,4,50	1 cup prepared~250
2267023	B	10	0,0,0,0,0,0,0,0,0,0,0,0,,0	1 tbsp~5|1 package~946
1902329	B	0	450,33.7,35.7,18.3,157,0,6,0,11.3,0,1.8,67,,0,,17.7,10.3	1 serving~30|1 package~141
1902328	B	0	430,32.3,30.7,33.3,190,15.3,4,8,11,0,1.8,67,,2	1 serving~30|1 package~141
1902332	B	0	473,35,34,25.3,383,2.33,6,17,13.3,0,2.4,100,,6	1 serving~30|1 package~141
1883058	B	35	61,3.03,3.03,6.06,576,,,,,,5.45,,,27.3,,,,,,,,1.21,,,,.73	2 tbsp~33|1 package~241
1883057	B	32	61,3.03,3.03,6.06,576,,,,,,5.45,,,27.3,,,,,,,,1.21,,,,.73	2 tbsp~33|1 package~241
2285967	B	5	464,7.14,17.9,67.9,536,3.57,0,0,7.1,0,1.29,71,,0	12 chips~28|1 package~156
534854	B	2	36,3.57,0,10.7,304,0,0,0,3.6,0,1.29,0,,0,,,,,,,,2.5,,,,2.14	1 serving~28
2147890	B	52	189,1.05,8.42,25.3,84,17.9,6.32,0,5.3,0,0,7,103,,0	2/3 cup~95|1 package~473
2136466	B	52	211,1.05,9.47,26.3,63,14.7,7.37,0,5.3,0,0,5,71,,0	2/3 cup~95|1 package~473
2008583	B	52	200,1.05,9.47,24.2,105,15.8,7.37,0,6.3,0,1.05,7,119,,0	2/3 cup~95|1 package~473
2110207	B	52	205,2.74,13.7,28.8,55,12.3,9.59,0,8.2,0,1.48,27,96,1.6	½ cup~73|1 package~473
2664846	B	52	178,1.37,9.59,28.8,55,12.3,8.22,0,6.8,0,.99,0,82,1.6,,,,0	½ cup~73|1 package~473
2584166	B	3	211,1.05,10.5,25.3,58,14.7,7.37,0,1.1,0,1.05,7,94,,0	2/3 cup per serving~95
2607194	B	52	126,1.05,10.5,20,16,2.11,8.42,0,8.4,0,1.05,8,169,,0	2/3 cup per serving~95
2664856	B	52	179,1.05,9.47,21,53,11.6,8.42,0,7.4,0,1.05,9,167,,0	2/3 cup~95|1 package~473
2664844	B	52	200,1.05,9.47,24.2,63,12.6,7.37,0,6.3,0,1.05,6,106,,0	2/3 cup~95|1 package~473
2062094	B	52	189,1.05,9.47,23.2,58,13.7,7.37,0,6.3,0,1.05,7,125,,0	2/3 cup~95|1 package~473
2584162	B	3	189,1.05,9.47,23.2,58,13.7,7.37,0,6.3,0,1.05,7,125,,0	2/3 cup per serving~95
2664845	B	52	164,0,9.59,26,68,12.3,8.22,0,6.8,0,.49,0,0,1.6,,,,0	½ cup~73|1 package~473
1978575	B	52	189,1.05,8.42,23.2,53,14.7,7.37,0,6.3,0,0,7,92,,0	2/3 cup~95|1 package~473
2607193	B	3	137,1.05,12.6,22.1,16,2.11,8.42,0,8.4,0,0,8,82,,0	2/3 cup per serving~95
2664842	B	52	211,1.05,11.6,22.1,47,13.7,9.47,0,6.3,0,1.05,8,98,,0	2/3 cup~95|1 package~473
1632430	B	52	205,1.37,15.1,24.7,82,9.59,8.22,0,6.8,0,.49,0,0,1.6	½ cup~73
2584167	B	52	170,.94,9.43,18.9,52,11.3,8.49,0,6.6,0,0,6,79,,0	1 container~106
2593642	B	52	194,2.78,6.94,27.8,250,19.4,6.94,0,0,0,0,11,97,,0	2 pieces~36|1 package~108
2664847	B	52	200,2.11,11.6,19,68,10.5,8.42,0,7.4,0,1.05,14,121,,0	2/3 cup~95|1 package~473
2584165	B	52	189,1.05,8.42,24.2,53,15.8,7.37,0,0,0,0,15,66,,0	2/3 cup per serving~95
2664848	B	52	200,1.05,10.5,23.2,53,13.7,7.37,0,6.3,0,1.05,15,126,,0	2/3 cup~95|1 package~473
2196196	B	52	189,1.05,8.42,25.3,68,13.7,7.37,0,1.1,0,1.05,11,115,,0	2/3 cup~95|1 package~473
2584164	B	52	189,1.05,8.42,25.3,68,13.7,7.37,0,1.1,0,1.05,11,115,,0	2/3 cup per serving~95
2584163	B	52	179,1.05,7.37,29.5,47,17.9,6.32,0,1.1,0,0,6,93,,0	2/3 cup per serving~95
2584161	B	52	179,1.05,9.47,20,53,11.6,7.37,0,6.3,0,0,9,74,,0	2/3 cup per serving~95
2136467	B	52	179,1.05,9.47,20,53,11.6,7.37,0,6.3,0,0,9,74,,0	2/3 cup~95|1 package~473
2607195	B	52	116,1.05,9.47,19,16,2.11,8.42,0,7.4,0,0,4,85,,0	2/3 cup per serving~95
2095308	B	52	205,0,9.59,28.8,82,13.7,8.22,0,6.8,0,0,0,,0	½ cup~73|1 package~473
2607196	B	52	116,1.05,9.47,17.9,16,2.11,8.42,0,7.4,0,0,5,83,,0	2/3 cup per serving~95
2664843	B	52	168,1.05,9.47,19,53,11.6,8.42,0,6.3,0,0,5,78,,0	2/3 cup~95|1 package~473
2449645	B	61	356,8.89,0,80,0,0,0,0,2.2,0,0,2,151,,0	¼ cup~45|1 package~4540
2375611	B	61	356,8.89,0,80,0,0,0,0,2.2,0,0,2,151,,0	¼ cup~45|1 package~4540
1894631	B	83	106,18.5,2.98,.66,258,.66,.66,79,0,,.72,13,,0	1 burger~151|1 package~907
2382364	B	36	80,16.8,.88,0,434,0,0,124,0,0,0,80,204,,0	one tail~113|1 package~2268
2385505	B	36	62,14.3,.45,0,768,0,0,134,0,0,.09,45,89,,0	1 serving~112|1 package~709
2463219	B	78	89,18.8,1.79,2.68,68,0,.45,49,0,0,.54,10,304,,3.12	1 serving~112
2465663	B	36	89,20.5,.89,0,161,0,0,40,0,0,.18,9,232,,.525	1 serving~112|1 package~1360
2507350	B	35	141,4.69,9.38,10.9,281,3.12,1.56,0,3.1,0,1.69,31,,1.9	¼ cup~64|1 package~226
2415329	B	35	94,1.56,5.47,12.5,219,3.12,3.91,0,3.1,0,2.25,31,,1.9	¼ cup~64|1 package~226
1152450	B	2	275,0,20,22.5,850,,17.5	2 slices~40
1152443	B	2	275,0,20,22.5,850,,17.5	2 slices~40
1152445	B	2	275,0,20,22.5,850,,17.5	2 slices~40
1874197	B	1	544,17.5,40.4,36.8,53,24.6,5.26,9,5.3,0,1.89,70,,0	1 serving~57|1 package~130
2042409	B	4	442,5.26,11.6,77.9,189,44.2,2.63,16,1.1,3.16,.76,21,,0	1 decorated cookie~95
2044324	B	4	442,5.26,11.6,77.9,189,44.2,2.63,16,1.1,3.16,.76,21,,0	1 decorated cookie~95
1662055	B	67	333,33.3,0,33.3,0,0,0,0,33.3,0,12,0,,80	1 sheet~3
2439686	B	0	500,13.3,20,60,300,13.3,3.33,0,6.7,,2.4,0,,0	¼ cup~30|1 package~160
2439687	B	0	500,16.7,23.3,56.7,300,10,5,0,6.7,,1.2,0,,0	¼ cup~30|1 package~160
2439685	B	12	500,13.3,23.3,56.7,283,13.3,5,0,3.3,,1.2,0,,0	¼ cup~30|1 package~160
2439689	B	29	500,13.3,23.3,60,333,6.67,3.33,0,3.3,,2.4,0,,0	¼ cup~30|1 package~160
1868357	B	103	256,12.8,0,51.3,14400,25.6,0,0,0,0,0,0,,0	1 packet~7.8|1 package~23.4
398583	B	43	167,0,0,33.3,20300,0,0,0,0,0,0,0,,0	1 packet~3
2626434	B	11	273,18.2,0,36.4,14400,0,0,0,0,0,0,0,,0,,,,0	1 packet~5.5|1 package~33
402248	B	11	182,18.2,0,36.4,17100,0,0,0,0,0,0,0,,0	1 packet~5.5
2395865	B	33	80,4,0,17.6,232,1.6,0,0,0,,.58,16,,0	1 serving~125|1 package~255
2025162	B	23	150,3.33,10,16.7,1670,6.67,,0,0	2 tbsp~30|1 package~283
2025159	B	35	117,3.33,5,13.3,1230,6.67,,0,0	2 tbsp~30|1 package~283
2025158	B	23	100,3.33,3.33,10,1100,6.67,,0,0	2 tbsp~30|1 package~283
1064281	B	53	30,0,0,7.59,0,6.75,0,0,0,0,0,2,13	1 serving~237
2486117	B	3	135,2.25,3.37,24.7,39,23.6,1.69,28,1.1,0,,79,124,,.675	1 bar~89
1996325	B	3	112,0,0,29.2,0,28.1,0,0,1.1,0,.11,22,67,,0	1 bar~89
2061662	B	3	189,5.62,10.1,20.2,60,18,4.49,49,1.1,0,.4,146,,.7	4 fl oz~89
1889778	B	3	208,3.37,8.99,28.1,108,27,5.62,52,0,0,.2,124,,.7	4 fl oz~89|1 package~740
1947722	B	3	119,3.39,5.08,15.2,55,15.2,2.97,38,0,0,0,127,,0	4 fl oz~118|1 package~740
2510844	B	3	157,4.49,6.74,20.2,73,20.2,3.93,56,.3,0,.22,157,202,,1.45	1 serving~89
1951080	B	3	170,5.68,6.82,23.9,68,19.3,3.98,51,0,0,.41,170,,0	1 serving~88
2510843	B	3	180,5.62,8.99,21.4,67,20.2,3.93,51,1.1,0,.34,146,247,,1.35	1 serv~89
2301246	B	3	144,4.24,6.78,16.1,51,14.4,2.97,38,.8,0,.31,127,,0	4 fl oz~118|1 package~414
2480386	B	3	121,4.85,8.48,20.6,67,6.06,3.64,48,.6,0,.36,145,230,,1.32	1 bar~82.5|1 package~244
2510845	B	3	169,4.49,7.87,24.7,90,23.6,3.93,56,.3,0,.22,135,191,,1.35	1 bar~89
1960904	B	3	161,2.54,6.78,23.7,68,22.9,4.24,42,0,0,0,85,,0	4 fl oz~118|1 package~414
2301245	B	3	144,3.39,7.63,17,51,16.1,5.08,38,.4,0,0,127,,0	4 fl oz~118|1 package~414
1957526	B	3	85,0,0,21.2,4,17.8,0,0,.8,0,0,0,,15.3	4 fl oz~118|1 package~414
2154061	B	3	100,0,0,25,6,21.9,0,0,.6,0,.06,12,50,,0	2/3 cup~160|1 package~414
2256905	B	7	0,0,0,0,1540,0	1 serving~28|1 package~710
2607967	B	4	475,7.5,22.5,65,450,15,8.75,0,7.5,0,3.75,50,275,,0	3 cookies~40|1 package~160
2607965	B	4	475,7.5,22.5,62.5,375,15,10,0,7.5,0,2.75,25,225,,0	3 cookies~40|1 package~160
2607969	B	4	475,7.5,20,67.5,425,20,8.75,0,5,0,2.75,25,225,,0	4 cookies~40|1 package~160
2607966	B	4	475,7.5,22.5,62.5,312,20,11.2,0,7.5,0,2.75,25,225,,0	3 cookies~40|1 package~160
2607964	B	4	450,7.5,20,67.5,500,17.5,7.5,0,5,0,3.75,50,300,,0	4 cookies~40|1 package~160
1852421	B	4	450,10,15,70,350,15,5,0,5,0,2.7,0,,0	2 cookies/2 biscuits~20|1 package~200
1852422	B	4	450,5,15,75,300,20,5,0,5,0,3.6,0,,0	2 cookies/2 biscuits~20|1 package~200
1928600	B	4	450,10,20,60,500,15,7.5,0,5,0,1.8,0,,0	2 cookies~20|1 package~160
2633905	B	29	429,9.52,16.7,66.7,714,0,4.76,0,9.5,0,4.29,48,381,,0	2 oat~21|1 package~250
2607968	B	4	475,7.5,20,70,425,15,7.5,0,7.5,0,3,50,250,,0	4 cookies~40|1 package~160
1885881	B	29	455,9.09,18.2,63.6,727,0,9.09,0,9.1,0,3.27,0,,0	2 crackers~11|1 package~114
575769	B	8	574,9.09,40.9,36.4,,31.4,24.6	1 serving~55
2148042	B	0	671,14.3,67.9,14.3,4,3.57,3.57,0,3.6,,5.79,0,,0	1 serving~28
2085848	B	54	100,0,0,26.7,1530,26.7	1 tbsp~15|1 package~355
2603146	B	54	0,0,0,0,0,0,0,0,0,0,0,0,0,,0	1 tbsp~15|1 package~355
2148904	B	54	100,0,0,26.7,1530,26.7	1 tbsp~15
2736849	B	92	61,.34,0,14.2,5,11.5,0,0,1.7,0,.3,7,142,24.3,0,,,0,10.8,,,1.55,,,,3.17,,5.92,,,,,6	1 serving~296
2687841	B	114	70,.33,0,16.7,5,12,0,0,.7,0,.13,10,153,24,0,,,0,8,,,.8,,,,2.32,,3.83,,,,,8	1 serving~300
2747224	B	92	57,.68,0,13.2,7,11.8,0,0,0,0,.24,7,169,10.1,0,,,51,,,.068,.068,,11	1 bottle~296
2736825	B	92	61,.34,0,14.5,3,11.8,0,0,0,0,.1,7,135,2,0,,,382	1 bottle~296
497547	B	10	56,.44,0,13.1,2,9.78,0,0,0,0,.16,9,193,8	15.2 fl oz~450
1459847	B	114	74,.79,.82,14.4,4,12.3,.26,0,1.3,.12,.15,12,145,45.2,,,,,,,,,,,,,,1.07	15.2 fl oz~456
2429778	B	10	54,.42,0,12.1,4,10.8,0,0,0,0,.17,8,142,,0	8 fl oz~240|1 package~2129
2386172	B	10	50,.42,0,12.1,2,10.8,0,0,0,0,.08,8,142,,0	8 fl oz~240|1 package~1890
1459239	B	114	51,.35,.02,12.3,3,10.8,.01,1,.7,.01,.14,5,107,35.9	8 fl oz~240
1460158	B	114	51,.35,.02,12.3,3,10.8,.01,1,.7,.01,.14,5,107,35.9	8 fl oz~240
2490799	B	10	71,.42,0,16.7,4,12.1,0,0,1.2,0,.15,0,154,25,,,,,8.33,,,.833,,,,2.5,,2.08	8 fl oz~240|1 package~946
2678066	B	10	58,.42,0,13.8,4,11.2,0,0,1.7,0,.29,8,138,26.2,0,,,0,10.7,,,1.56,,,,3.1,,5.83,,,,,6	8 fl oz~240|1 package~1360
2476582	B	13	400,7.5,12.5,67.5,62,35,0,0,7.5,0,11.8,50,175,112,0,,,,,,.34,,,60,,,,,,.4,,,13	1 bar~40
2476586	B	13	400,7.5,12.5,67.5,62,35,0,0,7.5,0,11.8,100,450,112,0,,,,,,.25,,,62,,,,,,.25,,,13	1 bar~40|1 package~240
1458835	B	114	52,.41,0,14.6,5,9.57,0,1,1.5,0,.15,11,152,573,,,,,7.73,,,.768,,,,2.3,,3.84	15.2 fl oz~456
1457557	B	114	55,.43,0,15.5,5,10.2,0,1,.7,0,.16,12,161,608,,,,,8.2,,,.815,,,,2.44,,4.07	8 fl oz~240
1457516	B	114	55,.43,0,14.2,6,10.1,0,1,1,0,.16,12,160,605,,,,,,,.007,.021,,3,,0	10 fl oz~300
1458537	B	114	55,.43,0,14.2,6,10.1,0,1,1,0,.16,12,160,605,,,,,,,.007,.021,,3,,0	15.2 fl oz~456
1457752	B	114	55,.43,0,14.2,6,10.1,0,1,1,0,.16,12,160,605,,,,,,,.007,.021,,3,,0	8 fl oz~240
1458685	B	114	50,.57,.19,12.1,5,8.81,.02,0,1.2,0,.17,8,124,51.8,,,,,,,,,,,,,.69	15.2 fl oz~456
1459619	B	114	55,.78,0,13.4,4,10.1,0,0,1.4,0,.16,12,160,605,,.01,.01,,,,,.683	1 bottle per serving~456
1458480	B	114	62,.84,.72,13.1,6,11.6,.08,1,1.5,.01,.54,20,99,32.6	15.2 fl oz~456
2486015	B	91	360,12,0,76,2320,16,0,0,4,0,4,80,640,,4.4	1 pouch~25
2485267	B	91	359,10.3,1.92,76.9,,10.3,0,6,3.8,0,.77,,103,,.25	78 g se~78
2473756	B	13	450,22.5,22.5,42.5,425,20,3.75,0,7.5,0,4.75,150,325,,.25,,,,,,,,,,,,,,,,,,4	1 bar~40
2473757	B	13	450,22.5,22.5,42.5,425,20,3.75,0,7.5,0,4.75,150,325,,.25,,,,,,,,,,,,,,,,,,4	1 bar~40|1 package~240
2104651	B	10	39,.56,0,9.3,6,8.17,,,,,,6,141,.7,,,,,,,,.045,,11,11,,,,,,,6.8	12 fl oz~355
2397824	B	117	17,0,0,4.17,19,2.5,0,0,,0,0,21,175,,0,,,,,,,,,6	8 fl oz~240|1 package~500
1460160	B	114	52,.41,0,4.15,41,,0,1,.2,0,.15,11,152,573,,,,,,,,,,8	11.2 fl oz~336
2599127	B	24	18,.3,0,4.24,20,2.73,0,0,,0,0,21,179,,0,,,,,,,,,8	11.2 fl oz~330
1459742	B	114	81,6.36,.61,12.6,57,10.7,.19,5,.7,.01,.67,17,131,35	15.2 fl oz~456
2476106	B	10	58,.83,0,14.2,6,11.7,0,0,.8,0,.29,8,167,10,0,,,,,,.083,.083,,13,,.38	8 fl oz~240|1 package~946
2678064	B	10	58,.83,0,12.9,6,11.7,0,0,0,0,.29,8,167,10,0,,,54,,,.083,.083,,10	8 fl oz~240|1 package~1360
2476587	B	13	400,10,15,62.5,62,25,1.25,0,7.5,0,15.8,50,175,158,0,,,,,,.255,,,60,,,,,,.5,,,13	1 bar~40
2476581	B	13	400,10,15,62.5,62,25,1.25,0,7.5,0,15.8,75,450,158,0,,,,,,.25,,,62,,,,,,.25,,,13	1 bar~40|1 package~240
1458364	B	114	52,.41,0,4.26,42,,0,1,.3,0,.15,11,152,573,,,,,,,,,,9	11.2 fl oz~336
2683409	B	114	57,.67,0,13,7,11.7,0,0,0,0,.23,7,167,10,0,,,50,,,.067,.067,,11	1 bottle~300
1458008	B	114	45,.56,.21,10.3,1,8.29,0,0,.2,0,.19,5,198,48.5	10 fl oz~300
1457789	B	114	55,.71,.73,11.4,4,9.78,.08,1,1.5,.01,.52,19,103,38.4	15.2 fl oz~456
1459596	B	114	54,.51,.09,13.2,2,9.47,.03,0,1.4,0,.14,9,774,34	8 fl oz~240
1459749	B	114	41,1.17,.29,8.83,11,5.98,.02,0,1,0,.44,39,216,33.6,,,,,,0,.021,.033	15.2 fl oz per serving~456
2463813	B	10	42,.83,0,8.75,40,7.5,0,0,0,0,.17,33,217,8.8,0,,,,,0,.083,.042	8 fl oz~240|1 package~1890
2476107	B	10	42,1.25,0,8.75,40,7.5,0,0,0,0,.17,33,217,8.8,0,,,,,0,.083,.083	8 fl oz~240|1 package~946
2388324	B	10	33,.42,0,7.08,27,5.83,0,0,.4,0,.21,8,146,7.5,0	8 fl oz~240|1 package~1890
2582881	B	10	46,.42,0,12.1,0,9.58,0,0,0,0,.12,8,150,250,0,,,8,,,,,,,,,.62	8 fl oz~240|1 package~1890
1460122	B	114	87,6.72,.8,13.2,56,11.1,.2,5,.8,.01,.73,24,168,45.3	15.2 fl oz~456
2476105	B	10	62,.42,0,15,4,12.5,0,0,0,0,.17,8,142,2.5,0	8 fl oz~240|1 package~946
2483860	B	10	61,.34,0,14.5,3,11.8,0,0,0,0,.1,7,135,2,0	10 fl oz~296|1 package~1183
2678063	B	10	62,.42,.21,15,4,12.5,0,0,0,0,.12,8,142,2.5,0,,,375	8 fl oz~240|1 package~1360
2464761	B	10	50,.42,.21,11.2,0,8.33,0,0,1.2,0,.08,12,129,13.3,0	8 fl oz~240|1 package~1890
2481973	B	43	400,12,0,84,2400,8,0,0,4,0,3.6,80,480,,4.4	1 pouch~25
1458506	B	114	15,.17,0,3.56,28,0,0,0,2.9,0,0,22,206,.2,,,,,,,,,,10	11.2 fl oz~336
1458526	B	114	90,6.84,.94,13.6,41,9.97,.42,11,.7,.01,.53,32,175,34.3	8 fl oz~240
2386176	B	10	46,.83,0,11.2,6,9.17,0,0,.2,0,.08,8,154,30,0	8 fl oz~240|1 package~1890
1460294	B	114	47,.59,.22,10.8,1,8.68,0,0,.2,0,.2,5,207,50.8	15.2 fl oz~456
2624382	B	10	46,.42,0,12.1,10,10.8,0,0,.4,0,.29,8,183,20,0,,,188	8 fl oz~240|1 package~1890
2082293	B	117	18,.3,0,4.24,26,3.33,,,,,,,191,,,,,,,,,,,7	11.2 fl oz~330
2045961	B	10	54,.42,0,12.5,4,9.17,,,,,,,100	8 fl oz~240|1 package~946
2121316	B	10	42,.42,0,10.4,17,8.33,,0,0,,.15,8,171,10,,,,,,,,,,7,,,,,0	8 fl oz~240|1 package~450
1584441	B	10	67,2.44,2.89,8.22,36,5.78,.22,,.9,,.32,13,47,0,,,,,,,,,,13	15.2 fl oz~450
2139165	B	13	450,25,22.5,42.5,425,17.5,2.5,0,7.5,0,2.75,125,375,,0	1 bar~40
2140217	B	13	450,25,22.5,42.5,425,17.5,2.5,0,7.5,0,2.75,125,375,,0	1 bar~40|1 package~240
2582880	B	10	62,.42,.42,14.2,0,10.8,.42,0,1.2,0,.17,8,154,11.2,0,,,,,,.042	8 fl oz~240|1 package~1890
2084249	B	117	22,.4,0,5.4,21,4.8,,,,,.54,12,200,,,,,,,,,,,8	16.9 fl oz~500
2386171	B	10	62,.42,0,15,8,13.3,0,0,0,0,0,8,125,,0	8 fl oz~240|1 package~1890
1457293	B	114	55,.43,0,14.1,2,10.1,0,0,1.2,0,.16,12,161,606	15.2 fl oz 8 fl oz~456
1457561	B	114	88,6.58,.66,13.4,64,11.6,.22,6,0,0,1.18,22,189,67.1,,,,,,0,.075,.088,,13,,.26	1 serving~456
2114479	B	10	91,6.76,.68,14.2,57,11.8,.34,12,0,0,.49,27,203,38.5	10 fl oz~296
2429775	B	10	92,6.67,.83,14.2,58,11.7,.42,12,0,0,.46,25,200,37.5,0	8 fl oz~240|1 package~946
1458803	B	114	53,.36,.02,12.9,3,11.4,.01,1,.7,.01,.15,6,112,37.7	15.2 fl oz~456
1459086	B	114	60,.33,0,14.3,3,11.7,0,0,0,0,.12,7,133,2	1 serving~300
1458092	B	114	58,.62,.21,14.2,2,12.4,.04,0,1,0,.15,8,160,40.3	8 fl oz~240
1457490	B	114	51,.58,.19,12.2,2,10.4,.02,0,0,0,.15,7,175,41.6	1 bottle per serving~456
1458404	B	114	69,.42,.45,15.3,9,13.4,.14,0,.6,.07,.13,11,67,19.1	15.2 fl oz~456
1460278	B	114	55,.43,0,16.3,10,10.1,0,0,.2,0,.16,12,161,607	15.2 fl oz~456
1459981	B	114	54,.51,.09,13.2,2,9.47,.03,0,1.4,0,.14,9,774,34	10 fl oz~300
2483861	B	10	58,.42,0,13.3,6,10.4,0,0,1.2,0,.25,179,108,26.2,1.05,,,,2.12,,,.208,,,,.58,,1,,,,,1	8 fl oz~240|1 package~1890
2476588	B	13	400,7.5,15,65,50,35,1.25,0,7.5,0,14.8,50,350,135,0,,,,,,.34,,,80,,,,,,.5,,,13	1 bar~40
2476585	B	13	400,7.5,15,65,50,35,1.25,0,7.5,0,14.8,125,575,135,0,,,,,,.25,,,88,,,,,,.25,,,13	1 bar~40|1 package~160
2083991	B	10	53,.67,0,12.2,11,10.4,0,0,0,0,.32,4,184,.8,,,,,,,.057,,,9,,.47,,,0	15.2 fl oz~450
2426582	B	32	64,.8,4.8,4.8,480,2.4,.8,0,.8,0,20.8,21,226,,0	½ cup~125|1 package~709
2429777	B	10	54,.42,0,12.9,2,9.58,0,0,0,0,.17,8,192,7.5,0	8 fl oz~240|1 package~2129
2386183	B	10	50,.42,0,12.5,2,9.58,0,0,0,0,.17,8,192,7.5,0	8 fl oz~240|1 package~1890
2678062	B	10	58,.42,0,11.2,0,8.33,0,0,.8,0,.21,8,204,,0	8 fl oz~240|1 package~1360
1459785	B	114	54,.51,.09,13.2,2,9.47,.03,0,1.4,0,.14,9,774,34	8 fl oz~240
2547510	B	10	60,.44,0,11.6,1,8.44,0,0,1.1,0,.2,9,204,,0	1 serving~450
2509026	B	91	400,12,2,80,2040,4,0,0,4,0,2.8,80,440,,4.4	1 pouch~25
2140174	B	13	450,22.5,20,45,425,17.5,5,0,7.5,0,3.5,100,325,,0	1 bar~40
2448658	B	13	450,22.5,20,45,425,17.5,5,0,7.5,0,3.5,100,325,,0	1 bar~40|1 package~240
2338174	B	10	92,6.67,.83,14.2,58,11.7,.42,12,0,0,.46,25,200,37.5,0	8 fl oz~240|1 package~1360
1458759	B	114	39,.31,.1,9.73,12,5.98,.03,0,.5,.01,.15,6,131,98.8,,,,,,,,,,5,,,,,0	15.2 fl oz~456
2044205	B	10	46,.83,0,10.8,0,8.75,,,,,,8,188,25	8 fl oz~240|1 package~946
1458239	B	114	55,.43,0,13.2,25,10.1,0,1,2.1,0,.16,12,160,605,,,,,2.12,,,.213,,,,.64,,1.14	15.2 fl oz~456
1457659	B	114	47,.35,.39,10.6,21,8.74,.02,0,.5,0,.17,9,102,28	15.2 fl oz~456
2409925	B	10	29,.42,.21,7.08,6,5.83,0,0,0,0,0,0,171,.8,0,,,,,,.042	8 fl oz~240|1 package~1890
1869097	B	64	400,46.7,23.3,0,1640,0,6.67,33,,,2.4	2 cooked slices~15|1 package~227
1909949	B	64	400,46.7,23.3,0,1640,0,6.67,33,,,2.4	2 cooked slices~15|1 package~227
2084617	B	64	400,46.7,23.3,0,1640,0,6.67,33,,,2.4	2 cooked slices~15|1 package~227
1852363	B	64	400,46.7,23.3,20,1640,13.3,6.67,33,,,2.4	2 cooked slices~15|1 package~227
2428959	B	32	98,1.79,7.14,8.04,348,4.46,.89,0,1.8,0,1.79,37,292,,0	½ cup~112|1 package~680
2428951	B	32	89,.89,7.14,5.36,339,2.68,.89,0,.9,0,.89,22,62,,0	½ cup~112|1 package~680
2152895	B	6	235,11.8,2.94,47.1,309,8.82,0,0,5.9,0,2.94,26,182,,0,0,0	1 slice~34|1 package~638
2542198	B	74	433,3.33,20,60,633,33.3,10,0,3.3,0,3.33,30,207,,0	2 cookies~30|1 package~269
2152279	B	6	256,9.3,2.33,46.5,442,4.65,1.16,0,2.3,0,2.33,30,72,,0,0,0	1 slice~43|1 package~638
2453725	B	6	241,8.62,2.59,44.8,431,5.17,.86,9,1.7,0,3.45,29,72,,0,0,0	1 bun~58|1 package~468
2181887	B	6	264,9.43,3.77,47.2,453,3.77,.94,0,1.9,0,1.89,42,85,,0,.94,0	1 bun~53|1 package~425
2268464	B	6	233,9.3,2.33,44.2,395,6.98,1.16,0,4.7,0,2.33,35,144,,0,0,0	1 slice~43|1 package~638
2124592	B	6	245,9.43,2.83,45.3,434,5.66,.94,0,1.9,0,1.89,30,72,,0,0,0	1 bun~53|1 package~425
2152897	B	6	256,9.3,2.33,46.5,419,4.65,1.16,0,2.3,0,2.33,16,112,,0,0,0	1 slice~43|1 package~638
2216253	B	6	235,8.82,2.94,47.1,412,5.88,0,0,2.9,0,2.94,18,103,,0,0,0	1 slice~34|1 package~680
2441142	B	14	460,8.67,24.3,50,43,17.3,5,0,16.7,,3.36,50,,3.6,,11,6.67	¼ cup~30|1 package~312
2442119	B	4	487,9.67,26.3,50,23,16.7,5,0,16.7,,3.36,73,,1,,11.7,8.33	¼ cup~30|1 package~312
1895623	B	15	17,0,0,6.67,567,3.33,0,0,3.3,0,0,0,,8	2 tbsp~30|1 package~453
1895619	B	15	50,3.33,0,10,500,3.33,0,0,3.3,0,1.2,67,,12	2 tbsp~30|1 package~453
1895618	B	15	33,0,0,6.67,533,3.33,0,0,3.3,0,0,0,,8	2 tbsp~30|1 package~453
1895625	B	15	17,0,0,3.33,467,3.33,0,0,0,0,1.2,0,,12	2 tbsp~30|1 package~459
1895620	B	15	17,0,0,6.67,567,3.33,0,0,3.3,0,1.2,0,,8	2 tbsp~30|1 package~453
2290043	B	15	17,3.33,0,3.33,533,3.33,0,0,3.3,0,0,0,,8	2 tbsp~30|1 package~453
2127453	B	10	71,.42,0,16.7,4,12.1,0,0,.4,0,.17,12,154,25,0,,,,8.33,,,.833,,,,2.5,,4.17,,,,,8	8 fl oz~240
499192	B	10	39,.28,0,9.3,3,8.45,,,,,,6,87,10.1	12 fl oz~355
499183	B	10	37,.85,0,9.01,29600,6.76,,,.3,,.1,11,217,,,,,,,,,.056,,7,28	12 fl oz~355
428086	B	10	71,.34,0,16.9,5,12.2,0,0,1.4,0,.12,0,155,24.3,,,,,8.11,,,.811,,,,2.43,,4.05	10 fl oz~296
501741	B	10	38,.67,0,9.33,42,7.78,0,0,.2,0,.08,4,187,0	15.2 fl oz~450
499196	B	10	31,.56,0,6.76,17,6.48,,,.3,,.1,11,152,.7,,,,,,,,.056,,5,,,,,,,,18	12 fl oz~355
1966570	B	28	125,23.2,1.79,1.79,554,1.79,0,36,0,0,1.25,0,518,,0	2 slices~56|1 package~213
1966559	B	28	107,17.9,2.68,1.79,768,1.79,.89,45,0,0,.71,18,714,,0	2 slices~56|1 package~213
1966571	B	28	143,26.8,1.79,3.57,625,1.79,0,71,0,0,.89,18,607,,0	2 slices~56|1 package~213
1966569	B	28	125,17.9,2.68,7.14,768,5.36,.89,45,0,0,.71,18,714,,0	2 slices~56|1 package~213
2593826	B	86	116,0,0,30.2,0,30.2,0,0,0,0,.84,0,0,,0	1 serving~43|1 package~473
2447303	B	86	116,0,0,30.2,0,30.2,0,0,0,0,.84,0,0,5.6	1 serving~43|1 package~473
2464443	B	91	88,2.76,.46,17.5,230,.92,0,7,.9,0,.6,14,101,,.925	1 cup~217
2464439	B	91	92,2.76,.46,18.4,217,1.38,0,6,.9,0,.55,14,101,,.925	1 cup~217
515231	B	10	37,.85,0,11.3,21,7.04,,,,,.1,11,200,.3,,,,,,,,.056,,11,,,.08,,,,,2.3	12 fl oz~355
2148682	B	131	121,22.1,2.5,.71,307,0,.71,75,0,0,.51,29,,60	1 piece~140|1 package~284
2156312	B	77	119,19,2.98,2.38,548,0,0,60,0,0,.43,0,,1.4	1 serving~84|1 package~340
2544725	B	84	286,0,0,81,0,76.2	1 tbsp~21|1 package~454
2060196	B	84	286,0,0,81,0,76.2	1 tbsp~21|1 package~454
2152845	B	84	333,0,6.67,80,0,73.3	1 tbsp~15|1 package~198
2094293	B	84	286,0,0,81,0,76.2	1 tbsp~21|1 package~624
2060197	B	84	286,0,0,81,0,76.2	1 tbsp~21|1 package~454
2158480	B	84	286,0,0,81,0,76.2	1 tbsp~21|1 package~680
2114677	B	84	286,0,0,81,0,76.2	1 tbsp~21|1 package~340
2671078	B	49	500,31.6,42.1,23.7,197,10.5,13.2,0,7.9,0,11.8,,368,,,21,10.5,711,10.5,,,1.58,211,211,,,11.8,,,2.37,,,28	1 pouch~38
2671077	B	49	605,31.6,47.4,21,132,13.2,6.58,0,7.9,0,,211,921,,0,18.4,23.7,,,,,,,,53,,,,0	1 pouch~38
1584977	B	24	0,0,0,0,0,,0	8 fl oz~240
2441915	B	24	11,0,0,2.29,1,2.29,0,,0	8 fl oz~240|1 package~1500
494156	B	24	0,0,0,0,0,,0	8 fl oz~240
2025011	B	7	0,0,0,3.57,929	1 serving~28|1 package~710
1949796	B	89	200,4.29,14.3,13.6,586,.71,5.71,18,2.1,.36,.77,14,,.9	2 tamales and sauce~140|1 package~425
2213572	B	89	88,3.33,3.75,8.33,492,.83,1.67,8,.8,0,.3,62,,2	1 cup~240|1 package~1080
2416015	B	89	116,6.4,6.8,7.6,428,1.2,3.2,16,.8,.4,1.08,60,,1	1 cup~250|1 package~397
2416020	B	89	112,6.67,4.58,11.7,488,.83,2.08,10,2.5,.21,1.12,83,,1	1 cup~240|1 package~397
1910322	B	89	100,7.31,1.73,14.6,319,.77,.38,13,3.1,0,1.38,38,,.9	1 cup~260|1 package~397
2037792	B	89	157,6.78,10.6,8.47,415,.42,5.51,34,.8,.85,.76,17,,0	1 cup~236|1 package~397
2026084	B	7	0,0,0,3.57,429	1 serving~28
1862415	B	7	0,0,0,3.57,929	1 serving~28|1 package~473
1862417	B	7	0,0,0,0,1040	1 serving~28|1 package~473
2078076	B	7	0,0,0,0,1360	1 serving~28|1 package~473
1904728	B	7	125,0,0,32.1,536,28.6	1 serving~28|1 package~473
2286817	B	7	0,0,0,0,1040	1 serving~28|1 package~473
2286850	B	7	100,0,0,20,633,20	1 tbsp~15|1 package~473
2029680	B	7	0,0,0,0,1540	1 serving~28|1 package~710
2416018	B	89	112,6.54,3.85,12.7,392,1.15,1.73,8,3.1,.19,1.38,77,,.9	1 cup~260|1 package~397
1851041	B	89	67,6.67,0,13.3,500,0,0,0,0,0,0,0,,0	1 tbsp~15|1 package~397
2416017	B	89	104,6,4,11.6,396,.8,1.6,8,2.4,.2,1.08,60,,1.4	1 cup~250|1 package~397
2085343	B	7	0,0,0,3.57,2110	1 serving~28|1 package~710
2393823	B	23	333,0,33.3,6.67,633,0,6.67,67,0,0,0,0,0,,0,6.67,20	1 tbsp~15|1 package~887
2038011	B	112	304,14.3,26.8,1.79,1360,0,10.7,71,0,0,.64,0,,0	1 serving~56|1 package~340
2026087	B	7	100,0,0,20,467,20	1 tbsp~15|1 package~296
2416012	B	89	108,6.15,3.85,13.5,415,1.15,1.73,8,2.7,.19,1.38,77,,.9	1 cup~260|1 package~397
2416016	B	89	108,6.4,3.6,12,432,.8,1.6,8,2.8,.2,1.44,60,,2.4	1 cup~250|1 package~1130
2746753	B	69	100,6.8,2.4,13.2,368,.8,.8,8,4,0,1.4,16,300,.5,0,.8,.4,54	1 cup~250
2126888	B	89	83,6.05,.5,14.6,368,1.51,0,0,3.5,0,1.36,25,264,,0,0,.13	1 can~397
2026976	B	23	714,0,85.7,0,500,,14.3,71	1 tbsp~14|1 package~887
2744060	B	69	108,6.92,2.31,14.6,377,1.15,.96,10,3.1,0,1.46,73,319,1.4,0,.96,.19,0	1 cup~260
1864603	B	7	100,0,0,26.7,333,20	1 tbsp~15|1 package~296
2025031	B	7	100,0,0,20,733,20	1 tbsp~15|1 package~296
1904627	B	7	100,0,0,20,667,20	1 tbsp~15|1 package~710
2037936	B	112	120,17.6,2.46,6.34,317,2.82,.7,56,.7,0,1.27,14,,0	1 serving~142|1 package~283
2037966	B	112	113,13.4,3.17,7.04,810,0,1.41,39,.7,0,0,0,,0	1 serving~142|1 package~283
2037863	B	35	106,14.1,3.17,4.93,451,.7,1.06,60,2.8,0,1.01,14,,0	1 serving~142|1 package~283
2078060	B	7	107,0,0,25,536,21.4	1 serving~28|1 package~473
2037869	B	112	113,14.1,2.82,7.04,275,2.82,.7,56,1.4,0,1.27,14,,0	1 serving~142|1 package~283
2026082	B	7	0,0,0,0,607	1 serving~28
2024982	B	7	0,0,0,3.57,1110	1 serving~28|1 package~710
2078052	B	7	107,0,0,28.6,571,25	1 serving~28|1 package~296
2273698	B	89	110,6.67,3.92,12.9,443,.78,1.76,8,2.7,.2,1.41,78,,2.4	1 cup~255|1 package~1130
2745428	B	69	100,7.31,1.73,14.6,319,.77,.38,13,3.1,0,1.42,42,288,.9,,.38,.58,35	1 cup~260
2159551	B	7	0,0,0,3.57,929,0	1 serving~28|1 package~1000
1865763	B	7	0,0,0,3.57,929	1 serving~28|1 package~473
2593059	B	10	21,0,0,5,25,4.66,0,0,.7,0,.07,28,30,,0	9.8 fl oz~290
2554158	B	10	21,0,0,5,25,4.66,0,0,.7,0,.07,28,30,,0	9.8 fl oz~290
2436603	B	11	318,9.09,9.09,63.6,4180,27.3,0,0,9.1,,3.27,0,,10.9	.12 of packet~11|1 package~170
1926425	B	38	306,2.78,0,83.3,333,50,0,0,0,0,0,0,,0	.04 package~36|1 package~850
2665284	B	88	348,6.52,2.17,80.4,696,8.7,0,0,6.5,0,3.91,0,,5.2,,,,0	.1 package~46|1 package~453
1928008	B	81	350,7.5,2.5,77.5,12,0,0,0,5,0,1.8,0,,0	¼ cup~40|1 package~680
2640521	B	38	371,2.86,0,88.6,329,57.1,0,0,2.9,0,5.71,29,0,,0	¼ cup~35|1 package~425
1852995	B	38	370,4.35,1.09,87,457,45.6,0,0,4.3,0,5.87,0,,0	.06 package, mix~46|1 package~737
1926430	B	38	348,2.17,1.09,80.4,891,30.4,0,0,2.2,0,.78,87,,2.6	.06 package / per~46|1 package~737
1862894	B	51	310,7.14,1.19,61.9,952,7.14,,,,,,,250	1 package prepared~42
1927728	B	38	333,4.17,.83,79.2,354,37.5,0,0,4.2,0,1.5,0,,0	.04 package mix~24|1 package~567
2608890	B	38	360,4,2,88,300,52,0,0,8,0,4,0,0,,0	.06 package~25|1 package~454
2608891	B	38	351,2.7,1.35,86.5,514,43.2,0,0,5.4,0,2.7,0,0,,0	.1 package~37|1 package~369
1777364	B	102	250,0,0,83.3,2500,0,0,0,16.7,0,0,333,,0	2 tsp~6|1 package~340
2591908	B	38	371,2.86,0,88.6,329,57.1,0,0,2.9,0,5.71,29,0,,0	¼ cup mix~35|1 package~425
2608885	B	88	316,2.63,0,52.6,553,23.7,,,2.6,,,,363	3 tbsp~38|1 package~453
2608889	B	81	326,4.35,0,73.9,87,0,0,0,2.2,0,2.17,0,0	1/3 cup~46|1 package~1360
2285518	B	30	390,0,0,95,55,35,0,0,0,0,0,0,,0	2 tbsp~20|1 package~397
2608886	B	38	286,4.08,0,71.4,592,2.04,,,,,,,255	1 serving~49|1 package~595
1912914	B	90	462,23.1,26.9,38.5,38,0,3.85,0,30.8,0,5.54,154,,0	2 tbsp~13|1 package~454
2665285	B	11	364,9.09,13.6,54.6,3910,0,0,0,9.1,0,6.55,182,,0,,,,327	.12 of packet~11|1 package~170
1926423	B	11	364,9.09,9.09,63.6,2000,0,0,0,9.1,,3.27,0,,10.9	.12 of packet~11|1 package~170
1926431	B	11	364,9.09,13.6,54.6,2820,9.09,0,0,18.2,0,3.27,182,,0	.12 of packet~11|1 package~170
1799770	B	81	367,10,3.33,73.3,7,0,0,0,13.3,0,3,0,,0	¼ cup~30|1 package~510
538254	B	38	342,5.26,1.32,84.2,579,23.7,0,0,5.3,0,2.84,0,,0	.08 package~38
2608888	B	88	303,0,0,60.6,182,15.2,0,0,3,0,6.06,327,455,,0	3 tbsp~33|1 package~397
2628458	B	38	350,2.5,0,82.5,1020,7.5,0,0,2.5,0,0,0,375,,0	¼ cup~40|1 package~454
1813030	B	38	348,4.35,1.45,85.5,536,40.6,.72,0,5.8,0,1.45,49,336,,0	1 cake mix~69
1820424	B	38	348,2.9,0,85.5,942,39.1,0,0,2.9,0,1.45,54,216,,0	1 cake mix~69
2628457	B	81	367,20,6.67,60,17,10,0,0,16.7,0,6,133,,4,,,,0	¼ cup~30|1 package~454
2628456	B	81	348,4.35,2.17,80.4,0,0,0,0,6.5,0,2.35,0,,0,,,,0	1/3 cup~46|1 package~1360
2608892	B	88	371,2.86,0,88.6,714,37.1,0,0,0,0,0,0,0,,0	3 tbsp~35|1 package~454
2665287	B	81	333,0,0,86.7,0,0,0,0,0,0,1.2,0,,0,,,,0	¼ cup~30|1 package~567
2285575	B	38	349,2.33,0,86,977,44.2,0,0,0,0,0,0,0,,0	.12 package~43|1 package~340
1812417	B	38	362,2.9,0,87,507,36.2,0,0,2.9,0,0,36,259,,0	1 cake mix~69
1852998	B	63	371,9.68,1.61,79,532,3.23,0,0,3.2,0,2.9,32,,3.9	¼ package~62|1 package~255
1799767	B	81	344,0,0,87.5,0,0,0,0,3.1,0,0,0,,0	¼ cup~32|1 package~567
2285517	B	81	344,0,0,87.5,0,0,0,0,3.1,0,0,0,,0	¼ cup~32|1 package~510
1799771	B	81	393,14.3,7.14,64.3,29,0,0,0,7.1,0,4.5,36,,0	¼ cup~28|1 package~510
1929442	B	63	359,7.81,2.34,73.4,812,1.56,0,0,4.7,0,1.69,0,,0	¼ package~64|1 package~255
1928009	B	81	353,11.8,2.94,73.5,0,0,0,0,8.8,0,4.24,0,,0	¼ cup~34|1 package~624
2025551	B	51	333,10.3,3.85,48.7,1150,15.4,,,7.7,,5.13,,436	1 package prepared~39
2608887	B	38	348,2.17,0,89.1,457,43.5,,,2.2,,,30,107	1/3 cup g~46|1 package~737
1852999	B	63	355,8.06,2.42,74.2,710,0,0,0,4.8,0,1.74,32,,1.9	¼ package~62|1 package~248
2436470	B	38	333,0,0,86.7,0,0,0,0,6.7,,1.2,0,,0	¼ cup~30|1 package~567
2285516	B	81	333,0,0,77.8,2890,0,0,0,77.8,0,0,0,,0	2 tbsp~9|1 package~227
2665301	B	81	366,8.57,2.86,77.1,9,0,0,0,5.7,0,2.06,0,,0,,,,0	¼ cup~35|1 package~680
1799764	B	81	350,7.5,2.5,77.5,12,0,0,0,5,0,1.8,0,,0	¼ cup~40|1 package~680
1852996	B	38	333,2.78,1.39,88.9,333,55.6,0,0,2.8,0,7.5,0,,0	.04 package~36|1 package~850
1853000	B	38	342,5.26,1.32,79,763,,0,0,5.3,0,.95,0,,0	1/3 cup~38|1 package~1360
2665288	B	81	367,10,3.33,73.3,7,0,0,0,13.3,0,3,0,,0,,,,0	¼ cup~30|1 package~510
1928010	B	81	393,14.3,7.14,64.3,29,0,0,0,7.1,0,4.5,36,,0	¼ cup~28|1 package~369
1799775	B	81	353,11.8,2.94,73.5,0,0,0,0,8.8,0,4.24,0,,0	¼ cup~34|1 package~624
1921757	B	81	370,4.35,2.17,80.4,11,,0,0,6.5,0,1.57,43,,0	1/3 cup~46|1 package~2260
1862895	B	43	295,6.82,1.14,61.4,909,6.82,,,2.3,,,,273	1 package prepared~44
1928011	B	81	366,8.57,2.86,77.1,9,0,0,0,5.7,0,2.06,0,,0	¼ cup~35|1 package~680
372257	B	35	281,0,21.9,18.8,2000,12.5,3.12,0,6.2,0,2.25,0,,0	1 tbsp~16
493639	B	19	233,0,0,53.3,833,23.3	2 tbsp~30
1783826	B	4	433,6.67,20,56.7,967,33.3,11.7,67,3.3,0,2.4,0,,0	1 serving~30|1 package~284
1871604	B	121	321,3.57,0,78.6,679,0,0,0,3.6,0,0,0,,300	.06 th package~28|1 package~453
2365775	B	20	45,.51,0,10.6,5,8.08,0,0,2.5,,.55,10,77,,0	1 cup~198
2369398	B	6	320,10,7,52,420,12,2,10,4,0,2.6,40,120,,0	1 bun~50|1 package~300
2369126	B	20	47,1.16,0,11.6,0,2.33,0,0,2.3,0,1.16,48,352,,0	1 serving~86|1 package~454
2367666	B	19	139,0,0,33.3,1000,33.3,0,0,0,0,.56,0,56,,0	1 tbsp~18|1 package~459
2368835	B	111	238,10,11.7,22.2,556,.84,5.02,23,1.3,0,1.51,105,,3.8	1 wrap~239
2368214	B	33	141,9.09,5.05,16.2,460,0,2.02,20,2,0,0,81,232,,0	1 serving~198|1 package~794
2369118	B	9	430,3,25,50,280,39,6,20,1,0,.36,0,,0	1 serving~100|1 package~907
2368273	B	9	388,2.5,20,53.8,325,45,8.75,31,.3,0,.45,29,139,,0	1 serving~80|1 package~1814
2369116	B	46	368,9.2,17.2,37.9,92,26.4,11.5,40,1.1,0,1.24,230,,0	1 serving~87|1 package~175
2368937	B	0	536,3.57,39.3,57.1,0,,17.9,0,7.1,0,6.43,0,250,,0	¼ cup~28|1 package~255
2368987	B	0	567,6.67,46.7,43.3,283,36.7,3.33,0,6.7,0,0,53,,,0	¼ cup~30|1 package~250
2369159	B	0	567,6.67,36.7,56.7,17,43.3,15.3,0,6.7,0,4,100,467,,0	5 pieces /~30|1 package~255
2366182	B	28	357,25,28.6,0,1610,0,10.7,125,0,0	5 slices~28|1 package~85
2369157	B	12	600,20,36.7,46.7,900,6.67,6.67,0,10,0,3.33,100,533,,0	¼ cup~30|1 package~240
2368143	B	4	421,2.63,15.8,68.4,303,42.1,6.58,13,0,0,1.58,0,0,,0	1 cookie~38|1 package~383
2367953	B	105	200,0,0,53.3,3930,53.3,0,0,0,0,0,0,0,,0	1 serving~15|1 package~75
2365509	B	87	205,15.3,6.82,23.3,580,1.7,2.84,37,.6,0,1.7,142,631,,0	1 serving~176
2368781	B	9	294,2.21,14,39,324,16.9,6.62,0,0,0,0,57,93,,0	1 slice~136|1 package~680
2368615	B	1	333,0,0,86.7,0,73.3	1 pop~15|1 package~90
2368640	B	1	333,0,0,83.3,0,75,0,0,0,0,0,0,0,,0	1 pop~12|1 package~96
2366697	B	33	126,5.05,6.06,16.2,298,6.06,2.27,23,.5,0,2.98,51,247,,0	1 serving~198|1 package~794
2369433	B	2	233,13.3,16.7,6.67,867,6.67,11.7,50,0,0,0,333,233,,0	2 tbsp~30|1 package~340
2369229	B	0	467,6.67,16.7,73.3,633,43.3,15,0,3.3,0,3.33,63,,,0	1 serving~30|1 package~213
2365504	B	16	27,.89,0,8.93,0,2.68,0,0,6.2,0,0,18,455,,0	½ cup~112|1 package~284
2368992	B	4	429,3.57,17.9,64.3,304,35.7,7.14,18,3.6,0,3.86,0,250,,0	¼ cookie~28|1 package~113
2369158	B	1	333,0,0,83.3,50,,0,0,0,0,0,0,0,,0	3 pieces~30|1 package~340
2366196	B	28	214,28.6,10.7,0,2140,0,3.57,71,0,0	2 slices~28|1 package~85
2369416	B	9	370,2.17,13,63,391,39.1,6.52,33,0,0,2.17,30,80,,0	1 piece~46|1 package~368
2369156	B	20	40,1,0,10,0,8,0,0,1,0,0,0,140,,0	1 serving~100|1 package~737
2366051	B	28	286,28.6,21.4,0,1210,0,8.93,89,0,0	3 slices~28|1 package~85
2481847	B	30	485,12.1,21.2,63.6,212,45.4,7.58,15,0,0,6,439,485,60.6,6.97,,,,3.03,1,.788,.242,95,32,303,,4.24,6.06,0,.273,12,37.9	4 scoops~33|1 package~800
2365806	B	87	211,12,9.09,18.2,536,.48,2.39,22,1,0,1.44,76,478,,0	1 package~209
2368470	B	87	225,12,9.95,21.5,393,2.09,3.14,21,1,0,1.57,108,592,,0	1 package~191
2369119	B	9	386,2.41,15.7,59,398,44.6,4.22,30,0,0,0,0,,0	1 serving~83|1 package~2665
2369216	B	20	360,8,0,78,0,,0,0,0,,20.2,0,,0	1 serving~50|1 package~454
2367840	B	9	400,3.53,21.2,47.1,376,31.8,4.71,53,0,0,0,61,44,,0	1 slice~85|1 package~510
2369160	B	0	467,3.33,20,70,67,66.7,20,0,0,0,.67,100,300,,0	8 pieces~30|1 package~340
1883366	B	38	375,10,2.5,75,450,35,0,0,17.5,0,1.8,200,,0	1 serving~40|1 package~681
1883527	B	52	238,.95,12.4,33.3,0,30.5,3.33,0,1,0,.69,19,,1.1	½ cup~105|1 package~473
2053224	B	3	234,.93,10.3,36.4,28,30.8,1.87,0,.9,0,.67,19,,1.1	½ cup~107
1883528	B	52	248,0,10.1,36.7,78,31.2,1.83,0,.9,0,.33,18,,1.1	½ cup~109|1 package~473
2175748	B	14	464,10.7,21.4,53.6,304,21.4,14.3,0,7.1,0,3.86,71,250,,0	¼ cup~28|1 package~227
1952385	B	14	607,21.4,50,25,196,10.7,3.57,0,10.7,0,5.36,179,214,,0	¼ cup~28|1 package~227
2375210	B	54	0,0,0,0,0,0,0,0,0,0,0,0,100,0,0	1 tbsp~15|1 package~475
2442655	B	10	51,0,0,12.7,2,10.1,0,0,.4,,.76,0,76,.5	8 fl oz~237|1 package~1820
2174366	B	4	464,3.57,25,64.3,161,28.6,12.5,0,3.6,0,1.29,0,,0	2 cookies~28|1 package~198
2174367	B	4	464,3.57,21.4,67.9,161,32.1,10.7,0,3.6,0,0,0,,0	2 cookies~28|1 package~198
2164345	B	4	464,3.57,17.9,71.4,179,32.1,8.93,0,3.6,0,0,0,,0	2 cookies~28|1 package~184
2164765	B	4	429,3.57,17.9,67.9,161,28.6,8.93,0,3.6,0,0,0,,0	2 cookies~28|1 package~198
2022174	B	19	47,0,0,12.5,1940,9.38,,,,,,,,7.5	2 tbsp~32
2020832	B	19	47,0,0,9.38,2030,6.25,,,,,,,,11.2	2 tbsp~32|1 package~340
2010508	B	19	47,0,0,12.5,1940,9.38,,,,,,,,7.5	2 tbsp~32|1 package~340
2022507	B	19	118,0,0,23.5,441,23.5	1 tsp~17|1 package~269
2569535	B	11	47,0,0,9.38,2470,6.25,0,0,3.1,0,0,28,250,,0	2 tbsp~32|1 package~340
2674811	B	35	62,0,0,15.6,2440,9.38,0,0,0,0,0,28,206,,0	2 tbsp~32|1 package~340
2037740	B	19	250,0,8.33,33.3,1500,16.7,0,,,0	1 tsp~6|1 package~283
1916835	B	0	472,5.56,19.4,75,722,41.7,16.7,0,2.8,0,3,0,,0	2 pieces~36|1 package~396
2088629	B	4	531,6.25,28.1,62.5,94,40.6,15.6,0,9.4,0,11.2,125,,0	1 cookie~32|1 package~177
2525229	B	8	500,3.57,25,67.9,0,50,16.1,0,7.1,0,7.86,0,429,,.35	4 pieces~28|1 package~255
2660440	B	0	567,13.3,40,40,0,23.3,13.3,0,10,0,5.67,33,600,,0	2 tbsp~30|1 package~283
2612533	B	0	524,4.76,23.8,66.7,548,28.6,14.3,0,9.5,0,7.62,48,429,,0	1 piece~21|1 package~195
2607974	B	0	419,3.23,19.4,58.1,581,38.7,12.9,0,6.5,0,5.16,65,323,,1	2 pieces~31|1 package~219
2290026	B	1	395,2.63,18.4,55.3,474,39.5,11.8,13,2.6,0,4.74,53,,0	2 pieces~38|1 package~283
1881905	B	1	487,2.56,25.6,64.1,64,53.8,15.4,26,2.6,0,1.85,51,,0	3 pieces~39|1 package~226
2314703	B	1	474,0,18.4,76.3,92,71,15.8,0,0,0,0,0,,0	1/3 package~38|1 package~113
2469509	B	0	600,10,36.7,53.3,33,43.3,13.3,17,6.7,0,3.33,133,400,,.675	2 tbsp~30|1 package~283
2087815	B	1	395,2.63,15.8,57.9,500,44.7,10.5,13,0,0,1.89,105,,0	2 pieces~38
1911659	B	4	531,6.25,25,65.6,125,50,14.1,16,3.1,0,4.5,188,,0	1 cookie~32|1 package~177
2470299	B	1	567,10,33.3,56.7,100,50,16.7,17,3.3,0,2.33,100,300,,.675	2 pieces~30|1 package~212
2612532	B	0	476,4.76,21.4,71.4,571,38.1,11.9,0,4.8,0,3.33,95,238,,0	1 piece~21|1 package~198
2607973	B	0	419,3.23,16.1,61.3,613,45.2,11.3,16,3.2,0,1.94,97,194,,1	2 pieces~31|1 package~219
2607975	B	4	467,3.33,20,70,83,53.3,11.7,17,3.3,0,2,67,167,,1	2 pieces~30|1 package~150
1912109	B	1	395,2.63,15.8,57.9,500,44.7,10.5,13,0,0,1.89,105,,0	2 pieces~38|1 package~283
1912212	B	4	500,6.25,21.9,68.8,281,43.8,14.1,0,3.1,0,3.38,62,,0	7 cookies~32|1 package~205
2470298	B	8	429,0,10.7,82.1,0,75,5.36,0,3.6,0,2.86,0,179,,.35	2 pieces~28|1 package~283
1914237	B	1	531,6.25,31.2,59.4,62,53.1,25,0,3.1,0,0,125,,0	¼ bar~32|1 package~255
2274893	B	1	333,6.67,0,76.7,50,76.7,,0,0,0,0,0,0,,0	4 pieces~30|1 package~396
2470495	B	0	600,13.3,40,43.3,17,33.3,13.3,0,6.7,0,2.33,67,467,,.325	2 tbsp~30|1 package~283
1912211	B	1	429,0,10.7,81,12,78.6,9.52,0,2.4,0,1.71,0,,0	3 pieces~42|1 package~340
2652295	B	1	333,3.33,0,80,50,63.3,0,0,0,0,0,0,0,,0	5 pieces~30|1 package~340
2274892	B	1	367,3.33,0,86.7,117,70,,0,0,0,2.4,0,0,,0	6 pieces~30|1 package~397
2275596	B	1	344,6.25,0,78.1,47,62.5,0,0,0,0,0,0,0,,0	5 pieces g~32|1 package~326
2378641	B	1	333,6.67,0,76.7,100,56.7,0,0,0,0,0,0,0,,0	6 pieces~30|1 package~311
2592600	B	0	444,3.7,9.26,85.2,481,51.8,9.26,0,0,0,1.11,37,111,,0	4 pieces~27|1 package~113
2463737	B	1	571,7.14,32.1,60.7,36,50,21.4,18,3.6,0,5,107,393,,1.07	1 serving~28|1 package~113
1918247	B	8	500,2.38,23.8,71.4,48,64.3,23.8,0,2.4,0,3.43,0,,0	3 pieces~42|1 package~113
2173020	B	1	321,3.57,0,78.6,36,60.7,0,0,0,0,0,0,0,,0	4 pieces~28|1 package~340
1963274	B	6	275,7.5,5,47.5,500,7.5,1.25,25,2.5,0,2.7,100,,0	1 roll~40|1 package~481
1888057	B	81	333,6.67,3.33,73.3,1330,3.33,0,0,6.7,0,4.8,133,,0,,,,,5.33,0,.34	¼ cup~30|1 package~2260
1859826	B	81	367,10,0,76.7,0,3.33,0,0,3.3,0,4.8,0,,0,,,,,5.33,1,.453,,200	¼ cup~30|1 package~907
2283103	B	17	65,3.53,.88,11.2,0,5.88,.29,0,1.2,0,0,12,41,,0	1 serving~170
2187457	B	17	88,3.75,1.04,15.8,46,15,.83,6,.8,0,0,146,,3.8	8 fl oz~240|1 package~946
2365741	B	17	94,3.53,3.53,11.8,59,11.8,2.06,12,0,0,.21,147,124,,0	1 serving~170
2365737	B	17	80,4,1.33,12,50,9.33,.67,3,0,0,0,133,140,,0	1 serving~150
2369453	B	17	113,3.33,5.33,13.3,3,6.67,,0,2,0,.72,27,93,,0	1 serving~150
2213100	B	21	235,8.82,14.1,18.2,429,1.76,7.06,76,1.2,0,.65,159,147	1 quiche~170
2481616	B	34	224,9.87,10.5,23.7,480,2.63,3.95,20,2,0,.59,178,197,,.075	.17 pizza~152|1 package~907
2186808	B	17	111,3.98,4.42,13.3,51,11.5,2.65,15,.2,0,0,133,,.5	1 cup~226
2380560	B	2	71,12.4,.88,2.65,269,2.65,.44,4,0,0,0,53,,0	½ cup~113|1 package~226
2370387	B	75	200,3.33,20,6.67,67,3.33,10,67,0,,0,167,,0	2 tbsp~30
1648629	B	26	247,10.4,11.7,23.4,701,3.9,4.55,32,1.3,0,.94,78,,3.1	6 pieces~77
2368926	B	2	367,3.33,33.3,10,233,3.33,20,83,0,0,0,133,233,,0	2 tbsp~30|1 package~226
2365739	B	17	94,3.53,3.53,11.8,59,11.8,2.06,12,0,0,.21,147,124,,0	1 serving~170
2014490	B	17	82,10,0,10.6,26,10.6,0,3,0,0,0,118,,8.8	1 serving~170
2370488	B	17	82,12.9,0,7.06,29,7.06,0,6,0,0,0,118,,0	1 serving~170
2370047	B	17	111,4.42,5.31,10.6,62,9.29,3.1,20,0,0,0,155,,0	1 cup~226
2532758	B	94	278,10.1,16.5,22.8,418,3.8,7.59,89,1.3,0,1.37,190,,1.5	1 serving~79|1 package~635
1881016	B	17	83,3.75,1.04,15.8,46,15.4,.83,6,.4,0,0,125,,1	8 fl oz~240
2050137	B	17	88,3.75,1.04,16.2,46,15,.83,6,.8,0,0,146,,3.8	8 fl oz~240
2014402	B	17	80,4.42,1.33,11.5,71,11.5,.88,7,0,0,.16,177,,1.1	1 cup~226
2014403	B	17	80,4.42,1.11,12.4,66,12,.88,7,.4,0,0,155,,2.7	1 cup~226
1854717	B	17	75,4.42,1.11,11.5,66,11.5,.88,7,0,0,0,155,,1.6	1 cup~226
1854591	B	17	66,4.87,1.33,7.08,75,7.08,1.11,9,0,0,0,177,,1.1	1 cup~226|1 package~1810
2014486	B	17	62,4.42,1.33,6.64,71,6.64,.88,7,0,0,0,155,,1.1	1 cup~226
2190930	B	17	93,4.67,3,12,47,9.33,1.67,7,1.3,0,0,100,140,,0	1 serving~150
2187458	B	17	75,4.87,0,13.3,66,13.3,0,2,0,0,0,177,,0	1 cup~226|1 package~907
2086491	B	17	53,5.31,0,7.52,71,7.96,0,2,0,0,0,199,,0	1 cup~226|1 package~907
2014483	B	17	53,5.31,0,7.52,80,7.52,0,2,0,0,0,199,,1.1	1 cup~226|1 package~1810
2014489	B	17	82,2.94,2.06,12.9,12,7.06,0,0,1.8,0,.85,88,,56.5	1 serving~170
1854709	B	17	71,2.35,1.76,11.2,12,5.88,0,0,1.8,0,.64,88,,38.8	1 serving~170
1854716	B	17	82,2.94,2.06,14.1,12,7.65,0,0,2.4,0,.85,88,,49.4	1 serving~170
2187747	B	17	88,3.75,1.04,15.8,46,15,.83,6,.8,0,0,146,,3.8	8 fl oz~240
2084605	B	17	88,3.75,1.04,16.2,46,15.4,.83,6,.8,0,0,125,,1.5	8 fl oz~240|1 package~946
1909927	B	17	58,4.58,1.25,7.08,62,6.67,1.04,8,.4,0,0,167,,0	8 fl oz~240|1 package~946
1924072	B	2	109,12.7,5.45,2.73,273,2.73,2.73,14,0,0,0,145,172,,0	½ cup~110|1 package~454
2365734	B	2	367,3.33,33.3,6.67,133,3.33,20,83,0,0,0,133,233,,0	2 tbsp~30|1 package~226
1854723	B	17	82,10,0,10.6,26,10.6,0,3,,0,0,118,,3.5	1 serving~170
2012503	B	17	106,11.8,3.53,7.06,29,7.06,1.76,15,0,0,0,118,,0	1 serving~170|1 package~680
718982	B	17	83,4.17,3.75,7.92,54,6.25,2.5,12,.4,0,0,142,195,,0	8 fl oz~240
1854719	B	17	76,4.71,3.53,6.47,74,6.47,2.35,15,0,0,0,147,,1.4	1 serving~170
2369439	B	17	113,3.33,5.33,12.7,3,6,4.67,0,2,0,.72,27,93,,0	1 serving~150
2329568	B	17	93,4.67,3,12.7,47,9.33,1.67,7,.7,0,0,100,140,,0	1 serving~150
2480666	B	34	237,9.87,11.8,23.7,553,2.63,4.61,20,2,0,.72,138,211,,.075	.17 pizza~152|1 package~907
1648604	B	33	278,10.1,16.5,22.8,418,3.8,7.59,89,1.3,0,1.37,190,,1.5	4 quiche~79
1649338	B	85	306,7.06,12.9,32.9,412,8.24,7.06,35,1.2,0,.85,24,,4.2	3 petite stuffed bagles~85
2187650	B	17	80,4.42,3.54,7.52,66,7.96,2.21,13,0,0,0,155,,1.6	1 cup~226|1 package~907
2286382	B	17	88,2.94,1.76,14.7,12,8.82,0,0,1.2,0,.85,88,,45.9	1 serving~170|1 package~680
2365728	B	17	71,12.9,0,4.71,32,4.12,0,6,0,0,0,153,141,,0	1 serving~170|1 package~680
2365729	B	17	94,11.8,3.53,4.12,29,4.12,2.35,18,0,0,0,153,141,,0	1 serving~170|1 package~680
1854707	B	17	59,4.71,1.76,5.29,62,4.71,1.18,6,0,0,0,190,235,,0	1 serving~170|1 package~907
2365731	B	17	41,5.29,0,5.29,68,4.71,0,0,0,0,0,201,249,,0	1 serving~170|1 package~1810
2678979	B	17	76,5.29,3.53,5.29,59,4.71,2.35,9,0,0,0,177,218,,0	1 serving~170|1 package~907
2549028	B	17	59,4.71,1.76,5.29,62,4.71,1.18,6,0,0,0,190,235,,0	1 serving~170|1 package~907
2365740	B	17	41,3.53,.88,5.29,0,0,.29,0,1.2,0,0,12,41,,0	1 serving~170
2185578	B	17	47,3.53,2.06,3.53,32,0,.29,0,1.2,0,.64,35,,0	1 serving~170
2552489	B	2	367,3.33,33.3,6.67,133,3.33,20,83,0,0,0,133,233,,0	2 tbsp~30|1 package~226
2678978	B	17	87,3.33,5.33,6.67,3,0,4.67,0,2,,.6,67,93,,0	1 serving~150
1854590	B	75	233,3.33,20,6.67,67,3.33,11.7,33,0,0,0,133,233,,0	2 tbsp~30|1 package~226
2014494	B	17	71,12.9,0,4.71,32,4.12,0,6,0,0,0,118,,0	1 serving~170
1648571	B	21	253,10,15.9,18.2,394,1.76,7.65,94,.6,0,.85,176,,7.1	1 quiche~170
2210180	B	26	241,10,14.1,19.4,247,2.35,7.06,100,.6,.29,.59,200,141	1 quiche~170
2213113	B	21	265,11.8,15.9,18.8,453,1.76,7.65,100,.6,.29,.64,206,,2.1	1 quiche~170
2185416	B	17	82,10,0,10.6,26,10.6,0,3,0,0,0,118,,3.5	1 serving~170
2365738	B	17	80,4,1.33,12,50,9.33,.67,3,0,0,0,133,140,,0	1 serving~150
2523676	B	17	62,3.75,.83,9.58,44,8.33,.83,2,.4,0,0,130,174,,0	8 fl oz~240|1 package~946
2370497	B	75	200,3.33,20,6.67,67,3.33,10,67,0,0,0,167,,0	2 tbsp~30|1 package~453
2481515	B	34	211,8.55,9.21,23.7,467,2.63,3.29,13,2,0,.79,145,224,,.075	.17 pizza~152|1 package~907
2188396	B	17	111,3.98,4.42,13.7,51,12,2.65,15,.2,0,0,133,,4	1 cup~226
2366689	B	17	113,3.33,5.33,12.7,3,6,4.67,0,2,,.72,7,93,,0	1 serving~150
2365736	B	17	80,4,1.33,12,50,9.33,.67,3,0,0,0,133,140,,0	1 serving~150
2534201	B	17	62,3.75,.83,9.17,44,7.5,.83,2,.4,0,0,130,174,,0	8 fl oz~240|1 package~946
2532757	B	28	273,10.4,16.9,20.8,753,3.9,7.79,39,1.3,0,1.4,78,,0	1 serving~77|1 package~408
2190933	B	17	100,4.67,3,13.3,60,10,1.67,7,.7,0,0,133,187,,0	1 serving~150
2190691	B	17	82,4.12,3.53,8.82,65,7.65,2.06,15,0,0,0,153,221,,0	1 serving~170|1 package~680
2155153	B	17	67,4.67,1.67,8.67,60,8,1,7,0,0,0,133,187,,0	1 serving~150
2148886	B	17	59,3.53,.88,9.41,0,4.12,.29,0,1.2,0,0,12,41,,0	1 serving~170
2370369	B	9	281,1.75,10.5,43.9,193,29.8,6.14,26,.9,0,.63,0,,4.2	1 serving~57|1 package~113
2365928	B	3	134,1.79,3.57,24.1,36,12.5,2.23,0,2.7,0,3.21,18,,0	½ cup~112|1 package~473
2369599	B	52	163,.68,4.08,30.6,31,19,2.04,,.7	2/3 cup~147|1 package~473
2369601	B	52	279,6.12,15,31.3,150,15,4.08,,2,,,14,156	2/3 cup~147|1 package~473
2051957	B	6	349,12.7,3.17,68.2,302,0,0,38,4.8,0,4.29,32,,0	1 serving~63|1 package~225
2096651	B	6	321,10.7,3.57,60.7,500,0,0,0,3.6,0,3.86,0,,0	1 serving~28|1 package~425
2585869	B	23	300,0,26.7,13.3,900,6.67,,33	1 tbsp~15|1 package~255
2279152	B	35	100,0,0,0,2400,,0	1 tsp~5|1 package~260
2665637	B	23	300,0,33.3,13.3,1200,6.67,0,33,0,0	3 tsp~15|1 package~255
2312950	B	35	100,0,0,0,4100,,0	1 tsp~5|1 package~260
2266632	B	35	100,0,0,0,2100,,0	1 tsp~5|1 package~260
2578621	B	35	100,0,0,0,2400,,0	1 tsp~5|1 package~261
1862160	B	54	75,0,5,10,2450,10,0,0,0,0,0,0,,18	4 tsp~20|1 package~132
1862405	B	35	50,0,5,5,2200,5,0,0,0,0,0,0,,24	4 tsp~20|1 package~133
2602145	B	23	300,0,26.7,13.3,1270,13.3,0,33,0,0	1 tbsp~15|1 package~254
400317	B	76	260,6.67,20,13.3,260,0,0,33,0,0,0,0,,12	1 tbsp~15
399821	B	35	267,0,26.7,6.67,1090,0,6.67,0,0,0,0,0,,48	1 tbsp~15
399919	B	35	320,4,32,8,1360,6,2,0,4,0,7.2,240,,19.2	2 tbsp~25
399819	B	19	267,6.67,10,40,1930,33.3,0,0,0,0,2.4,200,,0	1 tbsp~15
2015483	B	32	80,1.6,4,8,120,4,2.8,16,1.6,0,.29,32,,12,,.8,0	½ cup~125|1 package~680
2607742	B	32	48,.8,2.8,5.6,296,4,0,0,1.6,0,.8,32,264,,0	½ cup~125|1 package~659
2617023	B	11	56,1.6,2.8,7.2,240,5.6,.4,0,1.6,0,.58,32,,3.8,,1.6,.4,252	½ cup~125|1 package~680
2607743	B	32	48,.8,2.8,5.6,288,4,0,0,1.6,0,.8,32,264,,0	½ cup~125|1 package~659
2599241	B	11	80,.8,5.6,5.6,160,4,3.2,12,1.6,0,.88,32,216,,0	½ cup~125|1 package~680
2607741	B	32	80,.8,5.6,5.6,160,4,3.2,12,1.6,0,.8,32,216,,0	½ cup~125|1 package~659
2061677	B	54	44,1.75,1.75,7.02,123,1.75,.35,0,1.8,0,.63,0,,4.2	¼ cup~57|1 package~454
2061678	B	35	44,1.75,1.75,7.02,123,0,.35,0,1.8,0,.63,0,,2.1	¼ cup~57|1 package~454
2433879	B	1	400,0,0,100,0,100,0,0,0,,0,0,,0	3 pieces~15|1 package~180
2058194	B	86	40,.88,0,9.73,699,8.85,0,0,.9,0	1 serving~113|1 package~946
2044261	B	1	375,0,6.25,85,162,42.5,1.25,0,0,2.5,0,0,,0	5 pieces~40
1002661	B	101	100,0,0,25.7,80,22.9,0,0,0,0,0,0,,0	1 piece~35
2668769	B	5	536,7.14,32.1,53.6,339,0,7.14,0,3.6,0,0,29,1380,,0	1 serving~28|1 package~142
1898492	B	86	49,1.41,0,11.3,225,9.86,0,0,0,0,.51,0,,5.1	1 serving~71|1 package~1000
2627323	B	86	42,1.41,0,9.86,225,9.86,0,0,0,0,.51,28,,3.4,,,,51	2 1~71|1 package~1000
2580134	B	25	51,0,0,12.3,12,12.1,,,,,,,23	1 bottle~470
2455962	B	10	57,0,0,14,12,13.7	16 fl oz~473
2602925	B	10	50,.63,0,12,15,10.3,,,,,,10,159,18.9	1 bottle~477
2580132	B	25	46,0,0,11.5,12,10.9,,,,,,,36	1 bottle~477
2602926	B	10	48,0,.1,12,14,11.3,,,,,.38,6,122	1 bottle~477
2602927	B	10	55,.42,0,13.2,14,12,,,.2,,.08,6,115	1 bottle~477
2598302	B	10	62,.43,0,14.7,14,13.8,,,,,.19,9,104	1 bottle~470
2580133	B	25	44,.21,0,10.9,12,10.5,,,,,,,34	1 bottle~477
2602928	B	10	49,0,0,11.9,14,11.3,,,,,.36,,123	1 bottle~470
2580131	B	25	49,0,0,11.9,12,11.7,,,,,,,28	1 bottle~470
2580135	B	30	38,0,0,10,10,9.15,,,,,,,21	1 bottle~470
2068086	B	21	82,9.39,.91,7.88,306,.91,0,48,.6,0,.44,30,,3.6	½ package~330|1 package~680
2051220	B	4	350,0,15,60,500,20,10,50,0,0,3.6,0,,0	2 cookies~10
2174417	B	24	0,0,0,1.2,5,,0,,,0	8½ fl oz~250|1 package~750
2300362	B	24	0,0,0,.6,3,.2,0,,,0	16.9 fl oz~500
2174416	B	24	0,0,0,1.2,12,,0,,,0	8½ fl oz~250|1 package~750
2174487	B	24	0,0,0,0,0	8.4 fl oz~250|1 package~500
2174418	B	24	0,0,0,1.2,5,,0,,,0	8½ fl oz~250|1 package~750
1950643	B	24	0,0,0,.6,3,.2,0,,,0	16.9 fl oz~500
2174419	B	24	0,0,0,1.2,5,,0,,,0	8½ fl oz~250|1 package~750
2451032	B	24	0,0,0,.6,3,.2,0,,,0	16.9 fl oz~500
2076287	B	19	125,0,0,28.1,1060,25,,,,,0,0,,3.8	2 tbsp~32|1 package~442
2085564	B	23	173,0,0,40,27,33.3,,,,,1.2	1 tbsp~15|1 package~250
2136731	B	32	39,.77,1.54,4.63,216,3.09,.15,0,1.5,0,.83,15,,4.6	½ cup~130|1 package~680
1928110	B	54	21,0,0,0,0,0	1 tbsp~14|1 package~375
2118127	B	86	12,.82,0,3.29,70,1.64,,,.8,,.89,0,,4.9	4 fluid ounces~122|1 package~946
2067464	B	32	39,.77,1.55,5.41,193,3.09,.15,0,1.5,0,1.39,31,,4.6	½ cup~129|1 package~680
2622625	B	11	46,.77,1.93,6.96,232,3.87,0,,1.5,0,1.39,31,,4.6,,,,70	½ cup~129|1 package~680
1950514	B	32	42,1.07,1.83,6.18,251,3.44,.23,0,1.9,0,1.37,15,,6.9	½ cup~131|1 package~680
2436452	B	19	200,0,0,20,1100	1 tsp~5|1 package~241
2436453	B	19	250,0,0,50,583,33.3	1 tsp~6|1 package~262
2436455	B	19	250,0,0,33.3,583,33.3	1 tsp~6|1 package~269
2436454	B	19	200,0,10,20,800,,0,,20,0	1 tsp~5|1 package~233
1937560	B	41	857,0,100,0,0,,14.3,0,,0,,,,,,71.4,14.3	1 tbsp~14|1 package~375
1868588	B	122	107,0,0,21.4,0,21.4,,,,0,0,0,,0	1 tbsp~14|1 package~375
1937562	B	122	107,0,0,21.4,0,21.4,,,,0,0,0,,0	1 tbsp~14|1 package~375
2666706	B	122	107,0,0,21.4,0,21.4,,,,0,0,0,,0,,,,0	1 tbsp~14|1 package~375
1855548	B	41	857,0,100,0,0,,7.14,0,,0,,,,,,64.3,28.6	1 tbsp~14|1 package~750
1861583	B	54	0,0,0,0,0,0,0,0,,0	1 tbsp~14|1 package~375
1855526	B	41	857,0,100,0,0,,14.3,0,,0,,,,,,42.9,42.9	1 tbsp~14|1 package~375
2666703	B	41	857,0,100,0,0,,14.3,0,,0,,,,,,7.86,7.14,,,,,,,,,,,,,,,,14	1 tbsp~14|1 package~750
2666764	B	41	857,0,100,0,0,,14.3,0,,0,,,,,,78.6,7.14,,,,,,,,,,,,,,,,14	1 tbsp~14|1 package~750
2316224	B	41	857,0,100,0,0,,14.3,0,,0,,,,,,78.6,7.14	1 tbsp~14|1 package~750
1862730	B	122	143,0,0,28.6,0,28.6,,,,,5.14	1 tbsp~14|1 package~375
1849794	B	41	857,0,100,0,0,,7.14,0,,0,,,,,,21.4,71.4	1 tbsp~14|1 package~750
1939544	B	41	857,0,100,0,0,,7.14,0,,0,,,,,,21.4,71.4	1 tbsp~14|1 package~375
2436465	B	54	0,0,0,0,0,0,0,0,,0	1 tbsp~14|1 package~375
1852450	B	41	857,0,100,0,0,,14.3,0,,0,,,,,,78.6,7.14	1 tbsp~14|1 package~375
2666705	B	122	71,0,0,14.3,0,14.3,0,0,,0	1 tbsp~14|1 package~375
1855550	B	41	857,0,100,0,0,,7.14,0,,0,,,,,,64.3,28.6	1 tbsp~14|1 package~750
1855553	B	41	857,0,100,0,0,,14.3,0,,0,,,,,,78.6,7.14	1 tbsp~14|1 package~500
1868606	B	23	0,0,0,14.3,36,14.3	1 tbsp~14|1 package~375
1866254	B	54	0,0,0,0,36,0	1 tbsp~14|1 package~375
1855527	B	41	857,0,100,0,0,,14.3,0,,0,,,,,,42.9,42.9	1 tbsp~14|1 package~375
2541839	B	41	857,0,100,0,0,,14.3,0,,0,,,,,,42.9,42.9	1 tbsp~14|1 package~375
1883073	B	54	21,0,0,0,0,0	1 tbsp~14|1 package~375
1855549	B	41	857,0,100,0,0,,7.14,0,,0,,,,,,85.7,7.14	1 tbsp~14|1 package~750
1855552	B	41	857,0,100,0,0,,14.3,0,,0,,,,,,78.6,7.14	1 tbsp~14|1 package~750
2067463	B	23	205,0,17.1,13.7,308,13.7,1.37,,,0,,,,32.9	1 tbsp~14.6|1 package~242
1909364	B	54	67,0,0,13.3,0,6.67,,,,,,,,32	1 tbsp~15|1 package~242
1909363	B	54	67,0,0,13.3,0,13.3	1 tbsp~15|1 package~242
2031505	B	41	867,0,100,0,0,,10	1 tbsp~15|1 package~110
1861590	B	23	171,0,17.1,6.85,274,6.85,1.37,,,0,,,,8.2	1 tbsp~14.6|1 package~242
1909366	B	54	67,0,0,13.3,0,13.3	1 tbsp~15|1 package~242
1893441	B	54	67,0,0,13.3,0,13.3,,,,,,,,16	1 tbsp~15|1 package~242
2266998	B	67	158,18.4,0,57.9,39,2.63,0,8,36.8,,7.11,105,,0	¼ cup~38|1 package~1580
2095307	B	76	125,14.3,6.25,1.79,188,0,1.79,80,2.2,0,1.29,36,,6.4	1½ sardine~56|1 package~425
2068792	B	26	164,9.29,9.29,10,450,5,3.21,29,.7,.36,1.29,43,,6.4,,3.57,0,,,,.073	1 serving~140|1 package~454
2090692	B	106	136,19.3,5,4.29,407,.71,2.14,57,0,0,.77,107,,12.9,,.71,.36,,,,.182	1 serving~140|1 package~454
2090691	B	77	150,20,5.71,5,350,.71,2.86,61,.7,0,.77,107,,1.7,,1.07,.36,,,,.121	1 serving~140|1 package~454
2076830	B	48	116,18.8,3.57,1.79,438,0,1.34,40,0,0,1.61,18,,0,,0,0	1 serving~112|1 package~680
2068796	B	48	143,17.9,5.36,1.79,589,0,2.68,49,0,0,1.61,18,,0,,,,,,,.152	1 serving~112|1 package~454
2119920	B	21	186,12.9,10.7,10,486,5.71,4.29,57,2.1,0,1.93,43,,4.3,,4.29,.36	1 serving~140|1 package~907
2090693	B	106	136,19.3,5,4.29,407,.71,2.14,57,0,0,.77,107,,12.9,,.71,.36,,,,.182	1 serving~140|1 package~454
2285711	B	147	136,12.9,2.5,15,514,12.9,.71,39,0,0,.77,29,,2.6,,1.07,.36	1 serving~140|1 package~454
2136384	B	106	150,20,5.71,5,350,.71,2.86,61,.7,0,.77,107,,1.7,,1.07,.36,,,,.34	1 serving~140|1 package~454
2068797	B	106	107,17.9,2.38,2.38,619,0,,54,0,0,.43,0,,1.4,,,,,,,.202	1 serving~84|1 package~567
2119881	B	21	100,12.9,2.86,4.29,493,1.43,.71,50,.7,0,1.03,14,,6.4,,.71,.71	1 serving~140|1 package~454
1941512	B	21	114,12.1,2.5,10.7,343,8.57,.71,57,0,0,.51,14,,.9,,1.07,.71	1 serving~140|1 package~907
2090694	B	48	179,17.9,9.52,3.57,393,3.57,3.57,60,0,0,1.29,24,,32.1,,,,,,,.081	1 serving~84|1 package~454
2068793	B	77	121,11.4,4.29,9.29,321,7.86,0,0,0,0,.26,14,,1.7,,.71,1.79,,,,.097	1 serving~140|1 package~454
2119919	B	21	150,14.3,5.71,9.29,429,6.43,.71,57,0,0,1.03,29,,8.6,,1.07,.71	1 serving~140|1 package~454
2095394	B	33	129,13.6,2.86,12.9,286,9.29,.71,61,0,0,.77,14,,8.6,,1.07,.71	1 serving~140|1 package~907
2076831	B	48	170,17.9,8.93,2.68,446,1.79,2.23,49,0,0,.96,18,,3.2,,0,0	1 serving~112|1 package~680
2068795	B	77	164,11.4,9.29,9.29,321,7.86,3.21,0,0,.36,.26,14,,1.7,,3.57,0,,,,.097	1 serving~140|1 package~454
2076829	B	48	125,14.3,2.68,11.6,562,9.82,.89,27,0,0,1.29,36,,2.1,,0,0	1 serving~112|1 package~680
1904021	B	48	179,17.9,9.82,2.68,527,1.79,4.02,49,0,0,1.61,18,,0,,0,0	1 serving~112|1 package~680
2542582	B	21	136,15,3.21,10.7,457,8.57,.71,71,0,0,.77,14,,.9,,1.07,.71	1 serving~140|1 package~907
2669839	B	131	143,15.7,5.71,6.43,521,4.29,2.5,71,0,0,.77,14,,0,,1.07,.71,0	1 serving~140|1 package~454
2085377	B	41	800,0,93.3,0,0,,10,0,,0,,,,,,23.3,60	1 tbsp~15|1 package~500
1865669	B	7	167,3.33,16.7,6.67,1000,3.33,1.67,0,3.3,0,1.2,67,,4	1 serving~30|1 package~280
1852467	B	37	47,3.53,0,8.24,318,1.18,,,2.4,0,1.27,47,,21.2	1 serving~85|1 package~280
1661916	B	41	800,0,93.3,0,0,,13.3,,,0,,,,,,66.7,10	1 tbsp~15
1863080	B	7	107,0,10.7,7.14,1710,0,,0,,0,0,0,,0	2 olives~14|1 package~184
1863113	B	7	167,0,16.7,0,2330,,3.33,0,,0	5 olives~15|1 package~142
1852468	B	7	71,3.57,7.14,7.14,357,0,,,3.6,0,1.29,0,,4.3	1 serving~28|1 package~340
2025854	B	7	107,0,10.7,7.14,1710,0,,0,,0,0,0,,0	2 olives~14
2026262	B	19	214,14.3,10.7,7.14,5570,0,0,71,7.1,0,2.57,286,,0	1 tbsp~14|1 package~56
2170923	B	41	867,0,93.3,0,0,,6.67,,,0,,,,,,26.7,60	1 tbsp~15|1 package~500
2084188	B	122	87,0,0,13.3,0,13.3,,,,,0,0,,0	1 tbsp~15|1 package~500
2084215	B	122	87,0,0,13.3,0,13.3,,,,0,2.4,0,,0	1 tbsp~15|1 package~500
2011803	B	32	400,3.33,36.7,10,1530,3.33,6.67,0,3.3,0,0,67,,16	1 serving~30|1 package~180
2025814	B	7	42,0,0,8.33,2620,0,,,,0,0,0,,0	1 serving~12|1 package~227
2654265	B	76	200,21.2,11.8,0,294,0,2.94,165,0,0,8.24,44,86,,0	1 serving~85
2424517	B	37	35,2.31,0,6.92,288,3.08,0,0,3.1,0,.77,26,222,,0	¾ cup~130|1 package~390
2375761	B	7	17,0,0,3.33,567,,,,0,,1	1 tbsp~30|1 package~113
2427680	B	7	21,1.43,0,5.71,243,4.29,0,0,1.4,0,.51,29,100,,0	1 container~70|1 package~113
2455981	B	7	200,0,20,6.67,1670,0,6.67,0,0,0,0,0,,0	3 olives~15|1 package~170
2084586	B	41	800,0,93.3,0,0,,13.3,,,0,,,,,,66.7,10	1 tbsp~15
2673287	B	41	867,0,93.3,0,0,,13.3,,,0,,,,,,73.3,6.67	1 tbsp~15|1 package~250
2656180	B	76	235,16.5,17.6,4.71,294,0,2.35,65,0,0,27.1,106,25,,0	1 serving~85
2436801	B	76	191,17,10.6,8.51,340,,3.19,21,0,0,13.4,43,,0	1/3 cup~47|1 package~106
2032416	B	76	194,25,10.6,0,5600,0,1.88,78,0,0,4.5,188,,0	5 pieces~16|1 package~56
2116695	B	7	83,3.33,0,16.7,923,3.33,0,0,6.7,0,2.4,67,,180	1 serving~30|1 package~340
2026043	B	7	36,0,0,7.14,250,3.57,0,0,0,0,1.29,71,,42.9	1 serving~28|1 package~340
2033984	B	1	385,0,0,100,0,69.2	2 pieces~13|1 package~150
2654263	B	7	179,0,17.9,7.14,1430,0,7.14,0,,0,,,,,,0,0	2 olives~14|1 package~184
2654264	B	76	200,21.2,11.8,0,294,0,2.94,165,0,0,8.24,44,86,,0	1 serving~85
2283173	B	41	867,0,93.3,0,0,,6.67,,,0,,,,,,26.7,60	1 tbsp~15|1 package~1000
2025829	B	7	133,0,13.3,6.67,2200,0,0,0,0,0,0,0,,0	5 olives~15|1 package~170
2152604	B	32	250,3.12,21.9,12.5,1030,6.25,3.12,0,3.1,0,0,141,203,,0	2 tbsp~32|1 package~160
2654261	B	7	54,0,1.79,7.14,411,0,,,3.6,,0,36,179	3 pieces~28|1 package~340
2011853	B	7	50,3.33,1.67,6.67,733,0,0,0,3.3,0,1.2,33,,80	1 serving~30|1 package~213
2011854	B	7	42,0,0,8.33,2620,0,,,,0	1 tbsp~12|1 package~99
2590407	B	7	17,0,0,3.33,733,,,,3.3,,,67	¼ cup~30|1 package~340
2025789	B	7	107,0,10.7,7.14,1710,0,,0,,0,0,0,,0	2 olives~14|1 package~184
2656178	B	76	200,21.2,11.8,0,294,0,2.94,165,0,0,8.24,44,86,,0	1 serving~85
1854505	B	1	385,0,0,100,0,69.2	2 pieces~13|1 package~150
2026062	B	7	275,0,0,62.5,525,47.5,0,,0,0,1.8,0,,0	2 tbsp~40|1 package~312
2656181	B	7	136,3.57,10.7,7.14,321,1.79,0,0,3.6,0,0,4,318,,0	1 serving~28|1 package~227
2025818	B	7	42,0,0,8.33,2620,0,,,,0,0,0,,0	1 tbsp~12|1 package~227
2084572	B	41	800,0,93.3,0,0,,13.3,,,3.33,,,,,,66.7,10	1 tbsp~15
2025857	B	7	50,0,0,0,2800,0,,,,0,0,0,,0	1 tbsp~12|1 package~99
1662586	B	41	840,0,93.3,0,0,,13.3,,,0,,,,,,73.3,6.67	1 tbsp~15
2369945	B	7	167,0,16.7,6.67,2070,0,,0,,0,0,0,,0	2 olives~15|1 package~170
2621559	B	54	20,0,0,0,0,0,,,,0,0,0,,0,,,,0	1 tbsp~15|1 package~500
1852585	B	16	371,12.3,7.69,61.5,995,3.08,3.08,77,3.1,0,2.49,92,,0	¾ cup~65|1 package~227
1852437	B	32	233,3.33,23.3,10,567,3.33,3.33,0,3.3,0,0,0,,20	1 serving~30|1 package~180
2026103	B	7	33,0,0,6.67,400,3.33,,,,0,0,0,,16	3 spears~30|1 package~280
2654262	B	7	43,0,0,3.33,900,3.33,0,0,0,0,66.7,0,0,,0	5 pieces~30|1 package~340
2025862	B	7	167,0,16.7,0,1500,,6.67,0,,0	2 olives~15|1 package~255
2026064	B	7	17,0,0,0,379,0,0,0,0,0,0,0,,0	1 serving~29|1 package~345
2029706	B	7	133,0,13.3,6.67,800,0,3.33,0,0,0,4.8,0,,0	4 olives~15|1 package~170
2025791	B	7	219,0,18.8,6.25,1620,0,6.25,0,0,0,0,0,,0	2 tbsp~16|1 package~184
2449670	B	16	154,4.17,0,32.5,250,,0,0,,,0,10,10,,,0,0	cup~120|1 package~454
2023537	B	37	41,2.35,0,7.06,294,1.18,0,0,4.7,0,.85,24,,7.1	1 serving~85|1 package~390
2084501	B	54	27,0,0,0,0,0,,,,0,0,0,,0	1 tbsp~15|1 package~375
1867113	B	7	43,3.33,0,10,200,6.67,0,0,3.3,0,2.4,33,,116	2 pieces~30|1 package~280
2489090	B	76	267,20,20,0,6130,0,0,100,0,0,3.07,150,212,,.8	5 pieces /~15|1 package~56
2025842	B	7	42,0,0,8.33,10000,0,,,,0,0,0,,0	1 serving~12
2499687	B	76	250,23.8,16.2,0,262,0,3.75,38,0,0,4.5,50,350,,2.5,8.75,3.75	1 can drained~80
2025762	B	7	188,0,15.6,6.25,875,,3.12,0,,0,6.75,0,,0,,9.38,0	2 tbsp~16|1 package~184
2366230	B	78	188,21.2,11.8,2.35,2710,0,2.35,47,0,0	1 serving~85
2025786	B	7	107,0,10.7,7.14,1710,0,,,,0,0,0,,0	2 olives~14
2303937	B	7	312,12.5,31.2,25,1500,25,0,0,12.5,0,22.5,0,2620,,0	2 halves~8|1 package~220
2025761	B	7	150,0,13.3,6.67,1070,3.33,0,0,3.3,0,1.2,0,,30	1 serving~30|1 package~280
2656179	B	76	200,21.2,11.8,0,294,0,2.94,165,0,0,8.24,44,86,,0	1 serving~85
2030082	B	47	117,6.67,0,23.3,217,13.3,0,0,3.3,0,2.4,0,,60	1 tbsp~30|1 package~130
1852586	B	16	385,13.8,9.23,60,446,1.54,3.08,77,3.1,0,1.66,123,,0	¾ cup~65|1 package~227
2084181	B	122	100,0,0,20,0,20,,,,,0,0,,0	1 tbsp~15|1 package~500
2011850	B	37	45,3.53,0,10.6,220,1.18,0,0,3.1,0,.85,71,,11.3	1 serving~85|1 package~390
2439859	B	37	14,.91,0,3.64,291,.91,0,0,1.8,,0,0,,0	½ cup~110|1 package~425
2016084	B	37	30,1,0,6,330,1,0,0,2,0,.36,40,,6	½ cup~100|1 package~400
2026100	B	7	36,0,0,7.14,393,3.57,0,0,0,0,0,0,,42.9	1 serving~28|1 package~340
2195845	B	6	267,9.48,2.59,55.2,647,2.59,0,0,1.7,0,3.1,86,,10.3	1 bagel~116|1 package~680
2423144	B	6	404,6.38,23.4,44.7,404,21.3,3.19,128,0,0,2.13,64,94,,0	1 piece~47
2506331	B	16	152,7.58,5.56,15.2,146,1.01,4.04,15,.5,0	2 pieces~198|1 package~595
2375245	B	16	368,15.8,2.63,70.2,386,3.51,.88,53,14,0	2 . oz~57|1 package~340
2375096	B	16	368,15.8,2.63,70.2,386,3.51,.88,53,14,0	1 serving~57|1 package~396
2543750	B	16	368,15.8,2.63,70.2,386,3.51,.88,53,14,0	1 serving~57|1 package~396
2506332	B	16	368,15.8,2.63,70.2,386,3.51,.88,53,14,0	1 serving~57|1 package~396
2400872	B	16	368,14,2.63,73.7,386,8.77,.88,44,14,0,1.75,137,0,,0,.88	1 serving~57|1 package~340
2543867	B	37	67,3.08,5.38,7.69,523,2.31,.77,0,6.2,0,.42,0,350,,0	1 cup~130|1 package~1000
2063631	B	21	227,13.3,3.52,37.5,78,.78,1.17,39,0,0,2.81,47,,0	1 serving~128|1 package~364
2096041	B	16	283,12.4,7.96,43.4,177,0,2.65,22,.9,0,2.39,53,,0	1 serving~113|1 package~454
2150244	B	37	80,2.4,1.2,13.6,,3.2,0,0,3.2,0,.29,0,,3.8	¾ cup~125|1 package~2950
2476177	B	5	400,13.3,5,76.7,767,6.67,0,0,3.3,0,5.33,43,183,,2.33,3.33,1.67	1 serving~30|1 package~198
2476179	B	5	400,13.3,5,76.7,800,6.67,0,0,3.3,0,5.33,67,200,,2.33,1.67,0	1 serving~30|1 package~198
2476178	B	5	400,13.3,5,76.7,867,6.67,0,0,3.3,0,5.33,67,200,,2.33,3.33,1.67	1 serving~30|1 package~198
1877624	B	5	433,10,13.3,70,7100,3.33,0,0,3.3,0,4.8,0,,0	1 serving~30|1 package~567
2642159	B	4	481,3.7,25.9,55.6,22,40.7,14.8,4,3.7,0,3.7,15,137,,0	3 piece/s~27|1 package~499
2622516	B	29	500,5,30,55,25,35,15,0,5,0,1.8,0,,0,,,,0	4 pieces~20|1 package~330
2622517	B	29	500,5,30,55,25,30,12.5,0,5,0,1.8,0,,0,,,,0	4 pieces~20|1 package~330
2622514	B	13	500,5,25,60,25,40,12.5,0,0,0,0,0,,0,,,,0	4 pieces~20|1 package~330
2601938	B	4	500,5,25,65,30,40,10,0,0,0,0,10,130,,0	4 piece/s~20|1 package~330
2622515	B	29	500,5,30,60,25,35,12.5,0,0,0,1.8,0,,0,,,,0	4 pieces~20|1 package~330
2601939	B	4	500,5,30,60,40,35,15,0,0,0,0,10,100,,0	4 piece/s~20|1 package~330
1887182	B	15	194,6.45,11.3,16.1,774,3.23,1.61,0,6.5,0,2.32,65,,0	2 tbsp~31|1 package~269
1887183	B	15	194,3.23,12.9,19.4,645,6.45,1.29,0,3.2,0,2.32,65,,0	2 tbsp~31|1 package~226
1887186	B	15	258,9.68,14.5,19.4,419,3.23,1.61,0,6.5,0,2.32,65,,0	2 tbsp~31|1 package~269
1887181	B	15	226,9.68,11.3,19.4,371,3.23,1.61,0,6.5,0,2.32,65,,0	2 tbsp~31|1 package~269
397879	B	37	16,1.57,0,2.36,402,.79,0,0,1.6,0,2.13,16,,3.8	.6 cup~127
2558156	B	113	232,10,9,27,517,2,4,47,1,0,2,91,72,,0	3.71 ounce~105
2722537	B	113	230,10,9,26,530,3,4,45,2,0,2.7,121,142,0,0,,,0	3 2/3 ounces~104
2719336	B	113	317,22,14,26,587,3,5,26,4,0,3,212,1150,0,0,,,0	4.85 ounces~138
2742202	B	113	350,19,19,26,510,2,7,40,2,0,1.5,308,191,,0	4½ ounces~128
2742206	B	113	283,14.9,16.4,19.6,410,3.13,7.04,29.7,1.56,0,1.56,180,14.9,,0	4½ ounces~128
2742190	B	113	382,21,17,33,718,4,8,40,4,0,3,347,279,0,0,,,0	1 5.63 oz piece~166
2742097	B	113	252,12.1,12.6,23.7,505,2.42,6.29,,2.42,0,1.94,147,85.6,,0	7.29 ounces~207
2742153	B	113	230,13.8,10.7,19.4,414,3.13,4.39,29.4,1.88,0,1.25,288,73.9,0,0,,,0	5.63 ounces~160
2742095	B	113	245,11.8,11.3,25.1,431,2.56,6.66,22.6,2.56,0,2.05,178,80,,0	6.88 ounces~195
2742096	B	113	246,12.2,11.2,24.9,467,2.54,6.09,24.9,2.54,0,2.03,165,83.2,,0	6.95 ounces~197
2699601	B	113	303,23,10,27,405,3,5,19,4,0,2,300,1150,,0	4.8 ounces~136
2558149	B	113	372,18,19,31,630,3,11,45,2,0,2,248,67,,0	5.08 ounces~144
2558150	B	113	258,13,13,21,437,2,7,31,1,0,1,173,46,,0	5.08 ounces~144
2742211	B	113	354,21,17,29,627,3,8,41,3,0,2,335,246,,0	5.23 ounces~148
2719514	B	113	246,13.9,12.5,20.1,442,2.08,5.55,26.4,2.08,0,1.39,244,167,0,0,,,0	5.08 ounces~144
2742207	B	113	243,13.4,11.3,21.9,291,2.12,7.05,28.9,1.41,0,1.41,217,28.2,,0	5 ounces~142
2742186	B	113	245,15.5,12.4,18.6,235,3.88,7.75,31.8,2.33,0,1.55,240,13.2,,0	4.55 ounces~129
2742187	B	113	265,15.2,15.2,18.2,457,2.28,7.59,37.2,2.28,0,1.52,178,14.4,,0	4 2/3 ounces~132
2742163	B	113	245,13.4,12.7,19,358,4.23,7.05,31,2.12,0,2.12,183,14.1,0,0,,,0	1 serving~142
2742214	B	113	231,13.4,10.7,20.2,229,4.7,6.72,27.5,2.69,0,2.02,204,1.34,,0	5¼ ounces~149
2558080	B	113	331,18,16,30,658,3,7,38,3,0,2,348,249,,0	4.95 ounces~140
2742196	B	113	214,15.5,8.47,19,289,4.23,4.94,18.3,2.12,0,2.12,177,46.6,0,0,,,0	1 serving~142
2742226	B	113	243,9.5,10.1,27.2,426,2.53,2.53,14.6,1.27,0,1.9,159,34.8,0,0,,,0	1 serving~158
2719329	B	113	416,21,18,42,731,5,6,26,2,0,3,371,269,0,0,,,0	1 serving~172
2742191	B	113	226,13.1,10.5,20.2,327,4.57,5.88,25.5,2.61,0,1.96,143,43.1,0,0,,,0	1 serving~153
2719341	B	113	233,12.7,11.4,19.7,347,4.45,6.36,28,1.91,0,1.91,167,14.6,0,0,,,0	1 serving~157
2719327	B	113	313,14,10,42,501,5,3,8,2,0,3,254,296,0,0,,,0	1 serving~144
2742220	B	113	402,20,17,42,484,4,11,41,2,0,3,311,54,0,0,,,0	5.9 ounces~167
2742219	B	113	328,21,13,32,538,5,6,37,3,0,2,379,280,0,0,,,0	
2384694	B	33	235,12.1,8.87,28.2,450,2.42,4.84,20,1.6,0,1.61,175,36,,0	1 serving~124|1 package~743
2288601	B	33	237,9.21,7.89,30.3,474,3.95,4.61,20,1.3,0,1.89,132,,11.8	1 slice~76|1 package~907
2742228	B	113	424,20,20,42,659,4,10,46,2,0,3,252,54,,0	5.95 ounces~169
2746194	B	113	233,10.3,7.53,29.4,425,2.74,3.08,27,.7,0,1.78,145,116,,0	5.15 oz , 1/6 pizza~146
2746311	B	113	213,11.1,7.41,25,380,2.78,3.7,19,.9,0,1.85,212,167,,0	3.8 oz , 1/4 pizza~108
2746136	B	113	242,10.4,9.34,28,505,3.3,4.95,25,0,0,1.92,121,82,,0	6.42 oz , 1/8 pizza~182
2746133	B	113	250,7.14,3.57,46.4,304,3.57,0,0,0,0,2.86,71,71,,0	1 oz , 1/8 pizza~28
2746312	B	113	255,7.55,6.6,43.4,245,2.83,2.36,0,3.8,0,3.96,16,151,,0	3¾ oz , 1/8 pizza~106
2746187	B	113	225,11.6,8.7,23.9,486,2.9,4.35,22,.7,0,1.09,261,181,,0	4.87 oz , 1/4 pizza~138
2746140	B	113	305,8.47,15.2,32.2,492,1.69,2.54,17,1.7,0,2.03,169,68,,0	2.08 oz , 2 pieces~59
2746310	B	113	151,7.55,5.03,17.6,264,1.89,1.89,13,1.3,0,1.26,103,119,,0	5.61 oz , 1/4 pizza~159
2746202	B	113	229,12.1,10.7,22.9,550,2.14,4.29,25,1.4,0,1.07,214,179,,0	4.94 oz , 1/4 pizza~140
2746195	B	113	243,10.8,9.46,28.4,399,2.7,4.05,20,1.4,0,2.03,156,149,,0	5.23 oz , 1/6 pizza~148
2746309	B	113	179,8.97,6.9,19.3,310,2.07,2.76,14,1.4,0,1.38,127,131,,0	5.13 oz , 1/4 pizza~145
2746170	B	113	240,8.98,9.58,29.9,509,3.59,3.59,36,0,0,2.22,102,66,,0	5.89 oz , 1/8 pizza~167
2746174	B	113	228,9.66,6.9,31,497,3.45,3.1,41,1.4,0,2.21,124,62,,0	5.11 oz , 1/2 pizza~145
2746135	B	113	250,11.4,11.4,26.1,549,2.72,5.43,27,0,0,1.96,152,98,,0	6½ oz , 1/8 pizza~184
2746190	B	113	215,9.72,5.56,31.2,507,3.47,3.12,17,1.4,0,2.22,181,139,,0	5.08 oz , 1/6 pizza~144
2746313	B	113	245,10.9,9.24,28.3,511,3.26,4.89,16,.5,0,2.17,211,125,,0	6½ oz , 1/8 pizza~184
2746196	B	113	219,8.9,6.16,31.5,425,4.11,3.08,14,1.4,0,2.26,158,137,,0	5.15 oz , 1/2 pizza~146
2746201	B	113	222,10.4,5.56,30.6,514,2.08,3.47,14,1.4,0,2.08,182,139,,0	5.08 oz , 1/4 pizza~144
2746134	B	113	299,8.92,15.3,30.6,643,3.18,4.46,19,0,0,2.17,127,57,,0	5.54 oz , 1/8 pizza~157
2746137	B	113	250,9.09,10.8,29,585,3.41,4.55,17,.6,0,2.16,81,170,,0	6.21 oz , 1/8 pizza~176
2746191	B	113	219,9.59,6.85,30.1,568,2.74,3.08,14,1.4,0,2.26,130,158,,0	5.15 oz , 1/6 pizza~146
2746182	B	113	250,10.7,11.7,26.5,500,3.57,5.1,26,2.6,0,2.4,173,204,,0	6.9 oz , 1/8 pizza~196
2746141	B	113	239,9.42,9.42,29,609,2.9,4.35,14,1.4,0,2.17,138,167,,0	4.87 oz , 1/6 pizza~138
2746146	B	113	250,9.24,11.4,27.7,598,3.8,4.89,16,.5,0,2.07,114,185,,0	6½ oz , 1/8 pizza~184
2746171	B	113	229,8.57,7.14,32.9,557,3.57,2.86,7,1.4,0,2.43,93,164,,0	4.94 oz , 1/2 pizza~140
2746165	B	113	267,9.63,12.6,29.6,556,2.96,5.93,22,0,0,2.07,126,74,,0	4¾ oz , 1/10 pizza~135
2746200	B	113	205,8.61,5.96,29.8,523,3.31,2.65,13,1.3,0,2.19,126,152,,0	5 1/3 oz , 1/6 pizza~151
2746139	B	113	228,8.42,10.4,26.2,530,3.47,4.46,17,.5,0,1.93,104,168,,1	7.13 oz , 1/8 pizza~202
2746173	B	113	212,7.53,6.85,31.5,534,3.42,2.4,7,1.4,0,2.26,68,171,,1	5.15 oz , 1/2 pizza~146
2746106	B	113	224,10.6,9.41,23.5,471,1.18,3.53,47,2.4,0,1.18,141,124,,0	3 oz , 1 pizza~85
2746113	B	113	224,10.6,9.41,23.5,471,1.18,3.53,47,2.4,0,1.18,141,124,,0	3 oz , 1 pizza~85
2746103	B	113	232,14.1,4.93,24.6,415,4.93,4.93,28,2.8,0,1.27,334,183,,0	5 oz , 1 pizza~142
2746058	B	113	218,12.7,9.15,20.4,352,3.52,4.93,28,2.1,0,1.48,261,197,,0	5 oz , 1 pizza~142
2746083	B	113	218,12.7,9.15,20.4,352,3.52,4.93,28,2.1,0,1.48,261,197,,0	5 oz , 1 slice~142
2742200	B	113	214,12.4,8.97,20,345,3.45,4.14,24,2.1,0,1.52,234,221,,0	5.1 oz , 1/8 pizza~145
2746130	B	113	218,12.2,10.2,20.4,415,2.72,4.76,27,2.7,0,1.84,170,286,,0	5.19 oz , 1 pizza~147
2746086	B	113	204,10.8,8.92,20.4,389,3.82,4.46,25,2.5,0,1.4,172,293,,0	5.55 oz , 1 pizza~157
2746114	B	113	213,11.7,9.57,22.3,319,3.19,4.26,27,2.1,0,1.49,183,202,,0	3.3 oz , 1 pizza~94
2746066	B	113	212,11.5,6.19,30.1,416,4.42,2.65,22,3.5,0,1.68,186,239,,0	4 oz , 1 pizza~113
2746098	B	113	223,9.57,9.57,22.3,436,2.13,3.72,16,2.1,0,1.38,136,223,,0	3.3 oz , 1 pizza~94
2746070	B	113	213,10.7,8,22.7,307,2.67,3.33,80,1.3,0,1.33,169,113,,1	2 2/3 oz , 1 pizza~75
2746179	B	113	247,12.4,7.22,32,464,3.09,3.09,62,3.1,0,1.55,174,144,,0	3.42 oz , 1 pizza~97
2746178	B	113	229,12.9,11.4,18.6,457,1.43,5,71,1.4,0,1.14,174,114,,0	2.47 oz , 1 pizza~70
2746097	B	113	217,9.78,9.78,22.8,457,1.09,4.35,16,2.2,0,1.3,148,136,,0	3¼ oz , 1 pizza~92
2746099	B	113	223,10.6,9.57,23.4,372,3.19,4.26,27,2.1,0,1.6,181,202,,0	3 1/3 oz , 1 pizza~94
2746302	B	113	221,12.4,6.19,29.2,416,4.42,2.65,22,3.5,0,1.68,182,239,,0	4 oz , 1 pizza~113
2746059	B	113	204,10.7,8.74,21.4,456,1.94,3.4,15,1.9,0,1.36,131,252,,0	3.63 oz , 1 pizza~103
2746081	B	113	210,9.88,8.64,22.2,444,1.23,3.7,49,2.5,0,1.23,148,130,,0	2.85 oz , 1 pizza~81
2746184	B	113	271,15.7,11.4,24.3,529,2.86,5,93,2.9,0,1.71,230,186,,1	2.47 oz , 1 pizza~70
2746063	B	113	207,12,7.61,21.7,359,2.17,3.8,27,2.2,0,1.41,196,120,,0	3¼ oz , 1 pizza~92
2746105	B	113	204,11.6,7.77,20.4,350,2.91,3.4,24,1.9,0,1.46,175,233,,0	3.63 oz , 1 pizza~103
2746169	B	113	247,12.4,7.22,32,464,3.09,3.09,62,3.1,0,1.55,174,144,,0	3.42 oz , 1 pizza~97
2746084	B	113	236,14.6,9.76,22,431,2.44,4.88,33,1.6,0,1.38,260,114,,0	4 1/3 oz , 1 pizza~123
2742171	B	113	231,13.8,10,20.8,485,2.31,4.62,31,1.5,0,1.31,254,123,,0	4.59 oz , 1 slice~130
2742172	B	113	231,13.8,10,20,438,2.31,4.62,35,1.5,0,1.31,252,123,,0	4.6 oz , 1/8 pizza~130
2746090	B	113	227,14.1,10.2,20.3,414,2.34,4.69,35,1.6,0,1.33,255,117,,0	4½ oz , 1 pizza~128
2742174	B	113	218,12.7,9.86,20.4,331,3.52,4.93,28,2.1,0,1.2,305,169,,0	5 oz , 1/8 pizza~142
2746011	B	113	218,12.7,9.86,20.4,331,3.52,4.93,28,2.1,0,1.2,305,169,,0	5 oz , 1 slice~142
2746101	B	113	228,13.2,10.3,20.6,338,3.68,5.15,29,2.2,0,1.25,318,154,,0	4.8 oz , 1 pizza~136
2746206	B	113	225,11.3,10.6,21.8,401,3.52,5.63,32,2.1,0,1.27,211,254,,0	5 oz , 1 pizza~142
2746120	B	113	218,12.7,9.86,20.4,331,3.52,4.93,28,2.1,0,1.2,305,169,,0	5 oz , 1 pizza~142
2744705	B	113	218,12.7,9.86,20.4,331,3.52,4.93,28,2.1,0,1.2,305,169,,0	5 oz , 1 pizza~142
2742189	B	113	217,12.5,9.21,21.7,322,3.95,4.61,26,2,0,1.32,289,178,,0	5 1/3 oz , 1 pizza~152
2747217	B	113	219,11,9.68,21.9,387,3.87,5.16,29,1.9,0,1.29,194,258,,0	5.45 oz , 1 pizza~155
2742176	B	113	209,11.8,9.15,19.6,327,3.92,4.58,26,2,0,1.18,285,203,,0	5.4 oz , 1 pizza~153
2746118	B	113	209,11.8,9.15,19.6,327,3.92,4.58,26,2,0,1.18,285,203,,0	5.4 oz , 1 pizza~153
2746143	B	113	220,11.5,8.38,25.6,293,3.66,4.19,21,2.6,0,1.52,236,178,,0	6¾ oz , 1 pizza~191
2746104	B	113	221,12.4,6.19,30.1,381,4.42,3.1,18,3.5,0,1.5,235,230,,0	4 oz , 1 pizza~113
2746115	B	113	232,14.1,8.45,24.6,415,4.93,4.93,28,2.8,0,1.27,334,183,,0	5 oz , 1 pizza~142
2746116	B	113	221,12.4,6.19,30.1,381,4.42,3.1,18,3.5,0,1.5,235,230,,0	4 oz , 1 pizza~113
2742201	B	113	212,11.5,8.33,23.7,321,2.56,4.49,26,1.3,0,1.41,304,186,,0	5½ oz , 1 pizza~156
2744688	B	113	224,10.9,9.62,24.4,417,4.49,5.13,29,2.6,0,1.41,231,288,,0	5½ oz , 1 pizza~156
2744687	B	113	212,13.5,8.33,22.4,340,3.85,4.49,26,1.9,0,1.35,312,218,,0	5½ oz , 1 pizza~156
2744685	B	113	297,15.6,16.4,23.4,438,3.12,6.25,31,1.6,0,1.41,373,78,,0	4½ oz , 1 pizza~128
2744696	B	113	205,14.7,7.69,18.6,353,7.05,3.85,19,3.2,0,2.37,224,160,,0	5½ oz , 1/8 pizza~156
2746305	B	113	221,12.1,10,20.7,364,3.57,5,29,2.1,0,1.21,295,171,,0	4.95 oz , 1 pizza~140
2746065	B	113	221,12.1,10,20.7,364,3.57,5,29,2.1,0,1.21,295,171,,0	4.95 oz , 1 pizza~140
2744668	B	113	221,12.1,10,20.7,364,3.57,5,29,2.1,0,1.21,295,171,,0	4.95 oz , 1 pizza~140
2746010	B	113	221,12.1,10,20.7,364,3.57,5,29,2.1,0,1.21,295,171,,0	4.95 oz , 1 slice~140
2746197	B	113	201,11.3,8.81,18.9,302,3.77,4.4,25,1.9,0,1.13,274,170,,0	5.6 oz , 1 pizza~159
2746300	B	113	218,12.7,9.86,20.4,331,3.52,4.93,28,2.1,0,1.2,305,169,,0	5 oz , 1 slice~142
2746073	B	113	297,13.3,18,25.8,656,.78,6.25,16,1.6,0,1.25,281,117,,0	4½ oz , 1 pizza~128
2742180	B	113	236,13.6,10.7,22.1,443,2.86,4.29,14,2.1,0,1.43,303,200,,0	4.95 oz , 1 slice~140
2746185	B	113	225,10.6,11.3,22.5,535,2.11,4.93,14,2.1,0,1.06,223,211,,0	5 oz , 1 pizza~142
2742216	B	113	228,13.1,10.3,20.7,352,3.45,5.52,31,2.1,0,1.24,317,166,,0	5.13 oz , 1/8 pizza~145
2746177	B	113	228,13.1,10.3,20,352,3.45,5.52,31,2.1,0,1.17,315,172,,0	5.12 oz , 1 slice~145
2746006	B	113	248,13.4,12.7,19.8,529,3.18,6.37,35,1.9,0,1.21,233,210,,0	5.54 oz , 1/8 pizza~157
2742205	B	113	231,13.6,10.9,20.4,449,3.4,5.44,31,2,0,1.5,271,184,,0	5.2 oz , 1/8 pizza~147
2746176	B	113	231,13.6,10.9,20.4,517,3.4,5.44,31,2,0,1.5,272,184,,0	5.2 oz , 1 pizza~147
2746144	B	113	236,12.5,11.1,20.8,451,3.47,5.56,35,2.1,0,1.32,257,201,,0	5.08 oz , 1/8 pizza~144
2746145	B	113	236,12.5,11.1,20.8,451,3.47,5.56,35,2.1,0,1.32,257,201,,0	5.08 oz , 1/8 pizza~144
2746124	B	113	212,13.5,8.33,22.4,340,3.85,4.49,26,1.9,0,1.35,312,218,,0	5½ oz , 1 pizza~156
2742160	B	113	218,11.5,9.62,23.7,519,2.56,4.49,13,1.9,0,1.15,237,256,,0	5½ oz , 1 pizza~156
2746123	B	113	231,14.1,10.9,21.8,410,3.85,5.13,29,1.9,0,1.41,248,250,,0	5½ oz , 1 pizza~156
2746064	B	113	210,14.6,7.64,21.7,427,3.82,3.82,32,1.9,0,1.27,243,217,,0	5.53 oz , 1 pizza~157
2746189	B	113	289,13.3,16.4,21.1,422,3.12,5.47,31,1.6,0,1.25,336,62,,0	4½ oz , 1/8 pizza~128
2746307	B	113	277,12.6,15.1,23.5,471,3.36,6.72,38,1.7,0,1.34,244,168,,0	4.2 oz , 1 pizza~119
2746132	B	113	277,12.6,15.1,23.5,471,3.36,6.72,38,1.7,0,1.34,244,168,,0	4.2 oz , 1 pizza~119
2746142	B	113	274,12.5,13.1,26.8,411,2.98,4.17,24,2.4,0,1.55,262,89,,0	5.93 oz , 1 pizza~168
2744706	B	113	305,14.1,16.4,25.8,508,3.91,5.47,31,2.3,0,1.48,383,78,,0	4½ oz , 1 pizza~128
2746168	B	113	289,13.3,16.4,20.3,422,3.12,6.25,31,1.6,0,1.25,334,62,,0	4½ oz , 1 slice~128
2746075	B	113	297,15.6,6.25,23.4,438,3.12,6.25,31,1.6,0,1.41,373,78,,0	4½ oz , 1 pizza~128
2746092	B	113	238,12.2,12.2,20.4,483,3.4,5.44,31,2,0,1.36,156,238,,0	5.2 oz , 1 slice~147
2742224	B	113	236,12.8,11.5,18.9,432,3.38,5.41,34,2,0,1.28,226,196,,0	5.23 oz , 1/8 pizza~148
2742178	B	113	243,12.5,12.5,20.8,472,3.47,5.56,31,2.1,0,1.32,243,201,,0	5.08 oz , 1 slice~144
2746301	B	113	248,13.1,12.4,20.4,416,3.65,5.84,33,2.2,0,1.31,251,190,,0	4.85 oz , 1 pizza~137
2746204	B	113	246,12.7,12.7,20.4,535,3.52,6.34,32,2.1,0,1.2,232,190,,0	5 oz , 1 pizza~142
2746119	B	113	254,12.7,12.7,19.7,430,3.52,5.63,35,2.1,0,1.27,238,162,,0	5 oz , 1 pizza~142
2744704	B	113	246,12.7,12.7,19.7,430,3.52,5.63,35,2.1,0,1.34,236,204,,0	5 oz , 1 pizza~142
2746008	B	113	235,11.1,11.8,21.6,451,3.27,5.88,29,2,0,1.37,163,275,,0	5.4 oz , 1 pizza~153
2746068	B	113	237,12.2,12.2,19.2,417,3.85,5.13,32,1.9,0,1.28,210,244,,0	5½ oz , 1 pizza~156
2746308	B	113	231,11.5,12.2,19.9,519,3.21,5.77,29,1.9,0,1.15,205,231,,0	5½ oz , 1 pizza~156
2746117	B	113	237,12.2,12.2,19.2,417,3.85,5.13,32,1.9,0,1.28,210,244,,0	5½ oz , 1 pizza~156
2746069	B	113	246,13.4,13.4,18.3,437,3.52,6.34,39,2.1,0,1.2,277,190,,0	5 oz , 1 slice~142
2746062	B	113	250,12.9,12.9,20,457,2.86,5.71,32,2.1,0,1.29,224,214,,0	4.95 oz , 1 slice~140
2746108	B	113	254,11.3,14.1,21.1,577,2.11,5.63,21,2.1,0,1.2,175,232,,0	5 oz , 1 pizza~142
2742158	B	113	231,14.1,10.9,21.8,410,3.85,5.13,29,1.9,0,1.41,248,250,,0	5½ oz , 1 pizza~156
2744703	B	113	231,13.5,10.9,21.8,417,3.85,5.13,29,1.9,0,1.41,247,256,,0	5½ oz , 1 pizza~156
2744670	B	113	243,12.5,12.5,20.8,472,3.47,5.56,31,2.1,0,1.32,243,201,,0	5.08 oz , 1/8 pizza~144
2746304	B	113	243,12.9,11.4,21.4,436,2.14,5,32,2.1,0,1.43,249,179,,0	4.95 oz , 1 pizza~140
2746009	B	113	250,12.9,12.9,20,457,2.86,5.71,32,2.1,0,1.29,224,214,,0	4.95 oz , 1 slice~140
2746205	B	113	246,12.7,12.7,20.4,535,3.52,6.34,32,2.1,0,1.2,232,190,,0	5 oz , 1 slice~142
2746129	B	113	218,12.2,10.2,19.7,374,2.04,4.76,27,2.7,0,1.84,173,177,,0	5.2 oz , 1 pizza~147
2746100	B	113	232,12.7,10.6,19.7,359,2.11,4.93,32,2.1,0,1.34,249,176,,0	5 oz , 1 pizza~142
2746085	B	113	210,11.5,9.55,19.8,338,3.82,4.46,29,1.9,0,1.34,248,210,,0	5.55 oz , 1 pizza~157
2746096	B	113	230,12.4,7.08,29.2,398,3.54,3.1,22,3.5,0,1.68,182,230,,0	4 oz , 1 pizza~113
2746122	B	113	230,12.4,7.08,29.2,398,3.54,3.1,22,3.5,0,1.68,182,230,,0	4 oz , 1 pizza~113
2746094	B	113	217,9.78,9.78,22.8,457,1.09,4.35,16,2.2,0,1.3,148,136,,0	3¼ oz , 1 pizza~92
2742170	B	113	223,6.76,10.1,19.6,351,3.38,4.73,30,2,0,1.35,242,189,,0	5.21 oz , 1/8 pizza~148
2746095	B	113	223,12.2,10.1,19.6,351,3.38,4.73,30,2,0,1.35,242,189,,0	5.21 oz , 1 pizza~148
2746181	B	113	221,9.62,8.65,25,510,2.88,3.85,43,1.9,0,2.6,116,135,,0	3 2/3 oz , 1/8 pizza~104
2742193	B	113	241,13.1,11,22.6,460,2.92,5.11,33,2.2,0,2.04,238,124,,0	4.85 oz , 1/8 pizza~137
2744700	B	113	230,10.7,9.69,27,332,4.08,4.59,20,2.6,0,2.4,224,173,,0	6.9 oz , 1/8 pizza~196
2746203	B	113	238,11.9,11.9,28.1,500,3.75,5.62,28,2.5,0,2,212,212,,0	5.63 oz , 1/8 pizza~160
2742199	B	113	239,12.9,11,22.6,535,3.87,5.81,29,1.9,0,2.19,258,181,,0	5.45 oz , 1/8 pizza~155
2742194	B	113	235,11.8,11.1,22.9,438,3.92,5.88,29,2,0,1.96,301,170,,0	5.38 oz , 1/8 pizza~153
2746188	B	113	274,11.9,12.5,29.2,375,3.57,5.95,24,2.4,0,2.62,258,95,,0	5.92 oz , 1/8 pizza~168
2744699	B	113	247,10.6,11.6,26.3,460,3.54,5.56,23,2.5,0,2.42,121,217,,0	6.97 oz , 1/8 pizza~198
2742225	B	113	250,10.7,11.7,26.5,454,3.57,5.1,26,2.6,0,2.45,174,204,,0	6.91 oz , 1/8 pizza~196
2742210	B	113	235,9.86,10.8,24.9,366,2.82,4.69,19,2.3,0,2.3,132,192,,0	7½ oz , 1/8 pizza~213
2742227	B	113	235,11.7,9.18,27,464,4.08,4.08,26,2.6,0,2.81,175,168,,0	6.9 oz , 1/8 pizza~196
2746093	B	113	201,13.7,7.19,20.9,281,3.6,3.24,18,2.9,0,1.44,201,252,,0	4.9 oz , 1 pizza~139
2746128	B	113	201,13.7,7.19,20.9,281,3.6,3.24,18,2.9,0,1.44,201,252,,0	4.9 oz , 1 pizza~139
2746126	B	113	209,12.2,7.91,22.3,410,2.16,3.24,7,2.9,0,1.37,149,281,,0	4.9 oz , 1 pizza~139
2742152	B	113	197,12.2,7.48,21.8,401,2.72,3.06,7,2.7,0,1.29,142,299,,0	5.2 oz , 1 pizza~147
2746112	B	113	209,12.2,7.91,22.3,410,2.16,3.24,7,2.9,0,1.37,149,281,,0	4.9 oz , 1 pizza~139
2746125	B	113	221,12.9,9.29,21.4,429,2.14,3.57,14,2.9,0,1.43,124,293,,0	4.95 oz , 1 pizza~140
2746127	B	113	221,12.9,9.29,21.4,429,2.14,3.57,14,2.9,0,1.43,124,293,,0	4.95 oz , 1 pizza~140
2746080	B	113	207,12.9,7.86,21.4,414,2.14,2.86,11,2.9,0,1.5,124,286,,0	4.95 oz , 1 pizza~140
2746071	B	113	214,14.3,8.57,20.7,329,3.57,3.57,21,2.9,0,1.5,165,279,,0	4.95 oz , 1 pizza~140
2746091	B	113	214,14.3,8.57,20.7,329,3.57,3.57,21,2.9,0,1.5,165,279,,0	4.95 oz , 1 pizza~140
2746067	B	113	211,10.6,11.1,17.2,406,3.33,4.44,28,1.7,0,1.17,159,233,,0	6 1/3 oz , 1 pizza~180
2742182	B	113	233,11,12.9,19,491,3.07,5.52,31,1.8,0,1.84,175,202,,0	5¾ oz , 1/8 pizza~163
2742154	B	113	227,12.3,11.7,17.8,442,1.84,4.91,25,1.8,0,1.23,179,202,,0	5¾ oz , 1 slice~163
2746192	B	113	189,11.7,7.78,17.2,406,3.33,3.33,31,2.2,0,1.11,159,206,,0	6 1/3 oz , 1 pizza~180
2744698	B	113	216,13.5,9.46,18.9,405,3.38,4.05,34,2,0,1.82,224,196,,0	5.23 oz , 1/8 pizza~148
2746079	B	113	203,12.7,8.23,19,367,3.16,3.8,28,1.9,0,1.84,191,272,,0	5.57 oz , 1 pizza~158
2746180	B	113	209,13.5,8.78,18.9,378,2.03,4.05,24,2,0,1.35,226,169,,0	5.23 oz , 1 slice~148
2746109	B	113	224,13.3,9.09,33.6,476,3.5,4.2,35,2.1,0,1.54,231,168,,0	5.04 oz , 1 pizza~143
2742167	B	113	216,13.1,8.5,20.3,412,3.92,3.92,33,2,0,1.18,222,176,,0	5.38 oz , 1 pizza~153
2746131	B	113	216,12.4,9.15,20.9,320,3.92,4.58,26,2,0,1.24,284,176,,0	5.4 oz , 1 pizza~153
2742166	B	113	208,12.3,9.09,29.9,442,3.9,3.9,32,1.9,0,1.43,227,201,,0	5.43 oz , 1 pizza~154
2746111	B	113	224,13.3,9.09,20.3,406,3.5,4.2,35,2.1,0,2.24,252,168,,0	5.03 oz , 1 slice~143
2746193	B	113	210,14.6,7.64,21.7,427,3.82,3.82,32,1.9,0,1.27,243,217,,0	5.53 oz , 1 pizza~157
2742164	B	113	224,13.3,9.09,20.3,392,3.5,4.9,31,2.1,0,1.47,259,168,,0	5.03 oz , 1/8 pizza~143
2742165	B	113	210,12.6,8.39,20.3,357,2.1,4.2,17,2.1,0,1.4,259,168,,0	5.03 oz , 1 slice~143
2742218	B	113	204,15.3,6.57,20.4,380,3.65,2.55,26,2.9,0,1.46,132,248,,0	4.83 oz , 1/10 pizza~137
2746102	B	113	218,12.9,9.52,19.7,374,3.4,4.76,31,2,0,1.36,242,197,,0	5.2 oz , 1 pizza~147
2746107	B	113	218,12.9,9.52,19.7,374,3.4,4.76,31,2,0,1.36,242,197,,0	5.2 oz , 1 pizza~147
2746076	B	113	204,10.7,8.74,21.4,456,1.94,3.4,15,1.9,0,1.36,131,252,,0	3.63 oz , 1 pizza~103
2746072	B	113	238,12.9,6.93,31.7,545,2.97,2.97,15,3,0,1.68,166,168,,0	3.55 oz , 1 pizza~101
2746186	B	113	237,12.4,6.19,32,433,3.09,2.58,62,3.1,0,1.65,174,155,,0	3.42 oz , 1 pizza~97
2746303	B	113	224,14,9.79,21,427,2.1,4.9,24,2.1,0,1.4,255,189,,0	5.03 oz , 1 slice~143
2746166	B	113	245,13.7,6.86,31.4,451,3.92,3.43,25,2.9,0,1.67,231,147,,0	3.59 oz , 1 pizza~102
2746175	B	113	224,14,9.09,20.3,434,3.5,4.2,35,2.1,0,1.19,230,168,,0	5.05 oz , 1 pizza~143
2746089	B	113	224,14,9.09,20.3,434,3.5,4.2,35,2.1,0,2.66,230,168,,0	5.03 oz , 1 pizza~143
2744697	B	113	216,13.1,8.5,20.9,405,3.92,3.92,33,2,0,1.18,223,176,,0	5.38 oz , 1 pizza~153
2746078	B	113	208,14.3,8.44,18.8,396,3.9,3.9,26,1.9,0,1.1,249,201,,0	5.43 oz , 1 pizza~154
2746121	B	113	214,13,9.09,19.5,429,3.9,3.9,32,1.9,0,1.1,229,201,,0	5.43 oz , 1 pizza~154
2746088	B	113	224,13.3,9.09,20.3,399,2.1,4.2,31,2.1,0,1.19,257,168,,0	5.03 oz , 1 pizza~143
2746110	B	113	220,12.8,9.22,20.6,426,3.55,4.96,32,2.1,0,1.21,248,170,,0	4.98 oz , 1 slice~141
2746061	B	113	227,13.5,9.22,20.6,404,2.84,4.26,32,2.1,0,1.13,239,220,,0	4.98 oz , 1 pizza~141
2746198	B	113	218,12.9,9.52,19.7,374,3.4,4.76,31,2,0,1.36,242,197,,0	5.2 oz , 1 pizza~147
2746060	B	113	207,12,7.61,21.7,359,1.09,3.8,27,2.2,0,1.41,196,120,,0	3¼ oz , 1 pizza~92
2746167	B	113	207,16,9.33,15.3,413,5.33,4.67,23,2.7,0,1.8,282,200,,0	5.3 oz , 1/8 pizza~150
2746306	B	113	188,9.94,8.29,17.7,298,3.87,3.87,22,1.7,0,.99,242,188,,0	6.4 oz , 1 pizza~181
2558119	B	113	244,13,11,24,292,2,7,27,1,0,1,202,31,,0	1 serving~153
2465886	B	33	224,9.72,9.03,25,423,2.08,4.17,21,1.4,,1.39,101,34,,0	1 serving~144|1 package~866
2558126	B	113	243,12,10,26,474,3,6,25,1,0,2,139,35,,0	1 serving~199
2742215	B	113	247,14.1,9.65,26,411,10.4,5.94,28.2,1.49,0,2.23,171,14.1,0,0,,,0	1 serving~135
2742159	B	113	367,22,18,34,778,5,6,29,3,0,2,380,376,,0	5½ ounces~156
2742223	B	113	222,11.5,11.5,18.6,382,1.92,2.57,16,1.92,0,1.28,253,55.2,,0	1 serving~156
2742192	B	113	237,14.1,11.3,19,307,4.23,7.05,28.9,2.12,0,1.41,219,14.1,6.35,0,,,327	5 ounces~142
2719524	B	113	328,20,13,32,512,5,7,37,3,0,2,378,245,0,0,,,0	5.77 ounces~164
2558151	B	113	296,18,12,29,509,3,6,26,3,0,2,371,241,,0	5.03 ounces~143
2558138	B	113	335,21,15,29,500,3,8,34,3,0,2,462,241,,0	5.13 ounces~145
2742209	B	113	231,13.8,11,19.3,350,4.13,6.2,30.3,2.07,0,2.07,183,13.8,,0	5.12 ounces~145
2742204	B	113	242,12.5,10,21.9,353,2.51,7.52,25.7,2.51,0,1.88,196,71.4,0,0,,,0	5.63 ounces~160
2742098	B	113	249,11.7,11.7,25.6,466,2.22,6.11,21.1,2.78,0,2.22,132,85,,0	6 1/3 ounces~180
2521095	B	113	209,12.3,9.2,19,304,5.52,5.52,28,1.8,0,1.23,166,12,,0	5¾ ounces~163
2384687	B	33	248,10,10.8,26.9,518,2.31,5.38,18,1.5,,1.54,105,67,,0	1 serving~130|1 package~777
1890093	B	2	321,21.4,25,3.57,536,0,16.1,71,0,0,1.29,714,,0	1 serving~28|1 package~226
1827762	B	2	321,21.4,25,0,607,,17.9,89,0,0,0,536,,0	1 serving~28|1 package~227
578088	B	2	214,14.3,10.7,7.14,607,0,7.14,54,0,0,0,357,,0	1 serving~28
2442206	B	2	321,14.3,21.4,14.3,643,10.7,17.9,71,0,,0,357,,0	2 tbsp~28|1 package~226
2072324	B	99	300,2.86,10,48.6,500,5.71,1.43,0,1.4,0,.51,0,93,0,,2.86,5.71	2 waffles~70|1 package~280
1899745	B	4	500,4.17,25,66.7,312,41.7,14.6,62,0,0,1.5,0,,0	2 cookies~24|1 package~198
2080755	B	18	37,0,0,9.01,10,9.01	12 fl oz~355
1904009	B	5	536,7.14,28.6,60.7,357,0,1.79,0,3.6,0,1.29,0,,21.4	12 chips~28|1 package~226
1983621	B	50	286,0,0,0,143,0,0,0,,0,77.1,2860,,0	1 tsp~.7|1 package~14.2
2076816	B	12	500,7.14,25,64.3,571,7.14,3.57,18,0,0,0,143,321,0,,16.1,1.79	1¾ cup~28|1 package~170
2076817	B	45	108,6.15,1.15,19.2,462,1.54,0,0,5.4,0,1.38,46,,0	½ cup~130|1 package~425
2080753	B	50	300,0,0,66.7,2970,0,0,0,33.3,0,12,0,,60	1 tsp~3|1 package~56.7
2089644	B	50	300,0,0,100,3300,0,0,0,100,0,36,0,,0	½ tsp~1|1 package~51
2089627	B	67	358,22.6,1.89,60.4,0,1.89,0,0,24.5,0,6.79,189,1460,0	¼ cup~53|1 package~454
2072913	B	31	71,4.71,2.35,4.71,6,1.18,.59,0,2.4,0,.85,24,,2.8	¾ cup~85|1 package~340
2062142	B	50	325,25,0,75,50,0,0,0,25,0,4.5,0,,0	1 tsp~4|1 package~65.2
1890147	B	14	375,10,3.75,75,500,32.5,0,0,7.5,0,2.7,0,,0,,1.25,1.25	1 packet~40|1 package~320
1902807	B	0	536,7.14,42.9,46.4,786,0,3.57,0,10.7,0,2.57,0,,0	2 cup~28|1 package~156
2076818	B	15	50,3.33,0,10,400,3.33,0,0,3.3,0,0,0,,12	2 tbsp~30|1 package~454
2080754	B	45	123,10,5.38,10,108,1.54,.77,0,9.2,0,2.77,62,,0	½ cup~130|1 package~425
1899130	B	99	329,7.14,10,48.6,543,10,2.14,0,2.9,0,2.57,0,14,0,,2.14,5	2 waffles~70|1 package~210
1896013	B	34	243,7.91,14.7,20.3,220,2.82,4.52,14,.6,0,.41,113,,5.1	½ piizza~177|1 package~354
1896012	B	34	251,9.29,13.7,23,415,4.37,4.92,22,1.1,0,.79,137,,4.9	½ pizza~183|1 package~376
1035999	B	38	419,6.45,9.68,80.6,323,51.6,0,0,3.2,0,3.55,0,355,,0	.07 package, 1/4 cup dry mix~31
442105	B	6	269,7.69,2.88,53.8,462,5.77,0,0,1.9,0,3.46,154,,0,,0,.96,,3.85,1,.327	2 slices~52
1958762	B	34	246,11.5,13.1,22.3,662,3.08,6.15,31,1.5,0,1.38,154,,9.2	.17 pizza~130|1 package~779
2011687	B	81	370,11.1,0,77.8,0,0,0,0,7.4,0,1.33,0,,0	¼ cup~27|1 package~910
2116693	B	81	312,12.5,0,71.9,0,0,0,0,12.5,0,3.38,0,,0	¼ cup~32|1 package~910
2012842	B	81	312,12.5,0,71.9,0,0,0,0,12.5,0,3.38,0,,0	¼ cup~32|1 package~910
2033558	B	81	344,12.5,1.56,71.9,0,3.12,0,0,15.6,0,2.25,62,,0	¼ cup~32|1 package~910
2463131	B	0	589,3.57,39.3,60.7,336,42.9,17.9,79,3.6,0,.39,36,79,,.525	1 serving~28|1 package~198
2497704	B	2	393,25,32.1,3.57,607,3.57,21.4,89,0,,0,714,,0	1 serving~28|1 package~454
2195419	B	2	357,21.4,28.6,3.57,714,0,17.9,107,0,0,0,714,0,0,0	1 serving~28|1 package~454
2658114	B	140	167,9.6,11.6,7.58,354,1.01,1.52,0,2.5,0,1.62,61,207,,0	1 pack~198
2562064	B	68	167,9.6,11.6,7.58,354,1.01,1.52,0,2.5,0,1.62,61,207,,0	1 pack~198
2018206	B	91	269,10.3,.64,55.1,513,1.28,0,13,2.6,0,3.46,26,,0	1 cup~78|1 package~255
1956749	B	82	229,4.59,16.5,16.5,37,12.8,11,0,1.8,0,1.83,5,229,,0	1 pack~109|1 package~436
2400293	B	74	261,8.7,0,52.2,522,0,0,0,0,0,3.48,0,87,,0	1 wrap~23|1 package~454
2595070	B	16	18,0,.44,4.42,0,0,0,0,2.7,0,.18,44,0,,0	2/3 cup per serving~113
2562056	B	7	176,16.5,9.41,5.88,271,1.18,1.18,0,1.2,0,3.06,71,141,,0	1 serving~85|1 package~198
2653712	B	68	235,16.5,8.24,25.9,976,17.6,1.18,0,3.5,0,4.71,48,208,,0	1 serving~85|1 package~198
2562062	B	121	77,4.58,2.82,9.15,342,2.82,.53,0,,0,1.3,49,218,,4	1 pack~284
2215035	B	89	77,4.58,2.82,9.15,342,2.82,.53,0,2.5,0,1.3,49,218	1 pack~284
2103119	B	91	269,10.3,.64,55.1,526,1.28,0,0,2.6,0,3.46,26,,0	1 cup~78|1 package~255
2427730	B	7	36,3.57,0,7.14,500,0,0,0,3.6,0,0,43,336,,0	1 serving~28|1 package~397
1951078	B	7	54,3.57,0,7.14,679,7.14,0,0,0,0,1.29,71,,0,,0,0	2 tbsp~28|1 package~397
2562066	B	125	235,16.5,11.8,15.3,612,5.88,1.76,0,5.9,0,5.88,59,201,,0	1 serving~85|1 package~198
2658115	B	48	235,16.5,11.8,15.3,612,5.88,1.76,0,5.9,0,5.88,59,201,,0	¾ cup~85|1 package~198
2674531	B	11	153,12.9,7.06,10.6,447,7.06,1.76,0,2.4,0,1.76,82,141,,0	3 oz per serving~85|1 package~198
2589998	B	48	153,12.9,7.06,10.6,447,7.06,1.76,0,2.4,0,1.76,82,141,,0	16 pieces~85|1 package~198
2016554	B	48	53,9.41,1.76,1.18,76,0,0,0,1.2,0,1.69,176,,0,3.52,0,1.18,,,,,,,,,2.12	1 serving~85|1 package~397
2064809	B	48	140,14,7.89,3.51,351,1.75,1.75,0,1.8,0,2.53,175,,0	1 piece~57|1 package~227
1851234	B	48	158,14,8.77,3.51,351,1.75,1.75,0,1.8,0,2.53,175,,0	1 piece~57|1 package~227
2400444	B	7	36,3.57,0,7.14,500,0,0,0,3.6,0,1.79,36,321,,0	1 serving~28|1 package~397
2427698	B	7	36,0,0,7.14,679,3.57,0,0,3.6,0,0,39,246,,0	1 serving~28|1 package~397
2427699	B	7	36,0,0,7.14,607,0,0,0,3.6,0,0,29,211,,0	1 serving~28|1 package~411
2011825	B	23	267,6.67,23.3,6.67,767,0,3.33,0,,0,0,0,,0,,3.33,13.3,,,,,,,,,4	1 tbsp~15|1 package~887
2027764	B	23	133,6.67,10,6.67,767,0,0,0,0,0,0,0,,0,,0,6.67,,,,,,,,,4	1 tbsp~15|1 package~443
2031057	B	48	94,9.41,4.71,2.35,18,0,.59,0,1.2,0,.85,176,,0,,1.18,2.35	1 serving~85|1 package~340
2285965	B	48	94,10.6,4.71,3.53,18,0,.59,0,1.2,0,1.69,71,,0,,1.18,2.94	1 serving~85|1 package~439
2031031	B	48	94,9.41,4.71,2.35,18,0,.59,0,1.2,0,1.69,235,,0,2.35,1.18,2.94,,,,.4,.471,,,118,1.41	1 serving~85|1 package~340
2016556	B	48	82,8.24,3.53,2.35,18,0,0,0,1.2,0,1.27,235,,0,2.35,1.18,2.35,,,,.4,.471,,,118,1.41	1 serving~85|1 package~340
2562063	B	33	212,10.6,4.12,32.9,459,4.71,.59,0,2.4,0,1.41,47,259,,0	5 dumplings per serving~85|1 package~255
2562061	B	121	104,5.22,6.09,6.96,348,3.48,.87,0,1.7,0,.96,52,209,,2	½ cup per serving~115|1 package~284
2008027	B	48	71,8.24,3.53,2.35,24,0,0,0,1.2,0,1.27,118,,0,,.59,1.76	1 serving~85|1 package~397
2595071	B	68	176,7.06,2.35,31.8,565,1.18,0,0,2.4,0,1.18,32,80,,0	5 pieces~85|1 package~255
2412397	B	48	143,15.4,7.69,2.2,11,0,1.65,0,2.2,0,1.98,66,77,,0	.2 piece~91|1 package~454
2400443	B	48	106,10.6,5.29,3.53,6,1.18,.59,0,1.2,0,1.53,141,165,,0,1.18,2.94	1 serving~85|1 package~227
2675296	B	48	106,10.6,5.29,3.53,6,1.18,.59,0,1.2,0,1.69,118,82,,0,1.18,2.94	1 serving~85|1 package~397
2675297	B	48	94,9.41,4.71,2.35,6,1.18,.59,0,1.2,0,1.27,118,82,,0,1.18,2.35	1 serving~85|1 package~397
2062511	B	16	13,.88,0,3.54,0,0,0,0,2.7,0,2.39,88,,0	2/3 cup~113|1 package~227
2675295	B	33	18,0,.44,4.42,0,0,0,0,2.7,0,.18,44,0,,0	2/3 cup~113|1 package~227
2018186	B	68	13,.88,0,3.54,0,0,0,0,2.7,0,2.39,88,,0	2/3 cup~113|1 package~227
2135799	B	91	208,4.4,3.77,39,969,1.89,.63,0,1.3,0,.25,19,63,,0	1 bowl~159
2029979	B	66	267,10,.83,51.7,617,1.67,0,17,1.7,0,3,33,,0	10 wraps~60|1 package~340
2023350	B	23	267,6.67,23.3,6.67,600,6.67,3.33,0,0,0,0,0,,0,,3.33,13.3,,,,,,,,,4	1 tbsp~15|1 package~443
2190928	B	48	187,14.1,10.6,11.1,333,5.05,1.77,0,5.1,0,2.12,81,470,,0	1 pack~198
2562058	B	68	187,14.1,10.6,11.1,333,5.05,1.77,0,5.1,0,2.12,81,470,,0	1 pack~198
2614737	B	33	158,14,8.77,3.51,351,1.75,1.75,0,1.8,0,2.53,175,,0,,,,0	1 piece~57|1 package~227
2657958	B	33	182,17.2,10.1,6.06,343,2.02,1.52,0,2,0,2.73,81,141,,0	1 piece~99|1 package~198
2618022	B	48	47,4.71,2.35,2.35,6,1.18,0,0,0,0,.85,71,165,,0,0,1.18	.2 package~85|1 package~454
2167242	B	7	71,0,0,14.3,929,14.3,0,0,0,0,2.57,0,0,,0	1 tbsp~14|1 package~300
2147982	B	7	36,3.57,0,7.14,643,3.57,0,0,3.6,0,.71,71,357,,0	1 serving~28|1 package~397
2018205	B	48	118,11.8,5.88,3.53,18,1.18,1.18,0,1.2,0,1.69,235,,0,2.35,1.76,2.94,,,,,,,,,,,,,,,14.1	1 serving~85|1 package~340
1962649	B	91	148,3.8,4.22,24,304,3.38,.63,0,1.7,0,.42,14,100,,0	1 bowl~237
2562065	B	33	182,17.2,9.09,7.07,263,5.05,1.52,0,2,0,2.73,81,141,,0	1 piece~99|1 package~198
2135798	B	91	192,5.05,4.04,33.8,500,7.07,.76,0,1,0,.61,20,141,,0	1 bowl~198
2614736	B	33	140,14,7.89,3.51,421,1.75,1.75,0,1.8,0,2.53,175,,0,,,,0	1 piece~57|1 package~227
2562059	B	7	141,14.1,7.07,6.06,343,4.04,1.52,0,2,0,1.82,61,141,,0	1 piece~99|1 package~198
2385467	B	33	176,7.06,2.35,31.8,565,1.18,0,0,2.4,0,1.18,32,80,,0	5 pieces~85|1 package~255
2010097	B	48	140,14,7.89,3.51,421,1.75,1.75,0,1.8,0,2.53,175,,0	1 piece~57|1 package~227
2675294	B	48	200,8.24,4.12,34.1,706,1.18,0,0,1.2,0,1.18,35,79,,0	5 pieces~85|1 package~255
1978145	B	48	141,14.1,7.07,6.06,343,4.04,1.52,0,2,0,1.92,91,152,,0	1 piece~99|1 package~198
1950160	B	48	176,16.5,9.41,7.06,294,2.35,1.18,0,1.2,0,2.82,71,141,,0	1 serving~85|1 package~198
1974989	B	33	145,3.64,1.14,30,545,2.27,.23,0,1.4,0,1.23,18,,0	1 package~220
2026702	B	23	267,6.67,23.3,6.67,767,0,3.33,0,0,0,0,0,,0,,3.33,13.3,,,,,,,,,4	1 tbsp~15|1 package~443
2400292	B	74	261,8.7,0,52.2,522,0,0,0,0,0,3.48,0,87,,0	4 wraps~23|1 package~340
2400291	B	74	250,10,0,55,500,0,0,0,0,0,3.5,0,100,,0	3 wraps~20|1 package~340
2190929	B	48	177,12.6,10.1,10.6,338,4.04,1.77,0,4.5,0,2.32,76,379,,0	1 pack~198
2562057	B	68	177,12.6,10.1,10.6,338,4.04,1.77,0,4.5,0,2.32,76,379,,0	1 pack~198
2463805	B	1	571,4.76,33.3,47.6,24,,19,0,4.8,0,4.76,952,381,,.95	1 piece~21|1 package~212
2071332	B	8	560,4,28,68,40,60,16,20,4,0,1.44,160,,0	½ bar~25|1 package~49
2071331	B	1	500,5,25,70,100,65,15,12,2.5,0,.9,100,,0	¼ cup~40|1 package~262
2366550	B	1	367,0,0,90,100,73.3,0,0,,0,1.2,0,0,,0	17 pieces~30|1 package~120
2071326	B	8	560,4,28,68,40,60,16,20,4,0,1.44,160,,0	½ bar~25|1 package~49
2071325	B	8	560,4,28,68,40,60,16,20,4,0,1.44,160,,0	½ bar~25|1 package~49
2061429	B	8	514,8.11,32.4,43.2,68,29.7,10.8,14,5.4,0,2.92,162,,0	2 pieces~37|1 package~333
2607972	B	4	481,7.41,22.2,66.7,167,33.3,11.1,0,7.4,0,7.41,30,359,,0	6 pieces~27|1 package~326
2486205	B	0	524,4.76,23.8,66.7,548,28.6,14.3,0,9.5,0,7.62,48,429,,.475	1 pretzel~21|1 package~216
1889585	B	8	452,2.38,16.7,73.8,71,69,9.52,12,2.4,0,2.57,0,,0	3 pieces~42|1 package~453
2052650	B	0	550,10,35,50,750,35,12.5,0,7.5,0,4.5,100,,0	¼ cup~40|1 package~425
2057411	B	79	375,0,0,100,0,95,0,0,0,0,0,0,,0	¼ cup~40
2074562	B	1	333,6.67,0,76.7,50,56.7,0,0,0,0,0,0,,0	4 pieces~30|1 package~177
2049009	B	1	390,7.32,0,90.2,0,58.5,0,0,0,0,0,0,,0	8 pieces~41|1 package~198
2051136	B	1	400,0,0,100,0,80	15 pieces /~15|1 package~70
1901280	B	0	475,12.5,30,40,0,27.5,2.5,0,7.5,0,2.7,150,,0	¼ cup~40|1 package~198
1898263	B	1	375,0,0,100,0,95,,0,0,0,0,0,,0	¼ cup~40
1882964	B	8	500,5,22.5,70,88,47.5,15,0,5,0,4.5,100,,0	¼ cup~40|1 package~326
1898260	B	1	500,2.5,22.5,70,175,57.5,17.5,0,0,0,0,150,,0	¼ cup~40|1 package~155
2071328	B	8	560,4,28,68,40,60,16,20,4,0,1.44,160,,0	½ bar~25|1 package~49
2052645	B	4	514,2.86,31.4,57.1,200,48.6,20,57,0,0,0,114,,0	3 pieces~35|1 package~340
2061430	B	0	419,6.45,16.1,61.3,645,45.2,11.3,16,3.2,0,2.32,65,,0	2 pieces~31|1 package~354
2052646	B	0	515,12.1,33.3,39.4,106,27.3,9.09,15,3,0,2.18,182,,0	2 pieces~33|1 package~318
2052647	B	8	500,5,20,72.5,112,57.5,12.5,12,2.5,0,1.8,150,,0	¼ cup~40|1 package~340
1882963	B	4	500,7.5,22.5,67.5,338,37.5,15,12,2.5,0,1.8,150,,0	8 pieces~40|1 package~340
2061427	B	8	500,5,22.5,67.5,62,65,15,12,2.5,0,1.8,150,,0	6 pieces~40|1 package~425
2052648	B	1	475,5,17.5,72.5,125,57.5,6.25,0,0,0,0,0,,0	4 pieces~40|1 package~403
2061428	B	1	395,2.63,18.4,55.3,500,42.1,11.8,13,0,0,.95,105,,0	2 pieces~38|1 package~453
1898259	B	8	371,2.86,14.3,54.3,486,40,10,14,0,0,0,114,,0	3 pieces~35|1 package~155
1882965	B	0	469,6.25,18.8,68.8,562,34.4,12.5,0,6.2,0,5.62,0,,0	6 pieces~32|1 package~134
1898264	B	8	389,2.78,16.7,55.6,278,41.7,13.9,14,0,0,0,111,,16.7	3 pieces~36|1 package~184
1974883	B	1	321,3.57,0,78.6,54,53.6,0,0,0,0,0,4,4,,0	5 pieces~28|1 package~141
2061426	B	8	500,5,22.5,62.5,0,62.5,12.5,0,5,0,4.5,0,,0	6 pieces~40|1 package~411
1882966	B	1	475,5,20,70,88,55,11.2,12,0,0,.9,50,,0	¼ cup~40|1 package~418
1875642	B	8	500,5,25,70,100,70,15,12,2.5,0,.9,100,,0	¼ cup~40|1 package~262
1889587	B	8	487,2.56,25.6,64.1,590,48.7,15.4,26,2.6,0,2.77,0,,0	3 pieces~39|1 package~382
1879778	B	1	513,5.13,25.6,61.5,615,51.3,15.4,26,0,0,.92,103,,0	3 pieces~39|1 package~382
2666160	B	8	571,7.14,35.7,53.6,71,50,21.4,18,3.6,0,3.57,179,393,,1	.2 tree~28|1 package~141
2074565	B	1	357,7.14,0,78.6,54,60.7,0,0,0,0,0,0,,0	5 pieces~28|1 package~148
2074560	B	1	286,2.86,0,71.4,71,57.1,0,0,0,0,0,0,,0	3 pieces~35|1 package~198
2071333	B	1	525,5,30,60,100,47.5,17.5,12,0,0,1.8,50,,0	3 pieces~40|1 package~141
2465073	B	1	531,2.04,28.6,67.4,133,65.3,24.5,0,0,0,0,41,102,,.2	1 bar~49
2052649	B	0	575,7.5,35,60,212,55,22.5,0,2.5,0,.9,150,,0	¼ cup~40|1 package~453
1931799	B	0	467,3.33,23.3,63.3,50,53.3,13.3,0,6.7,0,6.67,127,410,,0	2 tbsp~30|1 package~524
2411715	B	1	556,8.33,33.3,55.6,153,50,22.2,0,2.8,0,2.78,83,444,,0	3 pieces~36|1 package~141
1936473	B	8	531,4.08,28.6,63.3,41,59.2,18.4,10,2,0,4.08,98,269,,0	1 bar~49
1965492	B	8	536,3.57,28.6,64.3,36,60.7,17.9,18,3.6,0,3.57,96,271,,0	.12 bottle~28|1 package~226
2506875	B	30	548,6.45,29,61.3,48,58.1,16.1,16,3.2,0,2.9,129,290,,.975	1 ball~31
2478834	B	0	444,3.7,9.26,85.2,500,51.8,9.26,0,3.7,0,1.85,37,148,,.375	4 pieces~27|1 package~127
2020542	B	3	239,3.54,14.2,24.8,58,18.6,8.85,53,.9,0,.32,133,,1.1	1 serving~113
461058	B	7	214,3.57,21.4,3.57,929,,0,0,3.6	1 serving~28
1903886	B	23	300,0,20,30,133,30,0,0,0,0,0,0,,0	2 tbsp~30|1 package~355
1903887	B	23	333,0,26.7,26.7,150,26.7,1.67,0,0,0,0,0,,0	2 tbsp~30|1 package~355
1914989	B	15	125,3.12,0,53.1,188,15.6,0,0,0,0,1.12,0,,0	2 tbsp~32|1 package~340
1908506	B	10	46,.83,0,10.4,0,8.75,0,0,0,0,.15,8,208,35,,,,,.333,0,,.033	8 fl oz~240|1 package~1890
2544429	B	10	46,.83,0,10.4,0,8.75,0,0,0,0,.15,8,208,35,,,,,.333,0,,.033,33	1 serving~240
1952653	B	18	33,0,0,8.33,2,7.5,0,0,0,0,0,8,,5	8 fl oz~240|1 package~1890
2486582	B	10	33,.83,.21,7.08,104,5.83,0,0,.8,0,.17,22,307,8.8,0,,,,.417,,,.225,,15,43	8 fl oz~240|1 package~948
1936800	B	10	42,.83,.21,9.58,0,7.92,0,0,.4,0,.15,8,,27.5	8 fl oz~240|1 package~946
1933639	B	10	46,.83,.62,9.58,46,5,0,0,2.9,0,1.12,33,,3.8	8 fl oz~240|1 package~473
2272341	B	10	25,.83,0,6.67,0,5,0,0,0,0,0,17,,7.5	8 fl oz~240|1 package~946
2542391	B	18	46,0,0,12.5,0,10.8,0,0,0,0,0,0,,12.5	1 serving~240
2288219	B	53	42,0,0,10.4,2,10,0,0,0,0,0,0,,3.8	8 fl oz~240|1 package~1890
2553909	B	10	0,0,0,0,0,0,0,0,0,0,0,20,120,40,0	1 tsp~5|1 package~946
2623302	B	10	46,.83,0,10.8,0,8.75,0,0,0,0,0,11,207,51.7,0,,,10	8 fl oz~240|1 package~1892
2602908	B	10	46,.83,0,11.2,0,8.75,0,0,.4,0,.42,12,193,43.8,0	8 fl oz~240|1 package~946
2133728	B	10	46,.83,0,10.4,0,8.75,0,0,0,0,.15,8,208,35,,,,,.333,0,,.033,33	8 fl oz~240|1 package~946
1894017	B	32	62,1.77,3.1,6.19,265,3.54,.88,0,.9,0,.64,18,,15.9	½ cup~113|1 package~680
2460345	B	10	30,.63,0,7.4,15,5.07,0,0,.6,0,.53,138,145,41.9,1.05,,,,,,,,,,,,1.97	1 bottle~473
2627581	B	10	42,.42,0,11.7,2,8.75,0,0,.8,0,.3,8,,3.8,,,,225	8 fl oz~240|1 package~473
2623303	B	10	46,.42,0,10.4,0,10,0,0,0,0,0,18,183,32.1,0,,,13	8 fl oz~240|1 package~946
2630871	B	10	44,.63,.21,10.4,3,8.88,0,0,.2,0,.21,17,178,42.5,0	1 bottle~473
1924414	B	15	36,0,0,7.14,232,3.57,0,0,0,0,0,0,,4.3	1 serving~28|1 package~312
2134477	B	10	46,.83,0,10.4,0,8.75,0,0,0,0,.15,8,208,35,,,,,.333,0,,.033,33	8 fl oz~240|1 package~473
2508266	B	10	46,.83,.62,9.58,46,5,0,0,2.9,0,1.12,33,,3.8	8 fl oz~240|1 package~946
2042777	B	18	42,0,0,10.4,2,10,0,0,0,0,0,0,,3.8	8 fl oz~240|1 package~473
1945731	B	53	33,0,0,8.33,4,8.33,0,0,0,0,0,0,,0	8 fl oz~240|1 package~473
1945711	B	53	33,0,0,7.92,2,7.5,0,0,0,0,0,0,,.5	8 fl oz~240|1 package~473
1908509	B	10	50,.83,.21,10.8,0,9.17,0,0,.4,0,.3,8,183,30	8 fl oz~240|1 package~946
2082903	B	18	46,0,0,12.1,0,11.2,0,0,0,0,0,0,,7.5	8 fl oz~240|1 package~1890
2508265	B	10	0,0,0,0,0,0,0,0,0,0,0,0,,48	1 tsp~5|1 package~1000
2283933	B	18	46,0,0,11.2,2,10.4,0,0,.4,0,0,8,,5	8 fl oz~240|1 package~1890
2666992	B	18	46,0,0,12.5,0,10.8,0,0,0,0,0,0,,12.5,,,,0	8 fl oz~240|1 package~1890
2082910	B	86	75,0,0,20.8,0,18.3,0,0,0,0,0,0,,12.5	4 fl oz~120|1 package~946
2135652	B	18	33,0,0,8.33,2,7.5,0,0,0,0,0,8,,5	8 fl oz~240|1 package~473
2542587	B	10	46,.83,0,10.4,17,8.75,0,0,.4,0,.3,8,,27.5	8 fl oz~240|1 package~946
2134478	B	10	46,.83,0,10.4,0,8.75,0,0,0,0,.15,8,208,35,,,,,.333,0,,.033,33	8 fl oz~240|1 package~473
2301060	B	10	50,.83,.21,11.2,0,9.58,0,0,.4,0,.15,8,,40	8 fl oz~240|1 package~946
1950581	B	53	33,0,0,8.33,4,8.33,0,0,0,0,0,0,,0	8 fl oz~240|1 package~1890
2135653	B	18	46,0,0,11.2,2,10.4,0,0,.4,0,0,8,,5	8 fl oz~240|1 package~473
2544948	B	10	20,.67,0,4.33,27,2.67,0,0,0,0,.33,23,177,,0	1 bottle~300
2134475	B	18	46,0,0,12.5,0,10.8,0,0,0,0,0,0,,12.5	8 fl oz~240|1 package~473
2413300	B	21	236,6.6,10.4,31.1,358,.94,4.25,14,.9,0,2.83,28,91,,0	1 pie~106|1 package~425
542499	B	45	85,4.62,1.54,13.1,177,0,0,0,4.6,0,1.38,31,,3.7	½ cup~130
2028654	B	50	300,10,10,70,150,0,0,0,40,0	1 tbsp~10
2028648	B	50	300,10,0,70,0,0,0,0,10,0	1 tbsp~10
2028656	B	50	400,20,20,30,800,0,0,0,20,0	1 tbsp~10
958823	B	19	133,0,0,33.3,700,26.7,0,0,0,,4.8,133,,220	2 tbsp~30
2028650	B	50	300,10,10,40,9800,10,0,0,20,0	1 tbsp~10
2593015	B	4	485,6.06,21.2,69.7,106,24.2,7.58,30,9.1,0,1.21,30,212,,0	2 cookies~33|1 package~150
2634481	B	4	485,6.06,21.2,69.7,106,24.2,7.58,30,9.1,0,1.21,30,212,,0	2 cookies~33
2582055	B	8	516,3.23,22.6,71,177,29,12.9,16,0,0,0,97,194,,1	4 sticks~31
2582056	B	1	369,0,9.22,78.3,161,41.5,4.61,0,0,0,.46,0,46,,0	1 tartlet~21.7
2478660	B	4	467,3.33,26.7,56.7,283,20,3.33,100,1.7,0,.67,33,67,,.325	1 piece~30|1 package~240
1893711	B	138	209,16.3,10.5,11.6,605,0,0,0,4.7,0,2.51,93,,0	3 pieces~43|1 package~298
1893707	B	138	233,18.6,10.5,14,535,2.33,0,0,4.7,0,4.19,93,,0	3 pieces~43|1 package~298
1893717	B	138	256,23.3,10.5,20.9,767,2.33,0,0,7,0,3.35,140,,0	3 pieces~43|1 package~298
2652443	B	27	321,10.7,28.6,3.57,946,0,12.5,54,0,1.79,1.43,18,696,,0	1 frank~56|1 package~1361
2581109	B	131	200,16.5,12.9,2.35,518,1.18,3.53,106,0,0,.42,24,,0,,,,106	2 wings~85|1 package~510
2191877	B	78	176,21.2,8.24,4.71,965,0,0,35,0,0,.24,12,424	1 serving~85
2068918	B	78	196,19.6,10.7,7.14,1160,1.79,1.79,54,0,0,0,0,,4.3	1 serving~56|1 package~85
2062046	B	27	240,12,14,10,1020,2,6,50,0,,1.44,0,,0	1 link~50|1 package~297
1895251	B	26	260,9.09,13,26,643,5.19,3.9,29,1.3,0,2.34,0,,4.7	3 pieces~77|1 package~229
2626170	B	27	319,10.6,27.7,2.13,1060,0,10.6,43,0,,1.53,0,,0,,,,0	1 frank~47
2607695	B	27	314,9.8,27.4,1.96,961,0,13.7,49,0,1.96,1.41,0,412,,0	1 frank~51|1 package~312
2581106	B	21	375,12.5,21.6,33,705,3.41,9.09,28,1.1,1.14,2.27,11,14,,0	4 pieces per serving~88|1 package~198
2581105	B	26	284,9.46,17.6,24.3,649,2.7,6.76,27,1.4,0,1.89,14,14,,0	3 pieces~74|1 package~227
2020653	B	19	100,0,0,20,700,20,,,,0	1 tsp~5|1 package~312
2126646	B	27	304,10.7,28.6,1.79,1140,0,10.7,62,0,,1.29,0,,0	1 link~56|1 package~1588
2269428	B	27	304,12.5,26.8,3.57,1210,0,10.7,45,0,,1.29,0,,0	5 links~56|1 package~794
2162068	B	26	284,9.46,17.6,24.3,649,2.7,6.76,27,1.4,0,1.89,14,14,,0	3 pieces~74|1 package~226
2626171	B	27	304,12.5,26.8,3.57,1210,0,10.7,45,0,,1.29,0,,0,,,,0	5 links~56|1 package~340
2128776	B	27	298,10.5,28.1,1.75,982,0,10.5,53,0,,.63,0,,0	1 link~57|1 package~283
2641042	B	27	304,10.7,28.6,1.79,1140,0,10.7,62,0,,0,0,,0,,,,0	1 frank~56|1 package~1361
2627669	B	26	245,8,18,13,210,0,6,25,0,0,.72,20,,0,,,,0	5 pieces~100|1 package~728
2366181	B	26	324,11.3,23.9,15.5,831,0,11.3,49,0,1.41,1.41,6,3,,0	4 pieces~71|1 package~496
2603450	B	85	324,11.3,23.9,15.5,831,0,11.3,49,0,1.41,1.41,6,3,,0	4 pieces~71
2121576	B	27	320,14,28,2,1080,0,12,60,0,,1.44,0,,0	1 frank~50|1 package~396
2126597	B	26	288,10.6,16.7,22,758,3.79,6.06,34,.8,0,2.05,0,,0	1 serving~132|1 package~1324
1875790	B	12	464,3.57,25,57.1,1000,7.14,3.57,0,3.6,0,1.29,214,,0	1 serving~28|1 package~85.2
2607694	B	27	310,11.9,28.6,2.38,1050,0,11.9,60,0,1.19,1.43,71,690,,4	1 frank~42
2436885	B	19	130,3.7,7.41,11.1,630,3.7,0,0,0,0,0,59,63,,0	2 tbsp~27|1 package~128
2607693	B	27	312,11.6,28.6,2.68,955,0,11.6,54,0,1.79,1.61,0,469,,0	1 frank~112|1 package~907
2117661	B	26	274,10.6,13.3,27.4,558,2.65,5.31,31,.9,0,2.65,25,93,,0	1 bagel dog~113|1 package~567
2076826	B	26	316,6.58,18.4,31.6,776,10.5,6.58,26,1.3,0,1.42,0,,0	1 corn dog~76|1 package~757
2669928	B	26	283,9.73,15,25.7,743,4.42,5.31,31,.9,0,2.39,0,,0,,,,16	1 pretzel~113|1 package~567
2014151	B	5	500,7.14,25,57.1,821,7.14,3.57,0,3.6,0,1.29,286,,0	1 serving~28
2017207	B	19	0,0,0,0,800	1 tsp~5|1 package~340
2623865	B	131	200,17.6,12.9,2.35,506,0,3.53,106,1.2,0,.42,47,,1.4,,,,21	2 wings~85|1 package~510
1960453	B	7	100,0,0,28.6,321,,,,,0	1 serving~28|1 package~473
2471303	B	6	246,8.77,2.63,47.4,333,5.26,1.75,0,1.8,0,3.33,175,0,,0,0,0,,4.04,1,.351,,121	1 serving~57|1 package~454
2581104	B	21	259,7.06,15.3,21.2,659,2.35,5.88,24,1.2,0,2.35,12,18,,0	3 pieces per serving~85|1 package~227
2639986	B	26	200,16.5,12.9,2.35,518,1.18,3.53,106,0,0,.42,24,,0,,,,106	2 wings~85|1 package~510
2106606	B	89	133,8.33,6.67,8.33,450,1.67,3.33,8,1.7,0,.6,33,,4	¼ cup~60|1 package~128
2044488	B	12	500,7.14,25,57.1,1070,7.14,3.57,0,3.6,0,1.29,214,,0	1 serving~28|1 package~127
2139330	B	27	321,12.5,26.8,3.57,1140,,12.5,54,0,,1.29,71,,0	1 link~56|1 package~284
2566033	B	96	119,2.38,3.57,20.2,24,1.19,1.19,0,2.4,0,.31,20,429,,0,1.79,1.19	1 serving~84|1 package~794
2106621	B	27	303,11.8,27.6,2.63,1170,0,11.8,59,0,,.95,0,,0	½ frank~76|1 package~907
2669929	B	27	324,11.8,29.4,2.94,1100,0,11.8,37,0,,1.06,0,,0,,,,0	1 link~68|1 package~340
2271925	B	7	100,0,0,25,586,,,,,0,,0	1 serving~28|1 package~710
2134140	B	7	18,0,0,3.57,1040,,,,,0,,71	1 serving~28|1 package~710
2301137	B	7	18,0,0,3.57,1040,,,,,0,,71	1 serving~28|1 package~710
1962731	B	7	18,0,0,3.57,1040,,,,,0,,71	1 serving~28
2134142	B	7	18,0,0,3.57,1040,,,,,0,,71	1 serving~28|1 package~1760
2623866	B	26	297,8.79,16.5,28.6,835,6.59,5.49,27,1.1,1.1,0,0,,0,,,,0	4 pieces~91|1 package~680
2603455	B	26	235,11.8,13.2,20.6,441,1.47,5.15,22,0,0,1.47,268,96,,0	3 sticks~68|1 package~465
2623864	B	98	300,10,17.5,25,900,0,5,25,0,0,0,200,,0,,,,0	1 piece~20|1 package~510
2603454	B	98	235,11.8,13.2,20.6,441,1.47,5.15,22,0,0,1.47,268,96,,0	3 sticks per serving~68|1 package~204
2623863	B	85	300,10,17.5,25,900,0,5,25,0,0,0,200,,0,,,,0	1 piece~20|1 package~227
1862997	B	19	0,0,0,0,800,,,,,0	1 tsp~5|1 package~453
2603453	B	26	293,8.08,21.2,16.2,768,1.01,10.1,35,1,0,1.72,10,0,,0	1 piece~99
1960452	B	7	21,.83,0,4.17,917,.83,,,2.5,0,1.2,17,,12.5	½ cup~120
1960444	B	7	18,0,0,3.57,1040,,,,,0,,71	1 serving~28
1960455	B	7	18,0,0,3.57,1040,,,,,0,,71	1 serving~28
1860929	B	7	18,0,0,3.57,1040,,,,,0,,71	1 serving~28|1 package~710
1960454	B	7	18,0,0,3.57,1250,,,,,0,,71	1 serving~28
2106612	B	19	83,0,0,16.7,417,11.1,0,0,0,0,0,22,139,,0	1 tbsp~18|1 package~128
2669930	B	27	326,11.6,30.2,2.33,1120,0,11.6,58,0,,.84,0,,0,,,,0	1 frank~43|1 package~340
2117883	B	21	340,15.3,19.4,24.5,1020,3.06,8.16,45,0,0,2.02,163,,0	1 serving~98|1 package~397
2049844	B	5	536,7.14,28.6,60.7,804,0,3.57,0,3.6,0,1.29,0,,21.4	1 serving~28|1 package~71
2119922	B	26	274,9.73,13.3,25.7,566,.88,5.31,31,.9,0,2.39,0,,0	1 pretzel dog~113|1 package~565
2603451	B	85	338,9.86,26.8,15.5,958,0,11.3,42,0,0,1.41,6,10,,0	4 pieces~71
2467936	B	6	245,7.55,2.83,47.2,340,5.66,1.89,0,1.9,0,3.21,189,0,,0,0,0,,3.96,1,.377,,119	1 serving~53|1 package~851
2669931	B	27	320,12,30,2,1100,0,12,60,0,,.72,0,,0,,,,0	1 frank~50|1 package~397
2626172	B	27	304,10.7,28.6,1.79,1140,0,10.7,62,0,,1.29,0,,0,,,,0	1 frank~56
2642355	B	52	238,9.52,9.52,27.4,667,1.19,1.79,60,1.2,0,1.19,20,48,,0	3 oz per serving~84|1 package~680
2656718	B	21	226,10.7,10.7,23.8,500,2.38,1.79,71,1.2,0,1.19,39,118,,0	1 serving~84|1 package~907
2414655	B	19	100,0,0,20,1500	1 tsp~5|1 package~340
2565473	B	19	0,0,0,0,800	1 tsp~5|1 package~454
2565472	B	19	0,0,0,0,800	1 tsp~5|1 package~340
1949978	B	27	298,10.5,28.1,1.75,982,0,10.5,53,0,,.63,0,,0	1 link~57|1 package~567
1859157	B	19	167,0,0,46.7,1200,33.3,,,,0,0,,,0	1 tbsp~15|1 package~312
2566034	B	26	211,2.11,10.5,27.4,316,6.32,2.63,0,2.1,0,.76,41,121,,0,4.74,4.74	5 rings~95|1 package~454
2126593	B	27	319,10.6,27.7,2.13,1060,0,10.6,43,0,,1.53,0,,0	1 frank~47|1 package~283
2091396	B	78	196,19.6,10.7,7.14,1160,1.79,1.79,54,0,0,0,0,,4.3	1 serving~56|1 package~227
2017316	B	76	161,8.93,7.14,16.1,625,14.3,1.79,36,0,0,.64,36,,0	1 serving~56|1 package~340
2017312	B	78	214,7.14,14.3,14.3,411,7.14,4.46,18,0,0,0,71,,0	1 serving~56|1 package~340
1956693	B	11	0,0,0,0,37100	¼ tsp~1.4|1 package~255
1956691	B	11	0,0,0,0,37100	¼ tsp~1.4|1 package~85
1883146	B	11	0,0,0,0,37100	¼ tsp~1.4|1 package~283
2267376	B	11	0,0,0,0,39400	¼ tsp~1.6|1 package~142
2396602	B	90	533,16.7,33.3,36.7,33,0,3.33,,36.7,0,6.67,560	2 tbsp~30|1 package~198
2664272	B	0	450,10,15,70,25,40,0,0,10,0,3.6,300,,18,,,,0	1 bag~20
1883151	B	4	400,15,20,65,0,20,0,0,20,0,5.4,400,,240	1 bag~20
1965365	B	22	500,6.67,23.3,66.7,0,46.7,15,0,3.3,0,3.33,0,900,,0	19 pieces /~30|1 package~71
2468601	B	0	500,2.33,23.3,69.8,0,51.2,16.3,0,2.3,0,1.4,0,600,20.9,0	1 bag~43
1865945	B	0	567,6.67,36.7,53.3,0,40,20,0,10,0,3.33,90,0,,0	3 tbsp~30|1 package~142
1953307	B	0	485,6.06,21.2,63.6,212,51.5,12.1,0,12.1,0,3.03,48,788,,0	3 tbsp~33|1 package~170
1857473	B	0	542,8.33,29.2,58.3,0,37.5,14.6,0,8.3,0,4.17,54,542,,0,,,,,,,,,188	2 tbsp~24|1 package~170
2267374	B	11	0,0,0,0,37100	¼ tbsp~1.4|1 package~312
1883150	B	11	0,0,0,0,37100	¼ tsp~1.4|1 package~85
2653538	B	22	375,12.5,1.25,77.5,450,57.5,0,0,17.5,0,6,45,1170,,,,,810	¼ cup~40|1 package~113
1864840	B	0	500,6.67,26.7,63.3,200,53.3,23.3,0,0,0,3.33,123,600,,0	2 tbsp~30|1 package~170
1956697	B	11	0,0,0,0,37100	¼ tsp~1.4|1 package~255
1956698	B	11	0,0,0,0,37100	¼ tsp~1.4|1 package~85
1956696	B	11	0,0,0,0,25000	¼ tsp~1.4|1 package~369
1956699	B	11	0,0,0,0,37100	¼ tsp~1.4|1 package~198
1956700	B	11	0,0,0,0,37100	¼ tsp~1.4|1 package~255
1857148	B	11	0,0,0,0,37100	¼ tsp~1.4|1 package~85
2267377	B	11	0,0,0,0,25000	¼ tsp~1.4|1 package~170
1956458	B	11	0,0,0,0,37100	¼ tsp~1.4|1 package~198
2612765	B	11	0,0,0,0,37100	¼ tsp~1.4|1 package~737
1976544	B	11	0,0,0,0,35700	¼ tsp~1.4|1 package~113
1953304	B	11	0,0,0,0,22000	¼ tsp~1|1 package~369
1956695	B	11	0,0,0,0,25000	¼ tsp~1.4|1 package~369
1989487	B	50	0,0,0,0,0	¼ tsp~.5|1 package~51
2608571	B	22	350,2.5,0,82.5,50,60,0,0,5,0,.75,40,790,,0	5 pieces~40|1 package~85
2652949	B	22	395,2.33,1.16,93,233,62.8,0,0,16.3,0,0,0,858,858,0	1 bag~43
2652969	B	22	400,3.33,1.67,90,0,66.7,0,0,3.3,0,1,20,1310,,0	1 cup~30|1 package~71
2652952	B	22	392,3.92,1.96,90.2,0,70.6,0,0,3.9,0,0,0,1300,52.9,0	1 bag~51
2396600	B	5	357,10.7,0,78.6,0,60.7,0,0,17.9,0,6.79,121,2300,0,0	1 bag~28
2652948	B	22	412,2.94,2.94,91.2,0,67.6,0,0,17.6,0,2.94,56,0,,0	1 bag~34
1953301	B	40	500,13.3,26.7,53.3,33,,16.7,,30,0,3.33,,940	3 tbsp~30|1 package~142
1953308	B	104	417,33.3,0,66.7,0,,,,33.3,,6.67,,1970	1 tbsp~6|1 package~113
1976593	B	22	350,2.5,0,82.5,50,60,0,0,5,0,0,40,790,,0	5 pieces~40|1 package~227
1972804	B	22	350,2.5,0,82.5,50,60,0,0,5,0,0,40,790,,0	9 pieces~40|1 package~227
2652954	B	22	395,2.33,3.49,88.4,0,76.7,0,0,0,0,0,37,791,48.8,0	1 bag~43
1883148	B	5	367,23.3,1.67,66.7,17,26.7,0,0,23.3,0,6.67,133,967,0,0	½ cup~30|1 package~62
2652951	B	22	395,2.33,1.16,88.4,0,76.7,0,0,2.3,0,0,95,1020,300,0	1 bag~43
2396604	B	22	405,2.7,2.7,86.5,54,75.7,0,0,10.8,0,0,0,962,0,0	1 bag~37
2396597	B	90	600,30,46.7,13.3,200,0,5,0,6.7,0,13.3,0,0,,0,,,,,,,,,497	2 tbsp~30|1 package~113
2652947	B	20	391,4.35,2.17,87,0,82.6,0,0,4.3,0,0,104,1260,270,0	1 bag~23
2396605	B	5	333,13.3,5,76.7,67,26.7,0,0,6.7,0,3.33,0,867,0,0	½ cup~30|1 package~65
2628107	B	11	0,0,0,0,35700	¼ tsp~1.4|1 package~241
1976595	B	22	400,0,0,90,175,65,0,0,20,0,0,0,715,800,0	1 bag~20
2468599	B	22	378,5.41,0,89.2,0,54,0,0,5.4,0,0,16,1300,5.4,0	1 bag~37
1982912	B	22	382,2.94,1.47,91.2,0,70.6,0,0,2.9,0,0,0,1300,52.9,0	1 bag~34
2396606	B	22	400,0,0,95,0,60,0,0,20,0,0,0,495,,0	1 bag~20
2468600	B	22	400,5,0,90,0,60,0,0,10,0,0,45,745,65,0	1 bag~20
1989477	B	11	0,0,0,0,3000	¼ tsp~.5|1 package~57
2396595	B	90	567,26.7,36.7,30,0,3.33,3.33,0,30,0,16,0,760,,0,,,,,,,,,713	2 tbsp~30|1 package~227
2652950	B	22	395,2.33,1.16,88.4,0,69.8,0,0,2.3,0,0,0,1150,39.5,0	1 bag~43
2396599	B	90	500,20,33.3,36.7,0,0,3.33,0,33.3,0,6.67,580,660,,0	2 tbsp~30|1 package~198
2628108	B	11	0,0,0,0,39400	¼ tsp~1.6|1 package~241
2657795	B	29	333,13.3,0,73.3,667,0,0,0,0,0,4.8,0,,0,,0,0,0,5.33,,,,272	2 crackers~15|1 package~300
2057418	B	11	300,12.5,5,65,4000,0,0,0,12.5,,7.2,100,,6	1¼ tbsp~20
2063428	B	7	233,1.67,23.3,11.7,767,3.33,3.33,0,3.3,0,2.4,67,,6	2 tbsp~30
1598801	B	38	233,23.3,3.33,60,1300,3.33,0,0,30,0,7.8,100,,6	3 tbsp~30
2067363	B	35	156,0,0,37.5,531,31.2,,0,1.6,,1.12,0,,7.5	1 tbsp~16
2468643	B	29	387,9.68,8.06,74.2,677,6.45,3.23,0,0,0,6.77,32,97,,.325	8 crackers~31|1 package~225
2415609	B	4	456,7.02,14,77.2,333,21,7.02,0,1.8,0,4.74,0,0,,0	1 serving~57
2415600	B	6	340,6.41,6.41,64.7,583,30.1,3.21,0,1.3,0,2.44,154,96,,0	1 serving~156
2089832	B	7	233,1.67,23.3,11.7,967,6.67,3.33,0,1.7,0,1.8,67,,8	2 tbsp~30
2657794	B	29	448,6.9,15.5,65.5,586,10.3,3.45,0,3.4,0,3.72,138,,0,,6.9,3.45,0,4.14,1,.234,,187	10 crackers~29|1 package~114
2063427	B	7	267,1.67,23.3,11.7,2100,8.33,3.33,0,1.7,,1.8,67,,6	2 tbsp~30
2067370	B	11	250,15,15,40,11400,0,2,0,20,0,23.4,500,,12	¾ tbsp~10
2150131	B	29	448,6.9,15.5,65.5,586,10.3,3.45,0,3.4,0,3.72,138,,0,,6.9,3.45,,4.14,1,.234,,110	1 serving~29|1 package~114
2571525	B	29	500,8.33,22.2,66.7,361,33.3,9.72,0,2.8,0,2,0,0,,0	1 pack~36
2067368	B	103	250,10,10,50,10700,0,0,0,20,0,14.4,1000,,24	¾ tbsp~10
2067361	B	11	286,14.3,2.86,65.7,2740,2.14,.57,0,18.6,,6.43,71,,4.3	1 serving~70
2571522	B	6	400,8.8,10.4,68.8,192,20.8,5.6,0,1.6,0,3.12,104,520,,0	1 bun~125
2067373	B	50	286,14.3,14.3,42.9,12900,0,,0,21.4,,18,429,,25.7	¾ tbsp~7
2060700	B	11	250,10,10,40,12400,0,2,0,20,,14.4,1000,,24	¾ tbsp~10
2115140	B	11	286,0,9.29,50,14100,28.6,,0,14.3,,7.71,286,,8.6	¾ tbsp~7
2067366	B	50	250,10,10,50,7300,5,1,0,20,0,11.7,600,,18	1¼ tbsp~20
2067371	B	11	250,16.7,16.7,41.7,11500,0,3.33,0,16.7,0,24,500,,10	½ tbsp~6
2067365	B	50	278,22.2,16.7,44.4,10300,0,,0,22.2,,20,1670,,26.7	¾ tbsp~9
1548576	B	11	300,15,7.5,55,5550,5,1,0,22.5,,14.4,250,,18	2 tbsp~20
2067377	B	11	286,14.3,14.3,42.9,12900,0,2.86,0,21.4,0,18,429,,25.7	¾ tbsp~7
2067372	B	50	250,10,15,50,12300,0,2,0,30,0,12.6,800,,36	¾ tbsp~10
2089541	B	11	286,14.3,14.3,42.9,11600,0,2.86,0,21.4,,15.4,429,,25.7	½ tbsp~7
2090415	B	50	200,20,13,40,16400,0,0,0,20,,18,400,,24	¼ tbsp~5
2060698	B	11	300,0,20,40,13000,0,4,0,20,,14.4,400,,24	½ tbsp~5
2067367	B	50	200,0,0,40,14800,0,,0,20,,10.8,400,,36	¼ tbsp~5
2067369	B	11	214,14.3,14.3,35.7,14300,0,2.86,0,21.4,0,12.9,429,,25.7	½ tbsp~7
2571523	B	29	500,2.78,22.2,72.2,306,38.9,12.5,0,0,0,2,0,0,,0	1 package~36
2571526	B	4	456,7.02,14,75.4,509,15.8,7.02,0,1.8,0,4.74,0,0,,0	1 pack~57
2617012	B	66	302,5.66,2.83,64.2,170,30.2,0,0,1.9,0,2.72,38,,0,,.94,0,0	53 g per 13mm slice~53|1 package~794
2415603	B	6	316,5.26,3.51,64.9,175,29.8,0,0,1.8,0,2.53,70,,0	1 serving~57|1 package~340
2571524	B	4	500,2.78,22.2,72.2,292,44.4,11.1,0,0,0,2,0,0,,0	1 pack~36
1662116	B	48	179,20.5,9.82,0,67,,4.02,67,,,1.61	1 serving~112
2274448	B	48	250,17.9,18.8,0,67,,7.14,71,,.89,1.79,,275,,,,,,,,,.357,,,,2.14,4.46	1 serving~112|1 package~2260
1663038	B	48	286,17.9,23.2,0,49,,9.82,71,,,2.41	1 serving~112
1662158	B	48	152,20.5,7.14,0,62,,2.68,58,,,2.41	1 serving~112
2060563	B	48	304,15.2,26.8,0,67,,10.7,76,,,1.61,18,,,,,,,3.57,,,.268,,,,2.14,4.02,,,,12	1 serving~112|1 package~1359
2060561	B	48	250,17,19.6,0,67,,7.14,71,,,1.61,18,,,,,,,4.46,,,.357,,,,2.14,4.02,,,,16	1 serving~112|1 package~1359
2438249	B	36	119,25,1.79,0,557,0,0,202,0,,2.14,71,262,2.9	1 serving~84|1 package~340
2621838	B	36	119,25,1.79,0,557,0,0,202,0,0,2.14,71,262,2.9,,0,0,43	1 serving~84|1 package~340
2438254	B	36	119,25,1.79,0,557,0,0,202,0,,2.14,71,262,2.9	1 serving~84|1 package~680
2621839	B	36	119,25,1.79,0,557,0,0,202,0,0,2.14,71,262,2.9,,0,0,43	1 serving~84|1 package~340
2680433	B	5	464,0,17.9,75,321,3.57,3.57,0,7.1,0,0,71,,32.1,,,,0	1 serving~28|1 package~142
1094493	B	11	214,14.3,14.3,42.9,10400,0,0,0,28.6,0,18,1140,,34.3	½ tbsp~7
2076758	B	70	333,33.3,0,52.4,548,47.6,0,0,0,0,0,1670,,11.4,11.9,,,,,,1.62	5 tbsp~21|1 package~126
2510529	B	4	441,5.88,17.6,67.6,235,29.4,14.7,59,2.9,0,2.94,26,206,,0	4 cookies~34|1 package~340
2188159	B	33	264,14.3,12.1,25.7,536,5.71,5,46,.7,0,1.93,179,,2.6	1/3 pizza~140|1 package~421
1920072	B	34	221,8.57,10,22.9,493,2.86,3.57,21,1.4,0,1.93,143,,8.6	1/3 pizza~140|1 package~421
2188376	B	33	270,12.8,14.9,21,635,3.38,6.08,41,.7,0,1.82,169,,3.2	1/3 pizza~148|1 package~443
2188362	B	33	246,10.6,12.7,21.1,401,2.11,4.93,28,.7,0,1.9,176,,3.4	1/3 pizza~142|1 package~427
1796312	B	130	83,0,0,16.7,0,,,,16.7,,0,333,1420,,,,,,6.67,,2.27,,,400,0,,0,,67,0	1 tbsp~6|1 package~454
1882951	B	25	33,0,.21,8.75,0,7.5,,,1.7,,.15,,92,15	8 fl oz~240|1 package~1000
2441506	B	13	250,25,10.7,21.4,821,14.3,3.57,54,3.6,,2.57,71,,0	1 bar~28
2437776	B	13	250,25,10.7,21.4,821,14.3,3.57,54,3.6,,2.57,71,,0	1 bar~28
2438514	B	13	321,25,5.36,39.3,1110,25,0,89,3.6,,2.57,0,,0	1 bar~28
2438515	B	13	250,25,5.36,25,929,21.4,3.57,54,3.6,,2.57,71,,0	1 bar~28
2438818	B	13	286,25,7.14,32.1,1210,21.4,3.57,71,3.6,,2.57,71,,4.3	1 bar~28
2069913	B	12	250,25,10.7,10.7,1070,7.14,3.57,71,0,0	1 stick~28
2510293	B	36	228,22.8,14,0,1160,0,2.63,35,0,0,0,0,404,,5.28	2 ounces~57|1 package~113
2510292	B	78	228,22.8,14,0,1160,0,2.63,35,0,0,0,0,404,,5.28	2 ounces~57|1 package~113
2406236	B	44	36,.71,0,9.29,4,8.57,0,0,.7,0,.26,14,100,,0	½ cup~140|1 package~304
2633651	B	44	45,.75,0,10.5,0,9.77,0,0,1.5,0,0,0,105,13.5,,,,102	½ cup~133|1 package~400
2023855	B	44	49,.81,0,11.4,4,8.94,0,0,.8,0,0,16,163,39	½ cup~123|1 package~400
2406237	B	44	64,.8,0,16,0,14.4,0,0,.8,0,.29,0,120,,0	½ cup~125|1 package~400
2436855	B	44	64,.8,0,16,0,14.4,0,0,.8,0,.29,0,120,,0	½ cup~125|1 package~400
2436857	B	44	64,.8,0,16,0,14.4,0,0,.8,0,.29,0,120,,0	½ cup~125|1 package~425
2025575	B	44	53,.75,0,12,0,10.5,0,0,.8,0,0,15,,31.6	½ cup~133|1 package~400
2404431	B	41	857,0,100,0,0,0,85.7,0,0,0,0,0,0,,0	1 tbsp~14|1 package~473
2432220	B	37	30,1.21,0,6.06,321,1.21,0,0,1.8,0,.22,24,127,,0	1 jar drained~165|1 package~280
2396479	B	70	500,12.5,25,62.5,62,25,0,0,0,0,25,350,3250,,0	1 tbsp~8|1 package~100
2025573	B	37	47,3.53,0,9.41,329,1.18,0,0,4.7,0,.42,0,259,21.2	4 pieces /~85|1 package~280
2394475	B	44	119,1.48,8.89,8.15,252,2.22,7.41,0,6.7,0,0,0,89,,0	½ cup~135|1 package~400
2436854	B	37	27,1.54,.38,3.85,138,1.54,0,0,2.3,0,.28,11,54,,0	½ cup~130|1 package~400
2406235	B	37	36,3.57,0,3.57,232,0,0,0,3.6,0,3.57,57,179,,0	1 serving~28|1 package~400
2678985	B	72	56,0,6.25,1.25,6,0,5,0,0,0,0,1,50,,0	1/3 cup~80|1 package~398
2026359	B	37	18,1.18,0,3.53,6,2.35,0,0,1.2,0,0,0,82,0	½ cup~85
2083964	B	44	48,.8,0,11.2,4,10.4,0,0,1.6,0,0,0,128,3.8	½ cup~125|1 package~425
2051968	B	0	54,.77,0,12.3,8,2.31,0,0,2.3,0,.83,15,115,0	½ cup~130|1 package~227
2026344	B	37	17,1.74,0,2.61,339,.87,0,0,.9,0,.31,0,,1	½ cup~115
2396512	B	44	74,1.48,0,16.3,148,5.93,0,0,2.2,0,1.56,53,230,,0	½ cup~135|1 package~400
2678984	B	44	45,2.25,0,10.1,944,0,0,0,7.9,0,4.49,63,202,,0	½ cup~89|1 package~400
2678982	B	37	22,1.77,0,3.54,310,2.65,0,0,.9,0,.27,3,363,,0	1 can drained~113|1 package~184
2678980	B	7	121,0,10.3,6.9,397,0,0,0,3.4,0,0,0,155,4.1,,,,0	3 pieces~29|1 package~180
2678981	B	37	31,1.54,0,6.15,262,1.54,0,0,2.3,0,.28,31,162,0,,,,0	12 pieces~130|1 package~400
2396509	B	89	119,2.22,8.15,9.63,267,2.22,5.93,0,7.4,0,0,0,100,,0	½ cup~135|1 package~400
2027780	B	37	17,1.74,0,2.61,339,.87,0,0,.9,0,.31,0,,1	½ cup~115
2396507	B	44	28,1.12,0,6.74,0,0,0,0,5.6,0,.56,46,118,,0	½ cup~89|1 package~400
2678986	B	72	175,1.25,17.5,2.5,25,1.25,16.2,0,0,0,0,4,150,,0	1/3 cup~80|1 package~398
2399391	B	104	175,1.25,17.5,2.5,25,1.25,16.2,0,0,0,0,4,150,,0	1/3 cup~80|1 package~398
2449537	B	104	200,3.33,23.3,3.33,17,3.33,20,0,0,0,1,10,250,,0	2 tbsp~30|1 package~398
2678987	B	104	175,1.25,17.5,2.5,25,1.25,15,0,0,0,0,4,150,,0	1/3 cup~80|1 package~398
2384257	B	104	133,1.67,10,8.33,250,1.67,8.33,0,6.7,0,0,0,,,0	¼ cup~60|1 package~398
2394477	B	104	200,0,20,3.33,33,3.33,16.7,0,0,0,0,3,167,,0	2 tbsp~30|1 package~160
2026276	B	35	141,3.12,6.25,21.9,469,9.38,0,0,6.2,0,2.25,62,,7.5	2 tbsp~32|1 package~340
2290081	B	48	214,18.8,15.2,0,58,0,6.25,67,0,0,2.41,0,,0	1 serving~112|1 package~454
1965370	B	14	367,23.3,6.67,60,350,16.7,1.67,0,13.3,0,4.8,267,,0	1 serving~30
1965369	B	14	367,23.3,8.33,60,367,16.7,1.67,0,13.3,0,4.8,267,,0	1 serving~30
2653414	B	14	367,23.3,8.33,60,367,20,3.33,0,10,0,3.6,267,,4,,,,0	1 serving~30
2067531	B	19	44,1.77,.88,8.85,531,4.42,0,0,1.8,0,1.27,71,,15.9	½ cup~113|1 package~480
2438973	B	19	150,0,11.7,10,733,,0,0,0,,0,0,,4	2 tbsp~30|1 package~453
2441476	B	15	36,0,0,7.14,321,,0,0,0,0,1.29,36,,17.1	2 tbsp~28|1 package~453
2484065	B	12	500,79.4,17.6,0,1790,0,5.88,221,,0,7.65,88,1260,,.3	1 bag~34
2484063	B	12	500,79.4,17.6,0,1790,0,5.88,221,,0,7.65,88,1260,,.3	1 bag~34
2484664	B	12	500,79.4,17.6,0,941,0,5.88,221,0,0,7.35,59,1240,,.3	1 bag~34
2061550	B	22	110,1,3,19,20,11,.5,0,2,0,1.08,40,,11.4	1 pack) / (~100|1 package~400
2061549	B	55	60,2,5,6,7,0,0,0,3,0,1.08,40,,9.6	1 pack) / (~100|1 package~400
2655081	B	55	108,.77,3.85,16.9,4,13.8,1.15,0,2.3,0,.31,22,65,,0	2/3 cup~130|1 package~500
1458079	B	124	196,15.2,7.14,16.1,348,0,.89,31,.9,0,.67,22,185,0,0,0,0	1 serving~112
2497912	B	73	424,0,0,98.9,0,98.9,0,0,0,0,0,0,0,,0	1 serving~14.1|1 package~454
2577479	B	73	0,0,0,100,0,100,0,,,0	1 packet~1|1 package~120
2566285	B	73	0,0,0,100,0,100	1 packet~1
2062506	B	39	42,3.33,1.04,5,54,5,.62,4,0,0,0,125,,.5,1.05,,,,,,.177	1 cup~240|1 package~946
2068147	B	39	55,3.39,2.12,5.08,55,5.08,1.27,8,0,0,0,127,,.5,1.05,,,,,,.18	1 carton~236
2545347	B	39	73,3.33,2.12,10.9,133,10.3,1.21,8,.3,0,.44,121,,.4,1.2	1 serving~330
2062507	B	39	33,3.33,0,5,54,5,0,2,0,0,0,125,,.5,1.05	1 cup~240|1 package~946
2082021	B	39	81,3.39,2.12,11.9,55,11.4,1.27,8,.4,0,.15,127,,0,1.05,,,,,,.18	8 fl oz~236
2062508	B	39	34,3.39,0,5.08,55,5.08,0,2,0,0,0,127,148,0,1.05	1 carton~236|1 package~708
1092989	B	59	395,73.7,1.32,21,447,5.26,1.05,39,10.5,0,.95,245,258,,.525	1 serving~38
1081933	B	59	600,33.3,46.7,13.3,267,3.33,23.3,17,3.3,0,0,133,150,,0	1 serving~30
1093007	B	59	405,67.6,5.41,18.9,1110,2.7,1.08,0,5.4,0,16.2,195,359,,0	1 serving~37
1081935	B	59	567,33.3,43.3,13.3,300,3.33,23.3,17,6.7,0,3.33,150,283,,0	1 serving~30
1093005	B	59	405,67.6,6.76,18.9,1220,2.7,1.35,0,8.1,0,16.2,200,605,,0	1 serving~37
2607993	B	59	333,71.8,1.28,18,513,2.56,0,0,10.3,0,2.56,346,754,,0	1 scoop~39|1 package~702
1065013	B	59	395,73.7,2.63,21,658,5.26,1.32,39,10.5,0,2.63,239,471,,.525	1 serving~38
1092999	B	59	405,67.6,6.76,16.2,1270,2.7,1.35,0,5.4,0,16.2,192,432,,0	1 serving~37
1093009	B	59	395,73.7,1.32,21,421,5.26,1.05,39,10.5,0,.95,245,255,,.525	1 serving~38
1093003	B	59	378,67.6,5.41,16.2,1140,2.7,1.08,0,5.4,0,16.2,195,376,,0	1 serving~37
1093001	B	59	389,77.8,1.39,19.4,472,5.56,1.11,42,11.1,0,1,256,269,,.55	1 serving~36
1092997	B	59	394,75.8,6.06,9.09,1240,0,1.21,0,6.1,0,18.2,218,412,,0	1 serving~33
2667285	B	9	415,10.8,29.2,26.2,8,23.1,13.8,0,4.6,0,1.91,123,0,,0	1 cake~65|1 package~130
2424559	B	9	431,9.23,30.8,27.7,2,23.1,15.4,0,3.1,0,1.91,123,0,,0	1 cake~65|1 package~130
2667286	B	9	354,6.15,18.5,35.4,92,35.4,10.8,0,12.3,0,1.91,123,0,,0	1 cake~65|1 package~130
2667284	B	9	369,7.69,24.6,26.2,69,21.5,13.8,0,4.6,0,1.91,123,0,,0	1 cake~65|1 package~130
1025551	B	73	400,0,0,100,0,100,0,0,0,0,0,0,,0	1 sticks~10
468356	B	73	400,0,0,100,0,100,0,0,0,0,0,0,,0	1 cube~5
1035125	B	73	400,0,0,100,0,100,0,0,0,,0,0,,0	1 tsp~4
2672153	B	22	536,3.57,28.6,64.3,679,0,3.57,0,7.1,0,1.43,36,679,,0	1 serving~28|1 package~227
2562825	B	5	536,3.57,28.6,64.3,679,3.57,3.57,0,7.1,0,1.43,0,679,,0	1 serving~28|1 package~227
2672167	B	22	536,3.57,28.6,64.3,679,3.57,3.57,0,7.1,0,1.43,0,679,,0	1 serving~28|1 package~227
2562823	B	5	536,3.57,28.6,64.3,482,0,3.57,0,7.1,0,1.43,0,679,,0	1 serving~28|1 package~227
2029636	B	73	0,0,0,100,0,100	1 packet~1|1 package~80
2058529	B	22	300,0,0,75,0,10,0,0,5,0,0,0,,6	1 bag~20
2058528	B	22	400,5,0,90,0,15,0,0,1.2,0,0,0,,6	1 bag~20
2058530	B	22	350,5,0,90,30,20,0,0,1.2,0,1.8,0,,18	1 bag~20
2095467	B	22	300,0,0,75,0,10,0,0,5,0,0,0,,6	1 bag~20
2143302	B	93	306,16.5,23.5,2.35,1540,0,8.24,53,2.4,0,.42,235,,2.8	1 serving~85
2055939	B	14	456,17.5,15.8,66.7,333,24.6,1.75,0,7,0,4.74,175,,0	1 serving~57|1 package~283
2062030	B	20	93,3.33,1.33,18,0,7.33,0,0,2.7,0,.24,0,,.8	1 serving~150|1 package~500
2467557	B	5	536,3.57,28.6,64.3,179,0,3.57,0,3.6,0,0,7,893,25,0	1 serving~28|1 package~198
2062031	B	20	80,1.6,0,17.6,100,0,0,0,.8,0,.86,0,,0	1 cup~125|1 package~250
2439156	B	73	250,0,0,100,0,100,0,,0	1 tsp~4|1 package~454
2119284	B	10	50,.5,0,11.5,12,11,0,5,1,0,,,,9	6¾ fl oz~200|1 package~400
1934314	B	30	367,83.3,3.33,0,1070,0,0,0,0,0,6,500,150,0,,,,,,,,,,,833	1/3 cup~30|1 package~840
1934306	B	73	359,51.3,7.69,25.6,641,7.69,1.28,0,7.7,,0,0,333,0	2 scoops~39|1 package~585
2624188	B	169	386,57.1,4.76,28.6,0,4.76,0,24,14.3,0,0,0,,0,,,,0	1 packet~21|1 package~252
2464181	B	59	410,51.3,12.8,25.6,1770,7.69,2.56,,7.7,,,,718	2 scoops~39|1 package~507
2489631	B	59	381,47.6,10.7,28.6,571,9.52,3.57,143,14.3,0,4.29,238,548,0	1 packet~42|1 package~504
1934297	B	39	395,52.6,10.5,29,605,10.5,3.95,145,13.2,0,.95,263,224,0	2 scoops~38|1 package~1370
2489634	B	170	361,36.1,8.33,47.2,528,22.2,0,0,5.6,0,17.5,833,250,58.3,9.72,,,,19.4,1,1.65,1.94,389,333,694,5.83,14.6,4.86,2,1.94,68	1 packet~36|1 package~432
2489629	B	170	361,36.1,9.72,44.4,639,22.2,0,0,5.6,0,17.5,833,556,58.3,9.72,,,,19.4,1,1.65,1.94,389,333,694,5.83,14.6,4.86,2,1.94,68	1 packet~36|1 package~432
2489633	B	30	387,73.9,3.52,10.6,1060,10.6,0,0,0,0,6.34,352,669,0,,,,,,,,,,,880	1/3 cup~28.4|1 package~426
1934304	B	39	395,52.6,10.5,29,605,10.5,3.95,145,13.2,0,.95,263,224,0	1 packet~38
1950448	B	73	359,51.3,7.69,25.6,641,7.69,1.28,0,7.7,,0,51,333,0	2 scoops) / (~39|1 package~468
2286887	B	0	359,51.3,10.3,28.2,1280,7.69,2.56,0,12.8,0,64.6,51,795,0	1 packet~39|1 package~468
2419878	B	59	444,55.6,12.5,22.2,1610,11.1,2.78,,5.6	2 scoops~36|1 package~432
1934316	B	30	367,83.3,3.33,0,1070,0,0,0,0,0,6,500,150,0,,,,,,,,,,,833	1/3 cup~30|1 package~420
1934315	B	14	393,71.4,7.14,10.7,1040,0,0,0,3.6,0,25.7,536,464,4.3,,,,,,,,,,,214,23.6	2 rounded scoops~28|1 package~420
2455517	B	14	393,71.4,7.14,10.7,1040,0,0,0,3.6,0,25.7,536,464,4.3,,,,,,,,,,,214,23.6	2 rounded scoops~28|1 package~840
2489636	B	170	361,36.1,8.33,44.4,528,22.2,0,0,5.6,0,17.5,833,292,58.3,9.72,,,,19.4,1,1.65,1.94,389,333,556,5.83,14.6,4.86,2,1.94,68	2 scoops~36|1 package~540
2489628	B	170	361,36.1,9.72,44.4,639,22.2,0,0,5.6,0,17.5,833,556,58.3,9.72,,,,19.4,1,1.65,1.94,389,333,694,5.83,14.6,4.86,2,1.94,68	1 packet~36
2489638	B	170	389,36.1,8.33,44.4,667,22.2,0,0,5.6,0,17.5,694,347,58.3,9.72,,,,19.4,1,1.65,1.94,389,278,694,5.83,14.6,4.86,2,1.94,68	2 scoops~36|1 package~540
2489637	B	12	361,36.1,9.72,44.4,639,22.2,0,0,5.6,0,17.5,833,556,58.3,9.72,,,,19.4,1,1.65,1.94,389,333,694,5.83,14.6,4.86,2,1.94,68	2 scoops~36|1 package~540
2489635	B	12	361,36.1,8.33,47.2,528,22.2,0,0,5.6,0,17.5,833,250,58.3,9.72,,,,19.4,1,1.65,1.94,389,333,556,5.83,14.6,4.86,2,1.94,68	2 scoops~36|1 package~540
2445395	B	59	444,55.6,12.5,22.2,1610,11.1,2.78,,5.6	2 scoops~36|1 package~468
1118319	B	170	361,36.1,8.33,47.2,528,22.2,0,0,5.6,0,17.5,833,250,58.3,9.72,,,,19.4,1,1.65,1.94,389,333,694,5.83,14.6,9.72,2,1.94,68	1 packet~36
2624187	B	30	368,83.6,3.34,0,936,0,0,0,0,0,9.03,669,167,0,,,,0,,,,,,,1000,22.1	2 scoops~29.9|1 package~748
1934300	B	30	368,83.6,3.34,0,936,0,0,0,0,0,9.03,669,167,0,,,,,,,,,,,1000,22.1	2 scoops~29.9|1 package~389
2489630	B	46	361,36.1,8.33,47.2,528,22.2,0,0,5.6,0,17.5,833,250,58.3,9.72,,,,19.4,1,1.65,1.94,389,333,556,5.83,14.6,4.86,2,1.94,68	2 scoops~36|1 package~1700
1934305	B	49	395,52.6,10.5,29,605,10.5,3.95,145,13.2,0,.95,263,224,0	1 packet~38|1 package~456
2114495	B	59	394,62.5,9.38,18.8,478,12.5,3.12,175,6.2,0,3.38,469,469,0	1 scoop~32
2114494	B	59	409,62.5,12.5,18.8,378,12.5,3.12,178,3.1,0,1.12,469,375,0	2 scoops~32
1774482	B	42	94,0,0,25,0,25,0,0,0,0,0,0,,7.5	1 tbsp~16|1 package~198
1774481	B	7	89,0,7.14,7.14,196,3.57,0,0,3.6,0,1.29,71,,17.1	2 tbsp~28|1 package~340
2395346	B	68	119,2.38,5.71,13.8,343,2.38,.71,0,2.4,0,1.29,38,,,0	1 package~210
2395533	B	33	110,2.86,4.29,13.8,371,1.43,.48,0,3.3,0,1.33,57,,,0	1 package~210
2150865	B	33	262,4.29,20,17.1,486,3.81,2.86,0,3.8,0,1.62,90,,,0	1 package~210
1869783	B	84	286,0,0,81,0,76.2	1 tbsp~21|1 package~340
1869784	B	42	286,0,0,81,0,76.2	1 tbsp~21|1 package~340
2060031	B	84	286,0,0,81,0,76.2,,0,,0	1 tbsp~21|1 package~340
1869782	B	84	286,0,0,81,0,76.2	1 tbsp~21|1 package~340
2287971	B	84	286,0,0,81,0,76.2	1 tbsp~21|1 package~340
1662977	B	84	286,0,0,81,0,76.2,,0,,0	1 tbsp~21
2060033	B	84	286,0,0,81,0,76.2	1 tbsp~21|1 package~340
2724244	B	149	233,0,10,33.3,33,33.3,6.67,33,0,0,0,0,0,,0	1 tbsp~15
2622233	B	72	55,2.12,2.54,5.51,47,2.54,.21,0,.4,0,.17,0,64,,1,1.44,.64,,,,.085,,,,,.15	8 fl oz~236|1 package~1890
2501844	B	70	233,0,10,33.3,33,33.3,3.33,33,,0	1 tbsp~15|1 package~1360
2501843	B	70	200,0,6.67,33.3,133,33.3,3.33,0,,0	1 tbsp~15|1 package~946
2462366	B	125	118,23.5,1.18,2.75,537,2.35,.39,39,0,0,.16,8,392,,2.75	1 package~255
1888568	B	78	110,24.8,.44,0,45,,0,39,0,0,.64,0,,0	1 serving~113|1 package~340
1899290	B	20	74,2.03,0,17.6,0,.68,0,0,1.4,0,.73,14,419,18.2,,,,,1.08,0,.023,.135,,16,41,,.2,,,.054	1 serving~148|1 package~1360
2455225	B	10	40,0,0,10,0,0,0,0,0,0,0,0,,24	1 tsp~5|1 package~946
2375287	B	10	32,0,0,9.74,0,3.25,0,0,0,0,0,,117,,0	1 fl oz~30.8|1 package~1890
1901346	B	18	45,0,0,11,3,10.7	12 fl oz~355
2090814	B	18	48,0,0,12.1,3,11.6	12 fl oz~355
2057996	B	18	51,0,0,12.4,3,12.1	12 fl oz~355
1851428	B	75	250,0,25,16.7,0,16.7,16.7,83,0,0,0,0,,0	2 tbsp~6|1 package~198
2584483	B	2	333,0,25,16.7,0,16.7,16.7,83,0,0,0,133,183,,0	2 tbsp~6|1 package~198
718414	B	62	722,0,72.2,0,167,0,50,222,0,0,0,22,33,,0	1 tbsp~18
719300	B	62	765,0,76.5,0,0,0,52.9,235,0,0,0,18,24,,0	1 tbsp~17
2038996	B	75	333,0,33.3,0,33,0,23.3,133,0,0,0,0,,0	1 tbsp~15|1 package~473
2095331	B	39	38,3.33,0,5.42,52,5,0,2,0,0,0,125,,1,1.05	1 cup~240|1 package~3780
2095332	B	39	54,3.33,2.08,5.42,52,5,1.25,4,0,0,0,125,,1,1.05	1 cup~240|1 package~3780
413609	B	2	357,28.6,28.6,3.57,36,0,17.9,89,0,0,0,893,,0	1 serving~28
1762625	B	3	128,0,3.85,19.2,0,18,3.85,0,1.3,0,.46,0,,0	1 bar~78|1 package~325
1762624	B	3	90,0,0,23.1,0,23.1,0,0,1.3,0,0,0,,11.5	1 bar~78|1 package~325
1851455	B	3	64,0,0,16.7,6,16.7,0,0,0,0,.46,26,,23.1	2¾ fl oz~78|1 package~488
1891329	B	3	90,0,0,20.5,0,20.5,0,0,0,0,0,0,,4.6	1 bar~78|1 package~325
1762621	B	3	90,0,0,21.8,6,19.2,0,0,1.3,0,0,0,,30.8	1 bar~78|1 package~325
2615279	B	28	125,17.9,2.68,5.36,929,5.36,.89,54,0,0,.64,0,,0,,,,0	4 slices~56|1 package~227
2717258	B	146	405,16.7,38.1,0,667,0,14.3,83,0,0,.95,0,214,,0	1 patty~42
2717259	B	146	411,12.5,39.3,0,679,0,14.3,80,0,0,.71,0,161,,0	1 patty~56
2615289	B	111	298,17.5,19.3,17.5,825,8.77,12.3,61,0,0,1.26,246,,0,,,,32	1 tray~57
1767615	B	3	77,0,0,18,0,16.7,0,0,0,0,0,0,,19.2	1 bar~78
1786116	B	26	244,11,9.76,28,488,0,1.83,30,2.4,0	2 pieces~82|1 package~907
2289796	B	10	62,0,0,15.4,8,12.9,,,0,,,,25,25	8 fl oz~240|1 package~1750
1907978	B	10	54,0,0,13.8,6,12.9,,,,,,,17,25	8 fl oz~240|1 package~1750
1907981	B	10	54,0,0,13.3,6,12.5,,,,,,,29,25	8 fl oz~240|1 package~1750
2073312	B	10	42,0,0,10.4,2,10,0,0,0,0,0,0,,2	8 fl oz~240|1 package~1890
1919978	B	14	420,8,12,72,50,34,1,0,6,0,3.6,40,,0	½ cup~50|1 package~510
1919476	B	0	464,10.7,25,53.6,0,32.1,5.36,0,7.1,0,2.57,71,,4.3	1 serving~28|1 package~624
2168493	B	0	750,17.9,71.4,10.7,0,0,5.36,0,10.7,0,3.86,0,,4.3	1 serving~28|1 package~453
1919738	B	0	387,3.23,14.5,67.7,0,48.4,9.68,0,3.2,0,2.32,0,,58.1	13 pieces~31|1 package~198
2374602	B	0	467,6.67,30,63.3,50,46.7,16.7,0,10,0,4.33,0,567,,0	1 serving~30|1 package~198
1922940	B	0	421,2.63,21,68.4,13,29,13.2,0,5.3,0,1.89,53,,0	¼ cup~38|1 package~198
1922061	B	0	474,5.26,29,57.9,13,42.1,18.4,0,7.9,0,4.74,53,,0	¼ cup~38|1 package~198
1919805	B	14	396,9.43,11.3,71.7,57,34,1.89,0,5.7,0,3.4,38,,0	½ cup~53|1 package~510
1919477	B	12	536,7.14,32.1,53.6,1290,10.7,5.36,0,3.6,0,3.86,143,,0	1 serving~28|1 package~454
1919473	B	0	500,14.3,35.7,46.4,429,32.1,8.93,0,7.1,0,1.29,71,,0	1 serving~28|1 package~680
521299	B	0	607,35.7,46.4,14.3,0,0,8.93,0,10.7,0,9.64,0,,0	1 serving~28
1955852	B	12	367,6.67,0,86.7,420,6.67,0,0,3.3,0,0,0,,0	1/3 cup~30|1 package~454
1919739	B	0	607,21.4,53.6,21.4,411,3.57,7.14,0,10.7,0,3.86,71,,0	1 serving~28|1 package~737
1998988	B	5	333,13.3,6.67,53.3,633,10,3.33,0,3.3,0,1,33,967,,0	1/3 cup~30|1 package~454
1919474	B	12	571,10.7,39.3,46.4,1500,0,5.36,0,7.1,0,5.14,214,,0	1 serving~28|1 package~454
2168462	B	0	750,17.9,71.4,10.7,0,0,5.36,0,10.7,0,3.86,0,,4.3	1 serving~28|1 package~453
1919478	B	0	607,21.4,53.6,21.4,0,3.57,7.14,0,10.7,0,3.86,71,,0	1 serving~28|1 package~454
1919475	B	0	496,10.7,21.4,67.9,296,53.6,3.57,0,7.1,0,2.57,143,,0	1 serving~28|1 package~680
1919735	B	0	464,14.3,25,50,357,32.1,3.57,0,7.1,0,2.57,71,,0	1 serving~28|1 package~680
1919736	B	0	500,14.3,32.1,42.9,0,21.4,3.57,0,7.1,0,5.14,71,,0	1 serving~28|1 package~680
2538592	B	0	300,2,14,40,30,38,14,0,2,0,0,40,100,,0	1 container~50
1946883	B	0	464,3.57,21.4,64.3,36,57.1,21.4,0,3.6,0,0,71,,0	1 serving~28|1 package~198
2097543	B	0	464,10.7,25,57.1,0,35.7,5.36,0,7.1,0,1.29,71,,4.3	1 serving~28|1 package~680
2096079	B	74	393,0,21.4,46.4,339,28.6,8.93,0,0,0,3.86,357,,4.3	1 serving~28|1 package~392
2186825	B	9	281,5.26,19.3,28.1,114,19.3,7.02,0,1.8,0,.63,70,,0	1 serving~57|1 package~482
2056911	B	4	393,3.57,8.93,71.4,232,28.6,1.79,0,0,0,1.29,0,,0	1 serving~28|1 package~198
2186826	B	9	333,0,25,31.2,135,25,14.6,0,2.1,0,3,167,,0	1 serving~48|1 package~482
2540751	B	4	464,3.57,25,60.7,339,17.9,7.14,0,0,0,0,0,,0	1 serving~28|1 package~198
2061622	B	9	211,5.26,10.5,26.3,105,21,2.63,0,0,0,.63,70,,2.1	1 serving~57
2069763	B	85	211,3.51,3.51,42.1,702,1.75,0,0,1.8,0,1.26,35,,21.1	1 serving~57|1 package~340
2659689	B	22	350,2.5,0,82.5,0,20,0,0,7.5,0,1,50,875	2 dates~40|1 package~198
2445201	B	22	350,7.5,10,62.5,12,55,1.25,0,10,0,2.23,68,602	4 pieces~40|1 package~142
2019337	B	0	333,0,6.94,72.2,0,63.9,6.94,0,8.3,0,1,56,,0	2 pieces~36|1 package~340
2677692	B	0	350,5,5,70,10,60,0,0,10,0,.9,90,700,,0	1 piece~20|1 package~340
2677693	B	22	350,5,5,70,10,65,5,0,10,0,.7,55,700,,0	1 piece~20|1 package~340
2422778	B	22	275,2.5,0,75,0,67.5,0,0,7.5,0,1,40,655,,0	6 pleces /~40|1 package~1183
2677696	B	22	304,2.17,0,71.7,0,65.2,0,0,8.7,0,.78,43,457,,0	1 serving~46|1 package~2260
2550548	B	22	304,2.17,0,71.7,0,65.2,0,0,8.7,0,.78,65,611	1 serving~46|1 package~170
2540795	B	22	375,7.5,12.5,60,0,50,5,0,10,0,1.62,95,622,,0	4 piece~40|1 package~284
2668872	B	22	333,3.33,1.67,73.3,1130,63.3,0,0,10,0,1,67,667,,0	1 serving~30|1 package~283
2677715	B	22	304,2.17,0,71.7,0,65.2,0,0,8.7,0,.6,65,611,,0	2 dates~46|1 package~340
2677736	B	22	304,2.17,0,71.7,0,65.2,0,0,8.7,0,0,65,611,,0	1 serving~46|1 package~340
2677732	B	22	304,2.17,0,71.7,0,65.2,0,0,8.7,0,0,65,611,,0	1 serving~46|1 package~454
2677735	B	22	304,2.17,0,71.7,0,65.2,0,0,8.7,0,.6,65,611,,0	1 serving~46|1 package~680
2677694	B	22	304,2.17,0,71.7,0,65.2,0,0,8.7,0,.78,65,611,,0	1 serving~46|1 package~454
2419551	B	22	304,2.17,0,71.7,0,65.2,0,0,8.7,0,.6,65,611,,0	1 serving~46|1 package~907
2426795	B	22	304,2.17,0,71.7,0,65.2,0,0,8.7,0,.6,65,611,,0	2 dates~46|1 package~907
2428200	B	12	400,0,10,65,10,50,1,0,10,0,1.15,45,600,,0	1 pieces~20|1 package~680
2427047	B	22	300,2.5,0,72.5,0,62.5,.5,0,10,0,1,65,675,,0	1/3 cup~40|1 package~340
2018193	B	22	306,0,6.94,69.4,0,61.1,0,0,8.3,0,1,56,,0	2 pieces~36|1 package~340
2506376	B	0	375,7.5,12.5,60,262,50,3.75,0,10,0,1.57,100,625	4 pieces~40|1 package~142
2592401	B	22	325,2.5,0,75,0,62.5,0,0,7.5,0,1,50,625	2 dates~40|1 package~198
2677716	B	0	400,2.5,12.5,62.5,0,55,2.5,0,7.5,0,5.35,68,600,,0	4 piece~40|1 package~283
2390823	B	22	304,2.17,0,71.7,0,65.2,0,0,8.7,0,.78,65,611,,0	2 -3 dates~46|1 package~113
1864490	B	42	250,0,0,70,0,65	1 tbsp~20|1 package~326
2062362	B	7	107,0,0,25,321,25,,0	1 serving~28|1 package~710
2026314	B	41	0,0,0,0,0,,0,0,,0	1/3 sec spary~.2|1 package~142
2103062	B	14	491,12.7,23.6,58.2,109,10.9,8.18,0,9.1,0,3.27,73,,0	½ cup~55|1 package~369
2105360	B	41	867,0,93.3,0,0,0,80,0,0,0,0,0,,0	1 tbsp~15|1 package~414
2030947	B	49	594,21.9,53.1,21.9,0,6.25,4.69,0,9.4,0,3.38,250,,0	2 tbsp~32|1 package~340
2030591	B	81	343,2.86,0,82.9,0,0,0,0,2.9,0,0,0,,0	¼ cup~35|1 package~1360
2032784	B	44	143,0,0,40,0,35.7,0,0,1.4,0,0,0,,3.4	¼ cup~70|1 package~397
2008287	B	45	85,6.92,0,14.6,108,.77,0,0,4.6,0,1.38,31,,0	½ cup~130|1 package~440
2028566	B	63	371,8.57,3.57,75.7,614,8.57,1.43,7,1.4,0,.51,143,329,0	1 serving~70
2030607	B	2	333,23.8,28.6,0,857,0,16.7,71,0,0,0,714,,0	1 slice~21|1 package~170
2031855	B	14	375,10,5,72.5,325,27.5,0,0,7.5,0,2.7,0,,0,,1.25,2.5	1 packet~40|1 package~320
2063995	B	54	33,0,0,13.3,0,0	1 tbsp~15|1 package~950
2455888	B	7	0,0,0,3.57,1000,,,0	1 serving~28|1 package~473
2617373	B	45	77,5.38,0,14.6,338,0,0,0,3.1,0,1.38,62,,0,,,,0	½ cup~130|1 package~425
2028530	B	61	380,8,2,78,0,0,0,0,4,0,1.44,40,,0	¼ cup~50
2027745	B	73	375,0,0,100,0,100,0,0,0,0,0,0,,0	1 tsp~4|1 package~680
2046740	B	65	0,0,0,0,0,0	1 tea bag~2|1 package~45
2031859	B	65	0,0,0,0,0,0	1 tea bag~1|1 package~20
2028513	B	45	108,6.15,1.15,19.2,269,1.54,0,0,5.4,0,1.38,46,,0	½ cup~130
2085605	B	72	200,2.5,17.5,7.5,19,2.5,17.5,0,1.2,0,0,0,162,0,,,,,,,,,,20,25	1/3 cup~80|1 package~400
2026998	B	15	50,3.33,0,10,400,3.33,0,0,3.3,0,0,0,,12	2 tbsp~30|1 package~454
2073076	B	49	562,21.9,46.9,25,422,9.38,9.38,0,6.2,0,2.25,62,,0	2 tbsp~32|1 package~454
2028568	B	47	27,1.82,0,6.36,191,4.55,0,0,1.8,0,.98,18,,10.9	½ cup~110
2617372	B	45	85,5.38,0,15.4,192,1.54,0,0,4.6,0,1.11,31,,0,,,,0	½ cup~130|1 package~425
2028571	B	47	19,.77,0,3.85,169,2.31,0,0,.8,0,.28,15,,11.5	½ cup~130|1 package~411
2025758	B	19	100,0,0,0,2400,0	1 tsp~5|1 package~340
2083160	B	72	38,2.5,1.46,3.75,46,2.5,.21,0,.8,0,.6,125,146,0,1.25,.42,.62,,,0,.283,.033,17,13,33,1.25,.62,,0,.083	1 cup~240
1908740	B	72	38,2.5,1.46,4.17,46,2.92,.21,0,.8,0,.6,125,146,0,1.25,.42,.62,,,0,.283,.033,,13,33,1.25,.62,,0,.083	1 cup~240|1 package~946
2084581	B	41	800,0,93.3,0,0,,13.3,0,,0,,,,,,66.7,13.3	1 tbsp~15|1 package~500
2028504	B	45	77,5.38,0,13.8,415,.77,0,0,3.8,0,1.38,15,,.9	½ cup~130
2032849	B	37	17,.83,0,3.33,242,1.67,0,0,1.7,0,.6,17,,3	½ cup~120|1 package~411
2031870	B	65	0,0,0,0,0,0	1 tea bag~2|1 package~40
2025775	B	19	118,0,0,23.5,882,23.5,0,0,0,0	1 tbsp~17|1 package~567
2062363	B	7	0,0,0,3.57,464,,,0	1 serving~28|1 package~710
2064130	B	73	375,0,0,100,0,100,0,0,0,0,0,0,,0	1 tsp~4|1 package~454
2085615	B	72	100,2.5,6.25,7.5,19,2.5,5,0,1.2,0,0,0,162,0,,,,,,,,,,20,25	1/3 cup~80|1 package~400
2028544	B	61	333,6.67,0,80,0,0,0,0,2.2,0,.8,44,,0	¼ cup~45
2026993	B	15	50,0,0,13.3,350,10,0,0,3.3,0,0,0,,30	2 tbsp~30|1 package~454
2085131	B	60	333,0,0,88.3,8,88.3,0,0,0,0,2.4,133,,0	¼ cup~60|1 package~354
1867160	B	14	375,10,3.75,75,500,32.5,0,0,7.5,0,2.7,0,,0,,1.25,1.25	1 packet~40|1 package~320
2062359	B	39	35,3.33,0,5,43,5,0,2,0,0,0,121,,0,1.2	1 cup~240|1 package~1890
1863642	B	32	65,1.61,2.02,11.3,516,6.45,0,0,1.6,0,.58,32,,0	½ cup~124|1 package~680
2064113	B	44	41,0,0,9.84,8,9.02,0,0,0,0,.59,0,102,4.9	½ cup~122|1 package~425
2028569	B	67	341,20.4,1.14,63.6,11,2.27,0,0,15.9,0,4.09,91,,5.5	¼ cup~44
2032764	B	0	263,10.5,2.63,71,0,0,0,0,21.1,0,1.89,0,,0	3 tbsp~38|1 package~238
1867748	B	0	424,6.06,27.3,54.6,576,3.03,15.2,0,15.2,0,1.09,0,,0	2 tbsp~33|1 package~281
2027751	B	22	325,2.5,0,77.5,25,72.5,0,0,5,0,2.7,50,775,0	¼ cup~40|1 package~425
2062358	B	39	51,3.33,1.67,5,48,5,1.25,8,0,0,0,121,,0,1.25	1 cup~240|1 package~1890
2030659	B	62	714,0,78.6,0,643,,50,214,,0	1 tbsp~14|1 package~454
2030643	B	2	286,28.6,17.9,3.57,607,0,10.7,54,0,0,0,714,,0	1 serving~28|1 package~170
2617371	B	2	381,23.8,28.6,0,667,0,19,95,0,0,0,714,,0,,,,171	1 slice~21|1 package~170
2028891	B	2	333,23.8,28.6,0,857,0,16.7,71,0,0,0,714,,0	1 slice~21|1 package~170
2028509	B	45	123,10,5.38,10,300,1.54,.77,0,9.2,0,2.77,62,,0	½ cup~130
1909533	B	18	50,0,0,12.1,12,12.1	8 fl oz~240|1 package~750
1909523	B	24	50,0,0,12.9,12,12.9	8 fl oz~240|1 package~750
2028813	B	2	286,28.6,17.9,3.57,607,0,10.7,54,0,0,0,714,,0	1 serving~28
2029193	B	7	100,0,0,20,433,20,,0	1 tbsp~15|1 package~296
2085134	B	51	6,0,0,1.25,238,.42,0,0,0,0,0,0,0,0,,0,0	1 cup~240|1 package~907
2025846	B	19	100,0,0,0,1200,0	1 tsp~5
2064129	B	73	400,0,0,100,0,96.7,0,0,0,0,0,0,,0	¼ cup~30|1 package~454
1864499	B	42	300,0,0,70,0,65	1 tbsp~20|1 package~326
2026983	B	45	100,6.15,.77,16.9,362,.77,0,0,4.6,0,1.38,31,,0	½ cup~130
385057	B	44	143,0,0,40,0,35.7,0,0,1.4,0,0,0,,3.4	¼ cup~70
1909531	B	18	50,0,0,12.1,12,12.1	8 fl oz~240|1 package~750
1876369	B	18	29,0,0,7.5,12,7.5	8 fl oz~240|1 package~750
2025871	B	19	100,0,0,0,1200,0	1 tsp~5|1 package~340
2058715	B	50	607,17.9,57.1,21.4,179,0,7.14,0,10.7,0,6.43,357,,0,,21.4,25	2 tbsp~28|1 package~454
2009212	B	44	143,0,0,38.6,0,34.3,0,0,2.9,0,0,0,,6.9	¼ cup~70|1 package~397
2289513	B	0	364,9.09,4.55,72.7,0,0,0,0,12.1,0,2.18,0,,0	2 tbsp~33|1 package~454
2628606	B	16	374,11.9,4.76,69,5,0,0,0,9.5,,0,0,,0,,,,0	1 serving~42|1 package~340
2148038	B	50	0,0,0,0,0,0,0,,0,0,20,,2000	¼ tsp~.5|1 package~36
2147663	B	50	0,0,0,0,0,0,0,,0,0,12.5,,1250	¼ tsp~.8|1 package~45
2061247	B	90	374,11.9,4.76,69,5,0,1.9,0,9.5,,0,0,,0	1 serving~42|1 package~340
2082234	B	54	0,0,0,0,0,0,0,0,0,0,0,0,,0	1 tbsp~15|1 package~375
2068561	B	35	200,0,0,53.3,1470,46.7,0,0,0,0,0,0,,0	1 tbsp~15|1 package~300
2042418	B	0	571,14.3,46.4,32.1,11,0,8.93,0,7.1,,6.43,71,,0,,28.6,7.14	¼ cup~28|1 package~170
2051148	B	0	536,25,46.4,17.9,18,0,8.93,0,14.3,,16.1,71,,0,,21.4,14.3	¼ cup~28|1 package~170
2042420	B	0	429,25,50,21.4,411,3.57,7.14,0,10.7,,1.29,0,,0	¼ cup~28|1 package~170
2042417	B	0	571,14.3,46.4,32.1,0,0,8.93,0,7.1,0,6.43,71,,0,,28.6,7.14	¼ cup~28|1 package~170
2157311	B	0	383,16.7,20,56.7,0,40,,0,10,,2.4,67,,0	1 serving~30|1 package~397
2046102	B	0	571,14.3,46.4,32.1,11,0,8.93,0,7.1,,6.43,71,,0,,28.6,7.14	¼ cup~28|1 package~170
2042421	B	0	429,25,50,21.4,411,3.57,7.14,0,10.7,,1.29,0,,0	¼ cup~28|1 package~170
2056980	B	22	350,1,0,86,170,66,0,0,2,,1.44,100,,0	1 serving~100|1 package~227
2056983	B	22	350,0,0,87.5,225,72.5,0,0,2.5,,1.8,100,,0	3 cup~40|1 package~340
2560329	B	10	0,0,0,0,0,0,,,,0,,,,24	1 tsp~5|1 package~946
1898442	B	20	118,12.9,7.06,9.41,12,2.35,1.18,0,2.4,0,2.12,71,,14.1	1 cup~85|1 package~340
1917630	B	139	286,4.29,8.57,57.1,186,7.14,1.43,86,1.4,0,1.03,29,,1.7	1 serving~70|1 package~196
2066363	B	6	282,10.3,2.56,59,590,7.69,0,0,2.6,0,2.77,205,,0,,0,1.28,,4.1,0,.349	1 serving~39
2554853	B	66	368,10.5,13.2,57.9,632,0,0,0,7.9,0,2.84,53,,0	1 serving~38
2304810	B	2	393,25,32.1,0,607,0,17.9,89,0,0,0,754,,,0	1 slice~28|1 package~170
2075754	B	7	12,0,0,2.5,800,0,0,0,1.2,0,0,50,,0	½ pickle~40
2376874	B	68	26,1.05,0,4.21,149,0,0,0,2.1,0,0,6,116,,0	½ cup~95|1 package~255
1922382	B	68	27,1.33,0,5.33,80,1.33,0,0,2.7,0,0,33,200,,0	1 serving~75|1 package~340
2428399	B	16	26,1.05,0,4.21,20,1.05,0,0,2.1,0,0,6,116,,0	½ cup~95|1 package~255
1982153	B	16	26,1.05,0,4.21,20,1.05,0,0,2.1,0,0,6,116,,0	½ cup~95|1 package~255
2057950	B	22	300,0,0,80,175,70,,,5	1 bag~20
1886494	B	22	350,0,0,85,50,75,,,5,,,100	1 bag~20
2162138	B	10	0,0,0,0,0,0,,,,0,,,,24	1 tsp~5|1 package~946
2560330	B	10	0,0,0,0,0,0,,,,0,,,,40	1 tsp~5|1 package~946
2009870	B	30	365,0,0,100,0,0,0,0,0,,0,0,,0	1 tsp~1
2061318	B	28	393,21.4,35.7,0,1570,0,14.3,89,0,0,1.29,0,,0	7 slices~28|1 package~170
2051803	B	28	286,25,21.4,0,2290,0,12.5,89,0,0,1.29,0,,0	1 serving~28|1 package~113
2495531	B	28	286,25,21.4,0,2290,0,12.5,89,0,0,1.29,0,,0	2 slices~28|1 package~113
2061316	B	27	393,21.4,32.1,3.57,1540,0,12.5,89,0,0,1.29,0,,4.3	1 serving~28|1 package~170
2051802	B	28	339,19.6,28.6,1.79,1480,0,12.5,89,0,0,1.29,0,,0	10 slices~56|1 package~113
2159841	B	28	357,21.4,32.1,3.57,1610,0,10.7,89,0,0,1.29,0,,0	5 slices~28|1 package~113
2051804	B	28	353,20,29.4,2.35,424,0,14.1,35,0,0,.42,294,,0	4 pieces~85|1 package~170
2495532	B	28	357,21.4,28.6,3.57,1570,0,10.7,89,0,0,1.29,0,,0	5 slices~28|1 package~113
2061315	B	28	357,21.4,32.1,0,1610,0,10.7,89,0,0,1.29,0,,0	7 slices~28|1 package~170
2061313	B	28	357,16.1,32.1,0,1770,0,10.7,80,0,0,.64,0,,0	2 slices~56|1 package~113
2061317	B	28	333,20,36.7,3.33,1570,0,13.3,100,0,0,1.2,0,,0	5 slices~30|1 package~113
2051805	B	28	353,20,29.4,2.35,424,0,14.1,35,0,0,.42,294,,0	4 pieces~85|1 package~170
1877603	B	0	571,21.4,46.4,21.4,607,7.14,5.36,0,10.7,0,3.86,143,,4.3	1 serving~28|1 package~56
2036498	B	2	333,19,23.8,4.76,1670,0,14.3,71,0,0,0,714,,0	1 slice~21|1 package~340
2642182	B	2	300,16.7,23.3,6.67,433,0,15,83,0,0,0,333,0,,0	1 inch cube 1oz~30|1 package~198
2602132	B	2	300,16.7,23.3,6.67,433,0,15,83,0,0,0,333,0,,0	1 inch cube 1oz~30|1 package~198
2630788	B	2	393,21.4,32.1,3.57,643,0,17.9,107,0,0,0,711,75,,0	1 serving~28|1 package~198
2630262	B	2	286,14.3,17.9,21.4,339,17.9,12.5,71,0,0,0,71,0,,0	2 tbsp~28|1 package~113
2602114	B	2	286,21.4,21.4,3.57,643,0,14.3,71,0,0,0,321,125,,0	1 serving~28|1 package~113
2442171	B	2	381,23.8,33.3,0,643,0,19,95,0,,0,714,,0	1 serving~21|1 package~907
2602118	B	2	381,23.8,28.6,0,619,0,16.7,95,0,0,0,714,333,,0	1 slice~21|1 package~454
2020160	B	2	214,14.3,17.9,3.57,232,0,8.93,71,0,0,7.07,500,,0	2 tbsp~28|1 package~113
2020182	B	2	286,21.4,21.4,0,179,0,12.5,71,0,0,0,357,,0	1 serving~28|1 package~453
2602098	B	2	321,17.9,25,3.57,375,0,16.1,107,0,0,0,71,0,,0	2 tbsp~28|1 package~113
2636640	B	2	357,25,28.6,3.57,607,0,17.9,107,0,0,0,714,,0,,,,193	1 inch cube~28|1 package~198
2622671	B	2	400,40,20,0,1100,0,20,100,0,0,0,1200,,0,,,,0	1 serving~5|1 package~85.1
2602122	B	2	400,20,30,0,800,0,20,100,0,0,0,800,0,,0	1 serving~5|1 package~170
2602103	B	2	286,21.4,21.4,3.57,643,0,12.5,71,0,0,.36,504,75,,0	1 serving~28|1 package~227
2020178	B	2	381,19,33.3,0,643,0,21.4,95,0,0,0,714,,0	1 serving~21|1 package~255
2592669	B	2	286,25,21.4,7.14,679,0,10.7,71,0,0,.64,714,179,,0	2 slices~28|1 package~142
2636641	B	2	393,25,32.1,3.57,607,0,21.4,107,0,,0,643,71,,0	1 serving~28|1 package~227
2622670	B	2	393,25,32.1,0,643,0,21.4,107,0,0,0,714,,0,,,,193	1 serving~28|1 package~227
2642180	B	2	357,25,28.6,3.57,643,0,17.9,89,0,0,0,714,136,,0	2 slices~28
2602110	B	2	476,33.3,33.3,4.76,1190,0,23.8,95,0,0,0,905,429,,0	1 slice~21|1 package~170
2552675	B	2	357,25,28.6,0,679,0,17.9,89,0,0,.71,729,86,,0	1 serving~28|1 package~340
2602116	B	2	357,25,28.6,0,607,0,17.9,89,0,0,.36,679,71,,0	¼ cup~28|1 package~227
2578581	B	2	393,21.4,32.1,3.57,786,0,21.4,107,3.6,0,0,643,0,,0	¼ cup~28|1 package~227
2602115	B	2	286,21.4,21.4,3.57,482,0,14.3,71,0,0,.36,500,71,,0	¼ cup~28|1 package~907
2602117	B	2	393,21.4,32.1,3.57,643,0,21.4,107,0,0,0,643,0,,0	1 serving~28|1 package~907
2602120	B	2	400,20,30,0,800,0,20,100,0,0,0,800,0,,0	1 tsp~5|1 package~142
2642181	B	2	393,21.4,32.1,3.57,786,0,21.4,107,3.6,0,0,643,0,,0	¼ cup~28|1 package~227
2602105	B	2	381,23.8,28.6,4.76,810,0,16.7,119,0,0,0,714,333,,0	1 slice~21|1 package~170
2602106	B	2	333,23.8,23.8,4.76,405,0,14.3,95,0,0,0,476,0,,0	1 slice~21|1 package~170
2602111	B	2	286,23.8,21.4,4.76,524,0,14.3,48,0,0,0,714,333,,0	1 slice~21|1 package~170
2602109	B	2	381,28.6,28.6,0,310,0,16.7,119,0,0,0,905,95,,0	1 slice~21|1 package~170
2072207	B	41	0,0,0,0,0,,0,0,,0	¼ sec~.2|1 package~170
2110987	B	41	0,0,0,0,0,,0,0,,0	¼ sec. spray~.2|1 package~141
2670264	B	34	213,13.4,7.87,22,362,3.15,2.76,16,3.1,0,1.13,118,,4.7,,,,28	1/3 pizza~127|1 package~380
2196167	B	106	107,23.2,.89,0,49,,0,62,,0,.89,9,268,,0	1 serving~112|1 package~454
2159413	B	35	67,6.67,0,13.3,5470,6.67,0,0,0,0,2,67,467,,0	1 serving~15|1 package~500
2394520	B	13	407,13,24.1,48.2,157,13,.93,0,20.4,0,1.85,115,385,,0	1 bar~54|1 package~216
2394521	B	13	407,13,22.2,50,157,13,4.63,0,18.5,0,1.85,59,485,,0	1 bar~54|1 package~216
2394522	B	13	407,11.1,22.2,50,148,13,3.7,0,16.7,0,14.8,70,507,,0	1 serving~54|1 package~216
2546010	B	18	56,0,0,14.2,3,13.3,,,,0	1 bottle~360
2287937	B	0	467,13.3,30,46.7,150,33.3,6.67,0,6.7,0,3.6,67,,0	¼ cup~30|1 package~198
1904798	B	31	71,2.35,0,12.9,76,4.71,0,0,2.4,0,.42,0,,4.2	2/3 cup~85|1 package~283
2065341	B	23	273,3.03,15.2,33.3,879,30.3,3.03,61,0,0,0,0,,0	2 tbsp~33|1 package~355
1860093	B	23	179,3.57,16.1,7.14,1430,3.57,1.79,36,0,0,0,71,,0	2 tbsp~28|1 package~355
2077971	B	23	357,0,35.7,3.57,786,3.57,5.36,18,0,0,0,0,,0	2 tbsp~28|1 package~355
2022097	B	23	267,3.33,26.7,6.67,600,3.33,5,17,0,0,0,0,,0	2 tbsp~30|1 package~355
1903745	B	15	47,0,0,12.5,297,9.38,0,0,0,0,0,0,,11.2	1 serving~32|1 package~454
1896335	B	15	47,0,0,12.5,297,9.38,0,0,0,0,0,0,,11.2	1 serving~32|1 package~454
2585659	B	2	357,25,28.6,0,643,0,17.9,89,0,0,0,536,0,,0	1 serving~28|1 package~397
2057429	B	41	864,0,96.4,0,0,,10.7,0,0,0,,,,,,17.9,67.9	1 tbsp~14|1 package~500
365338	B	5	500,7.14,28.6,53.6,500,3.57,1.79,0,3.6,0,2.57,0,,17.1	19 chips~28
2442923	B	46	151,2.83,9.43,12.3,71,0,.94,33,1.9,,1.02,38,,8.5	½ kinish~106|1 package~198
2061529	B	42	300,0,0,80,0,73.3,0,0,6.7,0,0,0,,0	1 tbsp~15|1 package~227
2061531	B	42	300,0,0,80,0,80,0,0,0,0,0,0,,0	1 tbsp~15|1 package~227
2061530	B	42	300,0,0,80,0,80,0,0,0,0,0,0,,16	1 tbsp~15|1 package~227
2061528	B	42	300,0,0,80,0,80,0,0,6.7,0,0,0,,40	1 tbsp~15|1 package~227
2415387	B	49	562,25,46.9,21.9,203,3.12,7.81,0,9.4,0,3.12,66,328,,0	2 tbsp~32|1 package~1590
2032297	B	49	562,28.1,43.8,21.9,266,6.25,6.25,0,6.2,0,2.25,0,,0	2 tbsp~32|1 package~453
2018432	B	49	562,28.1,43.8,21.9,266,6.25,6.25,0,6.2,0,2.25,0,,0	2 tbsp~32|1 package~453
2626023	B	49	531,31.2,40.6,18.8,344,9.38,6.25,0,6.2,0,1.12,62,,0,,,,0,9.38,0,,,,125,250,,,,2	2 tbsp~32|1 package~454
1958985	B	49	542,31.2,41.7,20.8,240,8.33,6.25,0,8.3,0,2.08,52,267,,0,18.8,14.6,,12.5,,,,,146	3 tbsp~48
2584607	B	49	594,18.8,50,25,281,9.38,4.69,0,3.1,0,3.12,253,697,,0	2 tbsp~32|1 package~454
1136795	B	13	500,7.5,25,57.5,0,35,3.75,0,7.5,0,6.75,250,175,,0,10,11.2	1 bar~40
2049842	B	8	549,7.84,31.4,58.8,63,43.1,19.6,20,3.9,0,1.41,157,,0	3 pieces~25.5|1 package~127
1880754	B	8	549,7.84,31.4,58.8,63,43.1,19.6,20,3.9,0,1.41,157,,0	3 pieces~25.5|1 package~127
2075758	B	40	500,13.3,30,53.3,67,43.3,1.67,0,6.7,,2.4,133,,0	¼ cup~30|1 package~227
2051686	B	0	533,13.3,40,36.7,567,10,8.33,0,3.3,,6,67,,0	¼ cup~30|1 package~113
1882447	B	0	533,13.3,40,36.7,567,10,8.33,0,3.3,,0,0,,0	¼ cup~30|1 package~227
2076808	B	0	600,13.3,53.3,26.7,467,6.67,8.33,0,6.7,,6,133,,0	¼ cup~30|1 package~227
2076807	B	0	567,13.3,43.3,33.3,300,16.7,8.33,17,6.7,,3.6,133,,0	¼ cup~30|1 package~227
2094663	B	49	594,21.9,53.1,18.8,0,6.25,6.25,0,12.5,0,4.5,250,719,0	2 tbsp~32|1 package~425
1862820	B	49	562,21.9,40.6,31.2,62,15.6,6.25,0,6.2,0,3.38,0,562,0	2 tbsp~32|1 package~425
2288871	B	49	547,20.3,40.6,31.2,109,15,5.62,0,9.4,0,2.25,94,572,0	2 tbsp~32|1 package~425
2038991	B	49	469,15.6,34.4,28.1,69,6.25,4.69,0,12.5,0,3.38,125,,0,,3.12,9.38	2 tbsp~32|1 package~425
2063460	B	49	562,21.9,43.8,31.2,0,15.6,6.25,0,6.2,0,2.25,62,562,0	2 tbsp~32|1 package~425
1855143	B	68	93,2.14,2.86,15.7,357,1.43,1.79,7,1.4,0,.51,29,,6.4	2/3 cup~140|1 package~680
2617139	B	31	79,5.62,0,13.5,225,4.49,0,0,4.5,0,1.21,0,,6.7,,,,81	2/3 cup~89|1 package~283
486105	B	20	24,1.18,.59,3.53,0,2.35,0,0,1.2,0,.42,24,,2.8	6 leaves~85
1850752	B	22	350,0,0,85,0,67.5,0,0,5,0,0,0,,0	¼ cup~40|1 package~92
1850833	B	0	633,20,50,23.3,417,3.33,6.67,0,10,0,4.8,67,,0	¼ cup~30|1 package~142
1849909	B	0	467,3.33,20,73.3,50,66.7,16.7,0,3.3,0,0,0,,0	16 pieces~30|1 package~113
1889395	B	52	188,12.5,7.5,20,75,18.8,4.38,44,,,,188,,1.5	½ cup~80|1 package~473
1889394	B	52	175,11.2,7.5,20,81,17.5,4.38,44,1.2,,.45,125	½ cup~80|1 package~473
506031	B	27	176,15.3,9.41,4.71,294,0,2.94,71,1.2,0,4.24,24,,4.2	1 link~85
1902351	B	49	594,21.9,53.1,21.9,0,6.25,4.69,0,9.4,0,3.38,250,,0	2 tbsp~32|1 package~340
1902350	B	49	594,18.8,50,25,500,9.38,3.12,0,9.4,0,3.38,250,,0	2 tbsp~32|1 package~340
1883177	B	10	54,0,0,12.9,4,12.5,0,0,0,0,0,0,,5	8 fl oz~240|1 package~750
1883175	B	10	46,0,0,11.2,2,11.2,0,0,0,0,0,0,,1	8 fl oz~240|1 package~750
1883178	B	10	50,0,0,12.5,4,11.2,0,0,0,0,0,0,,1.5	8 fl oz~240|1 package~750
1883179	B	10	50,0,0,12.5,2,10.8,0,0,0,0,0,0,,1	8 fl oz~240|1 package~750
2038864	B	4	400,8,2,80,20,48,0,100,0,0,0,0,,0	5 cookies~25|1 package~100
2554254	B	5	500,7.14,25,60.7,750,0,3.57,0,3.6,0,2.14,36,1610,,0	16 chips~28|1 package~142
2116482	B	22	50,0,0,13.3,0,10	½ cup~120|1 package~625
1956755	B	29	481,9.62,21.2,63.5,288,34.6,6.73,0,3.8,0,4.04,96,212,,0	1 container~52
1866545	B	29	368,5.26,0,84.2,842,5.26,0,0,5.3,0,1.05,11,179,,0	4 slices~19|1 package~100
2106267	B	62	600,3.33,40,53.3,167,33.3,10,0,0,0,0,0,,0	2 tbsp~30|1 package~397
2628198	B	4	510,6.67,23.3,66.7,237,43.3,13.3,10,3.3,0,4.8,33,,0,,,,30	6 pieces~30|1 package~100
2628197	B	4	490,6.67,23.3,66.7,253,50,10,17,3.3,0,1.8,100,,0,,,,30	6 pieces~30|1 package~100
1886872	B	6	357,14.3,0,71.4,929,0,0,0,14.3,0,0,0,,0	2 tbsp~7|1 package~75
2170769	B	4	440,4,18,72,100,40,4,,4,,1.6	1 pouch 2 stix~25|1 package~125
1883174	B	62	567,3.33,36.7,56.7,200,33.3,10,0,0,0,0,0,,0	2 tbsp~30|1 package~397
2061580	B	6	316,7.89,0,68.4,500,0,0,0,15.8,0,1.89,0,,0	2 slices~19|1 package~250
2038182	B	6	357,14.3,0,71.4,714,0,0,0,14.3,0,0,0,,0	2 tbsp~7|1 package~75
2069726	B	49	568,5.41,37.8,56.8,27,51.4,9.46,0,4.1,0,7.3,108,,0	2 tbsp~37|1 package~371
2049471	B	5	536,3.57,28.6,60.7,643,3.57,3.57,0,3.6,0,0,0,,0	1 serving~28|1 package~113
2024194	B	11	0,0,0,0,35000,0,0,0,0,0,0,0,,0	¼ tsp~1.2|1 package~700
2043988	B	4	480,8,20,68,280,36,12,32,4,0,2.88,80,,0	2 cookies~25|1 package~150
1912328	B	79	400,0,0,100,0,100,0,0,0,0,0,0	2 g) / pieces (~2|1 package~14
2052969	B	4	480,8,18,68,240,24,10,0,4,0,1.44,0,,0	2 cookies~25|1 package~300
2069727	B	5	440,8,18,64,220,20,8,0,8,0,2.88,0,,0	2 cookies~25|1 package~300
2287053	B	4	467,6.67,18.3,70,333,33.3,8.33,0,3.3,0,1.2,0,,0	3 cookies~30|1 package~125
2068356	B	29	467,13.3,23.3,40,400,0,2.67,0,13.3,0,0,0,,0	1 large crispbread~15|1 package~120
2636386	B	29	395,5.26,2.63,84.2,632,5.26,0,0,0,0,0,0,,0,,,,0	4 crispbread~19|1 package~100
2608639	B	4	540,6,30,62,420,20,14,0,0	1 inner pack~50|1 package~100
2089295	B	79	400,0,0,100,0,100,0,0,0,0,0,0	5 pieces~2|1 package~14
1896952	B	5	571,7.14,39.3,50,714,0,17.9,0,3.6,0,0,0,,32.1	1 serving~28|1 package~170
2084372	B	54	0,0,0,0,0,0	1 tbsp~15|1 package~500
2670601	B	5	500,7.14,25,60.7,643,0,3.57,0,3.6,0,2.5,36,1610,,0	16 chips~28|1 package~142
2052968	B	10	46,0,0,11.2,0,10.8	8 fl oz~240
1883172	B	10	46,0,0,10.8,0,10.4	8 fl oz~240|1 package~750
2287622	B	10	46,0,0,11.7,0,10.8	8 fl oz~240|1 package~750
1883171	B	10	46,0,0,11.7,0,10.4	8 fl oz~240|1 package~750
2436861	B	29	368,5.26,0,84.2,789,5.26,0,0,5.3,0,1.58,21,242,,0	4 slices~19|1 package~100
2043396	B	4	433,6.67,10,80,233,46.7,5,0,0,0,0,0,,0	10 cookies~30|1 package~200
1914461	B	4	500,5,25,60,200,40,15,0,5,0,,,,,7.5,,,,30,2,2.55,4,,,,1.2	1 wafer bar~20|1 package~120
2072803	B	4	500,5,25,65,300,45,15,10,5,0,,,,,7.5,,,,30,2,2.55,4,,,,1.2	1 wafer bar~20|1 package~120
2509453	B	5	500,7.14,25,60.7,786,0,3.57,0,3.6,0,2.14,0,1570,,0	1 serving~28|1 package~142
2116483	B	22	50,0,0,13.3,0,10	½ cup~120|1 package~625
2085427	B	22	50,0,0,13.3,0,10	½ cup~120|1 package~625
2067511	B	37	40,.88,0,7.08,319,6.19,0,0,.9,0,1.27,18,,3.2	1 serving~113|1 package~453
1894382	B	7	40,.88,0,7.08,319,6.19,0,0,.9,0,1.27,18,,3.2	1 serving~113|1 package~453
1894970	B	60	333,0,0,85,17,83.3,,,,,0,0,,0	¼ cup~60|1 package~370
1896544	B	7	40,.88,0,7.08,319,6.19,0,0,.9,0,1.27,18,,3.2	1 serving~113|1 package~453
2030949	B	49	562,21.9,46.9,25,422,9.38,9.38,0,6.2,0,2.25,62,,0	2 tbsp~32|1 package~454
1993434	B	6	133,13.3,5,40,367,0,0,0,40,0,0,73,70,,0	1 slice / null~30|1 package~510
2618508	B	6	250,11.1,5.56,41.7,292,2.78,0,0,8.3,0,2,0,,0,,0,2.78,0	1 slice~36|1 package~680
2033714	B	6	267,8.89,3.33,51.1,356,6.67,0,0,2.2,0,2.4,0,,0,,0,2.22,,,,,,,,44	1 slice~45|1 package~680
2388480	B	6	138,15.4,4.62,40,369,0,.77,0,38.5,0,1.54,75,71,,0	1 bun~65|1 package~520
2033731	B	6	244,11.1,3.33,46.7,289,4.44,0,0,6.7,0,2.4,0,,0,,0,2.22	1 slice~45|1 package~680
2033733	B	6	244,11.1,3.33,44.4,311,4.44,0,0,6.7,0,1.6,133,,0,,0,1.11	1 slice~45|1 package~680
2074680	B	6	271,11.8,3.53,47.1,306,8.24,0,0,9.4,0,2.12,47,,0,,1.18,1.76	1 bagel~85|1 package~425
2033713	B	6	213,10.6,2.13,40.4,277,4.26,0,0,10.6,0,1.53,0,,0,,0,1.06	2 slices~47|1 package~567
1877806	B	1	316,2.63,2.63,71,197,34.2,0,0,0,0,1.89,0,,0	4 pieces~38|1 package~226
2085062	B	14	450,15,11.7,68.3,142,26.7,1.67,0,6.7,0,3.33,50,483,,0	2/3 cup~60|1 package~340
2035554	B	14	450,8.33,15,73.3,83,26.7,1.67,0,6.7,0,2.5,33,233,,0	2/3 cup~60|1 package~340
2407886	B	76	33,6.67,0,1.67,800,0,0,17,0,0,1.67,28,223,,0	¼ cup~60|1 package~184
2024175	B	100	107,23.2,.89,0,170,0,0,45,0,0,1.29,0,,0,,0,0	¼ cup~56|1 package~142
2407890	B	100	102,23.2,.93,.93,204,0,0,56,0,0,.33,0,130,,3.25,0,0	1 can, meat portion~108
2407887	B	100	120,27.8,0,0,278,0,0,51,0,0,.67,0,130,,1.4,0,0	1 can~108
2121880	B	36	209,12.1,8.79,20.9,264,2.2,1.1,22,2.2,0,.79,44,,0	4 fish sticks~91|1 package~227
2022071	B	36	118,20,3.53,0,50,0,.88,74,0,0,.64,12,,0,,1.47,.88	1 serving~170
2407880	B	76	94,20,1.76,0,282,0,.59,41,0,0,0,0,247,,7.05,.59,.59	1/3 cup~85|1 package~170
2022817	B	78	118,24.7,.59,1.18,59,0,0,53,0,0,.85,0,,0,,0,0	1 serving~85
2438359	B	78	118,24.7,.59,1.18,318,0,0,53,0,,.85,0,,0,,0,0	1 serving~85
2407888	B	100	120,29.6,0,0,204,0,0,37,0,0,.33,0,194,,5.55,0,0	1 can, meat portion~108
2407891	B	100	102,23.2,.93,.93,102,0,0,56,0,0,.33,0,130,,3.25,0,0	1 can, meat portion~108
2430272	B	76	129,20,5.88,0,,0,1.76,71,0,0,0,118,247,,11.8,1.76,2.35	1/3 cup~85|1 package~213
2407878	B	76	153,20,8.24,0,53,0,1.76,71,0,0,0,118,247,,18.8,4.12,1.76	1/3 cup~85|1 package~213
2016232	B	36	200,9.47,9.47,17.9,368,1.05,1.58,26,1.1,0,1.14,21,,0,,2.11,5.26	2 strips~95|1 package~226
2078021	B	36	202,9.52,9.52,17.9,417,0,1.79,30,0,0,1.29,24,,0,,2.38,5.36	3 nuggets~84|1 package~284
2407885	B	76	153,20,7.06,2.35,365,0,1.18,76,0,0,0,176,247,,17.6,3.53,1.76	1/3 cup~85|1 package~213
1879708	B	10	46,0,0,11.2,0,10.8,0,0,0,0,0,0,,25	8 fl oz~240|1 package~1000
1116025	B	5	357,7.14,0,82.1,0,46.4,0,,17.9,,3.57,64,1250	1 serving~28
519157	B	22	600,7.14,50,32.1,0,14.3,14.3,,28.6,,3.57,0,179	1 serving~28
519159	B	22	329,0,0,82.1,0,46.4,0,,17.9,,3.57,89,332	1 serving~28
2018070	B	11	0,0,0,0,35000,0,0,0,0,0,0,0,,0	¼ tsp~1.2|1 package~500
1883176	B	5	536,3.57,32.1,57.1,393,0,3.57,0,3.6,0,0,0,,0	1 serving~28|1 package~170
2435911	B	20	22,2.15,0,5.38,0,2.15,0,0,2.2,,.39,22,,6.5	5 spears /~93|1 package~900
2642723	B	59	722,0,66.7,11.1,233,0,66.7,0,11.1,0,3.44,22,22,,0	3 tsp~9|1 package~270
2098097	B	2	393,25,28.6,0,786,0,17.9,107,0,0,0,714,,0	1 serving~28|1 package~227
2593091	B	2	393,25,28.6,3.57,679,,21.4,107,0,0,0,536,0,,0	1 serving~28|1 package~227
2058531	B	2	385,26.9,30.8,0,846,0,17.3,96,0,0,0,769,,0	1 serving~26|1 package~142
2017719	B	2	357,25,32.1,0,786,0,21.4,89,0,0,0,714,,0	1 serving~28|1 package~227
2014338	B	2	385,26.9,34.6,0,846,0,23.1,96,0,0,0,769,,0	1 serving~26|1 package~142
2032977	B	2	357,25,32.1,0,786,0,21.4,89,0,0,0,714,,0	1 serving~28|1 package~227
2072149	B	2	357,25,28.6,0,625,0,14.3,71,0,0,0,893,,0	1 serving~28|1 package~227
2029772	B	7	167,0,16.7,6.67,767,,0,0,,0,,,,,,10,0	1 1/3 tbsp~15|1 package~120
2011851	B	7	179,0,17.9,7.14,786,0,0,0,0,0,0,0,,0,,10.7,0	3 olives~14|1 package~170
2084828	B	60	333,0,0,88.3,8,88.3,0,0,0,0,2.4,133,,0	¼ cup~60|1 package~236
1863455	B	19	0,0,0,0,1100,0,,,,0,0,0,,0	1 tsp~5|1 package~255
718944	B	45	85,4.62,.38,15.4,69,.77,0,0,4.6,0,1.11,15,,0	½ cup~130
2035018	B	104	225,2,21,7,19,2,20,0,1,0,0,0,,0	½ cup~100|1 package~400
2028709	B	104	200,2,18,7,19,2,17,0,1,0,0,0,,0	½ cup~100|1 package~400
2090472	B	47	21,0,0,4.17,183,2.5,0,0,.8,0,.3,17,192,1	½ cup~120|1 package~410
2553833	B	37	69,1.54,.77,13.8,96,0,.77,0,1.5,0,.77,4,53,,0	½ cup~130|1 package~850
2029674	B	19	0,0,0,0,1300,0,,,,0,0,0,,0	1 tsp~5|1 package~255
2545821	B	60	333,0,0,88.3,8,88.3,0,0,0,0,2.4,133,,0	¼ cup~60|1 package~236
2123537	B	19	0,0,0,0,1000,0,,,,,0,0,,0	1 tsp~5|1 package~255
2067614	B	47	76,3.03,0,15.2,61,12.1,0,0,6.1,0,0,61,1240,10.9	2 tbsp~33|1 package~170
2067610	B	47	24,0,0,4.76,508,3.17,0,0,1.6,0,.57,0,286,1.9	¼ cup~63|1 package~420
2543535	B	7	167,0,16.7,6.67,767,0,0,0,0,0,0,0,,0,,10,0	5 olives~15|1 package~170
1865778	B	7	167,0,16.7,6.67,767,0,0,0,0,0,0,0,,0,,10,0	5 olives~15|1 package~170
2027850	B	7	156,0,15.6,6.25,781,0,0,0,0,0,0,0,,0,,9.38,0	2 tbsp~16|1 package~64
2122200	B	19	0,0,0,0,1000,0,,,,,0,0,,0	1 tsp~5|1 package~255
2017721	B	2	357,25,28.6,0,786,0,16.1,89,0,0,0,714,,0	1 serving~28|1 package~227
2668869	B	13	367,6.67,3.33,80,50,20,.33,0,6.7,0,3.6,0,233,,0	½ cup~30|1 package~340
2668870	B	14	367,6.67,3.33,80,50,30,.33,0,6.7,0,3.6,0,233,,0	½ cup~30|1 package~340
2539420	B	14	367,6.67,3.33,73.3,67,16.7,0,0,3.3,0,3.6,0,0,,0	½ cup~30|1 package~340
2677518	B	13	367,6.67,3.33,73.3,67,16.7,0,0,3.3,0,3.6,0,0,,0	½ cup~30|1 package~340
2511438	B	14	367,6.67,3.33,76.7,50,26.7,.33,0,6.7,0,3.6,0,233,,0	½ cup~30|1 package~340
2550511	B	14	367,6.67,3.33,76.7,50,26.7,.33,0,6.7,0,3.6,0,233,,0	1 serving~30|1 package~340
2668871	B	14	367,6.67,3.33,80,67,30,.67,0,6.7,0,3.6,0,233,,0	½ cup~30|1 package~340
2168660	B	49	562,21.9,43.8,25,188,12.5,6.25,0,9.4,0,4.69,94,688,,0	2 tbsp~32|1 package~454
2640435	B	49	594,18.8,50,25,172,12.5,4.69,0,9.4,0,3.44,250,656,,0	2 thsp~32|1 package~454
2652756	B	49	625,21.9,53.1,21.9,172,6.25,4.69,0,9.4,0,3.75,250,688,,0	2 tbsp~32|1 package~454
2397525	B	49	562,25,50,15.6,188,6.25,6.25,0,9.4,0,4.38,94,688,,0	2 tbsp~32|1 package~454
531247	B	32	47,1.6,1.2,6.9,324,6,.2,0,1.1,0,.72,30,,16.8	½ cup~100
531249	B	32	59,1.6,2.8,6.2,281,5.3,.5,0,.9,0,.54,30,,15	½ cup~100
2384418	B	47	74,2.94,0,14.7,324,11.8,0,0,2.9,0,2.94,29,1000,,0	2 tbsp~34|1 package~210
1056151	B	19	80,.8,4,11.2,424,8,2,0,3.2,0,.58,16,,2.9	½ cup~125
2013857	B	30	410,3.85,5.13,84.6,103,71.8,0,0,,0	8 fl oz~39
1056149	B	47	72,1.6,2.4,10.4,376,8,0,0,2.4,0,.58,16,,2.9	½ cup~125
1055461	B	68	154,6.15,7.69,12.3,400,.77,3.85,0,5.4,0,2.77,15,,0	½ cup~130
2601399	B	49	594,21.9,53.1,21.9,0,6.25,4.69,0,9.4,0,3.38,188,438,,0	2 tbsp~32|1 package~454
2554490	B	8	536,7.14,42.9,32.1,57,28.6,25,0,10.7,0,7.14,32,546,,0	1 serving~28|1 package~85
2552400	B	6	250,8.93,3.57,48.2,607,3.57,0,0,5.4,0,3.57,152,170,,0	1 slice~56|1 package~500
2209633	B	22	333,0,0,80,33,63.3,,,3.3,,3.6	1 pouch~30
1856409	B	8	367,3.33,11.7,66.7,33,56.7,6.67,0,6.7,0,6,0,,0	1 pouch~30
1856411	B	22	333,3.33,0,83.3,50,63.3,,,6.7,,9	1 pouch~30
2449508	B	20	24,1.18,0,4.71,18,2.35,0,0,2.4,0,0,31,267,,0	1 serving~85|1 package~709
2035101	B	31	29,1.18,0,4.71,0,1.18,0,0,2.4,0,.85,24,,24.7	2/3 cup~85|1 package~1135
2309960	B	55	51,1.18,1.18,11.8,1,8.24,0,0,3.5,0,0,0,54,,0	2/3 cup~85|1 package~340
2035095	B	31	35,1.18,0,4.71,24,2.35,0,0,2.4,0,0,24,,35.3	2/3 cup~85|1 package~908
2035104	B	31	29,2.35,0,5.88,29,2.35,0,0,3.5,0,.42,24,,31.8	.6 cup~85|1 package~908
2035089	B	31	82,3.53,0,20,24,2.35,0,0,2.4,0,0,0,,2.8	2/3 cup~85|1 package~1135
2035097	B	31	29,1.18,0,7.06,12,3.53,0,7,1.2,0,.42,24,,2.8	2/3 cup~85|1 package~1135
2035096	B	31	29,1.18,0,5.88,12,3.53,0,0,1.2,0,.42,24,,31.8	2/3 cup~85|1 package~907
2038362	B	55	82,1.18,1.18,20,1,15.3,0,0,4.7,0,.42,24,,4.2	2/3 cup~85|1 package~1135
2038353	B	55	59,1.18,0,15.3,0,11.8,0,0,3.5,0,1.27,24,,70.6	2/3 cup~85|1 package~1135
2035088	B	20	24,1.18,0,5.88,0,2.35,0,0,3.5,0,.85,47,,7.1	2/3 cup~85|1 package~907
2169631	B	20	51,0,0,12.9,1,9.41,0,0,1.2,0,.35,13,111,,0	2/3 cup~85|1 package~340
2169640	B	20	46,1.18,1.18,10.6,1,9.41,0,0,2.4,0,.6,11,124,,0	2/3 cup~85|1 package~340
2116576	B	31	24,2.35,0,4.71,0,1.18,0,0,1.2,0,1.27,0,,2.8	2/3 cup~85|1 package~1135
2035091	B	31	47,1.18,0,10.6,47,2.35,0,0,2.4,0,.85,24,,7.1	2/3 cup~85|1 package~1135
2035112	B	31	71,11.8,.59,17.6,24,16.5,0,0,2.4,0,.85,24,,2.8	2/3 cup~85|1 package~1135
2169641	B	55	51,1.18,0,11.8,2,10.6,0,0,2.4,0,.18,12,156,,0	2/3 cup~85|1 package~340
2112523	B	0	600,16.7,43.3,33.3,0,20,3.33,0,10,0,3.6,0,,0	¼ cup~30|1 package~113
2095302	B	12	464,21.4,17.9,53.6,571,0,12.5,54,0,0,2.57,357,,0	10 pieces~28|1 package~99
2081036	B	29	464,21.4,17.9,53.6,571,0,12.5,54,0,0,2.57,357,,0	10 pieces~28|1 package~99
2080795	B	22	300,2.5,0,72.5,0,32.5,0,0,7.5,0,0,0,,0	4½ rings~40|1 package~128
2131688	B	12	469,9.38,21.9,56.2,109,25,7.81,0,6.2,0,3.12,94,456,,0	2 pieces /~32|1 package~128
2080797	B	4	500,6.67,26.7,66.7,183,30,15,67,3.3,0,0,0,,0	12 cookies~30|1 package~113
2081038	B	4	467,6.67,20,63.3,350,30,8.33,17,3.3,0,0,0,,0	6 waffles~30|1 package~86
2286539	B	4	467,3.33,20,73.3,333,46.7,16.7,0,3.3,0,1.2,67,,0	8 pieces~30|1 package~170
2080798	B	0	467,13.3,26.7,53.3,0,43.3,5,0,3.3,0,9,0,,0	1/3 cup~30|1 package~113
2081037	B	0	567,6.67,30,56.7,567,0,5,0,13.3,0,1.2,0,,0	½ cup~30|1 package~113
2080794	B	0	567,6.67,30,56.7,567,0,5,0,13.3,0,1.2,0,,0	½ cup~30|1 package~113
2286566	B	0	533,13.3,40,36.7,633,13.3,8.33,17,3.3,0,4.8,67,,0	¼ cup~30|1 package~113
2112839	B	5	464,10.7,17.9,67.9,1290,3.57,0,0,3.6,0,2.57,0,,0	1 cup~28|1 package~85
2112634	B	22	325,5,0,72.5,0,52.5,0,0,5,0,4.5,50,,15	4 pieces~40|1 package~102
2272949	B	4	500,3.33,20,66.7,500,30,13.3,67,0,0,1.2,0,,0	11 cookies~30|1 package~142
2320436	B	117	20,0,0,5,23,4.33,0,0,0,0,0,16,223,,0	1 can~300
2061322	B	102	54,10.9,0,0,163,0,0,0,0,0,0,0,,0	3 tbsp~46|1 package~454
2437538	B	36	107,20.5,1.79,.89,152,0,0,152,0,,1.61,54	1 serving~112|1 package~908
2441182	B	36	107,20.5,1.79,.89,152,0,0,152,0,,1.61,54	1 serving~112|1 package~908
2456492	B	36	107,20.5,1.79,.89,152,0,0,152,0,,1.61,54	1 serving~112|1 package~908
1956884	B	14	382,10.9,4.55,78.2,45,27.3,0,0,7.3,0,4.91,182,,0	½ cup~55|1 package~170
2170330	B	14	448,8.62,13.8,72.4,121,25.9,1.72,0,6.9,0,334,34,241,,0	2/3 cup~58|1 package~312
2170332	B	14	444,7.94,12.7,73,119,23.8,1.59,0,6.3,0,25.4,32,238,,0	2/3 cup~63|1 package~312
2166685	B	14	462,9.62,17.3,69.2,38,23.1,5.77,0,7.7,0,3.27,38,308,,0	½ cup~52|1 package~312
2170331	B	14	453,7.81,17.2,70.3,125,25,1.56,0,6.2,0,2.34,47,234,,0	2/3 cup~64|1 package~312
1972931	B	14	400,10.9,4.55,80,0,29.1,0,0,7.3,0,3.27,73,,2.2	2/3 cup~55|1 package~170
2165047	B	14	436,9.09,12.7,72.7,109,27.3,.91,0,5.5,0,2.62,36,,0	2/3 cup~55|1 package~170
1880421	B	0	333,4.76,9.52,76.2,0,47.6,4.76,0,11.9,0,3.43,95,,0	1 serving~42|1 package~550
1864855	B	73	286,0,0,71.4,214,71.4	1 tsp~7|1 package~340
1903810	B	44	66,.73,0,15.3,4,11.7,0,0,.7,0,.26,0,,4.4	½ cup~137|1 package~425
2016357	B	42	230,0,0,65,0,60	1 tbsp~20
2016360	B	42	230,0,0,65,0,60	1 tbsp~20
467663	B	49	527,11.1,40.3,14.6,17,,2.97,0,8.9,0,3.89,81,446,4.9,,,,,,,,.378,,108	2 tbsp~37
467664	B	49	557,11.1,44.9,12.7,17,,3.24,0,7.3,0,4.38,81,503,4.9,,,,,,,,.432,,119	2 tbsp~37
2016361	B	42	230,0,0,65,0,60	1 tbsp~20
2016353	B	42	230,0,0,65,0,60	1 tbsp~20
2016358	B	42	230,0,0,65,0,60	1 tbsp~20
2178460	B	84	333,0,0,85.7,0,71.4	1 tbsp~21|1 package~1250
2169935	B	84	333,0,0,85.7,0,71.4	1 tbsp~21|1 package~1250
2172728	B	84	333,0,0,85.7,0,71.4	1 tbsp~21|1 package~1250
2564468	B	84	333,0,0,81,0,66.7	1 tbsp~21|1 package~454
2296617	B	84	333,0,0,85.7,0,61.9	1 tbsp~21|1 package~454
2147992	B	84	333,0,0,85.7,0,71.4	1 tbsp~21|1 package~907
2545444	B	84	333,0,0,85.7,0,71.4	1 tbsp~21|1 package~907
2430887	B	84	310,0,0,81,0,76.2,0,0,0,0,0,0,0,,0	1 tbsp~21|1 package~1361
2147983	B	84	333,0,0,85.7,0,76.2	1 tbsp~21|1 package~454
1931997	B	84	286,0,0,81,0,76.2	1 tbsp~21|1 package~340
1952354	B	84	300,0,0,80,0,80	1 packet~10|1 package~440
2148001	B	84	333,0,0,85.7,0,71.4	1 tbsp~21|1 package~454
2453654	B	84	286,0,0,81,0,76.2	1 tbsp~21|1 package~1134
2172724	B	84	333,0,0,85.7,0,71.4	1 tbsp~21|1 package~1250
2131746	B	84	357,0,0,85.7,0,71.4	1 packet~14|1 package~280
2166920	B	12	429,14.3,10.7,71.4,464,0,2.86,0,7.1,0,2.57,0,,0	½ cup~14|1 package~140
1951773	B	42	200,0,0,55,25,50,,,,,1.8,100	1 tbsp~20|1 package~284
1951728	B	42	200,0,0,55,25,55,,,,,1.8,100,,18	1 tbsp~20|1 package~284
1953571	B	60	267,0,0,70,0,63.3	2 tbsp~30|1 package~355
1943400	B	49	531,18.8,37.5,37.5,219,25,6.25,,6.2,,1.88,,500	2 tbsp~32|1 package~454
2172725	B	84	333,0,0,85.7,0,71.4	1 tbsp~21|1 package~1250
2628682	B	0	429,7.14,21.4,50,321,0,0,0,7.1,0,2.57,0,,0,,,,0	½ cup~14|1 package~56
2454331	B	84	286,0,0,81,0,76.2	1 tbsp~21|1 package~454
2150340	B	84	333,0,0,85.7,0,71.4	1 tbsp~21|1 package~1250
2178242	B	84	333,0,0,85.7,0,71.4	1 tbsp~21|1 package~1250
1899603	B	41	828,0,92,0,0,0,5.52,0,0,1.36,,,,,,57,28	1 cda.) / (~15.4|1 package~1000
1914462	B	41	828,0,92,0,0,0,91.6,0,0,1.36,,,,,,1.82,3.64,,,,,,,,,,,,,,,,195	1 cda.) / (~15.4|1 package~1000
1929377	B	104	350,20,0,65,20,15,0,0,5,0,0,0,,0	1 serving~20|1 package~113
1921476	B	28	143,23.8,3.57,2.38,786,2.38,1.19,65,0,0,.86,0,,0	1 serving~84|1 package~170
2426102	B	55	64,1.43,.71,15,0,14.3,0,0,2.1,0,.16,11,169,36.4,0,,,,,,,.121	1 cup~140|1 package~454
2383200	B	55	43,1.43,.71,11.4,0,6.43,0,0,4.3,0,.5,19,136,29.3,0,,,,,,,.043	1 cup~140|1 package~2000
2383199	B	55	29,.71,0,7.86,0,5,0,0,2.1,0,.41,16,154,59.3,0,,,,,,,.05	1 cup~140|1 package~907
1997476	B	23	467,0,46.7,13.3,767,13.3,8.33,50,0,0,0,0,67,,0	2 tbsp~30|1 package~354
2401790	B	51	4,0,0,.82,249,.41,0,0,.1,0,0,0,0,,0,0,0	1 cup~245|1 package~907
2742803	B	164	97,23,.54,0,35,.05,.16,47.3,0,.1,.18,0,,0,,.26,.25,0	100 gram~100
2548267	B	26	244,13.3,16.7,11.1,422,0,3.33,44,1.1,0,.4,0,,0,,5,7.78	5 pieces~90|1 package~340
2548277	B	83	238,13.1,16.7,10.7,417,0,3.57,48,1.2,0,.43,0,,0,,5.36,7.14	1 piece~84|1 package~340
2548258	B	26	107,19,1.79,1.19,417,1.19,0,54,0,0,.43,0,,0,,.6,0	1 piece~84|1 package~340
2548259	B	77	107,19,1.79,1.19,417,1.19,0,54,0,0,.43,0,,0,,.6,0	1 serving~84|1 package~340
2617909	B	26	107,19,1.79,1.19,417,1.19,0,54,0,0,.43,0,,0,,.6,0,0	1 serving~84|1 package~1130
2548284	B	64	533,33.3,46.7,0,1670,,16.7,100,,0,2.4	1 pan fried slice~15|1 package~1021
2548294	B	131	214,17.9,8.33,16.7,631,0,1.19,48,0,0,.86,0,,0,,1.79,4.17	1 serving~84|1 package~227
2548295	B	26	233,17.8,11.1,16.7,667,0,2.22,44,1.1,0,.8,0,,0,,3.33,5	5 pieces~90|1 package~227
2548293	B	131	119,23.8,2.38,1.19,548,0,.6,77,0,0,.43,0,,0,,.6,0	1 serving~84|1 package~227
1664481	B	131	179,17,12.5,0,58,0,3.57,116,0,0,.32,0,,0,,6.25,2.23	1 serving~112
2617908	B	26	238,16.7,10.7,19,714,3.57,1.79,42,0,0,.86,0,,0,,2.98,4.17,0	1 serving~84|1 package~340
494278	B	106	98,24.1,.89,0,31,0,0,62,0,0,0,0,,0,,0,0	1 serving~112
2617907	B	26	228,15.2,12.7,11.4,304,0,2.53,32,3.8,0,1.37,0,,0,,3.8,6.33,0	4 pieces~79|1 package~340
1865699	B	22	405,5.41,1.35,86.5,0,32.4,0,0,16.2,0,2.7,122,1100,32.4,0	1 bag~37
2044692	B	22	550,5,30,60,0,45,20,0,5,0,1.8,0,,0	29 pieces~20|1 package~113
1853869	B	0	550,5,30,65,0,45,17.5,0,5,0,3.6,0,,60	52 pieces~20|1 package~79
1883144	B	22	500,5,25,70,0,50,15,0,5,0,1.8,0,,0	40 pieces~20|1 package~85
2438451	B	22	350,10,0,80,0,60,0,0,10,,0,0,,0	1 serving~10|1 package~34
2267378	B	5	400,13.3,5.56,77.8,0,20,0,0,13.3,0,0,0,1010,31.1,0	1 bag~45
2178170	B	13	351,5.26,8.77,66.7,140,33.3,0,0,5.3,0,1.75,37,240,,0	1 package~57|1 package~567
2679363	B	13	350,5,6.25,67.5,188,32.5,0,0,7.5,0,0,22,182,,0	1 bar~40|1 package~240
1994390	B	13	350,5,6.25,67.5,188,32.5,0,0,7.5,0,0,22,182,,0	1 bar~40|1 package~800
2172560	B	4	389,5.56,13.9,61.1,333,27.8,2.78,0,8.3,0,2.78,133,306,,0	1 bar~36|1 package~216
2679354	B	13	351,5.26,8.77,66.7,140,33.3,0,0,5.3,0,36.8,2,232,,0	1 package~57|1 package~340
2654052	B	4	357,7.14,8.93,67.9,143,35.7,0,0,7.1,0,0,25,239,,0	1 package~28|1 package~567
2679365	B	13	368,3.51,8.77,66.7,123,33.3,0,0,5.3,0,1.75,61,223,,0	1 package~57|1 package~340
2656152	B	9	357,7.14,8.93,64.3,161,35.7,0,0,7.1,0,1.29,0,,0,,,,0	1 bar~28|1 package~57
1938863	B	9	389,5.56,11.1,66.7,250,33.3,2.78,0,5.6,0,2,0,,0	1 bar~18|1 package~37
2196249	B	13	350,5,6.25,67.5,188,32.5,0,0,7.5,0,0,25,192,,0	1 bar~40|1 package~240
2172559	B	4	389,5.56,13.9,61.1,333,27.8,4.17,0,8.3,0,2.78,133,331,,0	1 bar~36|1 package~216
1966329	B	9	389,5.56,11.1,66.7,194,33.3,2.78,0,5.6,0,2,0,,0	1 bar~18|1 package~221
2588850	B	1	378,6.67,11.1,66.7,222,28.9,2.22,0,8.9,0,2.22,49,347,,4	1 package~45
1916386	B	9	321,7.14,8.93,64.3,161,32.1,0,0,7.1,,2.57,0,,0	1 serving~28|1 package~680
2289066	B	9	321,7.14,8.93,60.7,161,32.1,0,0,7.1,0,2.57,0,,0	1 serving~28|1 package~56.6
2032413	B	9	321,7.14,8.93,64.3,161,32.1,0,0,7.1,0,2.57,0,,0	1 serving~28
1866245	B	9	321,7.14,8.93,60.7,161,32.1,0,0,7.1,0,2.57,0,,0	1 serving~28|1 package~340
2679361	B	13	393,3.57,8.93,71.4,161,35.7,0,0,7.1,0,1.29,0,,0,,,,0	1 bar~28|1 package~57
2679353	B	4	393,3.57,8.93,71.4,161,35.7,0,0,7.1,0,1.29,0,,0,,,,0	1 bar~28|1 package~57
1965148	B	4	357,3.57,8.93,71.4,143,35.7,0,0,3.6,0,1.29,71,,0	1 bar~28|1 package~680
2314980	B	4	393,3.57,8.93,71.4,161,35.7,0,0,7.1,0,1.29,0,,0	1 bar~28|1 package~57
1965139	B	4	393,3.57,8.93,71.4,161,35.7,0,0,7.1,0,1.29,0,,0	1 bar~28|1 package~57
1965147	B	13	357,3.57,8.93,71.4,143,35.7,0,0,3.6,0,1.29,71,,0	1 bar~28|1 package~680
2679343	B	13	393,3.57,8.93,71.4,161,35.7,0,0,7.1,0,1.29,0,,0,,,,0	1 bar~28|1 package~57
1965144	B	4	393,3.57,8.93,71.4,161,35.7,0,0,7.1,0,1.29,0,,0	1 bar~28|1 package~680
1851469	B	13	393,3.57,7.14,71.4,196,35.7,0,0,3.6,,3.86,71,,0	1 serving~28|1 package~56.6
1965146	B	4	357,3.57,8.93,71.4,143,35.7,0,0,3.6,0,1.29,71,,0	1 bar~28|1 package~680
1868699	B	13	368,3.51,10.5,66.7,123,33.3,.88,0,5.3,0,1.75,65,240,,0	1 package~57|1 package~340
1893145	B	13	351,3.51,8.77,64.9,132,33.3,0,0,5.3,0,1.75,67,239,,0	1 package~57|1 package~340
1930017	B	13	333,5.56,5.56,66.7,111,33.3,0,0,5.6,0,2,0,,0	1 bar~18|1 package~221
2656154	B	13	333,5.56,5.56,66.7,111,33.3,0,0,5.6,0,2,0,,0,,,,0	1 bar~18|1 package~221
2138288	B	13	333,5.56,5.56,66.7,111,33.3,0,0,5.6,0,2,0,,0	1 bar~18|1 package~221
2032471	B	13	351,5.26,8.77,66.7,140,33.3,0,0,5.3,0,1.75,37,232,,0	1 package~57|1 package~340
2656155	B	9	389,5.56,11.1,66.7,250,33.3,2.78,0,5.6,0,2,0,,0,,,,0	1 bar~18|1 package~221
2656153	B	13	333,5.56,5.56,66.7,111,33.3,0,0,5.6,0,2,0,,0,,,,0	1 bar~18|1 package~37
1965137	B	13	333,5.56,5.56,66.7,111,33.3,0,0,5.6,0,2,0,,0	1 bar~18|1 package~37
2679368	B	13	351,5.26,8.77,64.9,140,33.3,0,0,7,0,42.1,2,249,,0	1 package~57|1 package~340
1964781	B	13	351,5.26,8.77,66.7,140,33.3,0,0,5.3,0,1.75,37,230,,0	1 package~57|1 package~340
1893144	B	13	351,5.26,7.89,66.7,105,36.8,0,0,5.3,0,36.8,2,244,,0	1 package~57|1 package~340
2679367	B	13	351,5.26,8.77,66.7,140,33.3,0,0,5.3,0,1.75,37,228,,0	1 package~57|1 package~340
2679364	B	13	368,3.51,8.77,66.7,123,33.3,0,0,5.3,0,1.75,61,219,,0	1 package~57|1 package~340
1922704	B	13	321,7.14,8.93,60.7,125,32.1,0,0,7.1,,2.57,0,,0	1 serving~28|1 package~1021
1867260	B	13	393,7.14,8.93,71.4,125,35.7,0,0,7.1,,2.57,0,,0	1 serving~28|1 package~56.6
1941002	B	13	321,7.14,8.93,60.7,125,32.1,0,0,7.1,,1.29,0,,0	1 serving~28|1 package~680
1937396	B	13	393,7.14,8.93,71.4,125,35.7,0,0,7.1,,2.57,0,,0	1 serving~28
1893146	B	4	393,7.14,8.93,71.4,125,35.7,0,0,7.1,,2.57,0,,0	1 serving~28
2679366	B	4	351,5.26,8.77,66.7,140,33.3,0,0,5.3,0,1.75,37,237,,0	1 package~57|1 package~340
2679369	B	13	350,5,6.25,67.5,212,32.5,0,0,7.5,0,0,25,182,,0	1 bar~40|1 package~240
2151103	B	22	321,3.57,0,78.6,161,67.9,0,0,3.6,0,2.57,0,714,12.9	1 pouch~28
1958302	B	22	294,5.88,0,76.5,176,64.7,0,0,5.9,0,2.12,0,706,14.1	1 pouch~17|1 package~85
2404239	B	20	24,2.35,0,3.53,88,1.18,0,0,2.4,0,2.35,94,459,,0	2 cup /~85|1 package~454
2548444	B	106	205,17,15.2,0,71,0,4.46,71,0,0,1.29,0,,,.175	1 serving~112|1 package~453
2552027	B	106	143,21.4,6.25,.89,76,0,.89,54,0,0,.96,0,125,,.175	1 serving~112|1 package~453
2552029	B	106	143,21.4,6.25,0,76,0,.89,54,0,0,.96,0,125,,.175	1 patty~112|1 package~453
2552026	B	106	107,23.2,.89,0,49,0,0,62,0,0,.96,0,188,,0	1 serving~112|1 package~453
2600541	B	81	367,3.33,0,80,33,0,0,0,3.3,0,1,33,167,,0	¼ cup~30|1 package~454
2667865	B	14	600,13.3,43.3,40,267,20,11.7,0,10,0,3,133,600,,0	¼ cup~30|1 package~227
2407186	B	16	357,12.5,1.79,75,0,3.57,0,0,3.6,0,1.79,18,214,,0	1 serving~56|1 package~454
2419330	B	10	46,0,0,11.7,12,11.7,,,,,,,100,25	8 fl oz~240|1 package~1890
2404224	B	20	29,2.35,0,3.53,76,0,0,0,2.4,0,2.35,94,553,,0	2 cup /~85|1 package~454
2404155	B	22	533,3.33,30,56.7,0,36.7,26.7,0,3.3,0,0,0,0,,0	17 pieces~30|1 package~156
2641877	B	51	4,.42,0,.83,250,.42,0,0,0,0,0,12,4,,0	1 cup~240|1 package~907
2600537	B	5	500,7.14,25,64.3,304,0,1.79,0,7.1,0,2.14,0,143,,0,21.4,1.79	8 chips~28|1 package~212
2404217	B	67	343,22.9,0,62.9,0,2.86,0,0,14.3,0,5.71,114,1490,,0	¼ cup~35|1 package~454
2419331	B	10	83,.83,0,20.8,12,20.8,,,,,,,112,1.7	8 fl oz~240|1 package~946
2611613	B	45	85,5.38,0,15.4,81,.77,0,0,3.8,0,1.23,38,362,,0	½ cup~130|1 package~425
2274711	B	90	500,16.7,30,43.3,0,0,3.33,0,33.3,0,9,500,233,,0	3 tbsp~30|1 package~269
2600551	B	25	4,0,0,1.13,11,0,,,,,,,73	12 fl oz~355|1 package~1420
1918122	B	38	244,2.22,3.89,48.9,333,10,1.11,0,2.2,0,.8,0,,0	2 pancakes~90|1 package~360
2629855	B	5	500,7.14,21.4,67.9,411,3.57,1.79,0,7.1,0,1.79,107,71,,0,17.9,1.79	13 chips~28|1 package~226
2611602	B	26	165,4.71,8.24,16.5,365,2.35,1.18,0,4.7,0,1.29,47,294,,0	8 pieces~85|1 package~340
2641850	B	61	378,6.67,3.33,75.6,0,2.22,0,0,4.4,0,1.33,0,244,,0	1 serving~45|1 package~907
2590068	B	23	333,3.33,33.3,6.67,833,3.33,3.33,0,0,0,0,0,0,,0	2 tbsp~30|1 package~266
2629872	B	45	77,5.38,0,14.6,92,.77,0,0,6.2,0,1.92,54,338,,0	½ cup~130|1 package~425
2629885	B	21	150,1.43,10,15,264,.71,1.43,0,2.1,0,.36,43,86,,0	1 cup~140|1 package~340
2629884	B	21	71,1.43,2.14,11.4,221,2.14,0,0,2.1,0,.36,29,229,,0	1 cup~140|1 package~340
2629883	B	21	171,3.57,10,19.3,321,1.43,1.79,4,2.1,0,.5,50,236,,0	1 cup~140|1 package~340
2611603	B	21	169,2.94,.74,37.5,390,1.47,0,0,8.1,0,.59,7,154,,0	1 cup~136|1 package~340
2611601	B	26	141,3.53,7.06,16.5,341,2.35,1.18,0,2.4,0,.71,24,212,,0	8 pieces~85|1 package~340
2641855	B	38	438,6.25,18.8,62.5,1250,3.12,7.81,0,0,0,.94,94,188,,0	1 serving~32|1 package~322
2497109	B	63	321,11.5,10.3,43.6,821,3.85,5.77,26,0,0,1.85,128,0,,0	1 container~78
2402038	B	63	310,12.7,9.86,46.5,761,4.23,4.93,21,1.4,0,1.83,141,42,,0	1 serving~71|1 package~170
2367822	B	51	17,3.75,0,0,40,0,0,2,0,0,0,4,62,,0	1 cup~240|1 package~907
2641876	B	51	0,.42,0,0,56,.42,0,0,0,0,0,12,4,,0	1 cup~240|1 package~907
2497182	B	15	33,0,0,6.67,400,3.33,0,0,0,0,0,0,0,,0	2 tbsp~30|1 package~453
2667862	B	38	364,4.55,6.82,81.8,386,50,4.55,0,0,0,2.27,45,91,,0	2 tbsp~22|1 package~525
2611599	B	38	372,14,3.49,69.8,977,16.3,1.16,12,2.3,0,.93,465,395,,0	1 serving~43|1 package~454
2552040	B	72	42,.42,1.04,7.5,54,6.67,0,0,0,0,.21,188,67,,2.08,,,,,,,,,,,,,,,,,,3	1 cup~240|1 package~1890
2378057	B	22	71,0,0,18.6,9,15.9,0,0,.9,0,0,9,71,,0	4 oz cup~113|1 package~680
2654235	B	38	372,2.33,0,88.4,244,53.5,0,0,2.3,0,.7,140,93,,0	1 serving~43|1 package~516
2654237	B	27	118,17.6,3.68,1.47,794,1.47,.74,88,0,0,1.03,15,250,,0	1 link~68|1 package~340
2672588	B	52	207,0,11.2,27.6,4,19,9.48,0,.9,0,0,0,0,,0	2/3 cup~116|1 package~414
2641858	B	52	216,0,11.2,28.4,13,19.8,9.48,0,.9,0,0,0,0,,0	2/3 cup~116|1 package~414
1966603	B	13	475,15,27.5,47.5,0,35,3.75,0,5,0,1.8,0,350,,0	1 bar~40
2590058	B	0	433,10,23.3,53.3,0,36.7,3.33,0,6.7,0,3.6,0,233,,0	¼ cup~30|1 package~269
2408171	B	49	594,25,50,21.9,0,6.25,7.81,0,9.4,0,1.12,0,438,,0	2 tbsp~32|1 package~454
2533806	B	43	41,1.22,2.04,4.49,233,2.04,1.02,4,.8,0,0,29,20,,.05	1 cup~245|1 package~680
2667864	B	52	85,1.41,0,18.3,7,15.5,0,0,1.4,0,.85,28,141,,0	1 bar~71|1 package~300
2629869	B	45	77,5.38,0,14.6,85,.77,0,0,3.8,0,1.62,38,323,,0	½ cup~130|1 package~425
2433947	B	0	600,16.7,53.3,23.3,233,3.33,6.67,0,6.7,0,3.6,67,467,,0	¼ cup~30|1 package~255
2373499	B	19	0,0,0,0,2300	1 tsp~5|1 package~340
2450321	B	36	71,15.2,.89,0,62,0,0,134,0,0,.18,71,241,,0	1 serving~112|1 package~680
2153992	B	41	800,0,93.3,0,0,,13.3	1 tbsp~15|1 package~502
2407179	B	16	357,12.5,1.79,75,0,3.57,0,0,3.6,0,1.79,18,214,,0	1 serving~56|1 package~340
2271074	B	51	4,0,0,.82,249,.41,0,0,.4,0,0,4,4,,0	1 cup~245|1 package~907
2590087	B	23	643,0,50,42.9,929,14.3,21.4,0,0,0,1.43,0,286,,0	2 tbsp~7|1 package~170
1945101	B	12	433,10,20,53.3,0,36.7,3.33,0,6.7,0,3.6,0,233,,0	¼ cup~30|1 package~269
2135298	B	13	475,15,32.5,42.5,0,30,3.75,0,7.5,0,4.5,150,,,0	1 bar~40
2611614	B	45	85,4.62,1.15,13.8,88,2.31,0,0,3.1,0,.92,23,162,,0	½ cup~130|1 package~425
2611594	B	103	357,8.93,1.79,76.8,1210,1.79,0,0,1.8,0,.89,18,232,,0	1 serving~56|1 package~173
2407175	B	16	357,7.14,2.68,76.8,0,0,.89,0,1.8,0,.71,0,143,,0	1 serving~56|1 package~340
2407183	B	16	357,7.14,2.68,76.8,0,0,.89,0,1.8,0,.71,0,143,,0	1 serving~56|1 package~340
2407177	B	16	357,7.14,2.68,76.8,0,0,.89,0,1.8,0,.71,0,143,,0	1 serving~56|1 package~340
2407176	B	16	357,7.14,2.68,76.8,0,0,.89,0,1.8,0,.71,0,143,,0	1 serving~56|1 package~340
2611622	B	31	82,5.45,1.36,13.6,309,6.36,0,0,5.5,0,1.73,91,164,,0	¾ cup~110|1 package~340
2590069	B	23	467,0,50,6.67,833,3.33,5,0,0,0,0,0,0,,0	2 tbsp~30|1 package~266
2611625	B	31	76,1.9,4.76,7.62,143,2.86,.48,0,2.9,0,.67,38,162,,0	¾ cup~105|1 package~340
2658008	B	67	343,25.7,0,62.9,0,2.86,0,0,11.4,0,6.57,29,686,,0	¼ cup dry~35|1 package~454
2404210	B	67	343,22.9,0,62.9,14,8.57,0,0,25.7,0,5.71,29,829,,0	¼ cup~35|1 package~454
2124506	B	106	107,23.2,1.34,.89,45,0,0,62,0,0,.64,0,,0	1 serving~112|1 package~454
2156445	B	24	0,0,0,0,0	12 fl oz~360|1 package~710
2160808	B	64	161,21.4,8.93,3.57,750,3.57,1.79,71,,0,,,571	1 slice~28|1 package~227
2611598	B	38	372,14,2.33,72.1,1000,14,0,12,2.3,0,.93,488,372,,0	¼ cup~43|1 package~454
2590066	B	38	368,5.26,0,81.6,632,26.3,0,0,2.6,0,.79,26,105,,0	3 tbsp dry mix~38|1 package~454
2402449	B	5	393,10.7,5.36,82.1,536,10.7,0,0,3.6,0,1.43,36	1 serving~28|1 package~227
2552039	B	32	64,2.4,2.4,6.4,424,3.2,0,0,1.6,0,.8,37,258,,0	½ cup~125|1 package~678
2419360	B	18	17,0,0,4.17,12,3.75,,,,,,,4	8 fl oz~240|1 package~1890
2407187	B	16	357,12.5,1.79,75,0,3.57,0,0,3.6,0,1.79,18,214,,0	1 serving~56|1 package~454
2404212	B	61	378,6.67,3.33,75.6,0,0,0,0,4.4,0,2.22,0,244,,0,0,0	¼ cup~45|1 package~907
2404218	B	61	356,6.67,0,80,0,0,0,0,2.2,0,4.44,22,111,,0,0,0	¼ cup~45|1 package~907
2388727	B	0	552,6.9,34.5,55.2,276,0,3.45,0,10.3,0,1.72,0,207,,0	3¾ cup~29|1 package~127
2138733	B	3	90,0,0,21.4,6,21.4,0,0,0,0,0,0,45,,0	1 bar~89|1 package~532
2419297	B	18	42,0,0,10,12,10,,,,,,,12	8 fl oz~240|1 package~1890
2375667	B	60	333,0,0,90,0,,0,0,0,0,0,133,0,,0	2 tbsp~30|1 package~354
2448472	B	32	56,1.6,1.2,9.6,264,5.6,0,0,1.6,0,.64,24,400,,0	½ cup~125|1 package~680
2404160	B	22	275,2.5,0,72.5,0,65,0,0,7.5,0,.9,50,525,,0	2 pieces~40|1 package~283
2600543	B	2	393,21.4,32.1,3.57,607,0,17.9,89,0,0,.36,714,71,,1	¼ cup~28|1 package~170
2611620	B	31	142,4.42,8.85,11.5,274,3.54,2.65,9,1.8,0,1.06,88,106,,0	1 cup~113|1 package~340
2404073	B	15	33,0,0,6.67,333,3.33,0,0,0,0,0,0,233,,0	1 serving~30|1 package~453
2122562	B	12	357,14.3,0,85.7,0,14.3,0,0,0,0,0,0,429,,0	5 cakes /~7|1 package~40
2658012	B	31	59,2.35,0,12.9,47,3.53,0,0,3.5,0,.82,24,200,,0	2/3 cup~85|1 package~283
2600544	B	2	286,21.4,17.9,7.14,643,3.57,10.7,54,0,0,.36,679,179,,0	¼ cup~28|1 package~170
2600547	B	2	286,0,21.4,21.4,1140,0,17.9,0,0,0,0,0,36,,0	¼ cup~28|1 package~198
2171916	B	5	500,7.14,25,64.3,714,3.57,3.57,0,3.6,0,2.5,143,107,,0	1 serving~28|1 package~198
2654230	B	14	417,8.33,11.7,70,200,23.3,1.67,0,6.7,0,3.17,50,283,,0	½ cup~60|1 package~312
2123294	B	10	46,.83,0,11.7,4,9.58,,,,,0,8,196,30	8 fl oz~240|1 package~1745
2497107	B	39	42,3.33,1.04,5,44,5,.62,4,0,0,0,104,117,,.625	1 cup~240|1 package~3780
1977940	B	84	286,0,0,81,0,81,0,0,0,0,0,0,0,,0	1 tbsp~21|1 package~454
2497099	B	39	50,3.33,2.08,5,48,5,1.25,8,0,0,0,83,117,,.625	1 cup~240|1 package~3780
2404234	B	20	25,2.82,0,3.52,88,.7,0,0,2.1,0,2.82,92,458,,0	1 package~142
2404253	B	20	32,2.82,.7,3.52,28,2.11,0,0,1.4,0,1.41,162,366,,0	1 package~142
2404243	B	20	63,4.23,1.06,8.45,39,2.11,0,0,3.5,0,1.41,148,493,,0	1 package~142
2404258	B	20	28,2.82,.35,3.52,77,.7,0,0,2.1,0,2.82,99,556,,0	1 package~142
2472194	B	20	25,2.11,0,3.52,99,.7,0,0,2.1,0,2.82,85,352,,.275	1 package~142
2497157	B	20	41,1.18,0,9.41,71,4.71,0,0,2.4,0,.35,35,318,,0	1 serving~85|1 package~907
2139795	B	51	4,.82,0,.41,216,.41,0,0,0,0,0,4,4,,0	1 cup~245|1 package~907
2450324	B	55	71,1.43,.36,15.7,0,10.7,0,0,5,0,.79,29,143,,0	1 cup~140|1 package~340
2450345	B	55	57,.71,.71,12.1,0,8.57,0,0,2.9,0,.21,7,57,,0	1 cup~140|1 package~340
2641871	B	31	24,2.35,0,4.71,24,1.18,0,0,2.4,0,.71,47,200,,0	¾ cup~85|1 package~283
2641865	B	31	29,3.53,0,4.71,29,1.18,0,0,2.4,0,.82,47,329,,0	1 cup~85|1 package~1810
2611628	B	31	32,1.05,0,6.32,0,4.21,0,0,2.1,0,.21,32,274,,0	¾ cup~95|1 package~340
2404495	B	20	38,1.28,0,8.97,77,6.41,0,0,2.6,0,.51,26,321,,0	1 carrot~78|1 package~454
2641870	B	31	24,2.35,0,4.71,24,2.35,0,0,2.4,0,.59,24,188,,0	¾ cup~85|1 package~283
2139771	B	51	4,.41,0,.41,57,.41,0,0,0,0,0,4,4,,0	1 cup~245|1 package~907
2611597	B	16	345,23.6,5.45,50.9,0,1.82,0,0,9.1,0,4.73,36,909,,0	1 serving~55|1 package~249
2611596	B	16	345,23.6,5.45,50.9,0,1.82,0,0,9.1,0,4.73,36,909,,0	1 serving~55|1 package~249
2611595	B	16	345,23.6,5.45,50.9,0,1.82,0,0,9.1,0,4.73,36,909,,0	1 serving~55|1 package~249
2145791	B	80	203,6.25,10.2,21.9,305,16.4,3.12,12,2.3,0,.84,78,219,,0	1 bowl~128
2629862	B	31	41,2.35,0,7.06,0,2.35,0,0,2.4,0,.82,47,188,,0	¾ cup~85|1 package~283
2397058	B	31	24,3.53,0,3.53,82,0,0,0,2.4,0,2.71,94,318,,0	2/3 cup~85|1 package~283
2654145	B	47	21,.83,0,4.17,183,2.5,0,0,.8,0,0,25,75,,0	½ cup~120|1 package~411
2450875	B	22	325,0,0,85,0,72.5,0,0,7.5,0,0,0,0,,0	1/3 cup~40|1 package~255
2404161	B	22	300,5,2.5,75,0,,0,0,7.5,0,0,0,700,,0	1 serving~40|1 package~128
2139816	B	51	2,.41,0,.41,229,.41,0,0,0,0,0,4,4,,0	1 cup~245|1 package~907
2497100	B	39	33,3.33,0,5,44,5,0,2,0,0,0,104,117,,.625	1 cup~240|1 package~3780
2600542	B	102	136,13.6,10.2,2.27,91,0,3.41,364,0,0,2.05,45,136,,2	1 egg~44|1 package~264
2629871	B	67	69,4.62,0,12.3,85,.77,0,0,3.8,0,1.08,69,277,,0	½ cup~130|1 package~425
2404211	B	67	343,25.7,1.86,62.9,0,2.86,0,0,11.4,0,5.71,29,686,,0	¼ cup~35|1 package~454
2654166	B	75	133,3.33,11.7,3.33,33,3.33,6.67,33,0,0,0,100,0,,0	2 tbsp~30|1 package~946
2171915	B	0	483,6.9,17.2,72.4,483,34.5,0,0,6.9,0,1.72,0,138,,0	1 2/3 cup~29|1 package~198
2419302	B	18	54,0,0,13.3,12,13.3,,,,,,,12	8 fl oz~240|1 package~1890
2448584	B	51	4,.41,0,.41,57,.41,0,0,0,0,0,4,4,,0	1 cup~245|1 package~1360
2407181	B	16	357,12.5,1.79,75,0,3.57,0,0,3.6,0,1.79,18,214,,0	1 serving~56|1 package~454
2450331	B	55	64,.71,.36,15,0,13.6,0,0,1.4,0,.14,14,171,,0	1 serving~140|1 package~340
2497156	B	20	41,1.18,0,9.41,71,4.71,0,0,2.4,0,.35,35,318,,0	1 serving~85|1 package~283
2641869	B	31	59,3.53,0,10.6,88,4.71,0,0,3.5,0,.94,24,188,,0	¾ cup~85|1 package~283
2590054	B	0	700,10,73.3,13.3,0,3.33,6.67,0,10,0,2.4,0,233,,0	¼ cup~30|1 package~198
2497155	B	20	41,1.18,0,9.41,71,4.71,0,0,2.4,0,.35,35,318,,0	1 serving~85|1 package~340
2590052	B	0	633,10,60,20,67,0,10,0,10,0,3.6,0,467,,0	¼ cup~30|1 package~113
2404154	B	22	250,2.5,0,62.5,0,37.5,0,0,7.5,0,.9,0,,,0	5 pieces~40|1 package~311
2611605	B	62	571,0,64.3,0,571,,25,,,0	1 tbsp~14|1 package~368
2629860	B	62	571,0,64.3,0,571,,32.1,,,0	1 tbsp~14|1 package~227
2113155	B	5	357,7.14,3.57,75,464,10.7,.71,0,3.6,0,1.43,36,179,,0	13 sticks /~28|1 package~227
2113156	B	5	357,10.7,5.36,71.4,750,3.57,.71,0,3.6,0,1.79,36,179,,0	13 sticks /~28|1 package~227
2590051	B	0	567,16.7,43.3,30,0,6.67,8.33,0,3.3,0,6,0,467,,0	¼ cup~30|1 package~255
2433939	B	0	700,10,73.3,13.3,0,3.33,6.67,0,10,0,2.4,0,233,,0	¼ cup~30|1 package~198
2590057	B	0	567,30,50,13.3,0,0,8.33,0,6.7,0,9,0,,,0	¼ cup~30|1 package~283
2590050	B	0	667,16.7,66.7,13.3,0,3.33,6.67,0,6.7,0,3.6,67,233,,0	¼ cup~30|1 package~198
2590056	B	0	600,20,50,20,0,3.33,5,0,10,0,4.8,0,467,,0	¼ cup~30|1 package~269
2404213	B	67	371,22.9,2.86,62.9,0,2.86,0,0,11.4,0,8.57,57,657,,0,0,0	¼ cup~35|1 package~454
2404216	B	90	378,13.3,5.56,64.4,0,2.22,0,0,6.7,0,4.44,44,556,,0,2.22,1.11	¼ cup~45|1 package~454
2450330	B	55	57,1.43,.71,12.1,0,4.29,0,0,6.4,0,.71,29,150,,0	1 serving~140|1 package~340
2600533	B	20	18,1.18,0,3.53,6,1.18,0,0,2.4,0,.94,35,247,,0	2 cup~85
2450336	B	55	43,.71,0,9.29,0,6.43,0,0,1.4,0,.29,7,193,,0	1 cup~140|1 package~340
2404235	B	20	32,2.82,.35,3.52,53,1.41,0,0,2.1,0,2.11,127,465,,0	1 package~142
2145792	B	7	188,9.38,12.5,11.7,250,7.81,3.52,20,2.3,0,1.41,156,,2.8	1 bowl~128
2404240	B	20	21,2.11,0,3.52,106,.7,0,0,1.4,0,2.82,92,352,,0	1 package~142
2404159	B	22	300,2.5,0,80,0,60,0,0,2.5,0,1.8,0,525,,0	¼ cup~40|1 package~311
2641880	B	41	867,0,100,0,0,,80,0,0,0,0,0,0,,0	1 tbsp~15|1 package~858
2533807	B	89	45,1.63,1.02,7.76,188,2.04,.2,0,2,0,.61,24,163,,0	1 cup~245|1 package~680
2388728	B	0	516,9.68,29,51.6,677,3.23,4.84,16,9.7,0,1.61,129,323,,0	3 cup~31|1 package~113
2402034	B	63	321,11.5,10.3,43.6,833,3.85,5.77,26,0,0,1.85,128,0,,0	1 serving~78
2404215	B	90	378,13.3,5.56,64.4,0,2.22,0,0,6.7,0,4.44,44,556,,0,2.22,1.11	¼ cup~45|1 package~907
2497158	B	37	56,1.6,.8,9.6,160,4,0,0,1.6,0,.24,0	½ cup~125|1 package~432
2497096	B	39	62,3.33,3.33,5,44,5,2.08,10,0,0,0,117,133,,1.3	1 cup~240|1 package~1890
2450320	B	55	36,.71,0,9.29,0,4.29,0,0,2.1,0,.79,14,150,,0	1 cup~140|1 package~907
2407180	B	16	321,12.5,2.68,71.4,0,3.57,0,0,10.7,0,3.57,36,429,,0	1 serving~56|1 package~454
2407185	B	16	321,12.5,2.68,71.4,0,3.57,0,0,10.7,0,3.57,36,429,,0	1 serving~56|1 package~454
2611627	B	31	18,1.18,0,3.53,0,1.18,0,0,1.2,0,.47,12,188,,0	¾ cup~85|1 package~340
2632306	B	64	125,19.6,3.57,1.79,768,1.79,.89,89,0,0,1.07,18,232,,0	2 links~56|1 package~227
2552030	B	0	367,10,8.33,66.7,933,0,3.33,0,13.3,0,2,33,233,,.675	2 tbsp~30|1 package~510
2552042	B	72	25,.42,1.04,3.33,54,2.92,0,0,0,0,.17,188,67,,2.08,,,,,,,,,,,,,,,,,,3	1 cup~240|1 package~1890
2041403	B	0	394,9.09,9.09,66.7,939,0,3.03,0,12.1,0,2.18,0,,0	2 tbsp~33|1 package~255
2600550	B	25	4,0,0,1.13,11,0,,,,,,,73	12 fl oz~355|1 package~1420
2450328	B	36	83,17.9,.6,0,369,0,0,155,0,0,0,60,71,,0	1 serving~84|1 package~680
2450338	B	36	71,15.2,.89,0,62,0,0,134,0,0,.18,71,241,,0	1 serving~112|1 package~680
2450322	B	36	83,17.9,.6,0,369,0,0,155,0,0,0,60,71,,0	1 serving~84|1 package~680
2450325	B	36	83,17.9,.6,0,369,0,0,155,0,0,0,60,71,,0	1 serving~84|1 package~680
2641881	B	21	114,2.86,1.79,23.6,114,2.86,0,0,2.9,0,.71,21,307,,0	1 cup~140|1 package~340
2629882	B	21	164,2.86,10,17.1,236,1.43,1.43,0,2.9,0,.86,29,286,,0	1 cup~140|1 package~340
2450335	B	55	57,.71,0,12.9,0,10,0,0,1.4,0,.29,14,107,,0	1 cup~140|1 package~340
2404157	B	22	275,2.5,17.9,72.5,0,62.5,0,0,7.5,0,.9,0,525	6 pieces~40|1 package~255
2552038	B	32	72,4,2.8,6.4,368,3.2,.4,0,1.6,0,.8,47,220,,0	½ cup~125|1 package~678
2611621	B	31	57,1.9,2.86,5.71,286,2.86,0,0,1.9,0,.48,19,133,,0	1 cup~105|1 package~340
2600546	B	2	333,23.8,28.6,4.76,857,0,16.7,71,0,0,.48,762,143,,0	1 slice~21|1 package~170
2590075	B	84	286,0,0,81,0,81,0,0,0,0,0,0,0,,0	1 tbsp~21|1 package~340
2667869	B	5	500,3.57,28.6,57.1,750,3.57,1.79,0,0,0,.71,71,750,,0	60 straws~28|1 package~397
2272318	B	18	46,0,0,11.7,12,10.4,,,,,,,12,25	8 fl oz~240|1 package~1890
2654250	B	67	371,22.9,2.86,62.9,0,2.86,0,0,11.4,0,7.43,57,657,,0	¼ cup dry~35|1 package~454
2641848	B	90	378,11.1,4.44,68.9,0,0,0,0,8.9,0,4.22,0,578,,0	¼ cup dry~45|1 package~454
2611626	B	31	95,2.86,6.67,4.76,267,1.9,2.38,10,1.9,0,.48,67,105,,0	1 cup~105|1 package~340
2448470	B	32	56,1.6,1.2,9.6,264,5.6,0,0,1.6,0,.56,24,408,,0	½ cup~125|1 package~680
2590053	B	0	567,16.7,46.7,33.3,167,6.67,8.33,0,3.3,0,6,0,467,,0	¼ cup~30|1 package~255
2590055	B	0	567,16.7,46.7,33.3,0,6.67,8.33,0,3.3,0,6,0,467,,0	¼ cup~30|1 package~255
2407184	B	16	357,12.5,1.79,75,0,3.57,0,0,3.6,0,1.79,18,214,,0	1 serving~56|1 package~454
2611623	B	21	48,2.86,1.9,6.67,124,4.76,.48,5,1,0,.48,38,324,,0	¾ cup~105|1 package~340
2404082	B	49	594,21.9,53.1,21.9,312,6.25,4.69,0,9.4,0,3.38,188,438,,0	2 tbsp~32|1 package~340
2404076	B	49	594,21.9,53.1,21.9,312,6.25,4.69,0,9.4,0,3.38,188,438,,0	2 tbsp~32|1 package~340
2497104	B	62	714,0,85.7,7.14,643,7.14,50,214,,0	1 tbsp~14|1 package~454
2388729	B	0	517,10.3,31,58.6,552,0,3.45,0,10.3,0,2.76,34,241,,0	3¾ cup~29|1 package~124
2667868	B	5	500,3.57,32.1,53.6,750,3.57,1.79,0,0,0,.71,36,714,,0	60 straws~28|1 package~397
2629870	B	45	92,5.38,.77,16.2,231,.77,0,0,3.8,0,1.38,46,385,,0	½ cup~130|1 package~425
2611612	B	2	286,0,21.4,21.4,1140,0,21.4,0,0,0,0,0,0,,0	¼ cup~28|1 package~198
2600548	B	2	300,0,22.5,20,1150,0,20,0,0,0,0,0,0,,0	1 slice~20|1 package~198
2600549	B	2	300,0,25,20,950,0,20,0,0,0,0,0,0,,0	1 serving~20|1 package~198
2407098	B	100	213,23.2,13,0,315,0,1.85,37,0,0,1.33,19,194,,0	1 can, drained~108
2407099	B	100	102,23.2,1.39,0,315,0,0,37,0,0,1.33,19,194,,0	1 can, drained~108
2407182	B	16	357,12.5,1.79,75,0,3.57,0,0,3.6,0,1.79,18,214,,0	1 serving~56|1 package~454
2407178	B	16	321,12.5,2.68,71.4,0,3.57,0,0,10.7,0,3.57,36,429,,0	1 serving~56|1 package~454
2641843	B	27	118,19.1,4.41,1.47,750,1.47,1.47,88,0,0,1.03,15,279,,0	1 link~68|1 package~340
2189496	B	106	125,20.5,4.46,.89,473,.89,2.23,49,0,0,.96,36,,1.1	1 burger~112|1 package~454
2641844	B	27	118,17.6,4.41,1.47,809,1.47,1.47,88,0,0,.88,29,250,,0	1 link~68|1 package~340
2404246	B	20	28,2.82,.35,3.52,49,1.41,0,0,2.1,0,2.11,120,444,,0	1 package~142
2404228	B	20	35,3.52,0,4.93,155,1.41,0,0,2.1,0,7.75,134,408,,0	1 package~142
2611624	B	31	71,1.77,5.31,6.19,84,3.54,.88,0,1.8,0,.53,27,159,,0	1 cup~113|1 package~340
2373498	B	50	100,0,0,0,1200	1 tsp~5|1 package~340
2450323	B	55	57,.71,.36,12.1,0,7.14,0,0,4.3,0,.57,21,121,,0	1 cup~140|1 package~907
2641857	B	52	190,0,9.48,27.6,4,19.8,7.76,0,.9,0,0,0,0,,0	2/3 cup~116|1 package~414
2419322	B	10	42,0,0,10.4,12,10.4,,,,,,,12	8 fl oz~240|1 package~1890
2543627	B	7	205,8.97,17.3,5.13,365,1.28,3.85,16,1.3,0,1.15,128,,2.3	1 bowl~156
2641845	B	27	143,17.9,3.57,7.14,607,7.14,.89,80,0,0,.71,18,250,,0	2 links~56|1 package~227
2658014	B	31	82,4.71,0,14.1,106,4.71,0,0,4.7,0,1.53,24,153,,0	2/3 cup~85|1 package~1810
2629886	B	21	157,5.71,7.14,16.4,386,3.57,2.86,7,2.9,0,1.14,57,157,,0	1 cup~140|1 package~340
2600536	B	5	500,7.14,25,64.3,357,3.57,1.79,0,7.1,0,1.43,0,36,,0,21.4,1.79	10 chips~28|1 package~212
2611600	B	38	395,9.3,9.3,69.8,1020,20.9,5.81,35,4.7,0,3.49,302,372,,0	¼ cup dry mix~43|1 package~454
2611604	B	16	221,3.68,.74,50,485,1.47,0,0,1.5,0,.96,15,176,,0	1 cup~136|1 package~340
2419359	B	10	58,0,0,14.6,12,14.6,,,,,,,238	8 fl oz~240|1 package~946
2641846	B	27	132,19.1,4.41,2.94,794,1.47,1.47,88,0,0,1.18,44,338,,0	1 links~68|1 package~340
2448469	B	32	56,1.6,1.6,8,392,4.8,0,0,1.6,0,.8,32,416,,0	½ cup~125|1 package~680
2497103	B	47	32,1.59,0,6.35,333,3.17,0,0,1.6,0,0,0,302,,0	¼ cup~63|1 package~425
2450318	B	55	57,.71,0,12.1,0,9.29,0,0,1.4,0,.43,14,143,,0	1 cup~140|1 package~340
2448897	B	27	155,14.3,16.7,1.19,750,0,5.95,54,0,0,.86,24,,0	1 serving~84|1 package~340
2070543	B	64	115,19.2,3.85,0,769,0,0,58,0,0,1.38,0,,0	1 slice~26
2497105	B	62	714,0,85.7,7.14,0,7.14,50,214,,0	1 tbsp~14|1 package~454
2378060	B	22	44,0,0,10.6,9,9.73,0,0,.9,0,0,9,97,,0	4 oz cup~113|1 package~680
2552041	B	72	12,.42,1.04,.42,54,0,0,0,0,0,.21,188,67,,2.08,,,,,,,,,,,,,,,,,,3	1 cup~240|1 package~1890
2289200	B	72	12,.42,1.25,.83,75,.42,0,0,.4,0,.3,188,79,0,1.05,.83,.21,,,,.014,,,7,17,,.12	1 cup~240|1 package~1890
2590100	B	25	4,0,0,1.13,11,0,,,,,,,73	12 fl oz~355|1 package~1420
2130237	B	14	400,7.27,12.7,63.6,100,20,.91,0,5.5,0,1.96,36,,0	½ cup~55|1 package~369
2552043	B	72	33,.42,1.04,5.83,54,5.42,0,0,0,0,.17,188,67,,2.08,,,,,,,,,,,,,,,,,,3	1 cup~240|1 package~1890
2046903	B	24	0,0,0,0,0	12 fl oz~360|1 package~1000
2641878	B	51	4,0,0,1.25,233,1.25,0,0,0,0,0,4,12,,0	1 cup~240|1 package~907
2548442	B	63	324,12.7,9.86,46.5,761,4.23,4.93,28,1.4,0,1.97,141,42,,0	1 cup~71|1 package~170
2600545	B	2	381,23.8,33.3,4.76,643,0,19,95,0,0,0,714,95,,0	1 slice~21|1 package~170
2413967	B	6	250,3.85,6.73,50,481,5.77,0,0,5.8,0,.58,38,77,,0	2 slices~52|1 package~340
2641851	B	61	378,6.67,0,80,0,2.22,0,0,2.2,0,.67,67,178,,0	¼ cup~45|1 package~907
2658009	B	90	378,13.3,5.56,64.4,0,2.22,0,0,6.7,0,4.67,44,556,,0	¼ cup dry~45|1 package~907
2413968	B	85	231,1.92,5.77,46.2,423,3.85,0,0,5.8,0,.58,19,58,,0	2 slices~52|1 package~340
2600532	B	5	500,7.14,21.4,67.9,411,0,1.79,0,7.1,0,1.79,107,71,,0,17.9,1.79	13 chips~28|1 package~226
2658013	B	31	82,3.53,.59,21.2,0,2.35,0,0,2.4,0,.47,0,212,,0	½ cup~85|1 package~283
2667845	B	19	0,0,0,0,1100	1 tsp~5|1 package~340
2433946	B	90	533,16.7,43.3,30,0,0,3.33,0,26.7,0,6,200,700,,0	2 tbsp~30|1 package~340
2061255	B	36	106,21.2,1.18,0,188,0,0,147,0,0,2.12,47,,2.8	1 serving~85|1 package~454
2640708	B	36	106,21.2,1.18,0,188,0,0,147,0,0,2.12,47,,2.8,,,,42	1 serving~85|1 package~907
2490944	B	59	344,82,1.64,0,557,0,.82,8,0,0,1.77,984,1230,49.2,,,,,16.4,1,1.39,1.64,328,328,820,4.92,12.3,4.1,2,1.64,57,65.6	2 scoopfuls~61|1 package~454
2397056	B	7	17,1.67,0,3.33,1500,0,0,0,3.3,0,0,0,0,,0	¼ cup~30|1 package~720
2460332	B	36	121,15.2,6.25,0,143,0,1.34,55,0,.09,.27,8,306,,.275	1 serving~112|1 package~454
2442243	B	26	119,17,5.08,0,68,0,.85,55,0,,.92,34,,1	1 serving~118|1 package~907
2061254	B	36	106,21.2,1.18,0,188,0,0,147,0,0,2.12,47,,2.8	1 serving~85
1935773	B	147	73,16,0,0,58,0,0,50,0,0,1.44,20,,0	1 serving~100|1 package~907
2487095	B	36	80,16.1,.89,0,429,0,0,148,0,0,.89,65,63,,.725	1 serving~112|1 package~907
2609064	B	78	80,16.1,.89,0,429,0,0,148,0,0,.89,65,63,,1	1 serving~112
2460122	B	36	90,18.6,1.33,0,73,0,.18,67,0,0,.35,48,250,,1.43	1 serving~113|1 package~454
2486274	B	36	80,16.1,.89,2.68,143,0,.18,138,0,0,.89,65,63,,.725	1 serving~112|1 package~907
2384296	B	36	80,16.1,.89,0,143,0,0,112,0,0,1.61,36,0,,0	1 serving~112|1 package~1361
2460969	B	36	114,25.9,1.18,0,91,0,0,194,0,0,.35,96,113,,.35	1 serving~85|1 package~908
2593628	B	36	80,16.1,.89,0,143,0,.18,138,0,0,.89,65,63,,1	1 serving~112|1 package~907
2486533	B	36	80,16.1,.89,2.68,143,0,.18,138,0,0,.89,65,63,,.725	1 serving~112|1 package~907
517161	B	36	71,23.8,0,0,208,,0,131,0,,2.14,24,,1.4	1 serving~84
2441034	B	36	81,11.5,1.77,3.54,160,.88,0,110,0,,.96,71,,2.7	1 serving~113|1 package~454
2424740	B	36	21,4.41,.88,0,13,0,0,33,0,0,.59,2,0,,0	1 serving~454|1 package~907
2061253	B	36	118,24.7,1.76,0,106,0,0,59,0,,.42,24,,0	1 serving~85|1 package~1814
2464815	B	36	81,17.7,.88,0,53,0,.18,43,0,0,.18,8,235,,.525	1 serving~113|1 package~454
2485422	B	36	96,18.6,.88,0,75,0,.18,42,0,0,.18,28,188,,1.25	1 serving~113|1 package~907
2061252	B	36	120,20.4,3.54,0,50,0,0,30,0,0,.64,18,,0	1 serving~113|1 package~454
1876584	B	25	46,0,0,12.1,17,11.7,,,,,.3,,,30	8 fl oz~240|1 package~1890
1874722	B	10	50,0,0,12.5,15,12.5,,,,,,,100,25	8 fl oz~240|1 package~1890
1877986	B	10	46,0,0,11.7,15,11.7,,,,,,,,25	8 fl oz~240|1 package~1890
1873479	B	10	46,0,0,11.7,15,11.7,,,,,,,,25	8 fl oz~240|1 package~1890
1874726	B	10	46,0,0,11.7,15,11.7,,,,,,,,25	8 fl oz~240|1 package~1890
1874724	B	10	50,0,0,12.1,15,12.1,,,,,.3,,,30	8 fl oz~240|1 package~1890
2316598	B	90	600,20,46.7,26.7,0,0,3.33,0,20,0,4.8,267,0,0,,6.67,33.3,,,,,3.33	2 tbsp~15|1 package~425
1601769	B	20	74,2.03,0,17.6,0,.68,0,0,1.4,0,.73,14,419,18.2,,,,,1.08,0,.023,.135,16,16,41,,.2,,,.054	1 serving~148
1918706	B	8	500,0,33.3,66.7,0,50,16.7,0,0,0,5,33,333,,0,,,,,,,,,,,,,,,,,,50	1 piece~6|1 package~180
718698	B	104	212,1.25,21.2,6.25,11,5,18.8,0,0,0,0,0,198,,0	1/3 cup~80
719056	B	72	83,0,6.67,6.67,100,3.33,6.67,0,0,0,.43,2,79,,0	2 tbsp~30
1026847	B	44	27,0,0,5.36,321,0,0,0,0,0,.18,57,73,,0	1 serving~56
2677325	B	72	375,0,12.5,65,75,60,12.5,0,0,0,0,0,100,0,,,,0	8 tsp~40|1 package~320
1944388	B	82	94,3.53,0,17.6,53,15.3,0,0,1.2,0,.85,94,,0	1 pouch~85|1 package~340
1895915	B	82	71,3.53,1.76,10.6,59,7.06,1.18,6,0,0,0,294,,0,2.35	1 pouch~85|1 package~340
1907955	B	82	106,4.71,2.94,15.3,47,11.8,1.76,12,0,0,0,94,,1.4	1 pouch~85|1 package~340
2016766	B	82	106,2.35,2.94,18.8,53,15.3,1.76,12,0,0,0,94,,1.4	1 pouch~85|1 package~340
2008765	B	14	358,5.66,1.89,83,340,37.7,0,0,7.5,0,8.49,0,321,0,1.88,0,.94,,9.43,1,.802,.943,,75,189,2.83,7.08,,,.302	1 cup~53|1 package~448
2008766	B	14	373,8.47,2.54,76.3,576,33.9,0,0,10.2,0,15.2,34,644,0,1.7,0,1.69,,8.48,1,.72,.847,,136,424,2.54,6.36,,,.508	1 cup~59|1 package~567
2244392	B	0	500,7.14,32.1,46.4,3210,3.57,16.1,0,7.1,0,3.57,54,318,,0	1/3 bag~28|1 package~255
2244390	B	0	536,7.14,35.7,42.9,2210,0,17.9,0,7.1,0,3.57,61,189	1/3 bag~28|1 package~255
2244388	B	0	536,7.14,39.3,46.4,1140,3.57,17.9,0,10.7,0,3.57,64,250	1/3 bag~28|1 package~255
2475432	B	6	193,5.26,.88,38.6,351,1.75,0,0,1.8,0,2.28,95,56,,0,,,,3.51,0,.351,,87	1 muffin~57|1 package~340
2054075	B	6	263,9.21,2.63,43.4,487,6.58,0,0,3.9,0,2.37,79,,0,,,,,3.95,0,.179,,53	2 slices~76|1 package~680
2487767	B	6	193,5.26,.88,38.6,368,1.75,0,0,1.8,0,2.28,74,56,,0,,,,3.51,0,.351,,87	1 muffin~57|1 package~340
1949916	B	6	267,8.89,3.33,44.4,444,2.22,0,0,2.2,0,2.22,113,80,,0,,,,,0,.889	1 slice~45|1 package~567
1950265	B	6	250,11.5,2.88,44.2,538,1.92,0,0,1.9,0,1.92,92,117,,0,,,,,0,.962	2 slices~52|1 package~567
1954593	B	6	250,11.5,2.88,44.2,538,1.92,0,0,1.9,0,1.92,92,117,,0,,,,,0,.962	2 slices~52|1 package~567
2088962	B	6	237,9.21,3.29,40.8,474,5.26,0,0,6.6,0,2.37,79,,0,,,,,2.63,0,.089,,21	2 slices~76|1 package~680
1920815	B	28	214,25,12.5,0,1860,0,5.36,71,0,0,1.29,0,,0	1 serving~28|1 package~113
1900098	B	28	107,19.6,1.79,8.93,768,7.14,0,27,0,0,.64,36,,2.1	1 serving~56|1 package~113
1882332	B	117	18,0,0,4.55,8,4.55,0,0,0,0,0,12,140,30.9,,,,,,,,,,8,15	1 serving~330|1 package~1050
2617011	B	102	159,13.6,9.09,2.27,125,,3.41,432,,0,1.64,45,,0,,,,123	1 eggs~44|1 package~539
2429368	B	30	667,0,50,33.3,0,0,0,0,33.3,0,0,200,1100,,0	1½ tsp~3|1 package~227
2429126	B	30	333,55.6,2.78,27.8,1220,0,0,0,0,0,16.7,0,0,,0	2 tbsp~18|1 package~227
1925832	B	30	389,61.1,5.56,22.2,278,5.56,0,0,22.2,0,0,0,,0	2 tbsp~18|1 package~181
2436812	B	68	133,3.33,5.83,16.7,433,.83,.83,0,3.3,0,.83,11,58,,0	½ cup~120|1 package~241
2106513	B	61	372,11.6,3.49,79.1,0,2.33,0,0,4.7,0,1.67,0,,0	¼ cup~43|1 package~397
2602213	B	121	29,1.67,0,5.83,29,.83,0,0,0,0,0,0,0,,0	½ cup~120|1 package~241
2602212	B	121	21,1.67,0,4.17,25,1.67,0,0,1.7,0,0,19,259,,0	½ cup~120|1 package~241
2602210	B	16	356,13.3,2.22,71.1,0,2.22,0,0,4.4,0,2.22,33,198,,0	1/3 cup dry~45|1 package~680
2602209	B	103	356,8.89,2.22,77.8,0,2.22,0,0,2.2,0,0,18,169,,0	¼ cup dry~45|1 package~709
2602211	B	61	356,8.89,2.22,75.6,0,0,0,0,4.4,0,2.22,22,244,,0	¼ cup dry~45|1 package~709
2106509	B	90	500,15.6,31.2,43.8,16,0,3.12,0,37.5,0,11.2,625,,15	3 tbsp~32|1 package~340
2082892	B	13	375,7.5,17.5,57.5,50,25,2.5,0,17.5,0,3.6,375,275,0,,7.5,7.5,,,0,,.15,100,120,825,,2.62,,2,1,32	1 bar~40
2106522	B	103	364,7.27,0,76.4,582,1.82,0,0,3.6,0,.65,0,,32.7	¼ cup~55|1 package~147
2020470	B	90	325,20,2.5,65,0,2.5,0,0,10,0,3.6,50,,0	¼ cup~40|1 package~397
2018292	B	90	364,13.6,5.68,63.6,477,2.27,0,0,6.8,0,8.18,45,,40.9	¼ cup~44|1 package~136
2671133	B	90	395,16.3,5.81,55.8,535,0,0,0,7,0,8.37,0,,5.6,,,,42	1 serving~43|1 package~136
2641093	B	98	100,2.86,1.79,18.6,157,2.14,.36,0,2.1,0,.77,29,,3.4,,,,321	1 cup~140|1 package~283
2019251	B	67	349,20.9,3.49,60.5,349,4.65,0,0,18.6,0,6.28,140,,14	¼ cup~43|1 package~170
1970418	B	68	150,5,2.92,26.7,250,0,0,0,2.5,0,.83,37,1,,0	½ cup~120|1 package~241
2671151	B	103	378,15.6,2.22,77.8,644,2.22,0,0,11.1,0,6,44,,2.7,,,,0	¼ cup~45|1 package~136
2393401	B	68	92,5.38,1.54,15.4,100,2.31,0,0,3.1,0,1.08,38,177,,0	½ cup~130|1 package~283
2018260	B	90	395,16.3,5.81,55.8,535,2.33,0,0,7,0,8.37,0,,11.2	¼ cup~43|1 package~136
2602208	B	81	643,14.3,57.1,21.4,0,7.14,21.4,0,14.3,0,2.86,0,0,,0	2 tbsp~14|1 package~454
2670102	B	90	531,34.4,43.8,6.25,0,3.12,3.12,0,3.1,0,16.9,62,,0,,,,0	3 tbsp~32|1 package~227
1978147	B	61	356,8.89,2.22,77.8,0,2.22,0,0,2.2,0,0,18,169,,0	¼ cup~45|1 package~709
2145708	B	30	369,10.8,9.23,64.6,31,20,3.08,0,15.4,0,3.08,49,360,,0	1 cup~65|1 package~312
2019842	B	90	390,22,3.66,63.4,610,2.44,0,0,14.6,0,6.59,49,,14.6	¼ cup~41|1 package~136
2671132	B	90	395,16.3,5.81,55.8,535,0,0,0,7,0,8.37,0,,2.8,,,,42	1 serving~43|1 package~136
2636682	B	90	370,14,6,64,4,2,0,0,6,0,7.56,160,,0,,,,0	1 serving~50|1 package~397
2665461	B	90	333,13.3,3.33,64.4,0,0,0,0,6.7,0,2.4,0,,0,,,,0	1 serving~45|1 package~397
2438349	B	90	469,15.6,31.2,40.6,16,0,3.12,0,34.4,0,6.25,622,400,,0	3 tbsp~32|1 package~1360
1925837	B	90	533,16.7,33.3,46.7,17,0,3.33,0,40,0,12,667,,16	3 tbsp~30|1 package~340
2665496	B	90	333,16.7,2.08,64.6,42,2.08,0,0,6.2,0,3.38,125,,0,,,,0	1 serving~48|1 package~340
2671130	B	90	395,16.3,2.33,81.4,0,0,0,0,11.6,0,5.02,47,,0,,,,0	1 serving~43|1 package~397
2602207	B	90	150,5,2.92,26.7,250,0,0,0,2.5,0,.83,37,1,,0	½ cup~120|1 package~241
2507193	B	90	348,15.2,2.17,69.6,0,8.7,0,0,8.7,0,3.91,43,,0	¼ cup~46|1 package~397
2507194	B	67	361,25,1.39,61.1,0,2.78,0,0,19.4,0,5.56,0,992,,0	1 serving~36|1 package~340
1925831	B	90	233,10,16.7,16.7,0,0,0,0,13.3,0,3.6,67,,0	3 tbsp~30|1 package~283
2671129	B	90	372,14,5.81,62.8,0,4.65,0,0,7,0,4.65,0,556,,0	1 serving~43|1 package~340
2636683	B	90	372,9.3,4.65,72.1,5,0,0,0,7,0,.42,256,,0,,,,21	¼ cup~43|1 package~340
2436774	B	90	367,12.2,4.08,69.4,0,2.04,0,0,8.2,0,4.08,0,406,,0	¼ cup~49|1 package~340
2665497	B	16	372,14,2.33,72.1,0,2.33,0,0,7,0,4.19,47,,0,,,,0	1 serving~43|1 package~340
2435651	B	81	433,13.3,20,56.7,100,0,10,0,13.3,0,8.33,70,213,,0	1/3 cup~30|1 package~454
2285620	B	16	360,12.8,5.81,67.4,0,0,0,0,7,0,8.37,0,,2.8	¼ cup~43|1 package~500
2106594	B	90	360,14,5.81,67.4,0,0,0,0,7,0,8.37,0,,2.8	¼ cup~43|1 package~680
2670099	B	30	444,61.1,11.1,22.2,139,5.56,5.56,0,16.7,0,0,0,,0,,,,0	2 tbsp~18|1 package~181
2636684	B	68	175,5,4.17,29.2,417,0,0,0,3.3,0,1.67,17,189,,0	½ cup~120|1 package~241
2012288	B	16	360,12.8,5.81,67.4,0,0,0,0,7,0,8.37,0,,2.8	¼ cup~43|1 package~500
2075992	B	16	357,7.14,1.79,80.4,0,5.36,0,0,1.8,0,.64,0,,0	2/3 cup~56|1 package~1000
2641090	B	16	351,7.02,1.75,75.4,0,7.02,0,0,3.5,0,1.58,18,,0,,,,0	1 serving~57|1 package~340
2013661	B	90	500,15.6,31.2,43.8,16,0,3.12,0,37.5,0,11.2,625,,15	2 tbsp~32|1 package~340
2665499	B	68	175,5.83,5,25.8,417,0,.83,0,2.5,0,2.5,21,224,,0	½ cup~120|1 package~241
2665463	B	61	356,8.89,0,82.2,0,0,0,0,4.4,0,2.4,0,222,0,,,,0	1 serving~45|1 package~340
2641091	B	90	349,14,1.16,74.4,0,0,0,0,14,0,3.35,47,,0,,,,0	¼ cup~43|1 package~397
2436813	B	68	150,3.33,5,23.3,417,0,.83,0,3.3,0,1.67,17,97,,0	½ cup~120|1 package~241
2018259	B	90	395,16.3,5.81,55.8,395,2.33,0,0,7,0,8.37,0,,8.4	¼ cup~43|1 package~136
2145693	B	30	354,10.8,7.69,58.5,31,13.8,3.08,0,13.8,0,3.08,40,317,,0	1 cup~65|1 package~312
2665462	B	90	383,12.8,3.19,74.5,0,2.13,0,0,10.6,0,11.5,128,,0,,,,0	¼ cup~47|1 package~397
2671167	B	98	107,3.57,2.14,17.9,157,1.43,.36,0,2.1,0,.77,29,,3.4,,,,26	1 cup~140|1 package~283
2671131	B	90	356,11.1,3.33,73.3,0,2.22,0,0,4.4,0,2.4,44,,0,,,,0	¼ cup~45|1 package~340
2058138	B	90	467,20,26.7,46.7,417,0,5,0,16.7,0,9,300,667,8,,5,16.7,,8,0,.227,,,213,733,,6,,3,1.33,2	2 tbsp~30|1 package~340
2014077	B	90	360,14,5.81,67.4,0,0,0,0,7,0,5.02,0,,2.8	¼ cup~43|1 package~340
2051578	B	0	571,21.4,50,21.4,0,3.57,3.57,0,10.7,0,3.86,286,,0	1 serving~28|1 package~227
2043495	B	0	588,23.5,47.1,23.5,0,5.88,2.94,0,11.8,0,4.24,235,,0	1 serving~17|1 package~170
2544287	B	0	635,14.1,63.5,16.5,0,4.71,5.88,0,7.1,0,3.06,146,527,,0,28.2,25.9,,,0,.471,,,184,,,4.71,,3,1.18,,,9	1 bag~42.5|1 package~425
2166280	B	0	500,14.3,25,53.6,500,7.14,3.57,0,3.6,0,3.57,82,371,,0,10.7,7.14	1 serving~28|1 package~241
2090412	B	0	500,10.7,32.1,46.4,89,32.1,3.57,0,7.1,0,2.57,71,,4.3	1 serving~28|1 package~340
2476109	B	22	500,3.57,25,67.9,0,17.9,25,0,10.7,0,3.57,54,96,,3.58	1 serving~28|1 package~425
2120792	B	0	679,7.14,67.9,17.9,54,10.7,7.14,0,7.1,0,2.57,71,,0	1 serving~28|1 package~340
2543429	B	0	429,7.14,17.9,64.3,0,46.4,0,0,7.1,0,1.29,71,,0	1 serving~28|1 package~255
2043499	B	0	429,7.14,17.9,57.1,0,46.4,0,0,7.1,0,1.29,71,,0	1 serving~28
2095201	B	0	614,24.6,59.6,8.77,0,1.75,3.51,0,7,0,3.16,70,526,2.1	1 package~57
2115289	B	81	571,21.4,50,21.4,0,3.57,3.57,0,10.7,0,3.86,286,714,0,,32.1,12.5,,,,,,,286,536,,,,2,1.07	1 serving~28|1 package~907
2551036	B	0	607,21.4,53.6,17.9,18,3.57,3.57,0,10.7,0,3.57,239,668,,0	¼ cup~28|1 package~340
2427284	B	0	571,21.4,50,21.4,0,3.57,3.57,0,14.3,0,3.57,271,743,,0,32.1,12.5,,,,1.07,,,,486,,,,,,,,25	1 serving~28|1 package~227
2423133	B	0	643,14.3,67.9,10.7,0,3.57,16.1,0,7.1,0,2.5,143,643,,0,,,,,1,,,,,,,,,,,1920	1 serving~28|1 package~255
2130571	B	0	679,14.3,67.9,10.7,0,3.57,16.1,0,7.1,0,2.57,143,,0	1 serving~28|1 package~198
2395656	B	0	571,17.9,42.9,32.1,536,7.14,7.14,0,3.6,0,6.07,71,643,,0	1 serving~28|1 package~170
2058245	B	22	286,3.57,0,67.9,0,50,0,0,10.7,0,2.57,143,,0	1 serving~28|1 package~198
2123574	B	0	571,17.9,46.4,28.6,339,7.14,8.93,0,3.6,0,6.43,71,,0,,25,8.93,,,,,,,286,536,,5.36,,,2.14,,28.6	1 serving~28|1 package~170
1946030	B	0	571,17.9,42.9,32.1,714,7.14,7.14,0,3.6,0,6.43,71,,0,,,,,,,,,,286,536,,5.36,,,2.14,,28.6	1 serving~28|1 package~170
2120179	B	22	357,0,0,85.7,179,64.3,0,0,3.6,0,1.29,71,,0	1 serving~28|1 package~227
2275541	B	22	357,0,0,85.7,125,67.9,0,0,3.6,,0,61,4,,0	1 serving~28|1 package~326
2195811	B	0	464,14.3,28.6,46.4,232,32.1,5.36,0,3.6,0,3.57,86,646,,0,14.3,7.14	1 serving~28|1 package~425
2095203	B	0	719,1.75,75.4,14,0,5.26,12.3,0,8.8,0,3.16,70,368,2.1	1 package~57
2652156	B	0	679,14.3,64.3,14.3,0,3.57,5.36,0,7.1,0,2.86,100,446,,0	1 serving~28|1 package~340
2117659	B	0	464,14.3,32.1,42.9,36,28.6,3.57,0,7.1,0,3.86,71,,0	1 serving~28|1 package~284
2538994	B	0	464,14.3,32.1,42.9,36,28.6,3.57,0,7.1,0,4.29,36,643,,.35	1 serving~28|1 package~255
2119182	B	1	357,0,0,92.9,54,82.1,0,0,3.6,0,1.29,71,,4.3	1 serving~28|1 package~227
2543273	B	22	357,0,0,89.3,54,78.6,0,0,3.6,0,0,129,4,,0	1 serving~28|1 package~340
2051580	B	0	607,17.9,57.1,21.4,321,3.57,5.36,0,7.1,0,3.86,143,,0	1 serving~28|1 package~227
2608515	B	0	607,17.9,57.1,21.4,232,3.57,7.14,0,7.1,0,3.57,154,636,,0	1 serving~28|1 package~340
2117672	B	22	321,3.57,0,75,18,39.3,0,0,10.7,0,2.57,71,,4.3	1 serving~28|1 package~284
2273417	B	22	357,0,0,89.3,0,75,0,0,3.6,0,0,7,46,,0	1 serving~28|1 package~283
2193449	B	22	357,0,0,89.3,0,75,0,0,3.6,0,0,7,46,,0,0,0	¼ cup~28|1 package~326
2117762	B	22	250,0,1.79,67.9,89,57.1,0,0,7.1,0,0,0,,0	1 serving~28|1 package~128
2422771	B	22	250,3.57,0,64.3,0,53.6,0,0,7.1,0,3.57,57,1180,,0,0,0	5 pieces /~28|1 package~425
2114667	B	22	321,0,0,82.1,54,60.7,0,0,7.1,0,2.57,71,,0	1 serving~28|1 package~141
2114471	B	22	357,0,0,89.3,71,75,0,0,3.6,0,1.29,71,,0	1 serving~28|1 package~170
2058244	B	22	286,3.57,0,67.9,18,57.1,0,0,7.1,0,1.29,71,,0	1 serving~28|1 package~454
2114208	B	0	464,25,28.6,39.3,71,21.4,3.57,0,10.7,0,3.86,71,,0	1 serving~28|1 package~255
2193143	B	0	393,7.14,16.1,53.6,0,39.3,0,0,0,0,0,21,214,,0	1 serving~28|1 package~411
2058243	B	22	325,2.5,0,77.5,25,72.5,0,0,5,0,2.7,50,,0	1 serving~40|1 package~454
2120427	B	1	321,3.57,0,78.6,0,57.1,0,0,0,0,0,0,,0	1 serving~28|1 package~262
2544875	B	0	464,10.7,25,53.6,0,39.3,3.57,0,7.1,0,2.57,71,,0	1 serving~28|1 package~255
2422759	B	0	536,21.4,42.9,28.6,643,7.14,5.36,0,10.7,0,3.93,107,964,,0,25,12.5	1 serving~28|1 package~198
2465018	B	0	429,3.57,17.9,67.9,0,53.6,3.57,0,3.6,0,1.43,36,393,,.35,5.36,7.14,,,,,,,,,,,,1,.393	1 serving~28|1 package~454
2048540	B	0	464,7.14,32.1,46.4,196,32.1,5.36,0,7.1,0,2.57,143,,0	1 serving~28|1 package~425
2120276	B	12	500,10.7,28.6,53.6,107,35.7,5.36,0,7.1,0,2.57,71,,0	1 serving~28|1 package~255
2131679	B	0	679,25,53.6,17.9,321,7.14,5.36,0,7.1,0,3.57,79,611,,0	1 serving~28|1 package~397
2315821	B	0	500,3.57,28.6,67.9,125,64.3,1.79,0,3.6,0,1.29,0,,0	1 serving~28|1 package~198
2049515	B	0	467,6.67,20,66.7,383,36.7,10,0,3.3,0,1.2,0,,0	1 serving~30|1 package~255
1880228	B	0	571,28.6,50,10.7,411,0,8.93,0,7.1,0,9.64,71,,0	1 serving~28|1 package~454
2428952	B	0	571,28.6,50,10.7,786,0,8.93,0,7.1,0,10.7,68,796,,0,16.1,21.4,,,,,,,,1150,,7.14,,,1.43	1 serving~28|1 package~227
2117970	B	22	357,0,0,85.7,268,46.4,0,0,0,0,1.29,71,,0	1 serving~28|1 package~227
2306544	B	22	357,0,0,85.7,143,67.9,0,0,0,0,0,57,4,,0	1 serving~28|1 package~326
2120620	B	0	679,7.14,67.9,17.9,411,10.7,5.36,0,7.1,0,2.57,71,,0	1 serving~28|1 package~340
2120416	B	0	607,21.4,53.6,17.9,107,3.57,7.14,0,7.1,0,3.86,143,,0	1 serving~28|1 package~198
2654950	B	0	464,14.3,32.1,46.4,54,28.6,5.36,0,7.1,0,3.57,71,679,,0	¼ cup~28|1 package~255
1807712	B	0	429,7.14,17.9,64.3,89,50,1.79,0,7.1,0,2.57,71,,0	1 serving~28|1 package~255
2049516	B	0	571,17.9,42.9,32.1,0,7.14,7.14,0,3.6,0,6.43,71,,0	1 serving~28|1 package~454
2329712	B	0	571,21.4,46.4,28.6,0,7.14,5.36,0,10.7,1.79,3.93,107,1040,,0	1 serving~28|1 package~227
2120105	B	1	321,3.57,0,78.6,0,57.1,0,0,0,0,0,0,,0	1 serving~28|1 package~262
2306353	B	0	500,14.3,35.7,42.9,36,28.6,3.57,0,7.1,0,3.57,79,493,,0	1 serving~28|1 package~340
2429616	B	12	571,10.7,39.3,46.4,1140,0,5.36,0,3.6,0,7.14,214,254,,0	1 serving~28|1 package~227
2461395	B	0	464,10.7,21.4,57.1,54,42.9,3.57,0,3.6,0,2.5,71,286,,.35,7.14,10.7,,3.93,,,,,161,321,,,,1,.536	1 serving~28|1 package~354
2654951	B	0	464,10.7,21.4,57.1,18,42.9,1.79,0,7.1,0,2.14,71,286,,0	¼ cup~28|1 package~213
2051583	B	0	714,10.7,71.4,14.3,0,3.57,7.14,0,10.7,0,2.57,71,411,0,,42.9,21.4,,,1,,,,,,,,,4,1.07	1 serving~28|1 package~680
2043497	B	0	679,14.3,64.3,14.3,0,3.57,5.36,0,7.1,0,2.57,71,446,0,,8.93,46.4,,,,,,,143,357,,,,4,1.43	1 serving~28|1 package~680
2132126	B	22	357,0,0,89.3,143,75,0,89,3.6,0,0,61,4,,0	1 serving~28|1 package~227
2095207	B	0	714,10.7,71.4,14.3,0,3.57,7.14,0,10.7,0,2.57,71,411,0,,42.9,21.4,,,1,,,,,,,,,4,1.07	1 serving~28|1 package~283
2447119	B	0	714,10.7,71.4,14.3,0,3.57,7.14,0,10.7,0,2.5,71,414,,0	1 serving~28|1 package~340
2651548	B	0	714,10.7,71.4,14.3,0,3.57,7.14,0,10.7,0,3.57,71,414,,0	¼ cup~28|1 package~113
2095194	B	0	684,8.77,71.9,14,0,3.51,6.14,0,8.8,0,2.53,70,404,2.1	1 package~57
2095179	B	0	684,8.77,71.9,14,0,3.51,6.14,0,8.8,0,2.53,70,404,2.1	1 package~57
2429125	B	0	643,10.7,60.7,21.4,71,0,8.93,0,10.7,0,3.57,7,636,,0,25,25,,,1,,,,236,,,,,4,1.07	1 pt~28|1 package~142
2128009	B	22	357,0,0,89.3,161,78.6,0,0,3.6,0,0,14,4,,0	1 serving~28|1 package~255
2051581	B	0	536,17.9,42.9,32.1,643,21.4,7.14,0,7.1,0,1.29,71,,0	1 serving~28|1 package~397
2120430	B	12	571,17.9,42.9,32.1,393,17.9,7.14,0,7.1,0,2.57,71,,0	1 serving~28|1 package~255
2551037	B	0	571,32.1,50,10.7,0,0,8.93,0,7.1,0,10.7,46,818,,0	3 tbsp~28|1 package~425
2134431	B	0	679,7.14,67.9,21.4,125,10.7,7.14,0,7.1,0,2.5,107,393,,0	1 serving~28|1 package~170
2670535	B	0	643,17.9,60.7,17.9,0,3.57,5.36,0,7.1,0,3.21,179,11,,0,25,28.6,,,0,.536,,,,,,,,,,,,571	¼ cup~28|1 package~397
2374961	B	0	571,21.4,50,21.4,0,3.57,3.57,0,14.3,0,3.93,286,750,,0,32.1,12.5,,,,1.14,,,268,500,,,,2,1,,,26	1 serving~28|1 package~454
2464653	B	0	464,3.57,16.1,78.6,286,50,14.3,0,0,0,1.79,36,36,,.725	1 serving~28|1 package~255
2114470	B	29	393,10.7,0,85.7,464,3.57,0,0,0,0,0,0,,0	1 serving~28|1 package~170
2046528	B	0	607,21.4,50,21.4,393,3.57,3.57,0,10.7,0,3.86,286,,0	1 serving~28
2422251	B	0	607,21.4,50,21.4,232,3.57,3.57,0,10.7,0,3.57,268,721,,0	1 serving~28|1 package~340
2044761	B	0	571,17.9,46.4,28.6,411,7.14,7.14,0,3.6,0,6.43,71,,0	1 serving~28|1 package~454
2063709	B	0	571,25,46.4,25,393,7.14,5.36,0,10.7,0,3.86,71,,4.3	1 serving~28|1 package~283
2429131	B	0	500,21.4,39.3,17.9,4250,0,5.36,0,3.6,0,10.7,0,0,,0	1 serving~28|1 package~198
2428681	B	0	464,14.3,21.4,50,2140,0,1.79,0,46.4,0,3.57,129,846,,0,7.14,12.5	1 serving~28|1 package~227
2044763	B	0	714,7.14,71.4,14.3,393,3.57,7.14,0,10.7,0,2.57,71,,0	1 serving~28|1 package~227
2545877	B	0	571,28.6,50,10.7,214,0,8.93,0,7.1,0,7.14,46,793,,0,17.9,21.4	3 tbsp~28|1 package~425
2423282	B	0	607,21.4,53.6,17.9,411,0,5.36,0,7.1,,3.57,82,632,,0	1 serving~28|1 package~397
2422758	B	0	571,17.9,46.4,28.6,411,7.14,8.93,0,3.6,0,7.14,39,636,,0	1 serving~28|1 package~255
2422253	B	0	571,17.9,46.4,28.6,0,7.14,8.93,0,3.6,0,7.14,36,646,,0	1 serving~28|1 package~227
2554169	B	0	607,21.4,50,21.4,232,3.57,3.57,0,10.7,0,3.57,250,714,,0,32.1,12.5	1 serving~28|1 package~454
2429762	B	22	500,3.57,28.6,64.3,304,0,10.7,0,0,0,0,0,575,,0	1 serving~28|1 package~227
2120534	B	22	286,3.57,0,78.6,0,60.7,0,0,3.6,0,1.29,71,,4.3	1 serving~28|1 package~284
2338789	B	0	679,14.3,64.3,14.3,0,3.57,5.36,0,7.1,0,2.57,71,446,0,,8.93,46.4,,,,,,,143,357,,,,4,1.43	1 serving~28|1 package~454
2654949	B	0	357,3.57,12.5,60.7,0,57.1,0,0,3.6,0,1.07,71,179,,0	1 serving~28|1 package~340
2387999	B	0	593,19.8,53.7,22.6,0,5.65,4.24,0,11.3,0,2.82,215,729,,0	1 bag~35.4|1 package~354
2046530	B	0	607,17.9,53.6,21.4,0,3.57,5.36,0,10.7,0,3.86,214,,0	1 serving~28|1 package~227
2095198	B	0	579,21,49.1,21,0,3.51,3.51,0,12.3,0,3.16,263,737,0	1 package~57
2422767	B	0	571,21.4,50,21.4,0,3.57,3.57,0,14.3,0,3.57,271,743,,0,32.1,12.5	¼ cup~28|1 package~340
2081547	B	0	579,21,49.1,21,0,3.51,3.51,0,12.3,0,3.16,263,737,0	1 package~57
2423143	B	0	607,21.4,53.6,21.4,0,3.57,5.36,0,7.1,0,3.57,79,654,,0	1 serving~28|1 package~397
2314713	B	0	607,21.4,53.6,21.4,214,3.57,5.36,0,7.1,0,5.14,71,,0	1 serving~28|1 package~255