1870705	B	26	184,6.9,4.6,27.6,563,8.05,1.15,11,2.3,0,1.24,46,207,5.5	1 egg roll w/ 1 sauce packet~87|1 package~347
2296228	B	26	172,4.3,6.45,25.8,495,9.68,1.61,11,1.1,0,1.16,0,140,5.2	3 pieces with sauce~93|1 package~1050
2037529	B	26	173,8.64,3.7,24.7,370,3.7,.62,12,1.2,0,1.78,0,160,5.9,,.62,1.85	3 pieces with sauce~81|1 package~269
2568992	B	26	267,5.23,11.6,34.9,622,12.2,5.23,23,1.2,0,1.45,35,87,,1,2.91,3.49	8 pieces with 4 sauce packets~172
2470073	B	26	267,5.23,11.6,34.9,622,12.2,5.23,23,1.2,0,1.45,35,87,,1.27,2.91,3.49	8 pieces with 4 sauce packets~172
2623209	B	26	311,5.83,18.4,32,544,10.7,8.74,39,1,0,1.4,58,112,0,,,,52	5 pieces w / 2 sauce packets~103|1 package~206
1902226	B	26	211,8.45,7.04,28.2,493,4.23,1.41,14,1.4,0,.51,0,197,5.1	1 egg roll~71|1 package~283
2679564	B	26	207,6.9,8.05,26.4,632,6.9,2.3,17,1.1,0,1.24,46,218,6.9,,,,103	1 egg roll w/ 1 sauce packet~87|1 package~347
1919191	B	26	253,6.32,11.6,33.7,558,12.6,2.63,11,1.1,0,1.52,0,126,2.5,,2.63,5.26	4 pieces with 1 sauce packet~95|1 package~190
2097040	B	26	237,5.38,9.68,30.1,613,7.53,2.15,11,1.1,0,1.55,22,118,2.6,,2.69,4.84	4 pieces with 1 sauce packet~93|1 package~186
2569001	B	26	212,7.06,11.8,20,553,1.18,3.53,24,1.2,0,1.29,71,141,,0	3 pieces per serving~85|1 package~227
2039844	B	26	207,5.75,8.05,26.4,552,6.9,2.3,17,1.1,0,1.24,46,195,6.9	1 egg roll w/ 1 sauce packet~87|1 package~347
2374254	B	26	218,5.13,12.8,20.5,410,1.28,3.21,26,1.3,0,1.15,0,154	3 egg rolls~78|1 package~208
2569000	B	26	231,7.69,10.3,25.6,513,1.28,3.21,32,1.3,0,1.67,0,218,,0	1 egg roll~78|1 package~624
2216774	B	26	231,7.69,10.3,25.6,513,1.28,3.21,32,1.3,0,1.67,0,218,,0	1 egg roll~78|1 package~623
2018993	B	26	194,4.3,8.6,25.8,548,9.68,2.15,11,1.1,0,1.16,22,145,5.2	1 serving~93|1 package~1050
2037540	B	26	222,7.41,9.88,23.5,432,3.7,3.09,19,1.2,0,1.78,25,173,4.4,,3.7,2.47	3 pieces with sauce~81|1 package~269
2679565	B	26	161,3.45,4.6,27.6,529,8.05,1.15,6,2.3,0,1.24,46,207,6.9,,,,310	1 egg roll w/ 1 sauce packet~87|1 package~347
2075378	B	26	217,6.52,8.7,30.4,696,2.17,1.63,11,2.2,0,1.96,22,141,3.9	5 pieces~92|1 package~147
1152985	B	42	203,.54,0,50,4,47.3,0,0,1.4,0,.49,27,,22.7	2 tbsp~37
2075338	B	6	286,8.93,4.46,55.4,518,1.79,.89,0,1.8,0,3.21,36,,0,,1.79,0,,3.57,0,.304	1 bun~56|1 package~396
2066166	B	6	246,7.02,3.51,45.6,421,0,.88,0,1.8,0,3.16,0,,0	1 serving~57|1 package~340
2070931	B	6	250,7.14,1.79,50,393,0,0,0,0,0,3.86,0,,0	1 sliece~28|1 package~454
2075339	B	6	292,8.33,5.21,56.2,521,8.33,1.04,0,2.1,0,3,83,,0,,2.08,0,,3.33,0,.283	1 bun~48|1 package~396
2070930	B	6	292,8.33,4.17,54.2,500,0,0,0,4.2,0,3,0,,0,,0,0,,5,0,.283	1 slice~24|1 package~454
2070929	B	6	275,10,3.75,55,500,2.5,0,0,2.5,0,3.6,0,,0,,1.25,0,,4,0,.34	1 slices~40|1 package~680
2103173	B	6	292,8.33,4.17,54.2,500,0,0,0,4.2,0,3,0,,0,,0,0,,5,0,.283	1 slice~24|1 package~453
2072119	B	74	357,10.7,5.36,67.9,607,7.14,0,0,3.6,0,3.86,0,,0,,0,0,,4.29,1,.486	1 serving~28|1 package~340
1902159	B	6	371,10.6,7.96,63.7,796,7.96,0,0,0,0,3.82,1060,,9.5,,,,,4.24,1,.361	1 roll~37.7|1 package~340
2075344	B	6	265,10.3,1.47,54.4,559,2.94,0,0,1.5,0,2.65,29,,0,,,,,4.41,0,.25	1 roll~68|1 package~396
2075342	B	6	271,8.33,3.12,54.2,500,4.17,0,0,2.1,0,3,0,,0,,0,0,,4.17,0,.283	1 bun~48|1 package~396
2070928	B	6	292,8.33,4.17,54.2,500,0,0,0,4.2,0,3,0,,0,,0,0,,5,0,.283	1 slice~24|1 package~453
2070927	B	6	294,8.82,4.41,55.9,500,5.88,0,0,2.9,0,3.18,0,,0,,0,0,,3.53,0,.4	1 slice~34|1 package~680
2069720	B	29	429,5.36,21.4,55.4,370,33.9,12.5,104,1.8,1.79,3.21,36,,0	1 serving~56
2298361	B	6	263,10.5,1.75,54.4,667,0,0,0,3.5,0,3.16,0,,0	1 serving~57|1 package~454
2193030	B	6	254,6.34,.7,54.2,366,6.34,0,0,2.1,0,2.82,18,16,,0	1 bagel~142|1 package~569
2069721	B	22	332,7.14,3.57,69.6,220,39.3,1.79,100,3.6,1.79,2.57,54,,0	1 serving~56
1955976	B	6	298,7.02,10.5,49.1,544,7.02,0,0,8.8,0,3.16,0,,0	1 serving~57|1 package~680
2417413	B	6	254,6.34,0,55.6,25,6.34,0,0,2.1,0,2.82,2,1,,0	1 bagel~142|1 package~569
2417333	B	6	261,6.34,0,57,176,10.6,0,0,2.8,0,2.82,13,88,,0	1 bagel~142|1 package~569
2417419	B	6	261,7.04,1.76,54.2,32,6.34,0,0,2.1,0,2.82,14,1,,0	1 bagel~142|1 package~569
2076153	B	19	0,0,0,0,833,0,0,0,0,0	1 tsp~6|1 package~142
1867118	B	15	57,0,1.79,7.14,304,3.57,0,0,3.6,0,0,0,,8.6	2 tbsp~28|1 package~440
2307753	B	19	121,0,0,27.3,909,24.2	2 tbsp~33|1 package~396
1922505	B	19	0,0,0,0,1600	1 tsp~5|1 package~198
2272575	B	19	167,0,0,33.3,1420,0,0,0,0,0,0,0,0,,0	1 tsp~6|1 package~198
2132563	B	19	100,0,0,20,1600,20,0,0,0,0,0,0,0,,0	1 tsp~5|1 package~198
2427007	B	19	0,0,0,0,2100,0,0,0,0,0,0,0,0,,0	1 tsp~5|1 package~198
2442202	B	35	0,0,0,20,200,,,,,,,,,24	1 tsp~5|1 package~198
1920107	B	15	31,3.12,0,6.25,406,3.12,0,0,0,0,1.12,0,,3.8	2 tbsp~32|1 package~440
2022722	B	7	94,0,0,18.8,375,12.5,0,0,0,0,0,0,,0	1 tbsp~16|1 package~241
1860642	B	7	125,0,0,31.2,281,25,0,0,0,0,0,0,,0	1 tbsp~16|1 package~255
2338507	B	19	205,0,0,53.8,744,48.7,0,0,0,0,0,23,259,,0	2 tbsp~39|1 package~411
2028713	B	27	310,14.2,25.7,2.65,947,1.77,10.6,62,0,1.33,1.59,18,,0	1 sausage~113|1 package~454
2028703	B	27	265,12.4,23,2.65,823,1.77,8.85,58,0,.88,1.59,18,,0	1 frank~113|1 package~454
2027862	B	27	280,16,22.7,2.67,893,1.33,9.33,67,0,0,1.92,27,,0	1 hot dog~75|1 package~454
2367400	B	17	107,10.7,5.33,6.67,33,6,3.33,17,1.3,0,0,113,80,,0	1 serving~150
2671271	B	17	94,12.4,5.88,1.76,38,1.18,4.12,21,1.2,0,0,124,94,,0	¾ cup~170
2668818	B	15	54,0,5.36,3.57,250,3.57,0,18,3.6,0,.36,0,179,,0	2 tbsp~28
2297574	B	15	54,0,5.36,3.57,268,3.57,1.79,18,0,0,0,0,,8.6	2 tbsp~28|1 package~454
1889828	B	6	400,10,5,75,600,0,0,0,5,0	6 bread sticks~20|1 package~120
2442916	B	0	400,15,7.5,70,600,0,2.5,10,5,0	6 bread sticks~20|1 package~120
1887085	B	116	414,13.8,5.17,75.9,1210,3.45,0,0,6.9,0,4.97,69,,0,,,,,5.52,1,.469,,414	1 cup~29|1 package~170
1889824	B	6	400,10,5,75,800,2.5,0,0,5,0	6 bread sticks~20|1 package~120
2419033	B	9	80,.88,0,25.7,0,0,0,0,1.8,0,.32	1 arepa sorvings por~113|1 package~567
2149900	B	27	233,15.6,16.7,4.44,,0,5.56,,0,0,.8,0,,4	1 link~90|1 package~454
2509933	B	64	277,12.3,23.1,3.08,492,0,9.23,77,1.5,0,1.54,15,1250,,0	1 link~65|1 package~454
2398261	B	2	321,21.4,25,3.57,643,3.57,16.1,71,0,0,0,621,86,,0	1 serving~28|1 package~283
2543651	B	28	214,.89,13.9,5.36,814,1.79,5.36,70,0,0,1.79,20,232,,0	1 serving~56|1 package~907
2192228	B	2	250,17.9,17.9,0,,.18,,54,0,,1.29,214,,0	1 serving~28|1 package~907
2152181	B	2	400,21.8,32.7,5.45,3340,1.82,14.6,0,0,0,0,727,,0	1 serving~55|1 package~453
2421581	B	2	400,21.8,32.7,5.45,2,1.82,14.6,0,0,0,0,727,,0	1 serving~55|1 package~907
2374966	B	2	321,21.4,25,3.57,718,0,14.3,,0,0,0,582,75,,.45	1 inch cube~28|1 package~907
2399840	B	2	286,25,21.4,0,607,0,14.3,54,0,0,0,857,111,,0	1 serving~28|1 package~283
2587170	B	26	316,12.7,16.5,30.4,772,1.27,7.59,25,1.3,0,3.42,380,,0,,,,0	1 unit~79|1 package~1724
2640350	B	9	80,.88,0,25.7,0,0,0,0,1.8,0,.32,,,,,,,32	1 arepa~113|1 package~567
2054739	B	2	286,21.4,21.4,3.57,750,3.57,12.5,54,0,0,0,536,,0	1 serving~28|1 package~283
2016758	B	2	400,0,10,80,900,40,0,20,,0,7.2,3400	1 tbsp~5|1 package~227
1905134	B	80	110,4,.5,24,260,11,,,5,0,.72,,,2.4	½ cup~100|1 package~1050
1958108	B	7	83,3.57,1.19,13.1,190,5.95,0,0,2.4,0,1.19,33,174,,0	1 serving~84|1 package~710
2603486	B	7	36,3.57,0,3.57,786,0,0,0,3.6,0,0,18,175,,0	1 serving~28|1 package~710
2022353	B	7	83,2.38,0,19,226,10.7,0,0,2.4,0,.86,24,,2.9	1 serving~84|1 package~710
1964567	B	7	36,3.57,0,3.57,1110,0,0,0,3.6,0,0,18,179,,0	1 serving~28|1 package~710
2148295	B	37	40,2,0,8,680,5,0,0,1,0,.4,10,120,,0	1 serving~100|1 package~1050
1960198	B	7	83,3.57,0,16.7,214,9.52,0,0,2.4,0,1.19,29,154,,0	1 serving~84|1 package~710
1966344	B	7	89,0,0,21.4,143,17.9,0,0,0,0,0,18,118,,0	1 serving~28|1 package~710
1958112	B	7	71,1.19,0,17.9,48,15.5,0,0,1.2,0,.43,0,,2.9	1 serving~84|1 package~710
1902557	B	7	70,1,0,17,40,15,0,0,2,0,.36,20,200,3.6	½ cup~100|1 package~1050
2121641	B	5	571,7.14,35.7,57.1,571,0,7.14,0,3.6,0,1.29,71,,0	1 serving~28|1 package~170
2047739	B	5	500,7.14,32.1,53.6,714,3.57,7.14,0,7.1,0,1.29,71,,0	1 serving~28|1 package~453
2050797	B	12	500,7.14,32.1,53.6,929,3.57,7.14,0,3.6,0,1.29,0,,0	1 serving~28|1 package~141
2447365	B	5	464,7.14,25,57.1,429,0,3.57,0,0,0,3.57,11,218,,0	11 chips /~28|1 package~340
2287248	B	5	500,7.14,28.6,53.6,643,3.57,7.14,0,7.1,0,1.29,71,,0	1 serving~28|1 package~454
2626485	B	3	220,4.24,13.6,22,51,22,8.47,51,0,0,0,195,0,,0	1 bar~118
2441727	B	78	236,14.6,18.2,3.64,718,,2.73,60,0,0,1.64,73,,0	¼ cup~55|1 package~111
1937098	B	78	182,10.9,14.6,1.82,655,0,1.82,82,1.8,0,1.31,73,,0	1 serving~55|1 package~111
2677885	B	100	218,20,14.6,1.82,382,0,2.73,27,0,0,1.31,36,,0,,,,0	1 serving~55|1 package~113
2439484	B	76	255,27.3,16.4,0,455,0,2.73,22,0,,1.31,36,,0	¼ cup~55|1 package~111
2439486	B	78	291,23.6,21.8,0,455,0,3.64,22,0,,1.31,36,,0	¼ cup~55|1 package~111
2439487	B	78	200,20,12.7,1.82,455,0,3.64,55,0,,1.31,36,,0	¼ cup~55|1 package~115
2036540	B	103	422,13.3,3.33,82.2,1480,2.22,0,7,2.2,0,1.6,67,,8	¼ cup~45|1 package~425
2443159	B	76	211,23.6,12.7,0,431,0,1.82,0,0,,4.58,4070,,0	¼ cup~55|1 package~120
1868378	B	76	182,16.4,12.7,0,455,0,2.73,36,0,0,3.27,364	¼ cup~55|1 package~120
1913682	B	34	269,10.8,10.8,32.3,669,3.08,3.85,12,1.5,0,1.11,115,,0	1/3 of pizza~130|1 package~400
2395048	B	27	500,25,42.9,0,1790,0,17.9,89,0,0,2.14,11,0,,0	1 serving~28|1 package~200
2669374	B	27	500,25,42.9,0,1790,0,17.9,89,0,0,2.14,11,0,,0	1 serving~28|1 package~224
1894628	B	34	255,13.6,10,25.4,627,3.64,5.45,23,2.7,0,.65,227,,0	¼ of pizza~110|1 package~450
2314608	B	27	483,24.1,41.4,0,1720,,17.2,55,,0,3.72,69	7 slices~29|1 package~100
1913681	B	34	269,10.8,10.8,32.3,669,3.08,3.85,12,1.5,0,1.11,115,,0	1/3 of pizza~130|1 package~400
2032483	B	32	62,.78,3.91,5.47,133,3.12,.39,0,1.6,0,.56,16,,7	½ cup~128|1 package~737
595042	B	2	339,10.7,32.1,0,296,0,25,100,0,0,,107	1 serving~28
2539512	B	4	460,10,16,70,460,10,8,40,4,2	1 cookie~50|1 package~450
365857	B	2	321,21.4,25,3.57,268,0,16.1,71,0,0,0,357,,0	1 serving~28
1850846	B	2	286,17.9,21.4,3.57,179,0,14.3,54,0,0,3.86,357,,0	1 serving~28|1 package~227
1863985	B	3	96,0,0,25,0,23.1,0,0,1.9,0,0,0,,8.7	1 serving~104
1902026	B	3	168,3.54,10.6,15.9,53,13.3,6.19,35,0,0,0,88,,0	1 serving~113
1863988	B	3	221,2.88,12.5,26.9,250,24,7.69,38,0,0,.35,96,,1.2	1 serving~104
2084760	B	3	163,3.85,9.62,10.6,48,,5.77,29,1.9,0,1.04,96,,0	1 serving~104
1864001	B	3	173,3.85,10.6,18.3,43,14.4,5.77,34,1,0,.69,96,,0	1 serving~104
2027226	B	3	163,2.88,8.65,18.3,48,16.4,5.77,34,0,0,0,96,,0	1 serving~104
2186008	B	3	163,3.85,9.62,19.2,48,16.4,6.73,34,1,0,.69,96,,0	1 serving~104
2462174	B	39	198,3.97,11.1,23.8,99,21.4,7.14,40,.8,0,.48,103,103,,.475	8 fl oz~126|1 package~284
1863981	B	3	154,2.88,7.69,18.3,53,14.4,4.81,29,1,0,0,96,,1.2	1 serving~104
1863992	B	3	212,2.65,12.4,23,66,21.2,7.08,35,0,0,0,88,,0	1 serving~113
1910060	B	3	163,3.85,9.62,20.2,48,14.4,5.77,29,1.9,0,1.04,96,,0	1 serving~104
1863980	B	3	150,2.65,8.85,15.9,44,15,6.19,31,0,0,0,88,,0	1 serving~113
1863982	B	3	192,2.88,12.5,19.2,53,16.4,5.77,29,1,0,.35,96,,0	1 serving~104
2027231	B	3	202,4.81,12.5,18.3,53,16.4,6.73,29,1,0,0,96,,0	1 serving~104
1863989	B	3	168,3.54,10.6,15.9,44,14.2,5.31,31,.9,0,.32,88,,0	1 serving~113
1863996	B	3	221,2.88,12.5,26.9,250,24,7.69,38,0,0,.35,96,,1.2	1 serving~104
1863999	B	3	173,3.85,9.62,17.3,48,15.4,5.77,35,1,0,.35,96,,0	1 serving~104
1863983	B	3	142,2.65,7.96,15,44,14.2,5.31,31,0,0,0,88,,0	1 serving~113
1864002	B	3	186,3.54,12.4,16.8,49,13.3,7.96,27,.9,0,.32,88,,0	1 serving~113
1863990	B	3	159,2.65,8.85,16.8,40,15.9,6.19,27,.9,0,.32,88,,1.1	1 serving~113
2027219	B	3	192,2.88,12.5,19.2,53,16.4,5.77,29,1,0,.35,96,,0	1 serving~104
2027221	B	3	106,0,0,27.9,0,24,0,0,0,0,.35,0,,28.8	1 serving~104
2027223	B	3	202,4.81,12.5,18.3,53,16.4,6.73,29,1,0,0,96,,0	1 serving~104
2027228	B	3	212,2.88,11.5,26,250,23.1,7.69,38,0,0,0,96,,0	1 serving~104
1863995	B	3	106,0,0,26.9,0,26.9,0,0,0,0,0,19,,17.3	1 serving~104
1863991	B	3	97,.88,2.21,22.1,0,20.4,1.77,0,.9,0,.64,0,,0	1 serving~113
2027220	B	3	88,0,0,23.9,0,22.1,0,0,.9,0,0,0,,3.2	1 serving~113
1863993	B	3	97,0,0,25.7,0,22.1,0,0,0,0,.32,0,,26.5	1 serving~113
1863994	B	3	163,2.88,9.62,17.3,48,16.4,5.77,34,0,0,0,96,,0	1 serving~104
2027225	B	3	142,2.65,7.96,15,44,14.2,5.31,31,0,0,0,88,,0	1 serving~113|1 package~170
2475910	B	3	206,3.97,11.1,26.2,111,22.2,7.14,40,.8,0,.48,111,135,,.475	8 fl oz~126|1 package~284
2475400	B	39	198,3.17,11.1,23,103,22.2,7.14,40,0,0,.04,103,32,,.475	8 fl oz~126|1 package~284
2475779	B	3	206,3.97,11.1,24.6,111,23,7.14,40,0,0,.06,111,63,,.475	8 fl oz~126|1 package~284
1854231	B	19	133,0,0,33.3,900,33.3,0,0,0,0,2.4,0,,16	1 tbsp~15|1 package~290
1854230	B	11	133,6.67,3.33,20,1870,20,0,0,0,0,7.2,0,,8	1 tbsp~15|1 package~290
1854229	B	11	133,6.67,3.33,20,1930,20,0,0,0,0,7.2,0,,8	1 tbsp~15|1 package~290
2439522	B	10	42,0,0,10.6,7,10,0,0,0,,0,11,,0	6.08 fl oz~180|1 package~1500
2626584	B	10	42,0,0,9.44,7,9.44,0,0,0,0,.1,11,,0,,,,0	6.08 fl oz~180|1 package~1500
2439517	B	10	39,0,0,10,7,9.44,0,0,0,,0,11,,0	6.08 fl oz~180|1 package~1500
1789484	B	10	42,0,0,10.6,8,8.33,0,0,.6,0,0,28,,0	6.08 fl oz~180|1 package~540
1789486	B	10	40,0,0,10,16,6.67,0,0,1.1,0,0,22,,0	6.08 fl oz~180|1 package~500
2083287	B	10	40,0,0,10,16,6.67,0,0,1.1,0,0,22,,0	6.08 fl oz~180|1 package~1500
2288565	B	10	44,0,.08,9.5,9,5,0,0,0,0,.4,11,,6.7	6.08 fl oz~180
2578557	B	91	430,10.5,15.1,64,2080,2.33,6.98,0,2.3,0,.7,87,242,,0	1 serving~86
553413	B	43	386,8.57,12.9,58.6,1250,2.86,12.9,3,0,0,0,0,,0	1 serving~70
2397937	B	43	453,9.3,20.9,58.1,1660,2.33,9.3,0,9.3,,.84,47,,0	½ bowl~43|1 package~86
1901443	B	10	37,0,0,8.89,3,8.89,0,0,0,0,.1,17,,0	6.08 fl oz~180|1 package~1500
2622664	B	91	467,9.3,20.9,60.5,1870,2.33,9.3,0,9.3,0,.84,0,,0,,,,0	½ bowl~43|1 package~85.9
2166395	B	43	426,7.83,15.6,63.5,1830,1.74,6.96,0,3.5,0,1.22,981,246,,0	1 serving~115|1 package~460
1853070	B	91	315,9.09,12.7,69.1,2440,1.82,1.82,0,1.8,0,1.64,36,,0	½ cup~55|1 package~110
2665540	B	43	418,9.09,14.6,61.8,1720,1.82,7.27,5,7.3,0,.98,91,,0,,,,0	1 serving~55|1 package~110
1908391	B	91	428,7.55,15.1,64.2,1640,3.77,7.55,0,3.8,0,1.02,75,,1.1	1 serving~53|1 package~105
2578558	B	91	418,9.09,12.7,68.2,2580,.91,5.45,5,2.7,0,.91,99,264,,0	1 serving~110
1762587	B	91	425,7.5,15,65,1920,1.67,4.17,0,.8,0,0,0,,0	1 serving~60|1 package~600
2626585	B	25	53,0,0,13.3,11,12.8,0,0,.2,0,0,22,,0,,,,0	1 serving~180
2622663	B	91	437,6.98,18.6,60.5,2350,2.33,9.3,5,2.3,0,.84,23,,0,,,,21	½ bowl~43|1 package~85.9
1910727	B	25	55,0,0,13.4,4,13,0,0,.4,0,.15,0,,3.8	8.04 fl oz~238
2118025	B	10	3,0,0,8.89,0,0,0,0,0,0,.2,11,,6.7	6.08 fl oz~180|1 package~1500
2642737	B	25	55,0,0,13.6,13,12.3,0,0,0,0,0,26,4,,0	7.95 fl oz~235
482083	B	1	367,1.67,1.67,85,1380,75,0,0,5,,1.2,67,,0	1 serving~60
2546058	B	90	489,14.3,32.1,42.9,18,0,3.57,0,39.3,0,0,643,250,,0	1 serving~28|1 package~312
2173794	B	3	190,4.47,5.03,32.4,78,29.6,3.35,20,1.1,0,1.68,190,297,,0	2/3 cup~179|1 package~3785
2173785	B	3	97,0,.44,23.9,13,17.7,0,0,2.7,0,.88,10,37,,0	1 regular~113
2173677	B	104	214,4.62,8.67,30.6,75,13.3,6.36,17,2.9,0,0,146,271,,0	2/3 cup~173|1 package~1892
2173790	B	3	195,3.54,6.19,30.1,115,17.7,4.42,13,1.8,0,0,183,354,,0	1 regular~113
2418671	B	0	536,17.9,42.9,28.6,14,0,3.57,0,28.6,0,5.79,250,375,,0	1 serving~28|1 package~312
2216585	B	1	333,6.67,16.7,73.3,0,46.7,,0,0,0,0,0,0,,0	11 pieces~30|1 package~141
2193791	B	1	333,6.67,16.7,73.3,0,46.7,,0,0,0,0,0,0,,0	1 serving~30|1 package~141
2309204	B	0	533,3.33,30,63.3,117,56.7,5,,3.3,0,1.2,0,233,,0	¼ cup~30|1 package~340
2425580	B	0	607,35.7,46.4,14.3,0,0,8.93,0,10.7,0,9.64,0,750,,0	1 serving~28|1 package~312
2181830	B	1	333,3.33,0,76.7,0,43.3,0,0,0,0,0,0,0,,0	4 pieces~30|1 package~340
2195906	B	1	333,3.33,0,76.7,0,43.3,0,0,0,0,0,0,0,,0	4 pieces~30|1 package~141
2382594	B	0	717,10,70,13.3,0,3.33,6.67,0,6.7,0,2.4,133,1170,,0	¼ cup~30|1 package~227
2424358	B	0	600,20,53.3,16.7,417,3.33,3.33,0,10,0,3.6,300,467,,0	¼ cup~30|1 package~284
2501904	B	0	317,10,25,10,723,0,,0,10,0,10.2,33,,,0	¼ cup~30|1 package~170
2378410	B	50	625,22.5,50,12.5,12,0,7.5,0,12.5,0,31.5,50,438,,0	¼ cup~40|1 package~283
2374789	B	1	333,3.33,0,76.7,0,43.3,0,0,0,,0,0,,,0	1 serving~30|1 package~141
2173769	B	3	144,3.59,2.99,25.2,69,11.4,2.1,9,1.2,0,0,147,304,,0	2/3 cup~167|1 package~3785
2545898	B	3	144,3.59,2.99,25.2,69,11.4,2.1,9,1.2,0,0,147,304,,0	2/3 cup~167|1 package~1892
2173793	B	3	193,4.55,6.82,29,65,14.2,4.55,17,4.5,0,0,158,262,,0	2/3 cup~176|1 package~3785
2453356	B	90	375,14.3,7.14,71.4,21,0,3.57,0,7.1,0,9.64,71,0,,0	1 serving~28|1 package~369
2607141	B	27	228,15.2,17.7,2.53,747,0,6.33,63,2.5,0,1.27,8,316,,0	1 link~79|1 package~397
2625919	B	27	232,12.5,19.6,3.57,1050,0,8.93,62,0,0,1.93,0,,0,,,,0	1 serving~56|1 package~862
2625918	B	27	197,15.5,14.1,1.41,718,0,4.93,85,0,0,2.03,0,,3.4,,,,76	¼ link~71|1 package~284
2170535	B	27	232,12.5,19.6,3.57,1050,0,8.93,62,0,0,1.93,0,,0	1 serving~56|1 package~454
2438689	B	13	317,33.3,8.33,40,483,3.33,2.5,0,31.7,,.6,50,,0	1 bar~60
1889819	B	38	467,13.3,42.7,46.7,1450,0,6.67,0,26.7,0,2.4,133,,8	6 tsp~15|1 package~233
1889817	B	88	467,13.3,42.7,46.7,1450,0,6.67,0,26.7,0,,133,,8,,,,,,,,,53	6 tsp~15|1 package~253
1937227	B	88	467,13.3,42.7,46.7,1450,0,6.67,0,26.7,0	6 tsp~15|1 package~253
1937226	B	88	321,14.3,7.14,57.1,1570,0,7.14,0,35.7,0	6 tsp~14|1 package~208
1919061	B	38	467,13.3,42.7,46.7,1450,0,6.67,0,26.7,0,,133,,8,,,,,,,,,53	6 tsp~15|1 package~273
1766060	B	19	107,0,0,21.4,286,21.4,0,0,0,0,0,0,,8.6	1 serving~14|1 package~340
2288135	B	19	179,0,7.14,35.7,371,28.6,0,0,0,0,2.57,71,,8.6	1 serving~14|1 package~340
2025726	B	19	71,0,0,14.3,1140,7.14,0,0,0,0,0,0,,17.1	1 serving~14
2628774	B	23	500,0,50,10.7,429,7.14,7.14,0,0,0,1.29,71,,8.6,,,,64	1 serving~14|1 package~340
2667292	B	4	536,10.7,46.4,46.4,71,21.4,17.9,36,7.1,0,5.14,143,,0,,,,0	1 cookie~28|1 package~510
2432315	B	30	345,0,0,69,0,0,0,0,0,0,0,92,0,,0	1 serving~4.3|1 package~131
2432316	B	30	350,20,0,60,650,50,0,50,0,0,0,470,610,1050,0	1 serving~10|1 package~315
2432313	B	65	333,66.7,0,22.2,667,0,0,111,0,0,0,67,556,,0,,,,,,,,,1240,,,133	1 serving~4.5|1 package~134
2175543	B	30	360,72,4,16,500,0,2,80,0,0,12,40,956,,0	1 serving~25|1 package~616
1970370	B	30	381,85.7,2.38,9.52,619,0,2.86,95,0,0,4.76,81,224,,0	1 serving~21|1 package~529
2477359	B	59	320,60,6,16,640,0,0,0,0,0,4,308,360,212,0	1 serving~25|1 package~615
2432314	B	30	300,60,0,20,700,0,0,0,0,0,0,40,200,,0,,,,,,,,,1120,,,120	1 serving~5|1 package~144
2052623	B	38	318,6.54,14,41.1,327,12.2,10.3,145,3.7,,1.68,93,,3.4	2 pancakes~107|1 package~226
2157571	B	13	475,22.5,32.5,35,238,22.5,6.25,0,7.5,0,5,142,655,,0	1 bar~40
1959656	B	14	571,10.7,50,32.1,0,14.3,28.6,0,10.7,0,3.57,136,511,,0	1 serving~28|1 package~283
2156722	B	13	500,22.5,32.5,35,225,22.5,2.5,0,7.5,0,2.5,165,618,,0	1 bar~40
2526648	B	8	607,14.3,53.6,25,36,14.3,12.5,0,7.1,0,3.57,107,411,,0	1 serving~28|1 package~284
2577934	B	14	571,10.7,50,32.1,0,14.3,28.6,0,10.7,0,3.57,136,511,,0	1 serving~28|1 package~284
2054073	B	14	571,14.3,50,28.6,36,14.3,12.5,0,7.1,0,3.86,143,,0	¼ cup~28|1 package~284
2054072	B	14	571,14.3,53.6,25,36,14.3,12.5,0,7.1,0,3.86,71,,0	¼ cup~28|1 package~284
1930305	B	3	86,1.23,0,21,0,18.5,0,0,1.2,0,0,0,,3	1 bar~81|1 package~325
1917074	B	14	527,9.09,45.4,27.3,9,18.2,13.6,0,9.1,0,2.45,136,214,0,,9.09,18.2	¼ cup~22|1 package~227
1891465	B	3	84,1.2,0,20.5,0,18.1,0,0,1.2,0,0,0,,2.9	2¾ fl oz~83|1 package~324
1929789	B	3	86,0,0,22.2,0,19.8,0,0,0,0,0,0,,1.5	2¾ fl oz~81|1 package~325
1891464	B	3	84,0,0,19.3,0,18.1,0,0,0,0,0,0,,10.8	2¾ fl oz~83|1 package~324
2063488	B	3	72,1.2,0,14.5,12,12,0,0,0,0,1.3,0,,18.1	2¾ fl oz~83|1 package~324
1891467	B	3	145,1.2,8.43,14.5,78,13.2,8.43,0,1.2,0,.43,0,,4.3	1 bar~83|1 package~332
1891466	B	3	84,0,0,21.7,0,19.3,0,0,0,0,0,0,,1.4	2¾ fl oz~83|1 package~324
2421773	B	11	0,0,0,0,16000,0,0,0,0,0,0,600,1000,,0	¼ tsp~.5|1 package~114
718268	B	11	0,0,0,0,19000,0,0,0,0,0,0,200,800,,0	¼ tsp~1
2599595	B	11	0,0,0,0,18000,0,0,0,0,0,0,200,800,,0	¼ tsp~1|1 package~170
2428674	B	11	0,0,0,0,18000,0,0,0,0,0,0,600,1000,,0	¼ tsp~.5|1 package~108
2427748	B	11	0,0,0,0,0,0,0,0,0,0,0,600,1600,,0	¼ tsp~.5|1 package~57
2421772	B	11	0,0,0,0,0,0,0,0,0,0,0,600,1600,,0	¼ tsp~.5|1 package~114
2452902	B	11	0,0,0,0,19000,0,0,0,0,0,0,200,800,,0	¼ tsp~1|1 package~170
775978	B	11	0,0,0,0,0,0,0,0,0,0,0,600,1600,,0	¼ tsp~.5
2427751	B	11	0,0,0,0,19000,0,0,0,0,0,0,200,800,,0	¼ tsp~1|1 package~85
2593841	B	4	524,9.52,33.3,42.9,262,14.3,9.52,0,4.8,0,1.9,143,0,,0	1 serving~21|1 package~170
2653124	B	4	524,11.9,38.1,40.5,357,31,14.3,0,4.8,0,2.57,143,,0,,,,0	1 serving~42
1890558	B	4	524,11.9,35.7,42.9,357,35.7,11.9,0,4.8,0,1.71,143,,2.9	1 serving~42
1890557	B	4	524,11.9,35.7,42.9,357,33.3,11.9,0,7.1,0,1.71,143,,11.4	1 serving~42
2608881	B	59	400,86.7,3.33,3.33,300,0,0,0,3.3,0,0,0,550,,0	1 scoop~30|1 package~454
2325203	B	4	361,88.9,5.56,0,0,0,0,0,,0,5.56,0,111,,0	1 scoop / null~18|1 package~352
2287090	B	50	356,33.3,11.1,44.4,89,0,0,0,22.2,0,22,222,,0	1 scoop~9|1 package~266
2339696	B	4	400,86.7,3.33,3.33,300,0,0,0,3.3,0,0,0,550,,0	1 scoop~30|1 package~454
2114483	B	59	396,85.8,3.3,3.3,297,0,0,0,3.3,0,0,0,,0	1 scoop~30.3
1952203	B	4	360,83.3,0,3.33,1270,3.33,0,0,0,,1.8,67,,0	1 scoop~30|1 package~907
2033758	B	12	239,10.7,10.7,28.6,825,25,4.64,,0,0,1.29,71,,0	1 serving~28
2159169	B	13	435,23.9,23.9,41.3,228,26.1,2.17,0,6.5,0,2.17,130,543,,0	1 bar~46
2161308	B	13	435,23.9,23.9,41.3,228,26.1,2.17,0,6.5,0,2.17,130,543,,0	1 bar~46|1 package~414
2159172	B	13	435,23.9,21.7,39.1,293,26.1,2.17,0,6.5,0,2.61,109,652,,0	1 bar~46
2163357	B	12	421,28.6,25,17.9,2240,17.9,8.21,,0,0,0,0,,0	1 serving~28
2163358	B	12	214,39.3,3.57,14.3,143,10.7,1.79,107,0,0,6.43,0,750,,0	1 serving~28|1 package~56
2161313	B	13	435,23.9,26.1,39.1,207,21.7,5.43,0,8.7,0,5,109,652,,0	1 bar~46
2465596	B	13	472,22.2,27.8,34.7,347,19.4,6.94,0,8.3,0,4.03,125,667,,.15	1 bar~72|1 package~288
2467269	B	13	472,22.2,27.8,34.7,347,19.4,6.94,0,8.3,0,4.03,125,667,,.15	1 bar~72|1 package~864
2105925	B	13	431,23.6,20.8,40.3,278,27.8,2.08,0,5.6,0,2.64,125,514,,0	1 bar~72
2159177	B	13	431,23.6,20.8,40.3,278,27.8,2.08,0,5.6,0,2.64,125,514,,0	1 bar~72|1 package~864
2149202	B	13	431,23.6,20.8,40.3,278,27.8,2.08,0,5.6,0,2.64,125,514,,0	1 serving~72
2161312	B	13	472,25,29.2,34.7,222,19.4,8.33,0,8.3,0,3.61,111,611,,0	1 bar~72
2159171	B	13	472,25,29.2,34.7,222,19.4,8.33,0,8.3,0,3.61,111,611,,0	1 bar~72|1 package~864
2163336	B	13	431,23.6,19.4,43.1,306,30.6,2.08,0,5.6,0,2.22,,528,,0	1 bar~72|1 package~288
2163355	B	12	250,39.3,3.57,14.3,143,14.3,1.79,107,0,0,3.86,0,500,,0	1 serving~28|1 package~56
2159179	B	13	472,26.4,29.2,33.3,278,19.4,3.47,0,5.6,0,3.19,111,625,,0	1 bar~72|1 package~864
2255227	B	13	435,23.9,26.1,39.1,207,21.7,5.43,0,8.7,0,5,109,652,,0	1 bar~46
2266109	B	13	435,23.9,26.1,39.1,207,21.7,5.43,0,8.7,0,5,109,652,,0	1 bar~46|1 package~414
2326406	B	13	435,28.3,21.7,37,326,23.9,2.17,0,6.5,0,2.61,174,630,,0	1 bar~46
2326408	B	13	435,28.3,21.7,37,326,23.9,2.17,0,6.5,0,2.61,174,630,,0	1 bar~46|1 package~414
2326407	B	13	435,28.3,21.7,34.8,391,23.9,2.17,0,6.5,0,2.17,174,630,,0	1 bar~46|1 package~414
2159170	B	13	435,23.9,23.9,39.1,228,26.1,3.26,0,6.5,0,2.17,152,609,,0	1 bar~46
2266108	B	13	435,23.9,23.9,39.1,228,26.1,3.26,0,6.5,0,2.17,152,609,,0	1 bar~46|1 package~414
2163356	B	12	250,39.3,3.57,14.3,411,14.3,1.79,107,0,0,3.86,0,500,,0	1 serving~28|1 package~56
2131626	B	12	282,17.9,17.9,17.9,1730,17.9,7.14,,0,0,0,0,,0	1 serving~28
2077779	B	14	607,10.7,53.6,32.1,0,21.4,21.4,0,7.1,0,2.57,71,,0	1 serving~28|1 package~170
2438968	B	13	370,14.8,13,57.4,176,40.7,4.63,0,9.3,,2.67,74,,4.4	1 bar~54
2438969	B	13	370,13,14.8,51.8,111,38.9,6.48,0,7.4,,2.67,37,,0	1 bar~54
1891523	B	49	593,14.8,51.8,25.9,0,14.8,11.1,0,7.4,0,2.67,222,,0	2 tbsp~27|1 package~340
2058365	B	1	500,10,43.3,21.7,167,11.7,18.3,0,8.3,0,3,133,,0	1 serving~60
2058363	B	9	518,9.41,37.6,42.4,47,32.9,14.1,106,4.7,0,2.54,47,,0	1 serving~42.5|1 package~85
2058364	B	13	569,13.7,49,29.4,147,17.6,17.6,0,5.9,0,2.82,118,,0	1 serving~51
2266048	B	41	867,0,93.3,0,0,,13.3,,,0,,,,,,66.7,13.3	1 tbsp~15|1 package~1000
2420907	B	41	800,0,93.3,0,0,0,13.3,0,0,0,0,0,0,,0	1 tbsp~15|1 package~946
2155019	B	11	0,0,0,0,38500	¼ tsp~1.3|1 package~366
1927465	B	54	27,0,0,0,0,0,,,,0	1 tbsp~15|1 package~1890
2217227	B	42	347,0,0,80,0,80,0,0,0,0,0,0,0,,0	1 serving~15|1 package~372
577234	B	41	800,0,93.3,0,0,,13.3,0,,,,,,,,66.7,10	1 tbsp~15
2613058	B	50	0,0,0,0,0	¼ tsp~1|1 package~170
1856058	B	7	383,3.33,33.3,16.7,333,6.67,3.33,0,6.7,,1.8,0,,20	2 tbsp~30|1 package~300
2436086	B	49	573,2.7,37.8,54,170,54,11.4,3,1.9,0,.97,0,378,,2.42	1 serving~37|1 package~200
2441408	B	41	800,0,93.3,0,0,,13.3,,,,,,,,,70,13.3	1 tbsp~15|1 package~500
1913010	B	49	548,4,33,58,80,46,6,0,1,0,1.8,100,,0	2 tbsp~40|1 package~350
2383355	B	16	375,10.7,1.79,73.2,5,3.57,0,0,3.6,0,3.57,34,280,,0	1 serving~56|1 package~454
2444864	B	16	375,10.7,1.79,73.2,5,3.57,0,0,3.6,0,3.57,34,280,,0	1 serving~56|1 package~454
2443033	B	41	800,0,93.3,0,0,,13.3,0,,,,,,,,66.7,10	1 tbsp~15|1 package~946
2217222	B	42	333,.67,0,86.7,0,80,0,0,0,0,0,0,0,,0	1 tbsp~15|1 package~372
1907679	B	7	83,3.33,5,3.33,600,,0,0,,,1.2,0,,12	2 tbsp~30|1 package~300
577235	B	41	800,0,93.3,0,0,,13.3,0,,,,,,,,66.7,10	1 tbsp~15
577578	B	41	800,0,93.3,0,0,0,6.67,0,0,,0,0,0,0	1 tbsp~15
1856588	B	7	200,3.33,3.33,23.3,467,16.7,0,33,3.3,0,0,0,,70	2 tbsp~30|1 package~340
1761952	B	7	200,3.33,3.33,23.3,467,16.7,0,0,3.3,0,0,0,,70	2 tbsp~30|1 package~315
1913009	B	49	555,3,34,59,80,53,6,0,1,0,1.8,100,,0	2 tbsp~40|1 package~350
1856505	B	7	200,0,16.7,6.67,1530,0,0,0,0,,1.2,67,,0	2 tbsp~30|1 package~300
2388348	B	41	857,0,100,0,0,0,92.9,0,0,0,0,0,0,,0	1 tbsp~14|1 package~473
2441412	B	41	800,0,93.3,0,0,,13.3,0,,,,,,,,66.7,10	1 tbsp~15|1 package~500
2438193	B	41	800,0,93.3,0,0,,13.3,0,,,,,,,,66.7,10	1 tbsp~15|1 package~946
2390533	B	41	857,0,100,0,0,0,92.9,0,0,0,0,0,0,,0	1 tbsp~14|1 package~473
2217226	B	42	300,.67,0,73.3,0,73.3,0,0,0,0,0,0,0,,0	1 tbsp~15|1 package~372
1917958	B	7	133,0,16.7,6.67,487,0,1.33,0,1.7,0,2.4,67,,0,,10,0	1 serving~15|1 package~420
1890168	B	41	800,0,93.3,0,0,,12,0,,.93,,,,,,37.3,44	1 tbsp~15|1 package~250
2217225	B	42	293,0,0,80,0,80,0,0,0,0,0,0,0,,0	1 tbsp~15|1 package~372
2417403	B	41	857,0,100,0,0,0,92.9,0,0,0,0,0,0,,0	1 tbsp~14|1 package~858
2539102	B	9	450,6.25,31.2,51.2,362,41.2,10,56,0,0,.9,188,262,,0	1 slice~80|1 package~1134
2281543	B	9	438,3.75,27.5,46.2,262,35,12.5,56,1.2,0,1.8,50,88,,0	1 slice~80|1 package~1134
2593369	B	9	438,2.5,25,53.8,262,40,7.5,38,1.2,0,.9,0,0,,0	1 slice~80|1 package~992
2419007	B	9	450,2.5,26.2,53.8,250,42.5,8.75,44,1.2,0,1.35,0,88,,0	1 slice~80|1 package~510
2546117	B	4	488,2.33,27.9,53.5,47,37.2,16.3,12,2.3,,1.67,0,93,0,0,0,0	1 serving~43|1 package~284
2630837	B	9	438,2.5,23.8,55,262,41.2,8.75,38,0,0,.9,0,0,,0	1 slice~80|1 package~992
2578194	B	52	471,3.53,27.1,55.3,294,41.2,8.24,59,1.2,0,1.65,24,106,,0	½ slice per serving~85|1 package~170
2583266	B	52	512,4.76,27.4,63.1,381,45.2,8.33,54,0,0,1.19,83,155,,0	.17 cake~84
2578192	B	52	548,3.57,29.8,66.7,286,50,9.52,42,1.2,0,1.19,36,119,,0	.17 cake~84
2583269	B	52	488,3.57,27.4,57.1,381,35.7,9.52,65,1.2,0,2.26,36,143,,0	.17 cake~84|1 package~510
2583270	B	52	536,3.57,31,64.3,357,46.4,9.52,60,1.2,0,1.9,24,131,,0	.17 cake~84
2583272	B	52	488,3.57,25,63.1,429,45.2,5.95,65,2.4,0,2.14,24,131,,0	.17 cake~84
2583271	B	52	536,3.57,31,64.3,345,47.6,9.52,54,1.2,0,1.79,24,131,,0	.17 cake~84
2583267	B	9	536,3.57,29.8,65.5,298,48.8,9.52,48,0,0,1.19,0,0,,0	.17 cake~84|1 package~510
2583260	B	52	438,5,22.5,53.8,375,38.8,6.25,44,0,0,1,112,188,,0	.07 cake~80
2583262	B	52	425,2.5,23.8,51.2,212,40,7.5,31,1.2,0,.87,0,88,,0	.07 cake~80
2583263	B	52	425,2.5,21.2,56.2,350,40,5.62,50,1.2,0,1.75,0,100,,0	.07 cake~80
2583264	B	52	425,2.5,23.8,50,275,32.5,10,44,1.2,0,2.12,0,125,,0	.07 cake~80
2583261	B	52	462,2.5,27.5,56.2,300,41.2,8.75,50,1.2,0,1.62,0,112,,0	.07 cake~80
2583265	B	52	412,2.5,21.2,53.8,238,38.8,7.5,44,0,0,1.38,0,0,,0	.07 cake~80
2580610	B	52	462,2.5,26.2,55,275,41.2,8.75,44,1.2,0,1.5,0,100,,0	.07 cake~80
2580609	B	52	405,3.57,21.4,48.8,298,27.4,8.33,48,0,0,1.31,0,0,,0	.1 cake~84
2415106	B	9	400,4.71,22.4,47.1,412,,5.29,,,0,,,,,,14.1,16.5	½ slice~85|1 package~170
2578195	B	52	459,3.53,24.7,56.5,271,42.4,8.24,47,0,0,.94,24,71,,0	½ slice per serving~85|1 package~170
2578193	B	52	424,3.53,21.2,55.3,341,40,5.88,59,2.4,0,1.88,0,106,,0	½ slice per serving~85|1 package~170
2580611	B	52	500,2.11,28.2,63.4,120,47.2,11.3,46,0,0,1.06,21,0,,0	1 slice~142
2583268	B	52	488,3.57,26.2,57.1,345,31,10.7,54,,0,1.31,24,0,,0	.2 cake~84
2447121	B	9	500,2.5,31.2,53.8,188,42.5,12.5,56,0,0,.9,0,0,,0	1 serving~80|1 package~737
2623761	B	34	252,10.5,10.5,28,531,2.1,4.9,24,1.4,0,.7,189,133,,3	.17 pizza~143|1 package~859
2623762	B	34	260,10.3,11.6,28.1,589,2.05,4.11,24,1.4,0,.68,103,161,,0	.17 pizza~146|1 package~876
2166491	B	34	272,11,14,25.7,610,2.21,5.88,26,1.5,0,.74,101,185,,0	.2 pizza~136|1 package~680
2176020	B	34	206,9.52,11.1,18.2,532,2.38,4.76,24,1.6,0,.79,184,172,,0	1/3 pizza~126|1 package~378
2417290	B	34	250,10.6,9.09,31.1,500,3.03,3.79,19,1.5,0,.76,106,152,,0	1 serving~132|1 package~794
2634311	B	34	232,10.6,10.6,22.5,623,2.65,4.64,26,1.3,.33,1.79,199,,6,,,,60	1/3 pizza~151|1 package~452
2485990	B	34	232,8.61,7.28,31.1,470,2.65,3.31,13,1.3,0,1.85,99,106,,.075	.17 pizza~151|1 package~904
2524038	B	34	248,9.93,9.93,28.4,511,2.13,4.26,39,.7,0,.71,121,113,,.425	.17 pizza~141|1 package~846
2176072	B	34	263,9.87,11.8,28.3,493,2.63,5.92,23,1.3,0,.66,167,155,,0	¼ pizza~152|1 package~607
1891168	B	34	222,11.1,11.1,19,571,2.38,7.14,32,.8,0,1.43,278,,4.8	.2 pizza~126|1 package~632
2167937	B	34	233,10.5,7.52,30.8,519,2.26,2.63,19,.8,0,2.26,106,132,,0	.17 pizza~133|1 package~797
2014933	B	34	189,8.18,6.92,23.9,560,4.4,3.14,19,1.3,0,.91,189,,7.5	½ pizza~159|1 package~318
2014929	B	34	212,8.12,10,23.1,725,3.75,4.38,28,1.2,0,.9,219,,7.5	½ pissa~160|1 package~320
2166203	B	34	248,9.66,10.3,29,538,2.76,4.14,24,1.4,0,2.07,119,165,,0	.17 pizza~145|1 package~872
2166702	B	34	246,11.3,14.1,19,739,3.52,6.34,39,1.4,0,.7,204,0,,0	1/3 pizza~142|1 package~425
2462895	B	34	270,10.2,13.9,25.6,599,2.19,5.84,29,1.5,0,0,139,181,,.725	.2 pizza~137|1 package~685
2287615	B	34	166,6.9,6.9,19.3,372,2.07,3.1,14,1.4,0,.5,172,,14.5	1/3 pizza~145|1 package~435
1900758	B	21	222,9.8,11.1,21.6,569,1.96,4.58,26,1.3,0,.71,229,,5.9	½ pizza~153|1 package~918
2170707	B	34	226,8.9,8.9,28.8,712,3.42,5.48,31,.7,0,.68,218,127,,0	1/3 pizza~146|1 package~439
2387112	B	34	212,13.1,8.03,20.4,606,2.92,3.65,29,.7,0,.73,248,220,,0	1/3 pizza~137|1 package~410
1857604	B	21	219,12.4,9.49,20.4,708,3.65,4.38,33,.7,0,.79,146,,3.5	1/3 pizza~137|1 package~410
1871424	B	21	256,9.15,14.6,20.1,622,1.22,6.71,37,.6,0,.88,244,,.7	½ pizza~164|1 package~329
1871429	B	21	210,9.68,11.3,18.6,565,1.61,4.84,28,.8,0,.58,202,,1	1/3 pizza~124|1 package~371
2677197	B	34	177,8.84,7.48,18.4,537,2.72,4.08,20,1.4,0,.48,197,190,,1	1/3 pizza~147|1 package~441
2167933	B	34	209,7.91,6.47,30.2,468,2.88,2.52,14,1.4,0,2.16,116,150,,0	.17 pizza~139|1 package~836
2038615	B	34	238,10.3,11.1,24.6,587,3.17,4.76,28,.8,0,.86,159,,2.9	.2 pizza~126|1 package~632
1891169	B	34	245,11.6,14.3,17,639,2.04,7.48,41,1.4,0,1.84,238,,4.1	.2 pizza~147|1 package~733
2104310	B	34	211,8.84,8.84,22.4,531,2.72,4.08,24,1.4,0,1.84,170,,8.2	1/3 pizza~147|1 package~442
2038598	B	34	246,10.1,12.3,23.2,587,2.9,6.52,25,.7,0,.78,217,,6.5	¼ pizza~138|1 package~553
2153764	B	34	282,10.7,15.3,26,656,2.29,6.11,27,1.5,0,.76,121,179,,0	.2 pizza~131|1 package~656
2481648	B	34	277,10,14.6,26.2,638,2.31,6.15,27,1.5,0,.77,131,177,,.375	.2 pizza~130|1 package~652
2063181	B	34	268,12.3,16.7,17.4,746,1.45,7.97,43,.7,.36,1.96,254,,4.3	.2 pizza~138|1 package~690
2623763	B	34	261,9.86,12,28.2,592,2.11,4.93,25,1.4,0,.77,134,155,,1	.17 pizza~142|1 package~851
2524037	B	34	225,9.42,7.25,30.4,464,2.17,3.26,14,1.4,0,.58,116,109,,.225	.17 pizza~138|1 package~828
1871435	B	34	221,11,7.35,27.2,544,2.21,2.94,22,.7,0,.79,110,,0	¼ pizza~136|1 package~542
2038597	B	34	239,8.45,10.6,26.1,620,3.52,4.23,25,1.4,0,.76,141,,2.5	¼ pizza~142|1 package~568
2038607	B	34	233,8.27,11.3,23.3,556,3.01,4.51,26,1.5,0,1.08,150,,4.5	.2 pizza~133|1 package~663
1871427	B	34	229,10.4,9.03,27.1,611,4.17,4.17,24,1.4,0,.75,208,,3.3	¼ pizza~144|1 package~576
2038614	B	34	248,9.4,11.4,25.5,685,4.03,5.37,30,1.3,0,.72,201,,3.2	¼ pizza~149|1 package~595
2038613	B	34	203,8.5,7.19,26.1,503,3.92,3.27,16,1.3,0,.71,163,,5.9	¼ pizza~153|1 package~612
2677198	B	34	244,11.4,12.2,22,504,3.25,6.5,33,.8,0,1.46,285,,2.9,,,,73	1/3 pizza~123|1 package~369
2038594	B	34	227,10.2,12.5,17.2,562,3.12,5.47,35,.8,0,1.41,195,,4.7	¼ pizza~128|1 package~513
2038600	B	34	158,7.59,6.33,18.4,443,3.8,3.16,19,1.9,0,.68,158,,19	1/3 pizza~158|1 package~473
2038592	B	34	167,8.73,6.35,19,540,4.76,3.17,24,.8,0,1.14,159,,9.5	¼ pizza~126|1 package~502
1871430	B	34	254,11.2,14.2,20.2,709,3.73,6.72,37,1.5,.37,1.34,187,,4.5	1/3 pizza~134|1 package~403
2038619	B	34	246,11.2,13.4,20.2,709,3.73,5.97,37,.7,0,1.34,149,,4.5	1/3 pizza~134|1 package~403
2038611	B	34	218,9.62,12.2,18.6,571,3.85,5.13,29,1.3,0,1.15,192,,11.5	1/3 pizza~156|1 package~469
2038621	B	34	194,8.96,8.96,19.4,455,2.24,4.48,26,.7,0,1.34,187,,4.5	1/3 pizza~134|1 package~403
2038622	B	34	226,8.76,7.3,30.7,460,2.92,2.92,15,1.5,0,1.97,146,,3.5	.17 pizza~137|1 package~822
2038606	B	34	238,8.84,9.52,28.6,551,2.72,3.4,20,1.4,0,1.84,102,,3.3	.17 pizza~147|1 package~879
2038591	B	34	231,9.09,8.39,29.4,510,2.8,3.15,17,1.4,0,1.89,105,,3.4	.17 pizza~143|1 package~856
2170708	B	34	198,7.14,7.14,26.2,627,3.17,4.76,24,.8,0,0,183,146,,0	¼ pizza~126|1 package~502
2176073	B	34	271,10.7,13.6,25,507,2.14,6.43,29,1.4,0,.71,141,166,,0	.2 pizza~140|1 package~699
1996075	B	34	237,8.89,11.1,25.9,467,2.22,4.44,19,1.5,0,.74,124,174,,0	1 serving~135|1 package~673
1891171	B	34	221,10.7,12.1,16.8,557,2.01,6.71,34,1.3,0,1.21,235,,4	.2 pizza~149|1 package~747
2524039	B	34	229,9.72,7.64,29.2,465,2.08,3.47,14,1.4,0,.69,160,132,,.2	.17 pizza~144|1 package~865
2524034	B	34	244,9.62,10.3,26.9,513,2.56,4.49,22,1.3,0,.9,122,154,,.325	.17 pizza~156|1 package~936
2176071	B	34	252,9.09,12.6,24.5,517,2.8,4.9,24,1.4,0,.7,97,175,,0	.2 pizza~143|1 package~716
2038624	B	34	238,9.09,9.09,29.4,531,2.8,3.5,21,1.4,0,1.89,140,,3.4	.17 pizza~143|1 package~856
2038617	B	34	230,8.89,9.63,26.7,533,2.96,3.33,19,1.5,0,2,111,,6.7	.14 pizza~135|1 package~943
2104203	B	34	225,8.7,10.1,24.6,580,3.62,4.35,25,1.4,0,1.96,181,,6.5	1/3 pizza~138|1 package~414
2104316	B	34	219,9.49,8.76,24.8,526,3.65,4.38,22,1.5,0,1.97,219,,6.6	1/3 pizza~137|1 package~411
2504108	B	34	240,9.59,11.6,23.3,658,3.42,4.79,27,1.4,0,1.85,171,,6.2	1/3 pizza~146|1 package~437
2104206	B	34	228,9.4,10.7,22.8,604,3.36,4.7,27,1.3,0,1.81,168,,6	1/3 pizza~149|1 package~448
2134724	B	34	239,10.6,13.4,17.6,669,3.52,6.34,35,1.4,0,1.27,176,,8.5	.2 pizza~142|1 package~2130
2406644	B	34	177,7.09,7.09,21.3,475,2.13,3.19,18,1.4,0,.71,158,118,,0	1/3 pizza~141|1 package~422
2489168	B	52	142,2.03,4.73,21.6,30,21,2.7,20,0,0,0,65,117,,8.78	5 fl oz~148|1 package~888
2643158	B	3	224,2.63,14.5,22.4,86,21,9.21,39,1.3,0,.13,92,118,,0	1 bar~76|1 package~488
2643159	B	3	171,2.63,9.21,19.7,46,18.4,5.26,33,0,0,.26,79,118,,0	1 bar~76|1 package~488
2525379	B	3	107,0,0,28.6,143,25	1 bar~28|1 package~280
601986	B	2	383,21.7,30.7,4,647,1.67,8.33,95,1.7,.87,6.67,643,90	2 tbsp~30
2290154	B	89	145,1.82,6.36,18.2,500,1.82,1.36,0,1.8,0,1.44,33,,5.5	½ cup~110|1 package~280
1894418	B	45	164,4.55,9.09,15.4,336,2.73,1.36,0,7.3,0,1.11,35,,0	½ cup~110|1 package~280
2445877	B	45	155,5.45,7.27,16.4,436,2.73,1.82,0,5.5,0,1.82,33,418,,0	½ cup~110|1 package~280
2162498	B	7	154,4.62,7.69,16.9,423,2.31,2.31,0,3.1,0,1.15,42,166,,0	½ cup~130|1 package~280
2391216	B	15	133,6.67,5,13.3,400,0,0,0,3.3,0,.67,17,183,,0	2 tbsp~30|1 package~280
2391187	B	37	136,.91,11.8,8.18,364,3.64,3.64,5,3.6,0,1.36,22,264,,0	½ cup~110|1 package~280
1857797	B	45	327,6.36,22.7,25.4,418,1.82,3.64,0,15.5,0,1.44,33,,5.5	½ cup~110|1 package~280
1857798	B	89	136,.91,11.8,7.27,400,3.64,3.18,5,3.6,0,1.51,22,,0	½ cup~110|1 package~280
1857796	B	45	218,5.45,13.6,18.2,300,1.82,2.27,0,7.3,0,2.45,73,,0	½ cup~110|1 package~280
1894599	B	68	134,3,5.29,18.6,438,2.71,.86,0,3.3,0,.57,17,,0	½ cup~140|1 package~350
2391170	B	7	145,1.82,6.36,18.2,482,1.82,1.82,0,1.8,0,1.82,33,63,,0	4 pieces~110|1 package~280
2162499	B	7	173,1.82,8.18,22.7,564,6.36,1.36,0,1.8,0,0,72,106,,0	4 pieces~110|1 package~280
2655166	B	4	333,3.33,13.3,46.7,167,13.3,0,0,10,0	1 serving~30|1 package~240
1783213	B	2	429,28.6,32.1,0,821,,21.4,107,,0,,1250	1 serving~28|1 package~170
2539286	B	9	419,3.23,19.4,54.8,435,32.3,9.68,16,1.6,0,1.45,81,81,,0	4 holes~62|1 package~312
2179006	B	9	421,3.51,19.3,56.1,439,31.6,,18,1.8,0,,70,70,,0	1 serving~57|1 package~340
2583353	B	9	421,3.51,19.3,56.1,439,31.6,8.77,18,1.8,0,1.4,70,70,,0	1 donut~57
484209	B	112	286,21.4,19.6,3.57,786,3.57,8.93,80,0,,1.93	1 serving~56
2119814	B	112	179,10.7,10.7,8.93,696,1.79,5.36,143,0,,2.57,0,,0	1 serving~56|1 package~227
2266875	B	112	250,14.3,21.4,1.79,1120,0,6.25,89,0,0,.64,36,,0	1 serving~56|1 package~340
2267208	B	4	525,7.5,22.5,70,25,25,0,38,5,0,1.5,25,175,,0	1 cookie~40|1 package~960
2148903	B	4	525,7.5,22.5,70,25,25,0,38,5,0,1.5,25,175,,0	1 cookie~40|1 package~960
2148818	B	4	525,7.5,22.5,70,25,25,.12,38,5,0,2.5,28,175,,0	1 pieces~40|1 package~480
1894653	B	37	21,2.82,0,2.82,423,1.41,0,0,2.8,,.51,56,,8.5	1 serving~71|1 package~142
2098654	B	8	472,2.78,25,63.9,69,52.8,22.2,14,0,0,3,56,,0	3 pieces~36|1 package~340
2043215	B	8	536,1.79,30.4,66.1,62,62.5,26.8,9,1.8,0,2.57,36,,0	.1 piece~56|1 package~567
2564859	B	8	500,3.57,28.6,67.9,54,64.3,16.1,18,0,0,3.57,143,214,,0	.1 piece~28|1 package~284
1976602	B	1	543,5.71,31.4,62.9,100,57.1,25.7,0,0,0,2.86,200,486,,0	.17 pieces~35|1 package~213
2615547	B	1	535,2.33,30.2,67.4,58,62.8,25.6,12,2.3,0,3.35,47,,0,,,,0	1/3 bar~43|1 package~128
2098627	B	8	553,2.63,31.6,68.4,66,65.8,26.3,0,2.6,0,2.84,53,,0	1 serving~38|1 package~454
2070667	B	1	500,2.63,29,68.4,118,55.3,26.3,0,2.6,0,.95,0,,0	4 pieces~38|1 package~142
1963220	B	1	545,3.03,30.3,60.6,91,57.6,27.3,0,3,0,3.03,212,485,,0	1/3 piece~33|1 package~99
1947055	B	1	514,5.71,31.4,60,57,60,20,14,2.9,0,0,114,,0	1 serving~35|1 package~142
1897723	B	1	528,8.33,33.3,55.6,153,50,25,0,2.8,0,0,56,,0	3 pieces~36|1 package~142
2091159	B	1	478,2.17,26.1,63,120,52.2,21.7,11,2.2,0,0,87,,0	4 pieces~46|1 package~142
1927336	B	1	472,2.78,25,63.9,69,52.8,22.2,14,0,0,3,56,,0	3 pieces~36|1 package~340
2050297	B	1	478,2.17,26.1,63,120,52.2,21.7,11,2.2,0,3.13,87,,0	4 pieces~46|1 package~142
2272235	B	1	472,2.78,25,63.9,69,52.8,22.2,14,0,0,0,56,,0	3 pieces~36|1 package~170
2398965	B	0	467,6.67,16.7,73.3,433,43.3,16.7,0,3.3,0,2,67,133,,0	7 pieces~30|1 package~170
1946766	B	8	536,3.57,28.6,64.3,71,60.7,25,0,0,0,3.57,107,429,,0	1/3 piece~28|1 package~85
2400865	B	0	464,7.14,16.1,75,679,35.7,8.93,0,3.6,0,2.86,71,107,,0	1 piece~28|1 package~226
2043211	B	8	472,2.78,25,63.9,69,52.8,22.2,14,0,0,3,56,,0	3 pieces~36|1 package~340
2050293	B	1	472,2.78,25,63.9,69,52.8,22.2,14,0,0,3,56,,0	3 pieces~36|1 package~340
1873529	B	4	535,4.65,30.2,62.8,140,58.1,25.6,0,2.3,0,1.67,233,,0	¼ piece~43|1 package~170
2369195	B	0	533,16.7,43.3,36.7,267,23.3,13.3,0,6.7,0,2.67,100	3 pieces~30|1 package~226
2377800	B	1	533,6.67,36.7,53.3,150,46.7,23.3,0,3.3,0,2.67,167	1 serving~30|1 package~226
2041599	B	8	500,2.5,27.5,67.5,112,57.5,25,0,2.5,0,2.7,50,,0	1/3 piece~40|1 package~120
2296150	B	8	515,3.03,27.3,66.7,91,57.6,24.2,0,0,0,3.03,91,424,,0	4 pieces~33|1 package~128
2499703	B	8	543,2.86,28.6,65.7,57,60,25.7,0,0,0,5.71,114,429,,0	1 serving~35|1 package~71
1897720	B	8	526,2.63,31.6,65.8,53,57.9,29,0,2.6,0,.95,0,,0	4 pieces~38|1 package~255
2304766	B	8	524,4.76,28.6,66.7,95,57.1,23.8,0,0,0,4.76,95,429,,0	½ piece~21|1 package~43
1978752	B	1	559,8.82,32.4,55.9,162,50,23.5,0,0,0,2.94,88,441,,0	3 pieces~34|1 package~312
2133355	B	8	533,3.33,30,63.3,133,56.7,26.7,0,0,0,0,200,433,,0	¼ piece~30|1 package~120
1881197	B	8	553,2.63,31.6,68.4,66,65.8,26.3,0,2.6,0,2.84,53,,0	4 pieces~38|1 package~142
2301648	B	8	552,3.45,31,62.1,138,58.6,24.1,0,0,0,0,207	6 pieces~29|1 package~128
1946372	B	1	536,3.57,28.6,64.3,125,57.1,25,0,0,0,0,214,429,,0	1/3 piece~28|1 package~85
2564880	B	1	552,3.45,31,62.1,138,58.6,24.1,0,0,0,0,207,414,,0	6 pieces~29|1 package~128
2050294	B	1	526,5.26,29,63.2,105,60.5,26.3,13,0,0,0,158,,0	4 pieces~38|1 package~142
1852348	B	8	531,3.12,31.2,65.6,109,59.4,28.1,0,3.1,0,2.25,62,,0	½ container~32|1 package~64
2010432	B	1	571,7.14,32.1,57.1,125,53.6,21.4,0,3.6,0,1.29,0,,0	1 piece~28|1 package~85
2564892	B	8	529,2.94,26.5,67.6,88,55.9,23.5,0,0,0,2.94,88,412,,0	3 pieces~34
2120861	B	8	518,3.57,28.6,57.1,62,57.1,25,0,1.8,0,2.57,36,,0	13 pieces~56
2070663	B	1	500,2.63,29,68.4,118,55.3,26.3,0,2.6,0,.95,0,,0	4 pieces~38|1 package~255
2103727	B	1	525,2.5,27.5,67.5,312,55,22.5,0,2.5,0,2.7,50,,0	9 pieces~40|1 package~454
2047728	B	8	514,2.7,29.7,70.3,54,56.8,27,0,2.7,0,2.92,54,,0	.1 piece~37|1 package~368
2651825	B	1	515,3.03,27.3,66.7,91,57.6,24.2,0,0,0,3.03,91,424,,0	4 pieces~33|1 package~128
2070672	B	4	512,2.33,27.9,67.4,116,55.8,25.6,0,2.3,0,.84,0,,0	1/3 piece~43|1 package~129
2673326	B	1	536,3.57,28.6,67.9,89,57.1,25,0,0,0,3.57,71,429,,0	1 bar~28|1 package~85
2043213	B	8	514,2.86,28.6,68.6,57,57.1,25.7,0,2.9,0,2.06,57,,0	1 pieces~35
2096657	B	1	514,2.86,28.6,68.6,57,57.1,25.7,0,2.9,0,2.06,57,,0	½ piece~35|1 package~71
2166197	B	8	529,2.94,26.5,67.6,88,55.9,23.5,0,0,0,2.94,88,412,,0	3 pieces~34|1 package~1190
2009180	B	1	518,3.57,28.6,66.1,179,57.1,25,0,1.8,0,.64,71,,0	½ piece~56|1 package~113
2029819	B	1	500,2.5,27.5,67.5,112,57.5,25,0,2.5,0,.9,0,,0	9 pieces~40|1 package~255
2564884	B	8	533,3.33,26.7,66.7,83,56.7,23.3,0,3.3,0,3.6,67,350,,0	¼ piece~30|1 package~120
1857928	B	8	500,2.63,29,68.4,118,55.3,26.3,0,2.6,0,.95,0,,0	4 pieces~38|1 package~142
2166946	B	8	536,3.57,28.6,67.9,89,57.1,25,0,0,0,3.57,71,429,,0	.2 piece~28|1 package~142
2041601	B	1	500,2.63,29,68.4,66,55.3,26.3,0,2.6,0,2.84,53,,0	4 pieces~38|1 package~142
2043214	B	1	543,2.86,28.6,65.7,57,57.1,25.7,0,2.9,0,3.09,57,,0	1/3 pieces~35|1 package~104
2047055	B	1	520,2,28,68,110,56,26,0,2,0,2.16,40,,0	¼ piece~50
2417193	B	0	467,3.33,20,76.7,183,63.3,13.3,0,3.3,0,.33,67,200,,0	2/3 cup~30|1 package~77
2339455	B	1	536,3.57,28.6,64.3,107,57.1,28.6,0,3.6,0,2.57,0,,0	1 serving~28|1 package~85
2564881	B	1	536,3.57,28.6,64.3,71,60.7,25,0,0,0,3.57,107,429,,0	3 pieces~28|1 package~128
1897724	B	8	553,2.63,31.6,68.4,66,65.8,26.3,0,2.6,0,2.84,53,,0	4 pieces~38|1 package~142
2050298	B	1	535,2.33,30.2,67.4,58,62.8,25.6,12,2.3,0,3.35,47,,0	6 pieces~43
2564879	B	8	533,3.33,30,66.7,67,60,26.7,0,0,0,6.67,133,400,,0	6 pieces~30|1 package~128
1897722	B	1	512,6.98,27.9,62.8,105,60.5,25.6,12,0,0,0,186,,0	9 pieces~43|1 package~142
1878025	B	1	526,2.63,31.6,65.8,105,60.5,26.3,0,0,0,2.84,53,,0	4 pieces~38|1 package~142
1920148	B	1	538,2.56,30.8,66.7,64,64.1,25.6,0,2.6,0,2.77,51,,0	8 pieces~39|1 package~454
1897725	B	1	526,7.89,34.2,55.3,145,50,23.7,0,2.6,0,0,53,,0	4 pieces~38|1 package~142
1873530	B	1	543,5.71,28.6,62.9,143,60,25.7,0,2.9,0,2.06,229,,0	½ piece~35|1 package~71
1878026	B	1	538,2.56,30.8,64.1,103,61.5,25.6,0,0,0,2.77,51,,0	11 pieces~39|1 package~142
1881199	B	1	558,6.98,32.6,58.1,128,53.5,23.3,0,2.3,0,1.67,47,,0	12 pieces~43|1 package~142
2103441	B	1	529,5.88,32.4,64.7,118,55.9,26.5,0,2.9,0,1.06,59,,0	2 pieces~34|1 package~136
2668627	B	4	500,5.88,23.5,67.6,265,41.2,14.7,0,2.9,0,2.65,59,235,,0	4 cookies~34|1 package~170
2315282	B	1	536,3.57,28.6,64.3,71,60.7,25,0,0,0,3.57,107,429,,0	½ piece~28|1 package~56
1942683	B	1	536,3.57,28.6,64.3,71,60.7,25,0,0,0,3.86,71,375,,0	½ piece~28|1 package~56
2041598	B	8	521,2.08,29.2,64.6,62,60.4,25,0,2.1,0,2.25,42,,0	4 pieces~48
2564869	B	8	484,6.45,25.8,67.7,48,64.5,16.1,16,0,0,3.23,129,194,,0	.05 piece~31|1 package~624
2414442	B	0	433,6.67,11.7,76.7,600,26.7,10,0,3.3,0,6.67,100,167,,0	1/3 cup~30|1 package~170
2415319	B	0	467,6.67,16.7,73.3,433,43.3,15,0,3.3,0,2,67,167,,0	1 serving~30|1 package~170
2042143	B	1	467,6.67,16.7,70,433,43.3,16.7,0,0,0,1.2,67,,0	5 pieces~30|1 package~453
2668628	B	0	500,3.33,16.7,76.7,150,63.3,13.3,0,0,0,.33,67,133,,0	½ cup~30|1 package~212
2564887	B	8	500,5.36,26.8,66.1,45,62.5,16.1,18,1.8,0,1.79,125,214,,0	.11 piece~56|1 package~510
2596335	B	8	500,3.57,28.6,67.9,54,64.3,16.1,18,0,0,3.57,143,214,,0	.2 piece~28|1 package~142
1874774	B	8	536,3.57,28.6,67.9,54,64.3,25,0,3.6,0,2.57,0,,0	1 piece~28
2091158	B	1	521,2.82,28.2,66.2,176,57.8,25.4,0,1.4,0,.51,56,,0	1 piece~71
1897721	B	1	520,4,28,68,60,64,24,0,0,0,2.88,0,,0	1 piece~25
2070668	B	8	518,3.57,28.6,66.1,179,57.1,25,0,1.8,0,.64,71,,0	½ pieces~56|1 package~113
2050296	B	1	536,1.79,30.4,66.1,62,62.5,26.8,9,1.8,0,2.57,36,,0	1 piece~56
1897719	B	8	535,2.33,32.6,62.8,70,58.1,27.9,0,2.3,0,.84,47,,0	1/3 piece~43|1 package~128
2373827	B	0	467,6.67,16.7,73.3,450,40,16.7,0,3.3,0,2.67,67,233	7 pieces~30|1 package~170
2269022	B	12	400,3.33,10,73.3,333,50,6.67,0,0,0,3.33,33,,,0	½ cup~30|1 package~453
2651642	B	8	524,4.76,28.6,66.7,95,57.1,23.8,0,0,0,4.76,95,429,,0	½ piece~21|1 package~42.5
1874772	B	1	553,2.63,31.6,68.4,66,65.8,26.3,0,2.6,0,2.84,53,,0	4 pieces~38|1 package~142
1976140	B	8	531,3.12,28.1,65.6,94,56.2,25,0,0,0,3.12,94,406,,0	4 pieces~32|1 package~128
1876615	B	1	474,2.63,26.3,63.2,118,52.6,21,13,0,0,0,53,,0	4 pieces~38|1 package~142
2043208	B	8	553,2.63,31.6,68.4,66,65.8,26.3,0,2.6,0,2.84,53,,0	4 pieces~38|1 package~142
2564874	B	1	536,3.57,28.6,64.3,71,60.7,25,0,0,0,3.57,107,429,,0	3 pieces~28|1 package~128
2417612	B	12	433,6.67,13.3,73.3,600,26.7,11.7,0,3.3,0,6.67,80,,,0	1/3 cup~30|1 package~481
2451713	B	12	433,6.67,13.3,76.7,600,26.7,10,0,3.3,0,6.67,100	1/3 cup~30|1 package~425
2426548	B	12	467,3.33,10,80,417,50,6.67,0,0,0,1.67,33,100,,0	½ cup~30|1 package~368
2564891	B	8	543,5.71,31.4,62.9,100,57.1,25.7,0,0,0,2.86,200,486,,0	.17 pieces~35|1 package~213
2446390	B	1	500,3.33,26.7,66.7,50,63.3,16.7,17,0,0,3.33,133,200,,0	.17 piece~30|1 package~184
2499705	B	8	543,2.86,28.6,65.7,57,60,25.7,0,0,0,5.71,114,429,,0	1/3 piece~35|1 package~106
1874770	B	8	500,3.57,28.6,67.9,54,64.3,16.1,18,0,0,3.57,143,214,,0	.1 piece~28|1 package~283
2534073	B	8	485,6.06,27.3,66.7,45,63.6,15.2,15,3,0,3.03,121,212,,0	1/3 pieces~33|1 package~99
2544752	B	8	500,6.25,28.1,65.6,47,62.5,15.6,16,0,0,3.12,125,219,,0	¼ piece~32|1 package~128
2314471	B	8	500,3.57,28.6,67.9,54,64.3,17.9,18,3.6,0,3.57,143,214,,0	.05 pieces~28|1 package~624
2631584	B	8	535,4.65,30.2,62.8,105,62.8,25.6,12,0,0,0,186,395,,0	1 piece~43
2546664	B	8	535,2.33,30.2,62.8,105,62.8,25.6,0,0,0,0,186,,0	1 piece~43
2070664	B	8	512,2.33,30.2,65.1,102,60.5,27.9,0,2.3,0,0,47,,0	1 piece~43
2420135	B	8	543,2.86,28.6,65.7,57,60,25.7,0,0,0,5.14,57,200,,0	1 piece~35
2499702	B	30	543,2.86,28.6,65.7,57,60,25.7,0,0,0,5.14,57,,,0	1 piece~35|1 package~106
2040989	B	1	472,2.78,25,63.9,69,52.8,22.2,14,0,0,3,56,,0	3 pieces~36|1 package~340
2564885	B	8	514,2.86,28.6,65.7,86,57.1,22.9,0,2.9,0,5.71,86,429,,0	½ piece per serving~35|1 package~70.9
2070660	B	8	500,5.36,28.6,64.3,54,60.7,16.1,18,1.8,0,.64,107,,0	1 piece~56
1876616	B	1	536,3.57,32.1,64.3,107,60.7,25,0,0,0,0,143,,0	1 piece~28|1 package~85
2564890	B	8	535,2.33,30.2,65.1,58,60.5,25.6,0,2.3,0,4.65,116,419,,0	1 piece~43
2133472	B	1	535,4.65,30.2,62.8,140,58.1,25.6,12,0,0,0,209,419,,0	1 piece~43
1873528	B	8	529,2.94,29.4,67.6,59,61.8,26.5,0,2.9,0,2.12,59,,0	3 pieces~34|1 package~142
2043209	B	8	500,2.5,27.5,67.5,112,57.5,25,0,2.5,0,.9,0,,0	5 pieces~40|1 package~142
2045363	B	8	536,7.14,35.7,55.4,71,51.8,21.4,27,1.8,0,3.21,179,,0	.12 coin~56|1 package~454
2022230	B	8	537,3.7,29.6,68.5,185,59.3,25.9,0,1.9,0,.67,74,,0	½ piece~54|1 package~113
1857930	B	8	535,2.33,30.2,67.4,58,62.8,25.6,12,2.3,0,3.35,47,,0	1 \3 bar~43|1 package~128
2100497	B	8	535,2.33,32.6,62.8,70,58.1,27.9,0,2.3,0,.84,47,,0	1 piece~43
2673340	B	8	536,3.57,28.6,64.3,71,60.7,25,0,0,0,3.57,107,429,,0	3 pieces~28|1 package~128
2041596	B	8	528,2.78,30.6,63.9,181,61.1,27.8,0,2.8,0,1,111,,0	.12 container~36|1 package~290
2009182	B	8	518,3.57,32.1,64.3,71,58.9,28.6,0,1.8,0,.64,36,,0	1/3 piece~56|1 package~170
2564872	B	1	533,3.33,30,66.7,67,60,26.7,0,0,0,6.67,133,400,,0	6 pieces~30
2070666	B	8	535,2.33,32.6,62.8,58,62.8,27.9,12,2.3,0,2.51,47,,0	¼ piece~43|1 package~170
2451848	B	1	536,3.57,28.6,64.3,71,60.7,25,0,0,0,3.86,71,250,,0	3 pieces~28|1 package~99
1942787	B	1	536,3.57,28.6,64.3,71,60.7,25,0,0,0,3.86,71,375,,0	3 pieces~28|1 package~56
1979656	B	8	536,3.57,28.6,64.3,71,60.7,25,0,0,0,3.57,107,429,,0	3 pieces~28|1 package~128
2165823	B	8	536,3.57,28.6,64.3,71,60.7,25,0,0,0,3.57,107,429,,0	1 serving~28|1 package~128
2564882	B	8	543,2.86,28.6,65.7,57,60,25.7,0,0,0,5.71,114,429,,0	½ piece per serving~35|1 package~70.9
2166808	B	8	529,2.94,29.4,64.7,59,61.8,26.5,0,0,0,5.88,118,412,,0	2 pieces~34|1 package~85
2641480	B	8	543,2.86,28.6,65.7,57,60,25.7,0,0,0,5.14,57,200,,0	4 pieces~35
1906566	B	1	536,3.57,28.6,64.3,143,60.7,25,0,0,0,1.29,214,,0	1 piece~28|1 package~113
2120543	B	1	514,5.71,25.7,65.7,29,62.9,17.1,14,2.9,0,3.09,57,,0	¼ piece~35|1 package~142
2010394	B	1	524,4.76,28.6,61.9,95,61.9,28.6,0,0,0,0,0,,0	1 piece~21|1 package~64
1979660	B	8	533,3.33,30,66.7,67,60,26.7,0,0,0,6.67,133,400,,0	6 pieces~30|1 package~128
1973793	B	8	516,3.23,29,67.7,81,58.1,22.6,0,0,0,3.23,97,419,,0	.2 piece~31|1 package~156
2564876	B	8	516,3.23,29,67.7,81,58.1,22.6,0,0,0,3.23,97,419,,0	.2 piece~31|1 package~156
1897726	B	1	465,2.33,27.9,55.8,58,51.2,23.3,0,2.3,0,.84,0,,0	12 pieces~43|1 package~113
2041600	B	1	538,2.56,30.8,64.1,103,61.5,25.6,0,0,0,2.77,51,,0	11 pieces~39|1 package~85
2564893	B	8	538,3.85,30.8,65.4,58,57.7,23.1,0,0,0,3.85,115,462,,0	3 pieces~26|1 package~113
2564895	B	8	538,3.85,30.8,65.4,58,57.7,23.1,0,0,0,3.85,115,462,,0	3 pieces~26
2022139	B	79	465,2.33,27.9,55.8,58,51.2,23.3,0,2.3,0,.84,0,,0	5 pieces~43|1 package~113
2419199	B	1	538,3.85,30.8,65.4,58,57.7,23.1,0,0,0,3.85,115,462,,0	3 pieces~26|1 package~96
2166754	B	12	433,6.67,13.3,73.3,567,26.7,11.7,0,3.3,0,6.67,93,,,0	1/3 cup~30|1 package~481
2564888	B	8	500,3.57,28.6,67.9,54,64.3,17.9,18,3.6,0,3.57,143,214,,0	.12 piece~28|1 package~227
2673330	B	8	543,2.86,28.6,65.7,57,62.9,25.7,0,2.9,0,2.06,57,,0,,,,0	½ package~35|1 package~71
2564860	B	8	485,6.06,27.3,66.7,45,63.6,15.2,15,0,0,3.03,121,212,,0	.17 piece~33|1 package~198
1930120	B	8	538,2.56,30.8,66.7,64,64.1,25.6,0,2.6,0,2.77,51,,0	6 pieces~39|1 package~283
2287292	B	8	526,2.63,31.6,63.2,66,57.9,26.3,0,2.6,0,.95,0,,0	4 pieces~38|1 package~142
2369404	B	1	400,6.67,11.7,73.3,200,50,1.67,0,3.3,0,.33,33,133,,0	1 serving~30|1 package~226
2103749	B	1	559,5.88,32.4,58.8,132,55.9,23.5,0,2.9,0,1.06,0,,0	3 pieces~34|1 package~340
2070671	B	1	529,8.82,35.3,55.9,147,50,23.5,0,2.9,0,0,59,,0	3 pieces~34|1 package~142
2564873	B	1	559,8.82,32.4,55.9,162,50,23.5,0,0,0,2.94,88,441,,0	3 pieces~34|1 package~128
2022221	B	1	536,7.14,32.1,57.1,125,53.6,25,0,3.6,0,0,0,,0	1 piece~28|1 package~85
2152354	B	12	531,12.5,31.2,53.1,625,28.1,14.1,0,0,0,3.12,62,375,,0	¼ cup~32|1 package~99
2045366	B	1	553,7.89,34.2,57.9,132,55.3,23.7,0,2.6,0,1.89,53,,0	4 pieces~38|1 package~283
2369403	B	5	467,16.7,20,56.7,1130,6.67,3.33,0,3.3,0,4.67,33,333	10 pieces~30|1 package~510
2564862	B	8	536,7.14,32.1,57.1,161,50,21.4,0,0,0,3.57,71,464,,0	1 piece per serving~28|1 package~85.1
1878027	B	1	558,6.98,32.6,58.1,128,53.5,23.3,0,2.3,0,1.67,47,,0	½ piece~43|1 package~85
2218006	B	12	516,9.38,28.1,59.4,625,34.4,15.6,0,0,0,3.12,62,344,,0	¼ cup~32|1 package~85
2369408	B	8	393,0,1.79,85.7,125,67.9,0,0,0,0,0,0,36,,0	2 pieces~28|1 package~255
2048152	B	1	500,5,27.5,65,75,60,25,0,0,0,0,100,,0	1 serving~40|1 package~255
2379751	B	1	523,2.27,31.8,63.6,68,56.8,29.6,0,2.3,0,.82,45,,0	5 pieces~44|1 package~113
2412451	B	1	345,0,0,79.3,103,65.5,0,0,0,0,0,0,0,,0	2 pieces~29|1 package~255
2438649	B	1	526,2.63,31.6,63.2,66,57.9,26.3,0,2.6,,.95,0,,0	4 pieces~38|1 package~142
2169268	B	0	467,3.33,20,73.3,150,63.3,15,0,0,0,0,67,,,0	1 serving~30|1 package~510
2673325	B	1	538,3.85,30.8,65.4,58,57.7,26.9,0,0,0,3.85,38,308,,0	3 pieces~26|1 package~96
2564861	B	8	500,3.57,28.6,67.9,54,64.3,17.9,18,3.6,0,3.57,143,214,,0	.2 piece~28|1 package~142
2117782	B	1	500,3.57,28.6,67.9,54,64.3,17.9,18,3.6,0,3.57,143,,,0	.06 pieces~28
2070659	B	8	513,5.13,28.2,64.1,51,61.5,18,13,2.6,0,.92,103,,0	8 pieces~39|1 package~227
1881200	B	0	525,2.5,27.5,67.5,312,55,22.5,0,2.5,0,2.7,50,,0	1/3 bar~40|1 package~120
1939039	B	5	467,13.3,20,56.7,1100,6.67,3.33,0,3.3,0,4.8,67,,0	10 pieces~30|1 package~567
2564867	B	8	528,2.78,30.6,63.9,69,61.1,25,0,0,0,5.56,111,417,,0	½ piece per serving~36|1 package~70.9
2093754	B	1	590,5.13,30.8,61.5,115,56.4,25.6,0,2.6,,.92,51,,0	1 serving~39|1 package~425
2564870	B	8	538,3.85,26.9,65.4,96,57.7,23.1,0,0,0,4.15,77,269,,0	1/3 piece~26|1 package~78
2529282	B	8	543,2.86,28.6,65.7,57,60,25.7,0,0,0,5.71,114,429,,0	1 serving~35|1 package~70.9
2564871	B	1	531,12.5,31.2,53.1,625,28.1,14.1,0,0,0,3.12,62,375,,0	¼ cup~32|1 package~99.2
2564877	B	8	536,3.57,28.6,67.9,89,57.1,25,0,0,0,3.57,71,429,,0	.2 piece~28|1 package~142
2529287	B	1	536,3.57,28.6,64.3,71,60.7,25,0,0,0,3.57,107,429,,0	1 serving~28|1 package~128
2373992	B	1	500,3.33,30,63.3,933,50,26.7,0,3.3,0,4.67,33,,,0	1 serving~30|1 package~226
2373986	B	1	400,3.33,13.3,63.3,1270,46.7,11.7,0,3.3,0,2.67,67,233	2 pieces~30|1 package~311
1959631	B	1	500,3.57,28.6,67.9,54,64.3,17.9,18,3.6,0,3.57,143,214,,0	.1 pieces~28|1 package~283
2564889	B	8	500,3.57,28.6,67.9,54,64.3,17.9,18,3.6,0,3.57,143,214,,0	.1 pieces~28|1 package~284
2136506	B	1	532,4.26,31.9,61.7,53,59.6,19.2,11,2.1,0,0,128,,0	1/3 piece~47|1 package~142
2564868	B	8	536,3.57,28.6,64.3,71,60.7,25,0,0,0,3.57,107,429,,0	1 piece per serving~28|1 package~85.1
1945211	B	12	405,4.76,10.7,69,357,45.2,7.14,0,2.4,0,1.71,48,,0	2/3 cup~42|1 package~453
2564886	B	8	500,3.57,28.6,67.9,54,64.3,17.9,18,3.6,0,3.57,143,214,,0	.2 piece~28|1 package~142
2070669	B	8	472,2.78,25,63.9,125,52.8,22.2,14,0,0,0,56,,0	3 pieces~36|1 package~142
2103613	B	1	471,2.94,26.5,64.7,74,52.9,20.6,15,0,0,0,59,,0	3 pieces~34|1 package~340
2499707	B	1	469,3.12,25,56.2,62,53.1,21.9,16,0,0,0,62,,0	½ piece~32|1 package~64
2019393	B	8	500,3.57,25,64.3,143,57.1,21.4,18,0,0,3.57,107,321,,0	1 piece~28|1 package~85
2142879	B	8	525,2.5,27.5,67.5,312,55,22.5,0,2.5,0,2.7,50,,0	9 pieces~40|1 package~142
2673324	B	1	536,3.57,28.6,64.3,71,60.7,25,0,0,0,3.57,107,,,0	¼ pieces~28|1 package~113
2564878	B	8	536,3.57,28.6,64.3,71,60.7,25,0,0,0,3.57,107,429,,0	1/3 piece per serving~28|1 package~85.1
2047056	B	8	538,2.56,30.8,66.7,64,64.1,25.6,0,2.6,0,2.77,51,,0	8 pieces~39
2070662	B	8	474,2.63,26.3,63.2,118,52.6,21,13,0,0,0,53,,0	4 pieces~38|1 package~255
1860150	B	8	514,2.86,31.4,62.9,71,60,28.6,0,2.9,0,0,57,,0	½ piece~35|1 package~71
2010393	B	8	524,4.76,28.6,61.9,95,61.9,28.6,0,0,0,0,0,,0	1 piece~21|1 package~64
2070674	B	1	553,2.63,31.6,68.4,66,65.8,26.3,0,2.6,0,2.84,53,,0	4 pieces~38|1 package~142
2564866	B	1	543,2.86,28.6,65.7,57,60,25.7,0,0,0,5.71,114,429,,0	½ piece per serving~35|1 package~70.9
1485791	B	8	514,2.86,31.4,62.9,71,60,28.6,0,2.9,0,0,57,,0	½ piece~35
2045362	B	1	500,2.63,29,68.4,66,55.3,26.3,0,2.6,0,2.84,53,,0	4 pieces~38
2564896	B	8	533,3.33,30,63.3,100,56.7,26.7,0,0,0,3.33,200,467,,0	¼ piece~30|1 package~120
1972692	B	8	533,3.33,30,63.3,100,56.7,26.7,0,0,0,3.33,200,467,,0	¼ piece~30|1 package~120
2134495	B	8	528,2.78,30.6,63.9,69,61.1,25,0,0,0,5.56,111,417,,0	½ piece~36|1 package~71
2469139	B	1	541,4.71,30.6,62.4,94,57.6,27.1,6,2.4,0,3.53,200,482,,1.18	1 piece~85
1922320	B	1	558,9.3,32.6,53.5,186,53.5,23.3,0,2.3,0,1.67,233,,0	½ piece~43|1 package~85
1942795	B	1	571,7.14,32.1,57.1,125,50,25,0,0,0,0,179,429,,0	3 pieces~28|1 package~142
2169784	B	1	571,7.14,32.1,57.1,125,50,25,0,0,0,0,179,429,,0	3 pieces~28|1 package~128
1878796	B	0	467,3.33,16.7,76.7,467,50,15,0,0,0,2.4,0,,0	6 pieces~30|1 package~198
2047053	B	46	535,2.33,30.2,67.4,58,62.8,25.6,12,2.3,0,3.35,47,,0	1/3 bar~43
2373820	B	1	433,6.67,13.3,76.7,283,53.3,8.33,0,3.3,,8,133,200,,0	1/3 cup~30|1 package~170
2465042	B	12	433,3.33,10,83.3,333,50,8.33,0,0,0,11.7,167,67,,2	1/3 cup~30|1 package~481
2315760	B	4	433,6.67,13.3,76.7,333,46.7,6.67,0,3.3,0,2.4,0,,8	1/3 cup~30|1 package~538
2564883	B	8	536,3.57,28.6,64.3,71,60.7,25,0,0,0,3.57,107,429,,0	1/3 piece per serving~28|1 package~85.1
2013180	B	8	525,2.5,27.5,62.5,88,60,25,0,0,0,.9,100,,0	1 serving~40|1 package~255
2042150	B	1	500,5,30,62.5,1100,40,27.5,0,5,0,4.5,0,,0	1 serving~40|1 package~198
2542791	B	1	429,3.57,14.3,71.4,107,67.9,7.14,18,0,0,3.86,29,714,,0	1 plece~28|1 package~226
2048164	B	0	467,3.33,16.7,76.7,183,56.7,10,0,3.3,0,0,67,,0	½ cup~30|1 package~255
2280867	B	0	500,13.3,33.3,50,100,43.3,13.3,0,3.3,0,3.33,77,393,,0	¼ cup~30|1 package~141
2299838	B	0	467,6.67,20,66.7,433,40,20,0,3.3,0,,90,367,,0	9 pieces~30|1 package~99
2170635	B	12	467,10,16.7,70,1300,3.33,0,0,3.3,0,3.33,23,127,,0	½ cup~30|1 package~425
2042144	B	0	433,3.33,11.7,80,500,50,8.33,0,3.3,0,0,0,,0	½ cup~30|1 package~340
2273995	B	1	433,3.33,11.7,76.7,233,50,10,0,0,0,1.67,67,133,,0	½ cup~30|1 package~85
2540927	B	1	429,3.57,10.7,78.6,107,67.9,7.14,18,0,0,0,29,725,,0	1 piece~28|1 package~226
1926568	B	0	467,3.33,16.7,76.7,510,46.7,15,0,0,0,3.6,0,,0	6 pieces~30|1 package~198
2504212	B	12	467,6.67,20,70,333,43.3,16.7,0,3.3,0,3.67,100,267,,.325	1/3 cup~30|1 package~453
2094039	B	1	333,0,0,83.3,0,72.2,0,0,0,0,0,0,,0	3 pieces~36|1 package~510
2419040	B	1	429,3.57,14.3,75,125,67.9,7.14,18,0,0,0,29,714,,0	1 piece~28|1 package~226
2452864	B	0	485,9.09,24.2,60.6,606,30.3,10.6,0,3,0,3.03,82,291,,0	5 pretzels~33|1 package~170
1997713	B	0	467,6.67,20,70,450,36.7,11.7,0,3.3,0,3.33,83,207,,0	1 serving~30|1 package~141
2075752	B	0	467,6.67,20,70,500,40,20,0,3.3,0,2.4,133,,0	6 pieces~30|1 package~283
2369099	B	1	400,6.67,11.7,73.3,200,50,1.67,0,3.3,0,0,23,147,,0	2½ in square /~30|1 package~255
2504211	B	12	467,3.33,13.3,80,317,53.3,10,0,0,0,1.33,33,167,,0	½ cup~30|1 package~311
2417610	B	4	333,0,0,78.8,106,63.6,0,0,0,0,0,6,15,,0	3 pieces~33|1 package~283
2165821	B	0	433,3.33,20,70,50,63.3,15,0,3.3,0,3.33,77,247,,0	2 tbsp~30|1 package~141
2163392	B	0	500,6.67,20,70,383,43.3,20,0,3.3,0,3.33,77,150,,0	6 pieces~30|1 package~99
2289662	B	1	475,2.5,25,62.5,1000,52.5,11.2,50,2.5,0,.9,0,,0	3 pieces~40|1 package~255
2217542	B	12	438,3.12,15.6,71.9,219,53.1,9.38,0,3.1,,3.12,138,175,,0	½ cup~32|1 package~148
2465144	B	12	467,6.67,16.7,73.3,317,46.7,13.3,0,0,0,4,100,200,,.325	1 serving~30|1 package~85
2417653	B	1	393,3.57,10.7,78.6,107,71.4,7.14,18,0,0,0,29,714,,0	1 piece~28|1 package~226
1916681	B	0	467,6.67,16.7,70,433,43.3,16.7,0,0,0,1.2,67,,0	5 pieces~30|1 package~198
2094034	B	1	333,0,0,83.3,0,71.4,0,0,0,0,0,0,,0	10 pieces~42|1 package~510
1994700	B	1	333,6.67,0,76.7,33,53.3,0,0,0,0,0,7,7,,0	11 pieces~30|1 package~155
2195246	B	1	453,9.43,6.6,60.4,151,45.3,5.66,0,,0,,45,283,,0	1 bar~53
2546458	B	0	467,6.67,20,73.3,400,43.3,16.7,0,.8,0,3.33,73,150,,0	6 pieces~30|1 package~141
1946074	B	8	500,3.57,28.6,67.9,54,64.3,17.9,18,3.6,0,3.57,143,214,,0	.12 piece~28|1 package~227
1898027	B	1	525,5,30,60,400,57.5,27.5,0,0,0,0,150,,3	1 serving~40|1 package~255
1997977	B	1	394,3.03,6.06,78.8,242,60.6,1.52,0,0,0,0,185,194,,0	1 serving~33|1 package~63
2044102	B	0	467,3.33,16.7,76.7,183,56.7,10,10,0,0,0,67,,0	½ cup~30|1 package~198
2044111	B	8	525,5,30,60,88,60,27.5,0,0,0,0,150,,0	1 serving~40|1 package~255
2042140	B	1	467,6.67,20,70,433,43.3,16.7,0,0,0,1.2,67,,0	9 pieces~30|1 package~120
2042141	B	8	525,2.5,30,65,62,65,27.5,0,0,0,0,100,,0	1 serving~40|1 package~283
2013179	B	0	500,5,30,62.5,1100,40,27.5,0,5,0,4.5,0,,0	1 serving~40|1 package~255
2047844	B	0	467,6.67,20,70,500,40,16.7,0,3.3,0,2.4,133,,0	5 pieces~30|1 package~141
2048148	B	0	433,3.33,11.7,80,500,50,8.33,0,3.3,0,0,67,,0	½ cup~30|1 package~99
2074039	B	0	450,7.5,17.5,72.5,0,57.5,2.5,0,2.5,0,0,0,,0	31 pieces~40|1 package~163
2045852	B	1	375,2.5,0,92.5,138,67.5,0,0,0,0,0,0,,0	21 pieces~40|1 package~368
2074037	B	1	438,6.25,15.6,75,156,56.2,3.12,0,0,0,0,0,,0	3 piece~16|1 package~127
2047853	B	8	450,2.5,17.5,65,400,60,8.75,0,0,0,.9,50,,0	3 pieces~40|1 package~340
2050866	B	8	525,5,30,60,400,57.5,27.5,0,0,0,0,150,,3	1 serving~40|1 package~283
2042148	B	1	450,2.5,17.5,62.5,775,55,10,0,2.5,0,.9,50,,0	4 pieces~40|1 package~283
2048158	B	0	467,6.67,16.7,70,433,43.3,16.7,0,0,0,1.2,67,,0	5 pieces~30|1 package~567
2044097	B	1	350,0,0,85,38,45,0,0,0,0,0,0,,0	3 pieces~40|1 package~907
2045858	B	0	467,6.67,20,70,500,40,20,0,3.3,0,2.4,133,,0	6 pieces~30|1 package~198
1921466	B	1	310,7.14,0,71.4,60,47.6,0,0,0,0,0,0,,0	13 pieces~42|1 package~184
2172194	B	1	333,6.67,0,76.7,33,53.3,0,0,0,0,0,7,7,,0	8 pieces~30|1 package~340
2535895	B	1	333,6.67,0,80,150,50	6 pieces~30|1 package~106
2050865	B	8	525,5,30,60,400,57.5,27.5,0,0,0,0,150,,3	1 serving~40|1 package~255
2045855	B	0	467,6.67,20,70,500,40,20,0,0,0,2.4,133,,0	6 pieces~30|1 package~198
2045860	B	8	467,6.67,20,70,500,40,16.7,0,3.3,0,2.4,133,,0	5 pieces~30|1 package~212
2047846	B	1	525,5,30,60,88,60,27.5,0,0,0,0,150,,0	1 serving~40|1 package~255
2048175	B	1	412,0,0,94.1,0,64.7,0,0,0,0,0,0,,0	4 pieces~17|1 package~340
2050868	B	1	350,0,0,85,38,47.5,0,0,0,0,0,0,,0	3 pieces~40|1 package~907
2091648	B	1	382,0,0,100,0,100,0,0,0,0,0,0,,0	3 pieces~17|1 package~184
2066788	B	0	467,6.67,20,70,500,40,20,0,0,0,2.4,133,,0	6 pieces~30|1 package~283
2050863	B	1	500,5,27.5,65,75,60,25,0,0,0,0,100,,0	1 serving~40|1 package~283
1881709	B	0	500,6.67,20,70,450,43.3,20,0,0,0,2.4,133,,0	6 pieces~30|1 package~283
2380484	B	1	525,2.5,27.5,62.5,50,60,25,0,0,0,0,100,,0	1 serving~40|1 package~255
2045854	B	1	525,2.5,30,65,62,65,27.5,0,0,0,0,100,,0	1 serving~40|1 package~255
2074041	B	1	357,0,0,100,0,71.4,0,0,0,0,0,0,,0	2 piece~14|1 package~148
2074040	B	1	381,0,4.76,90.5,143,54.8,3.57,0,0,0,0,0,,0	7 pieces~42|1 package~155
2045864	B	0	500,6.67,20,70,467,43.3,16.7,0,0,0,1.2,133,,0	5 pieces~30
2050870	B	1	333,0,0,85.7,36,54.8,0,0,0,0,0,0,,0	10 pieces~42|1 package~907
2042142	B	0	467,6.67,20,70,467,40,16.7,0,0,0,1.2,67,,0	6 pieces~30|1 package~283
2045863	B	8	500,5,27.5,57.5,212,52.5,12.5,12,2.5,0,.9,50,,0	2 pieces~40|1 package~255
2042146	B	0	433,3.33,11.7,80,500,50,8.33,0,3.3,0,0,67,,0	½ cup~30|1 package~106
2074046	B	1	310,7.14,0,71.4,36,64.3,0,0,0,0,0,0,,0	9 pieces~42
2042145	B	0	450,5,15,75,12,70,0,0,2.5,0,0,100,,0	11 pieces~40|1 package~396
2042147	B	12	433,6.67,11.7,76.7,767,26.7,8.33,0,3.3,0,3.6,67,,0	½ cup~30|1 package~170
2045866	B	1	310,7.14,0,71.4,24,52.4,0,0,0,0,0,0,,0	9 pieces~42|1 package~255
2045862	B	1	333,0,0,85.7,36,54.8,0,0,0,0,0,0,,0	10 pieces~42|1 package~340
2044116	B	12	500,13.3,26.7,53.3,800,3.33,5,0,3.3,0,1.2,0,,0	1/3 cup~30|1 package~170
2074044	B	1	400,2.5,11.2,72.5,312,47.5,11.2,0,0,0,0,100,,0	9 pieces~40|1 package~120
1900828	B	1	368,0,0,94.7,0,84.2,0,0,0,0,0,0,,0	4 pieces~19|1 package~141
2050862	B	0	467,6.67,20,70,500,40,20,0,3.3,0,2.4,133,,0	9 pieces~30|1 package~198
2042139	B	0	467,6.67,20,70,500,40,20,0,3.3,0,2.4,133,,0	9 pieces~30|1 package~212
2074045	B	1	49,0,0,12.2,0,12.2,0,0,0,0,0,0,,0	5 bottles~41|1 package~127
1902564	B	0	467,3.33,15,76.7,567,43.3,13.3,0,0,0,2.4,0,,0	6 pieces~30|1 package~283
1881712	B	0	467,3.33,16.7,76.7,467,50,15,0,0,0,2.4,0,,0	6 pieces~30|1 package~198
2623902	B	0	467,3.33,15,76.7,567,43.3,13.3,0,0,0,2.4,0,,0,,,,0	6 pieces~30|1 package~283
1878577	B	0	467,3.33,16.7,73.3,467,46.7,15,0,0,0,2.4,0,,0	6 pieces~30|1 package~198
1902561	B	0	467,3.33,15,76.7,567,43.3,13.3,0,0,0,2.4,0,,0	6 pieces~30|1 package~283
1900829	B	1	375,2.5,7.5,80,300,47.5,5,0,0,0,0,50,,0	6 pieces~40|1 package~127
1893955	B	12	643,42.9,50,0,3140,0,14.3,143,0,0,0,0,,0	1 serving~14|1 package~56.7
2289876	B	2	467,13.3,43.3,3.33,567,0,16.7,67,0,0,0,333,,4	2 tbsp~30|1 package~680
2053114	B	81	333,10,3.33,66.7,33,0,0,,6.7,0,3.6,0,,0	¼ cup~30|1 package~907
2194089	B	37	545,6.06,33.3,54.6,152,24.2,4.55,0,6.1,0,1.21,61,0,,0	1½ cup~33
2094509	B	22	300,2.5,0,82.5,25,70,0,0,7.5,0,.9,50,550,0	¼ cup~40|1 package~283
2094513	B	22	300,2.5,0,80,0,72.5,0,0,7.5,0,.9,50,725,0	5 -6 pieces / per~40|1 package~283
2607277	B	68	27,1.33,0,5.33,80,0,0,0,2.7,0	1 serving~75|1 package~340
1981353	B	16	27,1.33,0,5.33,80,0,0,,2.7,0	1 serving~75|1 package~400
2664708	B	16	27,1.33,0,5.33,80,0,0,,2.7,0	1 serving~75|1 package~380
2652241	B	16	27,1.33,0,5.33,80,1.33,0,0,2.7,0,0,33,200,,0	1 serving~75|1 package~340
2628665	B	16	27,1.33,0,5.33,80,0,0,,2.7,0	1 serving~75|1 package~340
2607278	B	61	27,1.33,0,5.33,80,0,0,0,2.7,0	1 serving~75
2607279	B	125	27,1.78,0,3.55,80,0,0,0,1.8,0	1 serving~113|1 package~340
2609088	B	61	44,3.54,0,7.08,308,.88,.22,0,1.8,.01	1 serving~113|1 package~226
2107160	B	11	0,0,0,0,36100	¼ tsp~1.4|1 package~113
2086299	B	11	0,0,0,0,35900	¼ tsp~1.4|1 package~113
2042240	B	0	643,7.14,50,39.3,607,3.57,42.9,,7.1,,1.29,143,,8.6	1 serving~28|1 package~85
2642453	B	0	571,7.14,39.3,53.6,714,0,35.7,0,10.7,0,2.14,107,0,,0	2½ cup~28|1 package~141
2302105	B	0	536,4.76,40.5,47.6,1390,0,35.7,0,11.9,0,0,26,114,,0	2¼ cup /~42
2265314	B	0	571,7.14,46.4,39.3,857,3.57,39.3,18,0,0,0,157,239,,0	1 serving~28|1 package~226
2417725	B	0	643,14.3,57.1,26.2,857,,42.9,0,4.8,0,0,105,200,,0	2¼ cup~42
2642454	B	0	607,7.14,46.4,46.4,1500,7.14,39.3,18,7.1,0,1.79,179,0,,0	1½ cup~28|1 package~170
2655644	B	0	571,7.14,42.9,39.3,893,3.57,39.3,18,0,0,0,136,221,,0	1 serving~28|1 package~170
2061328	B	19	100,0,0,20,0,20	1 tsp~5|1 package~250
2061324	B	19	100,0,0,20,0,20	1 tsp~5|1 package~250
2542969	B	19	0,0,0,6,0,0	1 tsp~5|1 package~250
1923707	B	0	643,10.7,50,39.3,607,0,42.9,18,7.1,0,1.29,71,,0	1 serving~28|1 package~226
2419123	B	0	406,3.12,6.25,87.5,531,59.4,1.56,0,3.1,0,1.25,,,,0	2/3 cup~32|1 package~198
1881794	B	0	571,10.7,42.9,39.3,571,3.57,35.7,18,7.1,0,1.29,71,,0	1 serving~28|1 package~226
2432999	B	0	571,7.14,42.9,42.9,1180,3.57,35.7,0,0,0,0,82,175,,0	1 serving~28|1 package~226
2386285	B	0	536,3.57,39.3,46.4,1390,0,35.7,0,10.7,0,0,25,114,,0	1 cup~28|1 package~198
1881793	B	0	571,10.7,46.4,39.3,1210,0,35.7,18,7.1,0,1.29,71,,0	1 serving~28|1 package~226
1923706	B	0	464,10.7,25,60.7,1210,0,17.9,0,10.7,0,2.57,0,,0	1 serving~28|1 package~113
1878720	B	0	571,10.7,46.4,39.3,500,0,35.7,18,7.1,0,1.29,71,,0	1 serving~28|1 package~226
1916836	B	9	349,6.02,12,55.4,217,31.3,8.43,96,2.4,0,1.3,48,,0	1 serving~83|1 package~1000
2744594	B	161	0,0,0,0,0,0,0,0,0,0,0,0,0,0,0,0,0,0	¼ second spray~.5
2415872	B	41	833,0,83.3,0,0,,0,0,,0	¼ sec. spray /~.6|1 package~147
2744595	B	161	0,0,0,0,0,0,0,0,0,0,0,0,0,0,0,0,0,0	.2 second spray~.4
2578472	B	41	800,0,80,0,,,0,0,,0	½ second spray~.5|1 package~110
2744588	B	161	0,0,0,0,0,0,0,0,0,0,0,0,0,0,0,0,0,0	¼ second spray~.3
2415482	B	41	0,0,0,0,0,,0,0,,0	¼ second spray~.2|1 package~141
2742279	B	161	0,0,0,0,0,0,0,0,0,0,0,0,0,0,0,0,0,0	1/3 second spray~.3
2502268	B	41	0,0,0,0,0,,0,0,,0	1/3 sec spray~.3|1 package~481
2414110	B	41	0,0,0,0,0,,0,0,,0	1/3 stroke~.3|1 package~458
2435520	B	41	0,0,0,0,0,,0,0,,0	.2 second spray~.4|1 package~141
2546093	B	41	0,0,0,0,0,,0,0,,0	¼ second spray~.2|1 package~227
2744601	B	161	0,0,0,0,0,0,0,0,0,0,0,0,0,0,0,0,0,0	¼ second spray~.2
2519968	B	161	0,0,0,0,0,0,0,0,0,0,0,0,0,0,0,0,0	¼ second spray~.2
2715766	B	161	0,0,0,0,0,0,0,0,0,0,0,0,0,0,0,0,0,0	1/3 sec spray~.2
2699837	B	161	0,0,0,0,0,0,0,0,0,0,0,0,0,0,0,0,0,0	1/3 second spray~.2
2578473	B	41	800,0,80,0,2000,,0,0,,0	.12 tsp~.5|1 package~110
2602042	B	41	0,0,0,0,0,0,0,0,0,0,0,0,0,,0	1/3 second spray~.2|1 package~198
2742307	B	161	0,0,0,0,0,0,0,0,0,0,0,0,0,0,0,0,0,0	¼ second spray~.2
2742278	B	161	0,0,0,0,0,0,0,0,0,0,0,0,0,0,0,0,0,0	1/3 sec. spray~.3
2742277	B	161	0,0,0,0,0,0,0,0,0,0,0,0,0,0,0,0,0,0	¼ sec spray~.2
2519977	B	161	0,0,0,0,0,0,0,0,0,0,0,0,0,0,0,0,0	1/3 stroke~.3
2744584	B	161	0,0,0,0,0,0,0,0,0,0,0,0,0,0,0,0,0,0	¼ second spray~.2
2744603	B	161	0,0,0,0,0,0,0,0,0,0,0,0,0,0,0,0,0,0	¼ second spray~.2
2740348	B	161	0,0,0,0,0,0,0,0,0,0,0,0,0,0,0,0,0,0	1/3 second spray~.2
2744585	B	161	0,0,0,0,0,0,0,0,0,0,0,0,0,0,0,0,0,0	¼ second spray~.2
2744620	B	161	0,0,0,0,0,0,0,0,0,0,0,0,0,0,0,0,0,0	¼ second spray~.2
2742485	B	161	0,0,0,0,0,0,0,0,0,0,0,0,0,0,0,0,0,0	¼ second spray~.2
2612095	B	41	0,0,0,0,0,,,0	¼ second spray~.2|1 package~396
2442324	B	41	0,0,0,0,0,,0,0,,0,,,,,,0,0	.2 second spray /~.4|1 package~396
2519881	B	161	0,0,0,0,0,0,0,0,0,0,0,0,0,0,0,0,0	.2 second spray~.4
2519889	B	161	0,0,0,0,0,0,0,0,0,0,0,0,0,0,0,0,0	.2 second spray~.4
2744589	B	161	0,0,0,0,0,0,0,0,0,0,0,0,0,0,0,0,0,0	.2 second spray~.4
2744587	B	161	0,0,0,0,0,0,0,0,0,0,0,0,0,0,0,0,0,0	¼ second spray~.2
2747022	B	161	0,0,0,0,0,0,0,0,0,0,0,0,0,0,0,0,0,0	¼ second spray~.2
2740342	B	161	0,0,0,0,0,0,0,0,0,0,0,0,0,0,0,0,0,0	¼ sec spray~.2
2393292	B	41	0,0,0,0,0	¼ second spray~.2|1 package~680
2747034	B	161	0,0,0,0,0,0,0,0,0,0,0,0,0,0,0,0,0,0	¼ second spray~.3
2418487	B	41	0,0,0,0,0,,0,0,,0	¼ second spray /~.3|1 package~170
2744596	B	161	0,0,0,0,0,0,0,0,0,0,0,0,0,0,0,0,0,0	¼ second spray~.3
2108113	B	11	333,16.7,0,66.7,6170,50	1 serving~6|1 package~50
2439629	B	42	425,0,10,85,60,80,10,0,0,,0,0,,0,,,,,0,0	1 serving~20|1 package~119
2032276	B	78	67,13.3,0,0,9200,0,0,133,0,0,7.2,1000,,0	1 tbsp~15|1 package~340
2108115	B	44	13,1.33,0,2,367,0,0,0,1.3,0,1.2,40,,0	1 serving~150|1 package~562
2108120	B	11	200,6,0,44,8400,24,0,0,0,0	1 serving~10|1 package~50
2108136	B	27	268,12.5,21.4,5.36,857,3.57,7.14,54,,,.64,36	5 links~56|1 package~284
2111605	B	43	354,12.5,2.08,72.9,2420,2.08,0,10,2.1,0,2.25,0,,0	1 cup~48
2108092	B	43	333,11.1,5.56,66.7,3940,11.1,3.33,0,5.6,0,3,111,,0	1 serving~18|1 package~80
2108114	B	39	133,6.67,6.67,10,100,10,3.33,0,,0,,267,350,,2,,,,,,.227,,,,200	2 tbsp~30|1 package~354
2108141	B	72	70,0,5.26,3.51,44,1.75,,0,0,0,0,0,,0	1 serving~57|1 package~540
2108111	B	11	500,0,40,30,5200,20,34,0,0,0	1 serving~5|1 package~45
2288195	B	14	333,1.33,12,53.3,320,40,8,0,1.3,0,1.68,40,,8	1 cup~75
2108116	B	19	200,0,0,46.7,1270,40,0,0,0,0,0,,,0	1 serving~15|1 package~350
2111522	B	44	21,.71,0,5,450,0,0,0,2.1,0,.77,14,,0	1 serving~140|1 package~591
2108121	B	31	35,3.51,0,7.02,0,0,0,0,1.8,0,1.26,105,,15.8	¼ cup~57|1 package~227
2108137	B	27	279,11.6,20.9,4.65,860,4.65,6.98,53,,,.84,47	1 link~43|1 package~680
2627987	B	44	69,0,0,17.6,5,15.4,0,0,.3,0,.1,5,,0,,,,0	1 serving~188|1 package~565
2627986	B	20	18,2.38,0,3.57,119,,,,2.4,,.86,179,,14.3,,,,964	1 serving~84|1 package~227
2108126	B	44	80,.71,0,19.3,6,17.9,0,0,.7,0,.77,7,,2.1	1 serving~140|1 package~562
2111521	B	11	333,16.7,0,66.7,9170,33.3	1 serving~6|1 package~30
2108195	B	38	320,1.33,12,53.3,360,40,8,0,1.3,0,1.68,40,,8	1 cup~75
2108197	B	0	567,26.7,46.7,16.7,100,,10,,,,6	¼ cup~30|1 package~170
2111520	B	7	106,11.4,2.86,11.4,9,0,0,0,5.7,0,0,657,,5.1	1/3 cup~35|1 package~454
2439640	B	11	200,20,0,20,15000	1 serving~5|1 package~39.7
2108123	B	11	400,20,0,60,1800	1 serving~5|1 package~64
2111519	B	11	300,20,0,60,8200,20	1 serving~5|1 package~40
1927081	B	44	60,.85,0,15.4,21,13.7,0,0,.9,0,.31,0,,2.1	1 serving~117|1 package~562
2108131	B	44	60,.85,0,15.4,21,13.7,0,0,.9,0,.31,0,,2.1	1 serving~117|1 package~562
2108117	B	44	60,.85,0,15.4,21,13.7,0,0,.9,0,.31,0,,2.1	1 serving~117|1 package~562
1929077	B	9	471,5.88,14.7,70.6,400,35.3,5.88,18,0,0,1.06,0,,0	1 pieces~17|1 package~284
1927109	B	9	28,.35,.88,4.23,24,2.11,.35,1,0,0,.06,0,,0	1 serving~284
2108139	B	31	18,1.75,0,3.51,9,0,0,0,1.8,0,.63,35,,31.6	¼ cup~57|1 package~227
2108119	B	31	160,1.6,0,38.4,12,1.6,0,0,1.6,0,.29,16,,21.6	½ cup~125|1 package~454
2111523	B	72	200,0,20,6.67,0,0,20,0,0,0,1.2,0,,0	2 tbsp~30|1 package~454
2111518	B	22	228,1.75,21,10.5,18,1.75,19.3,0,7,0,1.89,0,,2.1	1/3 cup~57|1 package~454
2288320	B	42	364,4.55,0,90.9,114,90.9	1 serving~22|1 package~90
2108124	B	19	67,13.3,0,0,9200,0,0,133,0,0,7.2,1000,,0	1 tbsp~15|1 package~680
2108122	B	55	246,1.75,21,12.3,18,3.51,19.3,,7,,1.89,,,10.5	¼ cup~57|1 package~454
2108133	B	40	367,0,0,90,0,3.33,,,,,1.2	2 tbsp~30|1 package~227
2108135	B	35	200,13.3,5,26.7,4930,13.3,0,0,3.3,0,0,0,,0	2 tbsp~30|1 package~227
2439651	B	35	200,0,0,48,920,36,0,0,4,,0,0,,0	2 tbsp~25|1 package~700
2116522	B	43	200,0,0,25,23000,0,0,0,0	1 serving~4|1 package~40
2288312	B	88	350,5,0,80,400,5	1 serving~20|1 package~226
1929021	B	101	364,4.55,0,90.9,114,90.9	1 serving~22|1 package~90
2108112	B	101	364,4.55,0,90.9,114,90.9	1 serving~22|1 package~90
2111517	B	31	120,1,0,27,10,0,0,0,4,0,.36,20,,12	1 serving~100|1 package~454
2677334	B	81	367,3.33,1.67,83.3,17,0,0,0,6.7,0,1.2,0,117,0,,,,0	1 serving~30|1 package~680
2599273	B	81	600,20,53.3,20,0,6.67,6.67,0,13.3,0,6.67,267,667,,0	.12 cup dry~15|1 package~397
1965170	B	13	500,12.5,25,57.5,125,25,6.25,0,7.5,0,2.55,92,550,,0	1 bar~40
1929774	B	13	500,12.5,25,57.5,125,25,6.25,0,7.5,0,2.7,50,438,,0	1 bar~40|1 package~480
1931367	B	13	500,12.5,25,55,225,25,6.25,0,7.5,0,2.55,92,525,,0	1 bar~40
2617046	B	81	367,3.33,1.67,83.3,17,0,0,0,6.7,0,1.2,0,117,0,,,,0	4 tbsp~30|1 package~1814
2110997	B	38	400,10,8.75,70,975,7.5,1.25,12,3.8,0,.9,250,,0	1/3 cup~40|1 package~680
1931380	B	8	475,10,22.5,60,175,30,7.5,0,7.5,0,3.62,92,375,,0	1 bar~40
719028	B	13	350,2.5,6.25,67.5,150,40,2.5,0,2.5,0,0,0,,,0	1 bar~40
2416340	B	4	350,2.5,6.25,67.5,150,40,2.5,0,2.5,0,0,0,,,0	1 bar~40
1916118	B	4	478,0,30.4,56.5,304,13,17.4,65,0,0,0,0,,0	1 cookie~23|1 package~206
2484460	B	13	450,5,22.5,57.5,325,20,5,38,5,0,2.25,50,225,,.175	1 bar~40|1 package~200
2416676	B	4	528,5.56,25,72.2,444,30.6,12.5,28,2.8,0,2.5,56,139,,0	2 pieces~36|1 package~213
2165594	B	4	536,3.57,25,71.4,464,32.1,12.5,18,3.6,0,2.5,36,143,,0	1 inner pouch~28|1 package~140
2475815	B	4	533,3.33,40,40,283,26.7,23.3,83,6.7,0,2.5,43,167,,.1	5 cookies~30|1 package~114
2475818	B	4	433,3.33,20,63.3,433,43.3,11.7,50,3.3,0,1.2,43,83,,.125	2 cookies~30|1 package~170
2475819	B	4	500,3.57,25,64.3,464,42.9,12.5,54,3.6,0,1.29,46,125,,.15	2 cookies~28|1 package~170
2087638	B	4	522,4.35,26.1,60.9,348,30.4,4.35,43,2.2,0,3.13,0,,5.2	1 cookie~23|1 package~206
2636342	B	4	500,5.56,25,61.1,361,33.3,5.56,42,2.8,0,1.94,83,167,,0	2 cookies~36|1 package~177
2607816	B	4	500,2.78,22.2,75,333,27.8,11.1,56,2.8,0,1.94,83,167,,0	2 pieces~36|1 package~213
2484459	B	13	450,5,22.5,60,425,22.5,5,38,5,0,1.75,50,200,,.175	1 bar~40|1 package~200
2636346	B	4	533,3.33,30,66.7,333,43.3,15,17,6.7,0,4.67,100,17,,0	2 cookies~30|1 package~177
1929771	B	13	500,12.5,25,57.5,125,25,6.25,0,7.5,0,2.7,50,438,,0	1 bar~40|1 package~480
2432295	B	63	394,18.3,8.45,60.6,704,4.23,5.63,28,1.4,0,2.68,197,176,,0	1 cup~71|1 package~142
2432294	B	63	380,16.9,7.04,63.4,620,1.41,2.82,14,1.4,0,2.54,,120	½ package, 1 cup prepared*~71|1 package~142
2571688	B	81	500,3.57,25,64.3,0,21.4,5.36,0,32.1,0,5.71,71,857,,0	¼ cup dry~28|1 package~397
1927105	B	4	385,3.85,7.69,69.2,96,42.3,3.85,0,3.8,0,0,0,,0	1 piece~26|1 package~255
2436129	B	4	346,3.85,7.69,65.4,154,42.3,3.85,0,3.8,,0,0,,0	1 piece~26|1 package~255
2436127	B	4	385,3.85,7.69,69.2,96,42.3,3.85,0,3.8,,0,0,,0	1 piece~26|1 package~255
2677326	B	4	385,3.85,7.69,69.2,96,42.3,3.85,0,3.8,0,0,0,,0,,,,0	1 piece~26|1 package~255
1911564	B	4	520,4,28,68,600,44,8,40,4,0,2.88,80,,0	4 cookies~25|1 package~198
1965171	B	13	350,2.5,6.25,67.5,150,40,2.5,0,2.5,0,0,0,88,,0	1 bar~40
2284124	B	13	350,2.5,6.25,67.5,150,40,2.5,0,2.5,0,0,0,88,,0	1 bar~40
718300	B	13	325,2.5,6.25,65,200,37.5,2.5,0,2.5,0,.9,50,,,0	1 bar~40
2475816	B	4	533,3.33,36.7,43.3,367,30,20,83,6.7,0,2.5,50,200,,.1	5 cookies~30|1 package~114
2087640	B	4	478,4.35,21.7,65.2,261,21.7,2.17,0,2.2,0,3.13,0,,0	1 cookie~23|1 package~206
2585404	B	4	357,3.57,14.3,60.7,500,39.3,7.14,71,3.6,0,1.29,46,196,,0	2 cookies~28|1 package~170
2677330	B	4	480,4,16,84,640,52,4,20,4,0,1.44,0,,0,,,,0	4 cookies~25|1 package~198
2571684	B	4	500,5.56,25,61.1,361,33.3,5.56,42,2.8,0,1.94,83,167,,0	2 cookies~36|1 package~177
2589705	B	4	533,3.33,30,66.7,333,43.3,15,17,6.7,0,4.67,100,17,,0	2 cookies~30|1 package~177
2589702	B	4	556,2.78,33.3,58.3,250,22.2,19.4,83,2.8,0,.28,28,56,,0	2 cookies~36|1 package~177
1911567	B	4	515,3.03,27.3,63.6,182,42.4,15.2,15,4.5,0,1.09,61,,0	2 cookie~33|1 package~150
1911565	B	4	522,2.17,26.1,65.2,217,21.7,17.4,65,2.2,0,0,0,,0	1 cookie~23|1 package~206
2476273	B	63	380,16.9,5.63,64.8,563,0,2.82,14,1.4,0,2.54,127,113,,.075	1 cup~71|1 package~142
2677328	B	4	500,2.78,19.4,77.8,472,36.1,11.1,56,2.8,0,2,56,,0,,,,50	2 pieces~36|1 package~213
1912592	B	4	517,3.45,20.7,79.3,379,27.6,12.1,52,3.4,0,1.24,69,,0	10 pieces~29|1 package~198
2677336	B	29	444,5.56,25,61.1,417,27.8,12.5,42,2.8,0,2.78,136,511,,0	2 squares~36|1 package~177
2668847	B	38	350,7.5,17.5,45,650,0,2.5,0,12.5,0,2.75,325,175,,0	1 serving~40|1 package~283
2677335	B	4	500,2.78,22.2,72.2,333,25,11.1,56,2.8,0,2,56,,0,,,,0	2 pieces~36|1 package~214
2448845	B	4	500,3.57,21.4,75,357,25,12.5,54,3.6,0,1.43,107,143,,0	1 inner pouch~28|1 package~224
2416685	B	4	500,3.57,21.4,75,357,25,12.5,54,3.6,0,1.43,107,143,,0	11 crackers~28|1 package~140
2636344	B	4	528,2.78,27.8,66.7,250,25,16.7,69,2.8,0,0,0,14,,0	2 cookies~36|1 package~177
2475817	B	4	533,3.33,40,36.7,333,26.7,23.3,100,6.7,0,2.33,43,183,,.125	5 cookies~30|1 package~114
2677331	B	4	520,4,24,72,560,40,8,40,4,0,1.44,0,,0,,,,0	4 cookies~25|1 package~198
1965174	B	13	325,2.5,6.25,65,200,37.5,2.5,0,2.5,0,.9,50,175,,0	1 bar~40
2416564	B	4	325,2.5,6.25,65,200,37.5,2.5,0,2.5,0,.9,50,175,,0	1 bar~40|1 package~160
2668848	B	88	364,3.03,3.03,84.8,788,27.3,0,0,9.1,0,1.52,15,106,,0	1 serving~33|1 package~1810
2607814	B	81	600,13.3,46.7,33.3,33,0,6.67,0,13.3,0,6.67,133,400,,0	.12 cup~15|1 package~454
2617047	B	13	425,5,17.5,65,300,25,3.75,38,5,0,2.7,50,,6,,,,0	1 bar~40
2175525	B	13	500,12.5,25,57.5,125,25,6.25,0,7.5,0,2.55,92,625,,0	1 bar~40
2607815	B	81	333,0,0,86.7,0,0,0,0,6.7,0,0,0,533,,0	¼ cup~30|1 package~397
2476667	B	4	533,6.67,36.7,43.3,400,30,20,67,6.7,0,2.5,43,133,,.125	5 cookies~30|1 package~114
2542211	B	81	400,20,13.3,60,107,20,13.3,0,40,0,6.67,67,867,,0	1 serving~15|1 package~397
2432689	B	63	394,18.3,8.45,60.6,704,4.23,4.23,21,1.4,0,2.68,197,176,,0	1 cup~71|1 package~142
2636345	B	81	467,6.67,26.7,66.7,0,20,6.67,0,33.3,0,6.67,67,867,,0	.12 cup~15|1 package~397
2599271	B	38	21,.59,.44,3.68,44,.44,0,1,.1,0,.06,28,21,,0	1 serving~680
2599272	B	38	8,.22,.17,1.38,17,.17,0,0,.1,0,.02,10,8,,0	1 serving~1814
2484457	B	13	500,10,27.5,52.5,325,20,5,25,5,0,1.75,50,200,,.15	1 bar~40
1911563	B	4	435,13,21.7,47.8,522,30.4,4.35,65,2.2,0,3.13,0,,5.2	1 cookie~23|1 package~206
2087639	B	4	565,4.35,34.8,60.9,304,21.7,17.4,87,2.2,0,0,0,,0	1 cookie~23|1 package~206
2636343	B	4	556,2.78,33.3,58.3,250,22.2,19.4,83,2.8,0,.28,28,56,,0	2 cookies~36|1 package~177
2677332	B	88	321,3.57,0,78.6,643,42.9,0,0,7.1,0,1.29,214,,4.3,,,,64	1 serving~28|1 package~454
2484458	B	13	450,5,22.5,60,350,22.5,3.75,38,5,0,2.25,75,250,,.2	1 bar~40
719218	B	13	350,2.5,6.25,67.5,150,40,2.5,0,2.5,0,0,0,,,0	1 bar~40
2432293	B	16	357,14.3,1.79,71.4,107,0,0,0,1.8,0,2.68,21,62,,0	1 serving~56|1 package~227
2149187	B	43	308,11.5,0,65.4,1730,3.85,0,0,1.9,0,.77,38,1900,,0	1 cup~52
2677329	B	4	480,4,20,68,440,36,12,60,4,0,0,0,,0,,,,72	4 cookies~25|1 package~198
1929777	B	38	349,2.33,1.16,83.7,791,34.9,0,0,4.7,0,1.67,186,,0	1 serving~43|1 package~510
2396628	B	43	333,12.3,1.75,64.9,1510,1.75,0,0,1.8,0,.7,35,1810,,0	1 cup prepared~57
1926708	B	13	425,5,17.5,65,300,25,3.75,38,5,0,2.7,50,,6	1 bar, per container~40|1 package~200
1911566	B	8	475,5,22.5,65,400,22.5,5,25,5,0,1.8,0,,0	1 bar~40|1 package~200
2396410	B	63	220,9.45,4.72,34.6,409,3.15,2.36,12,.8,0,1.5,110,102,,0	½ cup~127
2452031	B	82	402,3.54,23.9,46,209,0,14.2,62,.9,0,1.12,35,,1.1	1 serving~113|1 package~454
2151267	B	15	44,2.94,0,8.82,162,5.88,0,0,2.9,0,1.06,59,,3.5	2 tbsp~34|1 package~454
2667008	B	15	32,0,0,6.45,242,3.23,0,0,0,0,1.16,0,,15.5,,,,116	2 tbsp~31|1 package~454
2161460	B	15	31,0,0,6.25,62,3.12,0,0,3.1,0,1.12,0,,3.8	2 tbsp~32|1 package~454
1822821	B	15	47,3.12,0,9.38,203,3.12,0,0,3.1,0,1.12,62,,7.5	2 tbsp~32|1 package~454
1799703	B	15	29,0,0,5.88,250,2.94,0,0,2.9,0,1.06,0,,17.6	2 tbsp~34|1 package~454
2115290	B	37	45,2.46,.41,8.2,33,3.28,.41,0,4.1,0,.59,49,,9.8	½ cup~122|1 package~425
2110998	B	41	857,0,100,0,0,,14.3,,,0,,,,,,21.4,64.3	1 tbsp~14|1 package~1420
2090767	B	44	70,0,0,12.9,0,,0,0,.7,0,0,0,,.4	½ cup~140|1 package~425
2092040	B	44	40,0,0,9.68,16,8.87,0,0,1.6,0,0,0,,4.8	½ cup~124|1 package~283
2107077	B	37	12,1.6,0,1.6,272,.8,0,0,.8,0,.29,16,,9.6	½ cup~125
2593039	B	13	393,3.57,5.36,82.1,161,35.7,1.79,0,3.6,0,2.14,107,107,,0,0,0	1 bar~28|1 package~170
2653111	B	76	125,16.1,5.36,1.79,339,0,3.57,18,0,0,4.82,36,,0,,,,32	¼ cup drained~56|1 package~226
1912968	B	6	433,3.33,11.7,66.7,500,6.67,3.33,0,3.3,0,6,67,,0	5 breadsticks~30|1 package~125
2216645	B	23	133,0,13.3,6.67,867,,1.67	2 tbsp~30|1 package~473
2381456	B	6	429,14.3,14.3,71.4,643,0,0,0,0,0,0,86,243,,0	1 serving~7|1 package~114
2586762	B	44	64,1.06,0,16,5,13.8,0,0,0,0,0,9,24,,5	1 cup~94|1 package~282
2110827	B	100	89,21.4,0,1.79,357,0,0,45,0,0,1.29,0,0,0	1 serving~56|1 package~142
2087625	B	49	650,25,53.1,18.8,181,6.25,18.8,0,6.2,0,.56,0,,0	2 tbsp~32|1 package~510
2110966	B	37	12,1.6,0,1.6,272,.8,0,0,.8,0,.29,16,,9.6	½ cup~125
2090685	B	101	74,.82,0,21.3,25,19.7,0,0,.8,0,.3,0,86,22.1	1 cup~122
2090772	B	44	62,0,0,15,9,14.2,0,0,.9,0,0,0,,31.9	1 cup~113
2090862	B	39	133,6.67,6.67,10,100,10,5,20,,0,,200,,,3.33,,,,,,,,,,133	2 tbsp~30|1 package~354
2107777	B	41	800,0,93.3,0,0,,13.3,,,0,,,,,,70,10	1 tbsp~15|1 package~500
1914424	B	40	382,0,14.7,64.7,279,55.9,7.35,0,2.9,4.41,0,0,,0	2 tbsp~34|1 package~340
1928848	B	13	464,7.14,14.3,75,250,39.3,7.14,0,3.6,0,3.86,286,,0,,3.57,3.57,,4.29,0,.364,.714,,,,.86,3.21	1 bar~28|1 package~170
2107349	B	44	71,0,0,17.9,7,12.9,0,0,.7,0,0,0,79,.9	½ cup~140|1 package~425
1928716	B	42	250,0,0,65,0,45,,,,0	1 tbsp~20|1 package~539
2491133	B	14	400,6.67,3.33,83.3,450,33.3,0,0,3.3,0,6,0,,0,,,,,6.67,0,.567,.667,,,,2,5,1.67	1 cup~30|1 package~170
2287069	B	7	133,6.67,0,26.7,600,0,0,0,0,0,0,0,,0	3 cloves~15|1 package~190
2107044	B	7	133,6.67,0,26.7,600,0,0,0,0,0,0,0,300,0	3 pieces~15|1 package~200
1913992	B	7	16,0,0,0,422,0,0,0,0,0,0,0,,3.8	¼ cup~32|1 package~330
2109418	B	37	12,1.6,0,1.6,272,.8,0,0,.8,0,.29,16,,9.6	½ cup~125|1 package~340
2543401	B	37	48,.8,1.6,6.4,440,.8,0,0,.8,0,.29,16,,9.6	½ cup~125|1 package~340
2095401	B	65	0,0,0,0,0,,,0	1 tea bag, makes 8 fl oz~1.3|1 package~26
1919106	B	65	0,0,0,0,0,,,0	1 tea bag makes 8 fl oz~1.3|1 package~26
2119902	B	76	153,13.5,8.24,5.88,371,2.35,2.06,47,1.2,0,.64,59,,0	1 can~170
2107846	B	76	171,11.8,9.41,10,441,3.53,2.35,53,1.2,0,.85,88,,0	1 can~170
2119917	B	76	353,11.8,31.8,5.88,406,0,3.53,41,0,0,.64,47,,0	1 can~170
2110990	B	76	147,11.2,8.24,7.65,388,3.53,2.06,47,1.2,0,.85,59,,0	1 can~170
2107648	B	84	286,0,0,81,0,76.2	1 tbsp~21|1 package~227
2110967	B	11	125,0,0,25,22500,0,0,0,0,0,0,0,,0	1 cube~4|1 package~100
1926750	B	11	125,0,0,25,22500,0,0,0,0,0,0,0,,0	1 cube~4|1 package~100
2424314	B	6	429,14.3,7.14,71.4,357,0,0,0,0,0,0,43,,,0	2 tbsp~7|1 package~114
2670492	B	10	0,0,0,0,0,0,0,0,0,0,0,0,0,,0	1 tsp~5|1 package~237
1915010	B	23	83,0,6.67,3.33,1400,0,0,0,0,0,0,0,0,0	2 tbsp~30|1 package~473
2456396	B	76	452,16.7,40.5,4.76,298,0,8.33,60,0,0,10.7,48,,0	1 serving~42|1 package~85
2593038	B	45	138,6.92,2.31,21.5,81,0,0,0,6.9,0,2.31,20,152,,0	½ cup~130|1 package~425
2669714	B	76	161,23.2,7.14,0,500,0,2.68,98,0,0,2.57,446,,0,,,,32	1 serving~56|1 package~284
2090768	B	44	62,.88,0,12.4,4,11.5,,0,.9,0,.64,0,,34.5	½ cup~113|1 package~227
2090686	B	101	74,1.64,0,18.8,41,18,0,0,.8,0,.59,0,86,44.3	1 cup~122
2092039	B	44	50,.71,0,12.1,7,12.1,0,0,.7,0,.26,14,,15	½ cup~140|1 package~283
2103480	B	40	125,0,0,25,0,25,,0,0,0,0,0,,0	1 cherry~4|1 package~198
2088346	B	7	100,0,0,20,0	1 tsp~5|1 package~227
2090771	B	44	71,0,0,15.9,9,15,0,0,.9,0,0,0,,23.9	1 cup~113|1 package~226
2119916	B	37	23,2.31,.77,3.08,308,0,0,0,2.3,0,0,0,,0	½ cup~130|1 package~283
2461505	B	13	381,9.52,9.52,71.4,95,23.8,0,0,4.8,0,4.76,38,210,,0,4.76,2.38,,1.9,0,.143,,29,,,,2.38	1 bar~21|1 package~105
2090842	B	11	286,0,0,71.4,7570,14.3,0,0,14.3,0,0,0,,0	1 tbsp~7|1 package~57
2103514	B	22	72,0,0,16.8,0,16,0,0,.8,0,0,0,,12	½ cup~125|1 package~720
1955982	B	60	150,0,0,36.7,117,26.7,0,0,0,0,0,10,250,,0	2 tbsp~30|1 package~355
2554146	B	29	433,13.3,10,73.3,933,0,6.67,0,0,0,0,20,100,,0	5 crackers~15|1 package~454
1996591	B	29	467,10,13.3,73.3,600,3.33,10,0,0,0,3.33,17,163,,0	10 crackers~30|1 package~340
1917949	B	60	133,0,0,31.7,200,28.3,0,0,0,0,0,0,,0	¼ cup~60|1 package~710
2107118	B	44	50,.71,0,12.1,7,11.4,0,0,.7,0,0,0,,.9	½ cup~140|1 package~425
1913925	B	49	650,25,53.1,18.8,181,6.25,18.8,0,6.2,0,.56,0,,0	2 tbsp~32|1 package~340
2139618	B	7	33,0,0,6.67,1470,0,0,0,3.3,0,0,133,,8	1 serving~30|1 package~356
2417283	B	44	50,0,0,12.1,0,10.7,0,0,.7,0,0,7,136,,0	¼ cup~140|1 package~567
2090773	B	44	62,0,0,15.9,9,14.2,0,0,.9,0,0,0,,53.1	1 cup~113
2444863	B	88	357,14.3,3.57,71.4,1210,7.14,0,0,7.1,0,3.57,171,189,,0	¼ cup~28|1 package~283
2090713	B	16	161,3.57,1.79,32.1,661,3.57,.89,0,1.8,0,1.93,36,,0	1 serving~56|1 package~500
2092037	B	76	113,17.9,2.83,2.83,406,0,.94,66,.9,0,1.02,377,,0	1 can~106
2092038	B	76	123,16,5.66,2.83,387,.94,2.83,57,.9,0,1.02,283,,0	1 can~106
2099461	B	76	142,15.1,9.43,0,349,0,1.42,71,0,0,1.02,377,,0	1 can~106
2095374	B	7	33,3.33,0,3.33,767,0,0,0,3.3,0,0,0,,8	2 tbsp~30|1 package~680
1915009	B	78	80,12.5,1.79,1.79,188,0,0,36,0,0,12.9,36,,0	1 serving~56|1 package~106
2424329	B	37	25,0,0,4.17,25,3.33,0,0,1.7,0,.58,22,96,,0	½ cup~120|1 package~425
2539441	B	44	86,.71,0,20.7,21,18.6,0,0,0,0,1.43,68,50,,0	½ cup~140|1 package~432
2118151	B	44	62,.88,0,15,9,14.2,,0,.9,0,0,0,,31.9	½ cup~113|1 package~227
2416856	B	44	50,0,0,12.1,0,10.7,0,0,.7,0,0,7,136,,0	¼ cup~140|1 package~567
1998713	B	44	71,0,0,17.1,0,15.7,0,0,.7,0,0,0,60,,0	2/3 cup~140|1 package~567
2422629	B	76	214,17.9,16.1,0,375,0,2.68,27,0,0,1.93,36,125,,3.58	1 can~56|1 package~110
2090774	B	76	262,14.3,21.4,7.14,381,0,4.76,57,0,0,25.7,95,,0	1 serving~42|1 package~85
2306368	B	76	200,15.4,10.8,9.23,338,0,4.62,23,0,0,13.8,31,,0	1 can~65
1914423	B	40	412,0,14.7,70.6,191,61.8,7.35,0,2.9,4.41,0,0,,0	2 tbsp~34|1 package~340
2509086	B	29	467,13.3,10,73.3,500,0,6.67,0,0,0,2,0,133,,0	15 crackers~15|1 package~255
2090765	B	78	268,14.3,21.4,3.57,500,0,3.57,80,0,0,1.93,71,,0	¼ cup~56|1 package~115
2107090	B	42	250,0,0,65,0,45,,,,0	1 tbsp~20|1 package~539
1926827	B	44	64,.71,0,15,0,12.9,0,0,.7,0,0,0,,15	½ cup~140|1 package~425
1951191	B	42	300,0,0,70,0,65	1 tbsp~20|1 package~510
2107466	B	7	17,0,0,3.33,1700,0,0,0,3.3,0,0,0,,40	2 tbsp~30|1 package~340
2107663	B	39	433,10,10,73.3,150,73.3,6.67,33,0,0,0,333,,0	2 tbsp~30|1 package~396
2554144	B	47	42,0,0,8.33,208,3.33,0,0,0,0,0,15,213,,0	¼ cup~60|1 package~425
2089596	B	6	400,10,5,73.3,500,6.67,1.67,0,3.3,0,6,67,,0	5 breadsticks~30|1 package~125
2090770	B	44	71,.88,0,15.9,9,15,0,0,.9,0,0,0,,29.2	1 cup~113
2092043	B	44	71,0,0,17.1,29,16.4,0,0,.7,0,.26,107,,15	½ cup~140|1 package~425
2091486	B	40	412,0,14.7,70.6,191,61.8,7.35,0,2.9,4.41,0,0,,0	2 tbsp~34|1 package~340
2114820	B	7	36,0,0,7.14,429,3.57,0,0,3.6,0,0,0,,0	1 serving~28|1 package~340
2091522	B	61	378,17.8,4.44,80,0,0,0,0,10,0,0,0,,0	¼ cup~45|1 package~680
2108052	B	26	84,9.24,3.36,5.04,303,.84,.84,17,1.7,0,1.51,50,,15.1	3 eggrolls~119|1 package~624
2108049	B	26	101,7.56,5.88,5.04,319,.84,1.68,17,1.7,0,1.21,50,,17.6	3 eggrolis~119|1 package~624
2486153	B	26	225,1.25,17.5,5,550,1.25,6.25,50,1.2,0,1.25,26,205,,1.25	4 eggrolls~80|1 package~396
2108118	B	112	232,25,14.3,1.79,875,1.79,7.14,80,0,0,3.21,0,,0	1 serving~56|1 package~340
2165101	B	112	99,13.2,3.95,3.29,500,.66,,33,,0,.95,0,,0	2/3 cup~152|1 package~340
1958278	B	7	200,0,20,0,1600,,0,0,,0	1 olive~10|1 package~570
2572012	B	42	232,0,0,52.6,0,52.6	1 tbsp~19|1 package~340
2572011	B	42	200,0,0,52.6,0,52.6	1 tbsp~19|1 package~340
2584147	B	81	367,6.67,1.67,83.3,417,20,0,0,10,0,4,0,173,,0,,,,6.67,1,.333,,850	3 tbsp~30|1 package~500
2079822	B	81	367,6.67,1.67,80,0,,0,,6.7,0,6,,,,,,,,5.33,1,.453,,200	3 tbsp~30|1 package~2270
2607191	B	81	400,10,3.33,66.7,0,0,0,0,10,0,6.67,0,217,,0	3 tbsp~30|1 package~1000
2584148	B	81	367,6.67,1.67,80,0,,0,,6.7,0,6,,,,,,,,5.33,1,.453,,133	3 tbsp~30|1 package~2268
2079824	B	81	367,6.67,1.67,80,0,,0,,6.7,0,6,,,,,,,,5.33,1,.453,,200	3 tbsp~30|1 package~1000
2071481	B	6	357,10.7,5.36,66.1,625,3.57,1.79,0,3.6,0,4.82,0,,0	1 serving~56
2071480	B	6	268,8.93,1.79,53.6,357,7.14,.89,0,1.8,0,2.57,0,,0	1 serving~56
2069038	B	46	425,7.5,15,66.2,19,30,2.5,0,1.2,2.5,2.25,,,,,5,3.75	2 pieces~80
2090717	B	46	433,6.67,20,63.3,200,26.7,3.33,0,0,3.33,1.8,,,,,6.67,3.33	2 pieces~30
467607	B	16	363,11,1.5,76.6,7,2.3,.6,0,3.5,0,0,0,,0	1 serving~100
2085955	B	10	34,0,.3,7.8,20,7.2,0,0,0,0,.14,8,140,3	1 can~500
1867535	B	52	246,1.75,21,12.3,18,3.51,19.3,,7,,1.89,,,8.4	¼ cup~57|1 package~454
2032206	B	31	36,2.38,0,7.14,12,5.95,,,2.4,,.43,24,,1.4	1 serving~84|1 package~227
2431058	B	36	94,15.3,1.18,5.88,447,,0,65,0,,3.18,24,,1.4	1 serving~85|1 package~454
2462553	B	78	82,16.5,1.18,1.18,588,0,0,0,0,0,0,12,141,,1.18	1 serving~85|1 package~454
2485486	B	36	94,23.5,0,0,506,0,0,112,0,0,.47,71,259,,.475	4 cup~85|1 package~454
2461197	B	78	106,25.7,.88,0,8460,0,0,62,0,0,.32,0,339,,.875	1 fillet~113|1 package~454
2444986	B	36	71,12.5,2.23,.89,286,0,.45,49,0,0,0,0,,0	1 serving~112|1 package~907
2424461	B	36	62,14.3,.45,0,250,0,0,,0,0,.09,7,201,,0	1 serving~112|1 package~1814
1899355	B	78	106,24.7,1.18,0,1760,0,0,53,0,0,.85,0,,7.1	1 serving~85|1 package~1800
2067639	B	36	177,9.73,7.08,19.5,566,0,1.33,53,.9,0,1.27,35,,1.1	1 serving~113|1 package~1360
2385294	B	36	41,10.6,0,0,506,0,0,112,0,0,0,160,0,,0	1 cup~85|1 package~340
1926070	B	36	106,21.2,1.18,0,224,0,0,194,0,0,3.18,47,,2.8	1 serving~85|1 package~454
2420044	B	36	106,16.8,2.65,3.54,345,0,0,84,0,0,1.77,42,123,,0	½ cup~113|1 package~464
2424654	B	36	41,10.6,0,0,506,0,0,112,0,0,0,160,12,,0	1 cup, cooked~85|1 package~907
2179464	B	36	41,10.6,0,0,506,0,0,112,0,0,0,160,12,,0	1 cup~85|1 package~907
2435227	B	36	31,5.31,0,.88,451,0,0,27,0,0,0,4,32,,0	1/3 cup~113|1 package~454
1912849	B	36	106,20.4,1.77,0,150,0,0,137,0,0,1.59,53,,2.1	1 serving~113|1 package~454
1905274	B	36	62,13.3,1.77,0,257,0,1.77,40,0,0,0,0,,0	1 serving~113|1 package~1816
1888640	B	26	62,13.3,1.77,0,257,0,.88,40,0,0,0,0,,0	1 serving~113|1 package~907
2060499	B	36	106,20.4,1.77,0,150,0,0,137,0,0,1.59,53,,2.1	1 serving~113|1 package~340
2601919	B	36	165,29.4,2.35,4.71,459,0,0,94,0,0,9.41,106,631,,0	1 serving~85|1 package~300
2443302	B	36	98,15.2,1.79,2.68,45,,0,232,0,0,.64,36,,0	1 serving~112|1 package~1135
2094460	B	36	40,9,.65,1,630,0,.2,230,0,0,.72,40,,0	1 serving~100|1 package~300
2534496	B	98	40,9,.65,1,630,0,.2,230,0,0,.72,40,,0	1 serving~100|1 package~300
2622501	B	36	71,15.2,.45,0,179,0,0,223,0,0,1.29,0,,0,,,,48	1 serving~112|1 package~454
2622506	B	36	178,24,2,6,440,0,0,74,0,0,13.7,120,,18,,,,108	1 serving~50|1 package~300
2622503	B	36	60,14,0,.5,270,0,0,48,0,0,5.22,50,,4.8,,,,27	1 serving~100|1 package~499
2015996	B	36	170,24,4.5,7,370,4,1.5,55,0,0,6.3,40,,15	1 serving~100
2622507	B	36	80,15,2,1,180,0,.5,55,0,0,3.6,40,,15,,,,54	1 serving~100|1 package~227
2015992	B	36	178,24,2,6,440,0,0,74,0,0,13.7,120,,18	1 serving~50|1 package~400
2060399	B	76	116,18.8,1.34,3.57,250,.89,.45,54,0,0,5.62,54,,10.7	1 serving~112|1 package~300
2622502	B	36	98,15.2,1.79,2.68,45,0,0,232,0,0,.64,36,,0,,,,0	4 oz. raw 1/2 cup~112|1 package~454
2072593	B	36	62,13.4,.89,0,143,0,0,129,0,0,2.41,18,,1.1	1 serving~112|1 package~300
2622504	B	36	52,11,.5,1,568,0,0,205,0,0,1.44,40,,1.2,,,,9	1 serving~100|1 package~300
2622505	B	36	89,17,.89,2.68,161,2.68,0,31,0,0,.32,18,,3.2,,,,0	1 serving~112|1 package~300
2021828	B	36	52,11,.5,1,568,0,.2,205,0,0,1.44,40,,1.2	1 serving~100|1 package~300
2109606	B	36	70,14,1,1,310,0,.5,130,0,0,.72,20,,1.2	3½ oz. /~100|1 package~300
2060402	B	36	45,10.7,.29,0,518,0,0,210,0,0,.8,27,,0	1 serving~112|1 package~300
2060403	B	36	80,16.1,.89,1.79,152,1.79,0,80,0,0,1.45,18,,2.1	1 serving~112|1 package~300
2601920	B	36	80,16,.5,1,370,0,0,110,0,0,6,90,350,,0	1 serving~100|1 package~300
2068831	B	46	268,15.5,4.23,32.4,190,1.41,1.41,56,2.8,0,2.03,0,338,8.5	1 empanada~71|1 package~142
1913915	B	46	254,15.5,1.41,32.4,268,1.41,0,28,2.8,0,1.52,28,190,1.7	1 empanada~71|1 package~142
2024574	B	78	191,19.1,11.3,2.61,252,0,1.74,26,.4,0,1.25,35,,0	1 serving~115
2024570	B	76	244,23.2,13.4,4.88,829,1.22,2.44,55,3.7,0,15.4,244,,0	1 can~82
2024593	B	78	118,10.9,6.36,5.45,373,4.55,.91,18,0,0,.33,136,,0	1 serving~110
2431122	B	6	254,7.04,4.93,45.1,437,2.82,1.41,0,1.4,,2.54,56,,5.1	1 serving~71|1 package~624
2095496	B	4	500,6.67,20,70,83,16.7,10,0,3.3,0,2.4,0,,0	3 pieces~30
2095495	B	4	500,6.67,26.7,66.7,700,53.3,16.7,0,0,0,4.8,67,,8	4 pieces~30
371459	B	1	400,0,0,100,0,71.4,0,,0,0,0,0,,0	1 serving~3.5
2423346	B	19	100,0,0,20,2200,0,0,0,0,0,0,20,320,,0	1 tsp~5|1 package~99
1922697	B	2	214,10.7,17.9,3.57,929,0,12.5,54,0,,0,357,,0	1 serving~28|1 package~397
2497374	B	2	204,7.37,16.1,7.02,821,.35,3.16,21,0,,1.26,351,,0	1 cup~28.5|1 package~907
2093540	B	2	246,14,21,7.02,982,3.51,12.3,70,0,,0,351,,0	1 serving~28.5|1 package~907
2682353	B	57	466,6.87,21.2,62.9,5,.86,9.21,0,6.2,0,5.12,53,205,,0	1 taco shell~21
2738349	B	57	455,6.06,24.2,54.6,0,3.03,10.6,0,9.1,0,3.94,91,0,,0	3 shells~33
2738350	B	57	485,6.06,21.2,63.6,0,0,9.09,0,3,0,4.36,79,0,,0	3 tostada shells~33
2671206	B	0	500,3.33,23.3,73.3,317,53.3,20,17,3.3,0,.67,33,67,,0	½ cup~30|1 package~226
2339335	B	1	325,5,0,75,200,42.5,0,0,,0,.9,0	15 pieces~40|1 package~200
2012460	B	1	312,3.12,0,75,172,53.1,0,0,0,0,1.12,188,,0	1 bar~32
2023857	B	1	325,2.5,0,75,175,52.5,0,0,,0,1.8,200	15 pieces~40|1 package~200
2020861	B	1	312,3.12,0,75,203,43.8,0,0,0,0,1.12,62,,0	1 bar~32
2050800	B	8	442,1.16,9.3,74.4,0,67.4,5.81,0,1.2,0,1.67	5 pieces~43
2050134	B	1	312,3.12,0,75,203,43.8,0,0,0,0,1.12,0,,0	1 bar~32
2129942	B	1	325,2.5,0,75,200,50,0,0,,0,.9	15 pieces~40|1 package~170
2181012	B	1	312,3.12,0,75,188,50,0,0,50,0,3.38,62,219,,0	1 bar / null~32
2181011	B	1	312,3.12,0,75,141,50,0,0,0,0,0,0,0,,0	1 bar~32
2163832	B	1	333,3.33,0,76.7,133,50,0,0,,0,,,133	11 pieces~30|1 package~200
1959483	B	8	447,1,9.7,74,10,67,5.8	1 serving~100|1 package~290
475567	B	66	329,8,.75,72,1420,.73,.31,0,1.6,,0,0,,0	1 serving~85
2099046	B	35	167,0,0,38.9,611,38.9,,0,,0	1 tbsp~18|1 package~553
2665845	B	35	194,0,2.78,38.9,583,36.1,0,0,0,0,.28,0,28,,0	2 tbsp~36|1 package~573
2024256	B	35	76,0,0,18.2,1940,12.1,,0,,0	2 tbsp~33|1 package~532
2024257	B	35	189,2.7,0,40.5,1300,35.1,,0,,0,,,,6.5	2 tbsp~37|1 package~581
2285979	B	35	189,0,0,48.6,622,46,,0,,0	2 tbsp~37|1 package~588
2665846	B	35	143,0,0,37.1,157,34.3,0,0,0,0,.29,0,57,,0	2 tbsp~35|1 package~561
2010822	B	35	211,0,0,52.6,842,50,,0,,0	2 tbsp~38|1 package~588
1545293	B	20	39,1.77,0,12.4,5,5.3,0,0,1.8,0,.32,35,,9.5	1 serving~56.6
1662317	B	20	39,1.77,0,12.4,5,5.3,0,0,1.8,0,.32,35,,9.5	1 serving~56.6
557700	B	88	350,10,0,77.5,875,22.5,0,0	1 serving~40
2385010	B	43	435,10.6,17.6,63.5,1590,1.18,8.24,0,3.5,,1.18,20,119,,0	1 pack~85|1 package~1020
2178683	B	43	435,10.6,17.6,63.5,1590,2.35,8.24,0,3.5,0,1.18,20,119,,0	1 pack~85
2655144	B	6	257,9.46,3.38,47.3,568,1.35,.68,0,1.4,.68,3.38,41,95,,0,,,,,,,,109	1 serving~74|1 package~454
1983968	B	49	512,9.3,30.2,53.5,47,51.2,4.65,0,4.7,0,4.19,93,326,,0	2 tbsp~43|1 package~330
2497936	B	14	368,5.26,0,86.8,500,34.2,0,0,2.6,0,16.6,0,105,,4.47,0,0,,7.9,1,.671,.789,263,,,2.37	1 cup~38|1 package~462
2622774	B	4	433,10,16.7,60,300,36.7,5,33,3.3,0,1.8,0,,0,,,,0	4 pieces~30|1 package~250
2590833	B	29	433,10,13.3,66.7,933,3.33,1.67,0,3.3,0	5 pieces~30|1 package~150
2552699	B	29	433,10,13.3,66.7,933,3.33,1.67,0,3.3,0	5 pieces~30|1 package~150
2543558	B	73	350,0,0,85,240,78,0,0,0,0,3.78,90,,2.4	1 serving~100|1 package~454
1866508	B	73	360,0,0,80,0,80,0,0,0,0,7.2,800,300,,,,,,,,,,,640,,,18,,10	1 serving~5|1 package~454
2194659	B	6	271,11.8,2.35,55.3,353,10.6,0,0,4.7,0,3.76,,118,,0	1 bagel~85|1 package~510
1794432	B	43	47,4.68,.85,5.53,272,.43,.21,11,.4,0,.61,17,,0	1 cup~235|1 package~453
1979446	B	6	193,7.02,0,40.4,439,0,0,0,5.3,0,1.75,40,139,,0	1 serving~57|1 package~454
2214130	B	6	246,10.5,.88,49.1,456,1.75,0,0,1.8,0,3.51,37,105,,0	1 serving~57|1 package~454
2676103	B	33	144,11.8,7.65,10,318,1.76,3.82,44,1.2,.29,.32,103,,6.2,,,,53	1 container~340
369572	B	43	42,2.11,1.06,6.69,183,.7,.18,11,.7,0,.51,7,,0	1 container~284
1955440	B	6	257,14.3,2.86,45.7,371,5.71,0,0,5.7,0,2.86,40,186,,0	1 slice~35|1 package~624
1763117	B	85	255,10.6,0,51.1,617,2.13,0,0,2.1,0,3.06,0,,0	1/3 loaf~47|1 package~284
2162333	B	6	250,12.5,3.12,43.8,438,6.25,0,0,6.2,0,3.12,50,234,,0	1 slice~32|1 package~567
2162334	B	6	250,13.6,4.55,43.2,477,9.09,0,0,6.8,0,2.27,68,252,,0	1 slice~44|1 package~709
2571011	B	43	24,1.32,.55,3.75,135,1.1,0,1,.9,0,.44,10,78,,0	1 serving~453
2064125	B	23	300,3.33,30,6.67,633,3.33,6.67,33,0,0,0,133,,0	2 tbsp~30|1 package~296
2551664	B	33	73,3.53,3.97,5.96,183,.88,2.43,13,.7,.22,.29,73,55,,0	1 serving~453
2675541	B	23	167,0,15,10,533,10,1.67,0,0,0,0,0,,0,,,,0	2 tbsp~30|1 package~355
2598970	B	33	211,8.1,12.7,16.9,489,3.52,7.04,37,.4,.53,.35,160,147,,0	1 container~284
2598960	B	33	110,4.19,6.62,8.83,254,1.77,3.75,20,.2,.22,.22,83,77,,0	1 serving~453
2571013	B	43	98,1.22,4.9,12.2,335,8.16,3.27,14,1.2,0,0,33,127,,0	1 cup~245|1 package~907
2598966	B	43	87,2.48,4.55,9.5,202,1.24,2.89,14,1.2,0,.21,29,273,,0	1 cup~242|1 package~907
2162337	B	6	227,11.4,2.27,45.4,364,6.82,0,0,6.8,0,2.27,48,195,,0	1 slice~44|1 package~709
2675542	B	23	300,0,23.3,23.3,167,20,3.33,0,0,0,0,0,,0,,,,0	2 tbsp~30|1 package~355
2016434	B	43	82,4.49,.61,13.9,273,.41,0,0,5.7,0,2.57,61,,0	1 cup~245|1 package~453
2570999	B	33	118,9.41,3.53,11.5,282,1.76,2.06,25,.9,0,.59,71,203,,0	1 container~340
2571001	B	33	74,5.88,1.47,9.12,288,1.76,.59,10,.9,0,.59,21,191,,0	1 container~340
2571000	B	33	103,6.47,2.65,13.2,253,2.35,1.47,13,2.6,0,1,24,306,,0	1 container~340
2598969	B	43	99,3.72,5.79,7.02,409,2.48,3.72,21,.8,.21,.21,95,140,,0	1 cup~242|1 package~907
2675543	B	23	333,0,33.3,0,567,0,5,67,0,0,1.2,0,,0,,,,0	2 tbsp~30|1 package~355
2598968	B	43	53,4.49,1.22,6.12,302,0,.41,16,.4,0,.33,8,127,,0	1 cup~245|1 package~907
2571017	B	43	61,4.49,1.22,8.16,257,1.63,0,6,2.4,0,.61,20,135,,0	1 cup~245|1 package~946
2096307	B	43	43,3.48,1.09,5.65,317,1.3,.22,13,1.7,0,.63,17,,0	1 cup~230|1 package~453
2570997	B	34	262,12.7,11.9,27,643,1.59,6.35,32,3.2,0,.79,183,206,,0	1/3 pizza per serving~126|1 package~380
1886829	B	6	234,10.9,.78,46.9,531,0,0,0,3.1,0,2.81,0,,0	1/3 loaf~64|1 package~383
2550797	B	6	224,7.06,2.35,41.2,459,1.18,0,0,1.2,0,2.35,41,74,,0	1 roll~85|1 package~340
2415059	B	6	225,8.45,2.11,43.7,310,4.23,0,0,4.2,0,0,155,0,,0	1 muffin~71|1 package~425
2096901	B	6	250,9.38,3.12,46.9,469,3.12,0,0,3.1,0,3.38,62,,0,,,,,3.75,0,.319	1 slice~32|1 package~1130
2495560	B	23	300,0,30,10,700,3.33,1.67,33,0,0,0,0,0,,0	2 tbsp~30|1 package~532
2571020	B	43	57,2.43,3.53,4.19,166,1.1,2.21,15,.4,.11,.09,13,60,,0	1 serving~453
2571016	B	43	83,1.25,5.42,7.5,208,3.75,3.33,15,1.7,0,0,12,154,,0	1 cup~240|1 package~907
1892290	B	23	367,3.33,36.7,6.67,733,3.33,8.33,33,0,0,0,333,,0	2 tbsp~30|1 package~296
2422531	B	29	571,42.9,39.3,10.7,1250,0,25,71,3.6,0,0,1360,0,,0	24 crisps /~28|1 package~56
1997629	B	6	273,15.9,5.68,40.9,432,2.27,0,0,4.5,0,6.14,91,182,,0	1 slice~44|1 package~709
2194633	B	6	282,11.8,2.35,55.3,388,7.06,0,0,3.5,0,4.12,165,129,,0	1 bagel~85|1 package~510
2149497	B	6	263,8.77,.88,54.4,579,1.75,0,0,3.5,0,3.51,47,119,,0	1 serving~57|1 package~397
2602012	B	6	263,8.77,.88,54.4,579,1.75,0,0,3.5,0,3.51,47,119,,0	1 serving~57|1 package~397
2675539	B	23	367,0,30,26.7,383,20,5,0,3.3,0,0,0,,0,,,,0	2 tbsp~30|1 package~355
1953525	B	23	533,0,60,0,733,0,8.33,0,0,0,0,0,,0	2 tbsp~30|1 package~355
2571010	B	43	31,2.21,.77,3.75,152,.88,.22,11,.2,0,.15,9,75,,0	1 serving~453
2089301	B	6	250,9.38,3.12,50,422,6.25,0,0,3.1,0,3.38,62,,0,,,,,3.75,0,.319	1 slice~32|1 package~567
2582973	B	6	250,9.38,3.12,50,422,6.25,0,0,3.1,0,3.44,0,0,,0	1 slice~32|1 package~567
2598967	B	43	53,3.67,2.45,4.08,265,.41,.82,16,.8,0,.41,33,127,,0	1 cup~245|1 package~907
2462321	B	43	57,4.08,1.43,6.94,282,1.63,.41,20,.4,0,.29,16,139,,.075	1 cup~245|1 package~1360
2399727	B	43	46,5.06,.84,3.8,274,.42,.21,13,.4,0,.42,15,218,,0	1 cup~237|1 package~907
2571006	B	43	160,3.6,12.8,8,288,2.8,8.4,42,1.6,0,0,72,112,,0	1 serving~250|1 package~454
2097012	B	63	211,8.1,14.1,16.9,511,3.52,7.04,37,.4,.53,.51,158,,0	1 container~284|1 package~1130
2570996	B	34	256,12,11.2,26.4,600,2.4,6.4,28,3.2,0,.8,240,144,,0	1/3 pizza per serving~125|1 package~374
1948945	B	33	56,3.82,.88,8.24,182,2.06,.15,9,1.2,0,.53,12,,4.4	1 container~340|1 package~1020
2668673	B	51	69,1.63,3.67,7.76,396,2.45,2.04,8,.8,0,.29,12,131,,0	1 cup~245|1 package~1360
2089302	B	6	263,13.2,3.95,39.5,474,5.26,0,0,5.3,0,2.84,53,,0,,,,,2.1,0,.179	1 slice~38|1 package~680
1898464	B	85	283,9.43,3.77,54.7,491,5.66,0,0,3.8,0,3.4,38,,2.3	¼ loaf~53|1 package~425
1886828	B	6	264,11.3,1.89,50.9,509,3.77,0,0,3.8,0,2.72,38,,0	¼ loaf~53|1 package~425
1608434	B	43	102,3.27,6.53,7.76,302,1.63,4.08,27,.4,.2,.44,41,,1	1 cup~245
2598962	B	43	55,1.77,3.53,4.19,163,.88,2.21,14,.2,.11,.22,21,87,,0	1 serving~453
1639741	B	43	32,1.21,.81,5.67,259,2.83,0,0,.8,0,.29,16,,4.9	1 cup~247
1893811	B	43	65,3.67,1.22,9.8,224,1.63,.82,4,4.1,0,1.47,16,,3.7	1 cup~245|1 package~1360
1903054	B	43	53,2.45,.82,8.98,192,1.63,0,0,2.9,0,.73,24,,9.8	1 cup~245|1 package~1360
2581441	B	63	212,8.05,12.7,17,487,3.39,7.2,38,.4,.42,.51,161,148,,0	1 cup~236|1 package~793
2423167	B	12	536,46.4,39.3,7.14,1360,0,25,89,3.6,0,0,1360,0,,0	24 crisps /~28|1 package~56
2194616	B	6	271,10.6,1.18,55.3,388,7.06,0,0,3.5,0,4,165,0,,0	1 bagel~85|1 package~510
2675540	B	23	83,0,0,16.7,317,13.3,0,0,0,0,0,67,,0,,,,0	2 tbsp~30|1 package~355
2022938	B	23	67,0,0,16.7,167,13.3,0,0,0,0,1.2,0,,4	2 tbsp~30
2602013	B	6	228,8.77,.88,45.6,456,1.75,0,0,5.3,0,1.75,39,168,,0	1 serving~57|1 package~454
1894920	B	77	167,23.8,7.14,0,214,0,2.98,65,0,0,2.14,0,,0	1 serving~84|1 package~340
1886830	B	6	227,10.6,.76,45.4,500,0,0,0,3,0,2.18,30,,0	1/3 loaf~66|1 package~390
1903050	B	43	97,3.1,5.43,9.69,264,4.65,3.1,23,.8,.19,.39,53,152,,0	1 cup~258|1 package~1360
2076158	B	43	99,3.42,6.84,5.32,411,2.28,4.94,19,.4,0,0,95,,1.8	1 cup~263|1 package~1360
2602014	B	6	246,10.5,.88,49.1,456,1.75,0,0,1.8,0,3.51,37,105,,0	1 serving~57|1 package~454
1886833	B	85	252,9.2,1.53,50.3,515,2.45,.61,0,3.1,0,3.87,12,,0	1 bread bowl~163|1 package~978
2383583	B	6	260,10,0,50,460,0,0,0,2,0,4,36,0,,0	¼ loaf~50|1 package~397
2273334	B	23	400,3.33,36.7,6.67,567,3.33,6.67,33,0,0,0,67,,0	2 tbsp~30|1 package~355
2166573	B	43	82,2.45,3.27,10.6,180,3.27,2.04,10,1.2,0,.82,45,162,,0	1 cup~245|1 package~907
2589586	B	43	44,1.32,1.77,5.74,97,1.77,1.1,6,.7,0,.44,24,88,,0	1 serving~453
1900993	B	23	200,0,15,16.7,83,13.3,1.67,0,0,0,0,0,,0	2 tbsp~30|1 package~355
1892295	B	23	100,0,3.33,16.7,733,13.3,0,0,0,0,0,0,,0	2 tbsp~30|1 package~355
2571009	B	43	42,1.55,2.21,3.97,128,2.21,1.55,3,.2,0,.18,7,73,,0	1 cup~453
2421424	B	5	571,42.9,42.9,10.7,1540,0,25,89,.9,0,0,1210,0,,0	24 crisps~28|1 package~56
2187089	B	33	94,6.47,2.94,10,453,2.35,1.47,16,.9,0,.79,74,,7.1	1 bowl~340|1 package~680
2106738	B	33	88,6.47,3.24,8.53,206,1.76,.59,16,3.2,0,1.18,38,226,,0	1 container~340|1 package~1020
2158038	B	43	42,2.69,1.15,5.38,262,1.54,.19,8,.8,0,.38,17,95,,0	1 cup~260|1 package~1360
2570998	B	34	288,14.4,14.4,24,752,2.4,7.2,36,2.4,0,.8,232,152,,0	1/3 pizza per serving~125|1 package~374
2545424	B	23	500,0,53.3,6.67,533,,3.33,0,0,0,0,0,0,,0	2 tbsp~30|1 package~355
1930082	B	23	533,0,53.3,13.3,733,10,5,0,0,0,0,0,0,,0	2 tbsp~30|1 package~355
1931267	B	23	333,0,30,13.3,1170,10,1.67,0,0,0,0,67,0,,0	2 tbsp~30|1 package~355
1949931	B	6	257,11.4,4.29,42.9,457,8.57,0,0,2.9,0,2.86,60,229,,0	1 slice~35|1 package~624
2582972	B	6	263,10.5,3.95,44.7,500,7.89,0,0,7.9,0,1.58,50,192,,0	1 slice~38|1 package~680
1932069	B	43	98,1.22,4.9,12.2,335,8.16,3.27,14,1.2,0,0,31,124,,0	1 cup~245|1 package~1810
2383235	B	43	53,4.9,1.63,5.31,318,.41,.61,16,.4,0,.37,8,131,,0	1 cup~245|1 package~907
1608411	B	33	212,8.05,12.7,17,508,3.39,7.2,38,.4,.42,.46,169,,0	1 cup~236
1903055	B	43	102,3.27,6.53,7.76,302,1.63,4.08,27,.4,.2,.44,41,,1	1 cup~245|1 package~1360
2272098	B	43	60,2,1.8,8.8,76,6,1.2,6,1.6,0,.58,80,,1.4	1 cup~250|1 package~453
364205	B	6	350,5,10,75,650,5,0,0,5,0,1.8,0,,0	1 serving~20
477041	B	29	325,0,0,50,100,0,0,0,0,0,0,0,,0	1 cup~4
471368	B	11	343,2.86,0,82.9,1260,5.71,0,0,2.9,0,2.06,57,,0	2 tbsp~35
642662	B	29	373,0,0,81.8,245,27.3,0,0,0,0,0,0,,0	1 cone~11
1960993	B	85	195,7.47,4.15,31.1,432,1.24,2.49,12,.8,0,2.07,95,132,,0	1 piece~241
1896280	B	85	185,8.61,3.31,31.1,404,1.99,1.99,10,2,0,2.38,99,,6	1 piece~151|1 package~454
1896281	B	21	291,11.9,12.6,32.4,768,1.99,4.64,33,2,,.72,53,,3.2	1 piece~151|1 package~454
2032293	B	78	100,16.7,6.67,0,4130,0,0,67,0,0,.6,0,,0	1 serving~30|1 package~100
2046752	B	8	480,4,28,56,120,44,12,20,4,0,1.44,80,,0	1 piece~25|1 package~252
2675803	B	8	500,5.88,29.4,55.9,132,44.1,13.2,15,2.9,0,1.06,118,,0,,,,53	2 pieces~34|1 package~475
1877773	B	8	491,5.26,31.6,52.6,123,42.1,12.3,18,1.8,0,1.26,105,,2.1	1 bar~57
2675801	B	1	485,6.06,27.3,60.6,106,51.5,13.6,15,3,0,3.03,124,261,,0	.17 piece~33|1 package~198
2675802	B	8	488,4.65,25.6,62.8,105,55.8,14,12,2.3,0,1.67,140,,0,,,,42	½ rabbit~43|1 package~85
2171534	B	8	480,4,28,52,140,40,14,20,4,0,1.6,120,252,,0	1 piece~25|1 package~198
1969721	B	1	464,3.57,28.6,53.6,143,39.3,12.5,18,3.6,0,1.43,114,236,,0	1 piece~28
2448301	B	8	440,4,28,48,340,36,12,20,4,0,1.6,112,240,,0	1 piece~25|1 package~276
1877774	B	4	480,4,28,56,120,44,12,20,4,0,1.44,80,,0	1 pieces~25|1 package~201
2169373	B	8	480,4,28,52,140,40,14,20,4,0,0,120,252,,0	1 piece~25|1 package~120
1962386	B	8	480,4,28,52,140,40,14,20,4,0,0,120,252,,0	1 piece~25|1 package~298
1920412	B	8	480,4,28,56,120,44,14,20,4,0,1.44,80,,0	1 pieces~25|1 package~303
1963342	B	0	440,4,28,48,340,36,12,20,4,0,1.6,112,240,,0	1 piece~25|1 package~303
1880779	B	1	514,5.71,31.4,54.3,129,42.9,12.9,14,2.9,0,1.03,114,,0	1 piece~35
2041239	B	1	435,4.35,34.8,56.5,109,0,17.4,0,8.7,0,1.57,0,,0	1 piece~23|1 package~198
2444606	B	7	36,3.57,0,7.14,536,3.57,0,0,3.6,,1.43,36,250,53.6,0,,,,,,,,,,,,,,,,,107	1 serving~28|1 package~454
2466771	B	81	367,10,0,76.7,0,0,0,0,3.3,0,3.33,17,107,,0,,,,6.67,1,.333,,160	¼ cup~30|1 package~2270
2462920	B	81	367,10,0,76.7,0,0,0,0,3.3,0,4.67,17,107,,0,,,,6.67,1,.333,,160	¼ cup~30|1 package~2270
2419552	B	4	389,11.1,0,55.6,56,55.6,0,0,0,0,16,222,,0	1 piece~9|1 package~72
2593847	B	12	286,46.4,8.93,0,1040,0,3.57,125,0,0,3.86,0,500,,0	1 serving~28|1 package~78
2593846	B	12	393,57.1,12.5,14.3,1070,14.3,5.36,143,0,0,6.43,0,500,,0	1 serving~28|1 package~78
2565209	B	88	367,10,1.67,73.3,2800,13.3,0,0,6.7,0,3,0,467,,0	1/3 cup~30|1 package~227
2123572	B	49	562,21.9,46.9,25,391,9.38,7.81,0,6.2,0,1.56,59,578,,0,25,9.38	2 tbsp~32|1 package~453
2016476	B	49	396,9.43,18.9,54.7,151,34,2.83,0,3.8,0,.68,0,,0	3 tbsp~53|1 package~510
1851183	B	49	541,5.41,32.4,54,81,54,5.41,0,2.7,0,4.86,162	2 tbsp~37|1 package~368
2677739	B	88	321,3.57,0,71.4,1180,0,0,0,3.6,0,1.29,0,,8.6,,,,0	1 serving~28|1 package~195
2677738	B	67	312,6.25,0,75,1190,0,0,0,6.2,0,0,0,,7.5,,,,0	1 serving~16|1 package~188
2677737	B	88	350,5,0,75,1200,0,0,0,5,0,1.8,0,,0,,,,0	1 serving~20|1 package~224
2023502	B	88	318,4.55,0,72.7,1360,0,0,0,4.5,0,1.64,0,,5.5	1½ tbsp~22|1 package~166
2677740	B	91	357,14.3,3.57,69.6,36,0,1.79,98,3.6,0,1.29,36,,0,,,,0	1 serving~56|1 package~255
2056548	B	6	268,9.76,2.44,53.7,537,7.32,0,0,2.4,0,3.51,98,159,0,,0,0,,3.9,1,.249	2 slices~41|1 package~454
2056545	B	6	268,9.76,2.44,53.7,561,4.88,0,0,2.4,0,3.51,98,110,0,,0,0,,3.9,1,.332	2 slices~41|1 package~454
1893677	B	6	273,9.09,3.03,51.5,636,6.06,0,0,3,0,3.27,61,,0,,,,,3.64,0,.309	1 bun~33|1 package~397
2066719	B	6	295,9.09,5.3,54.6,606,9.09,1.52,0,2.3,0,2.73,91,,0	1 bun~66|1 package~794
2066722	B	6	283,8.7,5.43,54.4,565,4.35,2.17,0,2.2,0,2.35,87,,0	½ bun~46
2023784	B	19	0,0,0,0,3500,0	1 tsp~5|1 package~355
2289022	B	19	0,0,0,0,4400,0	1 tsp~5|1 package~177
1913360	B	19	33,0,0,0,1200	1 tbsp~15|1 package~355
2119509	B	19	0,0,0,0,2500,0	1 tsp~5|1 package~177
2093545	B	19	0,0,0,20,900,20	1 tsp~5|1 package~295
2061655	B	48	152,22.3,6.25,0,54,0,2.23,62,0,0,1.61,18,,0	1 serving~112|1 package~283
2423936	B	51	16,3.27,0,0,86,0,0,0,0,0,.31,6,64,,0,0,0	1 cup~245|1 package~652
2061658	B	48	125,23.2,3.12,0,54,0,1.34,62,0,0,2.41,18,,0	1 serving~112|1 package~454
2061654	B	48	116,23.2,2.68,0,54,0,.89,54,0,0,1.61,18,,0	1 serving~112|1 package~227
1550300	B	147	134,22.3,4.46,0,58,0,1.79,62,0,,1.61,36,,0	1 serving~112
1661766	B	48	214,18.8,15.2,0,67,0,6.25,67,0,0,2.41,18,,0	1 serving~112
2061657	B	48	161,20.5,8.04,0,62,0,3.12,58,0,,2.41,18,,0	1 serving~112|1 package~227
1908656	B	2	214,21.4,14.3,0,893,,1.79,0,,0,,,,,,3.57,8.93	1 serving~28|1 package~227
387607	B	19	0,0,0,20,1500,0,0,0,0,0,0,0,,0	1 tsp~5
2491178	B	85	369,10.7,16.4,44.4,0,2.44,3.33,0,1.8,0,0,12,,1.3	1 serving~45|1 package~269
2506900	B	9	400,2.86,11.4,65.7,0,42.9,8.57,0,0,0,0,0,0,,0	1 cake~35|1 package~175
2653096	B	12	367,3.33,23.3,53.3,800,16.7,3.33,0,20,0,1,33,533,,30	3 tbsp~30|1 package~62
2481901	B	12	367,3.33,23.3,53.3,633,16.7,3.33,0,20,0,1,33,533,,30.8	30 tbsp~30|1 package~62
2609908	B	12	367,3.33,23.3,53.3,633,16.7,3.33,0,20,0,1,33,533,,31	3 tbsp~30|1 package~62
2653097	B	12	367,3.33,23.3,53.3,833,16.7,3.33,0,20,0,1,33,533,,30	3 tbsp~30|1 package~62
2609909	B	12	393,3.57,21.4,53.6,1180,21.4,3.57,0,17.9,0,1.79,107,500,,23	¼ cup~28|1 package~62
2669832	B	12	394,3.03,24.2,57.6,788,21.2,4.55,0,21.2,0,2.82,121,485,,33	1/3 cup~33|1 package~62
1859234	B	15	120,0,0,28,1720,24,0,0,4,0,7.2,80,,0	1 tbsp~25|1 package~200
1849952	B	30	250,0,0,50,0,0,0,0,50,0,54,0,,0	1 tbsp~2|1 package~454
1866681	B	37	15,1.47,0,1.47,1370,0,0,4,0,0,.26,0,,0	2/3 cup~136|1 package~680
1868243	B	130	375,8.33,0,83.3,0,0,0,0,25,0,15,167,,0	2 tbsp~12|1 package~454
1865173	B	35	194,0,0,44.4,367,33.3,0,0,0,0,0,0,,0	2 tbsp~36|1 package~200
2509439	B	35	300,0,0,66.7,2600,66.7,0,0,0,0,0,0,,0	1 tbsp~15|1 package~255
1866667	B	37	11,.74,0,2.21,1240,0,0,0,0,0,.53,0,,0	2/3 cup~136|1 package~680
1916993	B	81	333,0,0,66.7,3330,0,0,0,0,0,0,0,,0	1 tsp~3|1 package~908
2476066	B	6	286,7.14,3.57,50,500,3.57,0,0,0,0,2.86,89,71,,0,0,0,,4.29,0,.357,,107	1 roll~28|1 package~340
2475549	B	6	286,7.14,3.57,60.7,375,17.9,0,0,3.6,0,3.21,36,214,,1.43,0,0,,2.86,0,.357,,96	1 slice~28|1 package~454
2461659	B	6	282,7.69,2.56,51.3,462,5.13,0,0,2.6,0,2.82,90,77,,0,0,0,,4.1,1,.256,,108	1 roll~39|1 package~312
2461658	B	6	267,6.67,3.33,50,567,3.33,0,0,3.3,0,3,100,67,,0,0,0,,4,0,.333,,100	1 slice~30|1 package~567
2461624	B	6	282,7.69,2.56,51.3,462,5.13,0,0,2.6,0,2.82,90,77,,0,0,0,,4.1,1,.256,,108	1 roll~39|1 package~312
2460598	B	6	282,7.69,2.56,51.3,462,5.13,0,0,2.6,0,2.82,90,77,,0,0,0,,4.1,1,.256,,108	1 roll~39|1 package~624
2460597	B	6	269,7.69,3.85,50,423,3.85,0,0,3.8,0,3.08,115,96,,0,0,0,,3.85,0,.385,,92	1 slice~26|1 package~567
2487543	B	6	273,6.82,2.27,50,477,4.55,0,0,2.3,0,2.73,91,80,,0,0,1.14,,4.09,0,.227,,109	2 slice~44|1 package~567
2460321	B	6	255,8.51,3.19,51.1,468,4.26,0,0,2.1,0,2.77,96,74,,0,0,1.06,,4.26,0,.426,,102	2 slices~47|1 package~567
2652208	B	19	0,0,0,0,100,0,0,0,0,0,0,0,0,,0	1 tsp~5|1 package~296
2388101	B	43	286,0,0,42.9,10900,14.3,0,0,0,0,0,214,614,,0	.12 package~7|1 package~53.8
2388104	B	43	286,14.3,0,57.1,8000,28.6,0,0,14.3,0,0,257,1260,,0	.17 package~7|1 package~38.9
2388100	B	43	250,10,0,50,11500,20,0,0,10,0,0,170,760,,0	.17 package~10|1 package~55.6
2509144	B	12	464,33.9,35.7,1.79,1730,,12.5,98,,,1.29,36	1 package~56
2509145	B	12	464,33.9,35.7,1.79,1730,,12.5,98,,,1.29,36	1 package~56
2553997	B	7	300,0,30,5,475,0,3,,0,0	1 serving~20|1 package~310
1832585	B	11	0,0,0,80,12800,0,0,0,0,0,0,0,,0	½ tsp~1.2|1 package~169
2031779	B	143	265,15.9,21.2,1.99,841,.66,7.28,63,0,0,.72,53,,2.4	1 serving~151|1 package~4536
2076529	B	77	79,14.6,1.66,1.32,450,0,.66,23,.7,0,.95,13,,0	2/3 cup~151|1 package~425
2025943	B	7	54,3.57,3.57,0,1000,,,0,,0	1 serving~28
2019034	B	26	53,9.27,1.32,1.32,589,.66,.33,20,0,0,.95,0,,0	1/3 pouch~151|1 package~907
2014802	B	28	30,9.93,1.32,1.32,338,0,.33,7,1.3,0,.95,13,,0	2/3 cup~151|1 package~680
2287603	B	77	30,9.93,1.32,1.32,338,0,.33,7,1.3,0,.95,13,,0	2/3 cup~151|1 package~1814
520089	B	66	212,5.29,13.2,21.2,278,2.65,2.65,13,0,,.95,53,,0	1 serving~37.8
2067738	B	137	393,17.9,35.7,3.57,964,0,10.7,107,0,0,1.29,0,,0	1 serving~28|1 package~510
2505766	B	4	483,6.9,20.7,65.5,138,48.3,10.3,0,3.4,0,2.76,0,0,,0	4 wafers~29|1 package~250
1893126	B	27	186,15.7,14.3,2.86,900,0,4.29,57,1.4,0,2.06,29,,3.4	1 serving~70|1 package~226
1913777	B	111	153,9.41,7.65,10.6,494,1.76,2.65,24,.6,0,6.35,235,,3.5	½ wrap~170|1 package~340
1895044	B	32	73,2.44,3.66,8.13,447,4.88,.81,0,1.6,0,.59,16,,0	½ cup~123|1 package~680
2068514	B	20	35,1.18,0,9.41,176,2.35,0,0,0,0,.42,47,,10.6	1 serving~85|1 package~567
2068485	B	20	35,.7,0,8.45,18,7.75,0,0,.7,0,.25,14,,38	1 serving~142|1 package~680
2068466	B	20	18,1.18,0,4.71,0,2.35,0,0,1.2,0,.42,0,,77.6	1 serving~85|1 package~142
2068479	B	20	29,1.18,0,7.06,0,3.53,0,0,1.2,0,.42,24,,91.8	1 serving~85|1 package~269
2090610	B	20	29,1.18,0,5.88,12,2.35,0,0,1.2,0,.42,24,,10.6	1 serving~85|1 package~397
2068478	B	20	41,1.18,0,9.41,0,1.18,0,0,4.7,0,.42,0,,21.2	1 serving~85|1 package~397
1895636	B	80	330,12,17,30,450,1,3.5,40,1,0,1.8,60,,6	1 cup~100|1 package~284
2060805	B	20	71,1.18,0,15.3,0,1.18,0,0,1.2,0,.42,0,,0	1 serving~85|1 package~652
2060807	B	33	155,2.27,5.45,24.1,273,9.09,2.27,9,.9,0,.16,9,,0	1 cup~220|1 package~680
2066976	B	17	127,3.52,2.46,22.9,37,14.8,.88,4,1.1,0,.38,7,,.8	1 package~284
2187913	B	33	248,13.9,8.91,28.7,545,3.96,3.96,35,1,0,2.67,99,,1.2	1 piece~101|1 package~610
2187916	B	33	163,6.01,6.36,20.1,498,1.41,3.53,16,1.8,0,.95,106,,0	1 package~283
1895603	B	33	155,2.27,5.45,24.1,273,9.09,2.27,9,.9,0,.16,9,,0	1 cup~220|1 package~567
2187163	B	33	259,14.1,10.6,27.1,706,2.35,4.71,24,2.4,0,0,294,,2.8	1 piece~85|1 package~510
2068458	B	7	144,7.94,11.5,4.12,356,1.18,2.35,60,.3,0,1.32,59,,8.8	1 salad~340
2068456	B	7	191,9.06,14.8,5.37,436,.67,3.36,32,1,0,.91,168,,12.1	1 salad~298
2068552	B	33	118,1.18,7.06,15.3,147,4.71,1.76,6,2.4,0,.42,24,,10.6	¾ cup~85|1 package~510
2068457	B	7	89,1.23,7.67,5.83,153,1.23,.61,5,.3,0,1.1,18,,27.6	1 salad~326
2068547	B	7	131,4.55,10.1,7.58,227,1.01,1.77,58,0,0,1.36,76,,13.6	1 serving~198|1 package~397
2068553	B	33	73,2.73,4.55,7.27,145,1.82,0,0,3.6,0,.98,36,,16.4	1 cup~110|1 package~340
2068507	B	111	200,15,10,15,525,5,5,50,0,0,0,0,,0	1 pinwheel~40|1 package~1219
2060808	B	33	200,2,17,13,420,1,1.5,0,1,0,0,0,,1.2	½ cup~100|1 package~454
1781138	B	33	300,11.6,9.47,40.5,289,3.16,5.26,24,1.6,0,1.89,184,,0	1 cup~190|1 package~624
2068549	B	7	165,4.12,9.41,18.2,74,11.2,.88,0,2.9,0,1.06,88,,42.4	½ salad~170|1 package~340
2068548	B	7	96,5.48,5.94,7.31,224,1.37,1.83,14,.5,0,.33,27,,27.4	½ salad~219|1 package~439
2068543	B	7	71,2.17,2.72,12,125,3.8,.54,0,1.1,0,.39,11,,16.3	½ salad~184|1 package~369
2187164	B	33	258,12.4,11.2,25.8,719,2.25,5.06,22,2.2,0,0,169,,2.7	1 piece~89|1 package~539
2068532	B	77	134,19,6.34,0,254,0,2.11,53,0,0,.51,0,,.8	1 piece~142|1 package~510
2187915	B	33	277,12.9,13.9,23.8,723,1.98,5.94,30,1,0,1.43,149,,2.4	1 piece~101|1 package~610
2187914	B	33	217,10.4,9.43,22.6,425,1.89,3.77,14,1.9,0,.34,189,,5.7	1 piece~106|1 package~638
2068546	B	7	99,4.25,6.6,8.49,278,1.89,.47,33,.5,0,.17,47,,14.2	½ salad~212|1 package~425
2068453	B	33	221,9.47,6.32,30.5,479,4.74,2.63,16,1.6,0,1.89,158,,7.9	1 cup~190|1 package~907
2090613	B	7	79,2.09,4.71,8.38,99,5.24,.26,0,1.6,0,1.41,52,,22	½ salad~191|1 package~383
2068455	B	7	114,1.96,6.27,12.9,133,9.41,.39,0,2,0,1.41,59,,23.5	1 salad~255
1913778	B	111	173,8.38,4.71,22,450,4.19,1.57,16,1,0,1.41,79,,4.7	½ wrap~191|1 package~383
1895602	B	33	284,11.6,8.42,39,311,3.16,5.26,24,1.6,0,1.89,211,,0	1 cup~190|1 package~907
2068550	B	7	52,.94,3.29,7.04,254,1.88,0,0,.5,0,.17,9,,14.1	½ salad~213|1 package~425
2068060	B	87	196,15.7,5.88,18,557,.78,3.14,33,.8,0,1.06,98,,1.9	1 sub~255
1886746	B	33	219,7.28,15.9,11.3,305,1.32,7.28,99,.7,0,1.19,132,,.8	1 slice~151|1 package~454
2068477	B	20	18,2.35,0,3.53,0,2.35,0,0,2.4,0,2.12,24,,5.6	1 serving~85|1 package~259
1895635	B	33	110,5,6,8.5,590,6,2,15,1,0,.9,100,,13.5	1 cup~200|1 package~1361
2057832	B	15	111,6.67,5.56,11.1,444,2.22,2.22,11,2.2,0,1.6,89,,8	2 tbsp~45|1 package~1361
1807908	B	28	400,22.7,33.3,0,853,0,18.7,93,0,0,2.4,467,,0	12 pieces~75|1 package~680
2068509	B	20	47,1.18,0,10.6,29,2.35,0,0,1.2,0,.42,24,,4.2	1 serving~85|1 package~567
1895649	B	111	175,15,6.25,12.5,675,2.5,3.75,38,0,0,.9,0,,3	1 pinwheel~40|1 package~241
1895182	B	87	222,9.86,8.1,21.8,757,3.17,3.52,32,.7,0,.95,7,,.8	1 sandwich~284
1942721	B	33	188,11.8,8.24,15.3,953,7.06,2.35,71,0,0,.85,0,,0	1 serving~85|1 package~454
1942708	B	77	188,10.6,7.06,20,529,8.24,1.18,29,1.2,0,.42,24,,0	1 serving~85|1 package~454
1942686	B	33	200,14.1,9.41,15.3,447,1.18,1.76,41,1.2,0,.42,24,,0	1 serving~85|1 package~454
2285012	B	33	148,4.85,5.95,19.4,344,1.54,3.08,15,2.4,0,1.78,88,,4	1 potato~454
2068518	B	80	190,7,13,11,430,7,4,40,1,0,.36,80,,36	½ cup~100|1 package~284
1801470	B	80	243,2.86,17.9,15.7,193,8.57,3.21,7,2.1,0,1.03,57,,10.7	2/3 cup~140|1 package~624
2068502	B	20	41,3.53,0,9.41,24,2.35,0,0,3.5,0,1.27,47,,84.7	1 serving~85|1 package~454
2273570	B	20	47,0,.59,7.06,0,2.35,0,0,4.7,0,0,24,,84.7	½ package~170|1 package~340
2068511	B	20	59,1.18,1.76,11.8,18,2.35,1.18,6,2.4,0,.85,47,,21.2	1 serving~85|1 package~680
1917282	B	20	90,2,0,20,55,4,0,0,3,0,.72,40,,2.4	1 cup~100|1 package~283
2068544	B	7	172,6.13,13.5,5.52,436,.61,3.68,25,1.2,0,.88,215,,16.6	½ salad~163|1 package~326
2068519	B	80	200,4,15,13,210,8,2.5,15,1,0,.72,40,,48	2/3 cup~100|1 package~227
1925380	B	33	93,5.77,1.28,14.7,301,1.28,.48,11,1.3,0,.58,13,,15.4	1 package~312
2068474	B	20	18,0,0,4.71,71,2.35,0,0,1.2,0,.42,24,,4.2	1 serving~85|1 package~397
2068473	B	20	12,1.18,0,2.35,71,1.18,0,0,1.2,0,0,47,,2.8	1 serving~85|1 package~397
2090605	B	80	45,4,.5,6,270,3,0,30,1,0,.36,40,,9	½ cup~100|1 package~340
2188823	B	33	220,8.54,7.32,31.7,512,2.44,3.66,18,2.4,0,2.2,183,,0	1 piece~82|1 package~652
2089285	B	9	208,1.18,11,25.9,49,23.9,9.02,8,.8,.39,.14,8,,18.8	1 package~255
2068545	B	7	162,8.38,12,4.71,377,.52,3.14,29,1,0,.75,157,,12.6	½ salad~191|1 package~383
1791212	B	33	208,5.88,13.3,16.9,224,1.18,5.88,14,.4,0,1.06,24,,1.9	1 slice~255|1 package~1531
2190445	B	33	239,8.7,14.1,16.3,304,0,6.52,22,0,0,1.17,43,,0	1 slice~92|1 package~369
1942456	B	33	194,10.1,9.68,16.5,286,4.84,2.42,26,2,0,1.09,24,,1.5	1 package~248
2068056	B	87	212,8.7,12.5,15.8,310,1.63,2.72,24,.5,0,.98,43,,3.3	1 sandwich~184
2068051	B	87	266,12.5,14.7,17.9,462,2.17,3.26,33,.5,1.9,1.47,43,,.7	1 sandwhich~184
1930327	B	93	184,9.41,9.02,15.7,275,4.71,1.96,25,1.6,0,1.06,24,,1.4	1 package~255
2068443	B	80	276,20,19,.95,610,.95,4.76,67,0,0,.69,19,,1.1	½ cup~105|1 package~227
2068061	B	87	224,13.7,8.24,23.5,596,1.57,3.92,29,2,0,1.76,39,,2.4	1 sub~255
1781134	B	111	200,12.5,11.2,12.5,500,2.5,6.25,50,0,0,0,0,,3	1 pinwheel~40|1 package~1219
1801469	B	80	160,1,11,13,200,11,2,10,1,0,.36,20,,18	½ cup~100|1 package~624
2068471	B	20	24,1.18,0,5.88,0,2.35,0,0,1.2,0,.42,0,,134	1 serving~85|1 package~142
1895628	B	20	41,1.18,0,10.6,0,4.71,0,0,1.2,0,0,118,,1.4	1 serving~85|1 package~284
2068486	B	20	41,1.18,0,10.6,0,4.71,0,0,1.2,0,0,24,,7.1	1 serving~85|1 package~142
1913820	B	20	24,1.18,0,5.88,0,4.71,0,0,2.4,0,.42,0,,191	1 serving~85|1 package~142
2115158	B	20	41,1.18,0,10.6,0,4.71,0,0,1.2,0,0,118,,1.4	1 serving~85|1 package~284
2068524	B	15	118,7.27,2.27,20,209,2.73,0,0,5.5,0,2.45,36,,38.2	¾ cup~110|1 package~340
2068055	B	87	190,6.52,10.9,15.8,353,2.17,1.63,122,.5,0,1.47,82,,2.6	1 sandwich~184
2068504	B	20	29,1.18,0,7.06,0,3.53,0,0,1.2,0,.42,24,,91.8	1 serving~85|1 package~454
1928336	B	7	170,3.57,15.6,6.7,277,.89,1.56,13,1.3,0,.64,67,,5.4	½ salad~224|1 package~447
1799996	B	7	171,2.99,14.5,8.12,299,2.14,2.14,15,1.7,0,.77,85,,5.1	½ salad~234|1 package~468
2188720	B	33	210,10.1,6.52,29,674,8.7,2.54,18,1.4,0,.26,72,,6.5	½ package~138|1 package~276
1886748	B	33	225,7.95,16.6,11.9,325,1.32,7.28,96,.7,0,1.19,132,,11.9	1 slice~151|1 package~454
1931032	B	7	158,2.39,11.5,12,211,8.61,1.2,2,1.9,0,.86,38,,20.1	½ salad~209|1 package~418
2068059	B	15	38,0,0,10,225,5,0,0,2.5,0,0,0,,6	2 tbsp~40|1 package~454
2057833	B	15	100,3.33,5,10,2370,3.33,0,0,3.3,0,2.4,67,,8	2 tbsp~30|1 package~369
1895173	B	15	38,0,0,10,212,5,0,0,2.5,0,0,0,,6	2 tbsp~40|1 package~454
2068057	B	15	38,0,0,10,238,7.5,0,0,2.5,0,0,0,,9	2 tbsp~40|1 package~454
1930959	B	93	242,11.1,12.6,23.2,596,9.6,2.27,10,4,0,1.36,227,,0	1 package~198
2068494	B	20	49,.7,0,12,4,9.15,0,0,1.4,0,.25,14,,33.8	1 serving~142|1 package~680
2068475	B	7	96,2.24,7.37,5.45,330,1.92,1.92,6,1.3,0,.58,48,,28.8	1 salad~312
2254055	B	17	106,7.07,.71,17.7,35,11.3,0,4,1.1,0,.38,71,,6.4	1 serving~283
2212897	B	17	102,7.07,.71,17,35,11,0,4,.7,0,.38,71,,12.7	1 container~283
2068536	B	33	259,10.3,7.35,37.1,279,2.94,4.12,19,1.5,0,1.59,88,,2.6	1 package~340
2068446	B	80	330,12,17,30,450,1,3.5,40,1,0,1.8,60,,6	1 cup~100|1 package~227
2189389	B	33	196,7.61,5.43,29.4,500,3.26,2.72,16,2.2,0,2.93,109,,0	1 pieces~92|1 package~737
2068530	B	33	200,14.6,12.4,6.57,426,1.95,4.38,71,.2,.73,1.75,109,,1.2	1 serving~411
1895177	B	87	225,12.7,8.45,23.9,521,5.63,4.93,42,1.4,0,1.52,85,,0	1 slider~71|1 package~298
2068472	B	20	35,.7,0,9.15,18,8.45,0,0,.7,0,.25,0,,19	1 serving~142|1 package~284
2285341	B	93	145,4.46,6.69,20.8,320,2.97,.37,0,2.6,0,1.34,37,,6.7	1 package~269
2188710	B	33	252,11.4,13,24.4,687,4.58,5.34,31,.8,0,.55,76,,3.7	½ package~131|1 package~262
2090567	B	87	216,13,10.8,18.2,792,2.23,4.46,39,.7,0,1.34,30,,2.2	1 sub~269
2090608	B	80	157,.71,10.7,14.3,286,10.7,1.79,7,2.1,0,.51,29,,12.9	2/3 cup~140|1 package~340
2068484	B	20	29,1.18,.59,5.88,0,3.53,0,0,2.4,0,.85,0,,42.4	1 serving~85
1930785	B	93	364,16.3,26.1,16.8,321,5.43,9.24,136,2.2,0,1.96,272,,0	1 package~184
2068513	B	20	118,8.24,0,22.4,41,3.53,0,0,9.4,0,3.18,47,,7.1	1 serving~85|1 package~567
2068522	B	7	250,4.29,20,13.6,357,2.14,5,32,1.4,0,.26,71,,8.6	2/3 cup~140|1 package~227
1895652	B	33	263,10.5,7.89,36.3,284,3.16,4.21,21,1.6,0,1.42,105,,2.5	1 cup~190|1 package~624
2068520	B	80	386,6.43,20.7,40.7,214,5,2.86,11,2.1,0,1.93,0,,.9	½ cup~140|1 package~340
2068464	B	20	63,.7,0,16.9,0,14.8,0,0,2.1,0,.25,14,,29.6	1 serving~142|1 package~284
2187938	B	33	224,10.6,9.41,24.7,435,1.18,4.12,18,1.2,0,1.69,176,,2.8	1 slice~85|1 package~652
2188514	B	33	119,5.96,5.96,10.3,285,3.13,2.19,27,.6,.31,.85,19,,6.6	1 package~319
2090612	B	33	224,9.41,6.18,30.3,479,4.71,2.65,16,1.5,.15,1.85,176,,7.9	1 package~340
2068483	B	20	49,.7,.35,12,0,7.75,0,0,3.5,0,.51,14,,33.8	1 serving~142|1 package~284
1953466	B	20	39,.88,0,9.65,4,7.89,0,0,.9,0,.32,0,,18.4	¼ package~114|1 package~454
2105474	B	20	32,.71,0,8.13,11,7.42,0,0,.7,0,.13,7,,8.5	1 package~283
2090601	B	80	271,6.43,7.86,47.1,393,2.86,1.07,0,5.7,0,1.93,43,,6.4	¾ cup~140|1 package~312
2068551	B	111	175,15,6.25,12.5,625,0,3.75,38,0,0,.9,100,,3	1 pinwheel~40|1 package~241
1895631	B	33	250,10,8,33,210,2,1,25,2,0,1.8,20,,1.2	1 cup~100|1 package~284
2188821	B	33	240,9.38,10.4,28.1,594,2.08,4.17,26,2.1,0,2.81,156,,5	1 piece~96|1 package~766
2188822	B	33	235,9.41,9.41,29.4,659,3.53,4.12,24,1.2,0,3.18,176,,2.8	1 piece~85|1 package~680
2189453	B	33	250,9.78,10.9,28.3,641,2.17,4.89,27,2.2,0,2.93,163,,0	1 piece~92|1 package~737
2068501	B	15	29,1.18,0,7.06,0,3.53,0,0,1.2,0,.42,24,,14.1	1 serving~85|1 package~284
2068461	B	20	49,.7,0,12.7,0,9.15,0,0,1.4,0,.25,14,,38	1 serving~142|1 package~284
2076542	B	20	49,.7,0,12.7,0,9.15,0,0,1.4,0,.25,14,,38	1 serving~142|1 package~482
2068470	B	20	49,.7,0,12.7,0,9.15,0,0,1.4,0,.25,14,,38	1 serving~142|1 package~482
2627920	B	33	224,12.9,5.88,27.1,565,2.35,3.53,18,2.4,0,1.69,176,,2.8,,,,0	1 slice~85|1 package~652
2187939	B	33	239,12,8.7,27.2,554,6.52,3.8,27,1.1,0,1.96,87,,1.3	1 slice~92|1 package~751
2187300	B	33	235,10.6,9.41,25.9,635,2.35,5.29,18,2.4,0,1.27,118,,0	1 slice~85|1 package~680
2068537	B	33	247,3.89,14.5,11.7,505,1.77,6.36,7,.4,0,.95,28,,.8	½ pie~283|1 package~567
1776070	B	29	200,4.83,5.52,33.8,703,4.14,1.38,3,1.4,0,1.86,103,,0	3 pretzel bites~145|1 package~1134
2068527	B	7	143,3.57,10,10.7,286,2.14,1.79,71,.7,0,.26,29,,0	2/3 cup~140|1 package~340
2057840	B	93	137,5.73,7.49,11.9,154,9.69,4.41,26,.4,0,.16,132,,6.6	1 package~227
1801497	B	7	172,3.68,17.8,12.9,319,1.23,4.29,25,1.2,0,.44,61,,9.2	¼ package~163|1 package~652
2273093	B	87	221,20.4,9.73,19.5,283,.88,3.98,49,.9,0,1.59,177,,2.1	½ sandwich~113|1 package~226
1938611	B	111	186,14,8.14,16.3,151,0,3.49,35,0,0,1.67,93,,11.2	1 pinwheel~43|1 package~255
2068516	B	80	180,11,13,7,230,6,4,25,2,0,.72,150,,2.4	1 cup~100
2068512	B	20	29,1.18,0,7.06,24,2.35,0,0,1.2,0,.42,24,,14.1	1 serving~85|1 package~617
2090602	B	80	271,6.43,8.57,41.4,264,7.14,1.07,0,2.1,0,1.93,14,,10.7	1 cup~140|1 package~340
1895175	B	15	38,0,0,10,250,5,0,0,2.5,0,.9,0,,3	2 tbsp~40|1 package~454
2090606	B	80	45,4,0,6,310,3,0,30,1,0,.72,40,,9	½ cup~100|1 package~340
2090603	B	80	110,4,4.5,12,480,3,0,20,1,0,0,80,,3.6	½ cup~100|1 package~227
2068491	B	20	24,1.18,0,5.88,0,2.35,0,0,1.2,0,.42,24,,49.4	1 serving~85|1 package~439
2068498	B	20	49,0,0,14.1,0,10.6,0,0,2.1,0,0,0,,4.2	1 serving~142|1 package~610
2068499	B	20	49,0,0,14.1,0,10.6,0,0,2.1,0,0,0,,4.2	1 serving~142|1 package~737
2068497	B	20	49,0,0,14.1,0,10.6,0,0,2.1,0,0,0,,4.2	1 serving~142|1 package~610
2068495	B	20	49,0,0,14.1,0,10.6,0,0,2.1,0,0,0,,4.2	1 serving~142|1 package~610
2068053	B	87	153,11.4,3.14,20.4,733,1.96,1.37,24,1.6,0,1.06,118,,2.4	1 sub~255
2068449	B	7	121,2.14,7.14,12.9,400,4.29,.71,7,2.1,0,1.93,29,,8.6	2/3 cup~140|1 package~652
2068505	B	20	29,1.18,0,5.88,18,2.35,0,0,1.2,0,.42,24,,63.5	1 serving~85|1 package~340
2066978	B	17	127,3.52,2.46,22.9,37,14.8,.88,4,1.1,0,.38,70,,.8	1 package~284
2187078	B	17	102,3.17,1.23,20.8,53,14.4,.53,4,.7,0,.13,70,,6.3	1 package~284
2068517	B	7	170,5,11,14,60,7,1.5,0,3,0,1.44,40,,21	½ cup~100|1 package~170
1917283	B	20	90,2,0,20,55,4,0,0,3,0,.72,40,,2.4	1 cup~100|1 package~283
1933861	B	33	219,7.28,15.9,11.9,318,1.32,7.28,96,.7,0,1.19,132,,9.9	1 slice~151|1 package~454
2068508	B	20	82,2.35,1.76,16.5,35,2.35,0,0,2.4,0,.42,24,,10.6	1 serving~85|1 package~454
1933236	B	33	258,12.4,12.4,24.7,494,2.25,6.74,34,3.4,0,1.62,225,,1.3	1/3 flatbread~89|1 package~266
2079067	B	93	393,22.1,32.9,.71,421,.71,17.9,93,0,0,.51,500,,0	18 pieces~140|1 package~680
1924628	B	20	60,.71,.35,14.8,0,12.4,0,0,1.8,0,.25,14,,40.3	1 package~283
2068467	B	20	49,.7,0,13.4,0,9.86,0,0,1.4,0,.25,14,,42.3	1 serving~142|1 package~907
2068450	B	80	250,10,8,33,210,2,1,25,2,0,1.8,20,,1.2	1 cup~100|1 package~198
2090600	B	80	190,14,13,3,430,0,1.5,60,0,0,.36,0,,1.2	1 cup~100|1 package~340
2090594	B	7	61,3.51,2.63,7.02,132,3.51,.88,0,1.8,0,.63,35,,2.1	2 mushrooms~57|1 package~198
2090596	B	33	85,4.93,4.23,8.45,162,3.52,2.46,11,2.1,0,.51,28,,2.5	1 mushroom~142|1 package~284
1933974	B	33	156,5.29,6.61,19.4,357,1.54,3.52,18,2.4,0,1.78,99,,3.3	1 potato~454
2187301	B	33	239,13,10.9,23.9,674,2.17,4.35,27,2.2,0,1.57,109,,2.6	1 slice~92|1 package~737
2187076	B	17	112,3.35,.74,23,50,14.5,0,2,.7,0,.4,223,,1.3	1 parfait~269
2187077	B	17	123,3.52,2.46,22.5,37,14.1,.88,4,1.4,0,.38,7,,2.1	1 package~284
2187075	B	17	108,2.97,.74,21.6,46,13.4,0,2,.7,0,.4,223,,10	1 parfait~269
1936774	B	20	137,1.66,13.3,5.39,340,2.9,1.87,12,1.2,0,.45,41,,34.9	1 package~241
2090568	B	111	274,9.63,12.6,33.3,230,2.96,1.48,0,4.4,0,3.33,59,,6.7	½ wrap~135|1 package~269
2068459	B	20	35,.7,0,7.75,0,6.34,0,0,.7,0,.25,0,,8.5	1 serving~142|1 package~1304
2076544	B	20	32,.7,0,7.75,0,6.34,0,0,.7,0,.25,0,,8.5	1 serving~142|1 package~680
2090597	B	33	88,5.26,3.51,8.77,149,1.75,1.75,9,1.8,0,.63,105,,2.1	2 mushrooms~57|1 package~198
2060801	B	20	32,.7,0,7.75,0,4.93,0,0,2.1,0,.51,14,,59.2	1 serving~142|1 package~284
1920648	B	20	20,1,0,3,5,3,0,0,1,0,.36,20,,18	1 cup~100|1 package~283
1930335	B	17	123,2.6,2.6,22.3,19,12.6,.37,0,1.9,0,.54,112,,17.8	1 package~269
1931005	B	17	106,2.83,.71,21.6,44,13.4,0,2,1.1,0,.38,212,,8.5	1 container~283
1931007	B	17	102,2.83,.71,20.8,44,13.1,0,2,.7,0,.38,212,,12.7	1 container~283
2068503	B	20	18,2.35,0,3.53,0,1.18,0,0,1.2,0,.42,24,,24.7	1 serving~85|1 package~567
2076801	B	66	475,7.5,25,57.5,325,0,10,0,7.5,0,1.8,100,,0,,12.5,2.5	3 pieces~40|1 package~350
1883222	B	15	100,0,6.67,6.67,400,3.33,0,0,0,0,1.2,67,,8	2 tbsp~30|1 package~447
1913613	B	32	61,2.27,3.79,6.06,371,4.55,.76,0,.8,0,1.09,30,,20.5	½ cup~132|1 package~708
2441151	B	30	400,0,10,73.3,467,53.3,10,0,0,0,0,0,,0	1 cup~15|1 package~180
1815091	B	21	230,6.19,15,22.1,35,.88,2.21,4,1.8,0,1.59,53,,21.2	1 serving~113|1 package~340
1815092	B	21	150,7.08,6.19,16.8,248,0,3.54,13,.9,0,.96,133,,0	1 serving~113|1 package~340
1812379	B	21	159,8.85,7.08,14.2,283,0,3.98,18,0,0,.96,177,,1.1	1 serving~113|1 package~340
1812060	B	21	142,7.08,7.08,12.4,301,0,5.31,18,1.8,0,.96,133,,1.1	1 serving~113|1 package~340
2061227	B	11	375,0,21.9,43.8,312,0,0,0,0,0,2.25,0,,0	1 tbsp~16|1 package~340
1903744	B	23	633,0,70,3.33,500,0,6.67,0,0,0,0,0,,0	2 tbsp~30|1 package~340
2054577	B	6	212,8.75,2.5,43.8,425,5,0,0,10,0,2.25,0,,0	1 pita~80|1 package~960
2035213	B	6	212,8.75,2.5,43.8,425,5,0,0,10,0,2.25,0,,0	1 pita~80|1 package~480
100039217051468	O	262	275,7.5,5,52.5,625,5,1.25,,2.5,0,3,162,112,0,0,,,,,,,,,0,0,,0,,0,0,0,0,0,0,0	1 pita~80
2046727	B	8	444,0,9.52,73,63,73,6.35,38,0,0,0,32,,0	1 egg~31.5
2395801	B	74	211,8.77,1.75,42.1,456,1.75,0,0,1.8,0,2.81,18,70,,0	.12 dough~57|1 package~454
2158574	B	74	211,8.77,1.75,43.9,456,3.51,0,0,3.5,0,2.63,18,,,0	.12 dough~57|1 package~454
1922535	B	5	567,3.33,36.7,56.7,233,0,10,0,3.3,0,,,,,,6.67,20	1 serving~30|1 package~170
1896783	B	91	231,8.26,7.44,34.7,74,1.65,2.89,8,1.7,,1.49,66	1 serving~121|1 package~227
1896782	B	16	231,8.26,7.44,34.7,74,1.65,2.89,8,1.7,,1.49,66	1 serving~121|1 package~227
2308802	B	6	275,10,8.75,45,375,5,0,0,12.5,0,2.75,65,255,,0	1 slice~40|1 package~680
2540688	B	6	263,9.21,1.32,51.3,461,5.26,0,0,3.9,0,2.11,16,122,,0	1 bagel~76|1 package~454
2035191	B	6	275,10,8.75,45,375,5,0,0,12.5,0,2.7,50,,0	1 slice~40|1 package~680
2035211	B	6	282,10.6,4.71,50.6,447,5.88,0,0,7.1,0,2.12,24,,0	1 bagel~85|1 package~510
2035202	B	6	271,9.41,1.76,51.8,506,7.06,0,0,5.9,0,1.69,0,,0	1 bagel~85|1 package~510
2035212	B	6	262,10,3.12,47.5,438,8.75,0,0,6.2,0,1.8,0,,0	1 pita~80|1 package~480
2054572	B	6	250,10,3.12,43.8,400,7.5,0,0,6.2,0,1.8,25,,0	1 pita~80|1 package~480
2054582	B	6	233,9.3,2.33,44.2,372,6.98,0,0,9.3,0,1.67,0,,0	1 thinwich~43|1 package~340
2144739	B	6	263,9.21,1.97,48.7,474,2.63,0,0,2.6,0,3.29,67,72,,0	1 bagel~76|1 package~454
2075862	B	12	321,57.1,7.14,7.14,2210,3.57,3.57,125,0,0,3.86,71	1 serving~28|1 package~91
2035207	B	6	225,7.5,3.75,47.5,450,7.5,0,0,7.5,0,2.75,30,105,,0	1 slice~40|1 package~680
2035214	B	6	233,9.3,2.33,48.8,395,9.3,0,0,11.6,0,1.67,0,,0	1 thinwich~43|1 package~340
2155030	B	0	500,7.14,28.6,57.1,750,10.7,3.57,0,3.6,0,.71,179,357,,0	3 cup~28|1 package~142
2325828	B	0	500,3.57,25,60.7,857,7.14,3.57,0,3.6,0,2.86,36,71,,0	3 cup~28|1 package~142
2148955	B	0	464,7.14,21.4,67.9,750,10.7,1.79,0,3.6,0,1.07,71,214,,0	3 cup~28|1 package~142
2155032	B	0	500,3.57,21.4,71.4,286,25,1.79,0,0,0,.36,0,71,,0	3 cup~28|1 package~142
2148928	B	0	536,3.57,25,64.3,54,17.9,3.57,0,3.6,0,.36,36,71,,0	3 cup~28|1 package~142
2392305	B	0	536,10.7,28.6,57.1,893,7.14,5.36,18,0,0,.36,179,286,,0	3 cup~28|1 package~142
2443003	B	50	0,0,0,100,14000,,0	½ tbsp~1|1 package~142
2437890	B	13	427,21,17.7,48.4,6,19.4,.81,0,24.2,,.58,32,,19.4	1 serving~62
2438694	B	13	349,18.3,15.5,45.1,123,11.3,.7,42,21.1,,.51,28,,16.9	1 serving~71
2438691	B	13	355,21,16.1,43.6,11,9.68,2.42,0,24.2,,.58,32,,58.1	1 serving~62
2438693	B	13	415,28.2,16.9,39.4,124,21.1,4.23,42,11.3,,.51,28,,50.7	1 serving~71
2383869	B	13	444,28.2,16.9,43.7,82,22.5,4.23,0,12.7,,.51,28,,50.7	1 serving~71
2438692	B	13	355,21,16.1,45.2,10,9.68,.81,0,24.2,,.58,32,,58.1	1 serving~62
2438690	B	13	366,28.2,14.1,45.1,44,26.8,.7,42,14.1,,.51,28,,16.9	1 serving~71
2412200	B	7	54,0,0,10.7,964,7.14,,,3.6	1 serving~28|1 package~473
2084922	B	19	0,0,0,20,300	1 tsp~5
1939047	B	32	56,1.6,2.4,8,568,4.8,.4,0,1.6,0,.58,32,,14.4	½ cup~125|1 package~709
1879225	B	1	263,0,0,79,0,52.6,0,0,0,0,0,0,,0	1 piece~3.8|1 package~61
2011402	B	102	54,10.9,0,0,163,0,0,0,0,0,0,0,,0	3 tbsp~46|1 package~454
2482424	B	34	205,7.83,7.23,27.1,386,1.2,3.61,12,2.4,0,.72,175,157,,.05	1 serving~166|1 package~442
2480137	B	34	205,9.04,6.63,28.3,367,1.2,3.61,12,2.4,0,.66,217,151,,.05	1 serving~166|1 package~418
2338506	B	5	536,7.14,35.7,53.6,339,0,7.14,0,3.6,0,0,14,1380,0,0,5.36,21.4	15 chips /~28|1 package~113
2069620	B	26	160,7.55,2.83,26.4,462,4.72,0,0,7.5,0,3.4,94,,4.5	5 pieces~106|1 package~454
2069621	B	26	182,9.09,3.03,30.3,495,6.06,0,0,8.1,0,4.55,81,,6.1	1 patty~99|1 package~396
1456949	B	113	271,8.24,11.8,32.9,494,3.53,2.94,18,2.4,0,2.12,71,,0,,5.29,1.18	6 rolls~85
2519311	B	113	286,9.41,11.8,36.1,540,3.6,3.24,18,2,.21,2.64,80,224,,.05	6 rolls~85
2069626	B	16	298,14,.88,59.6,140,3.51,0,0,5.3,0,1.89,35,,147	1 serving~57|1 package~283
2069631	B	16	304,16.5,9.57,42.6,330,.87,5.22,52,.9,0,3.13,217,,1	1 serving~115|1 package~255
2069623	B	16	239,10.6,8.85,28.3,283,1.77,4.42,93,2.7,0,2.39,133,,47.8	1 serving~113|1 package~255
2052775	B	16	230,13.3,9.73,23.9,212,0,5.31,71,.9,0,1.59,177,,1.1	1 serving~113|1 package~255
2069625	B	16	281,10.5,0,56.1,167,0,0,0,3.5,0,3.16,35,,2.1	1 serving~57|1 package~283
2069628	B	16	221,9.73,8.85,26.6,274,2.65,4.42,49,1.8,0,1.59,133,,79.6	1 serving~113|1 package~255
1931177	B	16	248,13.3,10.6,26.6,248,0,5.31,62,0,0,1.59,177,,0	1 serving~113|1 package~255
2187227	B	46	204,7.08,3.98,34.5,221,0,2.21,27,1.8,0,1.59,53,,2.1	1 serving~113|1 package~255
2052773	B	26	204,7.08,3.98,36.3,310,0,2.21,27,1.8,0,1.59,53,,1.1	1 serving~113|1 package~255
2069632	B	16	195,5.31,3.98,36.3,540,1.77,2.21,62,3.5,0,.96,35,,23.9	1 serving~113|1 package~255
2069622	B	32	62,.88,3.98,5.31,142,0,.44,0,.9,0,.32,18,,13.3	1 serving~113|1 package~311
2052774	B	16	177,6.19,1.77,36.3,575,.88,.44,53,2.7,0,1.59,53,,21.2	1 serving~113|1 package~255
2069627	B	121	281,12.3,.88,56.1,35,0,0,0,3.5,0,4.74,70,,0	1 serving~57|1 package~283
2052776	B	16	212,4.42,.88,46.9,628,10.6,0,13,2.7,0,1.27,18,,18.6	1 serving~113|1 package~255
2507631	B	16	263,7.02,1.75,61.4,351,1.75,0,0,7,0,3.16,18,228,,0	1 serving~57|1 package~255
2052772	B	32	124,.88,8.85,7.08,159,.88,4.42,27,1.8,0,0,18,,10.6	1 serving~113|1 package~311
2069630	B	16	294,12.9,2.35,51.8,41,0,.59,82,2.4,0,3.18,24,,0	1 serving~85|1 package~255
2195804	B	12	293,64.3,3.57,3.57,1000,3.57,0,132,0,,13.5	1 serving~28|1 package~71
2063784	B	11	118,0,2.35,23.5,1060,20.6,0,0,0,0,0,0,,0	2 tbsp~34|1 package~397
1912853	B	19	94,0,0,12.5,938,6.25,,,,,2.25	1 tbsp~16|1 package~354
1913716	B	19	33,0,0,6.67,767,0,0,0,0,,0,0,,0	2 tbsp~30|1 package~375
2028649	B	11	0,0,0,0,24200	¼ tsp~1.2
2287492	B	53	0,0,0,0,0,0,0,0,0,0,0,0,,0	8 fl oz~240
2058548	B	11	0,0,0,0,27500,0	¼ tsp~1.2|1 package~907
1866867	B	11	0,0,0,0,20000	¼ tsp~1.2|1 package~141
2407967	B	74	500,5.56,33.3,38.9,417,0,13.9,28,0,0,0,0,0,,0	1 serving~18|1 package~624
2040628	B	53	0,0,0,0,0,0,0,0,0,0,0,0,,0	8 fl oz~240
1866869	B	11	0,0,0,0,15800,0	¼ tsp~1.2|1 package~793
2655660	B	11	0,0,0,0,24200,0,0,0,0,0,0,0,0,,0	¼ tsp~1.2|1 package~141
2031535	B	50	0,0,0,0,18300	¼ tsp~1.2|1 package~155
1887241	B	11	0,0,0,0,20000	¼ tsp~1.2|1 package~679
2031492	B	11	0,0,0,0,16700	¼ tbsp~1.2|1 package~121
2031533	B	11	0,0,0,0,24200,0	¼ tsp~1.2|1 package~907
2440598	B	67	194,22.2,0,61.1,56,2.78,0,0,36.1,,4,167,,0	¼ cup~36|1 package~908
2091646	B	53	0,0,0,0,4,0,0,0,0,0,0,0,,0	8 fl oz~240
2023887	B	19	118,0,0,26.5,1820,20.6,0,0,0,0,0,0,,0	2 tbsp~34|1 package~540
2436131	B	19	167,0,0,41.7,806,16.7,0,0,0,,0,0,,0	2 tbsp~36|1 package~590
2163282	B	19	76,0,0,18.2,379,15.2,0,0,0,0,0,21,,,0	2 tbsp~33|1 package~528
2011838	B	19	147,0,0,35.3,1030,23.5,0,0,0,0,2.12,59,,10.6	2 tbsp~34|1 package~540
1902722	B	12	321,57.1,8.93,7.14,2210,3.57,3.57,125,0,0,3.86,71	1 serving~28|1 package~98
2653095	B	5	500,7.14,25,64.3,679,3.57,3.57,0,3.6,0,3.57,96,236,,0	10 chips~28|1 package~198
2608463	B	5	491,7.02,24.6,63.2,667,1.75,3.51,0,3.5,0,3.51,68,219,,0	1 package~57
2403716	B	5	500,7.14,25,64.3,750,0,3.57,0,3.6,0,3.57,82,232,,0	1 serving~28|1 package~425
2408968	B	5	500,7.14,25,64.3,750,0,3.57,0,3.6,0,3.57,82,232,,0	1 serving~28|1 package~198
1964357	B	5	500,7.14,25,64.3,679,3.57,3.57,0,3.6,0,3.57,68,221,,0	1 serving~28|1 package~198
2408966	B	5	500,7.14,25,64.3,679,3.57,3.57,0,3.6,0,3.57,104,239,,0	1 serving~28|1 package~198
2387094	B	5	444,0,0,88.9,444,0,0,0,0,0,0,0,0,,0	1 chip~4.5
2428664	B	5	500,7.14,25,60.7,679,0,3.57,0,7.1,0,3.57,121,179,,0	10 chips /~28|1 package~156
2629310	B	5	500,7.14,25,60.7,571,3.57,3.57,0,7.1,0,1.29,71,,0,,,,0	1 serving~28|1 package~155
1923080	B	5	500,7.14,25,64.3,679,0,3.57,0,7.1,0,2.57,71,,4.3	1 serving~28|1 package~155
2302433	B	5	500,7.14,25,57.1,679,0,3.57,0,7.1,0,2.57,0,,0	1 serving~28|1 package~155
1915030	B	5	464,7.14,21.4,67.9,643,3.57,3.57,0,3.6,0,1.29,71,,4.3	1 serving~28|1 package~170
2272971	B	5	500,7.14,25,64.3,679,0,3.57,0,7.1,0,2.57,143,,0	1 serving~28|1 package~155
453967	B	41	900,0,100,0,0,,84.6,0,,,,,,,,3.85	1 tbsp~13
1162740	B	85	280,0,12,32,380,0,4,80,0,0,.4,120,70,,,,,,,,,,,,,,,,,,,,5	2 rolls~50
2056171	B	2	368,15.8,31.6,0,1740,,21,105,0,0,0,526,,0	1 slice~19|1 package~227
2075058	B	36	196,6.86,10.8,17.6,490,.98,1.96,25,0,0,.35,20,78,0	2 fillets~102|1 package~516
2065859	B	45	92,4.62,.38,16.9,300,1.54,0,0,3.8,0,1.38,31,238,0	½ cup~130|1 package~425
2071987	B	55	50,0,.71,12.1,0,8.57,0,0,2.9,0,0,0,,1.7	1 cup~140|1 package~340
2091376	B	96	238,3.57,9.52,35.7,417,4.76,1.79,0,3.6,0,.86,48,,2.9,,2.38,5.36	5 pieces~84|1 package~454
1897822	B	14	433,3.33,11.7,80,700,33.3,0,0,6.7,0,15,333,217,20,3.33,5,3.33,,16.7,1,1.42,1.67,267	¾ cup~30|1 package~363
2075057	B	100	107,23.2,.89,0,446,,0,45,,0,.64,0,,0	¼ cup~56|1 package~142
2055446	B	6	255,8.51,3.19,51.1,468,6.38,0,0,2.1,0,3.06,128,,0,,0,1.06,,3.4,0,.217	2 slices~47|1 package~567
2038118	B	104	467,6.67,33.3,46.7,200,40,33.3,0,6.7,0,0,0,,0	2 tbsp~15|1 package~198
2288236	B	2	393,25,32.1,3.57,607,0,17.9,107,0,0,0,714,,0	1 serving~28|1 package~907
2038126	B	139	357,10.7,1.79,75,1460,7.14,0,0,0,0,5.14,71,,4.3	.17 package~28|1 package~170
2098429	B	1	393,0,0,100,0,100,0,0,0,0,0,0,,0	½ tub~28|1 package~453
1850025	B	82	400,0,0,92,1320,76,0,0,0,0,0,0,,0	3 tbsp~25|1 package~99
2098637	B	49	625,21.9,50,21.9,438,9.38,10.9,0,6.2,0,2.25,0,,0	2 tbsp~32|1 package~454
2038101	B	2	368,15.8,31.6,5.26,1740,5.26,18.4,79,0,0,0,526,,0	1 slice~19|1 package~454
2391108	B	47	21,.83,0,4.13,149,2.48,0,0,.8,0,0,0,190,,0	½ cup~121|1 package~411
1855644	B	30	353,0,0,94.1,0,94.1,,,,,,,,35.3	1 1/3 tbsp~17|1 package~538
2114793	B	10	42,0,0,10.8,4,10.4,0,0,0,0,0,0,6,25	8 fl oz~240|1 package~1890
1901864	B	101	333,33.3,0,33.3,667,0	½ cup~3|1 package~12
2169517	B	37	81,0,0,21.2,3,13.8,0,0,2.5,0,0,10,229,,0	2/3 cup~160|1 package~1130
2439058	B	30	393,3.57,3.57,85.7,536,78.6,0,0,3.6,0,1.29,143,,0,,0,0	1 pouch~28|1 package~284
2439055	B	30	393,3.57,3.57,89.3,536,78.6,0,0,3.6,0,1.29,143,,0,,0,0	1 pouch~28|1 package~284
1878638	B	53	42,0,0,10,4,9.58,0,0,0,0,0,0,,0	8 fl oz~240|1 package~1890
2089773	B	34	252,8.84,10.2,32,367,2.04,4.08,14,1.4,0,1.84,102,,3.3,,3.06,2.38	1 pizza~147
2655993	B	14	357,14.3,5.36,64.3,286,3.57,0,0,10.7,0,28.9,357,,0,,1.79,1.79,643,14.3,1,1.21,1.43,486,143,357	1 packet~28|1 package~336
1871061	B	14	371,8.57,4.29,77.1,486,34.3,0,0,8.6,0,10.3,286,,0,,1.43,1.43,,11.4,1,.971,1.14,,91,286	1 packet~35|1 package~350
1871089	B	14	372,9.3,4.65,74.4,558,30.2,0,0,7,0,8.37,233,,0,,1.16,2.33,,9.3,1,.791,.93,,93,233	1 packet~43|1 package~430
2391646	B	19	118,0,0,29.4,941,23.5	1 tbsp~17|1 package~396
1881443	B	0	515,6.06,30.3,51.5,758,0,15.2,0,9.1,0,1.09,0,,0,,10.6,3.03	2 tbsp~33|1 package~281
2038102	B	2	393,25,32.1,3.57,643,0,17.9,107,0,0,0,714,,0	1 serving~28|1 package~454
2038120	B	2	267,23.3,20,3.33,667,0,11.7,67,0,0,0,500,,0	1 serving~30|1 package~453
2038121	B	2	250,7.14,21.4,7.14,339,3.57,14.3,71,0,0,0,143,,0	1 serving~28|1 package~227
2136121	B	22	71,0,0,18.2,12,14.3,0,,1.6,0,.29,0,,47.6	½ cup~126|1 package~1360
2075059	B	32	31,.78,.78,7.03,375,3.91,0,0,2.3,0,.84,16,211,2.8	½ cup~128|1 package~680
1901870	B	32	35,1.56,.78,7.03,375,3.91,0,0,2.3,0,.84,16,219,2.8	½ cup~128|1 package~680
1871077	B	2	321,7.14,32.1,7.14,339,7.14,21.4,107,0,0,0,71,,0	1 serving~28|1 package~227
2073621	B	34	265,8.16,12.2,32,531,2.04,4.08,7,1.4,0,1.84,102,,3.3,,4.08,2.72	1 pizza~147
2391110	B	47	21,.83,0,4.13,149,2.48,0,0,.8,0,0,0,190,,0	½ cup~121|1 package~411
2110365	B	85	429,4.76,33.3,52.4,405,4.76,9.52,24,0,0,2.86,0,0,,0	1 serving~21|1 package~340
2456060	B	2	367,16.7,30,6.67,700,0,15,83,0,0,0,500,,0	1 serving~30|1 package~213
2065856	B	45	85,3.88,.39,15.5,279,1.55,0,0,4.7,0,1.12,16,,0	½ cup~129|1 package~425
2093892	B	45	78,4.65,.39,14,372,0,.39,0,3.9,0,1.4,31,,0	½ cup~129|1 package~425
2041840	B	5	393,10.7,0,82.1,1640,3.57,0,0,3.6,0,5.14,0,,0	35 pretzels /~28|1 package~454
1850026	B	82	360,0,0,92,1400,76,0,0,0,0,0,0,,0	3 tbsp~25|1 package~99
2008566	B	22	88,0,0,20.4,22,15.9,0,0,1.8,0,.64,0,,53.1	1 serving~113|1 package~454
2039649	B	18	23,0,0,5.92,10,5.92	1 can~355|1 package~4260
2038100	B	62	714,0,78.6,0,643,0,50,214,0,0,0,0,,0	1 tbsp~14|1 package~454
2038111	B	2	393,25,32.1,3.57,643,0,17.9,107,0,0,0,714,,0	1 serving~28|1 package~454
2025141	B	2	357,21.4,28.6,3.57,607,0,16.1,89,0,0,0,714,,0,,8.93,0	1/3 cup~28|1 package~227
2084285	B	35	100,6.67,0,20,3000,13.3	1 tbsp~15|1 package~296
2059739	B	62	429,0,50,0,714,0,14.3,0,0,0,0,0,,0,,10.7,25	1 tbsp~14|1 package~1270
2162367	B	47	24,.81,0,5.69,203,4.88,0,0,.8,0,.57,8,187,,0	½ cup~123|1 package~411
2501869	B	3	200,3.33,10,25.6,122,17.8,6.67,39,0,0,0,133,178,,0	2/3 cup~90|1 package~1420
1871088	B	139	393,10.7,3.57,75,1540,7.14,0,0,0,0,5.14,143,,0	.17 package~28|1 package~170
1871083	B	139	357,10.7,3.57,75,1500,7.14,0,0,0,0,5.14,143,,0	.17 package~28|1 package~170
1872453	B	14	357,14.3,7.14,64.3,500,0,0,0,10.7,0,12.9,714,,0,,1.79,1.79,,14.3,1,1.21,1.43,,143,357	1 serving~28|1 package~226
2075056	B	45	93,5.43,.78,16.3,372,1.55,0,0,5.4,0,1.4,47,364,0	½ cup~129|1 package~425
2161905	B	19	118,0,0,29.4,941,23.5	1 tbsp~17|1 package~680
2409548	B	47	91,3.03,0,18.2,45,12.1,0,0,6.1,0,0,0,636,,0	2 tbsp~33|1 package~170
2391424	B	47	25,1.64,0,4.92,459,3.28,0,0,1.6,0,0,0,221,,0	¼ cup~61|1 package~425
1909496	B	85	316,8.77,12.3,43.9,491,1.75,2.63,0,1.8,0,2.53,0,88,0	.12 loaf~57|1 package~454
2115026	B	41	857,0,100,0,0,0,14.3,0,0,0,0,0,,0,,21.4,57.1	1 tbsp~14|1 package~3790
2038117	B	62	500,0,50,0,750,0,14.3,0,0,0,0,0,,0,,14.3,21.4	1 tbsp~14|1 package~454
2038123	B	2	300,20,23.3,3.33,700,3.33,15,67,0,0,0,500,,0	1 serving~30|1 package~453
2418358	B	47	21,.83,0,4.13,124,2.48,0,0,.8,0,0,0,190,,0	½ cup~121|1 package~794
2025145	B	19	0,0,0,0,1600	1 tsp~5|1 package~227
1892607	B	17	92,3.38,1.69,16.4,43,9.66,0,2,0,0,0,121,,0	1 bottle~207
1892621	B	17	92,3.38,1.69,16.4,43,9.66,0,2,0,0,0,121,,0	1 bottle~207
2033581	B	19	91,0,0,24.2,545,21.2,0,0,0,0,0,0,,7.3	2 tbsp~33|1 package~343
2667736	B	15	457,0,20,68.6,43,51.4,12.9,57,0,0,.86,57,143,,0	2 tbsp~35|1 package~283
2028855	B	23	379,0,37.9,3.45,828,3.45,6.9,34,0,0,0,0,,0	2 tbsp~29|1 package~355
2028910	B	23	483,3.45,55.2,3.45,690,0,6.9,0,0,0,0,0,,0	2 tbsp~29|1 package~355
2523236	B	40	429,0,17.1,68.6,57,68.6,11.4,57,0,0,0,29,57,,.85	2 tbsp~35|1 package~283
2028800	B	23	303,0,21.2,30.3,333,30.3,1.52,0,0,0,0,0,,3.6	2 tbsp~33
2028844	B	11	355,0,35.5,12.9,645,9.68,4.84,0,0,0,0,0,,7.7	2 tbsp~31|1 package~355
2480937	B	23	414,0,44.8,3.45,759,3.45,6.9,34,0,0,0,34,103,,0	2 tbsp~29|1 package~355
2410663	B	44	98,0,0,23,0,19.7,0,0,1.6,0,0,0,0,,0	¼ cup~61|1 package~269
2064810	B	19	200,0,0,20,1500,20,0,0,,0,0,0,,0	1 tsp~5|1 package~283
2064808	B	19	103,2.94,0,23.5,971,20.6,0,0,0,0,2.12,0,,14.1	2 tbsp~34|1 package~343
2575004	B	23	324,0,23.5,29.4,353,29.4,1.47,0,0,0,.29,0,29,,0	2 tbsp~34|1 package~355
2378754	B	19	80,0,0,20,1000,,,0,0,0,0,0,0,,0	1 tsp~5|1 package~283
1942002	B	35	132,0,0,31.6,1050,26.3,0,0,0,0,0,0,,0	1 tbsp~19|1 package~343
2455763	B	35	78,0,0,18.8,656,15.6,0,0,0,0,0,0,,3.8	2 tbsp~32|1 package~343
2497904	B	40	387,3.23,25.8,45.2,16,35.5,16.1,65,,0,4.52,65,355,,0	2 tbsp~31|1 package~283
2432421	B	15	17,0,0,3.33,633,3.33,0,0,0,0,0,0,0,,0	2 tbsp~30|1 package~368
2028834	B	7	559,0,52.9,26.5,250,23.5,4.41,0,0,0,0,0,,0	2 tbsp~34|1 package~355
2658289	B	40	533,6.67,33.3,53.3,67,46.7,20,0,13.3,0,6.67,47,393,,0	8 wafers~15|1 package~312
1943092	B	19	62,0,0,15.6,688,12.5,0,0,0,0,2.25,0,219,,0	2 tbsp~32|1 package~343
2104016	B	25	38,0,0,8.75,6,8.33,,,,,,,8	8 fl oz~240
2177519	B	10	41,.19,.12,9.81,3,9.23,.04,0,0,,.21,8,,11.5	1 serving~520
483463	B	117	20,0,0,4.8,23,4.4,0,0,0,0,0,8,186,0,,,,,,,,,,8	1 serving~250
2377656	B	44	267,0,0,73.3,20,53.3,0,0,1.7,0,0,0,0,,0	1 tbsp~15|1 package~227
2445042	B	40	267,0,0,73.3,0,60,0,0,13.3,0,0,0,0,,0	1 tbsp~15|1 package~227
2104675	B	25	33,0,0,8.75,6,8.33	8 fl oz~240|1 package~500
2581275	B	8	500,5,25,67.5,75,60,22.5,0,2.5,0,1,100,375,,0	1 serving~40|1 package~99.2
2177545	B	117	27,0,0,6.54,25,6.15,0,0,0,0,0,23,204,0	½ can~260|1 package~520
2177515	B	117	31,0,0,7.69,17,7.31,0,0,0,0,0,15,85,0	½ can / per~260|1 package~520
2597340	B	1	400,0,0,86.7,167,66.7,0,0,0,0,7.2,0,0,,0	1 tbsp~15|1 package~113
2591304	B	8	550,7.5,32.5,57.5,162,50,22.5,0,2.5,0,3.75,75,438,,0	1 serving~40|1 package~99.2
2177516	B	22	369,0,0,90.5,76,47.6,0,0,2.4,0,.43,0,,35.7	1 cup~42|1 package~80
1926193	B	25	38,0,0,8.75,6,8.33,,,,,,,8	8 fl oz~240|1 package~500
2106748	B	25	33,0,0,8.33,8,8.33,,,,,,,8	8 fl oz~240|1 package~500
2110570	B	24	33,0,0,8.75,6,8.33,,,,,,,8	8 fl oz~240|1 package~500
2641535	B	101	267,0,0,73.3,20,53.3,0,0,0,0,0,0,0,,0	1 tbsp~15|1 package~454
2597342	B	20	267,0,0,73.3,0,53.3,0,0,0,0,0,0,0,,0	1 tbsp~15|1 package~227
2597344	B	20	267,0,0,73.3,0,53.3,0,0,0,0,0,0,0,,0	1 tbsp~15|1 package~227
2641536	B	20	267,0,0,73.3,20,60,0,0,6.7,0,0,0,0,,0	1 thop~15|1 package~454
2597341	B	20	267,0,0,73.3,0,53.3,0,0,0,0,0,0,0,,0	1 tbsp~15|1 package~227
2567604	B	20	337,.23,.1,83.9,211,68.7,.1,0,3,0,.1,88,21,,1	1 serving~30|1 package~227
2597343	B	20	267,0,0,73.3,0,53.3,0,0,0,0,0,0,0,,0	1 tbsp~15|1 package~227
1929974	B	24	33,0,0,8.33,8,8.33,,,,,,,8	8 fl oz~240|1 package~500
1902052	B	22	310,0,0,76.7,43,46.7,0,0,3.3,0,0,0,,0	5 pieces~30|1 package~113
1928305	B	24	42,0,0,10.4,8,10,,,,,,,8	8 fl oz~240|1 package~500
2327674	B	10	52,.19,0,12.7,1,11.9,0,0,0,0,.21,4,,11.5	1 serving~520
2591303	B	8	550,15,40,42.5,25,32.5,15,0,5,0,1.88,100,500,,0	1 serving~40|1 package~99.2
2581276	B	8	400,2.5,15,67.5,50,65,11.2,0,2.5,0,2.5,100,500,,0	1 serving~40|1 package~99.2
2415598	B	40	267,0,0,73.3,20,60,0,0,6.7,0,0,0,0,,0	1 tbsp~15|1 package~907
2581277	B	8	500,10,30,55,75,45,13.8,0,2.5,0,1.88,75,500,,0	1 serving~40|1 package~99.2
1928338	B	24	33,0,0,8.75,6,8.33,,,,,,,8	8 fl oz~240|1 package~500
2442974	B	117	33,0,0,7.76,20,6.94,0,0,0,,.15,8,118,0	½ can~245|1 package~490
1994099	B	11	125,0,0,20.8,20700,0,0,0,0,0,0,0,,0	1 serving~4.8|1 package~180
570310	B	40	303,0,0,76.7,47,43.3,0,0,6.7,0,2.4,133,,4	2 tbsp~30
570311	B	38	300,0,0,76.7,57,46.7,0,0,3.3,0,2.4,133,,4	2 tbsp~30
561903	B	22	300,0,0,73.3,80,46.7,0,0,3.3,0,0,100,,0	5 pieces~30
557976	B	22	300,0,0,73.3,80,46.7,0,0,3.3,0,0,100,,0	10 pieces~30
694628	B	41	884,0,100,0,0,0,14.2,0,0,,,,,,,39.7,41.7	1 serving~100
694630	B	61	363,7.23,2.78,76.5,0,0,0,0,4.6,,,,,,,0,0,,,,,,,,,,,,,,,,0	1 serving~100
694622	B	61	363,7.23,2.78,76.5,0,0,0,0,4.6,,,,,,,0,0,,,,,,,,,,,,,,,,0	1 serving~100
694626	B	61	363,7.23,2.78,76.5,0,0,0,0,4.6,,,,,,,0,0,,,,,,,,,,,,,,,,0	1 serving~100
688962	B	50	312,9.68,3.25,67.1,0,0,0,0,22.7,,,,,,,0,0,,,,,,,,,,,,,,,,0	1 serving~100
604194	B	61	346,7.69,2.33,80.8,0,0,0,0,0,,,,,,,0,0,,,,,,,,,,,,,,,,0	1 serving~100
1975355	B	22	325,0,0,80,200,55,0,0,5,0,1.8,50,525,15	2 -3 pieces~40|1 package~510
2164612	B	22	300,0,0,92.5,288,75,0,0,7.5,0,1.35,75,,22.5	16 pieces /~40|1 package~170
1947604	B	22	320,2.22,0,77.8,240,55.6,0,0,4.4,0,.8,444,,13.3	7 pieces /~45|1 package~1000
2166460	B	12	444,3.7,18.5,66.7,500,37,7.41,0,0,0,.74,19,181,,0	3 pieces~27|1 package~90
1095323	B	86	36,1.02,0,7.14,883,4.08,0,0,1,0,0,0,235,,0	6.6 fl oz~196
2060702	B	42	250,0,0,78.6,0,78.6,,,,,,,,17.1	1 tbsp~14|1 package~225
2554708	B	26	250,19,10,21,910,0,4,55,1,.5,.72,0,210,,0	1 serving~100|1 package~1814
2671411	B	26	232,12.5,12.5,17.9,679,0,2.23,36,.9,0,1.79,11,357,,0	1 serving~112|1 package~680
2628710	B	26	220,17.3,15,3.15,591,0,3.94,75,0,0,.85,0,,0,,,,28	3 pieces~127|1 package~1134
2670202	B	26	257,20,18.6,2.86,429,0,5,64,0,0,1,0,300,,0	2 pieces~70|1 package~1810
2286389	B	22	325,0,0,82.5,0,67.5,0,,5,0,0,0,,6	1/3 cup~40|1 package~198
1931922	B	22	350,0,0,90,0,72.5,0,,5,0,0,0,,6	1/3 cup~40|1 package~184
2017567	B	20	55,0,0,12.7,0,9.09	½ cup~55|1 package~340
2018375	B	22	350,0,0,90,0,72.5,0,,5,0,0,0,,6	1/3 cup~40|1 package~198
2017298	B	22	325,0,0,82.5,0,67.5,0,0,5,0,0,0,,6	1/3 cup~40|1 package~680
2072669	B	22	325,0,0,82.5,0,67.5,0,0,5,0,0,0,,6	1/3 cup~40|1 package~425
1957459	B	12	464,14.3,32.1,46.4,0,28.6,3.57,0,7.1,0,0,68,554,,0	1 serving~28|1 package~198
1958001	B	0	500,14.3,35.7,42.9,0,25,3.57,0,7.1,0,3.57,64,582,,0	1 serving~28|1 package~198
1958013	B	22	429,0,14.3,75,89,60.7,12.5,0,3.6,0,0,39,575,,0	1 serving~28|1 package~198
1957443	B	0	429,10.7,21.4,57.1,125,39.3,3.57,0,7.1,0,3.57,50,504,,0	1 serving~28|1 package~198
2427199	B	5	536,25,39.3,28.6,0,10.7,5.36,0,10.7,0,3.57,96,871,,0	1 serving~28|1 package~198
2525353	B	22	321,0,0,82.1,500,53.6,0,0,7.1,0,0,54,89,42.9,0,0,0	1 serving~28|1 package~226
2414438	B	0	429,7.14,17.9,64.3,54,50,5.36,0,3.6,0,0,57,493,,0	1 serving~28|1 package~198
2150262	B	2	393,28.6,32.1,0,679,,21.4,71,,,,643	1 serving~28|1 package~150
2490471	B	6	268,10.7,0,64.3,304,3.57,0,0,3.6,,2.57,143,,8.6,,,0,,5.71,0,.243	1 serving~28|1 package~283
2490472	B	6	268,10.7,0,57.1,304,3.57,0,0,3.6,,2.57,143,,8.6,,0,0,,5.71,0,.121	1 serving~28|1 package~283
2020404	B	6	219,9.38,0,53.1,812,0,0,0,3.1,,0,0,,0,,,0	1 slice~32|1 package~560
2009240	B	6	250,10.7,0,53.6,589,0,0,0,3.6,,3.86,0,,0	1 serving~28|1 package~336
2054376	B	6	244,6.67,1.44,40,222,0,0,0,2.2,0,.8,133,,0	½ loaf~45|1 package~340
2054379	B	6	268,10.7,0,57.1,304,3.57,0,0,3.6,,2.57,143,,8.6,,,0,,5.71,0,.121	1 serving~28
2616509	B	6	219,9.38,0,53.1,812,0,0,0,3.1,0,0,0,,0,,0,0,0	1 slice~32|1 package~567
2020401	B	6	219,9.38,0,53.1,812,0,0,0,3.1,0,0,0,,0,,0,0	1 slice~32|1 package~566
2653718	B	87	250,10.7,0,53.6,589,0,0,0,3.6,0,3.86,0,,0,,0,0,0	1 slice~28|1 package~624
2653719	B	6	250,10.7,0,53.6,589,0,0,0,3.6,0,2.57,0,,0,,0,0,0	1 serving~28|1 package~369
2657556	B	6	250,10.7,0,57.1,625,0,0,0,10.7,0,3.21,36,,0,,0,0,0	1 slice~28|1 package~624
2674861	B	6	271,12.5,4.17,45.8,417,8.33,0,0,12.5,0,3.75,125,,0,,0,2.08,0	1 slice~24|1 package~624
2094227	B	6	321,7.14,5.36,60.7,125,10.7,0,0,3.6,0,3.86,0,,0,,0,0	1 roll~28|1 package~340
2623390	B	6	250,10.7,0,57.1,625,0,0,0,10.7,0,3.21,36,,0,,0,0,0	1 slice~28|1 package~622
2630372	B	6	271,12.5,4.17,45.8,417,8.33,0,0,12.5,0,3.75,125,,0,,0,2.08,0	1 slice~24|1 package~622
2163366	B	6	239,8.7,0,50,589,0,0,0,2.2,0,3.13,0,,0,,0,0	3 in.center slice~46|1 package~368
2616515	B	6	239,9.86,3.52,54.9,493,2.82,0,0,2.8,0,3.04,169,,0,,.7,2.11,0	1 roll~71|1 package~425
2616513	B	6	239,8.7,0,50,589,0,0,0,2.2,0,3.13,0,,0,,0,0,0	1 serving~46|1 package~369
2616516	B	6	239,9.86,3.52,54.9,493,2.82,0,0,2.8,0,3.04,169,,0,,.7,2.11,0	1 roll~71|1 package~425
2616514	B	6	250,10.7,0,53.6,607,0,0,0,3.6,0,3.21,0,,0,,0,0,0	1 serving~28|1 package~369
2616512	B	6	219,9.38,0,53.1,812,0,0,0,3.1,0,0,0,,0,,0,0,0	1 slice~32|1 package~567
2616511	B	6	219,9.38,0,53.1,812,0,0,0,3.1,0,0,0,,0,,0,0,0	1 slice~32|1 package~567
2616510	B	6	219,9.38,0,53.1,812,0,0,0,3.1,0,0,0,,0,,0,0,0	1 slice~32|1 package~567
2616517	B	6	238,9.52,2.38,42.9,595,2.38,0,0,2.4,0,2.57,381,,1.4,,0,1.19,0	½ roll~42|1 package~510
2274178	B	0	667,16.7,66.7,13.3,0,3.33,6.67,0,6.7,0,3.6,67,,,0	¼ cup~30|1 package~454
1868760	B	78	118,23.5,1.18,0,376,0,0,106,0,0,.85,94,,1.4	1 serving~85|1 package~454
2432979	B	78	175,24.6,7.02,0,1210,,1.75,70,0,0,0,0,,0	1 serving~57|1 package~567
1936454	B	22	567,3.33,33.3,66.7,0,16.7,23.3,0,3.3,0,0,0,,0	1/3 cup~30|1 package~227
2287058	B	0	550,10.7,32.1,53.6,243,39.3,3.57,0,7.1,0,3.21,107,,2.1	1 serving~28|1 package~226
1942699	B	22	325,2.5,0,77.5,0,62.5,0,0,5,0,3.6,50,,0	¼ cup~40|1 package~227
1934777	B	0	714,14.3,67.9,10.7,0,3.57,8.93,0,7.1,0,3.86,214,,0	6 pieces~28|1 package~170
1933378	B	0	643,14.3,60.7,17.9,18,3.57,5.36,0,3.6,0,2.57,107,,2.1	¼ cup~28|1 package~170
2639758	B	22	664,7.14,64.3,25,36,7.14,57.1,0,17.9,0,3.21,0,,2.1,,,,0	1 serving~28|1 package~70
1933971	B	22	325,0,0,82.5,25,70,0,0,5,0,.45,0,,15	1/3 cup~40|1 package~255
1917213	B	0	571,17.9,46.4,28.6,0,14.3,5.36,0,7.1,0,5.14,71,,0	1 serving~28|1 package~226
1936361	B	1	225,0,0,55,0,52.5,0,0,0,0,0,0,,0	1 serving~40|1 package~198
2287004	B	0	571,10.7,39.3,50,0,42.9,16.1,0,7.1,39.3,3.86,71,,0	1 serving~28|1 package~226
2667018	B	12	371,0,0,92.9,61,82.1,0,0,3.6,0,.64,107,,6.4,,,,0	1 serving~28|1 package~198
1931011	B	22	364,0,0,85.7,0,46.4,0,0,0,0,1.29,71,,94.3	1 serving~28|1 package~170
1917206	B	22	357,0,0,85.7,250,71.4,0,0,3.6,0,1.29,71,,0	1 serving~28|1 package~198
1917207	B	22	354,0,0,89.3,0,75,0,0,3.6,0,.64,36,,0	1 serving~28|1 package~226
1917208	B	22	393,3.57,0,92.9,18,46.4,0,0,7.1,0,2.57,0,,8.6	1 serving~28|1 package~283
2667002	B	22	329,3.57,0,82.1,0,78.6,0,0,3.6,0,1.29,214,,2.1,,,,354	1 serving~28|1 package~141
2639755	B	0	604,21.4,53.6,17.9,357,3.57,3.57,0,10.7,0,3.86,286,,0,,,,0	1 serving~28|1 package~226
1917198	B	0	604,21.4,53.6,17.9,0,3.57,3.57,0,10.7,0,3.86,286,,0	1 serving~28|1 package~226
1917215	B	0	500,10.7,35.7,42.9,0,28.6,3.57,0,7.1,0,3.86,71,,0	1 serving~28|1 package~226
1917219	B	5	429,21.4,10.7,57.1,571,7.14,3.57,0,14.3,0,3.86,0,,0	1 serving~28|1 package~141
2667004	B	0	600,14.3,42.9,39.3,207,17.9,7.14,0,3.6,0,4.5,0,,0,,,,0	1 serving~28|1 package~198
1926215	B	0	571,32.1,42.9,25,321,10.7,7.14,0,10.7,0,3.86,143,,0	1 serving~28|1 package~226
1965744	B	0	500,14.3,35.7,42.9,0,28.6,3.57,0,7.1,0,3.86,71,,0	1 serving~28|1 package~227
1917216	B	0	543,14.3,39.3,35.7,0,25,3.57,0,10.7,0,3.21,107,,0	1 serving~28|1 package~226
1939217	B	22	350,0,0,87.5,225,72.5,0,0,2.5,0,1.8,100,,0	¼ cup~40|1 package~227
2287005	B	0	700,10.7,71.4,14.3,0,3.57,7.14,0,10.7,0,2.57,71,,0	1 serving~28|1 package~141
1935002	B	0	717,10,70,13.3,0,3.33,6.67,0,6.7,0,0,0,,0	1 serving~30|1 package~141
1933991	B	0	679,14.3,53.6,32.1,0,3.57,14.3,0,14.3,0,3.86,0,,4.3	¼ cup~28|1 package~112
1935112	B	22	282,2,0,74,2,62,0,0,8,0,1.08,40,,1.2	1 serving~50|1 package~255
1931023	B	0	543,14.3,35.7,42.9,18,35.7,7.14,0,7.1,0,3.86,107,,0	1 serving~28|1 package~226
2455645	B	0	571,17.9,50,28.6,0,7.14,7.14,0,3.6,0,6.43,36,,0	1 serving~28|1 package~198
2667005	B	0	607,17.9,57.1,21.4,0,3.57,7.14,0,7.1,0,5.14,143,,0,,,,0	1 serving~28|1 package~198
1933240	B	0	633,23.3,56.7,13.3,0,3.33,6.67,0,6.7,0,6,67,,0	¼ cup~30|1 package~255
1917202	B	0	571,17.9,50,32.1,304,7.14,7.14,0,3.6,0,6.43,0,,0	1 serving~28|1 package~198
2667006	B	0	636,20,46.4,30,679,10,6.79,0,8.9,0,3.86,143,,0,,,,0	1 serving~28|1 package~226
1917209	B	0	607,32.1,50,21.4,464,3.57,12.5,0,10.7,0,9.64,0,,0	1 serving~28|1 package~198
1917201	B	0	571,17.9,50,28.6,0,7.14,7.14,0,3.6,0,6.43,0,,0	1 serving~28|1 package~198
2639756	B	0	607,17.9,57.1,21.4,0,3.57,10.7,0,7.1,0,3.86,143,,0,,,,0	1 serving~28|1 package~198
1936785	B	0	582,25,50,21.4,0,0,7.14,0,10.7,0,1.93,71,,0	1 serving~28|1 package~227
1933259	B	0	679,25,60.7,14.3,0,3.57,7.14,0,7.1,0,6.43,71,,0	¼ cup~28|1 package~255
2315954	B	23	536,17.9,39.3,32.1,0,17.9,3.57,0,7.1,0,3.86,71,,0	1 serving~28|1 package~227
1928313	B	12	571,7.14,35.7,50,1180,7.14,5.36,0,2.7,0,5.14,143,,0	1 serving~28|1 package~198
2094889	B	12	571,10.7,39.3,46.4,1460,0,5.36,0,2.7,0,5.14,214,,0	1 serving~28|1 package~141
1917197	B	0	564,21.4,42.9,28.6,0,7.14,5.36,0,10.7,0,3.86,143,,4.3	1 serving~28|1 package~141
1917199	B	0	643,21.4,53.6,17.9,0,3.57,3.57,0,10.7,53.6,3.86,286,,0	1 serving~28|1 package~198
1942299	B	7	200,13.3,0,40,3400,20,0,0,20,0,7.2,0,,40	1 serving~15|1 package~227
1933968	B	0	633,23.3,60,13.3,300,6.67,6.67,0,6.7,0,6,67,,0	¼ cup~30|1 package~255
1934769	B	0	600,20,53.3,16.7,0,3.33,3.33,0,10,0,3.6,300,,0	¼ cup~30|1 package~227
2366344	B	0	533,16.7,43.3,30,0,3.33,6.67,0,3.3,0,4.8,0,,0	¼ cup~30|1 package~198
1936613	B	5	429,21.4,10.7,57.1,607,7.14,3.57,0,14.3,0,3.86,0,,0	1 serving~28|1 package~198
2639757	B	0	536,7.14,21.4,75,429,42.9,21.4,0,0,0,1.29,214,,0,,,,0	1 serving~28|1 package~113
2545114	B	50	50,0,0,10,2800,6.67,,,3.3	2 tbsp~30|1 package~266
2464890	B	96	152,3.8,5.7,21.5,494,1.27,1.27,25,2.5,0,.89,51,278,,.125	1 serving~79|1 package~396
2062038	B	31	35,1.18,0,4.71,24,2.35,0,0,2.4,0,0,24,,35.3	1 cup~85|1 package~680
2062037	B	31	29,1.18,0,4.71,29,2.35,0,0,1.2,0,0,0,,24.7	4 pieces~85|1 package~680
2062039	B	31	37,2.47,0,3.7,148,1.23,0,0,1.2,0,.89,99,,1.5	1 cup~81|1 package~680
2113407	B	31	35,1.18,0,5.88,41,3.53,0,0,2.4,0,0,24,,21.2	¾ cup~85|1 package~680
2020313	B	0	607,17.9,50,28.6,429,7.14,10.7,0,,0,5.14,0,536,0,,28.6,10.7	1 serving~28|1 package~170
2083641	B	0	571,25,39.3,17.9,0,3.57,7.14,0,14.3,0,0,0,,0,,21.4,12.5	1 serving~28|1 package~425
2617572	B	0	429,7.14,14.3,71.4,571,42.9,3.57,0,3.6,0,2.57,143,,0,,,,0	1 serving~28|1 package~170
2617569	B	1	500,5,25,65,338,55,12.5,12,2.5,0,1.8,100,,0,,,,0	1 serving~40|1 package~227
2617562	B	0	607,25,53.6,17.9,393,3.57,10.7,0,10.7,0,1.29,0,,0,,28.6,14.3,0	1 serving~28|1 package~340
2617571	B	0	607,21.4,50,17.9,304,3.57,3.57,0,10.7,0,3.86,286,,0,,32.1,12.5,0	1 serving~28|1 package~283
2617564	B	0	607,17.9,50,28.6,429,10.7,10.7,0,7.1,0,5.14,0,,0,,28.6,10.7,0	1 serving~28|1 package~284
2617566	B	0	536,17.9,35.7,42.9,286,17.9,5.36,0,7.1,0,2.57,0,,0,,21.4,8.93,0	1 serving~28|1 package~340
2617570	B	12	536,17.9,28.6,50,464,17.9,3.57,0,8.9,0,1.29,0,,0,,,,0	¼ cup~28|1 package~142
2617563	B	0	604,25,53.6,17.9,0,3.57,10.7,0,10.7,0,1.29,0,,0,,28.6,14.3,0	1 serving~28|1 package~340
2617565	B	0	607,17.9,50,28.6,18,10.7,10.7,0,7.1,0,5.14,0,,0,,28.6,10.7,0	1 serving~28|1 package~284
1859341	B	5	500,7.14,17.9,75,482,7.14,0,0,3.6,0,0,0,,0	¼ cup~28|1 package~156
2020960	B	5	464,10.7,21.4,64.3,1000,0,1.79,0,3.6,0,1.29,0,,0	¼ cup~28|1 package~156
1915840	B	5	464,7.14,21.4,64.3,1000,5.36,1.79,0,1.8,0,0,0,,0	¼ cup~28|1 package~156
2658288	B	40	600,6.67,40,46.7,33,26.7,26.7,0,20,0,13.3,60,513,,0	8 wafers~15|1 package~312
719214	B	88	341,8.57,2.14,71.8,2450,12.1,.36,0,3.6,0,2.14,48,223,,0	1 serving~28
2179098	B	4	417,0,0,83.3,333,16.7,0,0,0,0,1.67,333,83,,0	3 crackers~6|1 package~142
2121844	B	12	375,0,0,87.5,188,12.5,,,0,0,0,0,62,0,,,,,,,,,,,,,0	7 pieces~8|1 package~57
2193423	B	10	42,0,0,10,8,9.17,,,,,,5,117,41.7	½ cup~120|1 package~946
2244965	B	72	100,2.92,3.75,13.8,38,7.5,.42,2,1.2,0,1.12,104,129,10,1.68,2.5,.62,,.833,0,.212,.25,25,17,83,.62,.62,1.04,0,.083,3,6.7	1 bottle~240|1 package~1420
553571	B	59	100,2.92,3.75,12.9,38,7.92,1.04,4,.8,0,1.5,104,154,10,1.25,1.46,1.04,,.833,0,.212,.25,33,17,83,.62,.62,1.04,0,.083,3,6.7	1 bottle~240
2340701	B	72	100,2.92,3.75,13.8,38,7.5,.42,4,.4,0,1.12,104,129,10,1.68,2.5,.62,,.833,0,.212,.25,25,17,83,.62,.62,1.04,0,.083,3,6.7	1 bottle~240|1 package~1420
2240724	B	39	100,2.92,3.75,13.3,38,7.92,1.04,4,1.2,0,1.5,104,129,10,1.25,1.46,1.04,,.833,0,.212,.25,33,17,83,.62,.62,1.04,0,.083,3,6.7	1 bottle~240
2490815	B	59	100,2.92,3.75,12.9,38,7.92,.83,4,.4,0,1.5,104,129,10,1.25,1.67,1.04,,.833,0,.212,.25,33,17,83,.62,.62,.521,0,.083,3,6.7	1 bottle~240|1 package~1420
2490816	B	59	100,2.92,3.75,12.9,38,7.92,.83,4,.4,0,1.5,104,129,10,1.25,1.67,1.04,,.833,0,.212,.25,33,17,83,.62,.62,.521,0,.083,3,6.7	1 bottle~240|1 package~1420
2130745	B	185	11,0,0,2.53,101,2.53,,,,,,,76,,,,,,,,,,,,,,.76	8 fl oz~237
2130744	B	185	11,0,0,2.53,101,2.53,,,,,,,76,,,,,,,,,,,,,,.76	8 fl oz~237
2130746	B	185	11,0,0,2.53,101,2.53,,,,,,,76,,,,,,,,,,,,,,.76	8 fl oz~237
2469360	B	59	100,3.33,3.75,14.2,48,6.25,.42,2,.8,0,,131,183,15,3.33,2.5,.83,,.833,0,.167,.208,16,19,,.25,.42,.417,0,.042,2,10,1,29	1 bottle~240|1 package~3790
2469307	B	70	101,3.38,4.22,11.8,42,4.22,.42,2,.4,0,1.14,122,181,4.6,2.5,2.53,.84,,.675,0,.165,.215,15,17,101,.25,.46,.549,0,.038,3,10.1,1,30	1 unit~237|1 package~1420
1902691	B	22	62,0,0,15,40,12.4,0,0,1.8,0,.32,0,142,31.9	1 pouch~113
2327303	B	150	294,0,0,82.4,3820,52.9,0,0,17.6,0,0,235,2180,,0	1 packet~17|1 package~102
1914362	B	61	356,6.67,0,77.8,0,,0,,,0,3.2,,89,,,,,,3.56,0,,,133	¼ cup~45|1 package~907
1784734	B	12	250,42.9,5.36,7.14,2610,,1.79,107,0,0,6.43,0,,4.3	1 serving~28|1 package~99.2
2374941	B	1	312,6.25,0,75,62,,0,0,0,0,0,12,6,,0	6 pieces~32|1 package~312
2192983	B	86	0,0,0,0,2400	1 tbsp~5|1 package~255
1896301	B	32	48,.81,1.21,5.65,185,2.42,0,0,.8,0,.58,16,,14.5	½ cup~124|1 package~737
1896302	B	32	36,.81,.81,5.65,234,3.23,0,0,.8,0,.58,16,,14.5	½ cup~124|1 package~737
1896303	B	32	32,.81,.81,4.84,161,3.23,0,0,0,0,.29,32,,14.5	½ cup~124|1 package~737
1886821	B	6	229,7.05,0,45.9,423,0,0,0,1.8,0,2.54,0,,0	2 ounces, baguette, package:8~56.7|1 package~1360
1886822	B	6	240,8,2,48,380,2,0,0,2,0,2.88,0,,0	1¾ ounces 3~50|1 package~1360
2664278	B	6	222,6.05,0,46.4,443,2.02,0,0,2,0,2.02,10,65,,0	1 serving~49.6|1 package~454
1921542	B	6	209,6.98,0,44.2,465,0,0,0,0,0,2.51,0,,0	1 serving~43|1 package~255
1898757	B	6	220,6,0,46,460,0,0,0,2,0,.72,0,,0	1 serving~50|1 package~680
1886823	B	6	240,8,2,48,380,2,0,0,2,0,2.88,0,,0	1 serving~50|1 package~1360
1926208	B	6	222,6.05,3.02,42.3,484,4.03,0,0,2,0,2.02,28,145,,0	1 serving~49.6|1 package~454
1898758	B	6	206,5.88,0,47.1,471,0,0,0,2.9,0,3.18,0,,0	1 serving~34|1 package~680
2058233	B	6	211,7.02,.88,42.1,474,0,0,0,1.8,0,2.53,0,,0	1 serving~57|1 package~227
1898756	B	6	214,7.14,0,46.4,464,0,0,0,0,0,0,0,,0	1 serving~28|1 package~680
1898760	B	6	206,5.88,0,47.1,471,0,0,0,2.9,0,3.18,0,,0	1 serving~34|1 package~680
2267803	B	33	123,7.93,6.17,8.81,176,1.76,2.2,24,1.3,.22,1.19,9	1 stuffed pepper~227|1 package~907
2169950	B	62	0,0,0,0,0,,0,0,,0	1 serving~.2|1 package~226
2384521	B	62	0,0,0,0,0,,0,0,,0	1 serving~.2|1 package~226
2432480	B	62	417,0,41.7,8.33,708,0,12.5,0,0,0,0,0,0,,0,12.5,20.8	1 tbsp~12|1 package~380
2622858	B	62	583,0,58.3,0,667,,12.5,0,,0,,,,,,16.7,29.2,750	1 serving~12|1 package~460
2618349	B	62	500,0,57.1,7.14,929,0,21.4,0,0,0,0,0,0,,0,14.3,21.4,0	1 tbsp~14|1 package~454
2442283	B	62	571,0,64.3,0,929,0,10.7,0,,10.7,0,0,,0,,17.9,17.9	1 tbsp~14|1 package~454
2618350	B	62	500,0,57.1,0,786,,10.7,0,,0,,,,,,14.3,32.1,643	1 tbsp~14|1 package~340
2408821	B	62	357,0,35.7,0,571,0,14.3,0,0,0,0,0,0,,0,14.3,14.3	1 tbsp~14|1 package~454
2518366	B	175	357,0,35.7,0,571,0,14.3,0,0,0,0,0,0,0,,14.3,14.3	1 tbsp~14
2518367	B	175	357,0,42.9,0,786,0,7.14,0,0,0,0,0,0,0,0,10.7,17.9	1 tbsp~14
2518054	B	175	500,0,50,8.33,750,0,12.5,0,0,0,0,0,0,0,0,12.5,25	1 tbsp~12
2518047	B	175	500,0,50,8.33,750,0,12.5,0,0,0,0,0,0,0,0,12.5,25	1 tbsp~12
2747621	B	175	500,0,57.1,7.14,786,0,21.4,0,0,0,0,0,0,0,0,14.3,21.4,0	1 tbsp~14
2518048	B	175	500,0,50,8.33,750,0,12.5,0,0,0,0,0,0,0,0,12.5,25	1 tbsp~12
2518046	B	175	583,0,66.7,8.33,750,0,16.7,0,0,0,0,0,0,0,,16.7,29.2	1 tbsp~12
2700584	B	175	500,0,57.1,0,857,,10.7,0,0,0,0,0,0,0,,14.3,32.1	1 tbsp~14
2746699	B	175	500,0,57.1,0,786,0,10.7,0,0,0,0,0,0,0,0,14.3,32.1,0	1 tbsp~14
2740089	B	175	0,0,0,0,0,0,0,0,0,0,0,0,0,0,0,0,0,0	1 serving~.2
2440906	B	62	556,0,66.7,0,778,,16.7,0,,0,,,,0,16.7,16.7,33.3	1 tbsp~9|1 package~285
2520054	B	175	556,0,66.7,0,778,0,16.7,0,0,0,0,0,0,0,,16.7,33.3	1 tb~9
1906365	B	27	187,19.8,11,2.2,956,2.2,3.3,88,0,0,.79,0,,0	1 link~91|1 package~454
2037426	B	27	198,18.7,12.1,2.2,923,1.1,3.85,88,0,0,.79,0,,0	1 link~91|1 package~454
2544631	B	27	259,20,18.8,3.53,765,2.35,7.06,82,0,0,1.69,0,,0	1 link~85|1 package~907
2435966	B	27	250,15.8,19.7,1.32,1010,0,5.92,118,0,0,2.37,79,184,,0	1 link~76|1 package~454
2148406	B	27	259,20,18.8,3.53,765,2.35,7.06,82,0,0,1.69,0,,0	1 link~85|1 package~907
2037413	B	27	321,16.1,25,3.57,732,3.57,8.93,80,,0,1.93,0,,0	4 links~56|1 package~454
2617346	B	28	250,15.9,20.4,0,750,0,7.95,114,,0,1.64	1 slice~44|1 package~340
2439123	B	28	261,13,21.7,0,587,,7.61,98,,0,1.57	1 slice~46|1 package~340
1915768	B	27	170,19.3,10.2,1.14,761,1.14,3.41,97,0,0,.41,0,,1.4	1 link~88|1 package~454
1896173	B	49	578,25,50,21.9,312,6.25,6.25,0,9.4,0,2.25,62,,0	2 tbsp~32|1 package~1130
1140859	B	10	37,.3,0,9.09,9,9.09,0,0,.6	11 fl oz~330
2053324	B	18	41,0,0,9.7,9,9.7,0,0,.6	11 fl oz~330
2278174	B	60	367,0,0,90,0,80	2 tbsp~30|1 package~500
1933547	B	49	342,0,0,84.2,0,79,0,0,0,0,1.89,105,0,0	1 tbsp~19|1 package~454
2429887	B	60	333,0,0,88.3,12,88.3	¼ cup~60|1 package~473
2084587	B	10	40,0,0,9.7,9,9.7,0,0,.6	11 fl oz~330
597365	B	18	37,0,0,9.7,0,9.7,0,0,0	11 fl oz~330
1148329	B	10	37,.61,0,8.48,6,,0,0,.6	11 fl oz~330
1896171	B	49	578,25,50,21.9,312,6.25,6.25,0,9.4,0,2.25,62	2 tbsp~32|1 package~510
1896172	B	49	578,25,50,21.9,312,6.25,6.25,0,9.4,0,2.25,62,,0	2 tbsp~32|1 package~1130
2449520	B	59	289,52.6,2.63,10.5,316,2.63,0,0,,0,21,147,1480,,0	1 serving~38|1 package~533
2449521	B	59	282,51.3,1.28,12.8,333,2.56,0,0,12.8,0,20.5,131,1440,,0	1 serving~39|1 package~540
2046173	B	0	607,25,42.9,28.6,589,3.57,7.14,0,14.3,0,0,0,,0	1 serving~28
2042575	B	0	607,25,42.9,28.6,421,3.57,7.14,0,14.3,0,0,0,,0	1 serving~28|1 package~340
2553827	B	0	607,25,42.9,28.6,421,3.57,7.14,0,14.3,0,1.29,71,500,,0	1 serving~28|1 package~907
2673281	B	39	42,3.33,1.04,5,44,5,.62,4,0,0,0,129,154,,1,,,62	1 cup~240|1 package~3780
1878841	B	10	38,0,0,9.17,11,7.92,0,0,0,0,0,12,,7.5	1 serving~240|1 package~500
1888742	B	10	29,0,0,7.5,12,7.5,0,0,0,0,.07,12,,10.2	1 serving~240|1 package~500
1856518	B	27	400,16.4,36.4,1.82,582,0,14.6,73,0,0,1.31,36,,0	½ inch slices, cooked / two~55|1 package~454
2009526	B	27	212,13.8,16.2,2.5,1060,2.5,8.75,62,,,.45	1 sausage~80|1 package~1361
1981194	B	12	571,57.1,35.7,0,2640,0,7.14,71,0,0,0,0,143,,0	1 serving~14|1 package~142
2614342	B	28	214,10.7,14.3,12.5,571,0,4.46,62,1.8,0,1.93,0,,0,,,,0	1 serving~56|1 package~454
2526519	B	27	333,14.3,31,0,786,0,11.9,95,0,0,2.57,0,,0	1 serving~42
2614340	B	27	333,14.3,31,0,786,0,10.7,95,0,0,.86,0,,0,,,,0	2 sausage links~42
2494463	B	27	294,12.9,24.7,5.88,1050,3.53,9.41,59,,0,1.69	1 sausage~85|1 package~1361
2494464	B	27	189,13.3,12.2,5.56,844,3.33,3.33,67,,0,1.2	1 sausage~90|1 package~1361
2614339	B	27	429,16.1,39.3,1.79,643,1.79,14.3,125,0,0,.64,0,,0,,,,0	2 sausage links~56
2494462	B	27	294,12.9,24.7,5.88,1050,3.53,9.41,59,,0,1.69	1 sausage~85|1 package~1361
2614341	B	28	214,10.7,14.3,12.5,571,0,4.46,71,1.8,0,1.93,0,,0,,,,0	1 serving~56|1 package~454
2614337	B	27	400,16.4,36.4,1.82,582,0,14.6,73,0,0,1.31,36,,0,,,,0	1 serving~55|1 package~454
2571945	B	27	333,14.3,31,0,786,0,11.9,95,0,0,2.57,0,,0,,,,0	2 sausage links~42|1 package~170
1849960	B	27	323,13.8,27.7,6.15,1080,3.08,10.8,69,0,0,2.22,0,,0	1 serving~65|1 package~454
2560325	B	27	212,13.8,16.2,2.5,1060,2.5,8.75,62,,,.45	1 sausage~80
2594356	B	12	571,57.1,35.7,0,2640,0,7.14,71,0,0,0,0,143,,0	1 serving~14|1 package~142
2614338	B	27	400,16.4,36.4,1.82,582,0,14.6,73,0,0,1.31,36,,0,,,,0	1 serving~55|1 package~454
2622405	B	27	327,14.3,28.6,4.08,1240,0,12.2,61,0,0,1.47,82,173,0,,,,0	1 link~49|1 package~340
2050107	B	27	298,14,26.3,3.51,1090,1.75,12.3,61,0,0,1.26,70,202,0	1 frank, per container~57|1 package~396
1926699	B	27	298,12.3,26.3,3.51,1040,0,12.3,61,0,0,1.26,0,211,0	1 frank~57|1 package~396
1898143	B	6	351,5.26,14,49.1,368,22.8,2.63,53,1.8,0,1.26,35,,0	1 serving~57|1 package~648
2392242	B	43	435,38.7,14.5,32.3,677,4.84,8.06,0,1.6,0,4.84,32,448,,0,0,0	1 cup~62
2392243	B	43	341,54.6,0,31.8,909,4.55,0,0,6.8,0,9.09,32,648,,0,0,0	1 cup~44
2392240	B	43	339,35.5,1.61,50,694,11.3,0,0,11.3,0,14.5,48,355,,0,0,0	1 cup~62
2392239	B	43	333,43.8,1.04,41.7,729,16.7,0,0,6.2,0,22.9,40,519,,0,0,0	1 cup~48
2466131	B	43	314,57.1,0,28.6,1110,11.4,0,0,11.4,0,20,86,751,,5.72,0,0	1 cup~35
1067043	B	77	150,20,5.71,5,350,.71,2.86,61,.7,0,.77,107,,1.7	1 serving~140
1136644	B	2	433,10,40,3.33,533,3.33,13.3,83,0,0,0,67,,,0	2 tbsp~30
1139693	B	77	143,17.9,7.14,1.43,343,.71,2.86,36,.7,0,1.93,29,,.9	1 serving~140
104099100129465	O	208	140,5,7,17,250,7,.5,0,3,,2,79.4,526,4.24,.0127,,,,.113,.0178,.0107,.257,20,78.7,191,0,1.23,.199,1.01,.339,12.9,,4.82,,,.000006	
1066805	B	15	281,5.26,14,36.8,114,24.6,1.75,0,5.3,0,2.63,28,288,,0	1 tub~57
2607931	B	15	233,6.67,20,6.67,767,3.33,8.33,50,0,0,.67,133,167,,1	2 tbsp~30|1 package~284
1067173	B	15	167,0,16.7,6.67,500,0,3.33,0,3.3,0,0,0,300,,0	2 tbsp~30
1029001	B	15	246,7.02,19.3,14,368,1.75,2.63,0,3.5,0,1.75,30,167,,0	1 tub~57
1066795	B	80	140,1,8,17,210,15,1.5,5,2,0,.4,31,143,,0	½ cup~100
104099100005998	O	435	301,8.09,25.4,17.3,358,9.25,4.05,40.5,1.16,0,0,0,0,0,0,0,0,,,,,,,0,0,,0,,0,0,0,0,0,0,0,0	1/3 cup~93|1 package~454
1063659	B	20	128,1.28,.64,29.5,51,24.4,0,0,2.6,0,.13,26,128,,0	1 pack~78
1067183	B	15	211,1.75,17.5,8.77,439,1.75,2.63,0,5.3,0,0,0,551,,0	1 mini cup~57
104099100051490	O	233	214,7.14,16.1,14.3,411,3.57,1.79,,3.57,,0,,,0,,,,,,,,,,0,0,,0,,0,0,0,0,0,0,0	1 serving~28|1 package~284
1067075	B	7	286,0,28.6,7.14,1860,0,3.57,0,0,0,2.86,0,0,,0	3 olives~14
1067199	B	7	18,0,0,3.57,,0,0,0,0,0,0,,,,0	1 serving~28
1066793	B	80	221,3.57,15,18.6,564,5,2.5,11,1.4,0,1.07,0,131,,0	¾ cup~140
738492	B	15	167,0,15,6.67,400,0,1.67,0,3.3,0,0,0,300,,0	2 tbsp~30
1066789	B	7	129,2.14,5,17.9,607,2.86,.71,4,2.1,0,.93,6,266,,0	½ cup~140
1067137	B	15	233,6.67,20,13.3,533,0,1.67,0,3.3,0,2.4,67,,0	2 tbsp~30
1066791	B	7	171,2.14,8.57,20.7,443,6.43,1.43,11,2.1,0,.93,6,257,,0	½ cup~140
1067175	B	15	167,0,13.3,10,500,3.33,3.33,0,3.3,0,0,0,300,,0	2 tbsp~30
1067083	B	93	306,22.4,14.1,23.5,1020,1.18,8.24,53,1.2,0,1.69,235,,0	1 serving~85
1136640	B	15	200,6.67,15,13.3,500,3.33,0,0,3.3,0,2.4,67,,4	2 tbsp~30
744062	B	15	175,5.26,12.3,14,404,3.51,.88,0,3.5,0,1.75,46,175,,0	1 tub~57
1067171	B	15	167,0,15,10,500,3.33,1.67,0,3.3,0,0,0,300,,0	2 tbsp~30
104099100042283	O	188	167,3.33,13.3,6.67,383,3.33,8.33,12.5,1.58,,1.33,156,245,0,.427,,,,.347,.0472,.205,.108,67.2,0,0,.33,0,.246,0,0,0,0,0,0,0,.000294	
104099100200164	O	199	300,6.67,26.7,10,533,3.33,8.33,33,3.22,,1.78,76.4,199,.138,.0997,,,,1.21,.221,.13,.281,66.9,56.9,180,.211,1.24,.44,.427,.12,8.54,,5.83,,,0	
367494	B	27	304,10.7,26.8,3.57,911,1.79,8.93,62,0,0,.64,0,,0	1 serving~56
104099100078954	O	218	161,14.3,8.93,8.93,893,1.79,2.68,53.6,1.79,,,,,,,,,,,,,,,,,,,,,,,,,0	1 servings~56|1 package~369
2673225	B	4	467,6.67,23.3,56.7,300,20,10,17,0,0,1.2,0,0,,0	4 cookies~30|1 package~114
1954863	B	21	167,7.91,9.3,12.6,307,1.86,4.65,30,.9,0,.67,140,,.6	1 serving~215|1 package~794
2419919	B	21	162,17.6,7.05,6.7,384,1.41,2.47,56,.7,0,.71,105,230,,.075	1 serving~284|1 package~567
2587157	B	21	135,9.3,8.37,5.12,377,2.79,3.72,26,1.4,0,.84,186,163,,0	1 serving~215|1 package~794
457412	B	16	216,12.5,10.2,18.2,330,1.14,6.82,57,3.4,0,1.64,227,,0	1 serving~88
1956594	B	21	130,7.44,6.98,10.2,312,1.86,3.72,21,1.4,0,.84,116,130,,0	1 serving~215|1 package~816
1957914	B	16	177,12.4,5.31,21.2,239,.88,2.65,62,3.5,0,1.59,71,,1.1	1 serving~113|1 package~566
457409	B	16	248,11.5,6.19,36.3,425,1.77,2.65,49,1.8,0,2.39,177,,0	1 serving~113
2405141	B	16	218,14.1,6.34,25.4,232,.7,2.82,49,1.4,0,2.82,65,227,,0	1 serving~142|1 package~566
457410	B	16	213,12.1,7.09,23.4,376,2.13,4.26,50,1.4,0,1.28,248,,0	1 serving~141
1891730	B	16	177,8.85,3.98,26.6,257,1.77,1.77,35,1.8,0,1.59,88,,1.1	1 serving~113|1 package~566
1941879	B	4	500,4,22,72,140,40,12,0,0,0,1.44,0,,0	4 pieces~50|1 package~672
2089235	B	29	509,7.27,23.6,67.3,909,7.27,10.9,0,0,0,2.62,0,,0	19 pieces~55
1899443	B	4	464,7.14,12.5,78.6,286,25,6.25,0,0,0,2.57,0,,0	12 pieces~56
2507249	B	4	480,8,20,68,220,18,8,0,6,0,0,0,0,,0	3 cookies~25|1 package~100
2507250	B	4	480,8,20,68,260,14,10,0,6,0,0,0,,,0	3 cookies~25|1 package~100
1881941	B	4	461,7.09,12.4,78,284,24.8,6.21,0,0,0,2.55,0,,0	1 serving~56.4|1 package~338
2667049	B	4	517,6.67,23.3,68.3,333,18.3,10,0,0,0,2.1,0,,0,,,,0	19 pieces~60
465661	B	10	65,0,0,16,28,16,0,0,.5,0,.36,10	1 serving~200
2612135	B	29	467,3.33,16.7,76.7,183,46.7,8.33,0,0,0,0,7,100,,0	3 cookies per serving~30|1 package~99.8
2653956	B	1	520,4,28,64,100,36,12,0,0,0,0,8,60,,0	2 cookies per serving~25|1 package~125
2602263	B	4	485,6.06,21.2,69.7,258,15.2,9.09,0,6.1,0,0,0,0,,0	4 cookies~33|1 package~99.8
2612229	B	4	455,9.09,10.6,78.8,227,18.2,4.55,0,4.5,0,0,45,76,,0	7 cookies per serving~33|1 package~153
2612127	B	4	455,6.06,15.2,75.8,227,30.3,7.58,0,1.5,0,0,0,0,,0	4 cookies~33|1 package~99.8
2602262	B	4	485,6.06,18.2,72.7,227,18.2,9.09,0,6.1,0,0,0,0,,0	4 cookies~33|1 package~99.8
2602856	B	29	484,9.68,16.1,71,484,0,6.45,0,3.2,0,0,0,0,,0	4 crackers~31|1 package~99.8
1937252	B	2	500,25,37.5,25,750,,,,,,9,,375	2 tsp~4|1 package~100
741288	B	28	250,25,16.7,0,1830,,6.25,83,0,0,0,0,,0	2 slices~24
2296719	B	28	429,28.6,35.7,0,2540,0,12.5,125,,0,1.29,0	1 serving~28|1 package~226
2432743	B	28	200,26.7,11.7,0,2200,0,3.33,83,,,1.2,0,,0,,,,,,1	2 slices~30|1 package~70.9
1918528	B	28	429,28.6,35.7,0,2540,0,12.5,125,,0,1.29,0	1 serving~28|1 package~226
2295669	B	28	357,25,28.6,0,1610,0,10.7,125,0,0,1.29,0,,0	1 serving~28|1 package~85
2450104	B	28	357,25,28.6,0,1610,0,10.7,125,0,0,1.29,0,,0	1 serving~28|1 package~227
2631167	B	28	357,25,28.6,0,1610,0,10.7,125,0,0,1.29,0,,0,,,,0	1 serving~28|1 package~85
2510229	B	28	357,25,28.6,0,1610,0,10.7,125,0,0,1.29,0,,0	1 serving~28|1 package~227
1901702	B	28	143,19.6,10.7,0,1020,,3.57,71,,,.96,0,,0	1 serving~56|1 package~140
2652315	B	39	42,3.33,1.04,5,46,5,.62,4,0,0,0,127,135,,1,,,64	1 cup~240|1 package~946
2625997	B	39	50,3.33,2.08,5,48,5,1.25,8,0,0,0,125,135,,1,,,62	1 cup~240|1 package~946
2625994	B	39	50,3.33,2.08,5,48,5,1.25,8,0,0,0,125,135,,1,,,62	1 cup~240|1 package~946
2479242	B	39	75,2.92,2.08,10.8,62,10.4,1.25,8,.1,0,.42,110,169,,66.8	1 cup~240|1 package~946
2625996	B	39	33,3.33,0,5,42,5,0,2,0,0,0,127,135,,1,,,64	1 cup~240|1 package~946
1961402	B	39	54,3.33,2.08,5,54,5,1.25,8,0,0,0,125,,.5,1.05,,,,,,.177	1 cup~240|1 package~946
2214706	B	39	33,3.33,0,5,42,5,.08,2,0,0,0,127	1 cup~240|1 package~946
2607348	B	39	62,3.33,3.33,5,44,5,1.88,10,0,0,0,127,135,,1	1 cup~240|1 package~946
2076882	B	116	556,50,38.9,0,1280,0,19.4,111,0,0,2,1330,,0	3 crisps~18|1 package~85
2629318	B	116	556,50,38.9,0,1280,0,22.2,111,0,0,0,1330,,0,,,,750	12 crisps~18|1 package~50
2266550	B	12	556,50,38.9,5.56,1560,0,19.4,111,0,0,1,1220,,0	12 crisps~18|1 package~50
2174224	B	2	556,38.9,38.9,11.1,1000,0,27.8,128,0,0,0,833,,0	12 crisps~18
2462077	B	12	571,35.7,42.9,10.7,1070,0,28.6,143,0,0,.36,1070,143,,1.07	19 crisps~28|1 package~269
2420420	B	12	556,38.9,44.4,11.1,1060,0,27.8,139,0,0,0,1060,139,,0	3 crisps~18|1 package~85
2139259	B	5	556,5.56,33.3,44.4,1640,0,13.9,0,5.6,0,0,111,,0	12 crisps~18|1 package~49
2270561	B	2	556,50,38.9,0,1280,0,19.4,111,0,0,0,1330,,0	3 crisps~18|1 package~85
2376889	B	12	571,46.4,39.3,3.57,1320,0,25,125,0,0,0,1360,,,0	19 crisps /~28|1 package~50
2276897	B	29	556,44.4,38.9,0,1170,0,25,111,0,0,0,1060,,,0	3 crisps~18|1 package~77
2382610	B	12	556,44.4,38.9,0,1170,0,25,111,0,0,0,1060,167,,0	3 crisps~18|1 package~77
2281271	B	12	571,46.4,39.3,3.57,1210,0,25,107,0,0,0,1250,,,0	1 ounce~28|1 package~50
2424560	B	12	556,50,38.9,0,1280,0,25,111,0,0,0,1330,167,,0	3 crisps~18|1 package~85
2543204	B	2	556,50,38.9,0,1280,0,19.4,111,0,0,0,1330,,0	3 crisps~18|1 package~85
2139260	B	12	556,50,38.9,0,1280,0,22.2,111,0,0,0,1330,,0	12 crisps~18|1 package~50
2368237	B	29	556,44.4,38.9,5.56,1390,0,25,111,0,0,0,1330,167	3 crisps~18|1 package~85
1990297	B	12	567,33.3,43.3,13.3,433,3.33,11.7,33,6.7,0,3.33,500,567,,0	¼ cup~30|1 package~170
2367886	B	12	600,26.7,46.7,20,333,3.33,10,33,6.7,0,3.33,467,600,,0	¼ cup~30|1 package~113
2525630	B	2	556,50,38.9,0,1280,0,19.4,111,0,0,0,1330,,0	3 crisps~18|1 package~85
2154468	B	12	556,50,38.9,0,1280,0,22.2,111,0,0,0,1330,,0	12 crisps~18
2604516	B	12	567,33.3,43.3,13.3,433,3.33,11.7,33,6.7,0,3.33,500,567,,0	¼ cup~30|1 package~170
2607756	B	12	571,46.4,39.3,3.57,1210,0,25,107,0,0,0,1250,179,,0	1 ounce per serving~28|1 package~49.6
2178815	B	12	556,50,38.9,0,1280,0,25,111,0,0,0,1330,167,,0	3 crisps~18|1 package~77
1982689	B	5	556,50,38.9,0,1280,0,19.4,111,0,0,0,1330,,0	3 crisps~18|1 package~85
2604518	B	5	571,46.4,39.3,3.57,1320,0,25,125,0,0,0,1360,179,,0	19 crisps~28|1 package~142
2299349	B	2	556,50,38.9,0,1280,0,19.4,111,0,0,0,1280,,0	3 crisps~18|1 package~85
2281247	B	12	567,33.3,43.3,16.7,467,6.67,11.7,33,6.7,0,3.33,500,567,,0	¼ cup~30|1 package~170
2367202	B	12	600,26.7,43.3,23.3,400,3.33,10,33,6.7,0,3.33,467,600,,0	¼ cup~30|1 package~113
2604517	B	12	567,33.3,43.3,16.7,467,6.67,11.7,33,6.7,0,3.33,500,567,,0	¼ cup~30|1 package~170
1966224	B	116	556,50,38.9,0,1280,0,19.4,111,0,0,0,1330,,0	3 crisps~18|1 package~85
2366497	B	12	600,26.7,43.3,20,633,3.33,10,33,6.7,0,3,467,567,,0	¼ cup~30|1 package~113
2139261	B	116	556,5.56,33.3,44.4,1640,0,13.9,0,5.6,0,0,111,,0	12 crisps~18|1 package~49
2481018	B	29	556,44.4,38.9,5.56,1390,0,25,111,5.6,0,1.67,1280,278,,.55	3 crisps~18|1 package~85
2640354	B	12	600,26.7,43.3,23.3,417,3.33,10,33,6.7,0,3.33,467,567,,0	¼ cup~30|1 package~170
2385383	B	12	571,46.4,39.3,3.57,1320,0,25,125,0,0,0,1360,179,,0	19 crisps~28|1 package~142
2391956	B	29	556,50,38.9,5.56,1280,0,25,111,0,0,0,1330,167,,0	1 bag~18
2479540	B	5	571,35.7,39.3,14.3,1140,0,25,125,3.6,0,.71,1040,,,.725	1 ounce~28|1 package~50
2643050	B	29	552,44.8,41.4,10.3,1280,0,20.7,86,3.4,0,2.41,1210,0,,0	14 pieces~29|1 package~50
2509943	B	29	552,44.8,41.4,10.3,1280,0,20.7,86,3.4,0,2.41,1210,310,,0	14 pieces~29|1 package~241
2026308	B	2	293,0,25,21.4,907,0,17.9,0,0,0,.64,36,,0	1 serving~28|1 package~198
718922	B	2	286,7.14,25,21.4,907,3.57,17.9,0,0,0,1.29,71,0,,0	1 serving~28
2026350	B	2	293,0,25,21.4,907,0,17.9,0,0,0,.64,36,,0	1 serving~28
2027808	B	2	293,0,25,21.4,907,0,17.9,0,0,0,.64,36,,0	1 serving~28|1 package~198
2027598	B	2	310,10,30,10,770,0,10,0,0,0,1.8,200,,0	1 tsp~10|1 package~171
1863306	B	2	310,10,30,10,770,0,10,0,0,0,1.8,200,,0	1 tsp~10|1 package~171
1854545	B	2	310,10,30,10,780,0,10,0,0,0,1.8,200,,0	1 tsp~10|1 package~171
2666943	B	32	60,1.67,5,5,500,1.67,1.67,0,1.7,0,.6,0,,0,,,,0	¼ cup~60|1 package~427
1868673	B	2	293,0,25,21.4,907,0,17.9,0,0,0,.64,36,,0	1 serving~28
1868681	B	2	293,0,25,21.4,907,0,17.9,0,0,0,.64,36,,0	1 serving~28|1 package~241
1934801	B	32	60,1.67,5,5,500,1.67,1.67,0,1.7,0,.6,0,,0	¼ cup~60|1 package~427
2285716	B	32	60,1.67,5,5,500,1.67,1.67,0,1.7,0,.6,0,,0	¼ cup~60|1 package~427
2027593	B	2	293,0,25,21.4,907,0,17.9,0,0,0,.64,36,,0	1 serving~28
2026324	B	2	293,0,25,21.4,907,0,17.9,0,0,0,.64,36,,0	1 serving~28
2384451	B	2	300,0,25,20,675,0,20,0,0,0,0,5,60,,0	1 slice~20|1 package~198
719088	B	2	393,32.1,28.6,0,679,,21.4,89,,,,1250	1 serving~28
2061825	B	2	229,11.4,17.1,5.71,571,5.71,12.9,71,,,,429	2 pieces~35|1 package~140
719340	B	2	393,32.1,28.6,0,679,,21.4,89,,,,1250	1 serving~28
1916990	B	2	357,26.2,26.2,0,667,0,19,86,0,4.76,0,1050,,0	1 piece~21|1 package~106
2316573	B	2	425,30,30,0,855,0,20,110,0,0,0,1050,,0	1 slice~20|1 package~142
368540	B	2	429,28.6,32.1,0,821,,21.4,107,,0,,1250	1 serving~28
2636622	B	2	397,26.7,30,0,800,,20,103,,0,,1000,,,,,,90	1 serving~30
2405421	B	2	393,28.6,28.6,0,786,0,17.9,71,0,0,0,714,0,,0	1 serving~28|1 package~170
2055412	B	15	491,1.41,24.4,70.7,74,67.1,17,39,0,,1.91,71,,0	1 serving~28.3|1 package~396
719260	B	117	19,0,0,4.74,23,3.51,0,0,0,0,0,16,221,,0	1 can~485
719132	B	117	15,0,0,3.94,39,3.33,0,0,0,0,0,12,170,,0	1 pack~330
1874414	B	10	37,0,0,9.17,8,4.17,0,0,0,0,0,125,,20	1 serving~240|1 package~500
1873053	B	10	42,0,0,10,8,9.58,0,0,0,0,0,12,,35	1 serving~240|1 package~1500
1876442	B	10	42,0,0,10,8,9.58,0,0,0,0,0,12,,35	1 serving~240|1 package~500
1876438	B	10	38,0,0,9.58,21,9.58,0,0,0,0,0,17,,5	1 serving~240|1 package~500
1876439	B	10	42,0,0,10.8,25,10.4,0,0,0,0,0,17,,15	1 serving~240|1 package~500
1876440	B	10	38,0,0,10,17,9.17,0,0,0,0,0,17,,22.5	1 serving~240|1 package~500
1873326	B	10	37,0,0,9.17,8,4.17,0,0,0,0,0,125,,20	1 serving~240|1 package~1500
2395661	B	10	0,0,0,0,28,0,0,0,0,0,.5,17,0,,0	12 fl oz~360|1 package~1500
2427803	B	61	356,4.44,3.33,75.6,0,0,0,0,6.7,0,0,11,244,,0	¼ cup~45|1 package~2270
1898380	B	61	357,7.14,0,78.6,0,0,0,0,0,0,.86,0,,0	¼ cup~42|1 package~2270
1960226	B	25	34,0,0,8.97,16,8.28,0,0,.3,0,.14,69,0,,0	1 bottle~290
2085960	B	72	100,0,10,3.75,19,1.25,7.5,0,0,0,0,0,,0	1/3 cup~80|1 package~400
1955313	B	72	48,.34,2.41,6.55,14,6.55,2.41,0,.3,0,.17,0,86,,0	1 bottle~290
2302500	B	72	48,.34,2.41,6.55,14,6.55,2.41,0,.3,0,.17,0,86,,0	1 bottle~290
1929943	B	72	48,.34,2.41,6.55,14,4.83,2.41,0,0,0,.16,5,86,,0	9.8 fl oz~290
2085034	B	117	33,0,0,7.92,21,7.08,0,0,0,0,.15,8,121,0	½ can~240|1 package~485
2445861	B	117	44,.29,.74,8.82,22,8.24,.59,0,.3,0,0,0,147,,0	1 can~340
2147038	B	117	41,0,0,10.7,22,7.24,0,0,0,0,0,0,79,,0	1 bottle~290
718162	B	117	33,0,0,8.33,19,5.83,0,0,0,0,0,13,187,,0	½ cup~240
718996	B	117	31,0,0,7.24,21,6.55,0,0,0,0,.12,10,,,0	1 bottle~290
2496128	B	117	34,.34,0,8.62,16,8.28,0,0,0,0,0,0,83,,0	1 bottle~290
1951202	B	25	34,0,0,7.93,10,6.9,0,0,.2,0,0,6,1,,0	1 bottle~290
2496125	B	19	0,0,0,0,2400	1 tsp~5|1 package~354
2058812	B	61	356,6.67,0,80,0,0,0,0,0,0,0,0,,0	¼ cup~45|1 package~454
1953113	B	10	41,0,0,10.3,19,10,0,0,0,0,.17,28,0,,0	1 bottle~290
2150263	B	104	467,0,20,73.3,100,63.3,16.7,0,0,0,0,0,0,,0	2 tbsp~30|1 package~330
2428240	B	117	21,0,0,5.42,23,3.75,0,0,0,0,0,58,292,,0	8 fl oz~240|1 package~500
2496126	B	72	48,.34,2.41,6.55,14,6.55,2.41,0,.3,0,.17,0,86,,0	1 bottle~290
718184	B	10	42,.28,0,10.1,0,9.3,0,0,.3,0,0,0,,,0	1 can~355
2369081	B	19	200,0,0,40,1100,20,0,0,0,0,0,0,0,,0	1 tsp~5|1 package~450
2151529	B	10	36,0,0,8.8,10,8.8,0,0,.6,0,0,0,0,0,0	1 bottle~500
2218897	B	10	46,0,0,11.2,21,10.8,0,0,0,0,0,0,0,,0	8 fl oz~240|1 package~485
2082020	B	39	117,6.67,6.67,10,117,10,0,0,3.3,0,0,267,317,0,2	2 tbsp~30|1 package~354
2085334	B	10	42,0,0,10,23,9.17,0,0,0,0,.15,8,,1	½ can~240|1 package~485
1883532	B	7	48,2.38,0,9.52,190,9.52,0,0,1.2,0,0,0,,160	2 tbsp~21|1 package~473
2061562	B	11	0,0,0,0,4170	1 serving~.6|1 package~45.4
2061561	B	11	0,0,0,0,5000	1 serving~.6|1 package~59.5
1883533	B	42	159,0,0,37.2,53,26.6,,,,,,,,0	1 tbsp~18.8|1 package~283
2069706	B	11	0,0,0,0,5000	.02 ounce~.6|1 package~45.4
1883534	B	42	164,0,0,39.4,66,32.8,,,,,,,,7.9	1 tbsp~15.2|1 package~283
1953452	B	89	65,3.26,2.12,9.77,277,3.26,0,0,3.3,0,0,0,,97.7	2 tbsp~30.7|1 package~473
2061563	B	50	0,0,0,0,5810	1 serving~.4|1 package~45.4
2664625	B	4	452,3.23,22.6,61.3,371,25.8,1.61,0,3.2,0,.97,32,97,,0	3 cookies~31|1 package~156
2664624	B	4	484,3.23,25.8,61.3,581,29,3.23,0,6.5,0,3.23,35,48,,0	3 cookies~31|1 package~156
2664629	B	4	474,5.26,23.7,57.9,316,26.3,2.63,0,5.3,0,1.05,0,105,,0	1 snack~19|1 package~190
2608986	B	4	452,3.23,22.6,61.3,242,25.8,3.23,0,6.5,0,.97,32,129,,0	3 cookies~31|1 package~156
2664627	B	4	452,3.23,22.6,58.1,242,29,4.84,0,6.5,0,1.29,32,258,,0	3 cookies~31|1 package~156
2593457	B	4	406,3.12,21.9,62.5,328,21.9,3.12,0,3.1,0,1.88,281,1720,,0	3 crackers~32|1 package~191
2281721	B	38	350,10,3.75,75,475,5,0,0,12.5,0,2.25,50,475,,0	1 serving~40|1 package~283
2281720	B	38	350,7.5,3.75,75,425,10,0,0,10,0,2,50,425,,0	1 serving~40|1 package~283
2587441	B	4	452,3.23,22.6,61.3,242,29,4.84,0,6.5,0,.97,32,258,,0	3 cookies~31|1 package~156
2608985	B	4	452,3.23,25.8,54.8,145,25.8,4.84,0,6.5,0,1.29,32,258,,0	3 cookies~31|1 package~156
2631289	B	4	452,3.23,22.6,58.1,290,25.8,1.61,0,6.5,0,.97,0,97,,0	3 cookies~31|1 package~156
2215468	B	4	452,3.23,22.6,58.1,613,25.8,3.23,0,3.2,0,0,13,135,,0	3 cookies~31|1 package~156
2664628	B	4	452,3.23,22.6,61.3,258,25.8,1.61,0,6.5,0,.97,32,97,,0	3 cookies~31|1 package~156
2608987	B	4	452,3.23,22.6,61.3,258,25.8,1.61,0,9.7,0,.97,32,97,,0	3 cookies~31|1 package~156
2664986	B	4	452,3.23,22.6,64.5,258,25.8,1.61,0,6.5,0,.97,32,97,,0	3 cookies~31|1 package~156
2158118	B	4	484,3.23,22.6,67.7,452,25.8,1.61,0,3.2,0,0,35,148,,0	3 cookies~31|1 package~156
2510457	B	4	421,5.26,21,57.9,368,26.3,0,0,5.3,0,1.05,0,105,,0	1 snack pack~19|1 package~190
2510458	B	4	421,5.26,21,57.9,368,26.3,0,0,5.3,0,1.05,0,105,,0	1 snack pack~19|1 package~190
1956194	B	4	452,6.45,22.6,58.1,339,22.6,1.61,0,6.5,0,1.16,65,,0	3 cookies~31|1 package~156
1941359	B	41	800,0,93.3,0,0,,6.67,0,,0,,,,,,20,66.7	1 tbsp~15|1 package~1000
1941360	B	41	800,0,93.3,0,0,,13.3,0,,0,,,,,,66.7,10	1 tbsp~15|1 package~750
2665642	B	7	200,2.67,18,3.33,2430,0,3.33,0,3.3,0,3.33,23,40,,0	3 large olives~15|1 package~260
2665641	B	7	136,1,14,1.2,900,0,1,0,1.2,0,0,20,,0,,,,0	1 serving~100|1 package~260
1941358	B	41	800,0,93.3,0,0,,13.3,0,,0,,,,,,66.7,10	1 tbsp~15|1 package~750
2017809	B	29	433,10,20,60,667,10,0,0,6.7,0,2.4,67,,0	8 crackers~30|1 package~142
1852600	B	29	429,10.7,12.5,64.3,786,3.57,0,0,3.6,0,3.86,71,179,0,,7.14,3.57	10 crackers~28|1 package~114
2110624	B	29	429,9.52,11.9,66.7,810,9.52,4.76,24,0,0,3.43,0,,0,,4.76,2.38	1 cracker~21|1 package~165
1867776	B	29	400,6.67,13.3,66.7,867,6.67,3.33,33,6.7,0,0,0,233,0,,6.67,0	3 crackers~15|1 package~156
2666777	B	29	400,6.67,13.3,66.7,800,6.67,3.33,33,6.7,0,0,0,,0,,6.67,0,0	4 crackers~15|1 package~142
2666769	B	29	429,9.52,11.9,66.7,667,9.52,2.38,24,4.8,0,3.43,0,,0,,4.76,2.38,0	1 crackers~21|1 package~165
2666776	B	29	400,13.3,10,66.7,800,6.67,0,0,0,0,0,0,,0,,6.67,0,0	5 crackers~15|1 package~113
1928596	B	29	400,13.3,16.7,66.7,700,6.67,0,0,6.7,0,4.8,0,,0	4 crakers~15|1 package~142
1856994	B	29	467,13.3,16.7,66.7,533,13.3,0,0,6.7,0,2.4,0,,0,,10,6.67	4 crackers~15|1 package~142
1867753	B	29	400,6.67,13.3,66.7,800,6.67,3.33,33,6.7,0,2.4,0,300,0,,6.67,0	3 crackers~15|1 package~156
2666774	B	29	367,10,6.67,66.7,733,10,0,0,3.3,0,3.6,67,167,0,,3.33,0,0	1 serving~30|1 package~114
2664722	B	29	467,13.3,13.3,66.7,800,0,0,0,6.7,0,3.33,80,193,,0	3 crackers~15|1 package~128
1928595	B	29	400,13.3,10,66.7,867,6.67,0,0,0,0,4,67,140,,0	3 crackers~15|1 package~142
2666767	B	29	400,13.3,10,66.7,733,6.67,3.33,33,0,0,2.4,0,,0,,3.33,0,0	5 crackers~15|1 package~113
2666768	B	29	400,13.3,10,66.7,700,6.67,3.33,33,0,0,4.8,0,,0,,3.33,0,0	5 crackers~15|1 package~113
2666771	B	29	400,13.3,10,66.7,667,6.67,0,0,0,0,4.8,0,,0,,6.67,0,0	5 crackers~15|1 package~113
2666770	B	29	400,13.3,10,66.7,667,6.67,0,0,0,0,4.8,0,,0,,3.33,0,0	5 crackers~15|1 package~113
1928447	B	29	367,10,6.67,66.7,733,10,0,0,3.3,0,3.6,67,167,0,,3.33,0	10 crackers /~30|1 package~114
2666779	B	29	467,13.3,13.3,66.7,667,6.67,0,0,13.3,0,4.8,0,,0,,6.67,3.33,0	4 crackers~15|1 package~142
2408141	B	29	400,6.67,10,66.7,867,6.67,0,0,0,0,6,67,133,,0	2 crackers~15|1 package~142
1941833	B	1	375,0,2.5,90,25,65,0,0,0,0,0,0,,0	8 pieces~40|1 package~142
1943064	B	1	302,0,0,76.7,23,48.8,0,0,0,0,0,0,,0	6 pieces~43|1 package~156
1942793	B	1	400,0,0,93.3,0,93.3,0,0,0,0,0,0,,0	3 pieces~15|1 package~149
1943065	B	1	417,0,0,100,0,83.3,0,0,0,0,0,0,,0	2 pieces~12|1 package~128
2398214	B	15	120,6,7,10,300,2,3,10,4,0,0,98,260,,0	2 tbsp~50|1 package~680
2447118	B	86	41,1.63,.41,7.32,732,4.07,0,0,1.6,0,1.3,49,41,,0	4 fl oz~123|1 package~750
1887271	B	3	176,2.7,5.41,28.4,54,24.3,3.38,20,0,0,0,108,68,1.6	½ cup~74|1 package~4730
2167786	B	8	533,3.33,30,66.7,,60,26.7,0,0,0,6,67,233,,0	6 pieces~30|1 package~99
2073562	B	1	341,0,0,85.4,61,63.4	9 pieces~41|1 package~907
2055117	B	79	357,0,0,92.9,71,92.9	4 mints~14|1 package~198
2089057	B	1	357,0,0,92.9,71,92.9	4 mints~14|1 package~198
2070714	B	79	357,0,0,92.9,71,92.9	4 mints~14|1 package~1360
2105934	B	1	429,0,0,100,71,92.9	4 mints~14|1 package~198
2126911	B	1	429,0,0,100,71,92.9	4 mints~14|1 package~198
1884760	B	1	357,0,0,92.9,71,92.9	4 mints~14|1 package~198
2119534	B	1	429,0,0,100,71,92.9	4 mints~14|1 package~397
2112282	B	8	389,0,11.1,77.8,56,77.8,0,0,0,0,1.11,11,111,,0	2 buttermints~9|1 package~397
2565223	B	1	364,0,0,90.9,91,90.9,0,0,0,0	3 pieces~11
2565222	B	1	364,0,0,90.9,45,90.9	3 mints~11
2070713	B	79	357,0,0,92.9,71,92.9	4 mints~14|1 package~1360
2055127	B	79	429,0,0,100,71,92.9	4 pieces~14|1 package~663
1879086	B	5	500,7.14,28.6,64.3,321,0,1.79,0,3.6,0,1.29,71,,0	1 serving~28|1 package~142
2628374	B	5	500,7.14,28.6,60.7,429,3.57,3.57,0,7.1,0,1.29,71,89,0,,,,0	10 chips~28
1852499	B	5	500,7.14,25,64.3,500,0,0,0,7.1,0,1.29,71,,4.3	1 serving~28|1 package~142
2115222	B	5	500,7.14,28.6,60.7,429,3.57,1.79,0,7.1,0,1.29,71,89,8.6	1 serving~28|1 package~567
1879087	B	5	536,7.14,28.6,60.7,321,0,3.57,0,7.1,0,1.29,71,,0	1 serving~28|1 package~482
2021933	B	3	259,3.7,4.63,51.8,296,14.8,2.78,9,1.9,0,0,74,,0	1 sandwich~54|1 package~378
2368618	B	3	143,2.86,2.86,24.3,171,24.3,2.14,14,0,0,.51,114,,0	1 bar~70|1 package~222
2063039	B	3	319,2.13,23.4,25.5,64,23.4,17,32,0,0,0,85,,0	1 bar~47|1 package~887
2063038	B	3	314,4.29,17.1,34.3,107,22.9,11.4,29,0,0,0,86,,0	1 cone~70|1 package~621
2021932	B	3	247,2.74,13.7,28.8,96,23.3,4.11,7,0,0,0,55,,0	1 bar~73|1 package~266
1859952	B	3	247,2.74,12.3,28.8,82,23.3,4.11,7,0,0,0,55,,0	1 bar~73|1 package~266
2366800	B	3	255,4.24,5.45,46.7,242,24.2,3.03,12,1.2,0,.24,91,194,,0	3 sandwiches~165|1 package~311
1859949	B	3	118,1.96,.49,30.4,49,21.6,0,5,2.9,0,0,59,,2.4	1 bar, per container~102|1 package~237
1929973	B	41	800,0,93.3,0,0,,13.3,0,,0,,,,,,66.7,13.3	1 tbsp~15|1 package~1000
1867003	B	40	667,13.3,53.3,26.7,33,0,33.3,0,13.3,0,7.2,133,,16	1 tbsp~15|1 package~250
2663809	B	40	600,6.67,33.3,53.3,0,46.7,33.3,0,0,0,2.4,0,,0,,,,0	1 tbsp~15|1 package~250
2031684	B	8	595,9.52,40.5,45.2,24,31,26.2,0,7.1,0,3.43,48,,8.6	10 pieces~42|1 package~100
2663810	B	40	600,13.3,33.3,40,0,20,33.3,0,6.7,0,4.8,0,,8,,,,0	1 tbsp~15|1 package~250
1867002	B	8	619,11.9,45.2,38.1,36,16.7,28.6,0,9.5,0,4.29,95,,11.4	10 pieces~42|1 package~100
2315982	B	72	600,3.33,40,50,67,40,23.3,0,3.3,0,3.6,67,,0	1 bar~30
2464843	B	8	630,11.1,44.4,44.4,19,22.2,25.9,0,11.1,0,4.07,74,593,,.75	4 pieces~27|1 package~80
2591755	B	8	593,7.41,40.7,48.2,0,29.6,25.9,0,7.4,0,4.07,74,519,,1	4 pieces~27|1 package~79.9
2663811	B	15	300,3.33,1.67,66.7,0,60,0,0,6.7,0,24,67,,0,,,,0	2 tbsp~30|1 package~275
2464838	B	40	467,6.67,40,46.7,0,0,26.7,0,6.7,0,4,67,533,,.675	1 tbsp~15|1 package~227
1930240	B	8	571,9.52,40.5,45.2,36,21.4,23.8,0,7.1,0,4.29,95,,11.4	10 pieces~42|1 package~100
2591754	B	8	556,3.7,37,55.6,0,44.4,22.2,0,3.7,0,2.96,74,333,,1	4 pieces~27|1 package~79.9
2583083	B	8	593,11.1,44.4,37,0,14.8,29.6,0,11.1,0,5.19,74,741,,1	4 pieces~27|1 package~79.9
2463070	B	8	593,7.41,40.7,48.2,0,0,25.9,0,7.4,0,3.7,37,519,,.375	4 pieces~27|1 package~80
2061603	B	40	600,6.67,40,53.3,67,40,26.7,0,6.7,0,2.4,0,,0	1 tbsp~15|1 package~200
1871519	B	8	571,4.76,38.1,52.4,0,42.9,21.4,0,4.8,0,2.57,0,,2.9	10 pieces~42|1 package~100
1898829	B	8	595,7.14,40.5,50,24,35.7,23.8,0,4.8,0,3.43,48,,14.3	10 pieces~42|1 package~100
2663808	B	8	595,9.52,42.9,42.9,36,23.8,26.2,0,9.5,0,4.29,48,,8.6,,,,0	10 pieces~42|1 package~100
1852988	B	8	548,4.76,33.3,57.1,12,42.9,19,0,4.8,0,2.57,0,,5.7	10 pieces~42|1 package~100
2543862	B	8	633,3.33,50,50,67,26.7,30,0,3.3,0,.6,67,,0	1 bar~30
2061604	B	40	667,0,46.7,46.7,67,26.7,26.7,0,0,0,2.4,0,,0	1 tbsp~15|1 package~200
2284844	B	8	600,3.33,40,50,67,40,23.3,0,3.3,0,3.6,67,,0	1 bar~30
2266776	B	8	593,11.1,44.4,37,0,14.8,29.6,0,11.1,0,5.19,74,741	4 pieces~27|1 package~80
1896484	B	13	350,10,12.5,55,25,22.5,2.5,0,7.5,0,3.6,100,,0	1 serving~40
2496486	B	8	562,9.38,40.6,34.4,0,28.1,25,0,12.5,0,12.5,62,62	4 pieces~32|1 package~128
2629830	B	8	533,6.67,35.6,57.8,67,53.3,20,11,2.2,0,4.44,156,356,,1	1 serving~45|1 package~90
2595102	B	1	375,2.5,2.5,82.5,25,60,2.5,0,0,0,0,0,0,,0	7 pieces~40|1 package~113
2595096	B	1	300,2,2,80,20,60,2,0,0,0,0,0,0,,0	10 pieces~50|1 package~99.2
2045149	B	1	354,0,0,84.6,0,84.6,0,0,0,0,0,0,,0	1 piece~13|1 package~182
2439579	B	88	386,.71,17.9,67.9,21,,14.3,36,.7,,0,0,,0	3 tbsp~28|1 package~150
2653708	B	1	333,0,0,88.9,0,77.8,,,0	1 pop~18|1 package~113
2496489	B	1	338,0,0,81.2,0,50,0,0,0,0,0,0,0,,0	1 serving~16
1994997	B	1	338,0,0,81.2,0,50,0,0,0,0,0,0,0,,0	1 pouch~16
2496478	B	1	375,0,0,83.3,83,58.3,0,0,0,0,0,0,0,,0	1 unit~12|1 package~288
2544141	B	1	400,0,0,90,60,80,0,0,0,0	1 un't~10|1 package~120
2073207	B	1	429,0,0,92.9,0,92.9,0,0,0,0,0,0,,0	1 pieces~14|1 package~280
1961087	B	8	525,5,27.5,57.5,50,57.5,17.5,12,2.5,0,5,152,385,,0	1 package~40
2614749	B	8	525,5,35,57.5,62,52.5,20,12,2.5,0,3.75,150,350,,1	1 package~40
2418737	B	1	400,0,3.33,86.7,33,60,0,0,0,0	6 piecas~30|1 package~114
1945517	B	4	519,3.7,22.2,70.4,296,33.3,16.7,0,3.7,0,2.67,0,,0	3 cookies~27|1 package~354
1880858	B	4	500,2.78,25,66.7,347,44.4,19.4,0,2.8,0,3,0,,0	2 cookies~36|1 package~266
2173629	B	14	480,4,20,68,280,36,8,0,4,0,0,32,320,,0	½ cup~25|1 package~156
2047578	B	4	429,3.57,21.4,60.7,125,28.6,7.14,54,0,0,0,71,,0	1 serving~28|1 package~155
2542522	B	4	429,3.57,14.3,71.4,179,28.6,1.79,0,3.6,0,2.86,14,,,0	11 cookies~28|1 package~200
2167511	B	12	480,8,24,64,0,24,12,0,8,0,6.4,24,360,,0	1 cake~12.5|1 package~75
2299170	B	4	400,5,15,65,100,40,7.5,0,5,0	5 pieces~20|1 package~75
1880859	B	4	475,2.5,20,70,112,65,12.5,0,2.5,0	4 pieces~40|1 package~200
2413045	B	4	483,3.45,20.7,72.4,310,48.3,8.62,0,3.4,0,3.79,0,0,,0	2 cookies~29|1 package~435
2164593	B	4	483,3.33,20,73.3,83,53.3,13.3,0,,0,0,0,0,,0	3 pieces~30|1 package~180
2167527	B	4	480,8,24,56,0,24,12,0,8,0,8,16,376,,0	1 cake~12.5|1 package~75
1935014	B	104	660,6.67,64.5,23.3,37,6.67,,,16.3	1 serving~15|1 package~140
2657959	B	1	367,3.33,1.67,80,33,60,0,0,0,0,0,0,0,,0	6 pieces~30|1 package~99.2
1914530	B	16	384,1,0,96,30,0,0,0,.2,0,0,,,0	1 serving~50|1 package~250
2093370	B	23	643,0,50,42.9,500,,14.3,,,0,0,0,714,0,,14.3	2 tbsp~7|1 package~150
2674545	B	5	520,4,28,64,600,4,12,0,2,0,1.6,104,184,,0	1 serving~25|1 package~99.2
2368147	B	4	462,3.85,19.2,73.1,404,38.5,7.69,0,0,0,3.08,0,0,,0	1 serving~26|1 package~708
2443004	B	1	362,3.25,3,80,22,52.5,1.5,0,2.5,,0,0,,0	8 pieces~40|1 package~100
2562195	B	8	520,6,26,66,180,48,14,4,2,0,1.6,100,230	2 bars~50
2595090	B	29	400,8,8,80,720,8,0,0,0,0,,,,,,0,0	2 pieces~12.5
2375286	B	5	429,10.7,8.93,71.4,750,3.57,3.57,0,3.6,0,,36,,,0	1 serving~28|1 package~200
2629444	B	79	300,0,0,76.7,0,70,0,0,0,0,0,0,0,,0	1 piece~30|1 package~340
1901068	B	12	521,7.14,27.5,60.7,725,0,12.5,0,4.6,0,0,0,,0	1 serving~28
2527433	B	1	375,0,0,87.5,0,87.5	1 serving~32|1 package~255
2562176	B	1	357,0,0,85.7,0,85.7	1 piece~7|1 package~85.1
2073209	B	1	333,0,0,83.3,0,83.3,0,0,0,0,0,0,,0	1 pieces~18|1 package~90
2415510	B	4	483,6.9,17.2,72.4,103,44.8,12.1,0,3.4,0	1 serving~29|1 package~115
2445169	B	1	400,0,3.33,90,33,66.7,0,0,0,0	6 pieces~30
2562191	B	1	400,0,3.33,90,33,66.7,0,0,0,0	6 pieces~30|1 package~113
2614744	B	22	300,3.33,0,73.3,0,43.3,0,,0,0,,,,200,,,,1250,,,,,,,,,,,,,,,23	15 pieces~30|1 package~142
1884523	B	1	308,4.41,0,74.9,44,44,0,0,0,0,0,0,,264	1 bag~22.7|1 package~181
1884519	B	1	308,4.41,0,74.9,44,44,0,0,0,0,0,0,,264	1 bag~22.7|1 package~181
1884532	B	1	308,4.41,0,74.9,44,44,0,0,0,0,0,0,,264	1 bag~22.7|1 package~181
2377668	B	4	500,3.33,20,76.7,450,46.7,10,0,3.3,0,2.4,,,,,8.33,3.33	2 cookies~30|1 package~432
2087861	B	1	364,0,0,90.9,0,54.6,0,,0,0	1 pieces~5.5|1 package~340
1944049	B	1	400,0,0,100,0,100,0,0,0,0,0,0,,0	1 piece~17|1 package~123
2073208	B	1	429,0,0,92.9,0,92.9,0,0,0,0,0,0,,0	1 pieces~14|1 package~112
2595089	B	6	400,10,7.5,75,800,5,2.5,0,5,0,0,25,190,,0	3 breadsticks~20|1 package~125
2375281	B	29	400,16,8,64,640,8,0,0,8,0	2 pieces~12.5|1 package~200
2641444	B	1	400,0,3.33,90,33,66.7,0,0,0,0	6 pieces~30|1 package~113
2496483	B	1	400,0,0,90,60,80,0,0,0,0	1 unit~10
2443324	B	12	521,7.14,27.5,60.7,725,,12.5,0,4.6,0,0,0,,0	1 serving~28
2653709	B	1	357,0,0,92.9,36,71.4	13 pieces~28|1 package~113
2651489	B	1	321,3.57,0,82.1,71,60.7	1 piece~28|1 package~340
2551961	B	5	520,4,28,64,600,4,12,0,2,0,1.6,104,184,,.4	1 serving~25|1 package~100
2551960	B	4	400,6.67,1.67,86.7,50,50,0,67,3.3,0,.67,23,100,,0	5 pieces~30|1 package~200
2385124	B	12	400,6.67,0,80,300,0,0,0,0,0,2,33,267,,0	2 cakes~15|1 package~100
2385139	B	29	400,13.3,0,66.7,300,0,0,0,13.3,0,3.33,27,400,,0	2 cakes~15|1 package~100
2154575	B	1	333,3.33,0,80,67,60	4 pieces~30|1 package~198
2562187	B	1	321,3.57,0,82.1,71,60.7	4 pieces~28|1 package~227
2496484	B	8	562,6.25,37.5,53.1,94,53.1,21.9,16,.8,0,1.56,266,484	4 pieces~32|1 package~128
2375285	B	1	500,5,25,62.5,162,55,15,12,0,0,2.25,138,270,,0	1 serving~40|1 package~141
2496491	B	8	520,4,28,56,160,40,20,20,4	1 serving~25|1 package~60
2629446	B	8	520,10,30,54,130,44,12,10,4,0,1.8,100,318,,0	1 bar~50
2668354	B	1	523,9.09,27.3,56.8,148,47.7,13.6,11,2.3,0,2.05,114,318,,0	8 pieces~44|1 package~142
2668355	B	1	536,7.14,25,71.4,71,35.7,14.3	1 oz per serving~28|1 package~49.9
2445165	B	8	455,4.55,20.4,63.6,182,54.6,11.4,0,4.5,0,1.36,136,241,,0	1 bar~22|1 package~250
2496477	B	1	500,5,25,65,175,50,15,0,5,0,1.5,100,230,,0	1 bar~20|1 package~260
2416615	B	8	545,13.6,31.8,54.6,136,45.4,13.6,0,4.5,0,1.36,91,336,,0	1 bar~22|1 package~250
2562194	B	8	467,4.44,22.2,64.4,178,60,13.3,7,2.2,0,1.33,111,224,,0	1 bar~45
1876449	B	4	429,3.57,21.4,60.7,125,28.6,7.14,54,0,0,0,0,,0	1 serving~28|1 package~155
2373547	B	6	533,0,26.7,20,933,0,13.3,13,0,0	1 serving~15|1 package~335
2614748	B	8	500,5,25,65,175,50,15,0,5,0,1.5,100,230,,0	1 bar~20|1 package~258
2562186	B	1	333,3.33,0,80,67,56.7	1 serving~30|1 package~227
2595108	B	6	533,0,26.7,66.7,933,0,13.3,13,0,0	1 serving~15|1 package~334
2562192	B	8	455,4.55,20.4,63.6,182,54.6,11.4,0,4.5,0,1.36,136,241,,0	1 bar~22|1 package~250
2562199	B	8	475,2.5,20,70,112,65,12.5,0,2.5,0,1.5,25,195,,0	4 pieces~40|1 package~198
2641445	B	1	300,2,2,80,20,60,2,0,0,0,0,0,0,,0	10 pieces~50
2653707	B	1	364,0,0,90.9,0,81.8	1 piece~11|1 package~99.2
2652296	B	29	379,3.45,1.72,82.8,17,62.1,1.72,0,0,0,0,0,0,,0	5 pieces~29|1 package~113
2300039	B	1	379,3.45,1.72,82.8,17,62.1,1.72,0,.9,0,0,0,0,,0	5 pieces~29|1 package~115
2562188	B	1	333,3.33,0,80,67,60	4 pieces~30|1 package~227
2629443	B	29	400,16,0,80,800,0,0,0,8,0,,,,,,0,0	2 pieces~12.5
2595073	B	4	400,15,2.5,70,900,5,0,0,10,0,0,100,800,,0	6 pieces~20
2373534	B	29	400,16,0,80,800,0,0,0,8,0	2 pieces~12.5|1 package~200
2595092	B	29	400,16,0,80,800,0,0,0,8,0,,,,,,0,0	2 pieces~12.5
2443325	B	12	521,7.14,27.5,60.7,725,,12.5,0,4.6,0,0,0,,0	1 serving~28
2653710	B	5	474,10.5,18.4,68.4,553,0,7.89,0,5.3,0,0,0,0,,0	1 bag~19
2442271	B	5	521,7.14,27.5,60.7,725,,12.5,0,4.6,0,0,0,,0	1 serving~28
2074282	B	12	493,3.57,24.6,63.6,800,0,10.7,0,3.9,0,0,0,,0	1 serving~28
2438037	B	5	521,7.14,27.5,60.7,725,,12.5,0,4.6,0,0,0,,0	1 serving~28|1 package~200
2091687	B	12	525,8.57,27.5,60.7,589,0,12.5,0,4.6,0,0,0,,0	1 serving~28
1901059	B	12	521,7.14,27.5,60.7,725,0,12.5,0,4.6,0,0,0,,0	1 serving~28
2562196	B	8	440,8,22,58,80,40,9,0,4,0,2.16,40,280,,0,,,,6	5 pieces~50
2216845	B	8	440,8,22,58,80,40,9,0,4,0,2.16,40,280,,0,,,,6	5 pieces~50
2496487	B	8	467,3.33,20,70,50,60,13.3,0,3.3,0,1.33,0,200,,0	3 pieces~30|1 package~200
2377446	B	6	400,10,7.5,75,800,5,2.5,0,5,0,0,25,190,,0	3 breadsticks~20|1 package~125
2307069	B	12	400,10,0,80,300,0,0,0,0,0,2,30,270,,0	5 cakes~10|1 package~120
2299111	B	5	400,10,0,70,300,0,0,0,10,0,3,10,250,,0	5 cakes~10|1 package~120
2595078	B	29	400,10,0,80,300,0,0,0,10,0,2,30,300,,0	5 cakes~10
2651951	B	29	375,12.5,0,75,312,0,0,0,6.2,0,3.12,31,375,,0	3 cakes~16|1 package~139
2651748	B	12	400,10,0,80,300,0,0,0,0,0,2,30,270,,0	5 cakes~10
2595075	B	12	375,6.25,0,81.2,312,0,0,0,6.2,0,1.88,31,250,,0	3 cakes~16|1 package~139
2595084	B	29	389,16.7,0,66.7,306,0,0,0,5.6,0,5.56,28,417,,0	3 cakes~18|1 package~156
2299328	B	5	375,8.33,0,75,250,0,0,0,8.3,0,3.33,8,250,,0	2 cakes~12|1 package~115
2595076	B	29	361,11.1,0,72.2,306,0,0,0,5.6,0,2.78,28,333,,0	3 cakes~18|1 package~156
2595083	B	12	375,6.25,0,81.2,312,0,0,0,6.2,0,1.88,31,281,,0	3 cakes~16|1 package~139
2412668	B	29	400,16,0,80,400,0,0,0,16,0	2 pieces~12.5|1 package~200
2300035	B	1	300,2,2,80,20,60,2,0,.5,0,0,0,0,,0	10 pieces~50|1 package~100
2595097	B	1	300,2,2,80,20,60,2,0,0,0,0,0,0,,0	10 pieces~50|1 package~99.2
2611581	B	6	400,10,7.5,75,800,5,2.5,0,5,0,0,25,190,,0	3 breadsticks~20|1 package~125
2562200	B	8	571,7.14,35.7,42.9,71,42.9,25,0,7.1,0,7.14,36,0,,0	1 tbsp~14|1 package~255
2547080	B	29	483,3.45,20.7,72.4,310,48.3,8.62,0,3.4,0,3.79,0,0,,0	1 serving~29|1 package~435
2562201	B	8	571,7.14,35.7,42.9,71,42.9,25,0,7.1,0,7.14,36,0,,0	1 tbsp~14|1 package~255
2562137	B	1	471,5.88,17.6,73.5,397,41.2,7.35,0,2.9,0,5.29,0,0,,0	3 cookies~34|1 package~405
1954460	B	1	350,2.5,2.5,77.5,25,52.5,2.5,0,.6,0,0,0,0,,0	10 pieces~40|1 package~100
2595103	B	1	350,2.5,2.5,77.5,25,52.5,2.5,0,0,0,0,0,0,,0	10 pieces~40|1 package~99.2
2595101	B	1	375,2.5,2.5,82.5,25,60,2.5,0,0,0,0,0,0,,0	7 pieces~40|1 package~113
2595107	B	1	300,2,2,80,20,60,2,0,0,0,0,0,0,,0	10 pieces~50
2629447	B	8	500,5,30,55,30,55,20,0,0,0,5.4,100,,0,,,,0	40 pieces~20|1 package~284
2533706	B	40	533,6.67,33.3,53.3,0,46.7,20,0,6.7,0,7.33,67,533,,0	1 tbsp~15|1 package~255
2562189	B	1	333,3.33,0,80,67,60	2 pieces~30|1 package~284
2595082	B	29	375,12.5,0,75,0,0,0,0,6.2,0,3.12,31,375,,0	3 cakes~16|1 package~139
2595079	B	12	400,10,0,80,0,0,0,0,0,0,2,30,250,,0	5 cakes~10
2595074	B	12	375,6.25,0,81.2,0,0,0,0,6.2,0,1.88,31,275,,0	3 cakes~16|1 package~139
2385118	B	12	400,6.67,0,80,0,0,0,0,0,0,2,33,267,,0	1 serving~15|1 package~100
2496485	B	1	500,3.12,25,62.5,156,50,15.6,16,.8,0,7.5,62,281,,0	4 pieces~32|1 package~128
2533705	B	5	393,10.7,5.36,75,750,3.57,1.79,0,3.6,0,1.43,36,214,,0	15 pretzels~28|1 package~60
2595072	B	29	400,15,7.5,70,850,5,0,0,5,0,0,25,800,,0	6 slices~20
2104136	B	4	454,3.2,17.1,71.5,88,45.9,8,0,1.1,0,1.92,107,,6.4	5 pieces~18.8|1 package~37.5
2496481	B	8	500,0,28.6,57.1,0,42.9,14.3,0,7.1,0,12.1,29,429,,1.43	1 bag~14|1 package~336
2443155	B	1	364,2,2.2,80,19,60,2,0,2,,0,0,,0	10 pieces~50|1 package~100
2496474	B	1	364,0,0,81.8,0,63.6,0,0,0,0,0,0,0,,0	1 piece~11|1 package~340
2595093	B	1	300,2,2,80,20,60,2,0,0,0,0,0,0,,0	10 pieces~50|1 package~99.2
2496482	B	1	167,0,0,43.3,0,40,0,0,0,0,0,0,0,,0	1 unit~30
2375753	B	1	400,0,0,95,0,80	1 box~40
2533708	B	1	321,0,0,82.1,161,64.3,0,0,0,0	1 unit~28|1 package~170
2562183	B	1	333,0,0,83.3,0,66.7,0,0,0,0,0,0,0,,0	2 pieces~12|1 package~113
2266238	B	79	333,0,0,83.3,0,66.7,0,0,0,0,0,0,0,,0	2 pieces~12|1 package~113
2651694	B	1	350,2.5,2.5,77.5,25,52.5,2.5,0,0,0,0,0,0,,0	10 pieces~40|1 package~99.2
2445166	B	1	381,0,7.94,95.2,222,50.8,3.17,0,0,0	1 serving~31.5|1 package~340
2562193	B	1	400,0,0,93.3,33,66.7	3 pieces~15|1 package~99.2
2299144	B	1	350,2.5,2.5,77.5,25,52.5,2.5,0,.6,0,0,0,0,,0	10 pieces~40|1 package~100
2366302	B	1	375,2.5,2.5,82.5,12,62.5,1.25,0,.6,0,0,0,0,,0	7 pieces~40|1 package~115
2416613	B	1	367,3.33,1.67,80,17,63.3,0,0,0,0,0,0,0,,0	3 pieces~30|1 package~300
2300031	B	1	300,2,2,80,20,60,2,0,.5,0,,0,0,,0	10 piees~50
2595100	B	1	375,2.5,2.5,82.5,12,62.5,1.25,0,0,0,0,0,0,,0	7 pieces~40|1 package~113
2595105	B	1	349,3.17,3.17,79.4,32,60.3,1.59,0,0,0,0,0,0,,0	9 pieces~31.5|1 package~113
2595106	B	1	300,2,2,80,20,60,2,0,0,0,0,0,0,,0	10 pieces~50
2641449	B	1	338,0,0,81.2,0,50,0,0,0,0,0,0,0,,0	1 pouch~16
2496476	B	1	400,0,3.33,90,33,66.7,0,0,0,0	6 pieces~30|1 package~100
1961350	B	1	338,0,0,81.2,0,50,0,0,0,0,,0	1 pouch~16
2653711	B	29	450,15,10,65,800,5,5,0,5,0,10,15,125,,0	3 breadsticks~20|1 package~125
2614745	B	1	300,3.33,0,73.3,83,43.3,,,,,,,,76.7,,,,767,,,,,,,,,,,,,,,13	15 pieces~30|1 package~142
2629829	B	1	308,4.41,0,70.5,0,44,0,,0,0,,,,264,,,,1650,,,,,,,,,,,,,,,31	1 pouch~22.7|1 package~181
2542295	B	5	600,6.67,40,46.7,400,0,20,0,0,0,0,0,0,,0	1 bag~15
2045151	B	5	564,6.07,32.9,57.1,586,1.07,15,0,,0,0,0,,0	1 serving~28
2366035	B	9	400,10,0,80,300,0,0,0,10,0,2,30,300,,0	5 cakes~10|1 package~120
2595088	B	5	375,6.25,0,81.2,94,0,0,0,6.2,0,1.88,31,281,,0	3 slices~16|1 package~139
2595087	B	29	361,11.1,0,72.2,306,0,0,0,5.6,0,2.78,28,389,,0	3 slices~18|1 package~156
1935853	B	12	375,6.25,0,81.2,312,0,0,0,6.2,0	3 cakes~16|1 package~140
2595086	B	5	375,8.33,0,75,250,0,0,0,8.3,0,3.33,8,250,,0	2 cakes 12g~12|1 package~115
2595085	B	29	375,8.33,0,75,250,0,0,0,8.3,0,3.33,8,250,,0	2 cakes 12g~12|1 package~115
2297423	B	4	481,3.7,18.5,74.1,370,37,9.26,0,0,0,2.22,0,0,,0	2 cookies / biscuits~27|1 package~340
2651609	B	29	481,3.7,18.5,74.1,370,37,9.26,0,0,0,2.22,0,0,,0	2 cookies / biscuits~27|1 package~340
2614746	B	1	300,3.33,0,73.3,83,43.3,,,,,,,,76.7,,,,767,,,,,,,,,,,,,,,13	15 pieces~30|1 package~142
2527435	B	1	364,0,0,81.8,0,63.6	1 serving~11|1 package~340
2562151	B	4	480,8,24,56,0,24,12,0,8,0,8,16,376,,0	1 cake~12.5
2562150	B	12	480,8,24,64,0,24,12,0,8,0,6.4,24,360,,0	1 cake~12.5
2562153	B	8	450,5,20,60,0,20,12.5,0,5,0,7,15,365,,1	5 cakes~20|1 package~39.7
2496470	B	4	480,8,20,64,0,32,12,0,8,0,3.2,88,320,,0	1 piece~12.5
2562152	B	8	450,5,20,70,0,20,12.5,0,5,0,5,30,350,,1	5 cakes~20|1 package~39.7
2595091	B	29	400,16,0,80,400,0,0,0,8,0,,,,,,0,0	2 pieces~12.5
2366086	B	29	361,11.1,0,72.2,306,0,0,0,5.6,0,2.78,28,389,,0	1 serving~18|1 package~155
2496471	B	29	360,8,0,64,640,8,0,0,8,0,,,,,,0,0	2 pieces~12.5|1 package~200
2547082	B	29	400,16,0,80,400,0,0,0,16,0,,,,,,0,0	1 serving~12.5
2412649	B	29	350,15,2.5,65,850,5,0,0,10,0,0,25,800,,0	6 slices~20|1 package~200
2641446	B	1	300,2,2,80,20,60,2,0,0,0,0,0,0,,0	10 pieces~50
2629828	B	1	300,3.33,0,73.3,83,43.3,,,,,,,,76.7,,,,767,,,,,,,,,,,,,,,13	15 pieces~30|1 package~142
1900041	B	1	152,0,0,35,25,35,0,0,0,0,0,0,,0	1 box~40
2493998	B	18	29,0,0,7.61,9,7.45	1 bottle~591
1957940	B	1	467,13.3,26.7,53.3,433,40,4.6,,6.7,0,,,,,,14.7,5.53	1 unit~15|1 package~30
1960986	B	12	467,13.3,30,53.3,500,40,4.4,,6.7,0,,,,,,15,5.6	1 unit~15|1 package~30
2593783	B	32	48,3.23,4.84,6.45,661,6.45,0,0,0,0,0,6,8,,0	¼ cup~62|1 package~340
1914517	B	34	264,13.6,13.6,22.4,536,1.6,4.8,28,.8,,1.44,240,,1	.2 pizza~125|1 package~626
2089730	B	34	264,13.6,13.6,22.4,536,1.6,4.8,28,.8,,1.44,240,,1	.2 pizza~125|1 package~618
1896372	B	15	36,0,0,7.14,268,3.57,,,,,,,,12.9	2 tbsp~28|1 package~454
1896369	B	15	34,0,0,6.9,259,3.45,,,,,,,,12.4	2 tbsp~29|1 package~454
2269202	B	5	378,5.41,16.2,46,1190,2.7,2.7,0,10.8,0,0,130,197,,0,,0	13 chips~37|1 package~368
2426104	B	5	378,5.41,16.2,46,1190,2.7,2.7,0,10.8,0,0,124,197,,0,0,0	13 chips~37|1 package~368
2152188	B	54	128,3.2,5.33,16,768,10.7,1.71,0,2.1,0,.11,27,117,,0	1/3 cup~93.8|1 package~375
1858061	B	35	127,3.17,5.56,19,746,9.52,1.59,8,3.2,0,1.71,95,,9.5	¼ cup~63|1 package~198
2653109	B	33	125,2.5,3.21,21.4,221,2.14,1.25,0,2.1,0,.36,12,107,,0	1 bowl~280
1951386	B	35	56,1.59,1.59,9.52,698,6.35,0,0,1.6,0,1.14,32,,28.6	¼ cup~63|1 package~198
1951663	B	54	95,3.17,3.97,12.7,873,3.17,0,0,1.6,0,.57,32,,7.6	¼ cup~63|1 package~198
1952023	B	35	95,1.59,0,25.4,889,14.3,0,0,0,0,.57,32,,1.9	¼ cup~63|1 package~198
1896417	B	35	79,1.59,3.97,12.7,127,4.76,0,0,1.6,0,1.14,32,,7.6	¼ cup~63|1 package~198
1951107	B	35	111,3.17,5.16,23.8,889,15.9,0,0,1.6,0,1.14,32,,1.9	¼ cup~63|1 package~198
1857272	B	54	95,1.59,5.56,11.1,730,4.76,2.38,0,3.2,0,1.14,63,,3.8	¼ cup~63|1 package~198
1865198	B	35	175,3.17,5.56,31.8,889,23.8,0,0,3.2,0,1.14,32,,3.8	¼ cup~63|1 package~198
2542194	B	33	150,2.86,4.29,25.7,329,2.86,1.79,0,1.4,0,1.43,15,108,,0	1 bowl~280
1945615	B	91	169,5,2.19,31.9,1090,9.38,.31,0,1.2,0,.31,6,68,,0	¾ cup~160|1 package~320
2542905	B	35	127,1.59,0,30.2,889,19,0,0,0,0,.57,0,,7.6	¼ cup~63|1 package~198
2273413	B	35	159,1.59,9.52,17.5,746,12.7,7.14,0,3.2,0,.57,0,,7.6	¼ cup~63|1 package~198
1851326	B	35	111,1.59,5.56,14.3,571,4.76,0,0,1.6,0,1.71,63,,14.3	¼ cup~63|1 package~198
2539451	B	68	86,4.29,2.14,8.57,400,2.86,2.14,0,5,0,.71,23,234,,2.15	½ pouch~140|1 package~280
2302804	B	35	159,1.59,1.59,31.8,889,22.2,0,0,1.6,0,.57,0,,1.9	¼ cup~63|1 package~198
2273414	B	35	127,1.59,0,30.2,889,20.6,0,0,1.6,0,1.14,63,,9.5	¼ cup~63|1 package~198
2152185	B	35	85,2.13,3.73,8.53,704,4.26,.43,0,2.1,0,.11,15,147,,0	1/3 cup~93.8|1 package~375
1857271	B	35	79,1.59,3.97,11.1,667,3.17,0,0,1.6,0,2.29,63,,7.6	¼ cup~63|1 package~198
1857274	B	35	63,0,0,14.3,889,7.94,0,0,0,0,.57,32,,1.9	¼ cup~63|1 package~198
2325123	B	121	157,3.57,4.29,24.6,393,,1.08,0,2.1,0,.99,21,202,,0	1 serving~280
2038899	B	54	160,1.6,11.2,11.2,656,3.2,2.4,0,1.6,0,2.3,32,,3.8	¼ cup~62.5|1 package~198
2031165	B	121	23,0,0,4.65,58,0,0,0,0,0,0,0,,0	.06 package~43|1 package~454
1806252	B	86	380,0,0,100,0,96	1 serving~100|1 package~340
1796549	B	36	99,24.6,.35,0,46,0,0,39,0,0,.25,0,,0,,0,0	1 serving~142
2463878	B	36	107,24.1,.45,0,45,0,0,40,0,0,.8,0,438,,1.7	1 serving~112|1 package~454
1906640	B	1	412,0,2.94,88.2,118,64.7,0,0,0,0,,,,0	3 pieces~17|1 package~147
1861712	B	108	65,1.63,0,14.6,577,8.94,0,0,.8,0,.29,0,,17.1	½ cup~123|1 package~304
1971970	B	32	516,6.45,53.2,4.84,581,0,8.06,16,1.6,0,1.16,161,,7.7	¼ cup~62|1 package~170
1920011	B	16	230,12,9,26,300,1,4.5,40,2,0,.9,150,,.6	1 cup~100|1 package~255
1864842	B	16	200,6,2,38,190,3,.5,25,2,0,.9,20,,3	1 cup~100|1 package~255
1901796	B	16	210,10,6,28,360,1,3,40,2,0,.72,150,,0	1 cup~100|1 package~255
2074614	B	16	351,14,.88,71.9,35,3.51,0,0,3.5,0,1.89,35,,4.2	1 serving~57|1 package~453
2063444	B	16	351,12.3,.88,71.9,26,1.75,0,0,3.5,0,4.74,35,,2.1	2 nests~57|1 package~340
2602034	B	63	358,13.6,3.09,69.1,741,8.64,1.23,6,3.7,0,1.23,138,351,,0	1 serving~81|1 package~284
2391851	B	63	365,11.8,2.94,71.8,588,2.35,1.18,0,3.5,0,1.18,31,172,,0	3 oz dry mix 1 cup prepared~85|1 package~255
718292	B	16	351,12.3,.88,71.9,18,1.75,0,0,3.5,0,1.89,35,,2.1	1 serving~57
2133241	B	63	358,13.6,3.09,69.1,704,6.17,1.23,6,3.7,0,1.33,123,,0	1 serving~81|1 package~283
1979105	B	63	358,13.6,3.09,69.1,704,6.17,1.23,6,3.7,0,1.23,122,365,,0	1 serving~81|1 package~283
2622627	B	16	358,13.6,3.09,69.1,704,6.17,1.23,6,3.7,0,1.33,123,,0,,,,22	2.9 oz 1 cup prepared mix~81|1 package~284
2131394	B	63	358,13.6,3.09,69.1,704,6.17,1.23,6,3.7,0,1.33,123,,0	1 serving~81|1 package~283
718440	B	16	351,12.3,.88,71.9,0,1.75,0,0,3.5,0,1.26,35,,2.1	1 serving~57
2094619	B	16	357,12.5,.89,73.2,9,1.79,0,0,3.6,0,1.29,36,,2.1	1 serving~56|1 package~340
2602033	B	63	358,13.6,3.09,69.1,741,8.64,1.23,6,3.7,0,1.23,138,351,,0	1 serving~81|1 package~284
2369057	B	16	357,12.5,.89,73.2,0,1.79,0,0,3.6,0,1.79,25,191,,0	1 serving~56|1 package~340
2063446	B	16	351,14,.88,71.9,35,3.51,0,0,3.5,0,1.89,35,,4.2	1 serving~57|1 package~397
2602035	B	63	370,12.4,3.09,71.6,531,2.47,1.23,0,3.7,0,1.23,30,172,,0	1 serving~81|1 package~284
2375581	B	63	353,11.8,1.76,71.8,659,2.35,0,0,3.5,0,1.18,31,167,,0	1 serving~85|1 package~227
2063445	B	16	333,14,1.75,71.9,0,0,0,0,12.3,0,3.16,35,,0	2 nests~57|1 package~340
2554517	B	16	274,9.73,.88,56.6,0,0,0,0,2.7,0,.97,18,142,,0	1 serving~113|1 package~340
2480504	B	16	274,9.73,.88,56.6,0,0,0,0,2.7,0,.97,18,142,,1.77	1 serving~113|1 package~340
1872466	B	5	429,10.7,14.3,67.9,643,0,0,0,3.6,0,0,71,,0	1 serving~28|1 package~141
1857067	B	12	429,10.7,14.3,67.9,536,0,0,0,3.6,0,1.29,71,,0	1 serving~28|1 package~141
1874942	B	5	429,10.7,14.3,67.9,679,0,0,0,3.6,0,2.57,71,,0	1 serving~28|1 package~141
2038225	B	5	429,10.7,14.3,67.9,571,3.57,0,0,3.6,0,2.57,71,,4.3	1 serving~28|1 package~141
1922586	B	29	429,14.3,14.3,67.9,482,0,0,0,3.6,0,2.57,71,,17.1	1 serving~28|1 package~141
1889044	B	54	0,0,0,0,3330	¼ tsp~1.5|1 package~500
480289	B	61	300,18.6,.74,78.1,153,3,.18,0,4.1,0,4.89,14,,3.4	1 serving~70
2429817	B	16	364,14.6,1.82,70.9,0,3.64,0,0,3.6,0,0,0,0,,0	2/3 cup~55|1 package~500
2062494	B	16	339,14.3,1.79,58.9,36,3.57,0,0,7.1,0,0,0,,0	1 serving~56|1 package~500
1112575	B	16	375,12.5,1.79,75,0,3.57,0,0,1.8,0,1.29,36,,0	1 serving~56
955525	B	16	375,12.5,1.79,75,0,3.57,0,0,1.8,0,1.29,36,,0	1 serving~56
1107837	B	16	375,12.5,1.79,75,0,3.57,0,0,1.8,0,1.29,36,,0	1 serving~56
1112576	B	16	375,12.5,1.79,75,0,3.57,0,0,1.8,0,1.29,36,,0	1 serving~56
1107851	B	16	375,12.5,1.79,75,0,3.57,0,0,1.8,0,1.29,36,,0	1 serving~56
801145	B	16	357,14.3,1.79,73.2,0,3.57,0,0,3.6,0,3.57,0,232,,0,,,,7.5,1,.536,,394	2/3 cup~56
456719	B	98	180,7,1.5,33,140,1,.5,10,2,0,1.8,20,,0	1 cup~100
2281863	B	16	357,13,1.43,75,4,3.04,.36,0,3,0,0,0,,0	1 serving~56|1 package~500
2405572	B	16	364,10.9,1.82,72.7,27,3.64,0,0,3.6,0,1.27,18,145,,0	1 serving~55|1 package~454
2593794	B	32	56,2.4,3.2,7.2,328,4,0,0,1.6,0,0,21,234,,0	½ cup~125|1 package~745
2626607	B	16	357,25,.89,60.7,143,1.79,0,0,30.4,0,8.04,71,,4.3,,,,0	1 serving~56|1 package~227
1868197	B	16	357,25,.89,60.7,143,1.79,,0,30.4,,8.04,71,,4.3	¾ cup~56|1 package~227
2440262	B	16	357,25,.89,60.7,143,1.79,.36,0,30.4,,8.04,71,,4.3	1 serving~56|1 package~227
2429943	B	16	357,23.2,1.79,62.5,0,1.79,0,0,5.4,0,5.36,0,875,,0,0,.89	1 serving~56|1 package~284
2315522	B	16	357,26.8,1.79,60.7,0,1.79,0,0,5.4,0,4.82,0,875,0,,0,0	¾ cup~56|1 package~284
1941000	B	16	357,21.4,2.68,62.5,0,1.79,0,0,17.9,0,8.04,143,1520,0,,0,1.79	2/3 cup~56|1 package~284
360853	B	16	349,12.7,3.17,71.4,40,3.17,.79,95,3.2,0,1.71,63,,0	.12 box~63
360852	B	16	349,12.7,3.17,71.4,40,3.17,.79,95,3.2,0,1.71,63,,0	.12 box~63
2669643	B	32	343,11.4,5.71,70,229,11.4,.29,14,4.3,0	1 cup~70
2009981	B	63	364,12.1,2.27,74.2,803,7.58,0,0,3,0,2.73,61,,0	2/3 cup~66|1 package~124
2016885	B	63	378,13.3,3.33,68.9,778,2.22,0,0,4.4,0,4,133,,8	1 serving~45|1 package~181
2008706	B	63	375,12.5,6.25,67.9,946,7.14,2.68,9,3.6,0,3.21,143,,6.4	1 serving~56|1 package~175
2438403	B	91	291,14.6,4.55,58.2,0,,.91,155,3.6,,1.31,0,,0	2/3 cup~55|1 package~454
2438531	B	91	291,14.6,4.55,58.2,0,,.91,155,3.6,0,1.31,0,,0	2/3 cup~55|1 package~454
2438339	B	16	318,25.4,.29,75.4,0,,0,0,1.8,,0,0,,0	2/3 cup~55|1 package~454
2438402	B	16	318,25.4,.29,75.4,0,,0,0,1.8,,0,0,,0	2/3 cup~55|1 package~454
2309647	B	16	368,14,1.75,73.7,26,,0,0,5.3,,1.89,35,,4.2	1 serving~57|1 package~340
2382811	B	16	368,12.3,2.63,71.9,42,,0,0,3.5,,1.89,35,,6.3	1 serving~57|1 package~340
2382809	B	16	368,14,1.75,73.7,26,,0,0,5.3,,4.74,175,,2.1	1 serving~57|1 package~340
2382810	B	16	368,12.3,2.63,71.9,0,,0,0,3.5,,1.89,35,,4.2	1 serving~57|1 package~340
2439378	B	11	314,4.29,0,71.4,6490,,0	.2 package~7|1 package~35
2388153	B	16	375,12.5,1.79,71.4,102,1.79,0,0,0,0,7.14,21,193,,0	17 pieces~56|1 package~500
1780452	B	34	202,7.56,6.72,29.4,403,1.68,2.52,13,.8,0,.61,126,,0	.12 pizza~119|1 package~951
1891564	B	16	230,10,7,31,410,3,3,40,2,0,1.08,150,,15	1 cup~100|1 package~850
2387857	B	16	230,10,8,29,480,1,4.5,35,1,0,.5,200,35,,0	1 cup~100|1 package~397
2387853	B	16	300,13,6,24,580,0,4,45,1,0,.6,150,0,,0	1 cup~100|1 package~397
2387858	B	16	250,15,9,23,560,1,4.5,55,1,0,.3,180,25,,0	1 cup~100|1 package~397
2387856	B	16	230,11,6,26,580,0,2,40,2,0,.7,60,70,,0	1 cup~100|1 package~397
1972984	B	16	230,14,8,23,410,2,3.5,45,1,0,.72,180,,0	1 cup~100|1 package~1020
2387851	B	32	72,.8,4,8,352,4.8,.8,0,1.6,0,.86,16,0,,0	½ cup~125|1 package~425
2387875	B	16	260,13,9,25,570,0,4.5,50,2,0,.4,150,30,,0	1 cup~100|1 package~397
1968917	B	16	230,10,7,30,470,1,3.5,25,1,0,.36,100,,0	1 cup~100|1 package~850
1905353	B	16	220,11,8,26,330,1,3.5,65,2,0,1.08,80,,0	1 cup~100|1 package~765
1891557	B	16	240,12,9,28,420,2,5,60,2,0,.72,250,,0	1 cup~100|1 package~907
1905355	B	16	259,11.8,2.94,49.4,41,2.35,.59,71,3.5,0,2.12,47,,0	1¼ cup~85|1 package~340
2281563	B	16	250,10,5,40,600,5,2,50,2,0,2,98,190,,0	1 cup~100|1 package~397
1901799	B	16	220,11,7,28,230,1,3.5,45,2,0,1.44,200,,12	1 cup~100|1 package~850
2387859	B	16	280,13,8,38,410,1,3.5,65,1,0,2,171	1 cup~100|1 package~397
1905354	B	16	250,11,9,28,270,1,6,55,2,0,.72,200,,0	1 cup~100|1 package~765
2464590	B	16	250,11,10,28,600,0,6,50,2,0,.7,160,300,,.9	1 cup~100|1 package~397
367256	B	63	379,10.7,7.14,67.9,532,10.7,3.57,2,0,0,2.57,107,,0	1 container~56
1460575	B	151	344,12.1,3.78,67.6,1110,3.68,1.68,0,3.1,.02,4.18,78,313,1.1,,,,,5.25,1,.464,,233	2 oz as~56
1459882	B	155	344,12.1,3.74,67.6,1100,3.64,1.7,0,3,.29,4.14,78,,1.1,,,,,5.25,1,.464,,233	2 oz (~56
2470433	B	63	339,12.5,3.57,67.9,1000,3.57,1.79,0,1.8,0,4.29,71,304,,0,,,,4.29,1,.357,,150	1 serving~56|1 package~136
1459648	B	151	362,12.7,7.69,63,1390,4.32,3.82,3,3.4,.06,4,67,,18	2 oz as pac~56
1458720	B	155	359,10.9,5.9,69.2,940,3.62,2.21,7,3.6,.06,4.3,73,,1.3,,,,,4.85,1,.363,,122	1 container~61
1459961	B	151	344,12.5,3.81,67.2,1110,3.21,1.67,0,3.1,.02,4.3,70,,1.3	2 oz as~56
2483886	B	63	361,9.84,5.74,68.8,934,1.64,1.64,8,3.3,0,2.79,66,,,,,,,3.93,1,.328,,79	1 cup~61
2594519	B	68	377,11.5,5.74,68.8,934,3.28,1.64,8,3.3,0,4.43,66,197,,0,,,,5.25,0,.328,,197	1 cup~61
1457975	B	151	339,12.1,3.66,67.2,1180,3.55,1.63,1,3.6,.02,3.31,75,287,1.5,,.96,.62,,5.31,1,.44,,138	2 oz as packaged~56
2471132	B	63	339,14.3,3.57,66.1,1020,3.57,1.79,0,3.6,0,3.93,36,357,,0,,,,4.29,1,.357,,107	1 serving~56|1 package~133
1460465	B	151	341,13.2,3.43,67.1,1020,2.46,1.4,1,3.8,.02,4.08,33,505,23.6,,,,,5.5,1,.455,,238	2 oz as packa~56
1457757	B	151	338,12.8,3.34,66.8,1470,2.88,1.45,0,3.4,.01,4.38,27,432,.6,,,,,5.59,1,.462,,140	2 oz as packaged~56
2483254	B	63	357,12.5,4.46,69.6,1450,5.36,1.79,0,3.6,0,3.39,18,286,,0,,,,4.29,1,.357,,129	1 serving~56|1 package~133
1457493	B	151	362,12.6,7.16,63.8,1180,3.24,3.58,3,2.8,.06,4.01,61,320,.1,,,,,5.04,1,.429,,223	2 oz as packaged~56
1460255	B	151	358,12.5,6.23,65.4,971,4.67,3.12,3,3.2,.05,4.05,93,,.1	2 oz as packaged~56
2472258	B	63	357,12.5,6.25,66.1,964,5.36,2.68,0,3.6,0,4.11,89,321,,.525,,,,4.29,1,.357,,86	1 serving~56|1 package~170
1457430	B	151	343,12.5,3.51,67,1140,2.15,.88,0,2.9,0,4.05,33,260,.7,,,,,5.32,1,.446,,236	2 oz as packa~56
2470562	B	63	339,12.5,3.57,67.9,1040,1.79,0,0,1.8,0,4.11,36,268,,0,,,,4.29,1,.357,,150	1 serving~56|1 package~130
1458535	B	151	361,12.5,7.14,63.8,1300,3.29,3.58,3,2.9,.06,4.47,64,,2.1	2 oz as packaged~56
2470988	B	63	357,12.5,7.14,64.3,1290,3.57,3.57,0,1.8,0,4.46,71,321,,0,,,,4.29,1,.357,,86	1 serving~56|1 package~136
2253926	B	63	321,12.5,.89,71.4,1040,3.57,0,0,3.6,0,3.21,36,214,,0,,,,4.29,1,,,250	1 serving~56|1 package~156
2086533	B	63	339,12.5,3.57,67.9,1040,3.57,1.79,0,3.6,0,3.21,36,,0,,,,,5.36,1,.304	1 serving~56|1 package~178
2338094	B	63	357,12.5,5.36,66.1,804,5.36,2.68,9,3.6,0,4.29,71,304,,0,,,,4.29,1,.357,,143	1 serving~56|1 package~165
2470963	B	63	357,12.5,4.46,66.1,1250,1.79,.89,0,1.8,0,2.86,36,250,,.175	1 serving~56|1 package~133
1458603	B	155	370,12.7,7.9,64.9,1280,6.3,2.79,11,3,.01,3.69,148,,.8,,,,,4.17,0,.282,,108	1 container~66
2487644	B	63	364,12.1,7.58,63.6,1200,4.55,2.27,,3,2.27,,2,227,,5,,,,,,,,73	1 cup~66
2594518	B	68	379,13.6,7.58,65.2,1200,6.06,2.27,8,3,0,3.94,152,212,,5,,,,3.64,0,.303,,182	1 cup~66
1458746	B	155	357,12.3,6.1,65.1,1200,4.44,2.95,1,2.8,.49,3.94,82,,.8,,,,,5.03,1,.446,,223	2 oz (~56
1457908	B	151	356,12.4,6.11,64.9,1220,4.29,2.96,1,2.8,.04,4.02,86,,.9	2 oz as packaged~56
2460027	B	63	357,12.5,6.25,66.1,1160,3.57,2.68,0,1.8,0,4.11,89,339,,,,,,4.29,1,.357,,236	1 serving~56|1 package~144
2611209	B	68	132,4.4,5.2,17.6,404,1.6,.8,2,.4,0,.6,52,136,,0,,,,.96,0,.08,,32	1 serving~250
2560735	B	68	156,4.8,4.8,22.8,340,3.6,.6,0,1.6,0,1.12,24,236,,0,,,,.96,0,.012,,0	1 serving~250
1457962	B	151	339,12.5,4.46,66.1,1250,1.79,.89,0,3.6,0,6.43,36,,8.6	1 serving~56
1458726	B	151	359,12,6.71,65.1,995,4.81,3.42,4,3.1,.04,3.05,92,,.3	2 oz as packaged~56
2483884	B	63	375,12.5,6.25,67.9,946,5.36,2.68,0,1.8,0,2.86,89,339,,.35,,,,4.29,1,.357,,214	1 serving~56|1 package~175
1458166	B	151	361,12,7.24,64.2,1220,3.7,3.62,3,2.9,.06,3.55,71,336,2.2,,,,,5.01,1,.444,,221	2 oz as packag~56
2470989	B	63	357,12.5,7.14,64.3,1210,3.57,3.57,0,1.8,0,3.57,71,339,,4.1,,,,4.29,1,.357,,143	1 serving~56|1 package~139
1457821	B	151	348,12.7,5.24,65.1,1360,6.96,2.46,3,3.6,.04,4.13,107,417,7.3,,,,,5.16,1,.459,,127,,288	2 oz as p~56
2483885	B	63	375,12.5,7.14,67.9,1040,5.36,3.57,0,3.6,,3.04,89,411,,.35,,,,4.29,1,.357,,179	1 serving~56|1 package~155
2666671	B	16	321,12.5,1.79,73.2,0,3.57,0,0,10.7,0,3.21,0,,0,,,,0	½ cup, dry~56|1 package~453
1933993	B	16	321,12.5,1.79,73.2,0,3.57,0,0,10.7,0,3.21,0,,0	1 serving~56|1 package~453
2377771	B	16	375,12.5,1.79,78.6,0,3.57,0,0,3.6,0,1.07,0,179,,0	2/3 cup~56|1 package~453
2657382	B	89	96,3.33,3.33,13.8,312,2.08,1.25,4,1.7,0,1.12,8,,1,,,,15	1 cup~240|1 package~425
1940225	B	89	100,3.61,3.61,13.6,289,2.01,1.41,8,1.2,0,1.08,8,,1	1 cup~249|1 package~425
1940223	B	89	100,3.61,3.61,13.6,289,2.01,1.41,8,1.2,0,1.08,8,,1	1 cup~249|1 package~1130
1893701	B	51	100,3.61,3.61,13.6,289,2.01,1.41,8,1.2,0,1.08,8,,1	1 cup~249|1 package~425
1940224	B	89	96,3.33,2.92,13.8,292,2.08,1.04,4,2.9,0,1.12,17,,1	1 cup~240|1 package~425
1940222	B	89	104,3.85,1.92,16.9,288,3.46,.77,4,2.3,0,1.04,15,,1.8	1 cup~260|1 package~425
1940219	B	89	98,3.53,3.92,11.4,294,2.75,1.37,8,2.4,0,1.06,16,,.9	1 cup~255|1 package~425
1940221	B	51	91,3.97,3.17,11.9,238,3.17,1.19,8,1.6,0,2.14,79,,3.6	1 cup~252|1 package~425
1969133	B	51	62,2.07,.41,13.6,227,5.37,0,0,1.2,0,.7,10,190,,0	1 cup~242|1 package~425
552382	B	16	375,14.3,1.25,76.8,0,1.79,0,0,4.5,,1.93,36,,0	1 serving~56
2663527	B	91	393,14.3,2.68,73.2,0,1.79,0,54,3.6,0,4.82,36,,0,,,,0	1 serving~56|1 package~284
2433496	B	16	364,12.7,1.82,70.9,0,1.82,0,0,3.6,,3.27,0,,0,,,,,5.46,1,.309	1 serving~55|1 package~250
2165701	B	32	400,40,30,0,1800,0,20,100,0,0,0,1000,160,,0	2 tsp~5|1 package~227
2511332	B	32	250,3.57,23.2,7.14,357,3.57,16.1,89,0,0,.18,125,0,,.175	¼ cup~56|1 package~454
2447020	B	32	62,2.31,3.85,3.85,177,1.54,1.92,8,.8,0,.77,43,75,,0	½ cup~130|1 package~709
1913954	B	32	92,3.08,6.15,6.92,185,3.85,3.85,19,.8,0,.55,46,,3.7	½ cup~130|1 package~737
2274703	B	32	40,1.59,0,9.52,571,6.35,0,0,1.6,0,1.59,29,143,,0	¼ cup~63|1 package~368
2431734	B	2	400,40,30,0,1800,0,20,100,0,0,0,1100,180,,0	2 tsp~5|1 package~227
1953365	B	32	92,2.31,6.15,8.46,323,3.85,1.92,8,.8,0,.77,60,82,,0	½ cup~130|1 package~1162
1913953	B	32	92,2.31,6.15,8.46,262,3.85,3.46,15,.8,0,.55,46,,3.7	½ cup~130|1 package~737
2630993	B	16	357,14.3,1.79,71.4,0,5.36,0,0,1.8,0,1.61,36,232,,0	2/3 cup~56|1 package~454
2642951	B	16	357,14.3,1.79,71.4,0,5.36,0,0,1.8,0,1.61,36,232,,0	2/3 cup~56|1 package~454
1899969	B	16	375,12.5,1.79,73.2,0,1.79,0,0,3.6,0,3.21,0,,0,,,,,7.14,1,.455	¾ cup~56|1 package~500
2083693	B	16	370,13.3,0,91.7,5,0,0,0,3.3,,8.1,0,,88	1 serving~60|1 package~338
2440437	B	16	375,13.3,0,91.7,17,0,0,33,3.3,,8.1,17,,0	1 serving~60|1 package~338
2021959	B	16	358,13.3,0,78.3,17,0,0,0,3.3,0,8.1,50,,10	1 serving~60|1 package~338
2083694	B	16	360,13.3,0,91.7,33,0,0,0,3.3,0,8.1,67,,5	1 serving~60|1 package~338
1972840	B	16	357,14.3,1.79,73.2,0,3.57,0,0,3.6,0,1.29,0,,0	1 serving~56|1 package~454
2062183	B	16	345,12.1,1.72,72.4,0,1.72,0,0,3.4,0,3.1,0,,0,,,,,5.17,1,.44,,241	¾ cup~58|1 package~454
2611440	B	16	357,12.5,1.79,75,0,3.57,0,0,3.6,0,1.39,0,230,,0	.12 package~56|1 package~454
2611436	B	16	357,12.5,1.79,75,0,3.57,0,0,3.6,0,1.39,0,230,,0	1 serving~56|1 package~454
2611439	B	16	357,12.5,1.79,75,0,3.57,0,0,3.6,0,1.39,0,230,,0	1 serving~56|1 package~454
2611438	B	16	357,12.5,1.79,75,0,3.57,0,0,3.6,0,1.39,0,230,,0	1 serving~56|1 package~454
2611442	B	16	357,12.5,1.79,75,0,3.57,0,0,3.6,0,1.39,0,230,,0	.12 package~56|1 package~454
2611437	B	16	357,12.5,1.79,75,0,3.57,0,0,3.6,0,1.39,0,230,,0	1 serving~56|1 package~454
2641632	B	16	357,12.5,1.79,75,0,3.57,0,0,3.6,0,1.39,0,230,,0	1 cup~56|1 package~454
2611441	B	16	357,12.5,1.79,75,0,3.57,0,0,3.6,0,1.39,0,230,,0	.12 package~56|1 package~454
2062182	B	16	345,12.1,1.72,72.4,0,1.72,0,0,3.4,0,3.1,0,,0,,,,,5.17,1,.44,,241	¾ cup~58|1 package~454
2428598	B	16	357,14.3,1.79,73.2,0,3.57,0,0,3.6,0,1.39,0,230,,0	1 serving~56|1 package~454
1971521	B	16	357,14.3,1.79,73.2,0,3.57,0,0,3.6,0,1.29,0,,0	1 serving~56|1 package~454
2147860	B	32	28,.8,.8,4.8,344,3.2,0,0,.8,0,.8,14,226,,0	½ cup~125|1 package~793
2399592	B	37	23,1.54,0,4.62,338,0,0,0,3.8,0,.46,31,192,,0	½ cup~130|1 package~396
2082919	B	32	593,5.08,61,3.39,881,3.39,10.2,0,0,0,0,0,,2	¼ cup~59|1 package~135
2020325	B	76	211,24.4,12.2,0,522,0,2.22,44,0,0,2,111,,2.7	1 can~90
2412338	B	32	49,1.64,1.64,9.84,443,6.56,0,0,1.6,,1.64,16,439,,0	¼ cup~61|1 package~425
2486056	B	100	216,27,13.5,1.35,405,0,1.35,41,0,0,.95,0,230,,1.35	1 pouch~74
2469888	B	47	33,1.64,0,6.56,230,4.92,0,0,1.6,0,0,0,303,13.1,0,,,,,,,,8	¼ cup~61|1 package~794
1941025	B	7	0,0,0,6.67,1870,6.67,0,,,0	1 tbsp~15|1 package~473
2386441	B	47	17,.83,0,3.31,248,2.48,0,0,.8,0,0,0,157,,0	½ cup~121|1 package~284
2412327	B	7	19,.77,0,5.38,238,3.85,0,0,1.5,0,.55,31,108,,0	½ cup~130|1 package~454
2098445	B	47	106,6.06,0,18.2,61,9.09,0,0,3,0,2.18,0,455,18.2	2 tbsp~33|1 package~170
2464940	B	47	21,.83,0,4.13,231,2.48,0,0,.8,0,0,0,82,14.9,0	½ cup~121|1 package~411
2469895	B	47	33,1.64,0,6.56,25,4.92,0,0,1.6,0,0,0,305,13.1,0,,,,,,,,8	¼ cup~61|1 package~793
2464939	B	47	33,1.64,0,6.56,230,4.92,0,0,1.6,0,0,0,303,13.1,0	¼ cup~61|1 package~793
2657470	B	7	200,0,16.7,6.67,733,0,0,0,0,0,6.67,87,0,,0	2 tbsp~15
2437396	B	47	20,.8,0,3.2,88,2.4,0,0,.8,,.14,8,,7.2	½ cup~125|1 package~793
2530670	B	88	367,13.3,3.33,66.7,1200,6.67,0,0,6.7,0,6.67,167,200,,0	1 serving~30|1 package~425
2597216	B	16	375,12.5,1.79,78.6,0,3.57,0,0,3.6,0,1.07,0,179,,0	1 serving~56|1 package~454
2597215	B	16	357,12.5,.89,71.4,27,3.57,0,0,3.6,0,1.79,34,252,,0	1 serving~56|1 package~454
2062949	B	16	375,12.5,1.79,78.6,0,3.57,0,0,3.6,0,1.29,0,,0	1 serving~56
2020416	B	32	35,.88,.88,6.19,168,2.65,0,0,.9,0,1.59,18,,13.3	½ cup~113|1 package~681
2020417	B	7	333,3.33,33.3,3.33,500,0,6.67,,0,0	4 -5 mushrooms~30|1 package~458
2098629	B	7	31,6.25,0,6.25,1560,0,0,0,0,0,0,0,,0	1 tbsp~16|1 package~104
2541609	B	47	33,1.64,0,6.56,139,3.28,0,0,3.3,0,.59,33,,2	¼ cup~61|1 package~793
2062951	B	16	375,12.5,1.79,78.6,0,3.57,0,0,3.6,0,1.29,0,,0	1 serving~56
2062950	B	16	375,12.5,1.79,73.2,18,3.57,0,0,3.6,0,0,0,,0	1 serving~56|1 package~454
2020415	B	2	400,40,30,0,1500,0,20,100,0,0,0,800,,0	1 tbsp~5|1 package~340
2456360	B	16	339,7.14,.89,82.1,0,1.79,0,0,7.1,,0,0,,0	2/3 cup~56|1 package~340
2657467	B	7	233,0,26.7,0,1600,0,3.33,0,,0,3.33,90,9,,0	5 olives~15
2070893	B	88	400,13.3,5,70,900,10,0,0,6.7,0,3.6,200,,0	¼ cup~30|1 package~425
2567270	B	88	357,14.3,3.57,71.4,1210,7.14,0,0,7.1,0,3.57,179,214,,0	¼ cup~28|1 package~425
2421965	B	54	0,0,0,0,0,0,0,0,0,0,0,0,0,,0	1 tbsp~15|1 package~500
2152132	B	37	33,0,0,6.67,383,,0,,3.3,0,,,233	1 serving~30|1 package~340
2657469	B	37	36,0,0,7.14,411,3.57,0,0,3.6,0,.36,46,196,,0	1 serving~28
2597218	B	7	19,.77,0,7.69,369,5.38,0,0,1.5,0,.83,46,162,,0	1 piece~130|1 package~680
2465040	B	47	21,0,0,4.13,149,2.48,0,0,.8,0,0,12,84,14.9,0	½ cup~121|1 package~793
2437397	B	47	17,.87,0,2.61,87,1.74,0,0,.9,,.31,0,,0	½ cup~115|1 package~793
2411332	B	32	104,1.6,5.6,11.2,488,3.2,1.2,0,.8,0,1.44,16,560,,0	½ cup~125|1 package~454
2597217	B	32	28,.8,.8,4.8,344,3.2,0,0,.8,0,.8,14,190,,0	½ cup~125|1 package~794
2597219	B	100	154,28.8,3.27,1.92,412,0,.58,50,0,0,.69,0,269,,1	1 can drained~52|1 package~85.1
2657468	B	100	222,25.2,13.1,0,404,0,2.02,45,0,0,1.09,0,212,,3	1 can drained~99
1941026	B	7	36,0,0,7.14,857,,0,,,0,,,,21.4	¼ cup~28
2412367	B	7	200,0,16.7,6.67,733,0,0,0,0,0,6.67,87,0,,0	2 tbsp~15|1 package~184
1954278	B	7	54,0,0,7.14,964,7.14,0,0,0,0,0,11,175,,0	7 pieces~28|1 package~473
2442099	B	16	339,7.14,.89,82.1,0,1.79,0,0,7.1,,.64,0,,0	1 serving~56|1 package~340
1941027	B	7	167,6.67,13.3,6.67,1530,0,0,0,0,0,2.4,0,,0	4 oz /~15|1 package~198
2098444	B	47	53,.88,3.1,7.08,142,2.65,0,0,.9,0,.64,18,,13.3	½ cup~113|1 package~681
2065888	B	32	40,.8,2.8,4,280,2.4,0,0,.8,0,.29,16,,7.2	½ cup~125|1 package~690
1922216	B	32	64,.8,4,6.4,304,4,4,0,.8,0,.29,16,,9.6	½ cup~125|1 package~690
2469894	B	47	40,1.59,0,9.52,32,4.76,0,0,1.6,0,0,0,325,11.1,0,,,,,,,,7	¼ cup~63|1 package~793
2416159	B	47	23,.91,1.36,2.73,245,.91,0,0,.9,0,0,0,127,,0	½ cup~110|1 package~284
2464941	B	47	21,.83,0,4.13,99,2.48,0,0,.8,0,0,0,190,14.9,0	½ cup~121|1 package~794
2057254	B	9	427,8,14.7,57.3,40,14.7,9.33,60,1.3,.67,1.92,13,,0	.1 cake~75|1 package~750
2579040	B	4	469,9.38,21.9,56.2,62,53.1,1.56,0,3.1,0,1.25,94,0,,0	2 pieces~32|1 package~320
509634	B	9	375,7.5,13.8,55,125,22.5,7.5,50,1.2,0,2.25,125,,0	1 slice~80
2553598	B	16	351,12.3,.88,71.9,0,1.75,0,0,7,0,3.51,18,175,,0	1 serving~57|1 package~454
2554806	B	16	351,12.3,.88,71.9,0,1.75,0,0,7,0,3.51,18,175,,0	1 serving~57|1 package~454
2553597	B	16	351,12.3,.88,71.9,0,1.75,0,0,7,0,3.51,18,175,,0	1 serving~57|1 package~454
2554805	B	16	351,12.3,.88,71.9,0,1.75,0,0,7,0,3.51,18,175,,0	1 serving~57|1 package~454
2553595	B	16	351,12.3,.88,71.9,0,1.75,0,0,7,0,3.51,18,175,,0	1 serving~57|1 package~454
2545884	B	16	375,12.5,3.57,71.4,18,3.57,.89,107,3.6,0,1.29,0,,0,,.89,.89	1 serving~56|1 package~250
2385019	B	16	298,10.5,1.75,63.2,0,0,0,0,7,0,2.28,18,263,,0	1 serving~57|1 package~227
2385018	B	16	298,10.5,1.75,63.2,0,0,0,0,7,0,2.28,18,263	1 serving~57|1 package~227
2385007	B	16	298,10.5,1.75,63.2,0,0,0,0,7,0,2.28,18,263,,0	1 serving~57|1 package~227
2385008	B	16	298,10.5,1.75,63.2,0,0,0,0,7,0,2.28,18,263,,0	1 serving~57|1 package~227
2445090	B	16	298,10.5,1.75,63.2,0,0,0,0,7,0,2.28,18,263,,0	1 serving~57|1 package~227
2385011	B	16	298,10.5,1.75,63.2,0,0,0,0,7,0,2.28,18,263,,0	1 serving~57|1 package~227
2032231	B	16	341,12.5,1.79,71.4,4,3.57,.36,0,5.4,0,2.25,71,,0	2/3 cup~56
2643021	B	16	357,14.3,1.79,73.2,0,3.57,0,0,3.6,0,1.02,0,212,,0	½ cup~56|1 package~454
1995753	B	16	357,14.3,1.79,73.2,0,3.57,,,3.6,,1.02,,212	13 pieces~56|1 package~454
2387313	B	16	357,14.3,1.79,73.2,0,3.57,0,0,3.6,0,1.02,0,212,,0	1 serving~56|1 package~500
517465	B	16	357,14.3,1.79,73.2,0,1.79,0,0,1.8,0,0,0,,0	3 pieces /~56
2670654	B	16	357,14.3,1.79,73.2,0,3.57,,,3.6,,1.02,,212	¼ cup~56|1 package~454
2397468	B	16	357,14.3,1.79,73.2,0,1.79,0,0,1.8,0,0,0,,0,,,,,0,0,0	1 cup~56|1 package~453
2403661	B	16	357,14.3,1.79,73.2,0,1.79,0,0,1.8,0,0,0,,0,,,,,0,0,0	¾ cup~56|1 package~453
2424096	B	16	357,14.3,1.79,73.2,0,1.79,0,0,1.8,0,0,0,,0,,,,,0,0,0	1/3 cup~56|1 package~453
2631082	B	16	168,4.8,.4,36,368,0,0,0,1.6,0,.4,8,216,,0	1 cup~125|1 package~500
2443020	B	16	357,14.3,1.79,73.2,0,1.79,0,0,1.8,0,0,0,,0,,,,,0,0,0	3 nests~56|1 package~340
363720	B	16	375,12.5,1.79,78.6,0,3.57,0,0,3.6,0,1.29,0,,0	1 cup~56
517781	B	16	280,13,8,36,490,1,2.5,75,1,0,.36,100,,0	1 cup~100
2509827	B	16	168,4.8,.4,36,368,0,0,0,1.6,0,.4,8,216,,0	¾ cup~125|1 package~500
2385479	B	1	390,0,0,97,4,97,0	1 serving~100
2426584	B	1	400,0,0,100,0,100,,,0	30 candies /~15|1 package~30
2552408	B	2	357,21.4,28.6,3.57,1290,0,21.4,89,0,0,0,654,82,,0	1 serving~28|1 package~227
2128003	B	54	0,0,0,0,0,0,,0	1 tbsp~15|1 package~946
2475457	B	32	63,3.17,1.59,9.52,492,7.94,0,0,3.2,0,1.43,21,587,,.15	¼ cup~63|1 package~397
2038986	B	6	298,8.51,5.32,55.3,160,2.13,0,0,2.1,0,3.06,128,,0	1 slice~47|1 package~428
397806	B	6	320,10,6,56,140,2,0,0,8,0,3.6,160,,0	1 crust~50
2019712	B	32	63,3.17,1.59,9.52,492,7.94,0,0,3.2,0,1.43,16,,15.2	¼ cup~63|1 package~226
2098753	B	6	319,10.6,6.38,55.3,149,2.13,0,0,8.5,0,3.06,128,,0	1 slice, 9 slices~47|1 package~420
2144843	B	9	269,6.19,23,10.6,208,5.31,13.3,119,.9,0,.8,18	1 serving~113|1 package~567
2058390	B	99	214,4.29,5,38.6,329,5.71,.71,0,1.4,0,2.06,86,,0	2 waffles~70|1 package~354
2166980	B	2	393,25,32.1,3.57,607,0,17.9,107,0,0	1 serving~28
516994	B	48	214,18.8,15.2,0,67,0,6.25,67,0,.89,2.41,0,,0	1 serving~112
1766836	B	27	271,14.1,22.4,2.35,1010,1.18,9.41,65,0,1.18,1.69,24,,0	1 link~85|1 package~340
2028705	B	27	271,14.1,23.5,1.18,788,0,9.41,65,0,1.18,1.69,24,,0	1 link~85
2058641	B	143	250,12.5,21.4,1.79,857,1.79,8.04,62,,.89,1.29,36,,2.1	1 serving~56|1 package~454
2010756	B	147	301,16.8,25.7,0,53,,9.73,75,,1.33,2.39	1 serving~113|1 package~454
2058642	B	147	301,16.8,25.7,0,53,,9.73,75,,1.33,2.39	1 serving~113|1 package~454
1851786	B	2	429,25,35.7,3.57,857,0,21.4,107,0,0,0,714,,0	1 serving~28|1 package~170
2442556	B	2	429,25,35.7,0,857,0,21.4,107,0,,0,714,,0	1 serving~28|1 package~170
2309311	B	2	357,25,28.6,3.57,821,0,17.9,89,0,0,0,714,,,0	1 serving~28|1 package~170
2439961	B	2	429,25,35.7,0,857,0,21.4,107,0,,0,714,,0	1 serving~28|1 package~170
2442483	B	2	429,25,35.7,0,857,0,21.4,107,0,,0,714,,0	1 serving~28|1 package~170
2439563	B	2	393,25,32.1,3.57,750,0,17.9,107,0,,0,714,,0	1 serving~28|1 package~170
1903606	B	2	429,25,35.7,0,1000,0,25,89,0,0,0,893,,0	1 serving~28|1 package~170
1662755	B	102	120,12,8,2,140,,3,358,,0,1.44,40,,2.4	1 egg~50
1779555	B	6	258,9.09,2.27,51.5,576,1.52,0,0,3,0,2.73,61,,0,,,,,4.54,1,.258	1 roll~66|1 package~397
2612932	B	78	225,19,16.2,0,475,,3.52,67,0,0,.25,0,0,,0	1 serving~142
2506298	B	36	71,17.7,.44,0,239,0,0,142,0,0,1.59,53,,0	1 serving~113|1 package~908
2148586	B	13	343,5.71,8.57,60,14,37.1,0,0,11.4,0,2.86,86,829,,0	1 bar~35|1 package~420
2296089	B	13	343,5.71,8.57,60,14,37.1,0,0,11.4,0,2.86,86,829,,0	1 bar~35
2469967	B	78	158,21,7.02,0,702,0,1.75,70,0,0,0,61,261,,26.2	½ pouch~57|1 package~227
2655050	B	116	467,10,16.7,63.3,833,6.67,1.67,0,6.7,0,3.33,33,260,,0	10 crackers~30|1 package~125
2652906	B	29	533,10,33.3,50,933,6.67,3.33,0,10,0,2.67,100,667,,0	10 crackers~30|1 package~113
2152287	B	13	343,5.71,10,62.9,14,34.3,0,0,14.3,0,2.86,86,657,,0	1 bar~35|1 package~420
2152285	B	13	343,5.71,10,62.9,14,34.3,0,0,14.3,0,2.86,86,657,,0	1 bar~35
2469966	B	78	182,23.6,10.9,0,691,0,1.82,64,0,0,0,36,255,,56.5	1/3 pouch~55|1 package~170
2152284	B	13	343,5.71,8.57,65.7,100,54.3,0,0,5.7,0,2.86,200,314,,0	1 bar~35|1 package~420
1979554	B	13	343,5.71,8.57,65.7,100,54.3,0,0,5.7,0,2.86,200,314,,0	1 bar~35
2663996	B	43	338,21.5,3.08,61.5,585,7.69,0,0,18.5,0,6.15,123,1320,,0	1 serving~65|1 package~174
2469965	B	78	164,21.8,8.18,0,782,0,1.82,64,0,0,0,38,265,,51	1/3 pouch~55|1 package~170
2655048	B	116	467,10,16.7,63.3,933,6.67,1.67,0,6.7,0,3.33,33,197,,0	10 crackers~30|1 package~125
2275278	B	78	367,18.3,33.3,0,517,0,5.83,42,0,,.6,0,233,,0,,,,8.33	½ can~60|1 package~120
2275740	B	76	258,17.5,21.7,0,208,0,3.75,71,,,1.25,258,242,,0,,,,,,,,,,,9.2	1 can~120
2389312	B	43	338,20,3.08,61.5,585,7.69,0,0,20,0,6.15,123,1580,,0	½ cup dry~65|1 package~174
2608882	B	78	227,18.6,16.8,0,35,0,5.31,49,0,0,.32,0,0,,1	1 serving~113
2678812	B	35	94,1.56,6.25,12.5,297,6.25,2.34,8,1.6,0,.31,2,141,,0	¼ cup~64|1 package~425
2084124	B	7	300,6.67,33.3,0,3070	1 tbsp~15|1 package~283
2024349	B	35	267,6.67,23.3,20,1870,,,,6.7	1 tbsp~15|1 package~283
2024350	B	7	200,0,20,6.67,3400,,,,6.7	1 tbsp~15|1 package~283
2037606	B	7	263,0,0,63.2,1000,57.9	1 tbsp~19|1 package~340
2024354	B	7	233,0,23.3,13.3,3270,6.67,,,6.7	1 tbsp~15|1 package~283
2031261	B	7	167,0,13.3,6.67,3470,6.67,,,6.7	1 tbsp~15|1 package~283
732078	B	35	100,1.43,7.14,8.57,300,4.29,1.43,7,1.4,0,.51,29,,0	¼ cup~70
2024517	B	35	300,6.67,23.3,20,1330,,,,13.3	1 tbsp~15|1 package~283
2281157	B	35	94,1.56,6.25,9.38,281,4.69,0,0,3.1,0,.16,8,78,,0	¼ cup~64|1 package~350
2144398	B	35	94,1.56,7.03,9.38,297,6.25,.78,5,1.6,0,.31,16,125,,0	¼ cup~64|1 package~350
1870367	B	121	120,3.53,2.47,20.8,138,1.06,.71,4,3.2,0,.95,21,,.4	1 tray~283
1861892	B	11	100,2.86,2.86,17.1,2260,5.71,0,0,5.7,0,0,0,,0	2 tbsp~35|1 package~312
2024351	B	35	267,6.67,20,20,1330,6.67,,,13.3	1 tbsp~15|1 package~283
2024758	B	7	333,0,23.3,40,1600,33.3	1 tbsp~15|1 package~312
1857894	B	121	110,3.53,1.77,19.8,173,3.89,0,0,2.8,0,1.27,35,,.4	1 tray~283
2311844	B	7	300,6.67,20,26.7,2070,20	1 tbsp~15|1 package~300
2678819	B	35	94,1.56,6.25,10.9,281,4.69,.78,0,1.6,0,.31,0,109,,0	¼ cup~64|1 package~425
2665724	B	68	67,2.46,1.75,12.6,368,2.46,.18,1,2.5,0,.98,28,165,,0	1 packet~285
2025059	B	7	167,0,16.7,6.67,3530,,,,6.7	1 tbsp~15|1 package~283
2024352	B	7	167,0,13.3,6.67,4000,6.67,,,6.7	1 tbsp~15|1 package~283
2144405	B	35	143,3.17,9.52,12.7,635,4.76,1.59,8,4.8,0,1.59,48,286,,0	¼ cup~63|1 package~313
2678818	B	35	78,1.56,4.69,9.38,297,4.69,.78,0,1.6,0,1.09,39,188,,0	¼ cup~64|1 package~425
670296	B	35	267,0,23.3,13.3,1870,0,0,0,6.7,0,0,0,,0	1 tbsp~15
2143669	B	35	159,1.59,11.1,12.7,635,6.35,2.38,8,4.8,0,1.59,48,302,,0	¼ cup~63|1 package~313
2678796	B	35	94,1.56,6.25,10.9,297,6.25,2.34,8,1.6,0,0,12,,,0	¼ cup~64|1 package~425
2104725	B	35	156,0,0,37.5,1380,18.8	1 tbsp~16|1 package~312
2665725	B	68	91,2.46,3.86,14.4,305,2.81,1.58,4,2.5,0,1.05,35,158,,0	1 packet~285
2389526	B	68	102,2.81,5.96,13,298,2.11,3.16,0,3.2,0,.98,28,165,,0	1 packet~285
2678815	B	35	70,1.56,2.34,10.9,281,7.81,1.56,0,1.6,0,.31,8,130,,0	¼ cup~64|1 package~425
2024353	B	35	267,6.67,23.3,20,1930,,,,6.7	1 tbsp~15|1 package~283
2678820	B	35	94,1.56,5.47,9.38,281,4.69,0,0,1.6,0,.47,16,141,,0	¼ cup~64|1 package~425
2678817	B	35	141,1.56,10.9,14.1,281,6.25,5.47,3,3.1,0,1.41,16,172,,0	¼ cup~64|1 package~425
2037608	B	7	237,0,0,57.9,1320,57.9	1 serving~19|1 package~340
2008791	B	35	94,1.56,3.91,15.6,391,9.38,0,0,3.1,0,.78,16,,,0	¼ cup~64|1 package~425
2281156	B	7	263,0,0,63.2,1050,63.2	1 tbsp~19|1 package~340
2281155	B	35	133,6.67,6.67,13.3,1400,6.67,,,6.7	1 tbsp~15|1 package~283
2035893	B	35	94,1.56,7.03,6.25,297,4.69,1.56,5,1.6,0,.47,39,156,,0	¼ cup~64|1 package~350
2534971	B	35	62,1.56,3.12,7.81,281,3.12,0,0,1.6,0,.94,31,125,,0	¼ cup~64|1 package~425
1901995	B	35	107,1.43,5.71,12.1,321,7.86,2.14,11,1.4,0,.26,0,,.9	½ cup~140|1 package~425
2567349	B	35	94,1.56,6.25,10.9,297,6.25,2.34,8,1.6,0,0,12,141,,0	¼ cup~64|1 package~425
2567347	B	35	94,1.56,6.25,9.38,328,4.69,0,0,3.1,0,2.19,47,188,,0	¼ cup~64|1 package~425
1857893	B	121	113,2.12,4.24,16.2,265,.35,1.41,0,1.1,0,.64,21,,1.3	1 tray~283
2678816	B	35	70,1.56,3.12,9.38,297,4.69,0,0,1.6,0,0,0,125,,0	¼ cup~64|1 package~425
2311845	B	35	267,6.67,23.3,20,1930,,,,6.7	1 tbsp~15|1 package~283
2567348	B	35	78,1.56,4.69,9.38,312,4.69,.78,0,1.6,0,1.09,47,125,,0	¼ cup~64|1 package~425
1926924	B	121	134,3.18,3.89,20.5,177,2.47,1.41,0,1.8,0,.51,21,,.4	1 tray~283
2452268	B	7	50,0,0,10,500,10,0,0,3.3,0,0,33,117,,0	2 tbsp~30|1 package~454
2416441	B	7	17,0,0,3.33,600,0,0,0,3.3,0,0,33,167,,0	2 tbsp~30|1 package~454
2267425	B	7	17,0,0,3.33,600,0,0,0,3.3,0,0,33,167,,0	2 tbsp~30|1 package~454
501434	B	54	33,0,0,6.67,933,0,0,0,0,0,0,0,,0	1 tbsp~15
501398	B	54	0,0,0,0,0,0,0,0,0,0,0,0,,0	1 tbsp~15
399890	B	19	250,5.56,16.7,22.2,4390,11.1,0,0,0,0,0,0,,0	1 tbsp~18
501411	B	54	0,0,0,0,0,0,0,0,0,0,0,0,,0	1 tbsp~15
2678401	B	61	188,4.2,5.6,30.2,394,1.4,.6,0,5.7,0,3.19,30,,.7,,,,21	1 serving~100|1 package~250
2065795	B	54	360,8,26,28,2400,8,6,0,8,0,1.44,80,,0	2 tbsp~25|1 package~100
2031587	B	35	126,6.2,4.2,15.9,416,0,1.3,0,3.4,0,1.93,28,,0	1 serving~100|1 package~280
2119569	B	54	360,8,26,28,1480,8,6,0,8,0,2.88,200,,0	2 tbsp~25|1 package~100
2031599	B	68	102,2.9,6.4,8.1,266,4,.9,0,3,0,2.3,30,,0	1 serving~100|1 package~280
2065796	B	54	360,4,30,24,4120,4,6,0,12,0,2.88,200,,0	2 tbsp~25|1 package~100
2593053	B	24	0,0,0,0,0	1 bottle~600
2628042	B	24	0,0,0,0,1	1 bottle~600
2652930	B	24	0,0,0,0,1	1 bottle~600
2628043	B	24	0,0,0,0,1	1 bottle~600
100810065687982	O	260	0,0,0,0,0,0,0,,0	
1872039	B	18	56,0,0,14.4,10,14.4	1 can~355|1 package~4260
2138224	B	21	77,2.11,2.82,10.6,359,4.23,1.06,0,2.8,0,0,14,,0	½ package~142|1 package~284
2392265	B	98	144,3.2,4.8,22.4,232,0,.8,0,1.6,0,.8,10,98,,0	1 cup~125|1 package~284
2428582	B	98	119,3.17,3.97,18.2,254,1.59,.4,0,2.4,0,1.35,24,190,,0	1 cup~126|1 package~284
2409948	B	98	135,3.17,3.97,22.2,278,.79,.4,0,1.6,0,.71,16,79,,0	1 cup~126|1 package~284
2392273	B	98	124,2.33,2.71,22.5,209,.78,.39,0,0,0,.78,26,43,,0	1 cup~129|1 package~284
2609082	B	98	109,2.72,4.08,15.6,279,2.04,.68,0,2,0,1.56,48,286,,0	1¼ cup~147|1 package~284
2061264	B	31	148,7.04,5.63,19,254,2.11,.7,0,6.3,0,2.54,28,,3.4	½ package~142|1 package~284
2448969	B	98	120,3.33,5.33,16,273,.67,.67,0,2,0,2.07,40,240,,0	1¼ cup~150|1 package~284
2443321	B	98	127,4.23,4.23,16.9,282,0,.7,0,1.4,,2.54,56,,6.3	½ package~142|1 package~284
2068745	B	21	127,4.23,4.23,16.9,282,0,.7,0,1.4,0,2.54,56,,6.3	½ pouch~142|1 package~1100
2409943	B	98	51,2.25,2.25,6.74,236,2.25,0,0,2.2,0,.56,22,180,,0	¾ cup~89|1 package~284
2428580	B	98	51,2.25,2.25,6.74,236,2.25,0,0,2.2,0,.56,22,180,,0	¾ cup~89|1 package~284
2448967	B	31	75,2.5,6.25,5,288,1.25,.62,0,2.5,0,.62,25,150,,0	¾ cup~80|1 package~284
2428583	B	31	75,2.5,6.25,5,288,1.25,.62,0,2.5,0,.62,25,150,,0	¾ cup~80|1 package~284
2392261	B	98	110,1.69,2.97,19.5,212,.85,.42,0,.8,0,.85,24,63,,0	1 cup~118|1 package~284
2428585	B	98	135,3.17,3.97,22.2,278,.79,.4,0,1.6,0,.71,16,79,,0	1 cup~126|1 package~284
2428581	B	98	127,3.97,4.76,19,262,2.38,.79,0,2.4,0,1.9,16,222,,0	1 cup~126|1 package~284
2095309	B	98	111,4.44,4.44,15.6,278,2.22,.56,0,3.3,0,.8,22,,20	2/3 package~90|1 package~284
2428584	B	98	127,4.48,4.48,18.7,134,.75,.75,0,2.2,0,2.24,60,291,,0	1¼ cup~134|1 package~284
2409945	B	98	129,4.08,4.08,18.4,279,.68,.68,0,2,0,1.36,48,259,,0	1¼ cup~147|1 package~284
2130868	B	98	129,4.08,4.08,18.4,279,.68,.68,0,2,0,1.36,48,259,,0	1¼ cup~147
2152312	B	22	325,0,0,82.5,0,72.5,0,0,5,0,0,0,,0	¼ cup~40|1 package~283
2143481	B	0	467,6.67,36.7,56.7,50,30,23.3,0,10,0,4.8,67,,0,,,0,,,,,,,107	6 pieces~30|1 package~95
2660422	B	22	325,0,0,82.5,0,5,0,0,50,0,0,8,55,,0	¼ cup~40|1 package~113
2660425	B	22	325,2.5,0,80,25,57.5,0,0,7.5,0,0,0,,0,,,,0	¼ cup~40|1 package~227
2130446	B	8	467,6.67,30,60,50,30,16.7,0,10,0,4.8,67,,0,,,0,,,,,,,107,,,2	6 pieces~30|1 package~95
2156506	B	0	500,6.67,33.3,56.7,50,33.3,20,0,10,0,6.67,50,413,,0,,0,,,,,,,127	5 pieces~30|1 package~95
2326029	B	22	357,0,0,85.7,36,57.1,0,0,7.1,0,3.57,46,564,,0	1 serving~28
2143480	B	0	533,6.67,30,56.7,100,36.7,16.7,17,6.7,0,2.4,200,,0,,,0,,,,,,,53,,,1	6 pieces~30|1 package~95
2399787	B	22	325,0,0,82.5,0,67.5,0,0,5,0,0,0,,0	1/3 cup~40|1 package~142
2660423	B	22	325,0,0,80,12,57.5,0,0,7.5,0,0,50,,0,,,,0	¼ cup~40|1 package~113
2660424	B	22	325,2.5,0,80,25,57.5,0,0,7.5,0,0,25,425,,0	¼ cup~40|1 package~113
2413921	B	1	367,0,1.67,83.3,0,13.3,0,0,46.7,0,0,7,50,,0	½ bag~30|1 package~60
1670457	B	21	211,6.34,4.93,34.5,394,.7,.7,4,2.8,0,1.9,28,,.8	1 burrito~142
892258	B	21	296,7.04,14.1,33.1,451,.7,4.93,14,2.8,0,2.54,28,,.8	1 burrito~142
1466802	B	21	211,6.34,4.93,34.5,394,.7,1.06,4,2.8,0,1.9,42,,1.7	1 serving~142
604499	B	21	190,7.75,3.52,30.3,437,2.11,.35,0,1.4,0,1.9,28,,0	1 burrito~142
874890	B	21	289,7.04,14.1,33.1,415,.7,4.93,14,2.8,0,2.54,28,,1.7	1 burrito~142
604498	B	21	282,7.04,13.4,32.4,401,.7,4.93,14,2.8,0,2.54,28,,1.7	1 burrito~142
1898231	B	4	467,3.33,26.7,60,200,26.7,10,0,0,5,2.4,0,,0,,6.67,1.67	2½ cookies /~30|1 package~680
1944088	B	52	360,4,26.7,21.3,47,13.3,18.7,120,0,0,0,27,,1.6	6 puffs~75|1 package~225
1901687	B	52	294,4.76,12.7,41.3,263,25.4,4.76,30,0,0,1.14,32,,9.5	4 pieces~63|1 package~143
1891473	B	52	429,4.76,25.4,46,135,28.6,12.7,111,3.2,0,1.71,32,,0	4 pies~63|1 package~143
1153987	B	46	433,6.67,23.3,50,283,13.3,10,0,3.3,0,0,83,160,,0	1 croissant~30
1966066	B	4	444,3.17,19,66.7,200,34.9,9.52,0,0,0,0,0,0,,0	1 stroopwafel~31.5|1 package~905
2607417	B	27	276,11.8,25,0,750,0,10.5,53,0,0,.24,137,,,0	1 frankfurter~76
2584369	B	19	167,0,0,38.9,1220,33.3	1 tbsp~18|1 package~383
2584274	B	27	48,3.17,3.7,.35,145,.35,1.41,11,0,0,.18,1,62,,0	1 link~567
2584611	B	48	132,12,7.21,4.21,282,.86,2.76,57,.4,0	1 serving~28|1 package~454
2607230	B	48	188,19.6,10.7,.89,76,0,4.02,67,0,0,2.68,6,0,,0	1 serving~112|1 package~454
2161507	B	27	276,11.8,25,0,750,0,10.5,53,0,0,.24,137,,,0	1 frankfurter~76
2118114	B	86	100,0,0,26.7,33,23.3	1 fl oz~30|1 package~1000
2277160	B	15	167,0,3.33,33.3,800,13.3,0,0,6.7,0,1.21,0	2 tb~30|1 package~360
2192082	B	15	50,0,3.33,6.67,933,3.33,0,0,3.3,0	2 tbsp~30|1 package~360
2277159	B	15	50,0,3.33,6.67,417,3.33,0,0,3.3,0	2 tb~30|1 package~360
2125963	B	28	125,19.6,3.57,3.57,804,1.79,.89,36,0,0,1.29,0,,2.1	1 serving~56|1 package~1361
2080376	B	64	450,10,35,10,1600,0,15,100,0,0,0,0,,0	1 pan fry slice~10|1 package~567
2402684	B	64	107,16.1,2.68,3.57,1140,3.57,,62,0,,.64,0,,0	1 serving~56|1 package~1361
2158228	B	28	368,19.3,29.8,3.51,1580,3.51,12.3,79,0,0,.63,0,,0	8 slices~57|1 package~1810
1948526	B	28	429,17.9,35.7,3.57,1710,3.57,14.3,89,,0,1.29	6 slices~28|1 package~397
2093862	B	28	429,17.9,35.7,3.57,1710,3.57,14.3,89,,0,1.29	6 slices~28|1 package~336
2126123	B	28	464,21.4,32.1,3.57,1680,3.57,8.93,107,,0,2.57	1 serving~28
2127132	B	28	125,17.9,2.68,7.14,821,5.36,0,54,0,0,.64,0,,0	4 slices~56|1 package~226
1952535	B	28	107,17.9,2.68,3.57,714,1.79,0,45,0,0,1.29,0,,0	4 slices~56|1 package~226
2145672	B	23	429,28.6,35.7,0,2710,0,14.3,214,0,0,0,0,,0	1 tbsp~7|1 package~85
1908163	B	28	400,23.3,33.3,0,1600,0,13.3,100,0,0,0,0,,0	15 slices~30|1 package~85
2269496	B	28	464,17.9,42.9,0,1790,0,17.9,107,,0,1.29	6 slices~28|1 package~336
2269655	B	28	372,18,32,3.85,1530,2.56,12.8,83,0,0,.92,26,,0	1 package 11 slices~78
2297749	B	28	429,17.9,35.7,3.57,1710,3.57,14.3,89,0,0,1.29,0,,0	4 slices~28|1 package~78
2159949	B	28	429,21.4,39.3,3.57,1750,3.57,14.3,89,0,0,1.29,0,,0	8 slices~28|1 package~78
2127131	B	28	107,17.9,2.68,3.57,786,1.79,.89,54,0,0,.64,0,,0	4 slices~56|1 package~226
2106671	B	28	107,16.1,2.68,5.36,1340,1.79,0,36,0,0,.64,0,,0	4 slices~56|1 package~226
2128997	B	28	119,16.7,4.17,2.38,1060,2.38,1.19,54,0,,.86,0,,1.4	1 serving~84|1 package~227
2125933	B	64	462,23.1,38.5,7.69,1770,7.69,15.4,77,,0	3 slices~13|1 package~62
2126257	B	64	462,23.1,38.5,7.69,885,7.69,15.4,77,,0	3 slices~13|1 package~62
2125979	B	64	583,33.3,50,0,1920,0,16.7,83,0,0	2 tsp~6|1 package~170
2213538	B	64	500,28.6,42.9,0,2000,,14.3,71,,0	2 pan fried slices~14|1 package~1360
2013376	B	64	450,30,40,0,2000,,15,50,,0	1 pan fried slice~10|1 package~454
2500585	B	64	545,27.3,45.4,0,2640,,18.2,45,,0	1 pan fried slice~11|1 package~396
2269590	B	64	500,28.6,35.7,0,2070,0,14.3,107,0,0,2.57,0,,0	2 pan fried slices~14|1 package~340
2126087	B	28	143,21.4,5.36,1.79,1070,1.79,1.79,71,0,0,1.29,0,,0	1 serving~56
2302102	B	25	7,0,0,2.03,3,2.03,0,0,0,0	1 serving~344
2542461	B	24	7,0,0,2.03,3,2.03,0,0,0,0	1 serving~344
2302184	B	25	7,0,0,2.03,3,2.03,0,0,0,0	1 serving~344
2014996	B	4	484,3.23,22.6,67.7,242,32.3,14.5,0,3.2,0,2.32,0,,0	5 cookies~31|1 package~226
1977044	B	1	367,0,0,96.7,0,83.3,0,0,0,0,0,3,0,,0	12 pieces~30|1 package~198
2641956	B	1	367,0,0,96.7,0,80,0,0,0,0,0,0,0,,0	12 pieces~30|1 package~227
1981284	B	0	533,10,36.7,50,33,43.3,13.3,17,3.3,0,3.33,173,397,,0	8 pieces~30|1 package~113
1981351	B	0	400,3.33,15,70,50,66.7,11.7,0,3.3,0,2.33,67,500,,0	24 pieces~30|1 package~170
1977090	B	1	375,3.12,0,90.6,31,84.4,0,0,0,0,0,0,0,,0	4 pieces~32|1 package~142
2641958	B	0	536,10.7,32.1,46.4,161,35.7,8.93,0,3.6,0,2.57,71,500,,0	3 tbsp~28|1 package~198
2667885	B	1	312,3.12,0,68.8,62,43.8,0,0,0,0,0,0,0,,0	9 pieces~32|1 package~227
2641954	B	1	300,3.33,0,73.3,50,50,0,0,0,0,0,10,7,,0	4 pieces~30|1 package~170
1977212	B	1	300,3.33,0,70,33,43.3,0,0,0,0,0,0,0,,0	5 pieces~30|1 package~170
2642720	B	0	533,13.3,36.7,43.3,417,20,6.67,0,3.3,0,6,0,467,,0	¼ cup~30|1 package~233
2641955	B	1	290,3.23,0,71,48,41.9,0,0,0,0,0,0,0,,0	7 pieces~31|1 package~213
2048999	B	0	571,21.4,53.6,17.9,393,3.57,7.14,0,7.1,0,3.86,143,,0	1 serving~28|1 package~794
1977009	B	1	333,0,0,85.2,0,70.4,0,0,0,0,0,4,0,,0	2 pieces~27|1 package~227
2641959	B	12	517,13.8,34.5,44.8,310,31,10.3,0,3.4,0,1.24,0,241,,0	3 tbsp~29|1 package~170
2667886	B	12	567,10,40,46.7,1470,0,6.67,0,6.7,0,4.8,133,0,,0	1/3 cup~30|1 package~128
1982777	B	1	312,6.25,0,71.9,47,46.9,0,0,0,0,0,162,6,,0	7 pieces~32|1 package~149
2641960	B	1	312,6.25,0,71.9,47,46.9,0,0,0,0,0,125,0,,0	7 pieces~32|1 package~213
1977162	B	1	400,0,0,100,0,73.3,0,0,0,0,0,0,0,,0	3 pieces~15|1 package~198
2641957	B	5	333,16.7,6.67,53.3,600,10,3.33,0,6.7,0,1.2,0,467,,0	¼ tsp~30|1 package~142
2445695	B	1	400,0,0,93.3,0,73.3,,0,0,0,0,0,0,,0	¼ kit~15|1 package~57
2271958	B	9	265,6.47,8.24,42.9,124,42.4,,59,0,0,.24,224,288	1 pie~170
2546276	B	7	67,0,6.67,6.67,1170,0,0,0,3.3,0	1 tbsp~15|1 package~454
2026601	B	7	67,0,6.67,6.67,733,0,0,0,3.3,0	1 tbsp~15|1 package~454
2545442	B	40	375,0,0,100,0,100,0,0,0,0,0,0,0,,0	1 tsp~4|1 package~113
2195279	B	32	117,.83,8.33,9.17,317,5.83,1.25,4,.8,0,.83,14,210,,0	½ cup~120|1 package~680
1872598	B	147	129,21.2,4.71,0,365,0,1.76,67,0,0,2.54,0,,0	1 serving~85|1 package~1360
2308268	B	40	500,0,25,75,0,50,12.5,0,0,0,0,0,0,,0	1 tsp~4|1 package~91
2542257	B	40	375,0,0,75,0,50,0,0,0,0,0,0,0,,0	1 tsp~4|1 package~79
2308270	B	104	573,0,26.9,73.1,27,57.7,3.85,0,0,3.08,0,8,73,,0	2 tbsp~26|1 package~170
2506779	B	40	375,0,0,100,0,100,0,0,0,0,0,0,0,,0	1 tsp~4|1 package~113
2308266	B	40	375,0,0,100,0,100,0,0,,0,0,0,0,,0	1 tsp~4|1 package~113
2581267	B	32	62,1.77,4.42,5.31,221,,.44,0,,0	½ cup~113|1 package~680
2581265	B	11	62,1.77,4.42,5.31,221,,.44,0,,0	½ cup~113|1 package~680
2013510	B	32	71,1.77,4.42,6.19,283,4.42,.88,4,1.8,0,1.59,35,,8	½ cup~113|1 package~439
2026810	B	32	62,1.77,4.42,5.31,221,4.42,.44,0,1.8,0,1.59,35,,8	½ cup~113|1 package~439
2026763	B	32	53,.88,3.98,4.42,221,4.42,.44,0,1.8,0,1.59,18,,8	½ cup~113|1 package~439
2581266	B	11	53,.88,3.98,4.42,221,,.44,0,,0	½ cup~113|1 package~680
2026769	B	32	62,1.77,4.42,5.31,221,4.42,.44,0,1.8,0,1.59,35,,8	½ cup~113|1 package~439
1853197	B	32	62,1.77,4.42,5.31,221,,.44,0,,0	½ cup~113|1 package~680
2026803	B	32	71,.88,5.31,4.42,239,4.42,1.77,4,1.8,0,1.27,18,,8	½ cup~113
2031415	B	107	88,2.63,4.39,10.5,544,1.75,.88,0,0,0,2.84,0,,0	¼ cup~57|1 package~227
2031412	B	89	164,9.84,11.5,6.56,475,1.64,4.92,25,1.6,,1.18,0,,0	¼ cup~61|1 package~227
2481871	B	107	140,3.51,5.26,8.77,491,1.75,1.75,9,0,0,.7,18,123,,.175	¼ cup~57|1 package~227
2509041	B	6	400,20,13.3,53.3,467,6.67,0,0,6.7,0,0,0,267,,0	2 pieces~15|1 package~200
2388909	B	21	235,8.92,15,16.9,460,2.35,9.39,42,.5,.47,.94,202,115,,0	1 cup~213|1 package~850
1919138	B	9	220,.92,7.34,37.6,220,27.5,3.21,0,.9,0,.66,0,0,27.5,,2.29,1.38	.12 cobbler~109|1 package~878
2406220	B	82	284,2.47,13.6,37,185,28.4,9.88,19,0,0,0,49,62,0,,2.47,1.23	½ dessert~81|1 package~163
2388906	B	21	62,5.31,.88,9.73,354,0,0,4,2.7,0,.88,3,30,,0	½ cup~113|1 package~567
2114053	B	9	292,1.77,9.73,50.4,230,34.5,3.98,0,2.7,0,.96,18,9,2.1,,3.54,1.77	.12 cobbler~113|1 package~907
1948967	B	18	29,0,0,7.08,6,6.25,,,.8,,,,6,6.2,,,,,,,,,,2	8 fl oz~240|1 package~1745
2061793	B	9	476,2.44,30.5,47.6,280,39,14.6,18,0,0,.44,24,,0	.06 cake~82|1 package~1300
2215503	B	9	286,3.17,13.5,38.1,230,15.1,6.35,0,.8,0,1.35,0,79,,0	.11 pie~126|1 package~1134
2152358	B	21	167,5.56,9.6,15.7,717,2.53,5.56,28,.5,,1.01,54,131,,0	1 cup~198|1 package~794
2654359	B	98	124,.88,5.31,17.7,186,3.54,3.54,13,.9,0,0,27,219,,0	½ cup~113|1 package~567
2217422	B	9	289,2.63,14,39.5,298,13.2,7.02,4,.9,0,0,11,51,,0	1 pie~114
2414375	B	9	281,2.34,10.9,43.8,234,25.8,4.69,20,.8,0,.94,0,0,,0	.2 pie~128|1 package~638
2022053	B	11	71,0,0,14.3,964,7.14,0,0,0,0,0,0,,0	1 tbsp~14|1 package~354
2009471	B	11	71,0,7.14,7.14,750,0,0,0,0,0,0,0,,0	1 tbsp~14|1 package~354
2540829	B	9	282,1.18,11.2,44.1,129,34.7,6.47,21,1.2,.29,.64,0,124,,0	1 cobbler~170
1912974	B	9	368,3.51,17.5,52.6,246,33.3,1.75,61,0,0,1.26,0,,0	.07 cake~57|1 package~850
2096110	B	9	388,4.13,19.8,48.8,165,24,7.44,45,1.7,0,1.49,17,,0	.12 pie~121|1 package~970
1956857	B	9	265,4.9,4.9,50,245,42.2,2.94,44,2,0,.71,147,,1.2	.12 crisp~102|1 package~822
2215088	B	9	348,3.26,16.3,48.9,283,21.7,7.61,43,1.1,0,0,28,71,,0	1 pie~92
2499451	B	31	71,2.65,4.42,4.42,310,0,.88,0,1.8,0,.88,112,285,,0	½ cup~113|1 package~340
2145140	B	85	193,1.75,7.89,29.8,351,15.8,.88,18,0,0,1.75,168,61,,0	.17 tray~57|1 package~340
2541730	B	46	284,5.88,4.9,52.9,245,45.1,2.94,44,2,0,.71,147,,0	.12 crisp~102|1 package~822
2302135	B	9	336,5.04,12.6,50.4,303,5.88,3.78,21,1.7,0,1.21,84,,0	.2 pie~119|1 package~596
2095406	B	9	386,5.26,14,59.6,333,29.8,6.14,79,.9,0,1.89,70,,0	.17 cake~57|1 package~340
1950402	B	53	28,0,0,7.04,7,6.2,,,.8,,,,7,7,,,,,,,,,,1	1 bottle~355
1948969	B	53	28,0,0,7.04,7,6.2,,,.8,,,,7,7,,,,,,,,,,1	1 bottle~355
2096871	B	7	767,1.67,80,10,333,,6,0,1.7,0,.6,33,,22	2 tbsp~30|1 package~453
2553723	B	7	767,0,80,6.67,333,3.33,6,0,1.7,0,.6,33,167,,0	2 tbsp~30|1 package~341
2742557	B	69	260,15,22.1,.05,67,0,6.74,103,0,0,1.05,0,279,0,0,9.2,4.76,0	100 gram~100
2742558	B	69	171,18.7,10.7,0,45,.35,3.14,63.1,0,.14,0,0,310,,.4,4.36,2.24	100 gram~100
1966435	B	23	150,0,0,36.7,33,20,0,0,,0,,,,16	2 tbsp~30|1 package~266
2095320	B	63	338,10.3,11.8,48.5,1070,5.88,3.68,7,1.5,0,2.12,221,,0	1 serving~68
1856197	B	63	325,9.65,11.4,47.4,886,6.14,3.07,4,1.8,2.63,2.37,88,,0	½ box~114|1 package~228
2083736	B	63	333,9.8,9.8,52,971,5.88,2.94,10,2,0,2.65,196,,0	1 package~102
1903844	B	26	215,4.13,5.79,32.2,256,1.65,.83,0,1.7,0,1.64,17,,0	4 pierogies~121|1 package~1361
1938870	B	47	40,.88,1.77,4.42,504,4.42,0,0,.9,0,.96,18,,8	½ cup~113|1 package~725
2288875	B	19	111,0,0,22.2,278,11.1,,,,0,,,,40	2 tsp~9|1 package~236
2069113	B	19	111,0,0,22.2,278,11.1,,,,0,,,,40	2 tsp~9|1 package~236
2060755	B	36	107,20.5,1.79,.89,143,0,0,143,0,0,1.61,54	1 serving~112|1 package~906
2115077	B	36	107,20.5,1.79,.89,143,0,0,143,0,0,1.61,54	1 serving~112|1 package~2200
2289210	B	36	107,20.5,1.79,.89,143,0,0,143,0,0,1.61,54	1 serving~112|1 package~453
2488480	B	78	107,20.5,1.79,.89,143,0,0,143,0,0,1.61,70,252,,.175	1 serving~112|1 package~453
2486384	B	36	106,20.4,1.77,.88,142,0,0,142,0,0,1.59,69,250,,.175	1 serving~113|1 package~2200
2021116	B	2	393,25,32.1,3.57,643,0,21.4,107,0,0,0,714,,0	1 slice~28|1 package~227
2021115	B	2	389,27.8,33.3,0,222,0,19.4,83,0,0,0,833,,0	1 slice~18|1 package~198
2652195	B	24	0,0,0,0,1,0,0,0,0,0,0,0,,0,,,,0	12 fluid oz~355
2642545	B	17	58,4.71,1.76,5.88,62,5.29,1.18,9,0,0,0,153,,0,,,,42	¾ cup~170|1 package~680
2285659	B	17	57,3.96,1.76,5.29,75,5.29,1.32,7,0,0,0,154,,0	1 cup~227|1 package~907
2106470	B	17	62,3.52,3.52,4.41,66,4.41,2.2,11,0,0,0,132,,0	1 cup~227|1 package~907
1890161	B	2	467,13.3,43.3,3.33,567,0,16.7,67,0,0,0,333,,4	2 tbsp~30|1 package~567
2061952	B	2	467,13.3,43.3,3.33,567,0,16.7,67,0,0,0,333,,4	2 tbsp~30|1 package~227
2671113	B	2	433,13.3,43.3,0,567,0,16.7,67,0,0,0,333,,8,,,,180	2 tbsp~30|1 package~340
2061953	B	2	467,13.3,43.3,3.33,567,0,16.7,67,0,0,0,333,,4	2 tbsp~30|1 package~567
2671114	B	2	433,13.3,40,0,567,0,16.7,67,0,0,0,333,,8,,,,180	2 tbsp~30|1 package~340
2388247	B	80	291,12.7,27.3,0,273,,3.64,45,0,0,0,4,22,,0	¼ cup~55|1 package~283
2021097	B	2	467,13.3,43.3,3.33,667,0,16.7,83,0,0,0,333,,4	2 tbsp~30|1 package~340
2612525	B	19	156,3.12,0,40.6,1440,34.4	2 tbsp~32|1 package~425
2168799	B	1	318,4.55,0,77.3,23,54.6,0,0,0,0,0,0,0,54.5,0	1 pouch~22|1 package~226
2269782	B	46	319,4.26,12.8,46.8,383,19.2,3.19,74,4.3,0,0,21,149,,0	1 serving~47|1 package~234
1958529	B	55	53,.88,.44,12.4,0,6.19,0,0,4.4,0,.44,18,106,14.2,0	2 container~113|1 package~340
1972009	B	22	81,1.01,0,19.2,0,14.1,0,0,1,0,0,5,231,,0	1 serving~99
1965733	B	1	389,0,0,100,0,100,,0	1 roll~9|1 package~49.3
1951398	B	1	333,0,0,93.3,67,86.7,0,0,0,0,.67,33,0,,0	3 packs~15|1 package~40
2368614	B	1	350,0,0,90,0,65	4 eggs~20
2160287	B	93	210,5.04,9.24,26,,13.4,4.2,21,.8,0,.61,126,88,70.6,0	1 serving~119
2151019	B	1	375,0,0,87.5,62,87.5,0,0,0,0,0,0,0,,0	11 pieces~8
2674596	B	29	433,6.67,15,73.3,383,26.7,5,0,6.7,0,2.67,0,167,,0	1 pouch~30
2598042	B	2	393,25,32.1,3.57,607,0,17.9,107,0,0,0,693,0,,0	1 serving~28|1 package~170
1953331	B	40	375,0,0,100,0,75	1 tsp~4|1 package~28
1958253	B	1	375,0,0,91.7,83,75,0,0,0,0,0,0,0,,0,,,,0,0,0	1 pop~12|1 package~240
2154325	B	1	400,0,0,100,0,73.3	3 lollipops~15|1 package~110
2569848	B	4	400,6.67,8.33,76.7,217,43.3,3.33,0,0,0,3.33,97,90,,0	.04 kit~30|1 package~794
2286248	B	1	367,3.33,0,86.7,0,53.3	6 pouches~30|1 package~75
2158722	B	1	405,0,0,100,0,73	½ package~37|1 package~73
2423573	B	1	400,0,0,88,12,64,,0,0,,0,0,0,,0	1 piece~20
1961074	B	4	400,6.67,8.33,76.7,217,43.3,3.33,0,0,0,3.33,97,90,,0	.03 kit~30|1 package~907
2668898	B	1	417,0,0,100,0,,0,0,0,0,0,0,0,,0,,,,0,0,0	1 lollipop~6|1 package~120
2598041	B	2	292,25,20.8,4.17,708,0,12.5,62,0,0,0,712,0,,0	1 piece~24
2267567	B	1	357,2.38,0,85.7,0,52.4	1 pop~42
1971939	B	22	71,1.01,0,15.2,0,10.1,0,0,2,0,0,7,151,,0	1 serving~99
2417529	B	1	528,5.56,27.8,61.1,83,38.9,16.7,14,0,0,4.17,117,375,,0	1 package~36
1943329	B	8	500,3.33,23.3,70,67,66.7,13.3,17,3.3,0,2.4,67,233,,0	4 pieces~30
2396388	B	2	292,25,20.8,4.17,708,0,12.5,62,0,0,0,712,0,,0	1 piece~24|1 package~283
2155812	B	46	319,6.38,12.8,48.9,383,19.2,3.19,85,2.1,0,2.13,21,128,,0	1 serving~47|1 package~234
2156578	B	1	389,0,0,100,0,100,,0	1 roll~9|1 package~49.3
2271806	B	1	400,0,0,100,0,,0,0,0,,0,0,,,0	1 pop~10|1 package~20
2283100	B	22	71,1.01,0,16.2,0,11.1,0,0,2,0,0,7,205,,0	1 serving~99
2554364	B	4	464,3.57,17.9,75,196,28.6,7.14,0,0,0,0,7,79,,0	1 serving~28|1 package~198
1954351	B	4	429,7.14,14.3,67.9,268,21.4,5.36,0,3.6,0,3.57,32,54,,0	1 serving~28
2194821	B	30	172,0,0,51.7,5690,51.7,,,,,,,3280,259,,,,,,,,,,552,,,51.7	1 stick~5.8|1 package~58
2168198	B	1	393,0,0,100,0,100,0,0,0,0,0,0,,0	1 serving~28|1 package~56
2670854	B	1	375,0,0,100,0,75	2 pieces~16|1 package~48
2461911	B	2	286,25,21.4,3.57,714,0,12.5,71,0,0,.36,714,107,,.35	1 piece~28|1 package~680
1972038	B	22	71,1.01,0,17.2,5,13.1,0,0,2,0,0,14,196,,0	1 serving~99
1965374	B	1	400,0,0,100,0,80	3 pops~15|1 package~60
2044398	B	1	350,0,0,80,0,75,0,0,0,0,0,0,,0	1 serving~20
403421	B	91	338,12.9,29.2,6.25,3850,6.25,0,0,0,0,0,0,,0	1 serving~24
499806	B	23	473,2.67,48.7,4.67,1030,4.67,0,0,0,0,0,0,,0	½ fl oz~15
403150	B	32	543,2.61,60.9,5.65,2310,5.65,0,0,0,0,0,0,,0	1 serving~23
499823	B	23	360,2.67,34,10.7,1300,10.7,0,0,0,0,0,0,,0	½ fl oz~15
561618	B	23	20,1.33,0,2.67,2800,2.67,0,0,0,0,0,0,,0	.52 fl oz~15
959859	B	35	58,3.35,0,9.57,1620,9.57,0,0,0,0,0,0,,0	1 serving~80.5
975039	B	53	0,0,0,0,8,0,0,0,0,0,0,0,,0	3.38 fl oz~100
499785	B	53	1,0,0,0,0,0,0,0,0,0,0,0,,.6	1 serving~500
561617	B	53	0,0,0,.5,10,0,0,0,0,0,0,0,,0	1 serving~100
2009759	B	4	367,6.67,3.33,76.7,633,20,1.67,0,3.3,0,3.33,20,110,,0,,,,3.33,,,,255,,,,3.33	16 cookies~30|1 package~500
2119664	B	4	483,6.9,15.5,75.9,414,24.1,6.9,0,3.4,0,1.24,103,,0,,6.9,1.72	4 cookies~29|1 package~500
2176846	B	79	0,0,0,83.3,0,83.3,0,0,0,,0,0,,0	6 pieces~6|1 package~56.7
2284466	B	46	520,8,32,56,304,24,8,0,4,10,2.16,0,,0	3 cookies~25|1 package~200
2176847	B	1	357,0,0,85.7,18,64.3,0,0,0,,0,0,,0	1 piece / null~28|1 package~56.7
2103794	B	4	419,6.45,9.68,77.4,581,19.4,4.84,0,3.2,0,4.84,31,256,,0	7 pieces~31|1 package~620
2390561	B	12	536,7.14,35.7,50,607,3.57,3.57,0,0,0,0,36,179,,0,21.4,8.93	1 serving~28|1 package~149
2390559	B	5	500,7.14,25,60.7,2390,0,8.93,18,3.6,0,1.29,50,211,,0	1 serving~28|1 package~99.2
2170337	B	8	524,4.76,28.6,61.9,71,52.4,11.9,24,0,,0,714,,0	1 bar~21|1 package~63.8
2119662	B	4	515,3.03,21.2,72.7,121,42.4,12.1,0,0,0,4.55,47,143,,0	6 pieces~33|1 package~200
2119665	B	4	414,6.9,5.17,82.8,448,37.9,3.45,0,3.4,0,3.72,69,,0,,,,,2.76,0,.234,,,,,,3.1	9 cookies~29|1 package~595
2313404	B	4	429,5.71,11.4,77.1,514,25.7,5.71,0,2.9,0,2.29,19,139,,0	5 pieces~35|1 package~720
2009817	B	29	400,10,8.33,70,800,0,5,0,1.7,0,2.4,133,,0,,3.33,0	11 cookies~30|1 package~875
2082039	B	4	429,2.86,14.3,65.7,243,34.3,8.57,0,2.9,0,2.06,57,,0,,5.71,1.43	3 cookies~35|1 package~907
2103041	B	4	429,5.71,11.4,77.1,486,20,4.29,0,2.9,0,3.09,114,,0	5 cookies~35|1 package~140
2170338	B	1	371,0,0,82.4,1320,82.4,0,0,0,,0,0,,0	1 pieces~17|1 package~42.5
2170342	B	1	368,5.26,0,89.5,53,,0,0,0,,0,0,,0	1 pieces~19|1 package~42.5
2119663	B	4	424,6.06,9.09,78.8,606,21.2,4.55,0,3,0,3.33,22,136,,0	8 pieces~33|1 package~664
2119667	B	4	306,4.52,5.81,58.1,242,3.23,2.58,0,3.2,0,1.16,0,,0,,1.94,.65	4 cookies~31|1 package~560
2176845	B	1	400,5,7.5,80,125,65,5,0,0,,0,0,,0	1 piece~20|1 package~42.5
2170340	B	1	362,0,0,87.5,1720,75,0,0,0,,0,0,,0	1 pieces~16|1 package~56.7
2503984	B	5	500,7.14,28.6,64.3,1320,0,7.14,18,3.6,0,1.29,43,136,,0	1 serving~28|1 package~85
2390552	B	5	500,7.14,28.6,64.3,1320,0,7.14,18,3.6,0,1.29,43,136,,0	1 serving~28|1 package~99.2
2553000	B	29	400,10,8.33,70,800,0,5,0,3.3,0,3.57,102,239,,0	16 pieces~30|1 package~350
2119659	B	29	533,6.67,26.7,63.3,700,13.3,16.7,0,0,0,9,133,,20,,,,,13.3,1,.85,.667,333,,,.8,5	10 cookies~30|1 package~130
2116055	B	4	515,3.03,24.2,72.7,106,42.4,10.6,0,0,0,,25,83,,0	6 pieces~33|1 package~200
2119658	B	4	419,3.23,16.1,67.7,419,32.3,8.06,0,0,0,3.23,45,65,,0	9 cookies~31|1 package~794
2503983	B	4	433,6.67,10,76.7,500,30,5,150,3.3,0,5,99,171,,0	8 pieces~30|1 package~600
2282668	B	1	429,9.52,9.52,76.2,219,52.4,0,0,0,,0,714,,0	3 units / null~21|1 package~56.7
1642962	B	1	462,13.5,25,51.9,231,40.4,4.81,0,3.8,0,1.38,77,,0	1 serving~52
2599343	B	1	476,9.52,28.6,61.9,214,52.4,11.9,0,4.8,0,2.38,95,310,,0	1 piece~21|1 package~301
2599351	B	1	450,12.5,25,55,225,42.5,5,0,5,0,1.75,100,350,,0	2 pieces~40|1 package~328
2657813	B	1	462,13.5,25,51.9,231,40.4,4.81,0,3.8,0,1.92,98,385,,0	1 bar~52|1 package~314
2533382	B	1	450,12.5,25,55,225,42.5,5,0,5,0,1.75,100,350,,0	2 pieces~40|1 package~138
1662496	B	1	471,12.9,27.1,50,357,40,8.57,0,4.3,0,2.06,86,,0	1 package~70
2267414	B	62	786,0,85.7,0,1000,0,57.1,250,0,0,0,0,0,,0	1 tbsp~14|1 package~250
2596263	B	62	786,0,85.7,0,1000,0,57.1,250,0,0,0,0,0,,0	1 tbsp~14|1 package~250
2061321	B	2	254,7.14,25,3.57,432,3.57,17.9,89,0,0,0,71,,0	2 tbsp~28|1 package~150
506502	B	2	329,18.5,28,.8,,.5,17.8	1 serving~100
1899407	B	22	341,2.27,0,81.8,0,56.8,0,0,4.5,0,0,0,659,0	1/3 cup~44|1 package~908
2456005	B	25	50,0,0,12.5,25,12.5,,,,,.15,,,1.5	8 fl oz~240|1 package~1890
1780462	B	34	228,8.77,7.89,30.7,395,1.75,3.95,18,1.8,0,.95,132,,0	.12 pizza~114|1 package~910
1780455	B	34	219,8.59,8.59,26.6,445,2.34,3.52,20,1.6,0,.84,117,,0	.12 pizza~128|1 package~1022
2584005	B	38	429,14.3,10.7,67.9,161,50,5.36,0,7.1,0,5.36,36,786,,5	1 brownie~28|1 package~454
2665255	B	59	400,44.4,10,33.3,444,8.89,0,0,15.6,0,7.33,489,1160,,0	2 scoops~45|1 package~454
1998820	B	49	462,46.2,11.5,38.5,,15.4,0,0,7.7,0,3.08,77,1150,,0	2 tbsp~13|1 package~680
2584004	B	38	420,28,7,56,540,34,2,0,8,0,1.4,200,780,,0	2 muffins~50|1 package~454
2584006	B	38	455,18.2,11.4,72.7,182,59.1,4.55,0,4.5,0,2.27,45,455,,5	1 cookie~22|1 package~454
2303272	B	49	422,44.4,11.1,37.8,400,8.89,3.33,0,17.8,0,5.78,89,1240,,0	2 scoops~45|1 package~907
2665337	B	49	385,30.8,7.69,46.2,769,30.8,0,0,7.7,0,3.85,77,1230,,0,,,,,,,,154,,462,,36.2	2 tbsp~13|1 package~454
2608950	B	153	444,48.9,13.3,33.3,0,8.89,3.33,0,11.1,0,2.22,89,1180,,0	2 scoops~45|1 package~907
2651487	B	24	422,44.4,11.1,37.8,400,8.89,3.33,0,17.8,0,5.78,89,1240,,0	2 scoops~45|1 package~907
2604971	B	24	422,44.4,10,37.8,511,8.89,3.33,0,13.3,0,2.89,111,933,,0	2 scoops~45|1 package~907
1967446	B	49	385,38.5,11.5,38.5,769,15.4,0,0,7.7,0,6.92,538,1230,,0,,,,,,,,77,,923	2 tbsp~13|1 package~184
2665367	B	49	462,46.2,11.5,38.5,692,15.4,0,0,7.7,0,3.08,77,1150,,0	2 tbsp~13|1 package~184
2624552	B	49	375,33.3,8.33,50,583,25,0,0,8.3,0,3,83,,0,,,,75	2 tbsp~12|1 package~24.1
2583607	B	49	462,38.5,19.2,30.8,615,15.4,3.85,0,7.7,0,3.08,154,846,,0	2 tbsp~13|1 package~184
2651999	B	49	462,46.2,11.5,38.5,692,15.4,0,0,7.7,0,3.08,77,1150,,0	2 tbsp~13|1 package~907
2412630	B	49	462,46.2,11.5,38.5,769,7.69,0,0,15.4,0,2.31,77,1080	2 tbsp~13|1 package~184
2653403	B	49	385,30.8,7.69,46.2,769,30.8,0,0,7.7,0,3.85,77,1230,,0,,,,,,,,154,,462,,36.2	2 tbsp~13|1 package~184
2587592	B	49	567,23.3,50,16.7,317,6.67,8.33,,6.7,,1.2,67	1 serving~30|1 package~227
1969521	B	0	567,20,53.3,16.7,0,3.33,3.33,,10,,3.6,267	1 serving~30|1 package~227
1856786	B	49	562,21.9,46.9,25,219,9.38,7.81,0,6.2,0,2.25,0,438,,0	2 tbsp~32|1 package~454
1964050	B	49	562,18.8,46.9,31.2,203,18.8,7.81,0,6.2,0,2.25,0,438,,0	2 tbsp~32|1 package~454
1850307	B	49	562,18.8,43.8,31.2,188,15.6,9.38,0,6.2,0,2.25,0,438,,0	2 tbsp~32|1 package~454
1967825	B	49	531,18.8,40.6,31.2,359,15.6,6.25,0,6.2,0,2.25,0,438,,0	2 tbsp~32|1 package~454
1959437	B	49	625,25,53.1,18.8,359,12.5,15.6,0,6.2,,3.12,44,625,,0	2 tbsp~32|1 package~454
1850306	B	49	562,18.8,43.8,31.2,203,18.8,9.38,0,6.2,0,2.25,0,438,,0	2 tbsp~32|1 package~454
357267	B	49	562,18.8,43.8,34.4,375,18.8,10.9,0,6.2,0,2.25,0,,0	2 tbsp~32
2167837	B	49	438,50,12.5,31.2,781,18.8,0,0,18.8,0,5,238,775,,0,,,,,,,,,,388	2 tbsp~16|1 package~680
589500	B	49	417,41.7,12.5,41.7,125,16.7,,,8.3,,6,333,,0	2 tbsp~12
2369614	B	0	484,6.45,35.5,51.6,774,38.7,14.5,0,6.5,0,3.48,65,,,0	9 pieces~31|1 package~220
1858680	B	20	35,1.18,0,8.24,41,4.71,0,0,1.2,0,0,24,,0	9 carrots~85|1 package~907
1854580	B	12	321,39.3,5.36,25,1360,25,1.79,125,,0,5.14,,,,,,,,,,,,,,,4.29	1 serving~28|1 package~113
1854578	B	12	214,39.3,0,21.4,964,17.9,0,36,0,0,1.29,0,,0	1 serving~28|1 package~113
368367	B	27	130,22.2,3.7,0,593,0,1.85,93,0,0,2,0,,0	1 link~54
479070	B	27	240,16,18.7,1.33,573,0,6.67,67,0,0,.96,0,,0	1 serving~75
368118	B	64	156,18.3,8.45,1.41,587,0,2.82,69,0,0,1.77,14,,0	1 serving~71
485829	B	27	130,18.5,3.7,3.7,574,,0,74,0,0,1.33,0,,2.2	1 link~54
368402	B	27	117,19.2,3.19,1.06,596,0,1.06,74,0,0,1.15,21,,3.8	1 link~94
2008168	B	22	311,0,3.57,82.1,4,64.3,0,0,7.1,0,.64,0,,0	1 serving~28|1 package~226
2012779	B	22	329,0,0,82.1,0,57.1,0,0,14.3,0,0,0,,0	1 serving~28|1 package~226
2008432	B	1	354,0,3.51,89.5,39,70.2,0,0,3.5,0,1.26,70,,2.1	1 serving~57|1 package~226
2008431	B	22	302,0,0,77.2,28,52.6,0,0,3.5,0,.63,35,,0	1 serving~57|1 package~226
2012777	B	22	263,1.75,0,61.4,7,31.6,0,0,7,0,1.89,0,,0	1 serving~57|1 package~453
368378	B	27	128,21.3,4.26,1.06,585,0,1.06,90,0,0,2.3,21,,1.3	1 link~94
368379	B	27	117,19.2,4.26,1.06,596,0,1.06,74,0,0,1.15,21,,3.8	1 link~94
2014430	B	22	354,0,0,86,49,70.2,0,0,3.5,0,1.89,105,,0	1 serving~57|1 package~226
2008430	B	22	354,0,3.51,86,74,45.6,0,0,3.5,0,.63,140,,2.1	1 serving~57|1 package~226
368121	B	107	117,19.2,3.19,1.06,596,0,1.06,74,0,0,1.15,21,,3.8	1 link~94
368369	B	27	245,16,19.2,1.06,574,0,6.38,69,0,0,1.15,21,,1.3	1 link~94
368113	B	27	245,16,19.2,1.06,574,0,6.38,69,0,0,1.15,21,,1.3	1 link~94
368535	B	2	286,14.3,21.4,7.14,1710,0,14.3,89,0,,0,143,,0,,,,,,,.243,,,,143	1 serving~28
2012982	B	0	232,5.36,14.3,25,0,19.6,1.79,0,3.6,0,2.57,71,,6.4	1 serving~56|1 package~198
2074690	B	39	54,3.33,2.08,5,50,4.58,1.25,8,0,0,0,125,150,0,1.05	1 cup~240|1 package~1890
2009378	B	0	607,21.4,53.6,21.4,0,7.14,7.14,0,10.7,0,3.86,286,,0	1 serving~28|1 package~453
2012776	B	22	274,1.75,0,61.4,0,42.1,0,0,5.3,0,3.47,53,,14.7	1 serving~57|1 package~226
2008179	B	0	661,14.3,67.9,14.3,0,3.57,17.9,0,7.1,0,3.86,214,,0	1 serving~28|1 package~226
368537	B	2	357,32.1,25,3.57,1390,3.57,14.3,71,0,0,0,1070,,0	1 serving~28
2118026	B	22	323,1.75,0,84.2,37,66.7,0,0,10.5,0,1.89,53,,0	1 serving~57|1 package~453
2012775	B	22	249,1.75,0,64.9,0,54.4,0,0,10.5,0,1.89,140,,0	1 serving~57|1 package~226
2074693	B	39	38,3.33,0,5,52,5,0,2,0,0,0,125,154,0,1.05	1 cup~240|1 package~1890
2028396	B	0	507,25,50,14.3,0,0,10.7,0,3.6,0,9,0,,0	1 serving~28|1 package~113
2012778	B	22	254,3.57,0,64.3,0,46.4,0,0,7.1,0,2.57,36,,2.1	1 serving~28|1 package~226
2012780	B	22	323,1.75,0,77.2,25,71.9,0,0,5.3,0,2.53,53,,0	1 serving~57|1 package~453
2014531	B	0	600,30,46.7,13.3,17,3.33,13.3,,10,,9	¼ cup~30
2012782	B	22	291,3.51,0,77.2,0,33.3,0,0,3.5,0,.95,53,,0	1 serving~57|1 package~453
2014321	B	12	214,39.3,0,21.4,964,17.9,0,36,0,0,1.29,0,,0	1 serving~28|1 package~113
2008429	B	22	354,0,0,86,49,70.2,0,0,3.5,0,1.89,105,,0	1 serving~57|1 package~226
379983	B	27	245,16,19.2,1.06,574,0,6.38,69,0,0,1.15,21,,1.3	1 link, per container~94
1854504	B	12	214,39.3,1.79,21.4,1000,17.9,0,36,0,0,3.86,0,,0	1 serving~28|1 package~99
1853398	B	0	500,14.3,32.1,46.4,0,35.7,10.7,0,7.1,0,5.14,71	1 serving~56|1 package~198
2008780	B	0	582,21.4,50,25,7,0,7.14,0,10.7,0,7.07,143,,6.4	1 serving~28|1 package~113
1853396	B	0	304,7.14,25,16.1,339,7.14,5.36,0,3.6,0	1 serving~56|1 package~198
2012774	B	22	532,0,35.1,42.1,0,28.1,31.6,0,3.5,0,0,0,,0	1 serving~57|1 package~226
1854558	B	22	329,3.57,0,82.1,0,78.6,0,0,3.6,0,.64,250,,2.1	1 serving~28|1 package~113
1854579	B	12	214,39.3,1.79,21.4,1000,17.9,0,36,0,0,3.86,0,,0	1 serving~28|1 package~99
368388	B	64	130,22.2,3.7,0,593,0,1.85,93,0,0,2,0,,0	1 link~54
2012781	B	22	354,3.57,0,82.1,0,75,0,0,7.1,0,.64,36,,0	1 serving~28|1 package~113
2012773	B	104	507,3.57,35.7,46.4,264,0,32.1,0,3.6,0,1.93,0,,0	1 serving~28|1 package~226
1850737	B	78	304,23.2,23.2,1.79,1050,0,5.36,98,0,0,4.82,36,,0	1 serving~56|1 package~113
2008699	B	8	476,7.14,35.7,52.4,71,33.3,21.4,0,9.5,0,.86,190,,0	½ bar~42|1 package~84
1853397	B	0	500,14.3,35.7,39.3,0,25,7.14,0,7.1,0	1 serving~56|1 package~198
2009642	B	22	323,1.75,0,77.2,25,71.9,0,0,5.3,0,2.53,53,,0	1 serving~57|1 package~453
1854749	B	78	125,26.8,1.79,1.79,1090,,,18,,,.64	1 serving~56|1 package~113
2460156	B	39	50,3.33,2.5,5,48,5,1.25,8,0,0,0,122,0,,1.25,.62,0	1 cup~240|1 package~3780
2460137	B	39	62,3.33,3.33,5,44,5,1.88,10,0,0,0,115,0,,1.25,.83,0	1 cup~240|1 package~3780
2180762	B	0	600,13.3,56.7,16.7,17,3.33,5,0,3.3,0,2.4,100,,2	¼ cup~30|1 package~454
2494809	B	1	333,0,0,83.3,0,66.7,0,0,0,0,0,0,0,,0	4 pieces~24
1982036	B	1	429,0,7.14,85.7,429,42.9,0,0,0,0,0,0,0,,0	1 piece~7|1 package~21
1919661	B	1	333,0,0,83.3,0,66.7,0,0,0,0,0,0,,0	1 piece~6|1 package~42
1927613	B	8	500,0,25,62.5,0,62.5,18.8,0,0,0,0,250,,0	1 heart~8|1 package~24
1873045	B	1	429,0,7.14,85.7,429,42.9,0,0,0,0,0,0,29,,0	1 piece~7|1 package~35
1963965	B	1	500,12.5,31.2,50,62,50,18.8,0,0,0,0,250,0,,0	1 piece~8|1 package~24
1886686	B	85	332,10.5,10.5,36.8,642,2.63,5.26,100,0,0,.95,421,,0	.7 piece~19|1 package~392
2042044	B	1	389,0,0,100,0,100	1 roll~9
2210117	B	53	21,0,0,5,8,5	8 fl oz~240|1 package~680
1907883	B	14	364,10.9,4.55,76.4,545,20,0,0,12.7,0,3.27,36,,0	2/3 cup~55|1 package~312
1855440	B	14	418,9.09,10.9,72.7,291,30.9,.91,0,9.1,0,2.62,36,,0	2/3 cup~55|1 package~312
1855434	B	14	436,9.09,10.9,76.4,136,23.6,.91,0,5.5,0,1.96,36,,0	2/3 cup~55|1 package~312
1852716	B	14	436,9.09,10.9,76.4,400,20,.91,0,5.5,0,1.96,36,,0	1 cup~55|1 package~312
1855441	B	14	418,7.27,6.36,81.8,418,21.8,.73,0,5.5,0,1.96,36,,2.2	1 cup~55|1 package~312
1850459	B	14	491,9.09,21.8,67.3,200,16.4,10.9,0,7.3,0,2.62,36,,4.4	½ cup~55|1 package~284
1855474	B	14	436,9.09,10.9,74.6,36,25.4,.91,0,5.5,0,1.96,36,,0	2/3 cup~55|1 package~340
1885878	B	14	436,9.09,10.9,74.6,127,27.3,.91,0,5.5,0,2.62,36,,0,,6.36,3.64	2/3 cup~55|1 package~312
1852717	B	14	345,10.9,3.64,80,309,16.4,.36,0,14.5,0,3.27,36,,0	1 cup~55|1 package~298
1850456	B	14	436,10.9,10.9,72.7,218,18.2,.91,0,7.3,0,3.27,36,,0,,5.45,3.64	2/3 cup~55|1 package~312
1855439	B	14	418,7.27,4.55,83.6,600,18.2,.36,0,3.6,0,1.31,0,,2.2	1 cup~55|1 package~284
1852715	B	14	400,9.09,5.45,80,600,12.7,0,0,5.5,0,1.96,36,,2.2	1 cup~55|1 package~284
1849712	B	14	382,12.7,5.45,76.4,64,20,.73,0,10.9,0,3.27,73,,2.2	½ cup~55|1 package~454
1852714	B	14	400,9.09,6.36,78.2,200,16.4,1.82,0,7.3,0,2.62,36,,0	2/3 cup~55|1 package~312
1852713	B	14	400,9.09,5.45,78.2,191,14.6,0,0,9.1,0,3.27,36,,0	2/3 cup~55|1 package~312
1852712	B	14	400,10.9,6.36,76.4,173,12.7,1.82,0,9.1,0,3.27,73,,0	2/3 cup~55|1 package~312
1885876	B	14	309,9.09,.91,76.4,545,29.1,0,0,12.7,0,3.27,36,364,0	1 cup~55|1 package~312
1898002	B	14	400,18.2,9.09,67.3,327,21.8,0,0,10.9,0,3.27,73,,0	2/3 cup~55|1 package~283
1885879	B	14	300,6.67,3.33,76.7,700,16.7,0,0,6.7,0,1.2,0,,0	¾ cup~30|1 package~312
1885875	B	14	327,12.7,7.27,74.6,436,3.64,0,0,9.1,0,2.62,73,,0	1 cup~55|1 package~255
1855473	B	14	327,12.7,7.27,74.6,400,10.9,0,0,7.3,0,2.62,36,,0	1 cup~55|1 package~255
1849714	B	14	436,9.09,10.9,76.4,382,20,.91,0,5.5,0,1.96,36,,0	1 cup~55|1 package~312
2436324	B	5	500,3.33,30,56.7,283,0,3.33,10,6.7,0,1,42,733,,0,26.7,3.33	42 fries~30|1 package~150
2117978	B	0	643,10.7,53.6,28.6,714,0,28.6,36,3.6,8.93,1.07,286,107,,0	1 -1/2 cup~28
2118890	B	0	464,7.14,25,60.7,679,39.3,14.3,36,3.6,3.57,1.07,107,107,,0	¾ cup~28
2135345	B	0	500,3.33,23.3,66.7,133,60,15,17,3.3,0,3.33,123,290,,0	1/3 cup~30
2249449	B	0	467,6.67,15,73.3,317,43.3,3.33,0,3.3,0,3.33,13,170,,0	1/3 cup~30|1 package~230
2285446	B	0	464,25,35.7,35.7,196,21.4,3.57,18,7.1,0,2.57,71	1 serving~28|1 package~170
2119238	B	0	429,3.57,17.9,71.4,536,57.1,12.5,18,3.6,0,1.07,71,143,,0	½ cup~28
2119181	B	0	429,7.14,16.1,75,607,39.3,12.5,0,7.1,0,1.43,71,0,,0	1 cup~28
2118884	B	0	536,7.14,28.6,57.1,411,0,3.57,0,10.7,0,2.5,71,0,,0	4 cup~28
1938937	B	0	533,16.7,33.3,43.3,700,10,5,0,6.7,0,3,0,433,,0	26 pieces~30|1 package~198
1938925	B	0	533,16.7,33.3,43.3,600,10,5,0,6.7,0,3,0,433,,0	26 pieces~30|1 package~198
2603338	B	5	533,3.33,30,56.7,350,0,3.33,0,6.7,0,1.33,53,700,,0,26.7,3.33	42 fries~30|1 package~150
2603339	B	5	536,7.14,35.7,46.4,536,21.4,3.57,0,10.7,0,0,150,679,,0,28.6,3.57	39 fries~28|1 package~160
2436322	B	5	464,7.14,25,46.4,357,17.9,3.57,0,10.7,0,2.14,141,679,,0,21.4,3.57	39 fries~28|1 package~160
1939234	B	0	464,14.3,32.1,35.7,214,21.4,3.57,18,7.1,0,2.57,71	1 serving~28|1 package~170
2119172	B	0	536,10.7,35.7,50,536,14.3,28.6,0,7.1,0,3.93,214,107,,0	1 -1/2 cup~28
2210123	B	53	21,0,0,5.42,8,5.42	8 fl oz~240|1 package~680
2039251	B	53	21,0,0,5.42,0,5.42	8 fl oz~240|1 package~680
1873102	B	53	21,0,0,5.42,0,5.42	8 fl oz~240
2653827	B	53	1,0,0,.15,0,0	1 can~680
2674458	B	53	22,0,0,5.9,0,5.68	1 can~458
2657502	B	53	24,0,0,6.03,0,5.88	1 can~680
2566594	B	53	22,0,0,5.46,0,5.24	1 can~458
2210115	B	53	21,0,0,5,0,5	8 fl oz~240|1 package~680
1871915	B	53	21,0,0,5.42,0,5	8 fl oz~240|1 package~680
2210541	B	53	19,0,0,5.28,0,5	12 fl oz~360|1 package~680
2210116	B	53	21,0,0,5,0,5	8 fl oz~240|1 package~680
1871909	B	10	21,0,0,5.42,5,5.42	8 fl oz~240|1 package~680
2597002	B	53	1,0,0,.29,0,0	1 can~680
2668445	B	53	0,0,0,.22,0,0	1 can~458
2056881	B	15	270,2.5,25,9.5,705,.2,3.7,0,5,0,.72,170,,2.7	2 tbsp~20|1 package~180
490397	B	53	22,0,0,5.83,0,5.83	12 fl oz~360
1862013	B	103	355,6.07,.54,81.4,13,0,.18,0,1.2,0,.84,4,12,0	1 serving~56|1 package~200
501677	B	50	400,0,0,40,240,0,,0,20,,0,0,,0	1 serving~5
1147050	B	70	500,25,29.2,37.5,312,37.5,18.8,104,0,0,.42,867,1250,,,,,,,0,1.17,,,79,738,2.92,3.17,2.17	3 tbsp~24
2284254	B	67	167,19.4,0,61.1,42,2.78,0,0,38.9,0,7.5,111,,0	¼ cup~36
2057524	B	29	367,6.67,6.67,73.3,367,26.7,1.67,0,3.3,0,0,33,,0	16 pieces~30|1 package~100
2167974	B	20	195,2.65,3.54,38.9,53,,2.21,0,1.8,.88,0,37,134,,0	1 apple~113
1888316	B	20	259,4.71,7.06,44.7,29,31.8,5.88,0,2.4,0,0,71,,0	1 apple~85|1 package~255
1868332	B	15	200,3.33,16.7,10,267,0,3.33,0,6.7,0,1.2,0,,8,,10,1.67	2 tbsp~30|1 package~226
1900706	B	15	36,0,0,7.14,679,3.57,0,0,3.6,0,1.29,0,,12.9	2 tbsp~28|1 package~418
2073864	B	15	89,3.57,0,14.3,679,3.57,0,0,7.1,0,2.57,0,,4.3	2 tbsp~28|1 package~418
1900707	B	15	89,3.57,0,14.3,679,3.57,0,0,7.1,0,2.57,0,,4.3	2 tbsp~28|1 package~418
2036429	B	15	200,3.33,16.7,10,267,0,3.33,0,6.7,0,0,0,,8,,10,1.67	2 tbsp~30|1 package~226
1937244	B	15	36,0,0,7.14,679,3.57,0,0,3.6,0,1.29,0,,12.9	2 tbsp~28|1 package~418
2653480	B	30	147,0,0,29.4,6180,0,,,,,,,1760,588,,,,,235,18,,26.5,,,,,,88.2	1 packet~3.4|1 package~16.2
2554762	B	30	185,0,0,0,1300,0,,,,,,,,741,,,,,296,22,,33.3,,,,,,111	1 packet~2.7|1 package~16.2
2587295	B	49	500,15.6,34.4,43.8,109,28.1,6.25,0,6.2,0,3.38,62,438,,0	2 tbsp~32|1 package~454
2587294	B	49	562,21.9,46.9,25,312,12.5,9.38,0,6.2,0,1.12,62,438,,0	2 tbsp~32|1 package~454
2628483	B	49	531,18.8,40.6,37.5,109,21.9,7.81,0,6.2,0,2.25,62,,0,,,,0	2 tbsp~32|1 package~794
2628487	B	49	531,18.8,40.6,37.5,109,21.9,10.9,0,6.2,0,2.25,62,,0,,,,0	2 tbsp~32|1 package~500
2628486	B	49	547,16.3,39.5,34.9,130,23.3,9.3,0,4.7,0,1.67,47,,0,,,,0	1 serving~43|1 package~215
2628492	B	49	531,18.8,40.6,37.5,109,21.9,7.81,0,6.2,0,2.25,62,,0,,,,0	1 pack~32|1 package~160
2587298	B	49	531,18.8,40.6,34.4,141,21.9,7.81,0,6.2,0,3.38,62,438,,0	2 tbsp~32|1 package~454
2587712	B	49	417,41.7,8.33,41.7,1080,25,0,0,8.3,0,0,0,583,,0	2 tbsp~12|1 package~184
2640545	B	49	562,18.8,40.6,34.4,188,15.6,7.81,0,6.2,0,0,62,438,,0	2 tbsp~32|1 package~454
2587563	B	49	514,10.8,29.7,51.4,68,40.5,10.8,0,10.8,0,7.3,108,378,,0	2 tbsp~37|1 package~369
2608917	B	49	594,25,50,21.9,125,6.25,7.81,0,9.4,0,3.38,62,438,,0	2 tbsp~32|1 package~454
2628482	B	49	594,25,50,18.8,125,3.12,6.25,0,6.2,0,2.25,62,,0,,,,0	2 tbsp~32|1 package~454
2587711	B	49	417,41.7,12.5,33.3,792,16.7,0,0,8.3,0,9,0,1170,,0	2 tbsp~12|1 package~184
2628490	B	49	562,18.8,43.8,31.2,281,12.5,7.81,0,6.2,0,2.25,62,,0,,,,0	2 tbsp~32|1 package~454
2609127	B	49	594,21.9,50,21.9,312,6.25,10.9,0,9.4,0,1.12,62,438,,0	2 tbsp~32|1 package~454
2609126	B	49	594,21.9,50,21.9,312,6.25,10.9,0,9.4,0,1.12,62,438,,0	2 tbsp~32|1 package~454
2628484	B	49	562,21.9,46.9,25,312,9.38,7.81,0,6.2,0,2.25,0,,0,,,,0	1 pack~32
2628488	B	49	558,20.9,46.5,25.6,302,9.3,8.14,0,7,0,1.67,0,,0,,,,0	1 serving~43|1 package~215
2628489	B	49	562,21.9,46.9,25,312,9.38,7.81,0,6.2,0,2.25,0,,0,,,,0	1 pack~32|1 package~320
2628481	B	49	562,21.9,46.9,25,312,9.38,7.81,0,6.2,0,2.25,0,,0,,,,0	1 pack~32|1 package~160
2587306	B	49	594,21.9,46.9,25,312,9.38,9.38,0,6.2,0,1.56,0,562,,0	2 tbsp~32|1 package~794
2587300	B	49	562,18.8,43.8,31.2,188,18.8,7.81,0,6.2,0,0,62,438,,0	2 tbsp~32|1 package~454
2628480	B	49	594,25,50,18.8,125,3.12,7.81,0,6.2,0,2.25,62,,3.8,,,,422	2 tbsp~32|1 package~454
2587710	B	49	417,41.7,8.33,41.7,667,25,0,0,8.3,0,9,0,1170,,0	2 tbsp~12|1 package~184
2587297	B	49	562,18.8,40.6,37.5,109,21.9,9.38,0,6.2,0,1.12,62,438,,0	2 tbsp~32|1 package~454
1969519	B	49	533,23.3,46.7,23.3,0,13.3,10,,10,,2.4,67	1 serving~30|1 package~227
2627605	B	49	594,21.9,50,21.9,309,3.12,7.81,0,6.2,0,0,0,,0,,,,0	2 tbsp~32|1 package~454
2469493	B	14	415,4.88,7.32,80.5,707,26.8,1.22,0,2.4,0,7.8,0,171,,1.95,,,,7.32,0,.622,.488,183,,49,4.39,5.49	1 cup~41|1 package~311
2568325	B	8	481,7.41,22.2,63,93,40.7,11.1,0,3.7,0,0,44,341,,0,,,,3.7	3 pieces~27|1 package~298
2630327	B	8	481,7.41,22.2,63,93,44.4,11.1,0,3.7,0,3.7,41,333,,0,,,,3.7	3 pieces~27|1 package~907
104099100103021	O	290	594,21.9,46.9,25,.381,12.5,9.38,0,6.25,,4.88,55.9,676,0,0,,,,9.96,.404,.0231,.38,83.9,0,0,0,0,1.65,0,0,0,0,0,0,0,0	1 serving~32|1 package~510
104099100103069	O	207	562,21.9,46.9,25,312,9.38,7.81,0,6.25,,1.56,62.5,672,0,0,25,9.38,,9.95,.404,.0228,.379,83.8,0,219,0,0,1.65,0,0,0,0,0,0,0,0	1 serving~32|1 package~510
2621690	B	0	265,11.8,20.6,11.8,941,0,4.41,0,11.8,0,1.06,59,,0,,,,0	¼ cup~34|1 package~708
2603311	B	0	278,13.9,22.2,8.33,1140,0,4.17,0,8.3,0,0,39,92,,0	1 serving~36|1 package~378
2601392	B	37	250,13.9,12.5,19.4,2140,0,2.78,0,8.3,0,.56,42,92,,0	1 serving~36|1 package~383
2576862	B	37	333,8.33,19.4,27.8,2080,8.33,4.17,0,8.3,0,.83,47,100,,0	1 serving~36|1 package~383
2576864	B	37	250,11.1,11.1,25,1250,5.56,1.39,0,5.6,0,.83,31,125,,0	1 serving~36|1 package~383
2628294	B	4	480,4,20,68,520,36,12,20,4,0,2.88,0,,0,,,,0	1 cookie~25|1 package~153
2585392	B	8	540,6,34,50,0,46,20,0,8,0,12,42,380,,0	1 bar~50
2415263	B	30	400,8.57,5.71,82.9,229,68.6,4.29,0,5.7,0,7.43,171,1310	1 packet~35
2439207	B	1	391,0,2.17,87,43,39.1,0,0,0,0,,,,261,,0,0	1 pouch~23|1 package~227
2575006	B	4	419,3.23,11.3,74.2,113,45.2,6.45,0,0,0,1.94,16,71,,0	.04 kit~31|1 package~822
2622199	B	30	464,3.57,10.7,85.7,0,57.1,3.57,0,3.6,0,0,0,,0,,,,0	1 bag~28
2642694	B	1	357,0,0,85.7,14,35.7,0,0,0,0,0,0,0,,0	1 pack~14|1 package~340
2585867	B	4	500,10.7,25,60.7,286,21.4,12.5,11,1.8,0,.71,14,107,,0	4 cookies~28|1 package~113
2617438	B	3	265,2.94,14.7,30.9,118,23.5,10.3,29,1.5,0,0,118,,0,,,,53	¼ cake~68|1 package~1660
2608404	B	1	389,0,0,88.9,0,77.8	1 package~9
2586956	B	1	400,3.33,0,93.3,33,53.3,0,0,0,0,0,0,0,,0	10 pieces~30|1 package~100
2571924	B	4	500,5.26,21,71,105,23.7,10.5,13,0,0,0,53,92,,0	1 cookie~38
2626528	B	50	0,0,0,0,5500,0,0,0,0,0,0,0,,240,,,,0	¼ tsp~1|1 package~170
2073539	B	1	412,0,0,94.1,0,76.5	1 piece~17|1 package~51
1876477	B	5	433,20,15,60,1170,20,1.67,0,13.3,0,4.8,67,,0	1/3 cup~30|1 package~170
1878429	B	0	433,20,15,56.7,1470,20,1.67,0,13.3,0,4.8,133,,0	1/3 cup~30|1 package~170
1880901	B	0	433,20,13.3,60,867,20,1.67,0,13.3,0,4.8,67,,0	1/3 cup~30|1 package~170
2279540	B	10	53,0,0,13.3,5,13,,,,,,,,1.6	1 bottle~300
2174185	B	22	357,3.57,5.36,71.4,0,50,0,0,10.7,0,0,129,1090,,0	1 bag~28
2497084	B	38	348,10.9,2.17,71.7,1020,10.9,0,0,2.2,0,3.7,130,109,,0,,,,3.48,0,.217,,217,,543	1 serving~46|1 package~453
1971603	B	28	143,25,5.36,1.79,893,1.79,1.79,32,0,,1.93,0,,0	1 serving~56|1 package~454
2392056	B	11	333,0,0,66.7,5000,0,0,0,0,0,0,0,2330,,0	1 -1/2 tsp~3|1 package~27
2392065	B	15	200,0,0,80,6000,0,0,0,0,0,0,0,0,,0	1 tsp~2.5|1 package~23
2392063	B	11	0,0,0,0,28900,0,0,0,0,0,0,0,0,,0	1/3 tsp~1.8|1 package~26
2392058	B	11	0,0,0,0,28900,0,0,0,0,0,0,0,0,,0	1/3 tsp~1.8|1 package~104
2392062	B	11	0,0,0,0,28900,0,0,0,0,0,0,0,0,,0	½ tsp~1.8|1 package~26
2392053	B	11	0,0,0,0,28900,0,0,0,0,0,0,0,0,,0	½ tsp~1.8|1 package~104
2392059	B	11	0,0,0,0,34700,0,0,0,0,0,0,0,0,,0	1/3 tsp~1.5|1 package~23
2391982	B	11	0,0,0,0,34700,0,0,0,0,0,0,0,0,,0	1/3 tsp~1.5|1 package~92
2392054	B	11	375,0,0,75,3500,75,0,0,0,0,0,0,0,,0	1 tsp~4|1 package~34
2392055	B	11	286,28.6,0,57.1,5710,28.6,0,0,0,0,0,571,2000,,0	2 tsp~3.5|1 package~29
2155154	B	11	400,0,0,80,5200,80,0,0,0,0,0,0,0,,0	1 tsp~5|1 package~308
2215709	B	7	44,.44,0,11,242,9.25,,,.4,,.09,18,35,,0	4 pieces~227|1 package~473
2460435	B	38	356,8.89,4.44,73.3,956,15.6,2.22,0,2.2,0,3.11,111,133,,.225,0,0,,3.56,0,.289,,107,,222	1/3 cup~45|1 package~681
2497060	B	38	362,8.62,5.17,72.4,1050,22.4,2.59,0,1.7,0,2.93,155,155,,0,0,0,,2.76,0,.224,,103	1 cup~58
2483768	B	60	167,0,0,40,200,40	2 tbsp~30|1 package~710
2497090	B	60	333,0,0,86.7,217,46.7	2 tbsp~30|1 package~710
2563163	B	60	333,0,0,86.7,217,46.7	2 tbsp~30|1 package~710
2563151	B	14	367,8.33,7.5,70,1100,21.7,4.17,0,1.7,0,2.83,167,133,,0,0,0,,2.67,0,.167,,167	1 cup~60
2672569	B	38	367,8.33,7.5,70,1100,21.7,4.17,0,1.7,0,2.83,167,133,,0,0,0,,2.67,0,.167,,167	1 cup~60
2667860	B	38	356,11.1,3.33,71.1,1090,11.1,1.11,0,2.2,0,3.56,133,111,,0,0,0,,3.56,0,.222,,133,,556	1 serving~45|1 package~2268
2674635	B	88	324,8.82,0,70.6,1680,8.82,0,0,2.9,0,3.82,471,118,,0,0,0,,3.82,0,.294,,235,,559	¼ cup dry mix alone~34|1 package~907
2563156	B	38	356,25.4,4.24,54.2,966,15.2,1.69,0,5.1,0,3.56,136,271,,0,,,,2.2,0,.136,,42,,220	½ cup~59|1 package~567
2548433	B	81	320,8,2,72,1720,4,0,0,4,0,3.2,280,280,,0,,,,4,0,.4,,192	3 tbsp~25|1 package~908
2672570	B	38	383,10,7.5,70,1050,21.7,4.17,0,1.7,0,3.67,167,167,,0,.83,0,,2.67,0,.167,,100	1 cup~60
2653637	B	38	356,11.1,3.33,71.1,1090,11.1,1.11,0,2.2,0,3.56,133,111,,0,0,0,,3.56,0,.222,,222,,556	1/3 cup~45|1 package~1043
2497076	B	60	167,0,0,40,200,40	2 tbsp~30|1 package~236
2497080	B	60	333,0,0,83.3,117,46.7	2 tbsp~30|1 package~710
2483761	B	38	383,10,7.5,68.3,1100,20,3.33,0,5,0,5.67,167,,,0,.83,0,,2.67,,.217,,100	1 cup~60
2497065	B	81	333,11.1,0,74.1,1150,0,0,0,3.7,0,5.19,296,111,,0,0,0,,4.82,1,.37,,133	3 tbsp~27|1 package~2270
2674618	B	60	167,0,0,40,200,40	2 tbsp~30|1 package~710
2497062	B	14	341,7.32,1.22,78,0,2.44,0,0,4.9,0,4.63,0,146,,0,0,1.22,,3.9,0,.244,,146	¼ cup~41|1 package~2260
2653636	B	38	348,10.9,2.17,71.7,1020,10.9,0,0,2.2,0,3.7,130,109,,0,0,0,,3.48,0,.217,,217,,543	1/3 cup~46|1 package~1043
2674599	B	60	167,0,0,40,200,40	2 tbsp~30|1 package~710
2674619	B	38	333,8.33,0,72.2,1670,11.1,0,0,2.8,0,3.89,389,83,,0,0,0,,3.61,0,.222,,222,,694	¼ cup dry mix alone~36|1 package~907
2563160	B	60	333,0,0,83.3,100,50	2 tbsp~30|1 package~3629
2497070	B	81	333,7.41,1.85,77.8,0,0,0,0,3.7,0,4.44,,,,,,,,3.7,0,.37,,133	3 tbsp~27|1 package~2260
2497066	B	14	351,8.11,1.35,78.4,0,2.7,0,0,5.4,0,4.59,0,135,,0,0,1.35,,4.32,1,.27,,157	¼ cup~37|1 package~1040
2497067	B	81	320,8,2,72,1360,0,0,0,4,0,3.6,280,160,,0,,,,4,0,.4,,192	3 tbsp~25|1 package~908
2672598	B	38	308,10.3,1.28,69.2,1620,10.3,0,0,5.1,0,4.36,231,308,,0,0,0,,4.1,1,.256,,62,,795	1 serving~39|1 package~992
2497061	B	81	333,7.41,0,77.8,0,0,0,0,3.7,0,3.7,,,,,,,,4.82,0,.37,,222	3 tbsp~27|1 package~2260
2486651	B	81	320,8,0,76,1280,4,0,0,4,0,6.8,280,200,,0,,,,6.4,1,.4,,144	3 tbsp~25|1 package~2260
2439831	B	48	130,10,10,0,2820,0,0,0,0,,0,200,,0	1½ plate~10|1 package~350
1950457	B	9	320,4,20.8,26.4,168,23.2,12.8,116,,,.29,32,0,,0	1 serving~125
1938957	B	9	360,6.4,21.6,33.6,400,25.6,13.6,120,0,0,.58,48,,0	1 serving~125|1 package~482
1896760	B	9	553,11.8,36.5,43.5,294,34.1,20,124,2.4,0,2.12,94,,0	1 serving~85
2374833	B	9	318,5.88,25.9,21.2,294,2.35,15.3,135,0,,.42,47,0,,.475	1 serving~85
1782572	B	9	275,7.69,18.7,16.5,352,14.3,12.1,77,,0,0,110,,0	1 serving~91
1916248	B	9	353,7.06,23.5,25.9,306,20,15.3,135,1.2,0,.85,71,,0	1 serving~85
1950458	B	9	344,5.6,23.2,28.8,232,23.2,14.4,112,.8,,.58,48,0,,0	1 serving~125
2456064	B	35	133,6.67,0,26.7,4800,26.7,0,0,0,0,1.2,0,,0	1 tbsp~15|1 package~500
2067741	B	35	133,6.67,0,26.7,8200,13.3,0,0,0,0,4.8,0,,0	1 tbsp~15|1 package~1800
2374973	B	91	360,12,1,75,700,2,.5,0,5,0,4.5,13,94,,0	1 serving~100|1 package~300
2086282	B	54	233,0,0,60,0,53.3,0,0,0,0,4.8,67,,0	1 tbsp~15|1 package~500
2287539	B	9	370,7.53,31.5,19.9,267,2.05,19.2,127,.7,1.37,.49,55	1 serving~146|1 package~567
1882612	B	9	346,7.08,23,28.3,215,22.1,14.2,127,,0,.48,18,,2.7	1 serving~113|1 package~567
1882611	B	9	331,6.19,21.2,28.3,192,21.2,12.4,112,.9,0,.8,18,,2.7	1 serving~113|1 package~567
2055298	B	9	424,5.88,29.4,37.6,35,31.8,17.6,176,3.5,0,2.12,24,,0	1 serving~85
2055300	B	9	352,6.59,24.2,28.6,209,23.1,14.3,115,0,0,.79,0,,0	1 serving~91
2055301	B	9	306,4.71,23.5,22.4,259,4.71,16.5,124,0,0,,94,,24.7	1 serving~85
2055299	B	9	382,5.88,25,30.9,132,27.9,16.2,125,2.9,0,2.12,29,,0	1 serving~68
1950459	B	9	384,5.6,27.2,28.8,192,24,16.8,100,1.6,,1.44,32,112,,0	1 serving~125
2277691	B	7	100,0,10,6.67,800,,0,0,,0	4 olives~15|1 package~136
2078702	B	7	100,0,10,6.67,633,,0,0,,0	4 olives~15
1941093	B	7	67,0,6.67,6.67,800,,0,,,0,4.8	3 olives~15|1 package~183
2580341	B	7	167,0,16.7,6.67,1330,,3.33,33,,0	2 olives~15|1 package~190
2653780	B	7	133,0,13.3,0,1400,,0,0,,0,,40,33	4 olives~15
2631700	B	45	100,0,10,6.67,800,,0,0,6.7,0,4.67,,,,,6.67,0	1 serving~15|1 package~163
2276063	B	7	267,0,26.7,6.67,1530,0,3.33,0,0,,0,27,33,,0	4 olives~15|1 package~113
2580348	B	7	233,0,23.3,6.67,1400,0,3.33,0,0,0,0,27,33,,0	3 olives~15|1 package~339
2286191	B	7	133,0,13.3,6.67,2200,,0,0,,0	3 olives~15|1 package~190
2411127	B	7	100,0,6.67,6.67,1000,0,0,0,0,0,7.2,0,0,,0	4 olives~15|1 package~136
2113947	B	7	250,0,25,0,1790,,0,0,,0	3 olives~14|1 package~480
2580349	B	7	133,0,10,0,733,,0,0,,0	4 olives~15|1 package~680
2569539	B	45	100,0,10,6.67,800,,0,0,,0,,,,,,6.67,0	5 olives~15
2453602	B	15	161,7.14,8.93,17.9,607,0,1.79,0,3.6,,1.93,36,125,,0	2 tbsp~28|1 package~227
2569540	B	45	94,0,9.38,6.25,781,,0,0,,0,,,,,,6.25	2 tbsp~16
2569537	B	7	179,0,17.9,0,2210,,3.57	4 olives~14
2569538	B	80	103,0,10.3,6.62,824,0,0,0,0,0,2.06,0,0,,0	1 serving~34
2427196	B	15	214,7.14,10.7,17.9,714,0,1.79,0,7.1,,1.93,36,125,,0	2 tbsp~28|1 package~227
2099327	B	7	100,0,10,6.67,867,,0,0,6.7,0,4.8,133	3 olives~15|1 package~183
2569536	B	7	300,0,30,6.67,1400,,3.33,,,0	10 olives~15
2126037	B	7	94,0,9.38,0,875,0,0,0,0,0,,,,,,6.25,0	2 tbsp~16|1 package~1104
2559863	B	37	94,0,9.38,6.25,781,,0,,,0,1.88,,,,,6.25	2 tbsp~16|1 package~63.8
2410971	B	7	100,0,6.67,6.67,1130,0,0,0,0,0,7.2,0,0,,0	4 olives~15|1 package~136
2451716	B	62	714,0,78.6,0,643,0,50,214,0,0,0,0,0,,0	1 tbsp~14|1 package~907
2061945	B	2	367,26.7,30,0,167,0,16.7,100,0,0,0,833,,0	1 serving~30|1 package~340
2061948	B	2	333,20,26.7,3.33,1270,0,16.7,67,0,0,0,667,,0	1 serving~30|1 package~340
2061946	B	2	400,23.3,33.3,3.33,633,0,20,100,0,0,0,667,,0	1 serving~30|1 package~340
2061944	B	2	400,23.3,33.3,3.33,633,0,20,100,0,0,0,667,,0	1 serving~30|1 package~340
2629248	B	2	357,25,28.6,3.57,500,0,17.9,107,0,0,0,821,71,0,0,,,225	1 serving~28|1 package~340
1890156	B	2	400,23.3,33.3,3.33,633,0,20,100,0,0,0,667,,0	1 serving~30|1 package~340
2061947	B	28	300,16.7,23.3,0,1300,0,13.3,67,0,0,0,500,,0	1 serving~30|1 package~340
446910	B	102	143,12.7,9.52,0,143,,3.17,373,,0,1.71,63,135,0,2.38,,,,,0,.405,.19,51,,238,.95,1.43	1 egg~63
2386734	B	0	700,10,73.3,13.3,0,3.33,6.67,0,10,0,2.67,67,400,,0	¼ cup~30|1 package~64
1991865	B	0	667,16.7,63.3,13.3,0,3.33,6.67,0,6.7,0,,100,433,,0	¼ cup~30|1 package~64
2088374	B	0	657,14.3,65.7,14.3,0,2.86,5.71,0,5.7,0,3.09,114,,0	1 serving~35
2451977	B	0	568,27,48.6,16.2,27,0,6.76,0,10.8,0,3.78,108,757,,0	¼ cup~37|1 package~454
2386731	B	0	667,16.7,63.3,13.3,0,3.33,6.67,0,6.7,0,3,100,433,,0	¼ cup~30|1 package~454
2386733	B	0	567,20,50,20,0,3.33,3.33,0,13.3,0,3.67,267,733,,0	¼ cup~30|1 package~64
2386722	B	0	567,20,50,20,0,3.33,3.33,0,13.3,0,3.67,267,733,,0	¼ cup~30|1 package~170
2368617	B	0	581,20.9,48.8,20.9,0,4.65,3.49,0,11.6,0,3.35,186,,0	1 serving~43
2386721	B	0	700,10,73.3,13.3,0,3.33,6.67,0,10,0,2.67,67,400,,0	1/3 cup~30|1 package~283
2095663	B	7	35,2.35,0,7.06,31,2.35,0,0,2.4,0,.42,47,,63.5,,,,,,,,,,,,,,,,,,113	1 serving~85|1 package~340
2018226	B	35	25,1.18,0,4.71,41,2.35,0,0,1.2,0,.21,59,,27.5	1 serving~85|1 package~340
2476519	B	20	40,2,1,7,260,2,1,2,2,0,1,35,1240,,0	1 cup~100|1 package~481
2018203	B	20	94,2.35,3.53,15.3,400,8.24,0,0,2.4,0,.85,47,,14.1,,,,,,,,,,,,,,,,,,56.5	1 serving~85|1 package~368
2440863	B	80	21,1.75,0,5.26,32,1.75,0,0,1.8,,0,53,,47.4	1 serving~57|1 package~227
2440861	B	20	24,1.18,0,5.88,24,3.53,0,0,2.4,,.42,47,,42.4	1 serving~85|1 package~907
2150663	B	33	159,3.74,3.27,30.8,1360,7.48,0,0,.9,0,2.24,28,121,,0	½ bowl~107|1 package~212
2426976	B	33	96,1.75,4.39,14,412,3.51,2.63,13,2.6,0,.88,43,313,,0	1 cup~114|1 package~340
2437731	B	20	29,1.18,0,5.88,18,3.53,0,0,1.2,,.21,35,,28.2	1 serving~85|1 package~454
2469378	B	43	178,5.61,4.21,29,1130,4.67,0,0,2.8,0,1.21,65,243,,.1	½ bowl~107|1 package~226
2168236	B	33	212,9.09,11.1,16.2,404,1.52,3.54,20,1,0,.76,121,581,,0	2 tacos~198|1 package~807
2437719	B	20	28,1.75,0,7.02,30,5.26,0,0,1.8,,.32,35,,54.7	1 serving~57|1 package~227
2159346	B	43	178,3.74,6.54,26.2,1100,3.74,.47,0,1.9,0,.84,121,206,,0	½ bowl~107|1 package~212
2018225	B	20	34,1.18,0,7.06,95,2.94,0,0,2.4,,.21,35,,5.6	1 serving~85|1 package~907
2095589	B	20	35,2.35,0,7.06,41,0,0,0,1.2,0,1.69,71,,77.6,,,,,,,,,,,,,,,,,,358	1 serving~85|1 package~226
2469379	B	33	152,5.05,2.53,26.3,1080,2.02,0,0,2,0,.71,30,152,,.1	½ bowl~99|1 package~198
2469377	B	43	162,6.06,4.04,27.3,1220,2.02,1.01,5,1,0,.51,30,162,,.2	½ bowl~99|1 package~212
1948014	B	12	321,39.3,14.3,3.57,1090,0,7.14,125,0,0,5.14,0,,0	1 serving~28|1 package~60
1948008	B	12	250,25,12.5,3.57,750,0,5.36,89,0,,2.57,0,,0	1 stick~28
1958018	B	12	321,32.1,17.9,3.57,1040,0,7.14,89,0,0,3.86,71,,53.6	1 stick~28|1 package~112
1948015	B	12	286,42.9,10.7,3.57,1090,0,5.36,125,0,0,5.14,0,,0	1 serving~28|1 package~60
1947994	B	12	250,28.6,12.5,3.57,750,3.57,5.36,71,0,0,3.86,0,,0	1 serving~28|1 package~112
1947996	B	12	321,25,25,3.57,714,0,8.93,89,0,,1.29,0,,0	1 stick~28
1948010	B	12	250,28.6,12.5,3.57,750,0,5.36,71,0,,3.86,0,,0	1 stick~28
1948011	B	12	286,42.9,10.7,3.57,1090,0,5.36,125,0,0,5.14,0,,0	1 serving~28|1 package~60
1947995	B	12	250,28.6,12.5,3.57,750,0,5.36,107,0,,3.86,0,,0	1 stick~28
1948009	B	12	250,42.9,7.14,3.57,1090,0,0,125,0,0,1.93,0,,0	1 serving~28|1 package~60
1947993	B	12	321,25,25,3.57,714,0,8.93,89,0,0,1.29,0,,0	1 serving~28|1 package~113
1900834	B	0	476,16.7,23.8,54.8,333,40.5,4.76,0,2.4,0,.86,48,,0	3 bars~42|1 package~1270
1872842	B	1	480,8,24,64,170,56,10,0,2,0,.72,80,,0	1 bar~50
1872841	B	1	480,8,24,64,170,56,10,0,2,0,.72,80,,0	1 bar~50
2071085	B	1	389,3.53,10.6,74.2,71,53,7.07,0,3.5,0,1.27,0,,0	1 serving~28.3
2044124	B	8	400,2.5,8.75,80,112,70,6.25,0,5,0,3.6,0,,0	10 pieces~40|1 package~92.1
1876954	B	8	400,2.5,8.75,80,112,70,6.25,0,5,0,3.6,0,,0	10 pieces~40|1 package~99.2
2376268	B	8	533,6.67,33.3,56.7,250,50,26.7,0,0,0,0,10,280,,0	1 serving~30|1 package~213
2167618	B	8	500,6.67,30,60,33,53.3,15,17,3.3,0,4.33,100,333,,0	1 serving~30|1 package~213
2134411	B	8	395,2.63,6.58,81.6,184,71,3.95,0,2.6,0,2.63,0,0,,0	5 pieces~38|1 package~411
2289152	B	1	400,2.5,7.5,82.5,112,75,3.75,0,2.5,0,3.6,0,,0	8 pieces~40|1 package~226
2101507	B	1	391,4.35,8.7,82.6,217,65.2,6.52,0,4.3,0,3.13,0,,0	1 bar~23|1 package~181
2285274	B	8	395,2.63,6.58,81.6,184,71,3.95,0,2.6,0,2.84,0,,0	5 pieces~38|1 package~340
1872847	B	1	395,2.63,6.58,81.6,184,71,3.95,0,2.6,0,2.84,0,,0	5 pieces~38|1 package~283
2047878	B	1	476,16.7,23.8,54.8,333,40.5,4.76,0,2.4,0,.86,48,,0	3 bars~42|1 package~567
1905137	B	1	485,15.4,22,52.9,330,39.6,4.41,0,4.4,0,.79,44,,0	1 serving~45.4
1872846	B	1	412,2.94,7.35,82.4,206,64.7,4.41,0,2.9,0,4.24,0,,0	1 pattie~34
1916463	B	8	421,2.63,9.21,81.6,118,65.8,6.58,0,5.3,0,3.79,0,,0	5 pieces~38|1 package~482
2074049	B	1	491,10.5,26.3,54.4,263,43.9,2.63,0,5.3,0,1.89,140,,0	1 serving~57
2289298	B	1	476,16.7,21.4,52.4,333,42.9,4.76,0,2.4,0,.86,48,,0	1 serving~42|1 package~907
2311999	B	13	464,10.7,17.9,60.7,214,46.4,3.57,0,7.1,0,0,36,429,,0	2 bars~28|1 package~340
2162307	B	12	567,16.7,36.7,43.3,167,36.7,23.3,0,3.3,0,0,133,467,,0	1 serving~30|1 package~85
2324906	B	0	533,16.7,40,30,1000,6.67,6.67,0,3.3,0,6,67,600,,0,,,,,0,,,,250,500,,4.67	¼ cup~30|1 package~113
2165963	B	0	533,13.3,36.7,40,900,20,6.67,0,3.3,0,5,67,533,,0,,,,,,,,,200,400,,4.67,,,1.53	¼ cup~30|1 package~113
2307288	B	0	424,9.09,21.2,54.6,697,42.4,3.03,0,6.1,0,1.52,121,303,,0	¼ cup~33|1 package~128
1952813	B	8	475,2.5,25,60,125,52.5,15,12,2.5,0,3.6,100,,0	2½ pieces~40|1 package~454
2593238	B	0	491,3.51,29.8,50.9,1070,26.3,15.8,9,5.3,0,.18,0,61,,0	1 serving~57|1 package~170
1907320	B	96	123,3.51,0,26.3,123,1.75,0,0,3.5,0,.63,70,,36.8	1 serving~57|1 package~340
1894396	B	55	91,3.31,.41,19.8,17,8.26,0,0,1.7,0,1.49,17,,7.4	1 serving~121|1 package~241
2265373	B	34	212,9.73,3.98,34.5,496,1.77,1.77,9,.9,0,2.39,133,,5.3	½ pizza) / (~113|1 package~227
1894393	B	30	83,3.31,0,19,17,8.26,0,0,1.7,0,.3,17,,7.4	1 serving~121|1 package~241
1907321	B	96	123,3.51,0,26.3,123,1.75,0,0,3.5,0,.63,35,,21.1	1 serving~57|1 package~340
2429725	B	12	464,14.3,28.6,42.9,643,0,3.57,0,10.7,0,3.57,36,1400,,0	1 serving~28
1953641	B	12	464,14.3,28.6,42.9,714,3.57,3.57,0,10.7,0,3.57,79,1490,,0	1 serving~28
2397172	B	12	429,14.3,21.4,50,786,3.57,1.79,0,10.7,0,3.57,43,1580,,0	1 serving~28|1 package~71
2603936	B	12	500,14.3,32.1,42.9,607,0,3.57,0,10.7,0,3.57,143,1320,,0	13 chips~28|1 package~255
2603935	B	5	464,14.3,28.6,46.4,607,3.57,1.79,0,10.7,0,2.86,36,1290,,0	13 chips~28|1 package~85.1
2664007	B	12	464,14.3,28.6,42.9,643,0,3.57,0,10.7,0,3.57,107,1430,,0	40 chips~28|1 package~113
2397175	B	5	464,14.3,28.6,42.9,643,3.57,3.57,0,10.7,0,3.57,32,1350,,0	1 serving~28
2397174	B	5	429,14.3,21.4,50,786,3.57,1.79,0,10.7,0,3.57,46,1590,,0	1 serving~28|1 package~71
2429724	B	5	464,14.3,28.6,42.9,643,0,3.57,0,10.7,0,3.57,29,1350,,0	1 serving~28
2664006	B	12	500,14.3,28.6,42.9,643,0,3.57,0,10.7,0,3.57,0,1430,,0	40 chips~28|1 package~113
2664008	B	12	429,14.3,21.4,50,857,3.57,1.79,0,10.7,0,3.21,0,1570,,0	18 chips~28|1 package~85
2424752	B	5	464,14.3,28.6,42.9,643,3.57,3.57,0,10.7,0,3.57,71,321,,0	14 chips /~28|1 package~128
2397176	B	5	464,14.3,28.6,42.9,786,3.57,3.57,0,10.7,0,3.57,89,1410,,0	1 serving~28
2462078	B	14	385,5.13,2.56,87.2,487,38.5,0,0,0,0,4.62,0,51,15.4,5.12,,,,20.5,1,1.74,1.28,369,,,12.3,5.77	1 cup~39|1 package~283
2462076	B	14	385,5.13,2.56,87.2,487,38.5,0,0,0,0,4.62,0,51,15.4,5.12,,,,20.5,1,1.74,1.28,369,,,12.3,5.77	1 cup~39|1 package~538
2299602	B	12	393,3.57,3.57,89.3,339,50,0,0,3.6,0,6.43,214,143,,,,,,5.71,1,.486,.571,212,,,3.21,3.21,.714	1 pouch~28|1 package~170
2628970	B	14	379,3.45,1.72,89.7,552,44.8,0,0,0,0,4.97,0,52,0,4,0,0,310,13.8,1,1.17,1.38,276,,,4.14,4.14	¾ cup~29|1 package~311
2652321	B	14	393,3.57,3.57,89.3,339,50,0,0,3.6,0,6.43,214,143,,1,,,257,5.71,1,.486,.571,214,,,3.21,3.21,.357	1 pouch~28
2585120	B	12	393,3.57,3.57,85.7,607,32.1,0,0,3.6,0,12.9,286,107,,0,,,,5.71,2,.243,.571,107,,,,4.29,1.07	1 pouch~28
1864280	B	14	379,3.45,3.45,89.7,483,48.3,1.72,0,0,0,4.97,0,138,0,2.75,0,0,,13.8,1,1.17,1.38,276,,,4.14,4.14	¾ cup~29|1 package~311
1864232	B	14	414,3.45,3.45,86.2,586,34.5,3.45,0,0,0,6.21,0,155,0,6.9,0,0,,17.2,1,1.47,1.72,,,69,5.17,5.17,,,.138	¾ cup~29|1 package~425
1864233	B	14	407,3.7,3.7,85.2,519,33.3,3.7,0,0,0,6.67,0,74,22.2,7.4,0,0,,18.5,1,1.57,1.85,,,,5.56,5.56	¾ cup~27|1 package~963
2484774	B	12	387,3.23,3.23,83.9,339,45.2,0,0,3.2,0,8.71,226,129,,0,,,,3.87,1,,.516,48,,,,2.9,.968	1 cup~31|1 package~170
2041236	B	0	321,3.57,8.93,60.7,750,46.4,3.57,18,0,0,0,0,,0	1 serving~28|1 package~212
2167650	B	0	607,7.14,46.4,39.3,161,32.1,3.57,0,3.6,0,2.5,71,339,,0	1 serving~28|1 package~113
2539336	B	0	607,7.14,46.4,39.3,161,32.1,3.57,0,3.6,0,2.5,71,339,,0	1 serving~28|1 package~142
2539335	B	0	607,7.14,46.4,39.3,161,32.1,3.57,0,3.6,0,2.5,71,339,,0	1 serving~28|1 package~226
2463566	B	0	679,10.7,71.4,14.3,0,3.57,7.14,0,10.7,0,2.5,93,336,,0	1 serving~28|1 package~142
2387907	B	0	679,10.7,71.4,14.3,0,3.57,7.14,0,10.7,0,2.5,93,336,,0	1 serving~28|1 package~113
2385299	B	0	679,10.7,71.4,14.3,0,3.57,7.14,0,10.7,0,5.14,93,336,,0,,,,,1,,,,143,,,,,4,1.43	1 serving~28|1 package~454
2554743	B	0	786,10.7,75,14.3,286,3.57,8.21,0,10.7,0,2.86,71,393,,0	1 serving~28|1 package~142
1912077	B	1	417,0,0,100,42,66.7,0,,,0	3 pieces~12|1 package~200
1131955	B	4	417,0,0,83.3,0,33.3,,0	1 cookie~6
2594354	B	6	233,10,0,50,733,0,0,0,3.3,0,0,127,187,,0	1 slice~30|1 package~567
2019156	B	6	258,6.45,1.61,51.6,1060,0,0,0,3.2,0,1.16,0,,0	1 slice~31|1 package~567
2385953	B	102	198,14.3,13.2,5.49,571,1.1,3.3,363,1.1,0,1.98,66,154,,1.1	1 pack~91
2470589	B	102	168,12.6,10.5,6.32,253,0,3.16,347,0,0,1.05,48,161,,2.1	1 pack~95
2385955	B	102	209,15.4,15.4,3.3,363,0,3.85,363,1.1,0,1.98,44,154,,1.1	1 pack~91
2470590	B	102	184,13.3,12.2,5.1,531,1.02,3.06,337,1,0,2.04,80,176,,2.05	1 pack~98
2441753	B	42	225,0,0,55,0,35,0,0,0,,0,0,,0	1 tbsp~20|1 package~510
2441738	B	7	71,0,0,17.9,571,14.3,0,0,0,,0,0,,21.4	2 tbsp~28|1 package~454
2441751	B	42	214,0,0,57.1,0,57.1,0,0,0,,0,0,,8.6	1 tbsp~14|1 package~510
2441750	B	42	250,0,0,64.3,0,57.1,0,0,0,,0,0,,17.1	1 tbsp~14|1 package~510
2441755	B	42	250,0,0,64.3,0,64.3,0,0,0,,0,0,,0	1 tbsp~14|1 package~252
2441746	B	42	250,0,0,65,0,55,0,0,0,,0,0,,0	1 tbsp~20|1 package~510
2441749	B	42	250,0,0,55,0,55,0,0,0,,0,0,,0	1 tbsp~20|1 package~510
2441747	B	42	250,0,0,57.1,0,57.1,0,0,0,,0,0,,0	1 tbsp~14|1 package~510
2441732	B	7	107,7.14,0,7.14,929,,0,0,0,,2.57,286,,25.7	2 mushrooms~14|1 package~227
2441739	B	129	172,0,0,43.7,36,32.4,0,0,1.3,,.24,13,,.8	½ cup~151|1 package~908
2441752	B	42	250,0,0,64.3,0,64.3,0,0,0,,0,0,,0	1 tbsp~14|1 package~510
2441734	B	7	18,0,0,0,1000,0,0,0,0,,0,0,,0	1 spear~28|1 package~454
2441731	B	80	130,4,.5,29,620,8,0,0,6,,0,0,,0	1/3 cup~100|1 package~454
2441735	B	7	17,0,0,3.33,1130,0,0,0,0,,0,0,,4	1 pickle /~30|1 package~908
2441736	B	7	36,0,0,7.14,2860,7.14,0,0,0,,0,0,,64.3	1 tbsp~14|1 package~454
2441730	B	7	133,6.67,0,26.7,1130,6.67,0,0,0,,0,0,,0	3 cloves~15|1 package~454
2441756	B	42	250,0,0,60,0,50,0,0,0,,0,0,,0	1 tbsp~20|1 package~252
2441729	B	7	214,0,0,50,500,50,0,0,0,,0,0,,0	2 tbsp~28|1 package~454
2441757	B	42	250,0,0,65,0,50,0,0,0,,0,0,,0	1 tbsp~20|1 package~252
2441754	B	42	250,0,0,64.3,0,64.3,0,0,7.1,,0,0,,8.6	1 tbsp~14|1 package~252
2441702	B	44	109,.78,0,26.6,8,26.6,0,0,3.9,,0,0,,112	½ cup~128|1 package~908
2441725	B	102	180,8,6,22,2200,22,2,250,0,,1.44,40,,0	1 egg~50|1 package~908
2441742	B	129	152,0,0,37.8,33,29.8,0,0,.7,,.24,0,,0	½ cup~151|1 package~908
2441741	B	129	166,.66,0,41.7,33,33.1,0,0,0,,.24,0,,0	½ cup~151|1 package~908
2441740	B	129	119,.66,0,29.1,23,22.5,0,0,.7,,.24,0,,47.7	½ cup~151|1 package~908
2441743	B	7	89,0,0,25,214,21.4,0,0,0,,0,0,,0	5 slices /~28|1 package~908
1876084	B	0	475,7.5,20,70,650,35,17.5,0,2.5,0,.45,100,,0	1 serving~40|1 package~128
1882352	B	0	446,7.14,17.9,67.9,114,42.9,3.57,0,7.1,0,2.57,143,,0	1 serving~28|1 package~227
2058366	B	22	500,3.33,26.7,66.7,0,16.7,23.3,0,3.3,0,1.2,0,,0	1 serving~30|1 package~128
2543719	B	14	464,7.14,21.4,60.7,71,32.1,8.93,0,7.1,0,1.29,71,,4.3	1 serving~28|1 package~113
2049582	B	116	571,17.9,42.9,35.7,571,0,7.14,0,7.1,0,2.57,143,,4.3	1 serving~28|1 package~170
2043577	B	0	469,3.12,15.6,84.4,31,59.4,12.5,0,3.1,0,1.12,62,,0	¼ cup~32
2051638	B	0	450,5,22.5,67.5,75,57.5,20,0,2.5,0,.45,125,,1.5	1 serving~40|1 package~312
2429306	B	12	536,3.57,32.1,57.1,929,3.57,5.36,0,0,0,0,29,157,,0,8.93,16.1	20 pieces /~28|1 package~70.9
2051639	B	0	575,10,42.5,42.5,338,32.5,15,0,7.5,0,4.5,100,,0	1 serving~40|1 package~269
2043570	B	0	575,10,37.5,50,138,45,20,25,2.5,0,1.8,200,,3	1 serving~40|1 package~227
1879223	B	5	474,5.26,26.3,56.1,1280,1.75,5.26,0,3.5,0,1.89,0,1160,21.1	1 bag, 26 chips~57
1890019	B	14	400,12.7,16.4,65.4,91,18.2,4.55,0,10.9,0,3.27,109,,0	½ cup~55|1 package~198
2044803	B	1	345,7.5,0,77.5,0,32.5,0,0,0,0,0,0,,0	1 serving~40|1 package~312
2096072	B	1	400,2.5,0,92.5,12,47.5,,0,0,0,0,0,,0	5 pieces~40|1 package~227
1877545	B	1	300,5,0,72.5,25,47.5,0,0,0,0,0,0,,0	12 pieces~40|1 package~227
2043850	B	5	500,7.14,25,60.7,893,3.57,3.57,0,3.6,0,1.29,0,1180,21.4	1 serving~28|1 package~198
1873836	B	5	536,7.14,28.6,60.7,607,0,3.57,0,3.6,0,1.29,0,1250,17.1	1 serving~28|1 package~198
1881622	B	5	509,7.02,26.3,59.6,895,3.51,3.51,0,3.5,0,1.26,70,1180,15.8	1 bag, 26 chips~57
1916607	B	5	509,7.02,26.3,61.4,912,1.75,3.51,0,3.5,0,1.26,0,1120,15.8	26 chips /~57
1878439	B	5	474,5.26,26.3,57.9,982,3.51,5.26,0,3.5,0,1.89,0,1120,21.1	1 bag, 26 chips~57
2049586	B	0	421,7.14,21.4,46.4,7,35.7,3.57,0,7.1,0,2.57,71,,2.1	1 serving~28|1 package~227
2058370	B	22	350,0,0,87.5,50,75,0,0,5,0,.9,50,,0	1 serving~40|1 package~241
2095232	B	12	533,3.33,30,63.3,200,0,3.33,0,3.3,0,1.2,0,,32	1/3 cup~30|1 package~99
2475916	B	5	393,10.7,3.57,82.1,1390,0,0,0,3.6,0,3.57,36,146,,0,0,0,,7.14,0,.714	10 pretzels /~28|1 package~70.9
2043571	B	0	518,14.3,25,53.6,804,10.7,3.57,0,7.1,0,1.29,0,,0	¼ cup~28|1 package~184
2044804	B	0	575,21.4,50,21.4,0,3.57,3.57,0,10.7,0,3.86,250,,0	1 serving~28|1 package~227
1951151	B	0	571,21.4,50,21.4,375,3.57,3.57,0,10.7,0,3.86,286,,0	1 serving~28|1 package~141
2286403	B	0	571,17.9,46.4,28.6,357,3.57,8.93,0,3.6,0,6.43,36,,0	1 serving~28|1 package~198
2049585	B	0	600,28.6,53.6,14.3,321,3.57,7.14,0,10.7,0,1.29,71,,0	1 serving~28|1 package~227
2046566	B	0	607,21.4,53.6,17.9,0,3.57,3.57,0,10.7,0,5.14,286,,0	¼ cup~28|1 package~255
2043569	B	0	568,21.4,46.4,25,404,7.14,7.14,0,10.7,0,4.5,107,,2.1	1 serving~28|1 package~170
2048567	B	12	571,10.7,39.3,46.4,1460,0,7.14,0,3.6,0,6.43,214,,0	1 serving~28|1 package~170
2048568	B	22	457,14.3,31.4,40,71,14.3,11.4,0,17.1,0,2.06,114,,6.9	¼ cup~35|1 package~212
2051640	B	0	429,7.14,14.3,64.3,2000,3.57,3.57,0,3.6,0,0,0,,0	1 serving~28|1 package~155
2043574	B	0	504,14.3,39.3,35.7,7,21.4,3.57,0,7.1,0,5.14,107,,2.1	1 serving~28|1 package~227
2049584	B	0	475,2.5,20,72.5,300,50,15,0,0,0,0,0,,0	1 serving~40|1 package~128
2044805	B	0	475,2.5,20,70,62,67.5,17.5,0,2.5,0,.9,100,,3	1 serving~40|1 package~312
2615174	B	21	193,8.57,5.71,27.1,186,2.14,3.21,21,1.4,0,1.29,107,,0,,,,51	7 rigatoni~140|1 package~340
2595681	B	21	189,7.09,2.76,32.3,252,0,.79,8,1.6,0,.79,16,116,,0	1 cup~127|1 package~454
2615173	B	63	193,8.57,4.29,28.6,179,2.86,2.5,18,.7,0,1.93,107,,0,,,,39	9 ravioli~140|1 package~369
2595680	B	16	165,6.3,1.18,33.9,346,0,.39,4,3.1,0,.79,30,91,,0	1 cup~127|1 package~454
2615172	B	21	179,7.86,5.71,23.6,236,3.57,3.21,29,.7,0,1.29,107,,0,,,,51	4 ravioli~140|1 package~369
2615171	B	21	186,7.59,4.14,29.7,117,2.07,2.07,21,0,0,1.86,55,,0,,,,37	18 pieces~145|1 package~369
2615169	B	21	267,10.6,2.22,51.1,17,2.78,.83,17,.6,0,2.5,22,,0,,,,0	1 cup~180|1 package~454
2615170	B	21	173,8.33,8.33,16.1,321,2.38,5.36,36,1.2,0,.86,149,,0,,,,80	3 shells~168|1 package~510
1977234	B	16	165,6.3,1.18,33.9,346,0,.39,4,3.1,0,.79,30,91,,0	1 cup~127|1 package~454
2666225	B	64	318,18.2,18.2,9.09,2540,9.09,9.09,45,0,0,0,0,,0,,,,0	1 cooked slice~11|1 package~284
2455279	B	27	316,14,28.1,3.51,719,0,10.5,61,0,,.63,0,,0	1 serving~57|1 package~454
1922659	B	27	340,14,28,4,820,2,10,70,0,0,0,0,,0	.12 piece~50|1 package~340
2546206	B	64	273,18.2,18.2,0,2090,0,9.09,45,0,0,0,0,,0	1 cooked slice~11|1 package~284
361453	B	28	179,22.6,7.14,3.57,1010,3.57,2.38,71,0,0,.86,24,,0	1 serving~84
1971777	B	64	273,18.2,18.2,0,2090,0,9.09,45,0,0,0,0,,0	1 cooked slice~11|1 package~284
1971713	B	27	260,18,22,2,960,0,8,70,0,,.72,0,,0	.12 piece~50|1 package~397
1998821	B	64	318,18.2,18.2,9.09,2820,9.09,4.55,45,0,,9.82,0,,0	1 cooked~11|1 package~284
2478613	B	143	235,16.5,17.6,1.18,882,,5.88,59,0,0,.94,24,341,,.7	1 serving~85|1 package~340
2492338	B	71	10,0,0,2.78,103,1.94,,,.3,,,,78,,,,,,,,,,,,,,.78,,,,3	12 fluid ounce/360 milliliter~360
2492339	B	71	10,0,0,2.78,103,1.94,,,.3,,,,78,,,,,,,,,,,,,,.78,,,,3	12 fluid ounce/360 milliliter~360
2590861	B	150	333,0,0,77.8,2890,66.7,,,,,,,2000	1 packet~9|1 package~68
2616114	B	24	294,0,0,88.2,3820,58.8,,,5.9,,,,2180	1 packet~17
2567374	B	24	294,0,0,70.6,3820,70.6,,,,,,,2180	1 packet~17
2588981	B	185	10,0,0,2.78,136,1.94,,,.3,,,,78,,,,,,,,,,,,,,.78	12 fl oz per serving~360|1 package~1000
2633945	B	150	4,0,0,1.2,138,1.2,,,,,,,78,,,,,,,,,,,,,,.78	16.9 fl oz~500
2611394	B	24	333,0,0,77.8,2890,66.7,,,,,,,2000	1 packet~9
2552721	B	150	333,0,0,77.8,2890,66.7,,,,,,,2000	1 packet~9|1 package~68
2590859	B	118	7,0,0,1.67,103,1.67,,,,,,,78,,,,,,,,,,,,,,.78	12 fl oz~360|1 package~1000
2567388	B	30	333,0,0,77.8,2890,66.7,,,,,,,2000	1 packet~9
2567387	B	30	333,0,0,77.8,2890,66.7,,,,,,,2000	1 packet~9
2567367	B	3	12,0,0,3.2,104,2.4,,,,,,,80	2 pops~125
2616112	B	24	284,0,0,85.1,4610,56.7,,,7.1,,,,2620,638,,,,,,,,,,,,17,24.1,,,,,,53	1 packet~14.1
2492341	B	71	12,0,0,3.33,103,2.5,,,,,,,78,,,,,,,,,,,,,,.78	12 fluid ounce/360 milliliter~360
2642243	B	30	333,0,0,77.8,2890,66.7,,,,,,,2000	1 packet~9|1 package~34
2567379	B	118	284,0,0,70.9,4610,49.6,,,7.1,,,,4260,,,,,,,,,,,390,1350	1 packet~14.1
2616113	B	24	284,0,0,85.1,4610,56.7,,,7.1,,,,2620,638,,,,,,,,,,,,17,24.1,,,,,,53	1 packet~14.1
2492340	B	71	10,0,0,2.5,103,2.5,,,,,,,78,,,,,,,,,,,,,,.78	12 fluid ounce/360 milliliter~360
2492342	B	71	12,0,0,3.33,103,2.5,,,,,,,78,,,,,,,,,,,,,,.78	12 fluid ounce/360 milliliter~360
2567376	B	118	10,0,0,2.78,136,1.94,,,.3,,,,78,,,,,,,,,,,,,,.78	12 fl oz per serving~360|1 package~1000
2567386	B	185	10,0,0,2.78,136,1.94,,,.3,,,,78,,,,,,,,,,,11,,,.78,,,,3	12 fl oz per serving~360|1 package~1000
2552719	B	118	8,0,0,2.5,136,1.39,,,.3,,,,131,,,,,,,,,,,11,39	12 fl oz~360|1 package~1000
2657170	B	118	284,0,0,70.9,4610,49.6,,,7.1,,,,4260,,,,,,,,,,,390,1350	1 packet~14.1|1 package~84.6
2674844	B	118	284,0,0,70.9,4610,49.6,,,7.1,,,,4260,,,,,,,,,,,390,1350	1 packet~14.1
2492333	B	71	12,0,0,3.33,103,2.5,,,,,,,78,,,,,,,,,,,,,,.78	12 fluid ounces/360 milliliter~360
2552720	B	150	333,0,0,77.8,2890,66.7,,,,,,,2000	1 packet~9|1 package~68
2567375	B	86	294,0,0,70.6,3820,70.6,,,,,,,2180	1 packet~17
2233989	B	71	294,0,0,70.6,2880,70.6,,,,,,,2180	17 gram/0.6 ounce~17
2567371	B	24	294,0,0,70.6,2880,70.6,,,,,,,2180	1 packet~17
2380906	B	71	11,0,0,2.78,103,2.5,,,,,,,78,,,,,,,,,,,,,,.78	12 fluid ounce/360 milliliter~360
2597240	B	118	1,0,0,.28,68,0,,,,,,,37,,,,,,,,,,,,,,.79	12 fl oz per serving~355|1 package~1000
2567382	B	118	1,0,0,.28,68,0,,,,,,,37,,,,,,,,,,,,,,.79	12 fl oz~355|1 package~1000
2489446	B	30	462,13.5,17.3,59.6,173,26.9,3.85,0,0,0,6.92,481,596,46.2,5.78,,,,3.85,1,.981,1.15,,77,385,2.88,2.88,2.4,1,.385,13,30.8	3 level scoops~52|1 package~360
2492334	B	71	148,5.91,6.75,16,38,,,,,,1.14,148,165,10.1,1.7,,,,.844,0,.211,.253,42.5,25,105,.63,.63,1.06,0,.084,3,6.8,,35,,,78.1	8 fluid ounce/237 milliliter~237
2613587	B	71	101,2.95,3.8,13.9,38,3.8,.63,2,.4,0,1.14,139,198,6.3,3,1.48,1.48,57,1.69,0,.179,.169,25,17,84,.51,.95,.527,0,.127,4,5.1,1	8 fluid ounce/237 milliliter~237
2557431	B	71	101,2.95,3.8,13.9,38,3.8,.63,2,.4,0,1.14,139,198,6.3,3,1.48,1.48,57,1.69,0,.179,.169,25,17,84,.51,.95,.527,0,.127,4,5.1	8 fluid ounce/237 milliliter~237
2214177	B	39	101,2.95,3.8,13.9,38,3.8,.63,4,1.3,0,1.14,139,198,6.3,,1.48,1.48,,1.69,0,.179,.169,25,17,84,.51,.95,1.06,0,.127,4,5.1	1 bottle~237
2520007	B	71	101,2.95,3.8,13.9,38,5.06,.42,2,.4,0,1.14,105,148,10.1,1.7,1.9,,,.844,0,.211,.253,42.5,17,84,.63,.63,1.06,0,0,3,6.8,,35,,,84.4	8 fluid ounce/237 milliliter~237
2520005	B	71	101,2.95,3.8,13.9,38,5.06,.42,2,.4,0,1.14,105,148,10.1,1.7,1.9,,,.844,0,.211,.253,25,17,84,.63,.63,1.06,0,.084,3,6.8,,35,,,84.4	1 serving~237
2214176	B	70	101,2.95,3.8,13.9,38,5.06,.42,2,.4,0,1.14,105,148,10.1,1.7,1.9,1.05,,.844,0,.215,.253,25,17,84,.63,.63,1.06,0,.084,3,6.8	1 bottle~237
2520009	B	71	63,2.95,2.11,8.86,38,7.17,.42,2,1.3,0,1.14,105,165,10.1,1.7,.42,,,.844,0,.211,.253,42.5,17,84,.63,.63,1.06,0,.084,3,6.8,,35,,,89.4	1 serving~237
2520008	B	71	62,2.92,2.08,8.75,38,7.08,.42,2,1.2,0,1.12,104,162,10,1.68,.42,,,.833,0,.212,.25,25,17,83,.62,.62,.521,0,.083,3,6.7	1 serving~240
2557434	B	71	101,2.95,3.8,13.9,38,3.8,.63,2,.4,0,1.14,139,198,6.3,3,1.48,1.48,57,1.69,0,.179,.169,25,17,84,.51,.95,.527,0,.127,4,5.1	8 fluid ounce/237 milliliter~237
2613586	B	71	101,2.95,3.8,13.9,38,3.8,.63,2,.4,0,1.14,139,198,6.3,3,1.48,1.48,57,1.69,0,.179,.169,25,17,84,.51,.95,.527,0,.127,4,5.1,1	8 fluid ounce/237 milliliters~237
2520006	B	71	101,2.95,3.8,13.9,38,7.59,.42,2,1.3,0,1.14,105,148,10.1,1.7,2.53,,,.844,0,.211,.253,42.5,17,84,.63,.63,1.06,0,.084,3,6.8,,35,,,84.4	1 serving~237
2044806	B	0	443,10.7,25,50,7,32.1,3.57,0,7.1,0,3.21,71,,2.1	1 serving~28|1 package~227
2063282	B	68	157,5,4.29,25,250,.71,.71,0,4.3,0,7.71,29,,0	1 cup~140|1 package~249
2059296	B	104	282,11.8,5.88,52.9,41,0,0,0,23.5,0,10.6,59,,3.5	1 serving~17|1 package~454
1913044	B	11	17,1.83,0,1.62,1940,,,,,0,6.4,81,,.7	1 serving~28.4|1 package~284
2442161	B	19	27,.87,0,2.89,761,,0,0,0,,27.3,57,,.5	1 serving~14.2|1 package~142
2441654	B	11	72,.92,0,16.2,1140,,0,0,0,,47.1,43,,6.2	1 serving~14.2|1 package~142
2425417	B	26	212,7.96,12.4,16.8,796,0,2.21,22,1.8,0,2.65,35,126,,0	3 tamales~113|1 package~454
2444392	B	26	159,6.19,8.85,17.7,389,.88,1.33,0,2.7,0,2.65,56,349,,0	3 tamales~113|1 package~454
2425419	B	111	205,10.7,11.6,17,688,0,2.23,27,1.8,0,2.68,36,149,,0	3 tamales~112|1 package~454
2425418	B	111	205,10.7,11.6,17,688,0,2.23,27,1.8,0,2.68,36,149,,0	3 tamales~112|1 package~454
1961089	B	33	239,8.85,14.2,20.4,575,.88,3.54,18,2.7,0,3.19,53,,0	1 serving~113|1 package~340
2467110	B	3	247,5.38,15,24.7,59,22.6,8.6,59,1.1,0,1.16,108,237,9.7,,,,,0,0,.183,.043,9,34,108,.39,,.215,0,.344,,1.7	½ cup~93|1 package~414
2463575	B	3	269,4.3,15,29,48,23.7,9.68,65,0,0,0,161,,1.3,,,,,0,0,.183,.043,9,9,108,.39,,.323,0,0,,1.7	½ cup~93|1 package~414
2469506	B	17	215,4.3,12.9,21.5,59,21.5,7.53,65,1.1,0,0,161,194,1.3,,,,,0,0,.183,.043,9,9,108,.39,,.323,,0,,1.7	½ cup~93|1 package~414
2469504	B	3	290,5.38,17.2,29,59,25.8,10.8,54,2.2,0,1.94,108,269,3.9,,,,,.43,0,.183,.043,9,43,161,.39,,.215,0,.215,,3.4	½ cup~93|1 package~414
2469508	B	3	183,4.3,11.8,19.4,48,17.2,6.45,54,1.1,0,.39,108,183,12.9,,,,,0,0,.183,.043,9,9,86,.39,,.215,0,0,,1.7	½ cup~93|1 package~414
2463576	B	3	247,4.3,12.9,28,97,25.8,7.53,65,0,0,0,161,,1.3,,,,,0,0,.183,.043,9,9,108,.39,,.323,0,0,,1.7	½ cup~93|1 package~414
2469507	B	17	204,4.3,12.9,20.4,59,20.4,7.53,65,1.1,0,0,161,,1.3,,,,,0,0,.183,.043,9,9,108,.39,,.323,0,0,,1.7	½ cup~93|1 package~414
1909070	B	22	417,0,0,94.4,333,66.7,0,0,16.7,0,0,56,,6.7	1 bag, per container~18
2406436	B	22	325,5,0,80,0,50,0,0,7.5,0,2.5,42,838,,0	½ cup~40|1 package~199
2626355	B	22	400,0,0,93.3,333,66.7,0,0,13.3,,0,67,,8,,,,0	¼ cup~15|1 package~60
1859325	B	22	400,0,0,93.3,0,66.7,0,0,13.3,0,0,67,,8	¼ cup~15|1 package~60
2406437	B	22	350,0,0,85,0,47.5,0,0,5,0,.57,30,0,,0	½ cup~40|1 package~80
2677552	B	5	464,17.9,16.1,64.3,714,3.57,1.79,0,14.3,0,9.64,71,,0,,,,0	1 serving~28|1 package~94
2626354	B	0	467,10,26.7,56.7,117,33.3,13.3,0,6.7,0,3.6,0,,4,,,,240	¼ cup~30|1 package~170
1899300	B	22	314,2.86,0,77.1,0,57.1,0,0,8.6,0,1.03,0,,0	1 bag~35|1 package~349
1929478	B	22	325,5,0,72.5,88,52.5,0,0,5,0,5,75,675,,0	½ cup~40|1 package~80
1928531	B	5	429,17.9,16.1,50,500,3.57,1.43,0,17.9,0,3.86,71,,0	1 serving~28|1 package~94
2469205	B	0	500,17.5,25,50,312,30,3.75,0,7.5,0,4.75,50,675,,.25	¼ cup~40|1 package~80
2660227	B	22	314,5.71,0,71.4,0,51.4,0,0,5.7,0,4.29,50,674,,0,,,374	1 bag~35
2405381	B	5	464,14.3,21.4,60.7,821,0,1.79,0,10.7,0,3.57,100,636,,0	1 serving~28
2404878	B	22	343,0,0,85.7,0,48.6,0,0,5.7,0,.57,29,600,,0	1 bag~35
2403383	B	22	325,2.5,1.25,87.5,0,47.5,0,0,10,0,1.25,0,1500,,0	¼ cup~40|1 package~80
2473025	B	22	325,2.5,0,80,0,50,0,0,7.5,0,2.5,42,838,,0	½ cup~40|1 package~80
2403740	B	5	464,14.3,21.4,60.7,750,3.57,1.79,0,10.7,0,3.57,89,664,,0	1 serving~28|1 package~113
2472491	B	22	314,5.71,0,71.4,86,51.4,0,0,5.7,0,5,75,674,,0	1 bag~35
2472122	B	22	314,5.71,0,71.4,86,51.4,0,0,5.7,0,5.14,74,674,,0	1 bag~35|1 package~349
2406427	B	5	429,14.3,21.4,50,536,0,1.79,0,17.9,0,3.57,71,607,,0	1 serving~28|1 package~94
2473030	B	22	300,2.5,0,75,12,57.5,0,0,5,0,2.05,62,668,,0	½ cup~40|1 package~80
2405869	B	5	393,17.9,16.1,50,482,3.57,0,0,17.9,0,3.93,71,679,,0	1 serving~28|1 package~94
2473024	B	22	325,5,0,72.5,0,52.5,0,0,5,0,4.5,50,675,,0	½ cup~40|1 package~199
2076444	B	0	400,10,20,60,150,33.3,3.33,0,6.7,0,3.6,67,,4	¼ cup~30|1 package~170
2405379	B	5	464,14.3,21.4,57.1,679,7.14,1.79,0,10.7,0,3.57,139,732,,0	1 serving~28|1 package~113
2406425	B	5	429,14.3,21.4,50,571,3.57,1.43,0,17.9,0,3.57,71,571,,0	1 serving~28|1 package~94
2404879	B	5	393,17.9,16.1,50,714,3.57,0,0,17.9,0,3.93,71,643,,0	1 serving~28|1 package~94
1903362	B	0	467,10,23.3,56.7,250,40,5,0,6.7,0,2.4,0,,0	¼ cup~30|1 package~170
2403381	B	5	464,14.3,21.4,57.1,786,0,1.79,0,10.7,0,3.57,75,589,,0	1 serving~28|1 package~113
2405382	B	12	464,14.3,21.4,60.7,1040,0,1.79,0,10.7,0,3.57,64,586,,0	1 serving~28
2404784	B	5	393,17.9,16.1,50,571,3.57,0,0,17.9,0,4.29,71,679,,0	1 serving~28|1 package~94
2469206	B	22	300,2.5,2.5,67.5,0,45,0,0,2.5,0,2.5,102,382,,0	½ cup~40|1 package~80
2403741	B	5	393,14.3,16.1,50,679,0,1.43,0,17.9,0,3.93,71,643,,0	1 serving~28|1 package~94
2069013	B	1	344,3.12,0,87.5,31,81.2,0,0,0,0,0,0,,0	4 bunnies~32|1 package~63
2073727	B	1	294,2.94,0,76.5,0,64.7,0,0,0,0,0,3,9,,0	4 chicks~34|1 package~85
2642263	B	1	324,2.94,0,79.4,0,70.6,0,0,0,0,0,0,3,,0	4 chicks~34|1 package~127
2043760	B	1	381,2.38,7.14,76.2,60,71.4,7.14,0,0,0,0,0,,0	3 chicks~42
1918886	B	1	357,2.38,8.33,73.8,24,66.7,4.76,0,2.4,0,.86,0,,0	3 chicks~42
2049721	B	1	344,3.12,0,87.5,31,81.2,0,,,0	4 bunnies~32
2078622	B	1	333,2.38,0,85.7,36,81,0,,,0	5 chicks~42|1 package~85
2048904	B	1	344,3.12,0,87.5,31,81.2,0,0,0,0,0,0,,0	4 bunnies~32|1 package~63
2157621	B	38	339,7.14,1.79,73.2,1770,14.3,0,0,1.8,0,3.57,62,161,,0	1/3 cup mix~56|1 package~170
2048713	B	1	344,3.12,0,87.5,31,81.2,0,,,0	4 bunnies~32
2657516	B	1	324,2.94,0,79.4,0,70.6,0,0,0,0,0,0,3,,0	4 chicks per serving~34
2041924	B	1	333,2.38,0,85.7,36,81,0,0,0,0,0,0,,0	5 chicks~42
2049720	B	1	357,0,0,89.3,107,71.4,0,0,0,0,0,0,,0	1 package~28
2543996	B	1	367,2.04,9.18,71.4,51,61.2,6.12,0,0,0,0,0,143,,0	3 chicks~49
2539210	B	1	386,0,0,100,0,100,0,0,0	1 serving~28|1 package~85
1881557	B	1	310,2.38,0,73.8,0,64.3,0,0,0,0,0,0,,0	5 chicks~42
2544377	B	1	324,2.94,0,79.4,0,70.6,0,0,0,0,0,3,3,,0	4 chicks~34|1 package~85
1962732	B	1	367,2.04,10.2,73.5,61,61.2,6.12,0,0,0,2.2,0,143,,0	3 chicks~49
2151442	B	1	364,3.03,9.09,72.7,61,60.6,6.06,0,0,0,0,21,155,,0	2 chicks~33|1 package~65
2091086	B	9	377,3.77,11.3,67.9,377,54.7,3.77,19,1.9,0,0,38,,0	.14 cake~53
2568322	B	1	312,3.12,0,78.1,0,71.9,0,0,0,0,0,6,47,,0	3 bunnies per serving~32
2655353	B	1	312,3.12,0,78.1,0,71.9,0,0,0,0,0,6,47,,0	3 bunnies~32|1 package~127
2680687	B	1	312,3.12,0,78.1,0,71.9,0,0,0,0,0,6,47,,0	3 bunnies~32|1 package~85
2093842	B	1	381,2.38,7.14,76.2,60,71.4,7.14,0,0,0,0,0,,0	3 chicks~42
2091223	B	4	538,2.56,21.8,78.2,308,56.4,7.69,13,0,0,1.85,0,,0	.12 cookie~78|1 package~623
1918889	B	40	312,3.12,0,81.2,31,75,0,,,0	1 egg~32
2172518	B	1	367,0,1.67,90,283,70,0,33,0,0,3.33,0,0,,0	.02 kit~30|1 package~1275
1897921	B	4	381,2.38,9.52,78.6,36,71.4,5.95,0,2.4,0,1.71,0,,0	3 cherries~42
2568313	B	1	324,2.94,0,79.4,0,70.6,0,0,0,0,0,0,3,,0	4 chicks per serving~34
2657041	B	1	324,2.94,0,79.4,0,70.6,0,0,0,0,0,0,3,,0	4 chicks~34|1 package~85
2510506	B	1	389,0,2.78,94.4,0,94.4,2.78	1 pack~18|1 package~54
1875211	B	1	333,2.38,0,81,36,76.2,0,0,0,0,0,0,,0	5 chicks~42
2411821	B	4	450,5,15,72.5,88,37.5,8.75,75,2.5,0,0,40,138,,0	1 serving~40|1 package~120
2568323	B	1	321,0,0,82.1,0,75,0,0,0,0,0,0,4,,0	2 eggs per serving~28
2050680	B	1	344,3.12,0,87.5,31,81.2,0,,,0	3 eggs~32|1 package~95
2310119	B	1	367,0,0,93.3,200,66.7,0,0,0,0,0,13,20,,0	.2 kit~30|1 package~141
1922615	B	1	381,2.38,8.33,76.2,36,71.4,4.76,0,0,0,.86,48,,0	3 chicks~42
2657488	B	8	381,2.38,8.33,76.2,12,66.7,4.76,0,0,0,2.57,0,167,,0	3 chicks~42
2195654	B	1	381,2.38,8.33,76.2,12,66.7,4.76,0,0,0,2.57,0,167,,0	3 chicks~42
2657043	B	1	324,2.94,0,79.4,0,70.6,0,0,0,0,0,0,3,,0	4 chicks~34|1 package~85
2568315	B	1	324,2.94,0,79.4,0,70.6,0,0,0,0,0,0,3,,0	4 chicks~34
2579461	B	1	367,2.04,9.18,73.5,61,65.3,7.14,0,0,0,0,41,0,,0	3 chicks~49
2623029	B	1	367,2.04,9.18,71.4,51,63.3,6.12,0,2,0,1.47,41,,0,,,,0	3 chicks~49
1918884	B	1	367,4.08,12.2,63.3,92,55.1,8.16,0,2,0,.73,41,,0	3 chicks~49
2096765	B	1	310,2.38,0,78.6,36,71.4,0,,,0	5 chicks~42|1 package~85
2579462	B	1	381,2.38,8.33,76.2,36,69,7.14,0,0,0,0,0,0,,0	3 chicks~42
1945043	B	1	388,2.04,9.18,73.5,71,63.3,6.12,10,0,0,0,41,0,,0	3 chicks~49
1873108	B	1	333,2.38,0,85.7,36,81,0,0,0,0,0,0,,0	5 chicks~42
2340291	B	1	308,2.56,0,79.5,0,71.8,0,0,0,0,0,0,0,,0	4 chicks~39
2597776	B	1	308,2.56,0,79.5,0,71.8,0,0,0,0,0,0,0,,0	4 chicks~39
2568314	B	1	294,2.94,0,76.5,0,67.6,0,0,0,0,0,3,9,,0	4 chicks per serving~34
2657042	B	1	324,2.94,0,79.4,0,70.6,0,0,0,0,0,0,3,,0	4 chicks~34|1 package~85
2195311	B	1	321,0,0,82.1,0,71.4,0,0,0,0,0,0,4,,0	2 gingerbread men~28|1 package~85
2623038	B	1	333,2.38,0,81,0,71.4,0,0,0,0,0,0,0,,0	3 gingerbread~42
2366603	B	38	400,0,6.67,80,300,76.7,3.33,0,0,0,3.33,0	.04 kit~30|1 package~737
2623026	B	1	308,2.56,0,76.9,0,69.2,0,0,0,0,0,0,0,,0	4 chicks~39
2151247	B	1	367,0,0,90,50,60,0,0,,0	18 pieces~30|1 package~283
2597774	B	1	367,0,0,90,50,60,0,0,,0	18 pieces~30|1 package~284
1879516	B	1	357,0,0,89.3,107,71.4,0,0,0,0,0,0,,0	1 package~28
1878348	B	1	344,3.12,0,81.2,0,71.9,0,,,0	1 egg~32|1 package~63
2535114	B	1	324,2.94,0,79.4,0,70.6,0,0,0,0,0,0,6,,0	1 serving~34|1 package~85
1873783	B	1	381,2.38,7.14,81,60,76.2,5.95,0,0,0,0,0,,0	3 chicks~42
2088256	B	4	357,2.38,8.33,73.8,60,71.4,7.14,0,0,0,0,0,,0	3 chicks~42
2579453	B	1	333,2.56,0,84.6,26,76.9,0,,,0	4 chicks~39
2284144	B	1	294,2.94,0,76.5,0,67.6,0,0,0,0,0,3,3,,0	4 chicks~34|1 package~85
2657046	B	1	312,0,0,81.2,0,71.9,0,0,0,0,0,0,3,,0	3 bunnies~32|1 package~85
2049722	B	1	344,3.12,0,87.5,31,81.2,0,,,0	4 bunnies~32
2545763	B	1	333,0,0,81,0,71.4	4 bunnies~42
2579443	B	1	344,3.12,0,87.5,31,81.2,0,,,0	4 bunnies~32|1 package~127
2048711	B	1	344,3.12,0,87.5,31,81.2,0,0,0,0,0,0,,0	4 bunnies~32
2568321	B	1	312,0,0,81.2,0,71.9,0,0,0,0,0,0,3,,0	3 bunnies per serving~32
2073725	B	1	344,3.12,0,87.5,31,81.2,0,0,,0	1 bunny~32
2640910	B	1	344,3.12,0,87.5,31,81.2,0,0,0,0,0,0,,0,,,,0	1 bunny~32
1900544	B	1	333,4.76,0,85.7,48,81,0,0,0,0,0,0,,0	2 chicks~21
2276075	B	1	312,0,0,81.2,0,71.9,0,0,0,0,0,0,3,,0	3 cats~32|1 package~85
2657060	B	1	324,0,0,82.4,0,73.5,0,0,0,0,0,0,3,,0	4 chicks~34|1 package~85
2104533	B	1	333,2.38,0,85.7,36,81,0,0,0,0,0,0,,0	5 chicks~42|1 package~85
2049719	B	1	333,2.38,0,85.7,36,81,0,0,0,0,0,0,,0	5 chicks~42|1 package~85
2289039	B	1	333,2.38,0,85.7,36,81,0,0,0,0,0,0,,0	5 chicks~42|1 package~85
1875216	B	1	381,2.38,9.52,73.8,83,69,8.33,0,0,0,0,48,,0	3 chicks~42
2623031	B	1	375,3.57,8.04,75,18,67.9,4.46,0,0,0,0,36,125,,0	4 chicks~56
1939124	B	4	381,2.38,8.33,76.2,36,69,7.14,0,0,0,0,0,0,,0	3 chicks~42
2568311	B	1	324,0,0,82.4,0,73.5,0,0,0,0,0,0,3,,0	4 chicks~34
2568301	B	1	324,0,0,82.4,0,73.5,0,0,0,0,0,0,3,,0	4 chicks per serving~34
1873782	B	1	333,2.38,0,85.7,36,81,0,,,0	5 chicks~42|1 package~85
1918892	B	1	357,2.38,7.14,73.8,48,66.7,5.95,0,0,0,0,0,,0	3 chicks~42
1876847	B	1	333,2.38,0,81,36,76.2,0,,,0	5 chicks~42|1 package~85
1873107	B	1	357,2.38,8.33,76.2,60,71.4,7.14,0,0,0,0,0,,0	3 chicks~42
2327142	B	1	321,0,0,82.1,0,75,0,0,0,0,0,0,4,,0	2 eggs~28|1 package~85
1878347	B	1	381,2.38,7.14,76.2,60,71.4,7.14,0,0,0,0,0,,0	3 chicks~42
2579463	B	1	381,2.38,8.33,76.2,36,69,7.14,0,0,0,0,0,0,,0	3 chicks~42
2579455	B	1	381,2.38,7.14,76.2,119,69,7.14,0,0,0,0,0,0,,0	3 chicks~42
2579456	B	1	381,2.38,8.33,76.2,36,69,7.14,0,0,0,0,0,0,,0	3 chicks~42
1876848	B	1	381,2.38,8.33,76.2,36,69,7.14,0,0,0,0,0,0,,0	3 chicks~42
2287753	B	1	357,2.38,8.33,76.2,60,71.4,7.14,0,0,0,0,0,,0	3 chicks~42
1878346	B	1	357,2.38,3.57,73.8,60,69,,0,0,0,0,0,,0	3 chicks~42
2171318	B	14	385,5.13,2.56,89.7,462,41,0,0,5.1,0,9.23,0,128,30.8,,0,0,,7.69,1,.654,.769,154,,,2.31	1 1/3 cup~39|1 package~720
2155552	B	14	359,5.13,2.56,87.2,462,41,0,0,5.1,0,9.23,0,128,,,0,0,,7.69,1,.654,.769,154,,,2.31	1 1/3 cup~39|1 package~360
1979529	B	14	359,5.13,2.56,87.2,462,41,0,0,5.1,0,9.23,0,128,,,0,0,,7.69,1,.654,.769,154,,,2.31	1 1/3 cup~39|1 package~226
2420501	B	30	375,0,0,95.8,0,83.3	5½ tbsp~24|1 package~96
2547556	B	18	45,0,0,11.7,9,11.7,0,,,0	7½ fl oz~222|1 package~2220
2595960	B	14	385,5.13,1.28,87.2,436,43.6,0,0,5.1,0,8.72,0,103,,4,0,0,,7.69,1,.654,.769,154,,,2.31	1 serving~39|1 package~227
2328408	B	4	421,2.63,15.8,68.4,303,42.1,6.58,13,0,0,1.58,0,0,,0	1 cookie~38|1 package~383
2657048	B	1	321,0,0,82.1,0,71.4,0,0,0,0,0,0,4,,0	2 ghosts~28|1 package~85
2568310	B	1	344,3.12,0,87.5,31,81.2,0,,,0	3 ghosts~32|1 package~95
1945186	B	1	324,2.94,0,76.5,0,70.6,0,0,0,0,0,0,0,,0	3 gingerbread men~34
2497989	B	1	333,3.33,0,76.7,100,76.7,0,0,0,0,0,0,0,,0	6 pieces~30|1 package~106
2579457	B	1	344,3.12,0,87.5,31,81.2,0,,,0	8 hearts~32
1908638	B	1	345,0,0,86.2,34,75.9,0,,,0	3 hearts~29|1 package~85
1943640	B	1	345,0,0,86.2,34,75.9,0,,,0	3 hearts~29|1 package~85
2497990	B	1	360,0,0,100,0,70,0,0,0,0,0,0,0,,0	1 pop~10|1 package~40
2602602	B	1	333,2.38,0,81,0,71.4,0,0,0,0,0,0,0,,0	3 monsters~42
2623036	B	1	321,0,0,82.1,0,71.4,0,0,0,0,0,0,4,,0	2 pumpkins~28|1 package~85
1945231	B	1	353,2.94,0,85.3,44,79.4,0,,,0	3 reindeer~34|1 package~67
2623035	B	1	333,2.38,0,81,0,71.4,0,0,0,0,0,0,,,0	3 skulls~42
2047502	B	1	344,3.12,0,87.5,31,81.2,0,,,0	1 snowman~32
2657059	B	1	333,2.38,0,81,0,71.4,0,0,0,0,0,0,0,,0	3 snowmen~42
2195304	B	1	321,0,0,82.1,0,71.4,0,0,0,0,0,0,4,,0	2 snowmen~28|1 package~85
1956780	B	1	312,0,0,81.2,0,71.9,0,0,0,0,0,3,3,,0	4 cats~32|1 package~95
2568316	B	1	312,0,0,81.2,0,71.9,0,0,0,0,0,3,3,,0	4 cats~32|1 package~95.7
2623039	B	1	333,2.38,0,81,0,71.4,0,0,0,0,0,0,0,,0	3 stockings~42
2041926	B	1	344,3.12,0,87.5,31,81.2,0,,,0	3 tombstones~32
2623037	B	1	333,2.38,0,81,0,71.4,0,0,0,0,0,0,0,,0	3 trees~42
1873787	B	1	381,2.38,7.14,81,48,73.8,5.95,0,0,0,0,0,,0	3 chicks~42
1881560	B	1	310,2.38,0,73.8,0,66.7,0,,,0	5 chicks~42|1 package~85
1900547	B	1	312,0,0,78.1,47,71.9,0,0,0,0,0,0,,0	3 chicks~32
2623027	B	1	310,2.38,0,73.8,0,64.3,0,0,0,0,0,0,,0,,,,0	5 chicks~42
1900546	B	1	333,2.38,0,85.7,36,78.6,0,,,0	5 chicks~42|1 package~85
2533455	B	1	333,2.38,0,81,0,71.4,0,0,0,0,0,0,2,,0	4 bunnies~42
1900548	B	1	312,0,0,78.1,31,71.9,0,0,0,0,0,0,,0	3 chicks~32
1977517	B	8	500,3.57,25,75,71,71.4,14.3,18,3.6,0,3.57,107,286,,0	.2 bunny~28|1 package~142
2623023	B	1	393,3.57,10.7,71.4,18,53.6,7.14,0,0,0,0,71,0,,0	1 chick~28
1129743	B	9	437,2.3,23,54,276,43.7,8.05,34,0,0,1.15,16,57,,0	4 cupcakes~87
2063011	B	1	344,3.12,0,87.5,31,81.2,0,,,0	3 minions~32|1 package~63
1878712	B	1	312,3.12,0,81.2,31,75,0,,,0	1 minion~32
1851622	B	1	325,2.5,0,77.5,12,67.5,0,0,,0	10 chicks~40|1 package~96
1855260	B	1	350,2.5,0,85,38,77.5,0,0,,0	10 chicks~40|1 package~96
1900552	B	1	350,2.5,0,85,38,77.5,0,0,,0	10 chicks~40|1 package~96
1876845	B	1	310,2.38,0,73.8,0,64.3,0,,,0	5 chicks~42|1 package~85
1945090	B	1	324,2.94,0,79.4,0,70.6,0,0,0,0,0,3,3,,0	4 chicks~34|1 package~85
2479049	B	38	367,13.3,1.67,70,700,6.67,0,17,3.3,0,3.33,180,277,,3.33	¼ cup~30|1 package~119
2657040	B	1	324,2.94,0,79.4,0,70.6,0,0,0,0,0,0,3,,0	4 chicks~34|1 package~85
1900551	B	1	333,2.56,0,84.6,51,79.5,0,,,0	4 chicks~39
1875209	B	1	333,2.38,0,85.7,48,81,0,0,0,0,0,0,,0	5 chicks~42
2048902	B	1	357,0,0,89.3,89,64.3,0,0,0,0,0,0,,0	1 pack~28
1879645	B	8	450,2.5,27.5,55,62,52.5,17.5,0,2.5,0,1.8,50,,0	5 pieces~40|1 package~79
2623024	B	1	381,2.38,8.33,73.8,0,64.3,4.76,0,2.4,0,2.57,0,167,,0	3 chicks~42
2411922	B	1	333,0,0,81,0,71.4	4 bunnies~42
2657039	B	1	308,2.56,0,79.5,0,69.2,0,0,0,0,0,0,0,,0	4 chicks~39
1978838	B	1	375,1.79,7.14,76.8,27,69.6,6.25,0,0,0,0,0,0,,0	4 chicks~56
2075934	B	1	300,0,0,80,0,80,0,0,0,0,0,0,,0	1 chick~5|1 package~47
2075931	B	1	300,0,0,80,0,80,0,0,0,0,0,0,,0	1 chick~5
2102960	B	1	300,0,0,80,0,80,0,0,0,0,0,0,,0	1 chick~5|1 package~38
2061971	B	1	300,0,0,80,0,80,0,0,0,0,0,0,,0	1 chick~5
2048903	B	1	344,3.12,0,87.5,31,81.2,0,0,0,0,0,0,,0	4 bunnies~32|1 package~63
2134150	B	8	500,3.57,25,75,71,71.4,14.3,18,3.6,0,3.57,107,286,,0	.2 package~28|1 package~141
2096763	B	1	310,2.38,0,73.8,0,66.7,0,,,0	5 chicks~42|1 package~85
1918887	B	1	310,2.38,0,73.8,0,64.3,0,,,0	5 chicks~42|1 package~85
1900549	B	1	333,2.56,0,79.5,13,69.2,0,,,0	4 chicks~39
2642264	B	1	324,2.94,0,79.4,0,67.6,0,0,0,0,0,0,3,,0	4 chicks~34|1 package~85
2135914	B	1	294,2.94,0,76.5,0,64.7,0,0,0,0,0,3,9,,0	4 chicks~34|1 package~127
2623025	B	1	324,2.94,0,79.4,0,70.6,0,0,0,0,0,0,3,,0	4 chicks~34|1 package~85
2422156	B	1	312,3.12,0,81.2,0,68.8,0,0,0,0,0,3,6,,0	3 bunnies~32|1 package~127
2375883	B	1	312,3.12,0,81.2,0,68.8,0,0,0,0,0,3,6,,0	3 bunnies~32|1 package~85
2579450	B	1	312,0,0,81.2,0,71.9,0,0,0,0,0,0,0,,0	4 cats~32
2010557	B	1	350,2.5,0,85,38,77.5,0,0,,0	10 chicks~40|1 package~96
2634053	B	1	357,3.57,8.04,73.2,18,66.1,4.46,0,0,0,0,36,125,,0	4 chicks~56
2634052	B	1	308,2.56,0,79.5,0,69.2,0,0,0,0,0,0,0,,0	4 chicks~39
1876843	B	1	357,2.38,7.14,71.4,36,64.3,4.76,0,2.4,0,.86,48,,0	3 chicks~42
2597775	B	1	179,3.57,0,75,0,0,0,0,0,0,0,71,0,,0	3 chicks~28
2600987	B	70	233,0,10,33.3,67,33.3,3.33,0,0,0,0,0,0,,0,0,0	1 tbsp~15|1 package~946
1879648	B	1	357,0,0,89.3,107,71.4,0,0,0,0,0,0,,0	1 package~28
2451879	B	1	310,2.38,0,78.6,0,71.4,0,0,0,,0,0,0,,0	5 chicks~42
2568317	B	1	324,2.94,0,79.4,0,70.6,0,0,0,0,0,3,3,,0	4 chicks per serving~34
2267430	B	1	324,2.94,0,79.4,0,70.6,0,0,0,0,0,3,3,,0	4 chicks~34|1 package~85
2422155	B	1	324,2.94,0,79.4,0,70.6,0,0,0,0,0,0,3,,0	4 chicks~34|1 package~127
2579458	B	1	381,2.38,8.33,76.2,36,69,7.14,0,0,0,0,0,0,,0	3 chicks~42
2043757	B	1	333,2.56,0,84.6,38,79.5,0,,,0	4 chicks~39
2502917	B	1	310,2.38,0,81,48,,0,0,0,0,0,0,0,,0	5 chicks~42
2043083	B	25	1,0,0,0,1	12 fl oz~355
2624048	B	25	42,2.08,1.25,5.42,33,5,.83,6,0,0,0,83,246,0,,,,0	1 can~240
2624049	B	25	54,2.5,1.25,7.92,46,7.08,1.04,6,0,0,0,83,267,0,,,,0	1 can~240
2666885	B	25	61,2.19,1.22,9.73,88,9,.85,6,.2,0,.18,61,128,,0	1 bottle~411
2129331	B	25	54,2.5,1.25,7.92,46,7.08,1.04,6,.1,0,0,83,267,0	1 can~240
2049361	B	25	54,2.36,1.35,8.11,47,6.76,.84,5,0,0,0,84,,.4	10 fl oz~296
2043086	B	130	51,1.35,1.18,9.12,51,7.77,.68,5,0,0,.24,34,,0	10 fl oz~296
2624050	B	25	54,2.5,1.46,7.92,40,7.08,1.04,6,.4,0,0,83,217,0,,,,0	1 can~240
2279417	B	4	480,4,28,64,180,44,14,0,8,0,4,40,,,0	1 serving~25|1 package~50
2666884	B	25	66,2.19,1.46,10.7,88,10.2,.85,6,0,0,.09,61,128,,0	1 bottle~411
2129105	B	25	54,2.5,1.46,8.33,38,7.08,1.04,6,.4,0,0,83,217,0	1 can~240
2666883	B	25	54,2.5,1.25,8.33,35,7.08,1.04,6,0,0,0,83,267,0,,,,0	1 can~240
2666886	B	25	63,2.19,1.46,10.2,88,9.49,.85,6,0,0,.09,61,128,,0	1 bottle~411
2545046	B	25	38,.63,.95,6.98,51,6.03,0,0,.3,0,.11,6,,0	1 bottle~315
2244940	B	25	2,0,0,0,2	1 bottle~315
2544728	B	25	16,.32,0,3.81,3,3.17	1 bottle~315
2540681	B	25	54,2.54,1.43,8.25,48,6.98,.95,5,.3,0,0,79,,0	1 bottle~315
2544269	B	25	51,1.59,1.27,8.89,48,7.62,.79,5,.3,0,.23,48,,0	1 bottle~315
2541484	B	25	51,1.59,1.27,8.57,48,7.62,.79,5,.3,0,.23,48,,0	1 bottle~315
2545174	B	25	57,.95,1.27,11.1,57,9.84,.79,5,.3,0,0,32,,.4	1 bottle~315
1912234	B	0	475,5,22.5,62.5,62,57.5,17.5,12,7.5,0,.9,150,,0	5 pieces /~40|1 package~184
1917704	B	23	100,0,0,0,900,0,0,0,0,0,0,0,,0	1 tsp~5|1 package~284
1917702	B	19	118,0,0,29.4,882,29.4,0,0,0,0,0,0,,0	1 tbsp~17|1 package~284
2431298	B	19	200,0,20,0,1600,0,0,0,0,0,0,0,13,,0	1 tbsp~15|1 package~354
2431299	B	19	267,6.67,30,0,1270,0,3.33,33,0,0,0,13,33,,0	1 tbsp~15|1 package~354
2283877	B	19	133,0,10,13.3,2270,13.3,0,0,0,0,0,7,27,,0	1 tbsp~15|1 package~354
1887755	B	42	211,0,0,57.9,0,52.6,0,0,1.3,0,0,0,,0	1 tbsp~19|1 package~311
2061548	B	11	0,0,0,0	¼ tsp~1|1 package~142
2121467	B	11	0,0,0,0	¼ tsp~1
2121484	B	11	0,0,0,0	¼ tsp~1
463942	B	44	50,0,0,11.7,0,6.67,,,1.7,,1.2	2 fl oz~60
626830	B	8	594,3.5,42.2,49.5,231,5,19.8,50,.2,0,0,0,,0	1 piece~10
2031788	B	12	491,3.2,31.4,49,225,10,19.3,0,2,0,0,0,,0	1 pieces~10
2172145	B	4	518,7.14,25,66.1,286,37.5,19.6,9,1.8,0,1.96,107,196,,0	1 box~56
2603112	B	4	518,7.14,23.2,66.1,286,33.9,16.1,9,1.8,0,9.46,107,357,,0	1 box~56
2616788	B	112	161,16.1,10.7,0,929,0,4.46,54,0,,.64,0,,0,,,,0	2 ounces~56|1 package~298
2149739	B	112	246,17.5,19.6,0,929,0,7.86,54,0,,1.29,0,,0	1 serving~56|1 package~298
2616789	B	112	161,17.9,8.93,0,893,0,3.57,62,0,,1.29,0,,0,,,,0	2 ounces~56|1 package~298
2442489	B	15	429,2.86,17.1,77.1,0,62.9,11.4,0,5.7,,5.14,57,,0	2 tbsp~35|1 package~280
1978980	B	38	367,6.67,0,83.3,300,36.7,0,0,3.3,0,3.67,33,67,,0	.08 of dry mix~30|1 package~368
1979276	B	38	393,3.57,0,89.3,179,60.7,0,0,0,0,2.14,36,71,,0	.06 of dry mix~28|1 package~510
2057253	B	88	367,3.33,0,86.7,833,56.7,0,0,0,0,2.4,0,,0	1 slice or 1 muffin~30|1 package~368
1979449	B	38	367,6.67,0,83.3,300,40,0,0,0,0,2.4,0,,0	1 serving~30|1 package~368
2413136	B	0	643,7.14,50,39.3,1070,3.57,8.93,18,7.1,0,1.43,107,250,,0	1 serving~28|1 package~85
2507007	B	24	0,0,0,0,0,0	12 fl oz~355
2668132	B	24	0,0,0,0,0,0	12 fl oz~355
2507008	B	24	0,0,0,0,0,0	12 fl oz~355
2401518	B	23	648,26.2,57.1,2.86,0,.95,9.05,,,0	1 tbsp~21|1 package~300
1913786	B	32	36,1.61,.81,7.26,379,4.84,0,0,1.6,0,.87,16,,7.3	½ cup~124|1 package~680
1895207	B	32	50,1.68,1.26,8.4,319,6.72,0,0,1.7,0,.91,0,,7.6	½ cup~119|1 package~680
2118859	B	32	36,1.61,.81,7.26,371,4.84,0,0,1.6,0,1.16,32,,7.3	½ cup~124|1 package~680
2666647	B	52	343,7.41,25.9,21.3,222,16.7,14.8,134,0,0,1,56,,0,,6.48,1.39,292	1 serving~108|1 package~1700
100692565024067	O	699	165,4.71,2.94,31.8,424,1.18,.246,0,1.18,,1.76,11.8,176,1.99,.0406,,,,1.24,.108,.036,.225,25.7,28.4,76.3,0,.553,.542,.667,.133,5.36,,.577,,,0	3 perogies~85|1 package~1100
1631288	B	1	348,0,0,87,1170,65.2,,,4.3	1 piece~23
1631304	B	1	348,0,0,87,1170,65.2,,,4.3	1 serving~23
1629647	B	1	333,0,0,80,767,80,,,6.7	1 piece~15
1629842	B	1	360,0,0,90,1020,71.2,0,0,6.2,0,0,0,,0	1 piece~16
1629695	B	1	348,0,0,87,1040,65.2,0,0,4.3,0,0,0,,0	1 pieces~23
1629841	B	50	0,0,0,100,3500,100	¼ tsp~1
1629694	B	1	0,0,0,100,3500,100	¼ tsp~1
1631277	B	1	340,0,0,84,776,78,,,2	½ container~50
593767	B	1	333,0,0,77.8,5220,55.6,0,0,11.1,0,0,0,0,,0	2 piece~18
2630862	B	1	333,0,0,81.8,1360,75.8,0,0,0,0,0,0,,,0	1/3 container~33|1 package~400
1629600	B	1	381,0,0,85.7,810,66.7,0,,0	1 piece~21
1629843	B	1	367,0,0,93.3,533,90,,,0	1 package~30
1629844	B	1	367,0,0,93.3,533,90,0	1 serving~30
2507634	B	1	367,0,0,90,533,86.7,0,0,0,0,0,0,0,,0	1 package~30|1 package~540