2170993	B	46	360,5,6,76,400,30,2,0,6,0,3.6,260,150,,0,1.5,2,,4,0,.34,.4	1 pouch~100|1 package~600
2108843	B	46	360,4,5,76,360,30,2,0,6,0,3.6,200,,0,,1,2,,4,0,.34,.4	1 pastry~50|1 package~400
2170997	B	46	350,4,5,76,370,30,2,0,6,0,3.6,260,110,,0,1,2,,4,0,.34,.4	1 pouch~100|1 package~600
2544850	B	5	393,7.14,10.7,71.4,571,3.57,1.79,0,3.6,0,1.43,36,714,,0	1 serving~28|1 package~113
2392153	B	0	500,10.7,25,57.1,1070,0,1.79,0,10.7,0,2.5,0,286,,0	1 serving~28|1 package~135
2392156	B	0	536,7.14,35.7,50,107,7.14,5.36,0,3.6,0,1.79,0,179,,0	1 serving~28|1 package~142
2161373	B	0	500,7.14,17.9,67.9,786,28.6,0,0,7.1,0,1.79,0,214,,0	1 serving~28|1 package~198
2325817	B	5	393,7.14,10.7,71.4,500,3.57,1.79,0,3.6,0,1.43,36,750,,0	1 serving~28|1 package~85
595592	B	0	500,3.57,25,64.3,446,35.7,1.79,0,7.1,0,3.57,0,143,,0	1 serving~28
2392162	B	0	571,7.14,35.7,53.6,125,10.7,5.36,0,3.6,0,1.43,0,143,,0	1 serving~28|1 package~142
2192316	B	0	429,7.14,16.1,75,286,21.4,0,0,10.7,0,.71,0,71,,0	1 serving~28|1 package~142
2392158	B	0	536,10.7,28.6,57.1,571,0,1.79,0,10.7,0,2.5,0,250,,0	1 serving~28|1 package~128
2398668	B	5	393,7.14,10.7,71.4,786,0,1.79,0,3.6,0,1.43,0,750,,0	1 serving~28|1 package~113
2161378	B	0	500,7.14,21.4,71.4,571,28.6,0,0,7.1,0,1.79,0,214,,0	1 serving~28|1 package~198
2392155	B	0	571,7.14,39.3,50,679,0,5.36,0,3.6,0,1.43,0,179,,0	1 serving~28|1 package~142
2150985	B	0	500,7.14,21.4,71.4,357,28.6,0,0,7.1,0,1.79,0,179,,0	1 serving~28|1 package~198
2392163	B	0	536,7.14,35.7,50,536,0,5.36,0,7.1,0,2.14,0,214,,0	1 serving~28|1 package~142
2398667	B	5	393,7.14,10.7,71.4,393,0,1.79,0,3.6,0,1.07,36,750,,0	1 serving~28|1 package~113
2392159	B	0	500,7.14,25,60.7,893,0,1.79,0,10.7,0,2.14,0,214,,0	1 serving~28|1 package~135
2420588	B	30	476,4.76,14.3,81,0,71.4,7.14,0,4.8,0,2.38,0,0,,0,4.76,0	1 square~21|1 package~255
2566740	B	18	44,0,0,11.4,6,11.4	8 fl oz~236|1 package~2001
2564452	B	1	417,0,0,100,0,83.3,0,0,0,0,0,0,0,,0	1 pop 0.42oz~12
2497987	B	1	400,0,0,100,0,80,0,0,0,0,0,0,0,,0	1 lollipop~10|1 package~20
2418562	B	1	417,0,0,100,0,,0,0,0,0,0,0,0,,0	1 serving~12|1 package~36
2104883	B	12	300,10,0,85,10,25,0,0,0,0,0,0,,0	1 stick~10|1 package~80
1889121	B	13	389,5.56,3.61,83.3,56,44.4,0,0,5.6,0,3,0,,0	1 bar~18
1889120	B	13	493,7.14,10.7,57.1,39,28.6,0,0,3.6,0,1.93,0,,0	1 bar~28
2149805	B	12	250,15,0,80,10,25,0,0,0,0,0,0,,0	1 stick~10|1 package~80
1876179	B	24	8,0,0,3.94,1,1.97	12 fl oz~355
1877598	B	24	25,0,0,3.94,1,1.97	12 fl oz~355
1877597	B	24	8,0,0,3.94,2,1.97	12 fl oz~355
2275954	B	0	459,6.56,23,55.7,984,1.64,11.5,0,8.2,0,1.77,33,,,,8.2,3.28	1 bag unpopped~61|1 package~366
2047154	B	0	571,7.14,35.7,50,250,0,3.57,0,10.7,0,2.57,,,,,28.6,5.36	4 cup~28|1 package~113
2266847	B	0	469,6.25,26.6,53.1,1190,1.56,12.5,0,7.8,0,1.41,31,188,,0,9.38,3.91	1 bag unpopped~64|1 package~1400
1874932	B	0	586,10.3,41.4,41.4,862,6.9,5.17,17,6.9,0,2.48,138,,0,,24.1,6.9	2¾ cup~29|1 package~156
2552415	B	0	455,7.58,22.7,54.6,939,1.52,12.1,0,7.6,0,1.52,15,197,,0,7.58,3.79	1 serving~66|1 package~196
2112453	B	0	477,7.69,21.5,53.8,1050,0,4.62,0,9.2,0,2.22,31,,,,13.8,5.38	1 bag makes 9 1/2 cup popped~65|1 package~1530
1930136	B	0	475,8.2,19.7,57.4,967,0,4.1,0,9.8,0,2.36,33,,,,13.1,4.92	1 bag makes 9 1/2 cup popped~61|1 package~1460
1926831	B	0	477,7.69,21.5,53.8,1050,0,4.62,0,9.2,0,2.22,31,,,,13.8,5.38	1 bag, makes 9.5 cup popped~65|1 package~194
1930226	B	0	455,7.58,22.7,60.6,879,0,3.79,0,9.1,0,2.18,30,,,,12.1,4.55	1 bag makes 9 1/2 cup popped~66|1 package~398
1935902	B	0	421,8.77,14,63.2,982,0,2.63,0,10.5,0,2.53,35,,,,7.89,3.51	1 bag, makes 9 1/2 cup popped~57|1 package~1250
1909308	B	0	517,6.8,32.6,49,1250,1.36,16.3,0,8.2,0,1.96	1 bag unpopped~73.5|1 package~221
1881349	B	0	521,7.04,32.4,50.7,958,0,16.9,0,8.5,0,2.03,28,,,,11.3,4.23	1 bag unpopped~71|1 package~213
1874929	B	0	521,7.04,32.4,50.7,1110,0,16.9,0,8.5,0,2.03,28,,,,11.3,4.93	1 bag unpopped~71|1 package~213
1874931	B	0	500,7.35,29.4,52.9,1250,0,14.7,0,8.8,0,2.12,29,,,,10.3,4.41	1 bag~68|1 package~204
1909309	B	0	475,8.2,19.7,57.4,967,0,4.1,0,9.8,0,2.36,33,,,,13.1,4.92	1 bag, makes 9.5 cup popped~61|1 package~490
2510519	B	0	556,11.1,38.9,50,389,0,2.78,0,11.1,0,2.22,0,0,,0	1 bag~18|1 package~516
2041726	B	0	542,6.94,36.1,50,431,0,6.94,0,8.3,0,2,28,,,,19.4,6.94	1 bag, makes 9.5 cup popped~72|1 package~576
546329	B	0	533,6.67,33.3,56.7,317,3.33,5,0,13.3,0,1.2,0,,0	½ cup~30
1525486	B	0	393,3.57,10.7,78.6,607,53.6,0,0,3.6,0,0,0,,0,,7.14,1.79	1 serving~28
2305277	B	0	492,6.56,29.5,52.5,951,0,13.1,0,9.8,0,2.36,0,197,0,,9.84,4.92	1 serving~30.5|1 package~366
2051209	B	0	476,7.32,29.3,51.2,988,0,7.32,0,11,11,2.63,0,,0	1 serving~27.3|1 package~246
1878989	B	0	512,7.32,36.6,47.6,988,0,9.15,0,7.3,14.6,1.32,0,,0	1 serving~27.3|1 package~246
1864406	B	0	595,5.13,35.9,46.2,977,,10.3,0,7.7,12.8,3.69	1/3 tub~39|1 package~117
104061461490133	O	702	5.63,0,0,.845,0,.845,0,0,.563,,.0326,6.98,1.9,.168,0,,,,.00103,.000228,.000139,.000363,.0708,1.06,.146,0,.0112,.000575,.00175,.0168,.516,,.000676,,,.000845	1 can~355
2446257	B	0	500,10.7,25,64.3,589,10.7,0,0,10.7,0,3.57,32,243,,0	½ cup~28|1 package~156
1126749	B	0	500,10,30,55,650,0,0,0,10,0,2,0,0,,0	1 bag~20
1960283	B	0	536,7.14,32.1,57.1,464,0,0,0,10.7,0,3.57,14,246,,0	3¾ cup~28|1 package~125
2302103	B	0	536,10.7,28.6,57.1,679,0,0,0,7.1,0,3.57,29,314,,0	3¾ cup /~28|1 package~140
2473157	B	11	400,40,0,0,1800,,,,,,,,,,,,,,196,32,32,32,600,,,16	1 tsp~2.5|1 package~85
2473156	B	11	400,40,0,0,1600,,,,,,,,,,,,,,196,32,32,32,600,,,16	1 tsp~2.5|1 package~85
2473158	B	11	400,40,0,0,1600,,,,,,,,,,,,,,228,40,36,40,792,,,16	1 tsp~2.5|1 package~85
2161612	B	11	455,0,0,90.9,7730,90.9	¼ tsp~1.1|1 package~105
2161614	B	11	0,0,0,0,5640	¼ tsp~.6|1 package~51
2465230	B	0	407,11.1,16.7,55.6,815,0,11.1,0,11.1,0,3.7,7,330,,0,,,,14.8,3,2.59,2.96,191,,,1.11	3 cup~27|1 package~142
2176379	B	11	0,0,0,0,6430	¼ tsp~.7|1 package~68
2161615	B	11	625,0,0,0,12500	¼ tsp~.8|1 package~74
2157837	B	11	625,0,0,0,6250	¼ tsp~.8|1 package~74
2389666	B	0	483,10.3,24.1,58.6,690,6.9,17.2,17,10.3,0,3.45,90,328,,0,,,,,0,,.345	3 cup~29|1 package~142
2161611	B	11	455,0,0,90.9,6360,90.9	¼ tsp~1.1|1 package~100
2163687	B	11	500,0,0,100,8500,100	¼ tsp~1|1 package~100
2161613	B	11	0,0,0,0,8540	¼ tsp~.4|1 package~40
2163686	B	11	500,0,0,100,7000,100	¼ tsp~1|1 package~130
2008404	B	48	241,18.8,17.9,0,179,0,6.25,58,0,,.32,0,,0	1 serving~112
2072867	B	50	0,0,0,0,11500,0,,,0,,0,0,,0	¼ tsp~1|1 package~538
1867834	B	12	429,28.6,28.6,17.9,2320,17.9,8.93,54,0,0,0,0,,0	1 serving~28|1 package~56
2046357	B	12	500,57.1,32.1,0,2500,0,14.3,143,0,0,0,0,,0	1 serving~14|1 package~56.7
1864991	B	12	500,55,30,0,2450,0,12.5,150,0,0,0,0,,0	1 package~20
2623760	B	12	571,64.3,35.7,0,1360,0,10.7,143,0,0,0,0,,0,,,,0	1 serving~14|1 package~56.7
2031229	B	35	67,0,0,13.3,533,0,0,0,0,0,2.4,133,,60	1 tbsp~15
2628388	B	11	0,0,0,0,11800,,,,,,0,0,,0,,,,0	¼ tsp~1|1 package~78
2480355	B	12	571,57.1,35.7,0,2140,0,14.3,107,0,0,0,0,0,,0	1 serving~14|1 package~198
2608820	B	12	571,57.1,35.7,0,1860,0,14.3,107,0,0,0,357,2500,,0	1 serving~14|1 package~340
2587232	B	27	179,16.1,10.7,3.57,1300,0,3.57,89,0,0,3.57,0,643,,0	1 serving~56|1 package~227
2652733	B	12	571,57.1,35.7,0,1930,0,14.3,107,0,0,0,0,71,,0	1 serving~14|1 package~49.5
2376239	B	12	571,57.1,35.7,0,2000,0,14.3,107,0,0,0,0,0,,0	1 serving~14|1 package~49.5
2366600	B	12	571,57.1,35.7,0,2000,0,14.3,107,0,0,0,0,0,,0	1 serving~14|1 package~49.5
2652701	B	12	571,57.1,35.7,0,1860,0,14.3,107,0,0,0,71,71,,0	1 serving~14|1 package~198
1896368	B	19	150,0,0,46.7,1030,26.7,0,0,0,0,0,0,,4	2 tbsp~30|1 package~567
2666910	B	12	571,57.1,42.9,0,714,0,14.3,143,0,0,0,0,,0,,,,0	1 serving~14|1 package~85
2272826	B	12	467,53.3,33.3,6.67,2870,,10,133,0,0,0,0,,0	10 pieces~15|1 package~78
2031597	B	51	4,0,0,.82,657,.82,0,0,0,0,0,0,,0	1 cup~245
2032520	B	51	6,.41,.41,0,555,0,0,0,0,0,0,0,,0	1 cup~245
2640905	B	35	67,6.67,0,13.3,600,0,0,0,6.7,0,7.2,0,,60,,,,120	1 tbsp~15|1 package~200
2032266	B	11	467,13.3,40,6.67,867,0,6.67,0,0,0,4.8,400,,0	1 tbsp~15
2033576	B	35	64,1.6,3.2,6.4,712,2.4,.8,0,.8,0,.29,48,,3.8	1 cup~125
2032503	B	35	467,6.67,40,20,1070,0,6.67,0,6.7,0,4.8,0,,0	1 tbsp~15
2032385	B	35	150,0,10,20,6000,10,0,0,0,0,3.6,0,,12	1 tbsp~10
2031221	B	35	333,6.67,26.7,13.3,7470,0,6.67,0,0,0,2.4,133,,8	1 tbsp~15
2031197	B	76	175,6.25,11.2,11.2,638,1.25,2.5,0,1.2,0,2.25,50,,7.5	1/3 cup~80
2031259	B	35	73,1.82,4.55,5.45,673,1.82,.91,0,.9,0,1.31,0,,3.3	1 cup~110
2031194	B	51	100,2.73,7.27,6.36,782,2.73,1.36,0,.9,0,.98,18,,3.3	½ cup~110
2084985	B	35	240,4,16,24,880,16,4,0,0,0,1.44,80,,4.8	2 tbsp~25
2031212	B	54	467,13.3,40,6.67,1270,0,6.67,0,0,0,4.8,400,,0	1 tbsp~15
2028257	B	54	300,6.67,13.3,40,1600,26.7,0,0,0,0,4.8,133,,8	1 tbsp~15
2640906	B	51	100,0,0,20,900,0,0,0,0,0,0,0,,0,,,,0	1 tbsp~10|1 package~550
2640907	B	43	50,0,0,10,900,0,0,0,0,0,0,0,,0,,,,0	1 tbsp~10|1 package~454
2031631	B	54	200,6.67,6.67,26.7,5070,13.3,0,0,0,0,0,0,,0	1 tbsp~15
2067975	B	64	310,14.3,26.2,0,643,0,9.52,71,0,0,0,0,,0	1 serving~42|1 package~340
2067973	B	27	297,15.4,24.2,2.2,923,1.1,8.79,66,0,0,.79,66,,0	1 serving~91|1 package~454
1895095	B	27	310,15,26.6,1.77,982,.88,9.73,71,0,0,.64,71,,0	1 serving~113|1 package~567
2067972	B	27	286,15.4,23.1,2.2,912,1.1,7.69,66,0,0,.79,22,,0	1 serving~91|1 package~454
2067976	B	27	286,17.9,21.4,1.79,1090,1.79,8.04,71,0,0,1.29,71,,0	1 serving~56|1 package~454
1895096	B	27	250,16.1,17.9,3.57,1040,1.79,7.14,62,0,0,1.29,0,,26.8	1 serving~56|1 package~454
2626586	B	10	54,0,0,13.9,12,13.3,0,0,.2,0,0,22,,0,,,,0	1 serving~180
2394742	B	12	571,57.1,32.1,0,1210,0,10.7,107,0,10.7,.71,36,179,,0	1 serving~14|1 package~113
2394960	B	12	571,64.3,32.1,0,786,0,10.7,107,0,0,1.43,36,179,,0	1 serving~14|1 package~113
2394957	B	12	571,57.1,32.1,0,1210,0,10.7,107,0,0,.71,36,179,,0	1 serving~14|1 package~113
2266933	B	12	571,57.1,42.9,0,1500,0,14.3,107,0,0	1 serving~14|1 package~297
2328775	B	12	571,57.1,32.1,0,1210,0,10.7,107,0,0,.71,36,179,,0	1 serving~14|1 package~56.7
2152537	B	5	567,13.3,36.7,43.3,700,3.33,3.33,0,16.7,0,0,13,1190,,0	2/3 cup~30|1 package~57
2152040	B	12	567,13.3,36.7,43.3,667,3.33,3.33,0,16.7,0,0,17,1210,,0	2/3 cup~30|1 package~57
2398485	B	5	567,13.3,36.7,43.3,733,0,3.33,0,16.7,0,0,10,1120,,0	2/3 cup~30|1 package~57
2399731	B	12	567,13.3,40,43.3,667,0,3.33,0,16.7,0,0,10,1150,,0	2/3 cup~30|1 package~57
1891353	B	10	107,4.7,.67,24.8,40,17.4,.34,3,2,0,0,54,,40.3	9 fl oz~149|1 package~266
1973635	B	0	429,7.14,17.9,64.3,1000,10.7,0,0,3.6,0,3.57,25,139,,0	1 serving~28|1 package~454
2032200	B	76	118,14.1,5.88,1.18,412,.59,1.76,76,0,0,1.27,235,,0,,1.76,2.35	1 serving~85
695680	B	76	153,18.8,8.24,0,353,0,1.76,118,0,0,0,235,,0,,1.76,2.35	1 serving~85
2612267	B	34	224,10.5,10.5,23.7,342,2.63,5.26,26,1.3,0,1.32,53,184,,0	1 slice~76|1 package~595
2103046	B	34	248,13.4,10.7,24.2,389,2.01,4.7,20,1.3,0,.72,268,,2.4	¼ cheese fries with sauce~149|1 package~595
2612270	B	34	242,11.1,11.1,24.2,384,2.02,4.04,20,1,0,1.01,273,202,,0	1 piece~99|1 package~581
2612269	B	34	202,9.52,9.52,21.4,321,2.38,4.76,24,1.2,0,1.19,48,167,,0	1 slice~84|1 package~666
2612268	B	34	234,10.4,11.7,23.4,403,2.6,5.19,32,1.3,0,11.7,52,182,,0	1 slice~77|1 package~610
2060678	B	36	54,13.4,0,0,312,0,0,112,0,0,0,71,,0	1 serving~112|1 package~1130
2289417	B	36	54,13.4,0,0,312,,,112,,,,71,196	1 serving~112|1 package~1130
1457550	B	124	119,17.9,5.36,0,30,0,1.79,60,0,0,.89,0,0,0,0,0,0	1 serving~84
2375713	B	19	106,3.03,0,21.2,424,18.2,,,3,,1.82,61,394,,0	2 tbsp~33|1 package~397
2166914	B	87	198,9.71,8.99,20.5,514,3.24,2.88,22,2.5,0,1.62,72,,2.2	1 sandwich~278
1766238	B	19	0,0,0,16.7,417,0,0,0,0,0,6,0,,40	1 tsp~6|1 package~148
1766232	B	19	0,0,0,16.7,417,0,0,0,0,0,6,0,,40	1 tsp~6|1 package~148
2026681	B	19	94,0,0,18.8,531,12.5	1 tbsp~16|1 package~397
2026723	B	19	0,0,0,0,1100,0	1 tsp~5|1 package~369
1863922	B	19	0,0,0,16.7,417,0,0,0,0,0,6,0,,40	1 tsp~6|1 package~148
2653134	B	86	20,.8,0,4.8,280,2.4,0,0,.8,0,.8,8,192,,0	4 fl oz~125|1 package~750
2643153	B	2	286,17.9,21.4,0,464,0,14.3,54,0,0,.64,143,,,1	1 serving~28|1 package~113
2671287	B	2	250,14.3,17.9,0,393,,14.3,36,0,0,.64,71,,,1	1 serving~28|1 package~113
1916565	B	6	233,6.98,3.49,44.2,465,0,0,0,2.3,0,3.35,47,,0,,,,,,1,.316	1 roll~43|1 package~850
1914217	B	6	294,11.8,5.88,47.1,471,5.88,0,0,2.9,0,3.18,59,,3.5	1 slice~34|1 package~510
2425513	B	6	256,6.98,0,51.2,558,2.33,0,0,0,0,2.33,14,2,,0	1 slice~43|1 package~907
1997980	B	19	88,0,0,17.6,529,17.6,0,0,0,0,0,0,0,,0	1 tbsp~17|1 package~1190
1899577	B	74	218,9.09,1.82,47.3,400,0,0,0,7.3,0,2.62,36,,0	1 serving~55|1 package~567
560943	B	74	235,7.06,1.18,48.2,482,1.18,0,0,1.2,0,2.82,12,71,,0	2 slices~85
1912657	B	74	218,9.09,1.82,47.3,400,0,0,0,7.3,0,2.62,36,,0	1 serving~55|1 package~567
1911229	B	10	211,0,0,60.5,13,60.5	3 tbsp~38|1 package~946
2478624	B	46	388,5.29,20,47.1,,23.5,3.53,68,1.2,0,1.76,65,94,,.6	1 muffin~170|1 package~1020
2070377	B	9	440,4,24,53.3,387,40,9.33,20,1.3,0,1.44,53,120,0	1 slice~75
1887027	B	9	336,4.8,20.8,34.4,208,26.4,12.8,80,.8,0,1.01,48,,.5	1 slice~125
1854464	B	9	412,3.75,27.5,38.8,200,32.5,15,116,1.2,0,.68,50,,4.5	1 slice~80|1 package~191
2367561	B	60	167,0,0,40,0,40	1 serving~30|1 package~355
1888364	B	78	143,23.2,4.46,1.79,661,0,.89,62,0,0,.64,36,,0	1 serving~56|1 package~113
2634491	B	78	125,21.4,1.79,3.57,1160,0,0,27,1.8,0,.64,0,,0,,,,32	1 serving~56|1 package~454
1926442	B	78	127,21.8,1.82,3.64,1160,0,0,27,1.8,0,.65,0,,0	1 serving~55|1 package~113
1926445	B	78	164,25.4,7.27,0,600,0,1.82,73,0,0,.65,36,,0	1 serving~55|1 package~227
1926449	B	78	164,27.3,5.45,0,618,0,.91,82,0,0,.65,36,,0	1 serving~55|1 package~227
2017007	B	23	200,0,15,16.7,1130,16.7,1.67,0,0,0,0,0,,0	2 tbsp~30|1 package~473
2017014	B	23	433,0,46.7,3.33,967,3.33,6.67,0,0,0,0,0,,0	2 tbsp~30|1 package~473
2016281	B	23	429,3.57,42.9,7.14,1110,3.57,7.14,54,0,0,0,143,,0	2 tbsp~28|1 package~473
2017010	B	23	429,0,35.7,21.4,482,14.3,5.36,54,0,0,0,143,,0	2 tbsp~28|1 package~473
2016968	B	23	714,0,78.6,0,536,0,14.3,71,0,0,0,0,,0	1 tbsp~14|1 package~887
2008703	B	23	333,0,30,20,833,13.3,3.33,33,0,0,0,0,,0	1 tbsp~15|1 package~887
2016973	B	62	267,0,20,26.7,900,20,0,33,0,0,0,0,,0	1 tbsp~15|1 package~473
2016980	B	19	267,0,23.3,13.3,700,10,3.33,17,0,0,0,0,,0	2 tbsp~30|1 package~340
1894607	B	23	455,18.2,40.9,27.3,364,27.3,4.55,0,0,0,0,0,,0	1 tbsp~11|1 package~354
2475542	B	100	324,21.1,26.8,0,352,0,4.23,42,0,0,0,0,282,,1.4,16.9,4.23,,14.1,,,.225,,,,7.61,,,,,99	1 pouch~71
2616935	B	100	177,29.2,7.08,0,336,0,1.77,40,0,0,0,0,248,,1,3.98,1.33,,17.7,,,.354,,,,5.31,,,,,118	1 can, drained~113
2599092	B	100	204,25.7,11.5,0,336,0,2.21,35,0,0,.96,0,248,,1,7.08,2.21,,15.9,,,.265,,,,4.25,,,,,118	1 can, drained~113
2677972	B	100	204,25.7,11.5,0,,0,2.21,35,0,0,.96,0,248,,2,7.08,2.21,,15.9,,,.265,,,,4.25,,,,,118	1 can drained~113
2475540	B	100	352,21.1,26.8,0,352,0,5.63,42,0,0,.85,0,254,,1.7,16.9,4.23,,14.1,,,.282,,,,6.76,,,,,69	1 pouch~71
2603891	B	100	353,21.2,27.1,0,341,0,5.88,41,0,0,.94,0,259,,2,16.5,4.71,,14.1,,,.282,,,,6.35,,,,,74	1 pouch~85|1 package~680
2471238	B	100	296,15.5,23.9,4.23,493,0,4.23,35,0,0,1.41,28,282,,2.12,15.5,4.23,,14.1,,,.423,,,,4.23,,,,,79	1 pouch~71
2076273	B	44	60,.71,.71,15,0,15,0,0,.7,0,.26,0,,3.4	½ cup~140|1 package~3000
1913637	B	44	64,0,0,16,0,13.6,0,0,.8,0,0,0,,19.2	¼ cup~125|1 package~3030
356752	B	2	321,21.4,28.6,0,607,0,17.9,89,0,0,0,714,,0	1 serving~28
374127	B	2	321,21.4,28.6,0,607,0,17.9,89,0,0,0,714,,0	1 serving~28
362360	B	2	357,21.4,28.6,3.57,714,0,21.4,89,0,0,0,714,,0	1 serving~28
2010491	B	2	321,21.4,28.6,0,607,0,17.9,89,0,0,0,714,,0	1 serving~28|1 package~150
2016964	B	76	145,23.6,5.45,0,364,0,1.82,153,0,0,2.62,273,,0	¼ cup~55|1 package~425
2010058	B	100	125,19.6,4.46,0,321,0,0,45,0,0,.64,36,,0	1 serving~56|1 package~142
2016470	B	100	107,23.2,.89,0,446,0,0,45,0,0,.64,0,,0	¼ cup~56|1 package~142
1914332	B	36	294,55.9,4.41,0,2380,0,0,529,0,0,1.06,235,,0	1 serving~34|1 package~284
2059596	B	78	106,7.06,1.18,17.6,659,5.88,0,12,0,0,0,47,,0	½ cup~85|1 package~397
2091791	B	36	230,13.3,7.08,28.3,274,.88,.88,40,.9,0,1.27,35,,0	1 serving~113|1 package~539
1901906	B	36	230,13,7,28,270,1,1,40,1,0,1.08,40,,0	1 serving~100|1 package~680
2016490	B	76	143,19,7.94,0,429,0,1.59,63,0,0,.57,143,,0	¼ cup~63|1 package~418
2016485	B	100	107,23.2,.89,0,250,0,0,45,0,0,.64,0,188,0,1.07,0,0,,8.93,,,.357,,,,1.07,,,,,62	1 serving~56|1 package~142
2484986	B	36	71,15.3,0,0,388,0,0,106,0,0,1.06,24,35,,.6	1 serving~85|1 package~907
2549156	B	36	99,12.6,.45,11.7,694,9.91,0,108,.9,0,.32,54,,0	1 serving~111|1 package~283
2462670	B	36	228,11,7.35,27.9,713,1.47,1.1,33,.7,0,2.21,29,207,,.725	1 serving~136|1 package~544
2391273	B	36	71,12.4,0,0,513,0,0,106,0,0,.35,44,80,,0	1 serving~113|1 package~454
2549150	B	36	80,17.9,1.79,0,36,0,.45,36,0,0,0,9,304,,3.12	1 serving~112|1 package~907
2472083	B	100	95,20.3,.68,2.7,378,1.35,0,41,1.4,0,.81,0,270,,1.23	1 pouch~74
2384463	B	36	94,18.8,1.18,0,471,0,.59,194,0,0,0,73,47,,0	1 serving~85|1 package~454
2403827	B	76	138,10.8,9.23,0,308,0,3.08,62,0,0,1.66,231,215,,2.3	1 can drained~65|1 package~106
2444961	B	36	289,9.38,25.8,3.91,789,.78,11.7,98,0,0,0,50,104,,0	1 serving~128|1 package~255
2253220	B	93	85,7.32,0,12.2,402,4.88,0,12,2.4,0,.85,37,268	1 serving~82
2501959	B	76	188,20,8.24,7.06,600,0,2.94,94,0,0,1.41,306,188,,1.3	½ cup~85|1 package~425
2549151	B	36	62,15.2,.45,0,196,0,0,36,0,0,0,9,339,,.8	1 filet~112|1 package~454
2071994	B	36	89,17.9,.89,0,71,0,0,67,0,0,.32,36,,1.1	1 serving~112|1 package~680
1664271	B	22	250,3.57,0,64.3,11,46.4,0,0,10.7,,1.93,179,,0	1 serving~28
2508454	B	35	25,0,0,5,6000,0,,0,1.2,0,0,0,,0	1 tbsp~20|1 package~380
2189130	B	111	204,8.45,7.04,26.1,401,.7,2.82,18,1.4,0,1.9,70,,2.5	1 burrito~142|1 package~1700
2189129	B	111	239,8.45,10.6,26.1,373,.7,3.17,18,1.4,0,1.9,70,,3.4	1 chimichanga~142|1 package~2550
2164919	B	26	250,7.43,10.8,30.4,412,1.35,2.36,14,3.4,0,1.22,101,,1.6	7 pieces~148|1 package~1810
2607291	B	11	35,1,.5,5,120,4,0,0,1,0,1,15,290,,0	.45 cup~100|1 package~680
2420979	B	78	385,13.2,36.8,0,358,0,3.3,42,0,0,.34,47,99,,1.05	1 package~106
1126086	B	78	170,12.3,9.43,10.4,434,8.49,1.42,57,0,0,.51,66,231,,1.98	1 can~106
1129798	B	78	226,18.9,15.1,5.66,613,5.66,1.89,57,0,0,.51,66,99,,1.98	1 can~106
1979120	B	36	82,16.5,1.18,2.35,388,1.18,0,24,0,0,0,12,365,,0	1 serving~85|1 package~355
2042817	B	8	535,7.08,36.9,52.3,10,49.2,21.5,18,3.1,0,2.77,62,,0	1 serving~32.5|1 package~65
1879977	B	8	538,4.92,40,52.3,10,36.9,24.6,0,7.4,0,2.77,0,,0	1 serving~32.5|1 package~65
2383371	B	5	33,2.22,0,6.67,278,0,0,0,2.2,0,.22,29,122,,0	1 package~45
2628749	B	5	40,2,0,8,280,2,0,0,4,0,.8,52,160,,0	1 package~50
2628748	B	7	39,2.63,0,5.26,250,2.63,0,0,2.6,0,.79,29,237,,0	1 package~38
2383370	B	5	22,2.22,0,4.44,244,0,0,0,2.2,,.22,64,111,,0	1 serving~45
2071300	B	9	353,3.92,18.6,43.1,275,23.5,2.45,64,1,0,1.41,20,,0	1 serving~102|1 package~1020
2071299	B	9	392,3.92,20.6,51,304,33.3,2.94,64,1,0,1.41,39,,0	1 serving~102|1 package~510
1935849	B	9	374,5.05,19.2,46.5,293,26.3,3.03,71,1,0,1.45,20,,0	1 serving~99|1 package~1020
2668004	B	46	500,0,25,58.3,208,25,12.5,0,4.2,0,2.92,0,83,,0	1 serving~24|1 package~340
2078935	B	9	368,3.51,17.5,49.1,316,33.3,2.63,35,1.8,0,1.89,35,,0	1 serving~57|1 package~680
2071298	B	9	396,3.3,17.6,56,253,28.6,5.49,33,1.1,0,1.98,22,,0	1 serving~91|1 package~907
1898243	B	9	373,3.92,18.6,48,314,29.4,3.92,69,1,0,1.41,20,,0	1 serving~102|1 package~510
2057338	B	152	388,4.71,21.2,47.1,306,27.1,3.53,71,0,0,1.69,24,,0	1 serving~85|1 package~510
2063397	B	46	378,4.05,20.3,46,324,24.3,2.7,68,1.4,0,1.46,27,,0	1 serving~74|1 package~737
1905260	B	9	351,3.51,17.5,24.6,263,,1.75,44,0,0,1.26,35,,0	1 serving~57|1 package~680
2057335	B	9	368,3.51,19.3,45.6,316,26.3,2.63,35,0,0,1.26,35,,0	1 serving~57|1 package~850
1886143	B	9	341,4.71,18.8,40,294,21.2,2.35,71,1.2,0,1.27,24,,0	1 serving~85|1 package~510
1886145	B	6	363,3.92,19.6,42.2,314,24.5,2.45,74,1,0,1.41,20,,1.2	1 serving~102|1 package~1020
2134845	B	9	373,3.92,20.6,42.2,294,22.6,2.94,64,1,0,1.41,39,,0	1 serving~102|1 package~1020
2419294	B	33	84,7.8,3.62,6.69,53,3.9,.56,15,1.1,0,.56,11,114,,0	1 serving~359
2451038	B	18	0,0,0,1.97,0,,,,0,,,,132,27.9,,,,,,,,,,,,.74,.77,,,,,,,,45	1 can~355
2653390	B	18	0,0,0,1.97,0,0,,,0,,,,132,27.9,,,,,,,,,,,,.74,.77,,,,,,,,45	1 can~355
2406546	B	24	0,0,0,.85,0,,,,,,,70,69,18.6,.275,,,,,,,,,,,1.86	1 can~355
2406547	B	24	0,0,0,.85,0,,,,,,,70,69,18.6,3.1,,,,,,,,,,,1.86	1 can~355
2406545	B	24	0,0,0,.85,0,,,,,,,70,69,18.6,3.1,,,,,,,,,,,1.86	1 can~355
2419788	B	24	0,0,0,.85,0,,,,,,,70,69,18.6,3.1,,,,,,,,,,,1.86	1 can~355
2406544	B	24	0,0,0,.85,0,,,,,,,70,69,18.6,3.1,,,,,,,,,,,1.86	1 can~355
2441605	B	10	49,0,0,12.2,5,11.2,,,,,,7,,22.3	1 container~296
2441537	B	18	19,0,0,4.73,0,4.39,,,,,,,,.4	1 container~296
2364645	B	18	20,0,0,6.08,3,4.73,,,,,,,,28.4	1 container~296
2441670	B	18	20,0,0,6.08,3,4.73,,,,,,,,26.4	1 container~296
2490270	B	10	47,1.01,0,10.8,0,8.45,,,.2,,.12,7,201,64.9,,,,,.27,0,,.041,,11,,,,.101	1 container~296
2364474	B	18	11,0,0,2.54,0,2.54,,,,,,,,0	1 container~355
1919058	B	18	11,0,0,2.54,0,2.54,,,,,,,,0	1 container~355
2441928	B	18	20,0,0,6.42,3,5.07,,,,,,,,26.4	1 container~296
2491307	B	18	56,0,0,13.8,5,11.8,,,.1,,.12,7,19,20.3,,,,,1.69,,,.169,,,,.51,,.422	1 container~296
2544744	B	14	97,3.33,2.67,16.7,28,11.7,.33,,3.3,0	1 each~300
2507244	B	93	144,5.42,10.8,16.2,141,7.58,1.81,0,5.4,0,.79,51,336,,0	1 serving~277
2274790	B	33	103,13.8,2.05,6.67,87,.51,.51,31,2.6,0,1.03,82,200,,0	1 serving~195|1 package~415
1994412	B	33	114,10.9,3.71,9.16,84,1.49,.74,26,1.2,.5	1 portion~404
2419035	B	33	98,9.81,3.8,6.01,95,.95,.63,25,1.9,0,.95,32,225,,0	1 serving~316
2450307	B	80	178,10.9,10.9,9.35,97,2.49,1.56,28,2.5,0,3.43,25,268,,0	1 serving~321
2383329	B	33	92,3.28,3.06,12.2,50,.88,.44,1,1.8,.44	1 portion~457
2383208	B	33	129,9.04,5.68,10.3,26,1.55,1.29,5,1.6,1.03	1 portion~387
2383216	B	33	128,7.73,7.73,7,28,1.21,3.86,31,1.2,.24	1 portion~414
2383197	B	7	158,12,9.77,4.51,94,2.26,4.25,,1.5,0	1 each~266
2449637	B	80	135,8.22,9.87,6.58,49,2.96,1.32,18,2,0,.99,53,306,,0	1 serving~304
2297972	B	33	106,10,3.9,13.1,75,1.95,.7,19,2.8,0,.56,11,114,,0	1 serving~359
2421617	B	7	125,8.25,7.59,7.26,178,.99,1.65,23,2.3,0,3.3,,323,,0	1 serving~303
2173242	B	82	77,2,3.33,13.7,20,9,.33,,4.3,0	1 each~300
2421618	B	7	118,9.8,3.92,10.8,72,5.23,.65,23,1.6,0,1.96,4,353,,0	1 serving~306
2545076	B	33	66,3.32,3.98,10.4,29,1.33,2.88,0,1.8,0	1 portion~452
2474515	B	66	111,0,0,31.1,733,13.3,0,0,2.2,0,.89,0,467,11.1,0,,,,.667,0,.044,.222,13,33,22,,,.222,,.067,2	1 tortilla~45|1 package~270
2156723	B	5	393,7.14,14.3,64.3,750,7.14,0,0,10.7,0,2.86,36,321,,0	1 serving~28|1 package~198
2395177	B	5	357,7.14,8.93,67.9,821,0,0,0,10.7,0,3.57,36,357,,0	1 serving~28|1 package~198
2027472	B	14	404,8.77,7.89,79,246,21,0,0,8.8,0,31.6,35,298,,,4.39,1.75,,17.5,2,1.49,2.46,716,70,175,10.5,11.8	1 cup~57|1 package~510
2288740	B	14	404,7.02,7.02,79,298,28.1,0,0,5.3,0,3.16,0,219,0,3.5,3.51,1.75,,,,,,,,,,2.63	1 cup~57|1 package~793
2653105	B	14	406,7.81,7.81,79.7,422,20.3,.78,0,4.7,0,33.8,0,211,0,6,,,422,15.6,1,1.33,1.56,1062,62,156,4.69,.94,,,.25	1 container~64
2653145	B	14	400,6.67,5,83.3,400,23.3,0,0,6.7,0,12,0,217,0,,3.33,0,0,5.33,2,,.667,90.1,53,133,,4	¾ cup~30|1 package~368
2570481	B	14	293,7.32,9.76,45.1,488,7.32,1.83,12,1.2,0,4.88,170,390,,0	2 waffles per serving~82
2570480	B	21	308,6.41,10.3,46.2,526,8.97,1.92,13,1.3,0,2.56,179,115,,0	2 waffles per serving~78
2669848	B	14	390,10.2,7.63,76.3,407,17,.85,0,8.5,0,28,34,373,,3,2.54,3.39,610,10.2,1,.864,1.02,203,68,169,5.08,5.08	1 cup~59|1 package~439
2470735	B	14	406,3.12,6.25,87.5,375,43.8,0,0,0,0,16.9,188,78,0,,,,,5,2,,.562,,,62,,2.81,.625	1 cup~32|1 package~538
2470820	B	14	400,5,2.5,87.5,475,32.5,0,0,2.5,0,6.75,0,150,,5,,,,22.5,2,1.91,2.25,600,,100,15,7.5	1¾ cup~40|1 package~1000
2628971	B	14	400,5,2.5,87.5,475,32.5,0,0,2.5,0,6.75,0,150,,5,,,1120,22.5,2,1.91,2.25,600,,100,15,7.5	1¾ cup~40|1 package~354
2462079	B	14	385,5.13,2.56,87.2,487,38.5,0,0,0,0,4.62,0,51,15.4,5.12,,,,20.5,1,1.74,1.28,369,,,12.3,5.77	1 cup~39|1 package~1130
2626147	B	14	306,11.1,2.78,80.6,528,19.4,0,0,19.4,0,25,28,583,,6,0,0,1000,19.4,2,2.12,2.22,1015,222,417,15,10.4,1.11,,1.11	1 cup~36|1 package~454
2061761	B	140	126,4.04,4.04,18.2,263,6.57,1.77,5,1.5,0,.73,10,,0	1 bowl~198
1889922	B	14	101,4.04,1.01,19.7,43,8.59,0,3,1.5,0,.55,30,,0	1 bowl~198
2490726	B	169	52,4.55,.91,7.27,88,5.15,.45,5,.9,0,1.36,106,227,4.5,.75,,,,1.52,0,.129,.152,,30,121,.45,1.14,.379,0,.152,5,6.1	1 carton~330|1 package~1300
2163310	B	14	385,2.56,3.85,87.2,359,48.7,0,0,0,0,11.5,385,77,,0,,,,5.13,2,,.513,109,,0,,3.85,2.56	¼ cup~39|1 package~311
2587822	B	14	400,2.5,5,85,525,42.5,0,0,2.5,0,18,25,150,,0,,,,5,3,,.5,60,,50,,5.62,1.88	1 1/3 cup~40|1 package~311
2166545	B	1	526,3.51,28.1,66.7,123,63.2,24.6,9,0,0,0,140,221,,0	1 package~57
2460450	B	3	185,3.7,5.56,29.6,74,19.8,4.32,6,1.2,0,.49,123,222,,0	2/3 cup~81|1 package~1410
2551292	B	14	405,7.14,7.14,81,429,21.4,0,0,4.8,0,38.6,24,190,,4.75,3.57,1.19,,19,1,1.42,1.9,571,57,143,14.3,3.57	1 cup~42|1 package~411
1864245	B	14	406,6.25,6.25,81.2,500,21.9,0,0,6.2,0,33.8,0,203,0,3.12,3.12,1.56,,15.6,1,1.33,1.56,,50,188,4.69,.94,,,.25	¾ cup~32|1 package~396
2010147	B	14	407,11.1,5.56,77.8,463,3.7,0,0,7.4,0,33.3,0,315,22.2,7.4,1.85,1.85,,18.5,1,1.57,1.85,,119,370,5.56,5.56,,,.296	1 cup~27|1 package~297
1933052	B	14	414,3.45,3.45,86.2,586,34.5,3.45,0,0,0,6.21,0,155,0,6.9,,,,17.2,1,1.47,1.72,,,,5.17,5.17	¾ cup~29|1 package~652
1890148	B	14	400,6.67,5,83.3,450,20,0,0,6.7,0,36,0,183,0,3.33,3.33,0,,16.7,1,1.42,1.67,,53,133,5,1,,,.133	¾ cup~30|1 package~765
2487954	B	14	367,8.33,3.33,81.7,17,26.7,1.67,0,10,0,13.5,33,317,,0,0,0,,6.67,2,.113,.667,102,53,250,,2.5,1.67	22 biscuits~60|1 package~439
2477635	B	14	414,3.45,6.9,82.8,414,37.9,0,0,3.4,0,12.4,207,121,0,0,,,,4.14,2,.117,.414,,,,,3.1,1.03	1 cup~29|1 package~538
1864248	B	14	387,6.45,4.84,83.9,403,25.8,0,0,6.5,0,26.1,0,226,15.5,3.23,3.23,0,,16.1,1,1.37,1.61,,52,129,4.84,.97,,,.129	¾ cup~31|1 package~467
2653147	B	14	387,6.45,4.84,83.9,403,25.8,0,0,6.5,0,26.1,0,226,15.5,6,3.23,0,435,16.1,1,1.37,1.61,1096,52,129,4.84,.97,,,.129	¾ cup~31|1 package~368
2653153	B	14	406,6.25,3.12,87.5,562,31.2,0,0,3.1,0,8.44,0,156,0,16,0,0,422,15.6,1,1.33,1.56,530,50,125,4.69,4.69	1½ cup~32|1 package~935
2525595	B	14	429,47.6,11.9,33.3,619,11.9,2.38,0,4.8,0,3.33,214,310,,0,5.95,2.38	1 cup~42|1 package~311
2539455	B	14	429,47.6,11.9,33.3,619,11.9,2.38,0,4.8,0,3.33,214,310,,0,5.95,2.38	1 cup~42|1 package~850
2172920	B	12	500,3.57,21.4,71.4,268,17.9,3.57,0,0,0,0,0,107,,0	1 serving~28|1 package~170
2626155	B	22	500,3.57,21.4,71.4,268,17.9,3.57,0,0,0,0,0,107,,0,,,,,,,,,,,,,,,,,,5	1 pouch~28
2626150	B	14	389,5.56,4.17,86.1,611,33.3,0,0,2.8,0,7.5,0,167,,6,,,1250,16.7,1,1.89,1.39,556,,56,13.3,6.25	1 cup~36|1 package~1021
1864242	B	14	393,10.7,8.04,76.8,268,21.4,1.79,0,8.9,0,16.1,36,321,0,2.67,3.57,1.79,,8.93,1,.759,.893,,107,268,2.68,6.7,,,.286	1 cup~56|1 package~425
2511634	B	14	385,7.69,5.13,82,308,20.5,0,0,5.1,0,28.2,26,205,,1.02,2.56,0,,10.3,2,.436,1.54,185,41,103,9.23,5.77,1.28	1 cup~39|1 package~340
2027475	B	14	390,7.32,4.88,82.9,439,22,0,0,7.3,0,43.9,24,171,,,2.44,1.22,,19.5,2,1.66,2.44,994,39,146,14.6,7.32	1 cup~41|1 package~411
2484426	B	14	389,5.56,4.17,86.1,611,33.3,0,0,2.8,0,7.5,0,167,,5.55,,,,16.7,1,1.89,1.39,556,,,13.3,6.25	1 cup~36|1 package~1070
2626153	B	14	389,5.56,4.17,86.1,611,33.3,0,0,2.8,0,7.5,0,167,,6,,,1250,16.7,1,1.89,1.39,556,,,13.3,6.25	1 cup~36|1 package~780
2511639	B	14	390,4.88,3.66,87.8,463,36.6,0,0,2.4,0,15.4,512,73,,0,,,,7.32,2,,.732,59,,49,,5.49,1.22	1/3 cup~41|1 package~453
2107828	B	14	387,3.23,0,90.3,452,38.7,0,0,0,0,11.6,0,81,19.4,3.23,0,0,,16.1,1,1.37,1.61,323,,,4.84	¾ cup~31|1 package~439
2587828	B	14	375,8.93,5.36,78.6,357,21.4,0,0,7.1,0,8.04,36,304,,4,1.79,1.79,643,10.7,1,.911,1.07,214,71,179,5.36,5.36	1 cup~56|1 package~482
2027487	B	12	450,22.5,22.5,47.5,250,17.5,3.75,0,10,0,3.6,100,575,0,,8.75,8.75	1 pouch~40
2626160	B	1	500,3.57,21.4,71.4,268,17.9,3.57,0,0,0,0,0,36,,0,,,,,,,,,,,,,,,,,,5	1 serving~28|1 package~170
2525598	B	14	389,2.78,4.17,86.1,583,33.3,0,0,2.8,0,15,0,167,,0,,,,8.33,3,,.833,100,22,56,,6.25,2.08	1 cup~36|1 package~326
2587830	B	14	382,9.09,10.9,70.9,291,14.6,.91,0,9.1,0,29.4,36,345,,4,4.55,2.73,573,10.9,1,.927,1.09,218,73,182,5.45,8.18	¾ cup~55|1 package~538
1928914	B	14	368,11.5,4.6,75.9,161,16.1,0,0,9.2,0,37.2,0,368,0,,2.3,1.15	1 pouch~43.5
2487960	B	14	350,8.33,3.33,81.7,8,23.3,1.67,0,10,0,13.5,33,350,,0,.83,.83,,6.67,2,.113,.667,60,67,250,,3.75,1.67	23 biscuits~60|1 package~439
2117849	B	14	345,9.09,1.82,81.8,18,20,0,0,10.9,0,29.4,0,327,0,,,,,9.09,1,.773,.909,727,109,273,2.73,6.82	1 cup~55|1 package~198
2525597	B	14	389,2.78,4.17,86.1,583,33.3,0,0,2.8,0,15,0,111,,0,,,,8.33,3,,.833,100,22,56,,6.25,2.08	1 cup~36|1 package~326
2484469	B	14	389,2.78,4.17,86.1,528,33.3,0,0,0,0,2.78,0,56,16.7,5.55,,,,22.2,1,1.89,1.39,400,,,13.3,6.25	1 cup~36|1 package~1070
2626156	B	12	500,3.57,21.4,71.4,268,17.9,3.57,0,0,0,0,0,36,,0,,,,,,,,,,,,,,,,,,36	1 pouch~28
2460462	B	3	183,3.66,4.27,30.5,67,20.7,3.05,6,0,0,0,122,165,,0	2/3 cup~82|1 package~414
2525599	B	14	389,2.78,4.17,86.1,583,33.3,0,0,2.8,0,15,0,111,,0,,,,8.33,3,,.833,100,22,56,,6.25,2.08	1 cup~36|1 package~467
2482892	B	14	389,2.78,4.17,86.1,528,33.3,0,0,0,0,2.78,0,56,16.7,5.55,,,,22.2,1,1.89,1.39,400,,,13.3,6.25	1 cup~36|1 package~552
2511640	B	14	395,5.26,6.58,84.2,579,34.2,0,0,2.6,0,11.8,263,79,,0,,,,5.26,3,,.526,105,,53,,3.95	½ cup~38|1 package~396
1856795	B	4	436,10.9,12.7,70.9,127,21.8,1.82,0,7.3,0,2.62,36,255,0,,6.36,4.55	½ cup~55|1 package~311
1952485	B	14	440,8,16,72,130,24,2,0,6,0,2.88,40,250,0,,8,4	½ cup~50|1 package~311
2027471	B	12	450,22.5,22.5,47.5,250,17.5,3.75,0,10,0,3.6,100,575,0,,8.75,8.75	1 pouch~40|1 package~200
2628972	B	14	429,7.94,14.3,71.4,119,23.8,1.59,0,6.3,0,2.29,32,206,0,,7.94,3.97,0	2/3 cup~63|1 package~311
100000019247274	O	703	370,7.41,7.41,74.1,259,24.1,0,0,7.41,,1.99,36.7,457,.37,.103,2.78,1.85,,.302,.194,.0189,.0997,37.7,63,178,.0029,1.38,.42,1.64,.288,8.65,,.962,,,0	1 serving~54|1 package~453
1851945	B	14	455,16.4,14.6,63.6,164,18.2,1.82,0,5.5,0,3.27,73,309,0	½ cup~55|1 package~311
1923253	B	14	381,14.3,7.14,66.7,190,2.38,0,0,7.1,0,4.29,48,381,0,,2.38,3.57,,,,,,,143,357	1 pouch~42|1 package~334
1937173	B	14	404,14,8.77,68.4,351,15.8,.88,0,12.3,0,28.4,70,386,0,1.75,4.39,2.63,,8.77,1,.746,.877,,105,351,2.63,3.95,,,.351	1 cup~57|1 package~382
1850338	B	14	377,11.3,5.66,77.4,236,15.1,0,0,13.2,0,3.4,0,340,0,,2.83,1.89,,3.02,0,.128,.151,,113,283,,2.83,,,.377	1 cup~53|1 package~354
1937123	B	14	400,14.6,9.09,67.3,327,16.4,.91,0,10.9,0,4.91,36,364,0,,4.55,2.73,,2.91,0,.124,.145,,109,364,,2.73,,,.364	1 cup~55|1 package~382
2164291	B	14	405,7.14,7.14,81,429,21.4,0,0,4.8,0,38.6,24,190,,,3.57,1.19,,19,1,1.42,1.9,971,57,143,14.3,3.57	1 cup~42|1 package~864
1851277	B	14	400,6.67,5,83.3,467,20,0,0,3.3,0,36,0,183,0,3.33,3.33,1.67,,16.7,1,1.42,1.67,,53,133,5,1,,,.133	¾ cup~30|1 package~411
1850139	B	14	400,6.67,5,83.3,467,20,0,0,3.3,0,36,0,183,0,3.33,3.33,1.67,,16.7,1,1.42,1.67,,53,133,5,1,,,.133	¾ cup~30|1 package~411
1935980	B	14	440,8,12,76,20,24,1,0,8,0,3.6,40,280,0,3,7,4,,10,1,.85,1,,80,300,3,3,,,.24	½ cup~50|1 package~311
2289898	B	4	460,10,18,70,240,22,4,10,8,0,2.16,0,250,0,,8,4	1 pouch~50|1 package~250
2303124	B	12	393,3.57,1.79,89.3,250,42.9,0,0,0,0,.71,393,71,,0	1 pouch~28|1 package~170
2511646	B	5	429,3.57,10.7,78.6,536,25,0,0,3.6,0,2.14,0,179,,0	23 pieces~28|1 package~170
2653146	B	14	386,7.02,3.51,80.7,351,19.3,0,0,3.5,0,12.6,0,123,,0,,,,7.02,3,,.702,63,,,,5.26,1.75	1 container~57
2511648	B	14	377,14.5,3.62,73.9,391,29,0,7,2.9,0,9.13,290,507,,1.45,,,,4.35,2,.739,,72,58,,3.04,5.43,2.17	1 container~69
2027485	B	14	434,7.55,13.2,75.5,9,22.6,.94,0,5.7,0,5.09,38,245,,,,,,9.43,1,1.28,.943,449,,,6.79,2.83	½ cup~53|1 package~311
2469489	B	14	462,2.56,18,74.4,346,41,15.4,0,2.6,0,11.5,282,77,,0,,,,5.13,2,,.513,46,,0,,3.85,1.28	1 cup~39|1 package~340
2511624	B	14	372,9.3,4.65,74.4,512,27.9,0,0,7,0,2.51,47,279,0,,1.16,2.33,,,,,,,93,233	1 pouch~43|1 package~343
1923254	B	14	390,9.76,4.88,75.6,512,29.3,0,0,7.3,0,3.51,73,268,0,,1.22,2.44,,,,,,,98,244	1 pouch~41|1 package~328
2484320	B	14	415,7.32,8.54,78,415,22,0,0,4.9,0,43.9,24,220,,4.88,4.88,2.44,,19.5,1,1.66,,585,59,146,14.6,7.32	1 cup~41|1 package~340
2669852	B	13	409,4.55,9.09,77.3,364,40.9,6.82,0,0,0,1.36,0,45,,5,,,409,9.09,1,1.16,.909,218,,,6.82,4.09	1 bar~22|1 package~352
2470814	B	14	390,2.44,4.88,85.4,463,46.3,0,0,2.4,0,15.4,0,122,,0,,,,4.88,3,.083,.488,59,,49,,3.66,1.22	1¼ cup~41|1 package~467
1855426	B	14	394,6.06,9.09,78.8,318,30.3,0,0,6.1,0,8.18,0,258,0,3.02,4.55,3.03,,15.2,1,1.29,1.52,,73,303,4.55,6.82,,,.242	1 cup~33|1 package~411
2172789	B	14	429,47.6,11.9,33.3,524,11.9,2.38,12,4.8,0,3.33,524,381,,0,5.95,2.38	1 cup~42|1 package~850
2585117	B	14	429,47.6,11.9,33.3,595,11.9,2.38,0,4.8,0,4.76,214,310,,0,5.95,3.57	1 cup~42|1 package~255
2027486	B	14	406,6.25,3.12,87.5,562,31.2,0,0,3.1,0,8.44,0,156,0,7.8,0,0,,15.6,1,1.33,1.56,,50,125,4.69,4.69	1½ cup~32|1 package~708
2470754	B	14	400,3.33,5,83.3,500,43.3,0,0,3.3,0,12,0,150,0,0,,,,4,2,0,.4,,,,,3,.667	1 cup~30|1 package~963
2008991	B	14	397,8.62,6.03,81,259,22.4,1.72,0,6.9,0,24.8,34,241,0,2.58,2.59,1.72,,8.62,1,.733,.862,,69,259,2.59,6.47,,,.207	1 cup~58|1 package~439
2470768	B	14	400,2.5,5,85,525,42.5,0,0,2.5,0,18,25,150,,0,,,,5,3,,.5,60,,50,,5.62,1.88	1 1/3 cup~40|1 package~907
2125891	B	14	395,2.63,6.58,84.2,421,36.8,0,0,2.6,0,16.6,237,105,,0,,,,5.26,3,,.789,112,,53,,5.92,3.95	1 1/3 cup~38|1 package~340
1864239	B	14	347,12.2,2.04,81.6,0,0,0,0,12.2,0,2.2,41,388,0,,0,1.02,,6.12,0,.069,.163,,122,408,,3.06,,,.408	1 cup~49|1 package~262
2027458	B	14	407,3.7,3.7,85.2,519,33.3,3.7,0,0,0,6.67,0,56,0,7.4,0,0,,18.5,1,1.57,1.85,,,,5.56,5.56	¾ cup~27|1 package~311
2027482	B	14	440,20,12,62,210,26,2,0,6,0,5.4,80,320,0,3,7,3,,8,1,.85,.8,,80,300,3,3,,,.16	½ cup~50|1 package~283
1864264	B	14	370,3.7,0,88.9,93,51.8,0,0,3.7,0,6.67,0,185,0,7.4,0,0,,18.5,1,1.57,1.85,,59,222,5.56,5.56,,,.296	¾ cup~27|1 package~1120
2470729	B	14	318,8.24,1.76,78.8,400,31.8,0,0,14.1,0,16.9,24,412,,1.18,,,,11.8,1,1.2,1.41,311,165,294,7.76,7.94	1 container~85
2484468	B	14	311,8.2,1.64,78.7,393,32.8,0,0,14.8,0,17.7,49,557,,3.27,0,0,,13.1,1,1.39,1.64,590,164,328,8.85,7.38,.82,,.984	1¼ cup~61|1 package~471
2464821	B	14	365,6.35,4.76,79.4,302,28.6,0,0,6.3,0,7.14,32,333,,3.33,1.59,1.59,,14.3,1,.81,.952,190,63,127,4.76,7.14	1 cup~63|1 package~467
2587829	B	14	370,7.41,7.41,74.1,259,24.1,0,0,7.4,0,20,37,389,,4,2.78,1.85,417,11.1,1,.944,1.11,222,74,185,5.56,8.33	¾ cup~54|1 package~538
2470823	B	14	439,4.88,12.2,75.6,488,39,2.44,0,2.4,0,15.4,415,146,,0,7.32,2.44,,7.32,3,,.488,59,,49,,3.66,1.22	2¾ cup~41|1 package~496
2027469	B	14	382,9.09,4.55,80,255,21.8,0,0,9.1,0,3.27,36,291,0,,1.82,1.82,,2.91,0,.062,,,109,273,,2.18	1 cup~55|1 package~517
2587823	B	14	351,8.77,1.75,82.5,9,21,0,0,10.5,0,,0,246,,0,,,,10.5,1,.746,.877,702,70,263,4.21,10.5	1 container~57
2487970	B	14	350,8.33,2.5,81.7,8,25,.83,0,10,0,13.5,33,333,,0,0,.83,,6.67,2,.113,.667,100,53,250,,2.5,1.67	22 biscuits~60|1 package~439
1947872	B	14	357,10.7,1.79,82.1,0,21.4,0,0,10.7,0,28.9,0,357,0,,,,,7.14,1,.607,.714,,,,2.14,5.36	1 bowl~28
1864238	B	14	373,8.47,3.39,83,102,20.3,0,0,10.2,0,27.5,0,356,0,,.85,.85,,8.48,1,.72,.847,,102,254,2.54,2.54,,,.339	1 cup~59|1 package~567
2027461	B	14	347,12.2,2.04,81.6,0,0,0,0,12.2,0,2.2,41,388,0,,0,1.02,,6.12,0,.069,.163,,122,408,,3.06,,,.408	1 cup~49|1 package~669
2061762	B	14	101,4.04,.76,19.2,136,9.6,0,3,2,0,.73,40,,.6	1 bowl~198
2115088	B	14	111,6.06,4.55,11.6,232,.51,1.77,13,1.5,0,.73,76,,0	1 serving~198
2141385	B	14	425,5,8.75,80,625,40,7.5,0,2.5,0,11.2,350,100,,0,,,,5,2,,.5,85,,50,,3.75,2.5	1¼ cup~40|1 package~311
2587824	B	14	386,7.02,5.26,82.5,404,26.3,0,0,5.3,0,12.6,0,123,,0,,,,5.26,2,,.702,63,42,140,,5.26	1 container~57
2482995	B	14	339,8.93,1.79,82.1,9,19.6,0,0,10.7,0,16.1,0,250,,0,,,,8.93,2,,.893,64,57,268,,2.68,1.79	1 bowl~56
2511623	B	14	405,7.14,7.14,78.6,429,21.4,0,0,4.8,0,38.6,24,214,,4.75,3.57,1.19,,19,1,1.42,1.9,571,57,143,14.3,3.57	1 cup~42|1 package~652
2487254	B	14	390,7.32,4.88,82.9,463,22,0,0,4.9,0,39.5,24,146,,4.88,2.44,0,,19.5,1,1.24,1.95,585,59,146,14.6,3.66	1 cup~41|1 package~1410
2670996	B	14	389,5.56,4.17,86.1,611,33.3,0,0,2.8,0,7.5,0,167,,6,,,1250,16.7,1,1.89,1.39,333,,,13.3,6.25	1 cup~36|1 package~907
2305834	B	12	393,3.57,1.79,89.3,250,42.9,0,0,0,0,.71,393,71,,0	1 serving~28|1 package~170
2470733	B	14	395,5.26,1.32,89.5,224,55.3,0,0,0,0,1.32,0,184,,0,,,,3.16,2,,,47,42,158,,1.58,1.32,,.421	1 cup~38|1 package~418
2651762	B	14	389,2.78,5.56,86.1,528,33.3,0,0,0,0,2.78,0,56,16.7,6,,,1250,22.2,1,1.89,1.39,667,,,13.3,6.25	1 cup~36|1 package~284
2061689	B	14	393,3.57,3.57,85.7,607,35.7,0,0,0,0,12.9,0,54,0,,,,,5.71,2,,.571,,,71,,4.29,2.14	¾ cup~28|1 package~311
2511637	B	14	400,2.5,2.5,90,600,45,0,0,0,0,1.75,0,25,,3,,,,20,1,1.7,2,360,,,13.5,3.75	1 cup~40|1 package~510
2027446	B	14	414,3.45,3.45,86.2,586,34.5,3.45,0,0,0,6.21,0,155,0,6.9,0,0,,17.2,1,1.47,1.72,,,69,5.17,5.17,,,.138	¾ cup~29|1 package~581
2653106	B	14	400,5,4.17,85,583,36.7,3.33,0,1.7,0,6,0,158,0,15,,,450,16.7,1,1.42,1.67,566,27,100,5,5,,,.2	1 container~60
2653149	B	14	414,3.45,3.45,86.2,586,34.5,3.45,0,0,0,6.21,0,155,0,14,0,0,466,17.2,1,1.47,1.72,586,,69,5.17,5.17,,,.138	¾ cup~29|1 package~722
1899140	B	14	407,3.7,3.7,85.2,519,33.3,3.7,0,0,0,6.67,0,74,0,7.4,0,0,,18.5,1,1.57,1.85,,,,5.56,5.56	¾ cup~27|1 package~311
2027483	B	12	475,20,27.5,45,188,22.5,6.25,0,10,0,3.6,100,650,0,,11.2,8.75	1 pouch~40
2482120	B	14	390,7.32,4.88,82.9,463,22,0,0,4.9,0,39.5,24,195,,4.88,2.44,0,,19.5,1,1.24,1.95,585,39,146,14.6,5.49	1 cup~41|1 package~1360
2413959	B	14	400,5,5,85,550,37.5,0,0,2.5,0,13.5,275,125,,0,,,,5,2,,.5,100,,100,,5.62	¼ cup~40|1 package~567
2462292	B	14	400,5,5,85,550,37.5,0,0,2.5,0,13.5,275,125,,0,,,,5,2,,.5,60,,100,,5.62,1.25	1¼ cup~40|1 package~963
1859552	B	14	400,6.67,5,83.3,600,33.3,0,0,3.3,0,9,0,217,0,3.33,1.67,1.67,,16.7,1,1.42,1.67,,80,267,5,7.5	1 cup~30|1 package~595
1864252	B	14	350,11.7,2.5,81.7,0,0,0,0,13.3,0,3.5,33,400,,0,0,.83,,6.67,0,.17,,40,100,333,,3.75	1 1/3 cup~60|1 package~510
1864266	B	14	370,3.7,0,88.9,93,51.8,0,0,3.7,0,6.67,0,185,0,7.4,0,0,,18.5,1,1.57,1.85,,59,222,5.56,5.56,,,.296	¾ cup~27|1 package~850
2027466	B	14	382,9.09,5.45,76.4,255,16.4,0,0,12.7,0,19.6,36,327,0,,2.73,1.82,,2.91,0,.124,.145,,109,273,,10.9,,,.291	1 cup~55|1 package~361
1937131	B	14	400,10.9,5.45,78.2,273,21.8,0,0,9.1,0,16.4,36,291,0,2.73,2.73,1.82,,9.09,1,.773,.909,,109,273,2.73,6.82,,,.218	1 cup~55|1 package~418
1864241	B	14	393,10.7,8.04,76.8,268,21.4,1.79,0,8.9,0,16.1,36,321,0,2.67,3.57,1.79,,8.93,1,.759,.893,,107,268,2.68,6.7,,,.286	1 cup~56|1 package~354
2027467	B	14	311,8.2,1.64,78.7,393,32.8,0,0,14.8,0,17.7,49,557,,,0,0,,13.1,1,1.39,1.64,598,164,328,8.85,7.38,1.64,,.984	1¼ cup~61|1 package~567
482368	B	13	386,10.5,7.02,68.4,351,38.6,.88,0,1.8,0,1.26,35,228,0	1 serving~57
510642	B	13	425,7.5,10,72.5,175,32.5,5,0,0,0,0,0,175,0	1 serving~40
494225	B	13	415,30.8,12.3,46.2,208,30.8,6.15,0,3.1,0,2.22,123,308,0	1 serving~65
2194424	B	30	265,0,0,82.4,3820,47.1,0,0,17.6,0,0,235,2350,,0	1 packet~17|1 package~102
2566742	B	18	51,0,0,12.4,4,12.4,0,0,0,0	12 fl oz~355|1 package~2001
2653888	B	18	54,0,0,14.1,7,14.1,0,0,0,0	1 bottle~355
2288645	B	10	46,0,0,10.8,12,10.4	8 fl oz~240|1 package~500
2566741	B	18	39,0,0,10.1,7,10.1,0,0,0,0	12 fl oz~355|1 package~2001
2541001	B	18	51,0,0,12.4,4,12.4,0,0,0,0	1 bottle~355
2653889	B	18	54,0,0,12.7,6,12.7	8 fl oz~236|1 package~2000
2566737	B	18	45,0,0,11.6,7,11.6,0,0,0,0	1 bottle~355
2047260	B	18	49,0,0,12.5,4,12.5	8 fl oz~240|1 package~2000
2047262	B	18	52,0,0,13,6,13,,,,0	12 fl oz~354
1904841	B	30	333,0,0,66.7,0,,,,33.3	1 tsp~3|1 package~227
576845	B	130	167,0,0,33.3,0,0,0,,16.7,0	2 tsp~6
634950	B	130	167,0,0,33.3,0,,,,16.7	2 tsp~6
2016543	B	20	74,2.03,0,17.6,0,.68,0,,1.4,0,.73,14,419,18.2,,,,,1.08,0,.023,.135,16,16,41,,.2,,,.054	1 serving~148|1 package~454
1662730	B	20	74,2.03,0,17.6,0,.68,0,,1.4,0,.73,14,419,18.2,,,,,1.08,0,.023,.135,,16,41,,.2,,,.054	1 serving~148
2429299	B	85	196,7.14,3.57,35.7,482,1.79,0,0,5.4,0,1.79,45,368,,0	2 tortillas~56|1 package~170
2125118	B	46	400,4,10,72,340,32,3,0,2,0,3.6,0,,0,,2,4,,4,0,.34,.4	1 pastry~50|1 package~600
2435758	B	5	536,7.14,32.1,57.1,571,0,5.36,0,3.6,0,1.79,0,1320,,0	1 serving~28|1 package~156
2010009	B	67	364,9.09,4.55,72.7,1860,0,1.82,0,4.5,0,1.64,91,,10.9	1/3 cup~22|1 package~187
2016883	B	68	368,10.5,0,79,79,0,0,0,5.3,0,0,0,,12.6	1/3 cup~19|1 package~369
2066008	B	68	348,8.7,2.17,78.3,1830,4.35,0,0,4.3,0,0,87,,10.4	1/3 cup~23|1 package~187
2066007	B	68	348,8.7,0,78.3,1650,4.35,0,0,4.3,0,0,0,,15.7	1/3 cup~23|1 package~187
2075092	B	67	357,7.14,0,75,2140,3.57,0,0,7.1,0,1.29,71,,21.4	1 serving~28|1 package~133
2425723	B	20	73,1.82,0,17.3,5,0,0,0,1.8,0,.65,0,477,,0	3 -4 potatoes~110|1 package~680
2427285	B	20	81,2.03,0,17.6,0,2.03,0,0,1.4,0,1.82,0,355,,0	5 potatoes~148|1 package~680
2669966	B	53	6,0,0,2.11,1,0,0,0,0,0,0,0,10,,0	1 serving~473
2089639	B	42	286,0,0,71.4,0,64.3	1 tbsp~14|1 package~236
2089640	B	42	286,0,0,71.4,0,64.3	1 tbsp~14|1 package~236
1890278	B	42	286,0,0,64.3,71,57.1	1 tbsp~14|1 package~236
508613	B	91	140,3.2,5.3,19,,1.5,,,1.4	1 serving~100
2120059	B	2	97,10.6,4.42,4.42,407,2.65,2.65,22,0,0,0,71,97,1.1	½ cup~113|1 package~454
2055811	B	2	71,10.6,2.21,4.42,469,3.54,1.33,13,0,0,0,71,119,1.1	½ cup~113|1 package~454
2284477	B	75	200,3.33,20,6.67,83,3.33,11.7,67,0,0,0,133,133,0	2 tbsp~30|1 package~454
2153793	B	18	59,0,0,15.1,12,15.1	12 fl oz~355
2419580	B	21	319,8.85,21.2,21.2,743,1.77,13.3,22,.9,0,2.04,35,124,,0	1 serving~113|1 package~907
2174766	B	82	424,5.88,32.9,25.9,176,21.2,15.3,41,2.4,0,0,106,224,,0	1 pot~85|1 package~340
2474154	B	9	304,3.2,13.6,42.4,432,30.4,8.8,40,1.6,.4,.8,60,152,,0	1 pot~125|1 package~500
2463279	B	9	400,3.2,24.8,41.6,208,31.2,14.4,56,1.6,.8,.8,56,40,,0	1 pot~125
2474152	B	52	400,3.2,24.8,41.6,208,31.2,14.4,56,1.6,.8,.8,56,40,,0	1 pot~125
1974965	B	9	400,3.2,24.8,41.6,208,31.2,14.4,56,1.6,.8,.8,56,40,,0	1 pot~125|1 package~500
2488870	B	9	400,2.4,23.2,43.2,70,32,13.6,20,2.4,0,3.2,34,148,,.325	1 pot~125|1 package~500
2473879	B	52	389,4.44,31.1,22.2,233,18.9,18.9,56,1.1,.56,0,100,61,,0	1 pot~90
2474153	B	9	304,3.2,13.6,42.4,432,30.4,8.8,40,1.6,.4,.8,60,152,,0	1 pot~125
1948752	B	29	400,13.3,6.67,66.7,1100,6.67,6.67,20,3.3,0,1.2,0,,0	16 crackers~15|1 package~226
2592497	B	29	400,13.3,10,73.3,1200,6.67,6.67,33,6.7,0,0,53,160,,0	12 crackers~15|1 package~227
2585529	B	29	414,13.8,10.3,69,1340,17.2,0,0,3.4,0,3.45,90,200,,0	1 serving~29|1 package~150
2309501	B	29	400,12,10,68,1520,4,6,20,12,0	6 crackers~25|1 package~141
1792716	B	29	400,8,10,68,960,8,6,20,12	6 crackers~25|1 package~142
2677639	B	29	400,16,14,64,840,8,6,20,12	6 crackers~25|1 package~141
2149954	B	29	400,12,14,68,840,8,0,0,12	6 crackers~25|1 package~142
1904038	B	22	67,0,0,16.7,50,13.3,0,0,1.1,0,.4,0,,13.3	1 pouch~90|1 package~360
1997901	B	35	267,0,0,63.3,0,60,0,0,1.7,0,.6,33,117,,0	2 tbsp~30|1 package~200
2603459	B	147	304,15.2,26.8,0,67,0,10.7,76,0,1.79,1.7,18,232,,0,,,,3.66,,.179,.268,,,143,2.05,3.75,,,,14	1 serving~112|1 package~454
2603462	B	48	250,17,19.6,0,67,0,7.14,71,0,1.34,1.96,18,268,,0,,,,5.71,,.179,.357,,,161,2.14,4.2,,,,15	1 serving~112|1 package~454
2676973	B	147	250,17,19.6,0,67,0,7.14,71,0,1.34,1.79,18,268,,0,,,,5.71,,.179,.357,,,161,2.14,4.2,,,,15	1 serving~112|1 package~454
2676974	B	147	214,14.3,16.1,1.79,54,.89,6.25,58,0,.89,1.61,18,,,0,,,,4.73,,.089,.268,,,134,1.7,3.39,,,,12	1 serving~112|1 package~454
2603461	B	147	259,12.5,22.3,1.79,54,.89,8.04,62,0,1.34,1.43,18,223,,0,,,,3.04,,.089,.268,,,116,1.7,3.12,,,,12	1 serving~112|1 package~454
2676972	B	147	259,17,19.6,2.68,634,0,7.14,67,.9,.89,2.77,36,348,,0	1 serving~112|1 package~454
2612264	B	83	250,17.1,19.7,0,66,0,7.89,72,0,1.32,1.97,13,263,,0,,,,,0,.145,.316,,,158,2.13,4.21,,,,14	1 serving~76|1 package~454
1918553	B	30	227,0,0,68.2,0,22.7,0,0,45.5,0,0,227,2500,273,,,,,,1,,.455	2 tsp~4.4|1 package~170
1974474	B	86	76,0,0,18.6,0,17,0,0,0,0,0,8,,,0	4 fl oz~118|1 package~750
1974478	B	86	119,0,0,29.7,0,28.8,0,0,0,0,0,0,,,0	4 fl oz~118|1 package~750
2118171	B	86	102,0,0,27.1,0,24.6,0,0,0,0,0,5,,,0	1 serving~118|1 package~750
2403776	B	86	0,0,0,0,417,0,,,,,0,0,,,0	2 tbsp~30|1 package~375
2079974	B	18	38,0,0,10,0,10,,,0,,,,,41.5	4 fl oz~130|1 package~750
1093681	B	86	76,0,0,21.2,8,17.8,0,0,0,0,0,8,,,0	1 serving~118
2118170	B	86	76,0,0,21.2,8,17.8,0,0,0,0,0,8,,,0	1 serving~118|1 package~750
2118135	B	86	68,0,0,17,0,16.1,0,0,0,0,0,8,,,0	4 fl oz~118|1 package~750
1974476	B	86	30,5.93,0,6.78,280,5.93,0,0,0,0,.85,17,,,0	4 fl oz~118|1 package~750
2118134	B	86	76,0,0,18.6,0,17,0,0,0,0,0,8,,,0	4 fl oz~118|1 package~750
2118169	B	86	35,0,0,8.46,0,7.69,,,0,,,,,41.5	4 fl oz~130|1 package~750
2545394	B	86	42,0,0,10,3,10,0,0,0,0,0,3,5,,0	1 can~360
2543151	B	24	33,0,0,8.06,3,8.06,0,0,0,0,0,3,1,,0	1 can~360
1943418	B	86	85,0,0,22,0,21.2,0,0,0,0,0,4,,,0	4 fl oz~118|1 package~750
2079996	B	86	167,0,0,43.3,0,43.3,0,0,0,0,0,0,,,0	2 tbsp~30|1 package~375
1974475	B	86	42,0,0,11.9,0,10.2,0,0,0,0,0,8,,,0	4 fl oz~118|1 package~750
2118136	B	86	35,0,0,9.23,0,9.23,,,0	4 fl oz~130|1 package~750
2298277	B	86	34,.85,0,6.78,280,5.93,0,0,0,0,.85,17,,,0	4 fl oz~118|1 package~750
2089621	B	10	133,0,0,36.7,0,33.3,,,,,0,0,,,0	2 tbsp~30|1 package~375
2028838	B	86	35,0,0,9.23,0,9.23,,,0	4 fl oz~130|1 package~750
1974477	B	86	267,0,0,63.3,0,63.3,,,,,0,3,40,,0	2 tbsp~30|1 package~375
2543371	B	18	39,0,0,9.17,3,8.61,0,0,0,0,0,3,29,,0	1 can~360
2566587	B	118	22,0,0,5.83,42,5.83,,,,,,,10,,,,,,.833,,,.083,,,,.58	12 fl oz~360|1 package~828
2211056	B	118	22,0,0,5.83,42,5.83,,,,,,,10,,,,,,.833,,,.083,,,,.25	12 fl oz~360|1 package~946
2211647	B	105	0,0,0,26.7,2670,0,,,,,,,667,,,,,,53.3,,,5.33,,,,16	¾ tsp~3.8|1 package~88.7
2211139	B	105	0,0,0,26.7,2670,0,,,,,,,667,,,,,,53.3,,,5.33,,,,16	¾ tsp~3.8|1 package~88.7
2566555	B	118	24,0,0,5.92,42,5.92,,,,,,,10,,,,,,1.02,,,.102,,,,.61	1 bottle~591
2566586	B	118	22,0,0,5.83,42,5.83,,,,,,,10,,,,,,.833,,,.083,,,,.58	12 fl oz~360|1 package~828
2577628	B	118	22,0,0,5.83,42,5.83,,,,,,,11,,,,,,.833,,,.083,,,,.58	12 fl oz~360|1 package~946
2211099	B	30	381,0,0,100,714,95.2,,,,,,,167,,,,,,14.3,,,1.43,,,,4.29	1½ tbsp~21|1 package~570
2211827	B	118	0,0,0,.28,42,,,,,,,,10,,,,,,.833,,,.083,,,,.25	12 fl oz~360|1 package~946
2566552	B	118	23,0,0,5.92,42,5.63,,,,,,,10,,,,,,.845,,,.085,,,,.25	1 bottle~355
2566572	B	118	0,0,0,.28,42,,,,,,,,10,,,,,,.833,,,.083,,,,.25	12 fl oz~360|1 package~946
2211836	B	118	22,0,0,5.83,42,5.83,,,,,,,11,,,,,,.833,,,.083,,,,.58	12 fl oz~360|1 package~946
2211135	B	118	0,0,0,.28,42,0,,,,,,,10,,,,,,.833,,,.083,,,,.25	12 fl oz~360|1 package~946
2566566	B	118	23,0,0,5.92,42,5.63,,,,,,,10,,,,,,.845,,,.085,,,,.25	1 bottle~355
2211828	B	30	381,0,0,95.2,714,90.5,,,,,,,167,,,,,,14.3,,,1.43,,,,4.29	1½ tbsp~21|1 package~555
2211052	B	118	22,0,0,5.83,42,5.83,,,,,,,10,,,,,,.833,,,.083,,,,.25	12 fl oz~360|1 package~946
2566554	B	118	24,0,0,5.92,42,5.92,,,,,,,10,,,,,,1.02,,,.102,,,,.61	1 bottle~591
2211571	B	118	22,0,0,6.11,42,5.83,,,,,,,10,,,,,,.833,,,.083,,,,.25	12 fl oz~360|1 package~946
2566567	B	118	22,0,0,6.11,42,5.83,,,,,,,10,,,,,,.833,,,.083,,,,.25	12 fl oz~360|1 package~946
2212042	B	118	22,0,0,6.11,42,5.83,,,,,,,10,,,,,,.833,,,.083	12 fl oz~360|1 package~946
2566573	B	118	22,0,0,5.83,42,5.83,,,,,,,10,,,,,,.833,,,.083,,,,.25	12 fl oz~360|1 package~946
2212041	B	118	0,0,0,.28,42,,,,,,,,10,,,,,,.845,,,.085,,,,.25	12 fl oz~355
2566570	B	118	0,0,0,.28,42,,,,,,,,10,,,,,,.833,,,.083,,,,.25	12 fl oz~360|1 package~946
2566558	B	118	24,0,0,5.92,42,5.92,,,,,,,10,,,,,,1.02,,,.102,,,,.61	1 bottle~591
2566585	B	118	22,0,0,5.83,42,5.83,,,,,,,10,,,,,,.833,,,.083,,,,.58	12 fl oz~360|1 package~828
2577629	B	118	22,0,0,5.83,42,5.83,,,,,,,11,,,,,,.833,,,.083,,,,.58	12 fl oz~360|1 package~946
2566553	B	118	23,0,0,5.92,42,5.63,,,,,,,10,,,,,,.845,,,.085,,,,.25	1 bottle~355
2642302	B	150	47,0,0,11.8,44,11.2,,,,,,,11,,,,,,1.76,,,.412,,2,,2.47	4 bars~170|1 package~3000
2642301	B	150	45,0,0,11.5,45,10.9,,,,,,1,11,,,,,,1.92,,,.385,,2,,2.31	1 bar~156
2566565	B	118	24,0,0,5.92,42,5.92,,,,,,,10,,,,,,1.02,,,.102,,,,.61	1 bottle~591
2212037	B	118	23,0,0,5.92,42,5.63,,,,,,,10,,,,,,.845,,,.085,,,,.25	12 fl oz~355
2211829	B	118	0,0,0,.28,42,,,,,,,,10,,,,,,.833,,,.083,,,,.25	12 fl oz~360|1 package~946
2566571	B	118	0,0,0,.28,42,,,,,,,,10,,,,,,.833,,,.083,,,,.25	12 fl oz~360|1 package~946
1594696	B	30	381,0,0,95.2,714,95.2,,,,,,,167,,,,,,14.3,,,1.43,,,,4.29	1½ tbsp~21
1607244	B	118	23,0,0,5.92,42,5.63,,,,,,,10,,,,,,.845,,,.085,,,,.25	12 fl oz~355
1627625	B	118	23,0,0,5.92,42,5.63,,,,,,,10,,,,,,.845,,,.085,,,,.25	12 fl oz~355
2211835	B	118	22,0,0,6.11,42,5.83,,,,,,,10,,,,,,.833,,,.083,,,,.25	12 fl oz~360|1 package~946
1628264	B	118	23,0,0,5.92,42,5.63,,,,,,,10,,,,,,.845,,,.085,,,,.25	12 fl oz~355
2214899	B	3	47,0,0,11.8,44,11.2,,,,,,1,11,,,,,,1.76,,,.412,,2,,2.47	4 bars~170|1 package~680
2668978	B	118	0,0,0,.28,42,0,,,,,,,10,,,,,,.833,,,.083,,,,.58	12 fl oz~360|1 package~828
2566569	B	118	22,0,0,6.11,42,5.83,,,,,,,10,,,,,,.833,,,.083,,,,.25	12 fl oz~360|1 package~946
2212039	B	118	22,0,0,5.83,42,5.83,,,,,,,10,,,,,,.833,,,.083,,,,.25	12 fl oz~360|1 package~946
2566575	B	118	22,0,0,5.83,42,5.83,,,,,,,10,,,,,,.833,,,.083,,,,.25	12 fl oz~360|1 package~946
2566578	B	118	22,0,0,5.83,42,5.83,,,,,,,10,,,,,,.833,,,.083,,,,.25	12 fl oz~360|1 package~946
2214461	B	118	22,0,0,5.83,42,5.56,,,,,,,10,,,,,,.833,,,.083,,,,.25	12 fl oz~360|1 package~946
2668979	B	118	22,0,0,5.83,42,5.83,,,,,,,10,,,,,,.833,,,.083,,,,.58	12 fl oz~360|1 package~828
2566579	B	118	22,0,0,5.83,42,5.83,,,,,,,10,,,,,,.833,,,.083,,,,.25	12 fl oz~360|1 package~946
2211837	B	118	22,0,0,5.83,42,5.83,,,,,,,10,,,,,,.833,,,.083	12 fl oz~360|1 package~946
2214499	B	118	0,0,0,.28,42,0,,,,,,,10,,,,,,.833,,,.083,,,,.25	12 fl oz~360|1 package~946
2597007	B	118	0,0,0,.28,42,0,,,,,,,10,,,,,,.833,,,.083,,,,.58	12 fl oz~360|1 package~828
2597000	B	118	0,0,0,.28,42,0,,,,,,,10,,,,,,.833,,,.083,,,,.58	12 fl oz~360|1 package~828
2597008	B	118	0,0,0,.28,42,0,,,,,,,10,,,,,,.833,,,.083,,,,.58	12 fl oz~360|1 package~828
1929115	B	13	446,21.4,16.1,53.6,321,35.7,8.04,9,0,0,1.93,143,152,0	1 bar~56|1 package~840
2106825	B	22	200,0,0,50,100,34,,,,,,,260,30	1 pack~50|1 package~600
2106828	B	22	200,0,0,50,100,36,,,,,,,280,30	1 pack~50|1 package~600
2106819	B	22	200,0,0,50,100,34,,,,,,,250,30	1 pack~50|1 package~600
2082441	B	13	355,32.3,9.68,43,194,29,4.84,5,5.4,0,1.55,86,323,0	1 bar~93
1929104	B	13	385,13.8,7.69,66.2,215,33.8,3.08,0,7.7,0,5.54,308,308,55.4,,,,,,0,.262,.615	1 bar~65|1 package~975
2109772	B	13	268,0,0,65.8,488,24.4,,,,,,,49	1 pack~41|1 package~984
2107762	B	13	355,32.3,9.68,43,204,22.6,4.3,0,5.4,0,1.16,65,145,0	1 bar~93
2111635	B	13	360,24,14,48,300,26,8,10,6,0,2.88,80,160,0	1 bar~50|1 package~300
2111634	B	13	360,24,14,48,300,26,8,10,6,0,2.88,80,160,0	1 bar~50|1 package~750
2269367	B	13	355,32.3,9.68,43,204,22.6,4.3,0,5.4,0,1.16,65,145,0	1 bar~93|1 package~1120
2636363	B	13	317,33.3,8.33,41.7,367,3.33,4.17,17,21.7,0,1.2,333,183,0,,,,0	1 bar~60
2106098	B	13	367,33.3,13.3,40,183,3.33,5.83,0,10,0,4.5,167,,0	1 bar~60|1 package~900
2039120	B	13	415,30.8,12.3,46.2,208,30.8,6.15,0,3.1,0,2.22,123,308,0	1 bar~65|1 package~975
2113512	B	13	317,33.3,8.33,40,317,3.33,4.17,17,20,0,1.8,333,250,0	1 bar~60|1 package~960
2269389	B	13	350,33.3,10,41.7,333,20,5,8,6.7,0,1.8,133,167,0	1 bar~60|1 package~900
2110037	B	13	354,13.8,5.38,67.7,308,41.5,1.54,0,3.1,0,4.15,62,262,3.7	1 bar~65|1 package~780
2447224	B	13	338,13.8,4.62,69.2,308,40,1.54,0,4.6,0,5.54,31,292,0	1 bar~65|1 package~780
2471401	B	59	39,7.25,.72,1.21,99,.48,.24,5,.7,0,1.52,145,135,3.6,.6,,,,1.21,0,.103,.121,24,29,157,.36,1.09,.302,0,.169,4,4.8	14 fl oz~414
2150779	B	13	317,33.3,8.33,41.7,367,3.33,4.17,17,21.7,0,1.2,333,,0	1 bar~60|1 package~240
2150778	B	13	317,33.3,8.33,41.7,383,3.33,5,17,20,0,.6,333,,0	1 bar~60|1 package~240
1951023	B	13	317,33.3,7.5,41.7,192,3.33,4.17,17,20,0,.6,333,192,0	1 bar~60|1 package~240
1927847	B	13	333,33.3,11.7,40,192,3.33,5,17,20,0,.6,417,192,0	1 bar~60
1942350	B	13	317,33.3,7.5,41.7,192,3.33,4.17,17,20,0,.6,333,,0	1 bar~60
2110054	B	13	354,12.3,4.62,70.8,338,44.6,0,0,3.1,0,4.15,31,162,0	1 bar~65|1 package~780
2402720	B	13	344,32.8,8.2,44.3,197,21.3,4.92,8,6.6,0,1.77,131,131,0	1 bar~61|1 package~915
2113481	B	13	460,20,26,44,380,20,5,0,16,0,3.6,120,,0	1 serving~50|1 package~750
2402352	B	13	460,22,28,44,300,20,7,0,14,0,2.88,80,,0	1 bar~50|1 package~750
2113474	B	13	460,20,24,48,380,20,7,0,14,0,3.6,80,,0	1 bar~50|1 package~750
1929145	B	13	380,24,16,48,360,28,8,10,6,0,2.16,80,140,0	1 bar~50|1 package~750
2288051	B	13	426,21.3,14.9,51.1,255,36.2,2.13,0,4.3,,.77,43,223,0	1 bar~47|1 package~705
2288056	B	13	447,21.3,19.2,48.9,223,31.9,3.19,0,4.3,,1.53,43,266,0	1 bar~47|1 package~705
1985082	B	25	14,3,0,.4,30,0,,,0,,,,9	16.9 fl oz~500
1929110	B	13	369,13.8,6.15,64.6,215,30.8,1.54,0,7.7,0,5.54,308,308,55.4,,,,,,0,.262,.615	1 bar~65|1 package~975
1929101	B	13	385,13.8,7.69,64.6,231,32.3,3.85,0,7.7,0,5.54,308,369,55.4,,,,,,0,.262,.615	1 bar~65|1 package~975
2626305	B	13	369,13.8,6.92,64.6,215,27.7,1.54,0,7.7,0,5.54,308,308,55.4,,,,0,,0,.262,.615	1 bar~65|1 package~975
1911236	B	13	385,13.8,7.69,64.6,215,30.8,3.85,0,7.7,0,5.54,308,308,55.4,,,,,,0,.262,.615	1 bar~65|1 package~975
2288104	B	13	467,20,22.2,46.7,467,22.2,2.22,0,4.4,0,4,222,333,33.3,,,,,,0,.227,.356	1 bar~45|1 package~675
1871791	B	13	426,21.3,17,48.9,245,34,3.19,0,4.3,,1.53,43,277,0	1 bar~47|1 package~705
2086479	B	13	447,21.3,19.2,48.9,223,31.9,3.19,0,4.3,,1.53,43,266,0	1 bar~47|1 package~282
1946970	B	13	457,21.7,28.3,39.1,696,17.4,3.26,22,15.2,0,3.13,130,370,0	1 bar~46
2110121	B	13	333,33.3,11.7,41.7,217,5,4.17,8,8.3,0,0,167,,4	1 bar~60|1 package~900
2039158	B	13	333,33.3,11.7,41.7,217,5,4.17,8,8.3,0,3,167,,4	1 bar~60|1 package~360
1929134	B	13	426,21.3,14.9,51.1,255,36.2,2.13,0,4.3,,.77,43,287,2.6	1 bar~47|1 package~705
2288037	B	13	447,21.3,19.2,48.9,234,31.9,4.26,0,6.4,,2.3,43,383,0	1 bar~47|1 package~705
1929122	B	13	467,20,22.2,46.7,467,20,2.22,0,4.4,0,4,222,333,33.3,,,,,,0,.227,.356	1 serving~45|1 package~675
1929097	B	13	467,20,22.2,46.7,467,17.8,2.22,0,4.4,0,4,222,333,33.3,,,,,,0,.227,.356	1 bar~45|1 package~675
2626306	B	13	468,21.3,21.3,46.8,191,31.9,4.26,0,4.3,,.77,43,245,0,,,,0	1 bar~47|1 package~282
1894254	B	13	360,24,14,48,400,28,7,10,6,0,1.8,100,160,0	1 bar~50|1 package~750
2110011	B	13	464,21.4,17.9,53.6,321,33.9,8.04,9,0,0,1.93,143,188,0	1 bar~56|1 package~840
2297529	B	13	400,24,18,46,360,24,8,10,6,0,1.44,80,160,0	1 bar~50|1 package~300
2110751	B	13	431,30.8,13.8,44.6,400,33.8,6.15,0,1.5,0,2.22,123,154,0	1 bar~65|1 package~975
2110044	B	13	354,15.4,6.15,67.7,308,40,.77,0,3.1,0,2.77,31,215,3.7	1 bar~65|1 package~780
1929153	B	13	369,12.3,4.62,69.2,308,38.5,1.54,0,4.6,0,6.92,385,400,64.6,,,,,,0,.262,.769	1 bar~65|1 package~390
1929121	B	13	386,10.5,6.14,75.4,316,50.9,.88,0,1.8,0,6.32,351,140,63.2,,,,,,0,.298,.702	1 serving~57|1 package~684
2126334	B	13	354,12.3,4.62,70.8,338,44.6,0,0,3.1,0,4.15,31,162,0	1 bar~65
1927120	B	13	369,12.3,5.38,69.2,308,41.5,.77,0,1.5,0,6.92,385,162,64.6,,,,,,0,.262,.769	1 bar~65|1 package~780
1929109	B	13	386,10.5,6.14,75.4,316,50.9,.88,,1.8,0,6.32,351,140,63.2,,,,,,0,.298,.702	1 bar~57|1 package~684
2111629	B	13	386,10.5,7.02,68.4,351,38.6,.88,0,1.8,0,1.26,35,228,0	1 bar~57|1 package~684
1927122	B	13	354,12.3,5.38,69.2,308,40,.77,0,3.1,0,6.92,385,162,64.6,,,,,,0,.262,.769	1 bar~65|1 package~780
2288055	B	13	369,13.8,6.15,67.7,308,40,1.54,0,1.5,0,6.92,385,162,64.6,,,,,,0,.262,.769	1 bar~65|1 package~390
2111637	B	13	386,10.5,8.77,66.7,351,38.6,1.75,0,1.8,0,1.26,35,211,0	1 bar~57|1 package~684
1908185	B	13	354,12.3,5.38,70.8,308,40,.77,0,3.1,0,2.77,31,154,5.5	1 bar~65
1929107	B	13	354,12.3,5.38,69.2,308,38.5,.77,0,1.5,0,6.92,385,162,64.6,,,,,,0,.262,.769	1 bar~65|1 package~780
1929106	B	13	333,5,0,76.7,50,60	1 pouch~60|1 package~723
1929099	B	13	317,5,0,75,50,60,,,,,,,,15	1 pouch~60|1 package~723
1929108	B	13	333,5,0,76.7,50,61.7,,,,,,,,15	1 pouch~60|1 package~723
1929118	B	13	89,0,0,23.3,0,21.1,,,1.1,,,,,26.7	1 pouch~90|1 package~540
1929113	B	22	89,0,0,23.3,0,20,,,1.1,,,,,26.7	1 serving~90
1929094	B	13	89,0,0,23.3,0,20,,,1.1,,,,,26.7	1 pouch~90|1 package~540
1944212	B	30	389,0,0,94.4,1060,55.6,,,,,,,56	1 scoop makes 240 ml~18|1 package~936
1929117	B	13	418,18.2,16.4,56.4,382,27.3,8.18,9,5.5,0,4.91,273,255,32.7,,,,,,0,.185,.364	1 bar~55|1 package~825
1929098	B	13	344,32.8,8.2,44.3,197,19.7,4.92,8,6.6,0,1.77,131,230,0	1 bar~61|1 package~915
1929120	B	13	418,18.2,16.4,54.6,400,29.1,7.27,9,5.5,0,4.91,182,255,32.7,,,,,,0,.185,.364	1 bar~55|1 package~825
1903107	B	13	431,30.8,13.8,44.6,400,33.8,6.15,0,1.5,0,2.22,123,154,0	1 bar~65
1928062	B	13	350,33.3,8.33,45,217,23.3,5,8,6.7,0,1.8,133,200,0	1 bar~60|1 package~360
1938269	B	13	333,33.3,11.7,40,192,3.33,5,17,20,0,.6,417,192,0	1 bar~60|1 package~240
2082824	B	13	350,33.3,10,41.7,333,20,5,8,6.7,0,1.8,133,167,0	1 bar~60
2288110	B	13	398,32.3,14,39.8,419,26.9,5.38,5,5.4,0,1.16,65,215,0	1 bar~93|1 package~372
2288105	B	13	366,32.3,10.8,41.9,409,28,5.38,5,5.4,0,1.16,65,215,0	1 bar~93|1 package~1120
2489876	B	59	39,7.25,.72,1.21,99,.48,.24,6,.5,0,1.09,145,92,3.6,.6,,,,1.21,0,.103,.121,24,29,157,.36,1.09,.302,0,.121,4,4.8	14 fl oz~414
2626304	B	13	350,33.3,8.33,45,217,23.3,5,8,6.7,0,1.8,133,200,0,,,,0	1 bar~60
1948930	B	13	400,20,10.9,58.2,309,23.6,4.55,0,7.3,0,4.91,182,255,32.7,,,,,,0,.247,.364	1 bar~55
2111675	B	13	400,24,18,46,360,24,8,10,6,0,1.44,80,160,0	1 bar~50
1923305	B	13	367,33.3,13.3,40,183,3.33,5.83,0,10,0,4.5,167,,0	1 bar~60
2086335	B	13	400,14.3,12.9,60,257,25.7,2.86,0,5.7,0,2.06,57,,0	1 bar~35|1 package~525
2086328	B	13	333,5,0,76.7,50,60,,,,,,,,15	1 pouch~60|1 package~723
2123753	B	13	457,21.7,28.3,39.1,674,17.4,3.26,22,15.2,0,3.13,130,391,0	1 bar~46
1920269	B	30	375,12.5,0,83.3,1040,41.7,,,,,,,42	1 scoop, makes 240 ml~24|1 package~864
2109827	B	13	268,0,0,65.8,488,24.4,,,,,,,49	1 pack~41|1 package~984
2109828	B	13	333,5,0,76.7,50,60	1 pouch~60|1 package~723
2086327	B	13	268,0,0,65.8,488,24.4,,,,,,,49	1 pack~41
2269952	B	25	268,0,0,65.8,488,24.4,,,,,,,49	1 pack / per~41
2109773	B	13	268,0,0,65.8,488,24.4,,,,,,,49	1 pack~41|1 package~984
2067287	B	13	360,24,14,48,240,28,7,10,6,0,1.8,100,160,0	1 serving~50
1911319	B	13	400,20,10.9,58.2,309,23.6,4.55,0,7.3,0,4.91,182,255,32.7,,,,,,0,.247,.364	1 bar~55|1 package~825
1929112	B	13	418,18.2,16.4,54.6,273,27.3,8.18,9,5.5,0,4.91,273,255,32.7,,,,,,0,.185,.364	1 bar~55|1 package~825
1929114	B	13	418,18.2,16.4,54.6,273,27.3,8.18,9,5.5,0,4.91,273,255,32.7,,,,,,0,.185,.364	1 bar~55|1 package~330
2039134	B	13	350,33.3,8.33,45,217,23.3,5,8,6.7,0,1.8,133,200,0	1 bar~60|1 package~900
2113552	B	13	333,33.3,11.7,40,192,3.33,5,17,20,0,.6,417,192,0	1 bar~60|1 package~960
2269366	B	13	354,12.3,5.38,70.8,308,40,.77,0,3.1,0,2.77,31,,5.5	1 bar~65|1 package~780
2402354	B	13	350,33.3,10,43.3,217,5,4.17,0,8.3,0,3,250,,0	1 bar~60|1 package~900
1871779	B	118	11,0,0,2.53,38,2.11,0,0,0,0,0,0,76,0	8 fl oz~237|1 package~473
2665584	B	13	562,31.2,37.5,25,219,15.6,18.8,31,3.1,0,.94,156,250,,0	1 cookie~32|1 package~160
2179530	B	13	562,31.2,37.5,25,219,15.6,18.8,31,3.1,,,125,219	1 cookie~32
2340234	B	13	550,32.5,35,30,300,15,17.5,25,2.5,0,1.8,100,175,,0	1 cookie~40
2651783	B	13	547,31.2,34.4,28.1,281,15.6,15.6,31,3.1,0,2.19,156,406,,0	1 cookie~32|1 package~160
2130458	B	13	547,31.2,34.4,28.1,281,15.6,15.6,31,3.1,0,2.19,156,406,,0	1 cookie~32|1 package~384
2149992	B	13	547,31.2,34.4,28.1,281,15.6,15.6,31,3.1,0,2.25,125,219,,0	1 cookie~32
2608034	B	13	550,32.5,35,27.5,325,12.5,17.5,38,2.5,0,2.7,100,350,,0	1 cookie~40
2665582	B	13	550,32.5,35,27.5,250,12.5,17.5,25,2.5,0,2.5,150,375,,0	1 cookie~40|1 package~200
2665555	B	13	569,34.5,39.7,20.7,293,12.1,19,34,1.7,0,.69,172,172,,0	1 cookie~58|1 package~232
2654895	B	13	550,32.5,35,27.5,262,12.5,17.5,38,2.5,0,1,175,288,,0	1 cookie~40|1 package~200
1999338	B	13	550,35,37.5,25,300,12.5,20,25,2.5,0,1,150,175,,0	1 cookie~40|1 package~200
2665574	B	13	550,32.5,32.5,30,250,15,17.5,25,2.5,0,.9,100,175,,0	1 cookie~40
1987735	B	13	569,34.5,39.7,20.7,310,8.62,19,43,3.4,0,.62,138,121,,0	1 cookie~58
1985844	B	13	569,34.5,39.7,20.7,310,8.62,19,43,3.4,0,.86,190,190,,0	1 cookie~58|1 package~696
2168853	B	13	569,34.5,39.7,22.4,293,12.1,19,43,1.7,0,.86,172,172,,0	1 cookie~58|1 package~232
2665575	B	13	550,35,32.5,27.5,250,12.5,17.5,25,2.5,0,.9,100,175,,0	1 cookie~40
2665581	B	13	550,35,32.5,27.5,250,12.5,17.5,25,2.5,0,1.25,150,250,,0	1 cookie~40|1 package~200
2277837	B	13	583,33.3,40,23.3,283,13.3,20,42,1.7,0,.6,133,117,,0	1 cookie~60
2179523	B	13	550,32.5,35,25,250,15,17.5,25,2.5,0,1,150,,,0	1 cookie~40|1 package~480
2665586	B	13	550,32.5,35,25,250,15,17.5,25,2.5,0,1,150,250,,0	1 cookie~40|1 package~200
2578534	B	13	562,31.2,37.5,25,219,15.6,18.8,31,3.1,0,1.12,125,219,,0	1 cookie~32
2578531	B	13	547,34.4,34.4,28.1,422,12.5,18.8,31,3.1,0,1.25,125,375,,0	1 cookie~32
2578533	B	4	562,34.4,37.5,25,312,15.6,18.8,31,3.1,0,1.25,188,188,,0	1 cookie~32
2578532	B	8	562,34.4,37.5,21.9,266,12.5,18.8,31,3.1,0,.94,172,266,,0	1 cookie~32
2656061	B	8	550,32.5,35,27.5,312,17.5,17.5,38,2.5,0,.75,150,250,,0	1 cookie~40
2149995	B	13	550,32.5,35,27.5,262,17.5,17.5,25,2.5,0,.9,100,175,,0	1 cookie~40
2665585	B	13	550,32.5,35,27.5,262,17.5,17.5,25,2.5,0,.75,150,250,,0	1 cookie~40|1 package~200
1904337	B	13	512,32.5,32.5,25,250,12.5,15,25,2.5,0,2.7,250,625,0	1 serving~40|1 package~480
2626580	B	13	512,35,32.5,22.5,250,12.5,15,25,2.5,0,1.35,275,400,0,,,,0	1 cookie~40|1 package~480
1904345	B	13	500,35,32.5,20,250,12.5,15,25,2.5,0,1.35,275,400,0	1 serving~40|1 package~480
2578528	B	8	550,32.5,35,25,250,15,17.5,25,2.5,0,1,150,250,,0	1 cookie~40
2077548	B	13	500,32.5,30,25,300,12.5,12.5,25,2.5,0,1.35,225,475,0	1 serving~40|1 package~480
1905701	B	13	512,35,32.5,22.5,250,12.5,15,25,2.5,0,.9,275,400,0	1 serving~40|1 package~480
2578530	B	13	538,30,32.5,32.5,200,20,20,25,2.5,0,1.75,150,325,,0	1 cookie~40
2578529	B	13	538,32.5,35,27.5,400,15,17.5,25,2.5,0,1,150,250,,0	1 cookie~40
2077552	B	13	512,32.5,32.5,25,250,12.5,15,25,2.5,0,3.15,250,625,0	1 serving~40|1 package~480
1999314	B	13	534,34.5,36.2,27.6,362,10.3,17.2,34,5.2,0,1.21,155,397,,0	1 cookie~58|1 package~232
2665579	B	13	550,32.5,32.5,30,300,15,17.5,25,2.5,0,.9,100,175,,0	1 cookie~40
2665558	B	13	550,32.5,32.5,30,300,15,17.5,25,2.5,0,1.25,150,325,,0	1 cookie~40|1 package~200
2665556	B	13	517,34.5,36.2,25.9,379,6.9,17.2,34,3.4,0,1.72,138,379,,0	1 cookie~58|1 package~232
2665577	B	13	538,32.5,32.5,30,350,12.5,17.5,38,2.5,0,2.7,100,350,,0	1 cookie~40
2149996	B	13	517,34.5,36.2,25.9,397,6.9,17.2,34,3.4,0,1.86,103,241,,0	1 cookie~58
2450077	B	13	538,32.5,32.5,30,300,12.5,17.5,25,2.5,0,3.6,150,375,0	1 bar~40
2340413	B	13	538,32.5,32.5,30,300,12.5,17.5,25,2.5,0,2.5,150,375,,0	1 cookie~40|1 package~200
2114461	B	13	547,34.4,34.4,28.1,422,12.5,18.8,31,3.1,0,1.25,125,375,,0	1 cookie~32|1 package~160
2149993	B	13	547,34.4,34.4,28.1,422,12.5,18.8,31,3.1,0,1.12,125,219,,0	1 cookie~32
2578536	B	8	569,34.5,39.7,22.4,293,12.1,19,43,1.7,0,.62,138,121,,0	1 cookie~58
2652247	B	13	534,34.5,37.9,24.1,345,6.9,19,34,3.4,0,3.45,155,379,,0	1 cookie~58
2578537	B	13	569,34.5,39.7,22.4,293,12.1,19,43,1.7,0,.86,172,172,,0	1 cookie~58
1904336	B	13	512,32.5,32.5,25,300,12.5,15,25,2.5,0,2.7,250,625,0	1 cookie~40
1904338	B	13	512,32.5,32.5,25,300,12.5,15,25,2.5,0,2.7,250,625,0	1 serving~40|1 package~480
1904344	B	13	500,32.5,30,25,300,12.5,12.5,25,2.5,0,2.25,225,625,0	1 serving~40|1 package~480
1904340	B	13	538,32.5,32.5,27.5,225,15,17.5,25,2.5,0,2.25,275,500,0	1 serving~40|1 package~480
2665576	B	13	512,32.5,32.5,22.5,400,12.5,15,25,2.5,0,.9,275,400,0,,,,0	1 cookie~40
1929521	B	13	512,35,32.5,22.5,250,12.5,15,25,2.5,0,.9,275,400,0	1 serving~40|1 package~200
464066	B	13	512,35,32.5,22.5,250,12.5,15,25,2.5,0,1.35,275,400,0	1 serving~40
2069260	B	13	512,35,32.5,22.5,250,12.5,15,25,2.5,0,1.35,275,400,0	1 serving~40
2665578	B	13	538,30,32.5,32.5,200,20,20,25,2.5,0,1.8,100,175,,0	1 cookie~40
2179251	B	13	562,34.4,37.5,25,312,15.6,18.8,31,3.1,0,1.25,188,188,,0	1 cookie~32|1 package~160
2665587	B	13	550,32.5,35,27.5,300,12.5,17.5,25,2.5,0,.9,150,175,,0	1 cookie~40
2665583	B	13	538,32.5,35,27.5,400,15,17.5,25,2.5,0,1,150,250,,0	1 cookie~40|1 package~200
2665573	B	13	550,32.5,35,27.5,300,12.5,17.5,38,2.5,0,.9,150,175,,0	1 cookie~40
2506956	B	13	550,32.5,35,27.5,250,12.5,17.5,25,2.5,0,1,175,150	1 cookie~40|1 package~200
2668140	B	13	550,32.5,35,27.5,300,12.5,17.5,38,2.5,0,1,175,262,,0	1 cookie~40|1 package~480
1988851	B	13	562,34.4,37.5,21.9,266,12.5,18.8,31,3.1,0,.94,172,266,,0	1 cookie~32|1 package~384
2177557	B	13	562,34.4,37.5,21.9,266,12.5,18.8,31,3.1,0,1.12,125,219,,0	1 cookie~32
1990800	B	13	534,34.5,37.9,24.1,345,6.9,19,34,3.4,0,3.45,155,379,,0	1 cookie~58|1 package~696
2323761	B	13	534,34.5,37.9,24.1,345,6.9,19,34,3.4,0,3.45,155,379,,0	1 cookie~58|1 package~232
2665580	B	13	550,32.5,32.5,27.5,250,12.5,17.5,25,2.5,0,3.6,100,350,,0	1 cookie~40
2665557	B	13	550,32.5,32.5,27.5,250,12.5,17.5,25,2.5,0,4,150,375,,0	1 cookie~40|1 package~200
2033046	B	13	550,32.5,37.5,25,300,12.5,20,25,2.5,0,.9,100,175,,0	1 cookie~40
2172273	B	13	552,34.5,36.2,25.9,362,13.8,17.2,34,1.7,0,1.24,103,241,,0	1 cookie~58
2164676	B	0	467,6.67,26.7,60,150,43.3,11.7,0,3.3,0,3.33,80,333,,0	¼ cup~30|1 package~212
2409926	B	17	81,9.25,3.52,3.96,38,3.52,0,17,.1,,0,110,,0	1 serving~227
2271723	B	14	385,30.8,6.92,52.3,262,12.3,1.54,69,6.2,0,3.08,377,411,,0	1 serving~65
1957169	B	14	369,30.8,5.38,52.3,308,13.8,1.54,77,6.2,0,3.08,462,383,,0	1 serving~65
1962143	B	14	385,30.8,7.69,50.8,338,12.3,1.54,77,6.2,0,3.08,382,409,,0	1 serving~65
2392390	B	17	81,9.25,3.52,4.85,38,2.64,2.2,17,0,,.16,110,,0	1 serving~227
2189253	B	17	45,5.65,1.13,3.11,24,2.54,.71,6,.3,0,.28,128,82,,0	12 fl oz~354
2187422	B	17	97,9.25,2.2,9.69,31,7.93,1.76,0,.4,0,.32,88,,0	1 serving~227
2189571	B	17	45,5.65,.85,3.11,30,3.11,.56,6,0,0,0,135,79,,0	12 fl oz~354
2300911	B	14	369,30.8,5.38,52.3,262,15.4,1.54,77,6.2,0,3.08,395,371,,0	1 serving~65
2135282	B	12	480,24,40,28,300,4,20,0,4,0,1.44,80,320,4.8,0,12,4,,,,,,,64	4 bites /~25|1 package~150
2028924	B	17	75,9.25,0,9.69,31,8.81,0,0,0,0,0,88,,0	1 serving~227
2189247	B	17	81,9.25,3.52,6.17,44,2.2,2.2,18,0,0,.16,88,,0	1 serving~227
2119895	B	14	385,30.8,6.92,49.2,292,13.8,1.54,77,6.2,0,3.08,420,395,,0	1 serving~65
2131720	B	12	440,20,36,32,280,4,20,0,4,0,2.88,80,,4.8,0,12,4,,,,,,,320	4 bites /~25|1 package~150
2364805	B	25	48,5.65,1.13,3.67,23,2.54,.71,6,.6,0,.28,126,150,,0	12 fl oz~354
2067545	B	17	79,9.25,.22,9.69,31,8.37,0,0,0,0,.32,88,,1.6	1 container~227
2135283	B	14	369,30.8,6.15,52.3,400,13.8,1.54,77,6.2,0,3.08,398,395,,0	1 serving~65
2392388	B	12	440,20,36,32,280,4,20,0,4,0,1.44,80,,4.8,0,12,4,,,,,,,64	4 bites /~25|1 package~150
2120666	B	14	385,30.8,7.69,49.2,354,9.23,1.54,69,6.2,0,3.08,380,388,,0	1 serving~65
2297597	B	12	480,24,36,28,300,4,16,0,4,0,0,80,400,,0,12,4	4 bites /~25|1 package~150
2189245	B	17	62,11,0,4.41,44,3.96,0,0,0,0,0,110,,0	1 serving~227
1918613	B	59	48,5.97,.9,1.49,31,,.6,6,0,0,0,142,79,,0	12 fl oz~335
2392389	B	17	81,9.25,3.52,4.85,40,3.08,2.64,17,.1,,.16,110,,0	1 serving~227
2189246	B	17	84,9.25,3.52,6.17,44,2.2,2.2,17,0,0,.16,88,,0	1 serving~227
2189572	B	17	45,5.65,1.13,3.39,30,2.82,.71,7,0,0,0,139,79,,0	12 fl oz~354
2103205	B	17	88,11,3.96,4.41,44,2.64,2.64,20,0,0,.16,110,,0,0	1 serving~227|1 package~908
2455610	B	17	75,9.25,0,9.69,31,8.81,0,0,0,0,0,88,,2.1	1 serving~227
483852	B	17	75,9.25,.66,8.81,31,7.93,.26,0,.4,0,.32,88,,0	1 serving~227
2186079	B	17	75,9.25,0,8.37,31,8.37,0,0,0,0,0,88,,.5	1 serving~227
2624569	B	17	62,11,0,4.41,44,3.96,0,0,1.8,0,0,110,,0,,,,0	1 serving~227|1 package~907
2439414	B	13	293,0,3.66,68.3,488,24.4,2.44,,,,,,98	1 pack~41|1 package~984
2439412	B	13	268,0,0,65.8,488,24.4,,,,,,,49	1 serving~41|1 package~984
2439413	B	13	268,0,0,65.8,488,24.4,,,,,,,49	1 serving~41|1 package~984
2439415	B	13	268,0,0,65.8,488,24.4,,,,,,,49	1 pack~41|1 package~984
2439411	B	13	268,0,0,65.8,488,24.4,,,,,,,49	1 pack~41|1 package~984
1929096	B	13	268,0,0,65.8,488,24.4,,,,,,,49	1 pack~41|1 package~984
2439352	B	13	268,0,0,65.8,488,24.4,,,,,,,49	1 pack~41|1 package~984
2439407	B	13	268,0,0,65.8,488,24.4,,,,,,,49	1 serving~41
1933057	B	25	68,.52,0,16.1,3,14.6,0,,.1,,,,,,,,,,,,,.212,,,,.36,,.9	11.2 fl oz~330
2053487	B	3	60,0,0,16,50,16,0,0,0,0,0,0,,120	1.7 fl oz~50
2053486	B	3	60,0,0,16,50,16,0,0,0,0,0,0,,120	1.7 fl oz~50
2443176	B	3	60,0,0,16,50,16,0,0,0,,0,0,,120	1.7 fl oz~50
2443177	B	3	60,0,0,16,50,16,0,0,0,,0,0,,120	1.7 fl oz~50
1918624	B	90	526,23.7,39.5,23.7,13,,5.26,,18.4,,11.8,211,368,6.3,,7.89,26.3,,,,,,84,211,658,,5.92,,4	3 tbsp~38|1 package~228
2642585	B	147	116,11.2,3.16,10.9,130,2.11,1.05,21,1.1,0,.95,49,379,,0	1 package~285
2085496	B	10	36,.42,.11,8.03,38,7.82,0,0,.2,0,0,8,154,1.9	16 fl oz~473
1917792	B	3	235,2.94,11.8,32.4,162,27.9,7.35,29,.4,0,.53,118,,0	½ cup~68|1 package~946
2395360	B	43	471,58.8,17.6,17.6,1680,2.94,8.82,24,2.9,0,2.94,138,1220,,0	1 container~34
2395176	B	43	378,40,20,11.1,1130,2.22,13.3,11,2.2,0,2.22,93,667,,0	1 container~45
2096647	B	4	440,4,12,78,170,46,6,0,2,0,2.16,80,,0	1 cookie~50
2499831	B	0	567,0,40,33.3,700,0,6.67,0,6.7,0,3.33,0,507,,0	¼ cup~30|1 package~567
2390264	B	0	567,20,40,33.3,700,0,6.67,0,6.7,0,3.33,120,507,,0	¼ cup~30|1 package~212
2164697	B	22	500,2.5,25,65,12,20,25,0,0,0,0,15,432,,0	½ cup~40|1 package~156
2390254	B	0	533,16.7,33.3,43.3,1100,0,5,0,6.7,0,3.33,87,470,,0	¼ cup~30|1 package~454
2164668	B	0	467,10,23.3,63.3,217,56.7,3.33,0,3.3,0,0,27,280,,0	¼ cup~30|1 package~226
2166467	B	0	567,26.7,50,16.7,250,0,8.33,0,3.3,0,16.7,43,807,,0	¼ cup~30|1 package~142
2164675	B	0	467,13.3,26.7,50,150,36.7,6.67,0,6.7,0,0,50,563,,0	¼ cup / null~30|1 package~595
2178256	B	0	467,13.3,20,50,150,36.7,6.67,0,6.7,0,0,50,563,,0	¼ cup~30|1 package~85
2172227	B	22	350,0,0,85,138,67.5,0,0,2.5,0,0,58,0,,0	3 peices~40|1 package~156
2390263	B	0	567,23.3,40,23.3,733,3.33,6.67,0,10,0,3.33,83,673,,0	¼ cup /~30|1 package~212
2424788	B	0	567,23.3,40,23.3,733,3.33,6.67,0,10,0,3.33,83,673,,0	¼ cup~30|1 package~567
2313242	B	0	533,13.3,33.3,46.7,667,16.7,5,0,6.7,0,3.33,100,353,,0	¼ cup~30|1 package~198
1988860	B	0	600,26.7,50,16.7,167,3.33,8.33,0,10,0,3.33,63,750,,0	¼ cup~30|1 package~227
2166466	B	1	267,0,1.67,63.3,83,43.3,1.67,0,0,0,0,43,0,,0	1 serving~30|1 package~226
2282586	B	0	467,6.67,26.7,60,150,43.3,11.7,0,3.3,0,3.33,80,333,,0	¼ cup~30|1 package~482
2282588	B	0	600,23.3,53.3,20,300,3.33,8.33,0,10,0,3.33,117,,,0	¼ cup~30|1 package~142
2164669	B	0	500,13.3,33.3,43.3,183,30,8.33,0,6.7,0,3.33,87,590,,0	¼ cup~30|1 package~510
2164727	B	0	467,13.3,30,46.7,167,40,6.67,0,6.7,0,3.33,77,600,,0	¼ cup~30|1 package~85
2176713	B	0	467,13.3,30,46.7,167,40,6.67,0,6.7,0,3.33,77,600,,0	¼ cup~30|1 package~212
2164681	B	0	500,13.3,30,46.7,167,36.7,8.33,0,6.7,0,3.33,60,603,,0	¼ cup~30|1 package~212
2164718	B	0	467,13.3,30,46.7,167,40,6.67,0,6.7,0,3.33,77,600,,0	¼ cup~30|1 package~510
2390275	B	0	533,16.7,33.3,43.3,1100,0,5,0,6.7,0,3.33,87,470,,0	¼ cup~30|1 package~170
2390245	B	0	600,16.7,56.7,20,250,3.33,8.33,0,6.7,0,3.33,147,643,,0	¼ cup~30|1 package~454
2390246	B	0	567,16.7,46.7,30,300,6.67,8.33,0,3.3,0,6.67,43,633,,0	¼ cup~30|1 package~454
2277301	B	0	567,16.7,46.7,30,300,6.67,8.33,0,3.3,0,6.67,43,63,,0	1 serving~30|1 package~113
2424775	B	0	600,20,50,23.3,733,3.33,6.67,0,10,0,3.33,87,483,,0	¼ cup~30|1 package~255
2390243	B	0	600,20,50,23.3,733,3.33,6.67,0,10,0,3.33,87,483,,0,,,,,,,,,,,,,,,,,,37	¼ cup~30|1 package~567
2313254	B	0	533,13.3,33.3,46.7,667,16.7,5,0,6.7,0,3.33,100,353,,0	¼ cup~30|1 package~454
2282589	B	0	567,20,50,20,0,3.33,3.33,0,13.3,0,3.33,,733,,0	¼ cup~30|1 package~113
2499832	B	1	333,3.33,0,76.7,150,46.7,0,0,0,0,0,7,0,,0	1 serving~30|1 package~240
2424795	B	0	567,20,46.7,26.7,433,6.67,5,0,10,0,3.33,107,1010,,0	¼ cup~30|1 package~99
2104613	B	0	355,9.68,9.68,71,65,29,3.23,0,6.5,0,1.16,65,,3.9	1 serving~31|1 package~113
2368367	B	0	500,11.8,32.4,44.1,0,26.5,4.41,0,5.9,0,8.82,47,491,,0	1 bag~34|1 package~204
2652179	B	0	500,10,36.7,50,33,26.7,8.33,0,6.7,0,6.67,127,413,,0	¼ cup~30|1 package~283
2671263	B	0	500,10,36.7,46.7,33,26.7,8.33,0,6.7,0,6.67,127,413,,0	¼ cup~30|1 package~680
2539330	B	0	453,9.38,25,53.1,0,39.1,2.34,0,4.7,0,4.22,31,219,,0	1 package~64
2525224	B	0	453,9.38,25,53.1,0,39.1,2.34,0,4.7,0,4.22,31,219,,0	1 package~64
2375973	B	0	471,14.7,29.4,44.1,0,29.4,4.41,0,5.9,0,8.82,47,662	1 bag~34|1 package~204
2550517	B	4	440,4.63,18.5,64.8,139,23.2,9.26,0,9.3,0,3.33,0,,0,,6.94,2.31	4 cookies~21.6
506456	B	6	375,6.25,17.5,48.8,162,28.8,8.75,94,1.2,0,2.7,50,,0	1 slice~80
2582940	B	79	179,0,0,71.4,0	2 pieces~2.8
2489064	B	13	400,30,14,44,360,22,2,10,6,0,10.8,120,540,30,,,,,12,1,.85,1,200,,,3,9,2.5,,1.6	1 bar~50|1 package~600
2582939	B	79	179,0,0,71.4,0	2 pieces~2.8
2065751	B	54	55,1.56,0,10.9,594,7.81,0,0,1.6,0,.56,0,,9.4	¼ cup~64|1 package~425
2072374	B	8	540,6,32,58,76,56,20,20,2,0,1.8,200,,1.2	1 serving~50|1 package~100
1919044	B	8	540,6,32,58,76,56,20,20,2,0,1.8,200,,1.2	1 serving~50|1 package~100
2072375	B	8	540,6,32,58,76,56,20,20,2,0,1.8,200,,1.2	1 serving~50|1 package~99.2
1879544	B	8	540,6,32,58,76,56,20,20,2,0,1.8,200,,1.2	1 serving~50|1 package~100
2072376	B	8	540,6,32,58,76,56,20,20,2,0,1.8,200,,1.2	1 serving~50|1 package~100
1770804	B	8	550,6,32,58,8,50,20,6,6,0,5.04,40,,0	1 serving~50|1 package~99.2
2048936	B	8	540,6,32,58,76,56,20,20,2,0,1.8,200,,1.2	1 serving~50|1 package~99.2
2044820	B	8	550,6,32,58,8,50,20,6,6,0,5.04,40,,0	1 serving~50
1917894	B	8	540,6,32,58,76,56,20,20,2,0,1.8,200,,1.2	1 serving~50|1 package~100
1783500	B	8	540,6,32,58,76,56,20,20,2,0,1.8,200,,1.2	1 serving~50|1 package~99.2
2455777	B	8	540,6,32,58,76,56,20,20,2,0,1.8,200,,1.2	1 serving~50|1 package~100
1879696	B	4	526,5.26,29,63.2,105,60.5,26.3,0,0,0,0,158,,0	4 pieces~38
2418707	B	28	125,19.6,2.68,1.79,839,1.79,0,62,0,,.64,0,,0	1 serving~56|1 package~907
2026555	B	112	226,11.3,16.1,4.84,1140,1.61,4.84,97,0,0,2.32,65,,0	2 sausages~62|1 package~269
1856482	B	112	229,10.4,16.7,4.17,1060,,5.21,94,,0,2.25,83,,0	3 sausages~48|1 package~135
2058169	B	9	386,3.51,15.8,57.9,202,28.1,7.89,96,1.8,0,0,35,,0	.2 bar~57|1 package~284
2541708	B	4	388,5,17.5,52.5,350,27.5,6.25,19,1.2,0,.5	1 piece~80
2179646	B	4	425,6.25,23.8,48.8,362,22.5,12.5,19,1.2,0,1.62	1 piece~80
2181912	B	12	388,5,17.5,52.5,350,27.5,6.25,19,1.2,0,.5	1 piece~80
2167315	B	13	310,2.82,12.7,45.1,225,25.4,4.93,14,1.4,0,1.41,28,85,,0	1 serving~71
2140940	B	9	436,3.64,23.6,50.9,527,25.4,10.9,27,1.8,0,1.96,36,,0	5 donut holes~55|1 package~142
2140941	B	9	436,3.64,23.6,52.7,418,29.1,10.9,27,0,0,1.31,73,,0	5 donut holes~55|1 package~142
2167310	B	4	394,5.63,18.3,54.9,197,40.8,9.86,77,2.8,0,2.11,42,99,,0	1 serving~71
529805	B	9	404,3.51,17.5,57.9,246,43.9,7.89,88,0,0,.63,35,,0	1 serving~57
2140938	B	9	436,3.64,23.6,50.9,455,27.3,10.9,18,1.8,0,2.62,73,,0	5 donut holes~55|1 package~142
2217964	B	9	366,5.63,19.7,43.7,366,15.5,9.86,0,1.4,0,1.97,99,70,,0	1 serving~71|1 package~430
1934180	B	9	436,3.64,21.8,52.7,382,30.9,10.9,9,1.8,0,1.31,73,,0	5 donut holes~55|1 package~142
2154014	B	9	368,3.51,15.8,56.1,193,42.1,7.89,88,1.8,0,0,35,,0	1 serving~57
2140939	B	9	436,3.64,23.6,52.7,418,27.3,10.9,9,0,0,1.31,73,,0	5 donut holes~55|1 package~142
2058170	B	9	386,3.51,15.8,57.9,219,43.9,7.89,79,1.8,0,.63,35,,0	1 serving~57
2128333	B	9	404,5.26,19.3,56.1,281,36.8,8.77,79,1.8,0,.63,35,,0	1 serving~57
2079085	B	9	386,3.51,15.8,57.9,263,43.9,7.89,96,1.8,0,0,35,,0	1 cake~57
2182269	B	9	451,5.49,26.4,51.6,110,40.7,9.89,66,0,4.4,1.98,22,77,,0	1 cake~91
2154016	B	9	404,5.26,17.5,57.9,193,35.1,7.89,149,1.8,0,.63,35,,0	1 serving~57
2154015	B	9	376,4.71,20,44.7,565,21.2,8.24,29,1.2,0,2.35,27,76,,0	½ roll~85|1 package~170
2105015	B	39	67,3.33,1.04,10.8,100,10.4,.83,4,0,0,0,125,,.5,1.05	1 cup~240|1 package~1890
2679983	B	39	42,3.33,1.04,4.58,50,4.58,.62,6,0,0,0,125,,.5,2,,,38	1 cup~240|1 package~1890
1908975	B	39	71,3.33,1.04,11.7,79,11.7,.83,4,0,0,0,125,,.5,1.05	1 cup~240|1 package~473
2679910	B	39	67,3.33,1.04,11.7,50,11.7,.83,6,0,0,0,125,,.5,2,,,38	1 cup~240|1 package~473
2552932	B	2	88,17.5,.44,1.75,13,1.75,.44,9,0,0,0,35,,0	½ cup~114|1 package~340
2112956	B	39	33,3.33,0,4.58,50,4.58,0,2,0,0,0,208,,.5,1.05	1 cup~240|1 package~1890
2475162	B	39	88,3.33,3.33,11.7,48,10,2.08,15,0,0,.42,110,200,,.825	1 cup~240|1 package~1890
2679887	B	10	46,.83,0,10.8,0,9.17,0,,,0,,8,188,25,,,,,.167,0,,.033,25,10	8 fl oz~240|1 package~1750
2679886	B	10	46,.83,0,10.8,0,9.17,0,,0,0,,146,188,30,2,,,,.333,0,,.05,25,10	8 fl oz~240|1 package~1890
1949828	B	18	46,0,0,11.7,2,11.2,0,0,0,0,0,0,,5	8 fl oz~240|1 package~473
2135829	B	39	75,3.33,2.08,10.8,100,10.4,1.46,10,0,0,0,125,,.5,1.05	1 cup~240|1 package~1890
2485263	B	39	51,3.39,1.91,4.66,47,5.08,1.27,8,,0,0,127,136,,1.05	1 cup~236|1 package~946
1998269	B	2	99,9.93,4.26,5.67,447,4.26,2.84,21,0,0,.26,57,99,,0	1 serving~141
1977318	B	2	92,9.93,4.26,4.26,426,3.55,2.84,21,0,0,.26,57,99,,0	1 serving~141
2112958	B	75	333,0,40,0,33,0,26.7,167,0,0,0,0,,0	1 tbsp~15|1 package~946
2134917	B	15	200,3.33,16.7,6.67,333,3.33,11.7,67,0,0,0,133,,4	2 tbsp~30|1 package~454
2188762	B	17	53,3.53,0,10,53,5.29,0,0,1.8,0,0,118,141,0,2.05,,,,,,,,,,88	1 container~170
1931244	B	25	58,1.67,1.04,10,67,9.17,.62,4,0,0,0,62,,.5	1 cup~240|1 package~1890
2435627	B	25	58,2.08,1.04,10.4,67,9.17,.62,4,0,0,.15,62,,.5	1 cup~240|1 package~1890
1931246	B	25	58,1.67,1.04,10,67,9.17,.62,4,0,0,0,62,,.5	1 cup~240|1 package~1890
2284815	B	3	221,3.49,12.8,25.6,76,22.1,8.14,35,0,0,1.26,93,163,,0	2/3 cup~86|1 package~1650
2271897	B	3	225,2.82,12.7,23.9,63,19.7,8.45,49,0,0,0,85,,0	½ cup~71|1 package~1650
2679877	B	17	53,3.53,0,8.82,53,8.24,0,0,1.8,0,0,118,141,0,4,,,79,,,,,,,88	1 container~170
2679881	B	17	94,2.94,.88,18.8,50,17.6,.59,6,1.8,0,0,118,135,0,4,,,79,,,,,,,88	1 container~170
2188776	B	17	94,2.94,.88,20,50,15.3,.59,6,1.8,0,0,118,135,0,2.05,,,,,,,,,,88	1 container~170
1949366	B	25	46,0,0,11.7,2,11.2,0,0,0,0,0,0,,0	8 fl oz~240|1 package~3780
2188765	B	17	53,3.53,0,9.41,53,4.71,0,0,1.8,0,0,118,141,0,2.05,,,,,,,,,,88	1 container~170
2188778	B	17	94,2.94,.88,18.2,47,17.1,.59,6,1.8,0,0,118,135,0,2.05,,,,,,,,,,88	1 serving~170
1975298	B	17	94,2.94,2.94,14.1,50,11.2,2.06,12,0,0,.06,100,141	1 carton~170
2188769	B	17	53,3.53,0,10,53,4.71,0,0,1.8,0,0,118,141,.7,2.05,,,,,,,,,,88	1 container~170
2123533	B	39	71,4.17,3.33,6.25,100,5.83,2.08,15,0,0,0,146,,.5,1.05	1 cup~240|1 package~946
2094280	B	62	714,7.14,78.6,0,679,,50,214,,0	1 tbsp~14|1 package~453
2135823	B	3	239,4.23,14.1,22.5,134,16.9,8.45,49,0,0,0,113,,0	½ cup~71|1 package~1650
1974671	B	17	94,2.94,2.94,14.1,50,11.2,2.06,12,0,0,.06,100,141	1 carton~170
2271901	B	3	239,2.82,12.7,29.6,106,23.9,7.04,42,0,0,0,85,,0	½ cup~71|1 package~1650
2156686	B	3	239,4.35,13,26.1,103,25,7.61,43,0,0,.11,141,217,,0	2/3 cup~92|1 package~1410
2188775	B	17	94,2.94,.88,18.8,47,17.6,.59,6,1.8,0,0,118,135,0,2.05,,,,,,,,,,88	1 container~170
2135822	B	15	200,3.33,16.7,3.33,600,3.33,11.7,67,0,0,0,133,,0	2 tbsp~30|1 package~227
2470571	B	39	158,3.33,7.5,19.2,62,19.2,5,42,0,0,.17,108,183,,.075	½ cup~120|1 package~946
2461470	B	39	88,3.33,3.33,10.8,75,9.58,2.5,15,.4,0,.67,108,192,,.95	1 cup~240|1 package~1890
2123528	B	39	96,2.92,2.92,15,60,15,1.88,12,0,0,0,125,,.5,1.05	1 cup~240|1 package~946
2623395	B	39	92,3.33,3.33,11.7,79,11.2,2.08,8,.4,0,.42,108,183,,0,,,29	1 cup~240|1 package~1890
2474526	B	39	88,3.33,3.33,11.2,92,10.4,1.88,12,.4,0,.42,113,172,,.825	1 cup~240|1 package~946
2135813	B	3	180,3.28,5.74,29.5,57,24.6,3.28,16,0,0,0,131,,0	½ cup~61|1 package~1650
2463142	B	3	165,3.53,4.71,28.2,76,21.2,2.94,18,0,0,.24,153,259,,.125	2/3 cup~85|1 package~3780
2535399	B	39	89,3.38,2.95,12.2,63,11.8,1.69,8,0,0,.38,114,181,,1.15	1 cup~237|1 package~946
1957939	B	18	46,0,0,11.2,4,10.4	8 fl oz~240|1 package~1500
2135811	B	3	239,4.23,11.3,29.6,92,21.1,7.04,35,0,.7,0,113,,0	½ cup~71|1 package~1650
2469019	B	3	200,3.53,7.06,29.4,82,18.8,4.12,18,0,0,.35,153,247,,.125	2/3 cup~85|1 package~3780
2021248	B	2	70,10.5,0,5.26,412,5.26,0,4,0,0,0,88,,4.2	½ cup~114|1 package~680
2135827	B	9	467,6.67,26.7,53.3,183,36.7,16.7,50,3.3,0,2.4,67,,0	1 bar~30
2133546	B	9	467,6.67,26.7,53.3,183,36.7,16.7,50,3.3,0,2.4,67,,0	1 bar~30|1 package~120
2365491	B	39	46,3.75,1.04,5.42,100,,.62,6,0,0,0,104,117,,.625	1 cup~240|1 package~946
2113650	B	39	50,3.75,1.46,5.42,175,5.42,1.04,6,0,0,0,125,,.5,1.05	1 cup~240|1 package~1890
2271898	B	3	239,4.23,14.1,25.4,99,21.1,8.45,42,0,0,0,85,,0	½ cup~71|1 package~1650
1871686	B	10	50,0,0,12.1,4,11.2,0,0,0,0,0,0,,0	8 fl oz~240|1 package~946
1932401	B	25	46,0,0,11.7,2,11.2,,,,0,0,0,,0	1 cup~240|1 package~946
2679890	B	39	158,4.17,7.5,16.7,88,16.7,5,50,0,0,0,125,,0,,,,60	½ cup~120|1 package~1890
2240449	B	75	67,3.33,0,10,83,6.67,0,0,0,0,0,133,200,0,0	2 tbsp~30|1 package~946
2623394	B	39	33,3.33,0,4.58,50,4.58,0,2,0,0,0,104,117,,1,,,56	1 cup~240|1 package~946
2139387	B	39	33,3.33,0,4.58,50,4.58,0,2,0,0,0,125,,.5,1.05	1 cup~240|1 package~946
2134909	B	75	50,3.33,0,10,117,6.67,0,0,0,0,0,200,,0	2 tbsp~30|1 package~454
1938404	B	3	200,3.08,10.8,24.6,77,20,6.92,38,0,0,0,123,,0	½ cup~65|1 package~1890
1931236	B	39	88,3.33,3.33,12.1,133,11.7,2.08,15,.4,0,0,125,,.5,1.05	1 cup~240|1 package~473
1891111	B	39	96,2.92,2.92,14.6,62,14.6,1.88,12,0,0,0,125,,.5,1.05	1 cup~240|1 package~946
2134911	B	15	167,3.33,16.7,3.33,533,3.33,11.7,67,0,0,0,133,,0	2 tbsp~30|1 package~227
2135810	B	3	211,2.82,11.3,25.4,70,21.1,7.04,85,0,0,0,85,,0	½ cup~71|1 package~1650
2679889	B	75	133,3.33,10,3.33,50,3.33,6.67,50,0,0,0,133,,0,0,,,60	2 tbsp~30|1 package~946
1949829	B	3	169,4.23,3.52,31,77,25.4,2.11,14,0,0,0,113,,0	½ cup~71|1 package~1650
1948734	B	3	155,2.82,2.82,31,70,25.4,1.41,14,0,0,0,113,,0	½ cup~71|1 package~1650
2283693	B	3	169,4.23,3.52,28.2,92,21.1,2.11,14,0,0,0,141,,0	½ cup~71|1 package~1650
1948741	B	3	169,4.23,3.52,28.2,92,21.1,2.11,14,0,0,0,141,,0	½ cup~71|1 package~1650
2591079	B	10	14,0,0,3.33,0,3.06,0,0,0,0,0,0,19,,0	12 fl oz~360|1 package~946
1978896	B	2	99,9.93,4.26,4.96,511,4.26,2.84,21,0,0,.26,57,99,,0	1 serving~141
2426522	B	2	226,3.23,19.4,9.68,677,3.23,11.3,65,0,0,0,65,0,,0	2 tbsp~31|1 package~99
2112959	B	75	300,0,33.3,0,33,0,23.3,133,0,0,0,0,,0	1 tbsp~15|1 package~946
1902852	B	17	80,8.67,0,12,50,11.3,0,7,.7,0,0,100,153,0	1 unit~150
1902851	B	17	67,8,0,10,50,9.33,0,7,.7,0,0,100,153,0	1 unit~150
2194307	B	75	117,3.33,10,3.33,67,3.33,6.67,50,0,0,0,100,133,,0	2 tbsp~30|1 package~946
2123534	B	75	133,3.33,10,3.33,50,3.33,6.67,50,0,0,0,133,,0,0	2 tbsp~30|1 package~946
2474523	B	39	88,3.33,3.33,12.1,138,11.7,2.08,12,0,0,0,104,175,,.825	1 cup~240|1 package~946
2063085	B	39	167,4.17,8.33,19.2,79,18.3,5,54,0,0,0,125,,0,0	½ cup~120|1 package~946
2135808	B	3	225,4.23,11.3,26.8,77,15.5,8.45,35,0,0,0,85,,0	½ cup~71|1 package~1650
2368931	B	75	300,0,33.3,0,67,0,23.3,133,0,0,0,0,0,,0	1 tbsp~15|1 package~1890
2316463	B	75	333,0,40,0,33,0,26.7,167,0,0,0,0,,0	1 tbsp~15|1 package~946
2541329	B	39	150,4.17,6.67,19.2,62,19.2,4.17,38,0,0,0,133,200,,0	½ cup~120|1 package~946
2094230	B	39	117,3.75,2.08,20.8,79,20.4,1.25,21,0,0,.3,146,,1,1.05	1 cup~240|1 package~1890
2175722	B	3	217,3.26,12,25,54,21.7,7.61,49,0,0,0,120,174,,0	2/3 cup~92|1 package~1410
2135821	B	3	164,4.92,4.92,24.6,74,21.3,3.28,25,0,0,0,131,,0	½ cup~61|1 package~1650
1938402	B	3	164,3.28,4.92,29.5,74,23,2.46,25,0,0,0,131,,0	½ cup~61|1 package~1650
1997048	B	2	242,9.09,18.2,18.2,303,12.1,12.1,61,0,0,0,61,0,,0	2 tbsp~33|1 package~99
2121094	B	3	233,3.49,11.6,29.1,99,22.1,6.98,35,0,0,0,93,163,,0	2/3 cup~86
1943484	B	3	209,3.49,10.5,25.6,70,19.8,6.98,41,0,0,0,93,163,,0	2/3 cup~86|1 package~1650
1943485	B	3	221,3.49,12.8,24.4,76,19.8,6.98,41,0,0,0,93,163,,0	2/3 cup~86|1 package~1650
1938403	B	3	198,3.49,10.5,24.4,52,19.8,6.98,41,0,0,1.26,70,163,,0	2/3 cup~86|1 package~1650
2542407	B	3	198,3.49,10.5,24.4,58,19.8,6.98,41,0,0,0,93,163,,0	2/3 cup~86|1 package~1650
1938406	B	3	221,3.49,11.6,25.6,64,20.9,6.98,41,0,0,0,93,163,,0	2/3 cup~86|1 package~1650
1938401	B	3	233,4.65,14,25.6,110,19.8,6.98,35,0,0,1.26,70,163,,0	2/3 cup~86|1 package~1650
1938400	B	3	234,3.12,10.9,29.7,125,20.3,7.03,39,0,0,0,125,,0	½ cup~64|1 package~473
1943486	B	3	198,3.49,10.5,24.4,64,19.8,6.98,41,0,0,0,93,163,,0	2/3 cup~86|1 package~1650
1925154	B	3	209,3.49,10.5,25.6,64,20.9,6.98,52,0,0,0,93,163,,0	2/3 cup~86|1 package~1650
1924679	B	3	221,3.49,11.6,25.6,64,20.9,6.98,41,0,0,0,93,163,,0	2/3 cup~86|1 package~1650
1943487	B	3	209,3.49,10.5,26.7,64,22.1,6.98,41,,0,0,93,163	2/3 cup~86|1 package~1650
1932998	B	3	215,4.62,9.23,29.2,85,16.9,6.15,38,0,0,0,92,,0	½ cup~65|1 package~473
1938405	B	3	198,3.49,10.5,25.6,128,20.9,6.98,41,0,0,0,93,163,,0	2/3 cup~86|1 package~1650
1932994	B	3	200,3.08,9.23,26.2,77,20,4.62,38,0,0,0,123,,0	½ cup~65|1 package~473
1939576	B	3	198,3.49,10.5,24.4,64,19.8,6.98,41,0,0,0,93,163,,0	2/3 cup~86|1 package~1650
2060169	B	3	188,3.12,10.9,20.3,70,17.2,7.03,39,0,0,0,125,,0	½ cup~64|1 package~3780
1931237	B	53	29,0,0,7.92,0,7.5,0,0,0,0,0,0,,0	8 fl oz~240|1 package~1890
1931238	B	53	29,0,0,7.92,0,7.5,0,0,0,0,0,0,,0	8 fl oz~240|1 package~1890
1931239	B	53	29,0,0,7.92,0,7.5,0,0,0,0,0,0,,0	8 fl oz~240|1 package~1890
1932395	B	53	25,0,0,6.67,2,6.25,0,0,0,0,0,0,,0	8 fl oz~240|1 package~1890
2135832	B	15	200,3.33,16.7,6.67,567,6.67,11.7,67,0,0,0,133,,4	2 tbsp~30|1 package~454
2188758	B	17	53,3.53,0,10,53,4.71,0,0,1.8,0,0,118,141,.7,2.05,,,,,,,,,,88	1 container~170
2113631	B	2	105,11.4,4.39,3.51,412,3.51,2.63,18,0,0,0,53,,0	½ cup~114|1 package~454
2188763	B	17	53,3.53,0,10,53,4.71,0,0,1.8,0,0,118,141,.7,2.05,,,,,,,,,,88	1 container~170
2187332	B	17	94,2.94,.88,20,50,15.3,.59,6,1.8,0,0,118,135,0,2.05,,,,,,,,,,88	1 container~170
2541949	B	18	12,0,0,3.33,0,2.92,0,0,0,0,0,0,0,,0	8 fl oz~240|1 package~473
2455063	B	18	50,0,0,13.3,2,12.5,0,0,0,0,0,0,,5	8 fl oz~240|1 package~1890
2316464	B	18	46,0,0,12.9,4,12.5,0,0,0,0,0,0,,3.8	8 fl oz~240|1 package~1890
2135826	B	39	125,4.17,3.75,18.3,83,18.3,2.08,33,0,0,0,137,202,,0	½ cup~120|1 package~946
2546353	B	3	172,4.69,7.81,20.3,141,6.25,4.69,16,7.8,0,0,156,,0	½ cup~64|1 package~1890
1939577	B	3	141,4.69,4.69,21.9,94,6.25,3.12,16,7.8,0,0,156,,0	½ cup~64|1 package~1890
1938416	B	3	141,4.69,4.69,20.3,94,6.25,3.12,16,7.8,0,0,156,,0	½ cup~64|1 package~1890
2134919	B	75	117,3.33,8.33,6.67,117,6.67,6.67,33,0,0,0,133,,0	2 tbsp~30|1 package~454
2135820	B	3	180,4.92,4.92,29.5,90,23,2.46,16,0,0,0,131,,0	½ cup~61|1 package~1650
2679884	B	2	79,10.5,2.19,4.39,421,4.39,1.32,13,0,0,0,88,,2.1,,,,32	½ cup~114|1 package~1360
2113641	B	2	79,11.4,2.19,4.39,395,4.39,1.32,13,0,0,0,70,,0	½ cup~114
1931247	B	39	79,3.75,1.25,12.9,146,11.7,.83,4,0,0,0,125,,.5,1.05	1 cup~240|1 package~473
1902856	B	17	88,3.52,.88,17.2,53,16.3,.66,7,1.8,0,0,110,128,0,1.75,,,,,,,,,,88	1 serving~227|1 package~680
1902853	B	17	93,3.52,.88,17.6,53,16.7,.66,7,1.8,0,0,110,128,0,1.75,,,,,,,,,,88	1 serving~227|1 package~680
2474519	B	39	79,3.33,3.33,10,46,10,2.08,10,0,0,0,115,137,,2.5	1 cup~240|1 package~946
1945875	B	39	96,2.92,2.92,14.6,62,14.6,1.88,12,0,0,0,125,,.5,1.05	1 cup~240|1 package~946
2461130	B	17	94,2.94,2.94,14.1,50,11.2,2.06,12,0,0,.06,100,141,,3.17	1 carton~170
2117505	B	3	198,3.49,9.3,25.6,58,20.9,6.98,41,0,0,0,93,163,,0	2/3 cup~86
1888392	B	3	215,3.08,10.8,24.6,85,20,6.92,38,0,0,0,123,,0	½ cup~65|1 package~3785
1902855	B	17	75,8.81,0,10.1,35,9.69,0,7,.4,0,0,110,163,0	1 cup~227|1 package~907
2063084	B	82	142,3.15,7.09,17.3,63,15.8,3.94,47,0,0,0,118,,0	½ cup~127|1 package~946
1888387	B	3	200,3.08,10.8,24.6,77,20,6.92,38,0,0,0,123,,0	½ cup~65|1 package~3785
1996332	B	3	165,3.53,5.29,24.7,71,18.8,2.94,18,0,0,0,118,165,,0	2/3 cup~85|1 package~3780
2591078	B	10	14,0,0,3.33,0,3.06,0,0,0,0,0,0,19,,0	12 fl oz~360|1 package~946
2098640	B	10	46,.83,0,10.8,0,9.17,0,,,0,,146,188,25,1.05,,,,.167,0,,.033,25,10	8 fl oz~240|1 package~1750
2503747	B	10	46,.83,0,10.8,0,9.17,0,,0,0,,8,188,30,,,,,.333,0,,.05,25,10	8 fl oz~240|1 package~946
2112969	B	39	38,3.75,0,5,54,5,0,2,0,0,0,125,,.5,1.05,0,0	1 cup~240|1 package~1890
2112955	B	39	50,3.33,2.08,5,52,5,1.25,8,0,0,0,125,,.5,1.05,.62,0	1 cup~240|1 package~1890
2112968	B	39	62,3.33,3.33,5,52,5,2.08,15,0,0,0,125,,.5,1.05,1.04,0	1 cup~240|1 package~1890
2410677	B	2	357,7.14,35.7,3.57,375,3.57,21.4,107,0,0,0,79,107,,0	1 serving~28|1 package~226
2382092	B	2	258,6.45,22.6,9.68,516,3.23,12.9,81,0,0,0,65,0,,0	2 tbsp~31|1 package~99
2316465	B	17	53,3.53,0,9.41,53,4.71,0,0,1.8,0,0,118,141,.7,2.05,,,,,,,,,,88	1 container~170
2679880	B	17	94,2.94,.88,18.2,47,17.6,.59,6,1.8,0,0,118,135,0,4,,,79,,,,,,,88	1 container~170
2165624	B	2	92,8.51,3.55,7.09,362,6.38,2.48,18,0,0,.26,43,99,,0	1 serving~141
2679879	B	17	94,2.94,.88,18.2,47,17.6,.59,6,1.8,0,0,118,135,0,4,,,79,,,,,,,88	1 container~170
2188767	B	17	53,3.53,0,10,53,4.71,0,0,1.8,0,0,118,141,0,2.05,,,,,,,,,,88	1 container~170
2591080	B	18	14,0,0,3.33,0,3.06,0,0,0,0,0,0,19,,0	12 fl oz~360|1 package~946
2143266	B	3	228,4.35,12,26.1,71,21.7,7.61,43,0,0,.33,130,228,,0	2/3 cup~92|1 package~1410
2545211	B	3	228,3.26,12,27.2,114,26.1,7.61,43,0,0,.11,141,207,,0	2/3 cup~92|1 package~1410
2270948	B	3	239,4.35,13,25,65,23.9,8.7,43,0,0,.65,141,261,,0	2/3 cup~92|1 package~1410
2143256	B	3	185,3.26,10.9,18.5,76,18.5,6.52,43,0,0,0,130,207,,0	2/3 cup~92|1 package~1410
2143261	B	3	217,3.26,12,25,60,20.6,7.61,49,1.1,0,.87,98,283,,0	2/3 cup~92|1 package~1410
2143258	B	3	261,4.35,15.2,26.1,109,21.7,8.7,43,1.1,0,.87,98,293,,0	2/3 cup~92|1 package~1410
2143264	B	3	217,3.26,12,25,82,20.6,7.61,49,1.1,0,.87,98,283,,0	2/3 cup~92|1 package~1410
2474527	B	39	88,3.33,3.33,11.2,75,10.8,1.88,10,.4,0,.42,108,146,,1.25	1 cup~240|1 package~946
1970437	B	3	207,4.35,12,20.6,71,20.6,7.61,49,0,0,0,152,239,,0	2/3 cup~92|1 package~1410
2546911	B	39	83,3.33,3.33,10.8,83,10,2.08,12,0,0,0,125,,1,1.05	1 cup~240|1 package~1890
1908436	B	39	92,3.33,3.33,12.1,75,11.2,2.08,12,0,0,0,125,,.5,1.05	1 cup~240|1 package~473
2299817	B	3	217,4.35,12,22.8,76,22.8,7.61,76,0,0,.11,152,228,,0	2/3 cup~92|1 package~1410
2541765	B	75	300,0,33.3,0,33,0,23.3,133,0,0,0,67,133,,0	1 tbsp~15|1 package~414
1938407	B	3	183,2.82,9.86,22.5,63,18.3,6.34,35,0,0,0,113,,0	½ cup~71|1 package~1650
2315946	B	3	254,4.23,12.7,29.6,85,22.5,7.04,35,0,0,.51,113,,0	½ cup~71|1 package~1650
2143265	B	3	207,3.26,9.78,27.2,65,22.8,6.52,38,0,0,.11,141,207,,0	2/3 cup~92|1 package~1410
2143252	B	3	283,4.35,17.4,26.1,120,25,9.78,38,0,0,.11,141,315,,0	2/3 cup~92|1 package~1410
2153687	B	3	217,3.26,12,22.8,65,21.7,7.61,49,0,0,.33,130,250,,0	2/3 cup~92|1 package~1410
2295638	B	3	217,4.35,12,22.8,71,22.8,7.61,49,0,.54,0,152,228,,0	2/3 cup~92|1 package~1410
2143253	B	3	228,4.35,13,22.8,65,21.7,8.7,49,0,0,.43,152,261,,0	2/3 cup~92|1 package~1410
2143259	B	3	217,3.26,12,25,60,20.6,7.61,49,1.1,0,.87,98,283,,0	2/3 cup~92|1 package~1410
2143262	B	3	250,4.35,16.3,20.6,136,19.6,7.61,49,1.1,0,.22,152,250,,0	2/3 cup~92|1 package~1410
2143257	B	3	239,3.26,12,30.4,49,23.9,7.61,38,1.1,0,1.09,88,236,,0	2/3 cup~92|1 package~1410
1970438	B	3	217,4.35,10.9,26.1,185,23.9,7.61,43,0,0,.11,152,217,,0	2/3 cup~92|1 package~1410
2153715	B	3	217,4.35,12,21.7,71,20.6,7.61,49,0,0,0,155,237,,0	2/3 cup~92|1 package~1410
2474522	B	39	88,3.33,3.33,10.8,52,10.8,1.88,10,.4,0,0,114,130,,1.25	1 cup~240|1 package~946
2427764	B	53	4,0,0,.83,0,0	8 fl oz~240|1 package~1500
2143254	B	3	207,4.35,12,20.6,71,20.6,7.61,49,0,0,.11,152,239,,0	2/3 cup~92|1 package~1410
2271896	B	39	121,4.17,3.75,17.1,175,16.2,2.5,23,0,0,.15,125,,1,1.05	1 cup~240|1 package~946
1908419	B	10	46,.83,0,10.8,0,9.17,0,,0,0,,8,188,30,,,,,.333,0,,.05,25,10	8 fl oz~240|1 package~3780
2455064	B	17	53,3.53,0,10,53,4.71,0,0,1.8,0,0,118,141,0,2.05,,,,,,,,,,88	1 container~170
2591077	B	18	50,0,0,12.5,0,11.7,0,0,0,0,0,0,0,2,0	8 fi oz~240|1 package~946
2188773	B	17	53,3.53,0,8.82,53,8.24,0,0,1.8,0,0,118,141,.7,2.05,,,,,,,,,,88	1 container~170
2188761	B	17	94,2.94,.88,18.8,47,18.2,.59,6,1.8,0,0,118,135,0,2.05,,,,,,,,,,88	1 container~170
2060366	B	39	117,3.75,2.08,20.8,79,20.4,1.25,21,0,0,.3,146,,1,1.05	1 cup~240|1 package~1890
1931250	B	39	92,3.33,1.88,15,75,15,1.25,8,0,0,0,125,,0,1.05	1 cup~240|1 package~946
2135819	B	3	197,4.92,7.38,24.6,90,19.7,3.28,16,0,0,0,131,,0	½ cup~61|1 package~1650
2435628	B	15	167,3.33,15,6.67,533,3.33,10,50,0,,0,67,,4	2 tbsp~30|1 package~342
2121095	B	3	221,3.49,10.5,30.2,47,18.6,6.98,35,0,0,1.26,70,163,,0	2/3 cup~86|1 package~1650
2406120	B	62	714,0,78.6,0,679,0,50,214,0,0,0,0,0,,0	1 tbsp~14|1 package~453
1980884	B	17	94,2.94,2.94,14.1,74,11.2,2.06,12,0,0,.06,100,141	1 carton~170
1931251	B	39	88,2.92,3.33,12.5,108,12.1,2.08,15,0,0,0,125,,.5,1.05	1 cup~240|1 package~473
2173457	B	3	250,3.26,13,30.4,141,21.7,8.7,43,1.1,0,1.3,87,,,0	2/3 cup~92|1 package~473
1997038	B	2	242,6.06,18.2,18.2,485,12.1,12.1,61,0,0,0,61,0,,0	2 tbsp~33|1 package~99
2679891	B	2	88,9.65,4.39,4.39,421,3.51,2.63,22,0,0,0,70,,1.1,,,,32	¼ cup~114|1 package~2270
1932374	B	2	70,10.5,1.32,5.26,211,4.39,.88,9,0,0,0,88,,2.1	½ cup~114
2679882	B	75	167,3.33,16.7,3.33,50,3.33,11.7,67,0,0,0,133,233,,0	2 tbsp~30|1 package~227
2435629	B	15	167,3.33,15,6.67,667,3.33,10,50,0,,0,67,,0	2 tbsp~30|1 package~342
1908931	B	39	150,4.17,7.5,18.3,83,18.3,4.17,46,0,0,0,136,202,,0	½ cup~120|1 package~946
2657447	B	24	0,0,0,0,0,0,0,0,0,0,0,0,0,,0	8 fl oz~240|1 package~3780
2406121	B	75	167,3.33,16.7,3.33,50,3.33,11.7,67,0,0,0,120,170,,0	2 tbsp~30|1 package~340
2075960	B	17	67,8,0,9.33,47,8,0,7,.7,0,0,100,153,0	1 unit~150
2188760	B	17	53,3.53,0,10,53,5.29,0,0,1.8,0,0,118,141,.7,2.05,,,,,,,,,,88	1 container~170
2679878	B	17	94,2.94,.88,18.8,47,17.6,.59,6,1.8,0,0,118,135,0,4,,,79,,,,,,,88	1 container~170
2188774	B	17	94,2.94,.88,20,47,15.3,.59,6,1.8,0,0,118,135,0,2.05,,,,,,,,,,88	1 container~170
1997039	B	2	250,3.12,18.8,15.6,297,12.5,12.5,62,0,0,0,0,0,,0	2 tbsp~32|1 package~99
2135812	B	39	96,2.92,2.92,14.6,62,14.6,1.88,12,0,0,0,125,,.5,1.05	1 cup~240|1 package~946
2679885	B	25	46,0,0,11.7,2,11.2,,,,0,0,0,,0,,,,0	1 cup~240
2540939	B	17	53,3.53,0,9.41,53,4.71,0,0,1.8,0,0,118,141,1.4,2.05,,,,,,,,,,88	1 container~170
2188770	B	17	94,2.94,.88,19.4,47,15.3,.59,6,1.8,0,0,118,135,0,2.05,,,,,,,,,,88	1 container~170
2463339	B	3	165,3.53,4.71,28.2,65,22.4,2.94,18,0,0,.12,153,235,,.125	2/3 cup~85|1 package~3780
2474521	B	39	83,2.92,2.92,10.8,42,10.8,1.88,10,0,0,0,108,126,,1.25	1 cup~240|1 package~946
2112954	B	53	25,0,0,6.67,2,6.25,0,0,0,0,0,0,,0	1 cup~240|1 package~3780
2135814	B	3	225,4.23,11.3,29.6,92,26.8,7.04,42,0,0,0,85,,0	½ cup~71|1 package~1650
2435626	B	15	167,3.33,13.3,6.67,450,3.33,10,50,0,,0,67,,0	2 tbsp~30|1 package~342
2009042	B	62	714,7.14,78.6,0,0,,50,214,,0	1 tbsp~14|1 package~453
2406122	B	62	714,0,78.6,0,0,0,50,214,0,0,0,0,0,,0	1 tbsp~14|1 package~453
2135818	B	3	225,2.82,12.7,23.9,56,21.1,8.45,49,0,0,0,113,,0	½ cup~71|1 package~1650
2679883	B	17	53,3.53,0,10,53,4.71,0,0,1.8,0,0,118,141,.7,4,,,79,,,,,,,88	1 container~170
2484959	B	17	76,2.94,.88,14.1,50,10.6,.59,6,0,0,.06,100,141,,3.17	1 serving~170|1 package~680
2188777	B	17	94,2.94,.88,18.8,47,18.2,.59,6,1.8,0,0,118,135,0,2.05,,,,,,,,,,88	1 container~170
2135816	B	3	225,2.82,12.7,23.9,56,21.1,8.45,49,0,0,0,113,,0	½ cup~71|1 package~1650
2135830	B	3	239,2.82,12.7,29.6,106,26.8,7.04,42,0,0,0,85,,0	½ cup~71|1 package~1650
2056011	B	23	200,3.33,16.7,6.67,600,3.33,11.7,67,0,0,0,133,,0	2 tbsp~30|1 package~454
2679893	B	17	53,3.53,0,9.41,53,4.71,0,0,1.8,0,0,118,141,0,4,,,79,,,,,,,88	1 container~170
2680054	B	39	62,3.33,3.33,4.58,50,4.58,2.08,15,0,0,0,125,,.5,2,,,22	1 cup~240|1 package~1890
2395422	B	75	250,0,16.7,16.7,0,16.7,16.7,83,0,0,0,67,83,,0	2 tbsp~6|1 package~397
2112964	B	75	300,0,33.3,0,33,0,23.3,133	1 tbsp~15|1 package~236
2188764	B	17	94,2.94,.88,20,50,15.3,.59,6,1.8,0,0,118,135,0,2.05,,,,,,,,,,88	1 container~170
2623393	B	39	67,3.33,3.75,5,50,5,2.08,8,0,0,0,112,158,,0,,,29	1 cup~240|1 package~1890
514842	B	39	42,3.39,1.06,4.66,51,4.66,.64,6,0,0,0,127,,.5,1.05	½ pt~236
2315786	B	3	200,3.53,10.6,24.7,,18.8,7.06,,1.2,0,1.27,71,165,,0	2/3 cup~85|1 package~1650
1933224	B	3	224,3.53,11.8,25.9,,16.5,7.06,,0,0,0,94,165,,0	2/3 cup~85|1 package~1650
2522076	B	115	321,14.3,28.6,1.79,696,0,10.7,71,0,0,1.29,71,,0,0	1 serving~56
2120225	B	48	161,19.6,8.04,2.68,589,1.79,2.68,58,,,.64,18	1 serving~112|1 package~771
2522310	B	115	232,18.8,17,0,62,0,5.36,58,0,0,.96,0,,0,0	4 ounce~112
577009	B	64	133,23,3.98,0,62,0,1.33,62,0,0,.64,18,,0	1 serving~113
2639785	B	48	143,18.8,2.23,.89,232,,2.23,58,,,.32,,,,0	1 serving~112
2522431	B	115	152,19.6,8.04,0,45,0,3.12,45,0,0,.32,0,,0,0	4 ounce~112
2117922	B	48	98,17.9,2.23,1.79,121,,.89,54	1 serving~112
2393569	B	48	98,17.9,2.23,2.68,571,,.89,54,,,,18,,1.1	1 serving~112|1 package~522
2109635	B	48	223,14.3,17.9,.89,384,.89,7.14,54,,,,,,5.4	1 serving~112
2159406	B	48	107,17.9,2.23,4.46,277,1.79,.89,54,,,,,,1.1,.525	1 serving~112|1 package~522
2522074	B	110	232,19.6,17.9,0,911,0,6.25,62,0,0,1.29,0,,0,0	2 ounce~56
2159398	B	48	134,17.9,6.25,.89,714,,2.23,58,,,.64	1 serving~112|1 package~771
2126335	B	48	98,17.9,2.23,2.68,607,,.89,54	1 serving~112|1 package~522
2508465	B	48	89,17.9,7.14,.89,616,,2.68,54	1 serving~112|1 package~771
2120208	B	48	107,17.9,2.23,4.46,277,1.79,.89,54,,,,,,1.1	1 serving~112|1 package~522
2159402	B	48	143,17.9,6.25,2.68,464,,2.23,58,,,.32	1 serving~112|1 package~771
2526234	B	115	268,17,22.3,0,62,0,8.04,67,0,0,.64,0,,0,0	1 serving~112
2522463	B	115	268,17,22.3,0,62,0,8.04,67,0,0,.64,0,,0,0	4 ounce~112
2522462	B	115	268,17,22.3,0,62,0,8.04,67,0,0,.64,0,,0,0	4 ounce~112
2522464	B	115	268,17,22.3,0,62,0,8.04,67,0,0,.64,0,,0,0	4 ounce~112
2522468	B	115	268,17,22.3,0,62,0,8.04,67,0,0,.64,0,,0,0	1 serving~112
2522470	B	115	223,18.8,16.1,0,85,0,5.36,67,0,0,.64,36,,0	4 ounces~112
2526233	B	115	268,17,22.3,0,62,0,8.04,67,0,0,0,0,,0	1 serving~112
2526236	B	115	268,17,22.3,0,62,0,8.04,67,0,0,0,0,,0,0	1 serving~112
2559757	B	115	268,17,22.3,0,62,0,8.04,67,0,0,0,0,,0,0,,,0	1 serving~112
2522461	B	115	268,17,22.3,0,62,0,8.04,67,0,0,.64,0,,0,0	4 ounce~112
2522467	B	115	268,17,22.3,0,62,0,8.04,67,0,0,.64,0,,0,0	4 ounce~112
2522465	B	115	268,17,22.3,0,62,0,8.04,67,0,0,.64,0,,0,0	4 ounce~112
2522466	B	115	268,17,22.3,0,62,0,8.04,67,0,0,.64,0,,0,0	4 ounce~112
2522075	B	115	304,16.1,25,1.79,839,0,8.93,71,0,0,1.29,71,,2.1,0	1 serving~56
2522373	B	115	518,8.93,52.7,0,31,0,19.6,71,0,0,.64,0,,0,0	4 ounce~112
2522376	B	115	518,8.93,52.7,0,31,0,19.6,71,0,0,.64,0,,0,0	4 ounce~112
2522375	B	115	518,8.93,52.7,0,31,0,19.6,71,0,0,.64,0,,0,0	4 ounce~112
2522387	B	115	518,8.93,52.7,0,31,0,19.6,71,0,0,.64,0,,0,0	4 ounce~112
2522385	B	115	518,8.93,52.7,0,31,0,19.6,71,0,0,.64,0,,0,0	4 ounce~112
2522393	B	115	518,8.93,52.7,0,31,0,19.6,71,0,0,.64,0,,0,0	4 ounce~112
2522394	B	115	518,8.93,52.7,0,31,0,19.6,71,0,0,.64,0,,,0	4 ounces~112
2526223	B	115	518,8.93,52.7,0,31,0,19.6,71,0,0,0,0,,0,0	1 serving~112
2522388	B	115	518,8.93,52.7,0,31,0,19.6,71,0,0,.64,0,,0,0	4 ounce~112
2522389	B	115	518,8.93,52.7,0,31,0,19.6,71,0,0,.64,0,,0,0	4 ounce~112
2522063	B	115	250,18.8,19.6,0,49,0,6.25,58,0,0,.96,0,,0,0	1 serving~112
2522283	B	115	219,15.2,17,0,42,0,5.8,65,0,0,0,0,,0,0	4 ounce~112
2522289	B	115	223,15.2,17,0,277,0,6.25,67,0,0,.64,0,,0,0	4 ounce~112
2522416	B	115	152,19.6,8.04,0,45,0,3.12,45,0,0,.32,0,,0,0	4 ounce~112
2522403	B	115	152,19.6,8.04,0,45,0,3.12,45,0,0,.32,0,,0,0	4 ounce~112
2522411	B	115	152,19.6,8.04,0,45,0,3.12,45,0,0,.32,0,,0,0	4 ounce~112
2522397	B	115	179,20.5,10.7,0,71,0,0,62,0,0,0,0,,0,0	4 ounce~112
2370535	B	115	116,21.4,3.12,0,89,0,.89,67,0,0,.64,0,,0	1 serving~112
2526225	B	115	134,20.5,5.36,0,54,,1.79,67,0,0,0,0,,0,0	1 serving~112
2522422	B	115	200,20,13,0,50,0,4.5,65,0,,.64,18,,0	1 serving~112
2522471	B	115	196,20.5,12.5,0,58,0,4.46,67,0,0,.64,18,,0,0	4 ounce~112
2522406	B	115	152,19.6,8.04,0,45,0,3.12,45,0,0,.32,0,,0,0	4 ounce~112
2522405	B	115	152,19.6,8.04,0,45,0,3.12,45,0,0,.32,0,,0,0	4 ounce~112
2522409	B	115	152,19.6,8.04,0,45,0,3.12,45,0,0,.32,0,,0,0	4 ounce~112
2522423	B	115	152,19.6,8.04,0,45,0,3.12,45,0,0,.32,0,,0,0	4 ounce~112
2526192	B	115	152,19.6,8.04,0,45,0,3.12,45,0,0,0,0,,0	1 serving~112
2526224	B	115	152,19.6,8.04,0,45,0,3.12,45,0,0,0,0,,0,0	1 serving~112
2526229	B	115	152,19.6,8.04,0,45,0,3.12,45,0,0,0,0,,0,0	1 serving~112
2522314	B	115	232,18.8,17,0,62,0,5.36,58,0,0,.96,0,,0	1 serving~112
2522328	B	115	250,18.8,19.6,0,49,0,6.25,58,0,0,.96,0,,0,0	4 ounce~112
2522288	B	115	223,15.2,17,0,277,0,6.25,67,0,0,.64,0,,0,0	4 ounces~112
2522284	B	115	232,18.8,17,0,62,0,5.36,58,0,0,.96,0,,0,0	4 ounce~112
2522285	B	115	232,18.8,17,0,62,0,5.36,58,0,0,.96,0,,0,0	4 ounce~112
2522286	B	115	232,18.8,17,0,62,0,5.36,58,0,0,.96,0,,0,0	4 ounce~112
2522290	B	115	223,15.2,17,0,277,0,6.25,67,0,0,.64,0,,0,0	4 ounce~112
2522281	B	115	232,18.8,17,0,62,0,5.36,58,0,0,.96,0,,0,0	1 serving~112
2526226	B	115	134,20.5,5.36,0,54,0,1.79,67,0,0,0,0,,0	1 serving~112
2522400	B	115	134,17,6.25,.89,304,0,2.23,58,0,0,.96,0,0,0,0	1 serving~112
2522064	B	115	196,19.6,11.6,0,85,0,4.02,67,0,0,.64,0,,0,0	1 serving~112
2370655	B	115	196,19.6,11.6,0,85,0,4.02,67,0,0,.64,0,,0,0	1 serving~112
2522398	B	115	179,20.5,10.7,0,71,0,0,62,0,0,0,0,,0,0	4 ounce~112
2522054	B	115	214,23.2,12.5,0,134,0,3.57,89,0,0,.64,0,,0,0	4 ounces~112
2526209	B	115	214,23.2,12.5,0,134,0,3.57,89,0,0,0,0,,0,0	1 serving~112
2522047	B	115	214,23.2,12.5,0,134,0,3.57,89,0,0,.64,71,,0,0	1 serving~112
2526235	B	115	268,17,22.3,0,62,0,8.04,67,0,0,0,0,,0,0	1 serving~112
2522066	B	115	268,17,22.3,0,62,0,8.04,67,0,0,.64,0,,0,0	4 ounce~112
2522339	B	115	170,20.5,8.93,0,54,0,3.12,67,0,0,.64,18,,0,0	4 ounce~112
2522338	B	115	170,20.5,8.93,0,54,0,3.12,67,0,0,.64,18,,0,0	4 ounce~112
2526218	B	115	170,20.5,8.93,0,54,0,3.12,67,0,0,0,0,,0,0	1 serving~112
2522348	B	115	170,20.5,8.93,0,54,0,3.12,67,0,0,.64,18,,0,0	4 ounce~112
2522335	B	115	196,19.6,12.5,0,49,0,4.46,62,0,0,.64,18,,0,0	4 ounce~112
2522333	B	115	196,19.6,12.5,0,49,0,4.46,62,0,0,.64,18,,0,0	4 ounces~112
2522336	B	115	196,19.6,12.5,0,49,0,4.46,62,0,0,.64,18,,0,0	4 ounce~112
2526217	B	115	196,17,12.5,0,70,0,4.02,62,0,0,0	1 serving~112
2526227	B	115	152,19.6,8.04,0,45,0,3.12,45,0,0,0,0,,0,0,,,,,,,0	1 serving~112
2370532	B	115	152,19.6,8.04,0,45,,3.12,45,0,0,.32,0,0,0,0	4 ounces~112
2097247	B	48	134,17.9,6.25,.89,402,0,2.23,58,,,.64	1 serving~112
2522445	B	115	161,20.5,8.04,.89,62,0,2.68,58,0,0,.64,0,,0,0	4 ounce~112
2522439	B	115	107,20.5,2.23,0,54,0,.89,40,0,0,.64,0,,0,0	4 ounce~112
2522440	B	115	107,20.5,2.23,0,54,0,.89,40,0,0,.64,0,,0,0	4 ounce~112
2522442	B	115	107,20.5,2.23,0,54,0,.89,40,0,,.64,0,,0	1 serving~112
2522419	B	115	107,20.5,2.23,0,54,0,.89,40,0,0,.64,0,,0,0	4 ounce~112
2522065	B	115	170,18.8,9.82,0,45,0,3.57,62,0,0,.96,0,,0,0	4 ounce~112
2526211	B	115	232,17,17.9,0,67,0,6.25,71,0,0,0,0,,0,0	1 serving~112
2522304	B	115	250,18.8,19.6,0,49,0,6.25,58,0,0,.96,0,,0,0	4 ounce~112
2522294	B	115	232,18.8,25.9,0,62,0,5.36,58,0,0,.96,0,,0,0	4 ounce~112
2522303	B	115	250,18.8,19.6,0,49,0,6.25,58,0,0,.96,0,,0,0	4 ounce~112
2522305	B	115	250,18.8,19.6,0,49,0,6.25,58,0,0,.96,0,,0,0	4 ounce~112
2522308	B	115	232,18.8,17,0,62,0,5.36,58,0,0,.96,0,,0,0	1 serving~112
2522306	B	115	152,18.8,19.6,0,49,0,6.25,62,0,0,.96,0,,0,0	4 ounce~112
2522395	B	115	232,18.8,17,0,58,0,5.36,58,0,0,0,0,,0,0	4 ounce~112
2522312	B	115	232,18.8,25.9,0,62,0,5.36,58,0,0,.96,0,,0,0	4 ounce~112
2526214	B	115	214,17.9,17,0,62,0,5.36,71,0,0,0,0,,0,0	1 serving~112
2526215	B	115	250,19.6,19.6,0,49,,6.25,58,0,0,0,0,,,0	1 serving~112
2522057	B	115	250,19.6,19.6,0,49,0,6.25,58,0,0,0,0,,0,0	4 ounces~112
2522324	B	115	250,18.8,19.6,0,49,0,6.25,58,0,0,.96,0,,0,0	4 ounce~112
2522326	B	115	179,20.5,19.6,0,89,0,1.34,62,0,0,.64,0,,0,0	4 ounce~112
2522323	B	115	250,18.8,19.6,0,49,0,6.25,58,0,0,.96,0,,0,0	4 ounces~112
2526220	B	115	518,8.93,52.7,0,31,0,19.6,71,0,0,0,0,,0,0	1 serving~112
2522374	B	115	518,8.93,52.7,0,31,0,19.6,71,0,0,.64,0,,0,0	4 ounce~112
2522386	B	115	518,8.93,52.7,0,31,0,19.6,71,0,0,.64,0,,0,0	4 ounce~112
2526221	B	115	518,8.93,52.7,0,31,0,19.6,71,0,0,0,0,,0,0,,,,,,,0	1 serving~112
2522390	B	115	518,8.93,52.7,0,31,0,19.6,71,0,0,.64,0,,0,0	4 ounce~112
2522392	B	115	518,8.93,52.7,0,31,0,19.6,71,0,0,.64,0,,0,0	4 ounce~112
2370539	B	115	250,17,19.6,0,45,0,8.04,58,0,,.64,0,,0	1 serving~112
2522351	B	115	259,17,21.4,0,58,0,8.04,45,0,0,.96,0,,0,0	4 ounce~112
2522371	B	115	286,17,23.2,0,76,0,8.93,76,0,0,0,0,,0,0	1 serving~112
2526219	B	115	259,17,21.4,0,58,0,8.04,45,0,0,0,0,,0,0	1 serving~112
2522210	B	115	259,17,21.4,0,58,0,8.04,45,0,0,.96,0,,0	4 ounces~112
2522291	B	115	259,17,21.4,0,58,0,8.04,45,0,0,.96,0,,0,0	4 ounce~112
2522275	B	115	250,17,19.6,0,45,0,8.04,58,0,0,0,0,,0,0	1 serving~112
2370769	B	115	259,17,21.4,0,58,0,8.04,45,0,,.96,0,,0	1 serving~112
2522472	B	115	250,17,19.6,0,45,0,8.04,58,0,0,.96,0,,0,0	4 ounce~112
2522370	B	115	250,17,19.6,0,45,0,8.04,58,0,0,.96,0,,0,0	4 ounce~112
2522261	B	115	250,17,19.6,0,45,0,8.04,58,0,0,.96,0,,0,0	4 ounce~112
2522249	B	115	250,17,19.6,0,45,0,8.04,58,0,0,.96,0,,0,0	4 ounce~112
2522250	B	115	250,17,19.6,0,45,0,8.04,58,0,0,.96,0,,0,0	4 ounce~112
2522253	B	115	250,17,19.6,0,45,0,8.04,58,0,0,.96,0,,0,0	4 ounce~112
2522269	B	115	250,17,19.6,0,45,0,8.04,58,0,0,.96,0,,0,0	4 ounce~112
2522262	B	115	250,17,19.6,0,45,0,8.04,58,0,0,.96,0,,0,0	4 ounce~112
2522274	B	115	250,17,19.6,0,45,0,8.04,58,0,0,.96,0,,0,0	4 ounce~112
2522263	B	115	250,17,19.6,0,45,0,8.04,58,0,0,.96,0,,0,0	4 ounce~112
2522271	B	115	250,17,19.6,0,45,0,8.04,58,0,0,.96,0,,0,0	4 ounce~112
2522266	B	115	250,17,19.6,0,45,0,8.04,58,0,0,.96,0,,0,0	4 ounce~112
2522265	B	115	250,17,19.6,0,45,0,8.04,58,0,0,.96,0,,0,0	4 ounce~112
2522292	B	115	250,17,19.6,0,45,0,8.04,58,0,0,.96,0,,0,0	1 serving~112
2522257	B	115	250,17,19.6,0,45,0,8.04,58,0,0,.96,0,,0,0	4 ounce~112
2522258	B	115	250,17,19.6,0,45,0,8.04,58,0,0,.96,0,,0,0	4 ounce~112
2522252	B	115	250,17,19.6,0,45,0,8.04,58,0,0,.96,0,,0,0	4 ounce~112
1948931	B	48	107,17.9,2.23,3.57,491,,.89,54,,,.32,,,3.2	1 serving~112|1 package~522
2522435	B	115	107,20.5,2.23,0,54,0,.89,40,0,0,.64,0,,0,0	4 ounce~112
2106115	B	48	107,17.9,2.23,3.57,500,,.89,54,,,.32,18,,1.1	1 serving~112
2667426	B	48	98,17.9,2.23,2.68,277,,.89,54,,,,,,1.1,1	1 serving~112
2119143	B	48	134,17.9,6.25,1.79,402,,2.23,58,,,.64,,,3.2	1 serving~112
2097213	B	48	116,18.8,4.02,1.79,491,,1.34,54,,,.64,,,0,.525	1 serving~112
2268130	B	48	134,17.9,6.25,.89,232,,2.23,58,,,.32	1 serving~112|1 package~771
2522476	B	115	518,8.93,52.7,0,31,0,19.6,71,0,0,.64,0,,0,0	4 ounces~112
2370525	B	115	161,17.9,8.93,0,304,0,3.12,49,0,0,.64,18,,0	4 ounces~112
2522413	B	115	152,19.6,8.04,0,45,0,3.12,45,0,0,0,0,,0,0	4 ounce~112
2526228	B	115	152,19.6,8.04,0,45,0,3.12,45,0,0,0,0,,0,0	1 serving~112
2522427	B	115	152,19.6,8.04,0,45,0,3.12,45,0,,.32	4 ounces~112
2522426	B	115	152,19.6,8.04,0,45,0,3.12,45,,,.32	4 ounces~112
2522425	B	115	152,19.6,8.04,0,45,0,3.12,45,0,0,.32,0,,0,0	4 ounce~112
2526232	B	115	152,19.6,8.04,0,45,0,3.12,45,0,0,0,0,,0,0	1 serving~112
2522458	B	115	268,17,22.3,0,62,0,8.04,67,0,0,.64,0,,0,0	4 ounce~112
2526237	B	115	268,17,22.3,0,62,0,8.04,67,0,0,,0,,0,0	1 serving~112
2522457	B	115	268,17,22.3,0,62,0,8.04,67,0,0,.64,0,,0,0	4 ounce~112
2522410	B	115	152,19.6,8.04,0,45,0,3.12,45,0,0,.32,0,,0,0	4 ounce~112
2522428	B	115	152,19.6,8.04,0,45,0,3.12,45,0,0,.32,0,,0,0	4 ounce~112
2522401	B	115	152,19.6,8.04,0,45,0,3.12,45,0,0,.32,0,,0,0	4 ounce~112
2522432	B	115	152,19.6,8.04,0,45,0,3.12,45,0,0,.32,0,,0,0	4 ounce~112
2522459	B	115	268,17,22.3,0,62,0,8.04,67,0,0,.64,0,,0,0	4 ounce~112
2522332	B	115	196,19.6,12.5,0,49,0,4.46,62,0,0,.64,18,,0,0	4 ounce~112
2522330	B	115	161,17.9,8.93,0,304,0,3.12,49,0,0,.64,18,,0,0	1 serving~112
2522341	B	115	152,18.8,8.04,0,286,0,2.68,62,0,0,.64,0,,0,0	4 ounce~112
2522342	B	115	152,18.8,8.04,0,286,0,2.68,62,0,0,.64,0,,0,0	4 ounces~112
2522343	B	115	170,20.5,8.93,0,54,0,3.12,67,0,0,.64,18,,0,0	4 ounce~112
2522346	B	115	170,20.5,8.93,0,54,0,3.12,67,0,0,.64,18,,0,0	4 ounce~112
2522349	B	115	170,20.5,8.93,0,54,0,3.12,67,0,0,.64,18,,0,0	4 ounce~112
2522331	B	115	196,19.6,12.5,0,49,0,4.46,62,0,0,.64,18,,0,0	4 ounce~112
2526230	B	115	152,19.6,8.04,0,45,0,3.12,45,0,0,0,0,,0	1 serving~112
2522438	B	115	107,20.5,2.23,0,54,0,.89,40,0,0,.64,0,,0,0	4 ounce~112
2522441	B	115	107,20.5,2.23,0,54,0,.89,40,0,0,.64,0,,0,0	4 ounce~112
2522300	B	115	188,17.9,12.5,0,62,0,4.46,62,0,0,.96,0,,0,0	1 serving~112
2526213	B	115	250,18.8,19.6,0,49,0,6.25,58,0,0,0,0	1 serving~112
2522301	B	115	188,17.9,12.5,0,62,0,4.46,62,0,0,.96,0,,0,.725	1 serving~112
2526212	B	115	250,18.8,19.6,0,49,,6.25,58,0,0,.96,0	1 serving~112
2522299	B	115	232,18.8,25.9,0,62,0,5.36,58,0,0,.96,0,,0,0	4 ounce~112
2522318	B	115	232,18.8,17,0,62,0,5.36,58,0,0,.96,0,,0,0	4 ounce~112
2522319	B	115	232,18.8,17,0,62,0,5.36,58,0,0,.96,0,,0,0	1 serving~112
2522313	B	115	232,18.8,17,0,62,0,5.36,58,0,0,.64,0,,0,0	1 serving~112
2522309	B	115	232,18.8,17,0,62,0,5.36,58,0,0,.96,0,,0,0	4 ounces~112
2522296	B	115	232,18.8,17,0,62,0,5.36,58,0,0,.96,0,,0,0	4 ounce~112
2522297	B	115	250,18.8,19.6,0,49,0,6.25,58,0,0,.96,0,,0,0	4 ounces~112
2522321	B	115	250,18.8,19.6,0,49,0,6.25,58,0,0,.96,0,,0,0	4 ounces~112
2526231	B	115	125,21.4,3.57,0,67,0,1.34,58,0,0,0,0,,0,0	1 serving~112
2522444	B	115	125,21.4,6.25,.89,67,0,1.34,58,0,0,.64,0,,0	1 serving~112
2522364	B	115	250,17,19.6,0,45,0,8.04,58,0,0,.96,0,,0,0	1 serving~112
2522358	B	115	250,17,19.6,0,45,0,8.04,58,0,0,.96,0,,0,0	4 ounce~112
2522365	B	115	250,17,19.6,0,45,0,8.04,58,0,0,.96,0,,0,0	4 ounce~112
2522353	B	115	259,17,22.3,0,58,0,8.04,45,0,0,.96,0,,0,0	4 ounces~112
2522350	B	115	259,17,22.3,0,58,0,8.04,45,0,0,.96,0,,0,0	1 serving~112
2522363	B	115	250,17,19.6,0,45,0,8.04,58,0,0,.96,0,,0,0	4 ounce~112
2522354	B	115	259,17,21.4,0,58,0,8.04,45,0,0,.96,0,,0,0	4 ounce~112
2522355	B	115	259,17,21.4,0,58,0,8.04,45,0,0,.96,0,,0,0	4 ounce~112
2522356	B	115	259,17,21.4,0,58,0,8.04,45,0,0,.96,0,,0,0	4 ounce~112
2522369	B	115	250,17,19.6,0,45,0,8.04,58,0,0,.96,0,,0,0	4 ounce~112
2522368	B	115	250,17,19.6,0,45,0,8.04,58,0,0,.96,0,,0,0	4 ounce~112
2526204	B	115	250,17,19.6,0,45,0,8.04,58,0,,0,0,,0,0	1 serving~112
2097196	B	48	161,21.4,7.14,2.68,634,1.79,2.23,27,0,0,.64,0,,0	1 serving~112
2097204	B	48	161,21.4,7.14,2.68,634,1.79,2.23,27,0,0,.64,0,,0	1 serving~112
2109633	B	48	134,20.5,5.36,0,250,0,1.79,22,0,0,.32,0,,0	1 serving~112
2109768	B	48	134,20.5,5.36,0,250,0,1.79,22,0,0,.32,0,,0	1 serving~112
2109630	B	48	214,16.1,16.1,1.79,429,0,5.36,40,0,0,.64,0,,0	1 serving~112
2097208	B	48	116,19.6,4.46,0,179,,1.34,36,,0,.64	1 serving~112
2131670	B	64	214,14.3,15.2,5.36,179,4.46,6.25,58	1 serving~112
2097239	B	48	134,20.5,5.36,1.79,509,0,1.79,22,.9,0,1.29,18,,5.4	1 serving~112
2667427	B	48	107,17.9,2.23,4.46,277,1.79,.89,54,,,,,,1.1,1,,,32	1 serving~112
2639786	B	48	125,18.8,4.02,3.57,304,2.68,1.34,54,,,.64,,,32.1,1,,,121	1 serving~112
2119142	B	64	196,14.3,14.3,3.57,259,.89,6.25,54,,,.64,18,,2.1	1 serving~112
2097234	B	48	125,18.8,4.46,2.68,312,1.79,1.34,36,,0,.96,36,,0	1 serving~112
2522238	B	115	134,20.5,5.36,0,250,0,1.79,22,0,0,.64,0,,0	4 ounces~112
1462325	B	115	152,18.8,17,0,62,,5.36,58,0,0,.96,0,0,0,0	1 serving~112
2522239	B	115	134,17.9,8.04,0,482,0,2.68,58,0,0,.96,0,0,0,0	1 serving~112
2522243	B	115	134,17,6.25,.89,304,0,2.23,58,0,0,.96,0,,0,0	1 serving~112
2522236	B	115	205,15.2,15.2,.89,62,,5.36,62,,,.64	1 serving~112
2614261	B	115	205,14.3,15.2,0,295,,6.25,58,0,0,0,18,0,1.1,0,,,16	1 serving~112
2521336	B	115	205,14.3,15.2,2.68,393,1.79,6.25,58,0,0,0,18,,1.1,0	1 serving~112
2370536	B	115	205,14.3,15.2,0,393,,6.25,58,0,0,0,18,0,0,0	1 serving~112
2526203	B	115	214,14.3,15.2,5.36,179,4.46,6.25,58,0,0,0,0,,0,0	1 serving~112
2526196	B	115	161,17.9,8.93,0,304,0,3.12,49,0,0,0,0,,0,0	1 serving~112
2522474	B	115	152,19.6,8.04,0,45,0,3.12,45,0,0,.32,0,,0,0	4 ounce~112
2522475	B	115	152,19.6,8.04,0,45,0,3.12,45,0,0,.32,0,,0,0	4 ounce~112
2522142	B	115	143,17,8.04,1.79,812,0,2.68,58,0,0,.64,0,,0,0	4 ounce~112
2370748	B	115	143,17,8.04,1.79,812,1.79,2.68,58,0,8.04,.64,0,,0,0	4 ounces~112
2559758	B	115	161,17.9,8.93,0,304,0,3.12,49,0,0,.64,18,,0,0,,,0	1 serving~112
2522143	B	115	161,18.8,8.93,0,304,0,3.12,49,0,0,.64,18,,0,0	4 ounce~112
2526201	B	115	161,17.9,8.93,0,304,0,3.12,49,0,0,0,0,,0,0	1 serving~112
2526198	B	115	161,17.9,8.93,0,304,0,3.12,49,0,0,0,0,,0,0	1 serving~112
2522229	B	115	143,17.9,8.04,0,241,0,2.68,58,0,0,.64,0,,0,0	4 ounce~112
2526199	B	115	134,18.8,6.25,0,232,0,2.23,58,0,0,0,0,,0,0	1 serving~112
2526200	B	115	134,18.8,6.25,0,232,0,2.23,58,0,0,0,0,0,0,0	1 serving~112
2526197	B	115	143,17.9,8.04,0,241,,2.68,58,0,0,0,0,0,,0,0,0	1 serving~112
2526129	B	115	161,17.9,8.93,0,304,,3.12,49,0,0,0,0,,,0	1 serving~112
2526131	B	115	134,20.5,5.36,0,250,0,1.79,22,0,0,0,0,,0,0	1 serving~112
2370524	B	115	134,18.8,6.25,0,232,0,2.23,58,0,0,.32,0,,0,0	1 serving~112
2370526	B	115	134,18.8,6.25,0,232,0,2.23,58,0,0,.32,0,,0,0	1 serving~112
2526132	B	115	161,17.9,8.93,0,304,0,3.12,49,0,0,.64,18,,0,0	1 serving~112
2522145	B	115	161,17.9,8.93,0,304,0,3.12,49,0,0,.64,18,,0,0	4 ounces~112
2522245	B	115	134,18.8,6.25,0,232,0,2.23,58,0,0,.32,0,,0,0	4 ounce~112
2522220	B	115	161,19.6,8.04,2.68,589,1.79,2.68,58,0,0,.64,18,,0,0	1 serving~112
2371144	B	115	140,18,6,2,680,0,2.5,55,0,0,.64,18,,0,0	4 ounce~112
2370785	B	115	140,18,6,1,720,0,2.5,55,0,0,.64,0,,0,0	4 ounces~112
2521341	B	115	143,17.9,7.14,0,616,0,2.68,54,0,0,.64,0,,0,.525	4 ounce~112
2521340	B	115	179,18.8,8.93,2.68,545,1.79,3.12,54,0,0,.64,18,,0,0	4 ounces~112
2522224	B	115	134,20.5,5.36,0,250,0,1.79,22,0,0,.64,0,,0,0	4 ounce~112
2522141	B	115	205,17,15.2,0,312,0,5.36,62,0,0,.32,0,,0,0	4 ounce~112
2526240	B	115	161,17.9,8.93,0,304,0,3.12,49,0,0,0,0,,0,0	1 serving~112
2370529	B	115	223,14.3,17.9,0,205,,7.14,54,0,,0,0,,0	1 serving~112
2526239	B	115	152,19.6,8.04,0,45,0,3.12,45,0,0,0,0,,0,0	1 serving~112
2526202	B	115	116,18.8,4.46,0,223,0,1.34,40,0,0,0,0,,0,0	1 serving~112
2370530	B	115	98,18.8,2.68,.89,232,,.89,31,0,,.64,0,0,0,0	1 serving~112
2370963	B	115	200,15,15,2,610,1,5,60,0,0,.96,18,,0,0	4 ounce~112
2522248	B	115	205,14.3,15.2,1.79,571,0,5.36,58,0,0,1.29,18,,0,0	1 serving~112
2521337	B	115	205,14.3,15.2,3.57,420,1.79,5.36,58,0,0,.96,0,,0,0	4 ounce~112
2370991	B	115	200,15,15,1,240,0,5,60,0,0,.96,0,,0,0	4 ounce~112
2522242	B	115	196,14.3,15.2,2.68,607,1.79,5.36,58,0,0,.96,18,,0,0	1 serving~112
2370835	B	115	100,18,2,3,570,0,1,55,0,0,0,18,,1.1,0	4 ounces~112
2521342	B	115	110,18,2.5,3,490,0,1,55,1,0,.32,0,,3.2,0	4 ounces~112
2370663	B	115	110,18,2,4,480,1,1,55,0,0,0,0,,1.1,0	4 ounces~112
2371087	B	115	110,18,2,4,480,1,1,55,0,,0,0,,1.1,0	4 ounces~112
2521343	B	110	714,28.6,64.3,0,1710,0,21.4,71,0,0,0,0,,0,0	1 fried slice~14
2521344	B	110	714,28.6,64.3,0,1710,0,21.4,71,0,0,0,0,,0,0	1 fried slice~14
2522384	B	115	518,8.93,52.7,0,31,0,19.6,71,0,0,.64,0,,0,0	4 ounces~112
2522430	B	115	152,19.6,8.04,0,45,0,3.12,45,0,,.32,0,,0	1 serving~112
2522277	B	115	152,19.6,8.04,0,45,0,3.12,45,0,,.32,0,,0	1 serving~112
2742809	B	164	268,17,22.3,0,62,0,8.04,67,0,0,.64,0,239,0,0,,,0,,,.296	1 serving~112
2742808	B	164	268,17,22.3,0,62,0,8.04,67,0,0,.64,0,271,0,0,,,0,,,.334	1 serving~112
2522454	B	115	268,17,22.3,0,62,0,8.04,67,0,,.64,0,,0	1 serving~112
2522334	B	115	196,19.6,12.5,0,49,0,4.46,62,0,0,.64,18,,0,0	4 ounce~112
2522345	B	115	196,19.6,12.5,0,49,0,4.46,62,0,0,.64,18,,0,0	1 serving~112
2522340	B	115	196,19.6,12.5,0,49,0,4.46,62,0,0,.64,18,,0,0	1 serving~112
2522429	B	115	268,19.6,8.04,0,45,0,3.12,45,0,,.32,0,,0	1 serving~112
2522437	B	115	107,20.5,2.23,0,54,0,.89,40,0,0,.64,0,,0,0	1 serving~112
2719275	B	164	232,18.8,17,0,62,0,5.36,58,0,0,.96,0,,0,0,,,0	1 serving~112
2522311	B	115	232,18.8,17,0,62,0,5.36,58,0,,.96,0,,0	1 serving~112
2719290	B	164	179,20.5,19.6,0,89,0,1.34,62,0,0,.64,0,,0,0,,,0	4 ounce~112
2522322	B	115	250,18.8,19.6,0,49,0,6.25,58,0,0,.96,0,,0,0	4 ounce~112
2522443	B	115	170,20.5,8.93,0,58,0,3.12,71,0,0,.96,0,,0,0	4 ounces~112
2522360	B	115	259,17,22.3,0,58,0,8.04,45,0,,.96,0,,0,0	1 serving~112
2522357	B	115	259,17,22.3,0,58,0,8.04,45,0,0,.96,0,,0,0	1 serving~112
2522268	B	115	250,17,19.6,0,45,0,8.04,58,0,0,.96,0,,0,0	1 serving~112
2067694	B	77	136,10.2,3.39,18.6,542,17,.85,34,0,0,1.22,34,,4.1	¼ cup~59|1 package~397
2018504	B	27	247,16.5,24.7,3.53,1000,3.53,7.06,65,0,0,1.27,47,,0	1 link~85|1 package~340
2057564	B	64	467,13.3,46.7,6.67,867,6.67,13.3,67,0,0,0,0,,0	1 cooked slice~15|1 package~340
2018505	B	27	286,16.7,22.6,2.38,631,1.19,8.33,65,0,0,.86,24,,1.4	4 package~84|1 package~340
2046115	B	4	433,8.33,18.3,61.7,367,15,2.5,17,6.7,0,2.4,67,,0	1 cookie~60
1875653	B	4	367,8.33,5,71.7,450,18.3,1.67,25,6.7,0,2.4,33,,0	1 cookie~60
1889000	B	84	291,0,0,77.3,0,72.7	1 tbsp~22|1 package~147
1888999	B	84	291,0,0,77.3,0,72.7	1 tbsp~22|1 package~1361
1548921	B	84	291,0,0,77.3,0,72.7	1 tbsp~22
1894759	B	19	195,2.11,3.16,44.2,800,0,0,,0,0	1 serving~19|1 package~539
451418	B	84	291,0,0,77.3,0,72.7	1 tbsp~22
1548920	B	84	291,0,0,77.3,0,72.7	1 tbsp~22
579514	B	84	291,0,0,77.3,0,72.7	1 tbsp~22
2722569	B	123	129,2.35,3.53,23.5,29,0,0,0,2.4,0,.59,9,329,0,0,,,0	3 oz (85 g/14 pieces~85
1894617	B	52	159,5.75,7.08,19,407,1.33,3.98,31,1.3,,.48,18,,2.1	1 cup~226|1 package~794
2288654	B	21	168,5.31,8.41,19,407,1.33,4.42,29,1.3,,.8,18,,2.1	1 cup~226|1 package~794
1913679	B	21	168,5.75,7.96,19,407,1.33,4.42,31,1.3,,.32,18,,2.1	1 cup~226|1 package~794
2114492	B	50	560,28,49,14,,,,,,,5.5,170	1 serving~100
2044640	B	0	500,13.3,30,53.3,233,36.7,6.67,0,3.3,0,2.4,0,,0	1/3 cup~30|1 package~284
1886496	B	49	568,5.41,37.8,51.4,54,48.6,8.11,0,2.7,0,2.92,108,,0	2 tbsp~37|1 package~369
1914758	B	10	56,0,0,14,12,13,0,0,.5,0,0,0,,24	1 serving~100|1 package~1000
2163301	B	4	370,3,18,49,25,36,1,0,.5,0,1,7,70,,0	1 serving~100
2408720	B	8	575,7.5,50,37.5,200,27.5,25,0,7.5,,4.5,100,,0	4 pieces~40|1 package~113
2137644	B	0	567,16.7,43.3,36.7,233,16.7,3.33,0,10,0,3.6,267,,0,,,,,,,,,,267,,,,,3	¼ cup~30|1 package~113
2048889	B	0	467,13.3,30,46.7,50,30,3.33,0,6.7,0,4.8,67,,0,,,,,,,,,,200	¼ cup~30|1 package~113
2398520	B	1	575,5,47.5,42.5,250,30,25,0,5,,4.5,50,,0	4 pieces~40|1 package~113
1958927	B	1	475,10,35,52.5,175,32.5,20,0,10,0,7.5,70,162,,1	4 pieces~40|1 package~113
2148684	B	90	500,16.7,30,43.3,17,0,3.33,0,36.7,0,9,667,,0,,,,,,,,,,467,1000	3 tbsp~30|1 package~227
1949419	B	22	533,3.33,40,50,700,10,36.7,0,6.7,0,3.6,0,,4	½ cup~30|1 package~113
2398514	B	0	567,16.7,46.7,33.3,233,16.7,6.67,0,6.7,,4.8,133,,0,,,,,,,,,,267,,,,,3,,257	¼ cup~30|1 package~114
2398519	B	1	550,7.5,45,42.5,175,30,22.5,0,5,,4.5,50,,0	4 pieces /~40|1 package~113
1952333	B	1	450,10,30,55,62,32.5,15,0,10,0,7.5,88,112,,1	4 pieces~40|1 package~113
2426052	B	0	433,16.7,26.7,46.7,33,26.7,3.33,0,10,0,6.67,157,657,,0,,,,,,,,,220	¼ cup~30|1 package~227
2149011	B	0	467,13.3,26.7,46.7,33,30,3.33,0,10,0,4.8,133,,4,,,,,,,,,,,,,,,,,187	¼ cup~30|1 package~113
2178157	B	0	567,16.7,43.3,33.3,233,20,5,0,6.7,0,3.33,117,570,,0,,,,,,,,,237	¼ cup~30|1 package~227
2469411	B	8	475,7.5,32.5,55,0,30,17.5,0,10,0,7.5,50,18,,2.5	4 pieces~40|1 package~113
2398513	B	0	600,23.3,50,23.3,383,3.33,3.33,0,13.3,,3.6,267,,0,,,,,,,,,,267,500,,,,2	¼ cup~30|1 package~114
2398518	B	1	525,5,35,57.5,338,27.5,15,0,5,,3.6,50,,0	4 pieces /~40|1 package~104
2428263	B	104	250,25,12.5,62.5,0,0,6.25,0,37.5,0,12.5,125,1500,,0,,,,,,,,,500	1 tbsp~8|1 package~113
2396333	B	90	450,16.7,30,43.3,17,0,3.33,0,33.3,,9,500,,0,,,,,,,,,,,667,,,,3	3 tbsp~30|1 package~227
1917837	B	22	567,6.67,43.3,46.7,733,10,40,0,10,0,3.6,0,,0	½ cup~30|1 package~113
1934823	B	90	500,16.7,30,43.3,17,0,3.33,0,33.3,0,9,500,,0,,,,,,,,,,,667,,,,3	3 tbsp~30|1 package~200
2396334	B	90	450,16.7,30,43.3,17,0,3.33,0,33.3,,9,500,,0,,,,,,,,,,,667,,,,3	3 tbsp~30|1 package~340
1964331	B	90	500,16.7,30,43.3,17,0,3.33,0,33.3,0,9,500,,0,,,,,,,,,,,667,,,,3	3 tbsp~30|1 package~284
1879500	B	0	600,23.3,50,23.3,600,3.33,3.33,0,13.3,0,3.6,267,,0,,,,,,,1.13,,,267,,,,,2	¼ cup~30|1 package~113
2671025	B	0	567,10,36.7,50,17,43.3,10,0,6.7,0,3.33,43,290,,0,,,,,,,,,190,,,3.33	3 pieces~30|1 package~198
2544805	B	0	533,13.3,36.7,46.7,33,40,5,0,6.7,0,3.33,40,233,,0,,,,,,,,,213,,,3.33	5 pieces~30|1 package~227
2428262	B	90	500,16.7,30,43.3,17,0,3.33,0,36.7,0,3.33,133,,,0,,,,,,,,,467,1000	3 tbsp~30|1 package~227
2031948	B	65	167,0,0,26.7,367,26.7,0,,0,0	2 tsp~15|1 package~250
1964328	B	0	567,16.7,43.3,33.3,467,6.67,8.33,0,0,0,6.67,33,667,,0	¼ cup~30|1 package~113
2155022	B	38	435,10,25,55,310,40,5,0,5,0,.1,20,0,,0	2 cookies~20|1 package~120
2149458	B	22	325,0,0,82.5,138,70,0,0,5,0,0,120,220,,0	1 serving~40|1 package~142
2664285	B	12	179,39.3,1.79,0,1290,0,0,18,0,0,4.29,36,643,,0	1 stick~28|1 package~113
2485448	B	12	250,53.6,0,3.57,1500,0,0,36,0,0,1.79,36,,,.35	1 serving~28|1 package~85
2160757	B	11	0,0,0,0,16400	¼ tsp~1.1|1 package~284
2485454	B	27	179,21.4,10.7,1.79,911,0,3.57,45,0,0,1.79,18,446,,.525	1 serving~56|1 package~312
2664268	B	12	321,67.9,0,0,1180,0,0,18,0,0,8.93,36,,,0	1 serving~28|1 package~70
2273520	B	12	250,57.1,0,0,1180,0,0,18,0,0,7.14,36,,,0	1 serving~28|1 package~85
2273517	B	12	250,50,3.57,0,1290,0,0,71,0,0,17.9,0,,,0	1 serving~28|1 package~85
2664255	B	12	321,67.9,0,3.57,1180,0,0,18,0,0,10.7,71,,,0	1 serving~28|1 package~70
2485453	B	12	250,53.6,0,3.57,1140,0,0,18,0,0,8.57,36,,,0	1 serving~28|1 package~85
2664257	B	12	286,57.1,0,3.57,1290,0,0,54,0,0,3.21,71,,,0	1 serving~28|1 package~85
2485102	B	77	143,28.6,.89,3.57,518,0,0,36,1.8,0,2.5,36,589,,.175	1 serving~56|1 package~227
2485105	B	27	179,21.4,10.7,1.79,911,0,3.57,45,0,0,1.79,18,446,,.525	1 serving~56|1 package~284
2485098	B	27	214,21.4,12.5,1.79,893,0,5.36,54,0,0,1.61,107,411,,.525	1 serving~56|1 package~227
2664258	B	27	214,39.3,5.36,0,1320,,1.79,18,0,0,3.57,179,607,,0	1 serving~28|1 package~113
2485450	B	27	179,32.1,5.36,0,1180,0,1.79,18,0,0,2.5,0,536,,0	1 serving~28|1 package~283
2485452	B	27	196,19.6,12.5,0,714,0,4.46,45,0,0,1.61,18,339	1 serving~56|1 package~907
2273509	B	27	214,19.6,14.3,0,732,0,5.36,54,0,0,1.61,18,339,,0	1 serving~56|1 package~907
2485449	B	27	196,19.6,12.5,0,732,0,4.46,45,0,0,1.25,0,339,,0	1 serving~56|1 package~453
2664256	B	12	393,57.1,5.36,28.6,1610,25,1.79,89,0,0,7.86,36,,,0	1 serving~28|1 package~70
2485103	B	12	286,42.9,10.7,3.57,1360,0,3.57,71,0,,3.93,36,750,,.725	1 serving~28|1 package~113
2067040	B	98	209,6.36,5.45,33.6,309,.91,2.73,14,.9,0,0,18,,8.2	½ cup~110|1 package~907
2188888	B	33	73,1.82,3.64,8.18,318,1.82,1.82,0,1.8,0,.33,18,,5.5	½ cup~110|1 package~1135
1888200	B	33	164,1.43,4.29,30.7,82,23.6,.71,0,1.4,0,.77,29,,4.3	2/3 cup~140|1 package~1133
1914850	B	66	261,6.52,7.61,45.6,739,0,3.26,0,2.2,0,2.35,0,,0	1 tortilla~46|1 package~369
2506368	B	4	400,10,15,55,25,15,3,225,5,0,0,100,,0	2 cookies~20|1 package~250
2450823	B	86	233,0,0,60,0,56.7	2 tbsp~30|1 package~227
2450018	B	25	233,0,0,63.3,0,63.3	2 tbsp~30|1 package~454
2217757	B	60	133,0,0,33.3,0,30	2 tbsp~30|1 package~227
2511260	B	86	200,0,0,53.3,0,53.3	2 tbsp~30|1 package~227
2449647	B	60	167,0,0,43.3,0,36.7	2 tbsp~30|1 package~227
2511259	B	86	200,0,0,56.7,0,56.7	2 tbsp~30|1 package~227
2541509	B	60	200,0,0,56.7,0,56.7	1 serving~30|1 package~454
2305136	B	60	333,0,0,93.3,0,93.3	1 tbsp~15|1 package~454
1920056	B	23	89,6.67,3.33,8.89,222,8.89,2.22,11,0,0,0,222,,2.7	2 tbsp~45|1 package~227
2489072	B	13	420,30,14,44,400,28,5,10,2,0,10.8,80,200,24,,,,,6,1,.68,.6,160,,,1.8,6,1.5,,1.4	1 bar~50|1 package~600
2489071	B	13	400,30,12,44,300,32,5,10,2,0,16.2,200,460,36,,,,,12,1,1.19,1.2,240,,,3.6,10.5,3,,2	1 serving~50
2489070	B	13	400,30,14,44,380,34,6,10,2,0,14.4,160,280,36,,,,,14,1,1.19,1.2,240,,,3.6,10.5,3,,1.8	1 serving~50
2489065	B	13	400,30,14,44,420,34,6,10,2,0,14.4,120,280,36,,,,,14,1,1.19,1.2,280,,,3.6,10.5,3,,2	1 bar~50|1 package~600
2489068	B	13	400,30,14,44,360,22,2,10,6,0,10.8,120,540,30,,,,,12,1,.85,1,200,,,3,9,2.5,,1.6	1 serving~50
2489074	B	13	420,30,14,44,340,38,5,10,0,0,14.4,200,150,36,,,,,12,1,1.02,1.2,240,,,3.6,10.5,3,,1.8	1 serving~50
2489077	B	13	400,30,14,44,360,34,5,10,2,0,16.2,120,440,36,,,,,12,1,1.19,1.2,240,,,3.6,10.5,3,,2	1 bar~50|1 package~600
2489076	B	13	420,30,14,44,280,24,1,10,4,0,12.6,160,460,30,,,,,10,1,.85,1,200,,,3,9,2.5,,1.6	1 bar~50|1 package~600
2489073	B	13	400,30,12,44,380,32,5,10,2,0,16.2,160,500,36,,,,,12,1,1.19,1.2,240,,,3.6,10.5,3,,2	1 bar~50|1 package~600
1579232	B	48	106,22.1,2.21,0,71,0,.88,53,0,0,2.39,0,,0,,.88,.44	1 serving~113
1664903	B	48	133,21.2,5.31,0,58,0,2.65,53,0,0,2.39,0,,0,,2.21,0	1 serving~113
578483	B	48	241,19.6,17.9,0,58,0,8.93,67,0,.89,1.61,0,,3.2,,7.14,0	1 serving~112
579721	B	48	124,21.2,4.42,0,71,0,2.21,58,0,0,2.39,0,,0,,1.77,0	1 serving~113
579722	B	48	133,20.4,5.31,0,58,0,2.65,58,0,0,3.19,0,,0,,2.21,0	1 serving~113
579723	B	48	168,18.6,10.6,0,53,0,5.31,49,0,0,3.19,0,,0,,3.98,0	1 serving~113
541657	B	48	133,21.2,5.31,0,58,0,2.65,53,0,0,2.39,0,,0,,2.21,0	1 serving~113
488444	B	48	204,19.5,13.3,0,75,0,7.08,62,0,.44,2.39,0,,0,,5.31,.44	1 serving~113
452367	B	48	133,21.4,5.36,0,71,0,2.68,57,0,0,2.41,18,,0,,1.79,0	1 serving~112
488443	B	48	195,20.4,12.4,0,53,0,6.19,53,0,0,1.59,0,,0,,5.31,0	1 serving~113
1905123	B	2	300,16.7,20,28,433,0,13.3,100,0,0,0,333,,0	1 serving~30|1 package~340
1905122	B	2	357,25,25,3.57,643,0,16.1,71,0,0,0,714,,0	1 string~28|1 package~340
1905121	B	2	250,28.6,14.3,3.57,643,0,10.7,36,0,0,0,893,,0	1 serving~28|1 package~454
2178462	B	150	333,0,0,100,0,66.7,0,0,0,0	1 serving~3
2365995	B	24	0,0,0,0,0,0,,,,,,,70,8.4,,,,,3.2,0,.272,.24,,56,,.96,,1.8	1 can~250
2366223	B	24	0,0,0,0,0,0,,,,,,,70,8.4,,,,,3.2,0,.272,.24,,56,,.96,,1.8	1 can~250
2655149	B	42	350,0,0,86.7,0,70,0,0,3.3,0,0,0,117,20,0	1 tbsp~30|1 package~500
2509228	B	33	129,10.3,6.18,8.53,344,1.18,2.35,28,.6,0,.79,74,,6.2	1 serving~340
2381442	B	5	429,0,12.5,78.6,93,0,0,0,0,0,0,71,118,,0	1 serving~28|1 package~198
1460267	B	126	94,21.2,1.18,0,318,0,0,194,0,0,3.18,61,0,4.2,0,0,0	1 serving~85
1458398	B	126	98,17.9,1.79,0,312,0,0,89,0,0,2.41,54,80,3.6,0,0,0	1 serving~112
2149684	B	36	98,17.9,1.79,0,312,0,0,89,0,0,2.41,36,,2.1	1 serving~112|1 package~454
2418152	B	36	71,16.1,0,0,312,0,0,112,0,0,.25,52,112,,0	1 serving~112|1 package~454
1974676	B	36	98,17.9,1.79,0,312,0,0,89,0,0,2.41,36,,2.1	1 serving~112|1 package~454
2060831	B	36	98,17.9,1.79,0,143,0,0,89,0,0,2.41,36,,2.1	1 serving~112|1 package~454
1877390	B	0	515,9.09,28.8,54.6,1000,0,15.2,0,9.1,0,3.03	2 tbsp~33|1 package~255
893612	B	61	344,7.81,1.56,71.9,1300,1.56,.78,8,3.1,0,1.09,38,219,,0	¼ cup~64
696506	B	122	100,3.33,0,20,0,20,,0	1 tbsp~15
602129	B	41	800,0,93.3,0,0,0,13.3,0,0,0,0,0,,0,,66.7,13.3	1 tbsp~15
1063587	B	8	556,8.89,33.3,55.6,56,51.1,13.3,11,2.2,0,4,178,,0	4 pieces~45
695914	B	42	250,0,0,55,0,50,0,0,5,0,0,0,,0	1 tbsp~20
2157021	B	16	357,14.3,1.79,73.2,0,1.79,0,0,3.6,0,1.29,0,,0	1 serving~56|1 package~454
601476	B	8	553,7.89,34.2,50,197,34.2,21,0,10.5,0,9.47,53,,0	3 pieces~38
1161128	B	52	319,5.32,20.2,28.7,32,18.1,11.7,43,2.1,0,3.94,53,330,,0	.12 cake~94
696342	B	8	526,7.89,36.8,42.1,0,31.6,23.7,0,10.5,0,2.84,53,,0	3 pieces~38
1063223	B	19	100,0,0,0,2600,0,0,0,0,0,0,0,,0	1 tsp~5
1063591	B	28	250,35.7,12.5,0,2110,0,3.57,89,0,0,1.43,11,679,,0	1 serving~28
1078225	B	2	275,16.4,22.9,1.79,879,1.79,16.1,79,0,0,1.74,321,,0	1 serving~28
1078289	B	29	367,10,8.33,63.3,633,26.7,0,0,6.7,0,2.4,67,,0,,0,1.67	8 crackers /~30
1063319	B	2	143,7.14,12.5,3.57,482,3.57,8.93,54,0,0,0,71,,,0	1 serving~28
696528	B	41	800,0,93.3,0,0,0,13.3,0,0,0,0,0,,,0	1 tbsp~15
694972	B	2	143,7.14,12.5,3.57,536,3.57,8.93,54,0,0,0,71,,,0	1 serving~28
695248	B	2	143,7.14,10.7,3.57,536,3.57,8.93,54,0,0,0,71,,,0	1 serving~28
601550	B	8	605,7.89,42.1,44.7,53,31.6,13.2,13,5.3,0,4.74,158,,0	3 pieces~38
716520	B	28	393,42.9,25,0,1110,0,7.14,71,0,0,14.3,0,,,0	1 serving~28
893518	B	16	160,4.25,3.5,27,835,.25,2,8,2,0,.45,62,0,,0	1 package~400
696516	B	41	800,0,93.3,0,0,0,13.3,0,0,0,0,0,,0,,66.7,13.3	1 tbsp~15
1063503	B	16	357,14.3,1.79,73.2,0,1.79,0,0,3.6,0,1.29,0,,0	1 serving~56
1063355	B	60	333,0,0,88.3,8,88.3,,,,,2.4,133,,0	4 tbsp~60
601547	B	11	0,0,0,0,,0,0,0,0,0,0,0,,,0	¼ tsp~1
1142986	B	76	79,12.1,1.43,5,564,0,.71,43,0,0,1.07,21,214,,0	1 serving~140
1039087	B	41	733,0,73.3,0,0,0,10,0,0,0,0,0,,,0	1 tbsp~15
1039081	B	7	54,0,0,10.7,71,7.14,0,0,0,0,0,0,,0	1 serving~28
1063625	B	32	433,3.33,43.3,6.67,717,3.33,5,0,3.3,0,1.2,33,,2	¼ cup~60
604350	B	11	0,0,0,0,39200	¼ tsp~1.3
601455	B	44	267,0,0,70,17,46.7	2 tbsp~30
1136774	B	61	328,9.38,1.56,67.2,1300,1.56,.78,0,3.1,0,.94,29,259	¼ cup~64
694450	B	96	150,2.5,5,23.8,200,1.25,.62,0,2.5,0,.5,0,375,,0	5 pieces~80
604778	B	42	225,0,0,55,0,50,0,0,0,0,0,0,,6	1 tbsp~20
2157044	B	32	104,3.2,7.2,8,512,6.4,2.8,8,1.6,0,.86,80,,7.2	½ cup~125|1 package~350
1137715	B	32	96,2.4,6.4,7.2,504,4.8,1.6,2,1.6,0,.86,32,,.5	½ cup~125
1137696	B	2	286,21.4,25,0,679,0,16.1,71,0,1.79,0,357,,,0	1 serving~28
601384	B	3	138,0,0,32.5,25,28.8,0,0,2.5,0,.45,25,,1.5	½ cup~80
695382	B	3	125,0,0,30,31,26.2,0,0,0,0,0,0,,4.5	½ cup~80
604419	B	2	429,25,35.7,3.57,714,3.57,25,107,0,0,0,893,,0	1 serving~28
716132	B	122	133,0,0,33.3,100,33.3,0,0,0,0,0,0,,0	1 tbsp~15
2626387	B	27	294,12.9,25.9,1.18,906,1.18,11.8,71,0,0,.85,0,,3.5,,,,0	1 link~85|1 package~340
694704	B	2	367,23.3,30,3.33,667,0,20,83,0,0,1.2,667,0,,0	1 serving~30
717540	B	32	88,2.4,4.8,8.8,496,5.6,1.6,4,1.6,0,.86,64,,0	½ cup~125
1063597	B	78	158,22.8,7.02,0,1070,0,.88,61,0,0,0,7,368,,0	1 serving~57
2695767	B	95	115,1.64,9.84,4.92,574,1.64,4.92,49,0,0,0,66,16,,0	amount/serving~60
2696060	B	95	115,1.64,9.84,4.92,574,1.64,4.92,49,0,0,0,66,16,,0	amount/serving~60
2695339	B	95	131,1.64,9.84,6.56,492,1.64,2.46,25,0,0,0,33,66,,0	amount/serving~60
2731628	B	95	115,1.64,9.84,4.92,508,1.64,4.92,49,0,0,0,66,16,,0	amount/serving~240
2705068	B	95	375,5.36,35.7,7.14,1050,0,7.14,9,1.8,0,.89,179,179,,0	1 serving~60
2695340	B	95	69,3.85,2.31,8.46,354,6.15,.77,4,2.3,0,1.23,31,338,,0	amount/serving~120
2722315	B	95	98,1.64,8.2,4.92,656,0,4.92,25,0,0,0,49,33,,0	amount/serving~60
2695823	B	95	46,1.54,.77,8.46,362,6.15,0,0,1.5,0,.62,23,262,,0,.38,.38	1 serving~120
1627365	B	32	67,1.67,2.08,10.8,383,8.33,0,0,2.5,0,.9,17,,4,,1.25,.83	½ cup~120
2698530	B	95	46,1.54,1.15,7.69,362,6.15,0,0,1.5,0,.54,15,238,,0,0,0	1 serving~120
2695679	B	95	54,1.54,1.15,8.46,354,6.15,0,0,2.3,0,.46,31,231,,0	amount/serving~120
2698531	B	95	46,1.54,.77,9.23,362,6.92,0,0,1.5,0,.62,23,254,,0,.77,0	1 serving~120
2696058	B	95	46,1.54,.77,9.23,362,6.92,0,0,1.5,0,.62,23,254,,0,.77,0	1 serving~120
2695426	B	95	54,1.54,1.15,8.46,354,6.15,0,0,2.3,0,.62,23,246,,0	amount/serving~120
2501886	B	32	100,1.67,6.67,6.67,550,1.67,1.67,8,0,0,0,33,17,,0	¼ cup~60|1 package~411
2696165	B	95	98,1.64,6.56,6.56,541,1.64,1.64,8,0,0,0,33,16,,0	1 serving~60
1097035	B	32	67,1.67,4.17,5.83,358,3.33,.83,0,2.5,0,.3,33,175,,0	½ cup~120
2695325	B	95	98,1.64,7.38,4.92,557,1.64,3.28,41,0,0,.16,33,16,,0	amount/serving~60
2722340	B	95	98,1.64,8.2,4.92,623,0,4.92,16,0,0,0,49,33,,0	amount/serving~60
1600475	B	32	92,1.67,4.17,12.5,400,8.33,1.67,8,1.7,0,.6,33,,1	½ cup~120
2695323	B	95	98,1.64,8.2,4.92,607,1.64,3.28,41,0,0,.16,49,16,,0	amount/serving~60
2695324	B	95	115,1.64,8.2,6.56,590,1.64,3.28,49,0,0,.33,49,49,,0	amount/serving~60
2696006	B	95	85,1.54,4.62,10,354,6.92,2.31,12,1.5,0,.46,23,262,,0,1.15,0	amount/serving~120
2746986	B	95	85,1.54,4.62,8.46,354,6.15,3.08,15,1.5,0,.54,31,315,,0	amount/serving~120
2746987	B	95	77,1.54,4.62,7.69,354,6.15,3.08,15,1.5,0,.54,31,315,,0	amount/serving~120
1627030	B	68	157,3.92,5.88,22.4,310,7.45,.98,4,.8,0,.71,31,,0	1 pouch~255
2696007	B	95	54,1.54,1.15,9.23,354,6.15,0,0,1.5,0,.46,23,269,,0,.77,0	amount/serving~120
2695341	B	95	54,1.54,1.15,8.46,354,6.15,0,0,1.5,0,.77,20,269,,0	amount/serving~120
1626398	B	32	75,2.5,2.5,10.8,400,7.5,.83,4,1.7,0,.67,25,325,,0	½ cup~120
2214544	B	32	75,1.67,2.5,10.8,400,8.33,.83,4,1.7,0,.6,17,233,,.325,1.25,.42	½ cup~120|1 package~1080
1627151	B	32	75,2.5,2.08,10.8,400,7.5,.83,4,2.5,0,.6,33,,1,,.83,0	½ cup~120
2742355	B	95	115,1.64,9.84,4.92,508,1.64,4.92,49,0,0,0,66,16,,0	amount/serving~60
1727869	B	32	58,1.67,1.25,10,400,7.5,0,0,1.7,0,.6,17,233,,0,.83,0	½ cup~120
2695326	B	95	131,1.64,11.5,6.56,639,1.64,5.74,49,0,0,.16,66,33,,0	amount/serving~60
1598546	B	32	75,2.5,2.08,10.8,300,8.33,.83,4,2.5,0,.6,50,,3,,.83,.42	½ cup~120
2717076	B	95	54,1.54,1.15,9.23,362,6.15,0,0,2.3,0,.69,23,254,,0,.77,0,92,1.15,0,.131,.331,,,,,,,,,,11.5	1 serving~120
2695747	B	95	131,1.64,11.5,4.92,639,1.64,5.74,49,0,0,0,66,33,,0	amount/serving~60
2696061	B	95	131,1.64,11.5,4.92,639,1.64,5.74,49,0,0,0,66,33,,0	amount/serving~60
2696140	B	95	131,1.64,11.5,4.92,639,1.64,5.74,49,0,0,0,66,33,,0	amount/serving~60
1728654	B	32	75,1.67,2.5,10.8,400,8.33,.83,4,2.5,0,.9,17,,2,,1.25,.42	½ cup~120
1664415	B	32	67,1.67,2.5,8.33,400,5.83,.42,0,2.5,0,.6,17,,2	½ cup~120
1625648	B	32	58,1.67,1.25,10.8,300,8.33,0,0,1.7,0,.6,17,325,2,,.83,.42	½ cup~120
1619783	B	32	75,2.5,2.5,10.8,400,8.33,.83,4,2.5,0,.6,17,,1,,1.25,.42	½ cup~120
2731676	B	95	62,2.31,1.92,8.46,362,6.15,.77,8,1.5,0,.62,23,292,,0	amount/serving~120
2731627	B	95	62,2.31,1.92,8.46,362,6.15,.77,8,1.5,0,.62,23,292,,0	1 serving~120
2731702	B	95	54,1.54,1.15,9.23,362,7.69,.38,4,1.5,0,.62,23,277,,0	1 serving~120
2731703	B	95	54,1.54,1.15,9.23,362,7.69,.38,4,1.5,0,.62,23,277,,0	amount/serving~120
2731673	B	95	54,1.54,1.15,9.23,362,7.69,.38,4,1.5,0,.62,23,277,,0	1 serving~120
2731687	B	95	54,1.54,.77,9.23,362,6.92,0,0,2.3,0,.77,23,308,,0,.38,0	1 serving~120
2695922	B	95	54,1.54,1.54,8.46,338,6.15,0,0,1.5,0,.62,23,308,,0,.77,.77	1 serving~120
2219876	B	95	38,1.67,0,8.33,342,6.67,0,0,.8,0,.67,25,300,,0,0,0	1 serving~120
2695807	B	95	46,1.54,1.15,7.69,369,4.62,0,0,1.5,0,.77,23,285,,0,.77,.38	1 serving~120
2731669	B	95	62,3.08,1.54,9.23,362,6.92,.77,4,1.5,0,.69,15,300,,0	amount/serving~120
1728651	B	32	42,1.67,1.25,6.67,400,5,0,0,1.7,0,.67,25,317,,0,.83,0	½ cup~120
2695835	B	95	46,1.54,.77,9.23,362,6.92,0,0,2.3,0,.55,20,289,,0	1 serving~120
2695834	B	95	46,1.54,.77,9.23,362,6.92,0,0,2.3,0,.62,23,292,,0	amount/serving~120
2695838	B	95	46,1.54,.77,9.23,362,6.92,0,0,2.3,0,.62,23,292,,0	1 serving~120
1728657	B	32	50,1.67,1.25,7.5,400,5,0,0,1.7,0,.67,25,300,,0,.83,0	½ cup~120
2695899	B	95	46,1.54,0,10,362,7.69,0,4,2.3,0,.62,23,277,,0,0,0	amount/serving~120
1627140	B	32	75,1.67,3.33,10,383,8.33,.83,8,1.7,0,.6,0,,2	¼ cup~60
1626397	B	32	75,2.5,2.92,10,400,6.67,.83,4,2.5,0,.6,50,,2,,1.25,.42	½ cup~120
2734088	B	95	56,1.59,1.59,9.52,349,6.35,0,0,3.2,0,1.14,0,298,,0	1 serving~60
2695938	B	95	54,3.08,1.15,9.23,369,6.92,0,0,2.3,0,1,23,277,,0,.77,.38	1 serving~120
1728558	B	32	75,3.33,1.67,12.5,367,3.33,0,0,4.2,0,.9,33,175,,0	½ cup~120
1627342	B	32	67,1.67,1.67,10.8,400,8.33,0,0,.8,0,.6,33,,2	½ cup~120
2501878	B	32	67,1.67,1.67,10.8,400,7.5,0,0,1.7,0,.83,25,333,,0,.83,.42	½ cup~120|1 package~680
2696042	B	95	54,1.54,.77,9.23,362,6.92,0,0,2.3,0,.77,23,308,,0,.38,0	1 serving~120
2731575	B	95	54,1.54,.77,9.23,362,6.92,0,0,2.3,0,.77,23,308,,0,.38,0	1 serving~120
1627034	B	68	118,3.92,1.57,21.6,310,6.27,0,2,1.2,0,.71,31,,0	1 pouch~255
2221538	B	95	58,.83,.42,11.7,500,7.5,0,0,1.7,0,.6,17,,1	1 serving~120
2221498	B	95	58,1.67,.42,11.7,500,7.5,0,0,.8,0,.6,17,,0	1 serving~120
1461810	B	95	150,3.33,11.7,6.67,617,0,6.67,67,0,0,0,67,0,,0	¼ cup~60
2649277	B	95	58,1.67,2.5,6.67,358,3.33,0,0,2.5,0,.6,65,235,,0	1 serving~120
1461969	B	95	150,3.33,11.7,6.67,617,0,6.67,67,0,0,0,67,0,,0	¼ cup~60
2649276	B	95	67,1.67,4.17,5.83,358,3.33,.83,0,2.5,0,.3,43,235,,0	1 serving~120
1461482	B	95	58,1.67,1.25,10,400,7.5,0,0,1.7,0,.67,25,317,,0,.83,0	½ cup~120
1461692	B	95	150,3.33,11.7,6.67,617,0,6.67,67,0,0,0,67,0,,0	¼ cup~60
1461992	B	95	67,1.67,2.92,7.5,358,5,1.67,12,1.7,0,.6,50,233,,0	½ cup~120
1461911	B	95	58,1.67,1.25,10.8,400,7.5,0,0,1.7,0,.67,25,308,,0,.42,0	½ cup~120
2233804	B	95	58,1.67,3.33,5.83,358,3.33,.42,0,2.5,0,.3,33,175,,0	1 serving~120
1461840	B	95	58,1.67,1.25,10,400,7.5,0,0,1.7,0,.5,25,275,,0,.83,0	½ cup~120
2696008	B	95	62,1.54,2.31,8.46,323,6.15,0,0,1.5,0,.46,23,285,,0,1.15,.77	amount/serving~120
1627037	B	32	83,1.67,3.75,10.8,400,6.67,0,0,2.5,0,.6,17,,2,,2.5,1.25	½ cup~120
2746988	B	95	85,1.54,4.62,8.46,354,6.15,3.08,15,1.5,0,.54,23,315,,0	amount/serving~120
2211846	B	32	58,1.67,1.67,9.17,383,6.67,0,0,2.5,0,.6,17,,5	½ cup~120|1 package~680
2696009	B	95	85,2.31,3.08,10.8,354,6.15,1.15,8,1.5,0,.54,23,262,,0,1.54,0	amount/serving~120
2501876	B	32	50,1.67,1.25,8.33,392,7.5,.42,0,.8,0,.58,25,300,,0,.42,0	½ cup~120|1 package~680
2731672	B	95	46,1.54,1.15,7.69,362,6.92,.38,0,1.5,0,.54,23,277,,0	1 serving~120
2731704	B	95	46,1.54,1.15,7.69,362,6.92,.38,0,1.5,0,.54,23,277,,0	amount/serving~120
2731574	B	95	46,1.54,1.15,7.69,362,6.92,.38,0,1.5,0,.54,23,277,,0	1 serving~120
1728652	B	32	100,3.33,4.17,13.3,617,8.33,1.67,8,1.7,0,.83,67,433,,0	¼ cup~60
1627045	B	32	58,1.67,1.25,10.8,400,8.33,0,0,2.5,0,.6,17,,2,,.83,.42	½ cup~120
2695725	B	95	54,1.54,.77,9.23,269,6.92,0,0,2.3,0,.62,23,300,,0,.38,0	1 serving~120
2731606	B	95	54,1.54,.77,9.23,269,6.92,0,0,2.3,0,.62,23,300,,0,.38,0	1 serving~120
2696123	B	95	46,1.54,1.15,6.92,369,4.62,0,0,1.5,0,.62,23,300,,0,.77,.38	1 serving~120
2695857	B	95	54,1.54,.77,9.23,362,6.92,0,0,2.3,0,.62,23,254,,0,.38,0	1 serving~120
2695858	B	95	54,1.54,.77,9.23,362,6.92,0,0,2.3,0,.62,23,254,,0,.38,0	amount/serving~120
2695993	B	95	54,1.54,.77,9.23,362,6.92,0,0,2.3,0,.62,23,254,,0,.38,0	1 serving~120
2696147	B	95	54,1.54,.77,9.23,362,6.92,0,0,2.3,0,.62,23,254,,0,.38,0	1 serving~120
2731569	B	95	54,1.54,.77,9.23,362,6.92,0,0,2.3,0,.62,23,254,,0,.38,0	1 serving~120
2697159	B	95	54,1.54,1.15,8.46,369,6.15,0,0,2.3,0,.62,23,269,,0,.77,0	1 serving~120
2696124	B	95	56,1.6,1.2,8.8,368,6.4,0,0,2.4,0,.48,24,288,,0,.8,.4	1 serving~120
1600546	B	32	67,1.67,1.25,11.7,300,8.33,0,0,2.5,0,.6,17,,2,,.83,.42	½ cup~120
1600545	B	32	58,1.67,1.25,10.8,342,7.5,0,0,2.5,0,.6,17,,2,,.83,.42	½ cup~120
1728575	B	32	75,3.33,1.25,12.5,342,2.5,0,0,5,0,.9,33,175,,0	½ cup~120
2508548	B	78	106,20.4,1.77,.88,142,0,0,142,0,0,1.59,69,250,,.175	1 serving~113|1 package~2270
2061044	B	28	286,25,16.1,3.57,1890,3.57,5.36,71,0,0,1.29,71,,0	1 serving~28|1 package~226
2054269	B	6	244,8.89,4.44,42.2,511,2.22,0,0,4.4,0,1.6,0,,0	1 slice~45|1 package~524
2054270	B	6	241,7.41,.93,48.2,667,1.85,0,0,3.7,0,2.67,0,,0	1 slice~54|1 package~575
579276	B	102	140,12,10,0,140,,3,370,,0,1.44,40,,0	1 egg~50
2592919	B	36	106,20.4,1.77,.88,350,0,0,142,0,0,1.59,69,250,,0	1 serving~113|1 package~340
2146634	B	35	167,0,0,40,1730,26.7,0,0,0,0,0,13,100,,0	1 tbsp~15|1 package~251
1909860	B	35	100,0,0,20,1000,13.3,0,0,0,0,0,27,173,,0	1 tbsp~15|1 package~251
2146636	B	35	233,0,16.7,20,1470,13.3,0,0,0,0,0,10,33,,0	1 tbsp~15|1 package~251
1910968	B	35	100,0,0,20,1670,13.3,0,0,0,0,0,7,80,,0	1 tbsp~15|1 package~251
2377060	B	63	342,10.5,2.63,71,2000,5.26,0,0,0,0,2.63,39,132,,0	½ cup~38|1 package~227
2628633	B	139	393,14.3,3.57,75,1730,7.14,0,0,3.6,0,5.14,0,,4.3,,,,0	.17 pouch~28|1 package~170
2510901	B	63	316,10.2,9.18,46.9,980,5.1,3.06,10,2,0,2.04,136,246,,0	1 cup~98|1 package~340
2377294	B	63	348,10.1,1.45,71,638,1.45,0,0,2.9,0,2.75,29,188,,0	½ cup~69|1 package~411
2269326	B	39	383,63.8,7.45,17,298,4.26,4.26,191,4.3,0,3.06,426,,0	1 scoop~47|1 package~1360
2477557	B	59	367,61.2,7.14,18.4,367,6.12,4.08,184,10.2,0,18.4,510,,36.7,6.12,,,,,,1.74,1.84,245,,,3.67,7.65	1 scoop~49|1 package~1370
2486873	B	59	48,9.09,.91,1.21,112,.3,.15,6,.3,0,.76,197,55,13.9,1.82,,,,1.21,0,.091,.121,18,27,167,.18,.85,.394,0,.076,4,9.1	1 shake~330|1 package~4870
2542578	B	59	45,6.06,.91,3.94,70,.3,.15,3,2.1,0,.55,136,83,7,1.82,,,,1.21,0,.091,.121,18,32,152,.18,.85,.394,0,.076,4,9.1,1	1 shake~330
2546895	B	59	45,6.06,.91,3.94,70,.3,.15,3,2.1,0,.55,136,83,7,1.82,,,,1.21,0,.091,.121,18,32,152,.18,.85,.394,0,.076,4,9.1,1	1 shake~330|1 package~1300
2541020	B	59	43,5.8,.87,3.77,67,.29,.14,3,2,0,.52,130,80,6.7,1.75,,,,1.16,0,.087,.116,17,30,145,.17,.81,.377,0,.072,4,8.7,1	1 shake~345
2626571	B	59	48,9.09,.91,1.21,70,.3,.15,6,.3,0,.55,197,55,13.9,2,,,70,1.46,0,.197,.258,36,27,167,.36,.85,.455,0,.076,4,9.1,1,17	1 shake~330
2666266	B	59	48,9.09,.91,1.21,70,.3,.15,6,.3,0,.55,197,85,7,2,,,70,1.21,0,.091,.121,30,32,188,.18,.85,.394,0,.076,4,9.1,1	1 shake~330|1 package~1300
2541439	B	59	45,6.06,.91,3.94,70,.3,.15,3,2.1,0,.55,136,83,7,1.82,,,,1.21,0,.091,.121,18,32,152,.18,.85,.394,0,.076,4,9.1,1	1 shake~330|1 package~1300
2622655	B	30	46,8.7,.87,1.45,64,.29,.14,6,.6,0,.52,188,75,13.3,2,,,67,1.16,0,.087,.116,29,26,159,.17,.81,.377,0,.072,4,8.7,1	1 shake~345
2666286	B	59	375,75,5,7.5,425,2.5,2.5,125,2.5,0,.75,400,400,,0	2 scoops~40|1 package~680
2461135	B	59	48,9.09,.91,1.52,67,.3,.15,,.6,0,.55,197,79,13.9,1.82,,,,1.46,0,.197,.258,36,27,167,.36,.85,.455,0,.076,4,9.1,1,17	1 shake~330
2467874	B	59	48,9.09,.91,1.21,79,.3,.3,6,.6,0,1.36,152,115,4.5,.75,,,,1.52,0,.129,.152,30,30,152,.45,1.14,.379,0,.152,5,6.1	1 shake~330|1 package~1300
2666267	B	59	48,9.09,.91,1.21,97,.3,.15,6,.3,0,.55,197,85,7,2,,,70,1.21,0,.091,.121,18,32,188,.18,.85,.394,0,.076,4,9.1,1	1 shake~330|1 package~1300
2487217	B	59	48,9.09,.91,1.21,97,.3,.15,6,.3,0,.55,197,55,13.9,1.82,,,,1.46,0,.197,.258,36,27,167,.36,.85,.455,0,.076,4,9.1,,17	1 shake~330
2488869	B	59	48,9.09,.91,1.52,109,.3,.3,8,.6,0,1.36,152,94,4.5,.75,,,,1.52,0,.129,.152,30,30,152,.45,1.14,.379,0,.152,5,6.1	1 shake~330|1 package~3900
2669851	B	14	429,47.6,11.9,33.3,643,11.9,2.38,0,2.4,0,5.24,71,286,,0,5.95,3.57	1 cup~42|1 package~255
2406630	B	13	390,33.9,17,33.9,288,1.69,11.9,8,3.4,0,2.88,203,220,,0	1 bar~59
2602069	B	8	390,33.9,17,33.9,288,1.69,11.9,8,3.4,0,2.88,203,220,,0	1 bar~59
2406627	B	13	390,33.9,17,33.9,288,1.69,11.9,8,3.4,0,2.88,203,220,,0	1 bar~59|1 package~590
2406631	B	13	390,33.9,17,33.9,356,1.69,11.9,8,3.4,0,2.2,203,136,,0	1 bar~59
2406624	B	13	390,33.9,17,33.9,356,1.69,11.9,8,3.4,0,2.2,203,136,,0	1 bar~59|1 package~590
2626561	B	59	48,9.09,.91,1.52,55,.3,.15,6,.9,0,.76,197,97,13.9,2,,,70,1.46,0,.197,.258,36,27,167,.36,.85,.455,0,.091,4,9.1,1,17	1 shake~330
2402683	B	59	45,7.58,.76,3.03,76,1.52,.15,9,.9,0,0,152,76,0	1 shake~330|1 package~3900
2666265	B	59	48,9.09,.91,1.52,55,.3,.15,6,.9,0,.76,197,127,7,2,,,70,1.21,0,.091,.121,18,32,188,.18,.85,.394,0,.091,4,9.1,1	1 shake~330|1 package~1300
2340114	B	72	366,73.2,4.88,7.32,415,2.44,2.44,122,2.4,0,2.93,390,659,,0	2 scoops~41|1 package~697
2402383	B	13	365,28.8,11.5,51.9,442,13.5,8.65,0,13.5,0,5.19,154,365	1 bar~52|1 package~312
2406638	B	13	390,33.9,17,33.9,339,1.69,11.9,8,3.4,0,2.54,203,186,,0	1 bar~59
2395074	B	13	390,33.9,17,33.9,339,1.69,11.9,8,3.4,0,2.54,203,186,,0	1 bar~59|1 package~354
2161218	B	13	409,27.3,22.7,38.6,409,9.09,6.82,0,13.6,0,2.27,68,,,0	1 bar~44
1979652	B	13	409,27.3,22.7,38.6,409,9.09,6.82,0,13.6,0,2.27,68,295,,0	1 bar~44|1 package~308
2465054	B	59	48,9.09,.91,.91,70,.3,.15,6,.3,0,.55,197,85,7,1.82,,,,1.21,0,.091,.121,18,32,188,.18,.85,.394,0,.076,4	1 shake~330|1 package~4870
2622651	B	30	48,9.09,.91,.91,70,.3,.15,6,.3,0,.55,197,55,13.9,2,,,70,1.21,0,.091,.121,30,27,167,.18,.85,.394,0,.076,4,9.1,1	1 shake~330
2545460	B	59	18,4,0,.2,32,0,0,0,0,0,0,0,0,,0	16.9 fl oz~500
1955652	B	72	18,4,0,.2,32,0,0,0,0,0,0,0,0,,0	16.9 fl oz~500|1 package~2000
100643843800880	O	301	49.2,9.22,.922,.922,101,.307,.307,6.15,.307,,.553,200,55.3,14.1,1.84,,,,,.184,.2,.261,,27.7,,,.861,,.184,,4.3,,1.17,16.9	1 carton~325
2666272	B	59	46,8.7,.87,1.16,64,.29,.14,6,.3,0,.52,188,87,6.7,2,,,67,1.16,0,.087,.116,,,,,,,,,,8.7,1	1 shake~345
2068920	B	13	365,28.8,11.5,50,462,15.4,8.65,0,13.5,0,5.19,154,308,0	1 bar~52|1 package~312
1903183	B	13	365,28.8,11.5,50,423,15.4,8.65,0,13.5,0,5.19,154,346,0	1 bar~52
2106802	B	13	403,41.7,11.1,34.7,556,12.5,5.56,0,4.2,0,6.25,139,319,0,,,,,,,,,,,347	1 bar~72|1 package~432
2082825	B	13	389,41.7,8.33,36.1,486,13.9,6.25,7,4.2,0,7.5,139,403,0,,,,,,,,,,,347	1 bar~72
2038618	B	13	375,41.7,8.33,34.7,500,13.9,6.25,7,4.2,0,7.5,139,431,0,,,,,,,,,,,347	1 bar~72|1 package~432
1870294	B	13	403,41.7,11.1,34.7,611,11.1,5.56,0,4.2,0,6.25,139,333,0,,,,,,,,,,,278	1 bar~72|1 package~360
2592653	B	39	45,6.06,.91,4.55,67,.3,.15,3,2.1,0,,136,121,7,2,,,70,1.21,0,.091,,18,32,152,.18,.85,.394,0,.076,4,9.1,1	1 shake~330|1 package~1300
2626569	B	59	48,9.09,.91,1.21,97,.3,.15,6,.3,0,.55,197,55,13.9,2,,,70,1.21,0,.091,.121,30,27,167,.18,.85,.394,0,.076,4,9.1,1	1 shake~330|1 package~4870
2626564	B	59	48,9.09,.91,1.82,115,.3,.15,6,.9,0,.76,197,97,13.9,2,,,70,1.21,0,.091,.121,18,27,167,.18,.85,.394,0,.091,4,9.1,1	1 shake~330
2626559	B	59	48,9.09,.91,1.21,70,.3,.15,6,.3,0,.55,197,55,13.9,2,,,70,1.21,0,.091,0,30,27,167,.18,.85,.394,0,.076,4,9.1,1	1 shake~330
2626572	B	59	46,8.7,.87,1.45,52,.29,.29,6,.9,0,.72,188,101,13.3,2,,,67,1.16,0,.087,.116,17,26,159,.17,.81,.377,0,.087,4,,1	1 shake~345|1 package~4080
2666270	B	59	48,9.09,.91,1.82,115,.3,.15,6,.9,0,.76,197,127,7,2,,,70,1.21,0,.091,.121,18,32,188,.18,.85,.394,0,.091,4,9.1,1	1 shake~330|1 package~1300
2626567	B	59	46,8.7,.87,1.16,70,.29,.14,6,.3,0,.52,188,52,13.3,2,,,67,1.16,0,.087,.116,17,26,159,.17,.81,.377,0,.072,4,8.7,1	1 shake~345
2666273	B	59	48,9.09,.91,1.52,67,.3,.15,6,.6,0,.55,197,79,13.9,2,,,70,1.21,0,.091,.121,18,27,167,.18,.85,.394,0,.076,4,9.1,1	1 shake~330|1 package~4870
2036932	B	13	403,41.7,11.1,34.7,611,11.1,5.56,0,4.2,0,6.25,139,333,0,,,,,,,,,,,278	1 bar~72|1 package~432
1908397	B	13	403,41.7,11.1,34.7,611,11.1,5.56,0,4.2,0,6.25,139,333,0,,,,,,,,,,,278	1 bar~72
2038520	B	13	389,41.7,9.72,36.1,500,13.9,6.94,7,4.2,0,7.5,139,403,0,,,,,,,,,,,347	1 bar~72
1903182	B	13	417,41.7,13.9,33.3,625,12.5,6.94,0,4.2,0,5,139,306,0,,,,,,,,,,,208	1 bar~72
1903181	B	13	389,41.7,9.72,34.7,514,13.9,6.94,7,4.2,0,6.25,139,361,0,,,,,,,,,,,347	1 bar~72
2491222	B	10	57,6.15,.82,6.56,74,4.1,0,0,2,0,1.84,102,66,6.1,1.02,,,,2.05,0,.174,.205,41,41,102,.61,1.54,.512,0,.205,7,8.2	1 smoothie~244|1 package~980
2127179	B	59	48,9.09,.91,1.52,82,.3,.3,8,.6,0,1.36,152,94,4.5,.75,,,,1.52,0,.129,.152,30,30,152,.45,1.14,.758,0,.152,5,6.1	1 shake~330
2488868	B	59	48,9.09,.91,1.52,109,.3,.3,8,.6,0,1.36,152,94,4.5,.75,,,,1.52,0,.129,.152,30,30,152,.45,1.14,.379,0,.152,5,6.1	1 shake~330
2491052	B	59	48,9.09,.91,1.52,64,.3,.3,6,.9,0,1.36,152,136,4.5,.75,,,,1.52,0,.129,.152,30,30,152,.45,1.14,.379,0,.152,5,6.1	1 shake~330
2490945	B	59	48,9.09,.91,1.21,100,.3,.3,6,.6,0,1.36,152,121,4.5,.75,,,,1.52,0,.129,.152,30,30,152,.45,1.14,.379,0,.152,5,6.1	1 shake~330
2277563	B	14	429,47.6,11.9,33.3,595,11.9,2.38,0,4.8,0,,214,310,,0,5.95,3.57	1 cup~42|1 package~850
2267349	B	14	429,47.6,11.9,33.3,595,11.9,2.38,0,4.8,0,4.76,214,310,,0,5.95,3.57	1 cup~42|1 package~311
2543465	B	59	45,6.06,.91,3.94,70,.3,.15,3,2.1,0,.55,136,83,7,1.82,,,,1.21,0,.091,.121,18,32,152,.18,.85,.394,0,.076,4,9.1,1	1 shake~330|1 package~1300
2430276	B	72	18,4,0,.4,32,0,0,0,0,0,0,0,0,,0	16.9 fl oz~500
2546720	B	59	48,9.09,.91,.91,70,.3,.15,6,.3,0,.55,197,85,7,1.82,,,,1.21,0,.091,.121,18,32,188,.18,.85,.394,0,.076,4,9.1,1	1 shake~330
2542577	B	59	46,8.7,.87,.87,67,.29,.14,6,.3,0,.52,188,81,6.7,1.75,,,,1.16,0,.087,.116,17,30,180,.17,.81,.377,0,.072,4,8.7,1	1 shake~345
2038616	B	13	385,28.8,15.4,48.1,462,13.5,7.69,0,13.5,0,3.46,154,221,0	1 bar~52|1 package~312
2608029	B	59	400,71.4,5.71,8.57,1260,0,1.43,0,2.9,0,6,0,0,,0	1 scoop~35|1 package~530
2612565	B	59	405,67.6,6.76,10.8,1380,0,1.35,0,5.4,0,10.8,0,0,,0	1 scoop~37|1 package~560
2484896	B	59	46,8.7,.87,.87,67,.29,.14,6,.3,0,.52,188,81,6.7,1.75,,,,1.16,0,.087,.116,17,30,180,.17,.81,.377,0,.072,4,8.7,1	1 fl shake~345
2626566	B	59	46,8.7,.87,1.16,96,.29,.14,6,.3,0,.52,188,52,13.3,2,,,67,1.16,0,.087,.116,17,26,159,.17,.81,.377,0,.072,4,8.7,1	1 shake~345
2117681	B	13	403,41.7,11.1,34.7,556,12.5,5.56,0,4.2,0,6.25,139,319,0,,,,,,,,,,,347	1 bar~72
1930416	B	13	403,41.7,11.1,34.7,556,12.5,5.56,0,4.2,0,6.25,139,319,0,,,,,,,,,,,347	1 bar~72|1 package~360
1926282	B	13	403,41.7,9.72,36.1,583,15.3,5.56,7,4.2,0,5,139,222,0,,,,,,,,,,,278	1 bar~72|1 package~432
1930789	B	13	403,41.7,9.72,36.1,583,15.3,5.56,7,4.2,0,5,139,222,0,,,,,,,,,,,278	1 bar~72|1 package~360
1934541	B	72	18,4,0,.2,30,0,0,0,0,0,0,0,0,0	16.9 fl oz~500|1 package~2000
2578729	B	26	193,13.8,3.21,24.8,367,4.59,.46,5,.9,,1.83,61,55,,,.46,1.83,,,0,.092	3 pancakes~109
2660436	B	99	193,13.8,3.21,24.8,367,4.59,.46,5,.9,,1.83,61,55,,,.46,1.83,,,0,.092	3 pancakes~109|1 package~437
2622654	B	72	46,8.7,.87,.87,67,.29,.14,6,.3,0,.52,188,52,13.3,2,,,67,1.16,0,.087,.116,29,26,159,.17,.81,.377,0,.072,4,8.7,1	1 shake~345
2487214	B	59	48,9.09,.91,1.21,70,.3,.15,6,.3,0,.55,197,55,13.9,1.82,,,,1.21,0,.091,.121,18,27,167,.18,.85,.394,0,.076,4,9.1	1 shake~330|1 package~4870
2622650	B	30	48,9.09,.91,1.21,70,.3,.15,6,.3,0,.55,197,55,13.9,2,,,70,1.21,0,.091,.121,30,27,167,.18,.85,.394,0,.076,4,9.1,1	1 shake~330
2169213	B	13	404,25.5,21.3,40.4,489,8.51,7.45,0,14.9,0,2.98,64,319,,0	1 bar~47|1 package~470
1979653	B	13	404,25.5,21.3,40.4,489,8.51,7.45,0,14.9,0,2.98,64,319,,0	1 bar~47|1 package~329
2545116	B	59	46,8.7,.87,1.16,67,.29,.14,6,.3,0,.52,188,81,6.7,1.75,,,,1.16,0,.087,.116,17,30,180,.17,.81,.377,0,.072,4,8.7,1	1 shake~345
100643843715368	O	301	48,9.09,.91,.91,21,.3,.15,6.06,0,,.55,197,54.6,14.1,1.92,,,,,.184,.2,,61.5,27.7,169,,.861,.461,.184,.0769,4.3,9.22,1.22	1 portion~325
2544445	B	59	18,3.94,0,.2,30,0,0,0,0,0,0,0,0,0	1 serving~507
2157787	B	13	404,25.5,23.4,40.4,319,8.51,8.51,0,14.9,0,3.62,489,,,0	1 bar~47|1 package~329
2299551	B	13	390,33.9,15.2,33.9,237,1.69,10.2,8,1.7,0,3.56,847,0,,0	1 bar~59|1 package~354
2406632	B	13	390,33.9,15.2,33.9,237,1.69,10.2,8,1.7,0,3.56,847,0,,0	1 bar~59
2602068	B	8	390,33.9,15.2,33.9,237,1.69,10.2,8,1.7,0,3.56,847,0,,0	1 bar~59
2626562	B	59	48,9.09,.91,1.21,70,.3,.15,6,.3,0,.55,197,55,13.9,2,,,70,1.46,0,.197,.258,36,27,167,.36,.85,.455,0,.076,4,9.1,1,17	1 shake~330
2622652	B	30	46,8.7,.87,1.16,67,.29,.14,6,.3,0,.52,188,52,13.3,2,,,67,1.16,0,.087,.116,29,26,159,.17,.81,.377,0,.072,4,8.7,1	1 shake~345
1934525	B	39	383,63.8,6.38,17,319,6.38,4.26,202,4.3,0,.77,426,,0	1 scoop~47|1 package~1360
2666268	B	59	385,76.9,5.13,5.13,436,2.56,2.56,141,0,0,.77,410,410,,0	2 scoops~39|1 package~663
2541750	B	59	45,7.58,.76,2.73,76,1.52,.15,9,.9,0,0,152,29,0	1 shake~330|1 package~3900
2622656	B	72	47,8.82,.88,1.47,53,.29,.29,6,.9,0,.74,191,103,13.5,2,,,68,1.18,0,.088,.118,29,26,162,.18,.82,.382,0,.088,4,8.8,1	1 shake~340
2297389	B	13	403,41.7,11.1,34.7,611,12.5,6.25,0,4.2,0,5,139,264,0,,,,,,,,,,,278	1 bar~72|1 package~432
2425359	B	22	250,2.5,0,62.5,0,52.5,0,0,7.5,0,2.75,55,1150,,0	6 apricots~40|1 package~1360
1902273	B	0	576,15.2,48.5,27.3,515,6.06,9.09,0,3,0,4.36,61,,0	¼ cup~33|1 package~227
2628349	B	0	607,17.9,57.1,21.4,500,3.57,8.93,0,7.1,0,3.86,143,,0,,,,0	1 serving~28|1 package~248
2628350	B	0	577,23.1,46.2,23.1,269,11.5,5.77,0,7.7,0,1.38,77,,0,,,,0	3 tbsp~26|1 package~454
1902277	B	0	607,21.4,53.6,17.9,500,3.57,8.93,0,7.1,0,2.57,143,,0	1 serving~28|1 package~240
1876056	B	0	556,25.9,48.2,18.5,519,3.7,7.41,0,7.4,0,1.33,74,,0	3 tbsp~27|1 package~454
1902272	B	0	559,14.7,47.1,29.4,529,5.88,8.82,0,2.9,0,4.24,59,,0	¼ cup~34|1 package~240
2614874	B	27	153,17.6,7.06,4.71,812,4.71,2.35,82,0,0,.85,0,,0,,,,0	1 link~85
1940728	B	27	314,20,24.3,2.86,814,2.86,8.57,86,0,0,.51,57,,0	1 pan fried link~70|1 package~454
2064531	B	27	329,20,24.3,1.43,857,1.43,8.57,86,0,0,.51,29,,0	1 pan fried link~70|1 package~454
2102659	B	106	212,23.5,11.8,1.18,929,1.18,3.53,112,0,0,.85,24,,0	1 pan fried patty~85|1 package~454
2654218	B	27	314,20,24.3,1.43,771,1.43,8.57,86,0,0,.51,29,,0,,,,51	1 pan fried link~70|1 package~454
2093209	B	27	318,21.2,25.9,1.18,765,1.18,9.41,82,0,0,.85,24,,0	1 pan fried link~85|1 package~2268
2614863	B	27	314,20,24.3,1.43,943,1.43,8.57,86,0,0,.51,29,,0,,,,26	1 pan fried link~70|1 package~454
2618316	B	27	314,20,24.3,1.43,943,1.43,8.57,86,0,0,.51,29,,0,,,,26	1 pan~70|1 package~454
1663113	B	48	179,20.5,9.82,0,54,0,3.57,67,0,0,.64,18,,0	1 serving~112
2614868	B	27	217,21.7,13.3,1.67,833,1.67,4.17,108,0,0,.6,0,,0,,,,0	1 pan fried link~60|1 package~397
2674627	B	27	321,19.6,25,1.79,821,1.79,8.93,89,0,0,.64,36,,0,,,,32	1 pan fried link~56|1 package~907
2657923	B	27	327,19.5,25.7,2.65,814,2.65,8.85,84,0,0,.64,35,,0,,,,32	1 grilled link~113|1 package~454
2674634	B	27	321,19.6,25,1.79,821,1.79,8.93,89,0,0,.64,36,,0,,,,32	2 oz. pan fried~56|1 package~454
2668359	B	27	306,20,23.5,2.35,812,2.35,8.24,82,0,0,.85,24,,0,,,,21	1 pan fried patty~85|1 package~454
2064551	B	27	217,21.7,13.3,3.33,950,3.33,4.17,92,0,0,.6,0,,0	1 pan fried link~60|1 package~397
1811478	B	27	217,21.7,13.3,1.67,900,1.67,4.17,108,0,0,.6,0,,0	1 pan fried link~60|1 package~397
2614869	B	27	217,21.7,13.3,1.67,867,1.67,4.17,108,0,0,.6,0,,0,,,,0	1 pan fried link~60|1 package~397
2150963	B	27	314,20,24.3,2.86,771,2.86,8.57,86,0,0,.51,29,,0	1 pan fried link~70|1 package~454
1901108	B	27	341,21.2,25.9,3.53,824,2.35,9.41,82,0,0,.85,24,,0	1 pan cooked link~85|1 package~1134
1892483	B	27	329,20,24.3,1.43,900,1.43,8.57,86,0,0,.51,29,,0	1 pan fried link~70|1 package~454
1922671	B	64	254,15.5,21.1,.7,620,.7,7.75,63,0,0,.51,56,,0	2 meatballs~142|1 package~1134
2651504	B	27	329,21.2,25.9,2.35,765,2.35,9.41,82,0,0,.85,24,,0,,,,0	1 pan fried link~85|1 package~1588
2674625	B	27	321,21.4,25,1.79,804,1.79,8.93,89,0,0,.64,36,,0,,,,0	1 pan fried link~56
2674624	B	27	321,21.4,25,1.79,768,1.79,8.93,89,0,0,.64,36,,0,,,,0	2 oz. pan fried~56|1 package~454
1846709	B	27	217,21.7,13.3,1.67,850,1.67,4.17,108,0,0,.6,0,,0	1 pan fried link~60|1 package~397
1845950	B	27	214,21.4,12.5,1.79,857,1.79,3.57,107,0,0,.64,0,,0	1 serving~56|1 package~397
2308746	B	27	183,20,10,3.33,767,1.67,3.33,100,0,0,.6,0,,2	1 serving~60|1 package~397
2653235	B	27	183,20,10,3.33,767,1.67,3.33,100,0,0,.6,0,,2,,,,90	1 pan fried link~60|1 package~397
2178147	B	27	327,20.4,25.7,2.65,779,2.65,8.85,84,0,0,.64,35,,0	1 grilled link~113|1 package~454
2657921	B	27	321,21.4,25,1.79,786,1.79,8.93,89,0,0,.64,36,,0,,,,0	1 pan fried link~56|1 package~907
2657922	B	27	327,20.4,25.7,2.65,779,2.65,8.85,84,0,0,.64,35,,0,,,,0	1 grilled link~113|1 package~454
2674628	B	27	321,21.4,25,1.79,786,1.79,8.93,89,0,0,.64,36,,0,,,,0	2 oz. pan fried~56|1 package~454
2657924	B	27	306,21.2,23.5,2.35,776,2.35,8.24,82,0,0,.85,24,,0,,,,0	1 pan fried patty~85|1 package~907
2064521	B	27	286,18.6,22.9,1.43,871,1.43,7.14,79,0,0,.51,29,,1.7	1 pan fried link~70|1 package~454
2614873	B	27	141,17.6,7.06,2.35,635,1.18,2.35,82,0,0,.85,0,,0,,,,0	1 link~85
2064541	B	27	217,21.7,13.3,3.33,883,3.33,4.17,92,0,0,.6,0,,0	1 pan fried link~60|1 package~397
2614857	B	27	321,21.4,25,1.79,786,1.79,8.93,89,0,0,.64,36,,0,,,,0	2 oz. pan fried~56|1 package~454
2614875	B	27	153,18.8,8.24,1.18,729,1.18,2.35,82,0,0,.85,71,,0,,,,0	1 link~85
2657920	B	27	321,21.4,25,1.79,768,1.79,8.93,89,0,0,.64,36,,0,,,,0	2 oz. pan fried~56|1 package~454
2158619	B	3	225,2.94,11.8,27.4,69,24.5,7.84,49,0,0,.1,98,147,,0	2/3 cup~102
1457920	B	57	500,0,16.7,66.7,917,0,0,,0,0,4.5,15,83,0	2 crackers~6
1461035	B	57	438,6.25,9.38,75,781,0,0,,,0,4.31,194,338,,0	5 crackers~16
1460925	B	57	429,7.14,10.7,71.4,1290,0,0,0,7.1,0,4.86,44,286,0	two 2-cracker packages~14
1947657	B	0	536,12.5,33.9,44.6,188,30.4,4.46,0,7.1,0,2.5,71,393,,0,10.7,16.1	1 package~56
2462848	B	34	278,8.73,12.7,31,444,5.56,6.35,28,1.6,0,.63,135,135,,.075	¼ pizza~126|1 package~507
2110978	B	41	857,0,100,0,0,,14.3,0,,0,,,,,,21.4,64.3	1 tbsp~14|1 package~250
2109053	B	29	400,6.67,10,80,933,0,0,0,0,0,4.8,0,133,0,,0,3.33	6 crackers~15|1 package~283
2280622	B	39	467,3.33,13.3,80,100,73.3,6.67,0,0,0,0,100,400,,0	2 tbsp~30|1 package~390
2089188	B	6	250,7.14,1.79,53.6,571,7.14,0,0,3.6,0,2.57,143,,0,,,,,4.29,0,.243	1 slice~28|1 package~680
1912584	B	6	250,7.14,3.57,50,536,7.14,0,0,3.6,0,2.57,143,,0,,,,,2.86,0,.243	1 slice~28|1 package~680
2089187	B	6	268,9.76,2.44,53.7,537,7.32,0,0,2.4,0,3.51,98,,0,,,,,3.9,1,.249	2 slices~41|1 package~454
544215	B	48	212,27.4,10.6,.88,752,0,2.65,71,0,0,.96,0,,0	1 serving~113
2087831	B	10	50,.42,0,12.5,4,10.8,0,0,0,0,.15,8,129,30	8 fl oz~240
2179613	B	87	274,13.9,16.7,17.4,684,1.39,6.25,38,1.4,0,1.39,159,41,,0	1 sandwich~288
2398571	B	87	195,11.9,5.3,23.2,669,.99,2.32,23,.7,0,.33,103,0,,0	1 sandwich~302
2543165	B	90	536,17.9,42.9,28.6,36,0,3.57,0,28.6,0,7.14,254,814,,0,7.14,28.6	2 tbsp~28|1 package~454
2139169	B	38	375,8.33,4.17,83.3,792,50,0,0,8.3,0,3,167,,0	1½ tbsp~12|1 package~579
577739	B	147	250,17,19.6,0,67,0,8.04,71,0,1.34,1.61,18,,0	1 serving~112
1947969	B	80	280,16,21,3,250,2,4,60,1,0,.72,0,,0	½ cup~100|1 package~340
2471887	B	33	82,6.94,2.45,7.76,494,2.45,1.02,18,.8,0,.45,49,212,,.3	1 cup~245|1 package~907
1958965	B	80	190,12,9,16,490,13,2,15,2,0,1.8,0,,12	½ cup~100|1 package~340
2446453	B	0	550,10,35,52.5,62,47.5,17.5,12,2.5,0,.9,200,,0	10 pieces~40|1 package~454
2326913	B	1	367,0,0,90,0,80,0,0,0,0,0,0,,0	10 pieces~30|1 package~454
2157401	B	0	700,16.7,66.7,10,0,0,6.67,0,10,0,3.6,67,,0	¼ cup~30|1 package~454
1979142	B	22	300,2.5,0,77.5,0,72.5,0,0,7.5,0,.9,50,,0	1 serving~40|1 package~454
2146683	B	0	464,14.3,28.6,46.4,214,32.1,3.57,0,7.1,0,2.14,71,464,,0	¼ cup~28|1 package~510
2111311	B	0	486,11.4,22.9,60,157,51.4,4.29,0,5.7,0,2.06,57,,0	¼ cup~35|1 package~340
2088492	B	0	594,28.1,50,21.9,625,3.12,7.81,0,6.2,0,2.25,781,,0	¼ cup~32|1 package~311
2088493	B	0	500,10.7,28.6,50,286,35.7,7.14,0,7.1,0,2.57,71,,0	.12 cup~28|1 package~141
1927351	B	0	452,9.68,22.6,54.8,226,38.7,4.84,0,6.5,0,1.16,65,,0	3 tbsp~31|1 package~142
2109316	B	0	464,14.3,25,50,214,32.1,3.57,0,7.1,0,1.29,71,,0	.12 cup~28|1 package~142
2111315	B	0	500,14.3,32.1,46.4,214,35.7,8.93,0,7.1,0,2.57,71,,0	3 tbsp~28
2087975	B	0	484,9.68,25.8,54.8,274,38.7,8.06,0,6.5,0,2.32,65,,3.9	¼ cup~31
2111313	B	0	533,16.7,30,50,933,3.33,3.33,0,3.3,0,2.4,267,,0	¼ cup~30
1926981	B	0	393,3.57,14.3,67.9,36,60.7,10.7,0,3.6,0,1.29,71,,0	3 tbsp~28|1 package~283
2109314	B	0	464,10.7,28.6,50,250,35.7,5.36,0,7.1,0,1.29,71,,0	.12 cup~28|1 package~142
2095019	B	22	306,2.78,0,77.8,0,58.3,0,0,2.8,0,0,56,,3.3	¼ cup~36|1 package~737
2627860	B	0	567,30,50,13.3,250,0,8.33,0,6.7,0,9,67,,0,,,,0	¼ cup~30|1 package~283
2280172	B	0	607,28.6,50,14.3,1570,3.57,,0,7.1,0,6.07,0,0,,0	¼ cup~28|1 package~85
2538705	B	0	475,15,30,47.5,200,30,6.25,0,7.5,0,2.25,75,600,,0	¼ cup~40|1 package~510
2091884	B	0	500,13.3,30,43.3,233,23.3,5,0,6.7,0,3.6,67,,0	3 tbsp~30|1 package~624
2385355	B	0	600,26.7,53.3,16.7,317,3.33,8.33,0,10,0,1.67,67,733,,0	¼ cup~30|1 package~226
2011444	B	0	462,19.2,19.2,53.8,654,0,3.85,0,19.2,0,2.77,77,,0	¼ cup~26|1 package~85
2554031	B	0	543,31.4,34.3,22.9,1370,0,7.14,0,22.9,0,22.6,86,771,,0	1/3 cup~35|1 package~425
2554030	B	0	579,21,47.4,15.8,3530,0,5.26,0,5.3,0,4.74,53,0,,0	¼ cup~19|1 package~396
1927352	B	0	607,21.4,50,21.4,411,3.57,7.14,0,10.7,0,3.86,71,,0	¼ cup~28|1 package~170
2088148	B	0	418,10.7,28.6,42.9,193,32.1,3.57,0,7.1,0,3.21,71,,0	¼ cup~28|1 package~624
2087881	B	5	464,3.57,14.3,78.6,446,14.3,0,0,7.1,0,1.29,71,,4.3	1/3 cup~28|1 package~283
2111314	B	0	475,5,17.5,75,325,42.5,15,0,2.5,0,0,0,,0	9 pieces~40|1 package~425
2091882	B	0	500,13.3,30,43.3,233,23.3,5,0,6.7,0,3.6,67,,0	3 tbsp~30|1 package~680
1994724	B	10	25,0,0,6.25,8,5.83,0,0,0,0,,,,37.5	8 fl oz~240|1 package~1890
2088147	B	4	500,2.78,22.2,69.4,417,38.9,16.7,0,2.8,0,3,0,,0	2 cookies~36|1 package~799
2668503	B	28	260,23.4,17.6,3.08,656,1.32,8.37,46,0,0,.32,110,,1.1,,,,0	1 serving~227|1 package~454
1925243	B	36	80,18.6,0,0,102,0,0,66,0,0,.96,0,,0	1 serving~113|1 package~340
2296245	B	87	246,9.15,12.7,28.2,,5.63,2.46,,2.1,0,1.27,70,49,,.425	1 sandwich~142
2289968	B	7	126,1.01,11.1,6.57,152,3.54,1.77,5,1.5,0,.73,303,,18.2	1 serving~198
1903149	B	87	229,11.8,5.29,31.8,712,8.24,2.06,24,1.2,0,2.12,35,,3.5	1 serving~170
2076259	B	87	224,12.9,8.82,22.4,765,3.53,3.53,32,.6,0,2.12,59,,5.3	1 serving~170
2090407	B	87	247,11.8,9.41,26.5,706,.59,2.35,21,1.2,0,2.12,59,,5.3	1 serving~170
2056840	B	41	800,0,93.3,0,0,,13.3,0,,0,,,,,,10,10	1 tbsp~15|1 package~2000
1913630	B	87	239,6.34,17.6,18.3,239,6.34,5.63,35,.7,0,1.27,28,,3.4	1 serving~142
2091953	B	87	188,13.5,7.65,15.3,865,.59,2.94,29,.6,0,1.06,59,,3.5	1 serving~170
2067344	B	87	194,10.6,7.06,20,806,1.18,2.94,26,.6,0,2.12,59,,.7	1 serving~170
2090406	B	87	206,11.2,9.41,19.4,647,1.18,2.06,29,.6,0,1.59,12,,1.4	1 serving~170
1886970	B	38	391,5.33,20,46.7,267,28,1.33,80,2.7,0,1.44,27,,2.4	1 serving~75|1 package~600
2631040	B	33	222,12.1,16.2,5.56,687,.51,7.58,162,.5,0,.18,40,,0,,,,0	1 package~198
2509218	B	33	244,14.1,18.6,3.21,885,0,7.69,263,0,0,0,128,,0	1 serving~156
2509221	B	33	226,6.47,5.59,37.6,491,17.1,2.06,24,.3,0,.42,24,,.4	1 package~340
2509215	B	33	179,11.4,12.9,4.29,364,2.14,6.43,57,0,0,.77,0,,0	1 serving~140|1 package~397
2509229	B	33	174,8.53,8.24,15.3,247,1.76,4.12,34,.3,.15,.79,12,,.4	1 serving~340
2628061	B	21	174,8.53,8.24,15.3,247,1.76,4.12,46,.3,.15,.79,12,,.4,,,,40	1 serving~340
2509220	B	33	129,10.3,6.18,8.53,344,1.18,2.35,28,.6,0,.79,74,,6.2	1 serving~340
2509224	B	21	129,10.3,6.18,8.53,344,1.18,2.35,28,.6,0,.79,74,,6.2	1 serving~340
2509216	B	33	121,12.9,5.71,3.57,221,2.86,1.07,32,0,0,.51,43,,0	1 serving~140|1 package~397
2509214	B	64	307,10.7,10.7,42.9,1760,34.3,4.29,25,.7,.71,1.03,29,,.9	1 serving~140|1 package~397
2509217	B	33	221,9.29,12.9,18.6,693,14.3,1.43,25,.7,0,.77,29,,17.1	1 serving~140|1 package~397
2655044	B	77	157,11.4,10.7,0,164,0,.71,36,0,0,24.4,786,,0,,,,0	1 serving~140|1 package~397
2655045	B	77	235,15.3,17.6,2.35,600,0,4.12,88,0,0,.85,24,,2.8,,,,0	1 serving~85|1 package~454
2509226	B	21	106,7.35,3.82,10.3,306,.59,.88,18,1.2,0,.79,12,,7.1	1 serving~340
2509219	B	33	205,12.2,14.7,3.21,551,0,5.77,263,0,0,.23,128,,0	1 serving~156
2642983	B	33	165,8.82,7.35,15,450,6.47,2.94,31,.9,0,.79,59,,.7,,,,5	1 package~340
2509225	B	21	100,8.53,2.06,11.2,256,2.65,0,13,1.2,0,.53,44,,.4	1 serving~340
2628062	B	33	171,6.76,2.94,28.2,659,10.3,.44,12,.6,0,.32,18,,0,,,,5	1 serving~340
1952887	B	63	211,9.3,13,15.2,476,.85,5.63,15,.8,0,1.27,310,,5.9	½ container~355|1 package~710
2127537	B	33	109,6.42,4.19,11.7,358,1.4,.28,0,0,0,1.26,112,,10.1	½ container~358|1 package~716
1956173	B	33	114,5.62,3.29,15.9,83,5.62,1.36,15,.8,.19,.7,29,,7	½ container~516|1 package~1030
1957578	B	33	136,10.2,3.95,14.1,333,.85,1.13,28,.6,0,1.27,23,,3.4	1 container~354
1940619	B	19	0,0,0,0,300,0,0,0,0,0,0,0,,48	1 tsp~5|1 package~148
1940651	B	19	0,0,0,0,300,0,0,0,0,0,0,0,,48	1 tsp~5|1 package~148
1910595	B	15	93,0,0,26.3,13,22.9,0,0,.8,0,0,0,,3.1	1 serving~118|1 package~946
2654061	B	42	250,0,0,65,0,60,0,0,0,0,0,0,0,,0	1 tbsp~20|1 package~510
2654059	B	7	83,0,0,20,283,16.7,0,0,0,0,.6,33,117,,0	6 chips~30|1 package~443
2612060	B	7	161,0,0,39.3,1210,35.7,0,0,0,0,0,0,0,,0	1 serving~28|1 package~443
2669016	B	42	250,0,0,65,0,60,0,0,,0,.9,0,175,,0	1 tbsp~20|1 package~510
2669049	B	7	167,0,0,40,300,40,0,0,0,0,1.2,0,233,,0	1 tbsp~15|1 package~443
2612062	B	42	250,0,0,65,0,60,0,0,0,0,0,0,0,,0	1 tbsp~20|1 package~510
2612063	B	7	107,0,0,25,643,21.4,0,0,0,0,0,0,125,,0	1 serving~28|1 package~443
2669050	B	15	48,0,0,9.68,484,6.45,0,0,1,0,1.16,65,113,,0	2 tbsp~31|1 package~411
2668981	B	102	157,11.4,8.57,5.71,1010,4.29,2.86,321,0,0,1.29,57,200,,4	1 egg~70|1 package~946
2669062	B	42	250,0,0,65,0,60,0,0,0,0,.9,0,175,,0	1 tbsp~20|1 package~510
2413827	B	7	18,0,0,3.57,1040,0,0,0,0,0,3.86,36,250,,0	1 serving~28|1 package~473
2668999	B	44	150,.88,0,38,9,36.3,0,0,1.8,0,.64,9,155,,0	½ cup~113|1 package~946
2669051	B	42	300,0,0,75,0,70,0,0,0,0,0,0,0,,0	1 tbsp~20|1 package~510
2451613	B	7	67,0,0,13.3,633,13.3,0,0,0,0,.6,33,233,,0	2 tbsp~30|1 package~411
2612061	B	7	26,1.32,0,5.26,513,1.32,0,0,1.3,0,.95,0,92,,0	2 spears~76|1 package~473
2669017	B	7	83,0,0,20,283,16.7,0,0,0,0,.6,33,233,,0	6 chips~30|1 package~443
2654060	B	7	83,0,0,20,450,20,0,0,0,0,0,0,117,,0	5 chips~30|1 package~443
2523751	B	44	150,.88,0,38.9,9,36.3,0,0,1.8,0,.64,9,155,,0	½ cup~113|1 package~907
2033805	B	2	286,14.3,21.4,0,1110,0,14.3,71,0,0,0,286,,0	1 serving~28|1 package~170
2020191	B	2	250,17.9,17.9,3.57,929,0,12.5,71,0,0,0,357,,0	1 serving~28|1 package~340
1858042	B	2	304,4.35,26.1,8.7,696,4.35,17.4,109,1.1,0,0,87,,0	2 tbsp~23|1 package~184
1865527	B	2	304,8.7,26.1,4.35,543,0,17.4,109,0,0,0,174,,0	2 tbsp~23|1 package~226
2094074	B	2	357,14.3,32.1,3.57,679,0,21.4,89,0,0,0,214,,0	1 serving~28|1 package~226
361972	B	2	357,14.3,32.1,0,429,0,14.3,71,0,0,3.86,357,,0	1 serving~28
2209927	B	2	250,7.14,21.4,7.14,1040,3.57,12.5,54,0,0,0,143,0,,0	2 tbsp~28|1 package~170
2209968	B	2	357,14.3,32.1,0,679,0,21.4,89,0,0,0,432,,,0	1 serving~28|1 package~555
2022270	B	2	357,14.3,32.1,0,429,0,14.3,71,0,0,3.86,357,,0	1 serving~28|1 package~907
2121125	B	2	357,14.3,32.1,3.57,607,0,21.4,107,0,0,0,214,,0	1 serving~28|1 package~226
2020338	B	2	357,14.3,32.1,0,429,0,14.3,71,0,0,3.86,357,,0	1 serving~28|1 package~198
2216773	B	2	250,7.14,21.4,7.14,1040,3.57,12.5,54,0,0,0,143,0,,0	2 tbsp~28|1 package~170
2112424	B	62	714,0,78.6,0,714,0,57.1,214,0,0,0,0,,0,0	1 tbsp~14|1 package~250
1868388	B	62	714,0,78.6,0,750,0,57.1,214,0,0,0,0,,0,7.15	1 tbsp~14|1 package~198
1868389	B	62	714,0,78.6,0,0,0,57.1,214,0,0,0,0,,0,7.15	1 tbsp~14|1 package~198
2676104	B	2	357,14.3,32.1,0,429,0,14.3,71,0,0,3.86,357,,0,,,,193	1 serving~28|1 package~226
1922436	B	2	304,13,26.1,4.35,239,4.35,17.4,109,0,0,0,261,,0	2 tbsp~23|1 package~226
1868401	B	2	348,8.7,30.4,4.35,652,4.35,19.6,109,0,0,0,261,,0	2 tbsp~23|1 package~226
1870244	B	2	304,8.7,30.4,4.35,652,4.35,19.6,109,0,0,0,261,,0	2 tbsp~23|1 package~226
2089181	B	2	348,8.7,30.4,4.35,652,4.35,19.6,109,0,0,0,261,,0	2 tbsp~23|1 package~226
2028714	B	2	296,17.9,25,0,0,0,17.9,86,0,.86,0,71,,0	1 serving~28|1 package~184
1858052	B	2	250,7.14,21.4,3.57,679,3.57,10.7,71,0,0,0,214,,0	2 tbsp~28|1 package~141
2108255	B	2	464,25,39.3,3.57,607,0,28.6,89,0,0,0,893,,0	1 serving~28|1 package~150
2033812	B	2	125,25,0,3.57,929,0,0,18,0,0,0,357,,0	1 serving~28|1 package~226
2020190	B	2	214,17.9,16.1,7.14,1180,3.57,8.93,54,.9,0,0,357,,0	1 serving~28|1 package~170
2287012	B	2	250,17.9,17.9,3.57,929,0,12.5,71,0,0,0,357,,0	1 serving~28|1 package~170
2017797	B	2	125,25,0,7.14,893,3.57,,18,3.6,0,1.29,357,,0	1 serving~28|1 package~170
2209505	B	2	250,14.3,17.9,3.57,786,3.57,12.5,71,3.6,0,0,214,0,,0	1 serving~28|1 package~170
2172826	B	2	286,0,21.4,7.14,607,0,14.3,54,.9,0,0,357,0,,0	1 serving~28|1 package~623
1868399	B	2	250,17.9,17.9,10.7,857,7.14,10.7,71,0,0,0,357,,0	1 serving~28|1 package~170
2019678	B	2	214,10.7,17.9,7.14,1040,3.57,10.7,54,0,0,0,214,,0	2 tbsp~28|1 package~141
2398496	B	2	357,17.9,25,0,536,0,21.4,89,0,0,0,357,0,,0	1 serving~28|1 package~144
2674911	B	75	333,0,33.3,16.7,0,16.7,25,83,0,0,0,83,100,,0	2 tbsp~6|1 package~284
2668249	B	75	333,0,33.3,16.7,0,16.7,16.7,83,0,0,0,167,217,,0	2 tbsp~6|1 package~284
2504436	B	75	333,0,33.3,16.7,0,16.7,25,83,0,0,0,83,100,,0	2 tbsp~6|1 package~283
1945556	B	2	257,16,21,1.5,1400,1.5,15	1 serving~100
2680326	B	2	304,8.7,30.4,4.35,652,4.35,19.6,130,0,0,0,87,,0,,,,157	2 tbsp~23|1 package~184
2680333	B	2	304,8.7,30.4,4.35,587,0,19.6,130,0,0,0,87,,0,,,,157	2 tbsp~23|1 package~184
2169636	B	29	374,11,24.2,31.9,615,3.3,12.1,60,4.4,.55,1.98,66,77,,0	1 serving~91
2413526	B	15	304,4.35,30.4,4.35,,0,19.6,,0,0,0,0,0,,0	2 tbsp~23|1 package~184
2213681	B	2	286,17.9,25,3.57,964,0,17.9,107,0,0,0,286,0,,0	1 serving~28|1 package~226
2022264	B	2	348,8.7,34.8,4.35,478,4.35,21.7,65,2.2,0,0,87,,0	2 tbsp~23|1 package~147
2021736	B	2	348,8.7,30.4,4.35,500,4.35,21.7,65,4.3,0,0,87,,0	2 tbsp~23|1 package~147
2133843	B	2	217,8.7,17.4,8.7,739,4.35,10.9,65,0,0,0,0,0,,2.6	2 tbsp~23|1 package~198
2286682	B	2	304,4.35,26.1,8.7,65,4.35,17.4,130,1.1,0,0,87,,0	2 tbsp~23|1 package~226
1934773	B	2	304,4.35,30.4,4.35,565,4.35,17.4,109,0,0,0,87,,0	2 tbsp~23|1 package~184
1931798	B	2	348,4.35,26.1,17.4,43,13,17.4,87,1.1,0,0,87,,0	2 tbsp~23|1 package~184
2019672	B	2	321,21.4,28.6,0,1000,0,17.9,107,0,0,0,536,,0	1 serving~28|1 package~100
2441950	B	2	267,13.3,23.3,0,667,,15,83,0,0,1.2,267,,0	2 tbsp~30|1 package~125
2024008	B	62	357,0,39.3,0,500,0,25,107,0,0,0,0,,0	1 tbsp~14|1 package~198
2542233	B	2	429,25,35.7,0,411,0,25,89,0,0,0,714,0,,0	1 serving~28|1 package~150
2103917	B	2	286,17.9,25,3.57,1710,0,16.1,71,0,0,1.29,536,,0	1 serving~28|1 package~190
2057221	B	2	214,21.4,12.5,3.57,929,0,7.14,54,0,0,0,536,,0	1 serving~28|1 package~170
1858049	B	2	196,8.7,15.2,8.7,587,4.35,8.7,65,1.1,0,0,174,,0	2 tbsp~23|1 package~184
1885644	B	2	304,4.35,21.7,21.7,435,17.4,13,87,1.1,0,0,87,,0	2 tbsp~23|1 package~184
1885646	B	2	304,4.35,26.1,8.7,696,4.35,17.4,109,0,0,0,87,,0	2 tbsp~23|1 package~170
1868390	B	2	304,4.35,26.1,4.35,609,4.35,17.4,109,1.1,0,0,87,,0	2 tbsp~23|1 package~226
1868384	B	2	304,4.35,30.4,4.35,565,4.35,17.4,109,0,0,0,87,,0	2 tbsp~23|1 package~226
2016400	B	2	261,8.7,19.6,8.7,696,4.35,13,87,1.1,0,0,348,,10.4	2 tbsp~23
2288167	B	2	304,4.35,26.1,4.35,652,4.35,17.4,130,1.1,0,0,87,,0	2 tbsp~23|1 package~226
1897244	B	2	304,8.7,30.4,4.35,587,0,19.6,130,1.1,0,0,87,,0	2 tbsp~23|1 package~184
1868396	B	2	304,8.7,30.4,4.35,652,4.35,19.6,130,1.1,0,0,87,,0	2 tbsp~23|1 package~226
1868385	B	2	304,8.7,30.4,4.35,587,0,19.6,130,1.1,0,0,87,,0	2 tbsp~23|1 package~226
2104573	B	62	714,0,78.6,0,786,0,57.1,214,0,0,0,0,,0	1 tbsp~14|1 package~396
1885636	B	2	304,4.35,30.4,4.35,609,4.35,19.6,130,1.1,0,0,87,,0	2 tbsp~23|1 package~184
2389913	B	2	374,11,24.2,31.9,637,4.4,12.1,60,4.4,.55,1.98,44,77,,0	1 serving~91
2680325	B	2	304,13,21.7,13,652,4.35,15.2,65,0,0,0,348,,0,,,,157	2 tbsp~23|1 package~226
2624005	B	2	357,14.3,32.1,0,429,0,14.3,71,0,0,3.86,357,,0,,,,193	1 serving~28|1 package~226
2028136	B	2	350,25,25,5,475,0,15,100,0,0,0,750,,0	1 slice) / (~20|1 package~80
2132503	B	2	217,8.7,17.4,13,522,8.7,10.9,65,0,0,0,174,0,,2.6	2 tbsp~23|1 package~198
2427704	B	2	217,8.7,19.6,4.35,696,4.35,13,65,0,0,0,87,0,,2.6	2 tbsp~23|1 package~198
1952967	B	2	304,13,26.1,4.35,239,4.35,17.4,109,0,0,0,261,,0	2 tbsp~23|1 package~453
2276472	B	2	304,4.35,30.4,8.7,609,4.35,17.4,87,1.1,0,0,0,0	2 tbsp~23|1 package~184
2418961	B	2	393,14.3,39.3,0,500,0,25,107,0,0,0,329,71,,0	1 serving~28|1 package~510
2031892	B	2	286,14.3,21.4,3.57,964,0,16.1,71,0,0,0,286,,0	1 serving~28|1 package~200
2033808	B	2	229,11.4,20,0,1090,0,11.4,57,0,0,0,343,,0	1 serving~17.5|1 package~139
2437279	B	2	321,7.14,28.6,3.57,500,3.57,21.4,107,0,,0,71,,0	1 serving~28|1 package~240
1898706	B	8	419,4.65,27.9,39.5,70,34.9,16.3,12,7,0,0,0,,0,,,,,,,,,,0	4 squares~43|1 package~85
2327351	B	41	867,0,100,0,0,,10,0,,0,,,,,,73.3,13.3	1 tbsp~15|1 package~473
2608578	B	10	45,.85,.85,8.47,27,6.21,0,0,.6,0,.28,14,192,,0	1 bottle~354
1962652	B	13	342,2.63,5.26,76.3,39,47.4,3.95,0,10.5,0,2.84,0,368,,0,0,0	1 bar~38
2652945	B	10	34,0,0,8.47,0,6.78,0,0,0,0,0,0,119,,0	2 fl oz~59
2509339	B	10	51,0,0,13.6,0,8.47,0,0,0,0,1.83,0,0,,0	2 fl oz~59
2509334	B	10	28,.28,0,7.06,18,5.93,0,0,0,0,.17,8,150,,0	1 bottle~354
2509340	B	10	13,0,0,9.89,4,2.26,,,.3,,,,,1.7	1 bottle~354
2509337	B	10	37,.28,0,8.47,4,7.06,0,0,0,0,.17,6,150	1 bottle~354
2509336	B	10	42,.28,0,10.4,18,8.76,0,0,0,0,.14,0,136,,0	1 bottle~354
2219387	B	10	51,.28,0,12.4,4,10.2,0,0,.8,0,.31,6,130,61,0	1 serving~354|1 package~854
2509331	B	72	56,1.56,3.11,5.78,24,2.44,.22,0,0,0,.24,20,60,,0	1 bottle~450
2626453	B	22	314,2.86,0,77.1,129,51.4,0,0,7.1,0,2.06,57,243,10.3,,0,0,0	1 bar~35|1 package~140
2585625	B	13	371,2.86,10,71.4,129,45.7,7.14,0,8.6,0,2.06,57,271,3.4,,0,0,0	1 bar~35|1 package~420
2585626	B	13	371,2.86,1.43,88.6,200,60,0,0,8.6,0,2.06,171,386,3.4,,0,0,206	1 bar~35|1 package~420
2626451	B	13	314,2.86,0,77.1,129,51.4,0,0,7.1,0,2.06,57,243,10.3,,0,0,0	1 bar~35|1 package~420
1953465	B	18	15,0,0,4.17,4,3.75,0,0,0,0,0,0,,3.8	1 cup~240
1994323	B	52	190,2,10,25,20,14,9,0,2,0,.5,20,130,,0	2/3 cup~100|1 package~454
2310475	B	25	3,0,0,6.5,4,.28,,,,,.11,,,27.1	1 bottle~354
2509338	B	39	56,1.98,3.39,5.37,45,4.8,.28,0,0,0,.31,23,90,,0	1 serving~354
1943072	B	10	46,.62,0,11.1,20,7.08,0,0,2.5,0,.44,18,,4.6	11 fl oz~325
1897025	B	51	57,3.52,4.41,1.32,176,.44,1.76,13,.4,0,.79,9,,2.1	1 serving~227|1 package~414
1897026	B	51	53,2.64,2.64,4.41,128,3.52,.66,11,.4,0,.48,18,,2.6	1 serving~227|1 package~414
1883357	B	51	57,3.08,4.41,1.76,172,.88,1.76,13,.4,0,.79,9,,2.1	1 serving~227|1 package~414
1897028	B	51	53,2.64,2.64,4.41,128,3.52,.66,11,.4,0,.48,18,,2.6	1 serving~227|1 package~946
1933047	B	51	51,3.8,2.95,1.69,165,.42,.84,15,.4,0,.46,17,,2.5	8 fl oz~237|1 package~398
1933049	B	51	46,1.69,.63,7.17,506,1.27,.21,2,.4,0,.3,8,,2	8 fl oz~237|1 package~398
1883356	B	51	53,3.96,3.08,1.76,172,.44,.88,15,.4,0,.48,18,,2.6	1 serving~227|1 package~414
1883353	B	25	21,0,0,5.42,2,4.58,,,.4,,0,8,,1.5	1 serving~240|1 package~414
2640714	B	10	46,1.25,.21,10.8,35,7.5,,,2.9,,.3,33,,30,,,,562	1 serving~240|1 package~414
1943085	B	10	40,.62,.92,8.31,3,5.23,0,0,2.5,0,.11,25,,9.2	11 fl oz~325
2305526	B	33	159,6.71,6.36,19.4,293,,2.83,18,.7,0,.95,71,,.8	1 package~283
2396542	B	43	50,1.75,1.75,6.77,206,.25,.63,0,.3,0,.3,13,65,,0	1 package~399
2148569	B	51	21,1.69,1.05,1.27,127,.42,.42,4,.4,0,.46,8,,1.5	8 fl oz~237|1 package~709
2396534	B	43	58,3.26,1,9.02,278,1.25,.13,0,.8,0,.83,28,93,,0	1 package~399
2145901	B	51	51,3.8,2.95,1.69,165,.42,.84,15,.4,0,.46,17,,2.5	8 fl oz~237|1 package~709
1951673	B	51	53,3.96,3.08,1.76,172,.44,.88,15,.4,0,.48,18,,2.6	1 serving~227|1 package~796
1883354	B	25	17,.42,0,4.17,4,2.92,,,.8,,.45,17,,15	1 serving~240|1 package~414
1883355	B	25	17,.42,0,4.17,4,2.92,,,.8,,.3,17,,15	1 serving~240|1 package~414
2053083	B	25	21,0,0,5.42,2,5,,,.4,,.15,8,,7.5	1 serving~240
1955305	B	91	53,1.75,.88,8.77,258,0,0,0,.3,0,.18,15,,0	1 package~399
1954294	B	43	88,4.51,3.26,9.02,221,.75,.75,13,.8,0,.9,20,,2.3	1 package~399
2396532	B	43	55,2.76,1.5,7.52,246,0,.5,0,.5,0,.63,10,108,,0	1 package~399
2487209	B	63	163,6.36,6.71,19.4,378,2.83,3.89,19,.4,0,.81,120,152,,.35	1 package~283
1889789	B	51	26,0,0,5.73,51,4.41,0,0,.4,0,.16,9,,4	1 serving~227|1 package~414
2608913	B	106	179,17,12.5,0,54,0,3.57,76,0,0,1.34,36,,,0	1 serving~112|1 package~590
1941808	B	106	142,19.5,7.08,0,75,0,2.21,35,0,0,1.59,0,,0	1 serving~113|1 package~1134
1879085	B	1	524,4.76,35.7,45.2,48,38.1,21.4,24,4.8,0,2.57,48,,0	4 chocolates~42
1900020	B	3	101,0,0,27,11,25.8,0,0,1.1,0,0,0,,10.1	3 fl oz~89|1 package~532
1900018	B	3	101,0,0,24.7,6,,0,0,1.1,0,0,0,,2.7	3 fl oz~89|1 package~532
1900019	B	3	101,0,0,27,6,24.7,0,0,1.1,0,.4,0,,16.9	3 fl oz~89|1 package~532
1900017	B	3	101,0,0,27,6,25.8,0,0,1.1,0,0,0,,10.1	3 fl oz~89|1 package~532
1914515	B	3	124,0,1.69,28.1,11,27,1.69,0,1.1,0,0,0,,10.1	3 fl oz~89|1 package~532
2071501	B	3	198,4.17,9.38,25,62,19.8,8.33,5,0,0,0,156,229,1.2	½ cup~96|1 package~473
2071504	B	3	208,4.17,10.4,27.1,89,22.9,8.33,10,0,0,0,104,177,1.2	½ cup~96|1 package~473
2071506	B	3	208,4.17,10.4,25,73,19.8,8.33,10,0,0,0,156,208,1.2	½ cup~96|1 package~473
2071505	B	3	208,4.17,10.4,27.1,68,18.8,7.29,5,1,0,1.12,104,281,1.2	½ cup~96|1 package~473
2071502	B	3	198,4.17,8.33,26,62,21.9,7.29,16,0,0,0,156,198,1.2	½ cup~96|1 package~473
2071503	B	3	198,4.17,9.38,26,62,21.9,7.29,10,0,0,0,156,188,1.2	½ cup~96|1 package~473
2632146	B	3	243,4.29,15.7,22.9,114,21.4,7.14,36,0,0,0,114,,0,,,,77	½ cup~70|1 package~473
2071510	B	3	243,4.29,14.3,28.6,43,27.1,8.57,29,1.4,0,0,114,,0	½ cup~70|1 package~1420
2071511	B	3	214,2.86,11.4,24.3,50,21.4,7.14,36,0,0,0,114,,0	½ cup~70|1 package~1420
2071507	B	3	243,2.86,12.9,32.9,100,27.1,6.43,29,0,0,0,114,,0	½ cup~70|1 package~1420
1904875	B	3	229,4.29,11.4,25.7,50,24.3,7.14,71,0,0,0,114,,0	½ cup~70|1 package~1420
2091250	B	3	229,2.86,11.4,30,57,25.7,6.43,36,0,0,0,114,,0	½ cup~70|1 package~1420
1887584	B	3	229,2.86,11.4,30,64,24.3,7.14,36,0,0,0,114,,3.4	½ cup~70|1 package~1420
2078211	B	3	243,4.29,15.7,22.9,114,21.4,7.14,36,0,0,0,114,,0	½ cup~70|1 package~1420
2078210	B	3	214,2.86,11.4,24.3,50,22.9,7.14,36,0,0,0,114,,0	½ cup~70|1 package~1420
2071509	B	3	229,4.29,11.4,28.6,107,25.7,7.14,36,1.4,0,1.03,114,,0	½ cup~70|1 package~1420
2099994	B	3	200,2.86,10,24.3,43,22.9,6.43,36,0,0,0,114,,0	½ cup~70|1 package~1420
1887585	B	3	186,2.86,10,24.3,43,20,5.71,29,0,0,0,86,,8.6	½ cup~70|1 package~473
1949527	B	3	90,0,0,23.6,6,20.2,0,0,1.1,0,0,0,0,,0	1 bar~89|1 package~532
2304372	B	23	433,0,43.3,10,567,6.67,3.33,0,0,0,.33,0,33,,0	2 tbsp~30|1 package~355
1875212	B	10	50,0,0,12.5,0,10,0,0,.4,0,.3,0,75,.5	8 fl oz~240|1 package~946
1902639	B	10	50,0,0,12.5,0,10,0,0,.4,0,.3,0,75,.5	8 fl oz~240
2168617	B	8	633,3.33,40,46.7,67,43.3,36.7,0,3.3,0,6.33,0,667,,0	3 truffles~30
2615835	B	38	333,7.41,0,74.1,1220,0,0,0,0,0,5.33,148,,0,,,,0,5.93,1,.378,,148	¼ cup~27|1 package~907
2256869	B	81	333,7.41,0,74.1,1220,0,0,0,0,0,5.33,148,,0,,,,,5.93,1,.378,,148	¼ cup~27|1 package~2260
2072272	B	11	208,0,0,41.7,20400,41.7	1 serving~2.4|1 package~144
2013385	B	81	333,7.41,0,74.1,1220,0,0,0,0,0,5.33,148,,0,,,,,5.93,1,.378,.741	¼ cup~27
2010612	B	98	164,5,2.14,31.4,11,1.43,.36,0,.7,0,1.03,0,,0	1 serving~140|1 package~567
2010841	B	98	164,5,2.14,31.4,11,1.43,.36,0,.7,0,1.03,0,,0	1 serving~140|1 package~567
2010611	B	98	171,5,2.14,32.1,11,.71,.36,0,.7,0,1.03,0,,0	1 serving~140|1 package~567
2073392	B	98	171,5,2.14,32.1,11,.71,.36,0,.7,0,1.03,0,,0	1 serving~140|1 package~567
2073391	B	21	164,6.43,2.14,30.7,18,0,.71,0,4.3,0,1.29,14,,0	1 serving~140|1 package~567
2554478	B	33	236,6.8,13.2,22.4,232,.8,2,4,2.8,0,.72,100,108,,0	1 package~250
2554477	B	33	120,4.8,1.4,22,112,1.6,.4,2,2,0,.6,28,116,,0	1 package~250
2398748	B	68	123,4.41,2.64,21.6,322,2.64,.44,2,3.1,0,1.28,22,352,,0,0,0	1 pouch~227
2374654	B	11	0,0,0,0,20000,0,0,0,0,0,0,0,,0	1 tsp~.1|1 package~227
1918544	B	0	476,4.76,22.2,69.8,95,54,15.9,8,3.2,0,1.14,95,,0	1 pretzel~63
2388589	B	5	292,7.69,6.15,49.2,523,0,.77,0,1.5,0,2.92,15,92,,0	5 bites~65|1 package~170
2525548	B	5	246,7.69,5.38,47.7,462,6.15,.77,0,1.5,0,.77,0,0,,0	5 bites~65|1 package~340
2050200	B	5	251,8.24,3.53,45.9,397,0,.76,0,0,0,1.06,12,,0	1 serving~170
2324378	B	0	393,7.14,5.36,78.6,1210,7.14,0,0,3.6,0,4.29,0,0,,0,0,1.79	1 serving~28|1 package~397
1919333	B	0	393,7.14,5.36,78.6,1390,7.14,0,0,3.6,0,5.14,0,,0,,0,1.79	10 crackers~28|1 package~319
2381685	B	5	254,8.47,5.93,44.1,475,1.69,3.39,17,1.7,0,3.39,73,95,,0	1/3 pretzel~59|1 package~177
2381675	B	5	254,8.47,5.93,39,492,1.69,2.54,17,1.7,0,3.39,114,92,,0	113 pretzel~59|1 package~177
1950925	B	26	273,12.5,7.95,36.4,864,3.41,4.55,23,1.1,0,2.27,228,93,,0	4 pieces~88|1 package~1100
2031227	B	0	393,0,14.3,71.4,1460,7.14,3.57,0,10.7,0,1.29,0,,0	1 serving~28
1890028	B	12	464,7.14,28.6,57.1,339,25,10.7,0,7.1,0,5.14,71,,4.3	1 serving~28|1 package~85.1
2043584	B	102	536,5.36,30.4,57.1,236,39.3,17.9,18,0,0,0,179,,0	1 serving~28|1 package~113
1876094	B	0	464,3.57,25,64.3,1500,39.3,14.3,36,3.6,0,3.86,71,,0	1 serving~28|1 package~113
1866648	B	5	393,0,14.3,75,1540,7.14,5.36,0,10.7,0,1.29,0,,4.3	1 serving~28
2009223	B	0	464,0,21.4,64.3,1820,39.3,12.5,0,0,0,19.3,71,,0	1 serving~28|1 package~85.1
2044815	B	5	357,0,8.93,75,1000,3.57,3.57,0,0,0,0,71,,0	1 serving~28|1 package~85
2115089	B	0	464,3.57,25,64.3,250,39.3,14.3,18,3.6,0,3.86,71,,0	1 serving~28|1 package~85.1
2508479	B	0	433,10,11.7,70,1070,3.33,0,0,3.3,0,3.67,33,367,,2	1 serving~30|1 package~270
2538625	B	0	433,6.67,13.3,73.3,633,3.33,0,0,3.3,0,3.33,0,167,,2	12 nuggets~30|1 package~270
2315366	B	5	433,10,10,76.7,767,3.33,0,0,3.3,0,0,0,,0	15 pieces~30|1 package~100
1903392	B	5	400,10,13.3,66.7,700,3.33,0,0,3.3,0,4.8,0,,0	42 pieces~30|1 package~125
2167007	B	6	261,5.8,8.7,40.6,638,5.8,1.45,7,1.4,0,2.9,54,184,,0	180 amout~69|1 package~287
2642200	B	87	200,6,4,36,240,4,0,0,0,0,2.2,20,60,,0	1 serving~50|1 package~349
2567302	B	1	261,5.8,8.7,40.6,638,5.8,1.45,7,1.4,0,2.9,54,184,,0	6 bites~69|1 package~275
2630268	B	6	277,8.51,5.32,48.9,319,4.26,0,0,0,0,2.98,21,85,,0	1 bun~47
2106757	B	6	278,6.67,5,50,289,4.44,0,0,2.2,0,2.22,12,76,,0	1 bun~90|1 package~363
2545083	B	6	204,5.56,3.7,37,,3.7,0,0,1.9,0,1.85,11,72,,0	1 bun with 1/2 tsp. of salt~54|1 package~238
2271690	B	6	270,6.76,5.41,50,284,4.05,0,0,1.4,0,2.7,11,73,,0	1 bun~74|1 package~295
431601	B	5	518,10.4,23.3,67.4,337,10.4,10.4,0,0,0,0,0,,0	1 pack~19.3
2217241	B	12	250,42.9,5.36,17.9,1000,14.3,0,107,0,0,3.86,0,,4.3	1 serving~28|1 package~64
1948399	B	84	300,5,0,85,0,80	1 tbsp~20|1 package~500
2408656	B	84	300,5,0,85,0,80,0,,0,0	1 tbsp~20|1 package~500
2408658	B	84	300,5,0,85,0,80,0,,0,0	1 tbsp~20|1 package~500
2408657	B	84	300,5,0,85,0,80,0,,0,0	1 tbsp~20|1 package~500
2174536	B	8	344,3.12,15.6,65.6,0,56.2,9.38,0,3.1,0,1.69,0,0,0	3 candies~32|1 package~178
2174541	B	1	375,0,0,100,0,0,0,0,0,0	4 pieces~16|1 package~100
2174537	B	1	400,0,0,100,0,70,0,,0,0	1 pop~10|1 package~113
1919870	B	1	375,0,0,100,0,0,0,0,0,0	4 pieces~16|1 package~100
2408654	B	84	300,5,0,85,0,80,0,,0,0	1 tbsp~20|1 package~500
2408653	B	84	300,5,0,85,0,80,0,,0,0	1 tbsp~20|1 package~500
2408655	B	84	300,5,0,85,0,80,0,,0,0	1 tbsp~20|1 package~500
1920086	B	1	375,0,0,100,0,0,0,0,0,0	4 pieces~16|1 package~100
2106264	B	150	400,0,0,100,0,75,0,0,0,0	1 lozenge~4
2127184	B	150	400,0,0,100,0,75,0,0,0,0	1 lozenge~4
2053145	B	150	400,0,0,100,0,75,0,0,0,0	1 lozenge~4
2174535	B	8	344,3.12,15.6,65.6,0,56.2,9.38,0,3.1,0,1.69,0,0,0	3 candies~32|1 package~178
2174534	B	185	400,0,0,100,0,70,0,,0,0	1 pop~10|1 package~113
1124569	B	33	193,6.33,6.33,26.3,207,1,1.33,15,1.7,0,.33,60,,,0	1 package~300
1124567	B	33	187,7,7.33,21.3,207,2.33,1.33,7,2,0,1.33,17,,,0	1 package~300
716418	B	16	175,6.99,3.5,29.4,238,1.4,1.75,21,.7,0,1.89,77,63,,,.7,.35	10 ravioli~143
1163235	B	16	209,7.27,4.55,35.4,318,.91,1.36,9,.9,0,2.18,64,73,,,.91,1.82	1 cup~110
1124596	B	91	393,14.3,5.36,71.4,27,3.57,1.79,98,3.6,0,7.14,0,134,,0	1 serving~56
1124597	B	91	393,14.3,5.36,71.4,27,3.57,1.79,98,3.6,0,7.14,0,134,,0	1 serving~56
104099100170832	O	71	156,10.5,5.56,24.1,333,3.09,3.09,34,0,,.833,167,130,,.123,,,,,,,,,,,,,,,,,,,0	3 pieces~162
731034	B	16	300,11,7,48,260,4,2.5,105,2,0,3,96,221,,0	1 cup~100
728228	B	16	300,11,7,48,260,4,2.5,100,2,0,3,104,259,,0	1 cup~100
2430180	B	7	18,0,0,0,1000,0,0,0,0,0,0,0,0,,0	1 serving~28|1 package~650
1916235	B	10	50,0,0,12.5,3,11.7	8 fl oz~240|1 package~750
2045450	B	10	48,.75,0,11,0,9.25,,,,,,10,190,30,,,,,,0,,,20	1 container~400
1885182	B	2	400,40,30,0,2400,0,20,100,0,0,0,1200,,0	2 tsp~5|1 package~226
2430900	B	16	185,8.61,8.61,18.5,298,2.65,5.3,30,2.6,0,1.32,149,159,,0	2 manicotti~151|1 package~454
2585660	B	11	100,0,0,0,31400,,0,0,0,0,0,0,100,,0	¼ tsp~1|1 package~283
2488229	B	2	391,17.4,30.4,4.35,1650,4.35,17.4,109,0,0,.43,1400,130,,.425	1 slice~23|1 package~227
1934026	B	4	400,6.67,11.7,70,467,23.3,3.33,0,0,0,3.33,10,67,,0	16 cookies~30|1 package~396
2668348	B	9	381,6.35,20.6,44.4,524,15.9,9.52,32,3.2,0,1.59,40,103,,0	1 donut~63|1 package~454
2166742	B	20	183,4.93,9.15,19.7,232,16.2,5.63,21,1.4,0,0,16,,,0	1 tray~142
2428777	B	55	200,0,0,50,33,48.3,0,0,0,0,.6,17,408,120,0	2 fl oz~60|1 package~355
2065596	B	22	71,0,0,17.7,9,16.8,0,0,1.8,0,0,0,,0	1 -4 oz. unit~113|1 package~680
2139079	B	77	89,19.6,1.79,0,696,0,0,45,0,0,0,0,,0	1 serving~56
2398215	B	32	62,3.12,1.56,9.38,344,3.12,0,0,0,0,0,34,259,,0	2 tbsp~32|1 package~283
2286373	B	54	105,3.51,7.02,7.02,281,1.75,3.51,18,1.8,0,.63,35,,2.1	1 serving~57|1 package~255
2601488	B	2	393,25,32.1,3.57,929,0,21.4,71,0,0,0,714,0,,0	1 serving~28|1 package~227
2093832	B	78	197,18.2,12.6,2.02,258,1.01,2.53,48,1,0,.55,10,,3	1 serving~198
2093612	B	20	29,2.35,0,5.88,12,1.18,0,0,2.4,0,.42,24,,91.8	½ cup~85|1 package~283
2074894	B	67	357,7.14,0,78.6,2110,0,0,0,7.1,0,.64,71,,21.4	1 serving~28|1 package~133
2126497	B	15	214,7.14,16.1,14.3,357,3.57,1.79,0,3.6,0,1.29,71,,17.1	2 tbsp~28|1 package~284
2403685	B	2	333,6.67,26.7,13.3,350,3.33,16.7,100,0,0,0,137,200,,0	2 tbsp~30|1 package~198
2074892	B	45	123,5.38,.77,24.6,446,10.8,0,0,4.6,0,1.38,46,,0	½ cup~130|1 package~794
2128533	B	7	233,2.74,19.9,11.6,342,1.37,3.42,21,1.4,0,.49,41,,6.2	¾ cup~146|1 package~454
1912511	B	4	429,10.7,8.93,82.1,571,0,0,0,10.7,0,2.57,0,464,0,,1.79,5.36	6 crackers~28|1 package~227
1884927	B	116	429,10.7,14.3,71.4,482,0,1.79,0,10.7,0,2.57,0,393,0,,3.57,7.14	6 crackers~28|1 package~255
1884926	B	29	429,10.7,14.3,71.4,500,0,1.79,0,10.7,0,2.57,0,429,0,,3.57,7.14	6 crackers~28|1 package~255
1884925	B	29	464,10.7,12.5,71.4,571,0,1.79,0,10.7,0,2.57,0,393,0,,3.57,7.14	6 crackers~28|1 package~255
2545285	B	19	183,1.67,0,45,617,41.7,0,0,0,0,0,0,0,,0	1 serving~60
2289784	B	19	189,0,0,46,784,40.5,0	2 tbsp~37|1 package~793
2399451	B	32	211,7.02,17.5,5.26,526,3.51,12.3,61,0,0,0,154,95,,0	¼ cup~57|1 package~255
2489325	B	36	95,17.9,.6,1.19,161,,0,60,,,0,24,,1.4,0,,,,.952,0,.04,.048,0,,,.57,,,,,,0	1 serving~84|1 package~454
2062780	B	34	223,11.6,9.82,22.3,688,3.57,4.46,31,.9,0,.96,134,,3.2	1/3 pizza~112|1 package~337
2290158	B	27	304,12.5,26.8,3.57,964,1.79,10.7,62,0,0,1.29,36,,0	1 frank~56|1 package~454
2065598	B	43	312,12.5,0,50,5380,0,0,0,0,0,0,250,,30	¼ pouch~8|1 package~62.4
1993955	B	0	433,13.3,23.3,53.3,0,40,3.33,0,6.7,0,3.33,67,580,,0	¼ cup~30|1 package~255
2636308	B	6	349,4.65,18.6,41.9,244,23.3,3.49,70,0,0,0,47,51,,0	1 serving~43|1 package~425
2281571	B	0	467,3.33,20,73.3,317,46.7,16.7,0,0,0,1.8,33,0,,0	¼ cup~30|1 package~198
1955631	B	54	140,5.26,8.77,8.77,509,1.75,5.26,26,0,0,0,16,39,,0	1 serving~57|1 package~255
2403123	B	0	667,13.3,66.7,13.3,0,3.33,16.7,0,6.7,0,3.33,160,660,,0	¼ cup~30|1 package~170
2452366	B	2	393,25,32.1,0,607,,16.1,89,0,0,0,143,0,,0	1 serving~28|1 package~227
1884866	B	51	4,.83,0,.42,371,0,0,0,0,0,0,0,,0	1 cup~240|1 package~907
2399443	B	68	53,1.77,1.77,7.08,142,0,0,4,0,0,0,3,3,,0	1 serving~113|1 package~340
2059487	B	31	50,3,2,7,125,1,1,5,3,0,.72,20,300,60	¾ cup~100|1 package~340
2093608	B	20	47,2.35,0,10.6,18,4.71,0,0,3.5,0,.85,71,,466	½ cup~85|1 package~283
2065319	B	19	33,0,0,0,3070,0,0,0,0,0,0,0,100,16	1 tbsp~15|1 package~362
2544022	B	19	183,0,18.3,3.33,2900,0,2.5,17,0,0,0,0,0,,0	1 serving~60
2103159	B	66	224,6.58,3.95,42.1,487,0,.66,0,6.6,0,2.37,105,,0	1 tortilla~76|1 package~456
2636309	B	9	326,4.65,16.3,44.2,372,25.6,5.81,93,0,0,2.33,30,28,,0	1 slice~43|1 package~425
2146914	B	140	297,6.25,10.9,45.3,875,4.69,5.47,0,1.6,0,2.81,62,109,,0	1 biscuit~64
2105981	B	38	361,9.84,3.28,70.5,1000,14.8,0,25,1.6,0,2.95,164,230,0,,.82,.82,,3.28,0,.279,,,,574	½ cup~61|1 package~907
2093790	B	0	500,12.5,28.1,50,250,37.5,6.25,0,3.1,0,1.12,62,,0,,14.1,7.81	3 tbsp~32|1 package~396
1876670	B	30	533,0,30,60,1130,33.3,30,0,0,0,0,0,,0	1 cup~15|1 package~180
2611352	B	9	443,3.28,27.9,45.9,189,35.2,9.02,29,.1,0,.41,37,66,,0	1 cake~122
2386835	B	20	153,4.12,12.9,5.29,282,2.94,3.53,18,1.8,0,.59,135,205,,0	1 tray~170
2073479	B	16	357,12.5,1.79,73.2,0,3.57,0,0,3.6,0,3.21,0,,0,,0,.89,,7.14,1,.455,,214	¾ cup~56|1 package~454
2273446	B	80	411,7.26,24.2,41.1,371,4.03,2.82,20,2.4,0,10.2,0,,4.8	¾ cup~124|1 package~794
2055711	B	2	393,25,32.1,0,643,0,21.4,107,0,0,0,714,,0	3 slices~28|1 package~283
1912527	B	2	393,25,32.1,3.57,643,0,21.4,107,0,0,0,714,,0	1 serving~28|1 package~227
1951277	B	27	321,21.4,25,0,946,0,8.93,80,0,0,.64,36,,0	1 pan cooked link~56|1 package~454
1938600	B	9	381,5.31,23,39.8,221,22.1,9.73,58,1.8,0,.88,51,109,,0	1 slice~113|1 package~454
2128523	B	80	132,7.27,9.55,3.64,259,2.27,2.27,23,.9,0,.33,114,,1.6	1 package~220
2114362	B	4	419,3.23,19.4,64.5,290,32.3,6.45,0,3.2,0,3.23,13,106,,0	2 cookies~31|1 package~368
1893063	B	13	500,6.67,23.3,66.7,283,36.7,13.3,0,3.3,0,1.2,67,283,,,5,1.67	1 bar~30|1 package~180
1893060	B	13	452,6.45,16.1,71,210,38.7,11.3,0,3.2,0,2.32,65,274,,,3.23,0	1 bar~31|1 package~186
2065579	B	45	85,5.38,.77,15.4,269,0,0,0,5.4,0,1.38,31,,0	½ cup~130|1 package~439
1953106	B	80	147,9.04,11.3,3.39,316,1.13,2.26,25,1.1,0,1.53,141,,2.7	1 package~177
2590508	B	51	45,3.27,1.43,4.9,331,.82,.41,6,.4,0,.33,8,98,,0	1 cup~245|1 package~907
2091171	B	51	8,1.67,0,.42,212,.42,0,0,0,0,0,0,,0	1 cup~240|1 package~907
1892927	B	19	233,0,23.3,6.67,2000,6.67,3.33,33,0,0,0,0,100,8	1 tbsp~15|1 package~362
2075610	B	89	119,7.2,6.78,7.2,521,1.27,2.97,21,1.3,.42,1.14,17,,0	1 cup~236|1 package~425
2075611	B	89	113,6.48,4.45,12.2,526,.81,2.02,12,2.8,0,1.09,16,,0	1 cup~247|1 package~425
2611351	B	4	425,5,21.2,58.1,350,36.2,11.2,47,1.9,0,3.12,34,125,,0	1 square~160
2114816	B	4	435,4.71,21.2,60,212,35.3,11.8,29,2.4,0,3.18,24,,0	1 cookie~85|1 package~850
2065991	B	82	120,1.09,2.72,22.8,141,15.2,1.63,0,2.2,0,1.17,326,125,0	1 pudding cup~92|1 package~368
2167498	B	0	500,13.3,30,50,0,33.3,6.67,0,6.7,0,1.8,33,350,,0	¼ cup~30|1 package~510
2095868	B	33	150,3.54,0,31,62,.88,0,0,.9,0,1.27,35,,3.2	1 serving~113|1 package~340
2445308	B	2	250,17.9,17.9,3.57,232,0,12.5,54,0,0,0,286,0,,0	1 serving~28|1 package~227
2047159	B	40	400,0,0,100,0,80,0,0,0,0,0,0,,0	36 pieces~15|1 package~163
2437105	B	9	349,4.65,18.6,44.2,349,25.6,4.65,81,0,0,2.33,30,28,,0	1 serving~43|1 package~425
2093622	B	45	85,4.62,0,15.4,269,.77,0,0,3.8,0,1.38,46,,0	½ cup~130|1 package~439
2436675	B	29	400,6.67,10,73.3,900,0,0,0,0,0,6.67,13,107,,0	5 crackers~15|1 package~453
2416278	B	11	0,0,0,0,34400,0,0,,0,0,0,0,0	¼ tsp~2.5|1 package~907
1952062	B	80	141,7.77,10.7,2.43,354,1.46,1.94,63,1,0,.7,29,,1.7	1 package~206
1947347	B	10	54,0,0,13.3,6,12.9,0,0,0,0,0,4,33,,0	8 fl oz~240|1 package~1750
2405134	B	26	94,16.5,0,7.06,635,5.88,0,171,0,0,.85,47,,0	1 serving~85|1 package~283
1815054	B	6	357,7.14,16.1,46.4,232,21.4,3.57,71,0,0,1.29,36,71,,0	1 serving~28|1 package~397
2055246	B	38	360,4,0,86,720,30,0,0,2,0,.72,40,,0	.11 th dry mix~50|1 package~453
1874941	B	30	372,0,0,88.4,0,83.7,,,,,,,,279	1 single serve cup~21.5|1 package~258
2405143	B	62	357,0,42.9,0,714,0,10.7,0,0,0,0,0,0,,7.15	1 tbsp~14|1 package~425
2311069	B	7	169,1.54,0,41.5,38,36.9,0,0,1.5,0,0,8,38,,0	¼ cup~65|1 package~425
2590498	B	29	480,8,18,72,200,40,8,80,0,0,4.32,0,0,,0	1 pieces~25|1 package~198
2099068	B	49	594,21.9,50,21.9,375,9.38,7.81,0,6.2,0,2.25,62,,0,,25,15.6,,12.5	2 tbsp~32|1 package~462
2071868	B	31	35,1.18,0,8.24,53,4.71,0,0,3.5,0,.42,24,188,2.8	½ cup~85|1 package~306
1885184	B	14	385,3.85,3.85,88.5,538,42.3,0,0,3.8,0,17.3,0,135,0,7.7,1.92,0,,19.2,1,1.64,1.92,,,,,14.4	1 cup~26|1 package~368
2456482	B	14	355,6.45,0,87.1,484,29,0,0,9.7,0,26.1,0,210,67.7,0,0,0,,22.6,2,1.92,2.26,,,,6.77	1 cup~31|1 package~317
2062777	B	34	232,7.28,10.6,24.5,583,3.31,3.97,23,1.3,0,.95,132,,4	¼ pizza~151|1 package~604
1890873	B	34	213,10.2,7.09,27.6,551,2.36,2.36,20,.8,0,.85,118,,0	¼ pizza~127|1 package~509
2154191	B	22	500,3.33,26.7,66.7,0,20,23.3,0,10,0,3.6,33,350,,0	¼ cup~30|1 package~227
2098059	B	5	571,7.14,39.3,50,607,0,10.7,0,3.6,0,2.57,0,,32.1,,7.14,21.4	1 serving~28|1 package~142
1981078	B	1	367,0,0,90,133,73.3,0,0,3.3,0,1.8,100,0,,0	¼ cup~30|1 package~198
2611348	B	6	246,8.77,4.39,45.6,439,3.51,1.75,0,1.8,0,2.63,9,79,,0	1 serving~57|1 package~454
2463094	B	20	41,1.18,0,9.41,76,5.88,0,0,2.4,0,.47,24,318,8.2,0	1 serving~85|1 package~340
2074896	B	37	9,.88,0,1.77,124,.88,0,0,.9,0,.32,0,49,53.1	1 cup~113|1 package~454
2059592	B	52	212,3.03,7.58,31.8,159,22.7,3.79,15,0,0,0,91,205,0	½ cup~66|1 package~1420
2050419	B	30	400,0,13.3,66.7,1400,33.3,13.3,0,0,0,0,0,,0	1 cup~15|1 package~180
2167494	B	0	467,6.67,23.3,66.7,567,36.7,23.3,0,6.7,0,4.2,33,233,,0	¼ cup~30|1 package~198
2091169	B	8	476,4.76,19,73.8,48,61.9,11.9,12,0,0,1.71,48,,0	7 pieces~42|1 package~120
2434291	B	55	65,1.3,0,16.2,0,13,0,0,1.9,0,.39,13,222,,0	1 cup~154|1 package~340
2059589	B	28	107,17.9,3.57,0,786,0,0,36,0,0,1.29,0,,0	1 slice~28|1 package~454
2059584	B	28	429,21.4,39.3,0,1540,0,14.3,89,0,0,0,0,,0	4 slices~28|1 package~198
2059590	B	28	107,17.9,1.79,3.57,786,3.57,0,36,0,0,1.29,0,,0	1 slice~28|1 package~454
2059586	B	28	161,30.4,4.46,1.79,625,0,1.79,89,0,0,2.57,0,,0	1 serving~56|1 package~198
2059488	B	27	179,12.5,14.3,1.79,804,0,5.36,45,0,0,.64,0,,0	1 frank~56|1 package~340
2059582	B	63	327,11.2,9.18,49,776,4.08,3.06,10,2,0,1.84,153,224,0,,2.04,3.57	1 serving~98|1 package~397
2065586	B	37	9,0,0,2.65,124,.88,0,0,.9,0,.32,18,80,53.1	1 cup~113|1 package~454
2611347	B	9	427,2.44,22,57.3,317,47.6,9.76,12,0,0,1.22,18,55,,0	82 g slice~82|1 package~1389
2431962	B	31	20,2.02,0,4.04,101,1.01,0,0,1,0,.51,15,89,,0	1 cup~198
2387919	B	22	667,6.67,63.3,23.3,33,6.67,56.7,0,16.7,0,3.6,33,350,,0	¼ cup~30|1 package~198
2167035	B	22	367,0,0,93.3,233,66.7,0,0,0,0,1.2,67,0,,0	¼ cup~30|1 package~198
1981067	B	22	333,0,0,86.7,133,66.7,0,0,0,0,.6,33,0,,0	¼ cup~30|1 package~213
1981064	B	22	367,0,0,93.3,283,76.7,0,0,0,0,1.8,33,0,,0	¼ cup~30|1 package~312
1934223	B	30	400,6.67,13.3,73.3,1330,40,13.3,0,6.7,0,2.4,0,,0	1 single serve cup~15|1 package~180
1922350	B	30	250,0,0,0,1750,0,,,,,,,1000	½ packet~2|1 package~39.6
2103988	B	30	250,0,0,0,0,0	½ packet~2|1 package~39.6
1922298	B	30	455,0,0,0,0,0	½ packet~1.1|1 package~22.6
2489289	B	30	312,0,0,0,0,0,,,,,,,,,,,,,125,,,12.5,,,,37.5,,31.2	½ packet~1.6|1 package~31.1
2653846	B	9	272,1.75,12.3,38.6,272,15.8,6.14,0,.9,0,0,9,66,,0	1 slice~114|1 package~680
2653844	B	6	214,7.14,0,46.4,375,8.93,0,0,1.8,0,2.68,18,161,,0	1 serving~56|1 package~454
1950382	B	7	296,9.18,28.6,1.02,316,0,5.1,291,0,0,1.47,41,,0	½ cup~98|1 package~227
2073476	B	16	357,12.5,1.79,73.2,0,3.57,0,0,3.6,0,3.21,0,,0,,0,.89,,7.14,1,.455,,214	¾ cup~56|1 package~454
2073475	B	16	357,12.5,1.79,73.2,0,3.57,0,0,3.6,0,3.21,0,,0,,0,.89,,7.14,1,.455,,214	½ cup~56|1 package~454
2669151	B	6	232,8.93,2.68,44.6,696,.18,0,0,1.8,0,2.68,45,134,,0	1 serving~56|1 package~454
2104027	B	66	289,8.89,8.89,46.7,600,2.22,2.22,0,2.2,0,3.2,178,,0	1 tortilla~45|1 package~450
2059591	B	84	286,0,0,81,0,76.2	1 tbsp~21|1 package~680
2062785	B	39	38,3.33,0,5.42,54,5,0,2,0,0,0,208,167,0,1.05,,,,,,.177,,,,104,.5	1 cup~240|1 package~1890
2055342	B	2	73,9.68,0,6.45,121,6.45,0,24,1.6,0,0,323,,1.9	¼ cup~62|1 package~425
1884869	B	99	300,5.71,11.4,42.9,500,5.71,1.43,7,1.4,0,2.57,0,64,0,,5.71,3.57	2 waffles~70|1 package~350
2295702	B	36	167,13.1,10.1,4.55,460,.51,3.03,68,0,0,.73,76,106,,.75	1 serving~198
2611350	B	6	246,10.5,4.39,40.4,456,1.75,2.63,9,0,0,1.75,105,70,,0	1 serving~57
1912750	B	27	304,12.5,25,1.79,1070,1.79,8.04,62,0,0,.64,0,,2.1	1 frank~56|1 package~454
2386828	B	6	328,7.46,10.4,50.8,403,14.9,5.22,22,1.5,0,.75,22,119,,0	2 slices~67|1 package~500
2071869	B	31	27,1.37,0,6.85,14,1.37,0,0,2.7,0,.99,55,123,3.3	½ cup~73|1 package~306
2109895	B	27	318,21.2,24.7,1.18,788,0,9.41,76,0,0,.85,24,,0	1 pan cooked patty~85|1 package~1361
2434191	B	55	49,.82,.41,12.3,0,7.38,0,0,4.1,0,.57,20,123,,0	¾ cup~122|1 package~1360
2116057	B	55	68,.76,.38,15.2,0,13.6,0,0,1.5,0,.15,11,168,,0	¾ cup~132
2116007	B	55	60,.66,0,15.9,0,8.61,0,0,2.6,0,.53,11,252,,0	1 cup~151|1 package~1360
1912771	B	52	182,3.03,6.06,31.8,61,24.2,3.79,15,0,0,0,91,212,0	½ cup~66|1 package~1420
1887925	B	52	242,4.55,10.6,33.3,144,24.2,4.55,23,1.5,0,0,91,258,0	½ cup~66|1 package~1420
1887924	B	3	212,3.03,7.58,31.8,76,24.2,5.3,15,0,0,0,91,273,0	½ cup~66|1 package~1420
1900293	B	1	349,0,0,86,0,55.8,0,0,0,0,0,0,,0	3 pieces~43|1 package~340
2552441	B	2	300,6.67,26.7,6.67,667,6.67,20,67,0,0,0,133,200,,0	2 tbsp~30|1 package~227
2611349	B	6	246,8.77,.88,47.4,596,0,0,0,1.8,0,3.51,9,70,,0	1 serving~57|1 package~397
1926358	B	4	471,2.94,20.6,73.5,294,38.2,5.88,0,0,0,2.94,6,53,,0	3 cookies~34|1 package~405
1885179	B	14	375,9.38,3.12,81.2,422,25,0,0,6.2,0,22.5,312,438,0,,0,0,,15.6,1,1.33,1.56,,,312,,11.7	¾ cup~32|1 package~510
1900294	B	1	409,0,4.55,90.9,45,54.6,0,0,0,0,0,0,,0	1 pieces~11|1 package~155
2073495	B	1	412,0,5.88,94.1,412,70.6,0,0,0,0,0,0,,0	3 pieces~17|1 package~311
1900295	B	1	412,0,0,100,0,82.4,0,0,0,0,0,0,,0	3 pieces~17|1 package~311
2091170	B	0	475,2.5,27.5,62.5,38,55,20,0,2.5,0,.9,50,,0	32 pieces~40|1 package~120
2073491	B	1	381,0,0,97.6,0,92.9,0,0,0,0,0,0,,0	6 pieces~42|1 package~184
2073492	B	1	308,7.69,0,71.8,38,43.6,0,0,0,0,0,0,,0	15 pieces~39|1 package~240
2073484	B	1	300,5,0,70,25,50,0,0,0,0,0,0,,0	6 pieces~40|1 package~134
2073483	B	1	375,7.5,0,85,12,50,0,0,0,0,0,0,,0	4 pieces~40|1 package~127
2073485	B	1	325,5,0,72.5,62,47.5,0,0,0,0,0,0,,0	4 pieces~40|1 package~240
1900292	B	1	381,2.38,0,90.5,24,45.2,0,0,0,0,0,0,,0	7 pieces~42|1 package~127
2073488	B	1	375,0,0,95,38,55,0,0,0,0,0,0,,0	13 pieces~40|1 package~255
2073489	B	1	310,0,0,78.6,24,47.6,0,0,0,0,0,0,,0	7 pieces~42|1 package~283
2070736	B	1	400,0,0,93.3,0,86.7,0,0,0,0,0,0,,0	20 pieces~15|1 package~226
2073493	B	1	300,5,0,80,12,50,0,0,0,0,0,0,,0	5 pieces~40|1 package~226
2073487	B	1	368,0,0,84.2,0,55.3,0,0,0,0,0,0,,0	13 pieces~38|1 package~340
1897757	B	1	375,0,0,100,0,81.2,0,0,0,0,0,0,,0	3 pieces~16|1 package~311
2043422	B	1	300,5,0,75,25,50,0,0,0,0,0,0,,0	5 pieces~40|1 package~134
2073494	B	1	350,2.5,7.5,70,38,50,1.25,0,0,2.5,1.8,50,,0	6 pieces~40|1 package~141
2073490	B	1	413,2.17,8.7,80.4,239,60.9,2.17,11,0,1.09,0,87,,0	7 pieces~46|1 package~198
2070735	B	79	417,0,0,100,0,100,0,0,0,0,0,0,,0	2 pieces~6|1 package~198
2287281	B	1	343,0,0,85.7,0,51.4,0,0,0,0,0,0,,0	3 pieces~35|1 package~481
2043425	B	1	359,0,0,87.2,13,53.8,0,0,0,0,0,0,,0	7 pieces~39|1 package~368
2047160	B	1	333,0,0,86.7,0,73.3,0,0,0,0,0,0,,0	40 pieces~15|1 package~163
2047839	B	1	351,0,0,89.2,68,54,0,0,0,0,0,0,,0	6 pieces~37|1 package~453
2120944	B	3	212,2.35,8.24,31.8,44,27.1,7.06,0,0,0,0,59,176,,0	2/3 cup~85|1 package~473
2477600	B	3	200,2.35,9.41,24.7,47,23.5,8.24,0,0,0,1.18,65,112,,3.52	2/3 cup~85|1 package~473
2439225	B	0	393,3.57,7.14,82.1,179,53.6,0,0,3.6,,1.29,0,,0	1 serving~28|1 package~212
2055345	B	4	500,3.85,30.8,57.7,346,23.1,19.2,0,0,0,2.77,0,,0	.1 crust~26|1 package~255
2386868	B	55	233,1.67,0,63.3,25,60,0,0,0,0,.6,17,117,120,0	2 fl oz~60|1 package~355
2055715	B	2	400,40,20,0,1700,0,20,100,0,0,0,1200,,0	2 tsp~5|1 package~226
2279710	B	2	400,40,20,0,900,0,,100,,0,0,0,0,,0	1 tbsp~5|1 package~227
1892565	B	17	87,8.67,0,12.7,37,12,,7,.7,,,100,167	1 container~150
1914784	B	17	67,8,0,9.33,47,8.67,,7,.7,,,100,153	1 container~150
1960204	B	20	158,0,5.26,28.1,175,22.8,2.63,0,1.8,0,0,35,123,,0	1 tray~57
2113958	B	20	35,1.18,0,7.06,0,3.53,0,0,2.4,0,.85,24,,10.6	½ cup~85|1 package~255
1900291	B	1	300,5,0,70,25,50,0,0,0,0,0,0,,0	5 pieces~40|1 package~134
2043426	B	1	300,5,0,70,62,45,0,0,0,0,3.6,0,,0	9 pieces~40|1 package~382
2430584	B	36	92,19,.35,0,70,0,0,56,0,0,1.41,40,0,,0	1 serving~142|1 package~908
2398576	B	78	207,11.1,15.2,7.07,394,1.01,3.03,40,.5,0,.18,20,177,,.1	1 serving~198
2065308	B	87	264,19.8,6.6,31.1,1050,3.77,3.3,38,1.9,0,2.55,189,,25.5	1 serving~106|1 package~212
2413966	B	27	147,17.6,3.68,7.35,750,5.88,.74,88,0,0,1.18,15,279,,0	1 link~68|1 package~340
1898648	B	49	550,0,35,55,45,55,10,0,2.5,0,1.8,0,,0	1 serving~20|1 package~750
2097465	B	89	62,6.25,3.12,6.25,438,0,0,0,6.2,0,0,0,,0	1 tbsp~16|1 package~283
2065333	B	19	189,0,0,48.6,784,43.2,0	2 tbsp~37|1 package~510
2096669	B	68	159,1.77,9.73,15.9,195,.88,6.19,31,1.8,0,.32,18,,5.3	1 serving~113|1 package~454
2114027	B	107	40,0,1.61,4.84,387,,.81,0,,,,5,16	¼ cup~62|1 package~340
2538357	B	50	300,0,0,100,4400,100,0,0,0,0,2,0,400,,0	¼ tsp~1|1 package~283
1974334	B	2	333,3.33,30,13.3,383,10,16.7,83,0,0,0,150,227,,0	2 tbsp~30|1 package~198
2168612	B	2	367,6.67,26.7,16.7,283,6.67,15,83,0,0,0,127,130,,0	2 tbsp~30|1 package~198
2565434	B	6	267,11.2,1.29,55.2,431,4.31,0,0,2.6,0,3.45,30,121,,0	1 bagel~116|1 package~680
2050424	B	12	464,3.57,28.6,46.4,1390,7.14,5.36,0,3.6,0,1.29,71,,0	1 serving~28|1 package~340
2438646	B	30	400,6.67,13.3,66.7,1070,33.3,13.3,0,6.7,0,0,0,,0	1 single serve cup~15|1 package~180
1881353	B	30	400,6.67,13.3,73.3,1330,40,13.3,0,6.7,0,2.4,0,,0	1 cup~15|1 package~180
1878573	B	30	400,6.67,13.3,73.3,1330,40,13.3,0,6.7,0,2.4,0,,0	1 single serve cup~15|1 package~180
1949925	B	27	304,21.4,23.2,1.79,750,1.79,8.93,80,0,0,.64,36,,0	1 serving~56|1 package~454
2601491	B	27	132,20.6,4.41,1.47,779,0,.74,88,0,0,1.32,15,279,,0	1 link~68|1 package~340
2621842	B	27	321,21.4,25,1.79,750,1.79,8.93,80,0,0,.64,36,,0,,,,0	1 pan cooked link~56|1 package~454
1935136	B	15	214,7.14,16.1,14.3,411,3.57,1.79,0,3.6,0,1.29,0,,0	2 tbsp~28|1 package~284
1914311	B	15	143,3.57,8.93,14.3,304,3.57,0,0,3.6,0,1.29,0,,8.6	2 tbsp~28|1 package~284
1887923	B	3	212,3.03,9.09,28.8,68,22.7,6.06,38,0,0,0,91,159,0	½ cup~66|1 package~1420
1887920	B	3	212,3.03,10.6,25.8,76,19.7,6.82,45,0,0,0,121,174,0	½ cup~66|1 package~1420
2043423	B	4	440,4,16,68,340,28,8,0,4,0,1.44,0,,0	1 cookies~25|1 package~252
1956611	B	27	217,21.7,13.3,1.67,867,1.67,4.17,108,0,0,.6,0,,0	1 pan cooked link~60|1 package~397
2552428	B	23	222,0,20,13.3,1200,8.89,3.33,0,,0,0,0,0,,0	1 serving~45
2055352	B	41	800,0,93.3,0,0,,13.3,0,,0,,,,,,66.7,10	1 tbsp~15|1 package~500
2565431	B	74	228,8.77,0,43.9,474,.18,0,0,1.8,0,2.63,0,79,,0	1 serving~57|1 package~454
2621846	B	64	333,21.4,26.2,2.38,857,2.38,9.52,83,0,0,.86,0,,0,,,,0	1 pan~42|1 package~454
1923121	B	3	73,0,0,18.2,0,18.2,0,0,0,0,0,0,,65.5	1 pop~55|1 package~1240
2093613	B	19	139,0,0,27.8,1060,22.2,0,0,0,0,0,0,,0	1 tbsp~18|1 package~255
2062784	B	39	38,3.33,0,5.42,54,5,0,2,0,0,0,125,167,0,1.05,,,,,,.177,,0,,104,.5	1 cup~240|1 package~1890
2093607	B	39	67,3.33,3.75,5.42,54,5,2.08,15,0,0,0,125,167,0,1.05,1.04,0,,,,.177,,0,,104,.5	1 cup~240|1 package~1890
2611346	B	46	366,3.92,15.7,51,333,28.1,2.94,52,.7,0,.65,85,69,,0	1 muffin~153|1 package~567
1918175	B	18	46,0,0,11.2,4,10.8,,,,,,,,1	8 fl oz~240|1 package~1745
1918174	B	18	50,0,0,12.1,2,11.2,,,,,,,,1	8 fl oz~240|1 package~1745
2425696	B	20	26,1.72,0,8.62,2,3.45,0,0,3.4,0,0,26,138,.1,0	1 medium~58
2065593	B	45	85,5.38,0,14.6,277,1.54,0,0,4.6,0,1.38,31,,0	½ cup~130|1 package~439
2074897	B	37	27,1.77,0,4.42,124,2.65,0,0,1.8,0,.32,0,53,53.1	1 cup~113|1 package~454
1887918	B	63	371,12.9,2.86,71.4,814,11.4,.71,7,2.9,0,2.57,114,,0	1 serving~70|1 package~207
2437072	B	9	349,4.65,16.3,46.5,419,25.6,5.81,93,0,0,2.33,35,49,,0	1 serving~43|1 package~425
2093610	B	35	105,5.26,4.39,8.77,509,3.51,2.63,9,0,0,.63,0,,0	1 serving~57|1 package~255
2095869	B	33	159,.88,7.96,19.5,319,6.19,5.31,22,2.7,0,.64,35,,2.1	1 serving~113|1 package~454
2055709	B	2	357,25,28.6,3.57,607,0,17.9,107,0,0,0,714,,0	¼ cup~28|1 package~227
2167142	B	0	433,10,23.3,53.3,0,36.7,3.33,0,6.7,0,2.4,100,350,,0	¼ cup~30|1 package~510
2601489	B	27	118,19.1,3.68,2.94,735,1.47,.74,74,1.5,0,1.32,15,309,,0	1 link~68|1 package~340
2078442	B	39	62,3.33,3.33,5,50,4.58,2.08,15,0,0,0,125,,1,1.05	1 cup~240|1 package~3780
2073477	B	16	357,12.5,1.79,73.2,0,3.57,0,0,3.6,0,3.21,0,,0,,0,.89,,7.14,1,.455,,214	½ cup~56|1 package~454
1935131	B	34	216,11.4,6.82,30.7,477,3.41,2.84,17,3.4,0,2.05,114,,5.5,,2.27,1.14	4 pieces~88|1 package~881
2045451	B	5	393,10.7,3.57,82.1,1680,3.57,0,0,3.6,0,0,0,,0	1 serving~28
2434287	B	55	48,.8,0,12,0,9.6,0,0,1.6,0,.4,10,178,,0	¾ cup~125|1 package~454
2102058	B	98	107,2.14,.36,22.1,18,1.43,0,0,1.4,0,1.03,14,89,1.7,,0,0	¾ cup~140|1 package~283
2055713	B	2	393,21.4,32.1,3.57,714,0,21.4,107,0,0,0,714,,0	3 slices~28|1 package~283
2113205	B	40	533,6.67,23.3,73.3,67,73.3,20,0,0,0,0,133,,0	30 pieces~15|1 package~340
2399270	B	2	250,17.9,17.9,3.57,304,0,12.5,54,0,0,0,286,0,,0	1 serving~28|1 package~454
2385901	B	2	464,10.7,46.4,0,143,0,10.7,36,0,0,0,214,0,,0	1 serving~28|1 package~340
2654000	B	104	0,0,0,0,26700	.12 tsp~.6|1 package~454
2065595	B	73	0,0,0,100,0,0	1 packet~2|1 package~80
2055699	B	2	344,25,28.1,3.12,875,0,15.6,62,0,0,0,781,,0	3 slices~32|1 package~215
2055701	B	2	375,28.1,28.1,6.25,188,0,18.8,94,0,0,0,781,,0	3 slices~32|1 package~193
2418606	B	20	45,.65,0,12.3,9,9.09,0,0,1.9,0,0,40,162,.1,0	1 medium~154|1 package~3630
1887916	B	3	188,3.12,9.38,23.4,78,23.4,6.25,39,0,0,0,125,,0	½ cup~64|1 package~3780
2486233	B	51	143,3.67,11.4,6.94,314,2.04,6.94,43,.4,.2,.49,45,151,,.45	1 cup~245|1 package~907
1938601	B	9	383,5.32,22.3,39.4,223,22.3,9.57,59,2.1,0,1.06,52,109,,0	1 slice~94|1 package~1130
1902478	B	17	67,8,0,9.33,50,9.33,,7,.7,,,100,153	1 container~150
2043424	B	4	440,4,16,68,340,32,6,0,4,0,1.44,0,,0	1 cookie~25|1 package~252
2045448	B	4	440,4,16,68,340,28,8,0,4,0,1.44,0,,0	1 cookie~25|1 package~252
2047161	B	4	440,4,16,68,280,28,8,0,0,0,2.88,0,,0	1 cookiie~25|1 package~252
2047162	B	4	385,3.85,13.5,61.5,288,26.9,5.77,0,0,0,1.38,0,,0	1 cookie~26|1 package~234
2630102	B	2	333,6.67,30,6.67,250,,20,83,0,,,0,100	2 tbsp~30|1 package~198
2565432	B	6	242,8.05,1.34,49.7,423,4.03,0,0,2.7,0,2.68,20,141,,0	1 bagel~149|1 package~680
2043428	B	12	464,3.57,25,57.1,1610,3.57,3.57,0,0,0,0,0,,12.9	1 serving~28|1 package~227
2500470	B	55	183,1.67,0,45,0,40,0,0,0,0,.9,17,700,140,0	2 fl oz~60|1 package~473
2488017	B	10	46,.83,0,10.8,0,8.33,,,,,,,168,28.3,,,,,.417,0,,.042,10,10	8 fl oz~240|1 package~1750
1887928	B	3	102,0,.85,22.9,38,22.9,.42,4,0,0,0,17,,0	½ cup~118|1 package~946
2062782	B	7	0,0,0,3.57,1390,0	1 serving~28|1 package~710
2065307	B	87	75,6.17,.44,11,388,1.32,0,11,.9,0,,26,,2.6	1 serving~227
2073480	B	16	357,12.5,1.79,73.2,0,3.57,0,0,3.6,0,3.21,0,,0,,0,.89,,7.14,1,.455,,214	1 serving~56|1 package~340
2543929	B	23	511,2.22,53.3,6.67,911,4.44,8.89,22,0,0,0,44,0,,0	1 serving~45
2047165	B	0	500,13.3,30,50,233,40,13.3,0,6.7,0,0,67,,0,,10,5	¼ cup~30|1 package~255
1876671	B	0	645,25.8,51.6,19.4,355,12.9,8.06,0,6.5,0,1.16,65,484,0,,25.8,11.3	¼ cup~31|1 package~453
2114370	B	4	500,3.33,26.7,56.7,333,23.3,11.7,17,3.3,0,3.33,13,77,,0	2 cookies~30|1 package~320
2399419	B	16	159,6.19,.88,31,0,.88,0,0,0,0,.88,7,44,,0	1 serving~113|1 package~227
2070737	B	1	375,0,0,100,0,81.2,0,0,0,0,0,0,,0	3 pieces~16|1 package~311
1890876	B	7	107,0,0,25,571,21.4,0,0,0,0,0,0,,0	1 serving~28|1 package~739
1873610	B	0	536,7.14,35.7,50,1140,3.57,5.36,0,7.1,0,1.29,71,,0	1 serving~28|1 package~255
1874943	B	0	571,10.7,39.3,42.9,1180,7.14,7.14,18,7.1,0,1.29,143,,0	1 serving~28|1 package~312
1890875	B	129	106,0,0,25.9,12,20,0,0,2.4,0,0,0,,0	1/3 cup~85|1 package~595
1890874	B	129	94,0,0,24.7,12,18.8,0,0,1.2,0,.42,0,,0	1/3 cup~85|1 package~595
2062778	B	129	106,0,0,24.7,12,21.2,0,0,0,0,.42,0,,0	1/3 cup~85|1 package~595
2403135	B	0	667,13.3,70,13.3,0,3.33,6.67,0,3.3,0,6.67,17,597,,0	¼ cup~30|1 package~128
1950785	B	54	105,0,3.51,19.3,123,14,0,0,0,0,0,18,53,,0	1 serving~57|1 package~227
2611353	B	6	275,10.8,1.47,52.9,549,3.92,0,0,2,0,3.92,39,157,,0	1 bagel~102|1 package~680
2551533	B	74	214,8.93,1.79,41.1,446,.18,0,0,3.6,0,2.68,18,107,,0	1 serving~56|1 package~454
1890871	B	34	226,9.77,8.27,27.8,534,3.76,3.76,23,1.5,0,.81,188,,3.6	¼ pizza~133|1 package~530
1890872	B	34	244,8.15,11.1,25.9,637,3.7,4.44,22,1.5,0,.8,148,,3.6	¼ pizza~135|1 package~541
2461922	B	78	204,20.4,13.4,0,60,0,3.17,56,0,0,.35,7,359,,11	1 serving~142|1 package~284
2065316	B	27	304,19.6,23.2,1.79,875,1.79,8.93,80,0,0,.64,36,,0	1 serving~56|1 package~454
2095867	B	54	105,5.26,5.26,7.02,596,1.75,2.63,9,0,0,.63,0,,2.1	1 serving~57|1 package~255
2669150	B	6	237,7.53,2.69,45.2,419,.11,0,0,.1,0,3.23,5,81,,0	1 roll~93|1 package~369
2456136	B	5	536,7.14,35.7,50,750,3.57,8.93,0,3.6,0,1.29,0,,21.4	1 serving~28|1 package~283
1881351	B	5	536,7.14,35.7,50,1040,0,10.7,0,3.6,0,1.29,0,,21.4	1 serving~28|1 package~283
2065993	B	82	120,1.09,2.72,21.7,136,14.1,1.63,0,1.1,0,0,326,71,0	1 pudding cup~92|1 package~368
1893285	B	82	109,1.09,2.72,19.6,141,12,1.09,0,1.1,0,0,326,43,0	1 pudding cup~92|1 package~368
1893282	B	82	109,0,2.17,21.7,147,14.1,1.09,0,1.1,0,0,326,22,0	1 pudding cup~92|1 package~368
1893286	B	82	120,1.09,2.72,21.7,125,14.1,1.09,0,2.2,0,.78,326,103,0	1 pudding cup~92|1 package~368
1893281	B	82	109,1.09,3.26,19.6,120,13,1.63,0,1.1,0,0,326,22,0	1 pudding cup~92|1 package~368
2653845	B	9	248,3.2,11.2,34.4,224,16.8,5.6,24,.8,0,.8,56,152,,0	.2 pie~125|1 package~624
2093802	B	15	214,3.57,12.5,21.4,196,10.7,0,0,3.6,0,1.29,0,,0	2 tbsp~28|1 package~284
2110196	B	73	375,0,0,100,0,100	1 tsp~4|1 package~4530
1912772	B	3	140,1.16,1.16,30.2,29,20.9,.58,6,0,0,0,23,,14	½ cup~86|1 package~1420
1887927	B	3	102,0,.85,22.9,34,22.9,.42,4,0,0,0,17,,0	½ cup~118|1 package~946
2070734	B	14	339,8.47,1.69,79.7,475,33.9,0,0,10.2,0,15.2,34,542,0,2.55,0,.85,,8.48,1,.72,.847,,136,339,2.54,6.36,,,.339	1 cup~59|1 package~567
2059594	B	3	102,0,.85,23.7,34,22,.42,4,0,0,0,17,,0	½ cup~118|1 package~946
2403121	B	0	567,16.7,43.3,30,0,6.67,10,0,3.3,0,6.67,37,660,,0	¼ cup~30|1 package~213
2387153	B	0	567,20,50,23.3,0,3.33,3.33,0,13.3,0,3.33,263,707,,0	¼ cup~30|1 package~255
2098231	B	36	107,23.8,0,0,208,0,0,131,,0,2.14,24,,0	1 serving~84|1 package~454
2401517	B	0	567,20,50,23.3,0,3.33,3.33,0,13.3,0,3.33,263,707,,0	¼ cup~30|1 package~213
2400007	B	0	600,20,53.3,20,17,3.33,3.33,0,10,0,3.33,237,660,,0	¼ cup~30|1 package~213
2093617	B	11	0,0,0,0,14000,0,0,0,0,0,0,0,,0	¼ tsp~1|1 package~102
2047163	B	30	400,6.67,10,80,1200,40,6.67,0,6.7,0,2.4,0,,0	1 cup~15|1 package~180
2073478	B	16	357,12.5,1.79,73.2,0,3.57,0,0,3.6,0,3.21,0,,0,,0,.89,,7.14,1,.455,,214	½ cup~56|1 package~454
2090142	B	111	243,16.5,7.84,22.8,518,1.57,3.53,35,2.4,0,2.12,157,,1.9	1 serving~128|1 package~255
2387154	B	0	600,20,56.7,16.7,333,3.33,6.67,0,10,0,3.33,290,700,,0	¼ cup~30|1 package~255
2400432	B	0	567,16.7,46.7,30,300,6.67,10,0,3.3,0,6.67,43,633,,0	¼ cup~30|1 package~213
2384508	B	0	600,20,53.3,20,250,3.33,6.67,0,6.7,0,3.33,173,633,,0	¼ cup~30|1 package~255
2384495	B	0	600,20,56.7,16.7,0,3.33,6.67,0,10,0,3.33,290,700,,0	¼ cup~30|1 package~255
2403120	B	0	567,16.7,46.7,30,0,6.67,10,0,3.3,0,6.67,43,633,,0	¼ cup~30|1 package~213
2400035	B	0	467,40,16.7,33.3,17,6.67,3.33,0,16.7,0,6.67,183,1820,,0	¼ cup~30|1 package~227
2278494	B	74	228,7.02,2.63,43.9,456,,,0,1.8,0,3.16,0,0,,0	1 serving~57|1 package~454
2629573	B	6	259,9.26,2.78,50,667,0,0,0,.2,0,3.7,19,74,,0	1½ slices~54|1 package~510
2144726	B	80	359,7.84,15,47.1,464,6.54,2.61,0,2,0,2.35,39,,7.8	2/3 cup~153|1 package~794
2398877	B	33	293,12.1,23.7,8.08,343,1.01,5.05,38,.5,0,.36,20,177,,2.52	1 serving~198
2167183	B	5	400,6.67,10,76.7,133,3.33,0,0,20,0,1.2,267,1520,,0	¼ cup~30|1 package~170
2396318	B	12	567,10,36.7,46.7,1500,0,6.67,0,6.7,0,6.67,200,183,,0	¼ cup~30|1 package~156
1939216	B	9	365,5.88,21.2,41.2,200,23.5,9.41,41,2.4,0,1.18,49,167,,0	1 slice~85|1 package~340
2114013	B	4	441,5.88,20.6,67.6,338,35.3,5.88,0,2.9,0,2.94,12,212,,0	3 cookies~34|1 package~405
2059486	B	31	80,2,1.5,18,75,3,1,5,2,0,.36,0,200,3.6	¾ cup~100|1 package~340
1976325	B	80	220,4,18,14,580,4,2.5,15,0,0,0,15,,,0	½ cup~100|1 package~454
2113244	B	96	165,2.35,5.88,24.7,471,0,1.18,0,2.4,0,0,0,329,5.6,,2.35,2.35	1 serving~85|1 package~680
2565433	B	6	261,9.15,3.92,47.7,412,2.61,.33,0,2.6,0,3.27,65,111,,0	1 bagel~153|1 package~680
2601487	B	2	400,40,20,0,900,0,20,100,0,0,0,800,0,,12	1 tbsp~5|1 package~283
2400911	B	0	700,10,73.3,13.3,0,3.33,6.67,0,10,0,3.33,70,410,,0	¼ cup~30|1 package~156
2405135	B	0	667,16.7,66.7,13.3,0,3.33,6.67,0,6.7,0,3,67,350,,0	¼ cup~30|1 package~340
2073481	B	63	324,10.3,11.8,47.1,882,5.88,2.94,7,1.5,0,2.12,221,324,0,,4.41,2.94	1 package~68
1887926	B	3	140,1.16,1.16,30.2,29,20.9,.58,6,0,0,0,23,,14	½ cup~86|1 package~1420
720494	B	43	98,2.86,4.9,10.6,343,4.08,2.45,20,.8,0,.29,41,,6.1	1 cup~245
2488193	B	21	118,4.12,3.82,16.8,203,1.76,2.35,18,.9,0,.71,44,88,,.3	½ package~340|1 package~680
2434601	B	33	150,7.65,6.76,14.7,256,1.47,3.82,18,1.2,0,.85,172,162,,0	½ package~340|1 package~680
2103806	B	0	567,20,50,20,0,3.33,3.33,0,13.3,0,3.6,267,733,0,,30,11.7,,,,1.13,,,,,,,,2,1	¼ cup~30|1 package~170
2059485	B	55	36,.71,0,9.29,18,6.43,0,0,1.4,0,.26,14,,38.6	½ cup~140|1 package~425
2055341	B	2	78,12.1,0,6.03,405,4.31,0,4,0,0,0,86,,0	½ cup~116|1 package~453
2078441	B	2	105,12.3,4.39,4.39,395,2.63,2.63,26,0,0,0,70,,0	½ cup~114|1 package~680
2055347	B	2	67,10.1,0,6.72,345,5.04,0,4,0,0,0,67,,0	½ cup~119|1 package~453
2386846	B	20	60,2,2.5,7,120,3,0,0,3,0,1,33,225,,0	1 cup vegetables with 1 tbsp dip~100|1 package~566
2633588	B	62	568,2.7,37.8,56.8,257,35.1,10.8,0,0,0,0,0,,0,,,,97	2 tbsp~37|1 package~368
1934038	B	29	438,6.25,25,50,656,6.25,3.12,0,0,0,0,106,56,,0	5 crackers~16|1 package~388
1874945	B	18	54,0,0,13,10,13	12 fl oz~355|1 package~2000
2288144	B	4	400,4,14,72,500,32,6,20,0,0,2.88,80,,0	1 cookie~25|1 package~252
2045449	B	4	400,4,16,68,280,32,8,0,0,0,1.44,0,,0	1 cookie~25|1 package~252
2588734	B	9	395,3.49,20.9,48.8,291,27.9,9.3,17,.1,0,1.16,23,105,,0	1 donut~86|1 package~340
1892936	B	19	189,0,0,48.6,784,43.2,0	2 tbsp~37|1 package~793
1892935	B	19	189,0,0,48.6,811,40.5,0	2 tbsp~37|1 package~793
2289842	B	19	189,0,0,43.2,784,37.8,0	2 tbsp~37|1 package~510
2065989	B	98	122,2.66,1.86,22.9,277,1.06,0,0,1.1,0,.38,21,96,4.8	1½ cup~188|1 package~283
2062783	B	16	357,12.5,1.79,73.2,0,3.57,0,0,3.6,0,3.21,0,,0,,0,.89,,7.14,1,.455,,214	1 serving~56|1 package~454
1916231	B	10	50,0,0,12.5,3,11.7	8 fl oz~240|1 package~750
2490855	B	24	0,0,0,0,0,0,,,,,,,,,.425,,,,.833,,,.083,,,,.25,,.208	8 fl oz~240|1 package~503
2435654	B	24	0,0,0,0,0,0,,,,,,,37	12 fl oz~355|1 package~1000
2437672	B	24	0,0,0,0,0,0,,,,,,,12	20 fl oz~591
2097468	B	10	67,0,0,15.8,3,15.4	8 fl oz~240|1 package~750
2073486	B	1	341,0,0,87.8,0,68.3,0,0,0,0,0,0,,0	3 pieces~41|1 package~340
1900290	B	30	467,6.67,16.7,66.7,733,46.7,16.7,0,0,0,0,0,,0	1 single serve cup~15|1 package~180
2065329	B	23	500,0,53.3,6.67,1030,3.33,8.33,17,0,0,0,0,,0	2 tbsp~30|1 package~473
2601490	B	27	118,17.6,3.68,1.47,721,0,.74,74,0,0,1.32,29,279,,0	1 link~68|1 package~340
2095870	B	20	24,2.35,0,4.71,0,1.18,0,0,1.2,0,.42,24,,28.2	½ cup~85|1 package~298
2186947	B	17	88,8.37,0,14.1,46,13.2,0,4,.4,0,0,88,154,2.1	1 cup~227|1 package~907
1972815	B	3	205,2.27,10.2,25,62,20.4,6.82,40,0,0,.11,102,170,,0	2/3 cup~88|1 package~1420
2654004	B	9	254,1.75,11.4,34.2,307,13.2,5.26,0,.9,0,0,44,57,,0	.17 pie~114|1 package~680
2398878	B	78	157,15.7,8.08,4.55,470,1.52,4.55,63,0,0,.55,152,141,,.75	1 serving~198
2055244	B	139	382,11.8,2.94,76.5,1120,5.88,0,0,2.9,0,4.24,59,,0,,0,0,,5.88,1,.4	2/3 cup~34|1 package~397
2043884	B	4	424,4.71,17.6,60,376,27.1,9.41,35,1.2,0,2.12,24,,0	1 cookie~85|1 package~850
2070739	B	14	387,3.23,0,90.3,452,38.7,0,0,0,0,11.6,0,81,19.4,3.23,0,0,,16.1,1,1.37,1.61,,,,4.84	¾ cup~31|1 package~481
1916333	B	3	204,4.08,10.2,22.4,71,22.4,6.12,41,0,0,0,122,,0	1 cup~49|1 package~1060
1898647	B	4	483,3.45,20.7,72.4,362,44.8,8.62,0,3.4,0,2.48,0,,0,,6.9,5.17	2 cookies~29|1 package~435
2590504	B	27	147,19.1,3.68,8.82,515,8.82,.74,81,0,0,1.03,15,265,,0	1 link~68|1 package~340
2131867	B	27	217,21.7,13.3,1.67,850,1.67,4.17,108,0,0,.6,0,,0	1 pan cooked link~60|1 package~397
2131383	B	27	324,20.6,25,1.47,765,1.47,8.82,88,0,0,1.06,29,,0	1 pan cooked link~68|1 package~454
1954749	B	37	35,2.02,0,7.07,101,3.03,0,0,2,0,.51,11,81,,0	1 cup~198
2410910	B	20	50,0,0,13.6,0,10.7,0,0,2.1,0,.14,29,107,,0	12 slices~140|1 package~397
2070733	B	14	400,10,5,80,700,30,0,0,6.7,0,30,333,233,20,3.33,0,0,,16.7,1,1.42,1.67,,,333,5,12.5	1 cup~30|1 package~348
2405142	B	62	393,0,42.9,0,643,0,10.7,0,0,0,0,0,0,,7.15	1 tbsp~14|1 package~425
2073496	B	0	368,10.5,5.26,71,0,0,0,0,15.8,0,2.84,0,,0	3 tbsp~38|1 package~907
2093611	B	54	140,3.51,10.5,10.5,439,7.02,7.89,0,0,0,.63,35,,2.1	1 serving~57|1 package~255
2062779	B	34	218,8.4,10.9,22.7,723,1.68,5.04,17,.8,0,.91,126,,2	1/3 pizza~119|1 package~357
2062781	B	34	258,10.7,14.5,20.1,673,1.26,6.29,35,.6,0,.68,252,119,1.5,,4.4,.94	½ pizza~159|1 package~318
2114377	B	29	452,6.45,16.1,71,742,16.1,3.23,0,9.7,0,3.23,52,313,,0	16 crackers~31|1 package~257
2542989	B	23	400,2.22,40,13.3,800,11.1,5.56,22,0,0,0,0,0,,0	1 serving~45
2055721	B	14	370,7.41,0,85.2,889,7.41,0,0,0,0,33.3,370,111,22.2,3.7,0,0,,18.5,1,1.57,1.85,,,,5.56,13.9	1 cup~27|1 package~340
1892563	B	46	404,5.77,9.62,73.1,346,34.6,3.85,0,1.9,0,3.46,0,,0,,,,,3.85,0,.327,.385,77	1 pastry~52|1 package~416
2149788	B	19	88,0,0,23.5,412,11.8,,,,,,,,7.1	1 tbsp~17|1 package~553
2065317	B	47	33,1.64,0,6.56,25,3.28,0,0,1.6,0,1.18,0,,3.9	¼ cup~61|1 package~425
2050422	B	0	467,13.3,30,46.7,200,33.3,5,0,6.7,0,2.4,67,,0	¼ cup~30|1 package~283
2047841	B	0	433,13.3,16.7,60,800,6.67,3.33,0,3.3,0,1.2,67,,0	1/3 cup~30|1 package~198
1922420	B	0	567,16.7,40,40,283,33.3,13.3,0,6.7,0,1.2,133,,0,,15,6.67	¼ cup~30|1 package~283
2055344	B	1	391,0,4.35,87,109,52.2,0,0,0,0,,,,261,,0,0	1 pouch~23|1 package~136
2055702	B	2	292,25,18.8,4.17,667,0,12.5,62,0,0,0,625,,0	1 piece~24|1 package~567
2055276	B	62	714,0,78.6,0,0,,50,214,,0,,,,,,21.4,0	1 tbsp~14|1 package~453
2673128	B	29	467,6.67,10,73.3,400,0,0,0,0,0,6.67,13,107,,0	5 crackers~15|1 package~453
2653999	B	104	250,25,0,50,0,,,,25,,25	1 tbsp~4|1 package~227
2577015	B	4	480,8,20,64,340,32,10,140,0,0,2.88,0,0,,0	2 pieces~25|1 package~170
2601493	B	2	300,6.67,26.7,6.67,667,6.67,20,67,0,0,0,133,200,,0	2 . tbsp~30|1 package~198
2131356	B	20	35,2.35,0,7.06,29,2.35,0,0,2.4,0,.85,47,,42.4	½ cup~85|1 package~283
2489198	B	62	393,0,42.9,0,643,0,10.7,0,0,0,0,0,0,,14.3	1 tbsp~14|1 package~1270
2070738	B	51	6,0,0,1.25,238,.83,0,0,0,0,0,0,,0	1 cup~240|1 package~907
2043427	B	5	464,3.57,25,57.1,893,3.57,1.79,0,3.6,0,3.86,71,0,0,,17.9,1.79	40 chips~28|1 package~227
2047164	B	5	464,3.57,25,57.1,893,3.57,1.79,0,0,0,1.29,0,36,0,,17.9,1.79	40 straws /~28|1 package~227
2055250	B	85	300,2.86,10,48.6,500,5.71,1.43,0,1.4,0,.51,0,93,0,,2.86,5.71	2 waffles~70|1 package~280
2065584	B	45	77,5.38,0,13.8,346,0,0,0,3.1,0,1.38,31,,0	½ cup~130|1 package~439
2127385	B	80	302,15.5,25,3.45,500,.86,3.88,65,0,0,.62,0,,0	½ cup~116|1 package~227
2065589	B	45	92,6.15,0,16.2,331,0,0,0,4.6,0,2.08,31,,0	½ cup~130|1 package~439
2074895	B	37	27,.88,.44,5.31,124,1.77,0,0,.9,0,.64,0,80,53.1	1 cup~113|1 package~454
1884928	B	4	429,10.7,12.5,71.4,464,0,1.79,0,10.7,0,2.57,0,393,0,,3.57,7.14	6 crackers~28|1 package~255
2059489	B	81	323,12.9,3.23,67.7,0,3.23,0,0,12.9,0,4.65,0,,0,,,,,3.87,0,.11	¼ cup~31|1 package~2260
2396626	B	36	71,16.1,0,0,214,0,0,54,0,0,0,0,288,,0	1 serving~112|1 package~453
2468316	B	36	134,22.3,4.46,0,80,0,.89,54,0,0,1.79,0,366,,14.1	1 serving~112|1 package~340
2468612	B	36	223,29.5,9.82,0,125,0,2.68,98,0,0,.58,7,634,,13.4	1 serving~112|1 package~453
2464457	B	36	89,18.8,1.34,0,67,0,0,67,0,0,.16,0,435,,4.47	1 serving~112|1 package~340
2485429	B	78	142,16.8,6.19,3.54,186,.88,1.77,49,.9,0,.62,53,372,,12.3	1 serving~113|1 package~227
2338527	B	36	88,16.8,.88,2.65,212,0,0,31,0,0,7.96,4,42,,0	1 serving~113|1 package~454
2167481	B	0	467,3.33,20,76.7,317,46.7,16.7,0,0,0,1.8,33,0,,0	¼ cup~30|1 package~198
1977099	B	0	500,3.33,26.7,63.3,33,56.7,26.7,0,0,0,.6,93,273,,0	¼ cup~30|1 package~198
2653998	B	80	345,7.96,15,45.1,478,5.31,2.65,0,1.8,0,2.65,27,158,,0	½ cup~113|1 package~794
2669146	B	80	345,7.96,15,45.1,478,5.31,2.65,0,1.8,0,2.65,27,158,,0	½ cup~113|1 package~397
1793013	B	9	326,4.65,16.3,44.2,267,25.6,2.33,81,0,0,.84,47,,0	1 serving~43|1 package~425
2169228	B	6	340,10,8,56,340,14,2,10,4,0,2,38,128,,0	1 bun~50
2612506	B	11	273,0,0,90.9,11200,27.3,0,,,0	¼ tsp~1.1|1 package~255
2063218	B	63	355,12.9,0,74.2,1740,6.45,0,0,3.2,0,3.48,0,,0,,,,,6.45,1,.329	2/3 cup~31|1 package~159
2022036	B	45	69,3.85,.38,12.3,200,0,0,0,3.1,0,.83,31,,0	½ cup~130|1 package~432
2016128	B	7	89,0,0,21.4,607,17.9	1 serving~28|1 package~473
2066921	B	74	250,6.25,3.12,48.4,859,6.25,.78,0,1.6,0,0,0,,0	3 biscuits~64|1 package~212
2029517	B	41	857,0,100,0,0,,7.14,0,,0,,,,,,64.3,28.6	1 tbsp~14|1 package~473
2075851	B	45	85,4.62,.77,14.6,315,.77,0,0,3.1,0,1.11,46,,0	½ cup~130|1 package~439
2044148	B	4	440,4,16,72,420,32,4,0,0,0,2.88,0,,0	1 cookie~25|1 package~252
2060466	B	28	179,12.5,12.5,3.57,1070,1.79,5.36,54,0,0,.64,0,,0	1 serving~56
2063216	B	38	350,10,2.5,70,1300,10,0,0,2.5,0,3.6,375,,0	1/3 cup~40|1 package~907
1860881	B	108	64,.8,.8,12.8,552,5.6,0,0,.8,0,.29,0,,19.2	½ cup~125|1 package~304
2066862	B	73	400,0,0,100,0,96.7,0,0,0,0,0,0,,0	¼ cup~30|1 package~907
2029518	B	41	857,0,100,0,0,,14.3,0,,0,,,,,,28.6,57.1	1 tbsp~14|1 package~473
2063221	B	49	562,21.9,46.9,25,594,9.38,7.81,0,6.2,0,2.25,62,,0	2 tbsp~32|1 package~454
2063220	B	49	562,21.9,46.9,25,531,9.38,7.81,0,6.2,0,2.25,62,,0	2 tbsp~32|1 package~454
2022012	B	47	33,1.64,0,8.2,148,3.28,0,0,1.6,0,.59,0,303,9.8	¼ cup~61|1 package~794
2022765	B	47	21,.83,0,3.31,116,2.48,0,0,.8,0,.3,17,149,7.4	½ cup~121|1 package~411
2071133	B	6	277,8.51,3.19,53.2,532,6.38,0,0,2.1,0,3.06,43,,0,,,,,3.4,0,.289	2 slices~47|1 package~567
2063217	B	39	133,6.67,6.67,10,100,10,5,20,,0,,200,,,3.33,,,,,,,,,,133	2 tbsp~30|1 package~354
2056401	B	41	800,0,93.3,0,0,,13.3,0,,0	1 tbsp~15|1 package~251
2060058	B	96	179,2.38,8.33,22.6,48,1.19,2.38,0,2.4,0,.43,0,,2.9	1 serving~84|1 package~907
1907692	B	13	429,3.57,14.3,67.9,250,39.3,7.14,0,3.6,0,3.86,286,,12.9	1 bar~28|1 package~170
1878830	B	10	50,.42,0,12.1,4,11.7,0,0,0,0,0,8,,30,0,,,,.167,0,,.033,,13	8 fl oz~240|1 package~3780
1888562	B	42	250,0,0,65,0,45,0,0,0,0	1 tbsp~20|1 package~510
2102566	B	73	375,0,0,100,0,100	1 tsp~4|1 package~1810
2060465	B	42	237,0,0,63.2,53,52.6,0,0,0,0	1 tbsp~19|1 package~879
2075852	B	45	62,3.85,0,10.8,277,0,0,0,3.1,0,.83,31,,0	½ cup~130|1 package~439
2016127	B	7	133,0,13.3,6.67,1670,,3.33,,,0	5 olives~15|1 package~163
2060464	B	28	161,16.1,8.93,3.57,1050,3.57,3.57,62,0,0,1.93,0,,0	1 serving~56
2012684	B	23	258,0,22.6,9.68,1030,6.45,3.23,0,0,0,0,0,,0	2 tbsp~31|1 package~473
1878676	B	10	42,.42,0,10.8,2,9.58,0,0,0,0,0,0,,30,,,,,.333,0,.028,.033,,10	8 fl oz~240|1 package~3780
2063222	B	7	0,0,0,3.57,1000,0	1 serving~28|1 package~473
1891219	B	63	333,10,0,73.3,1500,0,0,,0,0,3.6,0,,0,,,,,5.33,1,.34	½ cup~30|1 package~155
2066861	B	73	375,0,0,100,0,100,0,0,0,0,0,0,,0	1 tsp~4|1 package~907
2024363	B	23	346,0,38.5,7.69,808,0,3.85,38,0,0	1 tbsp~13|1 package~887
2624071	B	45	69,4.62,0,12.3,162,0,0,0,3.1,0,1.38,15,,0,,,,0	½ cup~130|1 package~439
2042190	B	61	356,6.67,0,77.8,0,0,0,0,0,0,3.2,0,,0,,,,,3.56,0	¼ cup~45|1 package~2270
1888564	B	3	159,4.76,4.76,27,79,20.6,3.17,16,0,0,0,159,,0	½ cup~63|1 package~4730
2077963	B	70	500,0,0,100,250,0,0,0,0,0,0,0,,0	1 tsp~2|1 package~312
1892867	B	17	80,2.65,0,16.8,49,13.3,0,0,0,0,0,265,,0,1.77	1 serving~113|1 package~453
2065119	B	17	80,2.65,0,16.8,44,13.3,0,0,0,0,0,265,,1.1,1.77	1 serving~113|1 package~453
1892861	B	17	80,2.65,0,16.8,44,12.4,0,0,0,0,0,265,,1.1,1.77	1 serving~113|1 package~453
2047937	B	4	400,4,12,72,340,32,2,0,4,0,2.88,0,,0	1 cookie~25|1 package~252
2084071	B	41	800,0,93.3,0,0,0,13.3,0,0,0,0,0,,0	1 tbsp~15|1 package~251
2286865	B	63	357,11.4,1.43,74.3,871,4.29,0,0,2.9,0,2.57,29,,0	1 serving~70|1 package~206
2066860	B	60	350,0,0,86.7,17,56.7,0,0,0,0,0,0,,0	¼ cup~60|1 package~709
2075853	B	45	62,4.62,0,12.3,277,.77,0,0,5.4,0,.83,31,,0	½ cup~130|1 package~439
1919140	B	39	54,3.33,2.08,5,54,5,1.25,8,0,0,0,125,167,1,1.05,.62,0,,,,,,0	1 cup~240|1 package~3780
2089819	B	7	188,0,15.6,6.25,812,0,3.12,0,6.2,0,6.75,0,,0	2 tbsp~16|1 package~64
2066866	B	44	78,.78,0,17.2,8,14.8,0,0,0,0,.28,0,,3.8	½ cup~128|1 package~425
2066868	B	44	77,0,0,19.2,8,14.6,0,0,1.5,0,0,0,,0	½ cup~130|1 package~425
2078851	B	16	357,12.5,1.79,73.2,0,3.57,0,0,3.6,0,3.21,0,,0,,,,,7.14,1,.455,,214	1 serving~56|1 package~454
2022478	B	19	88,0,0,17.6,1650,11.8,0,0,0,0,0,0,,7.1	1 tbsp~17|1 package~272
1891218	B	39	433,10,10,73.3,150,73.3,6.67,33,0,0,0,333,,0	2 tbsp~30|1 package~396
1865652	B	46	385,3.85,9.62,71.2,269,30.8,3.85,0,1.9,0,3.46,0,,0	1 pastry~52|1 package~312
2066885	B	19	118,0,0,29.4,941,23.5,,,,,,,,7.1	1 tbsp~17|1 package~652
2022812	B	47	33,1.64,0,6.56,459,3.28,0,0,1.6,0,.59,0,180,3.9	¼ cup~61|1 package~227
2023096	B	63	367,10,1.67,76.7,1330,0,0,0,1.7,0,3.6,0,,0,,,,,6.67,1,.34	½ cup~30|1 package~150
2546024	B	41	857,0,100,0,0,,14.3,,,0,,,,,,21.4,57.1	1 tbsp~14|1 package~1420
2083530	B	39	62,3.33,3.33,5,52,5,2.08,15,0,0,0,125,162,1,1.05,.83,.21	1 cup~240|1 package~3780
2071132	B	6	255,10.6,3.19,48.9,489,6.38,0,0,4.3,0,3.83,170,,0,,,,,4.26,0,.362	2 slices~47|1 package~567
2024364	B	23	233,0,20,13.3,500,6.67,0,33,0,0	1 tbsp~15|1 package~887
2071121	B	6	267,11.1,2.22,51.1,511,6.67,0,0,2.2,0,2.4,89,,0	2 slices~45|1 package~454
2078849	B	91	393,14.3,5.36,71.4,27,3.57,1.79,116,3.6,0,3.21,36,,0,,,,,7.14,1,.455,,179	1¼ cup~56|1 package~340
2469579	B	10	19,.83,0,4.17,288,2.08,0,0,.8,0,.29,8,196,30,0	8 fl oz~240|1 package~1360
1918826	B	72	12,.42,1.04,.42,71,0,0,0,.4,0,.15,188,67,0,1.05,.62,.21,,,,,,,,8,,0,,,.017	1 cup~240|1 package~1890
2487177	B	14	385,5.13,2.56,87.2,462,43.6,0,0,2.6,0,13.8,385,103,,0,,,,5.13,2,,.513,46,,103,,3.85,1.28	1 1/3 cup~39|1 package~345
2050603	B	67	357,7.14,1.79,78.6,2070,7.14,0,0,7.1,0,1.29,143,,17.1	1 serving~28|1 package~149
2396176	B	31	106,7.06,0,20,29,1.18,0,0,5.9,0,2.35,28,412,,0	½ cup~85|1 package~680
1884753	B	116	500,10,26.7,60,767,0,3.33,0,3.3,0,3.6,0,100,0,,16.7,6.67	28 crackers~30|1 package~388
1872029	B	18	54,0,0,13.2,7,13.2	1 can~355|1 package~4260
1892912	B	68	364,9.09,6.82,68.2,1770,4.55,2.27,0,4.5,0,1.64,91,,10.9	1/3 cup~22|1 package~187
2054852	B	99	238,4.76,4.76,43.8,419,11.4,.95,24,1,0,2.57,95,,0	3 pancakes~105|1 package~349
2398650	B	18	0,0,0,0,0,0,,,,,,,22	12 fl oz~360|1 package~2000
2142993	B	18	39,0,0,9.86,10,9.86	1 can~355
2150923	B	18	58,0,0,14.7,8,14.7	12 fl oz~360|1 package~2000
2150911	B	18	56,0,0,12.7,7,12.7,,,,,,,4	1 can~355
2398639	B	18	0,0,0,0,10,0	12 fl oz~360|1 package~2000
1885014	B	14	322,8.47,1.69,78,356,28.8,0,0,11.9,0,7.63,34,661,0,4.22,0,0,,8.48,1,.72,.847,339,136,424,2.54,6.36	1 cup~59|1 package~530
2489287	B	2	357,21.4,28.6,3.57,571,0,17.9,89,0,0,0,686,75,,.725	¼ cup~28|1 package~227
1860104	B	34	209,9.57,4.35,32.2,435,6.96,2.17,9,.9,0,.94,130,,3.1	2 slices~115|1 package~519
2373380	B	45	85,5.38,.77,15.4,269,0,0,0,5.4,0,1.54,31,123,,0	½ cup~130|1 package~425
2148411	B	51	4,.42,0,0,188,.42,0,0,0,0,0,0,,0	1 cup~240|1 package~411
2147320	B	4	419,6.45,11.3,77.4,371,25.8,1.61,0,3.2,0,2.9,0,0,,0,1.61,6.45	2 full cracker sheets~31|1 package~408
2379033	B	24	0,0,0,0,0,0	12 fl oz~360|1 package~1000
2487382	B	14	395,2.33,4.65,88.4,349,48.8,0,0,2.3,0,12.6,372,163,,0,,,,4.65,2,,.698,56,,47,,3.49,1.16	¼ cup~43|1 package~326
2621107	B	18	48,0,0,11.8,7,11.6,,,,0	12 fl oz~355|1 package~4260
1872894	B	39	333,6.67,6.67,56.7,100,56.7,5,33,0,0,0,267,,0	2 tbsp~30|1 package~396
2487264	B	14	389,2.78,2.78,88.9,639,41.7,0,0,0,0,1.94,0,56,,3.33,,,,22.2,1,1.89,1.94,333,,0,15,4.17	1 cup~36|1 package~311
2147285	B	37	56,.8,0,12.8,240,6.4,0,0,.8,0,0,3,68,,0	½ cup~125|1 package~404
1918825	B	23	267,3.33,26.7,6.67,900,3.33,5,33,0,0,0,67,,0	2 tbsp~30|1 package~473
2062684	B	49	594,25,50,21.9,391,3.12,6.25,0,9.4,0,2.25,62,,0	2 tbsp~32|1 package~454
2039549	B	18	56,0,0,13.5,6,13.5,,,,0	1 can~355|1 package~4260
2487383	B	14	395,2.63,3.95,86.8,684,44.7,0,0,2.6,0,14.2,26,79,,0,,,,5.26,2,,.526,47,,53,,3.95,1.32	1 1/3 cup~38|1 package~368
2267662	B	44	57,0,0,13.9,0,12.3,,0,.8,,.33,8,74	½ cup~122|1 package~567
2373068	B	47	33,1.64,0,6.56,148,3.28,0,0,1.6,0,.66,0,311,,0	¼ cup~61|1 package~794
2373358	B	37	12,.83,0,2.5,242,.83,0,0,.8,0,.83,22,52,,0	½ cup~120|1 package~411
2373214	B	31	35,3.53,.59,4.71,94,0,0,0,3.5,,2.35,153,306,,0	½ cup~85|1 package~340
2377963	B	38	410,5.13,8.97,76.9,769,41,3.85,0,2.6,0,3.33,103,,,0,2.56,2.56	.08 package~39|1 package~468
1893209	B	101	74,0,0,19.7,61,17.2,0,0,.8,0,.3,16,41,49.2	1 cup~122|1 package~488
2373074	B	47	21,.83,0,4.13,149,2.48,0,0,.8,0,0,0,190,,0	½ cup~121|1 package~411
2431938	B	18	0,0,0,0,10,0,,,,,,,6	1 can~355
1885015	B	2	393,25,32.1,3.57,643,0,17.9,107,0,0,0,714,,0	¼ cup~28|1 package~227
2055494	B	2	393,21.4,32.1,3.57,714,0,21.4,89,0,0,0,714,,0	¼ cup~28|1 package~227
2055493	B	2	393,25,32.1,3.57,643,0,17.9,107,0,0,0,714,,0	¼ cup~28|1 package~227
2373383	B	37	12,.83,0,2.5,242,.83,0,0,.8,0,.83,22,52,,0	½ cup~120|1 package~404
2482537	B	14	390,4.88,0,90.2,463,36.6,0,0,0,0,13.2,0,73,,0,,,,4.88,3,,.488,59,,,,3.66,1.22	1¼ cup~41|1 package~382
2161777	B	40	278,0,16.7,33.3,0,22.2,16.7,0,0,0,0,0,0,,0	2 tbsp~9|1 package~226
2487265	B	14	405,4.76,3.57,85.7,452,45.2,0,0,2.4,0,12.9,381,95,,0,,,,4.76,2,.162,.476,57,,95,,5.36,1.19	1½ cup~42|1 package~345
2380290	B	11	0,0,0,0,,,0,0,0,0,0,0,,0	¼ tsp~.4|1 package~170
2075531	B	18	39,0,0,9.86,1,9.86	12 fl oz~355|1 package~2000
1892473	B	17	53,10,0,4,40,4,0,7,.7,0,0,133,193,0	1 container~150
1892490	B	17	87,8,0,14,30,13.3,0,7,.7,0,0,100,167,0	1 container~150
1892479	B	17	87,8,0,14.7,47,13.3,0,7,.7,0,0,100,153,0	1 container~150
1991681	B	96	206,1.59,14.3,17.5,444,0,1.59,0,1.6,0,.32,16,270,,0,6.35,6.35	1 piece / null~63|1 package~1300
2470548	B	14	390,7.32,4.88,80.5,683,29.3,0,0,4.9,0,13.2,390,244,,0,1.22,1.22,,4.88,2,,.488,59,78,244,,7.32,1.83	1¼ cup~41|1 package~347
2487502	B	14	400,7.5,5,82.5,338,17.5,0,0,5,0,13.5,25,200,,0,2.5,0,,5,2,,.5,45,,,,5.62,1.25	1 cup~40|1 package~411
2059311	B	27	143,16.7,8.33,2.38,571,0,2.38,71,0,0,0,0,286,0	1 frank~42|1 package~340
2150909	B	18	45,0,0,11.3,0,11.3	1 can~355|1 package~4260
2373045	B	0	424,9.09,15.2,63.6,545,0,7.58,0,12.1,0,1.52,0,515,,0,4.55,3.03	2 tbsp~33|1 package~493
2375757	B	44	62,0,0,15,0,14.2,0,0,0,0,0,0,62,26.5,0	1 cup~113|1 package~453
2621108	B	7	83,3.33,3.33,6.67,967,3.33,0,0,3.3,0,1.2,67,,0,,,,0	1 serving~30|1 package~920
2471074	B	14	381,7.14,3.57,83.3,667,40.5,0,0,4.8,0,10.7,452,190,,0,,,,4.76,2,,.476,43,57,190,,5.36,1.19	1¼ cup~42|1 package~326
1884754	B	15	214,7.14,12.5,17.9,411,3.57,0,0,3.6,0,1.29,0,,0	2 tbsp~28|1 package~284
2150958	B	15	32,0,0,6.45,742,3.23,,,3.2,,,,258	2 tbsp~31|1 package~680
2469519	B	2	393,21.4,32.1,3.57,643,0,17.9,107,0,0,0,714,71,,.725	1 serving~28|1 package~226
2150947	B	15	32,0,0,6.45,742,3.23,,,3.2,,,,258	2 tbsp~31|1 package~680
2096653	B	1	300,3.33,0,76.7,83,60	2/3 cup~30|1 package~284
2378218	B	44	62,0,0,15.9,0,15,0,0,0,0,0,0,62,,0	1 cup~113|1 package~453
2373437	B	31	59,2.35,0,12.9,35,3.53,0,0,3.5,0,.94,24,200,,0	2/3 cup~85|1 package~2270
2483743	B	2	321,21.4,25,3.57,679,0,14.3,89,,,,571,,,.35	¼ cup~28|1 package~2260
2055094	B	2	70,11.4,0,5.26,368,4.39,0,4,0,0,0,88,,1.1	½ cup~114|1 package~453
1892476	B	17	87,8,0,14,33,13.3,0,7,.7,0,0,100,167,0	1 container~150
2653787	B	55	183,1.67,0,45,17,40,,,,,,,467,140	1 serving~60|1 package~355
2150932	B	18	56,0,0,13.9,10,13.9	12 fl oz~360|1 package~2000
2396181	B	31	59,3.53,0,10.6,65,4.71,0,0,4.7,0,1.06,29,147,,0	½ cup~85|1 package~680
2064950	B	32	66,1.64,2.46,8.2,426,3.28,0,0,1.6,0,1.18,33,,3.9	¼ cup~61|1 package~397
1881131	B	0	485,6.06,30.3,51.5,606,0,15.2,0,9.1,0,1.09,0,485,0,,10.6,3.03	2 tbsp~33|1 package~561
2080316	B	112	125,21.4,2.68,1.79,321,0,.89,89,0,0,0,0,,0	1 serving~56|1 package~284
2379031	B	24	0,0,0,0,0,0	12 fl oz~360|1 package~1000
1885013	B	2	250,28.6,14.3,3.57,714,0,8.93,54,0,0,0,714,,0	1 piece~28|1 package~340
2150912	B	18	56,0,0,12.7,7,12.7,,,,,,,4	1 can~355|1 package~4260
1898578	B	29	400,6.67,10,73.3,1130,0,3.33,0,0,0,4.8,0,100,0,,3.33,3.33	5 crackers~15|1 package~454
1898579	B	29	400,6.67,10,73.3,533,0,3.33,0,0,0,0,0,100,0,,3.33,3.33	5 crackers~15|1 package~454
1881130	B	4	441,2.94,17.6,70.6,471,41.2,5.88,0,2.9,0,3.18,0,,0	3 cookies~34|1 package~405
1918824	B	11	375,12.5,12.5,62.5,1880,0,0,0,0,0,4.5,0,,0	.12 packet~8|1 package~128
2098048	B	11	389,11.1,5.56,66.7,1560,0,0,0,8.3,0,0,0,,0	.12 packet~9|1 package~142
2379032	B	24	0,0,0,0,0,0	12 fl oz~360|1 package~1000
2489286	B	2	321,21.4,25,3.57,821,0,16.1,71,0,0,0,714,89,,.35	¼ cup~28|1 package~227
2055496	B	2	321,21.4,25,3.57,536,0,16.1,54,0,0,0,714,,0	¼ cup~28|1 package~227
2055495	B	2	286,28.6,21.4,3.57,607,0,12.5,54,0,0,0,714,,0	¼ cup~28|1 package~227
2489288	B	2	393,25,32.1,3.57,714,0,17.9,107,0,0,0,714,71,,.725	¼ cup~28|1 package~227
2487158	B	14	333,11.7,2.5,80,17,0,0,0,13.3,0,2.5,33,450,,0,0,.83,,5,0,,.333,,100,333,,5	25 biscuits~60|1 package~464
2373359	B	37	33,.83,0,4.17,208,3.33,0,0,.8,0,0,9,86,,0	½ cup~120|1 package~425
2373357	B	37	17,0,0,3.33,208,1.67,0,0,.8,0,0,31,106,,0	½ cup~120|1 package~411
2469521	B	2	348,26.1,26.1,0,870,0,17.4,65,0,0,.43,739,130,,.425	1 slice~23|1 package~226
2373438	B	55	42,.69,0,9.72,0,8.33,0,0,1.4,0,.28,7,188,100,0	10 pieces /~144|1 package~454
2126730	B	47	24,.81,0,5.69,203,4.88,0,0,.8,0,.81,8,187,,0	½ cup~123|1 package~411
1945441	B	18	56,0,0,13.8,10,13.8	1 can~355
1945446	B	18	56,0,0,13.8,10,13.8	1 can~355
2287873	B	18	39,0,0,9.86,0,9.86,,,,0	1 can~355|1 package~4260
1945461	B	18	56,0,0,14.1,10,14.1	1 can~355
1902374	B	18	56,0,0,14.1,7,14.1	12 fl oz~355|1 package~2000
1902375	B	18	59,0,0,15.5,11,15.5	12 fl oz~355|1 package~2000
2180897	B	23	367,0,36.7,6.67,800,3.33,5,17,0,0,0,0,0,,0,8.33,20	2 tbsp~30|1 package~473
2656386	B	6	250,10.7,3.57,50,500,7.14,0,0,3.6,0,3.86,214,125,0,,0,0,0,2.86,0,.243,,146	1 slice~28|1 package~567
2045348	B	24	0,0,0,0,0	8 fl oz~236
2062683	B	7	89,0,0,21.4,643,17.9,0,0,0,0,0,0,,0	1 serving~28|1 package~710
2147309	B	37	48,2.4,0,8.8,240,4,0,0,2.4,0,.8,14,106,,0	½ cup~125|1 package~425
2055499	B	14	357,10.7,5.36,75,571,3.57,0,0,10.7,0,32.1,357,607,21.4,7.15,1.79,1.79,,17.9,1,1.52,1.79,,143,536,5.36,13.4,,,.429	1 cup~28|1 package~340
2466008	B	14	390,12.2,7.32,73.2,488,0,1.22,0,7.3,0,35.1,537,317,,0,2.44,2.44,,24.4,1,2.07,.976,293,98,244,5.85,22	½ cup~41|1 package~396
2132031	B	19	118,0,0,29.4,941,23.5,,0	1 tbsp~17|1 package~1070
2126731	B	47	91,3.03,0,18.2,45,12.1,,,6.1,,,,818	2 tbsp~33|1 package~170
2126729	B	47	25,1.64,0,4.92,459,3.28,,,1.6,,,,230	¼ cup~61|1 package~227
2267673	B	32	64,.8,1.6,11.2,336,5.6,0,0,1.6,0,.48,16,272,,0	½ cup~125|1 package~680
2289654	B	44	62,0,0,15.9,0,15,0,0,.9,0,.32,0,,53.1	1 cup~113|1 package~453
2375502	B	44	53,0,0,13.3,4,11.5,0,0,.9,0,0,18,0,53.1,0	1 cup~113|1 package~453
2055100	B	75	333,0,33.3,6.67,33,0,23.3,133,0,0,0,0,,0,,10,0	1 tbsp~15|1 package~473
2653786	B	10	62,.42,0,15.8,15,15,,,,,,,58,50	1 serving~240|1 package~1892
2446685	B	23	300,0,30,10,967,6.67,3.33,0,0,0,0,0,0,,0,11.7,15	2 tbsp~30|1 package~473
2396184	B	31	29,1.18,0,5.88,0,1.18,0,0,3.5,0,.71,42,159,,0	¾ cup~85|1 package~340
2050607	B	37	64,.8,.8,11.2,240,5.6,0,0,.8,0,0,4,84,,0	½ cup~125|1 package~432
2375756	B	44	62,.88,0,15,0,13.3,0,0,.9,0,.96,0,62,53.1,0	1 cup~113|1 package~453
1976125	B	44	74,0,0,18,53,16.4,0,0,1.6,0,0,16,57,,0	1 bowl~122|1 package~488
2147288	B	44	48,.81,0,11.3,0,8.87,,0,.8,,,8,121	½ cup~124|1 package~425
2147307	B	44	48,.81,0,11.3,0,8.87,,0,.8,,,8,121	½ cup~124|1 package~425
2064948	B	19	0,0,0,0,1200,0	1 tsp~5|1 package~567
2484046	B	39	46,3.33,1.04,5.42,54,5,.62,4,0,0,0,125,167,,1.05	1 cup~240|1 package~946
2482135	B	2	80,10.6,2.21,5.31,407,4.42,1.33,13,0,0,0,88,186,,0	½ cup~113|1 package~680
2484040	B	39	54,3.33,2.08,5,54,5,1.25,8,0,0,0,125,167,,1.05	1 cup~240|1 package~946
2421033	B	2	80,10.6,2.21,5.31,407,4.42,1.33,13,0,0,0,71,,,0	½ cup~113|1 package~340
2215219	B	2	323,9.68,25.8,9.68,1030,9.68,8.06,48,0,0,0,194,0,,0	2 tbsp~31|1 package~297
2484045	B	39	38,3.33,0,5.42,54,5,0,2,0,0,0,125,171,,1.05	1 cup~240|1 package~946
2426592	B	75	133,3.33,10,3.33,50,3.33,6.67,50,0,0,0,117,133,,0	2 tbsp~30|1 package~946
2504039	B	75	400,0,40,6.67,33,6.67,26.7,167,0,0,0,0,120,,0	1 tbsp~15|1 package~946
2055354	B	2	161,12.9,9.68,9.68,774,6.45,3.23,32,0,0,0,258,,7.7	2 tbsp~31|1 package~198
2008868	B	2	161,12.9,9.68,9.68,774,6.45,3.23,32,0,0,0,258,,7.7	2 tbsp~31|1 package~340
2483687	B	39	46,3.75,1.04,5.42,150,5.42,.62,6,,0,,133,,,1.05	1 cup~240|1 package~1890
2673080	B	2	290,9.68,22.6,12.9,1160,3.23,9.68,48,0,0,0,194,113,,0	2 tbsp~31|1 package~340
2055357	B	2	258,9.68,22.6,9.68,1060,6.45,8.06,48,0,0,0,258,,3.9	2 tbsp~31|1 package~198
1884933	B	2	419,12.9,38.7,3.23,645,3.23,16.1,81,0,0,0,323,,3.9	2 tbsp~31|1 package~312
2121876	B	2	290,9.68,22.6,12.9,1160,3.23,9.68,48,0,0,0,258,,3.9	2 tbsp~31|1 package~567
1867103	B	2	290,9.68,22.6,12.9,1160,3.23,9.68,48,,0,0,258,,3.9	2 tbsp~31|1 package~198
2036204	B	2	419,12.9,38.7,3.23,677,3.23,16.1,81,0,0,0,323,,3.9	2 tbsp~31|1 package~312
2265953	B	39	62,3.33,3.33,5,50,4.58,2.08,15,0,0,0,83,117,,.425	1 cup~240|1 package~473
2484044	B	39	62,3.33,3.33,5,50,4.58,2.08,15,0,0,0,83,117,,.425	1 cup~240|1 package~3780
1927849	B	99	225,5,7.5,32.5,275,8.75,4.38,19,1.2,0,.45,25,,0	1 waffle~80|1 package~320
2065665	B	37	103,7.94,.4,16.7,310,0,0,0,4,0,1.43,32,230,0,,0,0	½ cup~126|1 package~439
2669497	B	117	11,0,0,2.78,0,1.94,0,0,0,0,0,3,25,6.4,0	1 can~360
2628893	B	117	10,0,0,2.5,4,1.94,0,0,0,0,0,6,8,1.3,,,,0,0,0,.009,.011,2,4	1 can~360
2414554	B	46	408,8.45,21.1,45.1,437,25.4,4.23,70,0,0,2.03,28,,1.7	1 serving~71|1 package~142
2433454	B	37	56,1.6,.8,10.4,240,4.8,0,0,1.6,0,.32,0,112,,0	½ cup~125|1 package~425
1940691	B	37	88,.8,.8,19.2,240,7.2,0,0,.8,0,.4,0,88,,0	½ cup~125|1 package~418
1940692	B	37	88,.8,.8,19.2,240,7.2,0,0,.8,0,.4,0,88,,0	½ cup~125|1 package~418
2433453	B	37	17,.83,0,3.33,12,1.67,0,0,1.7,0,.33,25,83,,0	½ cup~120|1 package~411
2433456	B	37	56,1.6,.8,10.4,240,5.6,0,0,1.6,0,.32,0,128,,0	½ cup~125|1 package~432
2399861	B	37	17,.83,0,3.33,242,1.67,0,0,1.7,0,.33,25,83,,0	½ cup~120|1 package~411
2624408	B	9	421,10.5,22.8,45.6,421,24.6,4.21,70,0,0,2.53,53,,0,,,,126	½ cake~57|1 package~113
2119240	B	37	56,3.2,.4,9.6,240,4.8,0,0,2.4,0,1.12,20,80,,0	½ cup~125|1 package~425
2433455	B	37	56,1.6,.8,10.4,8,4.8,0,0,1.6,0,.32,0,112,,0	½ cup~125|1 package~432
2433452	B	37	56,1.6,.8,10.4,240,4.8,0,0,1.6,0,.32,0,112,,0	½ cup~125|1 package~432
2426566	B	3	186,4.29,8.57,22.9,79,22.9,5,,0,0,.51,143,,0	½ cup~70|1 package~1892
2656830	B	3	186,4.29,8.57,22.9,79,21.4,5.71,36,0,0,0,143,,0,,,,77	½ cup~70|1 package~1892
2412410	B	3	200,4.29,8.57,24.3,86,,5,29,0,0,0,143,,0	1 serving~70|1 package~1892
2505771	B	3	186,4.29,10,22.9,100,20,5.71,29,0,0,0,143,,0	½ cup~70|1 package~1892
2450781	B	3	171,4.29,8.57,24.3,71,22.9,5,29,0,0,0,143,,0	½ cup~70|1 package~1892
2655678	B	3	221,3.68,13.2,21.3,77,20.6,7.35,48,0,0,0,125,221,,0	2/3 cup~136|1 package~1420
2655711	B	3	213,2.94,11.8,24.3,74,23.5,7.35,48,0,0,0,125,206,,0	2/3 cup~136|1 package~1420
2218764	B	3	171,4.29,8.57,20,79,20,5.71,36,0,0,0,143,,0	½ cup~70|1 package~1892
2195815	B	4	394,6.06,13.6,63.6,303,42.4,6.06,0,6.1,0,1.52,30,0,,0	1 cookie~33|1 package~198
2057093	B	9	309,4.41,11.8,47.1,485,25,1.47,74,0,0,1.59,59,,0	2 slices~68|1 package~397
2057086	B	9	309,4.41,11.8,47.1,485,25,1.47,74,0,0,1.59,59,,0	2 slices~68|1 package~397
2657836	B	9	429,8.93,23.2,46.4,464,26.8,5.36,71,0,0,1.93,36,,2.1,,,,32	1 serving~56|1 package~454
2057087	B	9	309,4.41,11.8,47.1,485,25,1.47,74,0,0,1.59,59,,0	2 slices~68|1 package~397
2571373	B	9	429,8.93,23.2,46.4,464,26.8,5.36,71,0,0,1.93,36,,2.1	1 serving~56|1 package~454
2109881	B	9	421,8.77,22.8,45.6,421,24.6,4.21,70,0,0,2.53,35,,2.1	1 serving~57|1 package~113
1885918	B	9	304,3.57,10.7,48.2,446,30.4,1.79,71,0,0,1.29,179,,0	1 serving~56|1 package~1077
2057079	B	9	304,3.57,10.7,48.2,446,30.4,1.79,71,0,0,1.29,179,,0	1 serving~56|1 package~1077
2057081	B	9	304,3.57,10.7,48.2,446,30.4,1.79,71,0,0,1.29,179,,0	1 serving~56|1 package~1077
2094186	B	9	304,3.57,10.7,48.2,446,30.4,1.79,62,0,0,1.29,179,,0	1 serving~56|1 package~737
1885920	B	9	304,3.57,10.7,48.2,446,30.4,1.79,71,0,0,1.29,179,,0	1 serving~56|1 package~1077
2057090	B	9	309,4.41,11.8,47.1,485,25,1.47,74,0,0,1.59,59,,0	2 slices~68|1 package~397
2057076	B	9	304,3.57,10.7,48.2,446,30.4,1.79,71,0,0,1.29,179,,0	1 serving~56|1 package~1077
1127021	B	11	0,0,0,0,38200,0,0,0,0,0,0,0,0,,0	1 tsp~1.1
1126916	B	50	238,23.8,0,47.6,0,0,,0,47.6,0,16.2,667,1330,,0	1 tsp~2.1
1126977	B	50	45,1,.5,10,0,0,.04,0,4,0,.31,25,198,,0	1 serving~100
1126954	B	50	60,4,0,13,25,0,.04,0,1,0,2.22,6,454,,0	1 serving~100
1126903	B	50	45,1,0,10,0,0,0,0,0,0,.31,32,282,,0,,,,.4,,,,,,20	1 serving~100
1125122	B	65	0,0,0,0,0,,,,,,,,0	1 tea bag~1.7
1126852	B	50	0,0,0,71.4,0,0,0,0,71.4,0,90,2210,2640,,0	1 tsp~1.4
1135514	B	50	0,0,0,0,0,0,,0,,0,43.3,833,500,,0	1 tsp~.6
2554891	B	50	250,25,0,50,0,0,,0,50,0,19,500,1150,,0	1 tsp~2|1 package~510
1126967	B	50	217,0,0,43.5,0,0,,0,43.5,0,9.57,435,1350,,0	1 tsp~2.3
1127014	B	50	172,17.2,0,69,0,0,,0,34.5,0,9.66,448,1340,,0	1 tsp~2.9
1126865	B	11	0,0,0,0,0,0,0,0,0,0,0,0,0,,0	1 tsp~3
1126873	B	50	192,0,0,76.9,0,0,.35,0,38.5,0,8.46,1000,423,,0	1 tsp~2.6
1127068	B	50	192,0,0,76.9,0,0,.35,0,38.5,0,8.46,1000,423,,0	1 tsp~2.6
1126826	B	50	238,0,0,47.6,238,0,,0,47.6,.24,11.9,619,1000,,0	1 tsp~2.1
1127067	B	50	278,0,0,55.6,0,0,,0,55.6,0,16.1,722,1280,,0	1 tsp~1.8
1126786	B	50	278,0,0,55.6,0,0,,0,55.6,0,16.1,722,1280,,0	1 tsp~1.8
1126912	B	50	476,23.8,31,47.6,0,0,1.52,0,11.9,0,66.2,952,1810,,0	1 tsp~2.1
1075651	B	50	476,23.8,31,47.6,0,0,1.52,0,11.9,0,66.2,952,1810,,0	1 tsp~2.1
1126891	B	50	250,25,0,50,0,0,,0,50,0,19,500,1150,,0	1 tsp~2
1125123	B	65	0,0,0,0,0,,,,,,,,0	1 tea bag~1.7
1125115	B	198	0,0,0,0,0,,,,,,,,0	1 tea bag~1.7
1135516	B	50	350,0,0,90,3000,0,0,0,20,0,0,200,0,,0	1 tsp~10
1127009	B	11	0,0,0,0,38200,0,0,0,0,0,0,0,0,,0	1 tsp~1.1
1126934	B	50	250,25,0,50,0,0,.5,0,50,0,18.5,1200,1700,,0	1 tsp~2
1127039	B	50	250,25,0,50,0,0,.5,0,50,0,18.5,1200,1700,,0	1 tsp~2
1126840	B	50	270,27,0,54,0,0,,0,27,0,33.5,189,757,,0	1 tsp~3.7
1135518	B	50	270,27,0,54,0,0,,0,27,0,33.5,189,757,,0	1 tsp~3.7
1127040	B	50	417,16.7,16.7,50,167,0,16.7,0,16.7,0,.54,,0,,0	1 tsp~6
1126762	B	50	323,32.3,0,64.5,0,0,.26,0,8.1,0,5.81,65,1190,,0	1 tsp~3.1
1127079	B	50	278,0,0,55.6,0,0,,0,13.9,0,20,111,1330,,0	1 tsp~1.8
1126805	B	50	250,0,0,50,0,0,,0,50,0,14,400,1100,,0	1 tsp~2
1126824	B	50	250,0,0,50,0,0,,0,50,0,14,400,1100,,0	1 tsp~2
1125119	B	65	0,0,0,0,0,,,,,,,,0	1 tea bag~1.7
1125125	B	65	0,0,0,0,0,,,,,,,,0	1 tea bag~1.7
1125121	B	65	0,0,0,0,0,,,,,,,,0	1 tea bag~1.7
1135517	B	11	0,0,0,0,38200,0,0,0,0,0,0,0,0,,0	1 tsp~1.1
1126950	B	11	0,0,0,0,38200,0,0,0,0,0,0,0,0,,0	1 tsp~1.1
1126796	B	11	0,0,0,0,38200,0,0,0,0,0,0,0,0,,0	1 tsp~1.1
1126876	B	11	0,0,0,0,38200,0,0,0,0,0,0,0,0,,0	1 tsp~1.1
1126862	B	11	0,0,0,0,38200,0,0,0,0,0,0,0,0,,0	1 tsp~1.1
1135519	B	11	0,0,0,0,38200,0,0,0,0,0,0,0,0,,0	1 tsp~1.1
1126999	B	11	0,0,0,0,38200,0,0,0,0,0,0,0,0,,0	1 tsp~1.1
1127016	B	50	0,0,0,0,0,0,0,0,0,0,0,0,0,,0	1 tsp~3
1127027	B	11	0,0,0,0,69,0,0,0,0,0,0,0,0,,0	1 serving~100
1125117	B	65	0,0,0,0,0,,,,,,,,0	1 tea bag~1.7
1125116	B	65	0,0,0,0,0,,,,,,,,0	1 tea bag~1.7
1126837	B	11	200,13.3,13.3,26.7,7730,0,0,0,13.3,0,0,0,0,,0	1½ tsp~7.5
2554890	B	50	0,0,0,0,0,0,0,0,0,0,0,0,0,,0	1 tsp~3|1 package~199
741010	B	65	0,0,0,0,0,,,,,,,,0	1 tea bag~1.7
1126780	B	73	400,0,0,100,0,100,0,0,0,0,0,0,0,,0	1 tsp~15
1135512	B	50	455,0,45.4,45.4,0,0,26,0,45.5,0,3.18,182,364,,0	1 tsp~2.2
1135510	B	50	417,20.8,0,83.3,0,0,.21,0,10.4,0,3.75,375,1000,,0	1 tsp~2.4
1126761	B	50	278,0,0,55.6,0,0,,0,55.6,0,36.7,1610,1280,,0	1 tsp~1.8
1125120	B	65	0,0,0,0,0,,,,,,,,0	1 tea bag~1.7
1126974	B	11	200,13.3,13.3,26.7,7730,0,0,0,13.3,0,0,0,0,,0	1½ tsp~7.5
1126866	B	30	0,0,0,0,0,0,0,0,0,0,0,0,0,,0	1 tsp~3
1126822	B	50	217,0,0,43.5,0,0,,0,43.5,0,21.3,217,2260,,0	1 tsp~2.3
1135511	B	50	278,0,0,55.6,0,0,,0,55.6,0,7.78,167,2000,,0	1 tsp~1.8
1127019	B	50	278,0,0,55.6,0,0,,0,55.6,0,7.78,167,2000,,0	1 tsp~1.8
1126828	B	73	400,0,0,100,0,100,0,0,0,0,0,0,0,,0	1 tsp~15
1127093	B	50	564,17.6,49.4,24.7,11,0,7.05,0,12.3,0,15.9,1060,,,,,,,,1,,.847	1 serving~28.4
1125127	B	198	0,0,0,0,0,,,,,,,,0	1 tea bag~1.7
1125124	B	65	0,0,0,0,0,,,,,,,,0	1 tea bag~1.7
2641060	B	198	0,0,0,0,0,,,,,,,,0	1 tea bag~1.7|1 package~42.5
1126753	B	50	250,25,0,50,0,0,,0,50,0,19,500,1150,,0	1 tsp~2
1125128	B	65	0,0,0,0,0,,,,,,,,0	1 tea bag~1.7
1126973	B	50	0,0,0,0,0,0,0,0,0,0,0,0,0,,0	1 tsp~3
1135515	B	50	333,16.7,0,66.7,0,0,,0,33.3,.07,55,167,2070,,0	1 tsp~3
1126940	B	50	208,20.8,0,83.3,0,0,,0,41.7,0,14.2,250,83,,0	1 tsp~2.4
1900606	B	7	188,0,15.6,6.25,812,,3.12,0,,0,6.75,0,,0,,9.38,0	2 tbsp~16|1 package~64
1866257	B	7	133,0,13.3,6.67,1670,,3.33,0,,0,,,,,,6.67,0	5 olives~15|1 package~163
2652146	B	27	261,17.3,20.7,1.33,625,1.33,8,52,0,0,.96,27,140,,1	½ link~75|1 package~454
2583236	B	11	128,1.06,9.57,7.45,266,4.26,7.45,0,1.1,0,1.28,21,191,,0	1 serving~94|1 package~284
2150184	B	61	340,6,0,78,20,0,0,0,0,0,0,0,,0	¼ cup~50
1995270	B	68	138,1.06,10.6,9.57,309,4.26,7.45,0,1.1,0,1.28,32,170,,0	1 serving~94|1 package~283
2607106	B	75	75,0,6.25,3.75,12,1.25,6.25,0,0,0,.12,4,125,,0	1/3 cup~80|1 package~399
2607105	B	75	162,1.25,15,5,12,0,12.5,0,0,0,.5,5,81,,0	1/3 cup~80|1 package~399
2583235	B	11	138,1.06,10.6,9.57,309,4.26,7.45,0,1.1,0,1.28,32,170,,0	1 serving~94|1 package~284
2403821	B	104	162,1.25,15,5,12,0,12.5,0,0,0,.5,5,81,,0	1/3 cup~80|1 package~400
2325137	B	72	75,0,6.25,3.75,12,1.25,6.25,0,0,0,.12,4,125,,0	1/3 cup~80|1 package~400
2403514	B	72	62,0,6.25,1.25,12,0,6.25,0,0,0,.12,0,25,,0	1/3 cup~80|1 package~400
1978485	B	72	162,1.25,15,5,12,0,12.5,0,0,0,.5,5,81,,0	1/3 cup~80|1 package~400
1875304	B	90	500,20.8,37.5,33.3,42,0,0,0,29.2,0,7.5,167,,0	2 tbsp~24|1 package~453
2654085	B	88	333,9.52,0,66.7,3190,0,0,0,4.8,0,4.29,95,95,,0	2 tbsp~21|1 package~454
2429292	B	88	333,4.76,0,76.2,2000,0,0,0,0,0,.48,48,95,,0	2 tbsp~21|1 package~284
1913490	B	78	94,21.2,1.18,0,224,0,0,194,0,0,3.18,24,,0	1 serving~85|1 package~198
2525431	B	9	353,5.43,16.3,54.4,190,40.8,6.79,0,5.4,0,2.72,54,0,,0	1 brownie~36.8|1 package~221
1877304	B	0	579,7.02,43.9,43.9,123,38.6,15.8,18,3.5,0,1.26,175,,2.1	1 serving~57|1 package~227
2410863	B	0	714,10.7,71.4,10.7,393,3.57,7.14,0,7.1,0,0,0,0,,0	¼ cup~28|1 package~227
2538211	B	10	38,0,0,8.75,10,7.92,0,0,0,0,0,0,21,,0	1 serving~240|1 package~1499
2538210	B	10	33,0,0,8.75,6,7.5,0,0,0,0,0,0,21,,0	1 serving~240|1 package~1499
2642558	B	25	38,0,0,9.17,6,8.33,0,0,0,0,0,0,21,,0	8 fl oz~240|1 package~1499
2677276	B	10	38,0,0,9.17,6,8.75,0,0,0,0,0,0,21,,0	1 serving~240|1 package~1499
2626246	B	10	33,0,0,7.5,7,7.5,0,0,0,0,0,0,21,,0	8.1 fl oz~240|1 package~1499
2412610	B	10	33,0,0,7.5,7,7.5,0,0,0,0,0,0,21,,0	8 fl oz~240|1 package~1500
2538212	B	10	38,0,0,9.17,6,8.33,0,0,0,0,0,0,21,,0	1 serving~240|1 package~1499
2069061	B	26	286,13.6,15.7,23.6,843,2.14,5.71,68,1.4,,1.29,214	2 sliders~140|1 package~340
2187180	B	77	179,13.1,5.95,22.6,571,0,1.79,54,1.2,0,1.71,48,,0	1 serving~84|1 package~907
2068751	B	77	179,13.1,5.95,22.6,571,0,1.79,54,1.2,0,1.71,48,,0	1 serving~84|1 package~907
2090673	B	77	277,13.9,19.8,11.9,713,0,6.93,35,1,0,2.67,0,,1.2	3 tenders~101|1 package~794
2098664	B	91	489,10,24.4,58.9,1310,6.67,13.3,0,1.1,0,1.2,22,,0	1 packet~90
2069062	B	26	244,12.6,5.88,35.3,521,7.56,1.26,17,1.7,0,1.51,126,,0	2 sliders~119|1 package~360
2069060	B	26	264,13.8,8.81,30.8,528,3.14,1.89,28,1.9,,2.26,126	3 sliders~159|1 package~419
2105744	B	28	250,14.3,19.6,1.79,875,0,10.7,54,0,.89,1.93,0,,0	1 serving~56
2040496	B	28	89,21.4,1.79,1.79,857,1.79,0,54,0,0,.64,0,,2.1	1 serving~56
2139056	B	77	107,19.6,1.79,0,804,,,,,,.71,,339	1 serving~56
2040243	B	28	89,21.4,.89,1.79,857,0,0,45,0,0,.64,0,,0	1 serving~56
2095544	B	28	89,21.4,1.79,0,804,0,0,54,0,0,.64,36,,0	1 serving~56
2040320	B	28	107,25,.89,1.79,643,1.79,0,45,0,0,0,0,,0	1 serving~56
2186418	B	77	107,23.2,1.79,1.79,643,1.79,0,54,0,0,0,0,,0	1 serving~56
1914000	B	19	0,0,0,0,800,0,0,0,0,0,0,0,,0	1 tsp~5|1 package~284
470322	B	28	375,21.4,32.1,0,1680,0,12.5,89,0,0,1.29,0,,0	1 serving~56
2105541	B	28	107,21.4,1.79,0,696,0,0,45,0,0,0,0,,0	1 serving~56
2143616	B	28	125,17.9,3.57,3.57,1020,3.57,1.79,54,0,0,.64,0,,0	1 serving~56
1893874	B	19	200,0,0,40,500,20,0,0,0,0,0,0,,0	1 tsp~5|1 package~312
2139065	B	28	107,19.6,1.79,3.57,821,3.57,0,45,0,0,0,0,,0	1 serving~56
2103846	B	28	107,21.4,1.79,0,714,0,0,62,0,0,0,0,,0	1 serving~56
1930232	B	28	267,26.7,16.7,0,1830,,5,83,,0,1.2,0,,0,,,,,,1	2 slices~30|1 package~85
1893875	B	35	300,0,30,20,300,20,0,0,0,0,0,0,,0	1 tsp~5|1 package~284
470039	B	28	500,14.3,46.4,0,1750,0,17.9,107,0,0,1.29,0,,0	1 serving~28
2105783	B	28	125,17.9,3.57,3.57,1050,3.57,1.79,54,0,0,.64,0,,0	1 serving~56
2070105	B	28	125,19.6,3.57,1.79,893,1.79,1.79,54,0,0,.64,0,,0	1 serving~56
2673201	B	28	107,25,1.79,0,625,0,0,54,0,0,0,0,,0,,,,0	1 serving~56
2129205	B	77	107,19.6,1.79,3.57,821,3.57,0,45,0,0,0,0,,0	1 serving~56
2061880	B	2	393,28.6,32.1,0,643,0,21.4,107,0,0,0,893,,0	1 serving~28
2339409	B	12	289,35.7,3.57,39.3,1370,17.9,3.57,0,3.6,0,3.86,143,,0	1 serving~28
2671048	B	29	420,22,26,20,700,4,2,0,12,0,.4,40,20,,0	1 serving~50|1 package~100
2609195	B	29	420,22,26,20,400,4,2,0,12,0,.6,40,20,,0	1 serving~50|1 package~100
2543108	B	48	171,20,8.57,0,1030,0,8.57,71,0,0,2.86,11,186,,0	1 slice~35|1 package~284
2550812	B	12	214,16.1,10.7,14.3,964,12.5,10.7,62,0,0,1.79,14,107,,0	1 link~56|1 package~227
2652340	B	12	241,16.7,14.8,3.7,1130,0,7.41,74,0,0,9.26,0,0,,0	1 stick~54|1 package~227
2651675	B	27	230,19.5,15.9,2.65,920,0,7.08,75,0,0,1.77,110,97,,0	1 link~113|1 package~454
2507063	B	27	196,17.9,12.5,1.79,821,0,5.36,62,0,0,23.2,14,107,,0	1 serving~56|1 package~227
2297968	B	27	186,17.7,11.5,1.77,823,.88,5.31,66,.2,.44,23,14,111,,0	1 link~113|1 package~454
2652252	B	12	179,16.1,10.7,1.79,786,0,4.46,62,0,0,21.4,14,107,,0	1 stick~56|1 package~227
2539272	B	14	537,9.76,41.5,39,24,24.4,19.5,0,12.2,0,2.44,98,415,,0	½ cup~41|1 package~284
2368965	B	14	615,10.3,51.3,35.9,51,20.5,28.2,0,12.8,0,3.33,103,590,,0	½ cup~39|1 package~284
2028384	B	14	537,7.32,41.5,39,12,24.4,19.5,0,12.2,0,2.63,98,,0	½ cup~41|1 package~340
2028376	B	14	559,8.82,47.1,32.4,15,17.6,23.5,0,11.8,0,3.18,118,,0	½ cup~34|1 package~340
2028381	B	14	537,7.32,41.5,39,12,24.4,19.5,0,12.2,,2.63,98,,0	½ cup~41|1 package~340
2450136	B	19	62,0,0,12.5,1000,12.5	1 tbsp~16|1 package~524
2369691	B	13	526,21,42.1,23.7,303,5.26,21,224,5.3,0,2.63,150,426,,0	1 bar~38
2663648	B	32	82,1.64,4.92,7.38,311,4.1,.82,0,1.6,0,.3,16,287,,0	½ cup~122|1 package~667
2664666	B	41	800,0,93.3,0,0,,10,,,0,,,,,,66.7,13.3	1 tbsp~15|1 package~750
2670011	B	41	0,0,0,0,0,,0,,,0	¼ second spray~.2|1 package~134
2670010	B	23	333,0,36.7,10,417,3.33,5,0,0,0,0,0,0,,0,23.3,5	2 tbsp~30|1 package~236
2135554	B	19	367,0,40,6.67,967,3.33,5,0,0,0,0,0,0,,0,26.7,5	2 tbsp~30|1 package~236
2608804	B	21	80,7.69,2.24,7.69,272,2.56,.8,22,1.6,0,1.03,29,333,,0	1 package~312
2604521	B	15	600,0,66.7,0,1070,0,10,100,0,0,0,0,0,,0,46.7,10	1 tbsp~15|1 package~503
2365803	B	23	600,0,66.7,0,1070,0,10,100,0,0,0,0,0,,0,46.7	1 tbsp~15|1 package~503
2329248	B	15	400,0,40,6.67,1030,0,5,33,0,0,0,0,0,,0,26.7,0	2 tbsp~30|1 package~283
2663626	B	23	333,0,33.3,3.33,1200,0,3.33,17,3.3,0,0,0,0,,0,23.3,5	2 tbsp~30|1 package~236
2670009	B	23	400,0,40,6.67,767,0,5,33,0,0,0,0,0,,0,26.7,5	2 tbsp~30|1 package~236
1924278	B	41	800,0,93.3,0,0,,13.3,,,,,,,,,66.7,13.3	1 tbsp~15|1 package~250
2276779	B	21	102,5.99,6.69,5.28,197,1.06,3.17,16,1.8,0,1.34,21,261,,0	1 package~284
2160194	B	21	95,7.04,4.23,7.75,324,3.52,1.06,44,1.8,0,.63,35,,8.5	2 package~284|1 package~567
2365887	B	21	88,5.63,5.28,5.28,268,2.11,3.52,19,1.4,0,.88,21,229,,0	1 package~284
2604616	B	21	88,5.63,5.28,5.28,268,2.11,3.52,19,1.4,0,.88,21,229,,0	1 package~284
2608803	B	21	162,6.34,13.7,3.52,285,1.41,2.11,18,1.8,0,.99,46,208,,0	1 package~284
2366720	B	23	667,0,73.3,0,733,0,10,100,0,0,0,20,40,,0	1 tbsp~15|1 package~473
2604617	B	23	667,0,73.3,0,733,0,10,100,0,0,0,0,0,,0,53.3,10	1 tbsp~15|1 package~503
2669656	B	23	667,0,73.3,0,733,0,10,100,,0,,,,,,53.3,10	1 tbsp~15|1 package~355
1971719	B	13	526,21,42.1,26.3,289,5.26,21,224,18.4,0,4.74,124,489,,0	1 bar~38
2366616	B	13	526,21,42.1,26.3,289,5.26,21,224,5.3,0,5.26,126,500,,0	1 bar~38|1 package~456
2366010	B	13	438,27.1,27.1,31.2,188,6.25,5.21,31,4.2,0,4.17,83,588,,0	1 bar~48
2365901	B	13	417,29.2,27.1,29.2,135,6.25,4.17,31,18.8,0,4.38,52,571,,0	1 bar~48|1 package~576
2664641	B	23	333,0,33.3,13.3,567,10,5,0,0,0,1.2,0,0,,0,23.3,5	2 tbsp~30|1 package~236
2366011	B	13	438,27.1,25,31.2,281,6.25,7.29,31,4.2,0,4.17,58,421,,0	1 bar~48
2365900	B	13	417,29.2,22.9,33.3,229,6.25,6.25,31,18.8,0,3.33,29,379,,0	1 bar~48|1 package~576
1959162	B	13	526,21,42.1,23.7,303,5.26,23.7,224,5.3,0,2.63,129,450,,0	1 bar~38
1977073	B	13	553,21,42.1,26.3,303,5.26,23.7,224,15.8,0,2.37,124,429,,0	1 bar~38|1 package~456
2670004	B	1	427,67.1,15.2,12.2,396,0,15.2,0,0,0,5.49,0,457,,0	1 scoop~16.4|1 package~394
2670005	B	1	455,64.9,16.2,6.49,357,0,16.2,0,0,0,2.6,0,227,,0	1 scoop~15.4|1 package~370
2670006	B	1	427,67.1,15.2,12.2,396,0,15.2,0,0,0,5.49,0,457,,0	1 packet~16.4
2670007	B	59	455,64.9,16.2,6.49,357,0,16.2,0,0,0,2.6,0,227,,0	1 packet~15.4
2412276	B	150	446,49.5,19.8,14.8,297,4.95,19.8,0,5,0,2.97,0,1120,,0	2 scoops~20.2|1 package~242
2652631	B	15	643,0,71.4,7.14,714,0,10.7,107,0,0,0,0,0,,0,50,10.7	1 tbsp~14|1 package~237
2366008	B	13	417,31.2,25,29.2,188,6.25,4.17,31,,0,4.17,146,575,,0	1 bar~48
2366007	B	13	417,31.2,25,29.2,188,6.25,4.17,31,6.2,0,4.17,146,575,,0	1 bar~48|1 package~576
2162461	B	19	100,0,0,0,2300	1 tsp~5|1 package~340
2670013	B	23	367,0,36.7,3.33,733,0,5,17,0,0,0,0,0,,0,26.7,5	2 tbsp~30|1 package~236
2369702	B	23	600,0,73.3,0,567,0,10,0,0,0,0,0,0,,0	1 tbsp~15|1 package~355
2653530	B	41	800,0,93.3,0,0,,13.3,,,0,,,,,,60,6.67	1 tbsp~15|1 package~500
2670015	B	23	667,0,80,0,833,0,10,100,,0,,,,,,53.3,10	1 tbsp~15|1 package~355
2640722	B	150	435,62.1,15.5,12.4,217,0,15.5,0,0,0,3.11,0,224,,0	1 scoop~16.1|1 package~387
2669658	B	23	367,0,40,3.33,633,0,5,0,0,0,0,0,0,,0,26.7,5	2 tbsp~30|1 package~236
2670008	B	23	400,0,40,3.33,600,0,5,0,0,0,0,0,,,0,30,5	2 tbsp~30|1 package~236
2663650	B	19	91,3.03,0,21.2,697,15.2,0,0,0,0,0,0,212,,0	2 tbsp~33|1 package~241
2669657	B	23	367,0,36.7,10,600,6.67,3.33,0,0,0,0,0,0,,0,23.3,5	2 tbsp~30|1 package~236
2510116	B	35	118,0,0,23.5,1060,17.6,0,0,0,0,0,0,0,,0	1 tbsp~17|1 package~256
2628724	B	23	367,0,40,3.33,800,0,5,0,0,0,0,0,0,,0,26.7,5	2 tbsp~30|1 package~236
2450137	B	23	600,0,66.7,0,833,0,10,0,0,0,0,0,0,,0,46.7,10	1 tbsp~15|1 package~355
2365432	B	23	333,0,36.7,6.67,400,0,5,0,0,0,0,0,0,,0,26.7,5	2 tbsp~30|1 package~236
2366009	B	13	438,27.1,27.1,29.2,333,6.25,4.17,31,2.1,0,4.17,102,354,,0	1 bar~48
2365915	B	13	417,29.2,27.1,29.2,281,4.17,4.17,31,18.8,0,2.29,71,375,,0	1 bar~48|1 package~576
2365435	B	19	86,2.86,0,17.1,543,14.3,0,0,2.9,0,0,0,200,,0	2 tbsp~35|1 package~256
2368950	B	23	667,0,80,0,833,0,10,100,0,0,0,0,0,,0,53.3,10	1 tbsp~15|1 package~3780
2669655	B	23	667,0,80,0,833,0,10,100,,0,,,,,,53.3,10	1 tbsp~15|1 package~355
2148263	B	13	526,21,42.1,26.3,276,5.26,23.7,211,5.3,0,5.26,132,482,,0	1 bar~38|1 package~456
2663644	B	32	113,1.61,9.68,8.06,597,0,.81,0,0,0,.58,0,0,,0	¼ cup~62|1 package~425
2551113	B	19	125,1.56,10.9,6.25,797,1.56,2.34,0,0,0,0,0,109,,0	¼ cup~64|1 package~425
2663414	B	51	100,3.33,6.67,8.33,450,1.67,3.33,8,0,0,.6,33,0,,0	¼ cup~60|1 package~340
2663649	B	32	97,1.61,7.26,9.68,565,0,.81,0,0,0,.58,0,113,,0	¼ cup~62|1 package~425
2411597	B	19	125,6.25,9.38,6.25,656,0,1.56,47,0,0,0,0,219,,0	2 tbsp~32|1 package~213
2663594	B	21	75,1.67,3.33,10,450,3.33,1.67,0,0,0,.6,0,117,,0	¼ cup~60|1 package~340
2541289	B	15	113,3.23,6.45,9.68,516,0,0,0,0,0,1.16,0,226,,0	2 tbsp~31|1 package~326
2368536	B	15	94,3.12,6.25,9.38,594,0,0,0,0,0,1.12,0,219,,0	2 tbsp~32|1 package~326
2510117	B	19	128,3.2,8.8,12,496,7.2,1.2,0,.8,0,1.44,32,224,,0	½ cup~125|1 package~440
2663647	B	32	106,2.44,7.32,7.32,236,4.07,1.22,0,1.6,0,.88,16,285,,0	½ cup~123|1 package~667
2663651	B	32	129,3.23,9.68,8.06,565,0,1.61,0,1.6,0,1.16,32,113,,0	¼ cup~62|1 package~425
2664639	B	35	88,0,0,23.5,1350,17.6,0,0,0,0,0,0,0,,0	1 tbsp~17|1 package~241
2266627	B	21	88,7.04,3.17,8.1,426,3.52,1.41,19,1.1,0,.51,21,,7.4	1 serving~284|1 package~567
2270417	B	23	467,0,50,0,667,0,6.67,0,0,0,0,0,0,,0,36.7,6.67	2 tbsp~30|1 package~236
2587225	B	15	47,1.56,0,9.38,859,6.25,0,0,1.6,0,0,0,219,,0	¼ cup~64|1 package~241
2160320	B	122	200,0,0,53.3,67,40	1 tbsp~15|1 package~250
2664638	B	19	167,0,16.7,6.67,2730,0,0,0,0,0,0,0,0,,0	1 tbsp~15|1 package~241
2640441	B	150	473,65.1,17.8,11.8,355,0,14.8,0,0,0,2.96,0,456,,0	1 scoop~16.9|1 package~406
1959160	B	13	526,23.7,42.1,23.7,250,5.26,21,224,15.8,0,1.58,76,479,,0	1 bar~38
2140663	B	13	526,23.7,42.1,23.7,250,5.26,21,224,15.8,0,1.58,76,479,,0	1 bar~38|1 package~456
2303176	B	23	667,0,73.3,0,900,0,10,100,,0,,,,,,53.3,10	1 tbsp~15|1 package~355
2449485	B	23	467,0,50,6.67,767,0,5,0,0,0,0,0,0,,0,36.7,6.67	2 tbsp~30|1 package~236
2652164	B	11	400,0,36.7,10,600,3.33,5,0,0,0,0,0,0,,0,26.7,0	2 tbsp~30|1 package~236
2365434	B	59	429,47.6,21.4,23.8,143,4.76,19,0,9.5,0,6.19,257,838,,0	1 scoop~21|1 package~882
2365436	B	59	450,50,20,20,125,5,20,0,5,0,5,275,530,,0	1 scoop~20|1 package~840
2340507	B	15	393,0,42.9,7.14,1000,0,5.36,36,0,0,1.29,0,250,,0,28.6,5.36	2 tbsp~28|1 package~283
2365885	B	23	400,0,43.3,6.67,700,0,6.67,0,0,0,0,13,347,,0,30,6.67	2 tbsp~30|1 package~710
2324538	B	23	600,0,66.7,0,933,0,10,,,0,,,,,,46.7,10	1 tbsp~15|1 package~355
2670027	B	23	300,0,33.3,6.67,367,3.33,5,0,0,0,0,0,0,,0	2 tbsp~30|1 package~236
2256306	B	150	438,62.5,15.6,12.5,375,0,15.6,0,0,0,3.12,0,456,,0	1 scoop~16|1 package~384
1957820	B	19	100,0,0,0,1100	1 tsp~5|1 package~340
2664665	B	19	67,0,0,13.3,700,6.67,0,0,0,0,0,0,467,,0	1 tbsp~15|1 package~320
2365904	B	21	70,6.34,2.46,5.63,317,2.46,1.06,18,1.4,0,.95,14,,27.5	½ package~284|1 package~567
2664640	B	19	62,0,0,12.5,1880,6.25,0,0,0,0,0,0,0,,0	1 tbsp~16|1 package~241
1723342	B	19	467,0,50,3.33,1030,0,6.67,50,0,0,0,0,,,0	2 tbsp~30
2365582	B	23	400,0,40,6.67,900,3.33,5,0,0,0,0,0,0,,0,26.7,5	2 tbsp~30|1 package~236
2663646	B	32	74,1.64,4.92,6.56,311,4.1,.82,0,1.6,0,.3,33,287,,0	½ cup~122|1 package~680
2640766	B	150	364,90.9,0,0,318,0,0,0,0,0,2.73,0,0,,0	1 packet~11|1 package~220
2664637	B	19	65,0,0,12.9,339,9.68,0,0,0,0,0,0,226,,0	2 tbsp~31|1 package~241
2664664	B	19	47,3.12,0,9.38,938,3.12,0,0,3.1,0,0,0,219,,0	2 tbsp~32|1 package~241
2299197	B	19	62,0,0,12.5,1000,6.25	1 tbsp~16|1 package~524
2664667	B	19	67,0,0,13.3,700,6.67,0,0,0,0,0,0,0,,0	1 tbsp~15|1 package~320
2663652	B	32	97,1.61,4.84,11.3,258,6.45,0,0,1.6,0,.58,32,452,,0	¼ cup~62|1 package~453
2640764	B	150	455,64.9,16.2,6.49,357,0,16.2,0,0,0,2.6,0,227,,0	1 packet~15.4|1 package~185
2450138	B	15	600,0,73.3,0,833,0,10,0,0,0,0,0,0,,0,53.3,10	1 tbsp~15|1 package~355
2670014	B	23	433,0,46.7,3.33,733,0,6.67,0,0,0,0,0,0,,0,30,6.67	2 tbsp~30|1 package~236
2509962	B	23	600,0,66.7,6.67,700,0,10,0,0,0,0,0,0,,0,46.7,10	1 tbsp~15|1 package~355
1883338	B	14	433,10,36.7,23.3,50,10,20,0,10,0,2.4,67,,0	1 serving~30|1 package~255
2582989	B	111	354,35.7,10.7,28.6,1230,10.7,3.57,0,3.6,0,7.07,0,0,,0	1 package~28
2031367	B	12	354,39.3,10.7,25,1120,10.7,0,0,3.6,0,3.86,179,,0	1 serving~28
1866768	B	12	264,35.7,7.14,25,1240,14.3,0,0,0,0,3.86,107,,0	1 serving~28
1853240	B	12	264,35.7,7.14,28.6,1260,14.3,3.57,0,3.6,0,3.86,71,,0	1 serving~28
1871627	B	12	354,35.7,10.7,28.6,1230,10.7,3.57,0,3.6,0,7.07,143,,0	1 serving~28
2724113	B	69	286,14.3,24.3,2.86,771,1.43,8.57,64,0,0,.51,29,,0,,,,0	1 serving~70
2680931	B	95	41,1.64,.41,8.2,70,7.38,0,0,.8,0,1.07,25,336,,0	1 serving~122
2682482	B	109	74,1.64,1.64,13.1,115,7.38,0,0,.8,0,.66,16,213,,0	1 serving~122
2680928	B	95	20,.81,0,4.07,12,2.44,0,0,.8,0,.57,16,236,,0	1 serving~123
2044778	B	1	367,0,0,93.3,73,56.7,0,0,0,0	1 piece~60
2671303	B	4	464,3.57,17.9,75,196,28.6,7.14,0,0,0,0,7,79,,0	1 serving~28|1 package~198
1875023	B	4	500,3.57,25,64.3,321,28.6,10.7,0,3.6,0,2.57,0,,0	1 serving~28|1 package~57
2043549	B	1	400,0,0,100,19,60,0,0,0,0	1 piece~80
2095262	B	4	500,3.57,25,64.3,321,28.6,10.7,0,3.6,0,2.57,0,,0	1 serving~28|1 package~57
1879081	B	1	429,0,0,100,0,57.1,0,0,0,0,0,0,,0	1 piece~14|1 package~42
1970173	B	1	350,0,0,87.5,75,72.5,0,0,0,0,0,0,0,,0	1 piece~40|1 package~120
2545377	B	1	344,6.25,0,78.1,0,43.8,0,0,0,0,.31,31,0,,0	8 pieces~32|1 package~228
2044781	B	1	400,0,0,98.2,0,70.9,0,0,0,0	1 piece~55
2051616	B	1	333,0,0,83.3,73,60.4,0,0,0,0	1 piece~48
2044782	B	1	381,2.38,0,90.5,0,85.7,0,0,0,0,0,0,,0	5 poles~42|1 package~84
2049552	B	1	380,6,0,90,70,38,0,0,0,0	1 piece~50
2051615	B	1	400,0,0,100,0,60,0,0,0,0	1 piece~10|1 package~40
1877541	B	4	500,3.57,25,64.3,321,28.6,10.7,0,3.6,0,2.57,0,,0	1 serving~28|1 package~57
1880249	B	1	429,0,0,100,0,57.1,0,0,0,0,0,0,,0	1 piece~14|1 package~42
1876068	B	4	500,3.57,25,64.3,321,28.6,10.7,0,3.6,0,2.57,0,,0	1 serving~28|1 package~57
2049553	B	1	380,0,0,96,0,90,0,0,0,0	5 pieces~50
2049554	B	1	317,0,0,80,200,70,0,0,1.7,0	1 kabob~60
2043547	B	1	400,0,0,100,0,60,0,0,0,0,0,0,,0	1 piece~10|1 package~50
2375249	B	1	333,6.67,0,76.7,0,43.3,0,0,0,0,.33,33,0,,0	3 gummies~30|1 package~230
1946709	B	1	350,0,0,85,75,70,0,0,0,0,0,0,0,,0	.17 piece~20|1 package~120
2654490	B	106	107,21.4,2.68,0,125,0,.89,80,0,0,1.07,9,223,,0	1 serving~112|1 package~907
2603182	B	32	49,1.64,.82,8.2,672,4.92,0,0,1.6,0,1.64,18,428,,0	¼ cup~61|1 package~3030
2603183	B	32	57,3.28,0,13.1,459,8.2,0,0,3.3,0,1.64,26,705,,0	¼ cup~61|1 package~3010
2552983	B	47	48,1.59,0,11.1,32,4.76,0,0,1.6,0,1.59,24,465,,0	¼ cup~63|1 package~3010
2503923	B	47	21,.83,0,4.13,182,2.48,0,0,.8,0,0,0,77,,0	½ cup~121|1 package~2890
2400843	B	0	663,14,62.8,14,0,3.49,5.35,0,7,0,2.79,105,453,,0,8.84,45.4	1 package~43
2608403	B	20	38,.64,0,8.97,0,5.77,0,0,1.9,0,.64,14,138,,0	1 package~156
2604883	B	18	3,0,0,1.13,15,0,,,,,,16,37,,,,,,,,,.718,,16,,1.01	12 fl oz~355
2663672	B	10	5,0,0,1.2,2,.4,0,0,0,0,0,0,140,,0,,,180,,,,.68,,25,,.96,,,,,,,3	16.9 fl oz~500
2663673	B	59	210,0,0,63.1,421,21,0,0,10.5,0,0,74,7360,946,0,,,9460,,,,35.8,,1300,,50.5,,,,,,,158	1 stick~9.5
2670674	B	30	227,0,0,56.8,455,22.7,0,0,0,0,0,80,7960,1020,0,,,5110,,,,38.6,,1410,,54.6,,,,,,,170	1 stickpack~8.8|1 package~176
2668487	B	25	5,0,0,1,2,.2,0,0,0,0,0,0,140,,0,,,180,,,,.68,,25,,.96,,,,,,,3	1 bottle~500
2663670	B	10	5,0,0,1.2,2,.4,0,0,0,0,0,0,140,,0,,,180,,,,.68,,25,,.96,,,,,,,3	16.9 fl oz~500
2612387	B	118	3,0,0,.56,15,0,,,,,,16,37,,,,,,,,,.718,,16,,1.01	12 fl oz~355
2664976	B	18	4,0,0,1.2,2,.4,0,0,0,0,0,0,140,,0,,,180,,,,.68,,25,,.96,,,,,,,3	16.9 fl oz~500
2643169	B	30	258,0,0,61.9,412,20.6,0,0,10.3,0,0,72,7220,928,0,,,9280,,,,35.1,,1280,,49.5,,,,,,,155	1 stick pack per 16 oz water~9.7
2664975	B	3	210,0,0,63.1,421,21,0,0,10.5,0,0,74,7360,946,0,,,9460,,,,35.8,,1300,,50.5,,,,,,,158	1 stick~9.5|1 package~57.1
2608863	B	18	3,0,0,.85,15,0,,,,,,16,37,,,,,,,,,.718,,16,,1.01	12 fl oz~355|1 package~4260
2663668	B	18	4,0,0,1,2,.4,0,0,0,0,0,0,140,,0,,,180,,,,.68,,25,,.96,,,,,,,3	16.9 fl oz~500
2655000	B	30	227,0,0,68.2,455,22.7,0,0,0,0,0,80,7960,1020,0,,,5110,,,,38.6,,1410,,54.6,,,,,,,170	1 stickpack~8.8|1 package~52.8
2634487	B	118	5,0,0,1,2,.2,0,0,0,0,0,0,140,,0,,,180,,,,.68,,25,,.96,,,,,,,3	16.9 fl oz~500
2655035	B	30	220,0,0,65.9,440,22,0,0,0,0,0,77,7690,989,0,,,4940,,,,37.4,,1360,,52.8,,,,,,,165	1 stickpack~9.1|1 package~54.6
2624543	B	118	4,0,0,1.2,2,.4,0,0,0,0,0,0,140,,0,,,180,,,,.68,,25,,.96,,,,,,,3	16.9 fl oz~500
2663669	B	18	4,0,0,1,2,.4,0,0,0,0,0,0,140,,0,,,180,,,,.68,,25,,.96,,,,,,,3	16.9 fl oz~500
2604886	B	18	3,0,0,.85,15,0,,,,,,16,37,,,,,,,,,.718,,16,,1.01	12 fl oz~355
2670678	B	18	3,0,0,1.13,20,0,,,,,,17,48,,,,,,,,,.718,,15,,1.01	1 can~355
2670675	B	30	215,0,0,53.8,430,21.5,0,0,10.8,0,0,75,7530,968,0,,,9680,,,,36.6,,1330,,51.6,,,,,,,161	1 stickpack~9.3|1 package~140
2604885	B	18	3,0,0,1.13,15,0,,,,,,16,37,,,,,,,,,.718,,16,,1.01	12 fl oz~355
2664977	B	118	5,0,0,1,2,.4,0,0,0,0,0,0,140,,0,,,180,,,,.68,,25,,.96,,,,,,,3	16.9 fl oz~500|1 package~4000
2604882	B	18	3,0,0,.85,15,0,,,,,,16,37,,,,,,,,,.718,,16,,1.01	12 fl oz~355
2663674	B	30	252,0,0,60.5,404,20.2,0,0,10.1,0,0,71,7060,908,0,,,9080,,,,34.3,,1250,,48.4,,,,,,,151	1 stick~9.9|1 package~59.5
2663671	B	10	5,0,0,1.2,2,.4,0,0,0,0,0,0,140,,0,,,180,,,,.68,,25,,.96,,,,,,,3	16.9 fl oz~500
1821053	B	26	163,7.61,1.63,27.2,370,2.17,0,16,1.1,0,1.09,28,146,,0	4 pieces~92|1 package~1134
2554360	B	9	292,24.6,10.8,38.5,328,10.8,3.08,66,6.2,0,3.05,92,431,,0	1 brownie~65
2075743	B	15	97,2.65,7.08,7.96,97,1.77,.88,0,3.5,0,.32,71,,57.3	1 serving~113|1 package~340
1902545	B	15	27,.88,0,4.42,204,2.65,0,0,1.8,0,.64,18,,22.8	1 serving~113|1 package~454
2075744	B	15	35,.88,.58,6.19,9,2.65,,0,1.8,0,.48,18,,30.3	1 serving~113|1 package~454
2554027	B	20	58,.64,.32,14.1,0,10.9,0,0,1.9,0,0,19,192,,0	1 package~156
1727378	B	28	125,17.9,1.79,3.57,893,3.57,0,54,,0,0	1 slice~28
1662527	B	28	107,21.4,.89,3.57,804,1.79,0,36,,0,1.29	1 serving~56
2148664	B	83	170,18.8,9.82,1.79,429,0,4.02,54,0,0,2.41,89,,1.1	1 serving~112|1 package~227
2148661	B	83	134,18.8,6.25,1.79,411,0,1.34,45,0,0,2.41,0,,0	1 serving~112|1 package~227
2148662	B	83	125,17,5.36,1.79,402,0,1.34,45,0,0,2.41,18,,0	1 serving~112|1 package~227
2430802	B	5	500,3.57,28.6,64.3,143,28.6,12.5,0,7.1,0,3.57,21,1040,,0	1 serving~28|1 package~100
2471851	B	29	300,8.67,20.7,24.7,471,2.67,2,0,8,0,2.67,170,446,20,0,10,7.33,,1.33,0,.34,.267,27,133,267,,2,.333,1,.667,5	7½ cracker~15|1 package~120
2670138	B	36	150,11.8,10,2.35,582,1.18,6.47,100,0,.59,.59,35,68,,1	1 serving~170|1 package~340
2249732	B	0	414,10.3,10.3,65.5,862,,3.45,0,10.3,0,2.48,0	2 tbsp~29|1 package~204
1858293	B	0	400,10,13.3,63.3,1030,,5,0,10,0,2.4,0	2 tbsp~30|1 package~204
1908346	B	0	433,10,16.7,63.3,933,,6.67,0,10,0,2.4,0	2 tbsp~30|1 package~222
1858298	B	0	471,8.82,26.5,55.9,676,,11.8,0,8.8,0,2.12,0	2 tbsp~34|1 package~204
1971159	B	0	452,9.68,19.4,61.3,871,,8.06,0,9.7,0,2.32,0	2 tbsp~31|1 package~204
2590040	B	36	80,18.8,.89,0,125,0,.45,112,0,0,.89,36,142,,2	9 shrimp~112|1 package~454
2175425	B	21	145,14.9,6.27,6.27,149,3.53,1.18,39,1.6,0,.71,24,,11.8	1 package~255
2175422	B	21	133,13.7,5.88,6.67,141,2.75,.98,35,1.2,0,1.06,24,,4.7	1 package~255
2175423	B	21	94,12.2,2.35,7.06,243,2.35,.39,29,1.6,0,1.06,31,,11.8	1 package~255
2175430	B	21	153,14.1,7.84,7.06,212,3.14,3.53,43,1.6,0,2.12,31,,8.2	1 package~255
2175424	B	137	173,10.6,11.8,6.27,259,2.75,3.53,37,1.2,.39,1.76,39,,8.2	1 serving~255
2179245	B	27	212,18.8,14.1,1.18,,0,3.53,94,0,0,1.27,24,,26.8	1 link~85|1 package~340
2097993	B	5	464,3.57,28.6,53.6,571,3.57,1.79,0,3.6,0,1.29,0,,0	1 serving~28|1 package~142
2428473	B	29	464,10.7,21.4,64.3,1210,3.57,0,0,3.6,0,3.57,89,136,,0	9 chips~28|1 package~184
2046580	B	12	512,9.3,27.9,51.2,535,0,2.33,0,2.3,0,.84,0,,0	1 serving~43
2097994	B	29	500,7.14,28.6,57.1,482,7.14,1.79,0,3.6,0,1.29,0,,0	1 serving~28|1 package~184
2046581	B	5	535,6.98,30.2,55.8,651,2.33,2.33,0,2.3,0,1.67,0,,0	1 serving~43
2012924	B	29	500,7.14,28.6,53.6,714,0,1.79,0,3.6,0,1.29,0,,0	1 serving~28|1 package~184
2051650	B	29	512,6.98,27.9,58.1,628,2.33,2.33,0,2.3,0,.84,0,,0	1 serving~43
2018195	B	29	500,7.14,28.6,53.6,536,0,1.79,0,3.6,0,1.29,0,,0	1 serving~28
2665189	B	29	536,10.7,28.6,57.1,607,3.57,1.79,0,3.6,0,1.29,71,,0,,,,64	1 serving~28|1 package~184
2095254	B	29	500,7.14,32.1,46.4,536,3.57,3.57,0,7.1,0,2.57,71,,0	1 serving~28|1 package~142
2046582	B	29	512,9.3,25.6,55.8,581,2.33,2.33,0,4.7,0,.84,0,,0	1 serving~43
2044830	B	29	512,6.98,27.9,55.8,581,6.98,2.33,0,2.3,0,.84,0,,0	1 serving~43
2031285	B	5	500,10.7,28.6,53.6,750,3.57,3.57,0,3.6,0,1.29,71,,0	1 serving~28|1 package~184
2095252	B	29	464,3.57,28.6,53.6,750,3.57,1.79,0,3.6,0,1.29,71,,4.3	11 chips /~28|1 package~128
2011852	B	29	500,7.14,28.6,53.6,536,0,1.79,0,3.6,0,2.57,71,,0	1 serving~28|1 package~184
2095304	B	29	500,7.14,25,57.1,196,7.14,1.79,0,3.6,0,1.29,0,,0	1 serving~28|1 package~184
2165982	B	42	179,0,0,50,0,42.9,0,0,0,0,0,0,0,,0	1 serving~14|1 package~128
2543090	B	42	179,0,0,42.9,0,42.9,0,0,0,0,0,0,0,,0	1 serving~14|1 package~128
2287578	B	42	107,0,0,35.7,0,35.7,0,0,,0,0,286,,0	1 tbsp~14|1 package~255
2147542	B	84	321,0,0,85.7,0,85.7,0,0,0,0,0,0,,0	1 tbsp~14|1 package~142
2416730	B	84	321,0,0,85.7,0,,0,0,0,0,0,0,,0	1 tbsp~14|1 package~142
1938429	B	27	347,18.1,29.2,2.78,681,1.39,9.72,76,0,0,1,0,,0	1 grilled link~72|1 package~1130
1938428	B	27	347,18.1,29.2,2.78,681,1.39,9.72,76,0,0,.5,0,,0	1 grilled link~72|1 package~1130
2504280	B	27	341,17.1,29.3,2.44,720,1.22,9.76,73,,0,.88	1 grilled link~82|1 package~539
1882948	B	42	200,0,0,42.9,0,42.9,0,0,,0,0,0,,0	1 tbsp~14|1 package~283
1889565	B	42	200,0,0,42.9,0,42.9,0,0,,0,0,0,,0	1 tbsp~14|1 package~283
2598237	B	5	536,7.14,32.1,57.1,857,0,8.93,0,3.6,0,0,39,1120,21.4,0,5.36,16.1	1 serving~28|1 package~170
2118061	B	18	48,0,0,13,10,13	1 serving~355
1903090	B	15	63,3.17,0,12.7,428,3.17,0,0,3.2,0,0,0,,7.6	2 tbsp~31.5|1 package~340
1903087	B	15	63,3.17,0,12.7,428,3.17,0,0,3.2,0,0,0,,7.6	2 tbsp~31.5|1 package~340
1920093	B	15	31,0,0,6.25,438,3.12,,,3.1,,,,,7.5	2 tbsp~32|1 package~454
2040453	B	28	89,21.4,.89,1.79,857,1.79,0,54,,0,.64	1 serving~56
2417177	B	2	429,25,32.1,0,786,0,21.4,107,0,0,0,536,0,,0	1 inch cube~28|1 package~170
2421987	B	2	381,23.8,33.3,4.76,714,0,19,95,0,0,0,714,0,,0	1 bar~21|1 package~127
2304326	B	2	381,19,28.6,4.76,1290,4.76,19,95,0,0,0,619,143,,0	1 slice~21|1 package~226
2423839	B	2	368,21,31.6,5.26,1470,0,18.4,79,0,0,.53,579,105,,0	1 slice~19|1 package~226
2572870	B	28	125,17.9,2.68,7.14,857,5.36,0,54,0,0,.89,0,804,,0	4 slices~56|1 package~454
2178578	B	93	321,25,25,0,1540,0,8.93,89,0,0,1.29,0,,0	1 serving~28|1 package~354
1942665	B	2	357,16.1,26.8,14.3,589,5.36,16.1,89,1.1,0,0,107,125,,0	1 slice~56|1 package~227
2120585	B	33	328,13.8,20.7,24.1,422,13.8,12.1,78,1,0,.52,112,121,,0	1 slice~58|1 package~311
2572863	B	28	107,17.9,2.68,3.57,946,1.79,0,54,0,0,.89,0,696,,0	4 slices~56|1 package~454
2417589	B	2	357,17.9,28.6,7.14,1290,0,16.1,89,3.6,0,0,286,0,,0	¼ cup~28|1 package~141
2545825	B	2	286,14.3,16.1,21.4,179,17.9,10.7,71,3.6,0,0,0,0,,0	1 serving~28|1 package~113
1897597	B	2	321,10.7,28.6,3.57,196,3.57,17.9,71,0,0,0,143,0,,12.5	1 serving~28|1 package~226
2600020	B	2	250,17.9,17.9,3.57,268,3.57,12.5,54,0,0,0,286,0,,0	1 inch cube~28|1 package~226
2431736	B	2	393,21.4,28.6,3.57,750,0,17.9,107,0,0,0,675,93,,0	1 serving~28|1 package~142
2145467	B	77	89,16.1,1.79,1.79,857,0,0,36,0,0,0,0,,0	1 serving~56
2329848	B	2	381,19,33.3,4.76,1670,0,19,95,0,0,.48,633,143	1 slice~21|1 package~453
2483311	B	28	107,21.4,1.79,0,804,,,45,,,,,679	2 slices~56|1 package~226
2432450	B	2	393,25,32.1,3.57,643,0,17.9,107,0,0,0,536,0,,0	3 slices~28|1 package~227
2522652	B	2	286,10.7,16.1,25,214,21.4,10.7,54,3.6,0,0,0,0,,0	1 serving~28|1 package~113
2600025	B	2	429,17.9,39.3,0,786,0,25,125,0,0,0,357,0,,0	1 serving~28|1 package~200
2600026	B	2	393,21.4,32.1,0,679,0,21.4,107,0,0,0,536,0,,0	1 serving~28|1 package~200
2339939	B	2	393,25,32.1,0,607,,16.1,89,0,0,0,143,0,,0	1 serving~28|1 package~227
2415911	B	2	393,25,32.1,0,607,0,16.1,89,0,0,0,143,0,,0	1 serving~28|1 package~227
2600063	B	2	250,14.3,21.4,3.57,1110,3.57,14.3,89,0,0,0,357,0,,0	1 serving~28|1 package~227
2572782	B	2	286,14.3,25,7.14,1460,3.57,14.3,89,3.6,0,1.29,357,0,,0	¼ cup~28|1 package~141
2547942	B	2	250,17.9,16.1,3.57,1460,0,8.93,36,3.6,0,1.29,357,0,,0	¼ cup~28|1 package~141
2339810	B	2	286,17.9,21.4,7.14,429,3.57,12.5,71,0,0,0,71,0,,0	1 serving~28|1 package~113
2572785	B	2	393,25,28.6,3.57,1290,0,17.9,71,3.6,0,0,714,0,,0	¼ cup~28|1 package~141
2074193	B	28	271,23.5,20,0,706,0,11.8,71,0,0,.85,412,,0	1 serving~85|1 package~227
2275996	B	2	250,17.9,17.9,3.57,268,3.57,12.5,54,0,0,0,286,0,,0	1 serving~28|1 package~453
2407812	B	2	250,17.9,17.9,3.57,304,0,12.5,54,0,0,0,357,71,,0	1 serving~28|1 package~283
2641794	B	2	250,17.9,17.9,3.57,268,3.57,12.5,54,0,0,0,286,0,,0	1 1/3 slices~28|1 package~453
2547940	B	2	286,14.3,21.4,3.57,339,3.57,14.3,89,0,0,0,0,0,,0	1 serving~28|1 package~113
2629784	B	2	286,14.3,21.4,3.57,339,3.57,14.3,89,0,0,0,0,0,,0	1 serving~28|1 package~226
2415491	B	28	286,25,21.4,3.57,1640,0,7.14,89,0,0,0,36,464,,0	3 slices~28|1 package~113
2117030	B	28	321,25,25,0,1540,0,8.93,89,0,0,1.29,0,,0	1 serving~28
2270618	B	28	376,25.9,28.2,2.35,1180,0,12.9,88,0,0,1.27,294,,0	1 serving~85
1938247	B	93	376,20,20,24.7,1110,1.18,9.41,53,1.2,0,1.69,294,,0	1 serving~85
1897606	B	2	243,17.9,17.9,0,536,,12.5,71,0,0,0,71,,0	1 serving~28|1 package~150
2421984	B	2	286,17.9,21.4,3.57,321,0,14.3,89,3.6,0,0,71,0,,0	¼ cup~28|1 package~113
2421982	B	2	286,17.9,21.4,3.57,286,3.57,16.1,89,0,0,0,0,0,,0	1 serving~28|1 package~142
2522661	B	2	286,14.3,17.9,14.3,268,10.7,12.5,71,0,0,0,71,0,,0	1 serving~28|1 package~113
2547939	B	2	286,21.4,21.4,3.57,536,0,14.3,89,.9,0,0,536,0,,0	1 serving~28|1 package~125
2658793	B	2	357,25,28.6,0,714,0,17.9,89,0,0,0,536,0,,0	1 inch cube~28|1 package~226
2421986	B	2	381,23.8,28.6,4.76,667,0,19,95,0,0,0,667,0,,0	1 bar~21|1 package~127
2415498	B	28	393,21.4,32.1,3.57,1750,3.57,12.5,89,0,0,1.07,7,393,,0	3 slices~28|1 package~113
2482601	B	2	381,19,33.3,4.76,667,0,19,95,0,0,.48,667,95,,.475	1 slice~21|1 package~226
2483223	B	28	107,19.6,1.79,0,857,,,45,,,,,500	2 slices~56|1 package~226
2617743	B	28	107,19.6,2.68,1.79,911,1.79,0,54,0,0,.89,0,714,,0	4 slices~56|1 package~454
1866650	B	27	321,16.1,28.6,3.57,1290,1.79,10.7,71,0,0,1.29,0,250,,.725	1 serving~56|1 package~454
2415492	B	28	321,21.4,25,7.14,1640,3.57,8.93,89,0,0,0,71,429,,0	3 slices~28|1 package~340
2121448	B	28	161,23.2,2.68,1.79,482,1.79,.89,54,0,0,2.57,0,,0	2 slices~56|1 package~170
2070502	B	2	400,25,35.7,0,571,0,25,82,0,0,0,893,,0	1 serving~28|1 package~141
2281341	B	2	429,7.14,50,0,36,0,35.7,143,0,0,0,143,0,,0	1 tbsp~14|1 package~226
2482616	B	2	393,21.4,32.1,3.57,643,0,17.9,107,0,0,0,714,71,,.725	1 slice~28|1 package~226
2040240	B	28	107,19.6,1.79,1.79,839,1.79,0,54,0,0,.64,36,,2.1	1 serving~56
2040414	B	28	89,19.6,1.79,1.79,857,1.79,0,45,,0,.64	1 serving~56
2190343	B	2	393,21.4,32.1,3.57,643,0,17.9,107,0,0,0,536,0,,.725	3 slices~28|1 package~283
2483222	B	28	302,25.6,20.9,2.33,977,0,11.6,70,,0,3.72,58,140,,11.6	1 serving~43|1 package~510
2483569	B	28	279,27.9,18.6,0,1580,0,9.3,81,0,0,3.72,37,267,,11.6	1 serving~43|1 package~510
2483187	B	28	256,23.3,18.6,0,814,0,9.3,70,0,0,4.65,40,198,,11.6	1 serving~43|1 package~510
2547978	B	28	321,21.4,25,3.57,1000,0,12.5,89,0,0,1.29,357,250,,.725	1 serving~28|1 package~227
2074190	B	28	286,25,21.4,3.57,1290,0,10.7,89,0,0,0,357,250,,.725	1 serving~28|1 package~227
2482615	B	2	357,25,28.6,0,643,0,17.9,89,0,0,.36,714,143,,.725	1 slice~28|1 package~226
2547909	B	2	286,17.9,21.4,3.57,286,3.57,16.1,89,0,0,0,0,0,,0	1 serving~28|1 package~113
2495798	B	28	100,20,2,0,840,0,0,60,0,0,0,0,380,,0	3 slices~50|1 package~454
2102094	B	28	89,16.1,1.79,3.57,821,0,0,36,0,0,0,0,,0	1 serving~56|1 package~454
2280777	B	28	107,19.6,1.79,0,911,,,45,,,,,339	2 slices~56|1 package~226
2144276	B	28	107,23.2,1.79,0,446,0,0,54,0,0,0,0,500,,0	1 serving~56
2572868	B	2	393,28.6,28.6,3.57,1140,0,21.4,89,0,0,0,714,0,,0	1 inch cube~28|1 package~226
2572783	B	2	400,20,30,0,1300,0,20,100,0,0,0,800,0,,0	1 tbsp~5|1 package~141
2572786	B	2	393,28.6,28.6,3.57,1250,0,21.4,89,3.6,0,0,714,0,,0	¼ cup~28|1 package~141
2572791	B	2	393,28.6,28.6,3.57,1250,0,21.4,89,3.6,0,0,714,0,,0	¼ cup~28|1 package~340
2123496	B	28	143,21.4,4.46,1.79,696,1.79,1.79,62,0,0,1.79,36,679,,0	2 slices~56|1 package~170
2416590	B	2	393,25,32.1,0,643,0,17.9,89,0,0,0,750,71,,0	1 serving~28|1 package~226
2432449	B	2	357,21.4,28.6,3.57,571,0,16.1,89,0,0,0,536,0,,0	3 slices~28|1 package~227
2482617	B	2	357,25,28.6,3.57,643,0,17.9,107,0,0,0,714,71,,.725	1 slice~28|1 package~226
2422749	B	2	357,25,28.6,3.57,643,0,17.9,107,0,0,0,536,0,,.725	3 slices~28|1 package~283
2423808	B	28	321,21.4,25,7.14,1610,3.57,8.93,71,0,0,0,71,429,,0	1 serving~28|1 package~284
2481710	B	2	357,25,25,3.57,643,0,16.1,71,3.6,0,.36,714,143,,.35	¼ cup~28|1 package~340
2484174	B	28	214,28.6,12.5,0,2390,0,3.57,89,0,0,1.07,0,571,,1.43	2 slices~28|1 package~85
2572877	B	2	214,26.8,12.5,1.79,1840,0,6.25,45,0,0,1.25,161,339,,1	1 serving~56|1 package~141
1938244	B	28	282,27.1,17.6,3.53,1610,0,10.6,82,0,0,.85,412,,0	1 serving~85
1945264	B	2	357,25,28.6,3.57,607,0,17.9,71,0,0,0,750,71,,0	1 slice~28|1 package~226
2477205	B	2	286,32.1,17.9,3.57,161,0,10.7,54,0,0,0,979,79,,.35	1 serving~28|1 package~226
2281389	B	2	164,7.27,12.7,3.64,145,3.64,9.09,55,0,0,0,436,200,,0	¼ cup~55|1 package~453
2572784	B	2	393,28.6,28.6,3.57,1710,0,17.9,89,3.6,0,0,536,0,,0	¼ cup~28|1 package~141
2123498	B	28	143,21.4,2.68,1.79,554,1.79,.89,54,0,0,1.93,0,,0	2 slices~56|1 package~170
2483505	B	2	333,23.8,28.6,0,714,0,19,95,0,0,0,714,95,,0	1 slice~21|1 package~213
573083	B	2	393,25,32.1,0,607,0,16.1,89,0,0,0,186,,,0	1 serving~28
2572876	B	2	304,25,23.2,1.79,661,0,6.25,62,0,0,.89,143,1020,,1	1 serving~56|1 package~170
2040514	B	28	107,21.4,1.79,1.79,714,0,0,45,,0,.64	1 serving~56
2367997	B	27	393,28.6,28.6,0,1710,0,8.93,71,0,0,1.43,14,536,,0	5 slices~28|1 package~113
2040444	B	28	107,19.6,1.79,1.79,857,1.79,0,54,0,0,.64,0,,0	1 serving~56
2329849	B	2	381,28.6,33.3,0,190,0,19,95,0,0,0,890,71,,0	1 slice~21|1 package~453
2600024	B	2	393,28.6,32.1,0,607,0,21.4,89,0,0,0,714,0,,1	1 serving~28|1 package~170
2339774	B	2	286,17.9,21.4,3.57,286,3.57,14.3,89,0,0,0,0,0,,0	1 serving~28|1 package~113
2040559	B	106	119,23.8,1.79,1.19,595,1.19,0,54,,0,.43	1 serving~84
2040370	B	28	107,19.6,.89,3.57,732,3.57,0,45,,0,.64	1 serving~56
2484233	B	28	211,19.3,14,3.51,1460,1.75,4.39,61,0,0,.7,35,439,,.875	6 slices~57|1 package~113
2415930	B	28	571,10.7,57.1,0,1640,0,21.4,71,0,0,.71,36,214,,0	1 serving~28|1 package~113
2415929	B	28	583,8.33,58.3,0,1620,0,20.8,83,0,0,.42,42,208,,0	2 slices~24|1 package~85
2495789	B	28	467,20,40,3.33,1500,0,13.3,83,0,0,1.67,33,400,,1.68	8 slices~30|1 package~113
2572864	B	28	107,16.1,2.68,5.36,946,3.57,0,45,0,0,.71,0,839,,0	4 slices~56|1 package~454
2425369	B	2	393,25,32.1,3.57,714,0,17.9,89,0,0,0,536,0,,0	1 serving~28|1 package~226
1899979	B	1	432,2.27,15.9,70.4,216,43.2,11.4,0,0,0	8 pieces~44|1 package~283
2133147	B	1	395,0,5.81,83.7,81,48.8,4.65,0,0,0	5 pieces~43
1873792	B	1	333,0,0,93.3,0,66.7,,,,,0,0,,0	2 pieces~15|1 package~312
2047566	B	1	400,0,0,93.3,0,73.3,,,,,0,0,,0	3 pieces~15|1 package~369
2041020	B	1	393,0,0,92.9,0,71.4,,,,,0,0,,0	4 pieces~14|1 package~369
1900583	B	1	412,0,0,94.1,0,70.6,0,0,0,0,0,0,,0	2 pop~17|1 package~207
2746337	B	151	339,17.9,1.79,67.9,116,1.79,0,0,8.9,0,5.36,0,214,,0	1 serving~56
2746353	B	151	339,17.9,1.79,67.9,116,1.79,0,0,8.9,0,3.57,0,214,,0	1 serving~56
2746350	B	151	339,17.9,1.79,67.9,116,1.79,0,0,8.9,0,5.36,0,214,,0	1 serving~56
2746352	B	151	339,17.9,1.79,67.9,116,1.79,0,0,8.9,0,5.36,0,214,,0	1 serving~56
2746351	B	151	339,17.9,1.79,67.9,116,1.79,0,0,8.9,0,5.36,0,214,,0	1 serving~56
2746349	B	151	357,12.5,1.79,75,0,3.57,0,0,3.6,0,3.57,0,214,,0	1 serving~56
2070172	B	16	357,12.5,1.79,75,0,1.79,0,0,3.6,0,3.21,,188,,,0,0,,5.36,1,.304,,179	1/3 cup~56|1 package~454
2070161	B	16	357,12.5,1.79,75,0,1.79,0,0,3.6,0,3.21,,188,,,0,0,,5.36,1,.304,,179	1/3 cup~56|1 package~340
2030870	B	16	357,12.5,1.79,75,0,1.79,0,0,3.6,0,3.21,0,188,0,,0,0,,5.36,1,.304	1 serving~56|1 package~454
2030859	B	16	357,12.5,1.79,75,0,1.79,0,0,3.6,0,3.21,,188,,,0,0,,5.36,1,.304,,179	1 cup~56|1 package~340
2471296	B	16	357,12.5,1.79,73.2,0,0,0,0,3.6,0,3.57,0,200,,0,0,0,,5.36,1,.357,,253	½ cup~56|1 package~340
2477322	B	16	357,12.5,1.79,73.2,0,0,0,0,3.6,0,3.57,18,196,,0,0,0,,5.36,1,.357,,253	2/3 cup~56|1 package~340
2477735	B	16	357,12.5,1.79,73.2,0,0,0,0,3.6,0,3.57,18,196,,0,0,0,,5.36,1,.357,,253	.17 box~56|1 package~340
2070298	B	16	357,12.5,1.79,75,0,1.79,0,0,3.6,0,3.21,,188,,,0,0,,5.36,1,.304,,179	2/3 cup~56|1 package~454
2070288	B	16	357,12.5,1.79,75,0,1.79,0,0,3.6,0,3.21,,188,,,0,0,,5.36,1,.304,,179	½ cup~56|1 package~454
2070142	B	16	357,12.5,1.79,75,0,1.79,0,0,3.6,0,3.21,,188,,,0,0,,5.36,1,.304,,179	½ cup~56|1 package~454
2658197	B	16	357,12.5,1.79,75,0,1.79,0,0,3.6,0,3.21,,188,,,0,0,,5.36,1,.304,,179	½ cup~56|1 package~454
2070087	B	16	357,12.5,1.79,75,0,1.79,0,0,3.6,0,3.21,0,188,0,,0,0,,5.36,1,.304	1 serving~56|1 package~454
2030873	B	16	357,12.5,1.79,75,0,1.79,0,0,3.6,0,3.21,,188,,,0,0,,5.36,1,.304,,179	7 pieces~56|1 package~340
2070226	B	16	357,12.5,1.79,75,0,1.79,0,0,3.6,0,3.21,,188,,,0,0,,5.36,1,.304,,179	2/3 cup~56|1 package~454
2499390	B	16	357,12.5,1.79,75,0,1.79,0,0,3.6,0,3.21,,188,,,0,0,,5.36,1,.304,,179	1 cup~56|1 package~454
2658200	B	16	357,12.5,1.79,75,0,1.79,0,0,3.6,0,3.21,,188,,,0,0,,5.36,1,.304,,179	1 serving~56|1 package~454
2070214	B	16	357,12.5,1.79,75,0,1.79,0,0,3.6,0,3.21,0,188,0,,0,0,,5.36,1,.304	1 serving~56|1 package~454
2070193	B	16	357,12.5,1.79,75,0,1.79,0,0,3.6,0,3.21,0,188,0,,0,0,,5.36,1,.304,,179	3 pieces~56|1 package~227
2070234	B	16	357,12.5,1.79,75,0,1.79,0,0,3.6,0,3.21,,188,,,0,0,,5.36,1,.304,,179	¾ cup~56|1 package~454
2030837	B	16	357,12.5,1.79,75,0,1.79,0,0,3.6,0,3.21,,188,,,0,0,,5.36,1,.304,,179	¾ cup~56|1 package~454
2632610	B	16	357,12.5,1.79,75,0,1.79,0,0,3.6,0,3.21,,188,,,0,0,,5.36,1,.304,,179	2/3 cup~56|1 package~454
2651740	B	16	357,12.5,1.79,75,0,1.79,0,0,3.6,0,3.21,,188,,,0,0,,5.36,1,.304,,179	1/3 cup~56|1 package~454
2658198	B	16	357,12.5,1.79,75,0,1.79,0,0,3.6,0,3.21,,188,,,0,0,,5.36,1,.304,,179	¾ cup~56|1 package~454
2070128	B	16	357,12.5,1.79,75,0,1.79,0,0,3.6,0,3.21,,188,,,0,0,,5.36,1,.304,,179	¾ cup~56|1 package~454
2658199	B	16	357,12.5,1.79,75,0,1.79,0,0,3.6,0,3.21,,188,,,0,0,,5.36,1,.304,,179	¾ cup~56|1 package~454
2468062	B	16	357,12.5,1.79,73.2,0,0,0,0,3.6,0,3.57,0,200,,0,0,0,,5.36,1,.357,,253	¾ cup~56|1 package~454
2070032	B	16	357,12.5,1.79,75,0,1.79,0,0,3.6,0,3.21,,188,,,0,0,,5.36,1,.304,,179	½ cup~56|1 package~454
2658196	B	16	357,12.5,1.79,75,0,1.79,0,0,3.6,0,3.21,0,188,0,,0,0,0,5.36,1,.304,,304	.12 of package dry~56|1 package~454
2030850	B	16	357,12.5,1.79,75,0,1.79,0,0,3.6,0,3.21,0,188,0,,0,0,,5.36,1,.304	1 serving~56|1 package~454
2070112	B	16	357,12.5,1.79,75,0,1.79,0,0,3.6,0,3.21,,188,,,0,0,,5.36,1,.304,,179	1/3 cup~56|1 package~454
2658206	B	16	357,12.5,1.79,75,0,1.79,0,0,3.6,0,3.21,0,188,0,,0,0,0,5.36,1,.304,,304	.12 of package dry~56|1 package~454
2070077	B	16	357,12.5,1.79,75,0,1.79,0,0,3.6,0,3.21,,188,,,0,0,,5.36,1,.304,,179	½ cup~56|1 package~454
2070176	B	16	357,12.5,1.79,75,0,1.79,0,0,3.6,0,3.21,,188,,,0,0,,5.36,1,.304,,179	¾ cup~56|1 package~454
2070144	B	16	357,12.5,1.79,75,0,1.79,0,0,3.6,0,3.21,,188,,,0,0,,5.36,1,.304,,179	¾ cup~56|1 package~454
2070201	B	16	357,12.5,1.79,73.2,18,3.57,0,0,3.6,0,3.21,,232,,,0,.89,,5.36,1,.304,,179	¾ cup~56|1 package~340
2658201	B	16	357,12.5,1.79,73.2,18,3.57,0,0,3.6,0,3.21,,232,,,0,.89,,5.36,1,.304,,179	¾ cup~56|1 package~340
2477096	B	16	365,14.3,3.17,73,24,3.17,.79,56,3.2,0,1.59,0,222,,0,.79,.79,,1.59,0,.159,,10	1 nest~63|1 package~249
2096360	B	16	357,12.5,2.68,75,18,1.79,0,,3.6,0,1.29,36,241,0,,0,.89	1 serving~56|1 package~227
2471324	B	16	375,14.3,2.68,73.2,18,1.79,0,62,3.6,0,1.79,0,225,,0,0,.89,,1.79,0,.179,,10	¾ cup~56|1 package~249
2065318	B	19	100,0,6.67,6.67,1730,6.67,0,0,0,0,0,0,167,0	1 tbsp~15|1 package~362
2654653	B	43	462,9.23,18.5,66.2,1250,9.23,10.8,,1.5,0	1 cup~65
2585518	B	30	309,1.82,5.45,61.8,164,36.4,5.45,0,1.8,0,.18,36,200,,0	1 serving~55|1 package~220
1958975	B	49	543,17.1,34.3,40,214,22.9,8.57,0,5.7,0,2.86,51,454,,0	1 pouch~35
2434528	B	37	49,.62,0,11.7,31,5.56,0,0,1.2,0,.62,46,186,,0	2/3 cup~162|1 package~1110
2541912	B	37	72,1.2,0,17.5,42,5.42,0,0,2.4,0,.6,23,246,,0	2/3 cup~166|1 package~425
718616	B	1	375,0,0,100,0,75,0,0,8.5,,0,0,,0	1 candy~4
2038946	B	65	0,0,0,0,0,0	1 serving~180
2033474	B	65	0,0,0,0,0,0	1 tea bag~1.8|1 package~36
2590334	B	65	278,0,0,83.3,0,83.3,0,0,0,0,0,0,0,,0	1 sachet~18|1 package~180
551436	B	1	375,0,0,100,0,75,0,0,0,,0,0,,0	1 candy~4
2428304	B	1	375,0,0,75,0,75,0,0,0,,0,0,0,,0	1 candies~4|1 package~85
2428305	B	1	375,0,0,75,0,75,0,0,0,,0,0,0,,0	1 candies~4|1 package~85
2435305	B	1	375,0,0,75,0,75,0,0,0,,0,0,,0	1 candy~4|1 package~85
1867204	B	65	0,0,0,0,0,0,0,0,0,0	1 tea bag~1.8|1 package~28.8
1942391	B	30	333,5.56,0,88.9,0,38.9,,,5.6,,8	1 sachet~18|1 package~180
1877957	B	30	333,5.56,0,83.3,0,44.4,,,5.6,,8	1 sachet~18|1 package~180
730194	B	1	375,0,0,100,0,75,0,0,0,,0,0,25,,0	1 candy~4
2590335	B	65	389,0,0,94.4,28,5.56,0,0,0,0,0,0,0,,0	1 sachet~18|1 package~180
2033342	B	65	0,0,0,0,0,0	1 serving~36
2619165	B	30	389,0,0,94.4,0,88.9,0,0,0,0,0,11,128,,0	1 sachet~18|1 package~180
2392676	B	1	375,0,0,100,0,75,0,0,0,,0,0,25,,0	1 candy~4|1 package~113
2553936	B	23	500,3.57,50,3.57,607,3.57,12.5,54,0,0,5.71,143,71,,0	2 t~28|1 package~354
578152	B	67	436,9.09,0,78.8,3,,0,0,0,,0,121,167,0,,,,,5.46,1,,,218	¼ cup~33
2289458	B	99	280,6.25,11.2,37.5,292,8.75,7.5,20,1.2,0,1.12,50,,0	1 waffle~80|1 package~320
1912960	B	99	225,5,7.5,32.5,275,8.75,4.38,19,1.2,0,.45,25,,0	1 waffle~80|1 package~320
1919529	B	99	262,5,10,37.5,188,12.5,6.25,19,1.2,0,.45,50,,0	1 waffle~80|1 package~320
2061726	B	99	400,6.67,20,51.7,517,21.7,8.33,83,1.7,0,1.2,33,,0	1 waffle~60|1 package~240
1889852	B	99	467,6.67,25,53.3,517,21.7,11.7,100,1.7,0,1.8,33,,0	1 waffle~60|1 package~240
2543496	B	27	357,21.4,25,3.57,1460,0,8.93,89,0,0,1.29,0,,8.6	1 serving~28|1 package~85
2192459	B	28	250,28.6,14.3,0,2390,0,3.57,71,0,0,1.93,0,,0	1 serving~28|1 package~85
2421324	B	28	321,21.4,25,3.57,786,0,14.3,89,0,0,0,432,57,,0	1 serving~28|1 package~113
2422017	B	28	321,21.4,25,3.57,821,0,14.3,89,0,0,0,432,57,,0	1 serving~28|1 package~113
2418325	B	28	250,30,20,0,1950,0,5,70,0,0,1.8,0,,0	2 slices~20|1 package~85.1
2377163	B	28	357,21.4,25,3.57,1390,0,8.93,89,0,0,1.29,0,,8.6	1 serving~28|1 package~113
2192450	B	28	357,21.4,25,3.57,1460,0,8.93,89,0,0,1.29,0,,8.6	1 serving~28|1 package~85
2098475	B	28	286,14.3,26.8,0,1110,0,10.7,71,0,0,.64,0,,0	1 serving~56|1 package~113
1947633	B	28	321,17.9,21.4,3.57,1570,3.57,7.14,71,0,0,1.29	1 serving~28|1 package~84
2368341	B	28	357,21.4,25,3.57,1460,0,8.93,89,0,0,1.29,0,,8.6	1 serving~28|1 package~113
2272589	B	48	228,15.8,17.5,1.75,614,0,7.02,61,0,0,.63,0,,0	2 slices~57|1 package~113
2153615	B	48	357,28.6,28.6,0,1610,0,10.7,107,0,0,1.29,0,,0	1 serving~28|1 package~85
2497957	B	5	536,3.57,32.1,60.7,1000,3.57,8.93,0,3.6,0,.36,0,357,,0	1 serving~28|1 package~158
2093577	B	5	536,3.57,32.1,57.1,750,0,8.93,0,3.6,0,0,0,,12.9	1 serving~28|1 package~158
1986523	B	5	536,3.57,32.1,57.1,786,3.57,8.93,0,3.6,0,.36,0,393,,0	1 serving~28|1 package~158
2595985	B	5	536,3.57,32.1,57.1,786,3.57,8.93,0,3.6,0,.36,0,393,,0	1 serving~28|1 package~156
2630002	B	5	536,3.57,32.1,60.7,714,3.57,8.93,0,3.6,0,.36,0,357,,0	14 crisps~28|1 package~158
2171264	B	5	526,5.26,31.6,57.9,474,5.26,7.89,0,0,0,0,0,,12.6	1 container~19
2142808	B	5	536,3.57,32.1,57.1,482,3.57,8.93,0,3.6,0,.36,0,393,,0	1 serving~28|1 package~131
2172601	B	5	524,4.76,33.3,57.1,476,4.76,9.52,0,4.8,0,.48,0,381,,0	1 serving~21|1 package~252
2268009	B	5	536,3.57,32.1,57.1,482,3.57,8.93,0,3.6,0,0,0,,12.9	15 chips~28|1 package~156
2107802	B	5	536,3.57,32.1,57.1,929,3.57,8.93,0,3.6,0,0,0,,12.9	1 serving~28|1 package~169
2611289	B	5	536,3.57,32.1,57.1,1040,0,8.93,0,3.6,0,.71,0,393,,0	1 serving~28|1 package~156
2109071	B	5	536,3.57,32.1,57.1,607,3.57,8.93,0,3.6,0,0,0,,12.9	1 serving~28|1 package~169
1973595	B	5	536,3.57,32.1,57.1,643,3.57,8.93,0,3.6,0,.36,36,393,,0	1 serving~28|1 package~131
2087720	B	5	536,3.57,32.1,53.6,679,3.57,8.93,0,3.6,0,0,0,,12.9	1 serving~28|1 package~852
2193998	B	5	520,4,32,56,580,2,9,0,2,.4,0,40,400	26 chips~50|1 package~156
2595955	B	5	536,3.57,32.1,57.1,643,3.57,8.93,0,3.6,0,.36,36,393,,0	1 serving~28|1 package~131
2615319	B	5	524,4.76,33.3,57.1,643,4.76,9.52,0,4.8,0,.48,48,381,,0	1 tub~21
2596058	B	5	525,5,32.5,55,650,2.5,8.75,0,2.5,0,.5,50,400,,0	1 can~40
1992300	B	5	536,3.57,32.1,57.1,679,3.57,8.93,0,3.6,0,.36,0,429,,0	1 serving~28|1 package~158
2176170	B	5	536,3.57,32.1,57.1,679,3.57,8.93,0,3.6,0,.36,0,429,,0	1 serving~28|1 package~71
2615393	B	5	536,3.57,32.1,57.1,679,3.57,8.93,0,3.6,0,.36,0,429,,0	1 serving~28|1 package~156
2109070	B	5	402,11.5,17.2,57.5,862,5.75,8.62,0,0,0,0,0,,0	1 serving~17.4|1 package~139
2087719	B	5	536,3.57,32.1,57.1,607,3.57,8.93,0,3.6,0,0,0,,12.9	15 crisps /~28|1 package~169
1983842	B	5	536,3.57,32.1,57.1,714,3.57,8.93,0,3.6,0,.71,36,429,,0	1 serving~28|1 package~158
2671969	B	5	536,3.57,32.1,57.1,929,3.57,8.93,0,3.6,0,0,0,,12.9,,,,0	15 crisps~28|1 package~158
2087887	B	5	500,7.14,28.6,60.7,857,3.57,7.14,0,3.6,0,1.29,0,,0	1 serving~28|1 package~182
2497923	B	5	536,3.57,32.1,57.1,643,3.57,8.93,0,3.6,0,.36,0,393,,0	1 serving~28|1 package~158
2667744	B	5	536,3.57,32.1,60.7,857,3.57,8.93,0,3.6,0,.36,0,357,,0	1 serving~28|1 package~158
2140771	B	5	536,3.57,32.1,53.6,893,3.57,8.93,0,3.6,0,0,0,,12.9	1 serving~28|1 package~169
2497977	B	5	536,3.57,32.1,57.1,339,7.14,8.93,0,3.6,0,0,0,,12.9	1 serving~28|1 package~169
2215920	B	5	526,5.26,31.6,57.9,553,0,7.89,0,0,0,.53,0,421,,0	1 serving~19|1 package~456
2234398	B	58	526,5.1,31.6,56.1,682,3,8.8,1,2.4,0,.8,36,473	15 crisps~28
2747548	B	58	525,5,30,57.5,475,5,8.75,0,2.5,0,.5,0,400,,0	1 can~40
2746677	B	58	536,3.57,32.1,57.1,482,3.57,8.93,0,3.6,0,.36,0,393,,0	14 crisps~28
2743794	B	58	536,3.57,32.1,57.1,482,3.57,8.93,0,3.6,0,.36,0,393,,0	14 crisps~28
2743793	B	58	536,3.57,32.1,57.1,482,3.57,8.93,0,3.6,0,.36,0,393,,0	14 crisps~28
2739560	B	58	536,3.57,32.1,57.1,607,3.57,8.93,0,3.6,0,.36,36,393,,0	14 crisps~28
2747529	B	58	525,5,32.5,55,650,2.5,8.75,0,2.5,0,.5,50,400,,0	1 can~40
2747526	B	58	536,3.57,32.1,57.1,643,3.57,8.93,0,3.6,0,.36,36,393,,0	14 crisps~28
2741631	B	58	536,3.57,32.1,57.1,643,3.57,8.93,0,3.6,0,.36,36,393,,0	14 crisps~28
2739416	B	58	536,3.57,32.1,57.1,643,3.57,8.93,0,3.6,0,.36,36,393,,0	14 crisps~28
2234471	B	58	524,4.7,31,56.9,655,1.9,8.6,0,2.6,0,.8,19,,13	15 crisps~28
2234446	B	58	531,4.8,32.1,56.2,606,2.4,9.2,1,2.4,0,.7,31,432	15 crisps~28
2746682	B	58	536,3.57,32.1,57.1,250,0,8.93,0,3.6,0,.36,0,429,,0	15 crisps~28
2518891	B	58	525,4.5,31.4,56.7,547,2.3,8.8,1,2.4,0,.7,40,402,,0	15 crisps~28
2234420	B	58	525,4.8,32.3,55.7,658,2.1,9.4,2,2.3,0,.7,39,428	15 crisps~28
2234618	B	58	522,4.5,30.8,57.2,789,3.1,8.5,0,2.4,0,.6,21,416	15 crisps~28
2234600	B	58	525,4.4,31.3,57.1,835,2.1,8.6,0,2.4,0,.6,23,421	15 crisps~28
2747527	B	58	541,5.41,32.4,56.8,541,0,9.46,0,2.7,0,.54,0,405,,0	1 can~37
2741639	B	58	536,3.57,32.1,57.1,536,0,8.93,0,3.6,0,.36,0,393,,0	15 crisps~28
2743826	B	58	536,3.57,32.1,60.7,536,0,8.93,0,3.6,0,.36,0,357,,0	15 crisps~28
2743792	B	58	536,3.57,32.1,60.7,536,0,8.93,0,3.6,0,.36,0,357,,0	15 crisps~28
2747519	B	58	536,3.57,32.1,57.1,643,3.57,8.93,0,3.6,,.71,18,429,,0	14 crisps~28
2739558	B	58	536,3.57,32.1,57.1,643,3.57,8.93,0,3.6,0,.71,18,429,,0	14 crisps~28
2739559	B	58	536,3.57,32.1,57.1,643,3.57,8.93,0,3.6,0,.36,0,393,,0	14 crisps~28
2746680	B	58	500,3.57,25,64.3,464,0,7.14,0,3.6,0,.36,0,429,,0	15 crisps~28
2739418	B	58	536,3.57,32.1,57.1,643,3.57,8.93,0,3.6,0,.36,0,393,,0	14 crisps~28
2234354	B	58	516,4.4,31.2,56.3,570,2,8.6,0,2.3,0,.8,73,402	15 crisps~28
2741607	B	58	524,4.76,33.3,57.1,476,4.76,9.52,0,4.8,0,.48,0,381,,0	1 tub~21
2739562	B	58	524,4.76,33.3,57.1,643,4.76,9.52,0,4.8,0,.48,48,381,,0	1 tub~21
2739564	B	58	526,5.26,31.6,57.9,553,0,7.89,0,0,0,.53,0,421,,0	1 tub~19
2745700	B	58	526,5.26,31.6,57.9,553,0,7.89,0,0,0,.53,0,421,,0	1 tub~19
2739440	B	58	526,5.26,31.6,57.9,553,0,7.89,0,0,0,.53,0,421,,0	1 tub~19
2739561	B	58	524,4.76,33.3,57.1,643,4.76,9.52,0,4.8,0,.48,24,429,,0	1 tub~21
2739563	B	58	524,4.76,33.3,57.1,571,4.76,9.52,0,4.8,0,.48,0,381,,0	1 tub~21
2743857	B	58	524,4.76,33.3,57.1,571,4.76,9.52,0,4.8,0,.48,0,381,,0	1 tub~21
2747528	B	58	525,5,30,57.5,575,2.5,8.75,0,2.5,0,.5,25,400,,0	1 can~40
2741638	B	58	536,3.57,32.1,57.1,571,3.57,8.93,0,3.6,0,.36,0,393,,0	14 crisps~28
2739557	B	58	536,3.57,32.1,57.1,571,3.57,8.93,0,3.6,0,.36,0,393,,0	14 crisps~28
2525687	B	58	523,4.4,31,57.2,579,2.8,8.7,1,2.4,0,.6,30,409,,0	1 can~40
2741654	B	58	536,3.57,32.1,57.1,571,3.57,8.93,0,3.6,0,.36,0,393,,0	14 crisps~28
2174998	B	5	536,3.57,32.1,57.1,964,3.57,8.93,0,3.6,0,.71,0,429,,0	1 serving~28|1 package~137
2615438	B	5	536,3.57,32.1,60.7,1000,3.57,8.93,0,3.6,0,.36,0,357,,0	1 serving~28|1 package~156
2674486	B	5	536,3.57,32.1,60.7,714,3.57,8.93,0,3.6,0,.36,0,357,,0	1 serving~28|1 package~156
2533937	B	5	536,3.57,32.1,60.7,786,3.57,8.93,0,3.6,0,.71,0,250,,0	1 serving~28|1 package~158
1973469	B	5	536,3.57,32.1,57.1,750,3.57,8.93,0,3.6,0,1.43,0,393,,0	1 serving~28|1 package~158
2595928	B	5	536,3.57,32.1,57.1,750,3.57,8.93,0,3.6,0,1.43,0,393,,0	1 serving~28|1 package~156
2615317	B	5	525,5,32.5,55,650,2.5,8.75,0,2.5,0,.5,50,400,,0	1 can~40
2087893	B	5	536,3.57,32.1,57.1,750,0,8.93,0,3.6,0,0,0,,12.9	1 serving~28|1 package~169
2596072	B	5	536,3.57,32.1,60.7,1110,0,8.93,0,3.6,0,.36,0,357,,0	1 serving~28|1 package~156
2596064	B	5	536,3.57,32.1,60.7,571,7.14,8.93,0,3.6,0,.71,0,214,,0	1 serving~28|1 package~156
2596067	B	5	536,3.57,32.1,60.7,786,3.57,8.93,0,3.6,0,.71,0,250,,0	1 serving~28|1 package~156
2596065	B	5	536,3.57,32.1,57.1,750,3.57,8.93,0,3.6,0,.71,36,250,,0	1 serving~28|1 package~156
2615436	B	5	536,3.57,32.1,60.7,643,7.14,8.93,0,3.6,0,.71,0,214,,0	1 serving~28|1 package~156
2533935	B	5	536,3.57,32.1,57.1,750,3.57,8.93,0,3.6,0,.71,36,250,,0	1 serving~28|1 package~158
2109047	B	5	402,5.75,17.2,57.5,776,5.75,8.62,0,0,0,0,0,,0	1 serving~17.4|1 package~139
2088212	B	5	536,3.57,32.1,57.1,786,3.57,8.93,0,3.6,0,0,0,,12.9	.15 crisps /~28|1 package~169
2170982	B	5	536,3.57,32.1,57.1,1040,3.57,8.93,0,3.6,0,.36,0,393,,0	1 serving~28|1 package~137
2087888	B	5	536,3.57,32.1,57.1,786,3.57,8.93,0,3.6,0,0,71,,21.4	1 serving~28|1 package~169
2671984	B	5	536,3.57,32.1,57.1,821,3.57,8.93,0,3.6,0,.36,0,429,,0	12 crisps~28|1 package~137
2615427	B	5	536,3.57,32.1,57.1,750,0,8.93,0,3.6,0,.71,0,393,,0	1 serving~28|1 package~156
2173473	B	5	536,3.57,32.1,57.1,1040,3.57,8.93,0,3.6,0,.71,0,393,,0	1 serving~28|1 package~137
1967574	B	5	536,3.57,32.1,57.1,1040,0,8.93,0,3.6,0,.36,36,393,,0	1 serving~28|1 package~158
2171386	B	5	513,5.13,30.8,56.4,692,2.56,8.97,0,2.6,0,0,51,,12.3	1 package~39
2107323	B	5	536,7.14,28.6,60.7,857,3.57,8.93,0,3.6,0,0,0,,0	14 crisps /~28|1 package~154
2088302	B	5	536,3.57,32.1,57.1,857,0,8.93,0,3.6,0,0,0,,12.9	1 ounce~28|1 package~169
2279351	B	5	540,4,32,58,260,2,9,0,2,.4,.6,20,400	28 chips / per~50|1 package~148
2107707	B	5	500,3.57,25,60.7,500,3.57,7.14,0,3.6,0,0,71,,8.6	1 serving~28|1 package~178
2502265	B	5	541,5.41,32.4,56.8,541,0,9.46,0,2.7,.27,.54,0,405	1 can~37
2667690	B	5	536,3.57,32.1,57.1,536,0,8.93,0,3.6,0,.36,0,393,,0	1 serving~28|1 package~125
2182074	B	5	526,5.26,31.6,57.9,553,0,7.89,0,0,0,.53,0,421,,0	1 serving~19
1977863	B	5	536,3.57,32.1,57.1,893,3.57,8.93,0,3.6,0,.71,0,393,,0	1 serving~28|1 package~158
2595918	B	5	536,3.57,32.1,57.1,893,3.57,8.93,0,3.6,0,.71,0,393,,0	1 serving~28|1 package~156
2141211	B	5	536,3.57,32.1,60.7,339,7.14,8.93,0,3.6,0,0,0,,12.9	1 serving~28|1 package~169
1998265	B	5	536,3.57,32.1,57.1,482,3.57,8.93,0,3.6,0,.36,0,429,,0	1 serving~28|1 package~137
2182451	B	5	520,4,32,56,640,4,9,0,2,.4,.2,20,450	26 chips~50|1 package~156
2124875	B	5	536,3.57,32.1,57.1,643,3.57,8.93,0,3.6,0,.71,18,429,,0	1 serving~28|1 package~131
2671971	B	0	402,11.5,17.2,57.5,862,5.75,8.62,0,0,0,0,0,,0,,,,0	1 pack~17.4|1 package~139
2092328	B	5	536,3.57,32.1,57.1,536,0,8.93,0,3.6,0,0,0,,12.9	1 serving~28
2657581	B	5	536,3.57,32.1,57.1,571,3.57,8.93,0,3.6,0,.36,0,393,,0	1 serving~28
2668349	B	5	526,5.26,31.6,57.9,553,0,7.89,0,0,0,.53,0,421,,0	1 serving~19|1 package~371
2615318	B	5	541,5.41,32.4,56.8,541,0,9.46,0,2.7,0,.54,0,405,,0	1 can~37
2611295	B	5	541,5.41,32.4,56.8,541,0,9.46,0,2.7,0,.54,0,405,,0	1 can~37
2242656	B	5	250,3.57,0,53.6,571,3.57,0,0,3.6,0,0,0,,12.9	1 serving~28|1 package~154
2619146	B	5	536,3.57,32.1,57.1,1000,0,8.93,0,3.6,0,0,0,,12.9,,,,0	15 crisps~28|1 package~169
1982118	B	5	536,3.57,32.1,57.1,643,3.57,8.93,0,3.6,0,.71,36,393,,0	1 serving~28|1 package~158
1982136	B	5	536,3.57,32.1,57.1,750,3.57,8.93,0,3.6,0,.71,0,393,,0	1 serving~28|1 package~158
2615352	B	5	536,3.57,32.1,57.1,750,3.57,8.93,0,3.6,0,.71,0,393,,0	1 serving~28|1 package~156
2119523	B	5	536,3.57,32.1,53.6,643,3.57,8.93,0,3.6,0,0,0,,12.9	1 serving~28|1 package~71
2161094	B	5	536,3.57,32.1,57.1,643,3.57,8.93,0,3.6,0,1.29,71,,12.9	15 chips~28|1 package~156
2596090	B	5	536,3.57,32.1,57.1,643,3.57,8.93,0,3.6,0,.36,36,393,,0	1 serving~28|1 package~70.9
2596002	B	5	536,3.57,32.1,57.1,571,3.57,8.93,0,3.6,0,.71,0,393,,0	1 serving~28|1 package~70.9
2176169	B	5	536,3.57,32.1,57.1,571,3.57,8.93,0,3.6,0,.71,0,393,,0	1 serving~28|1 package~71
2611285	B	5	536,3.57,32.1,60.7,857,0,8.93,0,3.6,0,.36,0,357,,0	1 serving~28|1 package~156
2615410	B	5	536,3.57,32.1,57.1,679,3.57,8.93,0,3.6,0,.36,0,429,,0	1 serving~28|1 package~70.9
2611300	B	5	536,3.57,32.1,57.1,679,3.57,8.93,0,3.6,0,.36,0,429,,0	1 serving~28|1 package~70.9
2596001	B	5	536,3.57,32.1,57.1,679,3.57,8.93,0,3.6,0,.36,0,429,,0	1 serving~28|1 package~70.9
2611322	B	5	536,3.57,32.1,57.1,821,3.57,8.93,0,3.6,0,.71,0,393,,0	1 serving~28|1 package~156
2596023	B	5	536,3.57,32.1,57.1,643,3.57,8.93,0,3.6,0,.71,0,393,,0	1 serving~28|1 package~156
2611306	B	5	536,3.57,32.1,57.1,821,3.57,8.93,0,3.6,0,.36,0,429,,0	1 serving~28|1 package~136
2107361	B	5	536,3.57,32.1,57.1,375,3.57,8.93,0,3.6,0,0,0,,12.9	1 serving~28|1 package~169
2533936	B	5	536,3.57,32.1,60.7,643,7.14,8.93,0,3.6,0,.71,0,214,,0	1 serving~28|1 package~158
1970166	B	5	536,3.57,32.1,57.1,786,3.57,8.93,0,3.6,0,.71,0,464,,0	1 serving~28|1 package~158
2533934	B	5	536,3.57,32.1,60.7,571,7.14,8.93,0,3.6,0,.71,0,214,,0	1 serving~28|1 package~158
2615320	B	5	526,5.26,31.6,57.9,553,0,7.89,0,0,0,.53,0,421,,0	1 tub~19
2611278	B	5	524,4.76,33.3,57.1,643,4.76,9.52,0,4.8,0,.48,48,381,,0	1 tub~21
2596022	B	5	536,3.57,32.1,57.1,714,0,8.93,0,3.6,0,.71,0,393,,0	1 serving~28|1 package~156
2276659	B	5	529,4.41,30.9,57.4,588,2.94,8.82,0,2.9,.15,0,29,441	1 can~68
2143439	B	5	536,3.57,32.1,57.1,268,3.57,8.93,0,3.6,0,0,0,,12.9	1 serving~28|1 package~158
2595864	B	5	536,3.57,32.1,57.1,571,3.57,8.93,0,3.6,0,.36,0,393,,0	1 serving~28|1 package~102
2545515	B	5	520,4,32,58,580,2,9,0,2,.2,0,20,400	26 chips~50|1 package~203
2171397	B	5	526,5.26,31.6,57.9,579,5.26,7.89,0,0,0,0,0,,12.6	1 serving~19|1 package~228
1989739	B	5	536,3.57,32.1,57.1,643,3.57,8.93,0,3.6,0,.71,36,429,,0	1 serving~28|1 package~124
2108668	B	5	460,11.5,20.1,57.5,1030,5.75,8.62,0,0,0,0,0,,0	1 serving~17.4|1 package~139
2611288	B	5	526,5.26,31.6,57.9,553,0,7.89,0,0,0,.53,0,421,,0	1 tub~19
2630003	B	5	536,3.57,32.1,60.7,857,0,8.93,0,3.6,0,.71,0,357,,0	14 crisps~28|1 package~158
2671979	B	5	536,3.57,32.1,60.7,714,3.57,8.93,0,3.6,0,.71,0,357,,0	1 serving~28|1 package~158
2163689	B	5	500,3.57,25,64.3,571,3.57,7.14,0,3.6,0,.36,0,429,,0	1 serving~28|1 package~158
2141235	B	5	536,3.57,32.1,57.1,1040,0,8.93,0,3.6,0,0,0,,12.9	1 serving~28|1 package~158
1993353	B	5	536,3.57,32.1,57.1,571,3.57,8.93,0,3.6,0,.71,0,607,,0	1 serving~28
2164630	B	5	536,3.57,32.1,57.1,536,0,8.93,0,3.6,0,0,0,,12.9	16 chips~28|1 package~148
2595915	B	5	536,3.57,32.1,57.1,536,0,8.93,0,3.6,0,.36,0,393,,0	1 serving~28|1 package~65.2
2091732	B	5	514,2.7,35.1,51.4,541,2.7,9.46,0,2.7,0,0,0,,13	1 can~37|1 package~888
2089035	B	5	380,7.59,26.6,29.1,1010,5.06,7.59,19,1.3,0,0,190,,6.1	1 serving~79
2107321	B	5	536,7.14,28.6,60.7,571,3.57,7.14,0,3.6,0,0,0,,0	1 serving~28|1 package~145
1988042	B	5	536,3.57,32.1,57.1,571,3.57,8.93,0,3.6,0,.71,0,393,,0	1 serving~28|1 package~82
2087889	B	5	536,3.57,32.1,57.1,679,3.57,8.93,0,3.6,0,0,0,,12.9	1 ounce~28|1 package~169
2596040	B	5	536,3.57,32.1,57.1,893,3.57,8.93,0,3.6,0,.36,36,500,,0	1 serving~28|1 package~136
2088551	B	5	536,3.57,32.1,57.1,571,3.57,8.93,0,3.6,0,0,71,,12.9	1 ounce 15 crisps~28|1 package~169
1157633	B	5	500,7.14,28.6,60.7,1110,3.57,7.14,0,3.6,0,0,71,,0	1 serving~28
1047967	B	5	541,5.41,32.4,56.8,541,0,9.46,0,2.7,0,.54,0,405,,0	1 serving~37
1909891	B	41	867,0,93.3,0,0,,13.3,,,0	1 tbsp~15|1 package~350
2367931	B	59	34,3.69,1.54,2.46,58,.31,.15,0,.9,0,.27,12,258,,,.92,.46	11 fl oz~325
468093	B	42	207,.5,.3,50,0,33,.5,0,1,0,0,0,,0	1 tbsp~20
2450348	B	26	292,11.1,19.9,18.1,392,2.92,10.5,126,.6,0,.84,117,,,.225	1 slice~171|1 package~850
2387040	B	16	248,8.85,1.77,46.9,31,.88,0,0,5.3,0,1.33,9,225	1 cup~113|1 package~454
2387296	B	16	357,8.93,1.79,71.4,0,3.57,0,0,3.6,0,3.21,0,0,,0	1 cup~56|1 package~454
2464988	B	16	204,9.73,3.98,32.7,168,.88,1.77,22,2.7,0,1.77,44,248,,4.42	1 cup~113|1 package~454
2167510	B	16	204,9.73,3.98,32.7,168,.88,1.77,22,2.7,0,1.77,44,248	1 cup~113
2464885	B	16	204,9.73,3.98,32.7,168,.88,1.77,22,2.7,0,1.77,44,248,,4.42	1 cup~113|1 package~454
2464207	B	16	204,9.73,3.98,32.7,168,.88,1.77,22,2.7,0,1.77,44,248,,4.42	1 cup~113|1 package~454
2464724	B	16	186,8.85,6.9,20.4,248,2.65,4.42,49,1.8,0,.88,35,221,,5.3	1 cup~113|1 package~454
2464623	B	16	204,9.73,3.98,32.7,168,.88,1.77,22,2.7,0,1.77,44,248,,4.42	1 cup~113|1 package~454
2464628	B	16	204,9.73,3.98,32.7,168,.88,1.77,22,2.7,0,1.77,44,248,,4.42	1 cup~113|1 package~454
2464727	B	16	230,9.73,3.1,39.8,230,1.77,1.33,18,2.7,0,2.21,53,221,,4.42	1 cup~113|1 package~454
2508566	B	78	212,20.4,13.3,0,58,0,3.1,53,0,0,0,9,363,,10.6	1 serving~113|1 package~227
2424051	B	36	197,7.06,10.6,18.5,185,1.18,.44,7,1.5,0,1.18,19,74,,0	1 package~340
2508565	B	78	88,18.6,.88,0,88,0,.18,75,0,0,.88,15,418,,0	1 serving~113|1 package~227
2424050	B	36	191,10.3,6.47,25.3,162,5.29,0,0,0,0,1.47,23,164,,0	1 package~340
2424052	B	78	147,6.76,7.65,13.5,224,.88,0,7,1.8,0,.88,29,89,,0	1 package~340
2424076	B	36	168,9.41,7.06,17.1,147,2.35,0,15,.9,0,1.47,37,109,,0	1 package~340
2553983	B	78	142,19.5,7.08,0,80,0,1.77,66,0,0,0,5,419,,14.2	1 serving~113|1 package~227
2551737	B	28	107,19.6,1.79,0,768,0,0,45,0,0,0,12,393,,0	1 serving~56|1 package~453
2384619	B	6	244,11.1,3.33,44.4,644,0,1.11,0,4.4,0,3.78,156,178,,0	1 slice~45|1 package~680
2037399	B	6	267,11.1,3.33,51.1,578,6.67,1.11,0,6.7,0,2.4,89,,0,,0,2.22	1 slice~45|1 package~680
1868704	B	2	400,40,20,0,1100,,20,100,,0,,1200	1 tbsp~5|1 package~141
2491234	B	34	258,9.17,10.8,30,683,3.33,3.75,17,1.7,0,.9,125,,5	1/3 pizza~120|1 package~362
2310626	B	6	311,8.89,2.22,60,533,11.1,0,0,4.4,0,3.56,67,156,,0	1 slice~45|1 package~680
2289312	B	4	475,5.05,27.3,55.6,192,29.3,6.06,5,3,0,2.73,61,,0	1 serving~99|1 package~396
2369634	B	48	250,17.9,17.9,0,54,0,6.25,67,0,0,.64,18,,0	1 serving~112|1 package~453
2172426	B	2	300,0,26.7,13.3,1200,3.33,1.67,0,0,,0,0,0,,0	1 tbsp~30|1 package~425
2425917	B	2	393,25,28.6,7.14,679,0,17.9,89,0,0,0,714,0,,0	¼ cup~28|1 package~226
2196471	B	11	200,0,16.7,13.3,767,6.67,0,,,0	1 tbsp~15|1 package~349
2468685	B	46	450,6.25,27.5,46.2,300,18.8,18.8,38,2.5,1.25,3.12,38,150,,.375	1 croissant~80|1 package~1040
2130901	B	46	369,6.15,21.5,38.5,369,7.69,13.8,46,1.5,.77,1.54,46,77,,0	1 croissant~65|1 package~260
2131732	B	46	357,7.14,21.4,39.3,357,7.14,14.3,54,0,0,3.57,36,71,,0	1 croissant~28|1 package~340
2098632	B	27	294,11.8,26.5,2.94,1030,1.47,10.3,59,0,0,1.06,0,,0	1 link~68|1 package~340
2175688	B	27	306,11.8,27.1,2.35,1040,1.18,10.6,59,0,0,1.27,24,,0	1 link~85|1 package~340
2667601	B	0	633,16.7,60,16.7,0,3.33,6.67,0,10,0,3.67,167,600,,0	¼ cup~30|1 package~340
2296488	B	0	500,10,33.3,43.3,217,30,6.67,0,6.7,0,2.33,100,367,,0	¼ cup~30|1 package~198
2277822	B	2	393,25,32.1,3.57,,0,17.9,89,0,0,0,821,0,,0	¼ cup~28|1 package~226
2674782	B	3	241,2.68,13.4,29.5,49,24.1,7.14,40,.9,0,.54,116,143,,0	2/3 cup~112|1 package~1410
2533419	B	48	259,17,20.5,0,67,,8.04,71,,,1.61,18	1 serving~112|1 package~453
2533420	B	48	214,18.8,15.2,0,67,,6.25,67,,,2.41,18	1 serving~112|1 package~453
2533418	B	48	179,19.6,9.82,0,67,,4.02,67,,,2.41,18	1 serving~112|1 package~453
1887250	B	48	257,16.9,19.8,0,66,,7.35,70,,,1.99,15	1 patty~136|1 package~1080
1937288	B	48	177,20.4,9.73,0,66,,3.98,66,,,2.39,18	1 patty~113|1 package~453
2152865	B	83	272,17.9,21.8,0,56,0,9.27,66,0,.99,1.79,13,,0	1 patty~151|1 package~907
2551744	B	83	272,17.2,21.8,1.99,662,.66,9.93,66,0,.99,1.32,106,490,,0	1 patty~151|1 package~907
2093032	B	9	281,1.65,13.2,38.8,314,19.8,5.79,0,1.7,0,1.19,66,,0	½ pie~121|1 package~241
2072955	B	9	236,1.35,5.41,47.3,122,30.4,2.36,0,2,0,0,0,,0	1 container~148
2589776	B	9	282,1.61,14.5,37.1,218,17.7,6.45,0,1.6,0,1.13,16,73,,0	.12 pie~124|1 package~992
1997065	B	19	114,0,0,28.6,800,25.7,,,,,,,200	2 tbsp~35|1 package~538
2599367	B	83	298,18.5,24.5,1.32,417,0,10.6,76,0,.99,1.32,99,464,,0	1 patty~151|1 package~1810
2375688	B	64	455,45.4,31.8,0,1460,0,9.09,45,0,0,3.27,0,,0	1 pan~11|1 package~283
2078138	B	64	571,35.7,50,0,1790,0,14.3,107,0,0,0,0,,0,,21.4,7.14	1 pan fried slice~14|1 package~567
2493390	B	36	204,15,9.73,14.2,354,12.4,2.21,40,.9,0,0,19,363,,0	.17 fillet~113|1 package~680
2629694	B	42	250,0,0,65,0,65,0,0,0,0,0,0,0,,0	1 tbsp~20|1 package~370
2154069	B	11	0,0,0,0,6880	¼ tsp~.8|1 package~28.3
2131685	B	32	56,.79,.79,9.52,262,6.35,,,.8,,.79,16,349,,0	½ cup~126|1 package~680
2654509	B	11	625,0,0,0,4380	¼ tsp~.8|1 package~68
1922634	B	2	400,20,30,0,600,,20,100,,0,,800	1 tbsp~5|1 package~141
2215250	B	0	400,13.3,30,33.3,200,20,3.33,0,3.3,0,3.6,67,233,,0	¼ cup~30|1 package~595
1883912	B	52	372,6.38,22.3,37.2,255,23.4,12.8,80,1.1,.53,.38,106,,0	1 slice~94|1 package~1130
2415171	B	0	567,20,46.7,23.3,633,10,5,0,6.7,0,3.6,133,467,,0	¼ cup~30|1 package~510
2490316	B	17	124,6.19,4.87,15.5,53,14.2,3.1,20,.4,0,.16,177,,4,.175,,,,,,.113,,,,111,,,.133	1 container~226
2490317	B	17	124,6.19,4.42,15.5,44,14.6,3.1,20,.4,0,0,177,142,0,.175,,,,,,.113,,,,111,,,.133	1 container~226
2166173	B	41	800,0,93.3,0,0,,13.3,,,0	1 tbsp~15|1 package~1000
2493323	B	7	54,1.54,.38,12.3,392,1.54,0,0,1.5,0,0,0,123,,0	½ cup~130|1 package~340
2479811	B	2	381,38.1,33.3,0,190,0,19,95,0,0,0,890,71,,0	1 slice~21|1 package~453
2036436	B	2	364,27.3,27.3,0,364,,18.2,91,,0,0,909,,0,,6.82,0	1 slice~22|1 package~226
2152720	B	32	210,3.23,17.7,11.3,1290,4.84,7.26,32,0,0,0,97,48,,0	¼ cup~62|1 package~368
2115929	B	83	327,17.7,27.4,1.77,637,.88,10.6,71,0,1.33,1.59,71,,0	1 serving~113|1 package~680
2463821	B	9	243,2.61,13.9,27,217,14.8,7.83,26,0,0,.61,43,70,,.25	.12 pie~115|1 package~921
2153106	B	35	75,1.67,3.33,10,1000,6.67,0,,1.7,0,.83,33,250,,0	¼ cup~60|1 package~340
2126002	B	19	59,0,0,17.6,1060,5.88	1 tbsp~17|1 package~280
2126514	B	19	143,0,0,31.4,743,28.6,0,0,0,0,0,29,143,,0	2 tbsp~35|1 package~439
2053712	B	2	393,25,32.1,3.57,714,0,17.9,89,0,0,0,714,,0	1 " cube) / ( a~28|1 package~150
1862262	B	15	333,0,33.3,13.3,800,6.67,,67	1 tbsp~15|1 package~326
2024533	B	32	367,3.33,36.7,3.33,300,0,3.33,0,3.3,0,1.2,133,,30	2 tbsp~30|1 package~283
2103332	B	7	400,3.33,36.7,10,733,3.33,3.33,3,3.3,0,3.6,100,,0	1½ tbsp~30|1 package~350
2400210	B	32	113,1.61,9.68,6.45,371,1.61,3.23,32,,,,48,48	¼ cup~62|1 package~425
2128481	B	12	321,14.3,14.3,39.3,2070,39.3,5.36,18,0,0,0,71,,0	1 serving~28|1 package~56
2154428	B	54	51,.85,2.12,5.93,839,2.54,0,0,0,0,0,8,34,,0	½ cup~118|1 package~414
2178950	B	27	309,21,24.7,2.47,840,2.47,8.64,80,0,0,.74,25,346,,0	1 grilled g~81|1 package~538
2268641	B	4	467,6.67,16.7,70,500,36.7,10,33,3.3,0,1.2,0,,0	8 cookies~30|1 package~100
2533389	B	4	467,6.67,20,66.7,567,33.3,10,33,3.3,0,0,33,133,,0	8 cookies~30|1 package~100
2310379	B	14	400,10.8,10.8,69.2,262,23.1,3.08,,7.7,0,3.08,62,308,,0	1 container~65
2464348	B	4	533,6.67,26.7,63.3,117,36.7,15,17,3.3,0,2.4,67,167,,0	4 cookies~30|1 package~706
2145452	B	3	257,3.67,12.8,33,110,24.8,7.34,41,.9,0,1.1,110,211,,0	2/3 cup~109|1 package~1410
2472495	B	82	368,3.51,21,38.6,175,28.1,14,18,1.8,0,5.09,70,246,,.525	1 unit~57|1 package~114
2152867	B	4	467,6.67,20,70,200,36.7,13.3,67,3.3,0,1.2,0,,0	3 biscuits~30|1 package~100
2493336	B	29	500,6.67,16.7,73.3,200,36.7,13.3,67,3.3,0,0,17,100,,0	3 biscuits~30|1 package~100
2031436	B	99	308,6.15,13.8,40,769,9.23,2.31,31,1.5,0,2.22,154,,0,,,,,2.46,0,.209,0,62,,308,0	1 waffle~65|1 package~391
2032485	B	65	0,0,0,0,0,0	1 tsp~2|1 package~90
2533417	B	52	391,4.35,26.1,30.4,152,26.1,17.4,87,0,0,0,87,0,,0	1 piece~23|1 package~181
2273138	B	52	391,4.35,26.1,30.4,152,26.1,17.4,87,0,0,1.57,87,0,,0	1 piece~23|1 package~181
1887258	B	3	123,0,0,30.2,0,29.2,0,0,0,0,0,0,,2.3	½ cup~106|1 package~473
2084218	B	122	267,0,0,53.3,0,53.3	1 tbsp~15|1 package~250
2024386	B	42	263,0,0,63.2,53,63.2	1 tbsp~19|1 package~283
2667616	B	3	121,0,0,30.5,4,29.8,0,0,.7,0,0,0,0,,0	2/3 cup~141|1 package~473
2134188	B	0	500,10,36.7,43.3,0,30,6.67,0,10,0,6.67,100,533,,0	¼ cup~30|1 package~198
2138741	B	11	133,6.67,3.33,26.7,1200,20,0,0,0,0,0,0,,0	1 tbsp~15|1 package~354
2674763	B	3	256,4.88,14.6,28,49,23.2,8.54,49,0,0,.44,98,,1.5,,,,66	½ cup~82|1 package~1410
2674739	B	11	0,0,0,0,38000,0,0,0,0,0,0,0,0,,0	¼ tsp~1|1 package~170
2571862	B	19	133,0,0,26.7,1730,26.7,0,0,0,0,0,0,467,,0	1 tbsp~15|1 package~213
2629693	B	42	250,0,0,65,0,60,0,0,0,0,0,0,0,,0	1 tbsp~20|1 package~370
2129215	B	18	40,0,0,10.2,3,10.2	1 bottle~354
1987711	B	42	263,0,0,68.4,0,63.2	1 tbsp~19|1 package~312
2552412	B	2	357,21.4,28.6,3.57,1040,0,17.9,71,0,0,0,357,0,,0	¼ cup~28|1 package~141
2551732	B	23	433,0,46.7,3.33,1000,3.33,3.33,17,,0	2 tbsp~30|1 package~349
2668295	B	7	214,7.14,17.9,7.14,1360,0,0,0,7.1,0,0,0,0,,0	1 serving~14|1 package~300
2039304	B	5	536,7.14,25,64.3,393,0,3.57,0,7.1,0,2.57,0,321,0,,7.14,16.1,,1.43,0,,.429,57,114,286,,2.14,,1,,10	1 serving~28|1 package~255
2085814	B	2	357,25,28.6,3.57,929,3.57,17.9,89,0,0,0,536,,0	¼ cup~28|1 package~113
1884021	B	2	393,17.9,35.7,0,1290,0,21.4,107,0,0,0,357,,0	1½ slices) / (~28|1 package~100
2116624	B	55	57,.71,0,13.6,0,9.29,0,0,2.9,0,.26,0,,2.6	¾ cup~140|1 package~1360
2163266	B	42	263,0,0,68.4,0,63.2	1 tbsp~19|1 package~312
2109477	B	17	107,7.33,1.67,14.7,50,9.33,1,11,.7,0,0,233,,.8	1 container~150
2215767	B	53	22,0,0,6.11,0,5.83,,,.3,,.03,,14	12 fl oz~360|1 package~1530
2024641	B	11	0,0,0,100,12000,0	¼ tsp~1|1 package~113
2446397	B	11	0,0,0,100,12000	¼ tsp~1|1 package~145
2654449	B	48	152,20.5,7.14,0,49,0,2.68,67,0,0,.64,0,,0,,,,0	1 serving~112|1 package~283
2296371	B	18	40,0,0,10.4,3,10.4	1 bottle~354
2062187	B	9	392,4.17,20,47.5,275,19.2,6.67,83,1.7,0,1.2,50,,0	.12 pie~120
2167056	B	6	271,9.41,3.53,51.8,494,4.71,.59,0,2.4,0,3.76,271,106,,0	1 bun~85|1 package~680
2453344	B	6	267,8.33,3.33,50,467,10,0,0,1.7,0,3.33,117,83,,0	1 bun~60|1 package~480
2477035	B	3	257,3.54,12.4,33.6,111,26.6,8.85,40,0,0,.27,115,133,,1.6	2/3 cup~113|1 package~473
2153721	B	52	414,3.45,17.2,62.1,310,37.9,8.62,52,0,0,0,34,172,,0	.07 cookie~29|1 package~399
2593247	B	28	125,17.9,4.46,7.14,857,5.36,1.79,54,0,0,0,20,332,,0	1 serving~56|1 package~340
2053763	B	2	286,14.3,17.9,3.57,411,0,12.5,71,0,0,0,71,,0	¼ cup~28|1 package~113
1890455	B	34	287,7.19,12.6,32.9,491,4.19,2.99,9,4.2,0,.65,60,,.7	1 pizza~167|1 package~334
2654398	B	15	450,2.5,10,62.5,162,50,7.5,25,0,0,.9,100,0,,0	2 tbsp~40|1 package~226
2631797	B	26	333,8.33,21.4,25,333,2.38,3.57,24,1.2,0,1.71,24,,2.9,,,,21	4 pieces~84|1 package~336
2434386	B	62	667,0,77.8,0,1890,0,44.4,222,0,0,0,0,0,,0	1 tbsp~9|1 package~113
2172458	B	6	267,8.89,2.22,51.1,533,6.67,0,0,2.2,0,3.11,133,156,,0	1 slice~45|1 package~680
2024279	B	54	38,.83,1.25,5.83,475,4.17,0,0,.8,0,.3,0,,3	½ cup~120
2468425	B	28	393,21.4,32.1,3.57,1680,0,12.5,89,0,0,1.43,36,393,,1.43	4 slices~28|1 package~141
2150548	B	34	292,12.3,13.8,30.8,608,4.62,5.38,27,3.1,0,.83,192,177,3.7	¼ pizza~130|1 package~521
2114334	B	129	212,0,2.35,50.6,106,34.1	1/3 cup~85|1 package~269
2024380	B	42	263,0,0,63.2,53,63.2	1 tbsp~19|1 package~283
2462271	B	43	44,1.98,1.76,5.73,275,1.32,.55,4,1.5,0,.53,11,170,,.025	1 container~454
2025003	B	7	36,0,0,7.14,2000,0	1 tbsp~14|1 package~103
2117761	B	8	500,9.09,31.8,45.4,45,31.8,9.09,23,4.5,0,1.64,91,318,,0	1 piece~22|1 package~340
2114382	B	0	500,5,17.5,75,675,40,12.5,25,0,0,2,130,0,,0	1 pretzel~20|1 package~119
2479216	B	52	336,4.42,20.4,35.4,301,23,8.85,22,0,0,.88,53,80,,.875	¼ cake~113|1 package~454
2133491	B	9	407,4.88,13.8,65,285,46.3,3.66,8,1.6,0,.29,33,,0	1 brownie~123|1 package~490
2038359	B	3	264,3.45,12.6,34.5,98,28.7,8.05,40,1.1,0,.83,115,,1.4	½ cup~87|1 package~473
1904797	B	9	414,3.6,17.1,48.6,432,30.6,4.5,50,1.8,0,2.43,36,,0	1 serving~111|1 package~890
2154417	B	54	76,.85,3.39,10.2,669,3.39,0,0,0,0,.85,34,93,,0	½ cup~118|1 package~414
2668279	B	19	167,0,0,36.1,972,33.3,0,0,2.8,0,.83,0,222,,0	2 tbsp~36|1 package~553
2418740	B	4	500,3.57,25,71.4,89,42.9,21.4,0,7.1,0,4.64,143,179,,0	1 cookie~28|1 package~170
2025319	B	11	347,12.2,2.04,69.4,1310,6.12,0,0,6.1,0,5.51,41,,42.9	½ cup~49|1 package~198
2032393	B	65	0,0,0,0,0,0	1 tea bag~1.9|1 package~38
2667600	B	28	321,28.6,25,0,1860,,8.93,107,,,1.79,,500	5 slices~28|1 package~170
1999537	B	12	357,21.4,5.36,21.4,1320,,1.79,143,0,0,6.43,71,,0	1 serving~28|1 package~56
2063925	B	122	200,0,0,53.3,67,46.7	1 tbsp~15|1 package~249
1877999	B	1	375,0,0,92.5,25,75,0,0,0,0,0,0,,37.5	13 pieces~40|1 package~368
1890869	B	9	289,2.34,12.5,42.2,281,24.2,5.47,16,.8,0,.56,31,,0	.12 pie~128|1 package~1020
2133929	B	61	153,5.29,4.12,24.7,282,.59,2.06,15,.6,0,1.06,35,,0	1 cup~170|1 package~510
2462046	B	43	39,1.82,1.82,4.33,251,.91,,8,.2,0,.09,16,48,,.05	1 container~439
2653297	B	51	20,4.07,.34,.34,180,0,0,0,0,0,,7,71,,0	1 serving~295
1980116	B	26	375,11.4,22.7,29.6,364,2.27,4.55,34,1.1,0,1.64,68,,6.8	4 pieces~88|1 package~264
1923789	B	26	280,5.33,18.7,22.7,293,2.67,10.7,53,1.3,0,1.44,0,,1.6	3 pieces~75|1 package~294
2435124	B	35	233,6.67,13.3,26.7,1730,6.67,0,0,13.3,0,6.67,180,713,,0	1 tbsp~15|1 package~113
2551701	B	11	33,0,0,6.67,1870,0	1 tbsp~15|1 package~349
2023551	B	50	0,0,0,0,1880	¼ tsp~.8|1 package~56
2541679	B	19	265,0,0,64.7,824,64.7,0,,,,0,0,59,,0	1 tbsp~17|1 package~348
2133959	B	0	467,10,26.7,50,467,30,0,0,3.3,0,3.6,0,233,,0	15 pieces~30|1 package~226
2146544	B	82	386,3.51,22.8,42.1,158,31.6,14,18,3.5,0,1.23,35,211,,0	1 unit~57|1 package~114
2641653	B	3	277,3.57,15.2,33,116,25,8.93,36,.9,0,.8,107,179,,0	2/3 cup~112|1 package~473
2288235	B	3	274,4.76,14.3,31,89,23.8,8.33,48,0,1.19,.86,95,,1.4	½ cup~84|1 package~1410
2153722	B	52	429,3.57,21.4,60.7,214,35.7,8.93,36,3.6,0,3.57,36,214,,0	.07 cookie~28|1 package~396
2284688	B	0	500,7.14,32.1,57.1,71,42.9,12.5,0,3.6,0,3.57,36,357,,0	¼ cup~28|1 package~113
2071169	B	3	250,3.57,13.1,28.6,89,22.6,7.14,65,1.2,0,.43,119,,1.4	½ cup~84|1 package~473
2674653	B	15	450,2.5,10,62.5,162,50,7.5,25,0,0,.9,100,0,,0	2 tbsp~40|1 package~226
2674784	B	3	236,3.94,12.6,27.6,75,22,7.87,47,1.6,.39,1.97,134,299,,0	2/3 cup~127|1 package~1410
2098295	B	52	343,4.63,20.4,37,315,24.1,12,97,2.8,0,4.17,37,,0	1 cake~108|1 package~215
2022106	B	2	357,25,28.6,3.57,929,3.57,17.9,89,0,0,0,536,,0	1 serving~28|1 package~226
2027382	B	2	286,17.9,21.4,3.57,1140,3.57,14.3,71,0,0,0,286,,0	1 serving~28|1 package~226
2465785	B	3	274,3.54,13.3,35.4,119,29.2,8.85,40,0,0,.09,115,106,,1.77	2/3 cup~113|1 package~1410
2589774	B	9	345,5.31,18.6,38,327,26.6,11.5,49,.9,.44,.88,71,106,,0	¼ cheesecake~113|1 package~453
2070386	B	6	318,6.82,5.68,59.1,364,20.4,2.27,0,2.3,0,2.45,91,,0,,2.27,1.14	1 slice~44|1 package~567
1849697	B	62	571,0,57.1,21.4,214,21.4,28.6,143,0,0,0,0,,0	1 tbsp~14|1 package~99
2493392	B	9	421,3.51,21,56.1,404,35.1,4.39,44,1.8,0,2.11,35,53,,.175	.1 cake~57|1 package~567
2641663	B	46	469,5.31,24.8,56.6,451,33.6,6.19,75,.9,0,1.77,53,88,,0	1 muffin~113|1 package~453
1936873	B	1	361,0,16.7,58.3,125,41.7,9.72,42,,0,0,56,0,,0	3 caramels~36|1 package~326
1862142	B	11	0,0,0,0,16000,0	¼ tsp~1|1 package~130
2038235	B	3	226,4.3,12.9,23.7,65,18.3,7.53,75,0,0,0,161,,1.3	½ cup~93|1 package~1410
2053626	B	52	363,6.19,21.2,35.4,301,22.1,11.5,71,.9,.44,.64,88,,0	¼ cake~113|1 package~453
1951206	B	29	467,6.67,20,66.7,900,6.67,0,0,6.7,0,2.4,0,,0	3 crackers~15|1 package~150
1937329	B	55	64,1.43,0,14.3,25,8.57,0,0,2.1,0,.26,0,,21.4	1 cup~140|1 package~1360
2427897	B	2	567,46.7,40,0,733,0,26.7,117,0,0,.67,1530,100,,0	15 pieces~30|1 package~60
1950928	B	84	286,0,0,81,0,76.2	1 tbsp~21|1 package~454
2667615	B	11	0,0,0,0,38700	¼ tsp~1.5|1 package~500
2033454	B	15	133,0,0,30,1170,23.3,0,0,3.3,0,0,0,,4	¼ cup~60|1 package~326
2128811	B	26	276,9.21,13.2,31.6,632,5.26,3.29,33,1.3,0,0,26,132,,0	4 pieces~76|1 package~228
2145281	B	29	484,6.45,25.8,61.3,274,25.8,12.9,48,3.2,0,3.23,158,0,,0	1 cookie~31|1 package~187
2152784	B	0	500,10.7,32.1,53.6,107,35.7,10.7,0,3.6,0,3.86,0,250,,0	¼ cup~28|1 package~226
2098252	B	14	487,10.3,20.5,64.1,333,20.5,8.97,0,10.3,0,3.69,51,,0	1 pouch~39
2288661	B	3	213,3.19,11.7,24.5,53,19.2,7.45,48,0,0,0,106,138,1.3	½ cup~94|1 package~1410
2289851	B	2	429,25,35.7,0,607,0,17.9,107,0,0,0,714,,0	1 cube / a~28|1 package~150
2488935	B	2	393,25,32.1,3.57,607,0,21.4,89,0,0,.71,679,143,,.725	5 pieces~28|1 package~283
2674756	B	2	393,25,28.6,0,607,0,21.4,89,0,0,.71,714,107,,1	5 pieces~28|1 package~283
2036416	B	2	409,22.7,31.8,0,636,,18.2,114,,0,0,682,,0,,9.09,0	1 slice~22|1 package~226
2668307	B	41	800,0,93.3,0,0,,13.3,,,0	1 tbsp~15|1 package~2000
2449618	B	3	257,3.67,13.8,32.1,106,22.9,7.34,41,.9,.46,.64,119,128,,0	1 serving~109|1 package~473
2168557	B	6	270,8.11,2.7,54,527,4.05,.68,0,2.7,0,3.51,189,162,,0	1 bun~74|1 package~595
2462030	B	6	270,8.11,2.7,52.7,432,5.41,0,0,1.4,0,2.84,108,95,,0,,,,4.05,0,.27,,97	1 roll~74|1 package~595
2387373	B	2	321,10.7,17.9,3.57,321,3.57,8.93,71,0,0,0,143,179,,0	2 tbsp~28|1 package~198
1866303	B	78	179,23.2,8.04,1.79,1020,1.79,1.79,62,0,0,0,0,,0	1 serving~56|1 package~113
2534171	B	28	102,17,.85,3.39,780,1.69,.34,42,.4,0,.61,34,,0	3 slices~59|1 package~226
2462923	B	78	211,21,14,1.75,1260,0,1.75,44,0,0,.35,18,404,,2.1,5.26,4.39	½ package~57|1 package~113
2024727	B	50	0,0,0,0,19000,0	¼ tsp~1|1 package~122
2375661	B	6	270,9.46,2.7,54,541,8.11,.68,0,4.1,0,3.51,189,162,,0	1 bun~74|1 package~595
2053765	B	2	286,10.7,17.9,10.7,304,10.7,10.7,54,0,0,0,0,,0	¼ cup~28|1 package~113
1884001	B	14	397,8.22,9.59,72.6,171,17.8,1.37,0,8.2,0,1.48,27,,1.6	1 package~73
2058594	B	65	0,0,0,0,0,0	1 tsp~2|1 package~85
2117653	B	0	571,7.14,46.4,42.9,232,32.1,8.93,0,7.1,0,1.29,143,,0	¼ cup~28|1 package~113
2144230	B	29	484,6.45,19.4,67.7,226,29,8.06,48,3.2,0,2.58,0,0,,0	1 cookie~31|1 package~187
2053661	B	6	298,7.02,5.26,54.4,421,10.5,0,0,3.5,0,2.53,0,,0	.17 loaf~57|1 package~340
2049804	B	18	40,0,0,11,11,11,0,0,0,0,0,0,,0	1 bottle~354
2377561	B	19	433,0,46.7,6.67,900,,6.67,33,0,,,100,1,,0	2 tbsp~30|1 package~198
2152772	B	18	40,0,0,10.2,3,10.2	1 bottle~354
2461835	B	51	55,1.76,3.52,4.41,196,.44,1.76,10,.2,0,.13,13,48,,.1	1 container~454
2113999	B	35	100,0,0,20,2130,20,0,0,0,0,0,0,0,,0	1 tbsp~15|1 package~295
1915703	B	23	233,0,20,10,767,6.67,3.33,17,0,0,0,0,,0	2 tbsp~30|1 package~354
2493391	B	6	326,6.98,16.3,16.3,279,4.65,9.3,35,2.3,0,.47,23,70,,0	1 slice~43|1 package~425
1947582	B	34	250,12.5,11,24.3,676,2.21,4.41,22,1.5,0,.53,110,169,3.5	¼ pizza~136|1 package~544
2033495	B	28	214,25,12.5,0,1860,0,5.36,71,0,0,1.29,0,,0,,5.36,1.79	1 serving~28
2195105	B	54	67,0,0,13.3,0,13.3	1 tbsp~15|1 package~249
2195102	B	48	295,16.1,25,0,67,0,9.82,76,0,1.34,1.61,18,,0	1 serving~112|1 package~453
1980743	B	48	276,18.4,21.9,0,48,0,9.18,69,0,0,2.3,10,,0	1 serving~196
1980111	B	48	165,19.6,9.82,0,80,0,4.02,69,0,.45,2.41,9,,0	1 serving~224
1980101	B	48	293,15.7,25.2,0,66,0,9.6,76,0,1.52,1.82,20,,0	1 patty~198|1 package~396
1980744	B	48	339,17,29.5,0,54,0,12.5,71,0,0,1.61,18,,0	1 serving~112|1 package~283
1980721	B	48	277,18.8,22.3,0,54,0,8.93,67,0,0,1.61,0,,0	1 serving~112|1 package~283
1980072	B	40	533,6.67,33.3,53.3,0,40,20,0,13.3,0,2.67,67,533,,0	1 tbsp~15|1 package~283
2126001	B	19	167,0,0,36.1,417,25,0,0,0,0,3,56,194,,0	2 tbsp~36|1 package~425
2107561	B	60	367,0,0,93.3,8,83.3,,,,,0,67	¼ cup~60|1 package~354
2130428	B	8	567,10,50,33.3,0,13.3,30,0,16.7,0,5,33,767,,0	3 squares~30|1 package~100
2287133	B	8	571,9.52,35.7,50,202,35.7,16.7,0,9.5,0,10.7,95,,0	1 serving~42|1 package~133
2315747	B	1	417,4.17,25,54.2,125,50,14.6,21,4.2,0,0,83,0,,0	1 piece~24|1 package~454
1874749	B	8	550,10,42.5,47.5,0,32.5,25,0,10,0,2.7,0,,0	4 squares~40|1 package~100
1999091	B	8	413,2.17,26.1,54.4,76,39.1,15.2,22,4.3,0,3.7,65,174,,0	2 pieces~46|1 package~161
1999368	B	8	533,3.33,30,60,33,50,20,0,6.7,0,2.67,33,433,,0	3 squares~30|1 package~100
2411746	B	1	417,4.17,25,54.2,312,37.5,14.6,21,4.2,0,3.75,83,167,,0	1 piece~24|1 package~672
2629684	B	4	480,8,24,60,220,32,14,20,4,0,5.6,40,240,,0	2 biscuits~25|1 package~150
2152221	B	8	435,4.35,26.1,56.5,326,39.1,15.2,22,4.3,0,3.13,87,0,,0	1 piece~23|1 package~879
2124359	B	8	571,3.57,42.9,46.4,393,35.7,28.6,0,7.1,0,7.14,29,0,,0	2 truffles~28|1 package~142
2427062	B	8	444,3.7,37,55.6,296,0,22.2,0,7.4,0,11.1,37,296,,0	3 pieces~27|1 package~108
2427060	B	8	444,3.7,37,55.6,0,0,22.2,0,7.4,0,11.1,37,296,,0	3 pieces~27|1 package~108
2668268	B	30	529,5.88,26.5,58.8,0,44.1,17.6,0,5.9,0,11.8,29,441,,0	1 bomb~34|1 package~102
2629697	B	49	594,25,50,21.9,328,6.25,7.81,0,9.4,0,1.12,62,438,,0	2 tbsp~32|1 package~454
2168352	B	6	244,11.1,2.22,44.4,733,2.22,0,0,4.4,0,2.22,67,178,,0	1 slice / null~45|1 package~680
1871248	B	55	77,.77,0,18.5,0,13.8,0,0,2.3,0,.28,15,,1.8	½ cup~130|1 package~453
1869818	B	28	429,17.9,35.7,3.57,1750,3.57,14.3,89,0,0,0,0,,0	4 slices~28|1 package~141
2072952	B	28	464,17.9,42.9,0,1930,0,14.3,107,0,0,1.29,0,,0	6 slices~28|1 package~907
2287954	B	28	320,24,24,4,1800,0,12,60,0,0,1.44,0,,14.4,,12,0	3 slices~25|1 package~85
2427804	B	2	567,46.7,40,0,733,0,26.7,117,0,0,.67,1530,100,,0	15 pieces~30|1 package~60
2037702	B	3	250,3.57,11.9,29.8,71,25,11.9,48,0,0,0,95,,1.4	½ cup~84|1 package~1410
2483576	B	3	283,4.42,15.9,32.7,88,27.4,7.96,40,1.8,.44,2.04,115,248,,.175	2/3 cup~113|1 package~1410
2038185	B	3	282,4.71,16.5,31.8,88,25.9,8.24,41,2.4,0,1.69,118,,1.4	½ cup~85|1 package~1410
2485747	B	3	283,3.54,16.8,31.9,80,,8.85,40,1.8,.44,2.3,124,265,,.175	1 serving~113|1 package~473
2038371	B	3	282,4.71,16.5,32.9,88,25.9,8.24,41,2.4,0,1.69,118,,1.4	½ cup~85|1 package~473
2481687	B	3	277,3.57,17,30.4,80,24.1,8.93,40,.9,.45,.98,125,223,,.175	2/3 cup~112|1 package~1410
2167062	B	6	267,8.89,2.22,53.3,600,2.22,1.11,0,4.4,0,3.56,111,200,,0	1 slice~45|1 package~680
1883923	B	9	356,4.95,21.8,35.6,317,24.8,12.9,99,3,0,4.46,40,,0	1 serving~101|1 package~805
2641665	B	46	478,6.19,25.7,57.5,407,37.2,7.96,62,1.8,0,3.1,80,301,,0	1 muffin~113|1 package~453
2062230	B	3	421,4.21,30.5,36.8,37,32.6,19,21,1.1,0,.38,158,,0	1 bar~95|1 package~330
2469409	B	104	200,20,0,60,200,,,,40,,,,2400,,60	6 pieces~5|1 package~9.9
2025751	B	0	714,7.14,75,14.3,286,3.57,12.5,0,7.1,0,3.86,71,357,0,,57.1,0,,2.86,0,,,,114,214,,1.07,,4,.714	1 serving~28|1 package~184
2400357	B	0	700,6.67,76.7,13.3,367,3.33,11.7,0,10,0,3.33,100,367,,0	¼ cup~30|1 package~141
2187933	B	9	371,3.37,23.6,36,213,20.2,13.5,28,1.1,0,.81,67,,0	.12 pie~89|1 package~708
2366580	B	48	170,20.5,8.93,0,54,0,3.12,67,0,0,.64,18,,0	1 serving~112|1 package~340
2413940	B	64	304,17.4,23.9,4.35,739,0,6.52,65,0,0,1.57,43,,0	2 pan fried links~46|1 package~226
2032349	B	65	0,0,0,0,0,0	1 tea bag~2|1 package~40
2035178	B	31	129,10.6,4.12,14.1,0,2.35,0,0,10.6,0,3.18,94,,7.1	½ cup~85
2475206	B	140	588,35.3,38.2,17.6,1180,5.88,11.8,1210,2.9,0,5.88,235,1470,,5.88	1 container~34
2423931	B	34	260,7.32,10.6,33.3,545,1.63,2.85,8,3.3,0,.89,81,154,,0	1/3 pizza~123|1 package~371
2031688	B	65	0,0,0,0,0,0	1 tea bag~2|1 package~40
2078119	B	3	271,4.71,14.1,30.6,82,25.9,9.41,47,0,0,0,118,,1.4	½ cup~85|1 package~1410
2121440	B	3	271,4.71,14.1,30.6,82,25.9,9.41,47,0,0,0,118,,1.4	½ cup~85|1 package~473
2470244	B	16	357,12.5,1.79,73.2,0,3.57,0,0,3.6,0,3.21,0,0,,0,,,,7.14,1,.455,,129	.12 package~56|1 package~453
2470274	B	16	357,12.5,1.79,73.2,0,3.57,0,0,3.6,0,3.21,0,0,,0,,,,7.14,1,.455,,129	.12 package~56|1 package~453
2470241	B	16	357,12.5,1.79,73.2,0,3.57,0,0,3.6,0,3.21,0,0,,0,,,,7.14,1,.455,,129	¾ cup~56|1 package~453
2470240	B	16	357,12.5,1.79,73.2,0,3.57,0,0,3.6,0,3.21,0,0,,0,,,,7.14,1,.455,,129	¾ cup~56|1 package~453
2470242	B	16	357,12.5,1.79,73.2,0,3.57,0,0,3.6,0,3.21,0,0,,0,,,,7.14,1,.455,,129	.12 package~56|1 package~453
2470273	B	16	357,12.5,1.79,73.2,0,3.57,0,0,3.6,0,3.21,0,0,,0,,,,7.14,1,.455,,129	.12 package~56|1 package~453
2470275	B	16	357,12.5,1.79,73.2,0,3.57,0,0,3.6,0,3.21,0,0,,0,,,,7.14,1,.455,,129	¾ cup~56|1 package~453
2470248	B	16	357,12.5,1.79,73.2,0,3.57,0,0,3.6,0,3.21,0,0,,0,,,,7.14,1,.455,,129	¾ cup~56|1 package~453
2477077	B	16	357,12.5,1.79,75,0,1.79,0,0,3.6,0,3.21,0,189,,0,,,,7.14,1,.455,,250	¾ cup~56|1 package~453
2470243	B	16	357,12.5,1.79,73.2,0,3.57,0,0,3.6,0,3.21,0,0,,0,,,,7.14,1,.455,,129	.12 package~56|1 package~453
2477088	B	16	357,12.5,1.79,75,0,1.79,0,0,3.6,0,3.21,0,189,,0,,,,7.14,1,.455,,250	¾ cup~56|1 package~453
2470239	B	16	357,12.5,1.79,73.2,0,3.57,0,0,3.6,0,3.21,0,0,,0,,,,7.14,1,.455,,129	¾ cup~56|1 package~453
2470255	B	16	357,12.5,1.79,75,0,1.79,0,0,3.6,0,3.21,0,189,,0,,,,7.14,1,.455,,250	¾ cup~56|1 package~453
2476538	B	6	289,8.89,4.44,48.9,644,8.89,0,0,2.2,0,3.11,111,89,,0,,,,4.44,0,.222,,107	1 slice~45|1 package~680
2674737	B	11	0,0,0,0,35000,0,0,0,0,0,0,0,0,,0	¼ tsp~1|1 package~165
2156865	B	50	0,0,0,0,19000	¼ tsp~1|1 package~165
2131466	B	6	283,10,5,48.3,450,6.67,0,0,1.7,0,3.33,138,112,,0	1 bun~60|1 package~481
2165931	B	6	282,8.97,3.21,53.8,615,7.69,0,0,2.6,0,3.46,103,90,,0	1 bun / null~78|1 package~623
1865827	B	2	393,25,32.1,0,643,0,21.4,107,0,0,0,714,,0	1 serving~28|1 package~283
1999327	B	64	353,29.4,23.5,0,1590,0,8.82,88,0,0,0,0,,0	1 pan~17|1 package~340
2533402	B	41	867,0,93.3,0,0,,13.3,,,0	1 tbsp~15|1 package~500
1872599	B	9	416,3.54,20.4,56.6,239,40.7,5.31,4,2.7,0,.96,0,,0	1 serving~113|1 package~453
2475509	B	26	338,8.75,22.5,25,500,3.75,8.75,38,1.2,0,1.25,125,250,,.875	5 buttons~80|1 package~240
1952681	B	34	303,12.3,13.1,31.2,525,6.56,6.56,25,1.6,0,.74,238,107,,0	¼ pizza~122|1 package~490
2657875	B	6	289,13.3,6.67,48.9,422,8.89,1.11,0,8.9,0,6,222,,0,,1.11,4.44,0,3.56,0,.151,,151	1 slice~45|1 package~680
2475454	B	26	305,9.52,20,21.9,390,2.86,10.5,48,1.9,0,1.71,181,190,,.2	1 piece~105|1 package~209
1867562	B	65	0,0,0,0,0,0	1 tsp~2.5|1 package~120
2037394	B	6	244,11.1,2.22,48.9,533,6.67,0,0,6.7,0,6,333,,0,,0,0,,3.56,0,.151,,18	1 slice~45|1 package~680
2025316	B	15	67,0,0,13.3,400,13.3,0,0,0,0,0,0,,8	2 tbsp~30
1946740	B	34	250,10.3,10.3,27.2,449,3.68,4.41,15,2.2,0,.81,132,162,,0	¼ pizza~136|1 package~544
2475458	B	26	282,8.18,18.2,20.9,455,1.82,8.18,132,.9,0,2,73,145,,.825	1 piece~110|1 package~218
1883994	B	2	409,22.7,36.4,0,545,0,18.2,91,0,0,0,682,,0	1 slice~22|1 package~226
2152810	B	11	0,0,0,0,3000	¼ tsp~.5|1 package~54
1890435	B	7	0,0,0,3.57,964	1 serving~28|1 package~739
2024818	B	11	0,0,0,0,9290	¼ tsp~.7|1 package~62
2024701	B	11	0,0,0,0,19200	¼ tsp~1.2
2384489	B	7	18,0,0,3.57,,0,0,0,0,0,1.29,0,250,,0	2 tbsp~28|1 package~226
2024788	B	50	333,16.7,0,66.7,3000,0,,,,,6,333	2 tsp~6|1 package~125
1862414	B	7	167,0,16.7,6.67,1470,0	2 olives~15|1 package~180
1887277	B	7	67,0,0,13.3,933,0,0,0,,0,,533,,100	4 pieces~15|1 package~70
2072953	B	28	375,17.9,32.1,3.57,1550,3.57,12.5,80,0,0,1.29,0,,0	12 slices~56|1 package~397
2629706	B	12	357,25,28.6,0,1890,0,10.7,107,0,0,1.43,0,429,,0	1 piece~28|1 package~85
1942387	B	30	455,9.09,11.4,77.3,250,59.1,9.09,0,0,0,1.64,182,,0	1 packet~22|1 package~224
1883991	B	2	429,25,35.7,0,607,0,17.9,107,0,0,0,714,,0	1 " cube) / ( a~28|1 package~150
2063900	B	122	200,0,0,46.7,67,40	1 tbsp~15|1 package~249
2041167	B	0	550,5,35,57.5,188,50,3.75,0,2.5,0,0,0,,0	¼ cup~40
2093030	B	21	252,13.4,11.8,22,354,1.57,7.09,43,.8,0,1.42,236,,.9	5 ravioli /~127|1 package~566
2435116	B	2	286,17.9,21.4,3.57,321,0,14.3,89,,,0,136,139,,0	1 serving~28|1 package~113
2674738	B	11	0,0,0,0,36000,0,0,0,0,0,0,0,0,,0	¼ tsp~1|1 package~160
2031699	B	2	357,25,28.6,3.57,929,3.57,17.9,89,0,0,0,536,,0	¼ cup~28|1 package~113
2474907	B	2	357,25,28.6,3.57,821,3.57,17.9,107,0,0,.36,696,18,,.35	5 pieces~28|1 package~283
2474876	B	2	364,22.7,27.3,0,818,0,18.2,114,0,0,.45,705,23,,.45	1 slice~22|1 package~226
2071185	B	15	179,8.93,14.3,3.57,1000,1.79,1.79,36,0,0,.64,36,,2.1	¼ cup~56
1989714	B	1	367,0,0,96.7,17,73.3,0,,,0	25 pieces~30|1 package~418
2027353	B	15	17,0,0,6.9,517,0,0,0,0,0,0,0,,16.6	2 tbsp~29
2465908	B	3	241,2.68,11.6,31.2,71,25.9,8.04,40,0,,.09,116,107,,.175	2/3 cup~112|1 package~1410
2085514	B	78	211,21,12.3,0,1230,,2.63,61,0,0,0,0,,0	1 serving~57
2053814	B	41	800,0,93.3,0,0,,13.3,,,0,,,,,,66.7,13.3	1 tbsp~15
2269834	B	11	0,0,0,0,10000	¼ tsp~1|1 package~28.3
2053663	B	40	533,13.3,26.7,53.3,133,53.3,26.7,47,0,0,0,133,,0	1 tbsp~15
2024829	B	6	429,14.3,14.3,71.4,1290,0,0,0,0,0,5.14,0,,0	2 tbsp~7
2314694	B	34	264,11.6,12.4,26.4,504,3.88,4.65,19,2.3,0,.62,194,155,,0	¼ pizza~129|1 package~515
2025024	B	7	42,0,0,8.33,229,8.33,,,4.2,,3,,,125	1 piece~24|1 package~340
2374108	B	2	393,25,32.1,0,750,0,21.4,107,0,0,0,536,,,.725	1 serving~28|1 package~283
2078131	B	31	41,2.35,0,7.06,53,2.35,0,0,4.7,0,.42,24,,5.6	¾ cup~85|1 package~340
2078132	B	31	24,2.41,0,3.61,0,2.41,0,0,1.2,0,.43,0,,10.8	7 spears /~83|1 package~340
2038372	B	55	57,1.43,0,12.1,0,5.71,0,0,2.9,0,.77,29,,1.7	¾ cup~140
2400227	B	31	23,1.15,0,4.6,23,1.15,0,0,2.3,0,0,34,149,,0	1 cup~87|1 package~453
2533432	B	64	333,33.3,26.7,0,1600,0,10,100,0,0,0,0,,0	2 pan~15|1 package~340
2400234	B	31	30,1.2,0,7.23,0,2.41,0,0,2.4,0,.84,36,181,,0	¾ cup~83|1 package~340
2428953	B	54	58,1.67,2.92,7.5,875,1.67,0,,.8,,.58,33,92,,0	½ cup~120|1 package~453
2436213	B	35	267,6.67,20,26.7,1930,6.67,0,0,13.3,0,6.67,113,1050,,0	1 tbsp~15|1 package~113
2668261	B	4	485,3.03,21.2,69.7,273,36.4,13.6,0,3,0,1.82,30,121,,0	2 cookies~33|1 package~300
2654411	B	12	500,7.14,28.6,60.7,36,50,1.79,0,7.1,0,1.79,143,214,,0	¼ cup~28|1 package~184
2286811	B	31	36,1.2,0,6.02,0,2.41,0,0,2.4,0,.43,48,,4.3	¾ cup~83|1 package~453
2035171	B	31	36,1.2,0,6.02,0,2.41,0,0,2.4,0,.43,48,,4.3	¾ cup~83
2470270	B	26	303,7.89,23.7,17.1,303,1.32,14.5,79,1.3,0,1.32,132,53,,2.62	4 pieces~76|1 package~226
2036433	B	2	409,18.2,36.4,0,773,0,27.3,91,0,0,0,682,,0,,6.82,0	1 slice~22|1 package~226
2093020	B	25	52,2.93,.9,7.67,30,6.32,.56,5,.2,0,.08,90,192,1.4,,,,,,,.038,.045,,,,.14	1 can~443
2340190	B	37	36,2.4,.6,5.6,372,1.2,.2,0,2,0,2.88,24,140,,0	1 jar drained~250|1 package~410
2546229	B	32	56,1.59,2.38,6.35,429,3.97,0,0,.8,0,.86,32,167,,0	½ cup~126|1 package~454
2401028	B	54	56,1.59,3.17,6.35,341,3.97,.4,0,1.6,0,.86,32,167,,0	½ cup~126|1 package~510
2401062	B	35	63,1.59,3.17,7.14,214,4.76,.4,0,1.6,0,1.14,32,167,,0	½ cup~126|1 package~510
1938857	B	47	48,.79,2.38,5.56,429,3.17,,,.8,,.79,40,198	½ cup~126|1 package~679
2674740	B	11	0,0,0,0,36000,0,0,0,0,0,0,0,0,,0	¼ tsp~1|1 package~165
2629709	B	48	170,20.5,8.93,0,54,0,3.12,67,0,0,.64,18,,0,,,,0	1 serving~112|1 package~340
2376395	B	48	152,20.5,7.14,0,49,0,2.68,67,0,0,.64,0,,0	1 serving~112|1 package~283
2175870	B	23	233,0,23.3,10,0,6.67,1.67,0,0,0,,,0,,0	2 tbsp~30|1 package~355
2657884	B	63	318,9.41,10.6,44.7,871,7.06,2.35,6,1.2,0,2.35,129,271,,0	¼ box~85|1 package~340
2152802	B	11	0,0,0,0,38700	¼ tsp~1.5|1 package~360
2493329	B	8	533,3.33,33.3,60,33,50,20,0,6.7,0,2.33,33,433,,0	3 squares~30|1 package~100
2112380	B	17	124,6.64,5.31,13.3,60,13.3,3.1,22,0,0,0,155,93,,0	1 container~226
2128252	B	12	214,35.7,3.57,7.14,536,7.14,0,89,0,0,2.57,0,,0	1 serving~28|1 package~70
2032271	B	65	0,0,0,0,0,0	1 tea bag~2.1|1 package~42
2279820	B	6	289,11.1,3.33,53.3,556,8.89,0,0,4.4,0,2.22,67,156,,0	1 slice~45|1 package~680
2037408	B	6	289,8.89,3.33,55.6,467,11.1,0,0,2.2,0,3.2,44,,2.7,,1.11,1.11	1 slice~45|1 package~680
2020963	B	0	643,7.14,60.7,28.6,286,21.4,5.36,0,7.1,0,2.57,71,,0	1 serving~28|1 package~226
2668264	B	7	107,0,0,25,714,25	1 serving~28|1 package~355
2113325	B	15	17,0,0,3.45,621,0,0,0,0,0,0,0,,12.4	2 tbsp~29|1 package~453
2629678	B	34	310,12.7,13.9,33.5,608,7.59,6.33,22,1.9,0,.95,146,171,,0	1/3 pizza~158|1 package~474
2629679	B	34	267,9.92,11.4,30.5,580,5.34,4.58,15,3.1,0,.76,107,191,,0	¼ pizza~131|1 package~525
2126530	B	19	114,2.86,0,25.7,1140,20,0,0,0,0,2.86,29,29,,0	2 tbsp~35|1 package~433
2668269	B	30	529,5.88,26.5,58.8,74,50,17.6,15,5.9,0,5.88,147,353,,0	1 bomb~34|1 package~102
2668270	B	30	529,5.88,26.5,58.8,74,50,17.6,15,5.9,0,5.88,147,353,,0	1 bomb~34|1 package~102
2629705	B	28	321,28.6,25,0,1860,0,8.93,107,0,0,1.79,0,500,,0	1 serving~28|1 package~170
2310303	B	15	17,0,0,3.45,586,3.45,0,0,3.4,0,1.24,0,241,,0	2 tbsp~29|1 package~397
1900733	B	15	33,0,0,6.67,767,3.33,0,0,0,0,0,0,,12	2 tbsp~30|1 package~453
2394896	B	19	100,0,0,0,500,0	1 tsp~5|1 package~185
2160943	B	19	267,0,0,60,433,60,0,,,0	1 tbsp~15|1 package~354
2428419	B	15	17,0,0,3.33,667,3.33,0,0,0,0,0,33,100,,0	2 tbsp~30|1 package~453
2046693	B	18	42,0,0,11,11,11,0,0,0,0,0,0,,0	1 bottle~354
1887264	B	28	357,32.1,25,0,1960,0,10.7,71,0,0,2.57,0,,0	1 serving~28|1 package~71
2025029	B	7	36,0,0,7.14,2000,0	1 tbsp~14|1 package~103
2654420	B	54	97,1.61,5.65,8.06,694,4.84,2.42,16,1.6,0,.65,32,226,,0	¼ cup~62|1 package~453
2152773	B	18	45,0,0,11.9,3,11.9	1 bottle~354
2130179	B	41	800,0,93.3,0,0,,13.3	1 tbsp~15|1 package~2000
2400452	B	16	167,4.17,.42,34.2,183,1.67,0,0,2.5,0,2.25,33,117,,0	¾ cup~120|1 package~453
2033589	B	16	158,3.33,0,33.3,217,.42,0,0,.8,0,1.2,17,,0	¾ cup~120|1 package~453
2170721	B	6	279,10.3,2.94,55.9,691,4.41,0,0,2.9,0,4.41,118,118,,0	1 roll~68|1 package~410
2024700	B	50	0,0,0,0,5000	¼ tsp~.5|1 package~44
2668298	B	16	357,12.5,.89,73.2,0,3.57,0,0,3.6,0,1.43,0,196,,0	¾ cup~56|1 package~454
2551743	B	15	300,3.33,30,6.67,1030,3.33,8.33,33,0,0,0,67,0,,0	2 tbsp~30|1 package~340
1892097	B	87	247,8.24,3.53,48.2,424,7.06,.59,0,2.4,0,3.18,118,,0,,.59,1.18	1 serving~85|1 package~680
2026603	B	7	167,0,16.7,6.67,1670,0	2 olives~15|1 package~180
2083901	B	19	100,0,0,20,1500,20	1 tsp~5|1 package~185
2032205	B	65	0,0,0,0,0,0	1 tsp~2.5|1 package~110
2041162	B	65	0,0,0,0,0,0	1 tea pod~4.5|1 package~54
2152779	B	131	104,18.3,1.74,1.74,426,1.74,.43,52,.9,0,.94,17,417,1	1 fillet~115|1 package~907
2421009	B	0	667,16.7,66.7,13.3,0,3.33,6.67,0,6.7,0,3.33,97,440,,0	1 serving~30|1 package~453
1892072	B	35	83,.83,5,7.5,425,3.33,.83,0,.8,0,.9,33,,7.5	½ cup~120|1 package~453
2053659	B	6	263,7.02,3.51,50.9,596,0,0,0,1.8,0,3.16,0,,0	.17 loaf~57|1 package~340
2152786	B	12	250,39.3,5.36,14.3,821,14.3,1.79,89,0,0,2.57,0,,8.6	1 serving~28|1 package~70
2668277	B	19	167,0,0,36.1,1030,30.6,0,0,2.8,0,1.67,56,278,,0	2 tbsp~36|1 package~553
2036411	B	5	536,7.14,32.1,57.1,857,3.57,7.14,0,3.6,0,1.29,0,,21.4	1 serving~28
2070398	B	52	363,4.42,23.9,34.5,248,24.8,14.2,75,.9,.88,.96,71,,3.2	1 cake~113|1 package~227
2034361	B	129	224,0,1.76,50.6,106,42.4	1/3 cup~85|1 package~652
2551699	B	19	133,0,0,26.7,1930,20	1 tbsp~15|1 package~349
2152161	B	35	100,0,0,20,1130,13.3	1 tbsp~15|1 package~354
2571858	B	2	364,27.3,31.8,0,182,0,18.2,91,0,0,0,955,0,,0	1 slice~22|1 package~226
2493367	B	21	140,7.55,6.79,12.4,260,2.26,2.64,19,1.1,0,.94,121,75,,0	1 cup~265|1 package~1470
2063946	B	65	0,0,0,0,0,0	1 tsp~2|1 package~90
2150198	B	73	0,0,0,100,0,100	¼ tsp~1|1 package~28.3
2493366	B	62	667,0,77.8,0,1780,0,44.4,222,0,0,0,0,0,,0	1 tbsp~9|1 package~113
2063909	B	17	150,6.19,6.64,18.1,49,17.3,3.98,24,0,.22,0,177,133,.5,.175,,,,,,.113,,,,133,,,.265	1 container~226
2075124	B	17	100,8,0,17.3,47,12.7,0,7,.7,0,0,267,,.8	1 container~150
2053607	B	4	343,5.05,12.1,55.6,91,29.3,5.05,51,3,0,.73,20,,3.6	1 serving~99|1 package~396
2288935	B	23	400,0,40,6.67,1270,0,,67	1 tbsp~15|1 package~326
2106087	B	19	200,0,0,20,1000,20	1 tsp~5|1 package~255
2172944	B	6	267,8.89,2.22,51.1,733,2.22,0,0,4.4,0,3.33,89,200,,0	1 slice~45|1 package~680
2152794	B	54	167,0,0,40,0,40	1 tbsp~15|1 package~249
2128835	B	18	40,0,0,10.2,3,10.2	1 bottle~354
2024836	B	11	217,0,20,10,1080,6.67,0,0,0,0,0,0,,0	2 tbsp~30
2022102	B	2	250,28.6,14.3,3.57,607,3.57,10.7,71,0,0,0,536,,0	1 serving~28|1 package~226
1862267	B	23	250,0,20,20,833,16.7,0,0,0,0,0,0,,0	2 tbsp~30|1 package~354
2387581	B	16	357,12.5,.89,73.2,0,3.57,0,0,3.6,0,1.43,0,196,,0	2/3 cup~56|1 package~453
2324552	B	16	357,12.5,.89,73.2,0,3.57,0,0,3.6,0,1.43,0,196,,0	2/3 cup~56|1 package~453
2387840	B	16	357,12.5,.89,73.2,0,3.57,0,0,3.6,0,1.43,0,196,,0	¾ cup~56|1 package~453
2387599	B	16	357,12.5,.89,73.2,0,3.57,0,0,3.6,0,1.43,0,196,,0	1 cup~56|1 package~453
2387838	B	16	357,12.5,.89,73.2,0,3.57,0,0,3.6,0,1.43,0,196,,0	¾ cup~56|1 package~453
2167403	B	16	357,12.5,.89,73.2,0,3.57,0,0,3.6,0,1.43,0,196,,0	2/3 cup~56|1 package~453
2053606	B	9	442,5.31,30.1,41.6,133,31.9,18.6,88,3.5,.44,2.39,53,,0	1 serving~113|1 package~453
2128010	B	0	533,16.7,43.3,33.3,183,16.7,3.33,0,10,0,3.6,200,467,,0	¼ cup~30|1 package~226
2038245	B	4	526,5.26,26.3,52.6,237,31.6,18.4,158,0,0,0,0,,0,,7.89,0	1 cookie~19|1 package~198
2471952	B	3	250,2.68,11.6,33.9,80,25.9,8.04,40,0,0,.18,107,116,,1.25	2/3 cup~112|1 package~473
2036213	B	62	267,3.33,16.7,23.3,33,16.7,3.33,17,0,1.67,0,67,,4	2 tbsp~30|1 package~226
2144142	B	54	67,0,0,13.3,133,13.3	1 tbsp~15|1 package~249
2058560	B	3	123,0,0,31.1,0,30.2,0,0,0,0,0,0,,1.1	½ cup~106|1 package~473
2667612	B	3	128,0,0,32.6,0,31.9,0,0,.7,0,0,0,0,,0	2/3 cup~141|1 package~473
2112269	B	42	263,0,0,63.2,53,63.2,,0	1 tbsp~19|1 package~283
2277659	B	60	367,0,0,86.7,0,86.7,0,,0,,0,83,,,0	2 tbsp~30|1 package~946
1993610	B	14	400,9.23,9.23,70.8,262,23.1,.77,,6.2,0,3.08,77,231,,0	1 container~65
2132401	B	60	350,0,0,88.3,8,80,0,0,0,0,1.8,133,,0	¼ cup~60
2629688	B	34	275,10.8,11.7,31.7,450,1.67,5,17,2.5,0,.83,150,158,,0	¼ pizza~120|1 package~480
2551747	B	26	200,14.1,11.8,8.24,424,0,1.76,106,1.2,0,.51,106,129,,0	1 crab~85|1 package~170
2373610	B	26	200,14.1,11.8,8.24,412,0,1.76,88,1.2,0,.59,129,141,,0	6 mini crab cakes~85|1 package~170
2631800	B	2	400,3.33,40,13.3,50,3.33,23.3,117,0,0,0,67,0,,0	2 tbsp~30|1 package~226
2629699	B	32	83,2.5,6.67,5,383,3.33,3.33,0,1.7,0,0,33,175,,0	½ cup~120|1 package~680
1927586	B	65	435,4.35,6.52,87,174,65.2,4.35,0,0,0,0,130,87,,0	1 packet~23|1 package~235
2103630	B	3	223,3.19,11.7,26.6,53,21.3,7.45,48,0,0,0,106,,1.3	½ cup~94|1 package~473
2436189	B	11	0,0,0,0,37000,0,0,0,0,0,0,0,0,,0	¼ tsp~1|1 package~185
2667614	B	11	0,0,0,0,39300	¼ tsp~1.4|1 package~500
2621836	B	15	250,7.14,21.4,14.3,536,3.57,1.79,0,3.6,0,1.29,71,,0,,10.7,7.14,0	2 tbsp~28|1 package~283
1947585	B	34	226,7.52,9.02,28.6,444,4.51,2.63,4,2.3,0,.68,83,180,,0	¼ pizza~133|1 package~530
2319843	B	2	133,6.67,8.33,10,633,3.33,5,33,0,0,0,133,233,,0	2 tbsp~30|1 package~340
2428365	B	15	17,0,0,6.67,633,3.33,0,0,0,0,0,33,167,,0	2 tbsp~30|1 package~453
2400319	B	19	233,0,23.3,6.67,933,0,0,,,0	1 tbsp~15|1 package~348
2388156	B	2	167,10,11.7,6.67,600,3.33,6.67,50,0,0,0,333,0,,0	2 tbsp~30|1 package~340
2282659	B	15	50,0,0,13.3,150,10,0,0,0,0,0,33,100,,0	2 tbsp~30|1 package~453
2027355	B	15	34,0,0,6.9,328,0,0,0,0,0,0,0,,16.6	2 tbsp~29|1 package~453
2147152	B	15	33,0,0,6.67,700,3.33	2 tbsp~30|1 package~680
2120787	B	130	0,10.6,0,0,53,,,,,,,,1280	1 k-cup pod~9.4|1 package~112
2116102	B	130	0,10.6,0,0,53,,,,,,,,1280	1 k-cup pod~9.4|1 package~112
2132882	B	130	0,0,0,0,56,,,,,,,,1350	1 k-cup pod~8.9|1 package~106
2027390	B	15	34,0,0,6.9,552,3.45,0,0,0,0,0,0,,12.4	2 tbsp~29|1 package~453
2428475	B	15	33,0,0,6.67,667,3.33,0,0,0,0,0,33,167,,0	2 tbsp~30|1 package~453