2465723	B	5	536,7.14,32.1,53.6,1070,3.57,8.93,0,3.6,0,2.14,36,1320,,.35	1 serving~28|1 package~255
2565587	B	5	536,7.14,32.1,53.6,1070,3.57,8.93,0,3.6,0,2.14,36,1320,,0	1 serving~28|1 package~220
2596617	B	5	500,7.14,25,60.7,429,0,7.14,0,3.6,0,1.79,0,1460,,0	1 serving~28|1 package~220
2472758	B	5	536,7.14,32.1,53.6,857,3.57,8.93,0,3.6,0,1.43,71,1210,,.35	1 serving~28|1 package~213
2601497	B	12	536,7.14,32.1,50,1070,7.14,8.93,18,3.6,0,0,71,250,,0	32 balls~28|1 package~652
2401987	B	12	530,7.07,31.8,49.5,1060,3.53,8.83,0,0,0,0,78,201,,0	1 bag~28.3
2642051	B	12	489,5.43,32.6,48.9,1030,5.43,8.15,0,0,0,.54,54,272,,0	1 bag~18.4
1858899	B	12	536,7.14,32.1,57.1,929,3.57,8.93,0,0,0,0,0,,0,,5.36,16.1	1 serving~28|1 package~241
2304789	B	12	536,7.14,32.1,50,1070,7.14,8.93,18,0,0,1.29,71,250,,0	1 serving~28|1 package~992
1906200	B	5	429,7.14,7.14,82.1,375,0,0,0,3.6,0,1.29,71,,0,,1.79,3.57	1 serving~28|1 package~269
1901740	B	5	536,7.14,32.1,50,339,0,7.14,0,3.6,0,1.29,0,1320,21.4,,7.14,17.9,,5.71,0,,.286,,57,143	1 serving~28|1 package~85
2145082	B	5	536,7.14,32.1,57.1,643,3.57,3.57,0,3.6,0,1.43,71,0,,0	1 serving~28|1 package~99.2
2171676	B	12	571,50,35.7,7.14,2360,7.14,14.3,107,,0	1 serving~14|1 package~213
2565585	B	5	536,7.14,32.1,53.6,1040,7.14,8.93,0,3.6,0,1.43,0,1210,,0	1 serving~28|1 package~220
2276134	B	5	536,7.14,32.1,53.6,1040,7.14,8.93,0,3.6,0,1.43,0,1210	1 serving~28|1 package~354
2565522	B	5	536,7.14,32.1,53.6,1040,7.14,8.93,0,3.6,0,1.43,0,1210,,0	1 serving~28|1 package~397
2615655	B	5	536,7.14,35.7,50,964,3.57,8.93,0,3.6,0,2.57,0,1210,32.1,,7.14,17.9,0	1 serving~28|1 package~397
2596607	B	12	536,7.14,35.7,50,1110,10.7,8.93,18,0,0,.36,107,286,,0	1 serving~28|1 package~241
2428230	B	5	352,7.04,3.52,77.5,1690,0,0,0,0,0,0,14,99,,0	1 bag~14.2|1 package~567
2389379	B	5	352,7.04,3.52,77.5,1690,0,0,0,7,0,1.41,0,70,,0	1 bag~14.2|1 package~567
1996454	B	12	571,50,35.7,0,2070,,14.3,107,,0	1 serving~14|1 package~85
2153465	B	12	571,50,35.7,0,2070,,14.3,107,,0	1 serving~14|1 package~142
2153463	B	12	571,50,35.7,0,2070,,14.3,107,,0	1 serving~14|1 package~35.4
2289778	B	5	500,7.14,28.6,50,429,0,8.93,18,3.6,0,1.29,0,1460,21.4	1 serving~28|1 package~411
2565532	B	4	500,3.57,21.4,71.4,464,46.4,21.4,0,3.6,0,.36,71,107,,0	1 serving~28|1 package~170
2168472	B	0	500,3.57,21.4,71.4,464,46.4,21.4,0,3.6,0,.36,71,107,,0	1 serving~28|1 package~170
2328951	B	12	571,3.57,39.3,50,714,14.3,10.7,0,0,0,.36,0,71,,0	1 serving~28|1 package~340
2565509	B	5	571,3.57,39.3,50,714,14.3,10.7,0,0,0,.36,0,71,,0	1 serving~28|1 package~340
2401974	B	5	357,7.14,5.36,71.4,1250,0,0,0,3.6,0,1.07,0,107,,0	1 serving~28|1 package~454
1858974	B	66	500,7.14,28.6,60.7,357,3.57,3.57,0,7.1,0,1.29,71,,8.6,,17.9,5.36	1 serving~28|1 package~227
2565600	B	5	393,7.14,5.36,75,607,14.3,0,0,3.6,0,0,0,0,,0	1 serving~28|1 package~680
1852453	B	5	429,7.14,7.14,82.1,607,17.9,0,0,3.6,0,2.57,0,,0	1 serving~28|1 package~737
1860007	B	5	429,7.14,7.14,82.1,607,17.9,0,0,3.6,0,2.57,0,,0	1 serving~28|1 package~1021
2132785	B	12	571,50,42.9,0,2500,,14.3,107,,0	1 serving~14|1 package~142
2401978	B	0	607,7.14,53.6,35.7,929,0,14.3,0,10.7,0,2.5,0,143,,0	1 serving~28|1 package~184
2403763	B	5	393,7.14,5.36,75,1640,0,0,0,3.6,0,1.07,0,107,,0	1 serving~28|1 package~340
2390986	B	5	393,7.14,5.36,75,1640,0,0,0,3.6,0,1.07,0,107,,0	1 serving~28|1 package~397
2401975	B	5	393,10.7,5.36,71.4,1390,0,0,0,3.6,0,0,14,104,,0	1 serving~28|1 package~454
2596604	B	5	536,7.14,35.7,53.6,964,3.57,8.93,0,3.6,0,1.43,71,1210,,0	1 serving~28|1 package~241
2596614	B	5	536,7.14,35.7,53.6,964,3.57,8.93,0,3.6,0,1.43,71,1210,,0	1 serving~28|1 package~220
2268719	B	12	467,0,15,80,367,50,0,0,0,0,0,10,47,,0	2/3 cup~30|1 package~99.2
2185842	B	0	467,6.67,20,70,800,46.7,1.67,0,3.3,0,0,10,153,,0	¾ cup~30|1 package~198
2565516	B	0	467,6.67,20,70,800,46.7,1.67,0,3.3,0,0,10,153,,0	¾ cup~30|1 package~198
2403884	B	5	536,7.14,32.1,53.6,1290,0,8.93,0,3.6,0,0,29,1310,,0	1 serving~28|1 package~213
2596628	B	5	536,7.14,32.1,53.6,1290,0,8.93,0,3.6,0,1.43,36,1320,,0	1 serving~28|1 package~220
1859264	B	5	536,7.14,32.1,50,964,3.57,7.14,0,3.6,0,1.29,0,1040,21.4,,7.14,17.9,,5.71,0,,.286,,57,143	1 serving~28|1 package~269
1876683	B	5	536,7.14,32.1,50,339,0,7.14,0,3.6,0,1.29,0,1320,21.4,,7.14,17.9,,5.71,0,,.286,,57,143	1 serving~28|1 package~85
2465729	B	5	536,7.14,28.6,53.6,1390,0,5.36,0,3.6,0,1.07,36,1320,,.35	1 serving~28|1 package~227
2472112	B	5	536,7.14,32.1,53.6,679,3.57,8.93,0,3.6,0,1.43,36,1290,,.725	1 serving~28|1 package~213
2596613	B	5	536,7.14,32.1,53.6,857,3.57,8.93,0,3.6,0,1.43,71,1320,,0	1 serving~28|1 package~220
1878105	B	12	464,7.14,25,57.1,929,3.57,7.14,0,3.6,0,0,71,,0	1 serving~28|1 package~624
2401999	B	12	607,3.57,46.4,46.4,786,3.57,12.5,18,0,0,.36,36,214,,0	1 serving~28|1 package~113
2179250	B	5	429,7.14,14.3,67.9,571,3.57,1.79,0,3.6,0,1.29,0,0,,0	1 serving~28|1 package~510
2366066	B	12	536,7.14,32.1,53.6,1070,7.14,8.93,18,3.6,0,0,71,250,,0	32 balls /~28|1 package~652
2403754	B	12	536,7.14,32.1,50,1070,3.57,8.93,0,0,0,.71,71,214,,0	1 serving~28|1 package~99.2
2338096	B	12	544,16.1,32.3,48.4,1050,4.03,10.1,10,2,0,.73,40,141,,0	1 bag~49.6
1996052	B	2	571,7.14,39.3,46.4,1110,7.14,10.7,18,3.6,0,.71,71,321,,0	1 serving~28|1 package~241
2419897	B	12	563,0,35.2,56.3,1060,0,7.04,0,0,0,0,141,282,,0	1 serving~7.1
2427931	B	2	536,7.14,32.1,50,1070,7.14,8.93,0,0,0,0,71,250,,0	1 serving~28|1 package~652
2596624	B	5	536,7.14,32.1,53.6,679,3.57,8.93,18,3.6,0,1.43,71,1290,,0	1 serving~28|1 package~220
1908814	B	12	536,7.14,32.1,57.1,929,3.57,8.93,0,3.6,0,0,0,,0,,7.14,16.1	1 serving~28|1 package~241
1859255	B	12	571,7.14,35.7,57.1,893,7.14,8.93,18,3.6,0,0,143,,0,,7.14,17.9	1 serving~28|1 package~241
1858336	B	2	145,3.23,9.68,12.9,774,3.23,3.23,16,0,0,0,65,,0	2 tbsp~31|1 package~425
2401957	B	26	333,11.1,20,25.6,933,1.11,8.89,39,1.1,0,0,260,91,,0	5 pieces~90|1 package~397
2410411	B	0	607,7.14,46.4,39.3,1540,7.14,14.3,0,7.1,0,2.14,107,107,,0	1 serving~28|1 package~184
2544328	B	12	464,7.14,21.4,60.7,1140,3.57,5.36,0,3.6,0,2.57,71,250,,0	¾ cup~28|1 package~369
2552453	B	5	467,16.7,20,56.7,1230,0,5,17,3.3,0,3.67,100,333,,.325	10 pretzels~30|1 package~170
2390990	B	12	464,7.14,21.4,60.7,1140,3.57,5.36,0,3.6,0,2.57,71,250,,0	¾ cup~28|1 package~369
2465732	B	5	536,7.14,32.1,53.6,893,3.57,8.93,0,3.6,0,1.43,143,1360,,.35	1 serving~28|1 package~241
2472109	B	5	536,7.14,28.6,53.6,1500,3.57,5.36,0,3.6,0,2.14,36,1320,,.35	1 serving~28|1 package~227
2565520	B	12	571,50,35.7,0,2070,,14.3,107,,0	1 serving~14|1 package~85.1
2565519	B	12	571,50,42.9,0,1930,,14.3,107,,0	1 serving~14|1 package~85.1
2565518	B	12	571,57.1,42.9,0,1500,,14.3,107,,0	1 serving~14|1 package~85.1
2410629	B	0	500,4.17,20.8,70.8,792,37.5,16.7,0,4.2,0,.83,42,167,,0	2 pretzels~24|1 package~340
1880242	B	8	545,6.06,33.3,57.6,76,51.5,21.2,15,3,0,3.27,182,,0	2 chocolate eggs~33|1 package~100
2565531	B	4	500,3.57,21.4,71.4,536,42.9,17.9,0,3.6,0,1.43,71,321,,0	1 serving~28|1 package~170
1857188	B	15	48,0,0,9.68,710,3.23,0,0,3.2,0,0,0,,0	2 tbsp~31|1 package~439
2468776	B	5	536,7.14,32.1,57.1,750,0,8.93,0,3.6,0,1.43,36,1290,,.35	1 serving~28|1 package~567
2403766	B	5	393,7.14,3.57,75,1610,0,0,0,3.6,0,0,14,107,,0	1 serving~28|1 package~454
2673105	B	5	393,7.14,3.57,75,1500,3.57,0,0,3.6,0,0,14,104,,0	1 serving~28|1 package~454
1985982	B	5	536,7.14,32.1,57.1,536,3.57,3.57,0,3.6,0,2.14,36,1320	1 serving~28|1 package~213
1934974	B	12	531,6.25,31.2,53.1,844,3.12,6.25,16,0,0,0,62,,0	3 cup~32|1 package~156
1873623	B	12	526,0,35.1,52.6,877,0,0,0,0,0,0,0,,0	1 serving~5.7|1 package~142
1901744	B	12	571,7.14,35.7,57.1,893,7.14,8.93,18,3.6,0,0,143,,0,,7.14,17.9	1 serving~28|1 package~70.9
1881360	B	12	571,7.14,35.7,57.1,893,7.14,8.93,18,3.6,0,0,143,,0,,7.14,17.9	1 serving~28|1 package~70.9
2500489	B	5	536,7.14,28.6,53.6,1500,3.57,5.36,0,3.6,0,2.14,36,1320,,.35	1 serving~28|1 package~74.4
1884934	B	116	513,10.3,25.6,59,718,7.69,5.13,0,2.6,0,1.85,103,192,0	6 crackers~39
1884929	B	29	513,7.69,25.6,61.5,718,12.8,7.69,0,2.6,0,3.69,154,231,0	6 crackers~39
2401997	B	15	171,2.86,15.2,7.62,857,3.81,9.52,57,0,0,0,76,133,,.575	1 cup~105
2135590	B	12	536,7.14,25,67.9,893,3.57,7.14,0,3.6,0,2.57,71,,0	1 serving~28|1 package~737
2565568	B	4	500,3.57,21.4,71.4,536,42.9,17.9,0,3.6,0,1.43,71,321,,0	1 serving~28|1 package~170
2472111	B	5	536,7.14,32.1,57.1,536,0,5.36,0,3.6,0,1.43,0,1390,,.35	1 serving~28|1 package~227
1852448	B	15	113,0,8.06,6.45,903,0,1.61,0,0,1.61,0,65,,0	2 tbsp~31|1 package~255
1858726	B	5	500,7.14,25,64.3,429,3.57,3.57,0,7.1,0,1.29,71,,0,,5.36,12.5	1 serving~28|1 package~269
1858337	B	15	182,3.03,15.2,9.09,667,3.03,1.52,0,0,0,0,61,,0	2 tbsp~33|1 package~425
1878106	B	12	493,14.1,28.2,56.3,775,0,7.04,0,0,0,0,0,,0	1 serving~7.1|1 package~248
1858938	B	0	500,10.7,17.9,67.9,536,0,3.57,0,10.7,0,2.57,0,,0	4 cup~28|1 package~113
2162271	B	5	393,7.14,5.36,71.4,1070,3.57,0,0,3.6,0,1.43,71,179,,0	1 serving~28|1 package~397
1916169	B	0	393,7.14,3.57,78.6,1710,3.57,0,0,3.6,0,1.29,0,,0	1 serving~28|1 package~368
2673093	B	5	393,7.14,3.57,75,1540,3.57,0,0,3.6,0,1.07,0,107,,0	1 serving~28|1 package~454
2655911	B	5	536,7.14,35.7,53.6,964,3.57,8.93,0,3.6,0,0,57,1210,,0	1 serving~28|1 package~255
1932094	B	5	393,7.14,3.57,75,1540,3.57,0,0,3.6,0,1.29,0,0,,0	1 serving~28|1 package~850
2305082	B	5	571,7.14,35.7,53.6,750,3.57,10.7,0,3.6,0,1.43,36,1180	1 serving~28|1 package~241
2403882	B	5	571,7.14,35.7,53.6,750,3.57,10.7,0,3.6,0,0,43,1190,,0	1 serving~28|1 package~213
2596603	B	5	571,7.14,35.7,53.6,750,3.57,10.7,0,3.6,0,1.43,36,1180,,0	1 serving~28|1 package~241
2465733	B	5	571,7.14,35.7,53.6,750,3.57,10.7,0,3.6,0,1.43,36,1180,,.35	1 serving~28|1 package~255
2565588	B	5	536,7.14,32.1,53.6,607,3.57,8.93,0,3.6,0,1.79,36,1250,,0	1 serving~28|1 package~220
1949629	B	5	536,7.14,32.1,53.6,607,3.57,8.93,0,3.6,0,0,25,1250,,0	1 serving~28|1 package~213
2629575	B	5	565,7.07,35.3,53,336,0,8.83,0,3.5,0,0,14,1370,,0	1 serving~28.3|1 package~510
2565540	B	5	536,7.14,32.1,53.6,1070,3.57,8.93,0,3.6,0,2.14,36,1320,,0	1 oz per serving~28|1 package~78
2565546	B	5	536,7.14,32.1,53.6,1040,7.14,8.93,0,3.6,0,1.43,0,1210,,0	1 oz per serving~28|1 package~78
2403749	B	0	607,7.14,53.6,35.7,929,0,14.3,0,10.7,0,2.5,0,143,,0	1 serving~28|1 package~70.9
2596593	B	5	536,7.14,32.1,53.6,857,3.57,8.93,0,,0,1.43,71,1320,,0	1 oz per serving~28|1 package~78
2596625	B	5	536,7.14,32.1,53.6,679,3.57,8.93,18,3.6,0,1.43,71,1290,,0	1 oz per serving~28|1 package~74.4
2565542	B	5	536,7.14,32.1,53.6,607,3.57,8.93,0,3.6,0,1.79,36,1250,,0	1 oz per serving~28|1 package~78
2565547	B	5	536,7.14,32.1,57.1,714,7.14,8.93,0,3.6,0,1.43,36,1250,,0	1 serving~28|1 package~78
1906189	B	5	429,3.57,10.7,75,1210,3.57,0,0,7.1,0,.71,36,71,,0	1 serving~28|1 package~284
2596590	B	5	571,7.14,35.7,53.6,18,0,8.93,0,3.6,0,1.43,0,1390,,0	1 oz per serving~28|1 package~78
2565544	B	5	536,7.14,32.1,53.6,1000,3.57,8.93,0,3.6,0,1.43,36,1290,,0	1 serving~28|1 package~78
2596587	B	5	571,7.14,35.7,53.6,339,0,8.93,0,3.6,0,1.43,0,1390,,0	1 oz per serving~28|1 package~78
2596591	B	5	571,7.14,35.7,53.6,339,0,8.93,0,3.6,0,1.79,0,1320,,0	1 oz per serving~28|1 package~78
2269885	B	5	429,3.57,10.7,75,1210,3.57,0,0,7.1,0,.71,36,71,,0	1 serving~28|1 package~284
1906192	B	5	429,3.57,10.7,75,1210,3.57,0,0,7.1,0,.71,36,71,,0	1 serving~28|1 package~284
2565505	B	5	536,7.14,32.1,53.6,1070,3.57,8.93,0,3.6,0,1.79,36,1290,,0	1 oz per serving~28|1 package~74.4
2565549	B	5	536,7.14,32.1,53.6,1070,3.57,8.93,0,3.6,0,1.79,36,1290,,0	1 oz per serving~28|1 package~78
2565541	B	5	536,7.14,32.1,53.6,929,3.57,8.93,0,3.6,0,1.43,36,1320,,0	1 oz per serving~28|1 package~78
2565545	B	5	536,7.14,32.1,53.6,1140,3.57,8.93,0,3.6,0,1.43,36,1290,,0	1 oz per serving~28|1 package~78
2565548	B	5	536,7.14,32.1,53.6,643,7.14,8.93,0,3.6,0,1.43,36,1290,,0	1 oz per serving~28|1 package~78
2145076	B	19	111,0,0,33.3,722,27.8,0,0,0,0,0,0,0,,0	1 tbsp~18|1 package~552
1852459	B	0	433,6.67,11.7,76.7,567,50,3.33,0,3.3,0,1.2,0,,0	½ cup~30|1 package~539
2596574	B	5	536,7.14,32.1,57.1,536,3.57,3.57,0,3.6,0,2.14,36,1320,,0	1 serving~28|1 package~213
2429011	B	5	536,7.14,32.1,57.1,393,3.57,3.57,0,3.6,0,3.57,46,1320,,0	1 serving~28|1 package~213
1874974	B	5	393,10.7,5.36,71.4,893,3.57,0,0,3.6,0,2.57,71,,0	1 serving~28|1 package~964
2596626	B	5	536,7.14,32.1,57.1,750,0,8.93,0,3.6,0,1.43,36,1290,,0	1 serving~28|1 package~220
2596627	B	5	536,7.14,32.1,57.1,750,0,8.93,0,3.6,0,1.43,36,1290,,0	1 oz per serving~28|1 package~74.4
2368886	B	5	352,7.04,3.52,77.5,1690,0,0,0,,0,0,0,0,,0	1 bag~14.2|1 package~992
2278447	B	5	352,7.04,3.52,77.5,1690,7.04,0,0,7,0,1.41,0,70,,0	1 bag~14.2|1 package~510
2596583	B	12	536,7.14,32.1,53.6,1070,7.14,8.93,18,3.6,0,0,71,250,,0	1 serving~28|1 package~652
2453377	B	12	563,0,35.2,56.3,1060,0,7.04,0,0,0,0,141,282,,0	1 serving~7.1|1 package~227
2654008	B	12	563,0,35.2,56.3,1060,0,7.04,0,0,0,0,141,282,,0	1 bag~7.1|1 package~227
2114448	B	1	493,14.1,28.2,56.3,775,0,7.04,0,0,0,0,0,,0	1 serving~7.1|1 package~425
1161138	B	1	545,6.06,33.3,60.6,0,57.6,21.2,,3,0,2.12,333,455,,0	5 pieces~33
2416247	B	12	563,0,35.2,56.3,1060,0,7.04,0,0,0,0,141,282,,0	1 serving~7.1|1 package~957
2428294	B	5	352,7.04,3.52,77.5,1690,0,0,0,0,0,0,14,99,,0	1 bag~14.2|1 package~284
2596623	B	5	360,8,0,76,1840,0,0,0,4,0,1.44,0,0,,0	1 prtzl~25|1 package~737
2403883	B	5	536,7.14,35.7,53.6,964,3.57,8.93,0,3.6,0,0,57,1210,,0	1 serving~28|1 package~213
2391168	B	5	393,7.14,3.57,75,1710,3.57,0,0,3.6,0,1.07,0,107,,0	1 serving~28|1 package~397
2266587	B	5	530,7.07,31.8,56.5,707,7.07,8.83,0,3.5,0,0,21,1250,,0	1 bag~28.3
2565591	B	5	536,7.14,32.1,57.1,714,7.14,8.93,0,3.6,0,1.43,36,1250,,0	1 serving~28|1 package~220
2565562	B	5	536,7.14,32.1,57.1,714,7.14,8.93,0,3.6,0,1.43,36,1250,,0	1 serving~28|1 package~241
2217389	B	5	536,7.14,32.1,57.1,714,7.14,8.93,0,3.6,0,1.43,36,1250	1 serving~28|1 package~241
1971562	B	19	222,0,0,55.6,1000,50,0,0,0,0,0,0,0,,0	1 tbsp~18|1 package~624
2565613	B	15	400,0,33.3,23.3,467,20,5,0,0,0,0,0,0,,0	2 tbsp~30|1 package~425
1919877	B	5	429,7.14,7.14,82.1,607,17.9,0,0,3.6,0,2.57,0,,0	1 serving~28|1 package~1588
2275494	B	5	393,7.14,5.36,75,607,14.3,0,0,3.6,0,0,0,0,,0	1 serving~28|1 package~680
1874973	B	5	424,3.53,5.3,88.3,459,10.6,0,0,3.5,0,1.27,0,,0	1 tray~28.3|1 package~170
1996430	B	12	571,50,42.9,0,1930,,14.3,107,,0	1 serving~14|1 package~85
2132784	B	12	571,50,42.9,0,1930,,14.3,107,,0	1 serving~14|1 package~142
2633593	B	5	536,7.14,32.1,57.1,714,10.7,8.93,0,3.6,0,1.43,36,1250,,0	20 chips~28|1 package~369
2432808	B	5	500,7.14,28.6,57.1,1000,3.57,5.36,0,3.6,0,0,18,1290,,0	1 serving~28|1 package~198
2596576	B	0	643,3.57,53.6,35.7,964,7.14,14.3,0,0,0,.36,71,250,,0	1 serving~28|1 package~213
1859063	B	12	643,3.57,53.6,35.7,964,7.14,14.3,0,0,0,.36,71,250,,0	1 serving~28|1 package~213
1850168	B	0	643,3.57,53.6,39.3,893,0,10.7,18,0,3.57,0,71,,0,,17.9,17.9	2 cup~28|1 package~184
2410414	B	5	536,7.14,32.1,53.6,1250,3.57,8.93,0,3.6,0,3.57,21,1320,,0	1 serving~28|1 package~198
2470422	B	5	536,7.14,32.1,57.1,750,3.57,8.93,0,3.6,0,1.79,36,1210,,.35	1 serving~28|1 package~213
2275488	B	5	536,7.14,28.6,57.1,964,3.57,5.36,0,3.6,0,1.43,36,1360	1 serving~28|1 package~213
2565584	B	5	536,7.14,28.6,57.1,857,7.14,5.36,0,3.6,0,1.43,36,1290,,0	1 serving~28|1 package~213
2565577	B	5	536,7.14,32.1,53.6,1360,3.57,5.36,0,3.6,0,1.79,36,1320,,0	1 serving~28
2596611	B	5	464,7.14,21.4,57.1,268,0,3.57,0,3.6,0,1.43,0,1390,,0	1 serving~28|1 package~213
2565552	B	5	536,7.14,28.6,53.6,1500,3.57,5.36,0,3.6,0,2.14,36,1320,,0	1 oz per serving~28|1 package~70.9
2596612	B	5	536,7.14,28.6,60.7,482,0,5.36,0,3.6,0,1.43,0,1460,,1	1 serving~28|1 package~213
2286445	B	5	536,7.14,32.1,53.6,429,0,5.36,0,3.6,0,1.29,0,1320,21.4,,17.9,8.93	1 serving~28|1 package~198
1858731	B	5	536,7.14,32.1,53.6,893,3.57,5.36,0,3.6,0,1.29,0,,21.4,,16.1,7.14	1 serving~28|1 package~198
2565578	B	5	536,7.14,28.6,57.1,964,3.57,5.36,0,3.6,0,1.43,36,1360,,0	1 serving~28|1 package~213
2651770	B	5	500,7.14,28.6,57.1,929,7.14,5.36,0,3.6,0,1.43,36,1290,,0	1 serving~28|1 package~213
2596596	B	5	536,7.14,32.1,57.1,536,0,5.36,0,3.6,0,1.43,0,1390,,0	1 oz per serving~28|1 package~70.9
2275496	B	5	536,7.14,32.1,53.6,1360,,5.36,0,3.6,0,1.79,36,1320	1 serving~28|1 package~213
1915230	B	5	500,7.14,21.4,71.4,429,7.14,3.57,0,3.6,0,1.29,0,,21.4,,10.7,7.14	1 serving~28|1 package~227
2565582	B	5	536,7.14,28.6,57.1,1140,3.57,5.36,0,3.6,0,1.07,0,1320,,0	1 serving~28|1 package~213
2565550	B	5	536,7.14,28.6,57.1,857,7.14,5.36,0,3.6,0,1.43,36,1290,,0	1 oz per serving~28|1 package~70.9
2565554	B	5	536,7.14,28.6,60.7,500,10.7,5.36,0,3.6,0,1.07,0,1250,,0	1 oz per serving~28|1 package~70.9
2565583	B	5	500,7.14,28.6,57.1,857,7.14,5.36,0,3.6,0,1.43,36,1290,,0	1 serving~28|1 package~213
357913	B	5	536,7.14,32.1,57.1,393,7.14,3.57,0,7.1,0,1.29,71,1250,21.4,,25,1.79,,4.29,0,,.286,,57,143	1 serving~28
2429012	B	5	464,7.14,21.4,57.1,268,0,3.57,0,3.6,0,0,14,1390,,0	1 serving~28|1 package~227
2432814	B	5	500,7.14,28.6,57.1,964,3.57,5.36,0,3.6,0,0,18,1320,,0	1 serving~28|1 package~198
1858900	B	5	536,7.14,28.6,57.1,1040,7.14,7.14,18,0,0,0,71,,0	1 serving~28|1 package~595
2429010	B	5	571,7.14,32.1,64.3,268,0,1.79,0,3.6,0,0,21,1340,,0	1 serving~28|1 package~227
2472103	B	5	536,7.14,28.6,57.1,929,7.14,5.36,0,3.6,0,1.43,36,1290,,.35	1 serving~28|1 package~227
2615654	B	19	48,0,0,9.68,548,3.23,0,0,3.2,0,0,0,,0,,,,116	2 tbsp~31|1 package~439
1857186	B	15	67,0,0,16.7,600,13.3,0,0,3.3,0,0,0,,8	2 tbsp~30|1 package~454
2414743	B	12	571,3.57,39.3,53.6,929,3.57,5.36,0,3.6,0,.36,71,179,,0	1 serving~28|1 package~213
1901750	B	5	352,7.04,3.52,77.5,1060,7.04,0,0,7,0,0,0,,0	1 package~14.2|1 package~567
2588765	B	5	536,7.14,32.1,57.1,714,10.7,8.93,0,3.6,0,1.43,36,1250,,0	1 serving~28|1 package~369
2401994	B	2	105,.95,8.57,4.76,810,0,2.38,5,0,0,0,19,0,,0	1 cup~105
2565530	B	4	464,3.57,21.4,67.9,536,39.3,17.9,0,3.6,0,1.43,71,214,,0	1 serving~28|1 package~227
1973305	B	0	464,7.14,17.9,67.9,750,35.7,16.1,0,3.6,0,0,71,250,,0	2 prtzls~28|1 package~425
2565567	B	0	500,7.14,25,60.7,464,39.3,17.9,0,3.6,0,2.86,71,286,,0	1 serving~28|1 package~170
2552455	B	5	536,7.14,32.1,57.1,714,10.7,8.93,0,3.6,0,1.43,36,1250,,.35	20 chips~28|1 package~74.4
2596581	B	12	544,6.05,32.3,48.4,1050,4.03,10.1,10,2,0,.73,40,141,,0	1 bag~49.6
2302146	B	12	493,14.1,28.2,56.3,775,0,7.04,0,0,0,0,0,,0	1 serving~7.1|1 package~248
2389380	B	12	563,0,35.2,42.2,1060,0,7.04,0,0,0,0,70,197,,0	1 serving~7.1|1 package~248
2428088	B	12	563,0,35.2,42.2,1060,0,7.04,0,0,0,0,70,197,,0	1 serving~7.1
2565569	B	4	500,3.57,21.4,71.4,571,46.4,17.9,0,3.6,0,.36,71,107,,0	1 oz (28g/ 4 pretzels~28|1 package~170
1876682	B	5	393,10.7,5.36,78.6,1040,3.57,0,0,3.6,0,2.57,0,,0	1 serving~28|1 package~1701
2596582	B	12	524,8.06,32.3,52.4,1030,8.06,9.07,10,2,0,.73,81,141,,0	1 bag~49.6
2324551	B	12	524,8.06,32.3,52.4,1030,8.06,9.07,10,2,0,.73,81,141,,0	1 bag~49.6
1858730	B	5	500,10.7,25,64.3,714,7.14,3.57,0,10.7,0,2.57,143,,0,,7.14,12.5	1 serving~28|1 package~269
1915233	B	5	500,7.14,25,64.3,268,7.14,3.57,0,7.1,0,1.29,71,,0,,7.14,14.3	1 serving~28|1 package~284
2020214	B	5	571,7.14,39.3,46.4,268,3.57,5.36,0,7.1,0,3.57,96,125,,0	1 serving~28|1 package~284
1906203	B	5	536,7.14,32.1,57.1,393,7.14,3.57,0,7.1,0,1.29,71,1250,21.4,,25,1.79,,4.29,0,,.286,,57,143	1 serving~28|1 package~74.4
1851328	B	5	464,7.14,21.4,64.3,268,0,1.79,0,3.6,0,1.29,0,1460,32.1,,17.9,0,,0,0,,0,,57,143	1 serving~28|1 package~241
2596616	B	5	571,7.14,35.7,53.6,18,0,8.93,0,3.6,0,1.43,0,1390,,0	1 serving~28|1 package~220
2011842	B	5	357,10.7,7.14,71.4,714,3.57,1.43,0,10.7,0,3.86,0,250,,0	1 serving~28|1 package~765
2403765	B	5	360,8,0,76,1840,0,0,0,4,0,1.2,0,120,,0	1 pretzel~25|1 package~128
1906193	B	5	536,7.14,32.1,53.6,1000,3.57,8.93,0,3.6,0,0,18,1300,,0	1 serving~28|1 package~81.5
1881361	B	12	464,7.14,25,57.1,1930,7.14,5.36,0,0,0,0,46,89,,0	1 serving~28|1 package~60.2
1852558	B	5	500,7.14,21.4,67.9,357,0,1.79,0,3.6,0,1.29,71,,0,,14.3,3.57,,1.43,0,,.429,,86,286	1 serving~28|1 package~255
1874972	B	5	429,10.7,7.14,78.6,714,3.57,1.79,0,3.6,0,0,0,,0,,3.57,0	1 serving~28|1 package~284
1878104	B	5	429,10.7,7.14,78.6,714,3.57,1.79,0,3.6,0,0,0,,0	1 serving~28|1 package~1049
1852554	B	5	429,10.7,7.14,78.6,714,3.57,0,0,10.7,0,3.86,71,,0,,3.57,1.79	1 serving~28|1 package~284
1760717	B	5	500,7.14,21.4,67.9,357,0,1.79,0,7.1,0,1.29,71,,0,,14.3,3.57,,1.43,0,,.429,,86,214	1 serving~28|1 package~255
2011940	B	5	500,7.14,21.4,67.9,357,0,1.79,0,7.1,0,1.29,71,,0,,14.3,3.57,,1.43,0,,.429,,86,214	1 serving~28
2472104	B	5	536,7.14,32.1,57.1,536,0,5.36,0,3.6,0,1.43,0,1390,,.35	1 serving~28|1 package~227
2596601	B	5	571,7.14,35.7,53.6,18,0,8.93,0,3.6,0,1.43,0,1390,,0	1 serving~28|1 package~241
2177953	B	12	571,57.1,42.9,0,1500,,14.3,107,,0	1 serving~14|1 package~85
2130952	B	12	571,57.1,42.9,0,1500,,14.3,107,,0	1 serving~14|1 package~142
2308284	B	12	571,57.1,42.9,0,1500,,14.3,107,,0	1 serving~14|1 package~510
2629576	B	5	565,7.07,35.3,53,336,0,8.83,0,3.5,0,1.41,0,1380,,0	1 bag~28.3
2403341	B	5	565,7.07,35.3,53,336,0,8.83,0,3.5,0,0,14,1370,,0	1 bag~28.3|1 package~340
2596580	B	5	571,7.14,39.3,53.6,321,0,8.93,0,3.6,0,1.43,0,1390,,0	1 serving~28|1 package~425
1944089	B	5	429,7.14,8.93,82.1,750,0,1.79,0,3.6,0,1.29,0,,0,,1.79,5.36	1 serving~28|1 package~340
2596621	B	5	393,7.14,5.36,75,1610,0,0,0,3.6,0,1.29,0,0,,0	1 serving~28|1 package~737
2472110	B	5	464,7.14,21.4,57.1,268,0,3.57,0,3.6,0,1.43,0,1390,,.35	1 serving~28|1 package~227
2596602	B	5	500,7.14,25,60.7,429,0,7.14,0,3.6,0,1.79,0,1460,,0	1 serving~28|1 package~241
2403887	B	5	500,7.14,25,60.7,429,0,7.14,0,3.6,0,3.57,18,1480,,0	1 serving~28|1 package~213
2467891	B	5	571,7.14,35.7,53.6,339,0,8.93,0,3.6,0,1.43,0,1250,,.35	1 serving~28|1 package~213
2410410	B	5	571,7.14,35.7,53.6,339,0,8.93,0,3.6,0,0,14,1320,,0	1 serving~28|1 package~269
2472063	B	5	571,7.14,39.3,53.6,321,0,8.93,0,3.6,0,1.43,0,1390,,.35	1 serving~28|1 package~106
2596605	B	5	565,7.07,35.3,53,336,0,8.83,0,3.5,0,1.41,0,1380,,0	1 bag~28.3
2673142	B	5	393,7.14,5.36,75,1610,0,0,0,3.6,0,0,25,107,,0	1 serving~28|1 package~454
2403885	B	5	571,7.14,35.7,53.6,339,0,8.93,0,3.6,0,0,18,1250,,0	1 serving~28|1 package~220
2596577	B	5	571,7.14,35.7,53.6,339,0,8.93,0,3.6,0,1.43,0,1390,,0	1 serving~28|1 package~397
1852470	B	12	536,7.14,25,67.9,893,3.57,7.14,0,3.6,0,2.57,71,,0	1 serving~28|1 package~822
2588763	B	5	467,16.7,20,56.7,1100,6.67,3.33,0,3.3,0,5,67,333,,0	10 pretzels~30|1 package~284
1852471	B	5	500,16.7,23.3,50,1100,6.67,5,0,6.7,0,2.4,0,,0,,10,6.67	10 pretzels~30|1 package~680
2218779	B	0	500,7.14,25,60.7,464,39.3,17.9,0,3.6,0,2.86,71,286,,0	1 serving~28|1 package~170
1908817	B	116	514,17.1,25.7,45.7,629,8.57,4.29,0,2.9,0,3.09,114,,0	1 package~35|1 package~284
2301554	B	12	429,7.14,12.5,71.4,750,3.57,1.79,0,3.6,0,2.57,71,250,,0	1 serving~28|1 package~581
2565576	B	12	429,7.14,12.5,71.4,750,3.57,1.79,0,3.6,0,2.57,71,250,,0	1 serving~28|1 package~581
2155935	B	12	571,50,42.9,0,2430,,14.3,107,,0	1 serving~14|1 package~99.2
2153458	B	12	571,57.1,35.7,0,1640,,10.7,143,,0	1 serving~14|1 package~35.4
1859276	B	12	571,57.1,35.7,0,1500,,10.7,143,,0	1 serving~14|1 package~70.9
1764373	B	12	571,57.1,35.7,0,1790,,10.7,143,,0	1 serving~14|1 package~70.9
2043459	B	5	536,7.14,32.1,50,339,0,7.14,0,3.6,0,1.29,0,1320,21.4,,7.14,17.9,,4.29,0,,.429,,57,143	1 serving~28
2016958	B	5	571,7.14,35.7,53.6,679,3.57,8.93,0,3.6,0,1.29,0,1110,21.4,,7.14,19.6,,5.71,0,,.286,,57,143	1 serving~28
2403888	B	5	536,7.14,32.1,53.6,1070,3.57,8.93,0,3.6,0,3.57,36,1330,,0	1 serving~28|1 package~213
1873617	B	5	536,7.14,32.1,57.1,679,0,8.93,0,3.6,0,1.29,0,1210,21.4,,5.36,16.1,,5.71,0,,.286,,57,143	1 serving~28|1 package~255
2011861	B	5	536,7.14,32.1,50,964,3.57,7.14,0,3.6,0,1.29,0,1040,21.4,,7.14,17.9,,5.71,0,,.286,,57,143	1 serving~28|1 package~99.2
2286598	B	5	527,5.65,35.8,49,847,3.77,9.42,0,3.8,0,1.36,0,1060,22.6,,6.59,18.8,,5.65,0,,.301,,60,151	1 bag~53.1
1859269	B	5	571,7.14,35.7,53.6,643,3.57,8.93,0,3.6,0,1.29,0,1070,21.4,,5.36,17.9,,5.71,0,,.286,,57,143	1 serving~28|1 package~269
1906174	B	5	508,5.65,32,49,1060,1.88,8.47,0,3.8,0,1.36,0,1090,22.6,,5.65,17,,5.65,0,,.301,,60,151	1 bag~53.1
1906206	B	5	508,5.65,32,49,640,3.77,8.47,0,3.8,0,1.36,0,1020,22.6,,5.65,17,,3.77,0,,.301,,60,151	1 bag~53.1
1878101	B	5	536,7.14,32.1,57.1,714,0,8.93,0,3.6,0,1.29,0,1250,21.4,,5.36,16.1,,5.71,0,,.429,,57,143	1 serving~28|1 package~255
1906187	B	5	536,7.14,32.1,50,18,0,7.14,0,3.6,0,1.29,0,1320,21.4,,7.14,17.9,,5.71,0,,.286,,57,143	1 serving~28|1 package~170
1859981	B	5	536,7.14,32.1,53.6,964,3.57,7.14,0,3.6,0,1.29,0,1140,21.4,,7.14,17.9,,4.29,0,,.286,,57,143	1 serving~28|1 package~269
1915243	B	5	536,7.14,32.1,50,786,3.57,7.14,0,3.6,0,1.29,0,1070,21.4,,7.14,17.9,,5.71,0,,.286,,57,143	1 serving~28|1 package~269
1859889	B	5	536,7.14,35.7,50,339,0,8.93,0,3.6,0,1.29,0,1320,21.4,,8.93,17.9,,5.71,0,,.286,,57,143	1 serving~28|1 package~269
2043462	B	5	536,7.14,32.1,60.7,714,0,7.14,0,3.6,0,1.29,0,1210,21.4,,5.36,16.1,,5.71,0,,.286,,57,143	1 serving~28|1 package~81.5
1859263	B	5	536,7.14,32.1,50,929,3.57,7.14,0,3.6,0,1.29,0,1140,21.4,,7.14,17.9,,5.71,0,,.286,,57,143	1 serving~28|1 package~269
2284877	B	5	536,7.14,32.1,53.6,1140,3.57,8.93,0,3.6,0,0,21,1290,,0	1 serving~28|1 package~411
1906170	B	5	527,5.65,35.8,49,603,1.88,9.42,0,3.8,0,1.36,0,1130,22.6,,6.59,18.8,,5.65,0,,.301,,60,151	1 bag~53.1
1859245	B	5	536,7.14,32.1,53.6,536,7.14,7.14,0,3.6,0,1.29,0,1040,21.4,,7.14,17.9,,4.29,0,,.286,,57,143	1 serving~28|1 package~269
2429397	B	5	536,7.14,32.1,53.6,1320,0,8.93,0,3.6,0,0,21,1290,,0	1 serving~28|1 package~74.4
2286599	B	5	571,7.14,39.3,50,321,0,10.7,0,3.6,0,2.57,0,,0,,7.14,21.4	1 serving~28|1 package~70.8
2615653	B	5	571,7.14,39.3,50,321,0,10.7,0,3.6,0,2.57,0,,32.1,,7.14,21.4,0	1 serving~28|1 package~184
1906195	B	0	607,3.57,46.4,42.9,857,10.7,12.5,18,3.6,0,1.29,143,464,0,,7.14,25	1 serving~28|1 package~184
2162270	B	5	357,7.14,3.57,75,1710,3.57,0,0,3.6,0,1.07,0,107,,0	1 serving~28|1 package~454
1859274	B	5	400,10,3.33,80,1330,3.33,0,0,3.3,0,1.2,0,,0	3 pretzels, per container~30|1 package~170
1906575	B	5	429,10.7,5.36,85.7,714,17.9,0,0,7.1,0,6.43,0,,0	1 serving~28|1 package~397
2288163	B	5	393,10.7,3.57,78.6,1680,3.57,0,0,3.6,0,1.29,0,,0	1 serving~28|1 package~1559
2673177	B	5	352,7.04,3.52,77.5,1690,0,0,0,0,0,0,14,99,,0	1 bag~14.2|1 package~567
1859252	B	5	429,10.7,5.36,85.7,714,17.9,0,0,7.1,0,6.43,0,,0	1 serving~28|1 package~397
2433557	B	5	393,7.14,3.57,75,1710,3.57,0,0,3.6,0,0,0,0,,0	1 serving~28|1 package~652
2020555	B	5	429,10.7,7.14,75,786,3.57,0,0,3.6,0,1.29,71,,0	1 serving~28|1 package~340
2135589	B	12	464,10.7,14.3,71.4,1180,3.57,1.79,0,3.6,0,3.86,71,0,,0	1 serving~28|1 package~567
1873620	B	0	467,3.33,23.3,66.7,367,53.3,20,0,3.3,0,0,0,,0	9 puffs~30|1 package~425
2403753	B	5	357,7.14,3.57,75,1070,0,0,0,3.6,0,1.43,36,179,,0	1 serving~28|1 package~340
2390981	B	5	357,7.14,3.57,75,1070,0,0,0,3.6,0,1.43,36,179,,0	1 serving~28|1 package~397
1858342	B	15	182,3.03,15.2,9.09,636,6.06,0,0,3,0,0,61,,0	2 tbsp~33|1 package~425
2565517	B	12	571,7.14,39.3,46.4,1110,7.14,10.7,18,3.6,0,.71,71,321,,0	1 oz per serving~28|1 package~70.9
1974365	B	12	571,3.57,39.3,50,1000,7.14,10.7,0,0,0,.71,0,107,,0	1 serving~28|1 package~113
2565594	B	5	536,7.14,32.1,53.6,1070,3.57,8.93,0,3.6,0,1.79,36,1290,,0	1 serving~28|1 package~220
2565557	B	5	536,7.14,32.1,53.6,1070,3.57,8.93,0,3.6,0,1.79,36,1290,,0	1 serving~28|1 package~241
1998579	B	5	536,7.14,32.1,53.6,607,3.57,8.93,0,3.6,0,1.79,36,1290	1 serving~28|1 package~74.4
2565513	B	5	536,7.14,32.1,53.6,607,3.57,8.93,0,3.6,0,1.79,36,1290,,0	1 serving~28|1 package~227
2565500	B	5	536,7.14,32.1,53.6,607,3.57,8.93,0,3.6,0,1.79,36,1290,,0	1 oz per serving~28|1 package~74.4
2306964	B	5	536,7.14,32.1,53.6,1070,3.57,8.93,0,3.6,0,1.79,36,1290	1 serving~28|1 package~241
1915225	B	5	500,7.14,23.9,64.3,429,0,5.36,0,3.6,0,1.29,0,1320,32.1,,5.36,12.5,,5.71,0,,.286,,57,143	1 serving~28|1 package~269
2403652	B	5	536,7.14,32.1,57.1,393,0,7.14,0,3.6,0,1.43,71,250,,0	1 serving~28|1 package~326
2596595	B	5	536,7.14,32.1,53.6,857,3.57,8.93,0,3.6,0,1.43,71,1210,,0	1 oz per serving~28|1 package~70.9
2565551	B	5	536,7.14,32.1,57.1,750,3.57,8.93,0,3.6,0,1.79,36,1210,,0	1 oz per serving~28|1 package~70.9
1859282	B	5	571,7.14,35.7,50,607,3.57,10.7,0,3.6,0,1.29,0,,0,,7.14,17.9,,2.86,0,,.286,,29,71	1 serving~28|1 package~184
1915229	B	5	565,3.53,35.3,56.5,230,10.6,7.07,0,7.1,0,1.27,71,1130,31.8,,15.9,10.6	1 serving~28.3|1 package~198
2194423	B	5	536,7.14,32.1,53.6,1040,7.14,8.93,0,3.6,0,1.43,0,1210	1 serving~28|1 package~241
2565561	B	5	536,7.14,32.1,53.6,1040,7.14,8.93,0,3.6,0,1.43,0,1210,,0	1 serving~28|1 package~241
2465719	B	5	536,7.14,32.1,53.6,1040,7.14,8.93,0,3.6,0,1.43,0,1210,,.35	1 serving~28|1 package~255
2195035	B	5	536,7.14,32.1,53.6,607,3.57,8.93,0,3.6,0,1.79,36,1250	1 serving~28
2565560	B	5	536,7.14,32.1,53.6,607,3.57,8.93,0,3.6,0,1.79,36,1250,,0	1 serving~28|1 package~241
2565499	B	5	530,7.07,31.8,53,1130,3.53,8.83,0,3.5,0,0,21,1280,,0	1 bag~28.3
2596619	B	5	571,7.14,35.7,53.6,339,0,8.93,0,3.6,0,1.79,0,1320,,0	1 serving~28|1 package~220
1859271	B	5	536,7.14,35.7,50,857,3.57,8.93,0,3.6,0,1.29,0,1070,21.4,,7.14,19.6,,5.71,0,,.286,,57,143	1 serving~28|1 package~184
1906176	B	5	536,7.14,28.6,60.7,536,3.57,7.14,0,3.6,0,1.29,0,1180,21.4,,5.36,16.1,,5.71,0,,.286,,57,143	1 serving~28|1 package~269
1881364	B	5	536,7.14,35.7,50,339,0,8.93,0,3.6,0,1.29,0,1320,21.4,,8.93,17.9,,5.71,0,,.286,,57,143	1 serving~28|1 package~227
1915228	B	5	500,7.14,23.9,64.3,821,3.57,7.14,0,3.6,0,1.29,0,1140,32.1,,5.36,10.7,,5.71,0,,.286,,57,143	1 serving~28|1 package~269
2565612	B	5	536,7.14,32.1,53.6,1070,3.57,8.93,0,3.6,0,1.79,36,1250,,0	1 serving~28|1 package~340
2565575	B	5	536,7.14,32.1,53.6,643,7.14,8.93,0,3.6,0,1.43,36,1290,,0	1 serving~28|1 package~354
1852449	B	2	132,2.94,8.82,11.8,824,2.94,2.94,15,.7,0,0,59,,0	2 tbsp~34|1 package~425
2310334	B	5	536,7.14,28.6,57.1,1140,3.57,5.36,0,3.6,0,1.07,0,1320	1 serving~28|1 package~213
2472108	B	5	536,7.14,28.6,57.1,1210,3.57,5.36,0,3.6,0,1.07,0,1290,,.35	1 serving~28|1 package~227
2403744	B	5	536,7.14,32.1,53.6,929,3.57,8.93,0,3.6,0,0,39,1320,,0	1 serving~28|1 package~81.5
2465730	B	5	536,7.14,32.1,53.6,1140,3.57,8.93,0,3.6,0,1.43,36,1290,,.35	1 serving~28|1 package~255
2565610	B	5	536,7.14,32.1,53.6,1140,3.57,8.93,0,3.6,0,1.43,36,1290,,0	1 serving~28|1 package~354
2010185	B	12	393,10.7,5.36,82.1,1000,14.3,0,0,3.6,0,2.57,0,,0	1 serving~28
1851325	B	5	393,10.7,3.57,82.1,821,0,0,0,3.6,0,1.29,0,,0	1 serving~28|1 package~255
1859014	B	5	429,7.14,8.93,82.1,750,0,1.79,0,3.6,0,1.29,0,,0	1 serving~28|1 package~340
1859348	B	5	571,7.14,39.3,50,321,0,10.7,0,3.6,0,2.57,0,,32.1,,7.14,21.4	1 serving~28|1 package~425
1975134	B	19	194,0,0,50,1110,44.4,0,0,0,0,0,0,0,,0	1 tbsp~18|1 package~624
2275490	B	5	536,7.14,28.6,57.1,857,7.14,5.36,0,3.6,0,1.43,36,1290	1 serving~28|1 package~213
2472107	B	5	536,7.14,28.6,60.7,500,10.7,5.36,0,3.6,0,1.07,0,1250,,.35	1 serving~28|1 package~227
2465721	B	5	536,7.14,28.6,57.1,857,7.14,5.36,0,3.6,0,1.43,36,1290,,.35	1 serving~28|1 package~227
1859278	B	29	513,7.69,25.6,61.5,718,12.8,7.69,0,2.6,0,3.69,154,,0	1 package~39|1 package~312
1859279	B	29	513,10.3,25.6,56.4,769,7.69,5.13,0,2.6,0,3.69,103,,0	1 package~39|1 package~312
2629577	B	5	565,7.07,35.3,53,336,0,8.83,0,3.5,0,1.41,0,1380,,0	1 bag~28.3
2471181	B	5	530,7.07,31.8,53,671,7.07,8.83,0,3.5,0,1.41,35,1340,,.35	1 bag~28.3
2275492	B	5	536,7.14,32.1,53.6,643,7.14,8.93,0,3.6,0,1.43,36,1290	1 serving~28|1 package~354
2565609	B	5	536,7.14,32.1,53.6,643,7.14,8.93,0,3.6,0,1.43,36,1290,,0	1 serving~28|1 package~220
2465722	B	5	536,7.14,32.1,53.6,679,7.14,8.93,0,3.6,0,1.43,36,1360,,.35	1 serving~28|1 package~255
2596622	B	5	357,7.14,0,78.6,1430,0,0,0,3.6,0,1.29,0,0,,0	1 serving~28|1 package~907
2673091	B	5	360,8,0,76,1840,0,0,0,4,0,1.2,0,120,,0	1 pretzel~25|1 package~404
2146236	B	5	357,7.14,3.57,71.4,1180,3.57,0,0,3.6,0,1.07,36,107,,0	1 serving~28|1 package~397
2403767	B	5	357,7.14,0,78.6,1430,0,0,0,3.6,0,0,14,114,,0	1 serving~28|1 package~454
2403758	B	5	393,7.14,5.36,75,1540,0,0,0,3.6,0,0,25,111,,0	1 serving~28|1 package~454
2410415	B	5	393,7.14,5.36,75,1610,0,0,0,3.6,0,0,0,0,,0	1 serving~28|1 package~794
1905012	B	5	393,10.7,3.57,75,1680,3.57,0,0,3.6,,1.29,0,,0	5 prtz /~28|1 package~1474
2310592	B	5	536,7.14,32.1,57.1,500,10.7,8.93,0,3.6,0,1.43,0,1250	1 serving~28|1 package~220
2673090	B	5	393,7.14,3.57,75,1110,3.57,1.79,0,3.6,0,1.43,36,143,,0	1 serving~28|1 package~397
1801001	B	5	393,10.7,3.57,75,1680,3.57,0,0,3.6,0,1.29,0,,0	1 serving~28|1 package~794
1857187	B	15	156,3.12,12.5,9.38,594,3.12,0,16,3.1,0,0,62,,3.8	2 tbsp~32|1 package~425
2673092	B	5	357,7.14,3.57,75,1610,0,0,0,3.6,0,0,18,700,,0	1 serving~28|1 package~454
2164527	B	5	536,7.14,32.1,53.6,786,3.57,8.93,0,3.6,0,1.43,36,1320	1 serving~28|1 package~241
2565507	B	5	536,7.14,32.1,53.6,786,3.57,8.93,0,3.6,0,1.43,36,1320,,0	1 serving~28|1 package~241
2472102	B	5	536,3.57,35.7,60.7,232,14.3,5.36,0,7.1,0,1.07,71,1110,,.35	1 serving~28|1 package~213
2596629	B	12	500,7.14,28.6,57.1,893,3.57,7.14,0,3.6,0,2.5,71,179,,0	1 serving~28|1 package~284
2179247	B	5	429,7.14,14.3,67.9,821,3.57,1.79,0,3.6,0,1.29,0,0,,0	1 serving~28|1 package~510
1873152	B	5	530,7.07,31.8,49.5,1060,3.53,7.07,0,3.5,0,1.27,0,,21.2,,7.07,17.7,,2.83,0,,.283,,28,71	1 serving~28.3
1906172	B	5	393,7.14,3.57,78.6,1710,3.57,0,0,3.6,0,1.29,0,,0	1 serving~28|1 package~110
2403751	B	12	500,7.14,28.6,57.1,893,3.57,7.14,0,3.6,0,2.5,71,179,,0	1 serving~28|1 package~128
2403343	B	12	500,7.14,28.6,57.1,893,3.57,7.14,0,3.6,0,2.5,71,179,,0	1 serving~28|1 package~284
1851269	B	5	500,7.14,25,64.3,429,0,7.14,0,3.6,0,3.86,71,,0,,5.36,12.5	1 serving~28|1 package~312
1944816	B	66	464,7.14,21.4,64.3,429,0,5.36,0,3.6,0,1.29,71,,0,,3.57,10.7	1 serving~28|1 package~113
1878102	B	5	536,7.14,28.6,64.3,607,0,3.57,0,3.6,0,2.57,71,,0,,8.93,16.1	1 serving~28|1 package~85
1858724	B	5	429,7.14,7.14,82.1,375,0,0,0,3.6,0,1.29,71,,0	1 serving~28|1 package~269
1944818	B	5	536,7.14,28.6,67.9,607,3.57,7.14,0,3.6,0,3.86,71,,0,,5.36,16.1,,4.29,0,.364,,114	1 serving~28|1 package~113
1902475	B	5	530,7.07,28.3,63.6,601,0,3.53,0,3.5,0,2.54,71,,0,,8.83,15.9,,2.83,0,.36	1 bag~28.3
1976285	B	5	352,7.04,3.52,70.4,1690,0,0,0,0,0,0,21,99,,0	1 bag~14.2|1 package~496
2629579	B	5	565,7.07,35.3,53,336,0,8.83,0,3.5,0,1.41,0,1380,,0	1 bag~28.3
2551547	B	12	565,7.07,35.3,53,,0,8.83,0,3.5,0,1.41,0,1380,,.35	1 serving~28.3
2588082	B	5	530,7.07,31.8,53,1020,7.07,8.83,0,3.5,0,1.41,0,1270,,0	1 serving~28.3
2629578	B	12	565,7.07,35.3,53,336,0,8.83,0,3.5,0,1.41,0,1380,,0	1 bag~28.3
2653843	B	12	565,7.07,35.3,53,336,0,8.83,0,3.5,0,0,14,1370,,0	1 bag~28.3
1881359	B	5	500,3.57,25,64.3,714,0,3.57,0,3.6,0,0,0,607,0,,14.3,7.14	1 serving~28|1 package~198
2047174	B	5	494,3.53,24.7,63.5,705,0,3.53,0,3.5,0,0,0,600,0,,14.1,7.05	1 bag~56.7
2050436	B	5	423,3.53,17.6,63.5,705,0,1.76,0,0,0,0,0,564,0,,10.6,5.29	1 bag~56.7
1876680	B	5	459,3.53,21.2,63.5,705,0,1.76,0,0,0,0,0,600,0,,12.4,7.05	1 bag~56.7
1873619	B	5	464,3.57,21.4,64.3,714,0,1.79,0,0,0,0,0,607,0,,12.5,7.14	1 serving~28|1 package~198
2596615	B	5	571,7.14,35.7,53.6,750,3.57,10.7,0,3.6,0,1.43,36,1180,,0	1 serving~28|1 package~220
2596589	B	5	571,7.14,35.7,53.6,964,3.57,8.93,0,3.6,0,1.43,71,1210,,0	1 oz per serving~28|1 package~78
2596588	B	5	571,7.14,35.7,53.6,750,3.57,10.7,0,3.6,0,1.43,36,1180,,0	1 oz per serving~28|1 package~78
2596592	B	5	571,7.14,35.7,53.6,339,0,8.93,0,3.6,0,1.43,0,1250,,0	1 oz per serving~28|1 package~78
2596620	B	5	571,7.14,35.7,53.6,339,0,8.93,0,3.6,0,1.43,0,1250,,0	1 serving~28|1 package~220
1859008	B	5	536,7.14,32.1,57.1,857,7.14,7.14,0,3.6,0,1.29,0,1140,21.4,,7.14,17.9,,4.29,0,,.286,,57,143	1 serving~28|1 package~269
1881366	B	5	536,7.14,32.1,57.1,679,0,8.93,0,3.6,0,1.29,0,1210,21.4,,5.36,16.1,,5.71,0,,.286,,57,143	1 serving~28|1 package~81.5
1893289	B	5	536,7.14,32.1,57.1,714,0,8.93,0,3.6,0,1.29,71,1250,21.4,,5.36,16.1,,5.71,0,,.286,,57,143	1 serving~28|1 package~255
1859322	B	5	536,7.14,32.1,57.1,714,0,8.93,0,3.6,0,1.29,0,1250,21.4,,5.36,16.1,,5.71,0,,.429,,57,143	1 serving~28|1 package~81.5
2410412	B	5	536,7.14,32.1,53.6,1320,0,8.93,0,3.6,0,0,21,1290,,0	1 serving~28|1 package~198
1921833	B	12	464,7.14,14.3,71.4,536,3.57,3.57,0,0,0,0,0,,0,,1.79,7.14	1 serving~28|1 package~60.2
2047175	B	12	571,7.14,35.7,57.1,893,7.14,8.93,18,3.6,0,0,143,,0,,7.14,17.9	1 serving~28|1 package~340
2153467	B	12	571,7.14,35.7,57.1,893,7.14,8.93,18,3.6,0,0,143,,0	1 serving~28|1 package~652
2500490	B	12	536,7.14,35.7,50,1110,10.7,8.93,18,0,0,.36,107,286,,0	1 serving~28|1 package~241
2596608	B	12	536,7.14,35.7,50,1110,10.7,8.93,18,0,0,.36,107,286,,0	1 serving~28|1 package~241
2401970	B	12	536,7.14,35.7,50,893,10.7,10.7,18,0,0,.36,107,357,,0	1 serving~28|1 package~340
2403760	B	12	536,7.14,32.1,50,1570,10.7,8.93,18,0,0,1.07,107,357,,0	1 serving~28|1 package~99.2
2387301	B	12	536,7.14,35.7,50,1110,10.7,8.93,18,0,0,0,71,250,,0	1 serving~28|1 package~765
2419611	B	12	524,8.06,32.3,52.4,1030,8.06,9.07,10,2,0,.73,81,141,,0	1 bag~49.6
2565611	B	12	536,7.14,35.7,50,1540,10.7,8.93,18,3.6,0,.36,107,286,,0	1 serving~28|1 package~241
2403755	B	0	607,7.14,46.4,39.3,893,14.3,12.5,18,7.1,0,1.79,179,357,,0	1 serving~28|1 package~70.9
1873621	B	0	500,3.57,17.9,75,393,46.4,14.3,0,0,0,2.57,0,,0	5 pretzels~28|1 package~454
1858349	B	5	500,7.14,25,64.3,357,0,5.36,0,7.1,0,2.57,0,,0,,3.57,14.3	1 serving~28|1 package~482
2403345	B	5	536,7.14,32.1,57.1,429,0,7.14,0,3.6,0,1.43,71,250,,0	1 serving~28|1 package~326
2304051	B	0	500,3.57,21.4,71.4,571,46.4,17.9,0,3.6,0,.36,71,107,,0	1 serving~28|1 package~170
2596585	B	12	500,7.14,28.6,57.1,893,3.57,7.14,0,3.6,0,2.5,71,179,,0	1 serving~28|1 package~284
2423330	B	12	495,7.07,28.3,56.5,883,3.53,7.07,0,3.5,0,2.47,71,177,,0	1 bag~28.3
2432862	B	1	352,7.04,3.52,70.4,1690,0,0,0,0,0,0,21,99,,0	1 bag~14.2|1 package~496
2021961	B	5	500,7.14,25,64.3,429,0,7.14,0,3.6,0,3.86,71,,0,,5.36,12.5	1 serving~28
1881363	B	5	571,7.14,35.7,53.6,893,0,8.93,0,3.6,0,1.29,0,1070,21.4,,7.14,17.9,,5.71,0,,.286,,57,143	1 serving~28|1 package~255
2596586	B	4	429,7.14,14.3,67.9,571,3.57,1.79,0,3.6,0,1.29,0,0,,0	1 serving~28|1 package~595
2402000	B	5	464,7.14,17.9,60.7,1500,0,1.79,0,3.6,0,1.07,36,107,,0	1 serving~28|1 package~397
431656	B	1	543,6.4,31.8,57.8,,52.9,19.8	1 serving~100
363489	B	5	391,8.7,0,78.3,2040,4.35,0,0,4.3,0,0,0,,0	1 prtzl~23
632922	B	5	500,7.14,28.6,57.1,857,7.14,3.57,0,3.6,0,0,21,1160,,0	1 serving~28
489527	B	5	536,7.14,32.1,50,964,3.57,7.14,0,3.6,0,1.29,0,1070,21.4,,7.14,17.9,,5.71,0,,.286,,57,143	1 serving~28
363482	B	5	393,10.7,3.57,75,286,3.57,0,0,3.6,0,1.29,0,,0	1 serving~28
368147	B	5	400,10,3.33,80,1330,3.33,0,0,3.3,0,1.2,0,,0	3 pretzels~30
419387	B	5	536,7.14,32.1,57.1,714,0,8.93,0,3.6,0,1.29,71,1250,21.4,,5.36,16.1,,5.71,0,,.286,,57,143	1 serving~28
2596599	B	5	367,6.67,3.33,73.3,1170,0,0,0,3.3,0,1.2,0,0,,0	3 prtzls~30|1 package~709
1788348	B	24	0,0,0,0,0,0,,,,,,,,,,,,,,,,.563,,,,.85	12 fl oz~355
1908193	B	25	0,0,0,0,0,0,,,,,,,,,,,,,,,,.563,,,,.85	12 fl oz~355
2490954	B	18	60,0,0,14,60,14,,,,,,,,,,,,,2.8,,.476,.48,,,,.6,,.3	8½ fl oz~250
2490943	B	18	48,0,0,10.8,112,10.8,,,,,,,,,,,,,2.8,,.476,.48,,,,.6,,.3	8½ fl oz~250
1627130	B	10	21,0,0,5.06,21,4.22,0,0,0,,0,8,,5.1,,0,0,,1.69,0,.143,.169,,,,.76	8 fl oz~237
1627195	B	10	21,0,0,5.49,21,4.22,0,0,0,0,0,8,,5.1,,,,,1.69,0,.143,.169,,,,.76	8 fl oz~237
1627162	B	10	14,0,0,3.36,18,2.8,,,0,,,,,3.4,,,,,1.12,0,.095,.112,,,,.5	1 can~357
2695320	B	92	21,0,0,4.98,21,4.56,0,0,0,0,0,4,50,4.1,0,,,,1.33,,,.141,,,,.2	1 serving~237
2695406	B	92	21,0,0,4.98,21,4.56,0,0,0,0,.04,4,50,4.1,0,,,,1.33,,,.141,,,,.2	1 serving~237
2695407	B	92	21,0,0,4.98,21,4.56,0,0,0,0,.04,4,50,4.1,0,,,,1.33,,,.141,,,,.2	1 serving~237
2717202	B	92	21,0,0,4.98,19,4.56,0,0,0,0,0,4,50,4.1,0,,,,1.33,,,.141,,,,.2	1 serving~237
2723256	B	92	21,0,0,4.98,25,4.15,0,0,0,0,.08,4,58,4.1,0,,,,1.33,,,.141,,,,.2	1 serving~237
2695941	B	92	15,0,0,3.49,17,2.91,0,0,0,0,0,3,29,2.9,0,,,,.93,,,.099,,,,.14	1 serving~340
2734092	B	92	15,0,0,3.49,17,2.91,0,0,0,0,0,3,29,2.9,0,,,,.93,,,.099,,,,.14	1 serving~340
2695943	B	92	15,0,0,3.49,17,2.91,0,0,0,0,0,3,29,2.9,0,,,,.93,,,.099,,,,.14	1 serving~340
2695944	B	92	15,0,0,3.49,17,2.91,0,0,0,0,0,3,29,2.9,0,,,,.93,,,.099,,,,.14	1 serving~340
2695945	B	92	15,0,0,3.49,17,2.91,0,0,0,0,0,3,29,2.9,0,,,,.93,,,.099,,,,.14	1 serving~340
2695937	B	92	15,0,0,3.49,17,2.91,0,0,0,0,0,3,29,2.9,0,,,,.93,,,.099,,,,.14	1 serving~340
2695312	B	92	15,0,0,3.49,17,2.91,0,0,0,0,.03,3,38,2.9,0,,,,.93,,,.099,,,,.14	1 serving~340
2695317	B	92	15,0,0,3.49,17,2.91,0,0,0,0,.03,3,38,2.9,0,,,,.93,,,.099,,,,.14	1 serving~340
2695939	B	92	15,0,0,3.49,17,2.91,0,0,0,0,0,3,29,2.9,0,,,,.93,,,.099,,,,.14	1 serving~340
2695940	B	92	15,0,0,3.49,17,2.91,0,0,0,0,0,3,29,2.9,0,,,,.93,,,.099,,,,.14	1 serving~340
2742757	B	92	21,0,0,4.98,21,4.56,0,0,0,0,.04,4,50,4.1,0,,,,1.33,,,.141,,,,.2	1 serving~237
1627227	B	10	21,0,0,5.49,25,4.22,0,0,0,0,0,0,,5.1,,,,,1.69,0,.143,.169,,,,.76	8 fl oz~237
2695964	B	92	21,0,0,4.98,17,4.15,0,0,0,0,.04,4,54,,0,,,,1.33,,,.141,,,,.2	1 serving~237
1627356	B	10	21,.83,0,4.15,199,2.9,0,0,.8,0,.15,8,249,7.5,,,,,1.66,0,.141,.166,,,,.75	8 fl oz~241
2519754	B	114	4,0,0,.84,6,.42,0,0,0,0,0,4,13,8.4,0,,,,,,,.143,,,,.2	1 serving~237
2519798	B	114	25,0,0,5.93,17,5.08,0,0,0,0,0,4,64,4.2,0,,,,,,,.144,,,,.2	1 serving~236
2519815	B	114	19,0,0,4.64,21,4.22,0,0,0,0,.04,4,63,4.2,0,,,,,,,,,4,,,,,0	1 serving~237
2519814	B	114	19,0,0,4.64,21,4.22,0,0,0,0,.04,4,63,4.2,0,,,,,,,,,4,,,,,0	1 serving~237
2221383	B	114	19,0,0,4.64,21,4.22,0,0,0,0,.04,4,63,4.2,0,,,,,,,,,4,,,,,0	1 serving~237
2519833	B	114	43,2.86,.71,6,60,3.43,0,0,1.4,0,.37,11,191,5.7,0	1 serving~350
2519834	B	114	40,2.86,.71,5.43,60,2.86,0,0,.9,0,.37,11,183,5.7,0	1 serving~350
2519835	B	114	37,2.86,.71,5.14,54,3.14,0,0,.9,0,.34,11,189,5.7,0	1 serving~350
1594712	B	10	21,.83,0,4.15,199,2.9,0,0,.8,0,.15,8,249,7.5,,,,,1.66,0,.141,.166,,,,.75	8 fl oz~241
1627362	B	10	46,0,0,11.2,29,9.17,0,0,0,0,.15,8,142,25,,,,,,,,,,7	8 fl oz~240
1914581	B	10	21,.42,0,4.17,79,2.92,0,0,.8,0,.3,17,275,2.5	8 fl oz~240|1 package~946
1926675	B	10	21,.59,0,4.12,271,2.65,0,0,.9,0,.21,12,188,30	1 can~340
2717575	B	92	37,.41,0,8.98,37,7.76,0,0,0,0,.08,8,110,8.2,0,,,114,,,,,,,,,.49	1 serving~240
1627156	B	10	21,0,0,5,21,4.17,0,0,0,,0,8,,5,,0,,,1.67,0,.142,.167,,,,.75	8 fl oz~240
2705043	B	92	19,.83,0,3.73,199,2.9,0,0,.4,0,.25,12,187,74.7,0,,,133,,,,,,,,,.58,,,,,,6	1 serving~240
2717071	B	92	29,.41,0,6.56,78,6.15,0,0,0,0,.41,6,246,8.2,0,,,107,,,,,,,,,.49	1 serving~244
1461374	B	114	20,0,0,4.84,24,4.44,0,0,0,0,.08,4,65,4,0,,,,,0,.121,.161,,,,.48	1 serving~248
1455845	B	114	25,.42,0,5.42,46,4.17,0,0,.4,0,.08,12,175,8.3,0	1 serving~240
1461348	B	114	19,.42,0,4.22,21,4.22,0,0,0,0,0,8,80,4.2,0,,,,,0,.127,.169,,,,.51	1 serving~237
1461365	B	114	34,.56,0,7.91,28,6.5,0,0,.3,0,.14,8,119,8.5,0	12 fl oz~354
1461360	B	114	20,0,0,5.24,20,4.44,0,0,0,0,0,4,65,4,0,,,,,0,.121,.161,,,,.48	1 serving~248
1461313	B	114	34,.56,0,7.63,42,6.21,0,0,.3,0,.08,8,116,45.2,0,,,,,,,,,,,,.48	1 serving~354
1461393	B	114	20,.4,0,4.84,20,4.03,0,0,0,0,0,0,65,4,0,,,,,0,.121,.161,,,,.48	1 serving~248
1461403	B	114	17,.85,0,3.67,271,2.82,0,0,.6,0,.23,14,198,31.1,0	1 bottle~354
1461375	B	114	24,.4,0,5.24,24,4.84,0,0,0,0,0,4,56,4,0,,,,,0,.121,.161,,,,.48	1 can~248
1627188	B	10	14,0,0,3.36,17,2.8,,,0,,,6,,3.4,,,,,1.12,0,.095,.112,,,,.67	1 can~357
2695314	B	92	25,.82,0,4.94,432,4.12,0,0,.8,0,.16,6,160,24.7,0	1 serving~236
2695318	B	92	25,.82,0,4.94,432,4.12,0,0,.8,0,.16,6,160,24.7,0	1 serving~236
2731580	B	92	25,.82,0,5.35,436,4.12,0,0,.8,0,.29,12,177,24.7,0	1 serving~236
2695319	B	92	25,.82,0,5.35,436,4.12,0,0,.8,0,.29,12,177,24.7,0	1 serving~236
1455895	B	114	25,.42,0,6.25,46,5.83,0,0,0,0,.12,8,133,8.3,0	1 serving~240
2715799	B	92	37,.41,0,8.57,22,7.35,0,0,0,0,.16,12,143,23.7,0,,,73,,,,,,,,,.57	1 serving~236
2717075	B	92	37,.41,0,8.57,22,7.35,0,0,0,0,.16,12,143,23.7,0,,,73,,,,,,,,,.57	1 serving~236
2715796	B	92	37,.41,0,8.57,22,7.35,0,0,0,0,.16,12,143,23.7,0,,,73,,,,,,,,,.57	1 serving~236
2740311	B	92	21,0,0,4.56,27,4.15,0,0,0,0,.04,4,58,4.1,0,,,,1.33,,,.141,,,,.2	1 serving~237
2737358	B	92	21,0,0,4.56,27,4.15,0,0,0,0,.04,4,58,4.1,0,,,,1.33,,,.141,,,,.2	1 serving~237
2745523	B	92	4,0,0,.84,6,.84,0,0,0,0,0,4,8,8.4,0,,,,1.35,,,.143,,,,.2	1 serving~237
2737364	B	92	20,.29,0,4.91,23,4.34,0,0,0,0,0,6,66,4.3,0,,,,1.33,,,.142,,,,.2	1 serving~340
2737356	B	92	21,0,0,4.98,23,4.15,0,0,0,0,0,4,66,4.1,0,,,,1.33,,,.141,,,,.2	1 serving~237
2737359	B	92	21,0,0,4.98,23,4.15,0,0,0,0,0,4,66,4.1,0,,,,1.33,,,.141,,,,.2	1 serving~237
2737357	B	92	21,0,0,4.98,23,4.15,0,0,0,0,0,4,66,4.1,0,,,,1.33,,,.141,,,,.2	1 serving~237
2737365	B	92	20,0,0,5.19,17,4.61,0,0,0,0,0,6,49,4.3,0,,,,1.33,,,.141,,,,.2	1 serving~341
2737351	B	92	21,0,0,4.98,17,4.56,0,0,0,0,0,4,46,4.1,0,,,,1.33,,,.141,,,,.2	1 serving~237
2737360	B	92	21,0,0,4.98,17,4.56,0,0,0,0,0,4,46,4.1,0,,,,1.33,,,.141,,,,.2	1 serving~237
2737354	B	92	21,0,0,4.98,17,4.56,0,0,0,0,0,4,46,4.1,0,,,,1.33,,,.141,,,,.2	1 serving~237
2740816	B	92	21,0,0,4.98,19,4.15,0,0,0,0,0,4,54,4.1,0,,,,1.33,,,.141,,,,.2	1 serving~237
2740815	B	92	21,0,0,4.98,19,4.15,0,0,0,0,0,4,54,4.1,0,,,,1.33,,,.141,,,,.2	1 serving~237
2737366	B	92	20,.29,0,4.9,26,4.32,0,0,0,0,.09,6,58,4.3,0,,,,1.33,,,.141,,,,.2	1 serving~341
2737352	B	92	21,0,0,4.98,25,4.15,0,0,0,0,.08,4,58,4.1,0,,,,1.33,,,.141,,,,.2	1 serving~237
2737361	B	92	21,0,0,4.98,25,4.15,0,0,0,0,.08,4,58,4.1,0,,,,1.33,,,.141,,,,.2	1 serving~237
2737353	B	92	21,0,0,4.98,25,4.15,0,0,0,0,.08,4,58,4.1,0,,,,1.33,,,.141,,,,.2	1 serving~237
2737363	B	92	21,0,0,4.98,25,4.15,0,0,0,0,.08,4,58,4.1,0,,,,1.33,,,.141,,,,.2	1 serving~237
2740310	B	92	21,0,0,4.98,17,4.56,0,0,0,0,0,4,50,,0,,,,1.33,,,.141,,,,.2	1 serving~237
2737291	B	92	21,0,0,4.98,21,4.56,0,0,0,0,.04,4,50,4.1,0,,,,1.33,,,.141,,,,.2	1 serving~237
2740306	B	92	21,0,0,4.98,21,4.56,0,0,0,0,.04,4,50,4.1,0,,,,1.33,,,.141,,,,.2	1 serving~237
2740307	B	92	21,0,0,4.98,21,4.56,0,0,0,0,.04,4,50,4.1,0,,,,1.33,,,.141,,,,.2	1 serving~237
2737290	B	92	20,0,0,5.19,20,4.61,0,0,0,0,.03,3,52,4.3,0,,,,1.33,,,.141,,,,.2	1 serving~341
2742743	B	92	1,0,0,.29,4,0,0,0,0,0,0,3,0,4.4,0,,,,1.35,,,.144,,,,.2	1 serving~341
2742744	B	92	2,0,0,.42,4,0,0,0,0,0,0,2,0,4.2,0,,,,1.36,,,.144,,,,.2	1 serving~237
2742740	B	92	1,0,0,.29,4,0,0,0,0,0,0,3,0,4.4,0,,,,1.35,,,.144,,,,.2	1 serving~341
2742741	B	92	2,0,0,.42,4,0,0,0,0,0,0,4,0,4.2,0,,,,1.36,,,.144,,,,.2	1 serving~240
2742755	B	92	1,0,0,.29,4,0,0,0,0,0,0,3,0,4.4,0,,,,1.35,,,.144,,,,.2	1 serving~343
2740812	B	92	2,0,0,.42,4,0,0,0,0,0,0,4,0,4.2,0,,,,1.36,,,.144,,,,.2	1 serving~237
2742742	B	92	2,0,0,.42,4,0,0,0,0,0,0,4,0,4.2,0,,,,1.36,,,.144,,,,.2	1 serving~237
2705062	B	92	19,.83,0,3.73,199,2.9,0,0,.8,0,.25,12,187,74.7,0,,,133,,,,,,,,,.46,,,,,,6	1 serving~241
1627124	B	10	21,0,0,5.49,21,4.64,,,,,,,25,4.2,,,,,1.69,0,.127,.169,,,,.51	1 can~237
1663455	B	10	21,0,0,5.49,25,4.22,,,,,.13,8,68,4.2,,,,,1.69,0,.127,.169,,,,.51	1 can~237
1627160	B	10	28,.28,0,7.06,37,6.5,0,0,0,0,0,6,110,25.4	12 fl oz~354
1627181	B	10	25,.42,0,5.42,75,4.58,0,0,.4,0,0,8,104,25	8 fl oz~240
1627243	B	10	25,.56,0,5.63,65,4.51,0,0,.6,0,.1,11,130,25.4	12 fl oz~355
2716139	B	92	25,.82,0,4.94,420,4.12,0,0,.8,0,.33,10,177,24.7,0	1 serving~236
2716138	B	92	25,.82,0,4.94,420,4.12,0,0,.8,0,.33,10,177,,0	1 serving~236
1601712	B	10	25,.55,0,5.79,44,4.41,0,0,.6,0,.3,11,132,24.8	1 bottle~363
1628246	B	10	25,.56,0,5.93,85,4.8,0,0,.3,0,.51,11,161,25.4	12 fl oz~354
2705060	B	92	25,.83,0,5.39,199,2.9,0,0,2.5,0,.33,12,195,29.9,0,,,75	1 serving~240
2211845	B	10	6,0,0,1.46,10,1.25,,,,,,4,27,.2	16 fl oz~480
1627184	B	10	188,0,0,43.8,312,37.5,,,,,,125,844,15	16 fl oz~480
1627216	B	10	188,0,0,43.8,312,37.5,,,,,,125,812,7.5	16 fl oz~480
1627605	B	18	14,0,0,3.64,17,3.08,,,,,,,,3.4,,,,,1.12,0,.095,.112,,,,.5	1 can~357
1628245	B	18	14,0,0,3.64,15,3.08,,,,,,,,3.4,,,,,1.12,0,.095,.112,,,,.5	1 can~357
2519742	B	114	21,0,0,5,21,4.17,0,0,0,0,.04,4,62,8.3,0	1 serving~240
1627152	B	10	21,.83,0,4.17,58,2.92,0,0,.8,0,.15,8,375,30	8 fl oz~240
2705059	B	92	17,.86,0,3.75,58,2.88,0,0,.9,0,.32,14,360,28.8,0,,,75	1 serving~341
2705001	B	92	17,.86,0,3.75,58,2.88,0,0,.9,0,.32,14,360,28.8,0,,,75	1 serving~340
2705076	B	92	17,.86,0,3.75,58,2.88,0,0,.9,0,.32,14,360,28.8,0,,,75	1 serving~340
2705082	B	92	17,.86,0,3.75,58,2.88,0,0,.9,0,.32,14,360,28.8,0,,,75	1 serving~341
2705044	B	92	19,.83,0,3.73,58,2.9,0,0,.4,0,.41,12,353,29.9,0,,,79	1 serving~240
2703836	B	92	19,.83,0,3.73,58,2.9,0,0,.4,0,.41,12,353,29.9,0,,,79	1 serving~240
2705311	B	92	18,.6,0,3.61,57,3.01,0,0,.6,0,.42,12,361,30.1,0,,,78	1 serving~163
2705061	B	92	18,.6,0,3.61,57,3.01,0,0,.6,0,.42,12,361,30.1,0,,,78	1 serving~163
2705036	B	92	19,.83,0,3.73,58,2.9,0,0,.4,0,.41,12,353,29.9,0,,,79	1 serving~240
2705075	B	92	19,.83,0,3.73,58,2.9,0,0,.8,0,.25,12,344,29.9,0,,,75	1 serving~240
2703835	B	92	19,.83,0,3.73,58,2.9,0,0,.8,0,.25,12,344,29.9,0,,,75	1 serving~240
2742739	B	92	12,.41,0,2.9,411,2.07,0,0,.4,0,.17,8,137,24.9,0	1 serving~236
2742754	B	92	12,.41,0,2.9,411,2.07,0,0,.4,0,.17,8,137,24.9,0	1 serving~236
1627346	B	10	14,0,0,3.36,18,2.8,,,0,,,,,3.4,,,,,1.12,0,.095,.112,,,,.5	1 can~357
1593947	B	10	22,.28,0,5.51,28,4.41,0,0,.8,0,.1,11,174,19.8	12 fl oz~363
1627104	B	10	22,.28,0,5.51,28,4.41,0,0,.8,0,.1,11,174,19.8	12 fl oz~363
2705332	B	92	17,.86,0,3.75,265,2.88,0,0,.9,0,.32,14,196,28.8,0,,,75	1 serving~340
2705000	B	92	17,.86,0,3.75,265,2.88,0,0,.9,0,.32,14,196,28.8,0,,,75	1 serving~340
2705080	B	92	17,.86,0,3.75,265,2.88,0,0,.9,0,.32,14,196,28.8,0,,,75	1 serving~340
2705057	B	92	17,.86,0,3.75,265,2.88,0,0,.9,0,.32,14,196,28.8,0,,,75	1 serving~340
2492794	B	114	18,.88,0,3.82,271,2.94,0,0,.9,0,.32,15,200,29.4,0	1 serving~340
2705040	B	92	17,.83,0,3.59,265,2.76,0,0,.8,0,.28,14,193,30.4,0,,,75	1 serving~354
2705039	B	92	17,.83,0,3.59,265,2.76,0,0,.8,0,.28,14,193,30.4,0,,,75	1 serving~354
2717596	B	92	19,.83,0,3.73,266,2.9,0,0,.8,0,.29,17,195,29.9,0,,,75	1 serving~240
2731699	B	92	19,.83,0,3.73,266,2.9,0,0,.8,0,.29,17,195,29.9,0,,,75	1 serving~240
2559213	B	114	19,.83,0,3.75,267,2.92,0,0,.4,0,.21,12,196,30,0,,,75	1 serving~240
2705310	B	92	19,.83,0,3.73,266,2.9,0,0,.4,0,.21,12,195,29.9,0,,,75	1 serving~240
2705077	B	92	18,.6,0,3.61,265,3.01,0,0,.6,0,.18,12,193,30.1,0,,,72	1 serving~163
2705046	B	92	18,.6,0,3.61,265,3.01,0,0,.6,0,.18,12,193,30.1,0,,,72	1 serving~163
2705312	B	92	18,.6,0,3.61,265,3.01,0,0,.6,0,.18,12,193,30.1,0,,,72	1 serving~163
2705035	B	92	18,.6,0,3.61,265,3.01,0,0,.6,0,.18,12,193,30.1,0,,,72	1 serving~166
2559212	B	114	18,.61,0,3.68,270,3.07,0,0,.6,0,.18,12,196,30.7,0,,,74	1 serving~163
2559230	B	114	18,.61,0,3.68,270,3.07,0,0,.6,0,.18,12,196,30.7,0,,,74	1 serving~163
2705049	B	92	19,.83,0,3.73,266,2.9,0,0,.8,0,.29,17,195,29.9,0,,,75	1 serving~240
2731696	B	92	19,.83,0,3.73,266,2.9,0,0,.8,0,.29,17,195,29.9,0,,,75	1 serving~240
2731675	B	92	26,.66,0,5.96,430,3.97,0,0,.7,0,.4,13,179,39.7,0,0,0	1 serving~148
2717570	B	92	37,.41,0,8.98,39,7.35,0,0,0,0,.12,8,114,8.2,0,,,131,,,,,,,,,.49	1 serving~240
2724376	B	92	37,0,0,8.98,37,7.76,0,0,0,0,.08,4,122,23.7,0,,,,,,,,,,,,.57	1 serving~240
2724377	B	92	37,0,0,8.98,37,7.76,0,0,0,0,.08,4,122,23.7,0,,,,,,,,,,,,.57	1 serving~236
2717573	B	92	37,.41,0,8.94,39,7.72,0,0,0,0,.08,8,122,8.1,0,,,114,,,,,,,,,.49	1 serving~240
1627155	B	10	21,0,0,5.42,25,4.17,0,0,0,0,0,0,,5,,,,,1.67,0,.142,.167,,,,.75	8 fl oz~240
1626554	B	13	429,20.4,18.4,46.9,347,26.5,6.12,10,10.2,0,2.2,816,,24.5,,,,,8.16,1,.694,1.22,367,,,4.29,6.12	1 serving~49
1627369	B	13	429,20.4,18.4,46.9,347,26.5,6.12,10,10.2,0,2.2,816,,24.5,,,,,8.16,1,.694,1.22,367,,,4.29,6.12	1 bar~49
1627226	B	13	408,20.4,12.2,53.1,388,32.6,6.12,10,10.2,0,3.67,816,,24.5,,,,,8.16,1,.694,1.22,367,,,4.29,6.12	1 bar~49
1627350	B	13	380,20,10,52,320,28,6,10,10,0,2.16,1000,,24,,,,,8,1,.68,1.2,360,,,4.2,6	1 bar~50
1662919	B	59	68,4.05,1.01,10.8,54,8.45,.17,2,1,0,.91,169,,6.1,1.02,,,,.676,0,.057,.068,,,,.3,,,,,,4.1	1 bottle~296
1726709	B	59	68,4.05,1.01,10.8,54,8.45,.17,2,1,0,.91,169,,6.1,1.02,,,,.676,0,.057,.068,27,,,.3,,,,,,4.1	1 bottle~296
1726708	B	59	71,4.05,1.01,11.5,54,9.46,.17,2,1,0,1.22,135,,6.1,1.02,,,,.676,0,.057,.068,27,,,.3,,,,,,4.1	1 bottle~296
1726710	B	59	64,4.05,.84,10.5,47,8.11,0,2,1,0,.49,169,,6.1,1.02,,,,.676,0,.057,.068,27,,,.3,,,,,,4.1	1 bottle~296
1627167	B	10	31,.28,0,7.63,35,6.5,0,0,0,0,.1,6,93,25.4	12 fl oz~354
2705052	B	92	17,.86,0,3.46,265,2.88,0,0,.6,0,.2,12,193,28.8,0,,,75	1 serving~341
2705079	B	92	17,.86,0,3.46,265,2.88,0,0,.6,0,.2,12,193,28.8,0,,,75	1 serving~341
2705041	B	92	17,.83,0,3.59,265,2.76,0,0,.8,0,.28,14,193,30.4,0,,,75	1 serving~355
2737348	B	92	19,.83,0,3.73,266,2.9,0,0,.8,0,.29,12,195,29.9,0,,,75	1 serving~240
2650053	B	114	19,.83,0,3.75,267,2.92,0,0,.8,0,.29,12,196,30,0,,,75	1 serving~240
2705034	B	92	18,.6,0,3.61,265,3.01,0,0,.6,0,.24,12,193,30.1,0,,,72	1 serving~163
2519715	B	114	18,.61,0,3.68,270,3.07,0,0,.6,0,.25,12,196,30.7,0	1 serving~163
2705072	B	92	19,.83,0,3.73,266,2.9,0,0,.8,0,.29,12,195,29.9,0,,,75	1 serving~240
2746993	B	92	17,0,0,3.89,6,3.61,0,0,0,0,0,3,6,5.6,0,,,,.667,,,.072,,,,.08	1 serving~355
2745926	B	92	17,0,0,3.96,6,3.75,0,0,0,0,0,4,6,6.9,0,,,,.729,,,.079,,,,.11	amount/serving~473
2742364	B	92	17,0,0,4.17,6,3.75,0,0,0,0,0,4,8,4.2,0,,,,.667,,,.083,,,,.1	1 serving~240
2746981	B	92	17,0,0,4.17,6,3.75,0,0,0,0,0,4,8,4.2,0,,,,.667,,,.083,,,,.1	1 serving~240
2696011	B	92	17,0,0,3.89,6,3.61,0,0,0,0,0,3,6,5.6,0,,,,.667,,,.072,,,,.08	1 serving~355
1461377	B	114	31,0,0,7.63,7,7.34,0,0,0,0,.14,8,8,4.2,0,,,,,,,.085,,,,.11	1 bottle~354
1455887	B	114	25,0,0,6.67,6,5.83,0,0,0,0,0,4,8,4.2,0,,,,,,,.083,,,,.08	1 serving~240
1455865	B	114	29,0,0,7.5,8,7.08,0,0,0,0,0,4,8,4.2,0,,,,.667,,,.083,,,,.08	1 serving~240
1461340	B	114	31,0,0,7.63,6,7.06,0,0,0,0,.08,6,8,4.2,0,,,,,,,.085,,,,.11	1 bottle~354
2695797	B	92	16,0,0,4.12,6,3.7,0,0,0,0,0,4,8,4.1,0,,,,.658,,,.082,,,,.11	1 serving~240
2745568	B	92	2,0,0,.42,8,.42,0,0,0,0,.08,0,42,4.2,0,,,,.675,,,.084,,,,.08	1 serving~240
2745925	B	92	2,0,0,.42,8,.42,0,0,0,0,.08,8,42,4.2,0,,,,.675,,,.084,,,,.08	1 serving~240
2742349	B	92	16,0,0,4.12,6,3.7,0,0,0,0,0,4,8,4.1,0,,,,.658,,,.082,,,,.1	1 serving~240
2695732	B	92	17,0,0,3.96,6,3.75,0,0,0,0,0,4,10,4.2,0,,,,.667,,,.071,,,,.1	amount/serving~473
2695969	B	92	16,0,0,4.12,6,3.7,0,0,0,0,0,4,8,4.1,0,,,,.658,,,.082,,,,.1	1 serving~240
2745519	B	92	16,0,0,4.12,6,3.7,0,0,0,0,0,4,8,4.1,0,,,,.658,,,.082,,,,.1	1 serving~240
2745937	B	92	17,0,0,3.89,7,3.61,0,0,0,0,.08,0,8,5.6,0,,,,.667,,,.072,,,,.08	1 serving~355
2745548	B	92	16,0,0,4.12,6,3.7,0,0,0,0,0,0,8,4.1,0,,,,.658,,,.082,,,,.1	1 serving~240
2696127	B	92	16,0,0,3.92,6,3.71,0,0,0,0,.02,4,10,4.1,0,,,,.66,,,.062,,,,.1	amount/serving~473
2731683	B	92	16,0,0,4.12,6,3.7,0,0,0,0,0,0,8,4.1,0,,,,.658,,,.082,,,,.1	1 serving~240
2742354	B	92	16,0,0,4.12,6,3.7,0,0,0,0,0,4,8,4.1,0,,,,.658,,,.082,,,,.1	1 serving~240
2745571	B	92	16,0,0,4.12,6,3.7,0,0,0,0,0,4,12,4.1,0,,,,.658,,,.082,,,,.1	1 serving~240
2695731	B	92	17,0,0,4.17,6,3.75,0,0,0,0,0,4,10,4.2,0,,,,.667,,,.083,,,,.1	amount/serving~473
2336754	B	114	21,0,0,5.42,6,5,0,0,0,0,0,4,4,4.2,0	1 serving~240
2746977	B	92	17,0,0,3.89,7,3.61,0,0,0,0,0,3,8,4.2,0,,,,.722,,,.075,,,,.11	1 serving~354
2746985	B	92	17,0,0,3.89,7,3.61,0,0,0,0,0,3,8,4.2,0,,,,.722,,,.075,,,,.11	1 serving~344
2745573	B	92	16,0,0,4.12,6,3.7,0,0,0,0,0,4,8,4.1,0,,,,.658,,,.082,,,,.1	1 serving~240
2745572	B	92	16,0,0,4.12,6,3.7,0,0,0,0,0,4,8,4.1,0,,,,.658,,,.082,,,,.1	1 serving~240
2696292	B	92	17,0,0,3.89,7,3.61,0,0,0,0,0,3,8,4.2,0,,,,.722,,,.075,,,,.11	1 serving~354
2696282	B	92	17,0,0,3.89,7,3.61,0,0,0,0,0,3,8,4.2,0,,,,.722,,,.075,,,,.11	1 serving~354
2696010	B	92	16,0,0,4.12,4,3.85,0,0,0,0,0,3,8,4.1,0,,,,.659,,,.071,,,,.11	1 serving~354
2695730	B	92	16,0,0,4.12,8,3.71,0,0,0,0,0,4,8,3.1,0,,,,.66,,,.07,,,,.1	amount/serving~473
2723253	B	92	16,0,0,4.12,6,3.7,0,0,0,0,0,4,8,4.1,0,,,,.658,,,.082,,,,.1	1 serving~240
2731684	B	92	16,0,0,4.12,6,3.7,0,0,0,0,0,4,8,4.1,0,,,,.658,,,.082,,,,.1	1 serving~240
2717317	B	92	29,0,0,7.02,12,6.61,0,0,0,0,.08,4,17,4.1,0,,,41,.661,,,.083,,,,.1	1 serving~240
2724076	B	92	29,0,0,7.02,12,6.61,0,0,0,0,.08,4,17,4.1,0,,,41,.661,,,.083,,,,.1	1 serving~240
2745936	B	92	16,0,0,4.12,6,3.7,0,0,0,0,0,4,8,4.1,0,,,,.658,,,.082,,,,.1	1 serving~240
1627619	B	10	33,0,0,8.33,8,7.5,,,,,,,,25	8 fl oz~240
1627050	B	18	33,0,0,8.75,6,7.5,,,,,,,,5	8 fl oz~240
1627618	B	10	34,0,0,8.47,8,7.63,,,,,,,,25.4	12 fl oz~354
2717569	B	92	37,.41,0,8.98,37,7.35,0,0,0,0,.08,4,114,8.2,0,,,131,,,,,,,,,.49	1 serving~240
2717055	B	92	37,.41,0,8.98,37,7.35,0,0,0,0,.08,4,114,8.2,0,,,131,,,,,,,,,.49	1 serving~236
2715797	B	92	37,.41,0,8.98,37,7.35,0,0,0,0,.08,4,114,8.2,0,,,131,,,,,,,,,.49	1 serving~236
1611529	B	10	31,0,0,7.91,4,7.06,,,,,,0,,16.9	12 fl oz~354
1461359	B	162	45,0,0,10.9,32,9.31,0,0,0,0,.24,12,81,8.1,0	1 can~247
1455812	B	114	46,.42,0,11.2,31,10,0,0,0,0,.25,12,96,8.3,0	1 serving~240
1596695	B	10	42,0,0,10.4,10,10,0,0,0,0,0,8,35,25	8 fl oz~240
1625248	B	18	21,0,0,5.49,21,4.22,0,0,0,0,.15,8,72,25.3,,,,,1.69,0,.215,.338,,,,1.52	8 fl oz~237
1627114	B	10	42,0,0,10.4,27,9.17,,,,,.15,8,121,25,,,,,,,,,,7	8 fl oz~240
1626480	B	10	50,.42,0,11.7,38,10.4,0,0,0,0,.3,17,142,25	8 fl oz~240
1627348	B	10	47,.29,0,11.8,29,10,0,0,0,0,.11,6,144,17.6	11½ fl oz~340
1926789	B	10	46,0,0,11.8,30,9.28,,,,,.15,8,143,25.3,,,,,,,,,,10	8 fl oz~237|1 package~1400
1613064	B	10	42,0,0,10.8,8,10.4,0,0,0,0,0,8,38,25	8 fl oz~240
1627165	B	10	34,.28,0,7.91,28,6.78,0,0,0,0,.1,6,82,25.4	12 fl oz~354
1627175	B	10	21,.42,0,5,271,3.75,0,0,.4,0,.3,8,112,25	8 fl oz~240
1627337	B	10	42,0,0,10.6,40,9.28,,,,,.15,8,93,25.3,,,,,,,,,,7	8 fl oz~237
1627205	B	10	14,0,0,3.64,17,2.8,,,0,,,6,,3.4,,,,,1.12,0,.095,.112,,,,.5	1 can~357
1626505	B	10	29,0,0,7.5,6,6.67,,,,,,,8,25	8 fl oz~240
1619319	B	10	33,0,0,8.33,8,7.5,,,,,,,8,25	8 fl oz~240
1618154	B	10	29,0,0,7.5,6,6.67,,,,,,,8,25	8 fl oz~240
1595646	B	10	29,0,0,7.5,6,6.67,,,,,,,15,25	8 fl oz~240
1602120	B	10	33,0,0,7.92,10,7.08,,,,,,,12,25	8 fl oz~240
1627048	B	10	33,0,0,8.33,4,7.92,,,,,,,4,25	8 fl oz~240
1627207	B	10	33,0,0,8.33,4,7.5,,,,,,,4,25	8 fl oz~240
1618164	B	10	29,0,0,7.5,6,6.67,,,,,,,15,25	8 fl oz~240
1602123	B	10	33,0,0,7.92,4,7.5,,,.4,,,,,5	8 fl oz~240
2501880	B	10	21,0,0,5.42,6,4.58,,,,,,,,4.2,,,,,.667,,,.083,,,,.1	8 fl oz~240|1 package~1890
1592380	B	10	29,0,0,7.5,6,6.67,,,,,,,15,25	8 fl oz~240
2652222	B	12	321,53.6,10.7,0,1540,0,0,121,0,0,3.57,0,0,,0	1 serving~28|1 package~57
2652646	B	12	321,53.6,10.7,0,1540,0,0,121,0,0,3.57,0,0,,0	1 serving~28|1 package~57
2274281	B	12	321,53.6,10.7,0,1540,0,1.43,121,0,0,3.57,0,679,,0	1 serving~28|1 package~57
2671056	B	6	235,7.06,1.18,45.9,553,0,0,0,1.2,0,3.18,24,,5.6,,,,0	1 grinder~85|1 package~510
2154557	B	22	250,2.5,0,62.5,0,52.5,0,0,7.5,0,2.7,50,,0	¼ cup /~40|1 package~170
1968350	B	22	250,2.5,0,62.5,0,42.5,0,0,7.5,0,4.5,50,,6	2 pieces~40|1 package~170
1968349	B	1	375,0,0,90,138,75,0,0,2.5,0,1.8,150,,0	6 pieces /~40|1 package~198
2088964	B	22	275,2.5,0,70,88,57.5,0,0,5,0,1.8,50,475,3	1 serving~40
1968352	B	22	250,0,0,70,100,60,0,0,10,0,1.8,0,,15	6 pieces~40|1 package~142
1968348	B	22	350,0,0,85,175,75,0,0,2.5,0,.9,100,,3	3 pieces /~40|1 package~170
2121075	B	9	400,2.5,15,65,388,46.2,4.38,62,1.2,0,2.25,50,,0	2 cakes~80|1 package~318
1885117	B	9	463,1.85,22.2,64.8,426,50,14.8,28,0,0,1.33,37,,0	1 cake~54|1 package~324
1885119	B	9	452,4.76,19,66.7,381,47.6,2.38,48,2.4,0,1.71,0,,0	1 brownie~42|1 package~250
2627578	B	4	507,2.99,26.9,62.7,60,32.8,13.4,0,3,0,9.85,0,0,,0,,,,3.58,0,.406,,299	6 wafers~33.5|1 package~100
2630403	B	26	290,11.6,18.8,17.4,565,1.45,5.07,43,0,0,0,0,217,,0	2 tenders~69|1 package~680
1035889	B	7	200,2.5,16.2,10,638,1.25,1.25,0,2.5,0,.45,50,,0	1/3 cup~80
453829	B	2	286,14.3,21.4,3.57,964,0,14.3,71,0,0,0,357,,0	1 serving~28
1033217	B	2	250,14.3,21.4,0,1070,0,16.1,71,0,0,0,185,,,0	1 serving~28
2072614	B	41	800,0,93.3,0,0,0,13.3,0,0,0,0,0,,0,,66.7,13.3	1 tbsp~15|1 package~503
1910666	B	10	38,.21,0,8.33,0,7.92,0,0,,0	8 fl oz~240|1 package~750
1946271	B	10	38,.21,0,8.33,0,7.92,0,0,,0	8 fl oz~240|1 package~750
1909441	B	10	38,.21,0,8.33,0,7.92,0,0,,0	8 fl oz~240|1 package~750
2246081	B	4	500,4.17,29.2,54.2,125,45.8,12.5,0,0,0,0,167,333,,0	1 piece~24|1 package~216
2670947	B	88	216,6.4,2.8,43.2,632,.8,.4,0,0,0,1.44,160,,0,,,,0	8 inch diam 1/8" thick~125
2256001	B	25	6,0,0,1.67,4,.83	8 fl oz~240|1 package~473
2244461	B	25	6,0,0,1.67,4,.83	8 fl oz~240|1 package~473
2242808	B	25	6,0,0,1.25,4,.42,,0	8 fl oz~240|1 package~480
2617089	B	35	0,0,0,0,1280,,,,,,,,,,,,,720	1 tsp~5|1 package~1005
2009833	B	11	0,0,0,0,15000	½ tsp~1|1 package~140
2677746	B	15	0,0,0,0,1280,,,,,,,,,,,,,360	1 tsp~5|1 package~1000
1937164	B	15	0,0,0,0,1280	1 tsp~5|1 package~1000
2630998	B	29	507,6.67,26.7,60,933,3.33,3.33,7,3.3,0,0,27,153,,3	3 units~30|1 package~150
2496985	B	1	536,3.57,28.6,64.3,71,60.7,25,0,0,0,3.57,107,429,,0	3 pieces~28|1 package~848
2671024	B	3	247,4.3,12.9,28,81,21.5,7.53,38,1.1,0,0,140,174,,1	2/3 cup~93|1 package~1410
2631433	B	3	124,1.12,1.69,25.8,39,25.8,1.12,0,0,0,0,56,146,,0	1 bar~89|1 package~355
2511803	B	3	135,1.12,2.25,27,22,25.8,1.12,6,1.1,0,.79,0,0,,0	1 bar~89|1 package~355
1931222	B	3	188,3.12,10.9,21.9,78,21.9,7.81,47,0,0,0,125,,0	½ cup~64|1 package~3780
2671026	B	3	222,4.44,12.2,25.6,56,20,7.78,44,0,0,0,137,180,,1	2/3 cup~90|1 package~1410
2511801	B	3	120,3.26,1.09,29.4,125,10.9,.54,5,6.5,0,0,121,204,,0	2/3 cup~92|1 package~1410
2511802	B	3	124,1.12,2.25,25.8,17,25.8,1.12,6,0,0,0,0,0,,0	1 bar~89
1928420	B	3	188,3.12,9.38,23.4,78,23.4,6.25,39,0,0,0,125,,0	½ cup~64|1 package~3780
2511800	B	3	222,4.44,12.2,25.6,56,20,7.78,44,0,0,0,137,179,,1.1	2/3 cup~90|1 package~1410
2485743	B	3	222,4.44,12.2,25.6,56,20,7.78,44,0,0,0,137,180,,1.1	2/3 cup~90|1 package~1410
1924069	B	3	220,4.88,12.2,23.2,49,22,7.32,43,2.4,0,3.29,122,,0	½ cup~82|1 package~1410
1944435	B	3	262,3.08,12.3,33.8,54,29.2,9.23,31,1.5,0,0,92,,0	½ cup~65|1 package~1410
1924550	B	3	235,3.06,11.2,30.6,51,24.5,9.18,41,0,0,0,102,,0	½ cup~98|1 package~1410
1924259	B	3	232,3.66,12.2,26.8,43,20.7,8.54,24,1.2,0,.44,98,,4.4	½ cup~82|1 package~1410
2447338	B	3	231,4.4,11,27.5,55,20.9,7.69,38,0,0,0,129,181,,0	2/3 cup~91|1 package~1410
2511804	B	3	189,3.33,10,24.4,78,21.1,6.67,39,0,0,0,109,216,,0	2/3 cup~90|1 package~3780
2448481	B	4	380,10,10,60,50,25,2.5,60,5,0,.5,100	1 biscuit~20|1 package~250
2497027	B	9	487,7.23,24.1,60.2,120,22.9,14.5,72,1.2,0,3.01,149	.17 of cake~83|1 package~500
2497026	B	9	335,2.41,16.9,42.2,140,18.1,9.64,36,2.4,0,2.41,135	.17 cake~83|1 package~500
2461522	B	9	384,7.23,15.7,51.8,120,24.1,10.8,54,3.6,0,3.01,149,287,,1.2	.08 of~83|1 package~1000
2451694	B	9	373,7.23,14.5,53,120,28.9,8.43,61,2.4,0,3.01,149,287	.08 of~83|1 package~1000
2054330	B	9	386,7.23,16.9,50.6,114,21.7,9.64,48,2.4,0,.87,48,,0	.08 of cake~83|1 package~1000
2461521	B	9	388,7.23,16.9,50.6,120,21.7,9.64,48,2.4,0,2.41,0,287,,1.2	.08 of~83|1 package~1000
2484910	B	9	388,7.23,16.9,50.6,120,21.7,9.64,48,2.4,0,3.01,149,287,,1.2	.08 of~83|1 package~1000
2671071	B	21	156,7.8,5.85,16.6,346,2.93,2.93,20,2.4,0,.98,71,104,,0	1 cup~205|1 package~921
2273447	B	32	75,1.67,.83,13.3,700,10,0,0,1.7,0,1.67,27,515,,0	¼ cup~60|1 package~397
2270861	B	23	467,0,46.7,13.3,767,10,6.67,17,0,0,0,27,83	2 tbsp~30|1 package~354
2420674	B	15	64,4,4,3,680,1,2,14,0,,0,200,,0	½ cup~100|1 package~454
2629353	B	68	94,8.5,0,15,220,0,0,0,9,0,2.7,40,,0,,,,0	½ cup~100|1 package~908
2511799	B	37	66,2,2,10,460,2,0,0,5,0,,20,,0	½ cup~100|1 package~454
2626326	B	39	83,3.33,3.33,10.4,88,10,2.08,12,.4,0,.3,125,,1,2,,,22	1 cup~240|1 package~946
2506574	B	39	50,3.75,1.46,5.83,142,5.83,1.04,8,0,0,0,,,1,1.05	1 cup~240|1 package~946
2218135	B	20	229,11.2,5.29,31.8,329,1.18,2.35,62,2.9,0,3.71,59,,0	1 serving~170|1 package~340
2195325	B	16	200,6.47,4.71,25.3,347,1.76,,41,2.4,0,2.12,88,,7.1	1 serving~170|1 package~340
2069659	B	107	65,1.18,2.94,7.65,271,4.12,.29,,1.2,,0,176,,15.9	¾ cup~170|1 package~946
2486406	B	16	212,10.6,5.88,27.1,335,1.18,3.53,68,1.8,0,1.94,,59,,.35	1 serving~170|1 package~340
2439873	B	45	169,11.2,8.75,11.2,169,0,0,0,5,,1.35,25,,0	½ cup~80|1 package~425
2058441	B	67	565,9.86,25.4,50.7,,,,,0,,0,0,,0	1 serving~71|1 package~397
1918202	B	6	256,9.3,6.98,46.5,512,0,3.49,0,7,0,2.51,233,,0	1 serving~43|1 package~340
2154957	B	27	375,12.5,33.9,3.57,768,3.57,12.5,71,0,,.64,36,,4.3	1 serving~56|1 package~567
2193240	B	27	375,12.5,33.9,3.57,768,0,12.5,71,0,,.64,36,,0	1 serving~56|1 package~340
2467037	B	39	158,5,7.5,19.2,92,18.3,4.17,46,0,0,0,158,133,,0	½ cup~120|1 package~946
2401703	B	48	268,25,16.1,3.57,804,1.79,6.25,71,1.8,0,1.93,36,0,,0	1 serving~56|1 package~680
2109873	B	27	321,14.3,28.6,3.57,1610,3.57,8.93,45,0,0,1.29,71,,0	1 serving~56|1 package~680
2311387	B	27	375,12.5,33.9,3.57,768,0,12.5,71,0,,.64,36,,0	2 . oz~56|1 package~340
1458288	B	115	134,17.9,6.25,.89,71,0,2.23,76,0,0,2.41,11,268,5.8,,0,0	1 serving~112
2443059	B	2	393,25,32.1,3.57,607,,17.9,107,0,0,0,714,,0	1 serving~28|1 package~198
2442722	B	2	393,25,32.1,3.57,643,,21.4,107,0,0,0,714,,0	1 serving~28|1 package~198
2443034	B	2	357,25,28.6,0,607,,17.9,107,0,0,0,714,,0	1 serving~28|1 package~198
2442702	B	2	393,25,32.1,0,643,,21.4,107,0,0,0,714,,0	1 serving~28|1 package~198
2442632	B	2	393,25,35.7,3.57,482,,25,107,0,0,0,714,,0	1 serving~28|1 package~198
2442652	B	2	357,28.6,25,3.57,304,,16.1,89,0,0,0,893,,0	1 serving~28|1 package~198
2442767	B	2	357,28.6,28.6,3.57,214,,17.9,89,0,0,0,893,,0	1 serving~28|1 package~198
2442877	B	2	357,25,28.6,0,607,,17.9,107,0,0,0,714,,0	1 serving~28|1 package~198
1871037	B	112	80,16.1,1.79,0,464,0,0,45,0,0,0,0,,0	1 serving~56|1 package~142
2022648	B	112	80,16.1,1.79,0,375,0,0,62,0,0,0,0,,0	1 serving~56|1 package~283
2598621	B	112	95,15.5,3.57,0,357,0,1.19,65,0,0,0,0,226,,0	1 serving~84|1 package~284
2616712	B	112	80,16.1,1.79,0,375,0,0,62,0,0,0,0,,0,,,,0	1 serving~56|1 package~284
1857129	B	112	80,16.1,1.79,0,375,0,0,62,0,0,0,0,,0	1 serving~56|1 package~567
2098814	B	112	80,16.1,1.79,0,464,0,0,62,0,0,0,0,,0	1 serving~56|1 package~1130
2657567	B	112	77,14.8,1.76,0,352,0,.35,60,0,0,.28,0,268,,0	1 can~142
1920499	B	112	89,17.9,1.79,0,375,0,0,54,0,0,0,0,,0	1 serving~56|1 package~283
1871033	B	112	107,16.1,3.57,0,339,0,1.79,89,0,0,0,0,,0	1 serving~56|1 package~283
1926864	B	112	89,16.1,2.68,0,464,0,0,54,0,0,0,0,,0	1 serving~56|1 package~142
1547809	B	20	74,2.03,0,17.6,0,.68,0,0,1.4,0,.73,14,419,18.2,,,,,1.08,0,.023,.135,16,16,41,,.2,,,.054	1 medium potatoes~148
2631279	B	25	15,0,0,2.54,0,2.54	8 fl oz~236|1 package~473
2306946	B	25	15,0,0,2.54,0,2.54	8 fl oz~236|1 package~473
2094105	B	29	367,13.3,5,76.7,500,6.67,0,0,3.3,0,4.8,0,,0,,0,0,,6.67,1,.567,,200	1 serving~30
1997044	B	29	367,10,3.33,80,383,20,0,0,6.7,0,5,67,133,,0	7 crackers~30|1 package~128
1903084	B	29	367,13.3,5,76.7,500,6.67,0,0,3.3,0,4.8,0,,0	1 serving~30|1 package~85
2676234	B	29	379,13.8,3.45,75.9,793,6.9,0,0,3.4,0,4.14,0,138,,0	21 crackers~29|1 package~128
2012046	B	29	367,13.3,5,76.7,500,6.67,0,0,3.3,0,4.8,0,,0	1 serving~30|1 package~128
1859978	B	29	367,13.3,3.33,76.7,533,10,0,0,3.3,0,4.8,0,,0,,1.67,0,,5.33,1,.453,,133	1 serving~30|1 package~128
2642397	B	29	367,13.3,5,76.7,500,6.67,1.67,0,3.3,0,4.33,33,167,,0	8 crackers~30|1 package~128
2416307	B	27	264,17.6,20.9,1.1,879,1.1,7.69,73,0,0,.99,77,,0	1 link~91|1 package~2268
2275561	B	27	321,17.9,25,3.57,1610,3.57,10.7,71,0,0,1.29,143,,0	1 ounce~28|1 package~680
2300118	B	27	264,17.6,20.9,1.1,879,,7.69,73,0,0,.99,77,,0	1 link~91|1 package~454
2266047	B	27	268,17.9,21.4,3.57,893,3.57,7.14,75,0,0,1.29,71,,0	1 serving~28|1 package~454
2402014	B	0	536,10.7,32.1,57.1,500,0,25,0,10.7,0,0,0,0,0,0	1 serving~28|1 package~56.7
2402020	B	0	464,10.7,25,57.1,375,0,21.4,0,10.7,0,0,0,0,0,0	1 serving~28|1 package~516
2402029	B	0	571,10.7,42.9,39.3,482,3.57,35.7,18,7.1,,1.29,71,,0	1 serving~28|1 package~156
1877630	B	0	571,10.7,42.9,39.3,482,3.57,35.7,18,7.1,0,1.29,71,,0	1 serving~28|1 package~142
1902677	B	20	518,7.14,28.6,67.9,500,21.4,17.9,14,7.1,0,2.57,36,,0	1 serving~28|1 package~170
2440248	B	0	438,12.5,25,50,688,12.5,18.8,0,12.5,,0,0,,0	1 cup~8|1 package~184
2440434	B	0	438,12.5,25,50,688,12.5,18.8,0,12.5,,0,0,,0	1 cup~8|1 package~184
2417213	B	84	100,0,0,80,0,80,0,0,0,0,0,0,,0	1 tbsp~5|1 package~119
526954	B	96	143,2.38,4.76,23.8,24,1.19,.6,0,2.4,0,.43,0,417,7.1	1 serving~84
2628812	B	17	101,6,5,10,46,6,4,19,0,0,0,193,,,0	1 jar~150
2539348	B	17	101,6,5,10,46,6,4,19,0,0,0,193,,,0	1 jar~150
2628813	B	17	103,6,5,10,48,6.67,4,19,0,0,0,193,,,0	1 jar~150
2375749	B	9	543,2.86,27.1,72.9,329,58.6,11.4,21,2.9,0,2.06,37,0,,0,0,0	1 each~70|1 package~142
2631049	B	9	280,2,13.3,39.3,193,18,7.33,0,2,0,.72,0,47,,0	1 slice~150|1 package~1085
2046488	B	8	571,7.14,32.1,60.7,71,57.1,21.4,18,0,0,0,0,,0	1 serving~28|1 package~70.9
2038789	B	8	485,9.09,30.3,54.6,76,36.4,18.2,0,12.1,0,12.6,0,,0	1/3 bar~33
2046454	B	8	548,9.52,40.5,47.6,24,35.7,16.7,0,9.5,0,2.57,95,,0	.17 bar~42
2085400	B	8	485,9.09,30.3,54.6,76,36.4,18.2,0,12.1,0,12.6,0,,0	1/3 bar~33|1 package~99
958311	B	8	515,12.1,36.4,48.5,45,30.3,24.2,0,15.2,0,14.7,61,,0	1/3 bar~33
2032092	B	8	515,12.1,36.4,48.5,45,30.3,24.2,0,15.2,0,14.7,61,,0	1/3 bar~33|1 package~100
2051548	B	1	350,0,0,90,100,70,0,0,0,,0,0,,0	36 pieces~40
411006	B	8	545,9.09,36.4,48.5,121,42.4,18.2,15,6.1,0,1.64,212,,0	1/3 bar~33
411007	B	8	548,9.52,38.1,47.6,119,40.5,16.7,12,4.8,0,1.71,214,,0	.17 bar~42
1874899	B	8	500,3.57,25,64.3,214,57.1,16.1,18,3.6,0,0,0,,0	1 serving~28|1 package~284
2044706	B	1	571,7.14,32.1,60.7,71,57.1,21.4,18,0,0,0,0,,0	1 serving~28|1 package~227
2049470	B	8	571,7.14,32.1,60.7,71,57.1,21.4,18,0,0,0,0,,0	1 serving~28|1 package~142
1875989	B	4	467,3.33,20,73.3,140,33.3,10,0,3.3,0,2.4,33,,0	6 pieces~30|1 package~77.9
2046264	B	8	600,7.5,42.5,45,0,30,27.5,0,12.5,0,4.5,50,,0	1 piece~40|1 package~70
1896870	B	4	575,7.5,37.5,50,25,37.5,22.5,0,12.5,0,3.6,100,,0	1 piece~40|1 package~85
1879959	B	1	575,7.5,37.5,52.5,212,42.5,22.5,25,2.5,0,.9,200,,0	1 piece~40|1 package~85
2069646	B	0	575,7.5,40,50,75,35,25,12,5,0,1.8,200,,0	1 piece~40|1 package~85
2128758	B	52	186,0,8.57,25.7,43,21.4,7.14,0,0,0	2/3 cup~70|1 package~390
1947629	B	52	200,0,8.57,28.6,86,22.9,7.14,0,0,0	2/3 cup~70|1 package~390
2156541	B	3	200,0,10,25.7,57,20,8.57,0,0,0	2/3 cup~70|1 package~390
2160686	B	52	171,1.43,6.43,25.7,64,18.6,5,0,5.7,0	2/3 cup~70|1 package~390
2582440	B	3	293,1.33,14.7,38.7,80,26.7,12,0,1.3,0,14.7,8,108,,0	1 cone~75|1 package~118
2640145	B	3	293,1.33,14.7,38.7,80,26.7,12,0,1.3,0,14.7,8,108,,0	1 cone~75|1 package~472
2129852	B	52	280,2.67,13.3,37.3,93,24,9.33,0,1.3,0	1 cone~75|1 package~480
2156545	B	3	267,2.67,14.7,30.7,73,22.7,9.33,0,5.3,0	1 cone~75|1 package~480
2129853	B	52	300,2,20,30,50,26,16,0,2,0	1 bar~50|1 package~320
2156542	B	52	274,1.19,19,29.8,36,25,14.3,0,2.4,0	1 bar~84|1 package~363
2128692	B	3	300,2.5,8.75,50,62,27.5,6.5,0,2.5,0	1 sandwich~40|1 package~568
2156538	B	52	186,0,8.57,28.6,43,22.9,7.14,0,0,0	2/3 cup~70|1 package~390
2124475	B	3	200,0,10,25.7,57,20,10,0,0,0	2/3 cup~70|1 package~390
2156537	B	52	200,0,8.57,30,79,25.7,6.43,0,0,0	2/3 cup~70|1 package~390
2283160	B	3	200,0,10,27.1,36,22.9,7.14,0,1.4,0	2/3 cup~70|1 package~390
2156539	B	3	200,1.43,8.57,30,21,22.9,6.43,0,0,0	2/3 cup~70|1 package~390
2128191	B	52	200,0,10,25.7,43,20,8.57,0,0,0	2/3 cup~70|1 package~390
2156540	B	3	186,0,8.57,25.7,43,21.4,7.14,0,0,0	2/3 cup~70|1 package~390
2156543	B	52	275,5,8.75,45,100,22.5,6.25,0,5,0	1 bar~40|1 package~568
2582439	B	3	360,3,24,32,50,27,16,0,4,0,4,8,133,,0	2 bars per serving~100
2624162	B	39	46,3.75,1.04,5.42,58,5,.62,6,0,0,0,104,146,,1,,,38	1 cup~240|1 package~3780
2624160	B	39	54,3.75,2.08,5.42,56,5,1.25,8,0,0,0,104,146,,1,,,38	1 cup~240|1 package~3780
2488230	B	62	357,0,35.7,0,643,0,10.7,0,0,0,0,0,29,,0,7.14,21.4	1 tbsp~14|1 package~1270
2275939	B	4	486,2.86,20,74.3,357,34.3,5.71,0,2.9,0,2.57,0,0,,0	3 cookies~35|1 package~708
2658728	B	24	28,0,0,6.76,0,6.48,0,0,0,0,0,0,0,,0	12 fl oz~355|1 package~3780
2278911	B	88	410,5.13,8.97,75.6,449,38.5,3.85,0,1.3,0,2.18,51,64,,0	½ cup mix 2 muffins~78|1 package~198
2099614	B	38	361,9.84,4.1,70.5,1020,13.1,0,25,1.6,0,3.77,197,115,,0	½ cup dry mix four 4" pancakes~61|1 package~794
2115583	B	38	361,9.84,4.1,70.5,1020,13.1,0,25,1.6,0,3.77,197,115,,0	½ cup dry mix~61|1 package~156
2471171	B	108	48,2.4,1.2,6.4,712,0,.4,8,0,0,.4,16,24,,.075	½ cup condensed soup~125|1 package~298
2190805	B	4	464,3.57,21.4,71.4,375,28.6,5.36,0,3.6,0,2.5,0,0,,0	2 cookies~28|1 package~340
2104389	B	40	467,0,23.3,73.3,67,66.7,23.3,0,6.7,0,6.67,0,0,,0	1 tbsp~15|1 package~340
2424724	B	70	500,0,0,100,250,0,0,0,0,0,0,0,600,,0	1 tsp~2|1 package~624
1957666	B	34	252,7.48,10.2,32,429,2.04,3.4,3,1.4,0,1.84,102,,3.3	1 pizza~147
2173327	B	88	421,5.26,11.8,72.4,711,22.4,3.95,0,2.6,0,2.63,66,79,,0	½ cup mix 2 muffins~76|1 package~213
2128625	B	41	857,0,100,0,0,,14.3,,,0	1 tbsp~14|1 package~3780
2131711	B	31	106,3.53,1.18,22.4,0,3.53,0,0,2.4,0,0,0,212,,0	1 cob~85
1877787	B	10	25,0,0,6.39,3,6.11,0,0,0,0,0,0,0,,0	12 fl oz~360|1 package~3780
2471136	B	108	48,1.6,1.6,7.2,680,.8,.8,4,0,0,.24,24,32,,.075	½ cup condensed soup~125|1 package~298
2401936	B	108	56,0,2.4,7.2,664,.8,.4,0,0,0,.08,24,40,,0	½ cup condensed soup~125|1 package~298
2409341	B	31	106,3.53,1.18,22.4,0,3.53,0,0,2.4,0,0,0,212,,0	½ cup~85|1 package~1810
2100167	B	4	467,3.33,20,73.3,367,33.3,5,0,0,0,4,0,0,,0	2 cookies~30|1 package~907
2190803	B	4	486,2.86,20,74.3,357,34.3,5.71,0,2.9,0,2.57,0,0,,0	3 cookies~35|1 package~708
2489019	B	91	393,14.3,4.46,71.4,18,3.57,.89,80,3.6,0,3.57,36,241,,0,,,,8.93,1,.759,,258	1 serving~56|1 package~340
2489018	B	16	357,12.5,1.79,75,0,3.57,0,0,3.6,0,3.57,18,223,,0,,,,8.93,1,.759,,269	1 serving~56|1 package~340
2460105	B	61	356,6.67,0,80,22,0,0,0,0,0,4.44,0,67,,0,,,,3.78,0,,,124	¼ cup dry~45|1 package~2270
2489017	B	16	357,12.5,1.79,75,0,3.57,0,0,3.6,0,3.57,18,223,,0,,,,8.93,1,.759,,269	1 serving~56|1 package~340
2474852	B	39	133,6.67,6.67,10,133,6.67,5,33,0,0,0,233,287,,10	2 tbsp~30|1 package~355
2624161	B	39	38,3.75,0,5.42,58,5.42,0,2,0,0,0,104,146,,1,,,38	1 cup~240|1 package~3780
1923542	B	70	417,0,0,91.7,83,75,0,0,0,0,0,0,100,,0	4 tsp~12|1 package~227
1918764	B	3	175,3.17,3.97,30.2,71,22.2,2.38,16,0,0,0,127,,0	½ cup~63|1 package~1420
1887555	B	52	167,3.33,4.17,26.7,67,21.7,3.33,17,0,0,0,133,,0	½ cup~60|1 package~1420
1918766	B	52	164,3.28,4.1,26.2,74,21.3,3.28,16,0,0,.59,131,,2	½ cup~61|1 package~1420
2131883	B	44	56,0,0,13.7,0,12.1,0,0,.8,0,0,0,56,,0	½ cup~124|1 package~425
2186552	B	25	25,0,0,6.48,4,6.2,0,0,0,0,0,0,0,,0	12 fl oz~355|1 package~3780
2423183	B	11	0,0,0,0,,0,0,0,0,0,0,0,0,,0	¼ tsp~1.2|1 package~425
2572993	B	73	375,0,0,100,0,100	2 tsp~8|1 package~1810
1942078	B	25	25,0,0,6.48,4,6.2,0,0,0,0,0,0,0,,0	12 fl oz~355|1 package~3780
2104346	B	42	250,0,0,65,0,45	1 tbsp~20|1 package~907
2408962	B	31	82,4.71,0,14.1,0,4.71,0,0,4.7,0,1.18,24,153,,0	½ cup~85|1 package~1810
2479553	B	6	256,6.98,3.49,44.2,419,2.33,0,0,2.3,0,2.33,93,93,,0,,,,4.65,0,1.16,,96	1 bun~43|1 package~340
2476579	B	6	282,10.3,2.56,53.8,513,7.69,0,0,2.6,0,2.82,179,0,,1.02,,,,3.33,1,.256,,115	1 bun~39|1 package~312
1957668	B	34	245,7.48,9.52,32,408,2.04,3.4,7,1.4,0,1.84,102,,3.3	1 pizza~147
2188253	B	74	250,6.25,3.12,48.4,859,4.69,.78,0,1.6,0,2.25,0,109,,0	3 biscuits~64|1 package~212
2544169	B	84	286,0,0,81,0,81,0,0,0,0,0,0,0,,0	1 tbsp~21|1 package~680
2572860	B	30	381,7.14,2.38,83.3,524,78.6,2.38,12,2.4,0,1.9,476,1070,,0	¼ cup~42|1 package~524
2480236	B	6	256,6.98,3.49,46.5,395,2.33,0,0,2.3,0,2.33,93,93,,0,,,,4.65,0,1.16,,98	1 bun~43|1 package~340
2476580	B	6	282,10.3,2.56,53.8,513,7.69,0,0,2.6,0,2.82,179,0,,1.02,,,,3.33,1,.256,,115	1 bun~39|1 package~312
2190802	B	4	464,3.57,16.1,75,411,32.1,3.57,0,3.6,0,2.5,0,0,,0	2 cookies~28|1 package~340
2098911	B	30	407,0,0,100,0,88.9,0,0,0,0,0,0,0,,0	2 tbsp~27|1 package~712
1921588	B	53	42,0,0,10.4,4,10.4,0,0,0,0,0,0,,0	8 fl oz~240|1 package~3780
2402136	B	2	184,0,10.5,21,1100,0,5.26,0,0,0,0,0,0,,0	1 slice~19|1 package~302
1923513	B	23	50,0,3.33,3.33,1370,3.33,0,0,0,0,0,0,0,,0	2 tbsp~30|1 package~473
1664172	B	102	140,12,10,0,140,0,3,370,0,0,2,56,138	1 egg~50
2102221	B	4	467,3.33,16.7,73.3,317,33.3,5,0,0,0,2,0,0,,0	2 cookies~30|1 package~907
2190801	B	4	486,2.86,17.1,74.3,314,34.3,5.71,0,0,0,2.29,0,0,,0	3 cookies~35|1 package~708
2658500	B	18	28,0,0,6.76,4,6.2,0,0,0,0,0,0,0,,0	12 fl oz~355|1 package~3780
2431215	B	39	46,3.75,1.04,5.42,58,5,.62,6,0,0,0,104,146,,.625	1 cup~240|1 package~3780
2424065	B	63	357,11.4,1.43,71.4,829,10,.29,0,1.4,0,4.29,57,343,,0	1 serving~70|1 package~206
2416811	B	62	714,0,78.6,0,750,0,21.4,0,0,0,0,0,0,,0	1 tbsp~14|1 package~425
2085410	B	23	714,0,78.6,0,571,,10.7,71,,,,,,,,17.9,42.9	1 tbsp~14|1 package~887
2657009	B	39	67,3.75,3.33,5.42,56,5,2.08,15,0,0,0,104,117,,1	1 cup~240|1 package~3780
2135417	B	32	40,1.6,.8,8,360,5.6,0,0,1.6,0,.8,14,328,,0	½ cup~125|1 package~709
2188417	B	60	333,0,0,86.7,0,56.7	2 tbsp~30|1 package~709
2135420	B	32	40,1.6,.8,8,376,5.6,0,0,1.6,0,.8,16,336,,0	½ cup~125|1 package~709
2617765	B	32	48,1.6,1.2,8,376,5.6,0,0,1.6,0,.8,16,344,,0	½ cup~125|1 package~709
2133812	B	34	265,8.16,12.2,32,531,2.04,4.08,7,1.4,0,1.84,102,,3.3	1 pizza~147
2104393	B	23	133,0,10,6.67,833,3.33,0,0,0,0,0,0,0,,0	2 tbsp~30|1 package~473
2338717	B	39	54,3.33,2.08,5,54,5,1.25,8,0,0,0,125,167,1,1.05	1 cup~240|1 package~3780
2424001	B	62	714,0,85.7,0,643,0,50,214,0,0,0,21,21,,0	1 tbsp~14|1 package~453
2429780	B	2	321,14.3,28.6,7.14,1210,0,14.3,0,0,0,0,593,0,,0	¼ cup~28|1 package~170
1957700	B	34	245,8.84,8.84,33.3,333,2.72,3.06,10,1.4,0,1.84,170,,3.3	1 pizza~147
2101942	B	42	250,0,0,65,0,40,,,0	1 tbsp~20|1 package~907
2190806	B	4	464,3.57,21.4,71.4,536,28.6,5.36,0,0,0,2.5,0,0,,0	2 cookies~28|1 package~340
1936357	B	23	133,0,0,30,1070,20,0,0,0,0,0,0,467,,0	2 tbsp~30|1 package~473
2128079	B	108	64,.8,.8,12.8,552,5.6,0,0,.8,0,.24,16,120,,0	½ cup~125|1 package~304
2125323	B	19	88,0,0,23.5,941,17.6	1 tbsp~17|1 package~652
2600094	B	47	25,1.64,0,4.92,459,3.28,0,0,1.6,0,0,0,197,,0	¼ cup~61|1 package~425
1918765	B	52	175,3.17,3.97,28.6,63,22.2,2.38,16,0,0,0,127,,1.9	½ cup~63|1 package~1420
2099515	B	4	467,3.33,16.7,73.3,317,33.3,5,0,0,0,2,0,0,,0	2 cookies~30|1 package~907
2275940	B	4	486,2.86,17.1,74.3,314,34.3,5.71,0,0,0,2.29,0,0,,0	3 cookies~35|1 package~708
2408371	B	31	71,2.35,0,12.9,12,4.71,0,0,3.5,0,1.18,26,196,,0	2/3 cup~85|1 package~1810
2099815	B	41	857,0,100,0,0,,14.3,,,0,,,,,,21.4,57.1	1 tbsp~14|1 package~3780
2487999	B	6	244,9.76,3.66,43.9,439,2.44,0,0,2.4,0,2.44,93,129,,0,,,,4.88,0,1.22,,75	2 slices~41|1 package~454
2487998	B	6	244,9.76,3.66,43.9,439,2.44,0,0,2.4,0,2.44,171,100,,0,,,,4.88,0,1.46,,97	2 slices~41|1 package~454
2131884	B	44	56,.79,0,14.3,0,12.7,0,0,.8,0,0,0,63,,0	½ cup~126|1 package~822
2131882	B	44	56,.79,0,14.3,0,12.7,0,0,.8,0,0,0,63,,0	½ cup~126|1 package~822
2545042	B	19	0,0,0,0,1200	1 tsp~5|1 package~680
2581690	B	12	400,3.33,6.67,86.7,17,,3.33,0,3.3,0,2.33,133,200,,0	8 pieces 30g~30|1 package~284
2652803	B	0	567,20,50,20,0,3.33,3.33,0,13.3,0,4,300,767,,0	¼ cup~30|1 package~77
2044637	B	0	607,21.4,50,21.4,321,3.57,3.57,0,10.7,0,3.86,286,,0	¼ cup /~28|1 package~255
2603687	B	0	567,20,50,20,0,3.33,3.33,0,13.3,0,4,300,767,,0	¼ cup 30g per serving~30|1 package~78
2603709	B	0	250,2.5,0,62.5,12,52.5,0,0,7.5,0,2.75,50,1180,,0	5 pieces~40|1 package~128
2581692	B	1	367,0,6.67,80,0,50,3.33,0,0,0,0,0,0,,0	6 pieces 30g~30|1 package~312
2217141	B	22	500,2.5,27.5,67.5,0,17.5,25,0,12.5,0,3.5,50,500,,0	½ cup~40|1 package~212
2581637	B	5	441,2.94,26.5,47.1,0,29.4,26.5,0,5.9,0,10.6,118,500,,0	½ cup~34|1 package~99.2
2581695	B	5	500,2.5,27.5,67.5,0,17.5,25,0,12.5,0,3.5,50,500,,0	½ cup 40g~40|1 package~213
2603698	B	0	533,20,46.7,20,0,3.33,3.33,0,10,0,3.67,200,700,,0	¼ cup 30g~30|1 package~340
2028011	B	0	600,26.7,53.3,16.7,400,3.33,10,0,10,0,1.2,0,,0	¼ cup~30
2084898	B	0	475,5,17.5,75,325,42.5,15,0,2.5,0,0,0,,0	9 pieces~40
2455945	B	0	633,13.3,63.3,13.3,0,0,13.3,0,6.7,0,2.4,133,,0	¼ cup /~30|1 package~198
2312265	B	0	542,6.25,33.3,56.2,31,50,14.6,10,2.1,0,0,146,,0	¼ cup~48|1 package~737
2057878	B	22	275,2.5,0,65,0,50,0,0,12.5,0,2.7,150,,0	5 pieces /~40|1 package~255
2165427	B	1	300,0,0,74,80,60,0,0,0,0,0,0,0,,0	¼ cup~50|1 package~326
2015719	B	1	382,5.88,8.82,67.6,147,38.2,2.94,0,2.9,0,0,59,,0	3 pieces~34|1 package~255
2581683	B	12	467,10,20,70,17,50,6.67,0,10,0,3.67,67,533,,0	¼ cup 30g~30|1 package~241
2603733	B	67	500,16.7,33.3,43.3,17,0,3.33,0,36.7,0,8,633,400,,0	.12 cup 30g~30|1 package~326
2603688	B	67	500,16.7,33.3,43.3,17,0,3.33,0,36.7,0,8,633,400,,0	.12 cup 30g~30|1 package~425
2051464	B	5	429,14.3,10.7,67.9,750,21.4,3.57,0,3.6,0,2.57,0,,0	1 serving~28|1 package~297
2581638	B	0	474,11.8,26.5,55.9,185,41.2,8.82,0,5.9,0,47.1,47,559,,0	¼ cup~34|1 package~128
2167255	B	12	467,13.3,26.7,50,3,33.3,3.33,0,6.7,0,3.6,67,,0	¼ cup~30|1 package~255
2581694	B	1	433,3.33,16.7,70,33,66.7,10,0,3.3,0,3,67,433,,0	14 pieces30g~30|1 package~255
2581685	B	4	467,6.67,26.7,66.7,400,43.3,16.7,0,3.3,0,3.33,67,200,,0	7 pieces 30g~30|1 package~227
2367466	B	0	467,6.67,26.7,66.7,400,43.3,16.7,0,3.3,0,3.33,67,200,,0	1 serving~30|1 package~226
2015710	B	0	433,3.33,16.7,70,50,36.7,10,7,3.3,0,1.2,67,,0	1 serving~30|1 package~326
2015708	B	0	375,5,17.5,52.5,375,32.5,11.2,0,0,0,.9,50,,0	9 pieces~40|1 package~283
2581669	B	22	350,0,0,85,225,77.5,0,0,0,0,1,75,25,,0	6 pieces 40g~40|1 package~255
2015707	B	104	667,6.67,66.7,26.7,33,6.67,60,0,13.3,0,2.4,0,,0	3 tbsp~15|1 package~226
2463410	B	22	350,0,0,82.5,0,70,0,0,5,0,.25,0,50,,.25	¼ cup /~40|1 package~652
2581678	B	22	350,0,0,82.5,0,70,0,0,5,0,.25,0,50,,0	¼ cup 40g~40|1 package~255
2095007	B	0	464,14.3,28.6,46.4,143,28.6,3.57,0,7.1,0,2.57,71,,0	¼ cup /~28|1 package~538
2051465	B	1	375,0,0,92.5,62,82.5,0,0,2.5,0,.9,100,,6	4 pieces /~40|1 package~255
2581697	B	12	375,0,0,92.5,88,82.5,0,0,2.5,0,1,100,300,,0	4 pieces 40g~40|1 package~170
2049375	B	0	525,10,45,42.5,0,25,17.5,0,10,0,6.75,100,,0	1 serving~40|1 package~312
2167490	B	0	533,6.67,33.3,56.7,50,50,20,0,6.7,0,2.4,67,,0	5 pieces /~30|1 package~737
2581691	B	1	567,6.67,36.7,56.7,17,43.3,15,0,6.7,0,4,100,467,,0	5 pieces 30g~30|1 package~198
2081870	B	40	450,2.5,22.5,50,0,,12.5,0,5,0,0,0,,0	12 pieces~40|1 package~255
2308960	B	0	467,3.33,20,70,600,43.3,20,0,3.3,0,4,33,300,,0	7 pieces /~30|1 package~453
2655152	B	1	400,0,0,96.7,0,96.7,0,0,0,0,0,100,0	¾ cup~30|1 package~226
2603721	B	22	333,3.33,0,83.3,33,66.7,0,0,10,0,3.33,33,1030,,0	¼ cup 30g~30|1 package~255
2163629	B	0	533,10,33.3,56.7,67,53.3,20,0,3.3,0,1.2,67,,0	12 pieces /~30|1 package~311
2603718	B	22	250,2.5,0,62.5,12,52.5,0,0,7.5,0,2.75,50,1180,,0	5 pieces 40g~40|1 package~184
2057875	B	22	350,2.5,0,87.5,262,87.5,0,0,0,0,.9,100,,3	2 pieces~40|1 package~240
2057882	B	22	325,0,0,82.5,0,65,0,0,7.5,0,0,0,,0	¼ cup~40|1 package~340
2089267	B	22	360,0,0,86,260,46,0,0,0,0,.72,80,,0	½ cup /~50|1 package~269
2581698	B	12	350,0,0,85,138,67.5,0,0,0,0,.25,50,0,,0	5 pieces 40g~40|1 package~198
2581635	B	22	350,0,0,85,138,67.5,0,0,0,0,.25,50,0,,0	5 pieces 40g~40|1 package~198
2015713	B	22	220,2,0,52,0,40,0,0,10,0,2.16,120,,0	4 pieces /~50|1 package~283
2028049	B	22	350,0,0,87.5,50,75,0,0,5,0,.9,50,,0	6 pieces~40|1 package~255
2640038	B	22	375,0,0,87.5,288,77.5,0,0,0,0,1.75,50,75,,0	8 pieces~40|1 package~255
2603724	B	22	275,2.5,0,75,0,62.5,0,0,7.5,0,0,0,650,,0	6 pieces 40g~40|1 package~284
2603717	B	22	250,2.5,0,60,12,32.5,0,0,7.5,0,1,50,725,,0	5 pieces 40g~40|1 package~255
2603711	B	22	250,2.5,0,60,12,32.5,0,0,7.5,0,1,50,725,,0	5 pieces 40g~40|1 package~255
2051467	B	0	571,21.4,46.4,28.6,429,7.14,7.14,0,10.7,0,9.64,214,,4.3	¼ cup /~28|1 package~212
2603722	B	29	367,6.67,0,83.3,567,0,0,0,3.3,0,1,33,167,,0	½ cup~30|1 package~255
2167470	B	0	467,23.3,16.7,56.7,283,26.7,6.67,0,16.7,0,3.6,67,,2	.12 cup /~30|1 package~226
2581639	B	12	529,17.9,32.1,42.9,1060,3.57,7.14,0,3.6,0,60.7,107,443,,0	¼ cup~28|1 package~99.2
2603695	B	0	567,20,50,20,0,3.33,3.33,0,13.3,0,3.67,300,767,,0	¼ cup 30g~30|1 package~255
2094981	B	0	600,16.7,56.7,13.3,367,0,3.33,0,10,0,3.6,333,,0	¼ cup~30
2286571	B	0	588,8.82,50,26.5,676,2.94,5.88,0,8.8,0,0,59,,0	¼ cup~34|1 package~396
2378640	B	0	533,33.3,43.3,13.3,567,3.33,10,0,3.3,0,7.67,67,767,,0	¼ cup~30|1 package~141
2367468	B	0	533,33.3,43.3,13.3,567,3.33,10,0,3.3,0,7.67,67,767,,0	¼ cup~30|1 package~170
1882201	B	0	533,26.7,43.3,6.67,57,3.33,10,0,0,0,0,0,,0	½ cup /~30|1 package~255
2603725	B	0	567,20,50,20,0,3.33,3.33,0,13.3,0,3.67,300,767,,0	¼ cup 30g~30|1 package~255
2603726	B	0	600,20,50,20,333,3.33,3.33,0,10,0,4,300,0,,0	¼ cup 30g~30|1 package~255
2581706	B	0	567,16.7,43.3,33.3,1470,6.67,10,0,3.3,0,6.67,67,567,,0	¼ cup 30g~30|1 package~213
2603716	B	0	533,33.3,43.3,13.3,567,3.33,10,0,3.3,0,7.67,67,767,,0	¼ cup 30g~30|1 package~170
2304903	B	1	367,0,0,86.7,33,56.7,0,0,0,0,0,0,0,,0	3 pieces~30|1 package~269
2652319	B	1	367,0,0,86.7,33,56.7,0,0,0,0,0,0,0,,0	3 pieces 30g~30|1 package~269
2581664	B	0	467,13.3,13.3,76.7,317,46.7,3.33,0,10,0,3.33,67,400,,0	.12 cup 30g~30|1 package~567
2508876	B	12	467,13.3,13.3,76.7,317,46.7,3.33,0,10,,3.33,67,400,,0	.12 cup~30|1 package~255
2603689	B	29	567,20,40,26.7,50,0,5,0,26.7,0,5,167,567,,0	.12 cup 30g~30|1 package~567
2603690	B	67	311,11.1,5.56,53.3,178,4.44,0,0,6.7,0,3.33,0,556,,0	.12 cup 45g~45|1 package~482
2603728	B	67	311,11.1,5.56,53.3,178,4.44,0,0,6.7,0,3.33,0,556,,0	.12 cup 45g~45|1 package~397
2603683	B	67	343,20,2.86,65.7,14,2.86,0,0,17.1,0,3.43,29,971,,0	.12 cup 35g~35|1 package~737
2367480	B	1	400,6.67,0,86.7,0,50,0,0,0,0,0,0,0,,0	17 pieces30 g~30|1 package~340
2581688	B	1	400,6.67,0,86.7,0,50,0,0,0,0,0,0,0,,0	17 pieces 30g~30|1 package~340
2015718	B	1	359,0,0,97.4,77,71.8,0,0,0,0,0,0,,0	19 pieces~39|1 package~340
2167260	B	1	333,6.67,0,83.3,0,50,0,0,0,0,0,0	4 pieces~30|1 package~340
2603706	B	23	667,16.7,66.7,13.3,0,0,6.67,0,6.7,0,3.67,67,433,,0	¼ cup 30g~30|1 package~255
2603702	B	0	667,16.7,66.7,13.3,0,0,6.67,0,6.7,0,3.67,67,433,,0	¼ cup 30g~30|1 package~284
2028058	B	22	375,2.5,5,80,100,57.5,5,0,7.5,0,1.8,50,,0	¼ cup /~40|1 package~283
2581665	B	0	567,23.3,40,36.7,450,10,6.67,0,6.7,0,3.33,67,567,,0	.12 cup 30g~30|1 package~595
2538794	B	12	567,23.3,40,36.7,450,10,6.67,0,6.7,0,3.33,67,567,,0	.12 cup~30|1 package~283
2084893	B	0	571,21.4,42.9,7.14,411,,5.36,0,0,0,3.86,71,,0	¼ cup /~28|1 package~226
2326707	B	12	533,10,33.3,53.3,1270,10,5,0,3.3,0,3.6,133,,0	¼ cup~30|1 package~283
1864696	B	0	475,5,17.5,75,325,42.5,15,0,0,0,0,0,,0	9 pretzels~40|1 package~284
2209610	B	1	400,3.33,6.67,86.7,17,,3.33,0,3.3,0,2.33,133,200,,0	8 pieces~30|1 package~283
2043123	B	0	700,16.7,66.7,10,0,0,6.67,0,10,0,3.6,67,,0	¼ cup /~30|1 package~340
2114405	B	0	667,10,66.7,13.3,0,3.33,6.67,0,10,0,4.8,133,,0	1/3 cup /~30|1 package~198
2627947	B	0	667,10,66.7,13.3,0,3.33,6.67,0,10,0,4.8,133,,0,,,,0	1 serving~30|1 package~226
2624111	B	14	350,12.5,0,72.5,25,0,0,0,12.5,0,3.6,0,,0,,,,0	¼ cup 40g~40|1 package~510
2414212	B	22	275,2.5,0,75,0,62.5,0,0,7.5,0,0,50,650,,0	1 serving~40|1 package~226
2603686	B	22	275,2.5,0,75,0,62.5,0,0,7.5,0,0,50,650,,0	2 pieces~40|1 package~227
2117715	B	0	588,17.6,50,26.5,676,2.94,5.88,0,8.8,0,3.18,59,,0	¼ cup /~34|1 package~226
2581661	B	0	500,10,30,53.3,0,36.7,3.33,0,6.7,0,3,33,267,,0	¼ cup~30|1 package~92.1
2651645	B	12	500,10,30,53.3,0,36.7,3.33,0,6.7,0,3,33,267,,0	¼ cup~30|1 package~340
2581667	B	1	333,0,0,83.3,50,56.7,0,0,0,0,0,0,0,,0	1 serving~30|1 package~269
2217211	B	22	350,0,0,85,225,77.5,0,0,0,0,1,75,25,,0	1 serving~40|1 package~255
2581699	B	12	350,0,0,85,225,77.5,0,0,0,0,1,75,25,,0	6 pieces 40g~40|1 package~255
2581627	B	1	400,6.67,0,93.3,33,46.7,0,0,0,0,0,0,0,,0	4 pieces 30g~30|1 package~340
2581686	B	1	400,6.67,0,93.3,33,46.7,0,0,0,0,0,0,0,,0	4 pieces 30g~30|1 package~340
2581652	B	0	423,8.57,17.1,60,131,34.3,2.86,0,5.7,0,40,23,551,,0	¼ cup~35|1 package~128
2043109	B	0	500,10,20,67.5,425,30,15,0,2.5,0,.9,50,,0	9 pieces~40|1 package~297
2603700	B	0	700,10,73.3,13.3,0,3.33,6.67,0,10,0,2.67,67,400,,0	1/3 cup 30g~30|1 package~340
2603715	B	0	700,10,73.3,13.3,0,3.33,6.67,0,10,0,2.67,67,400,,0	1/3 cup 30g~30|1 package~198
2095014	B	0	667,10,66.7,13.3,0,3.33,6.67,0,10,0,4.8,133,,0	1/3 cup /~30|1 package~340
2603701	B	0	700,10,73.3,13.3,0,3.33,6.67,0,10,0,2.67,67,400,,0	1/3 cup 30g~30|1 package~340
2603730	B	12	700,10,73.3,13.3,0,3.33,6.67,0,10,0,2.67,67,400,,0	1/3 cup~30|1 package~198
2581670	B	1	375,0,0,87.5,288,77.5,0,0,0,0,1.75,50,75,,0	8 pieces 40g~40|1 package~255
2367473	B	0	700,13.3,70,13.3,0,3.33,5,0,3.3,0,5.67,0,700,,0	¼ cup~30|1 package~99
2603714	B	0	700,13.3,70,13.3,0,3.33,5,0,3.3,0,5.67,0,700,,0	¼ cup 30g~30|1 package~99.2
2651614	B	0	700,13.3,70,13.3,0,3.33,5,0,3.3,0,5.67,0,700,,0	¼ cup 30g~30|1 package~142
2057876	B	22	350,0,0,87.5,50,75,0,0,5,0,.9,50,,0	8 pieces /~40|1 package~340
2603731	B	0	567,20,46.7,30,0,6.67,6.67,0,10,0,4,67,1030,,0	¼ cup 30g~30|1 package~142
2057871	B	22	300,2.5,0,75,0,70,0,0,7.5,0,.9,50,,0	6 dates /~40|1 package~284
2167257	B	5	500,0,30,60,50,0,6.67,0,6.7,0,1.2,0,,0	30 pieces /~30|1 package~170
2046422	B	5	474,7.89,26.3,68.4,368,42.1,18.4,0,2.6,0,.95,0,,0	7 pretzels /~38|1 package~298
2167477	B	0	467,23.3,16.7,56.7,283,26.7,6.67,0,16.7,0,3.6,67,,2	.12 cup~30|1 package~623
2027948	B	0	600,23.3,46.7,13.3,17,0,8.33,0,3.3,0,9,0,,0	¼ cup~30|1 package~198
2027973	B	0	533,26.7,43.3,6.67,50,3.33,10,0,0,0,4.8,0,,0	¼ cup~30|1 package~226
2603734	B	0	600,23.3,46.7,13.3,17,0,8.33,0,3.3,0,9,0,800,,0	¼ cup 30g~30|1 package~170
2281570	B	0	567,6.67,36.7,53.3,33,46.7,16.7,10,3.3,0,1,167,,,0	7 pieces /~30|1 package~708
2150497	B	1	489,6.38,29.8,61.7,85,40.4,17,0,6.4,0,7.66,43,,0	½ cup /~47|1 package~226
2167474	B	0	500,3.33,16.7,76.7,667,50,16.7,0,0,16.7,1,67,100,,0	7 pieces /~30|1 package~453
2581662	B	0	467,6.67,20,66.7,50,53.3,6.67,0,6.7,0,3.67,133,400,,0	¼ cup~30|1 package~99.2
2015706	B	0	571,21.4,46.4,28.6,0,7.14,7.14,0,10.7,0,3.86,71,,4.3	¼ cup /~28|1 package~141
2627948	B	0	571,25,39.3,28.6,0,0,7.14,0,14.3,0,1.29,0,,0,,,,0	1 serving~28|1 package~298
2603719	B	0	567,23.3,50,13.3,0,3.33,3.33,0,10,0,6,133,467,,0	¼ cup 30g~30|1 package~255
2581707	B	0	567,16.7,43.3,33.3,17,6.67,10,0,3.3,0,6.67,33,567,,0	¼ cup 30g~30|1 package~213
2630972	B	0	533,33.3,43.3,13.3,567,3.33,10,0,3.3,0,7.67,67,767,,0	¼ cup~30|1 package~623
2508874	B	0	600,16.7,56.7,13.3,367,0,3.33,0,10,0,3.6,333,,0	¼ cup~30|1 package~198
2603736	B	0	467,6.67,16.7,70,600,0,3.33,0,3.3,0,1.33,0,300,,0	1/3 cup 30g~30|1 package~198
2015712	B	0	464,7.14,16.1,71.4,893,0,3.57,0,3.6,0,1.29,0,,0	1/3 cup /~28|1 package~198
2624110	B	0	633,30,50,16.7,450,0,5,0,13.3,0,6,67,,0,,,,0	¼ cup 30g~30|1 package~298
2426540	B	0	667,23.3,56.7,16.7,0,3.33,6.67,0,6.7,0,5.33,100,467,,0	¼ cup~30|1 package~311
2652258	B	0	567,16.7,43.3,33.3,1470,6.67,10,0,3.3,0,6.67,67,567,,0	¼ cup~30|1 package~567
2367486	B	23	533,13.3,30,50,333,33.3,3.33,0,6.7,0,3.33,100,333,,0	¼ cup~30|1 package~255
2581680	B	23	533,13.3,30,50,333,33.3,3.33,0,6.7,0,3.33,100,333,,0	¼ cup 30g~30|1 package~255
2603720	B	12	567,10,40,46.7,1500,0,5,0,6.7,0,5,200,200,,0	1/3 cup 30g~30|1 package~170
2603679	B	12	650,7.5,60,32.5,25,7.5,52.5,0,20,0,2.5,0,725,,0	3 tbsp 40g~40|1 package~227
2603723	B	40	650,7.5,60,32.5,25,7.5,52.5,0,20,0,2.5,0,725,,0	3 tbsp 40g~40|1 package~227
2603693	B	0	567,20,50,20,0,3.33,3.33,0,13.3,0,3.67,300,767,,0	¼ cup 30g~30|1 package~241
2603696	B	0	533,20,46.7,20,0,3.33,3.33,0,10,0,3.67,200,700,,0	1/3 cup 30g~30|1 package~241
1880084	B	12	533,10,33.3,53.3,1270,10,6.67,0,3.3,0,3.6,200,,0	¼ cup~30|1 package~283
2581721	B	12	200,20,0,40,1300,40,0,0,0,0,8,0,4000,,0	3 pieces 5g~5|1 package~227
2581605	B	22	200,20,0,40,1300,40,0,0,0,0,8,0,4000,,0	3 pieces 5g~5|1 package~227
2581718	B	0	433,10,16.7,76.7,0,56.7,0,0,6.7,0,4,133,800,,0	¼ cup 30g~30|1 package~198
2027955	B	22	325,2.5,2.5,82.5,0,77.5,0,0,2.5,0,.9,250,,3	1/3 cup /~40|1 package~170
2581625	B	0	533,13.3,33.3,50,600,43.3,6.67,0,3.3,0,3.33,33,433,,0	¼ cup 30g~30|1 package~184
2581679	B	0	533,13.3,33.3,50,600,43.3,6.67,0,3.3,0,3.33,33,433,,0	¼ cup 30g~30|1 package~184
2060855	B	90	381,14.3,5.95,71.4,0,7.14,0,0,7.1,0,4.29,48,,0	¼ cup /~42|1 package~425
2366566	B	104	650,7.5,60,32.5,25,7.5,52.5,0,20,0,2.5,0,725,,0	3 tbsp~40|1 package~226
2603707	B	0	667,16.7,66.7,13.3,0,0,6.67,0,6.7,0,3.67,67,433,,0	¼ cup 30g~30|1 package~255
2015709	B	22	300,2.5,0,80,25,60,0,0,5,0,1.8,50,,0	¼ cup~40|1 package~198
2095015	B	0	700,16.7,66.7,10,0,0,6.67,0,10,0,3.6,67,,0	¼ cup~30|1 package~340
2043111	B	0	700,16.7,66.7,10,0,0,6.67,0,10,0,3.6,67,,0	¼ cup /~30|1 package~227
2095018	B	0	700,16.7,66.7,10,0,0,6.67,0,10,0,3.6,67,,0	¼ cup /~30|1 package~340
2114253	B	0	700,16.7,66.7,10,0,0,6.67,0,10,0,3.6,67,,0	¼ cup /~30|1 package~212
2603703	B	0	667,16.7,66.7,13.3,0,0,6.67,0,6.7,0,3.67,67,433,,0	¼ cup 30g~30|1 package~340
2603732	B	0	667,16.7,66.7,13.3,0,0,6.67,0,6.7,0,3.67,67,433,,0	¼ cup 30g~30|1 package~255
2161987	B	0	667,16.7,66.7,13.3,0,0,6.67,0,6.7,0,3.6,67,,4	¼ cup~30|1 package~538
2581615	B	5	367,16.7,6.67,63.3,767,13.3,0,0,6.7,0,3.67,67,500,,0	¼ cup 30g~30|1 package~255
2581720	B	5	367,16.7,6.67,63.3,767,13.3,0,0,6.7,0,3.67,67,500,,0	¼ cup 30g~30|1 package~255
2603729	B	0	567,20,50,20,0,3.33,3.33,0,13.3,0,4,300,767,,0	¼ cup 30g~30|1 package~284
2115049	B	67	136,10.2,0,22.7,0,2.27,0,0,9.1,0,4.09,23,,1.4	½ cup /~88|1 package~652
2126217	B	12	482,12.1,30.3,45.4,0,30.3,6.06,0,9.1,0,3.82,61,,0	¼ cup /~33|1 package~793
2652868	B	12	500,13.3,30,46.7,0,30,3.33,0,6.7,0,3,67,433,,0	¼ cup~30|1 package~92
1880088	B	0	600,26.7,53.3,16.7,400,3.33,10,0,10,0,1.2,0,,0	¼ cup~30|1 package~142
2508875	B	68	356,8.89,0,77.8,0,0,0,0,2.2,0,1.11,0,133,,0	¼ cup~45|1 package~680
2581693	B	0	467,3.33,20,73.3,633,46.7,16.7,0,3.3,0,1.33,33,100,,0	9 pieces 30g~30|1 package~255
1880086	B	0	475,5,17.5,75,325,42.5,15,0,2.5,0,0,0,,0	9 pieces~40|1 package~85
1879036	B	0	500,10,20,67.5,425,30,15,0,2.5,0,.9,50,,0	9 pieces~40|1 package~85
2581684	B	0	467,3.33,20,70,67,66.7,20,0,0,0,.67,100,300,,0	8 pieces 30g~30|1 package~227
2581624	B	0	467,3.33,20,70,67,66.7,20,0,0,0,.67,100,300,,0	8 pieces 30g~30|1 package~227
2086093	B	25	42,0,0,10.6,8,10.1	1 bottle~237
2123332	B	108	48,2.4,1.2,6.4,712,0,.4,8,0,0,.29,0,,0	½ cup~125
2033211	B	3	175,3.17,5.56,28.6,87,22.2,3.17,16,0,0,0,127,,0	½ cup~63
2012592	B	49	625,21.9,50,18.8,438,9.38,9.38,0,6.2,0,2.25,0,,0	2 tbsp~32|1 package~510
2030701	B	96	167,2.38,5.95,26.2,48,1.19,1.79,0,2.4,0,.43,0,310,2.9	1 serving~84
2025711	B	49	562,21.9,46.9,25,406,9.38,6.25,0,6.2,0,2.25,62,594,0,,23.4,14.1,,12.5,,0	2 tbsp~32|1 package~510
2033158	B	4	367,3.33,5,76.7,350,50,0,0,0,0,2.4,0,,0	1 serving~30
2033163	B	36	263,10.5,13.2,25,658,1.32,1.97,13,1.3,0,1.89,26,,0	4 sticks~76
2033214	B	46	385,3.85,9.62,71.2,365,32.7,3.85,0,1.9,0,3.46,0,,0,,,,,3.85,0,.327,.385	1 pastry~52
2033171	B	46	385,3.85,9.62,71.2,346,30.8,3.85,0,1.9,0,3.46,0,,0,,,,,3.85,0,.327,.385,,,,,0	1 serving~52
2033160	B	14	393,3.57,0,89.3,536,46.4,0,0,0,0,16.1,357,250,21.4,3.58,,,,17.9,1,1.52,1.79,714,29,143,5.36,13.4,,,.143	¾ cup~28
2033191	B	46	385,3.85,9.62,71.2,346,30.8,3.85,0,1.9,0,3.46,0,,0,,,,,3.85,0,.327,.385,,,,,0	1 toaster pastry~52
2033174	B	3	143,3.9,3.25,24.7,169,23.4,1.95,13,0,0,0,130,,0	1 bar~77
2033188	B	3	175,3.17,4.76,30.2,71,22.2,3.17,16,0,0,0,127,,0	½ cup~63
2073040	B	25	50,0,0,12.8,8,11.1	1 drink~180|1 package~1060
1850280	B	3	204,2.04,8.16,32.6,71,30.6,5.1,31,0,0,0,82,,0	1 ice cream cup~49|1 package~1060
1851888	B	3	175,4.76,5.56,27,95,22.2,3.17,16,0,0,0,159,,0	½ cup~63|1 package~1660
2086094	B	23	117,0,6.67,13.3,1630,13.3,0,0,0,0,0,0,,8	2 tbsp~30
2033213	B	3	71,0,0,17.9,0,17.9,0,0,0,0,0,0,,0	1 pop~28
2036118	B	19	0,0,0,0,1600,0	1 tsp~5|1 package~454
1850226	B	3	188,3.12,9.38,23.4,109,23.4,6.25,39,0,0,0,125,,0	½ cup~64|1 package~3780
2033185	B	143	411,16.1,37.5,0,1120,,14.3,62,,0,1.93,36	1 serving~56
2033202	B	143	411,16.1,37.5,0,1120,,14.3,62,,0,1.93,36	1 serving~56
2033197	B	5	536,7.14,35.7,53.6,571,0,7.14,0,3.6,0,1.29,0,,21.4	17 chips /~28
2033201	B	14	412,5.88,0,88.2,0,0,0,0,0,0,31.8,0,265,0,,,,,29.4,2,1.5	1 cup~17
1662362	B	48	304,15.2,26.8,0,67,0,9.82,76,0,1.79,1.61,18,,0	1 serving~112
2010918	B	0	571,17.9,50,32.1,304,3.57,8.93,0,3.6,0,6.43,71,,0	1 serving~28|1 package~57
2010917	B	0	607,25,53.6,17.9,304,3.57,8.93,0,10.7,0,2.57,143,,0	1 serving~28|1 package~85
2033175	B	4	469,3.12,15.6,75,328,34.4,4.69,,3.1,0,2.25	3 cookies~32
2030674	B	4	455,3.03,18.2,72.7,379,36.4,4.55,0,3,0,2.18,0,,0,,4.55,6.06	2 cookies~33
2033164	B	4	469,3.12,18.8,71.9,281,31.2,4.69,,0,0,2.25	3 cookies~32
2021571	B	2	237,5.26,18.4,15.8,1100,0,7.89,0,0,0,0,789,,0	1 slice~19|1 package~302
2033166	B	55	107,.71,0,27.1,0,25,0,0,0,,0,0,,0	½ cup~140
2033180	B	116	500,6.25,25,62.5,656,6.25,6.25,0,0,0,2.25,,62,,,6.25,12.5	5 crackers~16
2039349	B	18	46,0,0,11.2,21,11.2	8 fl oz~240|1 package~3000
1871974	B	18	21,0,0,6.25,10,5.83	8 fl oz~240|1 package~3000
2039355	B	18	58,0,0,15,10,15	8 fl oz~240|1 package~3000
2013843	B	66	469,6.25,18.8,65.6,16,0,15.6,0,6.2,0,1.12,125,,0	3 shells~32|1 package~106
2033193	B	4	321,3.57,10.7,57.1,232,25,5.36,0,0,0,1.29,0,,0,,3.57,0	7 cookies~28
2033209	B	3	159,3.17,4.76,27,71,20.6,3.17,16,0,0,0,127,,0	½ cup~63
2033159	B	3	236,3.64,4.55,45.4,236,16.4,1.82,9,0,0,0,73,,0	1 sandwich~55
2033170	B	3	159,3.17,4.76,27,71,20.6,3.17,16,0,0,0,127,,0	½ cup~63
2033153	B	112	208,10.4,16.7,2.08,979,0,5.21,83,0,0,1.5,125,,0	3 sausages~48
2216066	B	0	567,16.7,43.3,33.3,1470,6.67,10,0,3.3,0,6.67,67,567,,0	¼ cup~30|1 package~212
576973	B	24	0,0,0,0,0	8 fl oz~240
2382692	B	47	25,1.67,0,5,340,3.33,0,0,1.7,0,0,32,1020,,0	¼ cup~60|1 package~227
530642	B	47	47,1.67,0,10,633,8.33,0,,0,,2.4,,,10	1 serving~60
2119433	B	74	156,6.49,3.25,23.4,442,3.9,.65,6,1.3,0,1.4,52,,54.5	1 egg roll~77|1 package~152
2189287	B	33	158,6.58,3.29,23.7,421,3.95,.66,13,1.3,0,1.42,26,,47.4	1 egg roll~76|1 package~383
2608956	B	68	92,3.52,3.52,12,137,1.76,.35,0,3.2,0,1.06,35,145,,0	1 package 10 oz~284
2392118	B	68	113,3.17,6.34,11.3,211,2.11,4.93,0,2.8,0,1.06,21,140,,0	1 serving~284
2068735	B	68	113,3.17,5.63,12.7,144,2.46,4.58,0,2.8,0,1.06,19,139,,0	1 serving~284
2608957	B	68	113,3.17,5.63,12.7,144,2.46,4.58,0,2.8,0,1.06,19,139,,0	1 package 10 oz~284
2608955	B	68	95,3.17,3.87,12.3,239,1.41,.53,0,2.5,0,1.06,54,178,,0	1 package 10 oz~284
1895906	B	68	95,3.17,3.87,12.3,239,1.41,.53,0,2.5,0,1.06,53,178,,0	1 serving~284
2088747	B	45	126,4.44,.74,25.9,393,9.63,0,0,5.2,0,1.33,44,252,.9,,0,0	½ cup~135|1 package~794
2088415	B	45	127,4.93,.7,25.4,387,9.86,0,0,5.6,0,1.27,42,,0,,0,0	½ cup~142|1 package~794
2415483	B	89	141,5.45,3.64,21.4,386,9.55,1.14,16,4.1,0,1.23,45,159,,0	1 can~220
2745540	B	123	118,5.91,2.73,17.3,332,5.91,.91,14,3.2,0,1.45,32,305,1.1,0,1.14,.68,16	1 can~220
2740321	B	123	107,3.88,2.43,17.5,291,6.31,.73,15,2.4,0,1.07,44,204,0,0,.97,.49,0	1 bowl~206
2745556	B	123	97,4.37,2.43,14.1,301,3.4,.73,15,2.4,0,1.07,44,233,0,0,.97,.49,0	1 bowl~206
2088717	B	89	120,5.79,3.86,15.1,386,3.86,1.16,15,3.9,0,1.04,39,251,.9	1 cup~259|1 package~439
1935453	B	45	111,4.44,0,20.7,296,6.67,0,0,5.2,0,1.33,44,326,.9,,,,,,,,,,,111	½ cup~135|1 package~794
1983007	B	89	162,5.93,9.49,13.4,403,.79,2.77,12,3.6,.4,1.15,28,229,,0	1 cup~253|1 package~680
2622148	B	89	107,3.88,2.43,17.5,291,6.31,.73,15,2.4,0,.87,29,136,,0	1 bowl~206
2519838	B	144	77,4.62,0,14.6,346,.77,0,0,4.6,0,1.38,46,246,0,,0,0	½ cup~130
2519849	B	144	104,3.7,.37,21.5,459,8.89,0,0,4.4,0,.81,22,126,0,0,0,0	½ cup~135
2601700	B	89	106,5.3,2.65,14.4,356,3.79,.76,15,3,0,1.29,23,273,,0	½ cup~132|1 package~418
2622149	B	89	97,4.37,2.43,14.1,301,3.4,.73,15,2.4,0,.87,29,170,,0	1 bowl~206
2745545	B	123	105,5.91,2.73,14.6,355,4.09,.91,14,2.7,0,1.32,27,277,1.1,0,1.14,.45,8	1 can~220
2745554	B	123	106,5.3,2.65,14.4,356,3.79,.76,15,3,0,1.29,23,273,0,0,1.14,.38,0	½ cup~132
2715792	B	123	100,4.62,.38,18.5,300,6.15,0,0,3.1,0,1.23,0,308,0,0,0,0,0	½ cup~130
2622150	B	89	102,2.91,.24,19.4,296,6.31,0,0,3.4,0,1.31,29,255,,0	1 bowl~206
1935604	B	89	112,4.48,.37,21.6,239,6.72,0,0,5.2,0,1.34,45,321,.9,,,,,,,,,,,112	½ cup~134|1 package~794
2745553	B	123	102,2.91,.24,19.4,296,6.31,0,0,3.4,0,1.17,34,291,0,0,0,0,0	1 bowl~206
2519840	B	144	100,4.62,.38,19.2,331,6.15,0,0,3.8,0,1.31,0,315,0,0,0,0	½ cup~130
2745546	B	123	100,4.62,.38,19.2,285,5.38,0,0,3.8,0,1.38,0,331,0,0,0,0,0	½ cup~130
2088775	B	89	113,4.93,.7,21.1,310,5.63,0,0,5.6,0,1.27,42,,0,,0,0	½ cup~142|1 package~794
2088744	B	89	100,5,.71,17.9,307,2.86,0,0,5.7,0,1.29,43,,0,,0,0	½ cup~140|1 package~794
2088440	B	89	99,5.67,.71,18.4,326,2.84,0,0,6.4,0,1.28,43,,0,,0,0	½ cup~141|1 package~794
1901805	B	100	258,27.4,17.7,0,452,0,2.42,40,0,0,.58,0,,0	1 serving~62|1 package~255
2519506	B	144	119,4.44,.74,22.2,467,8.89,0,0,4.4,0,1.19,30,170,0,0,0,0	½ cup~135
2519505	B	144	111,4.44,.37,22.2,393,8.89,0,0,5.2,0,1.07,30,311,0,0,0,0	½ cup~135
2519848	B	144	104,3.7,.37,20.7,467,8.89,0,0,3.7,0,.81,22,163,0,0,0,0	½ cup~135
2519841	B	144	100,4.62,.38,19.2,331,6.15,0,0,3.8,0,1.23,0,315,0,0,0,0	½ cup~130
2608789	B	76	82,18.8,.59,0,471,0,0,129,0,0,.82,247,129,,0	1/3 cup~85|1 package~454
1963733	B	12	179,35.7,3.57,0,1390,0,0,89,0,0,2.57,0,,0	1 serving~28|1 package~70.8
2095323	B	19	156,6.25,0,37.5,1620,31.2,0,0,0,0,0,0,,0	1 tbsp~16|1 package~369
2095325	B	19	139,5.56,0,27.8,1500,27.8,0,0,0,0,0,0,,0	1 tbsp~18|1 package~369
2095322	B	19	300,0,0,60,800,40,0,0,0,0,0,0,,0	2 tsp~5|1 package~255
2095352	B	21	310,12.7,21.1,18.3,493,1.41,8.45,56,0,0,1.52,141,,0	½ pie~71|1 package~142
2435120	B	6	222,11.1,3.33,44.4,422,0,0,0,8.9,0,6.67,333,200,,0	1 slice~45|1 package~680
2413957	B	6	311,11.1,5.56,57.8,533,11.1,1.11,0,,0,4,89,156,,0	1 slice~45|1 package~680
2416619	B	6	311,8.89,2.22,60,533,11.1,0,0,4.4,0,3.56,67,156,,0	1 slice~45|1 package~680
2140064	B	21	120,8.71,2.07,15.8,174,1.66,.17,21,3.3,0,1,21,228	1¾ cup~241|1 package~539
2414049	B	36	213,6.48,12,17.6,667,.93,1.85,19,.9,0,.46,0,93,,0,2.78,6.48	2 fillets~108|1 package~323
2375672	B	6	271,9.41,3.53,51.8,494,4.71,.59,0,2.4,0,3.76,271,106,,0	1 bun~85|1 package~680
2139976	B	21	108,7.5,2.92,13.3,292,1.67,.21,8,2.1,0,1,25,217	2 cup~240|1 package~511
2116609	B	36	184,12.1,3.19,27,326,.71,.35,21,.7,0,1.02,14,,.9,,.71,1.42	1 fillet~141|1 package~283
2416618	B	6	289,8.89,2.22,57.8,556,8.89,0,0,2.2,0,3.33,67,133,,0	1 slice~45|1 package~680
2465970	B	6	257,8.11,2.7,51.4,514,5.41,.68,0,1.4,0,3.24,176,135,,0,,,,3.38,0,.27,,97	1 bun~74|1 package~595
2190542	B	36	220,6,12,20,710,1,2,20,1,0,.6,0,0,,0,3,7	2 fillets~100|1 package~300
2186349	B	36	196,8.82,8.82,20.6,716,.98,1.47,34,1,0,.69,0,108,,0,1.96,4.9	3 pieces~102|1 package~513
2037883	B	36	218,6.36,12.7,20,709,.91,1.82,18,.9,0,.55,0,91,,0,2.73,7.27	2 fillets~110|1 package~551
2746388	B	178	194,6.48,11.1,18.5,491,.93,1.85,37,.9,0,.56,0,204,0,1,2.31,6.48,0	2 fillets~108
2185583	B	36	231,11.5,10.6,21.2,519,.96,1.92,29,1,0,1.06,0,173,,0	2 fillets~104|1 package~312
2746372	B	178	250,11.1,11.1,25,296,.93,1.85,37,.9,0,.93,0,204,0,1,2.31,5.56,0	2 fillets~108
2265430	B	26	183,8.54,6.1,22,427,2.44,2.44,30,1.2,0,1.22,49,220,,0	1 cake~82|1 package~328
2185462	B	36	222,7.41,10.2,24.1,472,.93,1.85,19,.9,0,.56,0,93,,0,2.31,5.56	2 fillets~108|1 package~323
2186344	B	36	235,10.6,10.6,24.7,482,1.18,1.76,35,1.2,0,.71,0,0,,0,2.35,5.88	1 piece~85|1 package~510
2039964	B	36	242,10.5,10.5,23.2,463,1.05,1.58,37,1.1,0,.63,0,105,,0,2.63,6.32	6 sticks~95|1 package~953
2746373	B	178	242,10.5,10.5,24.2,474,1.05,1.58,37,1.1,0,.95,0,105,0,0,2.63,6.32,19	6 sticks~95
2158443	B	36	241,10.1,10.1,24,468,1.27,1.9,38,1.3,0,.63,0,0,,0,2.53,5.7	3 sticks~79|1 package~652
2446296	B	36	222,7.41,10.2,24.1,472,.93,1.85,19,.9,0,.56,0,93,,0,2.31,5.56	2 fillets~108|1 package~1290
1901931	B	9	411,3.57,21.4,51.8,321,28.6,12.5,9,1.8,0,1.29,268,,4.3	1 danish~56|1 package~453
2081481	B	36	230,11.5,11.5,20.7,690,0,2.87,34,1.1,0,.83,0,,0,,1.72,5.75	4 sticks~87|1 package~652
2037971	B	36	184,12.8,7.09,18.4,411,.71,1.06,25,.7,0,.77,14,,1.7,,0,0	1 fillet~141|1 package~283
2487856	B	21	123,4.1,3.28,20.5,307,5.74,.61,12,2,0,.86,45,148,,.2	2 cup~244|1 package~539
2413950	B	6	338,10.8,5.41,56.8,338,6.76,1.35,0,2.7,0,4.05,311,95,,0	1 bun~74|1 package~595
2287720	B	36	181,14.2,6.3,15.8,528,.79,.39,35,.8,0,.85,0,,0,,.79,1.18	1 fillet~127|1 package~255
2140063	B	21	89,3.66,1.63,15,297,2.85,.2,16,3.3,0,.98,45,150	2 cup~246|1 package~539
2617528	B	36	191,14.2,7.09,18.4,468,.71,.71,32,.7,0,1.91,28,,0,,0,0,13	1 fillet~141|1 package~283
2081483	B	36	230,11.5,11.5,20.7,736,0,2.87,34,1.1,0,1.24,0,,2.8,,1.72,5.75	4 sticks~87|1 package~652
2182317	B	6	267,8.89,2.22,53.3,600,2.22,1.11,0,4.4,0,3.56,111,200,,0	1 slice~45|1 package~680
2617529	B	36	199,14.2,7.09,18.4,461,1.42,1.42,32,.7,0,1.02,14,,.9,,1.42,3.55,0	1 fillet~141|1 package~283
1892107	B	6	233,4.65,2.33,53.5,349,11.6,0,0,9.3,0,2.51,140,,0	1 slim~43|1 package~344
2617527	B	36	165,12.7,3.8,17.7,608,1.27,0,44,1.3,0,0,0,165,,0,.63,1.9	3 fish sticks~79|1 package~538
2747371	B	306	203,12.7,8.86,17.7,582,1.27,1.27,44,1.3,0,0,0,152,0,0,1.9,5.06,0	3 fish sticks~79
2413579	B	6	270,9.46,3.38,50,581,4.05,.68,0,1.4,0,3.38,81,108,,0	1 serving~74|1 package~595
2589759	B	6	289,10.5,3.95,57.9,395,13.2,0,0,2.6,0,3.68,79,158,,0	1 roll~38|1 package~453
2453342	B	6	256,7.69,2.56,50,513,6.41,0,0,2.6,0,2.82,115,115,,0,,,,3.59,0,.256,,173	1 bun~78|1 package~623
1913280	B	6	324,11.3,4.23,60.6,535,8.45,.7,0,2.8,0,3.8,113,,0,,.7,2.11,,4.22,1,.359	1 bun~71|1 package~566
2701784	B	306	213,6.48,12,17.6,667,.93,1.85,19,.9,0,.46,0,93,0,0,2.78,6.48,0	2 fillets~108
2053652	B	6	278,5.56,4.17,55.6,500,5.56,0,28,5.6,0,1,56,,0	1 slice~36|1 package~510
2465971	B	6	311,9.46,4.05,58.1,622,8.11,.68,0,1.4,0,3.38,135,108,,0,,,,3.78,0,.27,,109	1 serving~74|1 package~595
2037785	B	36	226,11.9,10.7,21.4,440,1.19,2.38,36,1.2,0,.43,0,,0,,1.79,5.95	4 sticks~84|1 package~652
2153634	B	4	469,6.25,18.8,68.8,172,31.2,10.9,16,3.1,0,1.25,94,219,,0	2 pieces~32|1 package~192
2031997	B	21	223,18.8,17.9,2.68,571,0,5.36,58,0,,.64,0,,0	1 serving~112|1 package~850
576361	B	8	533,5.33,32,56,27,56,13.3,13,8,0,3.36,80,,0	3 pieces~37.5
2671061	B	25	40,0,0,12.4,10,10.7,0,0,0,0,0,0,47,,0	1 can~225
2092750	B	35	33,0,0,6.67,800,3.33,0,,0,0,,,,8	2 tbsp~30|1 package~454
2071255	B	8	419,4.65,20.9,53.5,116,34.9,14,35,0,0,0,93,,0	1 bar~43
2071257	B	8	580,6,48,44,60,40,34,10,2,0,1.44,120,,0	1 bar~50
2048350	B	8	489,4.26,34,57.4,74,46.8,19.2,11,6.4,0,3.06,43,,0	1 bar~47
1898192	B	8	560,8,42,48,120,44,24,20,2,0,.72,160,,2.4	1 bar~50
2071259	B	8	600,6,48,46,60,40,34,10,2,0,1.44,120,,0	1 bar~50
2071256	B	8	532,6.38,34,55.3,85,53.2,21.3,21,2.1,0,.77,213,,2.6	1 bar~47
2608421	B	100	153,22.4,5.88,0,482,0,1.18,47,0,0,.42,0,0,,0	1/3 cup~85
2508692	B	100	153,22.4,5.88,0,482,0,1.18,47,0,0,.64,12,0,,0	1/3 cup~85
2076484	B	112	187,8.7,11.3,12.6,687,.87,4.78,24,2.2,0,1.17,17,,0	1 cup~230|1 package~1420
2050227	B	0	643,7.14,50,39.3,607,3.57,42.9,18,7.1,0,1.29,143,,8.6	1 serving~28
2218180	B	7	0,0,0,0,1320,0,,,0,,,107,36	1 serving~28
2195517	B	7	16,0,0,3.23,1160,0,,,,,,55,77	5 pieces~31|1 package~92
2042239	B	0	536,7.14,32.1,57.1,1070,0,25,0,10.7,0,0,0,,0	2¼ cup~28|1 package~170
2031241	B	7	0,0,0,3.57,1390,3.57,,,0,,,,,4.3	1 serving~28
2667691	B	7	0,0,0,0,1320,0,,,0,,,107,36	.14 pickle~28
2135678	B	7	0,0,0,3.57,1290,3.57,,,0,,,,,4.3	1 serving~28
2135677	B	7	0,0,0,3.57,1290,3.57,,,0,,,,,4.3	1 serving~28
2218181	B	7	0,0,0,0,1460,0,,,0,,,107,36	1 serving~28
2195582	B	7	16,0,0,3.23,1160,0,,,,,,55,77	5 pleces~31
2055428	B	86	0,0,0,0,1480,0,0,0,0,0,0,0,,0	2 fl oz~60|1 package~907
2377769	B	7	18,0,0,3.57,,0,,,,,,0,71	1 serving~28|1 package~92
2497980	B	7	0,0,0,0,1070,0,,,0,,,107,36	1 serving~28
2590315	B	7	0,0,0,0,1070,0,,,0,,,107,36	.14 pickle~28
2149674	B	7	14,0,0,2.78,1170,0,,,,,,56,75	2 pieces~36|1 package~106
2218075	B	7	16,0,0,3.23,1160,,,,,,,55,77	5 pieces~31|1 package~92
2032545	B	8	606,12.1,48.5,24.2,0,18.2,30.3,0,12.1,0,0,0,,0	1/3 bar~33|1 package~100
1867527	B	8	576,6.06,36.4,48.5,0,42.4,21.2,0,6.1,0,0,0,,0	1/3 bar~33|1 package~100
2085975	B	8	606,9.09,45.4,30.3,0,27.3,27.3,0,12.1,0,0,0,,0	1/3 bar~33|1 package~100
2046109	B	8	606,9.09,42.4,39.4,0,39.4,27.3,15,3,0,1.09,242,,0	1/3 bar~33|1 package~100
2073519	B	16	150,3.33,0,33.3,517,0,0,0,2.5,0,.6,17,,0	¾ cup~120|1 package~500
2009935	B	2	314,28.6,25,3.57,1000,0,14.3,71,0,0,0,893,,0	1 serving~28|1 package~255
2021740	B	2	361,25,32.1,3.57,964,0,17.9,89,0,0,0,893,,0	1 serving~28|1 package~198
2021610	B	2	361,25,32.1,3.57,964,0,17.9,89,0,0,0,893,,0	1 serving~28|1 package~106
2397425	B	2	371,25.7,31.4,0,800,0,17.1,100,0,0,0,800,0,,0	3 pieces~35|1 package~175
2021739	B	2	393,21.4,32.1,0,750,0,17.9,100,0,0,0,893,,0	1 serving~28|1 package~198
2021738	B	2	321,17.9,21.4,10.7,1290,7.14,14.3,71,0,0,0,536,,0	1 serving~28
2554286	B	2	321,17.9,21.4,7.14,1390,7.14,16.1,71,0,0,0,536,,,0	1 inch cube~28|1 package~227
2280865	B	94	203,9.41,12.9,12.4,400,.88,4.71,108,.9,0,.88,110,126	1 serving~340
2612857	B	3	250,3.7,14.8,25.9,120,25,9.26,88,0,0,0,120,128,,1	2/3 cup~108|1 package~414
2088823	B	3	227,3.09,16.5,15.5,41,13.4,10.3,129,0,0,0,82,,0	½ cup~97|1 package~473
2052769	B	3	278,4.12,22.7,16.5,36,14.4,13.4,201,0,0,0,82,,0	½ cup~97|1 package~473
2052894	B	3	299,3.09,24.7,18.6,36,16.5,14.4,191,0,0,.37,82,,0	½ cup~97|1 package~473
2052771	B	3	268,4.12,21.6,15.5,36,13.4,13.4,196,0,0,1.11,103,,1.2	½ cup~97|1 package~473
2052768	B	3	278,3.09,21.6,18.6,36,14.4,12.4,196,0,0,.37,82,,0	½ cup~97|1 package~473
2052893	B	3	227,3.09,16.5,15.5,41,13.4,10.3,129,0,0,0,82,,0	½ cup~97|1 package~473
2663731	B	3	252,5.04,16,25.2,92,20.2,10.1,92,2.5,0,.91,84,118,,1	2/3 cup~119|1 package~414
2593361	B	3	259,3.7,15.7,25.9,88,25,9.26,79,0,0,0,106,157,,1	2/3 cup~108|1 package~414
2651520	B	3	252,3.36,13.4,28.6,97,28.6,8.4,88,0,0,0,67,118,,1	2/3 cup~119|1 package~414
2663743	B	3	286,5.04,21,21,97,18.5,10.1,105,.8,.42,.91,84,118,,2	2/3 cup~119|1 package~414
2663717	B	52	344,3.12,26.6,29.7,108,23.4,20.3,0,0,0,4.69,98,297,,0	1 bar~64|1 package~272
2388645	B	52	236,1.43,15,24.3,129,,11.4,0,.7,0,.77,0,50,,0	2/3 cup~140|1 package~414
2593363	B	3	259,4.63,16.7,25,157,21.3,10.2,93,0,0,.93,112,383,,1	2/3 cup~108|1 package~414
1088163	B	3	279,4.65,17.4,26.7,163,20.9,10.5,110,0,0,.42,116,,1.4	½ cup~86
2663735	B	52	293,2.86,19.3,27.1,321,22.1,12.9,0,.7,0,.77,0,100,,0	2/3 cup~140|1 package~414
1973586	B	3	269,4.2,18.5,22.7,67,18.5,11.8,113,1.7,0,2.27,67,176,,.5	2/3 cup~119|1 package~414
2256388	B	3	277,4.2,16.8,29.4,126,25.2,10.1,80,1.7,.42,.91,67,176,,.5	2/3 cup~119|1 package~414
1973032	B	52	286,3.57,17.1,32.1,171,25,10.7,0,2.1,0,2.57,14,50,,0	2/3 cup~140|1 package~414
2663744	B	52	279,1.43,15,35,157,29.3,11.4,0,.7,0,.77,0,50,,0	2/3 cup~140|1 package~414
2310421	B	52	379,2.14,22.9,41.4,221,31.4,17.9,0,1.4,0,.77,14,100,,0	2/3 cup~140|1 package~414
1926582	B	52	295,2.86,22.9,24.8,5,18.1,14.3,0,2.9,0,1.37,19,,0	½ cup~105|1 package~414
1982149	B	52	271,2.86,17.9,27.1,200,21.4,10.7,0,.7,0,.77,14,100,,0	2/3 cup~140|1 package~414
2663733	B	52	300,2.86,18.6,32.9,264,27.1,12.1,0,.7,0,.77,0,100,,0	2/3 cup~140|1 package~414
2663737	B	3	269,4.2,15.1,25.2,151,21.8,10.9,109,0,0,.91,84,118,,0	2/3 cup~119|1 package~414
2367408	B	3	343,5.97,25.4,29.8,67,19.4,17.9,60,6,0,5.97,79,188,,0	1 bar~67|1 package~272
2449098	B	52	286,5.04,20.2,21.8,160,16.8,12.6,0,2.5,0,1.51,17,176,,0	2/3 cup~119|1 package~414
2663736	B	3	261,4.2,18.5,20.2,67,20.2,11.8,139,0,0,0,84,59,,0	2/3 cup~119|1 package~414
1950178	B	3	270,4.49,18,22.5,73,21.4,10.1,152,0,0,.4,112,,1.3	½ cup~89|1 package~414
1948575	B	52	286,5.71,19,27.6,190,21.9,9.52,0,2.9,0,1.03,19,,0	½ cup~105|1 package~414
2180769	B	3	370,5.04,18.5,27.7,160,21.8,10.1,109,.8,.42,.91,84,118,,.85	2/3 cup~119|1 package~414
2278791	B	3	373,5.97,26.9,32.8,142,25.4,16.4,75,3,0,,131,149,,0	1 bar~67
2663739	B	3	269,3.36,16.8,25.2,160,24.4,10.1,126,0,0,0,84,59,,0	2/3 cup~119|1 package~414
586734	B	52	295,2.86,21,26.7,5,21.9,13.3,0,1.9,0,1.37,0,,0	½ cup~105
2414151	B	3	269,4.2,12.6,36.1,151,29.4,7.56,84,0,0,0,84,59,,.5	2/3 cup~119|1 package~414
2510138	B	3	269,3.7,15.7,29.6,116,25,9.26,88,0,0,0,109,143,,.925	1 serving~108|1 package~414
2593362	B	3	250,3.7,14.8,25.9,130,22.2,8.33,83,0,0,0,111,142,,1	2/3 cup~108|1 package~414
2663746	B	3	286,5.04,10.9,25.2,235,21,10.9,126,0,.42,.91,84,118,,2	2/3 cup~119|1 package~414
2663741	B	3	261,4.2,17.6,19.3,84,19.3,10.9,139,0,0,0,84,59,,1	2/3 cup~119|1 package~414
2282158	B	52	293,2.86,20,25.7,200,22.1,12.9,0,.7,0,1.29,0,100,,0	2/3 cup~140|1 package~414
1111660	B	3	299,3.09,24.7,18.6,36,16.5,14.4,191,0,0,.37,82,,0	½ cup~97
2388633	B	52	257,1.43,15.7,28.6,25,,12.1,0,1.4,0,.77,0,50,,0	2/3 cup~140|1 package~414
2279669	B	52	279,1.43,17.1,29.3,121,24.3,13.6,0,.7,0,.77,0,100,,0	2/3 cup~140|1 package~414
2663742	B	3	328,6.72,21.8,26,168,22.7,10.9,109,1.7,.42,.91,84,176,,1	2/3 cup~119|1 package~414
2384330	B	52	321,3.57,20.7,30.7,350,,13.6,0,.7,0,.77,14,150	2/3 cup~140|1 package~414
2449981	B	52	328,4.48,25.4,28.4,127,17.9,19.4,0,4.5,0,4.48,16,93,,0	1 bar~67|1 package~272
2651944	B	3	269,4.2,16.8,22.7,80,21.8,10.9,130,0,0,0,84,59,,1	2/3 cup~119|1 package~414
2663718	B	3	286,3.36,17.6,25.2,134,22.7,10.9,113,0,0,0,67,118,,1	2/3 cup~119|1 package~414
2663745	B	52	345,1.68,21,37,227,31.1,16,0,.8,0,.91,0,59,,0	2/3 cup~119|1 package~414
2462936	B	3	343,5.97,25.4,28.4,110,22.4,16.4,76,0,0,4.48,94,284,,1.5	1 bar~67|1 package~272
2663690	B	3	261,5.04,16,26,134,21.8,10.1,101,0,.42,0,84,118,,1	2/3 cup~119|1 package~414
2663734	B	52	264,3.57,14.3,35.7,136,27.9,10,0,4.3,0,1.93,14,200,,0	2/3 cup~140|1 package~414
2144885	B	52	295,2.86,21,26.7,171,21.9,13.3,0,1.9,0,1.37,0,,0	½ cup~105|1 package~414
2663740	B	3	294,5.04,21,20.2,105,19.3,11.8,151,.8,0,0,84,59,,0	2/3 cup~119|1 package~414
1972976	B	52	286,2.14,19.3,25,229,23.6,12.9,0,.7,0,.77,0,50,,0	2/3 cup~140|1 package~414
2144835	B	3	247,2.25,18,23.6,34,21.4,10.1,118,1.1,0,.4,67,,16.9	½ cup~89|1 package~414
2510134	B	52	250,1.43,15,28.6,150,23.6,12.1,0,1.4,0,.77,0,100,,0	2/3 cup~140|1 package~414
2539087	B	3	259,3.7,13.9,28.7,120,25.9,8.33,74,0,0,0,103,144,,.925	2/3 cup~108|1 package~414
2652130	B	3	316,3.51,22.8,24.6,96,19.3,12.3,61,0,0,0,89,128,,2	1 bar~57|1 package~532
2593360	B	3	241,4.63,16.7,20.4,116,19.4,10.2,97,0,.46,0,140,171,,1	2/3 cup~108|1 package~414
2663719	B	3	356,5.08,27.1,28.8,100,28.8,17,86,0,0,1.69,129,198,,2	1 bar~59|1 package~272
2663702	B	52	313,2.99,20.9,34.3,142,19.4,16.4,0,6,0,5.97,16,131,,0	1 bar~67|1 package~272
2663738	B	3	244,4.2,15.1,19.3,84,19.3,10.9,126,0,0,0,84,59,,1	2/3 cup~119|1 package~414
2663732	B	52	286,2.86,18.6,27.9,229,24.3,11.4,0,.7,0,.77,0,100,,0	2/3 cup~140|1 package~414
2367407	B	52	343,2.99,26.9,28.4,142,19.4,19.4,0,4.5,0,4.48,16,109,,0	1 bar~67|1 package~272
2640444	B	3	343,2.99,25.4,28.4,90,22.4,19.4,0,0,0,4.48,13,188,,0	1 bar~67|1 package~272
2052770	B	3	293,3.26,22.8,25,5,18.5,14.1,0,2.2,0,1.57,22,,0	½ cup~92
2510136	B	3	250,3.7,14.8,24.1,130,22.2,9.26,88,0,0,0,107,108,,.925	2/3 cup~108|1 package~414
2052895	B	3	268,4.12,20.6,18.6,36,16.5,9.28,113,1,0,.74,82,,0	½ cup~97
2447124	B	52	257,2.14,15.7,27.1,64,22.1,13.6,0,.7,0,.77,0,100,,0	2/3 cup~140|1 package~414
2631150	B	3	259,4.63,16.7,23.2,185,20.4,9.26,93,0,.46,0,119,156,,1	2/3 cup~108|1 package~414
2192105	B	8	607,3.57,50,42.9,54,35.7,42.9,0,7.1,0,7.14,71,786,,0	1 serving~28|1 package~700
1877433	B	8	568,2.7,37.8,56.8,108,51.4,35.1,0,2.7,0,4.86,108,,0	4 pieces~37|1 package~800
2171716	B	16	236,12.4,7.96,27.4,170,.88,4.42,79,1.8,0,.96,195,,5.3	4 ravioli~113|1 package~226
1954900	B	36	100,23,1,0,160,0,0,108,0,0,.72,40,,0	1 cup~100|1 package~454
2420776	B	36	82,18.8,.59,0,671,0,0,176,0,0,0,35,94,,0	1 serving~85|1 package~907
2075121	B	9	429,5.36,23.2,50,375,23.2,12.5,18,1.8,0,1.93,268,,4.3	1 danish~56|1 package~453
2192062	B	50	125,0,0,50,19200,25,0,0,0,0,2.5,0,250,,0	1 tsp~4|1 package~198
2424701	B	50	250,25,0,50,0,0,0,0,25,0,35,1250,1000,,0	1 tsp~4|1 package~59
2182381	B	19	143,0,0,32.1,500,28.6,0,0,0,0,0,18,164,,0	2 tbsp~28|1 package~368
2307944	B	19	179,0,0,35.7,482,32.1,0,0,0,0,0,0,,4.3	2 tbsp~28|1 package~368
2182378	B	19	125,0,0,32.1,536,28.6,0,0,0,0,1.29,0,,8.6	2 tbsp~28|1 package~368
2424697	B	50	250,25,0,50,8500,25,0,0,0,0,2.5,0,500,,0	1 tsp~4|1 package~136
2192061	B	7	286,0,0,71.4,250,71.4,0,0,.9,0,0,4,14,,0	2 tbsp~28|1 package~340
2192060	B	7	286,0,0,71.4,250,71.4,0,0,0,0,0,0,14,,0	2 tbsp~28|1 package~340
2424698	B	11	250,0,0,50,11200,0,0,0,25,0,10,250,1000,,0	1 tsp~4|1 package~130
2424699	B	11	0,0,0,25,26800,0,0,0,0,0,2.5,0,250,,0	1 tsp~4|1 package~212
2182375	B	11	250,0,0,50,5250,25,0,0,0,0,5,250,500,,0	1 tsp~4|1 package~165
2424700	B	15	54,0,0,7.14,786,3.57,0,0,.9,0,0,14,143,,0	2 tbsp~28|1 package~453
2192118	B	7	286,0,0,71.4,286,71.4,0,0,0,0,0,0,14,,0	2 tbsp~28|1 package~340
2542390	B	15	36,0,0,7.14,714,3.57,0,0,0,0,0,32,179,,0	2 tbsp~28|1 package~454
2424696	B	11	125,0,0,25,13200,0,0,0,25,0,7.5,250,750,,0	1 tsp~4|1 package~165
2571651	B	85	213,6.67,6.67,38.7,387,4,0,0,5.3,0,2.67,433,183,,0	2 waffles~75
2029590	B	99	250,2.38,8.33,40.5,500,3.57,.6,0,1.2,0,1.19,258,117,,0	2 waffles~84|1 package~255
2287956	B	14	433,6.67,16.7,63.3,100,20,3.33,0,6.7,0,2.4,67,,0	1/3 cup~30|1 package~312
1869796	B	14	344,6.25,3.12,78.1,375,28.1,0,0,15.6,0,1.12,250,,0	¾ cup~32|1 package~311
2170643	B	99	218,10.3,5.75,29.9,287,6.9,1.15,0,1.1,0,2.3,32,75,,0	2 pancakes~87|1 package~348
2571656	B	85	298,14.3,10.7,35.7,238,9.52,1.19,6,2.4,0,1.19,30,110,,0,5.95,2.98	2 waffles per serving~84
2166057	B	13	400,8.57,12.9,65.7,257,25.7,4.29,0,11.4,0,2.86,80,346,,0	1 bar~35|1 package~175
2036180	B	14	433,6.67,15,66.7,100,23.3,3.33,0,6.7,0,3.6,67,,0	1/3 cup~30|1 package~312
2677277	B	29	433,6.67,15,73.3,433,10,1.67,0,6.7,0,2.4,67,,0,,,,450	12 crackers~30|1 package~113
1883871	B	14	344,6.25,3.12,78.1,312,28.1,0,0,15.6,0,1.12,250,,3.8	¾ cup~32|1 package~283
2030918	B	99	227,2.52,4.2,46.2,336,11.8,.42,0,1.7,0,.84,284,87,,0	3 slices~119|1 package~241
2571652	B	85	238,2.38,7.14,41.7,536,3.57,.6,0,1.2,0,1.19,276,132,,0	2 waffles~84
2571653	B	96	250,2.38,8.33,40.5,500,3.57,.6,0,1.2,0,1.19,258,117,,0	2 waffles~84
2036182	B	29	467,6.67,20,66.7,700,10,1.67,0,6.7,0,2.4,67,,0	12 crackers~30|1 package~113
1930855	B	29	467,10,16.7,66.7,600,6.67,1.67,0,6.7,0,3.33,87,297,,0	30 crackers~30|1 package~141
1869797	B	5	433,6.67,15,70,700,10,1.67,0,3.3,0,1.2,67,,4	15 chips /~30|1 package~155
2287173	B	13	400,5,15,62.5,275,25,1.25,0,5,0,1.8,0,,0,,6.25,2.5	1 bar~40|1 package~199
2085557	B	99	240,2.67,6.67,41.3,307,4,.67,0,4,0,1.33,267,120,,0	2 waffles~75|1 package~227
2677278	B	99	235,2.35,7.06,38.8,388,1.18,.59,0,1.2,0,.85,47,,1.4,,,,0	2 waffles~85|1 package~255
1869800	B	14	344,6.25,4.69,75,344,28.1,0,0,18.8,0,2.25,250,,0	¾ cup~32|1 package~283
1852304	B	99	247,3.53,8.24,38.8,412,1.18,.59,0,2.4,0,.85,24,,1.4	2 waffles~85|1 package~255
1866430	B	99	205,5.68,2.84,39.8,386,10.2,0,11,1.1,0,6.14,91,,0	2 panvakes~88|1 package~352
2108410	B	5	433,6.67,15,73.3,667,13.3,1.67,0,3.3,0,1.2,67,,4	15 chips /~30|1 package~155
2126116	B	99	250,4.76,7.14,41.7,125,8.33,1.19,0,2.4,0,2.38,293,90,,0	3 sets of 4 mini waffles~84|1 package~227
1860538	B	29	467,6.67,16.7,70,600,10,1.67,0,6.7,0,2.4,67,,0	30 crackers~30|1 package~141
2283903	B	99	213,5.33,8,34.7,373,4,1.33,0,2.7,0,1.33,33,116,,0	2 waffles~75|1 package~1130
2116493	B	99	238,11.9,8.33,31,202,7.14,.6,0,1.2,0,1.19,387,57,,0	2 waffles~84|1 package~255
2571657	B	26	230,3.45,4.6,44.8,310,3.45,0,0,1.1,0,1.15,34,138,,0	2 pancakes~87|1 package~352
2279852	B	99	218,11.5,5.75,31,322,5.75,0,0,1.1,0,,34,67,,0	2 pancakes~87
1948092	B	99	230,3.45,4.6,44.8,310,3.45,0,0,1.1,0,1.15,34,138,,0	2 pancakes~87|1 package~352
1869799	B	13	400,7.5,15,62.5,288,35,2.5,0,5,0,.9,0,,3	1 bar~40|1 package~200
1928368	B	116	467,10,16.7,70,667,3.33,3.33,0,6.7,0,3.33,90,260,,0	30 crackers~30|1 package~141
1988901	B	13	400,7.5,15,65,312,32.5,1.25,0,5,0,2.5,60,240,,0	1 bar~40|1 package~200
2571654	B	85	294,11.8,9.41,40,224,8.24,1.18,0,3.5,0,1.18,221,87,,0	2 waffles per serving~85
2571655	B	85	238,11.9,8.33,31,202,7.14,.6,0,1.2,0,1.19,387,57,,0	2 waffles~84
2283703	B	99	250,2.38,8.33,41.7,357,3.57,.6,0,2.4,0,1.19,339,119,,0	3 sets of 4 mini waffles~84|1 package~227
1937143	B	63	221,10.6,3.1,46,142,2.65,.44,0,3.5,0,3.19,18,,0	1 serving~113|1 package~283
1869792	B	13	400,7.5,15,60,288,32.5,2.5,0,5,0,.9,0,,3	1 bar~40|1 package~200
2036181	B	116	467,10,16.7,66.7,767,6.67,3.33,0,6.7,0,3.33,147,523,,0	30 crackers~30|1 package~141
1883757	B	13	371,5.71,8.57,71.4,429,25.7,0,0,11.4,0,1.03,0,,0,,1.43,0	1 bar~35|1 package~175
1883764	B	14	400,6.67,15,63.3,100,23.3,5,0,6.7,0,3.6,0,,0,,5,3.33	1/3 cup~30|1 package~311
1941318	B	14	433,6.67,16.7,63.3,100,20,3.33,0,6.7,0,2.4,67,,0	1/3 cup~30|1 package~283
1941317	B	14	400,6.67,15,63.3,100,23.3,3.33,0,6.7,0,2.4,0,,0	1 serving~30|1 package~283
1901125	B	63	323,9.23,3.85,73.8,800,4.62,1.54,8,3.1,0,1.11,154,,0	1 serving~65|1 package~198
2029589	B	99	238,2.38,7.14,41.7,536,3.57,.6,0,1.2,0,1.29,238,,0	2 waffles~84|1 package~255
2453939	B	99	250,2.38,8.33,40.5,500,3.57,.6,0,1.2,0,1.19,258,117,,0	2 waffles~84|1 package~504
2014481	B	99	247,2.35,7.06,43.5,376,3.53,.59,0,3.5,0,.85,24,,1.4	2 waffles~85|1 package~255
2125693	B	99	298,14.3,10.7,35.7,238,9.52,1.19,6,2.4,0,1.19,30,110,,0,5.95,2.98	2 waffles~84|1 package~255
2014476	B	99	213,6.67,6.67,38.7,387,4,0,0,5.3,0,2.67,433,183,,0	2 waffles~75|1 package~227
2016036	B	99	187,6.67,2.67,41.3,413,4,0,0,5.3,0,2.67,373,200,,0	2 waffles~75|1 package~227
1885988	B	99	235,2.35,7.06,38.8,388,1.18,.59,0,1.2,0,.85,47,,1.4	2 waffles~85|1 package~1020
1909248	B	116	500,10.7,17.9,71.4,929,7.14,3.57,0,7.1,0,2.57,143,,0	1 bag~28|1 package~141
1869791	B	14	375,6.25,3.12,81.2,406,25,0,0,15.6,0,3.38,250,,0	¾ cup~32|1 package~311
1869798	B	14	400,6.67,16.7,63.3,83,20,3.33,0,6.7,0,2.4,0,,0,,5,3.33	1/3 cup~30|1 package~311
1865684	B	99	224,5.26,9.21,38.2,421,5.26,1.32,0,6.6,0,.95,26,,0	2 waffles~76|1 package~227
1856376	B	99	224,5.26,9.21,36.8,395,3.95,1.32,0,6.6,0,.95,53,,0	2 waffles~76|1 package~227
1869794	B	13	429,8.57,10,74.3,286,31.4,0,0,11.4,0,2.06,114,,6.9	1 bar~35|1 package~175
2189869	B	33	144,6.19,3.09,22.7,392,4.12,1.03,10,2.1,0,1.48,41,,49.5	1 egg roll & sauce~97|1 package~390
2078186	B	26	153,7.06,3.53,23.5,435,3.53,.59,12,1.2,0,1.27,47,,49.4	1 egg roll~85|1 package~1021
2171840	B	26	153,0,3.53,23.5,435,3.53,.59,12,1.2,0,1.27,47,,49.4	1 egg roll~85|1 package~850
2022689	B	13	429,8.57,11.4,74.3,300,31.4,2.86,0,11.4,0,3.09,57,,0	1 bar~35|1 package~175
2063821	B	13	457,8.57,14.3,68.6,343,31.4,4.29,0,11.4,0,2.06,57,,0	1 bar~35|1 package~175
2022918	B	29	467,10,15,70,567,10,0,0,6.7,0,2.4,67,,0	30 crackers~30|1 package~141
2030923	B	99	238,5,8.75,40,388,6.25,1.25,0,6.2,0,.9,25,,0	2 waffles, per container~80|1 package~241
2116431	B	63	368,16.2,4.41,64.7,676,2.94,1.47,7,4.4,0,3.97,118,,0	1 serving~68|1 package~204
2095492	B	46	590,10.1,43.9,38.8,720,1.2,,,2.8	1 serving~100
2114501	B	12	558,14,40.5,34.6,,.4,,,.7	1 serving~100
2121475	B	16	133,3.33,.42,29.2,450,0,0,0,2.5,0,.75,25,,0	¾ cup~120|1 package~500
2501343	B	32	650,1.67,66.7,10,1530,0,5.83,0,5,0,1.2,67,,,0	¼ cup~60|1 package~135
2010139	B	16	385,12.3,9.23,64.6,600,3.08,3.85,77,3.1,0,1.66,92,,0	4 cup~65|1 package~250
2653257	B	0	458,8.33,16.7,66.7,458,33.3,10.4,0,4.2,0,1.5,83,,0,,,,0	1 serving~24
1944932	B	0	458,8.33,16.7,70.8,417,37.5,8.33,21,4.2,0,1.5,83,,0	1 serving~24
2578083	B	24	0,0,0,0,0	12 fl oz per serving~360|1 package~1000
2415067	B	9	412,6.25,15,65,156,26.2,8.75,50,1.2,0,2.5,41,169	1 slice~80|1 package~700
438249	B	22	264,4,2,72,18,32,0,0,10,,4,44,1010,18	1 serving~50
1975216	B	122	140,0,0,30.7,15,30.7,0,0,0,0,0,3,0,.7,0	1 serving~15|1 package~500
2582232	B	122	87,0,0,16,38,,0,,,0,,,,,,0,0	1 tbsp~15|1 package~250
1997329	B	122	87,0,0,16,38,,0,,,0,,,,,,0,0	1 tbsp~15|1 package~250
554227	B	36	97,21.2,.88,0,221,0,0,195,0,0,3.19,35,,2.1	1 serving~113
1662674	B	0	710,10,70,13.3,0,3.33,6.67,0,6.7,,0,0,,0	¼ cup~30
2419481	B	1	338,6.25,0,78.1,31,56.2,0,0,0,0,0,0,0,,0	4 pieces~32|1 package~130
1925213	B	80	200,3.57,10.7,20.7,493,2.86,2.86,7,2.1,0,1.29,29,,8.6	1 cup~140|1 package~255
1924626	B	80	67,.96,.48,14.4,500,10.6,0,0,1.9,0,.35,38,,40.4	1 cup~104|1 package~283
1924625	B	33	229,2.86,18.6,12.9,450,2.14,2.86,11,1.4,0,.77,29,,19.3	¾ cup~140|1 package~312
2316694	B	80	173,.96,10.6,17.3,519,15.4,1.44,0,1.9,0,.35,38,,34.6	1 cup~104|1 package~312
1924613	B	7	229,5.71,10.7,10.7,571,.71,6.43,32,.7,0,0,107,,8.6	¾ cup~140|1 package~425
2507607	B	80	214,3.57,13.6,18.6,629,.71,1.07,0,1.4,0,.77,14,,6.4	1 cup~140|1 package~312
1922946	B	33	171,5,10,15.7,550,2.14,2.14,7,1.4,0,1.29,29,,1.7	¾ cup~140|1 package~312
1923045	B	80	200,5,8.57,25,457,6.43,0,0,2.1,0,1.03,14,,17.1	¾ cup~140|1 package~312
1924669	B	7	157,2.86,2.5,15,514,2.86,1.79,36,1.4,0,.26,0,,.9	¾ cup~140|1 package~425
2426031	B	14	375,12.5,7.5,67.5,0,0,0,0,,0,4.25,50,375,,0,2.5,2.5	½ cup~40|1 package~1130
2170551	B	14	371,8.57,5.71,77.1,429,28.6,0,0,8.6,0,2.86,29,286,,0,1.43,1.43	1 packet~35|1 package~280
2170594	B	14	371,8.57,4.29,77.1,386,28.6,0,0,5.7,0,2.86,29,314,,0,1.43,1.43	1 packet~35|1 package~280
2170593	B	14	378,8.11,5.41,75.7,405,29.7,0,0,8.1,0,3.24,54,297,,0,1.35,1.35	1 packet~37|1 package~296
2628323	B	7	172,1.5,14,4.5,475,1.75,3,0,2.5,0,0,0,,0,,,,0	1/3 cup~40|1 package~540
2587156	B	7	110,1,3.67,17.3,233,5.67,.33,0,2.3,0,0,0,0,,0	1/3 cup~30|1 package~510
2098101	B	7	35,0,0,2,300,1,0,0,1,0,.72,30,,24.6	1 cup~100|1 package~2450
1960194	B	7	37,.33,0,7.67,250,6.33,0,0,1,0,0,0,,6	1/3 cup~30|1 package~530
2542072	B	7	125,1.25,7.5,12,300,4,.75,0,2.2,0,.45,0,0,,0	1/3 cup~40|1 package~680
2153708	B	7	183,7.67,15,10.7,517,7,2.67,0,2.7,0,0,33,,0	1/3 cup~30|1 package~550
2418216	B	7	125,1.25,7.5,12,300,4,.75,0,2.2,0,.45,0,0,,0	1/3 cup~40|1 package~680
2165364	B	7	162,2.5,15,7.5,462,5,2.5,0,2.5,0,0,0,,0	1/3 cup~40|1 package~680
1912919	B	42	262,0,0,71.4,0,71.4,0,0,0,0,0,0,,0	¼ cup~21|1 package~900
2154423	B	44	76,1,0,18,5,13,0,0,2,0,.36,20,,10.2	½ cup~100|1 package~720
2166011	B	42	150,0,0,40,0,40,0,0,5,0,0,0,,63	1 tbsp~20|1 package~340
2129667	B	19	179,7.14,7.14,14.3,757,7.14,0,0,0,0,0,0,,0	1 tbsp~14|1 package~250
2129671	B	19	107,7.14,7.14,14.3,800,7.14,0,0,0,0,0,0,,0	1 tbsp~14|1 package~250
2663818	B	23	714,0,78.6,7.14,571,0,7.14,0,0,0,0,0,71,,0	1 tbsp~14|1 package~325
2433125	B	36	141,23.5,5.88,0,47,,0,35,0,,.85,24	1 serving~85|1 package~284
2500883	B	29	419,6.45,12.9,74.2,581,6.45,0,0,6.5,0,3,68,348,,0	18 pieces~31|1 package~141
1461153	B	57	419,6.45,12.9,74.2,581,6.45,0,,,0,3,68,355,,0	18 pieces~31
1460920	B	57	500,14.7,29.4,50,529,2.94,2.94,,,0,5.88,209,506,,0	1 pack~34
1461055	B	57	500,13.3,30,50,533,3.33,3.33,,,0,6,210,507,,0	9 pieces~30
1461001	B	57	500,13.3,26.7,53.3,500,3.33,1.67,,,0,4.67,170,577,,0	9 pieces~30
1461248	B	57	467,6.67,20,70,533,23.3,3.33,,,0,2.73,283,300,,0	7 pieces~30
1461201	B	57	470,5.88,23.5,64.7,500,23.5,7.35,,,0,2.65,265,323,,0	1 pack~34
1460895	B	57	477,4.15,22.8,66.4,498,24.9,7.26,,,0,2.7,270,311,,0	1 pack~48.2
1460956	B	57	467,6.67,23.3,66.7,500,23.3,8.33,,,0,2.67,267,333,,0	7 pieces~30
1460870	B	57	467,6.67,23.3,66.7,500,23.3,8.33,,,0,2.67,267,333,,0	7 pieces~30
1461134	B	57	441,8.82,10.3,76.5,500,5.88,0,,,0,3.82,68,335,,0	1 pack~34
1461239	B	57	436,8.3,10.4,76.8,498,6.23,0,,,0,3.94,68,336,,0	1 pack~48.2
1461064	B	57	419,9.68,11.3,74.2,484,6.45,0,,,0,3.87,68,335,,0	18 pieces~31
2550839	B	24	0,0,0,.28,0,0,0,0,0,0,0,0,0,,0	12 fl oz~355
1989494	B	41	800,0,93.3,0,0,,13.3,0,,0,,,,,,66.7,13.3	1 tbsp~15|1 package~500
2500885	B	29	500,13.3,30,50,533,3.33,3.33,0,10,0,6,210,507,,0	9 pieces~30|1 package~141
2550840	B	24	0,0,0,.28,0,0,0,0,0,0,0,0,0,,0	12 fl oz~355
2500889	B	4	467,6.67,23.3,66.7,500,23.3,8.33,0,6.7,0,2.77,260,317,,0	7 pieces~30|1 package~141
2500892	B	4	467,6.67,20,70,533,23.3,3.33,0,6.7,0,2.8,280,300,,0	7 pieces~30|1 package~141
2550841	B	24	0,0,0,.28,0,0,0,0,0,0,0,0,0,,0	12 fl oz~355
2550842	B	24	0,0,0,.28,0,0,0,0,0,0,0,0,0,,0	12 fl oz~355
2500884	B	29	500,13.3,26.7,53.3,500,3.33,1.67,0,6.7,0,4.67,170,577,,0	9 pieces~30|1 package~141
2500909	B	4	467,6.67,23.3,66.7,500,23.3,8.33,0,6.7,0,2.77,260,317,,0	7 pieces~30|1 package~566
2500882	B	116	419,9.68,11.3,74.2,484,6.45,0,0,6.5,0,3.87,68,335,,0	18 pieces~31|1 package~141
2144905	B	24	0,0,0,0,0,0	8 fl oz~240|1 package~500
2438940	B	103	292,15.2,1.31,58.6,79,,0,0,1.8,,4,61,,0	½ cup~99|1 package~397
2582357	B	6	274,6.45,6.45,45.2,532,1.61,1.61,0,0,0,3.23,145,242,,0	1 tortilla~62
1894076	B	87	274,6.45,8.06,43.6,548,1.61,1.61,0,1.6,0,2.9,161,,38.7	1 tortilla~62|1 package~496
2582358	B	66	290,6.45,7.26,46.8,645,1.61,1.61,0,1.6,0,3.23,129,129,,0	1 tortilla~62
2582356	B	66	290,6.45,7.26,46.8,645,1.61,1.61,0,1.6,0,3.23,129,129,,0	1 tortilla~62|1 package~336
2439765	B	65	432,9.09,13.6,68.2,105,59.1,5.45,14,4.5	1 cup~22|1 package~220
2439763	B	65	432,9.09,13.6,68.2,105,59.1,5.45,14,4.5	1 cup~22|1 package~220
2439764	B	30	432,9.09,13.6,68.2,105,59.1,5.45,14,4.5	1 cup~22|1 package~220
2439762	B	65	432,9.09,13.6,68.2,105,59.1,5.45,14,4.5	1 cup~22|1 package~220
2414993	B	61	351,8,0,84.4,1,,0,,1.1,0	¼ cup~45|1 package~500
2580907	B	68	143,3.57,2.14,28.6,61,,.29,,1.4,0,,,25,,0	½ cup~140|1 package~281
2580906	B	61	136,2.86,2.14,26.4,29,,.29,,.7,0,,,25	½ cup~140|1 package~281
2017992	B	68	129,3.57,2.14,25,386,1.43,.29,0,.7,0,0,0,,0	¾ cup~140
2013692	B	68	114,2.86,1.43,24.3,179,0,.14,0,2.1,0,0,0,,0	¾ cup~140|1 package~280
2414976	B	61	351,6.44,0,84.4,1,,0,,.9,0	¼ cup~45|1 package~500
2666457	B	61	143,2.86,1.43,30,3,,.21,,2.1,0,,29,50,,1	½ cup~140|1 package~280
2580910	B	33	114,2.86,4.29,18.6,207,2.86,3.21,,4.3,,.71,26,179	¾ cup~140|1 package~281
2580909	B	68	129,2.14,2.14,25.7,314,2.14,,,.7,,5.71,19,100	¾ cup~140|1 package~281
2580911	B	68	86,2.86,1.43,16.4,193,3.57,,,2.9,,.71,33,271	¾ cup~140|1 package~281
2124786	B	68	136,3.57,2.5,25.7,271,2.14,.36,0,2.1,0,.51,0,,0	¾ cup~140
2414988	B	68	153,2.67,2,32,60,,.13,,,0,,,23,,.275	2/3 cup~150|1 package~300
1106304	B	61	356,8.89,0,80,0,4.44,0,0,4.4,0,.8,0,,0	¼ cup~45
2580908	B	68	147,2.67,1.33,30,3,,.2,,1.3,0,,,23,,1	½ cup~150|1 package~300
2666456	B	68	153,3.33,.67,34,187,.67,.13,,,0,,,,,1	2/3 cup~150|1 package~300
2017999	B	68	143,3.57,2.5,28.6,207,0,.71,0,2.1,0,0,0,,0	¾ cup~140|1 package~280
2466396	B	59	385,51.3,15.4,20.5,51,2.56,1.28,0,15.4,,11.5,513,564,123,12.8,2.56,7.69,,25.6,2,2.18,2.56,513,103,641,2.31,,6.41,,,4,123	1 serving~39|1 package~431
1048051	B	59	379,69,1.72,17.2,655,6.9,1.72,0,3.4,0,18.6,690,,0	1 scoop~29
2283207	B	59	381,71.4,7.14,14.3,905,4.76,0,0,4.8,0,8.57,286,,5.7	½ tbsp~21|1 package~801
1869350	B	5	379,69,1.72,17.2,655,6.9,1.72,0,3.4,0,18.6,690,,0	1 serving~29|1 package~609
2466345	B	30	368,52.6,13.2,21,658,2.63,1.32,0,10.5,0,14.2,395,737,94.7,13.2,2.63,5.26,,26.3,2,2.24,2.63,84,84,395,5.53,.79,3.95,1,,,210	1 serving~38|1 package~344
2466326	B	30	368,52.6,13.2,21,658,2.63,1.32,0,10.5,0,14.2,395,737,78.9,13.2,2.63,5.26,,26.3,2,2.24,2.63,84,84,395,5.53,.79,3.95,1,,,210	1 scoop~38|1 package~688
2392619	B	30	345,0,0,89.7,448,69,0,0,3.4,0,1.24,207,397,4.1	1 scoop~29|1 package~428
1937880	B	5	379,69,1.72,17.2,655,6.9,1.72,0,3.4,0,18.6,690,,0	1 scoop~29|1 package~522
2160400	B	13	422,22.2,15.6,48.9,333,24.4,5.56,0,11.1,0,2.4,89,,0	1 bar~45
2392600	B	13	422,22.2,15.6,48.9,333,24.4,5.56,0,11.1,0,2.4,89	1 serving~45|1 package~180
2214310	B	17	127,8.67,5.33,12,107,5.33,1,0,4,0,3,13,140,,0,,,,,,,,,27,,,1.5,,,,19	1 container~150
2117028	B	30	367,68.8,0,18.4,642,9.17,0,0,4.6,0,16.5,459,,0	1 serving~21.8|1 package~262
1973568	B	5	385,57.7,7.69,26.9,962,23.1,0,0,3.8,0,7.31,346,423,,0,,,,,,,,,,,,,,,,,,,231	2 scoops~26|1 package~258
2628334	B	59	346,57.7,1.92,19.2,538,7.69,0,0,7.7,0,13.8,385,,0,,,,0	1 scoop~26|1 package~260
2388111	B	5	379,51.7,6.9,31,655,3.45,1.72,0,17.2,0,14.5,345,690,,0,,,,,,,,,,517,,,,,,,,,103	1 pack~29|1 package~289
2312353	B	30	379,51.7,6.9,31,655,3.45,1.72,0,17.2,0,14.5,345,690,,0,,,,,,,,,,517,,,,,,,,,103	1 pack g~29
2392599	B	13	422,22.2,17.8,46.7,178,24.4,8.89,0,8.9,0,3.2,89	1 serving~45|1 package~180
2149351	B	13	422,22.2,17.8,46.7,178,24.4,8.89,0,8.9,0,3.2,89,,0	1 bar~45|1 package~540
2490477	B	13	422,18.8,17.2,54.7,102,28.1,7.81,0,4.7,0,5.62,344,,30.9,2.02,,,,10,1,.691,.625,106,144,484,4.69,7.27,1.17,2,1.09,18,2.5	1 serving~64
2466382	B	13	422,18.8,17.2,54.7,102,28.1,7.81,0,4.7,0,5.62,312,,32.8,2.35,,,,9.38,1,.664,.625,94,156,469,4.69,7.03,1.17,2,1.09,16,0	1 serving~64|1 package~768
2297639	B	13	417,25,15,48.3,67,31.7,7.5,0,6.7,0,1.8,0,,0	1 serving~60|1 package~720
2466400	B	59	370,43.5,13,28.3,65,2.17,2.17,0,15.2,,11.7,435,783,104,10.9,2.17,6.52,,21.7,2,2.22,2.17,435,174,652,1.96,.65,6.52,,,3,104	1 scoop~46|1 package~454
2373113	B	59	364,68.2,6.82,13.6,818,0,0,0,9.1,0,12.3,364,,0	½ scoop~22|1 package~837
2628333	B	5	357,47.6,8.33,28.6,595,2.38,2.38,0,14.3,0,12.9,310,667,107,24,2.38,3.57,381,19,1,1.55,2.02,46,83,310,2.86,.48,5.95,1,,,143,,143	1 scoop~42|1 package~375
2466397	B	30	389,55.6,11.1,16.7,611,2.78,1.39,0,11.1,0,10,556,944,75,6.95,2.78,6.94,,13.9,1,1.65,1.39,,111,833,1.33,,3.47,,,,55.6	1 scoop~36|1 package~613
2469323	B	59	364,60.6,9.09,18.2,909,3.03,1.52,0,6.1,0,15.8,182,636,15.2,0,,,,,,,,,,,,,,,,,203	1 scoop~33|1 package~944
1995798	B	5	364,68.2,6.82,13.6,909,4.55,1.14,0,4.5,0,16.4,455,705,,0	1 pack~44
2628335	B	5	364,60.6,9.09,18.2,909,3.03,1.52,0,6.1,0,15.8,182,636,15.2,0,,,182,,,,,,,,,,,,,,203	1 scoop~33|1 package~521
2466327	B	30	357,47.6,11.9,23.8,595,2.38,2.38,0,9.5,0,12.9,357,667,71.4,11.9,2.38,4.76,,23.8,2,2.02,2.38,76,76,357,2.14,.71,4.17,1,,,171	1 serving~42|1 package~708
2466381	B	13	422,20.3,17.2,53.1,102,28.1,5.47,0,4.7,0,5.62,312,,32.8,2.35,,,,10.9,1,.664,.625,94,156,469,4.69,7.03,1.17,2,1.09,16,0	1 serving~64|1 package~768
2035646	B	1	476,11.9,28.6,47.6,190,19,4.76,0,4.8,0,1.71,48,,0	1 serving~42|1 package~504
2160396	B	13	414,28.6,14.3,38.6,414,25.7,7.14,0,5.7,0,3.86,86,,1.7	1 bar~70
2160398	B	13	422,22.2,17.8,44.4,189,24.4,8.89,0,8.9,0,3.2,44,,0	1 bar~45
2149348	B	13	414,28.6,14.3,38.6,414,25.7,7.14,0,5.7,0,3.86,86,,1.7	1 serving~70|1 package~840
2126932	B	13	422,22.2,17.8,44.4,189,24.4,8.89,0,8.9,0,3.2,44,,0	1 serving~45|1 package~540
2283209	B	5	364,60.6,3.03,18.2,545,6.06,1.52,0,6.1,0,16.4,606,,0	1 serving~33|1 package~814
2392618	B	5	370,0,0,92.6,463,70.4,0,0,0,0,1.33,148,426,0	1 scoop~27|1 package~407
2410358	B	5	432,54,13.5,16.2,703,2.7,9.46,0,2.7,0,12.7,297,649,,0	1 scoop~37|1 package~513
2284942	B	5	351,67.6,5.41,13.5,1050,2.7,1.35,0,5.4,0,9.73,54,,0	1 scoop~37|1 package~552
2471739	B	59	381,47.6,14.3,23.8,48,2.38,1.19,0,14.3,,10.7,476,524,114,11.9,2.38,7.14,,23.8,2,2.02,2.38,476,95,714,2.14,,5.95,,,3,114	1 scoop~42|1 package~834
2466330	B	30	395,52.6,13.2,21,658,2.63,1.32,0,10.5,0,14.2,395,737,78.9,13.2,2.63,5.26,,26.3,2,2.24,2.63,84,84,395,5.53,.79,4.6,1,,,210	1 scoop~38|1 package~687
2464672	B	59	400,66.7,8.33,13.3,900,3.33,0,0,3.3,0,15.7,167,300,16.7,0,,,,,,,,,,,,,,,,,223	1 scoop~30|1 package~518
2133729	B	13	422,22.2,17.8,48.9,244,24.4,7.78,0,8.9,0,2.4,89,,0	1 bar~45|1 package~540
2466343	B	30	395,52.6,13.2,21,658,2.63,1.32,0,10.5,0,14.2,395,737,78.9,13.2,2.63,5.26,,26.3,2,2.24,2.63,84,84,395,,.79,4.6,1,,,210	1 serving~38|1 package~344
2035469	B	13	524,7.14,33.3,50,214,16.7,16.7,0,4.8,0,2.57,48,,0	1 serving~42|1 package~504
2418635	B	30	457,57.1,14.3,14.3,657,2.86,10,0,2.9,0,11.1,286,571,,0	1 scoop~35|1 package~841
2426751	B	30	457,57.1,14.3,14.3,657,2.86,10,0,2.9,0,11.1,286,571,,0	1 pack~35
2171619	B	13	429,28.6,15.7,38.6,343,20,7.14,0,4.3,0,2.57,86,,0	1 bar~70|1 package~840
2081927	B	13	476,9.52,28.6,50,298,19,4.76,0,4.8,0,2.57,95,,0	1 serving~42|1 package~504
2663429	B	59	370,55.6,7.41,29.6,630,22.2,1.85,0,3.7,0,9.63,333,667,,0,,,,,,,,,,,,,,,,,,,222	2 scoops~27|1 package~271
2640349	B	30	300,20,0,60,300,0,0,0,20,0,14.4,400,1800,420,,,,10800,,,.68,1.6,,160,,12,,,3,.8,,960,6	1 pouch~5|1 package~80
2489681	B	30	214,0,0,42.9,214,14.3,0,0,0,0,0,0,857,4290,71.5,,,,143,11,12.1,14.3,,,,42.9,107,35.7,,,,571	1 pouch~7|1 package~135
1906943	B	30	300,20,0,60,300,0,0,0,20,0,14.4,400,1800,420,,,,,,,.68,1.6,,160,,12,,,3,.8,,960	1 pouch~5
2476245	B	30	371,57.1,11.4,14.3,629,2.86,1.43,0,11.4,0,10.3,571,886,77.1,7.15,2.86,7.14,,14.3,1,1.21,1.43,,91,857,1.37,,3.57,,,,57.1	1 scoop~35|1 package~622
1949351	B	5	371,71.4,4.29,8.57,1000,5.71,0,0,2.9,0,1.03,0,,0	1 scoop~35|1 package~518
1869330	B	13	460,8,28,54,20,38,8,0,8,0,2.88,80,,0	1 serving~50|1 package~600
2407126	B	13	450,7.5,22.5,52.5,125,20,8.75,0,7.5,0,3,25,425,,0	2 bites~40|1 package~160
2488328	B	30	382,58.8,11.8,11.8,647,2.94,0,0,11.8,0,7.94,588,588,79.4,7.35,2.94,7.35,,14.7,1,1.75,1.47,,71,735,1.41,,3.68,,,,58.8	1 pack~34
2488770	B	30	389,55.6,11.1,19.4,611,2.78,1.39,0,11.1,0,12.5,417,889,66.7,11.1,2.78,6.94,,19.4,1,1.42,1.39,500,222,694,4.17,,4.86,,,,55.6	1 scoop~36|1 package~613
2488769	B	30	382,58.8,11.8,20.6,647,2.94,1.18,0,11.8,,10.6,441,588,70.6,11.8,2.94,7.35,,23.5,1,1.5,1.47,588,235,735,4.41,,5.15,,,,58.8	1 scoop~34|1 package~619
2466368	B	59	390,48.8,14.6,24.4,73,2.44,1.22,0,14.6,,11,488,561,117,12.2,2.44,7.32,,24.4,2,2.07,2.44,488,98,732,2.2,,6.1,,,3,117	1 pack~41
2466392	B	59	390,48.8,14.6,24.4,73,2.44,1.22,0,14.6,,11,488,561,117,12.2,2.44,7.32,,24.4,2,2.07,2.44,488,98,732,2.2,,6.1,,,3,117	1 scoop~41|1 package~414
2466341	B	30	395,52.6,13.2,21,658,2.63,1.32,0,10.5,0,14.2,395,737,78.9,13.2,2.63,5.26,,26.3,2,2.24,2.63,84,84,395,5.53,.79,4.6,1,,,210	1 serving~38|1 package~344
2153362	B	5	444,33.3,17.8,42.2,956,2.22,2.22,0,2.2,0,6,44,67,,0,11.1	1 bag~45|1 package~225
1917537	B	30	300,20,0,60,500,20,0,0,20,0,14.4,400,2200,420,,,,,,1,1.36,1.6,,160,,12,,,6,,,960	1 pouch~5
2276649	B	30	407,55.6,7.41,18.5,741,3.7,1.85,0,3.7,0,13.3,519,296,74.1,0,1.85,3.7,,14.8,1,1.22,,,167,778,,,4.82	1 scoop~27|1 package~385
2475564	B	5	457,57.1,14.3,14.3,657,2.86,10,0,2.9,0,10.9,314,400,,2.58	1 scoop~35|1 package~519
2466399	B	59	381,47.6,14.3,21.4,60,2.38,1.19,0,14.3,,12.9,476,548,114,11.9,2.38,7.14,,23.8,2,2.02,2.38,476,95,714,2.14,,5.95,,,3,114	1 serving~42|1 package~850
2466374	B	59	381,47.6,14.3,31,60,2.38,2.38,0,14.3,,10.7,476,786,114,11.9,2.38,7.14,,23.8,2,2.02,2.38,476,143,714,2.14,,5.95,,,3,114	1 pack~42|1 package~420
2466390	B	59	381,47.6,14.3,31,60,2.38,2.38,0,14.3,,10.7,476,786,114,11.9,2.38,7.14,,23.8,2,2.02,2.38,476,143,714,2.14,,5.95,,,3,114	1 scoop~42|1 package~418
2239413	B	59	381,71.4,7.14,14.3,857,0,0,0,4.8,0,8.57,381,,0	½ scoop~21|1 package~812
2466344	B	30	375,50,12.5,22.5,625,2.5,1.25,0,10,0,13.5,375,700,75,12.5,2.5,5,,25,2,2.12,2.5,80,80,375,2.25,.75,4.38,1,,,180	1 scoop~40|1 package~359
2466329	B	30	375,50,12.5,22.5,625,2.5,1.25,0,10,0,13.5,375,700,75,12.5,2.5,5,,25,2,2.12,2.5,80,80,375,2.25,.75,4.38,1,,,180	1 scoop~40|1 package~718
2466393	B	59	385,51.3,15.4,20.5,51,2.56,1.28,0,15.4,,11.5,513,,123,12.8,2.56,7.69,,25.6,2,2.18,2.56,513,103,641,2.31,,6.41,,,4,123	1 scoop~39|1 package~862
1869565	B	5	357,71.4,1.79,14.3,679,7.14,1.79,0,3.6,0,19.3,714,,0	1 scoop~28|1 package~586
2643047	B	59	436,51.3,15.4,20.5,744,5.13,5.13,0,12.8,0,7.95,359,667,,0	1 scoop~39|1 package~511
2509932	B	30	425,50,15,22.5,750,5,5,0,12.5,0,7.75,325,650,,0	1 scoop~40|1 package~523
550210	B	13	538,7.5,37.5,42.5,,22.5,22.5,,10	1 bar~40
2640347	B	59	391,54.4,6.52,30.4,870,0,2.17,0,6.5,0,14.1,109,65,,0	2 scoops~46|1 package~460
2640348	B	59	391,54.4,7.61,30.4,957,0,3.26,0,6.5,0,14.1,109,413,,0	2 scoops~46|1 package~460
2407125	B	13	450,10,22.5,52.5,125,20,8.75,0,7.5,0,3,25,275,,0	2 bites~40|1 package~160
2543869	B	59	395,69.8,6.98,14,628,4.65,1.16,0,7,0,12.8,419,581,,0	1 scoop~43|1 package~815
2466342	B	30	395,52.6,13.2,21,658,2.63,1.32,0,10.5,0,14.2,395,737,78.9,13.2,2.63,5.26,,26.3,2,2.24,2.63,84,,,5.53,.79,4.6,1,,,210	1 scoop~38|1 package~382
1951111	B	5	367,66.7,6.67,16.7,900,3.33,0,0,3.3,0,15,267,,20,,,,,,,,,,,,,,,,,,213	1 pack~30|1 package~360
1915195	B	5	83,0,0,16.7,83,0,0,0,,0,0,0,,0	1 pouch~6
1915196	B	30	83,0,0,16.7,83,0,0,0,,0,0,0,,0	1 pouch~6
1952473	B	5	364,60.6,7.58,18.2,818,3.03,1.52,0,6.1,0,19.1,242,,18.2,,,,,,,,,,,,,,,,,,194	1 pack~33|1 package~390
1955532	B	5	367,66.7,6.67,16.7,1300,3.33,0,0,3.3,0,15,267,,20,,,,,,,,,,,,,,,,,,213	1 pack~30|1 package~360
1934457	B	5	367,66.7,6.67,13.3,1070,0,.67,0,3.3,0,1.2,67,,12	1 pack~30
2488358	B	13	408,22.4,18.4,49,133,24.5,9.18,0,8.2,0,3.67,122,286,42.9,5.1,4.08,5.1,,10.2,1,.867,1.02,204,,82,1.22,,2.55,,,,40.8	1 serving~49|1 package~196
2489647	B	13	408,22.4,18.4,49,133,24.5,9.18,0,8.2,0,3.67,122,286,42.9,5.1,4.08,5.1,,10.2,1,.867,1.02,204,,82,1.22,,2.55,,,,40.8	1 bar~49|1 package~588
1869455	B	5	364,60.6,7.58,18.2,818,3.03,1.52,0,6.1,0,19.1,242,,18.2,,,,,,,,,,,,,,,,,,194	1 scoop~33|1 package~618
1869298	B	5	367,66.7,6.67,16.7,900,3.33,0,0,3.3,0,15,267,,20,,,,,,,,,,,,,,,,,,213	1 scoop~30|1 package~614
2462381	B	5	52,6.15,1.54,4.31,71,2.15,.31,0,1.2,0,1.66,62,117,4.6,.775,.31,.77,,1.54,0,.131,.154,,10,77,.15,,.385,,,,6.2	1 bottle~325|1 package~1300
2663427	B	59	395,69.8,6.98,14,628,4.65,1.16,0,7,0,12.8,419,465,,0	1 scoop~43|1 package~599
2272995	B	13	414,28.6,14.3,38.6,414,25.7,7.14,0,5.7,0,3.86,86,,1.7	1 bar~70|1 package~280
1954493	B	13	414,28.6,14.3,37.1,386,22.9,5.71,0,4.3,0,2.57,143,,1.7	1 bar~70|1 package~280
1955529	B	5	386,68.2,6.82,13.6,841,2.27,1.14,0,4.5,0,12.3,455,841,0	1 scoop~44|1 package~614
2476652	B	5	52,6.15,1.38,4,74,2.15,.15,0,.9,0,1.11,62,77,4.6,.775,.31,.77,,1.54,0,.131,.154,,2,77,.15,,.385,,,,6.2	1 bottle~325
2489548	B	13	408,22.4,18.4,49,194,24.5,9.18,0,8.2,0,5.51,163,306,30.6,6.12,4.08,4.08,,10.2,1,.867,1.02,245,,82,1.22,,2.55,,,,40.8	1 bar~49
2643048	B	150	407,55.6,7.41,18.5,741,3.7,1.85,0,3.7,0,13.3,519,296,74.1,0,1.85,3.7,,14.8,1,1.22,1.59,,167,778,,,4.82,,,,,,333	1 pack~27|1 package~274
2329908	B	17	120,8.67,5.33,12,113,5.33,1,0,4,0,3,13,140,,0,,,,,,,,,27,,,1.5,,,,21	1 container~150
2486522	B	30	405,54,10.8,24.3,541,2.7,5.41,0,5.4,0,11.6,568,351,,0,,,,,,,,,,,,,,,,,67.6	1 scoop~37|1 package~518
2479410	B	30	425,50,12.5,22.5,650,2.5,5,0,5,0,10.2,500,725,,0,,,,,,,,,,,,,,,,,30	1 scoop~40|1 package~520
2479409	B	30	410,51.3,10.3,25.6,487,2.56,5.13,0,2.6,0,10.3,538,282,28.2,0,,,,,,,,,,,,,,,,,30.8	1 scoop~39|1 package~539
2473526	B	5	367,66.7,6.67,16.7,1300,3.33,0,0,3.3,0,16,267,400,16.7,0,,,,,,,,,,,,,,,,,223	1 scoop~30|1 package~510
2149346	B	13	414,28.6,14.3,37.1,386,22.9,5.71,0,4.3,0,2.57,143,,1.7	1 bar~70|1 package~840
1889715	B	0	714,21.4,32.1,42.9,446,32.1,3.57,,10.7,0,2.57,143,,,,,28.6	1 pack~28
1869273	B	90	607,21.4,42.9,32.1,339,14.3,14.3,0,14.3,0,7.71,143,,0,,,21.4	1 serving~28|1 package~142
1869366	B	0	607,32.1,46.4,17.9,643,3.57,3.57,0,17.9,0,2.57,143,,0,,,39.3	1 serving~28|1 package~142
1889714	B	90	607,32.1,46.4,17.9,643,3.57,3.57,,17.9,0,2.57,143,,,,,39.3	1 pack~28
1869282	B	0	714,21.4,32.1,42.9,446,32.1,3.57,0,10.7,0,2.57,143,,0,,,28.6	1 serving~28|1 package~142
1907735	B	13	476,11.9,28.6,47.6,190,19,4.76,0,4.8,0,1.71,48,,0	1 serving~42
1869425	B	13	524,7.14,33.3,50,214,16.7,16.7,0,4.8,0,2.57,48,,0	1 serving~42
1907736	B	13	429,7.14,19,59.5,202,28.6,1.19,0,7.1,0,1.71,95,,0	1 serving~42
2290069	B	13	429,7.14,19,61.9,190,31,3.57,0,4.8,0,2.57,48,,0	1 serving~42
2081926	B	13	476,9.52,28.6,50,298,19,4.76,0,4.8,0,2.57,95,,0	1 serving~42
1880976	B	13	400,8,18,58,60,40,2,0,6,0,1.44,80,,2.4	1 serving~50
1880975	B	13	460,8,28,54,20,38,8,0,8,0,2.88,80,,0	1 serving~50
1908343	B	13	417,25,15,48.3,67,31.7,7.5,0,6.7,0,1.8,0,,0	1 bar~60
1871619	B	13	383,25,11.7,48.3,108,23.3,5,0,10,0,1.8,33,,2,,,3.33	1 bar~60
1954494	B	13	429,28.6,15.7,38.6,343,20,7.14,0,4.3,0,2.57,86,,0	1 bar~70|1 package~280
1949677	B	13	429,28.6,15.7,37.1,414,20,7.14,0,4.3,0,2.57,86,,0	1 bar~70|1 package~840
1869309	B	5	222,1.11,2.22,48.9,133,37.8,2.22,,4.4,0,1.6,556,889,93.3	1 pack~45|1 package~540
1869340	B	5	222,1.11,2.22,48.9,133,37.8,2.22,,4.4,0,1.6,556,889,93.3	1 pack~45
1869553	B	5	222,1.11,2.22,48.9,133,37.8,2.22,,4.4,0,1.6,556,889,93.3	1 pack~45
2487542	B	30	393,53.6,7.14,21.4,714,0,1.79,0,3.6,0,12.9,429,500,,17.9,0,0,,,,,,,161,464,1.71,,,,,,,,107	1 scoop~28|1 package~390
2663428	B	59	385,57.7,7.69,26.9,654,23.1,0,0,3.8,0,7.69,346,423,,0,,,,,,,,,,,,,,,,,,,231	2 scoops~26|1 package~263
2190766	B	17	127,8.67,5.33,12,107,5.33,1,0,4,0,3,13,140,,0,,,,,,,,,27,,,1.5,,,,19	1 container~150
2153363	B	29	444,33.3,20,42.2,1040,4.44,2.22,0,2.2,0,6,44,89,,0,11.1	1 bag~45|1 package~225
1869281	B	5	387,64.5,1.61,22.6,613,6.45,1.61,0,3.2,0,17.4,645,,0	1 scoop~31|1 package~590
2035434	B	30	386,64.4,0,17.2,601,8.58,0,0,4.3,0,15.4,429,,0	1 serving~23.3|1 package~256
1849832	B	30	386,64.4,0,17.2,601,8.58,0,0,4.3,0,15.4,429,,0	1 serving~23.3
2466332	B	30	385,51.3,12.8,28.2,436,2.56,1.28,0,15.4,0,9.23,513,667,92.3,15.4,2.56,8.97,,25.6,2,2.18,2.56,513,41,641,3.08,,6.41,,,,144	1 sco0~39|1 package~860
2410359	B	5	471,58.8,14.7,14.7,794,2.94,10.3,0,2.9,0,10.9,324,382,,0	1 scoop~34|1 package~510
2464690	B	30	393,53.6,7.14,21.4,714,0,1.79,0,3.6,0,12.9,429,500,,17.9,0,0,,,,,,,161,464,1.71,,,,,,,,107	1 pack~28|1 package~278
2471667	B	59	386,45.4,13.6,22.7,45,2.27,1.14,0,13.6,,10.2,455,523,109,11.4,2.27,6.82,,22.7,2,1.93,2.27,455,91,682,2.05,,5.68,,,3,109	1 scoop~44|1 package~437
2466376	B	59	386,45.4,13.6,22.7,45,2.27,1.14,0,13.6,,10.2,455,523,109,11.4,2.27,6.82,,22.7,2,1.93,2.27,455,91,682,2.05,,5.68,,,3,109	1 pack~44|1 package~440
2466369	B	59	386,45.4,13.6,22.7,45,2.27,1.14,0,13.6,,10.2,455,523,109,11.4,2.27,6.82,,22.7,2,1.93,2.27,455,91,682,2.05,,5.68,,,3,109	1 pack~44
1869332	B	5	366,73.2,7.32,9.76,951,2.44,0,0,4.9,0,8.78,366,,0	1 pack~41|1 package~492
2628336	B	5	400,66.7,8.33,13.3,900,3.33,0,0,3.3,0,15.7,167,267,16.7,0,,,200,,,,,,,,,,,,,,223	1 scoop~30|1 package~526
2462380	B	59	52,6.15,1.38,4,74,2.15,.15,0,.9,0,1.11,62,77,4.6,.775,.31,.77,,1.54,0,.131,.154,,2,77,.15,,.385,,,,6.2	1 bottle~325|1 package~1300
2214385	B	17	124,8.82,5.88,11.8,106,5.29,1.18,0,4.1,,3,24,182,,0,,,,,,,,,26,,,1.18,,,,16	¾ cup~170|1 package~680
2663479	B	59	385,57.7,7.69,26.9,654,23.1,0,0,3.8,0,7.69,346,423,,0,,,,,,,,,,,,,,,,,,,231	2 scoops~26|1 package~259
1869477	B	5	364,68.2,0,18.2,636,9.09,0,0,4.5,0,16.4,455,,0	1 serving~22|1 package~264
2424006	B	30	379,51.7,6.9,31,655,3.45,1.72,0,17.2,0,14.5,345,690,,0,,,,,,,,,,517,,,,,,,,,103	1 scoop~29|1 package~405
1938386	B	41	0,0,0,0,0,,0,0,,0	1/3 second spray /~.2|1 package~396
2677974	B	41	0,0,0,0,0,0,0,0,0,0,0,0,0,,0	¼ sec. spray~.2|1 package~170
2277361	B	41	0,0,0,0,0,0,0,0,0,0,0,0,0,,0	¼ sec. spray~.2|1 package~170
2388119	B	37	42,.83,0,9.17,242,1.67,0,0,1.7,0,.3,108,274,,0	½ cup~120|1 package~822
2235132	B	144	36,.8,0,6.4,104,.8,0,0,1.6,0,.56,16,120,,0	½ cup~125
2671761	B	37	36,.8,0,7.2,112,1.6,0,0,1.6,0,.8,60,170,,0	½ cup~125|1 package~425
1853631	B	37	20,.8,0,4,112,1.6,0,0,1.6,0,0,16,104,0,,0,0	½ cup~125|1 package~411
2031379	B	12	321,46.4,3.57,28.6,1930,14.3,0,0,3.6,0,3.86,71,,129	1 serving~28
1866770	B	12	321,50,3.57,17.9,2320,3.57,0,0,7.1,0,3.86,71,,96.4	1 container~28
1043891	B	43	106,7.05,.66,22.5,101,2.64,0,0,5.3,0,1.98,44,,9.3	1 serving~227
2446359	B	33	102,4.59,.71,19.8,71,1.77,0,0,3.5,0,1.27,35,,7.4	1 serving~283
2158725	B	32	97,2.65,3.54,12.4,221,5.31,.44,0,3.5,0,.64,18,,1.1	1 serving~113|1 package~439
2394655	B	33	92,2.83,1.59,17,85,2.12,.71,0,2.8,0,.64,28,,5.3	1 serving~283
2158729	B	43	40,.88,.44,8.81,115,1.76,0,0,1.3,0,.32,26,,13.2	1 serving~227|1 package~439
2394657	B	33	155,4.24,4.59,27.9,113,1.06,.53,0,1.4,0,1.27,21,,8.5	1 serving~283
2158731	B	19	88,3.54,5.31,7.96,186,1.77,.88,0,1.8,0,1.27,35,,13.3	1 serving~113|1 package~439
2394658	B	33	134,3.53,4.24,21.2,35,1.06,.53,0,1.1,0,.95,7,,.8	1 serving~283
2161629	B	16	134,2.83,2.47,24.4,106,2.47,.35,0,2.1,0,.64,7,,.4	1 serving~283
2158730	B	43	53,.88,.66,11.4,79,3.96,.44,0,1.3,0,.32,18,,2.6	1 serving~227|1 package~439
2158727	B	43	70,1.76,.88,13.7,203,6.61,0,0,4.4,0,.32,18,,1.6	1 serving~227|1 package~439
2158726	B	33	79,4.41,.22,15,75,2.64,0,0,3.5,0,1.19,44,,7.9	1 serving~227|1 package~439
2394656	B	33	71,3.89,.35,13.4,78,2.12,0,0,2.8,0,.95,35,,6.4	1 serving~283
1917221	B	48	165,31.8,.59,9.41,294,1.18,0,0,1.2,,4.45,0,,1.4	1 serving~85|1 package~227
2154077	B	111	141,6.34,9.15,11.3,77,7.75,1.41,,.7,,1.27,70,,6.3	1 serving~142|1 package~284
2152674	B	33	120,4.93,2.46,24.6,70,4.23,,,4.9,,1.9,,,4.2	1 serving~142|1 package~284
1896859	B	13	348,13,15.2,47.8,54,17.4,2.17,0,6.5,0,5.87,0,,0	1 bar~46
450629	B	81	367,6.67,3.33,76.7,0,0,0,0,3.3,0,2.4,0,,0	¼ cup~30
1931013	B	5	393,10.7,12.5,64.3,857,3.57,0,0,3.6,0,2.57,71,,17.1,,5.36,3.57	1 serving~28|1 package~99
718942	B	5	500,10.7,25,57.1,464,3.57,1.79,0,3.6,0,2.5,36,464,,0	1 serving~28
2608636	B	5	500,10.7,25,57.1,482,3.57,1.79,0,3.6,0,2.5,36,464,,0,,,,,1,4.29	1 serving~28|1 package~99
2640163	B	5	500,10.7,28.6,60.7,643,3.57,3.57,0,7.1,0,2.57,0,,8.6,,,,0	1¾ cup~28|1 package~99
2392519	B	5	486,8.57,25.7,54.3,629,,2.86,0,2.9,0,2.57,29,400,,0,,,,,1,3.71	1 container~35
2628827	B	12	500,10.7,28.6,60.7,571,3.57,3.57,0,7.1,0,2.57,71,,32.1,,,,0	1¾ cup~28|1 package~99
2652580	B	12	500,7.14,28.6,64.3,750,0,3.57,0,3.6,0,2.57,0,,0,,,,0	1¾ cup~28|1 package~99
1959300	B	12	486,5.71,28.6,62.9,743,0,2.86,0,2.9,0,3.09,0,,0	1 serving~35
1960289	B	5	486,5.71,25.7,60,343,11.4,2.86,0,2.9,0,2.29,29,229,,0	1 container~35
2159236	B	5	500,7.14,25,60.7,339,10.7,1.79,0,0,0,2.14,36,214,,0	1 serving~28|1 package~99
719110	B	5	500,10.7,28.6,60.7,571,3.57,3.57,0,7.1,0,2.57,71,,32.1	1 serving~28
2628190	B	5	500,7.14,28.6,57.1,607,3.57,1.79,0,3.6,0,2.14,36,321,7.1,0,14.3,7.14,107	1¾ cup~28|1 package~99
2385197	B	0	536,10.7,28.6,57.1,571,3.57,3.57,0,10.7,0,2.14,0,214,,0	1 serving~28|1 package~92
2582563	B	5	500,10.7,28.6,53.6,607,0,1.79,0,3.6,0,2.5,36,393,,0,17.9,3.57,,,1,3.93	1 serving~28|1 package~99.2
2466180	B	5	500,10.7,25,53.6,679,0,1.79,0,3.6,0,3.93,107,643,21.4,0,21.4,3.57,,,0,.357	1 serving~28|1 package~99
1918520	B	12	393,7.14,12.5,67.9,929,0,0,0,3.6,0,1.29,0,,0,,5.36,5.36	1 serving~28|1 package~43
1917830	B	0	464,7.14,28.6,60.7,536,21.4,3.57,0,7.1,0,1.29,0,,4.3	1 serving~28|1 package~227
1959276	B	5	393,7.14,12.5,67.9,857,3.57,0,0,3.6,0,2.57,71,,0,,5.36,3.57	1 serving~28|1 package~43
2325856	B	12	500,7.14,25,57.1,607,3.57,1.79,0,3.6,0,3.21,36,214,3.6,0,21.4,3.57,,,0,.357	1 serving~28|1 package~99
2430077	B	19	118,5.26,7.02,8.77,507,1.75,1.75,0,1.8,0,.32,18,123,,0	2 tbsp~57|1 package~454
2430073	B	32	118,5.26,7.02,8.77,507,1.75,1.75,0,1.8,0,.32,18,123,,0	2 tbsp~57|1 package~454
2430081	B	19	112,5.26,7.02,8.77,479,1.75,1.75,0,1.8,0,.32,18,123,,0	2 tbsp~57|1 package~454
1890403	B	19	105,3.51,7.02,8.77,544,1.75,.88,0,1.8,0,1.26,0,,4.2	¼ cup~57|1 package~227
2438701	B	19	105,3.51,7.02,7.02,614,1.75,.88,0,0,,1.26,0,,2.1	¼ cup~57|1 package~227
1890404	B	19	105,3.51,7.02,8.77,561,1.75,.88,0,1.8,0,1.26,0,,6.3	¼ cup~57|1 package~227
2490119	B	13	406,18.8,14.8,54.7,102,29.7,5.47,0,4.7,0,5.62,312,,32.8,2.35,,,,9.38,1,.797,.625,94,156,469,4.69,7.03,1.17,2,1.09,16,0	1 serving~64|1 package~768
2466394	B	59	381,47.6,14.3,23.8,48,2.38,1.19,0,,,10.7,476,524,114,11.9,2.38,7.14,,23.8,2,2.02,2.38,476,95,1190,2.14,,5.95,,,3,114	1 scoop~42|1 package~834
2491129	B	13	422,20.3,17.2,53.1,102,28.1,5.47,0,4.7,0,5.62,344,,30.9,2.02,,,,10.6,1,.691,.625,,144,484,4.69,6.8,1.17,2,1.03,18,0	1 serving~64
2466370	B	59	381,47.6,14.3,31,60,2.38,2.38,0,14.3,,10.7,476,786,114,11.9,2.38,7.14,,23.8,2,2.02,2.38,476,143,714,2.14,,5.95,,,3,114	1 pack~42
1549495	B	20	20,2.24,0,3.73,2,2.24,0,0,2.2,0,2.15,22,,5.8	1 cup~134
2068736	B	20	40,1.25,0,9.38,4,4.38,0,,1.9,0	1 cup~160
1797566	B	6	250,8.93,1.79,48.2,250,1.79,0,0,1.8,0,2.57,107,,0	1 pita~56|1 package~340
2339425	B	13	433,25,18.3,45,250,26.7,5,0,5,0,1.2,0,,0	1 bar~60
1908358	B	13	380,16,9,60,140,38,1,0,8,0,3.6,120,,2.4	1 bar~50
1869551	B	13	222,1.11,2.22,48.9,133,37.8,2.22,,4.4,0,1.6,556,889,93.3	1 pack~45|1 package~540
1869557	B	13	400,8,18,58,60,40,2,0,6,0,1.44,80,,2.4	1 serving~50|1 package~600
2604497	B	30	364,68.2,6.82,13.6,909,4.55,1.14,0,4.5,0,16.4,455,705,,0	1 pack~44
1881013	B	13	400,25,13.3,50,67,31.7,5.83,0,5,0,1.8,33,,0	1 serving~60
1955533	B	5	390,73.2,7.32,9.76,1000,2.44,0,0,2.4,0,11,488,585,0	1 scoop~41|1 package~577
2626522	B	21	201,11,13,10,570,1,1,0,7,0,0,0,,0,,,,0	1 serving~100|1 package~200
2583085	B	11	0,0,0,0,23000	½ tsp~1|1 package~499
1942612	B	51	6,.83,0,.42,350,0,0,0,,0	1 cup~240|1 package~907
1153890	B	11	0,0,0,0,10000,0,0,0,0,0,0,0,0,,0	1 tsp~5
1965017	B	138	352,15.5,21.8,22.5,685,8.45,2.82,0,4.2,0,2.11,20,89,,0	1 serving~71|1 package~298
1965565	B	138	268,18.3,14.8,15.5,761,5.63,2.82,0,4.2,0,2.11,44,79,,0	1 serving~71|1 package~298
2174678	B	138	204,15.5,11.3,9.86,437,4.23,2.11,0,4.2,0,2.11,52,75,,0	1 serving~71|1 package~210
1944766	B	138	127,8.45,7.04,5.63,423,1.41,.7,0,4.2,0,1.52,28,,0	1 serving~71|1 package~298
1917046	B	48	345,16.9,18.3,29.6,852,15.5,4.23,0,0,0,2.82,61,77,,0	1 serving~71|1 package~298
2300670	B	138	310,18.3,18.3,21.1,852,8.45,4.23,0,0,0,2.82,59,103,,0	1 serving~71|1 package~298
1974209	B	138	183,8.45,8.45,15.5,532,11.3,2.11,0,2.1,0,2.11,24,79,,0	1 serving~71|1 package~298
2660397	B	138	225,18.3,10.6,19,507,0,3.52,0,0,0,0,0,,0,,,,0	1 serving~71|1 package~298
2625893	B	39	38,2.5,1.04,3.75,71,2.5,0,0,.8,0,.5,244,8,,2,,,38,,,.167,,,,,.5,.42	1 cup~240|1 package~907
1093471	B	23	571,14.3,50,28.6,357,0,0,0,14.3,0,0,271,714,,0	1 tbsp~7
2511219	B	7	54,0,0,10.7,232,7.14,0,0,0,0,0,21,179,,0	1 serving~28|1 package~340
2511221	B	7	18,0,0,3.57,1180,3.57,0,0,0,0,0,21,143,,0	1 serving~28|1 package~340
2511218	B	7	36,0,0,7.14,321,3.57,0,0,0,0,0,14,104,,0	1 serving~28|1 package~340
2511217	B	7	54,0,0,10.7,375,7.14,0,0,0,0,0,18,100,,0	1 serving~28|1 package~340
2394787	B	16	357,21.4,1.79,62.5,0,3.57,0,0,7.1,0,7.14,57,1050,,0	1 serving~56|1 package~227
2628031	B	103	345,20,.91,63.6,18,7.27,0,0,5.5,0,4.91,47,745,,0	1 serving~55|1 package~156
2398824	B	63	362,19,1.72,65.5,603,5.17,0,0,5.2,0,4.48,78,759,,0	1 cup~58
2403577	B	16	339,23.2,0,62.5,27,3.57,0,0,7.1,0,5.54,43,839,,0	1 serving~56|1 package~300
2394771	B	103	345,20,0,65.4,18,7.27,0,0,5.5,0,4.73,36,727,,0	1 serving~55|1 package~156
2394772	B	68	339,23.2,0,62.5,27,3.57,0,0,7.1,0,5.54,43,839,,0	1 serving~56|1 package~213
2403576	B	16	339,23.2,0,62.5,27,3.57,0,0,7.1,0,5.54,43,839,,0	1 serving~56|1 package~227
2415285	B	16	357,23.2,0,62.5,27,3.57,0,0,7.1,0,5.54,36,839,,0	1 serving~56|1 package~227
2415430	B	16	357,23.2,0,62.5,27,3.57,0,0,7.1,0,5.54,36,839,,0	1 serving~56|1 package~227
2415281	B	16	357,23.2,1.79,62.5,0,3.57,0,0,7.1,0,7.32,54,1070,,0	1 serving~56|1 package~227
2397863	B	16	339,23.2,0,62.5,27,3.57,0,0,7.1,0,5.54,43,839,,0	1 serving~56|1 package~227
2415274	B	16	357,21.4,1.79,64.3,0,3.57,0,0,8.9,0,7.5,71,1090,,0	1 serving~56|1 package~227
2403580	B	16	339,23.2,0,62.5,27,3.57,0,0,7.1,0,5.54,43,839,,0	1 serving~56|1 package~227
2394770	B	103	345,20,1.82,63.6,18,3.64,.91,0,5.5,0,4.73,36,709,,0	1 serving~55|1 package~156
2596911	B	16	357,23.2,0,62.5,27,3.57,0,0,7.1,0,5.54,36,839,,0	2 oz dry per 2 oz serving~56|1 package~227
2020274	B	96	153,3.53,7.06,22.4,224,1.18,.47,0,3.5,0,.85,0,,10.6,,,,,,,,,,,,,,,,,,7.5	1 serving~85|1 package~397
1899674	B	96	188,3.53,8.24,23.5,35,1.18,.59,0,4.7,0,.85,0,282,17.6	1 cup~85|1 package~397
2174476	B	22	125,0,0,41.7,125,16.7,0,0,8.3,0,1.5,0,,20	1 strip~12|1 package~240
2174474	B	22	125,0,0,41.7,42,16.7,0,0,8.3,0,1.5,83,,40	1 strip~12|1 package~240
2640671	B	12	321,7.14,0,78.6,179,57.1,0,0,7.1,0,2.57,71,,25.7,,,,2570	1 pack~14|1 package~71
1852870	B	13	125,0,0,41.7,42,16.7,0,0,8.3,0,1.5,83,,40	1 package~12
1852869	B	13	167,0,0,41.7,42,16.7,0,0,8.3,0,1.5,0,,30	1 package~12
2072545	B	22	142,0,0,41.7,108,16.7,0,0,8.3,0,1.5,0,,20	1 bar~12|1 package~240
2664600	B	5	429,7.14,3.57,78.6,143,64.3,0,0,7.1,0,2.57,71,,42.9,,,,1290	1 pack~14|1 package~168
1925625	B	5	357,7.14,3.57,78.6,214,50,0,0,7.1,0,2.57,143,,4.3	1 pack~14|1 package~71
2316799	B	22	125,0,0,41.7,42,16.7,0,0,8.3,0,1.5,83,,40	1 strip~12
1931326	B	22	167,0,0,41.7,83,33.3,0,0,8.3,0,0,0,,30	1 strip~12
2453753	B	22	292,8.33,0,75,0,66.7,0,0,0,0,4.5,83,,75	1 pack~12
2664599	B	22	250,8.33,0,66.7,42,41.7,0,0,16.7,0,6,167,,225,,,,6000	1 strip~12
2174475	B	22	292,8.33,0,75,0,66.7,0,0,0,0,4.5,83,,75	1 pack~12|1 package~240
2174524	B	5	321,7.14,0,78.6,143,64.3,0,0,7.1,0,2.57,71,,12.9	1 pack~14|1 package~71
1925622	B	5	429,7.14,3.57,78.6,143,64.3,0,0,7.1,0,2.57,71,,42.9	1 pack~14|1 package~71
1852868	B	22	167,0,0,41.7,83,33.3,0,0,8.3,0,0,0,,30	1 package~12
1854518	B	22	125,0,0,41.7,125,16.7,0,0,8.3,0,1.5,0,,20	15 package~12
1956903	B	22	208,8.33,0,58.3,0,41.7,0,0,0,0,1.5,83,,50	1 pack~12|1 package~240
1925627	B	5	357,7.14,3.57,78.6,214,50,0,0,7.1,0,2.57,143,,4.3	1 pack~14|1 package~168
2174477	B	22	167,0,0,41.7,42,16.7,0,0,8.3,0,1.5,0,,30	1 strip~12|1 package~240
2072546	B	1	167,0,0,41.7,42,16.7,0,0,8.3,0,1.5,0,,30	1 bar~12|1 package~240
2056821	B	1	250,8.33,0,66.7,42,41.7,0,0,16.7,0,6,167,,225	1 package~12
1896114	B	52	57,0,0,13.2,19,9.43,,,1.9,,,,,17	1 bar~53|1 package~310
1896115	B	3	47,0,0,11.3,0,11.3,,,,,,,,11.3	1 bar~53|1 package~310
1935885	B	3	70,0,0,17.5,26,14,0,0,1.8,0,0,0,,26.3,,,,,,,,.07,28,,,,,,0,,,5.6	1 serving~57|1 package~342
1901647	B	85	214,5.36,5.36,41.1,393,21.4,2.68,45,8.9,0,12.9,71,,0	1 serving~56|1 package~227
2088040	B	5	150,3.33,6.67,20,400,6.67,0,0,3.3,0,1.2,200,,40	¼ cup~30|1 package~99
2089018	B	5	429,3.57,10.7,78.6,179,39.3,0,0,14.3,0,0,0,,12.9	½ cup~28|1 package~128
2089017	B	5	429,3.57,14.3,75,714,46.4,3.57,0,25,0,6.43,143,,12.9	¾ cup~28|1 package~113
2435757	B	5	533,0,30,66.7,767,30,1.67,0,6.7,0,0,500,0,,0	15 chips~30|1 package~106
2388873	B	20	19,1.28,0,3.85,0,1.28,0,0,1.3,0,.51,13,192,,0	2 nests~78|1 package~1190
2388846	B	98	114,1.9,11.4,2.86,200,.95,1.9,0,1,0,.48,38,138,,0	¾ cup~105|1 package~1020
2640650	B	20	46,1.32,0,11.8,0,2.63,0,0,2.6,0,.47,53,,19.7,,,,1900	1 serving~76|1 package~296
2079662	B	20	46,1.32,0,9.21,79,6.58,0,0,2.6,0,.95,26,,4.7	1 serving~76|1 package~296
2079663	B	20	92,1.32,0,25,33,5.26,0,0,2.6,0,.47,26,,11.8	1 serving~76|1 package~296
2491071	B	48	235,14.7,10.3,20.6,544,1.47,1.47,0,4.4,0,3.97,29,294,0,,,,,4.41,0,.15,.294,,12,,1.32,3.31,.294,,.059	1 cutlet~68|1 package~272
2491073	B	48	224,14.5,10.5,17.1,434,1.32,1.32,0,2.6,0,3.55,53,303,0,,,,,5.26,0,.134,.263,,21,,1.18,2.96,.263,,.053	4 nuggets~76|1 package~255
2185832	B	48	171,7.14,8.57,21.4,500,2.86,.71,0,7.1,0,1.54,57,,0	1 patty~70|1 package~278
2491072	B	48	167,17.9,5.95,13.1,464,1.19,.6,0,3.6,0,5.36,48,381,0,,,,,5.95,0,.202,.357,,19,,1.43,3.57,.357,,.095	6 meatballs~84|1 package~255
2064167	B	23	571,14.3,42.9,28.6,357,14.3,0,0,14.3,0,0,229,571,,0	1 tbsp~7|1 package~99
2393520	B	23	571,14.3,42.9,42.9,0,14.3,0,0,14.3,0,0,114,643,,0	1 tbsp~7|1 package~99
2393521	B	23	571,14.3,50,28.6,357,0,0,0,14.3,0,0,271,714,,0	1 tbsp~7|1 package~92
2393518	B	23	500,14.3,35.7,42.9,500,0,0,0,14.3,0,0,157,786,,0	1 tbsp~7|1 package~99
2393523	B	23	571,14.3,42.9,28.6,1070,0,0,0,14.3,0,0,257,643,,0	1 tbsp~7|1 package~92
2393379	B	11	333,27.8,0,55.6,9440,27.8,0,56,0,0,0,0,0,,0	1 tsp~3.6|1 package~82
2602184	B	11	296,37,0,37,10000,37,0,74,0,0,0,370,111,,0	1 tsp~2.7|1 package~65.2
2602182	B	11	303,30.3,0,30.3,8480,30.3,0,30,0,0,0,303,0,,0	1 tsp~3.3|1 package~79.4
2602183	B	11	500,0,33.3,33.3,9170,33.3,0,33,0,0,0,333,0,,0	1 tsp~3|1 package~68
2393376	B	11	100,0,0,0,13300,0,0,0,0,0,0,0,0,,0	1 tsp~3|1 package~68
2399940	B	7	33,0,0,6.67,0,3.33,0,0,3.3,0,0,13,247,,0	2 tbsp~30|1 package~198
2668119	B	85	211,5.26,5.26,36.8,281,17.5,1.75,35,1.8,0,1.75,30,261,,0	1 muffin~57|1 package~680
2608116	B	85	193,5.26,3.51,36.8,281,17.5,0,44,3.5,0,0,28,167,,0	1 muffin~57|1 package~680
2525306	B	85	175,3.51,3.51,33.3,368,19.3,0,35,5.3,0,0,40,167,,0	1 muffin~57|1 package~340
2668120	B	52	250,3.57,10.7,39.3,196,21.4,5.36,18,7.1,0,0,25,161,,0	1 piece~28|1 package~283
2602519	B	85	158,8.77,7.89,28.1,474,1.75,3.51,79,8.8,0,1.75,67,284,,0	1 muffin~57
2668118	B	85	211,5.26,3.51,38.6,281,17.5,0,35,3.5,0,1.75,28,175,,0	1 muffin~57|1 package~680
2579240	B	26	193,7.02,5.26,33.3,298,17.5,2.63,35,1.8,0,3.51,39,281,,0	1 muffin~57
2668121	B	94	108,9.23,3.85,10.8,338,1.54,2.31,8,3.1,0,0,112,223,,0	1 patty~65|1 package~326
2602521	B	26	235,9.41,10.6,30.6,482,2.35,4.12,6,4.7,0,0,165,506,,0	1 serving~85|1 package~198
2507391	B	46	158,8.77,7.02,28.1,386,1.75,3.51,70,10.5,0,1.75,58,293,,0	1 muffin~57|1 package~340
2602523	B	26	224,7.06,9.41,31.8,753,2.35,3.53,6,4.7,0,0,165,318,,0	1 serving~85|1 package~198
2310456	B	85	214,7.14,7.14,39.3,161,17.9,1.79,54,3.6,0,0,64,211,,0	1 muffin~28|1 package~227
2018901	B	21	76,5.05,1.52,12.1,278,4.04,.25,30,2,0,.51,40,229,,0	1 bake~198
2276716	B	94	123,8.77,7.02,8.77,333,1.75,1.75,9,1.8,0,0,165,167,,0	1 frittata~57|1 package~680
2602522	B	26	212,11.8,9.41,30.6,635,1.18,4.12,6,9.4,0,0,165,294,,0	1 serving~85|1 package~198
2642251	B	21	140,8.77,8.77,8.77,351,3.51,2.63,61,1.8,0,0,42,193,,0	1 frittata~57
2049486	B	1	378,4.44,0,73.3,27,57.8	1 piece~45
2072612	B	31	34,1.2,0,6.02,24,2.41,0,0,2.4,0,.22,24,,1.4	¾ cup~83|1 package~1810
2461738	B	34	229,10.4,9.03,29.2,333,4.17,4.86,24,1.4,0,2.22,174,167,,.275	5.1 oz slice~144|1 package~574
2461739	B	34	221,9.16,6.11,32.1,252,2.29,2.29,11,2.3,0,,137,,,.075	1 serving~131|1 package~523
1947114	B	5	500,3.33,30,63.3,1170,30,1.67,0,6.7,0,0,697,0,,0	13 chips~30|1 package~85
1955968	B	5	467,3.33,20,60,1030,13.3,0,0,6.7,0,3.33,117,0,,0	15 chips~30|1 package~113
2385320	B	34	271,7.06,12.9,31.8,294,1.18,2.94,6,1.2,0,2,82,129,,0	1 serving~85|1 package~510
2653832	B	96	150,3.54,3.54,28.3,319,1.77,.44,4,1.8,0,.97,18,186,,0	1 knish 4 oz~113
1916442	B	13	457,8.57,20,60,114,25.7,5.71,0,5.7,0,3.09,57,,3.4	1 bar~35
1918192	B	22	533,10,40,30,167,13.3,23.3,0,6.7,0,3.6,0,,0	1 serving~30|1 package~90
1916441	B	13	486,2.86,25.7,60,86,31.4,20,0,5.7,0,1.03,57,,0	1 bar~35
1916444	B	13	400,7.5,11.2,65,50,22.5,2.5,0,10,0,2.7,50,,9	1 bar~40
1916443	B	13	486,2.86,25.7,57.1,14,31.4,20,0,11.4,0,2.06,0,,3.4	1 bar~35
2068413	B	20	63,.7,.35,14.8,0,13.4,0,0,1.4,0,0,0,,38	.12 container~142|1 package~1134
2115156	B	20	32,.7,0,7.39,0,6.34,0,0,.4,0,.25,0,,8.5	¼ container~284|1 package~1134
2471919	B	8	600,6.67,40,43.3,0,40,11.7,0,6.7,0,4,33,433,,1.68	.2 bar~30|1 package~150
2593089	B	1	333,0,0,83.3,200,66.7,0,0,0,0,0,0,0,,0	12 pieces~30|1 package~100
2589635	B	1	321,0,0,82.1,268,64.3,0,0,0,0,0,0,0,,0	12 pieces~28|1 package~114
2085495	B	10	32,.85,.21,6.34,78,6.13,0,0,.2,0,0,53,195,1.9	16 fl oz~473
2433432	B	15	167,26.7,6.67,0,567,,1.33,17,0,0,,433	2 tbsp~30|1 package~227
2103720	B	15	167,26.7,6.67,0,467,,1.33,17,0,0,,433	2 tbsp~30
2433431	B	15	167,26.7,6.67,0,533,,1.33,100,0,0,,433	2 tbsp~30|1 package~227
2095280	B	42	294,0,0,82.4,0,82.4,0,0,0,0,0,0,,7.1	1 tbsp~17|1 package~269
1890265	B	42	235,0,0,64.7,0,58.8,0,0,0,0,0,0,,14.1	1 tbsp~17|1 package~269
1890264	B	42	206,0,0,52.9,0,52.9,0,0,0,0,0,0,,0	1 tbsp~17|1 package~269
1913025	B	42	265,0,0,64.7,0,64.7,0,0,0,0,0,0,,0	1 tbsp~17|1 package~269
2640676	B	42	265,0,0,70.6,0,70.6,0,0,0,0,0,0,,0,,,,0	1 tbsp~17|1 package~269
2062080	B	42	235,0,0,64.7,0,58.8,0,0,0,0,0,0,,28.2	1 tbsp~17|1 package~269
1927827	B	42	265,0,0,70.6,0,70.6,0,0,0,0,0,0,,0	1 tbsp~17|1 package~269
2095278	B	42	265,0,0,70.6,0,70.6,0,0,0,0,0,0,,0	1 tbsp~17|1 package~251
2062081	B	42	206,0,0,52.9,0,52.9,0,0,0,0,0,0,,0	1 tbsp~17|1 package~269
2062082	B	11	206,0,0,58.8,0,58.8,0,0,0,0,0,0,,0	1 tbsp~17|1 package~439
2080750	B	79	250,0,0,83.3,0,0,0,0,0,0	1 mint~1.2|1 package~31.2
2080751	B	79	250,0,0,83.3,0,0,0,0,0,0	1 mint~1.2|1 package~31.2
2072215	B	79	250,0,0,83.3,0,0,0,0,0,0	1 mint~1.2|1 package~28.3
2061731	B	79	167,0,0,83.3,0,0	1 mint~1.2|1 package~24
2080752	B	79	417,0,0,83.3,0,0	1 mint~1.2|1 package~24
2135322	B	79	250,0,0,75,0,0	1 piece~2
1592926	B	2	214,17.9,10.7,10.7,1390,7.14,5.36,54,0,0,0,893,,0	1 serving~28
2210853	B	63	304,12.5,4.46,50.9,866,4.46,1.34,9,1.8,0,2.95,170,214,,0	1 serving~112|1 package~340
2676059	B	2	214,17.9,10.7,14.3,1390,10.7,3.57,36,0,0,0,786,357,,0,,,321	.38 inch slice~28|1 package~453
1592688	B	2	190,14.3,9.52,14.3,1330,9.52,2.38,24,0,0,0,762,0,,0	1 slice~21
1592869	B	63	321,12.5,12.5,40.2,946,4.46,3.12,18,.9,0,1.61,134,,0	1 serving~112
1727408	B	63	331,12,12.7,43.7,1000,7.04,4.23,21,1.4,0,1.69,162,289,,0	1 bowl~142
2594782	B	63	317,11.9,12.7,38.9,897,4.76,2.78,16,1.6,0,2.46,167,270,,0	4½ oz per serving~126|1 package~266
2617612	B	2	214,17.9,10.7,10.7,1610,3.57,7.14,54,0,0,0,536,0,,0,,,214	¼ cup~28|1 package~226
2614597	B	2	190,14.3,9.52,14.3,1330,9.52,2.38,24,0,0,0,762,0,,0,,,190	1 slice~21
1648661	B	26	312,11.2,18.8,26.2,975,3.75,7.5,38,1.2,0,.9,250,,0	4 bites~80
2614599	B	68	133,6.27,5.49,14.9,357,2.35,1.57,10,.8,0,1.41,59,,.5,,,,7	1 package~255
1625164	B	121	329,10,14.3,41.4,1200,12.9,5,14,2.9,0,2.06,286,,3.4	1 serving~70
1727527	B	68	314,7.84,11.8,43.1,1100,5.88,2.94,20,3.9,0,.78,196,333,,0	1 serving~51
1598552	B	67	333,9.52,11.9,45.2,1020,4.76,3.57,12,4.8,0,0,143,,8.6	½ cup~42
2214455	B	67	321,8.93,12.5,42.9,1050,5.36,2.68,18,3.6,0,.71,196,857,,0	1 serving~56|1 package~269
1597599	B	68	309,10.9,12.7,41.8,1200,5.45,3.64,18,3.6,0,1.31,182,,38.2	.2 box~55
1600662	B	63	321,11.9,9.52,47.6,762,4.76,2.38,12,3.6,0,2.14,179,,1.4	1 serving~84
1592702	B	68	321,11.9,9.52,47.6,655,5.95,2.38,12,2.4,0,2.26,155,357,,0	1 serving~84
1592940	B	63	286,11.4,10,40,886,5.71,2.14,14,1.4,0,1.54,143,,0	1 serving~70
1593246	B	63	329,12.9,10,44.3,1130,5.71,2.86,21,1.4,0,1.54,143,,0	1 serving~70
2210871	B	63	329,11.4,12.9,40,1000,7.14,2.86,21,1.4,0,2.86,200,371,,0	1 serving~70|1 package~320
1648644	B	2	118,5.88,7.35,5.88,588,2.94,4.41,29,0,0,0,118,,3.5	2 tbsp~34
2594695	B	68	314,11.4,10,45.7,886,8.57,2.14,14,2.9,0,3.14,171,557,,0	2½ oz per 2.5 oz dry mix~70|1 package~371
2210896	B	63	314,11.4,10,45.7,886,8.57,2.14,14,2.9,0,3.14,171,557,,0	1 serving~70|1 package~371
2210799	B	63	314,12.9,11.4,41.4,1100,5.71,2.86,14,1.4,0,2.71,186,314,,0	1 serving~70|1 package~330
1636828	B	63	330,11.6,11.6,42,848,4.46,3.12,18,1.8,0,1.61,134,,0	1 serving~112
1664174	B	63	327,12.2,13.3,36.7,1010,7.14,4.08,26,1,0,1.47,255,,0	1 serving~98
1664084	B	63	262,9.52,10.7,32.1,750,5.95,2.98,18,1.2,0,1.29,179,,2.9	1 serving~84
1648422	B	98	118,5.88,7.35,5.88,588,2.94,4.41,29,0,0,0,118,,3.5	2 tbsp~34
1592825	B	2	240,9.89,15.5,15.5,1220,8.47,5.65,42,0,0,0,282,,1.7	1 package~70.8
1593150	B	2	240,11.3,15.5,14.1,1260,8.47,5.65,42,0,0,0,282,,0	1 package~70.8
2614600	B	2	250,14.3,14.3,10.7,1390,7.14,3.57,36,0,0,0,821,0,,0,,,179	1 serving~28
1648637	B	26	282,9.41,10.6,35.3,718,8.24,8.24,12,1.2,0,1.69,118,,0	1 sandwich~85
2213053	B	26	259,9.41,10.6,34.1,694,7.06,7.06,12,1.2,0,2.12,118,,0	1 sandwich~85|1 package~170
2210895	B	63	330,11.6,10.7,45.5,732,4.46,2.68,13,1.8,0,1.61,134,,8	1 serving~112|1 package~331
1592654	B	19	269,10.4,20.9,8.96,1340,7.46,5.97,37,0,0,0,224,,0	¼ cup~67
1592908	B	2	250,14.3,14.3,10.7,1570,7.14,5.36,36,0,0,0,375,0,,0	1 serving~28
1593079	B	2	214,14.3,9.52,14.3,1570,9.52,4.76,48,0,0,0,476,,0	1 slice~21
2212358	B	63	325,11.1,11.9,44.4,873,7.14,3.17,16,1.6,0,1.83,175,302,,0	1 serving~126|1 package~287
2213467	B	2	250,14.3,14.3,10.7,1390,7.14,5.36,36,0,0,0,786,0,,0	1 serving~28|1 package~907
1592613	B	63	330,11.6,10.7,46.4,732,3.57,2.68,13,1.8,0,1.61,134,,0	1 serving~112
2676034	B	2	250,14.3,14.3,10.7,1360,7.14,3.57,18,0,0,0,429,0,,0,,,179	.38 inch slice~28|1 package~453
2617614	B	2	214,17.9,10.7,14.3,1610,3.57,7.14,54,0,0,0,536,0,,0,,,214	¼ cup~28|1 package~226
1593095	B	2	214,17.9,10.7,10.7,1640,3.57,7.14,54,0,0,0,536,,0	¼ cup~28
1592982	B	2	214,17.9,10.7,10.7,1640,3.57,7.14,54,0,0,0,536,,0	¼ cup~28
1592817	B	63	290,12.9,4.03,50,1020,4.84,2.42,8,1.6,0,2.32,129,,,0	1 package~62
1663166	B	2	250,14.3,14.3,10.7,1430,7.14,8.93,54,0,0,0,714,,0	1 serving~28
1728865	B	63	319,11.5,12.4,41.6,841,5.31,3.98,18,1.8,0,1.59,133,,0	1 serving~113
2594738	B	16	319,11.5,12.4,41.6,832,5.31,3.54,18,1.8,0,1.77,142,248,,0	4 oz per serving~113|1 package~286
2617613	B	2	214,17.9,10.7,14.3,1610,3.57,7.14,54,0,0,0,536,0,,0,,,214	¼ cup~28|1 package~226
2594692	B	68	250,9.52,7.14,35.7,774,4.76,1.79,12,2.4,0,2.5,131,274,,0	3 oz as packaged~84|1 package~444
1592866	B	63	250,9.52,7.14,35.7,774,4.76,1.79,12,2.4,0,2.5,131,274,,0	1 serving~84
2594722	B	16	324,10.6,11.3,45.8,845,4.23,3.17,14,1.4,0,1.9,106,197,,0	1 package~142
2211482	B	26	282,9.41,11.8,36.5,741,8.24,9.41,12,1.2,0,1.69,176,,0	1 sandwich~85|1 package~170
2594701	B	11	299,10.4,20.9,10.4,1220,8.96,5.22,30,0,0,0,299,716,,0	1 serving~67|1 package~113
2614611	B	2	190,14.3,9.52,14.3,1330,9.52,2.38,24,,0,,762,,,,,,190	1 slice~21
1592731	B	2	184,15.8,7.89,15.8,1320,10.5,2.63,26,,0,,842	1 slice~19
2658480	B	63	324,10.3,11.8,44.1,868,4.41,2.94,15,1.5,0,1.76,132,235,,0	1 package~68|1 package~816
1593135	B	2	286,14.3,17.9,10.7,1430,7.14,12.5,71,0,0,0,821,0,,0	1 serving~28
2676033	B	2	250,14.3,14.3,10.7,1390,7.14,3.57,36,0,0,0,821,0,,0,,,179	.38 inch slice~28|1 package~453
2210832	B	2	250,14.3,14.3,10.7,1390,7.14,5.36,36,0,0,0,821,0,,0	1 serving~28|1 package~566
2594780	B	68	330,11.6,10.7,43.8,768,3.57,2.68,13,.9,0,2.68,134,188,,0	1 serving~112|1 package~680
2676060	B	63	339,12.5,10.7,46.4,812,6.25,3.12,18,.9,0,2.68,161,241,,0	1/3 box~112|1 package~1361
2676091	B	63	324,10.6,11.3,45.1,845,4.93,3.17,14,1.4,0,1.76,134,232,,0	1 bowl~142
2210819	B	63	339,12.5,10.7,46.4,812,6.25,3.12,18,.9,0,2.68,161,241,,0	1 serving~112|1 package~340
1662909	B	63	321,11.6,10.7,43.8,786,3.57,3.12,18,1.8,0,1.61,134,,0	1 serving~112
2617611	B	2	214,17.9,10.7,14.3,1610,3.57,7.14,54,0,0,0,536,0,,0,,,214	¼ cup~28|1 package~226
1586309	B	2	214,17.9,10.7,14.3,1610,3.57,5.36,36,0,0,0,786,0,,0	¼ cup~28
1592707	B	2	286,17.9,17.9,7.14,1460,7.14,12.5,71,0,0,0,714,,0	1 serving~28
1664092	B	2	250,14.3,14.3,10.7,1430,7.14,8.93,54,0,0,0,714,,0	1 serving~28
2614590	B	2	250,14.3,14.3,10.7,1360,7.14,3.57,18,0,0,0,429,0,,0,,,179	1 serving~28|1 package~454
1592802	B	63	314,11.4,10,44.3,1340,5.71,2.86,14,1.4,0,1.54,143,,42.9	1 serving~70
2594696	B	68	309,10.3,10.3,44.1,765,4.41,3.68,15,1.5,0,2.12,118,103,,0	1 package~68
1592952	B	2	250,14.3,14.3,10.7,1320,7.14,8.93,54,0,0,0,714,,0	1 serving~28
1593089	B	2	250,14.3,14.3,10.7,1390,7.14,5.36,36,0,0,0,786,0,,0	1 serving~28
1593122	B	63	321,11.6,10.7,44.6,679,4.46,2.68,13,.9,0,2.68,143,205,,0	1 serving~112
1639468	B	26	118,5.88,7.35,5.88,559,2.94,4.41,29,0,0,0,118,,3.5	2 tbsp~34
2676078	B	2	214,17.9,10.7,14.3,1390,10.7,3.57,36,0,0,0,786,357,,0,,,321	¼ inch slice~28|1 package~907
1593169	B	63	316,13.3,12.2,40.8,888,7.14,3.06,15,4.1,0,3.27,184,357,,0	1 serving~98
1593170	B	63	317,11.9,12.7,38.9,913,4.76,3.17,20,1.6,0,1.43,159,,9.5	1 serving~126
2213089	B	26	300,8.75,15,31.2,962,3.75,5.62,25,1.2,0,.9,188,,3	4 bites~80|1 package~510
1650513	B	26	288,8.75,15,30,900,3.75,5.62,25,1.2,0,.9,188,,3	4 bites~80
1661972	B	19	269,8.96,20.9,10.4,1280,8.96,5.97,30,0,0,0,299,,0	¼ cup~67
2594733	B	67	314,7.84,11.8,43.1,1000,5.88,2.94,20,3.9,0,0,196,412,,0	1.8 oz per 1.8 oz dry mix~51|1 package~255
1727748	B	67	314,9.8,11.8,43.1,980,5.88,3.92,20,3.9,0,.71,196,,2.4	1 serving~51
1592711	B	2	214,14.3,9.52,14.3,1520,9.52,4.76,48,0,0,0,476,,0	1 slice~21
1664652	B	2	250,14.3,14.3,10.7,1430,7.14,5.36,36,0,0,0,821,0,,0	1 serving~28
2594781	B	68	304,12.5,4.02,50.9,857,4.46,1.34,13,1.8,0,2.95,161,223,,0	4 oz per serving~112|1 package~340
1648095	B	98	294,9.41,12.9,35.3,788,4.71,5.29,24,1.2,0,1.27,176,,0	3 bites~85
2210880	B	63	324,10.3,11.8,44.1,868,4.41,2.94,15,1.5,0,1.76,132,235,,0	1 package~68|1 package~544
1592849	B	63	309,10.3,10.3,44.1,765,4.41,3.68,15,1.5,0,2.21,147,191,,0	1 package~68
1593139	B	63	321,11.6,10.7,43.8,786,3.57,3.12,18,1.8,0,1.61,134,,0	1 serving~112
2213056	B	26	306,10.6,12.9,35.3,847,4.71,5.29,29,1.2,0,1.69,176,,0	3 bites~85|1 package~198
2675979	B	2	214,17.9,10.7,10.7,1640,3.57,7.14,54,0,0,0,536,,0,,,,321	¼ cup~28|1 package~907
1538654	B	2	214,17.9,10.7,10.7,1610,3.57,7.14,54,0,0,0,536,,0	¼ cup~28
1585158	B	2	214,17.9,10.7,10.7,1610,3.57,7.14,54,0,0,0,536,,0	¼ cup~28
1582672	B	2	214,17.9,10.7,10.7,1640,3.57,7.14,54,0,0,0,536,,0	¼ cup~28
1664211	B	2	214,17.9,10.7,10.7,1640,3.57,7.14,54,0,0,0,536,,0	¼ cup~28
1582671	B	2	214,17.9,10.7,10.7,1640,3.57,7.14,54,0,0,0,536,,0	¼ cup~28
1582670	B	2	214,17.9,10.7,10.7,1640,3.57,7.14,54,0,0,0,536,,0	¼ cup~28
2614592	B	2	190,14.3,9.52,14.3,1570,9.52,2.38,24,0,0,0,762,0,,0,,,190	1 slice~21|1 package~340
2614612	B	2	184,15.8,7.89,15.8,1320,10.5,2.63,26,,0,,842,,,,,,211	1 slice~19
2614589	B	2	190,14.3,9.52,14.3,1330,9.52,2.38,24,0,0,0,762,0,,0,,,190	1 slice~21
2614591	B	2	190,14.3,9.52,14.3,1330,9.52,2.38,24,0,0,0,762,0,,0,,,190	1 slice~21
2675476	B	26	247,12.9,7.06,31.8,1010,3.53,3.53,18,1.2,0,.42,176,,4.2,,,,106	3 pretzel bites~85|1 package~510
1648663	B	26	282,9.41,11.8,36.5,741,8.24,9.41,12,1.2,0,1.69,176,,0	1 sandwich~85
2210791	B	2	190,14.3,9.52,14.3,1620,9.52,4.76,24,0,0,0,476,,0	1 slice~21|1 package~340
1592795	B	63	314,11.4,12.9,38.6,1240,7.14,3.57,21,1.4,0,2,214,314,,0	1 serving~70
2594700	B	68	300,12.9,5.71,47.1,1260,7.14,2.14,14,1.4,0,2.57,200,314,,0	2½ oz as packaged~70
1592917	B	63	286,12.9,5,47.1,1270,7.14,2.14,14,1.4,0,2.57,214,300,,0	1 serving~70
2430479	B	39	42,3.33,1.04,5,52,5,.62,4,,,,104,117,,.625	1 cup~240|1 package~3780
2367930	B	3	267,4.44,15.6,27.8,72,21.1,8.89,33,1.1,0,0,110,201,,0	2/3 cup~90|1 package~1420
2451706	B	3	244,3.33,12.2,30,106,24.4,7.78,44,0,0,0,122,111,,0	2/3 cup~90|1 package~1420
2439918	B	49	562,21.9,46.9,25,391,9.38,7.81,0,6.2,,2.25,0,,0	2 tbsp~32|1 package~510
2439917	B	49	562,21.9,46.9,25,391,9.38,7.81,0,6.2,,2.25,0,,0	2 tbsp~32|1 package~510
2368443	B	3	233,3.33,12.2,26.7,67,21.1,8.89,44,0,0,0,121,162,,0	2/3 cup~90|1 package~1420
2451708	B	3	222,3.33,11.1,27.8,106,21.1,6.67,39,0,0,.4,111,111,,0	2/3 cup~90|1 package~1420
2502853	B	3	200,3.33,8.89,25.6,50,20,5.56,39,0,0,0,110,131,,0	2/3 cup~90|1 package~1420
2104436	B	3	279,5.88,17.6,26.5,169,19.1,7.35,44,1.5,0,0,118,,0	½ cup~68|1 package~1650
2094045	B	3	170,3.41,5.68,26.1,68,21.6,3.98,23,0,0,0,114,,0	5 fl oz~88|1 package~147
2104939	B	3	170,3.41,6.82,26.1,68,22.7,3.98,23,0,0,0,114,,0	5 fl oz~88|1 package~147
2059981	B	3	235,2.94,11.8,30.9,110,23.5,7.35,44,0,0,0,118,,0	½ cup~68|1 package~1650
1946024	B	3	233,3.33,12.2,30,106,25.6,6.67,39,0,0,0,122,111,,0	2/3 cup~90|1 package~1650
2073697	B	3	209,4.48,11.9,25.4,60,23.9,7.46,37,1.5,0,1.61,149,,0	½ cup~67|1 package~1650
2450647	B	3	222,3.33,11.1,26.7,89,21.1,6.67,39,1.1,0,0,122,0,,0	2/3 cup~90|1 package~1420
2287006	B	3	193,3.41,6.82,31.8,250,27.3,4.55,23,0,0,0,114,,0	5 fl oz~88|1 package~147
2412225	B	3	222,3.33,11.1,27.8,83,22.2,7.78,44,0,0,0,122,111,,0	2/3 cup~90|1 package~1420
2116105	B	3	202,4.49,10.1,23.6,67,23.6,6.74,39,0,0,0,155,218,,0	2/3 cup~89|1 package~950
2368446	B	3	256,3.33,13.3,30,56,22.2,7.78,39,1.1,0,1.11,111,191,,0	2/3 cup~90|1 package~1420
2067508	B	17	88,4.71,6.47,3.53,32,2.94,4.71,6,0,0,.11,135,,0	1 serving~170|1 package~907
2067509	B	17	88,4.71,6.47,3.53,32,2.94,4.71,6,0,0,.11,135,,0	1 serving~170
429609	B	12	561,18.8,36.2,39.9,1180,0,20.7,0,10,,.63,70,,0	1 serving~28.4
2630755	B	16	380,14,1,76,20,4,0,0,0,0,10.2,80,400,,0	.2 package~50|1 package~250
2630747	B	80	95,2.38,1.9,16.7,238,4.76,.24,0,2.4,0,1.29,38,167,,0	1 bowl~210
2607916	B	80	105,2.86,4.29,13.3,395,1.9,.48,0,2.4,0,1.29,38,67,,0	1 bowl~210
1161660	B	8	600,8,44,36,0,32,18,0,8,0,12,56,548,,0	¼ bar~25
594004	B	1	320,8,0,72,40,40,0,0,0,0	7 pieces~25
1990378	B	42	281,0,0,68.8,0,68.8,0,0,0,0,0,0,,0	1 serving~16|1 package~504
1990828	B	7	54,0,0,14.3,482,10.7,0,0,0,0,0,0,,17.1	1 serving~28|1 package~473
1990403	B	7	54,0,0,14.3,482,10.7,0,0,0,0,0,0,,17.1	1 serving~28|1 package~473
2482662	B	7	100,0,0,20,400,20,0,0,0,0,0,0,,16	1 serving~15|1 package~473
1990833	B	60	268,0,0,67.9,9,67.9,0,0,0,0,0,107,,0	1 serving~56|1 package~453
517232	B	6	211,1.75,1.75,47.4,237,5.26,0,0,1.8,0,.63,70,,0	1 serving~57
2210435	B	33	222,7.07,10.1,24.2,242,3.03,4.55,25,1,0,.73,152,,2.4	1 serving~99|1 package~198
2052661	B	6	165,5.06,5.06,24,253,3.8,2.53,13,1.3,0,.46,127,,4.6	1 serving~79
1780387	B	34	242,7.07,11.1,28.3,505,6.06,3.54,15,1,0,1.09,152,,2.4	1 serving~99|1 package~198
2462063	B	53	42,0,0,9.58,10,9.58,0,0,0,0,1.13,,66,,1.4	1 serving~355
2031752	B	29	400,6.67,17.8,53.3,100,24.4,4.44,44,2.2,,.8,89,,0	1 biscotti~45|1 package~340
1904507	B	25	0,0,0,0,0,0,0,0,0,0,0,0,,0	1 serving~355
1856269	B	108	75,1.67,0,16.7,592,10,0,0,.8,0,.6,0,,12.5	½ cup~120|1 package~304
2126122	B	28	393,17.9,33.9,3.57,1640,3.57,12.5,98,0,0,1.93,0,,0	1 serving~56
2571053	B	118	34,0,0,8.46,63,8.46,,,,,,,,,,,,,3.38,,.275,.359,,,,.51	1 can~473
2109523	B	18	49,0,0,12,66,11.2,,,,,,,,,,,,,8.46,,.719,.846,,,,2.54	16 fl oz~473
2490158	B	18	47,0,0,12,63,11.4,,,,,,,,,,,,,8.46,,.719,.846,,,,2.54	16 fl oz~473
1927357	B	18	2,0,0,1.9,57,0,,,,,,,,,,,,,8.46,,.719,.846,,,,2.54	16 fl oz~473
2109516	B	18	49,0,0,12,63,11.2,,,,,,,,,,,,,8.46,,.719,.846,,,,2.54	16 fl oz~473
2109315	B	18	11,0,0,1.69,66,1.27,,,,,,,,,,,,,8.46,,.719,.846,,,,2.54	16 fl oz~473
1927507	B	18	49,0,0,12,66,11.2,,,,,,,,,,,,,8.46,,.719,.846,,,,2.54	16 fl oz~473
2490160	B	18	47,0,0,12,63,11.4,,,,,,,,,,,,,8.46,,.719,.846,,,,2.54	16 fl oz~473
1927380	B	18	4,0,0,1.9,57,0,,,,,,,,,,,,,8.46,,.719,.846,,,,2.54	16 fl oz~473
2490159	B	18	2,0,0,1.9,57,0,,,,,,,,,,,,,8.46,,.719,.846,,,,2.54	16 fl oz~473
2442822	B	11	0,0,0,0,36000	¼ tsp~1|1 package~468
2054558	B	41	857,0,100,0,0,0,17.9,0,0,0,0,0,,0,,32.1,42.9	1 tbsp~14
626182	B	23	182,0,7.58,27.3,394,24.2,0,0,0,0,0,0,,0	2 tbsp~33
395940	B	23	276,0,27.6,3.45,759,3.45,5.17,34,0,0,0,0,,31	2 tbsp~29
860912	B	23	379,3.45,41.4,3.45,655,0,6.9,,,0	2 tbsp~29
2489343	B	62	714,0,78.6,0,786,0,32.1,0,0,0,0,0,29,,0	1 tbsp~14|1 package~454
1118343	B	23	607,3.57,67.9,3.57,607,3.57,10.7,54,0,0,0,0,0,,0	2 tbsp~28
578868	B	24	1,0,0,0,0,0	1.06 pt~507
2012021	B	29	429,7.14,10.7,78.6,1070,7.14,0,0,7.1,0,0,0,,0	2 crackers~14|1 package~142
2618479	B	27	487,18.4,42.1,7.89,1320,5.26,23.7,79,0,0,.95,0,,0,,,,0	1 link~38|1 package~340
1913439	B	78	124,10.1,3.93,12.4,1200,3.37,.56,28,0,0,.81,0,,0	7 pieces~89|1 package~227
1913998	B	43	123,.44,12.3,3.96,476,2.64,7.49,40,1.3,0,.32,44,,5.3	1 cup~227|1 package~454
2038875	B	29	429,7.14,7.14,78.6,1070,7.14,0,0,0,0,0,0,,0	2 crackers~14|1 package~142
1867138	B	147	140,12.3,8.77,5.26,649,0,4.39,35,0,0,1.26,0,,0	5 pieces~57|1 package~226
1896597	B	43	198,1.32,20.7,2.2,273,1.32,12.3,66,.4,0,.32,0,,1.6	1 cup~227|1 package~454
1859810	B	61	356,6.67,0,80,0,0,0,0,0,0,0,0,,0	¼ cup~45|1 package~4500
2612902	B	13	423,11.5,17.3,57.7,115,30.8,0,0,7.7,0,1.38,0,269,,0	1 bar~26
1500429	B	50	0,0,0,0,0,0,0,0,0,0	¼ tsp~.5
450303	B	50	0,0,0,0,23000	¼ tsp~.9
1547916	B	11	0,0,0,0,36500	¼ tsp~1.1
1500380	B	50	0,0,0,0,0,0,0,0,0,0	¼ tsp~.5
2062078	B	20	62,0,0,15.2,9,11.6,0,0,.9,,0,18,,13.4	2 slices, 3" diameter~112
2583495	B	8	423,11.5,17.3,61.5,135,26.9,1.92,0,7.7,0,1.38,77,269,,0	1 bar~26
2652019	B	13	423,11.5,17.3,61.5,115,26.9,1.92,0,7.7,0,3.08,77,423,,0	1 bar~26|1 package~130
2510417	B	13	423,11.5,15.4,61.5,115,26.9,1.92,0,7.7,0,2.77,77,269,,0	1 bar~26
2583547	B	14	423,11.5,17.3,61.5,192,30.8,1.92,0,7.7,0,1.38,0,0,,0	1 bar~26
2652018	B	13	423,11.5,17.3,57.7,154,30.8,1.92,0,7.7,0,2.69,38,308,,0	1 bar~26|1 package~130
2510418	B	13	346,11.5,15.4,57.7,115,7.69,0,0,7.7,0,0,0,0,,57.8	1 bar~26
2640478	B	13	346,11.5,15.4,57.7,154,7.69,0,0,7.7,0,1.38,77,269,,0	1 bar~26
2652020	B	13	423,11.5,17.3,57.7,115,30.8,0,0,7.7,0,1.92,38,308,,0	1 bar~26|1 package~130
2583496	B	14	423,11.5,15.4,61.5,173,26.9,0,0,7.7,0,1.38,77,269,,0	1 bar~26
2510419	B	13	423,11.5,3.85,61.5,154,30.8,0,0,7.7,0,2.77,77,269,,0	1 bar~26
2442027	B	18	42,0,0,10.8,0,10.5,0,0,0,,0,0	12 fl oz~353
2442603	B	4	400,3.33,16.7,60,667,30,11.7,67,0,,0,,,4	1 serving~30|1 package~86
1880374	B	24	0,0,0,.21,0	16 fl oz~473
2133850	B	48	143,18.8,6.25,3.57,482,1.79,2.23,54,.9,0,1.61,18,,4.3	1 serving~112
2643255	B	28	252,17.2,19.9,0,66,0,7.28,70,0,,1.79,13,,0,,,,0	1 burger~151|1 package~601
1965537	B	48	161,21.4,8.04,0,67,0,3.57,49,0,0,1.61,0,,0	1 serving~112|1 package~283
1965539	B	48	125,21.4,4.46,0,58,0,1.79,54,0,0,2.41,0,,0	1 serving~112|1 package~340
1965538	B	48	223,20.5,15.2,0,51,0,6.25,80,0,0,1.61,27,,0	1 steak~224
1965540	B	48	152,20.5,8.04,0,62,0,3.57,49,0,0,2.41,0,,0	1 serving~112|1 package~340
2593700	B	48	252,17.2,19.9,0,66,0,7.28,70,0,,1.79,13,,0,,,,0	1 burger~151|1 package~907
1832608	B	77	250,21.4,15.5,3.57,440,1.19,5.95,54,0,,2.14,0,,1.4	1 serving~84|1 package~340
2133851	B	48	134,18.8,5.36,2.68,482,.89,1.79,49,0,0,1.61,36,,1.1	1 serving~112
2133852	B	48	143,18.8,7.14,2.68,473,1.79,2.23,49,0,0,1.61,36,,5.4	1 serving~112
2144136	B	27	262,15.5,21.4,1.19,821,,8.33,60,,,1.71,,,28.6	1 serving~84|1 package~340
2144133	B	27	274,15.5,21.4,1.19,798,,9.52,60,,,1.29,71,,25	1 serving~84|1 package~340
2133849	B	48	143,20.5,5.36,2.68,536,1.79,1.34,54,0,0,2.41,36,,1.1	1 serving~112
2279298	B	77	229,20,14.3,4.29,371,.71,5.71,50,.7,,2.57,14,,0	1 serving~140|1 package~340
2542041	B	48	238,25,15.5,1.19,369,0,7.14,71,0,,2.14,0,,0	1 serving~84|1 package~227
1997252	B	77	262,21.4,15.5,7.14,321,3.57,5.95,54,0,,2.14,0,,0	1 serving~84|1 package~340
2154937	B	27	250,14.6,20.8,2.08,979,2.08,8.33,52,0,0,1.5,0,,0	1 link~48|1 package~283
523067	B	48	152,21.4,7.14,0,67,0,2.68,62,0,0,2.41,18,,0	1 serving~112
522872	B	48	214,18.8,15.2,0,67,0,5.36,67,0,0,2.41,18,,0	1 serving~112
1850045	B	67	341,19.5,1.22,63.4,12,2.44,0,0,14.6,0,6.59,98,,0	¼ cup~41|1 package~454
577491	B	67	340,14,2,64,20,6,0,0,18,0,3.6,160,,0	¼ cup~50
1144558	B	7	18,0,0,3.57,679,0,0,0,0,0,0,0,0,,0	1 serving~28
1886552	B	18	17,0,0,4.23,0,4.23	12 fl oz~355
1886553	B	18	17,0,0,4.23,0,4.23	12 fl oz~355
1886551	B	18	17,0,0,4.23,0,4.23	12 fl oz~355
2031053	B	65	389,0,0,100,28,94.4	1 pod~18|1 package~216
913182	B	42	590,6.67,43.3,46.7,,26.7,16.7,,3.3,,,,,,,20,6.67	2 tbsp~30
1126372	B	81	540,26.7,40,20,4,,6.67,0,6.7,,,,,,,,39.3	.12 cup~15
913016	B	49	610,6.67,46.7,43.3,,30,20,,1.3,0,,,,,,18.7,11.3	2 tbsp~30
913654	B	49	610,6.67,46.7,43.3,,30,20,,1.3,,,,,,,20,6.67,,,,,,,,,,,,,,47	2 tbsp~30
2067724	B	17	57,3.96,1.76,3.52,75,,1.32,7,0,0,0,154,,1.1	1 serving~227|1 package~1820
2020151	B	78	161,25,6.96,0,1210,0,1.07,52,0,0,.32,0,,2.1	1 serving~56|1 package~85
2030623	B	62	786,0,85.7,0,393,0,50,214,0,0,0,0,,0	1 tbsp~14|1 package~170
2656861	B	79	500,0,0,100,0,100,0,0,0,0	1 mint~1|1 package~40
2014467	B	79	500,0,0,100,0,50,0,,0,0	3 mints~2|1 package~40
1854698	B	79	500,0,0,100,0,50,0,,0,0	3 mints~2|1 package~40
1850115	B	1	500,0,0,50,0,50,,0,0	3 mints~2|1 package~40
1854643	B	79	500,0,0,100,0,50,0,,0,0	3 mints~2|1 package~40
1850114	B	79	500,0,0,50,0,50,,0,0	3 mints~2|1 package~40
2063822	B	60	25,0,0,10,167,,,,,,,,,,,,,,8.33,1,,1,,,,3,6.25,5	¼ cup~60|1 package~355
2052601	B	12	286,21.4,21.4,0,821,0,8.93,71,0,0,1.29,0,,0	1 serving~28|1 package~680
2159197	B	12	250,28.6,10.7,7.14,929,3.57,1.79,89,,,2.57,,,17.1	1 serving~28
1797468	B	27	294,20,22.4,3.53,647,1.18,8.24,76,0,0,1.27,47,,17.6	1 link~85|1 package~340
2302883	B	12	286,28.6,16.1,10.7,1040,3.57,7.14,54,,,2.57,71	1 stick~28
2570141	B	122	33,0,0,10,183,,,,,,,,,,,,,,9,1,,1.03,,,,3.1,5.67,5	2 tbsp~30|1 package~355
2570139	B	60	33,0,0,10,183,,,,,,,,,,,,,,9.33,1,,1.1,,,,3.27,6,5.33	2 tbsp~30|1 package~355
2496496	B	6	281,12.3,3.51,52.6,474,8.77,0,0,7,0,3.16,0,,0,,.88,1.75,,3.51,1,.179	1 serving~57|1 package~340
2496497	B	6	263,10.5,1.75,54.4,491,5.26,0,0,1.8,0,3.16,0,,0,,0,0,,5.26,1,.298	1 serving~57|1 package~340
2657963	B	6	281,12.3,2.63,52.6,439,5.26,0,0,5.3,0,1.89,0,,0,,.88,.88,0,2.1,0,.119,,95.2	1 muffin~57
2093297	B	6	260,10,4,46,420,4,0,0,2,0,3.6,0,,4.8	1 serving~50|1 package~400
2103756	B	6	275,7.5,3.75,52.5,450,7.5,0,0,2.5,0,6.75,0,,0	1 serving~40|1 package~680
2562242	B	6	275,7.5,2.5,55,575,5,0,0,2.5,0,2.5,88,102,,0	1 slice~40|1 package~680
2614761	B	6	233,6.67,3.33,45,400,3.33,0,8,1.7,0,2.4,33,,2,,,,0	1 roll~60
2149769	B	6	246,8.77,1.75,45.6,404,5.26,0,0,1.8,0,1.75,133,77,,0	1 muffin~57|1 package~340
2614762	B	6	228,7.02,3.51,43.9,386,3.51,0,9,1.8,0,2.53,35,,2.1,,,,0	1 roll~57
2595119	B	6	265,11.8,5.88,44.1,500,2.94,0,0,5.9,0,2.94,126,124,,0	1 slice~34|1 package~680
2070531	B	6	275,7.5,3.75,55,450,5,0,0,2.5,0,2.7,0,,0,,0,2.5	1 serving~40|1 package~680
2562245	B	6	294,8.82,4.41,52.9,500,2.94,0,0,2.9,0,2.94,200,97,,0	1 slice~34|1 package~680
2595118	B	6	263,10.5,5.26,42.1,526,2.63,0,0,5.3,0,2.63,145,26,,0	1 slice~38|1 package~680
2595117	B	6	258,9.68,1.61,51.6,355,19.4,0,0,6.5,0,3.23,100,190,,0	1 slice~31|1 package~567
2121542	B	6	258,9.68,6.45,45.2,0,0,0,0,6.5,0,2.32,0,,0,,3.23,3.23,,3.87,0,.11,,52	1 slice~31|1 package~567
2051592	B	0	526,5.26,29,63.2,553,39.5,15.8,13,,0,2.84,105	7 pieces~38|1 package~198
2427012	B	106	147,21.2,5.88,.59,229,0,.88,68,0,0,.59,8,316,,0	1 breast~170|1 package~340
577182	B	48	179,19.6,9.82,0,67,0,4.02,67,0,,2.41,0,,0	1 serving~112
2476410	B	48	135,24.1,3.53,1.76,476,1.18,.88,56,0,0,.59,19,402,,.6	1 serving~170|1 package~340
2445438	B	2	286,17.9,21.4,3.57,643,3.57,14.3,71,0,0,0,104,,,0	1 serving~28|1 package~80
2155191	B	2	286,14.3,21.4,14.3,232,10.7,12.5,71,3.6,0,0,82,,,0	1 serving~28|1 package~113
2674010	B	2	321,17.9,25,3.57,536,3.57,16.1,107,0,0,0,96,,,0	1 serving~28|1 package~113
2387363	B	2	250,14.3,21.4,3.57,500,3.57,14.3,89,0,0,0,100,,,0	1 serving~28|1 package~113
2396169	B	39	393,25,32.1,0,786,0,21.4,107,0,0,0,864,107,,0	1 serving~28|1 package~170
2629428	B	2	321,10.7,21.4,21.4,214,21.4,12.5,54,3.6,0,3.57,50,346,,0	1 serving~28|1 package~113
2420449	B	75	233,3.33,23.3,3.33,200,3.33,13.3,83,0,0,0,117,163,,0	2 tbsp~30|1 package~226
2674018	B	2	286,17.9,21.4,3.57,214,3.57,14.3,89,0,0,0,75,,,0	1 serving~28|1 package~113
2674011	B	2	250,17.9,21.4,3.57,196,3.57,12.5,89,0,0,0,71,,,0	1 serving~28|1 package~113
1989345	B	2	150,10,13.3,3.33,250,3.33,,,0,0,0,93,,,0	1 serving~30|1 package~141
2404009	B	2	143,10.7,14.3,3.57,268,3.57,8.93,36,0,0,0,96,,,0	1 serving~28|1 package~113
2674016	B	2	286,14.3,21.4,14.3,268,14.3,12.5,71,0,0,0,64,,,0	1 serving~28|1 package~113
2445439	B	2	321,17.9,25,3.57,500,0,16.1,107,0,0,0,104,,,0	1 serving~28|1 package~184
2155215	B	2	286,14.3,21.4,17.9,179,14.3,12.5,71,0,0,0,64,,,0	1 serving~28|1 package~113
2674017	B	2	250,10.7,16.1,25,214,17.9,10.7,54,7.1,0,0,64,,,0	1 serving~28|1 package~113
2674009	B	75	393,0,39.3,7.14,18,3.57,25,125,0,0,0,54,,,0	1 serving~28|1 package~226
2387360	B	2	357,14.3,32.1,3.57,536,3.57,21.4,89,0,,0,104,,,0	1 serving~28|1 package~141
1850635	B	62	714,0,71.4,14.3,321,14.3,42.9,179,0,0,0,0,,0	1 tbsp~14|1 package~113
1914124	B	62	786,0,85.7,0,36,0,50,214,0,0,0,0,,0	1 tbsp~14|1 package~227
2674013	B	2	286,17.9,21.4,3.57,214,3.57,14.3,89,0,0,0,96,,,0	1 serving~28|1 package~113
2387362	B	2	71,10.7,0,3.57,,3.57,0,0,0,0,0,,,,0	1 serving~28|1 package~226
2324350	B	15	167,10,13.3,3.33,367,3.33,8.33,,0,0,0,100,,,0	1 serving~30|1 package~141
2427141	B	2	286,19,23.8,4.76,214,0,14.3,71,0,0,0,71,,,0	1 piece~21|1 package~127
2674019	B	2	286,14.3,21.4,3.57,196,3.57,14.3,71,0,0,0,79,,,0	1 serving~28|1 package~113
2667568	B	2	286,14.3,17.9,14.3,250,14.3,12.5,71,0,0,0,57,,,0	1 serving~28|1 package~113
2674008	B	75	393,3.57,39.3,10.7,18,7.14,25,125,0,0,0,54,,,0	1 serving~28|1 package~226
2387359	B	2	429,3.57,42.9,10.7,54,7.14,28.6,143,0,0,0,111,,,0	1 serving~28|1 package~226
2547541	B	2	179,7.14,14.3,3.57,375,3.57,8.93,36,0,0,0,86,,,0	1 serving~28|1 package~113
2421329	B	75	233,3.33,23.3,6.67,317,3.33,13.3,67,0,0,0,120,190,,0	2 tbsp~30|1 package~266
1041709	B	2	286,17.9,21.4,7.14,232,3.57,14.3,89,0,,0,,,,0	1 serving~28
2387358	B	2	143,7.14,10.7,3.57,54,3.57,7.14,36,0,0,0,93,,,0	1 serving~28|1 package~226
2445437	B	2	167,10,13.3,3.33,467,3.33,8.33,50,0,0,0,93,,,0	2 tbsp~30|1 package~141
2641673	B	62	786,0,85.7,0,571,,57.1,214,,,,,,,,,,643	1 tbsp~14|1 package~454
2402231	B	2	161,7.14,12.5,7.14,304,3.57,8.93,36,0,0,0,89,,,0	1 serving~28|1 package~113
2464448	B	62	786,0,85.7,0,571,,57.1,214	1 tbsp~14|1 package~226
2464447	B	62	786,0,85.7,0,571,,57.1,214	1 tbsp~14|1 package~226
2674022	B	2	286,14.3,21.4,7.14,214,7.14,14.3,89,0,0,0,75,,,0	1 serving~28|1 package~113
2402400	B	2	286,14.3,21.4,7.14,250,3.57,14.3,71,0,,0,79,,,0	1 serving~28|1 package~113
2614324	B	62	786,0,85.7,0,0,,57.1,214,,,,,,,,,,643	1 tbsp~14
2674015	B	2	286,10.7,17.9,21.4,179,21.4,10.7,71,0,0,0,79,,,0	1 serving~28|1 package~113
2112993	B	2	336,21.4,28.6,0,629,,17.9,100,,0,.64,179	1 serving~28|1 package~198
2040485	B	60	333,0,0,83.3,33,60	¼ cup~60|1 package~710
2040266	B	60	25,0,0,10,175	¼ cup~60|1 package~710
2083997	B	60	317,0,0,78.3,67,56.7	¼ cup~60|1 package~355
2593917	B	60	333,0,0,90,13,90,0,0,0,0,0,100,300,,0	2 tbsp~30|1 package~1890
2067695	B	23	71,0,5.36,7.14,0,3.57,0,0,0,0,0,0,,8.6	2 tbsp~28|1 package~355
1894745	B	23	115,0,9.62,7.69,0,7.69,0,,,0	2 tbsp~26|1 package~355
2449184	B	8	579,5.26,36.8,55.3,0,44.7,23.7,0,5.3,0,2.84,0,,0	5 pieces~38|1 package~227
2593298	B	8	484,6.45,22.6,64.5,242,38.7,14.5,16,3.2,0,9.68,129,277,,3	1/3 chick~31|1 package~94
2415053	B	8	533,6.67,33.3,53.3,67,50,20,17,3.3,0,3.33,183,380	4 pieces~30|1 package~221
2539003	B	8	533,6.67,33.3,53.3,67,50,20,17,3.3,0,3.33,183,380,,0	5 pieces~30|1 package~91
2509940	B	0	467,6.67,23.3,63.3,600,36.7,15,17,3.3,,3.33,93	5 pieces~30|1 package~142
2413547	B	8	525,10,37.5,50,250,40,15,0,7.5,0,10,40,530,,0	2 pieces~40
1966436	B	30	400,5,5,90,0,80,2.5,,5,,1.8	1½ tbsp~20|1 package~454
2478605	B	8	480,8,24,68,240,36,14,20,0,0,12,132,288,,4	2 pieces~25|1 package~225
2286368	B	8	488,7.32,24.4,65.8,341,36.6,14.6,12,2.4,0,2.63,146,,0	7 pieces~41|1 package~128
1876055	B	8	553,5.26,36.8,47.4,0,44.7,23.7,0,2.6,0,.95,0,,0	1 bar~38
2279991	B	0	467,6.67,23.3,66.7,567,33.3,13.3,,6.7,,10,,337	5 pieces~30|1 package~142
2509939	B	8	464,3.57,28.6,64.3,0,46.4,17.9,,7.1,,10.7,,421	5 pieces~28|1 package~170
1925223	B	1	367,0,0,90,100,70	25 pieces~30|1 package~454
1922747	B	8	553,7.89,31.6,57.9,92,52.6,21,26,2.6,0,1.89,263,,0	1 bar~38
2417224	B	0	484,6.45,25.8,61.3,613,35.5,14.5,16,3.2,,3.23,139	5 pieces~31|1 package~142
1917571	B	8	535,6.98,34.9,55.8,70,51.2,20.9,23,2.3,0,3.35,186,,0	1 serving~43|1 package~108
1880240	B	0	526,5.26,26.3,65.8,789,36.8,13.2,13,,0,1.89,105	7 pieces~38|1 package~198
2394635	B	1	500,3.33,30,56.7,33,46.7,16.7,,3.3	1 serving~30|1 package~170
2057351	B	64	462,30.8,34.6,0,1040,0,15.4,77,0,0,0,0,,0	1 cooked slice~13|1 package~284
2057353	B	64	462,30.8,34.6,0,1040,0,15.4,77,0,0,0,0,,0	1 cooked slice~13|1 package~567
2578012	B	111	250,35.7,10.7,3.57,821,0,3.57,89,,,2.57	1 stick~28
2103684	B	12	321,25,21.4,7.14,1000,3.57,10.7,54,0,0,3.86,71,,0	1 serving~28|1 package~680
2660514	B	12	321,21.4,21.4,7.14,1320,3.57,7.14,54,,,3.86,71,,17.1,,,,193	1 stick~28
2094439	B	27	306,24.7,22.4,0,647,0,9.41,59,0,0,1.69,71,,21.2	1 link~85|1 package~340
2094436	B	27	294,20,22.4,3.53,647,1.18,8.24,76,0,0,1.27,47,,17.6	1 link~85|1 package~340
2063398	B	12	286,21.4,21.4,0,821,0,10.7,71,0,0,2.57,0,,0	1 serving~14|1 package~85
2094437	B	27	271,17.6,21.2,2.35,588,0,8.24,71,0,0,1.69,24,,0	1 link~85|1 package~340
2622470	B	77	250,28.6,10.7,7.14,929,3.57,1.79,89,,,2.57,,,17.1,,,,64	1 stick~28
2660513	B	12	321,21.4,25,3.57,1360,0,10.7,54,,,2.57,,,32.1	1 stick~28
2162065	B	12	286,21.4,21.4,0,821,0,8.93,71,0,0,1.29,0,,0	1 stick~28|1 package~170
2654915	B	12	357,21.4,28.6,3.57,964,3.57,12.5,54,,,2.57,71,,8.6,,,,64	1 stick~28
2052603	B	12	250,28.6,16.1,0,786,0,5.36,71,0,0,1.29,71,,0	1 serving~28|1 package~680
2654929	B	27	357,21.4,28.6,0,857,0,12.5,54,0,,1.29,0,,53.6,,,,0	1 serving~28|1 package~170
2094435	B	27	294,20,22.4,3.53,647,1.18,8.24,76,0,0,1.27,47,,17.6	1 link~85|1 package~340
1882955	B	12	250,28.6,10.7,3.57,714,3.57,3.57,89,0,0,1.29,0,,0	1 serving~28|1 package~680
2094438	B	27	235,17.6,17.6,1.18,871,0,5.88,65,0,0,.85,0,,10.6	1 link~85|1 package~340
2651913	B	12	214,32.1,8.93,3.57,1390,0,1.79,89,,,2.57,71,,21.4,,,,1290	1 stick~28
2309507	B	12	214,32.1,8.93,3.57,1390,0,1.79,89,0,0,2.57,71,,21.4	1 stick~28|1 package~170
2677110	B	60	33,0,0,10,183,,,,,,,,,,,,,,9.33,1,,1.1,,,,3.27,6,5.33	2 tbsp~30|1 package~710
718858	B	66	214,7.14,3.57,42.9,18,0,0,0,3.6,0,1.29,143,,0	1 tortilla~28
2174387	B	25	117,0,0,30,0,30,,,0,,0,0,0,,0	1 fl oz~30|1 package~236
2656845	B	54	0,0,0,0,0,,,,,,,,73	1 tbsp~15|1 package~473
2175599	B	25	83,0,0,20,0,20	1 fl oz~30
2133823	B	25	50,3.33,0,10,0,10,,,0,,0,0,100,,0	1 fl oz~30|1 package~236
1941657	B	54	67,0,0,20,0,16.7,,,0,,0,0,,0	1 fl oz~30|1 package~236
1963630	B	54	67,0,0,20,0,16.7,,,0,,0,0,,0	1 fl oz~30|1 package~236
2451576	B	54	83,0,0,23.3,0,23.3,,,0,,0,0,0,,0	1 fl oz~30|1 package~236
2541294	B	54	0,0,0,0,0,,,,,,,,73	1 tbsp~15|1 package~284
2136848	B	25	133,0,0,36.7,0,36.7,,,0,,0,0,0,,0	1 fl oz~30|1 package~236
2283488	B	54	67,0,0,20,0,20,,,0,,0,3,107,,0	1 fl oz~30|1 package~236
2175600	B	25	83,0,0,20,0,20	1 fl oz~30
2405832	B	22	44,0,0,10.6,0,9.73,0,,.9,0	1 serving~113|1 package~680
2405831	B	22	53,0,0,13.3,0,12.4,0,,.9,0	1 serving~113|1 package~680
2405830	B	22	53,0,0,13.3,0,12.4,0,,.9,0	1 serving~113|1 package~680
1893036	B	54	0,0,0,0,0,,,,,,,,73	1 tbsp~15|1 package~1892
2571435	B	54	0,0,0,0,0,,,,,,,,73	1 tbsp~15|1 package~946
2429782	B	25	0,0,0,0,0,0	1 serving~30
2322290	B	54	83,0,0,20,0,20	1 serving~30
1954797	B	25	83,0,0,20,0,20	1 serving~30
2451575	B	54	67,0,0,23.3,0,20,,,0,,3.33,13,0,,0	1 fl oz~30|1 package~236
2067044	B	22	44,.88,0,13.3,0,11.5,,,1.8	1 serving~113|1 package~680
1943019	B	54	83,0,0,20,0,20	1 serving~30
2144705	B	25	83,0,0,20,0,20	1 fl oz~30
1851417	B	22	53,0,0,13.3,0,11.5,,,1.8	1 serving~113|1 package~452
1902858	B	22	53,.88,0,12.4,0,11.5,,,1.8	1 serving~113|1 package~452
1855576	B	22	62,.88,0,14.2,0,13.3,,,1.8	1 serving~113|1 package~452
1855579	B	22	62,0,0,14.2,0,13.3,,,1.8	1 serving~113|1 package~680
2015242	B	22	53,0,0,12.4,0,11.5,,,.9	1 serving~113|1 package~452
1856851	B	22	62,0,0,14.2,0,13.3,,,1.8	1 serving~113|1 package~680
2539509	B	32	80,1.6,5.6,8,432,4,.8,0,.8,0,.8,24,288,,0	½ cup~125|1 package~907
2111370	B	18	0,0,0,0,15	12 fl oz~355
2111497	B	18	0,0,0,0,15	12 fl oz~355|1 package~2000
2111490	B	18	39,0,0,11,15,10.7	12 fl oz~355|1 package~2000
2571109	B	18	39,0,0,11,14,10.7	1 can~355
2111489	B	18	0,0,0,0,15	12 fl oz~355
1897676	B	2	321,17.9,25,10.7,786,7.14,14.3,71,0,0,0,536,,0	2 tbsp~28|1 package~340
2089051	B	2	321,17.9,25,10.7,786,7.14,14.3,71,0,0,0,536,,0	2 tbsp~28|1 package~226
2283440	B	2	321,25,21.4,3.57,821,,,54,,0,,714	1 serving~28|1 package~454
2055053	B	2	321,17.9,25,10.7,893,7.14,16.1,71,.9,0,0,536,,0	2 tbsp~28|1 package~340
2123948	B	1	375,0,0,93.8,1440,68.8,0,0,0,0,0,6,0,,0	1 piece~16|1 package~640
2417845	B	1	375,0,0,91.7,250,75,0,0,0,0,0,0,0,,0	1 lollipop~12|1 package~600
2450016	B	1	429,0,0,100,179,71.4,0,0,0,0,0,0,0,,0	1 serving~14|1 package~560
2189447	B	1	375,0,0,87.5,1620,68.8,0,0,0,0,0,19,0,,0	1 lollipop~16|1 package~640
2417799	B	1	375,0,0,87.5,1620,68.8,0,0,0,0,0,19,0,,0	1 lollipop~16|1 package~160
2192592	B	1	292,4.17,2.08,66.7,4750,41.7,0,0,8.3,0,4.17,75,0,,0,0,0	1 piece~24|1 package~120
2417860	B	1	375,0,0,87.5,1810,62.5,0,0,0,0,0,19,0,,0	1 lollipop~16|1 package~96
2417796	B	1	375,0,0,100,156,75,0,0,0,0,0,0,0,,0	1 lollipop~16|1 package~640
2666422	B	1	357,0,0,92.9,1360,64.3,0,0,0,0,0,14,0,,0	1 lollipop~14|1 package~580
2123947	B	1	367,0,0,90,767,73.3,0,0,0,0,0,13,0,,0	5 pieces~30|1 package~180
1997778	B	1	333,0,0,83.3,2100,66.7,0,0,0,0,0,30,0,,0	5 pieces~30|1 package~600
2178016	B	1	333,0,0,83.3,2100,66.7,0,0,0,0,0,30,0,,0	5 pieces~30|1 package~96
2178081	B	1	429,0,0,100,0,78.6,0,0,0,0,0,0,0,,0	1 lollipop~14|1 package~560
2123939	B	1	364,0,0,90.9,1230,63.6,0,0,0,0,0,,0,,0	1 piece~11|1 package~715
2215141	B	1	375,0,0,87.5,1620,68.8,0,0,0,0,0,19,0,,0	1 lollipop~16|1 package~620
2631159	B	3	176,3.7,8.33,24.1,74,18.5,5.56,32,0,0,0,93,130,,0	½ cup~108|1 package~236
2539431	B	3	214,3.88,10.7,25.2,73,20.4,4.85,24,0,0,0,107,155,,.1	½ cup~103|1 package~473
2616805	B	32	104,1.6,6.4,9.6,352,4.8,.8,0,2.4,0,.8,29,367,8,0,,,66	½ cup~125
2598843	B	11	104,1.6,7.2,8,344,4,1.2,0,2.4,0,.8,26,384,11.2,0	½ cup~125
2010072	B	66	250,5.77,0,51.9,96,0,0,0,3.8,0,1.38,173,,0	2 tortillas~52|1 package~2340
2054736	B	2	357,25,28.6,7.14,1320,7.14,12.5,89,0,0,0,536,,0	¼ cup~28|1 package~227
2054578	B	75	286,3.57,28.6,0,250,,14.3,71,0,0,0,71,,0	1 serving~28|1 package~453
2075335	B	66	244,8.89,2.22,46.7,633,0,0,0,6.7,0,1.2,133,,0	1 tortilla~45|1 package~454
2054734	B	2	321,25,21.4,7.14,786,0,10.7,54,0,0,0,714,,0	1 serving~28|1 package~227
2285816	B	2	250,21.4,16.1,7.14,679,0,7.14,71,0,0,0,714,,0	1 serving~28|1 package~340
2096151	B	2	321,25,25,0,714,0,16.1,71,0,0,0,536,,0	1 serving~28|1 package~907
2618268	B	66	173,7.69,1.92,30.8,96,1.92,0,0,3.8,0,4.85,77,,0,,,,0	2 tortillas~52|1 package~1768
2032242	B	16	357,7.62,1.9,79,3,,.38,0,11.4,,.86,0,,0	1 serving~105
2418268	B	27	214,10.7,10.7,16.1,821,0,3.57,36,0,0,,,32,,0	1 serving~56|1 package~454
2270692	B	143	196,10.7,8.93,17.9,893,0,2.68,36,0,0,1.79,12,39,,0	1 serving~56|1 package~454
1894416	B	27	232,14.3,17.9,0,821,0,6.25,62,0,0,1.29,0,,0	1 serving~56|1 package~2268
2089481	B	28	125,13.9,4.17,2.78,1390,2.78,2.78,42,0,0,0,0,,0	1 slice~36|1 package~396
1888216	B	28	132,13.2,3.95,7.89,1400,2.63,2.63,39,0,0,0,0,,0	1 slice~38|1 package~227
2059998	B	28	139,13.9,4.17,8.33,1390,2.78,2.78,42,0,0,0,0,,0	1 slice~36|1 package~396
2059720	B	28	321,14.3,25,7.14,1390,7.14,8.93,54,0,0,0,0,,0	1 slice~28|1 package~227
2089482	B	28	125,10.7,5.36,3.57,1210,3.57,0,54,0,0,1.29,0,,0	1 slice~28|1 package~907
2059997	B	28	143,10.7,5.36,7.14,1210,3.57,1.79,54,0,0,1.29,0,,0	1 slice~28|1 package~396
2289111	B	22	500,3.33,26.7,66.7,0,16.7,23.3,0,3.3,0,1.2,0,,0	30 pieces) / (~30|1 package~396
579339	B	61	311,13.3,1.11,66.7,11,2.22,0,0,4.4,0,2.4,0,,0	¼ cup~45
531217	B	61	378,13.3,1.11,77.8,0,0,0,0,4.4,,1.6,0,267,0	¼ cup~45
2114821	B	12	536,28.6,35.7,35.7,429,17.9,35.7,0,10.7,0,2.57,71,,0	1 serving~28|1 package~198
2049110	B	12	357,17.9,21.4,46.4,750,0,3.57,0,7.1,0,3.86,214,,0	¼ cup~28|1 package~566
2049109	B	1	311,0,0,77.8,22,57.8,0,0,0,0,0,0,,0	3 pieces~45|1 package~906
2051305	B	1	341,0,0,82.9,34,26.8,0,0,0,0,0,0,,0	3 pieces~41|1 package~850
2057298	B	1	325,5,0,77.5,25,45,0,0,0,0,0,0,,0	1 serving~40|1 package~566
2044392	B	1	325,5,0,77.5,25,45,0,0,0,0,0,0,,0	4 pieces~40|1 package~566
1877318	B	8	528,2.78,27.8,66.7,111,41.7,19.4,8,0,0,0,250,,0	¼ cup~36|1 package~340
2049108	B	8	500,3.33,23.3,70,100,60,13.3,10,3.3,0,1.2,0,,0	7 pieces) / (~30|1 package~283
579358	B	61	311,13.3,1.11,66.7,11,2.22,0,0,4.4,0,2.4,0,,0	¼ cup~45
2096858	B	32	54,1.79,2.68,7.14,214,7.14,0,0,0,0,1.29,36,,16.1	¼ cup~56|1 package~340
2057753	B	6	261,0,4.35,47.8,609,13,0,0,4.3,0,1.57,0,,0	½ sheet~23|1 package~285
2289167	B	0	467,6.67,20,66.7,380,36.7,10,7,3.3,0,1.2,0,,0	5 pieces) / (~30|1 package~198
2044393	B	12	433,16.7,13.3,63.3,400,0,3.33,0,6.7,0,1.2,0,,0	1 serving~30|1 package~481
1903549	B	0	467,40,20,33.3,567,16.7,3.33,0,16.7,0,4.8,133,,0	¼ cup~30|1 package~340
2046246	B	0	467,40,20,33.3,567,16.7,3.33,0,16.7,0,4.8,133,,0	¼ cup~30|1 package~510
2048425	B	12	556,5.56,36.1,50,778,2.78,5.56,0,5.6,6.94,2,222,,0	¼ cup~36|1 package~454
2042572	B	1	350,0,0,85,62,62.5,0,0,0,0,0,0,,0	11 pieces) / (~40|1 package~339
1921172	B	22	320,7.5,2.5,65,90,50,0,0,5,0,1.35,75,,0	1 serving~40|1 package~283
2051216	B	5	417,20,10,53.3,533,6.67,3.33,0,13.3,0,3.6,0,,0	1 serving~30|1 package~198
1886099	B	22	243,0,0,64.3,86,57.1,0,0,7.1,0,1.29,0,,4.3	1 serving~28|1 package~113
2051217	B	0	395,5.26,15.8,55.3,316,31.6,15.8,0,2,0,.95,158,,0	5 pieces) / (~38|1 package~198
2607155	B	77	286,28.6,21.4,0,1680,0,7.14,107,0,0,1.07,11,536,,0	1 serving~28|1 package~113
2607149	B	28	321,28.6,21.4,0,1540,0,10.7,100,0,0,.71,218,446,,0	1 serving~28|1 package~198
2216382	B	28	321,28.6,21.4,0,,0,10.7,100,0,0,.71,218,446,,0	1 serving~28|1 package~198
2653337	B	28	286,28.6,21.4,0,1680,0,7.14,107,0,0,1.07,11,536,,0	1 serving~28|1 package~113
2265682	B	28	98,10,5.88,.59,559,0,2.35,35,.6,0,.42,6,,3.5	1 serving~85
2383093	B	28	357,28.6,25,3.57,1750,0,8.93,125,0,0,0,7,554,,0	1 serving~28|1 package~113
2450065	B	28	250,28.6,14.3,0,2070,0,5.36,89,0,0,0,14,514,,0	1 serving~28|1 package~113
2608857	B	27	357,28.6,32.1,3.57,1460,0,10.7,71,1.8,0,1.07,25,446,,0	1 serving~28|1 package~85
2319902	B	28	357,32.1,25,3.57,1820,0,8.93,107,0,0,0,18,546,,0,10.7,3.57	1 serving~28|1 package~85
2449946	B	28	357,28.6,25,3.57,1750,0,8.93,125,0,0,0,7,554,,0	1 serving~28|1 package~113
2337747	B	28	357,32.1,21.4,7.14,1710,0,8.93,107,0,0,3.57,21,525,,0,8.93,3.57	1 serving~28|1 package~85
2428652	B	28	357,32.1,21.4,7.14,1710,0,8.93,107,0,0,3.57,21,525,,0,8.93,3.57	1 serving~28|1 package~113
2424110	B	28	357,28.6,25,0,1360,0,14.3,107,0,0,1.93,375,339,,0	1 serving~28|1 package~113
2607154	B	7	375,19.6,25,17.9,884,12.5,8.93,64,3.6,0,1.43,179,348,,0	1 serving~56|1 package~170
2607153	B	7	304,19.6,17.9,10.7,1400,0,7.14,62,0,0,.89,134,286,,0	1 serving~56|1 package~170
2417147	B	93	357,21.4,21.4,17.9,1090,0,8.93,64,.9,0,.54,268,143,,0	1 serving~56
2427823	B	28	54,10.7,1.79,0,411,0,0,27,0,0,0,2,148,,0,0,0	1 serving~56|1 package~85
2217215	B	28	304,16.1,25,5.36,911,0,8.93,62,,0,0,7,270,,0	1 serving~56|1 package~113
2113070	B	28	250,16.1,19.6,0,1000,0,6.25,62,0,0,1.29,36,,37.5	2 slices~56|1 package~113
2607331	B	28	304,16.1,25,5.36,911,0,8.93,62,0,0,0,7,270,,0	1 serving~56|1 package~113
2181228	B	93	375,21.4,23.2,19.6,1200,14.3,7.14,61,1.8,0,.54,205,402,,0	2 zo~56|1 package~170
2607152	B	28	304,16.1,25,5.36,911,0,8.93,62,0,0,0,7,270,,0	1 serving~56|1 package~113
2365508	B	28	357,28.6,25,3.57,1750,,8.93,125,,0,,7,554	1 serving~28|1 package~170
2450000	B	28	357,28.6,25,3.57,1750,0,8.93,125,0,0,0,7,554,,0	1 serving~28|1 package~85
2338801	B	28	357,28.6,28.6,0,1610,0,10.7,107,0,0,1.29,0,,0	5 slices~28|1 package~113
2420658	B	28	321,32.1,21.4,0,1710,0,8.93,125,0,0,0,14,518,,0,8.93,3.57	1 serving~28|1 package~113
2281534	B	33	227,12.1,6.82,31.1,720,2.27,3.03,23,1.5,0,.76,76,173,,0	1 slice~132|1 package~397
2277587	B	8	567,6.67,33.3,56.7,100,53.3,16.7,17,0,0,1.33,233,433,,0	3 truffles~30|1 package~148
2607151	B	28	304,28.6,21.4,0,1390,0,10.7,82,0,0,.71,382,364,,0	1 serving~28|1 package~113
2423488	B	28	250,28.6,14.3,0,2000,0,5.36,89,0,0,0,14,514,,0	1 serving~28|1 package~113
2607332	B	28	250,28.6,14.3,0,2000,0,5.36,89,0,0,0,14,514,,0	1 serving~28|1 package~113
2325475	B	93	304,19.6,17.9,10.7,1400,0,7.14,62,0,0,.89,134,286,,0	1 serving~56|1 package~170
2537423	B	7	357,25,28.6,3.57,857,0,14.3,71,0,0,0,714,,0	1 serving~28|1 package~198
2537424	B	7	296,30.4,17.9,1.79,1700,0,7.14,107,1.8,0,1.29,18,,0	1 serving~28|1 package~198
2510469	B	2	321,25,25,0,393,0,17.9,71,0,0,0,700,0,,0	1 serving~28|1 package~113
2454252	B	28	179,23.2,10.7,0,2390,0,3.57,,0,0,1.29,0,,0	2 slices~56|1 package~113
1931935	B	77	179,23.2,10.7,0,2390,0,3.57,80,0,0,1.29,0,,0	2 slices~56|1 package~113
2265609	B	28	311,28.6,21.4,0,1550,0,8.93,107,0,0,1.29,36,,5.4	1 serving~28|1 package~56
2265610	B	28	296,30.4,17.9,1.79,1700,0,7.14,107,1.8,0,1.29,18,,10.7	1 serving~28|1 package~56
2095342	B	28	357,28.6,28.6,0,1610,0,10.7,107,0,0,1.29,0,,0	5 slices~28|1 package~113
1931420	B	28	357,28.6,28.6,0,1610,0,10.7,107,0,0,1.29,0,,0	5 slices~28|1 package~113
1945643	B	28	357,28.6,28.6,0,1610,0,10.7,107,0,0,1.29,0,,0	5 slices~28|1 package~113
2607333	B	28	321,32.1,21.4,0,1710,0,8.93,125,0,0,0,14,518,,0,8.93,3.57	1 serving~28|1 package~113
2427795	B	28	286,28.6,17.9,0,1610,0,7.14,71,0,0,0,18,500,,0,8.93,3.57	1 serving~28|1 package~85
2659054	B	28	296,30.4,17.9,1.79,1700,0,7.14,107,1.8,0,1.29,18,,10.7,,,,0	1 serving~28|1 package~113
2181214	B	28	296,30.4,17.9,1.79,1700,0,7.14,107,1.8,0,0,18,,10.7	1 serving~28|1 package~113
2631227	B	28	357,28.6,25,3.57,,0,8.93,125,0,0,0,7,554,,0	1 serving~28|1 package~454
1931748	B	28	357,28.6,28.6,0,1610,0,10.7,107,0,0,1.29,0,,0	5 slices~28|1 package~113
2670019	B	28	357,28.6,28.6,0,1610,0,10.7,107,0,0,1.29,0,,0,,,,0	5 slices~28|1 package~113
1931745	B	28	357,28.6,28.6,0,1610,0,10.7,107,0,0,1.29,0,,0	5 slices~28|1 package~113
2451285	B	2	321,25,25,0,857,0,17.9,71,0,0,,700,0,,5.35	1 serving~28|1 package~113
2604845	B	28	330,19.6,25,5.36,1300,0,7.14,71,1.8,0,1.61,161,500,,0	1 serving~56|1 package~170
2609046	B	28	357,28.6,25,3.57,,0,8.93,125,0,0,0,7,554,,0	1 serving~28|1 package~113
2607150	B	28	321,28.6,21.4,0,1460,0,10.7,89,0,0,0,329,386,,0	1 serving~28|1 package~198
2399025	B	28	357,32.1,21.4,7.14,1860,0,8.93,125,0,0,0,21,596,,0	1 serving~28|1 package~113
2383725	B	28	357,28.6,25,3.57,1750,0,8.93,125,0,0,0,7,554,,0	1 serving~28|1 package~170
2449156	B	27	357,21.4,32.1,3.57,1460,0,10.7,71,1.8,0,1.07,25,446,,0	1 serving~28|1 package~113
2510470	B	2	321,25,25,0,857,0,17.9,71,0,0,0,700,0,,0	1 serving~28|1 package~113
2116652	B	0	679,10.7,53.6,35.7,321,10.7,10.7,0,21.4,0,3.86,0,,0	1 serving~28|1 package~184
1936198	B	0	571,17.9,42.9,32.1,54,7.14,3.57,0,25,0,7.71,0,,0	1 serving~28|1 package~184
1896458	B	15	31,0,0,6.25,250,3.12,0,0,3.1,0,0,0,,15	2 tbsp~32|1 package~907
2069172	B	15	31,0,0,6.25,250,3.12,0,0,3.1,0,0,0,,15	2 tbsp~32|1 package~680
1896457	B	15	31,0,0,6.25,266,3.12,0,0,0,0,0,0,,11.2	2 tbsp~32|1 package~454
1903201	B	27	161,8.93,8.93,10.7,571,0,2.68,45,0,0,1.93,0,,2.1	1 serving~56|1 package~397
2743680	B	161	0,0,0,0,0,0,0,0,0,0,0,0,0,0,0,0,0,0	¼ sec. spray~.3
2743681	B	161	0,0,0,0,0,0,0,0,0,0,0,0,0,0,0,0,0,0	¼ second spray~.3
2743682	B	161	0,0,0,0,0,0,0,0,0,0,0,0,0,0,0,0,0,0	¼ second spray~.2
2587281	B	82	168,3.53,3.53,31.8,61,17.6,2.35,13,0,,.21,118,,1.4,,,,21	1 serving~85|1 package~170
2587686	B	8	600,10,45,40,,10,,,20,,26.2,,1000	1 piece~10|1 package~120
2587692	B	8	600,10,45,40,,10,,,20,,26.2,,1000	1 piece~10|1 package~120
2593456	B	8	500,10,45,50,,30,,,10,,20,,1000	1 piece~10|1 package~120
2593765	B	8	600,10,45,40,,10,,,20,,26.2,,1000	1 piece~10|1 package~120
2265698	B	93	132,2.2,6.61,18.1,564,7.05,0,0,2.2,0,.4,97,1890,,0	1 snack box~227
2440473	B	117	6,0,0,1.2,4,1.2,0,0,0,,0,8,,0	8 fl oz~250|1 package~500
2377042	B	37	17,.95,.71,2.86,143,.95,0,0,1.4,0,.19,10,81,,0	1 can, drained~210|1 package~400
627066	B	79	200,0,0,80,0	2 pieces~2.5
627022	B	79	200,0,0,80,0	2 pieces~2.5
1872436	B	10	47,0,0,12.2,15,12.2,,,,,.12,,115,20.3	1 bottle~295
1872594	B	10	53,0,0,12.9,6,12.6,,,,,.21,,59,17.6	11½ fl oz~340
1872595	B	10	53,0,0,12.9,3,12.6,,,,,.26,,59,17.6	11½ fl oz~340
1872589	B	10	50,0,0,12.9,4,12.6,,,,,.21,,56,17.6	11½ fl oz~340
1872430	B	10	51,0,0,12.5,8,12.5,,,,,,,183,20.3	1 bottle~295
1872593	B	10	50,0,0,12.1,4,12.1,,,,,.11,,115,17.6	11½ fl oz~340
1872592	B	10	50,0,0,12.6,0,12.6,,,,,,,185,17.6	11½ fl oz~340
1872437	B	10	51,0,0,12.5,8,12.5,,,,,,,183,20.3	10 fl oz~295
2083743	B	25	33,0,0,7.92,2,7.92,,,,,,,48,25	8 fl oz~240
1872748	B	10	51,0,0,12.5,7,12.5,,,,,,,,20.3	1 bottle~295
1872367	B	10	50,0,0,12.5,15,12.1,,,,,.15,,108,25	8 fl oz~240
1872493	B	10	33,0,0,7.92,8,7.92,,,,,,,48,25	8 fl oz~240|1 package~946
1900488	B	18	15,0,0,3.75,4,3.33,,,,,,,,25	8 fl oz~240|1 package~680
1921113	B	10	15,0,0,3.75,4,3.33,,,,,,,,25	8 fl oz~240|1 package~680
1872374	B	10	51,0,0,12.9,0,12.5,,,,,,,,20.3	10 fl oz~295
1872380	B	10	27,0,0,6.44,14,6.44,,,,,,,,20.3	10 fl oz~295
2416158	B	10	25,0,0,6.67,12,6.25,,,,,,,,25	8 fl oz~240|1 package~1410
1872439	B	50	58,0,0,14.6,15,14.2,,,,,.15,,62,25	8 fl oz~240
2194937	B	10	25,0,0,6.25,4,5.83,,,,,,,,25	8 fl oz~240|1 package~1410
1872590	B	10	50,0,0,12.6,0,12.6,,,,,,,,17.6	11½ fl oz~340
1872414	B	10	33,0,0,8.33,8,8.33,,,,,,,,25	8 fl oz~240|1 package~946
1872409	B	10	27,0,0,6.44,14,6.44,,,,,,,,20.3	1 bottle~295
1872400	B	10	25,0,0,6.67,12,6.25,,,,,,,,25	8 fl oz~240|1 package~946
1896097	B	10	51,0,0,12.9,17,12.5,,,,,.24,,61,20.3	10 fl oz~295
1872346	B	10	33,0,0,8.75,0,7.92,,,,,,,,25	8 fl oz~240|1 package~946
1872591	B	18	56,0,0,14.1,0,14.1,,,,,,,,17.6	11½ fl oz~340
1872431	B	10	46,0,0,11.7,8,11.7,,,,,,,,25	8 fl oz~240|1 package~946
1113260	B	8	514,2.7,32.4,54,68,48.6,18.9,14,0,0,1.95,108,,0	3 pieces~37
2076698	B	32	56,1.6,3.6,4.8,240,3.2,.4,0,1.6,0,.29,0,,9.6	½ cup~125|1 package~680
2383721	B	89	53,2.45,1.84,9.39,216,2.45,.2,0,2.4,0,1.22,18,176,,0	1 cup~245|1 package~680
2053016	B	7	17,6.67,0,3.33,900,0,0,0,0,0,0,0,,0	1 tbsp~30|1 package~227
2604898	B	32	47,1.56,3.12,3.12,234,3.12,0,0,1.6,0,.3,12,211,,0	¼ cup~64|1 package~439
2053018	B	7	36,0,0,3.57,571,0,0,0,0,0,1.29,0,,17.1	1 serving~28|1 package~227
1903746	B	47	56,1.6,3.6,4,240,3.2,.4,0,1.6,0,.29,0,,9.6	½ cup~125|1 package~680
2628453	B	32	48,.8,3.2,4,232,2.4,.4,0,.8,0,.3,12,216,,0	½ cup~125|1 package~680
2053017	B	47	24,1.6,0,4,232,3.2,0,0,1.6,0,.29,0,,9.6	½ cup~125|1 package~680
1929828	B	18	54,0,0,14.4,10,14.4	1 can~355
1929825	B	18	52,0,0,14.2,10,14.2	20 fl oz~591
1929829	B	18	44,0,0,12,10,12	20 fl oz~591
1929823	B	18	52,0,0,13.9,10,13.9	20 fl oz~591
1929822	B	18	49,0,0,13.2,10,13.2	20 fl oz~591
1929814	B	24	0,0,0,0,10,0	12 fl oz~355|1 package~1000
2112242	B	18	42,0,0,11.8,10,11.8	12 fl oz~355|1 package~2000
2112241	B	18	48,0,0,13,10,13	12 fl oz~355|1 package~2000
2289903	B	18	0,0,0,0,10,0	12 fl oz~355|1 package~2000
1929813	B	24	1,0,0,0,10,0	12 fl oz~355|1 package~1000
1872160	B	18	53,0,0,14.4,7,14.2	1 can~473
2285367	B	18	51,0,0,13.9,10,13.9	20 fl oz~591
2543688	B	18	45,0,0,12.1,10,11.8	1 can~355|1 package~4260
1908668	B	24	0,0,0,0,10,0	12 fl oz~355|1 package~1000
1929816	B	18	47,0,0,12.9,10,12.9	20 fl oz~591
2285368	B	18	54,0,0,14.1,10,14.1	12 fl oz~355|1 package~2000
1929806	B	18	39,0,0,10.4,10,10.4	12 fl oz~355|1 package~1000
1929832	B	18	54,0,0,14.1,11,14.1	12 fl oz~355
1929812	B	18	37,0,0,9.86,10,9.86	12 fl oz~355|1 package~2000
1929824	B	18	52,0,0,14.2,11,14.2	20 fl oz~591
2542486	B	18	44,0,0,12,7,12	1 can~473
2316701	B	18	51,0,0,13.8,10,13.8	12 fl oz~355|1 package~1000
1929811	B	18	45,0,0,12.1,10,11.8	12 fl oz~355|1 package~2000
1929809	B	18	48,0,0,13.2,10,13.2	12 fl oz~355|1 package~2000
1929807	B	18	37,0,0,9.58,10,9.58	12 fl oz~355|1 package~1000
2406452	B	18	0,0,0,0,10,0	1 can~240
1929804	B	18	37,0,0,9.86,10,9.86	12 fl oz~355
2287089	B	8	400,4,24,48,180,32,10,60,0,0,1.44,0,,0	1 cake bite~25|1 package~101
1889656	B	9	280,4,20,52,220,32,8,60,0,0,0,80,,0	1 cake bite~25|1 package~101
2061524	B	4	412,0,20.6,52.9,176,35.3,11.8,59,0,0,0,0,,0	1 cookie~17|1 package~134
2438218	B	65	0,0,0,0,0,0,0,0,0	1 serving~1|1 package~40
2438217	B	65	0,0,0,0,0,0,0,0,0	1 serving~1|1 package~40
1876036	B	10	25,0,0,5.83,12,2.08,0,0,.8,0,.75,17,,2.5	8 fl oz~240|1 package~500
1880219	B	10	25,0,0,5.83,12,2.08,0,0,.8,0,.75,17,,2.5	8 fl oz~240|1 package~500
1880220	B	10	25,0,0,5.83,12,2.08,0,0,.8,0,.75,17,,2.5	8 fl oz~240|1 package~500
2663416	B	2	286,0,28.6,19,1000,0,19,0,0,0,0,0,48,,0	1 slice~21|1 package~213
2509951	B	2	321,0,25,17.9,964,0,17.9,0,0,0,0,36,71,,0	¼ cup~28|1 package~227
2509956	B	2	300,3.33,26.7,10,633,3.33,23.3,0,0,0,1.2,0,,,0	2 thsp~30|1 package~227
2304884	B	93	381,4.76,21.4,38.1,429,16.7,8.33,0,2.4,0,1.71,0,167,,0	1 pack~42
2612813	B	2	321,0,25,21.4,893,0,17.9,0,0,0,0,36,36,,0	¼ cup~28|1 package~227
2383172	B	2	286,0,23.8,14.3,667,0,16.7,0,0,0,0,0,48,,0	1 slice~21|1 package~213
2663417	B	2	286,0,25,17.9,679,0,17.9,0,0,0,0,0,36,,0	¼ cup~28|1 package~227
2608775	B	2	321,0,25,21.4,929,0,17.9,0,0,0,0,36,36,,0	¼ cup~28|1 package~227
2509954	B	2	333,0,23.8,23.8,905,0,16.7,0,0,0,0,0,48,,0	1 serving~21|1 package~213
2663415	B	2	321,0,25,25,893,0,16.1,0,0,0,.36,36,71,,0	¼ cup~28|1 package~227
2509955	B	2	300,3.33,30,3.33,333,0,26.7,0,0,0,0,0,0,,0	2 tbsp~30|1 package~227
2583032	B	0	381,4.76,21.4,38.1,429,16.7,8.33,0,2.4,0,1.71,0,167,,0	1 pack~42
2583031	B	0	381,4.76,26.2,35.7,524,19,9.52,0,4.8,0,.86,48,167	1 pack~42
2593306	B	2	300,3.33,26.7,10,150,6.67,26.7,0,0,0,0,0,0,,0	2 tbsp~30|1 package~227
400073	B	88	140,6.67,6.67,13.3,637,10,3.33,0,0,0,0,0,,0	2 tbsp~30
2485270	B	24	1,0,0,.28,1,0,,,,,,,16,,.825,,,,.667,,,.072,,,,.1,,.208	12 fl oz~360|1 package~1000
2460676	B	24	1,0,0,.28,1,0,,,,,,,16,,.825,,,,.667,,,.072,,,,.1,,.208	12 fl oz~360|1 package~1000
500346	B	53	50,.69,0,11.7,2,10,0,0,.3,0,.25,14,,0	1 bottle~290
468316	B	7	17,0,0,4.35,730,0,0,0,.9,,.31,35,,2.1	1 serving~115
518986	B	25	304,0,0,74,0,73.9,0,0,.1,,0,0,,0	1 serving~28
1038927	B	41	800,0,93.3,0,0,,13.3,0,,,0,0,,0,,26.7,53.3	1 tbsp~15
2664945	B	49	516,12.9,32.3,48.4,113,25.8,6.45,0,6.5,0,4.52,0,565,,0	2 tbsp~31|1 package~310
2510314	B	49	548,12.9,38.7,38.7,290,12.9,6.45,0,6.5,0,2.9,0,519,,0	2 tbsp~31|1 package~310
2668616	B	0	567,20,50,20,350,3.33,3.33,0,13.3,0,3.6,267,,0,,,,0	¼ cup~30|1 package~454
2484148	B	28	267,26.7,16.7,0,1830,0,6.67,83,0,0,1,10,537,,.675	2 slices~30|1 package~85.1
2467227	B	21	133,5.49,3.53,12.9,63,.39,.98,12,1.2,0,.39,31,173,,.4	1 cup~255
2270216	B	3	160,0,2.4,35.2,32,33.6,2.4,0,1.6,0,0,32,,0	½ cup~62.5|1 package~946
2448695	B	31	29,1.18,0,7.06,0,2.35,0,0,0,0,.82,24,341,,0	1 serving~85|1 package~1360
2408780	B	31	35,1.18,0,8.24,59,3.53,0,0,3.5,0,.35,35,235,,0	1 serving~85|1 package~1360
2473975	B	21	169,5.49,6.27,20.4,369,1.18,3.53,16,2,0,.39,153,90,,.4	1 cup~255
1045277	B	21	176,4.93,8.1,12.3,289,.35,2.11,32,1.8,0,.38,55,132	1 cup~284
2473974	B	21	144,5.99,3.87,10.9,109,3.87,1.41,14,.7,0,.18,46,190,,.35	1 cup~284
2473973	B	16	186,7.06,7.06,11.2,331,2.97,2.6,17,1.1,0,.19,30,130,,.375	1 cup~269
2408779	B	31	24,1.18,0,3.53,35,1.18,0,0,2.4,0,.47,16,141,,0	¾ cup~85|1 package~340
2408781	B	21	111,7.05,3.02,13.8,57,1.68,.5,0,5,0,1.91,64,275,,0	1 serving~298
2159117	B	3	371,4.29,25.7,28.6,50,27.1,17.1,14,1.4,0,1.29,14,86,,0	1 piece~70|1 package~380
1045269	B	3	371,4.29,25.7,28.6,50,27.1,17.1,14,1.4,0,1.29,14,86,,0	1 piece~70
2393905	B	21	128,5.73,5.73,14.1,189,2.64,2.2,18,1.3,0,.88,97,238,,0	1 cup~227|1 package~1134
2427881	B	31	12,1.18,0,1.18,424,,0,0,1.2,0,.71,44,224,,0	1 serving~85|1 package~1360
2161660	B	16	380,10.7,1.79,78.6,0,3.57,0,0,3.6,0,0,0,,0	2/3 cup~56|1 package~454
2389709	B	16	364,10.9,1.82,72.7,27,3.64,0,0,3.6,0,1.27,18,145,,0	1 serving~55|1 package~454
2053268	B	48	267,29.5,13.3,10.5,886,4.76,1.9,0,4.8,0,3.43,57,,0	1 piece~105|1 package~210
2669876	B	35	347,6.67,33.3,10,390,6.67,5,0,3.3,0,1.2,67,,0,,,,60	2 tbsp~30|1 package~180
2640882	B	7	397,6.67,36.7,10,570,3.33,3.33,0,3.3,0,1.2,133,,0,,,,60	2 tbsp~30|1 package~180
2669877	B	7	353,6.67,33.3,10,380,6.67,5,0,3.3,0,1.2,133,,0,,,,0	2 tbsp~30|1 package~180
2106456	B	49	340,6.67,30,10,490,6.67,6.67,0,3.3,0,1.2,133,,0	2 tbsp~30|1 package~180
2106469	B	48	300,22.9,18.6,10,1200,4.29,2.86,0,4.3,0,2.06,43,,0	1/3 cup~70|1 package~200
2669878	B	49	133,3.33,6.67,16.7,490,6.67,1.67,0,3.3,0,1.2,133,,0,,,,60	2 tbsp~30|1 package~180
2106460	B	62	780,6.67,80,13.3,853,6.67,40,0,6.7,0,0,0,,0	1 tbsp~15|1 package~150
2106464	B	49	360,6.67,33.3,6.67,460,3.33,5,0,3.3,0,1.2,133,,0	2 tbsp~30|1 package~180
2640881	B	48	255,27.3,12.7,9.09,720,3.64,1.82,0,1.8,0,3.6,73,,0,,,,0	1 sausage~55|1 package~275
2106462	B	48	230,25,13,6,800,3,1.5,0,3,0,3.24,100,,0	1 sausage~100|1 package~300
2511562	B	48	250,23,14,11,900,2,2.5,0,2,0,1.8,60,,0	1 piece~100|1 package~200
2106457	B	48	267,22.7,13.3,13.3,787,2.67,2,0,2.7,0,1.92,53,,0	3 pieces~75|1 package~200
2053269	B	48	286,30,14.3,8.57,1200,5.71,2.14,0,2.9,0,3.09,43,,0	20 strips /~70|1 package~200
2669875	B	48	260,26,14,8,720,4,2,0,2,0,3.6,80,,0,,,,0	1 sausage~50
482081	B	0	733,6.67,63.3,33.3,433,6.67,13.3,0,6.7,0,3.6,67,,4	1 serving~30
1923804	B	32	58,.83,4.17,4.17,183,2.5,.42,0,.8,0,.3,17,12,4	½ cup~120|1 package~907
1923872	B	32	50,.83,2.92,5,275,3.33,.42,0,1.7,0,.3,17,0,7.5	½ cup~120|1 package~907
1923793	B	32	117,.83,10.8,4.17,112,2.5,3.75,17,1.7,0,.3,17,17,5	½ cup~120|1 package~907
2272089	B	1	480,12,28,48,20,44,8,0,4,0,40,1290,3550,,0	2 pieces~25|1 package~125
1939086	B	1	480,12,28,48,20,44,6,0,4,0,24,1440,3380,,0	2 pieces~25|1 package~125
2511313	B	53	8,0,0,1.67,10,1.25	1 serving~240|1 package~473
2511312	B	53	8,0,0,1.67,10,1.25	1 serving~240|1 package~473
2510294	B	53	8,0,0,1.67,10,1.25	1 serving~240|1 package~473
2593752	B	53	8,0,0,1.67,10,1.25	1 serving~240|1 package~473
2039681	B	18	24,0,0,6.43,6,6.43	20 fl oz~591
1967987	B	53	4,0,0,.6,1,.2,,,,,,8,14,.4,,,,,,,,,,4	1 serving~500
2039682	B	18	46,0,0,12.1,10,12.1	8 fl oz~240|1 package~591
2174206	B	53	4,0,0,.8,1,.2,,,,,,8,14,.6,,,,,,,,,,4	1 container~500
2174068	B	53	4,0,0,.8,1,.2,,,,,,8,14,.6,,,,,,,,,,4	1 container~500
2174201	B	53	4,0,0,.8,1,.2,,,,,,8,14,.6,,,,,,,,,,4	1 container~500
1967986	B	53	4,0,0,.8,1,.2,,,,,,8,14,.6,,,,,,,,,,4	1 container~500
2174203	B	53	4,0,0,.8,1,.2,,,,,,8,14,.6,,,,,,,,,,4	1 container~500
1898651	B	0	525,7.5,30,57.5,50,50,20,0,5,0,2.7,150,,0	11 pieces~40|1 package~397
1926503	B	3	253,4.4,15.4,25.3,60,22,9.89,44,1.1,0,0,110,,0	½ cup~91|1 package~473
2670352	B	3	283,5.43,18.5,26.1,136,19.6,7.61,43,1.1,0,0,109,,0,,,,78	½ cup~92|1 package~473
1941796	B	3	264,3.45,14.9,27.6,57,25.3,10.3,40,0,0,0,115,,2.8	½ cup~87|1 package~473
1097333	B	8	508,11.8,35,32.5,29,30,4.75,0,6.8,0,2.52,150,500,2.2,,22,6	1 serving~40
1097351	B	1	500,12.2,35,32.5,30,30,2.75,0,6.2,0,2.75,162,537,2.5,,23.5,6.5	1 serving~40
1097479	B	1	482,10,25,45,70,17.5,2.5,10,5,0	1 serving~40
537484	B	76	173,11.7,13.3,0,1670,0,3.33,0,0,0,.6,50,,0	1 fillet) / (~60
531319	B	78	324,20.6,7.35,47.1,29,8.82,0,41,0,0,0,0,,0,,4.41,2.94	1 stick~34
453412	B	52	148,6.02,2.97,24.2,398,6.02,.31,,.8	8 pieces) / (~128
517558	B	78	254,20,20,0,2000,,4,0,0,,.72,60,,0	1 serving~50
517395	B	78	172,22,10,0,2000,,2,0,0,,.72,60,,0	1 serving~50
579103	B	20	77,1.54,0,17.7,54,5.38,0,0,3.1,0,.55,31,338,13.8,,,,,,0,.052,.231,12,25,46,,.23,.769,0,.154,1,1.2	1 medium sweet potato~130
515228	B	6	440,12,8,64,400,0,0,0,4,0,5.76,0,,0	1 piece~25
1851124	B	34	333,10.4,16.3,36.3,556,2.96,5.19,19,1.5,0,.8,111,,0	1 serving~135|1 package~396
1851125	B	34	295,8.63,15.1,30.9,388,1.44,4.32,18,.7,0,.78,108,,0	1 serving~139|1 package~425
2052617	B	38	271,3.39,5.93,50.8,627,0,.85,0,3.4,0,0,0,,0	1 serving~59|1 package~467
2479128	B	33	337,10.3,17.4,34.8,527,1.09,5.43,19,1.6,0,1.03,120,147,,.1	1 package~184|1 package~368
2378665	B	33	313,11.6,16.7,28.8,682,1.52,5.05,30,1.5,0,.51,111,239,,0	1 serving~198|1 package~368
2186607	B	33	288,10.1,12.2,36.7,640,1.44,5.04,25,2.2,0,.52,216,,0	1/3 pizza~139|1 package~411
2478614	B	33	321,10.3,15.8,35.9,451,1.63,4.89,14,2.2,0,1.03,136,283,,.05	1 package~184|1 package~368
2478615	B	33	243,5,11.4,31.4,357,1.43,4.29,0,2.1,0,.86,64,229,,.075	1/3 pizza~140|1 package~418
2013823	B	0	429,3.57,7.14,85.7,357,50,1.79,0,3.6,0,1.29,0,,0	1 cup~28|1 package~198
1854174	B	0	429,3.57,17.9,60.7,536,25,1.79,0,7.1,0,1.29,0,,0	1 cup~28|1 package~312
2013822	B	0	500,14.3,25,53.6,714,10.7,5.36,18,10.7,0,2.57,214,,4.3	2½ cup~28|1 package~113
2733951	B	494	334,0,0,82.1,0,73,0,0,6.1,0,0,0,0,,0	1 package~32.9
2733949	B	494	292,2.65,0,84.9,27,69,0,0,5.3,0,1.86,53,743,,0	1 package~37.7
2667901	B	30	467,6.67,20,66.7,1270,40,16.7,0,6.7,0,6.67,67,1130,,0	1 single serve cup~15|1 package~150
2582252	B	25	64,1.42,1.42,11.4,82,10.3,.89,5,0,0,.04,53,185,,0	1 bottle~281
2563829	B	130	467,0,26.7,60,1130,33.3,23.3,0,0,0,0,33,693,,0	1 single serve cup~15
1983893	B	30	467,0,26.7,60,1130,33.3,23.3,0,0,0,0,33,693,,0	1 single serve cup~15|1 package~180
2158434	B	30	467,6.67,20,60,1130,26.7,16.7,0,6.7,0,6.67,87,967,,0	1 single serve cup~15|1 package~360
2133222	B	30	467,6.67,20,60,1130,26.7,16.7,0,6.7,0,6.67,87,967,,0	1 single serve cup~15|1 package~630
2563830	B	130	467,6.67,20,60,1130,26.7,16.7,0,6.7,0,6.67,87,967,,0	1 single serve cup~15
2582261	B	25	58,1.25,1.46,10.8,38,9.17,1.04,6,.4,0,.04,42,175,,0	1 can~240
2582251	B	25	64,1.42,1.42,11.7,48,10.3,.89,5,.4,0,.07,53,185,,0	1 bottle~281
2582250	B	25	64,1.42,1.42,11.4,48,10.3,.89,5,0,0,.04,53,174,,0	1 bottle~281
2528762	B	130	467,0,26.7,60,1870,33.3,23.3,0,0,0,0,73,693,,0	1 serving~15
2582253	B	25	54,1.23,.62,10.9,99,9.88,.49,2,.2,0,.02,37,165,,0	1 bottle~405
2149206	B	30	467,0,26.7,60,1870,33.3,23.3,0,0,0,0,73,693,,0	1 single serve cup~15|1 package~630
2582254	B	25	54,1.22,.73,11.2,90,9.73,.49,2,.2,0,.02,36,165,,0	1 bottle~411
2582262	B	25	59,1.27,1.48,10.6,38,9.28,1.05,6,0,0,.04,42,169,,0	1 can~237
2582249	B	25	64,1.42,1.42,11.4,46,10.3,.89,5,0,0,.04,53,174,,0	1 bottle~281
2057295	B	15	143,7.14,7.14,17.9,375,3.57,0,0,3.6,0,2.57,71,,4.3	2 tbsp~28|1 package~312
2179347	B	32	113,1.61,8.06,6.45,484,3.23,1.61,16,0,0,.16,48,81,,0	¼ cup~62|1 package~454
2547346	B	35	113,1.61,8.06,6.45,484,3.23,1.61,16,0,0,.16,48,81,,0	1 serving~62|1 package~454
2400064	B	32	113,1.61,8.06,6.45,484,3.23,1.61,16,0,0,0,47,84,,0	¼ cup~62|1 package~425
2013930	B	32	62,1.77,3.54,5.31,372,3.54,0,0,.9,0,.64,18,,4.2	½ cup~113|1 package~1133
2013431	B	73	375,0,0,100,0,,0,0,,0	1 tsp~4|1 package~255
2011965	B	7	33,0,0,6.67,500,3.33,0,0,0,0,0,67,,4	¼ cup~30|1 package~340
2022220	B	32	62,1.77,3.54,5.31,372,3.54,0,0,.9,0,.64,18,,4.2	½ cup~113|1 package~680
2011956	B	7	117,3.33,8.33,6.67,467,3.33,1.67,0,3.3,0,2.4,0,,16	2 tbsp~30|1 package~340
2021954	B	7	33,3.33,0,6.67,767,0,0,0,0,0,1.2,333,,4	5 caper berries /~30|1 package~350
2011957	B	7	33,3.33,0,6.67,767,,0,0,,0,1.2,333,,4	2 tbsp~30|1 package~88
2013435	B	7	100,0,6.67,6.67,1030,6.67,1.67,0,3.3,0,1.2,67,,4	2 tbsp~30|1 package~222
2049749	B	4	490,3.92,21.6,72.6,255,33.3,9.8,0,2,0,2.12,0,,0	1 serving~51|1 package~306
429576	B	4	490,3.92,21.6,72.6,255,33.3,9.8,0,2,0,2.12,0,,0	1 serving~51
2049748	B	4	490,3.92,21.6,72.6,255,33.3,9.8,0,2,0,2.12,0,,0	1 serving~51|1 package~306
2048762	B	4	490,3.92,21.6,72.6,255,33.3,9.8,0,2,0,2.12,0,,0	1 serving~51|1 package~306
2048763	B	4	490,3.92,21.6,72.6,255,33.3,9.8,0,2,0,2.12,0,,0	1 serving~51|1 package~306
2011983	B	32	66,.88,4.42,5.31,434,2.65,0,0,1.8,0,.96,71,,0	½ cup~113|1 package~680
2013441	B	7	321,3.57,32.1,3.57,607,,0,0,,0	1 serving~28
2011955	B	7	321,3.57,32.1,3.57,607,,0,0,,0	1 serving~28
2020647	B	7	100,0,0,20,0,0,0,0,0,0,0,0,,0	1 tsp~5|1 package~212
2015833	B	7	18,.88,0,3.54,265,2.65,0,0,.9,0,.48,18,,31.9	1 jar~113
2013440	B	7	17,0,0,3.33,567,,0,0,,0	¼ cup~30|1 package~709
2011966	B	7	17,0,0,3.33,567,,0,0,,0	¼ cup~30|1 package~354
2021816	B	32	142,4.42,11.5,3.54,553,2.65,1.77,18,1.8,0,1.43,44,,1.1	½ cup~113|1 package~708
2616135	B	11	62,1.77,3.54,5.31,372,3.54,0,0,.9,0,.64,18,,4.2,,,,119	½ cup~113|1 package~680
2011951	B	7	83,0,5,6.67,533,3.33,0,0,3.3,0,0,0,,140	¼ cup~30|1 package~350
2442054	B	7	265,0,17.6,17.6,1410,,2.94,0,0,,2.12,0,,0	3 olives~17|1 package~198
2011974	B	7	265,0,17.6,17.6,1410,,2.94,0,,0,2.12	3 olives~17|1 package~198
2094009	B	89	80,2.94,2.1,13.9,319,4.62,.42,0,1.7,0,0,17,,6.3	1 cup~238|1 package~680
1853845	B	7	133,0,0,13.3,700,6.67,0,0,6.7,0,0,0,,0	1 tbsp~15|1 package~354
2011954	B	37	33,3.33,0,3.33,333,0,0,0,,0,,0,,0	¼ cup~30|1 package~340
2011967	B	7	67,0,0,13.3,700,,0,0,6.7,0,,133,,8	1 serving~15|1 package~354
2011972	B	7	200,0,10,13.3,2130,0,3.33,0,13.3,0,9.6,133,,8	2 tbsp~15|1 package~198
2011963	B	7	20,0,0,8,1600,0,0,0,8,0,0,0,,4.8	¼ cup~25|1 package~354
2011958	B	7	33,3.33,0,6.67,767,,0,0,,0,1.2,333,,4	2 tbsp~30|1 package~88
2456032	B	32	102,4.24,6.78,5.93,466,3.39,1.69,8,.8,0,.61,0,,5.1	½ cup~118|1 package~708
2456031	B	27	115,4.42,7.08,6.19,575,3.54,1.77,9,.9,0,.64,0,,5.3	½ cup~113|1 package~708
2011982	B	112	102,4.24,6.78,5.93,466,3.39,1.69,8,.8,0,.61,0,,5.1	½ cup~118|1 package~708
2011980	B	47	62,1.77,3.54,6.19,372,2.65,0,0,.9,0,.96,71,,0	½ cup~113|1 package~680
2011981	B	32	62,1.77,3.54,6.19,407,1.77,0,0,2.7,0,0,53,,0	½ cup~113|1 package~680
2011962	B	7	250,5,15,25,100,10,2.5,0,10,0,3.6,50,,0	¼ cup~40|1 package~222
2011985	B	32	62,1.77,3.54,5.31,106,3.54,0,0,.9,0,.64,18,,4.2	½ cup~113|1 package~680
2597300	B	11	62,.88,3.54,5.31,106,4.42,.44,0,.9,0,.27,44,310,,0	½ cup~113|1 package~680
2013916	B	32	62,1.77,3.54,5.31,106,3.54,0,0,.9,0,.64,18,,4.2	½ cup~113|1 package~680
2597301	B	11	62,.88,3.54,5.31,106,4.42,.44,0,.9,0,.35,44,319,,0	½ cup~113|1 package~680
2631664	B	54	62,1.77,3.54,5.31,111,4.42,.88,4,.9,0,.18,62,283,,0	½ cup~113|1 package~680
2013438	B	7	33,3.33,0,3.33,3030,,0,0,,0	¼ cup~30|1 package~227
2013917	B	32	62,1.77,3.54,5.31,106,3.54,0,0,.9,0,.64,18,,4.2	½ cup~113|1 package~680
2271246	B	32	62,1.77,3.54,5.31,372,3.54,0,0,.9,0,.64,18,,4.2	½ cup~113|1 package~907
2597304	B	11	62,.88,3.1,5.31,416,4.42,0,0,.9,0,.27,44,310,,0	½ cup~113|1 package~680
2567539	B	7	89,0,5.36,7.14,321,,,,,,,,350	1 oz 3 pieces~28|1 package~340
2438798	B	7	89,3.57,7.14,7.14,321,,0,0,1.8,,1.29,71,,4.3	1 serving~28|1 package~340
2011971	B	7	100,3.33,6.67,3.33,1170,,0,0,,0	¼ cup~30|1 package~236
2011952	B	7	60,2,2,10,360,4,0,0,2,0,2.88,200,,144	2 pieces~50|1 package~355
2011950	B	54	62,2.65,1.77,8.85,291,2.65,.88,4,.9,0,.32,9,,1.1	½ cup~113|1 package~453
2616134	B	54	62,2.65,1.77,8.85,292,2.65,.88,4,.9,0,.32,9,,1.1,,,,0	½ cup~113|1 package~454
2616133	B	7	275,5,15,25,100,10,2.5,0,10,0,3.6,50,,0,,,,450	¼ cup~40|1 package~710
2013436	B	7	250,5,15,25,100,10,2.5,0,10,0,3.6,50,,0	¼ cup~40|1 package~222
2502600	B	7	25,1,0,5,540,0,0,0,4,0,.72,20,,2.4	½ cup~100|1 package~222
2442053	B	7	467,0,40,26.7,5130,0,6.67,0,0,,2.4,133,,0	6 olives~15|1 package~198
2289272	B	32	44,1.77,1.77,5.31,398,3.54,0,0,1.8,0,1.27,18,,2.1	½ cup~113|1 package~680
2616136	B	32	44,1.77,1.77,5.31,398,3.54,0,0,1.8,0,1.27,18,,2.1,,,,80	½ cup~113|1 package~680
1916461	B	32	62,1.77,3.1,5.31,372,3.54,0,5,.9,0,.32,44,,1.6	½ cup~113|1 package~680
1893268	B	32	44,1.77,1.77,5.31,398,3.54,0,0,1.8,0,1.27,18,,2.1	½ cup~113|1 package~1133
2289189	B	47	44,1.77,1.77,5.31,398,3.54,0,0,1.8,0,1.27,18,,2.1	½ cup~113|1 package~680
2616137	B	32	44,1.77,1.77,5.31,398,3.54,0,0,1.8,0,1.27,18,,2.1,,,,80	½ cup~113|1 package~680
2026090	B	7	20,0,0,8,1600,0,0,0,8,0,0,0,,4.8	¼ cup~25|1 package~709
2456382	B	32	679,14.3,66.1,7.14,607,1.79,12.5,30,3.6,0,1.29,357,,0	¼ cup~56|1 package~222
2011959	B	7	33,3.33,0,6.67,767,,0,0,,0,1.2,333,,4	2 tbsp~30|1 package~88
2597303	B	11	47,1.56,1.56,6.25,406,4.69,0,0,1.6,0,.47,47,375,,0	¼ cup~64|1 package~397
2065962	B	32	44,1.77,1.77,5.31,398,3.54,0,0,1.8,0,1.27,18,,2.1	½ cup~113|1 package~680
2011979	B	32	131,1.64,11.5,4.92,362,1.64,6.56,57,0,0,.3,66,,0	¼ cup~61|1 package~453
2016167	B	7	33,3.33,0,10,1070,3.33,0,0,0,0,1.2,0,,200	4 pieces~30|1 package~355
2013432	B	54	88,8,4,4,552,0,1.2,16,0,0,1.58,32,,0	½ cup~125|1 package~340
2547345	B	32	71,1.77,3.1,7.96,398,4.42,.44,0,.9,0,.35,44,292,,0	1 serving~113|1 package~680
1853847	B	7	33,0,0,6.67,300,0,0,0,3.3,,0,0,,4	1 serving~30|1 package~350
2622845	B	7	50,0,0,10,200,3.33,0,0,0,0,0,0,,4,,,,450	1 pepper~30|1 package~222
2011969	B	7	83,0,0,20,167,16.7,0,0,0,0,1.2,0,,200	4 pieces~30|1 package~355
2011964	B	7	17,0,0,3.33,567,,0,0,,0	¼ cup~30|1 package~354
2597298	B	54	113,1.61,8.06,6.45,484,3.23,1.61,16,0,0,0,47,84,,0	¼ cup~62|1 package~425
2011949	B	54	106,0,9.73,2.65,355,1.33,4.42,17,0,0,.32,9,,3.7	½ cup~113|1 package~453
2011960	B	7	33,3.33,0,3.33,1170,0,0,0,3.3,0,0,0,,0	¼ cup~30|1 package~222
2022219	B	32	62,1.77,3.54,5.31,372,3.54,0,0,.9,0,.64,18,,4.2	½ cup~113|1 package~680
1852563	B	7	176,3.53,5.29,26.5,212,0,0,0,1.8,0,0,0,,0	1 serving~56.7|1 package~222
2011973	B	7	167,0,16.7,6.67,2330,0,0,0,0,0,,0,,0	5 olives~15|1 package~198
2021920	B	7	33,0,0,6.67,167,3.33,0,0,,0,,67,,8	¼ cup~30|1 package~354
2011968	B	7	117,0,0,30,283,26.7,0,0,0,0,1.2,0,,100	4 pieces) / (~30|1 package~355
2040644	B	32	62,1.77,3.54,5.31,372,3.54,0,0,.9,0,.64,18,,4.2	½ cup~113|1 package~680
2125964	B	32	62,1.77,3.54,5.31,372,3.54,0,0,.9,0,.64,18,,4.2	½ cup~113|1 package~680
2597297	B	32	62,.88,3.54,5.31,425,4.42,.44,0,.9,0,.35,44,319,,0	½ cup~113|1 package~680
2674843	B	35	98,3.28,5.74,9.84,492,3.28,.82,0,1.6,0,1.15,16,197,,0	¼ cup~61|1 package~510
2674850	B	35	115,3.28,7.38,9.84,574,3.28,1.64,0,1.6,0,1.8,33,115,,0	¼ cup~61|1 package~510
2567554	B	35	115,3.28,7.38,9.84,525,1.64,1.64,0,1.6,0,1.8,33,131,,0	¼ cup~61|1 package~510
2597299	B	11	71,2.65,3.98,5.31,389,5.31,.88,4,.9,0,.27,71,310,,0	½ cup~113|1 package~1134
2094008	B	19	44,1.77,1.77,5.31,372,3.54,0,0,.9,0,.32,221,,1.6	½ cup~113|1 package~680
2011978	B	54	112,8,7.2,4,552,0,1.2,16,0,0,1.58,32,,0	½ cup~125|1 package~340
2031748	B	19	113,0,0,25.8,339,22.6,,,,,1.16,,,7.7	2 tbsp~31|1 package~310
1895755	B	23	643,0,71.4,0,536,,7.14,107	1 tbsp~14|1 package~295
1865525	B	35	83,0,3.33,13.3,100,10,,,,,,,,60	2 tbsp~30|1 package~225
1947685	B	23	643,0,71.4,0,500,,7.14,107	1 tbsp~14|1 package~225
1895757	B	23	643,0,71.4,0,536,,7.14,107	1 tbsp~14|1 package~240
2053074	B	19	133,3.33,11.7,6.67,283,3.33,,,3.3	2 tbsp~30
1865521	B	35	100,3.33,3.33,16.7,183,10,,,3.3,,,,,30	2 tbsp~30|1 package~225
1867082	B	19	113,0,0,25.8,339,22.6,,,,,1.16,,,7.7	2 tbsp~31|1 package~310
1910842	B	19	113,0,0,25.8,339,22.6,,,,,1.16,,,7.7	2 tbsp~31|1 package~310
363688	B	7	89,1.79,5.36,7.14,321,0,0,0,1.8,0,0,71,,8.6	1 serving~28
2421363	B	11	333,0,8.33,50,3670,,,,,,18,0,,40	2 tsp~6|1 package~34
2098499	B	11	286,0,0,57.1,4000,,,,,,20.6,0,,68.6	1¼ tsp~3.5|1 package~34
400411	B	78	214,17.9,14.3,1.79,607,1.79,2.68,62,0,,2.57,357,,0	1 serving~56
1768381	B	23	67,0,0,10,600,10,0,0,0,0,0,0,,0	2 tbsp~30|1 package~355
1768482	B	23	50,0,0,10,250,6.67,0,0,0,0,1.2,0,,4	2 tbsp~30|1 package~340
1768324	B	11	50,0,0,13.3,283,6.67,0,0,0,0,1.2,67,,12,,,,,,,,,,,,,,,,,,107	2 tbsp~30|1 package~340
1786302	B	23	67,0,0,13.3,300,13.3,0,0,0,0,1.2,0,,12	2 tbsp~30|1 package~340
2288131	B	11	50,0,0,10,350,6.67,0,0,0,0,0,0,,16	2 tbsp~30|1 package~340
1768455	B	23	50,0,0,10,217,6.67,0,0,0,0,1.2,67,,16,,,,,,,,,,,,,,,,,,107	2 tbsp~30|1 package~355
1880260	B	117	23,0,0,6.33,0,6.33	8 fl oz~237|1 package~500
2046567	B	117	23,0,0,6.33,0,6.33	8 fl oz~237
1919592	B	117	14,0,0,3.38,0,3.38	12 fl oz~355
1919591	B	117	14,0,0,3.66,0,3.66	12 fl oz~355
2097780	B	18	14,0,0,3.94,0,3.66	12 fl oz~355
1976748	B	85	225,4.23,9.86,31,852,4.23,4.23,0,1.4,0,.51,28,,0	¼ garlic bread~71|1 package~284
2060738	B	19	333,11.1,0,66.7,5560,,,,,,,,,66.7	1 tbsp~9|1 package~36
1888864	B	11	357,14.3,7.14,57.1,5290,,,,14.3,,15.4,0,,17.1	1 tbsp~7|1 package~29
2060739	B	11	300,0,0,60,8200,,,,,,7.2,0,,72	2 tsp~5|1 package~20
2099743	B	32	71,2.65,3.54,6.19,381,3.54,.44,4,1.8,0,.32,88,,3.2	½ cup~113|1 package~680
2011221	B	32	62,1.77,3.54,7.08,336,4.42,.88,0,.9,0,1.27,18,,2.1	½ cup~113|1 package~708
2015444	B	32	93,3.28,6.56,6.56,574,3.28,1.64,0,1.6,0,1.18,16,,10.8	¼ cup~61|1 package~510
2028882	B	32	88,1.77,7.08,6.19,460,5.31,1.33,0,.9,0,.35,44,274,,0	½ cup~113|1 package~510
2674859	B	32	118,0,0,29.4,941,23.5,0,0,0,0,0,0,0,,0	1 tbsp~17|1 package~680
2668386	B	37	58,4.17,0,10.8,192,0,0,0,3.3,0,.83,20,296,,0	1 serving~120
2016230	B	47	91,3.03,0,21.2,76,15.2,0,0,6.1,0,1.09,61,,18.2	2 tbsp~33|1 package~794
2541178	B	60	300,0,0,73.3,87,73.3	1 serving~30|1 package~473
2542378	B	41	857,0,100,0,0,,7.14,0,,0,,,,,,64.3,28.6	1 tbsp~14|1 package~3780
2491254	B	25	2,0,0,.42,76,,,,,,,,19,,,,,,16.9,,,1.69,,7,,5.06,,4.22	8 fl oz~237|1 package~473
2306893	B	41	857,0,100,0,0,,14.3,0,,0,,,,,,21.4,64.3	1 tbsp~14|1 package~3780
1895753	B	23	643,0,71.4,0,536,,7.14,107	1 tbsp~14|1 package~295
2054055	B	2	321,10.7,28.6,7.14,500,7.14,16.1,89,0,0,0,0,,17.1	2 tbsp~28|1 package~184
2054057	B	2	321,10.7,21.4,21.4,446,17.9,14.3,71,0,0,0,0,,12.9	2 tbsp~28|1 package~184
1884215	B	2	286,10.7,25,10.7,643,7.14,14.3,71,0,0,0,0,,17.1	2 tbsp~28|1 package~184
2296946	B	14	342,7.89,9.21,55.3,211,26.3,3.95,0,5.3,0,2.84,53,,12.6,,,,,,,,,,21,,,,,0,.105	1/3 cup~38|1 package~227
2364170	B	14	368,10.5,11.8,55.3,250,29,3.95,0,7.9,0,3.79,105,,31.6,,,,,,0,,.105,21,,53,,,,0,,,105	1/3 cup~38|1 package~227
1822766	B	11	250,0,0,50,4500,50,0,0,0,0,0,0,,0	½ tsp~2|1 package~340
2441280	B	36	71,15.3,.59,0,353,,0,118,0,0,.42,24,,0,,0,0	1 serving~85|1 package~454
2441925	B	36	71,15.3,.59,0,353,,0,118,0,0,.42,24,,0,,0,0	1 serving~85|1 package~454
1890233	B	36	62,15,.44,0,230,0,0,115,0,0,.32,18,,0,,0,0	1 serving~113|1 package~454
1890234	B	36	62,15,.44,0,230,0,0,115,0,0,.32,18,,0,,0,0	1 serving~113|1 package~454
2483298	B	39	67,3.33,3.33,5,54,4.58,2.08,15,0,0,.04,125,167,,1.05	1 cup~240|1 package~3780
2044858	B	1	350,5,0,82.5,50,62.5,0,0,0,0,0,0,,0	8 pieces~40|1 package~100
2046612	B	79	333,0,0,77.8,0,66.7,0,0,0,0,0,0,,0	1 piece~9|1 package~35
2583028	B	1	333,3.7,0,77.8,37,59.3,0,0,0,0,0,4,4,,0	3 pieces~27|1 package~128
1927553	B	1	333,2.38,0,83.3,48,61.9,0,0,0,0,0,0,,0	6 pieces~42|1 package~128
2625941	B	1	333,2.38,0,83.3,48,61.9,0,0,0,0,0,0,,0,,,,0	6 pieces~42|1 package~128
2049637	B	1	333,4.76,0,78.6,60,54.8,0,0,0,0,0,0,,0	7 pieces~42|1 package~100
1920136	B	1	333,2.78,0,80.6,56,55.6,0,0,0,0,0,0,,0	4 pieces~36|1 package~128
2075777	B	1	333,2.78,0,83.3,56,61.1,0,0,0,0,0,0,,0	4 pieces~36|1 package~200
2043722	B	1	316,5.26,0,73.7,53,60.5,0,0,0,0,0,0,,0	4 pieces~38|1 package~128
2046615	B	1	333,4.76,0,78.6,48,52.4,0,0,0,0,0,0,,0	4 pieces~42|1 package~100
2628639	B	1	308,5.13,0,76.9,90,56.4,0,0,0,0,0,0,,0,,,,0	4 pieces~39|1 package~100
1902595	B	1	375,2.5,5,82.5,75,62.5,2.5,0,2.5,0,.9,0,,0	11 pieces~40|1 package~200
2049636	B	1	318,9.09,0,81.8,0,54.6,0,0,0,,0,0,,0	1 piece~11
2583027	B	1	333,3.33,0,83.3,50,56.7,0,0,0,0,0,3,3,,0	5 pieces~30|1 package~99.2
2583026	B	1	321,7.14,0,78.6,36,57.1,0,0,0,0,0,4,0,,0	4 pieces~28|1 package~99.2
2046613	B	1	318,9.09,0,81.8,0,54.6,0,0,0,,0,0,,0	1 container~11
2625940	B	1	333,2.78,0,80.6,56,58.3,0,0,0,0,0,0,,0,,,,0	4 pieces~36|1 package~128
2584180	B	1	346,3.85,0,80.8,38,53.8,0,0,0,0,0,4,4,,0	2 pieces~26|1 package~99.2
2583025	B	1	333,3.03,0,78.8,76,57.6,0,0,0,0,0,3,9,,0	5 pieces~33|1 package~99.2
2584179	B	1	345,3.45,0,79.3,52,55.2,0,0,0,0,0,3,3,,0	4 pieces~29|1 package~128
2075778	B	1	333,2.78,0,77.8,56,55.6,0,0,0,0,0,0,,0	4 pieces~36|1 package~200
2075784	B	1	333,4.76,0,78.6,60,54.8,0,0,0,0,0,0,,0	7 pieces~42|1 package~100
2075783	B	1	357,4.76,0,81,48,57.1,0,0,0,0,0,0,,0	7 pieces~42|1 package~128
2628638	B	1	286,2.86,0,71.4,143,54.3,0,0,0,0,0,0,,0,,,,0	3 pieces~35|1 package~128
2075782	B	1	286,2.86,0,71.4,143,54.3,0,0,0,0,0,0,,0	3 pieces~35|1 package~100
2075779	B	1	308,5.13,0,76.9,90,56.4,0,0,0,0,0,0,,0	4 pieces~39|1 package~128
2051688	B	1	342,5.26,0,79,53,57.9,0,0,0,0,0,0,,0	8 pieces~38|1 package~100
2046614	B	1	325,5,0,77.5,62,57.5,0,0,0,0,0,0,,0	5 pieces~40|1 package~100
2083156	B	88	321,10.7,1.79,53.6,2750,0,0,0,3.6,0,1.29,0,,0	1 serving~28|1 package~454
1903650	B	23	433,3.33,43.3,10,833,3.33,6.67,17,0,0,1.2,67,,4	2 tbsp~30|1 package~473
2083436	B	23	200,0,11.7,20,317,16.7,0,0,0,0,0,0,,0	2 tbsp~30|1 package~473
2076413	B	5	536,7.14,28.6,60.7,393,0,3.57,0,3.6,0,1.29,0,,21.4,,21.4,3.57	1 serving~28|1 package~128
2628206	B	50	0,0,0,0,17000,0,0,0,0,0,0,0,,0,,,,0	1 serving~1|1 package~120
2623188	B	5	500,7.14,25,60.7,571,3.57,3.57,0,3.6,0,1.29,71,,0,,,,0	1 serving~28|1 package~99.2
2042747	B	12	500,7.14,25,60.7,571,3.57,3.57,0,3.6,0,1.29,71,,0	1 serving~28|1 package~99.4
2628205	B	19	400,0,40,10,767,6.67,5,33,0,0,0,0,,8,,,,60	2 tbsp~30|1 package~473
2076610	B	35	533,0,56.7,10,1070,6.67,8.33,33,0,0,0,0,,4	2 tbsp~30|1 package~473
2094864	B	12	420,4,28,56,980,6,4,0,4,0,1.08,200,,0	35 pieces~50|1 package~99
2623187	B	5	464,3.57,28.6,57.1,1000,7.14,3.57,0,3.6,0,1.29,214,,0,,,,0	1 serving~28|1 package~99.2
2103788	B	96	153,3.53,10.6,22.4,671,2.35,1.76,0,1.2,0,.85,24,,2.8	1 serving~85|1 package~340
2044487	B	5	500,3.57,28.6,57.1,393,7.14,3.57,0,3.6,0,1.29,0,,12.9	1 serving~28|1 package~114
2083437	B	23	200,0,15,23.3,533,20,0,0,0,0,0,0,,0	2 tbsp~30|1 package~473
2368460	B	25	11,0,0,2.53,1,1.69,,,,,,,,,,,,,,,,,,,,2.53	8 fl oz~237|1 package~473
2076872	B	44	48,.8,0,11.2,2,10.4,0,0,.8,0,0,16,,19.2	1 serving~125
2069694	B	8	600,10,42.5,50,75,40,25,25,7.5,0,2.7,200,,3	1 bar~40|1 package~80
2303388	B	8	633,10,40,53.3,0,36.7,23.3,0,10,0,4.8,67,0,,0	1 serving~30|1 package~60
2069693	B	8	650,5,50,45,0,32.5,30,0,10,0,3.6,0,,0	1 bar~40|1 package~80
2069695	B	8	605,4.65,46.5,41.9,0,30.2,27.9,0,9.3,0,3.35,0,,0	1 bar~43|1 package~85
2085606	B	4	419,9.68,9.68,77.4,452,19.4,4.84,0,3.2,0,2.32,0,,0	5 cookies~31
2411328	B	6	220,8,1,44,480,0,0,0,2,0,4,16,72,,0	½ roll~50|1 package~595
2417496	B	6	259,9.41,1.76,49.4,565,0,0,0,1.2,0,3.53,19,84,,0	1 roll~85|1 package~510
2009236	B	6	242,8.08,2.53,46.5,505,1.01,1.01,0,2,0,3.64,20,76,12.1,,,,,,1,.258	1 serving~99|1 package~595
2009237	B	6	246,8.77,2.63,45.6,509,0,0,0,1.8,0,3.16,35,,0,,,,,,0,.298	1 serving~57|1 package~227
2010798	B	27	244,15.6,20,2.22,978,2.22,8.89,56,0,0,.8,89,,0	1 cheddar frank~45|1 package~340
2541361	B	7	100,0,0,26.7,933,26.7	1 tbsp~15|1 package~355
2026613	B	7	107,0,7.14,7.14,2000	1 tbsp~14
2023196	B	7	107,0,7.14,7.14,2000	1 tbsp~14
1995929	B	27	259,12.9,22.4,2.35,835,2.35,,59,.3,0,1.27,0,,0	1 sausage~85|1 package~340
2541397	B	7	0,0,0,0,1200	2 sport peppers~5|1 package~355
1913481	B	27	306,15.3,25.9,2.35,1000,1.18,10.6,65,0,0,1.69,0,,0	1 beef~85|1 package~340
2128966	B	27	259,13,22.2,1.85,833,1.85,8.33,56,0,0,1.33,0,,0	6 beef cocktail links~54|1 package~454
2066000	B	26	315,11,11,45.2,795,12.3,4.11,27,1.4,0,.99,27,,0	1 corn dog~73|1 package~290
1870804	B	27	244,13.3,22.2,2.22,844,2.22,8.89,56,0,0,1.6,0,,0	1 frank~45|1 package~340
2744623	B	146	253,12,21.3,2.67,840,1.33,9.33,53,0,0,80,0,0,0,0,,,24	1 beef frank~75
2066513	B	77	224,21.2,14.1,2.35,1870,1.18,4.12,59,0,1.76,0,0,,0	1 serving~85|1 package~1032
2037519	B	147	235,28.2,11.8,3.53,1240,0,3.53,65,1.2,0,3.18,47,,0	1 serving~85|1 package~1032
2037688	B	27	259,12.9,21.2,2.35,835,2.35,8.24,53,.3,0,1.27,0,,0	1 frank~85|1 package~340
2037576	B	27	235,11,11,24.3,713,2.21,3.68,26,.7,0,2.65,15,,0	6 mini bageldogs~136|1 package~340
2121518	B	27	259,12.9,21.2,2.35,941,2.35,8.24,53,.3,0,1.27,24,,0	1 sausage~85|1 package~340
1951288	B	35	83,3.33,0,20,1170,20,0,0,0,0,0,0,0,,0	2 tbsp~30|1 package~355
1950663	B	35	133,6.67,0,26.7,2000,23.3,0,0,0,0,0,67,233,,0	2 tbsp~30|1 package~355
1953148	B	11	133,6.67,0,26.7,2000,23.3,0,0,0,0,0,67,233,,0	2 tbsp~30|1 package~355
510622	B	103	258,6.67,5,46.7,1420,2.5,1.67,2,0,0,.75,17,,0	1 bowl~120
2542887	B	89	73,2.44,1.42,12.2,447,1.63,.81,4,0,0,.81,33,59,,0	1 cup~246|1 package~425
2546391	B	89	98,8.13,1.42,12.6,321,1.22,.41,24,2.4,0,1.1,24,,2.4	1 cup~246|1 package~425
2138213	B	89	157,7.2,11,6.78,424,.85,3.81,30,.8,0,1.14,17,,1	1 cup~236|1 package~425
2110557	B	45	143,7.14,4.76,18.2,437,7.94,1.59,12,3.2,0,1.14,32,,1	½ cup~126|1 package~425
2112900	B	45	119,6.35,.79,22.2,357,8.73,0,8,4,0,1.43,48,,1	½ cup~126|1 package~425
2110551	B	45	135,6.35,1.19,24.6,198,12.7,0,8,4.8,0,2.14,48,,1.9	½ cup~126|1 package~425
2138208	B	112	255,14.6,16.4,9.09,709,5.45,7.27,45,0,.91,1.96,36,,0	¼ cup~55|1 package~283
2152129	B	89	77,7.32,2.03,6.1,398,.81,.41,33,.4,0,.73,24,,0	1 cup~246|1 package~425
2138203	B	89	89,7.72,1.63,10.6,382,.81,.41,20,2,0,1.1,33,,0	1 cup~246|1 package~425
2266745	B	89	86,4.9,1.43,13.1,673,1.63,.61,14,.4,0,.73,24,,.5	1 cup~245|1 package~425
2138211	B	45	119,6.35,.79,22.2,365,10.3,0,8,4,0,1.14,32,,1	½ cup~126|1 package~425
2266674	B	89	121,5.42,6.25,10.8,362,2.08,3.75,33,.4,0,.45,25,,.5	1 cup~240|1 package~425
2416194	B	89	191,8.47,8.9,12.7,386,.85,4.24,28,2.1,0,1.14,25,,0	1 cup~236|1 package~425
2152097	B	89	110,5.71,5.31,10.6,380,.41,2.45,12,2.9,.41,1.47,16,,0	1 cup~245|1 package~850
2103407	B	89	81,3.66,.41,16.3,354,3.25,0,0,2.4,0,1.22,22,260,,0	1 cup~246|1 package~425
2148647	B	89	144,7.2,10.2,5.51,356,1.27,4.24,28,.8,0,1.14,17,,0	1 cup~236|1 package~425
2146985	B	89	131,6.78,6.36,11,335,1.69,2.54,17,2.1,0,1.14,25,,0	1 cup~236|1 package~425
2138215	B	89	110,5.71,5.31,10.6,380,.41,2.45,12,2.9,.41,1.47,16,,0	1 cup~245|1 package~425
2399575	B	89	56,0,0,11.1,417,0,0,0,0,0,0,0,0,,0	1 tbsp~18|1 package~283
1922915	B	89	98,8.94,1.42,11.4,309,.81,.41,26,2.4,0,1.46,24,,1	1 cup~246|1 package~425
2296017	B	89	100,7.92,5.42,5.42,450,.42,2.08,27,1.2,.42,1.12,8,,0	1 cup~240|1 package~425
2623171	B	89	143,7.14,7.14,13.5,421,2.38,2.38,20,3.2,0,1.14,32,,1.9,,,,14	½ cup~126|1 package~425
2138201	B	89	130,6.5,7.32,9.76,398,.81,2.44,20,3.3,0,1.1,41,,3.7	1 cup~246|1 package~425
2008661	B	112	273,12.7,20,9.09,709,5.45,6.36,55,0,0,1.31,36,,2.2	¼ cup~55|1 package~283
2104430	B	89	169,7.2,11.4,9.32,449,2.12,4.24,30,.8,0,1.53,17,,1.5	1 cup~236|1 package~425
2093861	B	89	150,7.32,6.91,13.4,451,2.03,2.85,18,2.4,0,1.83,24,,2	1 cup~246|1 package~425
2432735	B	20	360,6,0,84,60,0,0,0,0,,0,16,8	1 serving~50|1 package~400
574066	B	2	286,17.9,25,3.57,607,0,17.9,89,0,0,0,714,,0	1 serving~28
2089884	B	43	250,6.67,4.17,46.7,1500,1.67,1.67,2,0,0,.45,17,,0	1 bowl~120
2631393	B	42	367,0,0,90,0,80,,,,,,100,,,0	2 tbsp~30
2642548	B	60	367,0,0,90,0,80,,,,,,100,,,0	2 tbsp~30|1 package~250
1951265	B	14	415,10.8,15.4,63.1,31,20,9.23,0,9.2,0,3.08,43,269,,0	1 cup~65
1919980	B	14	390,13,9.09,64.9,13,9.09,2.6,,11.7,,4.68,52,,1.6	1 container~77
1851415	B	14	424,8.24,15.3,64.7,35,24.7,10.6,0,9.4,0,4.24,24,,0	1 container~85
2113417	B	14	364,10.4,9.09,64.9,26,19.5,3.25,,10.4,,4.68,52,,1.6	1 container~77
1855706	B	14	416,13,10.4,68.8,26,15.6,4.55,,9.1,,3.51,52	1 serving~77
1952342	B	14	415,10.8,12.3,67.7,31,15.4,4.62,0,12.3,0,3.08,37,398,,0	1 cup~65
1890122	B	14	403,9.09,13,66.2,26,22.1,7.79,,7.8,,3.51,26	1 container~77
1851416	B	14	354,10.8,7.69,58.5,31,13.8,3.08,0,13.8,0,3.08,40,317,,0	1 cup~65
1890121	B	14	364,10.4,9.09,64.9,26,19.5,3.25,,10.4,,4.68,52,,1.6	1 container~77
1890120	B	14	351,11.7,9.09,58.4,26,15.6,2.6,,7.8,,3.51,52,,3.1	1 container~77
2284757	B	12	429,78.6,10.7,3.57,1000,0,3.57,196,3.6,0,9.64,0,,0	1 serving~28|1 package~85
2653087	B	12	393,71.4,7.14,10.7,750,0,3.57,161,10.7,0,5.14,0,,0,,,,0	1 serving~28|1 package~85
1896212	B	12	357,67.9,7.14,7.14,3430,0,3.57,125,3.6,0,9.64,71,,0	1 serving~28|1 package~85
1942918	B	12	393,78.6,7.14,3.57,1680,0,1.79,125,3.6,0,9.64,0,,0	1 serving~28|1 package~85
1936559	B	12	393,67.9,12.5,3.57,1110,0,5.36,161,0,0,9.64,0,,0	1 serving~28|1 package~85
2629319	B	12	357,75,7.14,0,1820,0,1.79,161,,0,9.64,0,,0,,,,0	1 serving~28|1 package~85
2305472	B	12	357,75,7.14,0,1820,0,1.79,161,,0,9.64,0,,0	1 serving~28|1 package~170
1936560	B	12	429,67.9,5.36,10.7,2140,0,5.36,161,3.6,0,9.64,71,,0	1 serving~28|1 package~85
1942515	B	12	393,57.1,8.93,17.9,1540,0,3.57,125,10.7,0,5.14,71,,0	1 serving~28|1 package~85
1966041	B	12	393,82.1,8.93,0,143,0,3.57,179,0,0,9.64,0,,0	1 serving~28|1 package~85
1942902	B	12	357,39.3,7.14,35.7,1930,21.4,3.57,71,3.6,0,5.14,0,,0	1 serving~28|1 package~85
2041187	B	8	571,7.14,35.7,60.7,71,57.1,21.4,18,,,1.29,286	1 serving~28|1 package~141
2314786	B	1	536,7.14,32.1,60.7,89,57.1,17.9,18,3.6,0,2.14,250,0,,0	1 piece~28|1 package~340
2049823	B	8	571,7.14,35.7,60.7,71,57.1,21.4,18,,,1.29,286	1 serving~28|1 package~141
2116657	B	8	571,7.14,35.7,60.7,71,57.1,21.4,18,,,1.29,286	1 serving~28|1 package~85
1946083	B	8	386,3.51,7.02,54.4,44,,4.39,0,0,0,.63,35,0,,0	1 piece~57
1880735	B	8	571,7.14,35.7,60.7,71,57.1,21.4,18,,,1.29,286	1 serving~28|1 package~283
2049822	B	8	490,5,33,58,70,46,20,10,,,2.7,40	1 serving~100|1 package~340
600343	B	12	533,6.67,30,56.7,500,,5	5 pieces~30
600320	B	12	533,10,30,56.7,500,,5	5 pieces~30
593845	B	29	533,6.67,30,56.7,500,,5	5 pieces~30
593858	B	12	533,10,26.7,60,500,,5	5 pieces~30
2063018	B	16	357,14.3,1.79,73.2,0,3.57,0,0,3.6,0,3.21,0,,0,,,,,7.14,1,.455	1 serving~56|1 package~908
1972474	B	103	339,7.14,0,76.8,1160,3.57,0,0,1.8,0,1.29,36,,4.3	1/3 cup~56|1 package~227
2008663	B	121	339,12.5,1.79,69.6,1700,1.79,0,4,8.9,0,4.82,36,,2.1,,,,,2.86,0	1/3 cup~56|1 package~170
2597820	B	103	357,7.14,.89,76.8,1210,1.79,0,0,1.8,0,5.36,34,164,,0	1/3 cup dry~56|1 package~227
2597818	B	103	357,7.14,0,76.8,1050,1.79,0,0,1.8,0,5.36,29,232,,0	1/3 cup dry~56|1 package~227
2597817	B	121	322,7.78,4.44,60,944,1.11,1.11,0,1.1,0,3.33,30,147,,1,,,,2.22,0,,,47	1 serving~90|1 package~539
2568399	B	121	357,12.5,0,71.4,1230,3.57,0,0,5.4,0,5.36,64,573,,0	1/3 cup~56|1 package~227
2298800	B	103	357,8.93,0,75,1320,1.79,0,0,0,0,3.21,0,,8.6,,,,,2.86,0	1/3 cup~56|1 package~908
2025438	B	37	31,2.5,0,7.5,300,2.5,0,0,3.8,0,.45,25,,7.5	4 pieces~80|1 package~396
2623078	B	61	356,8.89,0,80,22,1.11,0,0,0,0,2.8,0,,0,,,,0	1 serving~45|1 package~340
2597825	B	67	372,14,5.81,65.1,0,4.65,0,0,7,0,4.65,47,558,,0	¼ cup dry~43|1 package~340
2015491	B	7	0,0,0,0,3500,0,0,0,0,0	1 tsp~4|1 package~104
2209616	B	103	339,10.7,0,73.2,1000,1.79,0,0,0,0,4.82,0,,0,,,,,2.86,0	1/3 cup~56|1 package~227
2405099	B	88	333,11.1,0,66.7,3780,0,0,0,0,0,11.1,56,244,,0	.06 packet coats 1 piece~9|1 package~142
2680483	B	103	357,7.14,.89,76.8,1210,1.79,0,0,0,0,0,4,89,,0	1 serving~56|1 package~227
1989171	B	103	357,8.93,0,75,1160,1.79,0,0,0,0,3.57,18,61,,0	1/3 cup~56|1 package~908
1960869	B	88	389,11.1,16.7,55.6,2440,11.1,11.1,0,0,0,11.1,22,233,,0	.06 packet coats 1 piece~9|1 package~142
2323228	B	103	357,7.14,.89,76.8,1210,1.79,0,0,1.8,0,5.36,34,164,,0	1/3 cup dry~56|1 package~227
2281273	B	103	364,10.9,.91,72.7,1440,3.64,0,0,1.8,0,5.45,22,127,,0	1 cup prepared~55|1 package~227
2040609	B	41	800,0,93.3,0,0,,13.3,0,,0,0,0,,0,,66.7,13.3	1 tbsp~15|1 package~250
2313243	B	76	167,20,10,0,4670,0,0,100,0,0,2.4,267,,0	6 fillets~15|1 package~56.7
2680484	B	103	357,7.14,0,76.8,1160,1.79,0,0,1.8,0,5.36,36,170,,0	1 serving~56|1 package~227
1970652	B	7	17,0,0,0,1600,0,0,0,0,0,0,0,,0	1 serving~30|1 package~473
1859362	B	88	367,13.3,5,70,1630,10,0,0,6.7,0,1.2,133,,0,,,,,10,0,1.13	¼ cup~30|1 package~454
2144683	B	7	267,0,26.7,6.67,1730,0,0,0,0,0,0,0,,8	4 olives~15|1 package~227
2022342	B	37	31,2.5,0,7.5,300,2.5,0,0,3.8,0,.45,25,,7.5	5 pieces~80|1 package~396
2597824	B	61	333,6.67,0,77.8,0,0,0,0,2.2,0,0,24,80,,0	1/3 cup dry 1 cup prepared~45|1 package~998
2015599	B	76	179,25,7.14,5.36,446,0,1.79,71,0,0,1.29,143,,0	¼ cup~56|1 package~115
2093844	B	76	232,25,14.3,0,446,0,6.25,36,0,0,1.93,71,,0	2 sardines /~56|1 package~124
2088345	B	37	31,2.5,0,7.5,300,2.5,0,0,3.8,0,.45,25,,7.5	3 pieces~80|1 package~396
2405093	B	61	333,6.67,0,77.8,0,0,0,0,2.2,0,0,24,0,,0	1/3 cup~45|1 package~360
2405087	B	61	333,6.67,0,77.8,0,0,0,0,2.2,0,0,24,0,,0	1/3 cup~45|1 package~340
2270244	B	88	367,16.7,5,66.7,1900,6.67,1.67,0,6.7,0,3.33,210,217,,0,,,,3.33,1,.333	¼ cup~30|1 package~680
1853260	B	88	367,16.7,5,66.7,1900,6.67,1.67,0,6.7,0,3.33,210,217,,0,,,,3.33,1,.333	¼ cup~30|1 package~227
1862704	B	88	357,10.7,1.79,71.4,1000,3.57,0,0,3.6,0,9.64,71,,0,,,,,10.7,1,.911	½ cup~28|1 package~227
1972483	B	61	339,8.93,0,75,1390,1.79,0,4,0,0,4.82,0,,0,,,,,2.86,0	1/3 cup~56|1 package~227
2144684	B	103	357,8.93,2.68,73.2,1180,1.79,0,0,3.6,,1.93,71,,8.6,,,,,2.86,0	1/3 cup~56|1 package~227
2430153	B	103	339,7.14,0,76.8,1050,3.57,0,0,1.8,0,1.79,55,89,,0	1/3 cup~56|1 package~227
2110742	B	76	250,23.2,16.1,3.57,446,0,1.79,71,0,0,1.29,143,,0	¼ cup~56|1 package~115
2405091	B	61	356,6.67,0,80,0,0,0,0,0,0,0,0,78,,0	¼ cup~45|1 package~908
2597814	B	121	364,10.9,.91,72.7,1440,3.64,0,0,1.8,0,5.45,22,127,,0	1/3 cup dry 1 cup prepared~55|1 package~227
2597819	B	103	375,7.14,0,78.6,80,1.79,0,0,1.8,0,5.36,25,170,,0	1/3 cup dry 1 cup prepared~56|1 package~227
2597811	B	78	239,12.4,16.8,8.85,761,.88,1.77,0,0,0,2.65,44,106,,0	1 serving~113
2022351	B	7	83,3.33,6.67,3.33,333,0,0,0,3.3,0,,67,,6	4 pieces~30|1 package~340
2405104	B	7	18,0,0,3.57,786,0,0,0,0,0,0,4,71,,0	1 serving~28|1 package~355
1972563	B	7	0,0,0,0,750,0,0,0,0,0,0,0,,0	1 onion~4|1 package~473
2008210	B	103	339,8.93,0,75,1070,1.79,0,17,1.8,0,4.82,0,,4.3,,,,,2.86,0	1/3 cup~56|1 package~227
2144690	B	7	167,0,16.7,6.67,1530,0,0,0,0,0,0,0,,0	¼ cup~15|1 package~595
2669413	B	7	200,0,20,0,1330,0,3.33,0,0,0,0,0,0,,0	4 olives w~15|1 package~345
1970679	B	16	345,12.7,0,74.6,18,3.64,0,0,1.8,0,2.62,0,,0	1/3 cup~55|1 package~284
2022698	B	76	239,12.4,16.8,8.85,761,.88,1.77,0,0,0,2.65,44,106,,0	1 serving~113
2405092	B	61	356,6.67,0,80,0,0,0,0,2.2,0,0,22,78,,0	¼ cup~45|1 package~908
2019843	B	103	357,12.5,0,71.4,1230,3.57,0,0,5.4,0,5.36,64,573,,0	1/3 cup~56|1 package~227
1972659	B	61	375,12.5,4.46,66.1,1480,1.79,2.68,18,1.8,0,3.21,179,,4.3,,,,,2.86,0	1/3 cup~56|1 package~184
1514502	B	41	800,0,93.3,0,0,,13.3,0,,0,0,0,,0,,66.7,13.3	1 tbsp~15
2616324	B	67	372,14,5.81,65.1,0,0,0,0,7,0,4.19,47,,0,,,,0	¼ cup dry~43|1 package~340
2616325	B	67	372,14,5.81,65.1,0,0,0,0,7,0,4.19,47,,0,,,,0	¼ cup dry~43|1 package~340
1941056	B	90	372,14,5.81,65.1,0,4.65,0,0,7,0,4.65,47,558,,0	¼ cup~43|1 package~340
2010226	B	103	322,7.78,4.44,60,944,1.11,1.11,0,1.1,0,3.33,30,147,,,,,,2.22,0	1 serving~90|1 package~539
2405098	B	90	356,13.3,2.22,71.1,0,0,0,0,6.7,0,4.44,27,378,,0	1/3 cup~45|1 package~360
2405097	B	7	18,0,0,3.57,1860,0,0,0,3.6,0,0,21,50,,0	1 serving~28|1 package~473
2025390	B	88	357,10.7,0,71.4,161,3.57,0,0,3.6,0,9.64,0,,0,,,,,10.7,1,.911	½ cup~28|1 package~227
2289138	B	7	50,3.33,3.33,6.67,733,3.33,0,0,3.3,0,1.2,67,,0	2 pieces~30|1 package~185
2143587	B	103	339,12.5,.89,71.4,1450,1.79,0,0,7.1,0,3.21,0,,0,,,,,2.86,0	1/3 cup~56|1 package~227
2020657	B	76	167,20,10,0,5870,0,0,80,0,0,2.4,267,,0	4 pieces /~15|1 package~56.7
2597815	B	103	357,7.14,0,76.8,1050,1.79,0,0,1.8,0,3.57,23,161,,0	1/3 cup dry~56|1 package~284
2546465	B	37	15,2,0,6,260,0,0,0,4,0,0,30,,10.2	½ cup~100|1 package~400
2027007	B	11	345,13.8,3.45,65.5,1640,6.9,.86,0,5.2,0,4.66,172,,0,,,,,2.76,0	1/3 cup~58|1 package~227
2429367	B	103	357,7.14,0,76.8,1230,3.57,0,0,1.8,0,5.36,45,286,,0	1/3 cup~56|1 package~255
2597830	B	88	389,11.1,16.7,55.6,2440,11.1,11.1,0,0,0,11.1,22,233,,0	.06 packet coats 1 piece~9|1 package~142
2447765	B	7	30,0,0,3.03,2180,0,0,0,0,0,0,24,197,,0	1 serving~33|1 package~3780
2405750	B	103	357,7.14,0,76.8,1050,1.79,0,0,1.8,0,3.57,23,161,,0	1/3 cup~56|1 package~227
2405105	B	7	167,0,16.7,0,3400,0,3.33,0,0,0,0,87,0,,0	5 olives~15|1 package~198
2025433	B	37	25,2,0,5,290,1,0,0,2,0,.36,40,,6	½ cup~100|1 package~400
2144651	B	76	196,16.1,12.5,5.36,446,0,2.68,36,0,0,3.21,357,,0	2 sardines /~56|1 package~124
2405751	B	103	357,7.14,0,76.8,1050,1.79,0,0,1.8,0,5.36,29,229,,0	1/3 cup~56|1 package~227
577079	B	41	800,0,93.3,0,0,,13.3,0,,0,0,0,,0,,66.7,13.3	1 tbsp~15
2387597	B	21	71,4.29,2.14,12.9,293,0,0,0,7.1,0,1.43,30,280,,0	½ cup~140|1 package~400
2387583	B	31	83,2.5,5,10,400,2.5,3.33,0,4.2,,.83,58,330,,0	½ cup~120|1 package~400
2187909	B	17	71,9.41,0,8.24,35,6.47,0,6,.6,0,0,88,,.7	1 conatainer~170
2185622	B	17	82,10,0,9.41,38,7.65,0,6,.6,0,0,88,,.7	1 serving~170
2066917	B	36	214,9.82,10.7,19.6,652,.89,1.79,45,.9,0,1.29,0,,0	1 fillet~112|1 package~907
2187142	B	17	65,11.2,0,4.71,41,2.94,0,6,.6,0,0,118,,.7	1 container~170
1549685	B	20	74,2.03,0,17.6,0,.68,0,0,1.4,0,.73,14,419,18.2,,,,,1.08,0,.023,.135,16,16,41,,.2,,,.054	1 serving~148
2185487	B	17	71,9.41,0,8.24,41,6.47,0,6,.6,0,0,88,,.7	1 serving~170
1890094	B	14	512,11.6,34.9,44.2,0,14,8.14,0,9.3,0,3.35,47,,0	1 serving~43
1890096	B	14	488,9.3,27.9,58.1,0,16.3,6.98,0,9.3,0,3.35,0,,0	1 package~43
1941499	B	14	512,9.3,27.9,58.1,0,11.6,8.14,0,7,0,3.35,0,,0	1 package~43
1855389	B	14	465,11.6,27.9,51.2,0,16.3,9.3,0,9.3,0,3.35,47,,0	1 serving~43
1855387	B	14	488,11.6,30.2,51.2,0,16.3,9.3,0,7,0,3.35,0,,0	1 serving~43
1944810	B	14	481,11.1,29.6,51.8,0,14.8,7.41,0,7.4,0,2.96,37,333,,0,14.8,9.26	3 tbsp~27|1 package~340
1890095	B	14	517,10.3,34.5,44.8,0,13.8,8.62,0,6.9,0,3.72,0,,0	¼ cup~29|1 package~340
1855941	B	14	485,12.1,30.3,51.5,0,15.2,9.09,0,9.1,0,3.27,0,,0	1 serving~33|1 package~340
2113071	B	41	857,0,100,0,0,,92.9,,,0,,,,,,7.14,0	1 tbsp~14|1 package~414
500077	B	122	193,0,0,40,7,40	1 tbsp~15
2401838	B	32	49,1.64,0,9.84,148,6.56,0,0,3.3,0,1.64,0,426,,0	¼ cup~61|1 package~2980
2746151	B	97	246,8.77,3.51,45.6,246,1.75,0,0,1.8,0,2.98,0,0,,0	2 oz pizza crust~57
2129446	B	15	17,0,0,3.45,759,3.45,0,0,0,0,0,0,,,0	2 tbsp~29|1 package~425
2050702	B	4	429,14.3,21.4,57.1,179,7.14,21.4,0,7.1,0,2.57,0,,0	1 piece~14|1 package~113
2129445	B	15	17,0,0,3.45,759,3.45,0,0,0,0,0,0,,,0	2 tbsp~29|1 package~425
1067037	B	9	350,5,17,44,250,25,2.5,60,1,0,2,25,178,,0	2 slices~100
1063233	B	9	331,2.21,18.4,37.5,176,16.2,8.09,0,1.5,0,1.47,7,96,,0	.2 pie~136
1063231	B	9	331,2.94,16.2,42.6,176,19.8,5.88,0,1.5,0,,7,81	.2 pie~136
597831	B	9	353,4.71,20,38.8,176,21.2,8.24,47,2.4,0,1.18,47,115,,0	1 slice~85
2089245	B	6	246,7.02,.88,50.9,561,1.75,0,0,1.8,0,2.53,0,,0	1 serving~57
365195	B	41	800,0,93.3,0,0,0,13.3,,0,0	1 tbsp~15
577960	B	41	800,0,93.3,0,0,0,13.3,,0,0	1 tbsp~15
2324674	B	41	800,0,93.3,0,0,0,13.3,0,0,0,0,0,0,,0,80	1 tbsp~15|1 package~2987
2157336	B	6	246,9.84,1.07,49.2,262,1.64,0,0,4.9,0,2.66,49,,0	1 serving~61|1 package~737
500089	B	23	193,0,0,40,7,40	1 tbsp~15
2023442	B	70	348,34.8,0,52.2,543,52.2,0,22,0,0,0,1300,1700,5.2,10.9	¼ pouch dry milk~23|1 package~272
1885730	B	14	395,10.5,5.26,76.3,684,29,0,0,7.9,0,2.84,0,,0,,2.63,2.63	1 packet~38|1 package~304
2581983	B	23	419,2.33,44.2,6.98,977,4.65,6.98,58,0,0,0,28,84,,0	1 serving~43
1895277	B	23	400,0,43.3,3.33,900,3.33,6.67,0,0,0,0,0,,8	2 tbsp~30
2581982	B	23	419,0,44.2,4.65,930,2.33,6.98,0,0,0,0,12,35,,0	1 serving~43
2581981	B	23	465,0,46.5,16.3,698,14,6.98,23,0,0,2.33,12,67,,0	1 serving~43
2289996	B	23	467,0,43.3,23.3,600,23.3,6.67,33,0,0,0,0,,0	2 tbsp~30
2432342	B	61	340,7.55,.94,75.5,0,0,0,0,3.8,0,0,0,85,,0	¼ cup~53|1 package~454
2432349	B	61	365,7.69,0,78.8,0,0,0,0,1.9,0,0,0,38,,0	¼ cup~52|1 package~454
2432339	B	61	353,7.84,1.96,76.5,78,0,0,0,9.8,0,.98,0,157,,0	¼ cup~51|1 package~454
2432343	B	61	370,8.7,3.26,73.9,65,0,0,0,8.7,0,2.17,0,196,,0	¼ cup~46|1 package~454
2432347	B	90	360,10,3,74,0,0,0,0,10,0,2,20,420,,0	¼ cup~50|1 package~454
2432344	B	90	350,12.5,2.5,70,0,2.5,0,0,10,0,7.5,50,550,,0	¼ cup~40|1 package~397
2432346	B	61	346,7.69,0,76.9,0,0,0,0,1.9,0,0,0,48,,0	¼ cup~52|1 package~454
2432459	B	90	360,12,4,70,0,2,0,0,10,0,3,20,380,,0	¼ cup~50|1 package~454
2432460	B	103	365,15.4,1.92,69.2,38,1.92,0,0,9.6,0,3.85,0,404,,0	¼ cup~52|1 package~454
2432348	B	61	365,7.69,0,78.8,0,0,0,0,1.9,0,0,0,48,,0	¼ cup~52|1 package~454
1949259	B	68	158,3.33,1.25,33.3,267,1.67,0,0,2.5,0,1.92,25,100,,0	½ package~120|1 package~240
2442137	B	90	360,14,2,72,6,0,0,6,12,,2.52,40,,0	1/3 cup~50|1 package~397
1854341	B	61	378,8.89,3.33,77.8,0,0,0,0,4.4,0,1.6,44,,0	¼ cup~45|1 package~454
2672555	B	90	362,14.9,4.26,66,96,4.26,0,0,8.5,0,4.26,64,511,,0	1 serving~47|1 package~454
2595307	B	61	200,5.19,5.93,32.6,222,2.22,.74,0,3,0,.22,15,52,,0	1 cup per serving~135|1 package~241
2595309	B	103	179,3.57,2.14,36.4,236,0,1.43,0,3.6,0,.57,7,79,,0	1 cup per serving~140|1 package~241
2595308	B	103	192,4.62,6.15,30,431,3.85,.77,0,3.1,0,.38,15,100,,0	1 cup per serving~130|1 package~241
2562882	B	103	157,3.57,1.43,33.6,264,1.43,0,0,2.9,0,1.86,21,100,,0	1 cup per serving~140|1 package~241
2012271	B	90	372,14,5.81,62.8,0,0,0,0,7,0,4.19,47,,0	¼ cup~43|1 package~454
2432341	B	90	378,13.3,4.44,68.9,78,0,0,0,17.8,0,3.33,0,444,,0	¼ cup~45|1 package~454
2432461	B	103	365,15.4,1.92,69.2,29,1.92,0,0,9.6,0,3.85,19,404,,0	¼ cup~52|1 package~454
1926898	B	90	372,14,5.81,62.8,0,0,0,0,7,0,4.19,47,,0	¼ cup~43|1 package~454
2432338	B	61	356,8.89,3.33,75.6,67,0,0,0,11.1,0,1.11,0,156,,0	¼ cup - dry~45|1 package~454
2439376	B	6	250,10.7,3.57,46.4,500,7.14,0,0,7.1,0,1.29,143,,0,,,,,1.43,0,.243	1 slice~28|1 package~567
2462940	B	6	250,10.7,3.57,46.4,500,7.14,0,0,7.1,0,0,96,300,,0,,,,3.57,0,.357,,17	1 slice~28|1 package~340
2542553	B	6	196,10.9,4.35,45.6,457,6.52,0,0,6.5,0,2.17,96,54,,0,,,,0,0,.217,,59	2 slices~46|1 package~454
2339103	B	6	196,8.7,2.17,43.5,435,6.52,0,0,8.7,0,2.35,87,,0,,,,,1.74,0,.222	2 slices~46|1 package~454
1885688	B	6	286,10.7,3.57,53.6,536,7.14,0,0,7.1,0,3.86,143,,0,,,,,2.86,1,.243	1 slice~28|1 package~567
2461170	B	6	283,11.3,3.77,52.8,509,9.43,.94,0,3.8,0,3.77,126,77,,0,,,,3.77,1,.377,,67	1 bun~53|1 package~425
2461169	B	6	280,10,4,52,500,10,0,0,4,0,4,104,76,,0,,,,4,0,.2,,65	1 bun~50|1 package~397
2461167	B	6	265,8.82,2.94,50,529,5.88,0,0,2.9,0,2.94,100,106,,0,,,,2.94,1,.294,,67	1 slice~34|1 package~680
2461168	B	6	283,11.3,3.77,52.8,509,9.43,.94,0,3.8,0,3.77,126,77,,0,,,,3.77,1,.377,,67	1 bun~53|1 package~425
2461160	B	6	286,10.7,3.57,50,536,7.14,0,0,7.1,0,3.57,111,146,,0,,,,3.57,0,.357,,54	1 slice~28|1 package~567
2035190	B	6	286,10.7,3.57,53.6,536,7.14,0,0,3.6,0,3.86,143,,0,,,,,2.86,1,.364	1 slice~28|1 package~567
2462746	B	6	250,10.7,1.79,53.6,536,7.14,0,0,3.6,0,3.57,93,86,,0,,,,3.57,0,.357,,71	1 slice~28|1 package~340
2035193	B	6	286,10.7,1.79,53.6,536,7.14,0,0,3.6,0,3.86,143,,0,,,,,2.86,1,.364	1 slice~28|1 package~567
2461164	B	6	174,8.7,2.17,43.5,413,4.35,0,0,17.4,0,2.17,174,13,,0,,,,2.17,0,.217,,52	1 bun~46|1 package~369
2461171	B	6	261,10.9,3.26,50,500,6.52,0,0,6.5,0,4.35,115,152,,0,,,,4.35,1,.217,,57	1 bun~46|1 package~369
2461165	B	6	246,10.5,.88,47.4,544,3.51,0,0,3.5,0,3.51,135,125,,0,,,,3.51,1,.351,,61	1 muffin~57|1 package~340
2461162	B	6	283,11.3,3.77,52.8,509,9.43,.94,0,3.8,0,3.77,126,77,,0,,,,3.77,1,.377,,67	1 bun~53|1 package~425
2461157	B	6	280,10,4,52,500,10,0,0,4,0,4,104,76,,0,,,,4,0,.2,,65	1 bun~50|1 package~397
2461155	B	6	283,11.3,3.77,52.8,509,9.43,.94,0,3.8,0,3.77,126,77,,0,,,,3.77,1,.377,,67	1 bun~53|1 package~425
2288075	B	6	237,7.89,2.63,50,579,7.89,0,0,2.6,0,2.84,105,,0,,,,,3.16,0,.268	1 slice~38|1 package~680
2035187	B	6	250,7.14,1.79,53.6,571,10.7,0,0,3.6,0,2.57,143,,0,,,,,4.29,4,.243	1 slice~28|1 package~567
2278015	B	6	286,10.7,3.57,53.6,571,7.14,0,0,3.6,0,3.57,161,96,,0,,,,3.57,0,.357	1 slice~28|1 package~454
2035197	B	6	250,10.7,1.79,50,571,3.57,0,0,3.6,0,3.86,143,,0,,,,,2.86,0,.243	1 slices~28|1 package~454
2035198	B	6	273,9.09,3.03,51.5,606,6.06,0,0,3,0,3.27,121,,0,,,,,3.64,0,.309	1 bun~33|1 package~397
2461154	B	6	265,11.8,1.47,50,471,2.94,0,0,2.9,0,2.94,85,79,,0,,,,2.94,1,.294,,69	1 slice~34|1 package~680
2461163	B	6	299,10.4,4.48,55.2,507,7.46,.75,0,4.5,0,2.99,94,136,,0,,,,2.98,,.299,,66	1 bun~67|1 package~538
2035196	B	6	250,10.7,1.79,50,571,3.57,0,0,3.6,0,3.86,143,,0,,,,,2.86,0,.243	1 slice~28|1 package~454
2179979	B	6	273,9.09,3.03,51.5,515,3.03,0,0,6.1,0,3.03,103,115,,0,,,,3.03,1,.303	1 roll~33|1 package~397
2035188	B	6	235,8.82,2.94,50,500,5.88,0,0,2.9,0,2.12,118,,0,,,,,3.53,0,.2	1 slice~34|1 package~680
2461159	B	6	196,10.9,2.17,41.3,500,6.52,0,0,13,0,2.17,104,83,,0,,,,2.17,0,.217,,38	2 slices~46|1 package~454
2461161	B	6	174,10.9,2.17,43.5,413,4.35,0,0,17.4,0,2.17,198,65,,0,,,,2.17,,.217,,50	1 serving~46|1 package~369
2461166	B	6	273,9.09,3.03,51.5,545,3.03,0,0,3,0,3.03,103,85,,0,,,,3.03,1,.303,,73	1 roll~33|1 package~397
2179975	B	6	343,8.57,2.86,54.3,514,5.71,0,0,2.9,0,2.86,89,89,,0,,,,2.86,0,.286	1 roll~35|1 package~425
2461158	B	6	246,10.5,.88,47.4,,3.51,0,0,3.5,0,3.51,133,86,,0,,,,3.51,1,.351,,69	1 muffin~57|1 package~340
2035203	B	6	246,10.5,2.63,50.9,439,5.26,0,0,7,0,4.74,526,,0,3.5,,,,3.51,1,.298	2 slice~57|1 package~567
2461156	B	6	268,8.45,2.82,52.1,549,4.23,0,0,4.2,0,2.82,134,87,,0,,,,4.22,1,.282,,74	1 bun~71|1 package~425
2041965	B	4	429,14.3,21.4,57.1,179,7.14,21.4,0,7.1,0,2.57,0,,0	1 piece~14|1 package~113
2287257	B	4	429,14.3,21.4,57.1,179,7.14,21.4,0,7.1,0,2.57,0,,0	1 piece~14|1 package~113
1902286	B	0	600,30,50,13.3,433,3.33,13.3,0,10,0,9,0,,0	1/3 cup~30|1 package~227
575647	B	117	15,0,0,3.75,40,3.33,0,0,0,0,0,0,171,.8	8 fl oz~240
1880404	B	30	300,0,0,80,0,70,0,0,10,0,0,0,,1440	1 tbsp~10|1 package~300
1880405	B	30	300,0,0,80,0,70,0,0,10,0,0,0,,1490	1 tbsp~10|1 package~300
1912130	B	30	300,0,0,80,0,70,0,0,10,0,0,0,,1490	1 tbsp~10|1 package~300
1876221	B	30	300,0,0,80,0,70,0,0,10,0,0,0,,1490	1 tbsp~10|1 package~300
1880403	B	30	400,10,13,70,100,40,0,0,10,0,0,0,,732	1 tbsp~10|1 package~300
2084924	B	18	46,0,0,11.7,10,11.7	8 fl oz~240
2084925	B	18	46,0,0,11.2,10,11.2	8 fl oz~240
2452161	B	111	279,12.4,4.42,42.9,1050,1.33,,29,.4,,.88,21,260,,0	1 burrito~226
578524	B	41	800,0,93.3,0,0,,13.3,,,0,,,,,,66.7,13.3	1 tbsp~15
2448711	B	47	33,1.64,0,6.56,139,3.28,0,0,3.3,0,.59,33,,2	¼ cup~61|1 package~794
2448710	B	47	21,0,0,4.17,12,2.5,0,0,.8,0,0,17,,1	½ cup~120|1 package~411
2436933	B	7	60,3.33,3.33,3.33,2230,,0,0,3.3,,2.4,67,,0	1 tbsp~15|1 package~330
2432864	B	7	333,1.67,33.3,8.33,433,,3.33,0,1.7,,.6,0,,10	2 tbsp~30|1 package~290
1952156	B	42	217,1.67,0,50,0,43.3,0,0,0,,1.2,67,,0	2 tbsp~30|1 package~340
1945145	B	42	183,0,0,46.7,17,43.3,0,0,1.7,,0,0,,2	2 tbsp~30|1 package~340
2369427	B	48	196,16.1,14.3,0,62,0,4.46,62,0,0,.64,18,,0	4 az~112|1 package~454
2421321	B	64	500,31.2,37.5,0,1940,,15.6,94,0,0,0,0,362,,0	1 slice fried~16|1 package~567
360594	B	48	232,0,14.3,25,554,,5.36,98,,,1.29	1 serving~56
1893175	B	27	264,17.6,19.8,1.1,571,1.1,7.69,71,0,,.79,44,,0	1 link~91|1 package~454
2669068	B	27	176,16.5,11,2.2,582,1.1,3.3,71,0,0,1.1,12,44,,0	1 grilled link~91|1 package~454
2642116	B	27	187,17.6,12.1,2.2,582,2.2,3.85,60,0,0,1.1,21,393,,1	1 grilled link~91|1 package~453
2070997	B	8	429,4.76,21.4,54.8,0,45.2,11.9,0,4.8,0,6.43,48,,0	1 serving~42|1 package~100
2070996	B	8	452,4.76,21.4,54.8,81,52.4,11.9,10,2.4,0,1.71,190,,0	1 serving~42|1 package~100
2070995	B	8	452,4.76,21.4,54.8,81,52.4,11.9,10,2.4,0,1.71,190,,0	1 serving~42|1 package~100
2154528	B	78	228,24.6,14.9,0,814,0,2.19,53,0,0,1.26,35,,0	1 serving~57|1 package~454
1931651	B	32	63,1.59,2.38,8.73,365,5.56,0,0,2.4,0,.57,16,,4.8	½ cup~126|1 package~737
1917357	B	16	357,12.5,1.79,75,0,1.79,0,0,3.6,0,3.21,0,,0,,,,,5.36,1,.455,,250	.12 package / dry~56|1 package~454
1891879	B	25	50,.7,.5,9,150,9,0,5,0,0,0,20,,0,,,,,5	1 bottle~100|1 package~400
2128051	B	117	24,0,0,6.06,30,5.45,0,0,0,0,152,20,95,3,,,,,,,,,,3,8	11.2 fl oz~330
2043766	B	117	26,0,0,6.67,30,5.83,0,0,.4,0,.15,21,95,3,,,,,,,,,,3,8	8 fl oz~240
2439241	B	10	16,0,0,3.6,17,3.6,0,0,0,,,16	16.9 fl oz~500
2083037	B	10	28,0,0,6.8,14,6.8,0,0,,0	1 serving~500|1 package~1500
2439240	B	10	0,0,0,0,17,0,0,0,0,,,16	16.9 fl oz~500
2083039	B	10	28,0,0,6.8,14,6.8,0,0,,0	1 serving~500|1 package~1500
2083038	B	10	28,0,0,6.8,14,6.8,0,0,,0	1 serving~500|1 package~1500
2442580	B	10	28,0,0,6.8,14,6.8,0,0	1 serving~500
2442555	B	10	28,0,0,6.8,14,6.8,0,0	1 serving~500
2440307	B	10	16,0,0,3.6,17,3.6,0,0,0,,,16	16.9 fl oz~500
2297862	B	1	88,2.5,0,20,50,15	1 serving~40|1 package~1120
2399102	B	1	100,0,0,22.5,50,22.5,0,0,0,,0,0,38,,0	1 serving~40|1 package~1120
2369612	B	1	88,2.5,0,20,50,15	1 serving~40|1 package~520
2151562	B	1	100,0,0,22.5,50,22.5,0,0,0,0,0,0,38,,0	1 serving~40|1 package~720
2282516	B	25	42,0,0,10.4,12,10.4	8½ fl oz~250|1 package~500
2439239	B	117	16,0,0,3.6,17,3.6,0,0,0,,,16	16.9 fl oz~500
2049646	B	117	26,0,0,6.67,30,5.83,0,0,.4,0,.15,21,95,3,,,,,,,,,,3,8	8 fl oz~240|1 package~500
2095369	B	82	75,0,0,20,38,10,0,0,0,0,0,0,,0	1 piece~40|1 package~280
2509027	B	10	50,0,0,12.1,20,11.2	8 fl oz~240|1 package~500
2063779	B	25	50,.7,.5,9,150,9,0,5,0,0,0,20,,0,,,,,5	1 bottle~100|1 package~400
2063778	B	39	50,.7,.5,9,150,9,0,5,0,0,0,20,,0,,,,,5	1 bottle~100|1 package~400
2399093	B	1	100,0,0,22.5,50,22.5,0,0,0,,0,0,38,,0	1 serving~40|1 package~600
2640750	B	1	500,5,25,62.5,375,12.5,0,0,5,0,0,0,,0,,,,0	1 serving~80
2164647	B	10	50,0,0,12.1,20,10.4	8 fl oz~240|1 package~500
2386791	B	25	46,.42,0,11.2,17,11.2,0,0,0,,0,11,12,,0	8 fl oz~240|1 package~500
2440306	B	10	16,0,0,3.6,17,3.6,0,0,0,,,16	16.9 fl oz~500
2386789	B	25	46,.42,0,11.2,17,11.2,0,0,0,,0,11,12,,0	8 fl oz~240|1 package~500
2063777	B	25	50,.7,.5,9,150,9,0,5,0,0,0,20,,0,,,,,5	1 bottle~100|1 package~400
1778651	B	7	113,6.67,3.33,21.3,656	1 tbsp~15|1 package~350
1895305	B	19	148,0,7.6,20,1420	1 tbsp~5|1 package~200
1973104	B	54	31,.07,0,1.33,18	1 tbsp~15|1 package~750
1914975	B	54	26,.2,0,.73,12	1 tbsp~15|1 package~250
1903749	B	54	27,.13,0,1,11	1 tbsp~15|1 package~500
480398	B	54	27,.07,0,.8,15	1 tbsp~15
1877450	B	10	35,.59,.15,9.12,21,5,0,0,0,0,.32,29,,10.6	1 serving~340
1880131	B	10	47,1.47,.44,10.9,68,5.88,0,0,0,0,1.06,29,,5.3	1 serving~340
2607431	B	25	4,0,0,1.69,4,.85,0,0,.3,0,.42,20,14,,0	12 fl oz 355ml~355
2607430	B	25	7,0,0,1.69,4,1.41,0,0,.3,0,.42,20,14,,0	12 fl oz 355ml~355
2607427	B	18	7,0,0,1.69,4,1.41,0,0,.3,0,.42,20,14,,0	12 fl oz 355ml~355
2607429	B	25	7,0,0,1.69,4,1.41,0,0,.3,0,.42,20,14,,0	12 fl oz 355ml~355
2607428	B	25	7,0,0,1.69,4,1.41,0,0,.3,0,.42,20,14,,0	12 fl oz 355ml~355
2640357	B	54	33,0,0,0,0,0,0,0,0,0,0,0,,0,,,,0	1 tbsp~15|1 package~375
1909772	B	54	0,0,0,0,0	1 tbsp~15|1 package~500
2610664	B	110	200,18.4,13.4,0,62,0,6.21,87,0,0,,,,0,,5.36,.78	1 serving~112
2742928	B	69	203,16.3,8.23,15.2,355,.12,1,67.9,.79,.24,1.38,13,,.76,,4.64,2.12,9.95	100 gram~100
2610667	B	110	194,19,12.5,0,88,0,5.99,115,0,0,,,,0,,5.36,.73	1 serving~112
2742114	B	69	196,15.9,7.93,14.6,420,.07,3.43,62.2,.62,.01,1.07,18.6,,.81,,2.97,.46,8.81	100 gram~100
2549283	B	2	393,28.6,32.1,0,643,,21.4,107,,,,714	1 serving~28|1 package~180
374137	B	2	393,28.6,32.1,0,571,,17.9,100,,0,,1070	1 serving~28
453988	B	49	457,8.57,25.7,48.6,497,45.7,2.86,0,5.7,,5.14,171,,0	1 tbsp~35
453987	B	49	540,5.71,37.1,60,540,54.3,14.3,0,5.7,,5.14,171,,0	1 tbsp~35
453986	B	49	546,11.4,34.3,57.1,197,54.3,11.4,0,4.3,,5.14,171,,0	1 tbsp~35
1889795	B	10	43,1.04,.12,10,2,9.38,0,0,.2,0,.15,54,0,2.2	1 cup~240|1 package~946
2116712	B	22	333,0,0,86.7,0,73.3,0,0,6.7,0,3.6,200,,20	¼ cup~30|1 package~57
2032872	B	22	351,0,0,86,0,73.7,0,0,5.3,0,4.74,175,,15.8	1 container~57
2012784	B	22	333,1.75,0,84.2,18,71.9,0,0,5.3,0,3.16,175,,21.1	1 container~57
2152625	B	22	350,0,0,85,0,75,0,0,5,0,4.25,50,725,,0	1/3 cup~40|1 package~269
1766233	B	22	338,0,1.25,77.5,50,57.5,0,0,5,0,.9,50,,0	1/3 cup~40|1 package~284
2456003	B	10	37,0,0,8.67,3,7,0,0,0,0,0,0,,0	1 serving~300
2084238	B	10	34,0,0,9.17,2,5.42,0,0,.8,0,.23,8,60,5.2	1 cup~240|1 package~946
2456002	B	10	37,0,0,9,7,6.67,0,0,.3,0,.12,7,,1.2	1 serving~300
2084243	B	117	27,0,0,6.67,13,5.33,0,0,0,0,0,13,77,.4	1 serving~300
1943445	B	86	27,0,0,7,3,5.67,0,0,0,0,0,0,,0	1 serving~300
2622899	B	21	329,14.1,27.1,7.06,529,1.18,11.8,53,1.2,0,1.69,47,,1.4,,,,0	3 meatballs~85|1 package~1134
2015469	B	32	76,.85,5.08,7.63,271,5.08,.42,0,1.7,0,.61,68,,10.2	½ cup~118|1 package~708
2579034	B	11	71,.88,4.42,6.19,327,4.42,0,0,0,0,.88,27,234,,0	½ cup~113|1 package~709
2579035	B	32	106,1.77,7.08,10.6,327,7.08,.44,0,0,0,.88,15,321,,0	½ cup~113|1 package~709
2010256	B	32	97,2.65,7.08,7.96,319,5.31,.44,0,2.7,0,.32,0,,4.2	½ cup~113|1 package~453
1855317	B	32	97,2.65,7.08,7.96,327,5.31,.44,0,2.7,0,.32,0,,4.2	½ cup~113|1 package~453
1853984	B	32	97,2.65,7.08,7.96,327,5.31,.44,0,2.7,0,.32,0,,4.2	½ cup~113|1 package~708
2447103	B	32	68,.85,4.24,5.93,314,4.24,0,0,0,0,.85,25,224,,0	½ cup~118|1 package~708
542855	B	65	0,0,0,.42,0,0	1 tea bag, makes~240
542852	B	65	0,0,0,.42,0,0	1 tea bag~240
2428316	B	27	357,21.4,25,3.57,1640,,8.93,89,0,,1.29,0,,8.6	1 serving~28|1 package~113
1931409	B	28	143,8.93,10.7,1.79,446,1.79,3.57,36,0,,.64,0,,0	2 slices~56|1 package~170
1955762	B	28	357,21.4,25,3.57,1570,0,8.93,89,0,0,1.29,0,,8.6	1 serving~28|1 package~113
2543961	B	28	357,21.4,25,3.57,1460,0,8.93,89,0,0,1.29,0,,8.6	1 serving~28|1 package~113
1794905	B	112	500,7.14,50,3.57,714,0,17.9,125,0,0,5.14,0,,0	1 serving~28|1 package~198
2388744	B	7	67,0,6.67,6.67,100,0,0,0,0,0,0,0,,32	1 tbsp~15|1 package~340
2169000	B	32	500,0,50,4.84,484,0,7.26,16,0,0,1.16,161,,5.8	¼ cup~62|1 package~170
2063270	B	16	239,10.6,3.1,39.8,230,1.77,1.33,18,4.4,0,2.23,106,,4.8	1 serving~113|1 package~454
578613	B	9	377,4.15,12.5,49.4,261,41.8,11,0,1.5,0,0,0,,0	1 pieces~13
553497	B	4	440,6.22,18.2,61.3,209,40.9,11.1,0,2,3.29,0,0,,0	1 serving~22.5
578614	B	9	414,7,15,62,260,40,9,0,1.5,3.3,0,0,,0	1 serving~30
1914792	B	10	8,0,0,2,5,1.9,,,0	1 serving~500
1902540	B	10	8,0,0,2,5,1.9,,,0	1 serving~500
1902542	B	10	8,0,0,2,5,1.9,,,0	1 serving~500
1902541	B	10	8,0,0,2,5,1.9,,,0	1 serving~500
1911169	B	54	390,0,0,86.7,0,86.7,0,0,0,0,4.8,133,,0	1 tbsp~15|1 package~250
2053113	B	54	71,1.79,1.79,13.4,438,8.04,,0,1.8	½ cup~112|1 package~255
2086267	B	23	200,0,0,46.7,0,,0,0,0,0,0,0,,0	1 tbsp~15|1 package~250
383071	B	47	33,1.64,0,8.2,148,3.28,0,0,1.6,0,.59,0,,9.8	¼ cup~61
2214004	B	47	21,.83,0,4.13,149,2.48,0,0,.8,0,0,0,190,,0	½ cup~121|1 package~794
1462467	B	144	18,.87,.23,3.77,7,2.61,.03,0,.9,0,.31,10,19	½ cup~121
2737468	B	123	21,.83,0,4.13,149,2.48,0,0,0,0,0,0,190,,0	½ cup~121
2737469	B	123	21,.83,0,4.13,149,2.48,0,0,0,0,0,0,190,,0	½ cup~121
2737981	B	123	21,.83,0,4.13,149,2.48,0,0,0,0,0,0,190,,0	½ cup~121
1477145	B	35	25,0,0,6.67,467,1.67,0,0,0,0,0,0,,0	¼ cup~60
462003	B	47	21,.83,0,3.31,116,2.48,0,0,.8,0,.3,17,,7.4	½ cup~121
2737421	B	95	37,1.64,0,7.38,61,5.74,0,0,1.6,0,.82,12,238,,0	½ cup~122
2737679	B	95	37,1.64,0,7.38,61,5.74,0,0,1.6,0,.82,12,238,,0	½ cup~122
2213803	B	15	32,0,0,6.45,774,3.23,0,0,0,0,0,0,226,,0	2 tbsp~31|1 package~439
602911	B	15	32,0,0,6.45,774,3.23,0,0,0,0,0,0,226,,0	2 tbsp~31
1462459	B	95	467,10,16.7,66.7,833,0,3.33,33,3.3,0,3.6,133,,0,,,,,5.33,0,.567	½ cup~29
2737701	B	123	21,.83,0,4.13,149,2.48,0,0,0,0,0,0,190,,0	½ cup~121
1462458	B	95	37,1.27,.49,7.35,86,4.52,.08,0,1.6,0,.67,16,240	½ cup~126
1476676	B	54	55,1.56,0,10.9,594,7.81,0,0,1.6,0,.56,0,,9.4	¼ cup~64
2737420	B	95	36,1.59,0,7.14,111,4.76,0,0,1.6,0,.79,13,240,,0	½ cup~126
2737678	B	95	36,1.59,0,7.14,111,4.76,0,0,1.6,0,.79,13,240,,0	½ cup~126
596854	B	47	24,.81,0,5.69,203,4.88,0,0,.8,0,.81,11,,,0	½ cup~123
1667225	B	47	91,3.03,0,18.2,45,12.1,0,0,6.1,0,0,0,,,0	2 tbsp~33
2214020	B	47	25,1.64,0,4.92,459,3.28,0,0,1.6,0,0,0,197,,0	¼ cup~61|1 package~227
1462456	B	95	36,1.27,.02,7.93,56,5.56,0,0,1.6,0,.57,13,257	½ cup~122
2503786	B	10	21,.83,0,4.17,267,2.92,0,0,.8,0,.42,12,186,45	8 fl oz~240|1 package~1890
596846	B	47	21,.83,0,4.13,99,2.48,0,0,.8,0,0,0,,,0	½ cup~121
2737419	B	123	20,.78,1.56,3.91,141,2.34,0,0,.8,0,.84,20,180,,0	½ cup~128
2737677	B	123	20,.78,1.56,3.91,141,2.34,0,0,.8,0,.84,20,180,,0	½ cup~128
2587574	B	27	250,19.6,17.9,1.79,1250,1.79,7.14,62,0,0,1.29,71,,0,,,,32	1 serving~56|1 package~340
2593696	B	27	250,19.6,17.9,1.79,1180,1.79,6.25,62,0,0,1.29,0,,0,,,,32	1 serving~56|1 package~340
2119833	B	91	374,16.2,1.9,72.9,270,3.22,.51,3,,,1.44,30,,0	1 serving~100|1 package~454
2286096	B	91	374,16.2,1.9,72.9,270,3.22,.51,3,,,1.44,30,,0	1 serving~100|1 package~454
1895686	B	32	88,1.95,2.43,13.6,418,10.7,.39,0,1,0,.7,0,,5.8	½ cup~103|1 package~946
2394260	B	23	117,3.33,10,3.33,467,0,0,0,0,0,.33,33,0,,0	2 tbsp~30|1 package~355
2394259	B	23	200,0,20,3.33,300,3.33,1.67,0,0,0,0,0,33,,0	2 tbsp~30|1 package~355
2394257	B	23	233,3.33,20,10,300,6.67,3.33,17,0,0,.33,67,67,,0	2 tbsp~30|1 package~355
1939349	B	86	393,0,0,96.4,214,92.9,0,0,0,0,0,0,,0	1 serving~28|1 package~340
1939348	B	86	400,0,0,100,67,100,0,0,0,0,0,0,,0	1 tbsp~15|1 package~340
1939350	B	86	393,0,0,100,0,100,0,0,0,0,0,0,,150	1 scoop~28|1 package~340
2567160	B	29	538,7.69,23.1,61.5,923,7.69,7.69,0,0,0,3.85,77,154,,0,7.69,7.69	2 crackers~13|1 package~250
2567153	B	29	538,7.69,23.1,69.2,885,7.69,0,0,0,0,3.85,77,154,,0,11.5,7.69	2 crackers~13|1 package~224
1901398	B	18	0,0,0,0,15,0	8 fl oz~240|1 package~1000
1898328	B	24	0,0,0,0,15,0	8 fl oz~240|1 package~1000
1929759	B	24	0,0,0,0,15,0	8 fl oz~240|1 package~1000
1929761	B	24	0,0,0,0,15,0	8 fl oz~240|1 package~1000
1929758	B	18	0,0,0,0,15,0	8 fl oz~240|1 package~1000
2074669	B	18	0,0,0,0,0,0,,,,,,,28	12 fl oz~360|1 package~1000
2597195	B	117	0,0,0,0,0,0,,,,,,,28	12 fl oz per serving~360|1 package~1000
2569192	B	25	0,0,0,0,15,0	8 fl oz~240|1 package~1000
2569189	B	24	0,0,0,0,15,0	8 fl oz~240
1876780	B	24	0,0,0,0,0,0	8 fl oz~240|1 package~1000
2088622	B	0	414,13,14,59,14,32	1 portion~100|1 package~450
2413697	B	24	0,0,0,0,0,0	12 fl oz~360
2597196	B	24	0,0,0,0,0,0	1 can~355
2598202	B	24	0,0,0,0,0,0	12 fl oz~360|1 package~1999
2597205	B	24	0,0,0,0,0,0	1 can~355
2597202	B	24	0,0,0,0,0,0	12 fl oz per serving~360|1 package~1000
2597198	B	24	0,0,0,0,0,0	12 fl oz per serving~360|1 package~1000
2597201	B	24	0,0,0,0,0,0	12 fl oz per serving~360|1 package~1000
2569187	B	24	0,0,0,0,0,0	8 fl oz~240|1 package~1000
1927199	B	18	52,0,0,13.6,10,13.6	1 can~250
1872144	B	25	40,0,0,10.8,10,10.4	1 can~250
1929760	B	24	0,0,0,0,15,0	8 fl oz~240|1 package~1000
2598205	B	24	0,0,0,0,0,0	1 can~355
2597204	B	24	0,0,0,0,0,0	1 can~355
1881470	B	24	0,0,0,0,1,0	1 can~355|1 package~4260
2597194	B	24	0,0,0,0,0,0	12 fl oz per serving~360|1 package~1000
2414139	B	84	286,0,0,81,0,76.2,0,,0,0	1 tbsp~21|1 package~400
2597197	B	24	0,0,0,0,0,0	1 can~355
1983665	B	10	0,0,0,0,0,0	1 can~355|1 package~4260
2597200	B	24	0,0,0,0,0,0	1 can~355
2598201	B	24	0,0,0,0,0,0	12 fl oz per serving~360|1 package~1000
2084418	B	24	0,0,0,0,0,0	8 fl oz~240|1 package~2000
1901394	B	24	0,0,0,0,0,0	8 fl oz~240|1 package~1000
1910942	B	24	0,0,0,0,0,0	8 fl oz~240|1 package~1000
1898330	B	24	0,0,0,0,0,0	8 fl oz~240|1 package~1000
1958215	B	24	0,0,0,0,0,0	1 can~355|1 package~4260
1875133	B	24	0,0,0,0,0,0	8 fl oz~240|1 package~1000
1876781	B	24	0,0,0,0,0,0	8 fl oz~240|1 package~1000
1901393	B	24	0,0,0,0,0,0	12 fl oz~360|1 package~1000
1901396	B	24	0,0,0,0,0,0	8 fl oz~240|1 package~1000
1878245	B	24	0,0,0,0,0,0	1 can~355|1 package~4260
1909781	B	24	0,0,0,0,0,0	12 fl oz~360|1 package~1000
1915570	B	18	39,0,0,10.3,10,10.3	12 fl oz~360|1 package~1000
2273484	B	24	0,0,0,0,1,0	1 can~355|1 package~4260
1873721	B	24	0,0,0,0,1,0	1 can~355|1 package~4260
1881473	B	24	0,0,0,0,1,0	1 can~355
1875134	B	24	0,0,0,0,1,0	1 can~355
1881465	B	24	0,0,0,0,0,0	1 can~240
2544140	B	24	0,0,0,0,1,0	1 can~355
1898325	B	24	38,0,0,9.58,15,9.58	8 fl oz~240|1 package~1000
2569186	B	24	38,0,0,9.58,15,9.58	8 fl oz~240|1 package~1000
2597203	B	24	0,0,0,0,0,0	1 can~355
2598204	B	24	0,0,0,0,0,0	12 fl oz per serving~360|1 package~1000
368521	B	2	500,32.1,39.3,0,1110,,28.6,125,,0,,1250	1 serving~28
2022411	B	84	286,0,0,81,0,76.2,0,0,0,0,0,0,,0	1 tbsp~21|1 package~226
1853572	B	84	286,0,0,81,0,76.2,0,0,0,0,0,0,,0	1 tbsp~21|1 package~226
2022415	B	84	286,0,0,81,0,76.2,0,0,0,0,0,0,,0	1 tbsp~21|1 package~226
2013088	B	84	286,0,0,81,0,76.2,0,0,0,0,0,0,,0	1 tbsp~21|1 package~226
1868577	B	84	300,0,0,90,0,80	1½ tsp~10|1 package~80
1868613	B	84	300,0,0,90,0,80	1½ tsp~10|1 package~80
1868636	B	84	300,0,0,90,0,80	1½ tsp~10|1 package~80
2057193	B	40	375,0,0,100,0,100	1 serving~4|1 package~238
2057307	B	12	393,3.57,5.36,85.7,54,50,3.57,0,0,0,1.29,0,,0	1 serving~28|1 package~122
2164567	B	5	500,0,28.6,50,571,3.57,1.79,0,3.6,0,0,0,0,,0	1 serving~28|1 package~170
1990212	B	12	500,3.57,28.6,46.4,536,3.57,3.57,0,3.6,0,0,36,107,,0	1 serving~28|1 package~170
1871582	B	5	429,10.7,14.3,67.9,786,3.57,0,0,3.6,0,0,71,,0	1 serving~28
1903803	B	12	429,14.3,14.3,67.9,893,0,0,0,3.6,0,0,143,,0	1 serving~28|1 package~56
1882297	B	5	429,10.7,14.3,67.9,893,0,0,0,3.6,0,0,71,,0	1 serving~28|1 package~56
1860768	B	5	429,10.7,14.3,67.9,786,3.57,0,0,3.6,0,0,71,,0	1 serving~28|1 package~56
1903809	B	5	429,10.7,14.3,67.9,786,0,0,0,3.6,0,0,71,,0	1 serving~28|1 package~56
1903804	B	5	429,10.7,14.3,67.9,821,0,0,0,3.6,0,0,71,,0	1 serving~28|1 package~56
2192195	B	5	528,7.04,35.2,52.8,282,7.04,2.82,0,7,0,1.76,0,1270,,0	1 serving~28.4|1 package~142
2148327	B	2	393,25,35.7,0,643,0,17.9,107,0,0,0,714,,0	1 serving~28|1 package~197
594798	B	4	493,6.67,26.7,60,80,33.3,10,0,3.3,0,10,63,1070,,0	2 cookies~30
600460	B	4	488,6,26,60,126,32,12.6,0,0,0,8.2,232,348,,0	2 cookies~50
2172579	B	8	464,3.57,21.4,57.1,232,53.6,14.3,18,,0,1.79,143	1 serving~28|1 package~135
2280178	B	8	462,3.85,19.2,69.2,327,,,19,,,1.54	2 pieces~26|1 package~170
2062000	B	41	800,0,93.3,0,0,,13.3,0,,0,,,,,,33.3,46.7	1 tbsp~15|1 package~2000
2585322	B	41	867,0,93.3,0,0,,13.3,0,,0,,,,,,33.3,46.7	1 tbsp~15|1 package~1000
2419190	B	41	800,0,93.3,0,0,,25.3,0,,0,,,,,,21.3,46.7	1 tbsp~15|1 package~1000
2407508	B	2	233,0,23.3,6.67,400,0,20,0,0,0,0,0,0,,0,,,,,,,,,,,2.33	2 tbsp~30|1 package~200
2395873	B	2	233,0,23.3,10,467,0,20,0,0,0,0,0,0,,0,,,,,,,,,,,6	2 tbsp~30|1 package~200
2419659	B	2	286,0,25,21.4,893,0,21.4,0,0,0,0,0,0,,0,,,,,,,,,,,6.43	1 pack~28
2451228	B	2	286,0,25,21.4,929,0,21.4,0,0,0,0,0,0,,0,,,,,,,,,,,6.43	1 serving~28
1944558	B	2	321,0,28.6,10.7,679,,25,,,,,,,,,,,,,,,,,,,2.5	1 serving~28|1 package~230
1989964	B	2	200,0,20,6.67,867,0,16.7,0,0,0,0,0,0,,0,,,,,,,,,,,6	2 tbsp~30|1 package~200
2628070	B	2	300,0,22.5,20,900,0,20,0,0,0,0,0,0,,0,,,,,,,,,,,2.5	1 slice~20|1 package~200
2628068	B	2	286,0,25,21.4,893,0,21.4,0,0,0,0,0,0,,0,0,0,,,,,,,,,2.5	¼ cup~28|1 package~227
2628069	B	2	300,0,22.5,20,900,0,20,0,0,0,0,0,0,,0,,,,,,,,,,,2.5	1 slice~20|1 package~200
2663990	B	2	304,0,25,21.4,893,0,21.4,0,0,0,0,0,0,,0,0,0,,,,,,,,,2.5	¼ cup~28|1 package~227
2663987	B	2	300,0,22.5,20,900,0,20,0,0,0,0,0,0,,0,,,,,,,,,,,2.5	1 slice~20|1 package~200
2628067	B	2	286,0,25,21.4,679,0,21.4,0,0,0,0,0,0,,0,0,0,,,,,,,,,2.5	¼ cup~28|1 package~227
2663989	B	2	233,0,23.3,6.67,467,0,20,0,0,0,0,0,,,0,,,,,,,,,,,6	2 tbsp~30|1 package~200
2451227	B	2	286,3.57,17.9,28.6,1390,,16.1,,,,,,,,,,,,,,,,,,,6.43	1 serving~28|1 package~150
2628072	B	2	286,3.57,17.9,28.6,1390,,16.1,,,,,,,,,,,,,,,,,,,2.5	¼ cup~28|1 package~150
2663988	B	2	300,0,22.5,20,900,0,20,0,0,0,0,0,0,,0,,,,,,,,,,,2.5	1 slice~20|1 package~200
2509256	B	75	200,0,16.7,6.67,400,,16.7,,,,,100,,,,,,,,,,,,,,2.33	2 tbsp~30|1 package~240
2663991	B	2	267,0,20,16.7,233,10,20,0,0,0,0,0,,,0,,,,,,,,,,,6	2 tbsp~30|1 package~200
2180722	B	2	300,0,22.5,20,900,0,20,0,0,0,0,0,0,,0,,,,,,,,,,,2.5	1 slice~20|1 package~400
2273945	B	2	250,0,14.3,28.6,1390,0,14.3,0,0,0,0,0,0,,0,,,,,,,,,,,2.5	1 serving~28|1 package~200
2652907	B	2	321,0,25,25,893,0,25,0,0,0,0,571,0,,0,0,0,,,,,,,,,2.5	¼ cup~28|1 package~227
2425394	B	2	286,0,25,21.4,679,0,21.4,0,0,0,0,0,0,,0,0,0,,,,,,,,,2.5	¼ cup~28|1 package~453
2546746	B	15	200,0,16.7,10,633,,15,,,,,,,,,,,,,,,,,,,2.33	2 tbsp~30|1 package~200
2297148	B	62	714,0,78.6,0,607,,42.9,,,,,,,,,21.4,10.7	1 tbsp~14|1 package~250
2546119	B	62	714,0,78.6,0,0,,42.9,,,,,,,,,21.4,10.7	1 tbsp~14|1 package~250
1887967	B	31	24,1.18,0,4.71,0,1.18,0,0,1.2,0,.42,0,,91.8	1 cup~85|1 package~397
2374536	B	1	213,0,0,50,0,26.7,0,0,0,0,0,0,0,,0,0,0	¼ tube~30|1 package~120
601898	B	7	137,2.11,8.42,10.5,379,4.21,2.11,,3.2,,,,,1.3	1 can~95
2525197	B	7	175,5,15,17.5,750,2.5,0,0,2.5,0,.45,25,,3	1 serving~40|1 package~540
1915007	B	26	320,9.33,17.3,31.3,580,4,6.67,47,1.3,.33,2.4,133,,0	6 pieces~150
2092034	B	26	240,10.8,10.8,26.4,597,3.1,6.2,50,2.3,0,1.12,194,,0	3 balls~129|1 package~255
1895998	B	26	247,8.24,7.06,38.8,612,7.06,3.53,24,7.1,0,2.12,118,,77.6	3 pieces~85|1 package~170
1915006	B	26	190,6,12,18,360,3,1,20,2,0,1.08,40,,18	2 rolls~100|1 package~297
1903970	B	26	223,16.9,12.8,9.46,345,.68,6.76,51,.7,0,1.22,236,,.8	4 pieces~148
2274676	B	18	48,0,0,12.1,0,11.8	1 serving~355
2677271	B	18	45,0,0,11.8,0,11.8	1 serving~355
2607806	B	18	0,0,0,3.38,0,0	1 can~355|1 package~2130
2607805	B	18	0,0,0,3.38,0,0	1 can~355|1 package~2130
2607804	B	18	0,0,0,3.38,0,0	1 can~355|1 package~2130
2136152	B	18	45,0,0,11.8,,11.8,0,0,0,0,0,0,0,,0	12 fl oz~355
2040075	B	18	45,0,0,11.8,,11.8,0,0,0,0,0,0,0,,0	12 fl oz~355
2677274	B	18	45,0,0,11.8,,11.8,0,0,0,0,0,0,0,,0	12 fl oz~355
2677272	B	18	45,0,0,11.8,,11.8,0,0,0,0,0,0,0,,0	12 fl oz~355
2659109	B	18	0,0,0,1.97,0,0	1 can~355|1 package~1420
2439982	B	18	0,0,0,0,1	12 fl oz~355
2440313	B	18	0,0,0,0,1	12 fl oz~355
2408224	B	18	0,0,0,5.07,0,,0,0,0,0,0,0,0,,0	12 fl oz~355
2659108	B	18	0,0,0,1.97,0,0	1 can~355|1 package~1420
2408221	B	18	0,0,0,5.07,0,,0,0,0,0,0,0,0,,0	12 fl oz~355
2408218	B	18	0,0,0,5.07,0,,0,0,0,0,0,0,0,,0	12 fl oz~355
2408223	B	18	0,0,0,5.07,0,,0,0,0,0,0,0,0,,0	12 fl oz~355
2677270	B	18	0,0,0,5.07,0,0,0,0,0,0,0,0,0,,0	12 fl oz~355
2677281	B	18	0,0,0,5.07,0,0,0,0,0,0,0,0,0,,0	12 fl oz~355
2408226	B	18	0,0,0,5.07,0,,0,0,0,0,0,0,0,,0	12 fl oz~355
2031168	B	22	500,3.33,23.3,70,417,26.7,23.3,17,0,0,1.2,0,,0	1 serving~30
397842	B	4	533,3.33,26.7,66.7,400,23.3,23.3,17,0,0,2.4,0,,0	1 serving~30
2057513	B	49	550,12.5,37.5,47.5,275,40,20,12,2.5,0,1.8,150,,0	1 serving~40|1 package~283
2098263	B	23	367,0,26.7,23.3,417,20,3.33,0,0,0,0,0,,0	2 tbsp~30|1 package~1538
579049	B	84	286,0,0,81,0,76.2	1 tbsp~21
2058746	B	28	232,23.2,14.3,1.79,1200,0,4.46,54,0,0,1.29,36,,4.3	1 serving~56|1 package~340
2569422	B	11	300,0,15,43.3,633,43.3,1.67,0,0,0,0,0,0,,0	2 tbsp~30|1 package~355
2569423	B	23	400,0,33.3,26.7,833,26.7,5,0,0,0,0,0,0,,0	2 tbsp~30|1 package~355
2569421	B	23	367,0,30,23.3,383,23.3,1.67,0,0,0,0,0,0,,0	2 tbsp~30|1 package~355
2545992	B	23	367,0,33.3,20,383,16.7,5,33,0,0,0,0,,0	2 tbsp~30|1 package~355
1920866	B	23	367,0,26.7,23.3,417,20,3.33,0,0,0,0,0,,0	2 tbsp~30|1 package~1000
2040667	B	23	200,0,13.3,40,667,36.7,0,0,0,0,0,0,,0	2 tbsp~30|1 package~355
2338982	B	23	367,0,30,23.3,383,23.3,1.67,0,0,0,0,0,,0	2 tbsp~30|1 package~355
1893460	B	23	367,0,30,23.3,383,23.3,1.67,0,0,0,0,0,,0	2 tbsp~30|1 package~1420
1872861	B	15	367,0,30,26.7,800,26.7,1.67,0,0,0,0,0,,0	2 tbsp~30|1 package~355
2669819	B	7	147,0,0,35.3,206,29.4,,,,,,,,7.1,,,,0	1 tbsp~17|1 package~126
1998806	B	7	176,0,0,41.2,88,41.2,0,0,0,0,0,0,0,,0	1 tbsp~17|1 package~126
2669818	B	7	176,0,0,47.1,882,47.1,,,,,,,,14.1,,,,106	1 tbsp~17|1 package~126
2031888	B	7	206,0,0,52.9,235,41.2,,,,,,,,0	1 tbsp~17|1 package~126
2669820	B	7	118,0,0,29.4,88,29.4,,,,,,,,0,,,,0	1 tbsp~17|1 package~126
2552021	B	19	29,0,0,5.88,412,5.88,0,0,0,0,1.06,0,0,7.1	2 tbsp~34|1 package~496
1947612	B	27	286,15.4,23.1,4.4,956,1.1,9.89,60,1.1,0,1.58,66,,1.3	1 link~91|1 package~454
2449915	B	0	533,10,33.3,53.3,67,50,15,17,3.3,0,1.67,100,367,,0	11 pieces~30|1 package~453
2288545	B	1	500,7.14,26.2,64.3,452,52.4,11.9,12,2.4,0,.86,95,,0	1 serving~42|1 package~453
2450294	B	0	533,10,33.3,53.3,67,50,15,17,3.3,0,1.67,100,,,0	11 pieces~30|1 package~283
2545241	B	0	500,14.3,28.6,50,36,42.9,3.57,0,3.6,0,1.29,71,,0,,14.3,8.93	1 serving~28|1 package~283
2051016	B	0	607,25,46.4,25,107,3.57,5.36,0,17.9,0,1.29,71,,0	1 serving~28|1 package~283
2048255	B	0	607,25,42.9,28.6,964,3.57,5.36,0,10.7,0,1.29,71,,4.3	1 serving~28|1 package~283
2048085	B	0	607,25,46.4,25,107,3.57,5.36,0,17.9,0,1.29,71,,0	1 serving~28|1 package~283
2042277	B	0	633,23.3,50,23.3,200,0,8.33,0,10,0,0,133,,0	3 tbsp~30|1 package~283
1914891	B	0	525,12.5,37.5,40,288,22.5,5,0,7.5,0,1.8,100,,6	1 serving~40|1 package~510
2397533	B	0	607,25,48.2,21.4,893,1.79,10.7,0,12.5,0,1.43,54,696,,0	½ cup~56
2045986	B	1	500,17.9,25,53.6,125,35.7,3.57,4,7.1,0,0,0,,0	1 serving~28|1 package~510
2288546	B	1	464,7.14,17.9,67.9,929,46.4,5.36,18,3.6,0,0,0,,0	1 serving~28|1 package~453
2048080	B	0	607,25,46.4,25,107,3.57,5.36,0,17.9,0,1.29,71,,0	1 serving~28|1 package~1020
2048081	B	0	600,26.7,53.3,16.7,533,3.33,8.33,0,10,0,1.2,0,,0	¼ cup~30|1 package~283
2677511	B	0	536,21.4,39.3,32.1,250,17.9,5.36,0,7.1,0,3.86,71,,0,,,,0	1 serving~28|1 package~255
2042280	B	0	633,23.3,50,23.3,200,0,8.33,0,10,0,0,133,,0	3 tbsp~30|1 package~283
2074324	B	0	579,17.9,46.4,28.6,14,21.4,7.14,0,3.6,0,6.43,36,,0	1 serving~28|1 package~510
2074325	B	0	607,25,46.4,28.6,0,3.57,5.36,0,17.9,0,1.29,71,,0	1 serving~28|1 package~1020
2289404	B	0	571,17.9,39.3,35.7,411,17.9,7.14,0,3.6,0,1.29,71,,0	1 serving~28|1 package~567
2289430	B	0	564,25,46.4,21.4,471,3.57,7.14,0,7.1,0,1.93,71,,0	1 serving~28|1 package~283
1881819	B	0	564,25,46.4,21.4,664,3.57,7.14,0,7.1,0,1.93,71,,0	1 serving~28|1 package~283
2089996	B	19	167,0,0,43.3,267,40,0,0,0,,1.2,0,,0	2 tbsp~30|1 package~354
477016	B	0	571,25,46.4,21.4,143,3.57,7.14,0,7.1,0,1.29,71,,0	1 serving~28
1916867	B	0	575,10,37.5,50,75,45,20,25,2.5,0,1.8,200,,3	9 pieces~40|1 package~567
2401078	B	22	50,0,0,13.3,0,8.89,,,1.1	1 pouch~90|1 package~4500
1916865	B	0	607,25,46.4,25,107,3.57,5.36,0,17.9,0,1.29,71,,0	1 serving~28|1 package~510
1846668	B	9	286,3.57,7.14,55.4,357,33.9,3.57,18,1.8,0,1.29,36,,0	1 serving~56|1 package~1077
518234	B	50	0,0,0,66.7,6330,0,0,0,33.3,0,48,0,,0	1 tsp~1.5
2090755	B	107	57,2.46,2.46,6.56,533,3.28,0,4,.8,0,.89,16,,7.4	½ cup~122|1 package~739
1895293	B	47	21,.83,0,3.31,182,2.48,0,0,.8,,.6,17,,9.9	½ cup~121|1 package~785
2068116	B	47	29,1.71,.39,4.21,132,4.21,,,1.3,,0,0,,11.8	173 cup~76|1 package~390
2289858	B	47	38,1.71,.26,6.45,395,4.87,,,1.2,,.95,0,,7.9	173 cup~76|1 package~390
2012880	B	47	21,.83,0,3.31,182,2.48,0,0,.8,,.6,17,,9.9	½ cup~121|1 package~794
1891673	B	16	357,12.5,1.79,73.2,0,3.57,0,0,3.6,0,3.21,0,,0,,,,,7.14,1,.455	1 serving~56|1 package~454
1796403	B	7	214,0,21.4,3.57,1430,0,3.57,0,3.6,0	1 serving~28|1 package~473
1895291	B	47	21,.83,0,3.31,182,2.48,0,0,.8,0,.6,17,,9.9	½ cup~121|1 package~400
2289849	B	16	357,12.5,1.79,73.2,0,3.57,0,0,3.6,0,3.21,0,,0,,,,,7.14,1,.455	1 serving~56|1 package~454
1891668	B	16	357,12.5,1.79,73.2,0,3.57,0,0,3.6,0,3.21,0,,0,,,,,7.14,1,.455	1 serving~56|1 package~454
1913797	B	32	500,7.33,48.1,11,900,11,6.67,0,0,0,1.2,133,,8	.17 cup~30|1 package~180
1891392	B	16	357,12.5,1.79,73.2,0,3.57,0,0,3.6,0,3.21,0,,0,,,,,7.14,1,.455	1 serving~56|1 package~454
1891670	B	16	357,12.5,1.79,73.2,0,3.57,0,0,3.6,0,3.21,0,,0,,,,,7.14,1,.455	1 serving~56|1 package~454
1903096	B	7	0,0,0,0,1200,0,0,0,0,0	2 peppers~5|1 package~473
1879163	B	4	533,3.33,30,63.3,150,40,13.3,0,0,0,3,67,,0	4 pieces~30|1 package~140
1879482	B	4	500,3.33,23.3,66.7,133,43.3,6.67,0,0,6.67,3,67,,0	4 pieces~30|1 package~140
1903097	B	7	0,0,0,6.67,2070,0,0,0,0,0	2 peppers~15|1 package~473
718694	B	14	433,10,36.7,23.3,50,10,20,0,10,0,2.4,67,,0	1 serving~30
2426229	B	131	177,15.9,9.73,0,,,3.1,71,0,0,0,0,142	1 serving~113|1 package~1361
2032557	B	0	607,21.4,53.6,17.9,232,7.14,3.57,0,10.7,0,3.86,286,,0	1 serving~28|1 package~57
2092056	B	82	380,0,2.5,90,1010,0,0,0,0,0,0,200,,0	1 sachet~40
2095458	B	11	336,8,8,24,8800,0,0,0,4,0,2.88,80,,9.6	1 plate~12.5
2069181	B	11	160,8,8,24,9360,8,0,0,0,0,5.76,160,,14.4	1 plate~12.5
1911994	B	4	467,3.33,20,70,400,30,6.67,0,0,0,2.4,67,100,0,,10,3.33	2 cookies~30|1 package~907
1881390	B	4	472,5.56,16.7,75,500,36.1,5.56,0,2.8,0,2,56,,0,,5.56,6.94	3 cookies~36|1 package~709
2118076	B	1	467,3.33,20,70,400,30,6.67,0,0,0,2.4,67,100,0,,10,3.33	2 cookies~30|1 package~907
2045492	B	4	472,5.56,19.4,72.2,389,33.3,5.56,0,2.8,0,3,56,83,0,,5.56,6.94	3 cookies~36|1 package~709
1876708	B	9	389,5.56,16.7,58.3,333,22.2,5.56,0,0,0,2,56,69,0,,8.33,4.17	2 cookies~36|1 package~907
2045489	B	4	472,5.56,19.4,72.2,278,30.6,4.17,0,2.8,0,3,56,,0,,6.94,8.33	3 cookies~36|1 package~709
2045491	B	4	464,7.14,16.1,71.4,464,28.6,3.57,0,3.6,0,2.57,0,89,0,,5.36,7.14	2 cookies~28|1 package~340
1944021	B	4	464,3.57,21.4,67.9,482,25,5.36,0,3.6,0,2.57,0,71,0,,5.36,8.93	2 cookies~28|1 package~340
2671459	B	66	200,4,6,44,60,0,0,0,4,0,1.44,80,,2.4,,,,36	2 tortillas~50|1 package~749
2043537	B	4	472,5.56,19.4,72.2,278,30.6,4.17,0,2.8,0,3,56,83,0,,6.94,8.33	3 cookies~36|1 package~397
1881388	B	4	472,5.56,19.4,72.2,264,30.6,5.56,0,0,0,2,0,56,0,,5.56,8.33	3 cookies~36|1 package~709
2271830	B	29	400,6.67,10,73.3,1130,0,3.33,0,0,0,4.8,0,100,0,,3.33,3.33	38 crackers~15|1 package~340
2409667	B	29	400,6.67,10,73.3,900,0,0,0,0,0,6.67,13,107,,0,0,6.67	5 crackers~15|1 package~453
2651952	B	4	467,6.67,16.7,73.3,433,26.7,5,0,3.3,0,2.4,0,,0,,10,3.33,0,,,,,136	7 cookies~30|1 package~340
1889696	B	42	214,0,0,50,0,50,0,0,0,0,0,0,,0	1 tbsp~14|1 package~220
1883113	B	7	250,0,0,64.3,0,64.3,0,0,0,0,0,0,,17.1	1 tbsp~14|1 package~220
1883114	B	15	286,0,0,71.4,0,71.4,0,0,0,0,0,0,,34.3	1 tbsp~14|1 package~220
2677851	B	5	493,7.04,21.1,66.9,775,0,1.76,0,7,0,1.41,317,0,,0	1 serving~28.4|1 package~255
2283626	B	5	493,7.04,21.1,66.9,775,0,1.76,0,7,0,1.41,317,0,,0	1 serving~28.4|1 package~255
2434235	B	66	180,4,2,38,40,0,0,0,4,0,2,138,0,,0	2 tortillas~50|1 package~374
2628428	B	5	493,7.04,24.6,63.4,493,3.52,3.52,0,7,0,2.11,99,261,,0	1 serving~28.4|1 package~255
2677852	B	5	493,7.04,24.6,63.4,493,3.52,3.52,0,7,0,2.11,99,261,,0	1 serving~28.4|1 package~255
2664918	B	5	458,7.04,21.1,63.4,669,0,1.76,0,7,0,3.17,352,352,,0	1 serving~28.4|1 package~255
1951705	B	5	467,6.67,20,63.3,317,,1.67,,6.7,,3.33	10 pieces~30|1 package~340
2081941	B	10	40,0,0,11,9,4.17,0,0,,0,.3,33,,30	1 cup~240|1 package~500
2085218	B	10	41,0,0,11,10,9.58,0,0,,0,.3,21,,11.2	1 cup~240|1 package~1500
1882382	B	10	41,0,0,11,12,9.58,0,0,,0,.3,33,,21.2	1 cup~240|1 package~500
1907762	B	10	40,0,0,10.4,10,9.17,0,0,,0,0,17,,16.8	1 cup~240|1 package~1500
1932974	B	10	38,0,0,9.17,15,8.75,0,0,,0,0,17,,2.5	1 cup~240|1 package~500
1957171	B	25	58,.41,.71,12.9,13,11.8,.06,0,.6,0,.18,23,14,,0	1 cup~170|1 package~340
1956216	B	25	57,.41,.71,12.9,13,11.8,.06,0,.6,0,.18,23,14,,0	1 cup~170|1 package~340
2043646	B	10	40,0,0,11,9,4.17,0,0,,0,.3,33,,30	1 cup~240|1 package~1500
2076785	B	10	50,0,0,12.1,8,11.7,0,0,,0,.15,8,,1	1 cup~240|1 package~500
2096906	B	10	41,0,0,11,10,9.58,0,0,,0,.3,21,,11.2	1 cup~240|1 package~1500
1902428	B	10	46,0,0,11.2,27,10.4,0,0,,0,0,8,,0	1 cup~240|1 package~500
1914995	B	10	46,0,0,10.8,10,10.8,0,0,,0,0,4,,7	1 cup~240|1 package~500
2434378	B	10	54,0,0,5.42,4,4.58,0,0,0,,0,0,6,,0	1 cup~240
2091856	B	10	29,0,0,7.1,19,5.81,0,0,,0,0,6,,3.9	1 serving~310
2674984	B	36	179,21.4,10.7,0,1160,0,2.68,45,0,0,0,0,339,0,,2.68,3.57,0,8.93,0,.061,,,29,268	1 serving~56|1 package~113
1879716	B	53	36,0,0,8.8,10,8.8	1 carton~250|1 package~1500
2064707	B	36	148,23.4,4.69,2.34,266,0,.78,86,0,0,.84,16,,0,,1.95,1.17	1 fillet~128|1 package~256
2064702	B	36	113,16.9,3.17,4.23,317,1.41,.7,39,.7,0,.76,14,,4.2,,2.11,.7	1 fillet~142|1 package~283
1879555	B	53	40,0,0,10,12,10	1 carton~250|1 package~1500
2091923	B	53	56,0,0,13.6,8,13.6,,,,,,,,12	1 carton~250
2441986	B	35	0,0,0,0,200,0,0,0,0,,0,0,,24	1 tbsp~5|1 package~142
2441985	B	35	0,0,0,0,200,0,0,0,0,,0,0,,24	1 tsp~5|1 package~142
2085380	B	53	50,0,0,12.9,10,12.9,,,,,,,,1	8 fl oz~240
2594845	B	83	139,20.2,3.8,3.8,430,0,.63,57,0,0,0,13,397,,5,1.27,.63	1 burger~79
2674985	B	76	196,12.5,12.5,8.93,1070,7.14,5.36,62,0,0,1.93,36,125,,0	1 serving~56|1 package~340
2674994	B	76	161,12.5,7.14,12.5,786,7.14,4.46,36,0,0,1.93,36,125,,0	1 serving~56|1 package~340
2148925	B	5	375,7.14,7.14,64.3,721,7.14,.71,0,10.7,0,0,536,0,,0	1 bag~28
2446637	B	5	396,21.4,7.14,60.7,293,3.57,.71,0,7.1,0,0,536,0,,0	1 bag~28
1886842	B	41	857,0,100,0,0,,92.9,0,,0	1 tbsp~14|1 package~473
2020222	B	78	196,23.2,12.5,0,768,0,2.68,71,0,0,0,0,,0,,3.57,5.36	1 serving~56|1 package~113
2440587	B	78	179,21.4,10.7,0,1160,0,2.68,45,0,,0,0,339,0,,2.68,3.57,,8.93,0,.061,,,29,268	1 serving~56|1 package~454
1898384	B	36	179,21.4,10.7,0,1160,0,2.68,45,0,0,0,0,,0	1 serving~56|1 package~227
2594844	B	78	179,21.4,10.7,0,1160,0,2.68,45,0,0,0,9,321,,9	1 serving~56|1 package~227
2104034	B	36	179,21.4,10.7,0,1160,0,2.68,45,0,0,0,0,339,0,,2.68,3.57,,8.93,0,.061,,,29,268	1 serving~56|1 package~113
1887516	B	78	161,25,6.25,0,1040,0,.89,62,0,0,0,0,,0,,1.79,1.79	1 serving~56|1 package~113
2455932	B	25	42,1.82,.91,6.06,55,5.76,.61,2,0,,0,61,182,0	11.1 fl oz~330
2445134	B	117	26,.2,1.8,2.2,10,1.6,1.6,0,0,0,0,11,138,,0,0,0,,.8,0,,.08,,6,6,,,.2	1 container~500
2092677	B	117	19,0,0,4.58,11,4.58,0,0,,0,,8,196,25,,,,,,,,,,7,8	8 fl oz~240|1 package~1500
1915425	B	117	25,0,0,6.25,12,6.25,0,0,,0,,8,196,6.2,,,,,,,,,,7,8	8 fl oz~240|1 package~1500
2385169	B	117	26,.2,1.8,2.2,10,1.6,1.6,0,0,0,0,11,138,,0,0,0,,.8,0,,.08,,6,6,,,.2	1 container~500
2377546	B	10	21,0,0,5,25,,,,,,,6,,20.8,,,,,,,,,,7,9	8 fl oz~240|1 package~500
2242695	B	72	29,.42,2.08,2.08,8,1.25,1.67,0,0,0,.15,188,125,0,,,,,,,,,,25,83,,.62	8 fl oz~240|1 package~1250
2242694	B	72	29,.42,2.08,2.08,8,1.25,1.67,0,0,0,.15,188,125,0,,,,,,,,,,25,83,,.62	8 fl oz~240|1 package~1250
2315855	B	41	857,0,100,0,0,,85.7,0,,0,,,,,,7.14,0	1 tbsp~14|1 package~420
2671182	B	117	19,0,0,4.58,15,4.17,0,0,0,0,0,18,196,5.4,0,,,,,,,,,10,10	8 fl oz~240|1 package~1000
2430677	B	117	25,0,0,5.83,12,5,0,0,,,,17,179,15,,,,,,,,,,10,8	8 fl oz~240|1 package~500
1915424	B	117	29,.42,0,7.08,12,6.25,0,0,,0,,8,175,6.2,,,,,,,,,,3,8	8 fl oz~240|1 package~1500
2431300	B	117	18,0,0,4.4,26,4,0,0,,,,24,188,19.2,,,,,,,,,,13,8	8.45 fl oz~250
1949023	B	117	19,0,0,4.58,15,0,0,0,3.8,0,,17,188,20,,,,,,,,,,10,8	8 fl oz~240|1 package~500
2177247	B	10	25,0,.42,5,25,4.17,.42,0,0,0,0,15,196,2.1,0,,,,,,,,,8,8	8 fl oz~240|1 package~500
2443142	B	118	21,0,0,5.08,51,4.24,0,0,,,,,89,0	8 fl oz~236|1 package~532
2629372	B	118	21,0,0,5.08,47,4.24,0,0,,0,,,89,12.7,,,,8	8 fl oz~236|1 package~532
2511806	B	41	800,0,93.3,0,0,,80	1 tbsp~15|1 package~414
2671185	B	72	21,0,1.25,2.08,10,1.25,1.04,0,0,0,0,18,138,,0	8 fl oz~240|1 package~1000
2585361	B	25	19,0,0,4.58,15,4.17,0,0,,0,,17,196,17.5,,,,,,,,,,10,8	8 fl oz~240|1 package~500
2671188	B	117	25,0,0,5.83,17,5.83,0,0,0,0,0,15,196,10.8,0,,,,,,,,,8,5	8 fl oz~240|1 package~500
1952819	B	10	7,0,0,1.41,24,1.13,,,,,,6,79,0,,,,,,,,,,7,6	12 fl oz~355
2266460	B	10	25,0,.42,5,25,4.17,.42,0,0,0,0,15,196,2.1,0,,,,,,,,,8,8	8 fl oz~240|1 package~500
2177246	B	117	25,0,.42,5,25,4.17,.42,0,0,0,0,15,196,2.1,0,,,,,,,,,8,8	8 fl oz~240|1 package~500
2629369	B	117	18,0,0,4.55,14,4.55,0,0,,0,,12,188,18.2,,,,,,,,,,5,6	11.1 fl oz~330
2439956	B	117	29,.42,.83,4.58,15,3.75,.83,0,,,.6,8,158,,,,,,,,,,,17,17	8 fl oz~240|1 package~1000
1926836	B	117	23,0,0,6.25,10,6.25,0,0,,0,,17,196,6.2,,,,,,,,,,7,17	8 fl oz~240|1 package~500
2629370	B	117	29,.42,0,7.08,12,6.25,0,0,,0,,8,175,6.2,,,,,,,,,,3,8	8 fl oz~240|1 package~500
2439952	B	117	25,0,0,6.25,10,6.25,0,0,,,,8,196,16.2,,,,,,,,,,3	8 fl oz~240|1 package~500
1951317	B	24	7,0,0,1.41,24,1.13,,,,,,6,79,0,,,,,,,,,,7,6	12 fl oz~355
2443137	B	118	21,0,0,5.08,47,4.24,0,0,,,,,89,0	8 fl oz~236|1 package~532
2443088	B	118	21,0,0,5.08,51,4.24,0,0,,,,,89,0	8 fl oz~236|1 package~532
2443143	B	118	21,0,0,5.08,51,4.24,0,0,,,,,89,12.7	8 fl oz~236|1 package~532
2177243	B	10	25,0,.42,5,25,4.17,.42,0,0,0,0,15,196,2.1,0,,,,,,,,,8,8	8 fl oz~240|1 package~500
2671181	B	117	19,0,0,4.58,15,4.17,0,0,0,0,0,16,196,14.2,0,,,,,,,,,8,5	8 fl oz~240|1 package~1000
2671198	B	117	25,0,.62,4.58,21,4.17,.42,0,0,0,0,12,196,17.5,0,,,,,,,,,10,10	8 fl oz~240|1 package~500
2439951	B	25	45,1.52,1.06,7.58,55,6.97,.61,3,.6,,.22,61,182,0	11.1 fl oz~330
2671186	B	72	21,0,1.25,2.08,10,1.25,1.04,0,0,0,0,18,138,,0	8 fl oz~240|1 package~1000
2365141	B	117	26,.2,1.8,2.2,10,1.6,1.6,0,0,0,,11,138,,0,0,0,,.8,,,.08,,6,6,,,.2	1 container~500
2456218	B	117	19,0,0,4.44,8,4.44,0,0,,,,11,111,6.7	6 fl oz~180
2466111	B	65	0,0,0,0,0,,,,,,,,,,,,,,,30,,65,4920,,,60,,225	1 bag~2|1 package~28
2466104	B	130	45,9.09,0,0,409,,,,,,,,1690,,,,,,,41,,45.5,895,,,2180,,90.9	1 serving~11|1 package~110
2466105	B	130	45,9.09,0,0,409,,,,,,,,1690,,,,,,,41,,45.5,895,,,2180,,90.9	2 tbsp~11|1 package~340
2464808	B	130	45,9.09,0,0,409,,,,,,,,1690,,,,,,,41,,45.5,895,,,2180,,90.9	2 tbsp~11|1 package~284
2463220	B	65	0,0,0,0,0,,,,,,22.2,2220,3110,,,,,,,53,,75.6,4370,,,107,,222	1 bag~2.2|1 package~31.5
2466113	B	65	0,0,0,0,0,,,,,,,,,,,,,,,30,,65,4920,,,60,,225	1 bag~2|1 package~28
2466112	B	65	0,0,0,0,0,,,,,,,,,,,,,,,,,,4920	1 bag~2|1 package~28
2510223	B	130	45,9.09,0,9.09,409,0,,,9.1,,,,1690,,,,,,,41,,45.5,895,,,2180,,90.9	2 tbsp~11|1 package~284
2180308	B	130	50,10,5,0,450,,5,,,,,,1860,,,,,,,45,,50,1640,,,2400,,100	1 cup~10|1 package~120
2487331	B	130	50,10,0,10,450,,,,10,,2,200,2140,,,,,,,45,,50,984,,,2400,,100	1 cup~10|1 package~120
2467544	B	130	43,8.7,0,0,391,,,,,,,,1620,,,,,,,,,,856,,,,,,4	1 cup~11.5|1 package~115
2466084	B	130	43,8.7,0,0,391,,,,,,,,1620,,,,,,,,,,856,,,,,,4	2 tbsp~11.5|1 package~340
2464790	B	130	43,8.7,0,0,391,,,,,,,,1620,,,,,,,,,,856,,,,,,4	2 tbsp~11.5|1 package~284
2510224	B	130	45,9.09,0,9.09,409,0,,,9.1,,,,1690,,,,,,,41,,45.5,895,,,2180,,90.9	1 cup~11|1 package~110
2466110	B	130	455,0,30.3,30.3,0,0,30.3,0,0,0,0,0,909,,,,,,,36,,51.5,1820,,,3640,,152	1 stick~3.3|1 package~33
2480507	B	130	395,0,26.3,26.3,0,,26.3,,,,,,3030,,,,,,,32,,44.7,1580,,,3160,,132	1 stick~3.8|1 package~91.2
2464792	B	130	51,10.1,5.05,0,455,,5.05,,,,,,1880,,,,,,,45,,50.5,994,,,2420,,101	1½ tbsp~9.9|1 package~284
2487053	B	130	42,8.33,4.17,0,375,,4.17,,,,,,1550,,,,,,,38,,41.7,820,,,2000,,83.3	1 cup~12|1 package~216
2466109	B	130	51,10.1,5.05,0,455,,5.05,,,,,,1880,,,,,,,45,,50.5,994,,,2420,,101	1½ tbsp~9.9|1 package~340
2643165	B	130	333,0,0,66.7,444,44.4,0,0,0,0,0,889,6220,,,,,,,,,,,444	1 stick~4.5|1 package~45
2464791	B	130	45,9.09,0,0,409,,,,,,,,1690,,,,,,,41,,45.5,895,,,2180,,90.9	2 tbsp~11|1 package~284
2628394	B	130	312,0,0,62.5,0,31.2,0,0,31.2,0,0,1560,3060,,0,,,,,37,,53.1,1880,,,3750,,156	1 stick~3.2|1 package~32
2628680	B	130	43,8.7,0,0,391,,,,,,4.35,435,2230,,,,,,,39,,43.5,856,,,2090,,87	1 cup~11.5|1 package~115
2467545	B	130	43,8.7,0,0,391,,,,,,4.35,435,2230,,,,,,,39,,43.5,856,,,2090,,87	2 tbsp~11.5|1 package~340
2480184	B	130	270,0,0,54,0,,,,54.1,,,1350,2700,,,,,,,32,,45.9,1620,,,3240,,135	1 stick~3.7|1 package~88.8
2480506	B	30	250,0,0,100,0,,,,50,,,,,,,,,,,225,,250,4920,,,,,500	1 stick~2|1 package~48
2128891	B	25	52,0,0,12.4,21,11.7,0,0,.7,0,.12,21,,0	1 bottle~290
2679651	B	30	300,0,0,80,2300,50,,,,,,,1000,900,,,,900,160,,,17,,,,24,30,,,,,,15	1 packet~10|1 package~58.5
2679652	B	30	333,0,0,88.9,2560,55.6,,,,,,,1110,2780,,,,4870,,,,,,,,26.7,111,,,,,,89	1 packet~9|1 package~56.6
2289293	B	78	125,21.4,2.68,1.79,1700,1.79,0,54,0,0,.64,36,,0,,.89,0	1 serving~56|1 package~113
2467926	B	24	0,0,0,0,0,0,,,,,,,,17.9,.4,,,,.319,,,.04,,,,162,,.1	17 fl oz~502
2467060	B	24	0,0,0,0,0,0,,,,,,,,,.4,,,,.319,,,,,,,.04,,.1	17 fl oz~502
2467058	B	24	0,0,0,0,0,0,,,,,,,,,.4,,,,.319,,,.04,,,,.04,,.1	17 fl oz~502
2471643	B	24	0,0,0,0,0,0,,,,,,,,,.2,,,,.398,,,.04,,,,.12,,.1	17 fl oz~502
2471708	B	25	0,0,0,0,0,0,,,,,,,,,.2,,,,.398,,,.04,,,,.12,,.1	17 fl oz~502
2496980	B	24	0,0,0,0,0,0,,,,,,,,,4,,,,3.2,,,.4,,,,.4,,1	17 fl oz~50|1 package~502
2467062	B	24	0,0,0,0,0,0,,,,,,,,,.4,,,,.319,,,.04,,,,.04,,.1	17 fl oz~502
2471600	B	24	0,0,0,0,0,0,,,,,,,,,.2,,,,.398,,,.04,,,,.12,,.1	17 fl oz~502
2467925	B	24	0,0,0,0,0,0,,,,,,,,17.9,.4,,,,.319,,,.04,,,,.04,,.1	17 fl oz~502
2467920	B	24	0,0,0,0,0,0,,,,,,,,,.4,,,,.319,,,.04,,,,.04,,.1	17 fl oz~502
2467057	B	24	0,0,0,0,0,0,,,,,,,,,.4,,,,.319,,,.04,,,,.04,,.1	17 fl oz~502
2467059	B	24	0,0,0,0,0,0,,,,,,,,,.4,,,,.319,,,.04,,,,.04,,.1	17 fl oz~502
2467922	B	24	0,0,0,0,0,0,,,,,,,,,.4,,,,.319,,,.04,,,,.04,,.1	17 fl oz~502
2471599	B	24	0,0,0,0,0,0,,,,,,,,,.2,,,,.398,,,.04,,,,.12,,.1	17 fl oz~502
2395151	B	24	0,0,0,0,0,0,,,,,,,,,,,,,.319,,,.04,,,,.04,,.1	17 fl oz~502
2046242	B	10	3,0,0,.85,0,.85,0,,,,,,49,50.7,4.22,,,,8.46,1,.719,.846,,,,2.54,.63,,,,30	8 fl oz~236
2058305	B	85	222,9.26,6.48,42.6,296,14.8,0,0,14.8,0,13.3,278,,38.9,9.25,,,,1.48,0,.315,1.85,,,,5.56,13.9,2.32	1 serving~54
524606	B	94	136,12.7,2.54,17.8,449,1.69,0,0,7.6,0,3.05,34,,10.2,2.55,,,,0,0,1.01,.424,,,,2.03,3.18,2.54,,.034,15	1 sandwich~118
2622729	B	35	0,0,0,20,500,0,0,0,0,0,0,0,0,0,0,,,1440,,,,,,,,,,,1	1 tsp~5|1 package~148
1964537	B	2	113,3.23,8.06,9.68,1060,3.23,0,0,3.2,0,1.29,0,303,,0	2 tbsp~31|1 package~453
2461095	B	140	235,11.8,12.9,20,541,1.18,7.06,200,2.4,0,1.18,153,153,,1.4	1 bar~85
2389520	B	140	162,13.1,10.8,3.85,369,2.31,4.62,265,0,0,.77,156,65,,0	1 package~130
2142473	B	62	857,0,100,0,1040,0,71.4,250	1 tbsp~14|1 package~213
2267132	B	62	857,0,100,0,0,0,71.4,250	1 tbsp~14|1 package~213
2669697	B	62	786,0,85.7,0,650,,57.1,221,,0,,,,,,,,514	1 tbsp~14|1 package~227
2215100	B	62	786,0,92.9,0,321,0,42.9,179,0,0,0,0,0,,0	1 tbsp~14|1 package~198
2604945	B	102	136,13.6,9.09,0,136,0,3.41,375,0,0,1.82,68,136,,2	1 egg~44
1826704	B	62	857,0,100,0,1040,0,71.4,250	1 tbsp~14|1 package~213
2669711	B	62	786,0,85.7,0,0,,57.1,221,,0,,,,,,,,514	1 tbsp~14|1 package~227
2665178	B	102	140,12,10,0,140,0,3,370,0,0,1.8,60,140,,2	3 tbsp~50|1 package~454
2163192	B	140	162,12.3,10.8,5.38,238,2.31,4.62,273,.8,0,.77,181,61,,0	1 package~130
2461092	B	140	224,16.5,12.9,14.1,541,1.18,7.06,224,2.4,0,.47,318,141,,1.77	1 bar~85
2153886	B	62	786,0,85.7,0,650,,57.1,221,,0	1 tbsp~14|1 package~453
2461094	B	140	200,8.24,9.41,22.4,365,3.53,4.12,129,4.7,0,1.06,129,235,,.7	1 bar~85
2389524	B	140	177,13.1,10.8,6.15,431,3.08,4.62,285,.8,0,1.54,192,166,,0	1 package~130
2461096	B	140	224,11.8,12.9,17.6,624,1.18,4.71,176,3.5,0,1.06,153,271,,1.3	1 bar~85
2389523	B	140	185,13.8,13.1,3.85,400,2.31,6.15,281,0,0,.77,185,37,,0	1 package~130
2153885	B	62	786,0,85.7,0,0,,57.1,221,,0	1 tbsp~14|1 package~453
534863	B	14	442,7.27,18.2,61.8,191,32.7,5.45,0,5.5,0,2.95,127,,0,,,,,,,,,,44	1 serving~55
2099890	B	26	133,11.1,1.67,21.1,361,2.22,0,0,7.8,0,4,44,,13.3,3.33,,,,0,0,1.32,.556,,,,2.67,4.17,3.33,,.044,19	1 sandwich~90
2490536	B	34	146,9.27,3.31,25.2,245,1.99,1.99,7,9.3,0,2.38,166,,19.9,1.65,,,,.265,0,.023,.331,,,,.99,2.98,.828	1 vitapizza~151
2491261	B	52	156,6.25,3.12,37.5,188,18.8,1.56,0,12.5,0,14.1,375,250,56.2,9.38,,,,1.88,0,.319,1.88,,,,5.62,14.1,1.17	1 mini vitacake~32|1 package~256
104099100021356	O	495	19,0,0,4.86,4.23,4.65,0,0,0,0,0,0,12.7	1 serving~473
104061461625641	O	495	19,.423,0,4.02,0,3.81,0,0,0,0,0,2.11,6.34,,0	16 f oz~473
2626207	B	25	25,0,0,6.67,0,6.25,,0,.4,0,0,17,,20,,,,0	8 fl oz~240|1 package~946
2607938	B	2	321,0,21.4,25,714,0,17.9,0,10.7,0,0,179,0,,0	¼ cup~28|1 package~198
2607939	B	2	300,0,25,20,600,0,20,0,5,0,0,100,0,,0	1 slice~20|1 package~198
2607936	B	2	321,0,25,21.4,607,0,21.4,0,3.6,0,0,179,0,,0	¼ cup~28|1 package~198
2607937	B	2	300,0,25,20,525,0,20,0,0,0,0,100,0,,0	1 slice~20|1 package~198
2452175	B	25	18,0,0,3.1,3,2.54	12 fl oz~355
2193510	B	13	411,35.7,19.6,25,446,3.57,8.93,9,1.8,0,1.25,250,321,,0	1 bar~56
2607356	B	24	17,2.82,0,1.41,8,.85	1 bottle~355
2655474	B	24	394,60.6,9.09,15.2,1060,3.03,3.03,0,9.1,0,15.2,273,1480,,0	1/3 rounded cup~33|1 package~468
2608517	B	13	459,37.8,21.6,27,351,2.7,10.8,14,2.7,0,1.08,270,243,,0	1 bar~37|1 package~148
2551039	B	13	459,37.8,21.6,27,351,2.7,10.8,14,2.7,0,1.08,270,243,,0	1 bar~37|1 package~444
2395222	B	13	300,26,14,44,200,4,5,0,14,0,2.88,0,280,,0	1 bar~50
2391983	B	13	300,26,14,44,200,4,5,0,14,0,2.88,0,280,,0	1 bar~50|1 package~600
2391984	B	13	300,26,14,44,320,6,5,0,12,0,2.88,0,280,,0	1 bar~50
2391957	B	13	300,26,14,44,320,6,5,0,12,0,2.88,0,280,,0	1 bar~50|1 package~600
2392146	B	13	340,28,18,36,270,2,7,0,10,0,2.88,0,280,,0	1 bar~50
1980201	B	13	340,28,16,38,440,4,7,0,10,0,3.6,0,280,,0	1 bar~50
1984581	B	13	340,28,18,38,360,4,7,0,10,0,2.88,0,280,,0	1 bar~50
1984575	B	13	340,28,16,38,440,4,7,0,10,0,3.6,0,280,,0	1 bar~50|1 package~600
1984573	B	13	340,28,18,38,360,4,7,0,10,0,2.88,0,280,,0	1 bar~50|1 package~600
1977606	B	13	320,28,16,40,260,6,8,0,10,0,3.6,0,280,,0	1 bar~50
1984574	B	13	320,28,16,40,260,6,8,0,10,0,3.6,0,280,,0	1 bar~50|1 package~600
2403437	B	70	150,16.7,8.33,3.33,100,0,8.33,,0,0	2 tbsp~30|1 package~325
1995710	B	70	167,16.7,8.33,6.67,100,3.33,8.33,,0,0	2 tbsp~30|1 package~325
2269779	B	70	150,16.7,8.33,6.67,83,3.33,6.67,,0,0	2 tbsp~30|1 package~325
2607357	B	25	17,2.82,0,1.13,8,.85	1 bottle~355
2265401	B	13	400,34,18,38,200,2,7,0,22,0,4.68,0,420,,0	1 bar~50
2551038	B	13	447,36.8,21,29,368,2.63,10.5,13,2.6,0,1.58,237,263,,0	1 bar~38|1 package~456
2424249	B	13	411,35.7,19.6,23.2,429,1.79,8.93,9,1.8,0,1.25,250,304,,0	1 bar~56|1 package~224
2424248	B	13	418,36.4,20,21.8,491,1.82,9.09,9,1.8,0,.55,236,236,,0	1 bar~55|1 package~220
2283166	B	13	380,26,16,4,200,,8,0,,0,3.24,0,420,,0	1 bar~50
2655473	B	30	393,71.4,10.7,7.14,375,3.57,1.79,0,3.6,0,10.7,286,1250,,0	1/3 cup~28|1 package~397
2643122	B	59	438,31.2,21.9,18.8,219,6.25,18.8,,6.2,,,562	1 packet~16|1 package~112
2413231	B	130	438,31.2,21.9,18.8,219,6.25,18.8,0,6.2,0,0,562,0	1 packet~16
2642433	B	24	400,66.7,10,10,1200,3.33,1.67,0,3.3,0,10,267,1170,,0	1/3 cup~30|1 package~425
2743592	B	142	126,8.18,5.2,11.5,238,1.12,2.6,24,1.1,0,.45,67,175,6.3,0,,,245	1 package~269
1877154	B	1	243,0,0,97.2,0,0	4 candies~14.4|1 package~72
2670960	B	25	67,.61,0,16.1,9,13.9	1 can~330|1 package~3960
2267772	B	33	268,11.3,2.11,53.5,225,1.41,,21,5.6,0,2.54,28,,0	1 serving~71|1 package~454
2491317	B	30	333,0,0,90.5,0,76.2,,,,,,,,114,,,,,19,,,1.9,,,,5.71,,4.76	1 k-cup pack~21|1 package~329
2491316	B	30	368,0,0,94.7,0,84.2,,,,,,,,126,,,,,21.1,,,2.1,,,,6.32,,5.26	1 k-cup pack~19|1 package~307
2491214	B	30	333,0,0,90.5,0,76.2,,,,,,,,114,,,,,19,,,1.9,,,,5.71,,4.76	1 k-cup pack~21|1 package~61
2490911	B	24	0,0,0,1.19,8,,,,,,,,,11.9,,,,,3.98,,,.398,,,,1.19,,.994	1 bottle~503
2490784	B	24	0,0,0,1.19,8,,,,,,,,,11.9,,,,,3.98,,,.398,,,,1.19,,.994	1 bottle~503
2490947	B	24	0,0,0,1.19,8,,,,,,,,,11.9,,,,,3.98,,,.398,,,,1.19,,.994	17 fl oz~503
2490870	B	24	0,0,0,1.19,8,,,,,,,,,11.9,,,,,3.98,,,.398,,,,1.19,,.994	1 bottle~503
2490948	B	24	0,0,0,1.19,8,,,,,,,,,11.9,,,,,3.98,,,.398,,,,1.19,,.994	1 bottle~503
2267324	B	10	3,0,0,.85,0,.85,0,,0,,,,38,50.7,4.22,,,,8.46,1,.244,.846,,,,2.54,.63	8 fl oz~236|1 package~473
2643192	B	59	125,3.57,5.36,14.3,0,7.14,0,0,7.1,0,1.29,71,,171,,,,0	1 pouch~28|1 package~448
2643193	B	59	89,3.57,5.36,14.3,0,7.14,0,0,7.1,0,1.29,71,,193,,,,0	1 pouch~28|1 package~448
2643194	B	59	125,3.57,5.36,14.3,0,7.14,0,0,7.1,0,1.29,71,,238,,,,0	1 pouch~28|1 package~448
2643191	B	59	107,3.57,5.36,14.3,0,7.14,0,0,7.1,0,1.29,71,,171,,,,0	1 pouch~28|1 package~448
2643195	B	59	125,3.57,5.36,17.9,0,7.14,0,0,7.1,0,1.29,71,,236,,,,0	1 pouch~28|1 package~448
2554063	B	24	0,0,0,0,0,0,,,,,,,,20.3,,,,,3.38,,,.338,,,,1.02,,.846,0,,6	1 bottle~591
2490881	B	18	15,0,0,4.12,0,3.82,,,,,,,,7.1,,,,,,,,.353,,,,1.06,,.882	11½ fl oz~340
2624051	B	105	17,0,0,4.4,0,4.4,,,,,,,,20.3,,,,61,3.38,,,.338,,,,1.02,,.846,0,,6	1 bottle~591
2107002	B	24	20,0,0,5.58,0,5.41,,,,,,,,12.2,,,,,4.06,,,.406,,,,1.22,,2.03	20 fl oz~591
2364699	B	18	15,0,0,4.12,0,3.82,,,,,,,,7.1,,,,,,,,.353,,,,1.06,,1.76	11½ fl oz~340
2469985	B	24	19,0,0,5.56,0,5.28,,,,,,,,10,,,,,3.33,,,.333,,,,1,,.833	12 fl oz~360|1 package~946
2490007	B	105	0,0,0,0,0,0,,,,,,,1400,,,,,,,,,4,,,,12,,10	1 tsp~5|1 package~88.7
1624928	B	24	20,0,0,5.41,0,5.41,,,,,,,149,10.2,,,,,3.38,,,.338,,,,1.02	20 fl oz~591
2490006	B	105	0,0,0,0,0,0,,,,,,,0,,,,,,,,,4,,,,12,,10	1 tsp~5|1 package~88.7
2490036	B	105	0,0,0,0,0,0,,,,,,,,,,,,,,,,4.08,,,,12.2,,10.2	1 tsp~4.9|1 package~88.7
2490037	B	18	15,0,0,3.82,0,3.82,,,,,,,,10.6,,,,,,,,.353,,,,1.06,,.882	11½ fl oz~340
2535987	B	118	17,0,0,4.4,0,4.4,,,,,,,,20.3,,,,,3.38,,,.338,,,,1.02,,.846,0,,6	1 serving~591
2490005	B	105	0,0,0,0,0,0,,,,,,,,,,,,,,,,4,,,,12,,10	1 tsp~5|1 package~88.7
2603617	B	24	2,0,0,.85,0,0,,,.8,,,,,15.2,,,,,3.38,,,.338,,,,1.02,,.846	1 bottle~591
2630476	B	24	2,0,0,.6,0,0,,,,,,,,12,,,,,,,,.4,,,,1.2,,1,,,,,1	1 bottle~500
2630477	B	24	1,0,0,0,0,0,,,,,,,,8.1,,,,38,3.38,,,.338,,,,1.02,,.846,,,,,1	1 bottle~591
2069671	B	8	560,7.5,37.5,45,10,30,10,0,10,0,3.6,0,,3	2 pieces~20|1 package~50
1879987	B	8	536,7.55,34,50.9,47,34,18.9,0,11.3,0,10.2,0,,9.1	½ package~26.5|1 package~53
1875831	B	8	560,7.5,37.5,45,0,32.5,20,0,10,0,3.6,0,,3	2 pieces~20|1 package~50
1882092	B	8	547,7.55,37.7,47.2,0,34,20.8,0,11.3,0,10.2,0,,9.1	½ package~26.5|1 package~53
2061538	B	8	535,7.5,32.5,50,45,32.5,17.5,0,10,0,3.6,0,,3	2 pieces~20|1 package~50
1889664	B	8	558,7.55,37.7,47.2,11,30.2,20.8,0,11.3,0,10.2,0,,9.1	½ package~26.5|1 package~53
1882091	B	8	558,7.55,37.7,47.2,0,34,20.8,0,11.3,0,10.2,0,,9.1	½ package~26.5|1 package~53
1889662	B	8	558,7.55,37.7,45.3,0,28.3,18.9,0,11.3,0,10.2,0,,9.1	½ package~26.5|1 package~53
1889663	B	8	558,7.55,37.7,45.3,0,28.3,18.9,0,11.3,0,10.2,0,,9.1	½ package~26.5|1 package~53
2061537	B	40	575,10,37.5,45,0,30,20,0,10,0,3.6,0,,3	2 pieces~20|1 package~50
2048958	B	5	380,7.2,0,85.6,0,28,0,0,1.2,0,,,0	1 serving~25|1 package~120
1890573	B	7	200,6.67,10,20,4,10,1.67,0,10,0,1.2,67,,0	4 pieces~30|1 package~270
517545	B	7	200,0,20,5,1750,0,5,0,5,0,1.8,100,,0	1 tbsp~20
438254	B	16	375,12.5,1.79,78.6,43,3.57,0,0,5.4,0,1.93,0,,0	1 serving~56
438255	B	16	375,12.5,1.79,78.6,43,3.57,0,0,5.4,0,1.93,0,,0	1 serving~56
603985	B	7	27,1,0,7,238,4,0,0,1,0,.54,10,,171	½ cup~100
1854806	B	11	0,0,0,0	¼ tsp~1|1 package~311
2569374	B	11	0,0,0,0,34500	¼ tsp~1.1|1 package~312
2680000	B	11	0,0,0,0	¼ tsp~1|1 package~311
2631694	B	50	0,0,0,0	¼ tsp~1|1 package~312
2598313	B	16	339,10.7,.89,73.2,0,1.79,,0,1.8,0,3.21,0,0,,0,,,,5.36,1,.304	½ cup~56|1 package~284
2598316	B	14	375,12.5,6.25,67.5,0,0,1.1,0,10,0,4.25,52,362,,0,0,0	½ cup~40|1 package~907
2598308	B	45	92,6.15,0,16.9,100,0,0,0,6.9,0,1.92,38,308,,0	½ cup~130|1 package~439
1872216	B	67	243,24.3,0,62.2,41,2.7,0,0,27,,14.6,54,,0	¼ cup~37|1 package~454
2598306	B	43	312,6.25,3.12,62.5,375,0,0,0,0,0,2.25,0,0,,0	1 serving~16|1 package~128
2616525	B	5	500,3.57,28.6,60.7,357,0,3.57,0,3.6,0,1.29,0,714,17.1,,10.7,14.3,0,4.29,,.243	1 serving~28|1 package~99.2
2598317	B	7	100,0,0,20,0,0,0,0,0,0,0,40,440,,0	1 tsp~5|1 package~946
2266974	B	7	100,0,0,20,0,0,0,0,0,0,0,40,340,,0	1 tsp~5|1 package~950
2598318	B	7	100,0,0,20,0,0,0,0,0,0,0,40,340,,0	1 tsp~5|1 package~946
2598315	B	81	371,5.71,1.43,80,0,2.86,.22,0,2.9,0,1.09,3,142,,0,.39,.83	¼ cup~35|1 package~1814
2598323	B	76	75,0,6.25,3.75,25,1.25,5.62,0,0,0,.18,4,38,,0	1 serving~80|1 package~399
2598322	B	11	0,0,0,0,21000,0,0,0,0,0,0,0,100,,0	1 serving~1
1872214	B	81	200,20,0,62.9,57,2.86,0,0,34.3,,5.14,0,,0	¼ cup~35|1 package~680
2014614	B	104	200,0,5,40,150,35,5,0,0,0,0,5,50,,0	1 serving~20|1 package~425
2569373	B	76	200,0,5,40,150,35,5,0,0,0,0,5,50,,0	1 serving~20|1 package~425
2320189	B	16	339,10.7,.89,73.2,0,1.79,,0,1.8,0,3.21,0,0,,0,,,,5.36,1,.304	½ cup~56|1 package~283
2598312	B	16	339,10.7,2.68,71.4,0,0,0,0,1.8,0,5.36,0,0,,0,,,,,1,.536,,437	1 serving~56|1 package~284
2598314	B	81	371,5.71,1.43,80,0,2.86,.22,0,2.9,0,1.09,3,142,,0,.39,.83	¼ cup~35|1 package~1814
2598307	B	37	92,4.62,1.92,13.8,123,2.31,0,0,4.6,0,1.23,38,146,,0	½ cup~130|1 package~439
2598309	B	5	467,3.33,26.7,60,400,0,10,0,10,0,3.33,27,933,,0	2/3 cup~30|1 package~99.2
2167587	B	104	310,0,0,76.7,0,70,0,0,3.3,0,0,0,117,20,0	1 tbsp~30|1 package~400
2569362	B	54	310,0,0,76.7,0,70,0,0,3.3,0,0,0,117,20,0	1 tbsp~30|1 package~397
1893458	B	19	0,0,0,0,2600,,,,,0	1 tsp~5|1 package~1000
2569375	B	76	90,14.7,2.24,2.56,308,1.28,1.6,26,.6,0,1.15,385,90,,0	1 can~156
2173546	B	14	375,12.5,6.25,67.5,0,0,1.1,0,10,0,4.25,52,362,,0,0,0	½ cup~40|1 package~907
1854817	B	78	125,17.9,5.36,3.57,446,1.79,1.79,80,0,0,1.93,268,,0	1 serving~56|1 package~425
2569378	B	112	214,23.2,14.3,1.79,982,,7.14,116,,0,2.89	1 serving~56|1 package~340
2616523	B	45	116,5.26,.53,21,263,0,0,0,4.2,0,1.89,21,,0,,,,0	½ cup~95|1 package~439
2616526	B	5	500,3.57,28.6,60.7,357,0,3.57,0,3.6,0,1.29,0,714,17.1,,10.7,14.3,0,4.29,,.243	1 serving~28|1 package~99.2
2021983	B	45	84,6.11,0,14.5,137,.76,0,0,4.6,0,1.37,61,,4.6	½ cup~131|1 package~439
2616521	B	45	84,6.11,0,14.5,137,.76,0,0,4.6,0,1.37,61,,4.6,,,,0	½ cup~131|1 package~439
2598310	B	5	400,6.67,26.7,43.3,67,0,13.3,0,33.3,0,3.33,23,250,,0	2/3 cup~30|1 package~99.2
2489015	B	61	333,6.67,4.44,71.1,0,0,0,0,10,0,4.22,0,0,,4.45	¼ cup~45|1 package~4536
2116592	B	112	321,12.5,28.6,3.57,964,1.79,8.93,89,,0,.64,36	1 serving~56|1 package~340
2569351	B	25	54,.85,0,13,11,8.45,0,0,0,0,.08,6,17,,0	1 bottle~355
2653750	B	61	362,6.38,0,78.7,0,0,0,0,0,0,3.19,0,0,,0,,,,6.38,1,,,,,,,2.55	1 serving~47
2268349	B	103	356,4.44,0,77.8,778,2.22,.28,0,2.2,0,2.22,73,169,,0	¼ cup~45|1 package~227
2598304	B	103	356,4.44,0,77.8,778,2.22,.28,0,2.2,0,2.22,73,169,,0	¼ cup dry mix~45|1 package~227
2598311	B	5	500,3.33,23.3,66.7,83,0,10,0,3.3,0,3.33,0,267,,0	2/3 cup~30|1 package~99.2
2623391	B	35	236,29.1,10.9,5.45,345,0,1.82,82,0,0,2.62,109,,0,,,,33	¼ cup~55|1 package~115
2287898	B	76	145,20,5.45,5.45,273,0,.91,82,0,0,2.62,109,,0	¼ cup~55|1 package~115
1855729	B	45	62,3.85,0,10.8,231,0,0,0,4.6,0,.83,15,,0	½ cup~130|1 package~439
2616522	B	45	62,3.85,0,10.8,231,0,0,0,4.6,0,.83,15,,0,,,,0	½ cup~130|1 package~439
1872212	B	67	167,19.4,0,61.1,42,2.78,0,0,38.9,,7.5,111,,0	¼ cup~36|1 package~454
1855704	B	5	500,3.57,28.6,60.7,357,0,3.57,0,3.6,0,1.29,0,714,17.1,,10.7,14.3,,4.29,,.243	1 serving~28|1 package~99
2569368	B	117	41,0,.17,9.66,19,8.28,.17,0,0,0,0,7,34,,0	1 bottle~290
2598305	B	68	356,8.89,0,77.8,1000,0,.28,0,2.2,0,4.44,80,318,,0	¼ cup dry mix~45|1 package~227
2616524	B	5	464,10.7,17.9,64.3,357,0,3.57,0,14.3,0,5.14,71,232,21.4,,,,0,4.29,,.243	1 serving~28|1 package~49.9
2324501	B	76	77,13.6,1.29,3.23,477,1.94,.65,55,.6,0,1.74,323,,0	1 can~155
2014610	B	76	236,21.8,12.7,1.82,636,0,2.73,36,0,0,3.27,364,,0	¼ cup~55|1 package~125
2324500	B	103	308,13.8,.77,63.1,1420,0,0,0,1.5,0,2.22,31,,0	1/3 cup~65|1 package~227
1955415	B	67	184,23.7,0,60.5,0,2.63,0,0,39.5,,7.11,105,,0	¼ cup~38|1 package~340
2381545	B	103	356,8.89,0,77.8,1330,2.22,.28,0,2.2,0,4.44,78,189,,0	¼ cup~45|1 package~227
2598325	B	76	82,12.9,2.35,3.53,471,1.18,1.18,53,1.2,0,1.18,19,282,,1	1 serving~85|1 package~425
2616528	B	76	77,13.6,1.29,3.23,477,1.94,.65,55,.6,0,1.74,323,,0,,,,0	1 can~155
2598324	B	76	291,20,23.6,0,309,0,4.55,100,0,0,1.96,73,255,,2	¼ cup~55|1 package~119
2180052	B	76	77,13.6,1.29,3.23,477,1.94,.65,55,.6,0,1.74,323,,0	1 can~155
2014611	B	76	291,20,23.6,0,309,0,4.55,100,0,0,1.96,73,255,,1.1	¼ cup~55|1 package~120
1661866	B	67	244,22.2,0,62.2,44,4.44,0,0,26.7,,4,44,,0	¼ cup~45
1907276	B	10	42,0,0,10,19,9.58,0,0,.4,0,0,8,,0	8 fl oz~240|1 package~520
2266928	B	76	145,20,5.45,0,191,,1.82,82,0,,3.27,367,311	1½ sardine~55|1 package~425
2456537	B	47	24,.81,0,4.07,28,4.07,0,0,1.6,,.59,49,,17.1	½ cup~123|1 package~794
2642686	B	35	100,0,0,23.3,833,20	2 tbsp~30|1 package~250
2654863	B	54	128,1.6,8,11.2,504,2.4,3.6,24,1.6,0,.29,16,0,,0	½ cup~125|1 package~285
2592525	B	61	360,8,0,80,0,,,,2,,.8	¼ cup~50|1 package~2000
1063415	B	61	356,6.67,0,80,0,0,0,0,6.7,0,.89,2,67,,0	¼ cup~45
2592510	B	35	233,6.67,0,53.3,3930,53.3	1 tbsp~15|1 package~241
2592512	B	35	67,0,0,13.3,9330,13.3	1 tbsp~15|1 package~241
2115160	B	72	56,2.4,1.6,8,38,7.6,.4,0,.4,0,.43,8,,0	1 carton~250
1911122	B	10	60,2,1.8,8.8,40,8.8,.6,0,0,0,.29,8,,0	1 carton~250
2027663	B	48	94,8.24,4.71,2.35,6,0,.59,0,1.2,0,2.12,176,135,0,,1.18,2.94	1 serving~85|1 package~425
2069036	B	72	56,2.8,1.6,8,50,6.4,.4,0,0,0,.72,0,,0,,.2,1	8.45 fl oz~250
2455947	B	48	56,5.56,2.78,1.11,17,0,0,0,0,0,.8,167,178,0,,1.11,1.67	1 serving~90|1 package~567
1766566	B	48	44,4.44,2.22,1.11,0,0,0,0,0,0,.8,22,128,0,,0,1.11	1 serving~90|1 package~567
1864415	B	48	71,8.24,4.12,1.18,0,0,.59,0,1.2,0,1.27,118,129,0,,1.18,2.35	1 serving~85|1 package~425
2115161	B	72	44,2.8,1.6,4.4,24,4,.4,0,0,0,.58,0,,0,,.2,1	8.45 fl oz~250
2622528	B	72	64,1.2,1.4,11.6,52,8.8,.4,0,.4,0,.58,8,,0,,,,0	1 carton~250
1909766	B	72	50,2.92,1.88,5.83,25,5.42,.42,0,0,0,.45,33,125,0,.825,.42,1.04,,,,.177,,,,62,.38,.38	8 fl oz~240|1 package~1000
1954130	B	81	333,13.3,3.33,70,0,3.33,0,0,3.3,,2.4,0,,0	¼ cup~30|1 package~2270
1954127	B	81	324,14.7,2.94,67.6,0,2.94,0,0,5.9,,3.18,0,,0	¼ cup~34|1 package~2270
2489534	B	46	263,5.26,7.89,50.9,404,21,1.75,0,8.8,0,1.26,0,70,10.5,1.75,,,,3.51,0,.298,.351,70,,,,,.877,,,,14	1 serving~57|1 package~227
2490222	B	85	182,7.27,1.82,41.8,255,21.8,0,0,7.3,0,16.4,36,400,54.5,9.1,,,,1.46,0,.309,1.82,,,,5.45,13.6,1.14	1 serving~55|1 package~220
2489535	B	46	175,5.26,3.51,47.4,404,19.3,1.75,0,17.5,0,3.16,35,,10.5,1.75,,,,3.51,0,.298,.351,70,,,,,.877,,,,14	1 serving~57|1 package~227
2489536	B	46	211,5.26,2.63,47.4,404,19.3,0,0,10.5,0,1.26,0,,10.5,1.75,,,,3.51,0,.298,.351,70,,,,,.877,,,,14	1 serving~57|1 package~227
454423	B	25	52,0,0,13,0	3.38 fl oz~100
2403034	B	12	533,60,33.3,0,1800,0,10,100,0,0,7.33,0,133,,0	½ cup~15|1 package~113
1900935	B	0	424,6.06,24.2,48.5,758,0,9.09,0,12.1,0,2.18,0,,0	.12 cup~33|1 package~297
2553130	B	0	679,7.14,57.1,35.7,446,0,7.14,0,7.1,0,1.43,0,143,,0	1 serving~28|1 package~99.2
2194440	B	5	571,7.14,39.3,50,750,0,7.14,0,3.6,0,1.79,36,1250,,0	1 serving~28
1900936	B	0	455,6.06,27.3,45.4,909,0,15.2,0,12.1,0,2.18,0,,0	.12 cup~33|1 package~297
2044142	B	5	536,7.14,32.1,53.6,1000,3.57,8.93,0,3.6,0,1.29,71,,12.9	1 serving~28|1 package~57
1877005	B	5	536,7.14,32.1,53.6,1180,3.57,8.93,0,3.6,0,1.29,0,,12.9	1 serving~28|1 package~57
1911643	B	5	536,7.14,35.7,50,607,3.57,8.93,0,3.6,0,2.57,0,,21.4	1 serving~28
1878655	B	5	535,4.65,34.9,51.2,581,0,10.5,0,2.3,0,1.67,0,,14	1 bag~43
1850777	B	5	536,7.14,35.7,50,857,3.57,8.93,0,3.6,0,2.57,71,,21.4	1 serving~28|1 package~241
1877007	B	5	536,7.14,32.1,53.6,1180,7.14,8.93,0,3.6,0,1.29,0,,21.4	1 serving~28
2535979	B	5	571,7.14,35.7,50,482,3.57,5.36,0,3.6,0,3.57,21,1210,,0	17 chips~28|1 package~128
1881757	B	5	536,7.14,32.1,53.6,1000,3.57,8.93,0,3.6,0,1.29,71,,12.9	1 serving~28
2504442	B	5	571,7.14,35.7,53.6,821,3.57,5.36,0,3.6,0,1.43,0,1180,,0	17 chips~28|1 package~241
2535978	B	12	621,2.82,48,42.4,1470,5.65,12.7,0,2.8,0,.85,85,169,,0	1 bag~35.4
2148906	B	12	536,3.57,35.7,46.4,1570,7.14,5.36,0,3.6,0,0,71,179,,0,8.93,21.4	1 serving~28|1 package~99
2546387	B	5	536,3.57,35.7,46.4,1570,7.14,3.57,0,3.6,0,.36,71,214,,0	27 curls~28|1 package~149
2591353	B	12	607,7.14,46.4,42.9,1140,7.14,12.5,0,7.1,0,1.43,71,321,,0	1½ cup~28|1 package~99.2
2195755	B	5	536,7.14,35.7,50,1540,3.57,5.36,0,3.6,0,1.43,36,1180,,0	1 serving~28|1 package~156
1873968	B	5	536,7.14,32.1,53.6,964,3.57,8.93,0,3.6,0,1.29,0,,21.4	1 serving~28
2195865	B	5	536,7.14,35.7,50,964,7.14,5.36,0,3.6,0,1.43,36,1180,,0	1 serving~28|1 package~156
2504443	B	5	536,7.14,35.7,50,679,3.57,7.14,0,3.6,0,1.43,71,1290,,0	17 chips~28|1 package~128
2449825	B	5	536,7.14,35.7,50,1000,3.57,7.14,0,3.6,0,1.43,71,1210,,0	1 serving~28|1 package~241
2553129	B	0	607,10.7,46.4,39.3,1460,3.57,7.14,18,7.1,0,1.43,143,286,,0	1 serving~28|1 package~99.2
2010545	B	34	250,14.1,6.52,32.6,261,1.09,4.35,27,1.1,0,1.96,326,,2.6	1 serving~92
2400586	B	32	62,.88,3.54,7.08,407,3.54,.88,4,.9,0,.88,28,266,,0	½ cup~113|1 package~680
2400577	B	32	62,.88,3.54,7.08,407,3.54,.88,4,.9,0,.88,28,266,,0	½ cup~113|1 package~680
2175617	B	25	15,0,0,3.51,0,2.92,0,0,0,0,0,0,,1.4	1 serving~171
1965270	B	25	100,0,0,26.7,0,13.3,,,,,,,,24	1 tbsp~15|1 package~355
1965268	B	25	15,0,0,3.51,0,2.92,0,0,0,0,0,0,,2.8	1 serving~171
2175609	B	25	100,0,0,20,0,20,0,0,0,0,0,0,,0	1 tbsp~15|1 package~59
2175616	B	25	15,0,0,4.09,0,2.92,0,0,0,0,0,0,,.7	1 serving~171
2175611	B	25	100,0,0,26.7,0,20,0,0,0,0,0,0,,16	1 tbsp~15|1 package~59
2175615	B	25	100,0,0,26.7,0,20,,,,,,,,16	1 tbsp~15|1 package~355
1950954	B	25	12,0,0,2.92,0,2.34,0,0,0,0,0,0,,3.5	1 serving~171
508799	B	12	435,20,25,50,1500,10,0,5,20,0,5.4,350,,27	1 serving~2
2162722	B	89	153,6.78,11.4,5.51,352,1.27,3.81,32,.4,0,1.14,17,,35.6	1 cup~236|1 package~425
510336	B	30	467,2.67,30,60,1130,33.3,23.3,0,0,3.33,0,0,,0	1 single serve cup~15
1783502	B	41	800,0,93.3,0,0,,13.3,0,,0,,,,,,26.7,53.3	1 tbsp~15|1 package~3000
2476237	B	6	387,4.84,17.7,54.8,548,27.4,3.23,56,1.6,0,1.77,65,48,,15.3	1 serving~62|1 package~680
2427982	B	13	397,8.97,14.1,56.4,122,20.5,,0,7.7,0,2.31,26,0,,0	1 package~78
718990	B	13	423,10.3,19.2,57.7,122,21.8,7.69,0,7.7,0,2.31,26,0,,0	1 package~78
718430	B	13	410,12.8,20.5,56.4,128,23.1,7.69,0,7.7,0,2.77,33,0,,0	1 serving~39
2089876	B	9	421,5.26,21,52.6,386,21,5.26,26,.9,,2.53,70,,0	1 serving~57|1 package~567
457097	B	46	421,5.26,21,52.6,386,21,5.26,26,.9,,2.53,70,,0	1 serving~57
2419697	B	4	421,7.02,21,54.4,386,19.3,6.14,53,0,0,0,60,18,,0	1 cookle~57|1 package~454
2587659	B	68	187,7,7.33,21.3,207,2.33,1.33,6,2,0,1.33,17,191,,0	1 cup~300
2247882	B	121	253,7.33,12.7,26.7,250,1.67,6.33,47,1.7,.33,.67,63,114,,0	1 cup~300
2326705	B	121	203,3.67,10.3,23.7,,0,2.67,18,3.3,0,.17,63,50,,0	1 package~300
2151484	B	121	180,3.67,7.67,23.7,,0,2,13,5,0,.23,50,50,,0	1 package~300
2151857	B	61	220,3.67,14.3,19,,0,4.33,30,2.3,0,.2,83,87,,0	1 package~300
2537791	B	33	203,3.67,10.3,23.7,,0,2.67,18,3.3,0,.17,63,50,,0	1 serving~300
1955419	B	68	250,6.33,12.7,25.7,107,1,3,12,2.3,0,.67,90,90,,0	1 package~300
2537792	B	33	180,3.67,7.67,23.7,,0,2,13,5,0,.23,50,50,,0	1 serving~300
2537789	B	33	190,4,8.33,24.3,,0,2.33,18,3,0,.17,63,50,,0	1 serving~300
2537790	B	33	220,3.67,14.3,19,,0,4.33,30,2.3,0,.2,83,87,,0	1 serving~300
356802	B	14	436,9.09,10.9,74.6,100,25.4,.91,0,5.5,0,2.62,36,,0	½ cup~55
1849767	B	100	125,26.8,1.79,0,321,0,0,54,0,0,.64,0,,0,,0,0	¼ cup~56|1 package~142
2095233	B	2	393,32.1,28.6,0,643,0,21.4,89,0,0,0,1070,,0	1 serving~28|1 package~200
2095137	B	2	393,32.1,28.6,0,643,0,21.4,89,0,0,0,1070,,0	1 serving~28|1 package~80
1907748	B	10	21,0,0,5.42,2,3.75,0,,0,0	8 fl oz~240|1 package~500
1907742	B	10	25,0,0,6.25,2,5.83,0,,0,0	8 fl oz~240|1 package~500
2132892	B	79	250,0,0,50,0,0	1 piece~2
2276613	B	5	464,7.14,17.9,67.9,714,0,3.57,0,7.1,0,1.29,,,0	1 serving~28|1 package~340
2377307	B	2	250,12.5,18.8,3.12,1000,3.12,12.5,62,,0,,62	2 tbsp~32|1 package~340
2479239	B	111	312,6.25,22.7,21.9,445,.78,7.81,23,3.1,0,1.25,47,117,,.3	1 serving~128|1 package~510
2312820	B	2	250,12.5,18.8,3.12,1000,3.12,12.5,62,,0,,62	2 tbsp~32|1 package~435
2194609	B	15	47,3.12,0,9.38,719,6.25,0,6,3.1,0,1.12,0,,11.2	2 tbsp~32|1 package~435
2266404	B	5	464,7.14,17.9,67.9,714,0,3.57,0,7.1,0,1.29,71,,0	1 serving~28|1 package~340
2607309	B	25	42,0,0,8.47,0,6.78,0,0,0,0	1 bottle~59
429869	B	4	489,5.56,22.2,72.2,83,33.3,5.56,0,0,0,2.78,56,,0	4 pieces~18
429239	B	4	489,5.56,22.2,72.2,83,33.3,5.56,0,0,0,2.78,56,,0	4 pieces~18
2554705	B	25	34,0,0,6.78,0,5.08,0,0,0,0,0,0,119,570,0	1 bottle~59
2156820	B	25	42,1.69,0,8.47,0,6.78,0,0,0,0,.61,0,71,15.3	2 fl oz~59
2607312	B	24	11,0,0,2.25,0,1.97,0,0,.8,0,0,2,22,,1	1 can~355
2451621	B	25	42,0,0,6.78,0,,0,0,0,0,0,0,119,132,16.9,,,,,,,,,,,10.2	2 fl oz~59
2554706	B	25	42,0,0,10.2,25,6.78,0,0,0,0,0,0,119,112,16.9,,,,,,,,,41	1 bottle~59
2670216	B	25	59,0,0,15.2,0,8.47,0,0,0,0,0,0,119,,0	1 bottle~59
2607307	B	25	42,0,0,10.2,0,6.78,0,0,0,0,0,0,119,0,0	1 bottle~59
2607310	B	24	13,0,0,2.54,0,1.97,0,0,.8,0,0,2,35,,1	1 can~355
2607311	B	24	11,0,0,2.54,0,1.97,0,0,.6,0,0,2,40,,1	1 can~355
2652235	B	10	42,0,0,8.47,0,5.08,0,0,0,0,0,15,258,23.7,0,,,12	1 bottle~59|1 package~708
2422313	B	59	42,0,0,10.2,0,5.08,0,0,1.7,,0,7,131,298,0	2 fl oz~59
2325522	B	10	59,0,0,13.6,0,10.2,0,0,0,0,,0,119,,0	2 fl oz~59
2393760	B	25	42,1.69,0,8.47,68,1.69,0,0,1.7,,0,0,119,,0	2 fl oz~59
2625978	B	25	34,0,0,8.47,0,8.47,0,0,0,0,0,0,119,8.1,0,,,0	1 bottle~59
2426462	B	150	59,0,0,15.2,0,8.47,0,0,0,,0,0,119,,0	2 fl oz~59
2625980	B	25	42,0,0,8.47,0,6.78,0,0,0,0,0,0,237,203,0,,,122	1 bottle~59
2625979	B	25	25,0,0,5.08,0,5.08,0,0,0,0,0,0,237,6.1,0,,,0	1 bottle~59
2670188	B	25	34,0,0,8.47,0,8.47,0,0,0,0,0,15,200,11.9,0,,,12	2 fl oz~59|1 package~236
2148431	B	10	34,1.69,0,6.78,0,5.08,0,0,0,0,.61,0,280,6.1	2 fl oz~59
2419803	B	10	42,0,0,11.9,0,10.2,0,0,0,,0,8,146,,0	2 fl oz~59
2148278	B	10	42,1.69,0,8.47,0,6.78,0,0,0,0,1.22,34,253,20.3	2 fl oz~59
2069655	B	8	607,7.14,50,39.3,36,21.4,35.7,,7.1,,5.14	1 serving~28|1 package~57
1889660	B	8	607,7.14,50,32.1,36,21.4,50,,7.1,,5.14	1 serving~28|1 package~57
2063763	B	16	351,5.26,1.75,77.2,114,,.35,0,7,0,.63,35,,2.1	1 serving~57|1 package~284
2063762	B	16	361,5.26,1.75,79,119,,.35,0,7,0,.63,18,,1.1	1 serving~57|1 package~227
2069770	B	16	360,7.02,1.75,77.2,133,,.35,0,8.8,0,3.16,158,,1.1	1 serving~57|1 package~227
2063761	B	16	379,5.26,1.75,80.7,128,,.7,0,8.8,0,1.26,18,,3.2	1 serving~57|1 package~227
1904052	B	43	321,10.7,1.79,71.4,1610,28.6,0,0,7.1,0,5.14,71,,129	¼ cup~28|1 package~226
2177485	B	25	11,0,0,2.86,0,2.86,,,,,,,,2.1	1 can~280
2177484	B	25	11,0,0,2.86,0,2.86,,,,,,,,2.1	1 can~280
2177483	B	25	11,0,0,2.86,0,2.86,,,,,,,,2.1	1 can~280
2069657	B	8	679,7.14,53.6,35.7,36,21.4,35.7,,7.1,,6.43	1 serving~28|1 package~57
2115173	B	67	314,7.14,0,78.6,14,0,0,0,14.3,,1.29,0,,4.3	5 ounce~14|1 package~28
2438780	B	104	143,8.57,5.71,17.1,0,,0,0,5.7,,.51	1 serving~35
2438781	B	104	89,10.7,0,14.3,0,,0,0,3.6,,.64,36,,4.3	1 serving~28
2438767	B	104	179,10.7,0,25,0,,0,0,7.1,,0	1 serving~28
2024002	B	23	464,3.57,50,0,1610,0,8.93,54,0,0,0,0,,0	2 tbsp~28|1 package~354
2069779	B	8	550,7.5,35,57.5,450,42.5,17.5,25,2.5,0,.9,200,,0	1 serving~40|1 package~78
2069778	B	8	535,6.98,32.6,55.8,58,39.5,18.6,0,7,0,8.37,47,,2.8	1 serving~43|1 package~85
1897023	B	8	581,4.65,34.9,60.5,0,44.2,18.6,12,9.3,0,6.28,47,,0	1 serving~43|1 package~85
2069777	B	8	558,6.98,39.5,46.5,186,32.6,18.6,0,9.3,0,6.28,93,,0	1 serving~43|1 package~85
1897022	B	1	558,2.33,34.9,58.1,186,53.5,18.6,81,2.3,0,1.67,47,,0	1 serving~43|1 package~85
2061457	B	3	230,5.31,13.3,26.6,71,16.8,3.1,0,2.7,0,1.59,35,,0,,7.08,1.77	½ cup~113
2069677	B	3	220,4.59,11.9,26.6,248,20.2,2.29,0,.9,0,1.65,37,,0,,6.42,2.29	½ cup~109|1 package~473
1896889	B	3	229,4.59,12.8,28.4,468,19.3,2.75,0,1.8,0,1.65,37,,0,,7.34,1.83	½ cup~109|1 package~473
560464	B	52	220,4.59,11.9,26.6,248,20.2,2.29,0,.9,0,1.65,37,,0,,6.42,2.29	½ cup~109
2069678	B	3	220,3.67,11.9,26.6,124,19.3,2.29,0,.9,0,1.65,37,,0,,7.34,1.83	½ cup~109
1938866	B	3	230,5.31,13.3,26.6,71,16.8,3.1,0,2.7,0,1.59,35,,0,,7.08,1.77	½ cup~113|1 package~473
1917140	B	3	167,1.75,4.39,29.8,184,25.4,.88,0,.9,0,.95,53,,1.1,,2.63,.88	½ cup~114|1 package~473
1918285	B	3	216,5.15,14.4,21.6,206,12.4,2.58,0,1,0,1.86,41,,0,,8.25,2.58	½ cup~97|1 package~473
2559797	B	30	28,0,0,.56,3,.28,,,,,,,,5	1 serving~360
2601797	B	7	0,0,0,3.57,1000,0,0,0,0,0,0,0,0,,0	1¼ pickle~28|1 package~710
2601792	B	7	36,0,0,7.14,1040,3.57,0,0,0,0,0,0,0,,0	2/3 spear~28|1 package~710
1870978	B	7	71,0,0,17.9,929,14.3	1 serving~28|1 package~473
1870908	B	7	71,0,0,17.9,607,17.9	1 serving~28|1 package~473
2272100	B	7	67,0,0,13.3,600,13.3,,,,,,,,8	1 tbsp~15|1 package~428
2037978	B	15	0,0,0,6.67,800	1 tbsp~15|1 package~428
2601815	B	7	36,0,0,7.14,607,7.14,0,0,0,0,0,0,0,,0	3 chips~28|1 package~946
2601806	B	7	0,0,0,3.57,607,0,0,0,0,0,0,0,0,,0	3 chips~28|1 package~473
2744636	B	160	36,0,0,7.14,607,7.14,0,0,0,0,0,0,0,0,0,0,0,0	1 serving~28
2746974	B	160	36,0,0,7.14,607,7.14,0,0,0,0,0,0,0,0,0,0,0,0	1 serving~28
2742257	B	160	36,0,0,7.14,607,7.14,0,0,0,0,0,0,0,0,0,0,0,0	1 serving~28
2601832	B	7	36,0,0,7.14,607,7.14,0,0,0,0,0,0,0,,0	1 serving~28|1 package~710
2601789	B	7	36,0,0,7.14,607,7.14,0,0,0,0,0,0,0,,0	2/3 spear~28|1 package~710
2717034	B	160	36,0,0,7.14,607,7.14,0,0,0,0,0,0,0,0,0,0,0,0	1 serving~28
2023086	B	7	71,0,0,17.9,304,17.9	1 serving~28|1 package~768
2601828	B	7	0,0,0,6.67,1600,0,0,0,0,0,0,0,0,,0	1 tbsp~15|1 package~266
2744634	B	160	0,0,0,0,1600,0,0,0,0,0,0,0,0,0,0,0,0,0	1 tbsp~15
2746028	B	160	0,0,0,6.67,1600,0,0,0,0,0,0,0,0,0,0,0,0,0	1 tbsp~15
2023070	B	7	0,0,0,3.57,964	1 serving~28|1 package~768
2022434	B	7	0,0,0,3.57,964	1 serving~28|1 package~768
2037953	B	7	0,0,0,3.57,929	1 serving~28|1 package~768
2037867	B	7	0,0,0,3.57,964	1 serving~28|1 package~768
2745086	B	160	18,0,0,3.57,607,0,0,0,0,0,0,0,0,0,0,0,0,0	1 serving~28
2742255	B	160	18,0,0,3.57,607,0,0,0,0,0,0,0,0,0,0,0,0,0	1 serving~28
2653905	B	7	18,0,0,3.57,607,0,0,0,0,0,0,0,0,,0	2/3 spear~28|1 package~710
2601833	B	7	18,0,0,3.57,607,0,0,0,0,0,0,0,0,,0	1 serving~28|1 package~473
2394062	B	7	18,0,0,3.57,1210,0,0,0,0,0,0,0,0,,0	1 serving~28|1 package~473
2394057	B	7	18,0,0,3.57,1430,0,0,0,0,0,0,143,0,,0	1 serving~28|1 package~1360
2601825	B	7	18,0,0,3.57,1000,0,0,0,0,0,0,143,0,,0	3 slices~28|1 package~946
2744664	B	160	0,0,0,0,1600,0,0,0,0,0,0,0,0,0,0,0,0,0	1 tbsp~15
2601813	B	7	18,0,0,3.57,1250,0	12 pepper rings~28|1 package~355
2746972	B	160	18,0,0,3.57,1250,0,0,0,0,0,0,0,0,21.4,0,0,0,0	1 serving~28
2037972	B	7	100,0,0,20,933,20	1 tbsp~15|1 package~296
2601812	B	7	18,0,0,3.57,1290,0	12 slices~28|1 package~355
2746973	B	160	0,0,0,3.57,1290,0,0,0,0,0,0,0,0,42.9,0,0,0,0	1 serving~28
2119580	B	7	18,0,0,3.57,1710	11 slices /~28|1 package~1800
1856608	B	7	18,0,0,0,1290,0	1 serving~28|1 package~355
2502169	B	7	9,.36,.36,2.14,657,1.07,.36	1 serving~28|1 package~946
2746030	B	160	0,0,0,3.57,750,0,0,0,0,0,0,0,0,0,0,0,0,0	1 serving~28
2745087	B	160	0,0,0,3.57,1000,0,0,0,0,0,0,0,0,0,0,0,0,0	1 serving~28
2742267	B	160	0,0,0,0,1000,0,0,0,0,0,0,0,0,0,0,0,0,0	1 serving~28
2744749	B	160	0,0,0,3.57,1000,0,0,0,0,0,0,0,0,0,0,0,0,0	1 serving~28
2601803	B	7	0,0,0,3.57,1000,0,0,0,0,0,0,0,0,,0	1 pickle~28|1 package~473
2411126	B	7	0,0,0,3.57,821,0,0,0,0,0,0,0,0,,0	1 serving~28|1 package~473
2601804	B	7	0,0,0,3.57,1000,0,0,0,0,0,0,0,0,,0	3 pickles~28|1 package~473
2744641	B	160	0,0,0,3.57,1000,0,0,0,0,0,0,0,0,0,0,0,0,0	1 serving~28
2718538	B	160	0,0,0,3.57,750,0,0,0,0,0,0,0,0,0,0,0,0,0	1 serving~28
2746031	B	160	0,0,0,3.57,786,0,0,0,0,0,0,0,0,0,0,0,0,0	1 serving~28
2734061	B	160	0,0,0,3.57,750,0,0,0,0,0,0,0,0,0,0,0,0,0	1 serving~28
2601808	B	7	0,0,0,3.57,786,0,0,0,0,0,0,0,0,,0	1 serving~28|1 package~473
2601798	B	7	0,0,0,3.57,1000,0,0,0,0,0,0,0,0,,0	3 pickles~28|1 package~710
2737217	B	160	0,0,0,0,750,0,0,0,0,0,0,0,0,0,0,0,0,0	1 serving~28
2394196	B	7	0,0,0,3.57,536,0,0,0,0,0,0,0,0,,0	1 serving~28|1 package~710
2601809	B	7	0,0,0,3.57,643,0,0,0,0,0,0,0,0,,0	2 slices~28|1 package~473
2745536	B	160	0,0,0,3.57,750,0,0,0,0,0,0,0,0,0,0,0,0,0	1 serving~28
2734071	B	160	0,0,0,3.57,750,0,0,0,0,0,0,0,0,0,0,0,0,0	1 serving~28
2601802	B	7	0,0,0,3.57,786,0,0,0,0,0,0,0,0,,0	1 serving~28|1 package~1360
2744660	B	160	0,0,0,3.57,536,0,0,0,0,0,0,0,0,0,0,0,0,0	1 serving~28
2601790	B	5	71,0,0,17.9,500,17.9,0,0,0,0,0,0,0,,0	3 chips~28|1 package~710
2601814	B	7	18,0,0,3.57,1250,0	12 pepper rings~28|1 package~355
2746971	B	160	18,0,0,3.57,1250,0,0,0,0,0,0,0,0,21.4,0,0,0,0	1 serving~28
2744651	B	160	18,0,0,3.57,1680,0,0,0,0,0,0,0,0,21.4,0,0,0,0	12 pepper rings~28
1919202	B	7	18,0,0,3.57,1680	1 serving~28|1 package~3800
2387113	B	7	18,0,0,3.57,1570,0	2 peppers /~28|1 package~355
2744640	B	160	0,0,0,3.57,607,0,0,0,0,0,0,0,0,0,0,0,0,0	1 serving~28
2601829	B	7	0,0,0,0,933,0,0,0,0,0,0,0,0,,0	1 tbsp~15|1 package~266
2737215	B	160	18,0,0,3.57,714,0,0,0,3.6,0,0,0,0,0,0,0,0,0	1 serving~28
2744627	B	160	18,0,0,3.57,1000,0,0,0,0,0,0,0,0,0,0,0,0,0	1 serving~28
2601824	B	7	0,0,0,3.57,1430,0,0,0,0,0,0,0,0,,0	½ pickle~28|1 package~1360
2734062	B	160	18,0,0,3.57,1000,0,0,0,0,0,0,143,0,0,0,0,0,0	1 serving~28
2724202	B	160	18,0,0,3.57,1000,0,0,0,0,0,0,143,0,0,0,0,0,0	1 serving~28
2744629	B	160	18,0,0,3.57,1000,0,0,0,0,0,0,107,0,0,0,0,0,0	1 serving~28
2744626	B	160	18,0,0,3.57,1000,0,0,0,0,0,0,107,0,0,0,0,0,0	1 serving~28
2745530	B	160	0,0,0,3.57,1000,0,0,0,0,0,0,0,0,0,0,0,0,0	1 serving~28
2601793	B	7	0,0,0,3.57,1000,0,0,0,0,0,0,0,0,,0	1 serving~28|1 package~710
1937301	B	7	18,0,0,3.57,893,0,0,0,,0,0,0,0,,0	¼ cup~28|1 package~946
2745533	B	160	0,0,0,0,536,0,0,0,0,0,0,0,0,0,0,0,0,0	1 serving~28
2745535	B	160	0,0,0,3.57,607,0,0,0,0,0,0,0,0,0,0,0,0,0	1 serving~28
2010803	B	7	18,0,0,3.57,321,3.57	1 serving~28|1 package~355
2601831	B	7	18,0,0,3.57,1000,0,0,0,0,0,0,143,0,,0	2 slices~28|1 package~710
2744659	B	160	18,0,0,3.57,1000,0,0,0,0,0,0,143,0,0,0,0,0,0	1 serving~28
2393821	B	7	18,0,0,3.57,821,0,0,0,0,0,0,0,0,,0	1 serving~28|1 package~473
2742264	B	160	0,0,0,3.57,1000,0,0,0,0,0,0,0,0,0,0,0,0,0	1 serving~28
2745085	B	160	0,0,0,3.57,1000,0,0,0,0,0,0,0,0,0,0,0,0,0	1 serving~28
2700038	B	160	54,0,0,10.7,679,10.7,0,0,0,0,0,0,0,0,0,0,0,0	1 serving~28
2744630	B	160	54,0,0,14.3,607,10.7,0,0,0,0,0,0,0,0,0,0,0,0	1 serving~28
2601799	B	7	54,0,0,10.7,679,10.7,0,0,0,0,0,0,0,,0	3 pickles~28|1 package~473
2744639	B	160	36,0,0,7.14,607,7.14,0,0,0,0,0,0,0,0,0,0,0,0	1 serving~28
2744657	B	160	36,0,0,7.14,607,7.14,0,0,0,0,0,0,0,0,0,0,0,0	1 serving~28
2725116	B	160	0,0,0,3.57,750,0,0,0,0,0,0,0,0,0,0,0,0,0	1 serving~28
2746025	B	160	0,0,0,3.57,750,0,0,0,0,0,0,0,0,0,0,0,0,0	1 serving~28
2037784	B	15	0,0,0,3.57,1000	1 serving~28|1 package~473
1870890	B	7	54,0,0,14.3,607,10.7,0,0,0,0,0,0,0,,0	1 serving~28|1 package~473
2744633	B	160	54,0,0,14.3,607,10.7,0,0,0,0,0,0,0,0,0,0,0,0	1 serving~28
2744628	B	160	54,0,0,14.3,607,10.7,0,0,0,0,0,0,0,0,0,0,0,0	1 serving~28
2279329	B	7	54,0,0,14.3,607,10.7,0,0,0,0,0,0,0,,0	1 serving~28|1 package~473
2601819	B	7	0,0,0,3.57,607,0,0,0,0,0,0,0,0,,0	3 pickles~28|1 package~473
2746954	B	160	54,0,0,14.3,607,10.7,0,0,0,0,0,0,0,0,0,0,0,0	1 serving~28
2745532	B	160	71,0,0,17.9,464,17.9,0,0,0,0,0,0,0,0,0,0,0,0	1 serving~28
2601826	B	7	100,0,0,20,933,20,0,0,0,0,0,0,0,,0	1 tbsp~15|1 package~266
2744631	B	160	67,0,0,13.3,933,13.3,0,0,0,0,0,0,0,0,0,0,0,0	1 tbsp~15
2731554	B	160	100,0,0,20,933,20,0,0,0,0,0,0,0,0,0,0,0,0	1 tbsp~15
2744643	B	160	100,0,0,26.7,933,26.7,0,0,0,0,0,0,0,0,0,0,0,0	1 tbsp~15
2746027	B	160	100,0,0,20,933,20,0,0,0,0,0,0,0,0,0,0,0,0	1 tbsp~15
2037829	B	7	107,0,0,25,607,25	1 serving~28|1 package~296
2601791	B	5	71,0,0,17.9,500,14.3,0,0,0,0,0,0,0,,0	3 chips~28|1 package~710
2744646	B	160	0,0,0,0,933,0,0,0,0,0,0,0,0,0,0,0,0,0	1 tbsp~15
2745531	B	160	71,0,0,17.9,464,14.3,0,0,0,0,0,0,0,0,0,0,0,0	1 serving~28
2601816	B	7	125,0,0,32.1,393,28.6,0,0,0,0,0,0,0,,0	1 serving~28|1 package~710
2744635	B	160	125,0,0,28.6,393,28.6,0,0,0,0,0,0,0,0,0,0,0,0	1 serving~28
2745529	B	160	0,0,0,3.57,1000,0,0,0,0,0,0,0,0,0,0,0,0,0	1 serving~28
2601796	B	7	0,0,0,3.57,1000,0,0,0,0,0,0,0,0,,0	1 serving~28|1 package~710
2601811	B	7	0,0,0,3.57,1000,0,0,0,0,0,0,0,0,,0	2 slices~28|1 package~473
2744642	B	160	0,0,0,3.57,1000,0,0,0,0,0,0,0,0,0,0,0,0,0	1 serving~28
2601801	B	7	0,0,0,3.57,1000,0,0,0,0,0,0,0,0,,0	½ pickle~28|1 package~1360
2022460	B	7	0,0,0,3.57,964	1 serving~28|1 package~768
2597121	B	7	0,0,0,3.57,1070,0,0,0,0,0,0,0,0,,0	1½ slices~28|1 package~473
2491117	B	24	21,0,0,5.42,0,5.42,,,,,,,58,10,,,,,1.67,,,.167,,,,.5,,.417	8 fl oz~240|1 package~591
2048761	B	8	459,4.5,19.9,64.4,,,,,2.1	1 serving~100
2585574	B	24	16,.67,0,3.41,0,3.01,,,,,,,,40,,,,,,,,,,,,1.6	1 bottle~375
2585575	B	24	16,.67,0,3.41,2,3.01,,,,,,,,40,,,,,,,,,,,,,,1.33	1 bottle~375
2585576	B	24	16,.67,0,3.41,2,3.01,,,,,,,,40,4,,,,,,,,,,,,,,0	1 bottle~375
2520735	B	58	455,9.09,27.3,54.6,788,0,21.2,0,9.1,0,3.27,0,273,0,,1.52,3.03	2 tbsp unpopped~33
2520741	B	58	441,8.82,26.5,52.9,706,0,2.94,0,8.8,0,3.18,0,279,0,,17.6,5.88	2 tbsp unpopped~34
2214494	B	0	441,5.88,26.5,52.9,882,0,20.6,0,8.8,0,2.65,0,0,,0,1.47,2.94	2 tbsp~34|1 package~227
2742028	B	58	457,8.57,25.7,54.3,686,0,22.9,0,8.6,0,2.57,0,0,0,0,1.43,1.43,0	2 tbsp~35
504354	B	0	300,10,3.75,72.5,0,,0,0,15,0,4.5	3 tbsp~40
1898699	B	8	481,3.7,29.6,59.3,296,50,16.7,37,0,0,.67,185,,11.1	5 pieces~54
2157656	B	43	333,22.2,0,66.7,3780,0,0,0,0	1 tsp~4.5|1 package~340
2507360	B	10	58,0,0,14.2,10,10,0,0,0,,.21,,171,25	8 fl oz~240
2660336	B	40	250,0,0,75,0,75,0,0,0,0,0,0,0,,0	1 tsp~4|1 package~65
2420176	B	40	333,0,0,100,0,100,0,0,0,0,0,0,0,,0	1 tsp~3|1 package~55