10001210353	149231
10010374011943	330829
10010374770703	339097
10011100044143	319188
10013087216483	240514
10013087241973	240528
10013087556893	240519
10013800303773	229570
10016000133263	55304
10016000167763	253519
10016000502373	118606
10016000508023	47372
10016000509563	118584
10016000529813	118581
10018000381873	252341
10019320001823	238581
10021881030563	63068
10022000244533	186329
10027000305543	203307
10028989977653	216873
10030100010323	165290
10030100202483	165877
10030100216183	166217
10030100221453	165395
10030100281013	166043
10030100341403	165313
10030100460463	165390
10030100800313	165302
10030100802003	165317
10030100802263	165316
10031602060533	328426
10033547016613	219171
10033547066663	219162
10033547206663	219182
10033547946163	4737
10034500460153	180532
10034500460313	180522
10035038043603	167594
10035038045003	273991
10035038045133	273972
10035038046253	273994
10035038051103	342537
10035038061003	273982
10035200265673	54749
10037600087763	183186
10038034212073	39744
10038034431603	39761
10038034435403	39756
10038034504703	39803
10038034524503	39718
10038034525203	39715
10038034546703	39775
10038034557303	39687
10038034564103	39673
10038034570203	39767
10038034583203	39813
10038034626603	39827
10038034710203	39754
10038034720103	39745
10038057309583	319658
10038057404943	319662
10038057409283	319644
10038057409313	319653
10038057417103	319645
10038057616353	319646
10039400011993	44527
10039400012013	44525
10039400013713	44547
10039400016103	44658
10039400016493	44598
10039400017063	44714
10039400017353	44569
10039400017483	44614
10039400018053	44653
10039400018183	44682
10039400018633	44700
10039400018923	44577
10039400106743	44629
10041460201993	253287
10041460202693	253209
10041460202723	253207
10041460401263	253237
10041460941103	253266
10041460941523	253259
10041460942933	253271
10041460944203	253242
10041460945873	253216
10041460964683	253240
10041460994123	63091
10041500012763	103841
10041500955923	103858
10044276037503	179491
10047500003213	40911
10047500017173	40902
10047500017593	40901
10047500018453	40888
10049485052323	162146
10049485054013	162219
10049485056703	162212
10049485056833	162152
10050000351203	61867
10051000041453	47635
10051000081633	47744
10051000138023	348575
10051000153163	348543
10051000191233	47739
10052603042823	243280
10054500167203	21328
10056210055023	51550
10070221009943	238531
10070222529723	315857
10070222573733	137807
10070222574273	137822
10070222639583	315848
10070222973823	137816
10070233007463	216916
10070233007623	216928
10070233008903	216922
10070247140873	92245
10070247193763	92124
10070462001843	322571
10070753211463	62549
10070900401433	259052
10071078110493	37759
10071078110653	37772
10071078111353	37765
10071078114453	37711
10071078755533	37700
10072180685923	30125
10072180690743	213858
10072180691443	213857
10072180731583	336305
10072180783643	336302
10072940761003	280530
10075265807043	245118
10075391001353	243679
10075391017163	243887
10075391966263	156151
10075391971533	243750
10077387125623	331937
10077387126163	331968
10077387126583	331959
10077900196123	159754
10077900221153	159698
10079618321453	69552
10082592630763	221563
10084059000553	109088
10094562053533	252847
10094562066663	252232
10094562080263	252213
10094562109223	252597
10094562321083	252533
10096068983	239590
10101800973	83776
10120773	323897
10126445203	265101
10187004913	216910
10288031023	124940
10288031573	124949
10300000303	75045
10300064213	85280
10300102793	85267
10300338253	85309
10300348993	85266
10300808923	85235
10300843313	85256
10300866053	85274
10300882183	85262
10300894483	85246
10300933663	85273
10300942153	85307
10315944173	219046
10339338033	28071
10374162013	330814
10374162723	330799
10374220003	330794
10374327443	330788
10374408883	330796
10374551503	330807
10374925403	330806
10374945173	49790
10405011143	83418
10438183	170884
10449458553	75287
1050000351203	61747
105200923	179210
10532107153	205331
10532409073	278518
10532568343	205330
10532626753	79629
10532714153	119649
10596102873	80112
10616952130053	239516
10616952160043	35743
10616952200053	239525
10616952210083	239523
10616952410063	25516
106313	229492
10642205008923	49502
10642205035103	49551
10642205561343	146732
10693392000153	86938
10693392000443	86979
10693392002973	86927
10693392003123	86964
10693392003253	86967
10693392003413	87007
10693392005783	86998
10693392005813	86992
10693392006063	86960
10693392006933	86965
10700062253	139533
10700102003	161270
10700153173	161286
10700507013	365104
10700529893	161247
10700529923	161288
10700556943	161213
10700702593	161258
10700702913	161292
10700703613	161345
10700804273	373403
10700808493	247144
10700858443	161252
10700858443	161296
10700859143	161315
10700879813	365095
10700986153	161247
10706574622323	190088
10706574641423	45490
10706574647883	190075
10706574675763	190082
10706574695433	190077
10706574716053	190050
10706574757803	190073
10706574778693	190112
10706574934563	45481
10706574978673	190104
10706574978963	190049
10706574983363	190110
10706574996653	190130
10706574997803	190124
10706574998503	190135
10711575007123	288129
10721582121873	252585
10721582134453	252565
10721881030463	63062
10721881080673	18479
10721881200323	63102
10721881201733	253196
10721931000743	38426
107273	339892
10736490011123	287776
10736490032173	287775
10736490064143	287795
10736490998233	257096
10742041643	363896
10754498202053	253202
10764014613553	7443
10815294000103	106920
10823056876163	44310
10823056878303	44318
10851729003813	215856
10851741008483	188205
10852777003053	326613
10852777007723	326643
10857484006403	347479
10858864004323	22598
10878996213	187800
10882266100673	250093
10882266100703	250093
10882266110023	250094
10886476006633	257319
10886476006923	257320
10904012733	156882
109161473	192340
10944000025403	238631
10978200593	278811
10978300033	278827
10995305653	145678
11008605203	21878
11021773	13196
11100829903	319159
111048403	48612
11110000453	259551
11110001313	176857
111100024473	300352
11110002723	261343
11110002853	261362
11110003003	20820
11110003393	175855
11110004543	260267
11110004963	175295
11110006363	175401
11110006493	66515
11110006783	176849
11110006943	177009
11110007803	176276
11110008343	176653
11110008633	176191
11110013873	300407
11110014023	175599
11110015693	176525
11110016973	176969
11110017383	177266
11110017413	153646
11110018373	175492
11110018533	261429
11110018663	261333
11110018793	176480
11110018953	261428
11110019073	103129
11110019783	176434
11110019943	260241
11110020253	259848
11110021113	260297
11110021243	176126
11110021373	175519
11110022103	260045
11110023513	259971
11110023643	260166
11110024183	177017
11110024473	299591
11110024503	300442
11110024633	135115
11110024763	300130
11110024893	103125
11110025203	175673
11110025463	176204
11110025623	260237
11110026323	175747
11110027573	331752
11110028013	174952
11110029133	299692
11110029973	176829
11110030443	177369
11110031273	299851
11110031853	259650
11110032393	299533
11110032683	300435
11110032713	176003
11110033383	259613
11110033413	260212
11110035073	300064
11110035493	300276
11110035523	299780
11110035943	175837
11110037503	177181
11110037763	174990
11110037923	300080
11110038043	175833
11110038173	299877
11110038333	300060
11110038463	217833
11110038753	299709
11110039163	299515
11110041623	177249
11110042453	175454
11110043443	259994
11110043573	300089
11110043863	216516
11110044273	299973
11110044433	177215
11110045003	299703
11110045683	20882
11110045843	175558
11110047823	176557
11110048073	175744
11110049063	177079
11110049193	259860
11110049643	300441
11110053763	300204
11110055293	259746
11110058553	177194
11110059383	260280
11110063953	176342
11110064783	299753
11110071743	259845
11110072153	175949
11110072603	176554
11110073723	300245
11110076663	259670
11110077783	176522
11110080493	175267
11110080523	176254
11110082053	175540
11110082633	300061
11110082923	20778
11110083333	299589
11110083883	259563
11110083913	259554
11110084293	299938
11110085023	260224
11110085283	175236
11110085733	175489
11110086143	300288
11110086273	300294
11110086563	177073
11110086853	170242
11110088093	175890
11110088253	260168
11110088383	260190
11110089663	176673
11110090683	175968
11110090843	177091
11110090973	176796
11110091253	175245
11110091833	175626
11110091963	299637
11110092083	175110
11110092533	299998
11110092663	299841
11110093493	300292
11110093523	300158
11110093653	176472
11110093813	176426
11110094353	174981
11110094643	176195
11110094773	176335
11110094803	177305
11110095183	259943
11110095343	175324
11110095503	176661
11110095763	259575
11110096043	299844
11110096623	176053
11110098153	175657
11110098443	176094
11110099433	260146
11110099693	175545
11110100023	300261
11110100283	176452
11110101013	260140
11110101303	300165
11110102263	175468
11110103093	300021
11110103703	176817
11110104403	176553
11110105493	299830
11110107053	175103
11110108883	177231
11110109453	259941
11110109613	177240
11110110183	176819
11110110213	177259
11110110923	104899
11110111043	104940
11110111173	104861
11110111333	104901
11110111753	104876
11110113863	104881
11110114273	175417
11110114723	175562
11110115973	176263
11110116253	174950
11110117113	304295
11110117243	259944
11110117823	176044
11110118073	175873
11110118493	176339
11110119353	300399
11110119773	176101
11110119803	173412
11110120083	175543
11110120243	175292
11110120403	176540
11110122063	300348
11110122513	175690
11110122933	304269
11110123183	304273
11110124173	300436
11110124203	300401
11110127433	175291
11110131713	175200
11110135063	259711
11110158543	176581
11110166333	175120
11110180063	175961
11110181633	175427
11110182463	177014
11110182753	300102
11110184153	20867
11110190963	300161
11110198693	177116
11110201713	259855
11110207883	300233
11110210173	260063
11110210203	260060
11110220233	260179
11110220363	259545
11110221223	175848
11110221483	176870
11110262653	20861
11110263353	20818
11110268273	155540
11110269973	260170
11110270573	20883
11110270863	104013
11110422873	217601
11110423153	175715
11110428523	299490
11110452313	175224
11110453273	175085
11110457233	260070
11110458773	177323
11110461643	176382
11110489913	176746
11110490483	30328
11110502063	176723
11110502223	170240
11110502643	217595
11110502773	174944
11110503053	176248
11110503183	175639
11110503343	176301
11110504593	103162
11110504753	175918
11110504913	176336
11110505743	174878
11110507013	175016
11110507143	175223
11110507273	176995
11110507563	175617
11110514783	259783
11110515063	175621
11110529343	175598
11110529473	175612
11110531513	64641
11110533623	64635
11110578693	176055
11110583413	260273
11110586483	176302
11110587213	176305
11110587343	176431
11110587473	174968
11110598073	177109
11110599353	175497
11110599643	176938
11110601643	176608
11110602923	177202
11110603043	300231
11110603173	260211
11110603593	177212
11110604293	299951
11110609823	176693
11110611123	176920
11110611383	299634
11110611413	300136
11110612113	175211
11110612373	175869
11110613103	259979
11110617743	20767
11110621863	259654
11110626943	174984
11110627353	259676
11110627803	259890
11110634603	259569
11110653703	76372
11110653833	20829
11110655813	76379
11110658463	104874
11110658593	104867
11110660893	176603
11110663993	176069
11110668523	175850
11110674593	175045
11110677273	176458
11110700063	142074
11110708793	175663
11110712363	175091
11110717863	176154
11110725653	176577
11110728753	177047
11110728913	175090
11110734853	175344
11110734983	175272
11110740373	260058
11110740403	260200
11110745033	176538
11110763273	175521
11110766533	175255
11110783103	299897
11110784063	300429
11110785053	300254
11110786043	177339
11110786173	175142
11110786333	176477
11110786623	300263
11110787293	176991
11110788283	299865
11110788863	176645
11110788993	299931
11110789693	176396
11110789853	300431
11110790453	300398
11110790613	299885
11110790903	176634
11110791313	300227
11110796493	176148
11110801173	299659
11110801203	175697
11110802163	259949
11110802323	175561
11110804723	299945
11110806253	175401
11110806543	300333
11110807533	177069
11110807663	177314
11110808783	299944
11110809193	260072
11110809353	175694
11110810113	176406
11110810793	177208
11110811493	175051
11110812483	177088
11110814173	176163
11110816443	299900
11110816573	177159
11110816603	177159
11110817013	175213
11110817303	259897
11110818133	177148
11110818423	259821
11110820143	176409
11110822963	259720
11110823083	176893
11110823403	261319
11110823533	175530
11110824523	177126
11110824943	261384
11110825063	300029
11110825223	299644
11110826053	261379
11110826473	176209
11110826503	177198
11110826763	175788
11110828033	261328
11110828323	177374
11110828453	176531
11110828903	174916
11110829023	175857
11110829733	261379
11110829863	300042
11110830043	177058
11110830333	176222
11110830753	142062
11110831293	175550
11110831323	175549
11110832573	174876
11110832733	259798
11110832993	299842
11110833303	176878
11110836083	300206
11110836953	175281
11110837073	177156
11110837103	177247
11110837653	175628
11110837813	176892
11110837943	331755
11110838063	175998
11110838353	261372
11110838513	175537
11110839213	175375
11110840073	176890
11110840493	299853
11110841643	270250
11110842053	175729
11110844033	299499
11110845023	176175
11110845313	300218
11110846143	259604
11110846303	176439
11110847003	300375
11110847423	217587
11110847713	176323
11110848093	176805
11110848253	175429
11110848673	176324
11110849083	177114
11110849373	299733
11110849403	300225
11110849953	299680
11110850003	175072
11110850423	175401
11110850553	175406
11110850713	175683
11110851093	259956
11110851123	175408
11110851543	177005
11110851673	174919
11110851703	176564
11110851963	177082
11110852083	176749
11110852793	176297
11110853073	177002
11110853103	177328
11110854193	175528
11110854513	175039
11110855923	177091
11110856593	259880
11110856753	177252
11110857323	300382
11110858153	259869
11110858603	259838
11110858733	175904
11110859723	175084
11110860323	302110
11110860903	175049
11110861153	176595
11110861573	299648
11110861993	176673
11110862563	299715
11110862983	174908
11110863133	299986
11110863263	259997
11110863553	142031
11110864123	175723
11110864543	176550
11110864963	177026
11110865113	176834
11110865823	176998
11110866103	175464
11110866783	177269
11110866943	177256
11110867063	259934
11110867353	261365
11110867643	176006
11110868053	177015
11110868503	176328
11110870193	176234
11110870933	142050
11110871183	300032
11110871473	299855
11110871503	299857
11110871763	259662
11110871923	176729
11110872203	175366
11110872623	176196
11110872753	177175
11110872883	259935
11110872913	259742
11110874733	175982
11110874863	259594
11110875013	177280
11110875303	175456
11110875723	176379
11110876713	7816
11110877093	142054
11110877703	175797
11110878083	260253
11110878243	176406
11110878403	176671
11110878823	176417
11110878953	299552
11110879233	299777
11110879363	259865
11110879783	300247
1111088133	176812
11110881373	177262
11110881373	177262
11110882103	175832
11110882233	175503
11110883803	176263
11110884893	260011
11110886293	289983
11110886323	175851
11110886453	175654
11110887153	176598
11110888013	176982
11110889843	175104
11110890313	259815
11110890573	175522
11110891273	259806
11110891303	299863
11110891563	261396
11110893123	175966
11110893253	176784
11110893383	259903
11110893413	299810
11110893703	175871
11110894533	177349
11110894953	299710
11110895103	175671
11110895943	175904
11110896223	176910
11110897763	177018
11110897923	175676
11110898333	175904
11110898623	176383
11110898753	175677
11110900173	176299
11110901583	176892
11110903143	299871
11110903983	176363
11110904003	261404
11110904263	175031
11110904423	259623
11110904553	299845
11110905673	176915
11110907073	175395
11110907653	175038
11110908063	300269
11110910363	175769
11110910493	105868
11110911513	300341
11110914613	176580
11110914873	175781
11110915443	105871
11110917003	299824
11110961563	331736
11110963253	260285
11110963543	175136
11110966353	142485
11110966643	142504
11110966773	142499
11110966803	261323
11110967923	300238
11110968333	300141
11110968753	175947
11110969293	259578
11110969903	300372
11110970053	176166
11110970343	175963
11110971913	175976
11110972613	175402
11110972743	175478
11110974433	142515
11110975683	175940
11110977243	175088
11110979933	175947
11110980243	176918
11110993793	176802
111113636243	119310
11115002063	351295
11115178003	260948
111301263	48613
11140104213	149598
11140104763	149614
11140106903	149629
11140107573	153770
11140107603	153771
11140108853	153681
11140108853	153778
11140871023	149613
11141103543	83424
11141103543	83432
11141103673	83452
11141103673	83453
11141106483	83444
11150000543	277244
11150001113	277026
11150001663	276778
11150001953	276206
11150010283	277085
11150015233	276367
11150017183	276198
11150021043	302008
11150021753	276173
11150022903	276885
11150027823	276434
11150031363	277071
11150032803	277072
11150040273	301915
11150040433	276307
11150041423	276899
11150046183	276446
11150046213	276869
11150046343	276425
11150056403	276741
11150059053	302017
11150065313	276744
11150065993	276801
11150069373	277004
11150070263	276807
11150073523	276382
11150080293	276939
11150083263	276521
11150083423	276675
11150083553	277189
11150083973	276672
11150084093	276673
11150088763	277066
11150091053	277144
11150092913	276989
11150100533	277215
11150110013	276668
11150110273	276555
11150110303	276659
11150110433	276928
11150111683	276240
11150114493	276239
11150121613	276331
11150121743	276798
11150152143	276994
11150161343	276582
11150163903	277173
1115016423	276400
11150164313	277111
11150164603	277114
11150164863	277054
11150165723	277138
11150183963	197708
11150189163	276464
11150199513	277204
11150214803	276761
11150224543	276899
11150224673	277278
11150224833	276898
11150225083	277231
11150227353	276222
11150231923	276791
11150247283	277010
11150253543	276599
11150253673	276960
11150264853	277295
11150270243	277253
11150272513	276933
11150275323	276833
11150294713	277217
11150299183	276658
11150299213	276657
11150300353	277128
11150301343	276385
11150301473	276502
11150301893	276536
11150480543	276208
11150501583	276229
11150501903	277242
11150502023	276700
11150502993	276486
11150506373	276851
11150507523	301992
11150507653	276720
11150511193	276812
11150527323	276829
11150527613	276566
11150537933	276895
11150538053	276241
11150545273	276253
11150548953	277301
11150570213	276268
11150571043	277300
11150572293	277214
11150572453	276507
11150584753	277032
11150584913	276643
11150585033	276713
11150590143	301949
11150590983	276827
11150591003	276273
11150602303	276323
11150734523	276155
11150734783	301930
11150734813	276932
11150785013	276959
11150895903	276541
11150900003	276275
11150939713	277178
11150939843	276429
11150940023	276982
11150949583	276442
11150949873	276972
11150949903	276621
11150950213	276209
11150950343	276687
11150980593	276605
11150980623	276533
11150980753	276301
11150980913	276575
11150981323	277002
11150981613	277294
11150982283	301970
11150982443	301917
11150982573	276811
11150982733	276820
11150991193	277057
11150992473	276947
11150992763	276970
11150998413	277245
11150999373	276287
11150999403	276943
11152038513	159318
11152046983	371014
11152047393	159309
11152047423	159309
11152083353	168848
11152094113	362072
11152097923	159319
11152121383	159320
11152122793	362086
11152152783	81487
11152198903	81532
11152202563	7627
11152205083	362078
11152225623	168934
11152225753	159308
11152241173	81519
11152263373	168609
11152285863	228996
11152414553	362084
11152421193	262825
11152421223	262829
11152436883	262827
11152443683	81504
11152472843	81494
11153048573	101341
11153048603	101219
11153083093	101217
11153091463	101298
11153092903	101277
11153241783	101349
11153268223	101226
11153289303	101297
11153293263	101249
11153294543	101251
11153296103	101351
11153310823	249193
11153960783	101252
111553	339540
11156050993	328958
11156050993	328958
11156059453	328954
11156060343	328950
11156060343	328951
11162102303	218420
11162111893	218416
11162120123	218418
11167041843	272497
11167046213	80100
11167081023	189593
11167431163	272496
11172777263	229920
111822655573	30750
11182408553	169645
11193131013	249717
11194370473	322307
11194370893	322333
11194371043	322322
11197136773	359257
11206000343	63334
11206005003	303797
11206011653	303796
11206018003	303795
11210001343	324125
11210007703	324146
11210007703	324147
11210009103	324164
11210097513	324133
11211003643	226422
11212000603	353490
11213007083	309910
11213007403	310184
11213007793	310001
11213011363	309930
11213011493	309879
11213011523	309871
11213011783	310170
11213013343	309558
11213013473	309886
11213013503	309343
11213013763	310507
11213014333	309995
11213014463	310114
11213014883	309902
11213015033	309725
1121301513	310160
11213015743	309529
11213016993	310288
11213017013	310291
11213017563	310436
11213017693	310534
11213019383	310505
11213019703	309921
11213019833	310028
11213020273	309406
11213020303	310083
11213020983	309670
11213022123	310427
11213022253	310023
11213022673	309523
11213023403	309756
11213024233	309556
11213024363	309773
11213024493	310497
11213024783	310208
11213024943	310428
11213025643	309508
11213025773	309337
1121302613	310029
1121302653	309504
11213026763	310073
11213027173	309783
11213027203	309737
1121302733	310501
1121302783	309526
1121303013	309668
11213030173	309668
1121303143	310121
11213031453	310120
11213031583	309649
11213031743	309847
11213032023	310131
1121303203	310262
1121303273	310259
11213033433	309460
11213033563	309392
11213036243	309482
11213037493	309843
11213037523	310343
11213037783	309867
11213039183	310531
11213039893	310310
1121304193	310254
11213041933	310253
11213052823	309928
11213053943	310024
11213054643	310509
11213056043	309801
11213059143	310273
11213059303	309941
11213059853	309908
11213059983	310313
11213060323	310033
11213065533	309785
11213065793	309714
11213070933	309888
1121307163	309507
11213071633	309507
11213071763	310108
11213072463	309672
11213073743	310458
1121307483	310034
11213074863	310442
11213074993	310441
11213075013	310448
11213075563	309487
11213079363	310429
11213082943	309580
11213083223	309793
11213083483	310033
11213083803	310268
11213084213	309947
11213085203	309366
11213085463	309734
11213086163	310243
11213086323	309669
1121308703	310453
11213087573	309501
1121308763	309435
11213088723	310472
1121308893	310180
11213093543	309798
11213101583	310200
11213105543	309574
11213105673	309574
11213105833	309816
11213146713	310035
1121314713	310533
11213147253	309587
11213147543	309956
11213150253	309584
11213162133	310380
11213162263	309838
11213162973	310217
11213164083	309787
11213167893	309447
11213167923	309510
11213169033	309455
11213172293	309423
11213173863	310246
11213181103	309863
11213181523	310093
11213191003	309762
11213191133	309432
11213191423	309549
11213250823	310004
11213252063	310411
11213252223	310016
11213256313	309959
1121325633	310032
11213263663	310204
1121335483	309842
1121335723	309629
1121335733	309445
11213380803	310057
11213380933	310012
11213382043	310340
11213386423	310094
11213387963	309420
11213392523	310207
11213425573	309840
1121345403	310300
11213454603	310311
11213491943	310256
11213515083	309364
11213515113	310099
11213515243	309731
1121352353	309340
11213523583	309338
11213860343	310131
11213899763	310266
11213900773	310272
11213900803	310079
11213903033	310423
11213903323	310284
11215317623	323052
11215318453	323059
11215324713	226417
11215326403	323038
11215327363	323038
11215340133	58358
11215393603	323038
11215669753	138338
11225034053	370085
11225039683	370093
11225074943	349110
11225080593	349096
11225093173	349075
11225107283	349116
11225113543	38683
11225122293	230346
11225122323	230342
11225646423	349092
11233077073	234556
11233077073	324293
11233077233	234555
11233087393	324297
11233490223	324311
11246201533	274316
11246230533	274339
11246269533	274243
11246449553	274283
11246459873	274248
11246537533	274278
11246574873	274366
11246671923	274357
11246701033	274302
11246750833	274364
11246980353	274254
11246997153	274324
11251022543	57613
11251027043	57614
11251061023	57599
11259801133	325784
11259902083	325793
11259904223	325783
11259906463	325783
11259906623	325778
11259906753	325787
11261221073	57571
11261248063	57563
11274000863	160085
11274001013	160073
11274007343	160086
11284003113	160120
11284115403	160121
11284241003	160102
11291022343	264709
11300016103	39057
11300071393	39326
11300078163	39237
11300111433	39356
11300121463	39225
11300122583	39113
11300130793	39052
11300144363	39329
11300157103	39245
11300170713	39291
11300407093	39236
11300580703	39064
11300620713	39291
11300660733	39303
11300740213	39220
11300820793	39053
11347100063	68683
11368002223	70751
11368002223	70765
11368002353	70762
11384160013	371043
11384170043	371047
11384206513	373861
11433031233	72253
11433071253	72215
11433100083	72259
11433112963	72201
11433113403	72248
11433113793	72228
11433113823	72268
11433113953	72266
11433115193	72300
11433117203	72237
11433119733	72209
11433135573	72304
11433156073	214474
11433156103	214475
11433156363	72233
11433157933	214477
11433159753	72200
11535500323	365727
11535500743	365802
11535500903	365671
11535501153	366023
11535504413	365985
11535504833	365832
11535504963	365920
11535505083	365964
11535505663	365835
11535505793	365868
115418008323	277524
11547810243	194718
11558220123	71397
11594100373	334712
11594100533	334701
11594160063	138345
11594202213	334710
11594404013	138347
11643090013	262957
11658010273	232711
11677005373	350844
11711552603	205591
11747233163	80195
11797173	277702
11822000123	30578
11822001243	30528
11822037693	30226
11822111843	300459
11822262743	30587
11822289313	84457
11822289733	84473
11822337533	30793
11822353663	273619
11822354493	273637
11822378413	273609
11822397483	273601
11822397513	67249
11822446143	30557
11822457323	30699
11822496513	30592
1182251423	300458
11822523493	30677
11822523653	30719
11822545433	273603
11822547383	273628
11822547413	273595
11822552363	30549
11822583213	333937
11822583343	333959
11822583633	79347
11822583763	79367
11822583893	79393
11822584043	79370
11822584173	30521
11822584333	79349
11822584463	19114
11822584593	30729
11822584623	30761
11822584753	30625
11822584913	30551
11822585033	30717
11822592123	273591
11822599313	30781
11822617093	30654
11822617253	30803
11822644723	30548
11822655033	30576
11822664653	273622
11822664943	30753
11822683593	30600
11822734073	30622
11822734523	30633
11822735643	30530
11822748773	30712
11822794633	30695
11822882293	273613
11822898973	30714
11822941853	273620
11822995023	30662
11822996013	30608
11822997713	30798
11822998703	30704
11822999823	30675
11826100683	350131
11826110033	350138
11826400103	350143
11863109403	283873
11863118733	283855
11896000043	159588
11896008353	159579
11924120033	51382
11931000083	79138
11984011463	172575
11984012033	172587
119993	340687
12000000133	248961
12000002243	218811
12000003103	249033
12000005923	218744
12000008313	75756
12000008603	41175
12000008993	219196
12000012693	188046
12000012693	188047
12000013843	188046
12000014093	248971
12000014253	248957
12000015243	75758
12000017223	187971
12000017513	196839
12000021183	11264
12000021633	249089
12000021763	75753
12000023323	249051
12000025853	249044
12000025853	249048
12000027543	249051
12000030673	248968
12000033773	249062
12000038013	218835
12000038013	218844
12000038983	11275
12000039263	41132
12000041433	313163
12000042393	313098
12000042423	313029
12000042713	41139
12000043123	218796
12000044953	312973
12000046513	313127
12000064623	313534
12000080333	155033
12000101793	249025
12000107023	219193
12000110443	218763
12000110443	218786
12000110993	41151
12000111013	75756
12000111303	248957
12000112263	75769
12000130823	295078
12000140303	187972
12000140853	187971
12000140983	295069
12000141133	249032
12000141393	218744
12000141553	295069
12000141713	295064
12000141843	343223
12000142093	263248
12000150173	295069
12000150623	249060
12000150753	188120
12000150753	188168
12000151163	218760
12000151743	313001
12000151873	75736
12000152153	13915
12000152283	248956
12000152733	188030
12000153143	313135
12000153273	188107
12000160103	313086
12000160103	313086
12000161063	75756
12000161353	41180
12000161933	312973
12000162763	184443
12000162893	263248
12000163463	249014
12000171093	312920
12000171383	43230
12000171413	43215
12000172373	249038
12000172663	218701
12000173523	75761
12000180323	218766
12000180583	218725
12000180613	218726
12000181443	313115
12000181993	248998
12000181993	249000
12000182853	263257
12000184093	43250
12000184673	249057
12000191503	188165
12000193873	188165
12000193873	188165
12000194153	295054
12000201233	75768
12000201233	295062
12000202933	313084
12000203183	218741
12000203183	218807
12000205323	218776
12000205583	79615
12000205613	226532
12000206153	263251
12000206603	218709
12000206863	43228
12000207273	249059
12000210013	249081
12000210563	188112
12000212093	58133
12000213533	263250
12000213663	218710
12000213663	218711
12000214073	218754
12000214233	295079
12000220203	218816
12000220203	218875
12000220623	218728
12000220623	218734
12000220913	218827
12000221583	313530
12000221583	313534
12000221613	313525
12000221613	313529
12000221903	274641
12000223013	218860
12000223303	218716
12000223563	218849
12000286193	263269
12000286223	263256
12000315763	249032
12000315763	249037
12000354403	248957
12000354403	249020
12000365393	188046
12000394423	218835
12000440793	75756
12000567063	75752
12000567513	41129
12000591563	248964
12000668913	218855
12000692543	295073
12000811333	218794
12000813313	312958
12000813603	248957
12000813603	249026
12000911323	248955
120062240043	235596
12111503	120598
121453	340428
12235689783	56807
12265007083	63421
12289005393	294965
12289520063	315422
12292001573	227838
12292001603	227833
12292008183	227837
1229503	75756
1235203	75756
12400001013	245998
12400001013	245998
12400002713	245990
12400002713	245990
1243673	158246
12511232313	364862
12511446413	364858
12511481223	364957
12511531843	364866
12511601003	364851
12511946753	364880
12511968083	364860
12546001533	342215
12546001533	342305
12546001953	342109
12546001953	342145
12546004503	342203
12546004763	342259
12546005043	342293
12546005463	74393
12546006033	342214
12546006033	342246
12546006293	342255
12546007023	74402
12546007153	317660
12546007153	317667
12546007443	74424
12546008433	342239
12546008433	342309
12546008693	74395
12546009553	317641
12546009553	317663
12546011433	342106
12546011563	342148
12546011563	342221
12546011693	342272
12546011723	342121
12546011853	342185
12546011853	342291
12546012133	342260
12546012393	342218
12546012553	342116
12546012713	342288
12546014083	342259
12546014793	342289
12546032353	74404
12546068123	317664
12546074063	342241
12546074353	342273
12546076043	342287
12546076203	342239
12546097253	74412
12546308113	74411
12546615563	342106
12546615563	342130
12546672573	342158
12546672573	342278
12546676113	342263
12546676113	342312
1258903	13918
1262274723	368539
12700000013	302508
12700000143	302527
12700001003	302520
12700122043	302523
12700155683	302499
12700158073	302501
1272903	313085
127534563	335307
12778080313	145296
12900001063	310782
12900007003	310780
12900018023	301529
12900043193	310787
12900055103	16588
12937446653	89101
12937507453	89099
12937701363	89088
12937702063	89089
12937703183	89095
12937703213	89097
12993101923	178719
12993239053	178719
13000000383	141674
13000000413	141682
13000000963	141643
13000001243	141707
13000002523	141707
13000004503	141669
13000005203	141661
13000006163	141698
13000006293	141698
13000006613	141627
13000007993	141653
13000007993	141717
13000008143	141722
13000009263	141694
13000009553	141657
13000009553	174455
13000011013	141663
13000011013	141704
13000011143	141699
13000011853	58462
13000012003	141679
13000012843	332532
13000012973	92664
13000013093	141640
13000013093	141641
13000014373	334805
13000505703	141563
13000588003	141586
13000770453	141652
13000798303	141611
13000798303	141650
13000994903	141561
13065503263	180391
13065505113	181693
13065507193	180395
13065507223	180409
13065507483	180400
1308303	141642
13086001113	91981
13087194173	178226
13087206043	178186
13087206623	363474
13087207743	240490
13087219463	364460
13087241853	240526
13087335903	67946
13087466003	67945
13120000263	238402
13120000263	238428
13120008283	238413
13120008283	238414
13120013843	238379
13120017803	238421
13120057953	238378
1312403	141707
1313703	141698
13253121033	84530
13253564243	205783
13253694803	247882
13300000113	252984
13300135013	202631
13300420003	252494
13300515013	202663
13300541333	202664
13300552193	252279
13300553053	252485
13300600283	252991
13300601013	252370
13300606063	252312
13300606063	252988
13300606483	252305
13300606483	252442
13300608203	149602
13300764213	253076
13300794203	252460
13300794203	252461
13300795903	252873
13300929063	253083
13300929063	253084
13343082503	63137
13343082923	261008
13400022633	4528
13400052753	79166
13400072423	369191
13400072683	369195
13400082453	62756
13400376033	62755
13409234143	322761
13409515853	322768
13409515983	322759
13409516263	322778
13409516393	322787
13409516423	322760
13409517413	268284
13409517673	322757
13412021693	45154
13412021723	45153
13413696043	232073
13413796293	223211
134344010033	81577
1345003	141672
13451426893	272482
13451427333	272478
13451427593	272466
13454372043	104169
13454374603	104170
13454376843	104184
13454377383	97760
13454378083	104170
13454379103	104191
13495113513	172251
13499900133	211481
13499900393	285550
13562000043	13059
13562000173	12903
13562000203	13161
13562000593	12819
13562000623	12940
13562000753	110920
13562001033	12878
13562001583	13146
13562001613	13091
13562001873	13159
13562002573	12791
13562002603	12892
13562011063	13007
13562042333	13153
13562049493	110952
13562101573	110940
13562110483	13038
13562111053	13169
13562111053	13169
13562111763	12760
13562116393	12773
13562116393	12939
13562116843	13170
13562117413	12799
13562117833	13020
13562117833	13048
13562118243	13056
13562122363	12959
13562124893	12929
13562126323	12931
13562127573	12851
13562127573	12853
13562127573	13072
13562135943	12997
13562136193	12991
13562138913	12779
13562140053	13006
13562247783	13014
13562300143	13069
13562300693	12978
13562300723	13228
13562300983	12986
13562302123	110922
13562320073	13174
13562467273	13219
13562474073	12932
13562492893	12813
13562492923	13234
13562494033	12888
13562494033	13176
13562610013	12796
13600000073	75019
13600000073	75021
13600020033	75022
13602006103	271985
13609020423	162917
13609020713	162896
13609022663	162916
1361603	141698
13628608503	215800
1362903	141698
1366103	141627
1369003	156811
13733008243	368451
13764027053	71174
13764027213	71201
13764028173	71202
1379903	141707
13800047083	316942
13800100283	317100
13800101723	317135
13800101723	317136
13800104083	316879
13800106353	317241
13800108463	186204
13800120083	316903
13800120083	316917
13800123763	317111
13800133083	317134
13800135223	183759
13800151803	317153
13800158673	316993
13800168603	316920
13800171153	183657
13800171153	183699
13800171153	183707
13800171313	183686
13800172013	183753
13800173003	183672
13800182913	316902
13800185983	366589
13800188083	183675
13800188083	183702
13800207333	183804
13800207333	183807
13800218803	68761
13800240583	183754
13800285973	183842
13800300133	317192
13800300683	317193
13800301253	316898
13800301253	316900
13800303103	317077
13800304483	316871
13800312273	316986
13800352743	316876
13800356963	316978
13800365453	317181
13800381453	317101
13800392183	186245
13800392183	186253
13800392183	186254
13800399533	183755
13800445353	317110
13800447883	317215
13800447883	317215
13800447883	317216
13800500663	317182
13800540423	317119
13800551313	316975
13800551313	317043
13800551313	317078
13800551733	316912
13800552853	183654
13800553263	183839
13800556653	183696
13800600233	183747
13800639523	317084
13800670113	317234
13800676313	366583
13800715173	317034
13800743633	316925
13800748003	317053
13800768513	186261
13800768513	186262
13800771513	317180
13800784353	316897
13800796783	183729
13800833723	317187
13800833723	317221
13800834423	183791
13800846723	317124
13800927163	317019
13800959843	316924
13800987983	316957
13800987983	316958
13900100053	22905
13900500013	25205
13900500013	25227
13900512573	25218
13900792203	271045
13900866713	272909
1392603	141693
13964059823	148464
13964084153	341708
13964121773	333005
13964262483	194107
13964484243	350706
13964497113	244221
13964497243	15717
13964533453	271101
13964756753	334058
1396803	156811
13971000313	22117
13971000993	22089
13971002263	22083
13971005103	22091
13971005233	22056
13971030013	22075
13971031003	22095
13971040043	22116
13985634313	333581
14054026053	233416
14054026053	233417
14054030883	233429
14054031453	233419
14054061023	233404
14054349893	233423
14054349923	233425
14076122863	255244
14100041993	248808
14100042303	248700
14100045403	248839
14100045403	248842
14100045663	248343
14100046073	248637
14100046653	248356
14100046783	248286
14100047803	248414
14100049173	248507
14100049203	248590
14100049333	16381
14100049623	248466
14100049753	248261
14100049913	248896
14100049913	248897
14100050193	118512
14100050193	248381
14100050193	248532
14100050353	248313
14100050353	248619
14100050483	248616
14100050643	248354
14100050773	248319
14100051763	248250
14100051763	248691
14100051923	248355
14100052333	118522
14100052333	248307
14100052333	248609
14100053293	118503
14100054023	248705
14100054153	248520
14100054733	248606
14100054863	248672
14100054863	248852
14100055273	248729
14100055983	248416
14100071013	248246
14100071013	248828
14100071143	248878
14100071143	248879
14100071143	248879
14100073963	248272
14100073963	248818
14100075233	248353
14100079293	248663
14100079583	248689
14100082033	248304
14100084693	248337
14100085393	248494
14100085973	248886
14100085973	248888
14100085973	248889
14100086093	248544
14100086093	248908
14100087083	248275
14100087823	248765
14100088493	248261
14100088493	248499
14100093473	248673
14100095163	248702
14100096573	248480
14100097433	248503
14100098423	248683
14100098683	248307
14100098683	248475
14100143673	248448
14100143963	248582
14100156833	248449
14100216803	248626
14113210713	369223
14113700313	369225
14113910293	369253
14113910453	369247
14113910613	369232
14113910873	369228
14113911023	369229
14113913263	369258
14122002583	318536
14138100433	69814
14200044573	53570
14200047963	53565
14200048403	53482
14200087563	53499
14200127153	53482
14200244263	53523
14200245543	53517
14200249893	53533
14200335503	53493
14200355273	53547
14200484553	53490
14200485253	53482
14200535453	318027
14200824533	53482
14200824533	53508
14252373	179719
14272122933	59966
14272146823	10259
14272274823	62421
14272305343	37616
14272310873	62418
14309100323	322142
14321620113	363619
14321620373	364455
14321620403	364609
14321620663	364495
14321621233	364043
14321621493	363923
14321621523	364034
14321671573	352278
14321671603	352275
14353102663	115959
14353103523	205794
14353504863	205807
14364544373	270371
14373	339428
14400730153	21233
14452001003	88951
14452001423	88959
14452005773	88964
14452008453	88966
14477808083	160242
14498708133	81013
14500001023	33100
145000017413	32936
14500002563	32701
14500002563	32702
14500003003	32705
14500003973	32694
14500004383	32835
14500004963	32821
14500005533	33133
14500007933	32891
14500009203	32759
14500009913	32727
14500009913	32731
14500011343	33072
14500012753	33170
14500012913	32899
14500013453	32991
14500013743	32951
14500014283	33001
14500015143	32713
14500015273	32886
14500015273	33188
14500015693	32696
14500015723	33017
14500015853	33082
14500016683	32929
14500016713	33013
14500017253	32724
14500017383	32800
14500017413	32936
14500017833	32730
14500017833	32938
14500017963	32778
14500018113	33183
14500018953	33167
14500019233	32787
14500019523	32767
14500019943	32796
14500023773	32780
14500023773	33065
14500026903	32937
14500031563	32845
14500031563	33135
14500031693	32795
14500031723	32813
14500094353	32809
1450013453	32991
14500221223	32720
14500221223	33136
14500505033	33089
14500911193	32752
14500911193	32753
14567267943	145855
145893	340739
146333	340731
14701283	135544
14745393	302905
14777033963	195636
14800001693	217401
14800001723	217402
14800002843	217402
14800004663	217541
14800007053	217521
14800007343	217513
14800007473	217418
14800103373	58315
14800318173	217382
14800318173	217428
14800318203	217426
14800646573	138466
14821044013	144934
14821102003	144946
14821103703	144939
14821205223	144938
1483133	217376
14900005003	185242
14900005553	185197
14900022703	369054
14900550213	185232
15013447773	18449
15100000133	65698
15100000393	65683
15100000423	65697
15100000713	65694
15100001673	65672
15100263033	65711
15100400063	65664
15109001223	156402
15109010003	156408
15166000283	245965
15205465103	17083
15229411643	280493
15292200663	216597
15292204463	216612
15292204623	216626
15300014763	272210
15300200463	54053
15300201033	53960
15300430303	272202
15300440173	246612
15300440173	246613
15300440333	246641
15300441323	246608
15400003643	362415
15400003773	362428
15400004343	362372
15400011983	362449
15400012713	362332
15400012843	362323
15400012973	362364
15400014373	362400
15400014953	362376
15400015783	362311
15400015943	362397
15400016513	362404
15400017183	362513
15400017213	362317
15400017473	362463
15400018203	362299
15400018333	362482
15400020763	362295
15400023863	362457
15400050883	362509
15400056403	362355
15400065603	362456
15400170383	362487
15400171403	362313
15400190503	223061
15400191463	223098
15400191593	223097
15400192583	223077
15400193733	223033
15400202213	362396
15400202763	362417
15400522113	294896
15400554473	294909
15400554633	294913
15414000003	352815
15418001013	277721
15418001143	277831
15418005523	277327
15418006063	277392
15418007053	277386
15418007213	277851
15418007473	277740
15418007763	277441
15418007893	277635
15418008043	277457
15418008203	277537
15418008333	277525
15418008593	277463
15418008623	277808
15418009163	277559
15418009583	277507
15418009613	277369
15418010053	277623
15418010343	277667
15418010503	277716
15418011043	277715
15418011173	277405
15418011203	277694
15418011333	277685
15418011463	277531
15418011593	277377
15418011623	277374
15418011753	277499
15418011883	277585
15418012163	277619
15418012293	277575
15418012323	277598
15418012453	277410
15418012903	277821
15418013283	277564
15418013443	277482
15418013863	277623
15418013993	277722
15418014013	277770
15418014143	277723
15418014433	277408
15418014563	277754
15418014693	277462
15418014723	277808
15418014853	277845
15418014983	277695
15418015003	277578
15418015133	277362
15418015553	277515
15418015713	277584
15418016093	277717
15418016383	277552
15418016673	277654
15418017113	277361
15418017663	277753
15418017793	277497
15521201133	174637
15532100913	77228
15532101033	216132
15532432113	23875
15538104113	348653
15538713353	348656
15538718303	348656
15538771643	267303
15585002523	365412
15665000173	253379
15665250073	253377
15665602063	253378
15685100693	272549
15688303	13191
15700051443	323833
15700051443	323835
15700052013	323862
15700052013	323924
15700057933	323935
15700148013	205486
15700157213	205461
15700158173	205461
15700168233	205453
157353	340240
15786001943	10633
15788272303	349404
15800030553	52972
15800038733	52973
15800062103	52982
15800070863	52978
15839005003	109314
15839007953	109334
15839008233	109342
15839008653	109359
15839096803	109357
15839138213	109315
15878012703	203308
15878500033	190351
15878698013	193621
15883155013	9729
15883190823	9733
15883360103	9736
15900000623	22879
15900061303	22836
15900063383	22832
15900063963	22810
15900064533	22881
15900065233	22779
15900065363	204693
15900066223	22823
15900066223	22823
15900122523	22804
15900140633	22796
15900190713	22870
15900235353	22808
15900235483	22859
159043	339534
1592033	22786
15953700433	232301
15953700723	230294
15953711453	230293
1596233	22879
1597533	22876
15984524763	270017
15984527023	269925
15984601143	270022
16000104303	118628
16000106123	226021
16000106123	226022
16000106673	226170
16000108103	118638
16000109193	225944
16000109223	94773
16000109643	94785
16000110243	94785
16000115903	225792
16000118553	55381
16000119413	53743
16000119673	118241
16000121843	118238
16000122543	335187
16000124073	55340
16000125063	53788
16000125643	111081
16000125933	335191
16000127173	192111
16000127333	111261
16000127593	111279
16000129283	80945
16000129283	80953
16000135703	29505
16000137653	111034
16000137813	111082
16000138803	55348
16000139763	29184
16000140493	111260
16000141193	261157
16000142053	226064
16000142923	111078
16000143043	111044
16000143173	118593
16000143623	111362
16000143753	55369
16000143913	335202
16000144323	225825
16000145153	217406
16000145283	111085
16000145863	110980
16000145993	226003
16000145993	226004
16000146013	225880
16000146433	57854
16000146433	57864
16000146433	335182
16000146983	131018
16000147133	131019
16000147553	132266
16000147973	110991
16000148543	55357
16000148833	55297
16000148833	55298
16000148963	335151
16000150423	29287
16000150843	55343
16000150843	55344
16000151253	192099
16000151543	61375
16000151963	335194
16000152243	109492
16000153943	29509
16000154803	29507
16000155633	29274
16000158573	225799
16000158573	225818
16000158733	226156
16000159013	110871
16000159723	132270
16000160453	109485
16000160583	225844
16000160613	317986
16000162433	57857
16000162433	335159
16000163713	270875
16000165663	55308
16000167513	107314
16000169043	109488
16000169203	317996
16000169463	317993
16000169623	171940
16000169623	171941
16000169913	29237
16000169913	29237
16000172623	55287
16000175723	55402
16000178083	192107
16000178113	29331
16000178823	216030
16000178823	216031
16000179233	335192
16000179493	161025
16000179813	215951
16000180963	29326
16000180963	29464
16000181823	28962
16000182943	335173
16000183933	61381
16000184893	53750
16000185173	53846
16000185173	53847
16000185623	53729
16000185753	29451
16000185753	29452
16000186583	29096
16000188013	28979
16000188013	29242
16000188853	226057
16000188853	226057
16000189973	29368
16000190023	365448
16000190023	365449
16000193703	109493
16000193833	234412
16000193833	234412
16000196353	110860
16000197053	270755
16000197053	270939
16000197053	270942
16000197473	132233
16000197633	29349
16000197633	29399
16000198753	80941
16000198753	80948
16000199743	225886
16000199743	225993
16000199743	225993
16000200043	53861
16000200173	110803
16000200593	267934
16000200593	267988
16000200753	29014
16000200753	29015
16000200883	107303
16000200883	107330
16000201033	225983
16000204393	55368
16000204393	55383
16000204423	192123
16000206793	61390
16000206823	61389
16000207523	29210
16000207523	29213
16000207653	29079
16000207653	29201
16000207653	29207
16000208193	55299
16000211483	107189
16000211513	226055
16000215573	362697
16000219533	55411
16000219953	28955
16000220133	29302
16000220393	226116
16000220423	342563
16000220683	94864
16000220713	55452
16000221123	335166
16000222083	110829
16000222243	226096
16000222373	29321
16000222663	94890
16000223233	29454
16000223783	225794
16000224193	29541
16000225473	131020
16000225633	43804
16000225893	107192
16000226593	107177
16000228313	225829
16000228443	335199
16000228573	43798
16000228993	80936
16000229013	80935
16000229693	55348
16000229723	109484
16000230293	55350
16000230583	131012
16000230613	226088
16000232013	192108
16000260283	132249
16000263123	344121
16000264793	225883
16000274433	29311
16000274853	28957
16000275133	110880
16000275263	53820
16000275393	111152
16000275683	61385
16000275713	110847
16000279193	29440
16000282063	225797
16000282193	226147
16000283503	43796
16000285583	29297
16000297593	335174
16000302303	28981
16000308213	121997
16000312593	61398
16000312623	267916
16000315273	118636
16000317963	94867
16000317963	94904
16000318793	53724
16000323933	335181
16000332133	55301
16000339903	111007
16000343863	225946
16000345843	226073
16000363243	43797
16000374003	29535
16000383883	111086
16000401723	29421
16000402843	192103
16000405943	192112
16000407633	55416
16000408043	29055
16000409453	110863
16000409873	111020
16000412873	94804
16000413603	132263
16000414143	29458
16000414853	342549
16000416253	132250
16000419773	132231
16000420403	33261
16000421073	110787
16000424173	111015
16000427303	29132
16000429413	226153
16000438583	55290
16000440173	226035
16000444133	111355
16000444713	106664
16000445123	94851
16000445963	225960
16000446533	111075
16000449763	110786
16000450813	29518
16000451063	55432
16000452893	57857
16000454743	55371
16000456013	28966
16000458963	28942
16000459953	226034
16000460713	226178
16000461413	111003
16000462793	217432
16000462953	55340
16000463783	111369
16000466753	29022
16000467033	94798
16000467583	57849
16000467583	335156
16000468733	94767
16000469273	106662
16000471863	94771
16000472983	228644
16000473683	29006
16000474123	225956
16000475953	55322
16000476363	109493
16000477353	110994
16000480353	94888
16000482883	225783
16000484993	110837
16000485723	29528
16000486683	29420
16000487963	55302
16000488953	29371
16000493933	111134
16000494343	217475
16000494473	55416
16000494473	55454
16000494893	225929
16000495333	225855
16000496453	111080
16000497443	43780
16000499263	61393
16000503663	111225
16000503953	226029
16000506183	225906
16000507043	55355
16000507333	226140
16000507913	55392
16000508293	335180
16000508743	225810
16000508873	226049
16000511163	106663
16000511323	225780
16000512733	94884
16000512863	94889
16000513433	55335
16000513693	225805
16000514263	109502
16000515383	225954
16000518513	118634
16000544253	118604
16000813373	29501
16000844803	55329
16001000093	349120
16009985583	29293
16063	252128
16073004043	29586
16073216033	29567
16073337783	29590
16073521403	29563
16073619353	29575
16101000993	77982
161321034553	69968
16229902933	98785
16229917593	98771
16229919313	98771
16264006023	50157
16264006573	50154
16264006573	50156
16264011003	51948
16264173503	305787
16291441033	217075
16291441293	217102
16291441323	217067
16291441453	218660
16291441583	217047
16291441613	217073
16291441743	217060
16291441873	217062
16291441903	217048
16291442023	217029
16291442153	217128
16291442443	217126
16291442573	217116
16300153193	122539
16300153643	78093
16300160573	98636
16300165653	98606
16300166353	98595
16300166643	98633
16300168203	98601
16300168203	98649
16300169163	98639
16459200113	28786
16459400223	28777
16571111113	324898
16571511173	324905
16571910303	309245
16571910303	309246
16571911263	309289
16571950293	309308
16571950293	309309
16571950873	309293
16571951283	309295
16571951313	309274
16571952143	309307
16571953133	309253
16571953393	309296
16571953843	309250
16600001033	275936
16600001033	275936
16600001903	275922
16600325023	275923
1660433	275936
16712016673	250807
16712016673	250807
16712019193	182739
16712019193	182739
16741000063	322903
16741000193	322956
16741000513	322957
16741000643	323001
16741000933	322887
16741331563	322954
16741387683	322900
16741387683	322915
16741633223	322985
16741911123	322992
16784303503	281650
16898418353	78196
16898435183	78198
17000011653	16190
17000011813	16210
17000014883	16197
17000016863	16179
17000031033	137847
17003100903	164370
17003135943	164348
17003138883	164342
17003138913	164349
17072003013	50567
17072003563	179187
17077032353	186388
17077033053	186403
17077077323	186461
17077101103	186516
17077102063	186415
17077105323	186377
17077113083	186520
17077118323	186479
17077121163	186482
17077121323	186481
17077204163	186530
17077300063	186445
17077402163	186458
17077501323	186470
17077605083	186449
17077605243	186449
17082000033	156912
17082000033	157003
17082006523	157017
17082008053	366559
17082010223	157034
17082010933	156923
17082011893	156986
17082470843	157062
17082600233	156917
17082873293	157048
17082874603	157053
17082875693	157115
17082876263	157036
17082876393	157115
17082877123	157063
17082877383	157096
17082877673	157099
17082878083	156975
17082878533	157061
17082879073	157070
17082879783	157038
17082879813	156979
17082880703	157047
17082881953	157080
17082883513	157044
17082884633	157056
17082884763	157058
17082884893	157067
17082885173	157012
17082886743	157084
17082887733	189992
17082888723	156945
17082889843	157010
17082897923	157079
17109327563	323397
17109328683	323437
17109328713	323384
17109345703	323395
17109347103	323446
17144025233	245268
17144026803	245272
17252152753	38410
17252152753	38410
17252501513	38415
17252504323	38409
17257763	81510
17324142453	311135
17324142613	311209
17324142613	311210
17324183593	311190
17324183623	311177
17325000493	52255
17400100773	317950
17400105143	194803
17400106133	49937
17400106683	49901
17400106683	49930
17400108953	49925
17400111823	49909
17400111823	49909
17400111953	49910
17400111953	49915
17400118303	214070
17400120023	122988
17400140373	214085
17400140403	214084
17400140663	214061
17400140823	49932
17400161163	122986
17400223083	49924
17400223113	194784
17400223243	214091
17400223243	214092
17400224103	317958
17441000223	123150
17442310123	107688
17600021373	190469
17600023353	190555
17600043863	42918
17600046963	42906
17600081223	50333
17600085573	50331
17600088123	50324
17609331183	273938
17609425813	273938
17667160923	216250
17696000153	73348
17696407143	73361
17696408423	73361
17696409703	73348
17749000123	196740
17749000383	196746
17818063	217252
17839223883	94543
17839241023	94649
17839941053	218309
17839990013	218304
17869382253	95818
17869707483	95814
17869723193	48174
17869777103	223135
17869807343	95825
17873000013	34069
17873001003	34067
17873500063	34065
17873705123	34060
17873705253	34075
17992591003	54349
18000000173	252651
18000000753	252418
18000000753	252419
18000001583	252646
18000001873	252670
18000002603	252661
18000004683	252802
18000005093	252936
18000005123	252407
18000009183	252659
180001001043	149722
18000103393	252426
18000106813	252939
18000107773	111290
18000108343	253011
18000113613	252843
18000117093	252917
18000119363	252902
18000124473	252349
18000125753	252328
18000130733	252266
18000131563	252968
18000131693	252654
18000133253	213364
18000134243	252671
18000137183	252422
18000137343	252929
18000138753	252516
18000138913	252317
18000139293	252751
18000139613	252745
18000140763	252760
18000140923	252252
18000141043	252388
18000141463	252927
18000278473	252178
18000287123	252795
18000287123	252800
18000373093	252420
18000383993	252395
18000383993	252736
18000384273	252741
18000400393	111297
18000400973	252346
18000426973	252270
18000436293	253025
18000437023	252630
18000446193	252446
18000447633	252956
18000449583	252256
18000462773	252450
18000466283	252449
18000468683	252719
18000469833	252209
18000491353	111287
18000497133	252905
18000499793	252367
18000499793	252368
18000512553	252743
18000723263	252895
18000817733	252347
180127000333	373589
1801703	252391
180187000533	305129
180187000533	305129
180268000803	307623
180268000933	330602
180362000013	284010
180430000143	60367
18053190593	137784
18053192733	215323
18053760703	137773
180855000063	220224
180855000353	220215
180855000483	220227
180855000513	220223
180993	341256
181143000703	303758
181216000623	283020
181284000013	315659
18128400013	315659
181284000303	315654
181314000013	370187
181314000273	275378
1815803	252402
18169017043	193407
18169135013	193010
18169155103	193016
18169155493	193124
18169155783	193363
18169165003	193137
18169433003	193215
18169440773	193507
18169481073	193069
18169481103	193492
18169482223	193286
18169483183	193260
18169490013	193078
18169495353	193520
18169663653	193504
18169664223	193033
18169667583	193092
18169667903	193167
18169671993	193007
18169744123	193328
18169744253	193327
18169801963	193014
181775000133	369730
18184120063	223377
18184801283	223369
1818703	252302
181945000123	118868
181945000833	118908
181947000503	98734
18195710253	289932
18200201233	328184
18200258763	328180
18200259593	328187
18200259623	328193
182065000833	124719
18207850083	204060
18207990253	57712
18207990703	57705
182108000073	268924
182136000083	13945
182285001153	190165
1823103	252948
182503000043	370177
182566000103	36
1826003	252805
182801000523	85616
1829903	252263
18300230133	137876
18303005073	42866
18303005103	42880
18303005943	42873
183543000543	74366
183633000163	250921
183637000503	291189
183832000803	134948
18400312593	144677
18400800083	144663
184419000223	232044
184419002753	232048
184419003293	232045
184420000083	352438
184420000243	352443
184420000823	352449
184460000043	80544
184460000173	80547
184500000033	100
184522000233	7710
184522000363	7709
184678000323	179749
1846803	252806
184706000363	272739
184739000163	145143
184739001153	145131
184739001283	145091
184739001573	145089
184739001573	145105
184739001993	145102
184739002143	145144
184739002563	145136
18482001033	142188
18482020003	142197
185043000443	373070
18504900023	215012
1850903	252402
18511700043	341526
1851203	252402
1851203	252402
18522031563	30456
18522884183	124566
185255000163	66195
185255000583	66200
185255000583	66205
185255000613	66208
185255000613	66219
18529100033	270284
18537241483	282664
185544000133	110209
185738001243	130906
185814000023	343893
185814000153	343878
185814000603	343504
185814000603	343879
185814001563	343891
18582580803	158661
18582620103	116094
18586000703	14119
18586001083	14121
185889000263	247721
185889000553	247733
185889000843	247723
18627030003	163868
18627100263	164037
18627102403	164027
18627103363	164011
18627104513	164045
18627104643	165224
18627104773	165228
18627105343	165253
18627105763	165245
18627105923	165252
18627106043	165216
18627107163	163858
18627108863	163976
18627108863	163986
18627110583	163896
18627110583	163900
18627110613	164020
18627112723	163879
18627113263	164017
18627113263	164019
18627113553	163845
18627113553	163846
18627329053	164028
18627373483	164026
18627620013	165214
18627703273	163932
18627741503	163966
186337000163	63615
186337000743	63597
186435000003	259151
186561000113	371568
18673661893	189348
186852000143	324788
186852000433	324864
186852000723	324838
186852001263	324818
186852001423	324814
186852001553	324873
186852001553	324873
18687003153	350368
186905000083	184153
186905000083	184156
186986000583	184250
18700000213	34351
18700000343	318009
18700009353	318014
1870533	318000
1872133	34351
187283000023	70143
187471000293	116729
187471000453	231426
18753	34464
187595000193	167226
18775151193	157452
18780010003	12407
18780010553	12347
18780010553	12410
18780011253	12395
18780011963	12378
18780012113	12394
18780111113	12407
187839000323	329446
187839000453	329448
18787505793	79262
18787505793	79269
18788101093	269902
18788207443	269901
18788801603	269903
187939000193	110746
18804052583	48568
18804055423	275392
188244000113	9639
1883036363313	250552
188314000623	226459
18894000143	31879
18894000273	32002
18894000983	32191
18894004363	31919
18894004493	31887
18894004523	31891
18894005063	32061
18894005193	31071
18894005223	31020
18894010463	31932
18894100133	31838
18894103233	31067
18894103363	30968
18894104193	31446
18894107873	31199
18894108023	31871
18894110613	31295
18894115083	31984
18894115113	31169
18894119883	31666
18894120063	31004
18894120353	31909
18894126843	30989
18894127543	31772
18894133353	31967
18894141563	31442
18894143383	31153
18894153573	30838
18894155843	31341
18894161363	32227
18894163633	31694
18894181613	32017
18894199533	32009
18894203193	32178
18894203223	31870
18894214663	31197
18894216483	32233
18894216803	31718
18894216933	32026
18894217473	31685
18894217503	32079
18894217633	32088
18894217893	32176
18894218203	32154
18894225843	31959
18894235453	31448
18894245353	31973
18894250203	31307
18894251583	31264
18894272113	31910
18894272373	31097
18894272793	31284
18894300113	31635
18894300953	32167
18894301103	31835
18894301363	30876
18894301653	31480
18894303053	32212
18894303343	31361
18894303473	32160
18894305583	30985
18894305613	31387
18894305743	31203
18894306023	31616
18894306153	31533
18894306283	31951
18894306313	32185
18894306443	31710
18894306733	31877
18894306993	31574
18894307143	31945
18894310143	32152
18894310303	31418
18894312543	31634
18894313533	31829
18894313663	31126
18894315353	31648
18894315643	32097
18894315803	31303
18894316633	32095
18894316923	31750
18894317173	32019
18894317203	31947
18894317463	31753
18894318033	30872
18894319733	31225
18894319993	30975
18894320043	32203
18894320333	31968
18894320593	32075
18894320623	32035
18894324973	32031
18894325413	31605
18894327783	31629
18894328513	31179
18894329053	31137
18894329213	31179
18894329763	31458
18894330523	31301
18894331353	31503
18894342243	30845
18894343493	30844
18894343523	31587
18894343653	31671
188943436653	31281
18894355793	31345
18894412373	31192
18894441823	30818
18894461203	31202
18894461623	31669
18894461753	30983
18894462293	31259
18894462323	31234
18894462453	31034
18894462743	32196
18894463023	31310
18894463313	31820
18894463443	31672
18894463573	31690
18894463603	31686
18894515203	31974
18894520283	30986
18894520313	31300
18894535263	31958
18894615323	31764
18894621133	31830
18894701163	32110
18894703013	31857
18894703273	32049
18894703303	31499
18894703563	30848
18894705833	30988
18894728023	31248
18894750253	31986
18894750383	31095
18894755463	31210
18894755593	30978
18894775423	32113
18894802273	31145
18894804253	31066
18894823803	31581
18894824183	31569
18894834113	32172
18894883623	31524
18894903383	30873
18894903833	31045
18894903963	31112
18894904373	30970
18894904793	32168
18894904823	31339
18894904953	31144
18894905073	31021
18894905233	32120
18894905363	31363
18894906223	31749
18894906513	31049
18894907053	32125
18894917243	31238
18894918653	30962
1891803	252699
189270000023	281506
18942409003	343495
18944000093	84702
18944000543	84710
18944000963	84718
18944110013	84745
18944140003	84744
189588000173	48198
18959003973	245230
18959140043	245166
18959753083	373560
18959754233	367799
18959754813	195299
19001233713	109119
19001233713	109170
19001249653	109156
190104060533	323488
190104157523	33204
19022128593	194509
190298000193	190511
190434000063	334097
190484002413	60016
19052333363	338165
19054170003	180924
190569123163	129319
190569123293	129150
190569123323	129275
190569123323	129276
190569123583	129438
190569124023	129157
190569124733	129346
190569124863	129181
190569124863	129458
190569295853	129255
190569298953	129333
190569298953	129334
190569504283	129319
190569504313	129203
190569504993	129256
190569522263	129159
190569537793	129132
190569537823	129265
19060092283	13336
19061090813	274083
19061092213	274064
19061093753	274011
19061093913	274012
19061190063	274068
19061190223	274051
19061192623	189226
19061192753	189227
19061192883	189211
19061193743	217668
19061490033	295890
19061490583	217672
19061491313	217676
19061491733	274067
19061491863	217673
19061499043	274054
19063232303	107135
19063233003	107128
19064010733	13445
190646630133	232442
190646630263	232421
190646630393	232418
190646630423	232436
190646641023	232429
190646641023	232433
190912100643	263049
190912100933	263426
191414006433	156417
191414009373	156420
191414009663	86915
191414009823	156412
19175011513	117928
19175055623	281136
19175058563	118039
19175058853	118045
191817350263	154540
191817380123	341678
191817380383	154537
191817640593	247083
191817750063	228572
19218145793	217344
19218926293	61410
192396905363	290140
192548700013	122370
192768174243	107870
19320000423	238597
19320000713	273790
19320001673	221419
19320015403	238599
19320029363	238524
19358093	64390
193908000743	280013
193908002813	280039
193908004963	280081
193908005113	279983
193908006493	280034
193908007193	280051
193908070203	280091
193968006983	210931
193968013943	211199
193968023133	210841
193968024543	210889
193968031213	210794
193968035853	210967
193968043643	210586
193968045593	211151
193968052973	211018
193968064853	210642
193968066123	211101
193968098773	211335
193968122393	210892
193968184223	210690
193968332693	210778
193968343873	210916
193968350383	211115
193968352073	210714
194038000023	271631
194283101513	57912
194283101643	58062
194283101803	58042
194283102473	58024
194283103913	58050
194283104033	57945
194283104743	57987
194283105603	57913
194283250013	58005
194283300053	57981
194283550373	57921
194283550533	57941
194283551523	58002
194283551783	57969
194283551943	58034
194283552193	58037
194283800973	58031
194346000623	282106
194346001613	127777
194346001743	202106
194346002153	126525
194346002283	105574
194346002313	201493
194346002443	202079
194346002863	125874
194346002993	201906
194346003013	128512
194346004263	282166
194346019823	281775
194346020133	201939
194346020393	105531
194346021413	105738
194346028313	105332
194346028993	128292
194346038183	128663
194346050123	125589
194346052783	126905
194346053773	126077
194346056293	128030
194346056323	127800
194346058723	128554
194346061563	105431
194346065073	127031
194346065493	128117
194346065813	125632
194346080403	125943
194346080533	125865
194346098903	105360
194346099283	281975
194346099443	126196
194346112043	127713
194346115563	126860
194346115853	201534
194346116683	126470
194346116713	105449
194346116973	105429
194346121823	281925
194346122233	128547
19437293	171160
194575000333	213370
194575040513	213349
194575040513	213349
194575050123	213346
194575050413	213355
194575060603	213375
19473005993	335348
19473006563	335370
19473006723	335354
19476708013	352299
194888000013	59772
195166110363	82171
19521252553	49365
19521550093	49368
195372125533	162967
195372823903	162969
195515040013	364121
195602024803	228061
195602030613	228254
195602034383	228296
195602034413	228133
195602041343	228347
195602041763	44164
195602042333	228178
195602071753	228515
19582392403	43939
195893239993	231739
195893297443	110708
195893734443	235980
195893773053	365192
195893818303	215901
195893900183	51582
195893985913	97846
19591773	170580
19600046103	52031
19600047803	52025
19600054603	17975
19600057703	18005
19600059813	18004
19600062103	17987
19600920083	349180
19600921523	349191
19600929093	349170
19600929093	349207
19605004023	124656
19622045443	244236
19631001133	196048
196411000163	51454
19646001173	135293
19646001333	135321
19646001463	135428
19646001623	135398
19646001753	135441
19646001913	135247
19646002163	135421
19646002873	135415
19646003573	135445
19646003733	135203
19646003863	135362
19646004273	135384
19646004303	135221
19646004563	135210
19646004693	135236
19646004723	135335
19646005003	135288
19646005133	135417
19646005393	135330
19646005553	135285
19646005973	135204
19646006093	135252
19646006383	135248
19646007243	135280
19646049823	135305
19646049953	135323
19646050003	135347
19646100173	135274
19646400273	135191
19646400303	135396
19646840703	135328
19646841403	135282
196633086273	170596
196633808073	232367
196633809063	170945
196633809933	171328
196633881243	170835
196633884183	170748
196633890153	170661
19663389493	171389
196633912473	170897
196633916273	171003
196633967503	171240
19666273	170614
19722165843	66136
19722167243	60453
19722183113	66133
19722841303	137926
19736693	171194
19737263	171428
197644111213	108085
19815530053	72044
19836103823	37034
19875270913	147744
19951004203	71622
19951840603	75124
19959069693	255228
19959070453	255227
19959104073	255230
19962093333	189688
19962102103	325086
19962105753	322879
19962127533	307874
19962144233	323998
19962185403	41406
19962187643	307888
19962217333	129447
19962246913	130394
19962273803	215453
19962285103	307926
19962321313	226
19962334023	80539
19962446733	47024
19962458743	124384
19962527623	219780
19962528323	219790
19962657733	111467
19962660733	263151
19962780233	331934
19962924453	330359
19962935633	232023
19962942433	217736
19969001003	130740
19969001133	130729
19969002123	130733
19969009153	130736
20000001463	129285
2000007003	169698
20000103143	129418
20000121253	129296
20000126913	129281
20000176093	129140
20000191133	129433
20000197593	129289
20000267623	184888
20000284743	129182
20000449173	129164
20000480893	260759
20000480923	260635
20000481173	129179
20000488523	129396
20005573	157351
20013233	104415
20014773	104607
20018070543	230761
20026103	104381
20037578619703	291158
20037578620013	291165
20038000483	98495
20038630093	98558
20038630123	98543
20038920323	160206
20039047010233	352766
20044213	104526
20044503	104239
20044633	230481
20045463	268616
20049485056373	162163
20049485056793	162211
20049485056823	162239
20049485056953	162205
20070934996193	220509
20070934997183	220506
20072353	183929
20072940120043	351165
20077387126023	331936
20077387126863	331965
20077387126993	331962
20077387127143	331955
20094133	185894
20094263	185760
20094643044433	331961
20095673	185797
20096793	185630
20100000533	23556
201063	339598
20113001503	179858
20115012293	63111
20128043	86842
20138003223	97595
20138132053	97564
20138133173	97594
20138134613	97557
20138135573	97588
20138137263	97583
20138138093	97551
20138330053	97579
20138330183	97591
20138330213	97585
20138440073	315617
20138656023	97562
20146920703	363223
20154653	92711
20158613	307256
201872517003	167170
20188050123	335457
20188050253	335472
20188050253	335473
2019275005663	358461
20200029793	60068
20200070023	115877
20200114673	20564
20200129783	60287
20200150053	242453
2020334005883	63556
202200708803	212813
20264833	185634
20268763	185832
20270063	185444
20323803553	269821
20337117073	60691
20337176063	60706
20337764703	60703
2033953	67263
203566406853	230723
203780710293	267703
204293	340359
20439030003	173389
20439041603	173395
20439049463	173382
20439051343	173371
20439857143	173370
20462673	156350
20471171993	283804
20471271273	284757
20471513373	284761
20475000343	76901
20475000763	76898
20477000013	55498
20482343	185626
20487007323	35366
20487400643	35346
20489823	185687
20501002693	45011
20501110213	341415
20501137463	341412
20501147103	23168
20502131583	157450
20502132313	158025
2052379005993	24800
20526001633	269021
20526001763	159256
20526010253	25924
20526010673	67590
20526013483	159212
20526017573	25926
20526020283	101963
20526020313	173582
20526030053	67526
20526030213	269020
20526033993	94506
20526040243	25880
20526041363	268983
20526041653	67661
20526047013	173567
20526052833	67715
20526058323	25875
20526094673	94569
20526124073	67615
20526702103	193081
20526783133	269006
20526785403	268975
20527015783	25874
20527080163	173601
205300809463	249181
205322808703	138012
205323005583	138011
20539181353	118949
20539324903	118960
205525411243	362126
205526508393	233212
20559901283	289883
20569243373	65025
20569890003	197009
20601290013	140748
20601400153	141220
20601401013	141170
20601401243	141086
20601401273	141176
20601401853	141079
20601401983	141295
20601402003	141514
20601402133	345308
20601402713	141324
20601402973	141328
20601403383	140814
20601403673	140834
20601404953	141073
20601405523	141436
20601407213	141428
20601407343	141267
20601407473	141432
20601407763	141500
20601408043	141061
20601408173	140972
20601408203	141215
20601408463	141516
20601408593	140756
20601408623	140767
20601409163	345346
20601409293	141459
20601409323	141212
20601409743	141486
20601409873	141451
20601409903	141087
20601410053	141272
20601410473	140772
20601410503	140953
20601410763	141361
20601411173	141277
20601411203	345350
20601411333	141015
20601411593	345305
20601411883	141228
20601412033	141362
20601412163	140768
20601412453	141494
20601412583	141493
20601412613	141118
20601412903	141298
20601413153	141194
20601413313	140959
20601413863	140993
20601413993	141189
20601414143	141487
20601414273	141470
20601414303	140927
20601414433	140872
20601414693	141444
20601414723	141130
20601414853	141307
20601415003	141286
20601415133	141188
20601415553	141030
20601415713	140967
20601416093	345311
20601416123	141524
20601416673	140761
20601416703	141517
20601416833	141093
20601416963	140956
20601417113	140763
20601417243	140998
20601417373	141074
20601417533	141167
20601418073	140985
20601418103	141069
20601418233	140777
20601418363	141071
20601418493	141174
20601418523	140925
20601418653	141304
20601419773	141127
20601419803	141404
20601419933	141050
20601420243	141041
206017416963	140955
206032308873	244112
2061409163	345346
20621483	185456
206331000003	58973
20633100083	245893
20633100113	245896
20652000593	51742
20652000913	51732
20652002313	51726
20652003013	51718
20652004423	131056
20652006113	51703
20652007103	51705
20652007493	51708
20652007523	51729
20652007653	51733
20662000033	227256
20662001153	227266
20662001993	227186
20662002693	227305
20662002853	227368
20662003713	227150
20662004673	227379
20662004703	227231
20662005113	227177
20662005793	227215
20662006073	227361
20662006073	227362
20662006103	227163
20662006363	227162
206808310253	240562
206836304613	84673
20685000843	48719
20685001123	48761
20685001383	48731
20685001383	48810
20685001413	48838
20685001543	48821
20685001673	48818
20685001833	48731
20685001963	48834
20685002953	48790
20685002953	48813
20685002953	48813
20685084713	48751
20685084713	48785
20685125003	48753
20685163753	48731
20685163753	48808
206886903293	22986
20700006003	270196
20700402393	281226
20700402423	281246
20700402423	281247
20700407213	281242
20700408043	281216
20700411203	281235
20700800083	270208
20709012043	342750
20709212313	342697
207127004793	292914
207215000003	36004
207239000003	36041
2072653	91651
207277000003	36135
207284000003	36025
20728710753	227428
20729783	183927
20731113	185859
20731243	230366
207314000003	35960
20731793	230367
20733353	185558
20733643	237998
20734053	230562
20734183	230560
20734633	230706
20735043	230453
20735092033	344314
20735092743	344376
20735092873	344374
20735092873	344375
20735092903	344434
20735092903	344435
20735093863	344483
20735093863	344502
20735094433	344385
20735096383	344435
20735096383	344436
20735096413	344336
20735096413	344337
20735096543	344305
20735096703	344344
20735096833	344336
20735096963	344371
20735096963	344519
20735097243	344393
20735097243	344437
20735097373	344463
20735110133	344506
20735110133	344507
20735112243	344241
20735112373	344205
20735112403	344208
20735112533	344216
20735112663	344277
20735112663	344278
20735112953	344260
20735121283	344389
20735135013	344361
20735136393	344414
20735136393	344497
20735136713	344534
20735160633	344295
20735160633	344420
20735161173	344464
20735161463	344481
20735161593	344512
20735161593	344512
20735161623	344509
20735161753	344478
20735593	185810
20735623	255604
20736163	185633
20736453	185492
20736583	185719
20736743	185652
20736873	185756
207369000003	36008
20737153	230471
20738013	185588
20738143	230751
20738693	185889
20738853	185811
20739683	185555
20740023	185632
20740153	185672
20740443	230516
20740733	230409
20741013	185512
20741433	185482
20742393	230419
20742553	185636
20742843	185722
20743093	230507
20743123	185785
20743413	185875
20743543	230498
20744373	185450
20744403	185752
20744953	185611
2074623	48463
20747633	185428
20749613	185742
207567000003	35795
20769093	185550
20798253	220651
208045007613	368472
20805463	230776
20810358031243	373122
20810358031823	373090
20810358032493	373133
20810358032653	373180
20810358034343	373166
20810358035043	373156
20810358036163	373172
20810358036293	373108
20810573	11
208295205173	63554
208323208183	157689
20840013	13
20865153	230699
20865603	257494
20865733	185843
20865863	185557
20866273	185788
20866693	230415
20866853	230782
20866983	230484
20867003	185586
20867133	185874
20867393	185880
20867713	230740
20871015583	243994
20877453	185485
20877583	185587
20888849000313	264997
20897673	185861
20916893	185713
20918364643	182650
20918681023	182647
20930653	185887
20988333	185442
20990183	185767
21000000883	173827
21000001903	173892
21000007523	174454
21000007523	250598
21000008223	174107
21000008643	40426
21000008643	40428
21000009053	65170
21000023233	349901
21000024483	324353
21000024483	324369
21000025213	174108
21000025763	174191
21000026333	174036
21000026463	174056
21000026753	214421
21000026883	214421
21000026883	214422
21000026913	173868
21000026913	173868
21000030453	40400
21000031313	173883
21000032563	174054
21000032563	174065
21000033003	174146
21000033423	65194
21000033553	349930
21000034833	301683
21000035243	174305
21000037513	349874
21000040063	65193
21000042753	174258
21000043033	174362
21000043163	173851
21000044313	174119
21000045013	349954
21000045143	174022
21000046843	324340
21000048793	174116
21000048823	173886
21000049103	173958
21000049233	174153
21000049493	214426
21000049783	214421
21000050833	173848
21000051113	173985
21000051533	349918
21000051823	349900
21000052363	174173
21000053223	250551
21000053353	174056
21000053483	174047
21000053773	174400
21000053803	173839
21000054053	250534
21000054473	174148
21000055173	174293
21000055333	174096
21000056163	173969
21000057153	174225
21000057733	174282
21000058983	173792
21000060023	17350
21000060603	174267
21000060603	174267
21000062423	250572
21000062713	173789
21000063093	174126
21000063123	173965
21000064113	174189
21000065073	65229
21000065103	173811
21000066193	324365
21000066223	65235
21000066353	349858
21000067343	65185
21000067473	162881
21000067473	238384
21000067763	65237
21000068333	174184
21000068463	173829
21000068593	250532
21000068753	174469
21000068883	101059
21000069293	250606
21000069453	173874
21000069903	174060
21000069903	174061
21000070473	173930
21000070763	349918
21000070893	324326
21000070923	324376
21000071173	349868
21000072293	124488
21000072323	65184
21000072453	107269
21000073283	238448
21000073603	58411
21000074143	250530
21000074143	250531
21000074273	366632
21000074303	332538
21000074433	10181
21000074693	182269
21000074693	182270
21000075423	160177
21000076543	174265
21000076543	174265
21000077083	173782
21000077083	174310
21000077113	173784
21000077373	174115
21000077403	174288
21000079223	162882
21000082513	174312
21000122813	40402
21000123803	40403
21000301973	40429
21000601493	174298
21000602513	173774
21000602513	173928
21000604913	173781
21000611683	349858
21000611713	54202
21000613823	173923
21000614493	174209
21000614783	173972
21000616893	349915
21000620593	174279
21000626793	174180
21000632473	173869
21000638673	174303
21000640973	174365
21000642823	173914
21000646173	174389
21000653713	174385
21000653713	174386
21000658893	349860
21000671373	174184
21000677993	173794
21000725403	174191
21000744343	250596
21000750603	174076
21000777143	173797
21001900533	315526
21002005763	59398
21054430353	373628
21054660323	373631
21054670063	346671
21054670193	373630
210611018053	170863
21062012343	344069
21065000163	315489
21065000583	315470
21078102953	253610
2108803	173828
21100025113	78867
21108202073	275459
21110150843	202542
21110223073	202521
21110430143	202539
21110432123	202546
21110433243	202531
21130006243	297997
21130006533	297037
21130008483	296759
2113001474413	191968
21130032303	191714
21130032563	191988
21130035823	191646
21130042593	191796
21130042623	191679
21130042753	191766
21130043163	191635
21130043613	191923
21130043743	297826
21130044023	191792
21130044863	191678
21130045143	191786
21130045563	259249
21130045723	259230
21130045983	191673
21130046003	191803
21130047413	191796
21130047543	191871
21130047673	191858
21130047703	191769
21130048373	191908
21130048403	191656
21130048533	191690
21130048663	191787
21130048793	191778
21130048823	191868
21130049103	280790
21130049233	191977
21130049493	191795
21130049523	191820
21130061983	295604
21130062133	295590
21130063253	295363
21130063833	295540
21130065363	295593
21130065943	296307
21130067213	295549
21130067473	296742
21130068333	296335
21130068463	295472
21130069583	295377
21130070343	348860
21130070923	191725
21130071043	191624
21130071173	191622
21130071623	191731
21130071913	191740
21130072033	191924
21130072453	191622
21130073153	191626
21130073733	159141
21130074853	191734
21130074983	191649
21130075843	191874
21130075973	191989
21130076543	237652
21130077403	191919
21130078653	191887
21130079643	191841
21130081493	295355
21130081653	191970
21130081783	191963
21130082773	191897
21130083053	191929
21130084463	191948
21130085873	191733
21130087143	297412
21130087723	296089
21130087853	298603
21130088003	298594
21130088133	296403
21130088263	296792
21130088553	296924
21130088843	297641
21130089703	298132
21130090303	297896
21130090433	296705
21130090563	298343
21130091003	298041
21130091263	296696
21130091553	296884
21130091843	296705
21130091973	296029
21130092093	296748
211300926963	295982
21130092703	296744
21130093953	259177
21130094073	298185
21130094493	296382
21130094943	259198
21130095353	297783
21130095933	296427
21130096763	298607
21130098163	259237
21130098293	298483
21130098323	348881
21130098453	259188
21130098583	191815
21130098613	297535
21130098743	296482
21130098873	296961
21130098903	298045
21130099023	297113
21130099153	296786
21130099443	298699
21130099573	295401
21130099603	297291
21130099733	297122
21130100583	295387
21130100613	295583
21130100743	296430
21130100873	295478
21130100903	295483
21130101283	295532
21130104093	297942
21130104253	295412
21130104383	297666
21130106103	280807
21130107223	297571
21130109173	298168
21130109463	298065
21130110773	295507
21130110803	297683
21130111343	297358
21130111473	297253
21130111633	296563
21130112043	296969
21130112173	295416
21130112593	298668
21130113033	297007
21130113163	296661
21130113583	296656
21130113613	297985
21130115143	296578
21130115853	298278
21130116423	298145
21130117093	298214
21130117123	280900
21130117833	280904
21130118243	298492
21130118663	297214
21130118793	296752
21130118823	296745
21130118953	280838
21130119073	297885
21130119103	296349
21130119363	296718
21130119523	298659
21130119653	298628
21130119813	296206
21130119943	298389
21130120093	297974
21130120123	298121
21130120253	298222
21130120383	298152
21130120543	297242
21130120833	298399
21130121533	296297
21130122073	297877
21130122783	353577
21130122813	280744
21130123223	353552
21130123933	353628
21130124473	353630
21130124763	259206
21130125203	353534
21130125333	353554
21130125463	353622
21130126903	353618
21130127023	353586
21130127443	298309
21130127573	353580
21130127603	353595
21130128693	297973
21130128723	297395
21130128853	295936
21130130023	295431
21130133093	297368
21130133123	297494
21130133383	297206
21130133413	297745
21130133543	296720
21130135233	296244
21130136933	297366
21130137343	297200
21130138333	296832
21130139293	296216
21130139323	296264
21130140763	296693
21130140923	297770
21130141883	296922
21130141913	296680
21130142033	259268
21130142163	297175
21130142293	298262
21130142323	296163
21130143283	298018
21130143313	297841
21130144853	297287
21130145393	296698
21130145683	353527
21130145843	298115
21130146093	295638
21130146673	296964
21130146703	295630
21130146963	353614
21130148073	296698
21130148233	295591
21130148783	295697
21130149773	296443
21130149803	298144
21130151103	348833
21130152063	297564
21130152223	348840
21130152483	295647
21130152773	296421
21130153053	259213
21130153503	298230
21130153763	259269
21130154593	298258
21130154883	159243
21130154913	159231
21130155293	296534
21130155453	296596
21130155743	298330
21130156573	295490
21130156733	295471
21130157273	295385
21130157303	295603
21130158423	297275
21130158973	298557
21130159543	296326
21130159963	295677
21130160303	297646
21130161003	259247
21130161133	297689
21130161263	259240
21130162833	297434
21130162963	307179
21130163533	191883
21130163953	295648
21130164073	296387
21130164233	296946
21130164653	353526
21130165063	298156
21130165223	297362
21130166183	348816
21130168453	297255
21130168743	353566
21130170043	297469
21130172283	259169
21130172313	295917
21130173013	295649
21130175123	298237
21130176083	191775
21130176243	297137
2113017703	296394
21130179183	298570
21130179923	307164
21130180073	307180
21130180103	191857
21130180523	297571
21130182053	298465
21130182343	297932
21130182503	297932
21130183463	296493
21130183593	296599
21130184293	298654
21130184323	297316
21130184613	298279
21130185283	242478
21130185603	159148
21130186563	298577
21130187133	230572
21130188123	298078
21130188673	297618
21130188703	353597
21130189083	297675
21130191253	297290
21130191383	298435
21130191413	298571
21130193783	295775
21130193813	295690
21130194193	296738
21130196203	298099
21130196333	297736
21130197033	295567
21130197163	297596
21130197323	297468
21130198283	295600
21130198313	298345
21130199143	296135
21130199273	297284
21130199563	297173
21130204403	295909
21130206933	296142
21130207893	296559
21130207923	297579
21130208043	295470
21130208203	295536
21130214723	297131
21130233403	296508
21130241583	296586
21130241903	280764
21130242153	297368
21130242573	298336
21130242733	296766
21130243143	297368
21130250073	297034
21130250523	296771
21130250653	298552
21130250783	296932
21130250813	348897
21130252183	297447
21130252213	298110
21130252343	298259
21130252473	296576
21130252503	297991
21130252633	296935
21130252763	296848
21130252893	298515
21130252923	297798
21130254033	297166
21130254323	230713
21130254743	270962
21130255313	297204
21130255443	296378
21130256853	298310
21130262953	296896
21130265473	297254
21130266173	297516
21130266203	298026
21130266333	298590
21130271153	348851
21130281213	297735
21130282623	280804
21130282913	298007
21130283583	298128
21130284993	296772
21130285013	295766
21130285273	296067
21130285693	295879
21130285723	295826
21130285983	295714
21130286133	348839
21130286973	298193
21130287253	295835
21130287673	295656
21130287703	297104
21130291663	332870
21130293483	298084
21130293773	298059
21130294213	296530
21130294343	298565
21130294503	332856
21130294893	297446
21130294923	332868
21130295333	297945
21130295883	298424
21130295913	297299
21130299553	295947
21130299683	296752
21130299713	296745
21130300013	296513
21130300143	298002
21130300273	298666
21130301713	296245
21130302123	296314
21130302673	298636
21130303113	296141
21130303243	298381
21130303793	297536
21130303823	296583
21130304653	307171
21130306053	298647
21130306183	297302
21130306343	295987
21130306763	298610
21130307043	296002
21130307463	298260
21130307883	297849
21130308743	297118
21130308873	297853
21130309023	297014
21130309603	298123
21130310623	156630
21130311873	296471
21130313693	270966
21130314553	297800
21130314683	297310
21130314713	297814
21130315703	297785
21130316953	297913
21130317073	298080
21130320233	298435
21130320363	296073
21130320523	297923
21130321063	296715
21130321513	298685
21130322473	297363
21130322763	297427
21130323043	297108
21130323913	296941
21130325023	280861
21130325283	298734
21130326143	298236
21130327263	296051
21130331123	297709
21130332083	191834
21130332113	191890
21130334193	298301
21130334353	298304
21130334773	296243
21130335053	298421
21130335183	297082
21130335213	296887
21130335343	297076
21130335473	296266
21130335503	298266
21130336883	297567
21130336913	295653
21130337453	295707
21130337583	295665
21130338023	298700
21130338153	297777
21130338283	296930
21130340163	297517
21130340903	297489
21130341023	296472
21130341153	297030
21130342013	298242
21130356133	298266
21130370023	296608
21130372133	296352
21130372263	297265
21130372393	296598
21130380923	297271
21130382293	298064
21130382323	280821
21130400263	296734
21130405053	296362
21130405183	296983
21130409433	348871
21130418923	295889
21130419043	295724
21130419173	295903
21130419203	295921
21130450923	297087
21130455553	297059
21130455713	297258
21130461363	296433
21130461523	298378
21130462513	296779
21130462643	298720
21130465293	296036
21130465453	296188
21130473083	296033
21130475063	297304
21130477593	297235
21130479443	297360
21130479863	296429
21130480203	296464
21130480463	298377
21130480593	296078
21130480623	297151
21130480883	297298
21130481033	298289
21130493463	298629
21130493623	296242
21130493753	297593
21130493913	298125
21130494583	297581
21130494613	297563
21130494873	298519
21130494903	297602
21130495023	298203
21130495313	296184
21130495573	298533
21130496013	298296
21130496303	296043
21130501113	297917
21130501243	297917
21130501663	295998
21130501793	297432
21130501823	298506
21130502103	296458
21130502363	298657
21130502523	298467
21130502653	297064
21130502783	296499
21130502813	297066
21130505043	296994
21130506033	298211
21130506163	296910
21130506323	296989
21130507283	298713
21130507313	298712
21130512553	280824
21130512553	296476
21130512713	297025
21130512843	296201
21130513383	295971
21130520343	298171
21130557813	280787
21130557943	298313
21130558063	296496
21130558193	296655
21130558223	297875
21130600533	295814
21130662623	297416
21130702183	295855
21130702343	280760
21130702503	280856
21130702763	295827
21130771943	297867
21130791743	295612
21130799473	280809
2113094213	296533
21130980833	295728
21130981083	295417
21130981113	295803
21130981373	296573
21130981403	295854
21130982783	295710
21130982943	280833
21130983353	295830
21130984473	295690
21130984763	296270
21131000103	197826
21131000233	198083
21131000363	197939
21131000363	198097
21131000653	197881
21131000653	197882
21131009373	198073
21131301583	197914
21131301583	198017
21131301613	198074
21131302153	197864
21131451073	198069
21131501273	197896
21131501273	198011
21131501303	198012
21131504663	198051
21131504663	198135
21131506353	198006
21131506643	198107
21131506933	197823
21131506933	198096
21131508173	197820
21131508173	197974
21131509033	197927
21131509453	197810
21131800253	197851
21131800253	197984
21131800383	197856
21131800383	198043
21131800413	198036
21131800413	198076
21131905323	198033
21131905323	198070
21131905583	198166
21136013573	336667
21136020373	336673
21136020373	336674
21136181333	336670
21136181463	336671
2114000173	368274
2114000343	368199
2114000773	368376
2114001193	367983
21140015273	368068
21140015303	368070
2114001553	258048
21140018373	368194
21140019493	367995
21140020673	368000
21140021083	368281
21140022363	368234
21140022493	367990
21140022523	368177
21140022653	368140
21140022783	368169
21140022813	367897
21140023193	258031
21140023223	258034
2114002353	368367
21140023933	107558
2114002403	258039
2114002433	258043
21140024473	368322
2114002453	368351
21140024633	367960
2114002533	368325
2114002613	367868
21140026293	367868
21140026903	368235
21140027283	368346
21140027443	368193
21140027573	368312
21140027733	368005
21140028143	368217
21140028693	368378
21140031563	289397
21140031723	289436
21140031853	289424
21140032423	289673
21140033093	97740
21140033123	97739
21140033383	289404
21140033413	289386
21140034373	289572
21140034953	289089
21140035073	54790
21140035233	288819
21140035523	289071
21140035653	288951
21140036193	289410
21140128133	368271
21140142153	368156
21140162083	367877
21140200693	368374
2114021273	368229
2114021283	368228
2114021563	367847
2114021833	368120
2114022073	368219
2114022333	367849
2114022343	368147
2114022353	368103
21140249333	368236
2114025433	368115
21140260413	368141
2114026053	368087
2114026063	367969
2114026103	367876
2114026393	368330
2114026673	368167
2114026683	368251
21140307743	368334
21140309563	368148
21140324023	368130
2114039523	368007
2114045023	367872
2114045973	97732
2114060823	367982
21140608253	367955
2114060833	367988
2114061403	367926
2114061433	368299
2114063403	368302
21143331363	109312
2119003	173875
211910388373	308091
212073219733	170978
21248102653	234537
21248102943	234510
21248106583	234534
21248167263	234545
212719804323	259229
212823717243	170458
21300501103	185214
21331124463	123266
21333000253	91587
21333000703	91589
21333001243	91580
21333030083	91454
21333030113	91267
21333050623	91266
21333070713	91308
21333070973	91322
21333071383	91233
21333081023	91489
21333112093	91277
21333220163	91299
21333220323	91507
21333220743	91316
21333220873	91320
21333220903	91316
21333222143	91604
21333222433	91406
21333222983	91245
21333223423	91264
21333225083	91263
21333225113	91514
21333302203	91347
21333305143	91206
21333322003	91269
21333332583	91413
21333399203	91271
21333399333	91292
21333400473	91336
21333400503	91329
21333400893	91394
21333400923	91331
2133340093	91396
21333401043	91546
21333401173	91560
21333410113	91492
21333440103	91418
21333600033	64191
21333600293	64122
21333601023	91432
21333702003	91464
21333816243	91202
21333820523	91564
21333830263	91439
21333980203	91364
21333980333	91275
21333990073	91370
21333990103	91470
21333991063	91573
21333991193	91548
21333991483	91272
21333992473	91273
21333992503	91360
21357941303	143708
213604015213	158860
21421712433	329018
21438000073	257979
21463197823	275504
21466046593	20714
21487761253	347033
21500000703	182878
21500004503	182885
21500010443	4527
21500010573	182918
21500010603	182920
21500010993	182879
21500012133	182849
21500012553	182847
21500013093	182848
21500013413	182875
21500013413	182876
21500013963	182887
21500014403	182859
21500042093	182866
21500042093	182867
21500111003	182916
21500111003	182940
21500202053	182871
21500207003	182938
21500222013	182885
21500244503	182861
21500800303	182886
21500806213	182914
21511134763	109603
21511137153	246551
215163205173	51145
2152503	65249
215390530253	170925
215491100003	301559
21559550013	44830
21559550303	44831
21600104233	59960
21600104363	60124
21600105193	59821
21600105353	60601
21600105513	60482
21600105643	60288
21600106763	60472
216020314373	170891
21605055363	49694
21605056933	49693
21605057053	67847
21605078003	67852
216053006023	61260
2162403	173900
216287807823	157688
21698045883	145572
21724603063	352344
21724605203	322009
2173603	250553
2174903	174342
2175203	250596
21788504603	190290
21788506973	190259
21788507703	190278
21788577003	190256
217906105603	74347
2179403	173962
21795066033	137754
21795525233	137765
217990607533	304655
218236003133	202249
21834497583	142133
21834541033	142139
21834551063	142130
21834590123	142117
21834591793	142143
21834592783	142113
21834593353	142142
21834595623	244054
21834597443	142144
21834598143	142135
21859040153	166527
21859043383	166526
2187703	250566
21893397503	81022
21900060093	335880
21900062073	335860
21900062813	335918
21900982043	335895
21900982173	335839
21900982173	335901
21900982333	335925
21900982593	335887
21900982623	335869
2190503	65177
21908100593	50793
21908100623	111058
21908103013	181280
21908103693	181538
21908109633	181389
21908109633	181457
21908109893	50792
21908110783	111124
21908113753	50842
21908115863	181333
21908115863	181337
21908115993	181350
21908115993	181354
21908116563	181380
21908116723	50756
21908116723	50832
21908119113	181380
21908119953	50592
21908120393	50815
21908120423	181476
21908120683	181374
21908122373	50794
21908123813	50598
21908123813	50677
21908124353	181326
21908126593	50599
21908126593	50678
21908128153	50588
21908129853	181418
21908129853	191567
21908131993	50659
21908131993	50660
21908133133	50597
21908133133	50675
21908133133	50675
21908136813	50706
21908137483	181564
21908174143	50800
21908246833	50732
21908289243	50768
21908289243	50768
21908406053	111048
21908406763	50785
21908406763	50838
21908407753	50776
21908407753	50792
21908429953	50666
21908430973	50639
21908439013	50575
21908450353	181393
21908455563	50672
21908459943	181436
21908459943	181439
21908461823	181410
21908467863	101157
21908471013	181296
21908476223	50752
21908476223	50791
21908484433	101142
21908485263	101167
21908486543	50849
21908488073	181441
21908490663	181551
21908493343	50802
21908493343	50802
21908495743	181390
21908498263	50628
21908498263	111052
21908500263	50610
21908501413	50633
21908501413	50729
21908501673	50714
21908501673	50809
21908504193	50622
21908504193	50668
21908505183	50786
21908507033	181547
21908509143	181448
21908509273	181291
21908511863	50746
21908512433	101135
21908513713	181479
21908514673	111208
21908515083	181302
21908515823	111215
21908525013	50815
21908525013	50815
21908632063	50604
21908632063	111049
21908812243	101162
21908812663	101159
21908812663	101162
21908812793	101165
21908965123	50621
2192103	65217
21985220283	122053
21985220313	122048
22000011473	313240
22000011893	302923
22000012463	186288
22000012753	302953
22000014443	313238
22000014863	186296
22000014993	313230
22000015273	370505
22000015303	238024
22000016003	186325
22000016393	89895
22000016713	370517
22000017093	313288
22000017383	238022
22000017673	313224
22000017703	186346
22000017833	302888
22000018823	302896
22000019103	89881
22000019233	186323
22000019653	186292
22000019943	313271
22000020673	313295
22000021113	162407
22000021243	313291
22000021533	2663
22000021953	149261
22000024343	313225
22000027863	8311
22000073563	302950
22000073723	313237
22000073983	313267
22000074003	313210
22000079503	186284
22000100313	302923
22000100733	2664
22000107893	370525
22000108883	370510
22000109743	162412
22000109873	149260
22000109903	370514
22000110213	89906
22000112583	89911
22000117373	186298
22000121493	313209
22000126283	89891
22000126993	89882
22000127013	2661
22000135513	162418
22000135803	149253
22000155863	370520
22000168863	103225
22000168863	370519
22000196453	2659
22000277763	89894
22000279583	313221
22000279743	302888
22000279873	302911
22000280343	186289
22000280763	313296
22000280893	313199
22000281623	186304
22000282323	89889
22000282903	302904
22000283863	238028
22000283993	313216
22000284143	302942
22000285263	186303
22000286703	313266
22000287373	302953
22000288233	302933
22000290533	186326
22000292193	186293
22014031023	230033
22014240623	230033
22014410323	230004
22014640003	230006
22014640553	230051
220200207423	366866
220518710783	245803
221130045673	259255
22174019633	46478
221812165903	171330
221854640963	171372
22196000763	59999
22196000923	231209
22198008293	204277
22198008453	188978
22198008583	204270
22198008743	204288
22224200813	366790
22224215213	167003
22224215213	167004
22224500203	172295
22224501163	322835
22224507523	138485
22239020123	287942
22239050403	287939
22239050403	287940
222756727073	170590
22300000023	49293
22332337043	83953
22469726383	71359
2248303	238039
224831823083	170613
22506002333	310869
22506002913	310914
22506003873	310903
22506003873	310915
22506111103	310885
22506137103	310866
22506138063	310891
22506201163	310849
22506201163	310893
22506201323	310911
22506324053	310858
22531000243	157658
22531055403	77155
22531301043	345289
22531503003	157661
22531503003	157662
22531506523	157664
22539000023	46443
22592001203	242668
22592066653	242648
22592446073	242651
22592446523	242679
22592447063	242667
22592906553	242661
226001905193	336311
226306059683	170940
22635608123	351445
22652163223	98696
22652163803	98695
22652192063	246156
22652196573	246174
22652240283	319130
22655228103	45004
22655241263	45014
22655287803	44931
22655303053	44989
22655305583	45021
22655306313	45024
22655415183	44961
22655501183	45028
22655715153	92440
22655715443	44911
22655716303	45024
22655717713	44974
22655717713	45007
22655723523	44915
22655723523	44921
22655810353	44927
226954214243	170624
22783003023	255028
22825201363	184296
22852665503	78896
22929302263	322235
22929429793	322208
22961009373	302361
229736000003	119994
229971013493	220467
23000351453	299167
23000388503	306081
23000430783	306088
23000435993	253469
23000436303	306091
23000438673	255600
23000439663	306093
23000500943	149890
23000966053	41511
23000982053	41506
23005001513	347227
23005001513	347230
23005002473	347229
23005006143	347223
230302004073	341303
230302103653	341304
230471128273	171051
231300121373	170462
231300625253	170539
231542112863	209553
231708602993	325394
23200000373	131274
23204382413	323789
23204386633	158498
232044200003	289882
23254313313	131923
232653228733	170910
23269460033	156905
23278410203	307522
232807828413	170533
232976321173	170981
232976322613	170980
233379105483	145730
233591902693	325250
233724427093	170389
23384103143	4119
23384103143	4131
23384124063	4027
23384124063	4134
23384141053	35186
23384143163	35174
23384143453	35173
23384144153	35168
23384144153	35184
23384155203	90356
23384211053	4019
23384270173	3991
23384270173	4117
233973536553	171192
23402087103	118284
234778822483	170697
234999203993	325470
23545002643	178918
23545002803	178956
23545041703	178991
23545051153	178900
23545101483	178968
23545101483	178969
23545101513	179011
23545101643	178919
23545104033	178963
23545104033	178964
23545104453	272147
23545104453	272150
23545201763	178894
23545203323	179015
23545211113	145013
23545211243	145018
23545305003	178886
23545401163	178889
23545401163	178890
23545500583	178916
23547222063	322136
23547300013	85325
23547400553	214510
23547847013	217212
23547916313	85323
23562080013	331304
23604467093	344869
236215602993	325256
23624070303	247149
23625012173	307505
2362706003	18691
2362708003	18779
2362708023	18714
23627080293	18779
2362708033	18779
2362708063	18663
2362708073	18760
2362709023	18728
2362713013	18665
2362714053	18839
2362719063	18816
2362719073	18639
2362720003	18603
2362729013	18661
23627362153	18719
2362737003	18629
2362739013	18727
23627410953	3547
2362741123	18741
23627416863	18671
2362742013	18668
2362748003	18624
2362753183	18817
2362753223	18647
23627540933	18751
23627550123	18790
2362755103	18795
2362755123	18771
23627560023	18599
23627560443	18672
23637410783	9497
23637410813	9472
23637413883	65602
23637413913	65608
23637419663	48377
23637420843	220851
23637421123	145638
23637423943	338205
23637424643	204296
23637425053	323541
23637425893	338247
23637428283	145646
23637428573	57954
23637461273	80609
23637461303	48517
23637461433	48512
23637461983	96017
23637463703	45416
23637463833	45421
23637469163	48366
23637469293	48369
23637469323	48378
23637474853	323538
23637491423	96022
23637498323	145627
236598000003	35855
236604000003	35766
236611000003	36013
23698100043	373367
23698100173	373370
23700003683	346194
23700011183	345662
23700013583	345592
23700014153	345935
23700014283	345800
23700016263	345989
23700018663	345707
23700020123	345560
23700024213	345650
23700025753	346172
23700025883	346186
23700026033	346182
23700026163	346176
23700026323	346184
23700030443	345868
23700033673	345676
23700033673	345850
23700033833	345615
23700035493	345739
23700037763	345976
23700039163	345950
23700039613	345676
23700040053	345967
23700040183	345925
23700040183	345926
23700043023	345897
23700043283	345997
23700043733	223460
23700044723	345981
23700045003	345853
23700045973	223462
23700046253	346035
23700046543	345921
23700046833	346127
23700050403	345990
23700050793	345616
23700051233	345834
23700051813	346149
23700053343	345748
23700053763	346159
23700054173	345694
23700055453	346009
23700055873	345994
23700056313	346128
23700057693	345663
23700057723	345587
23700058263	345918
23700059673	345696
23700103093	346054
23700103253	346076
23700162243	345680
23700463463	346044
23700497673	345728
23700498403	345724
23700510303	346195
23700514523	211834
23700606273	346043
23700636133	345921
23700674173	346023
23872005003	196162
23882197613	184382
23882197743	330718
23882830473	7865
23896166803	255694
23896166803	255730
23896177113	255754
23896225203	255715
23896245003	255756
23896291833	255709
23896420653	255757
23896800233	255719
23907895333	193705
23923201903	81933
23923203013	81946
23923206533	81916
23923206793	81928
23923206953	81955
23923331433	81932
23923333543	81935
23923345553	81913
23923900103	81934
23926100203	77389
23926101033	77390
23933001043	75473
23933007823	75413
23933008813	75293
23933009803	75381
23933100753	75352
23933104843	367729
23933300573	75584
23933301563	75583
23933302263	75406
23933302973	77146
23933651613	75635
23933653563	75361
23933655963	75515
23933664613	75541
23933666563	75296
23933674063	167207
23933676043	75494
23933676623	75513
23933677163	130214
23933679563	75498
23933680743	75484
23933682433	75490
23933686073	75528
23933686103	75510
23933930633	75561
23933930763	75624
23933931753	75596
23933933023	75648
23957600253	90428
23964165073	286926
23964745053	286927
23964759043	286931
24000001423	73788
24000001973	73853
24000010623	73998
24000010753	73993
24000012313	73864
24000012443	73592
24000013693	73524
24000013723	73953
24000013723	73953
24000013983	73652
24000015963	73864
24000016533	73839
24000025603	73616
24000027713	73982
24000027973	73900
24000041863	73807
24000060963	178797
24000118473	73927
24000132073	73797
24000132073	73991
24000140733	73598
24000162933	73551
24000163053	74032
24000163183	73662
24000167013	73736
24000167143	73817
24000167273	73737
24000167303	73915
24000222453	73730
24000223573	73671
24000223603	74025
24000241133	62346
24000244233	73667
24000248453	73923
24000248873	73850
24000248903	63257
24000249993	73557
24000250463	73762
24000250463	73763
24000251903	73982
24000252283	73965
24000252313	73810
24000252733	162017
24000252733	162019
24000253853	73661
24000254263	239182
24000254683	73980
24000254713	73620
24000255383	73620
24000255543	73971
24000256083	324719
24000257233	162026
24000257943	63256
24000322023	62326
24000322023	62328
24000343363	63288
24000356653	63289
24000356783	63246
24000393283	73581
24000393283	73630
24000393443	73618
24000394433	73559
24000395553	73988
24000497813	62328
24000497813	62328
24000523413	73588
24000523673	73812
24000525813	15744
24000550433	73607
24000577423	73905
24000577423	73906
24000577843	73637
24000579823	73969
24000622543	62336
24024161103	69048
24024207313	69062
24024207313	69062
24041263	370231
240415205663	202240
24075213	229897
240808304263	202239
24094001613	72122
24094070343	72069
24094070343	72088
24094110933	72125
24094480043	72081
24094740123	72099
24094740413	72092
24094740413	72098
24094760343	72079
24100000173	54144
24100000173	54144
24100103003	165704
24100105243	54191
24100108213	165726
24100109333	54188
24100109333	165728
24100109623	165727
24100110353	165722
24100110513	54140
24100110773	54140
24100113873	54182
24100114993	166238
24100116263	54149
24100116683	54120
24100116683	54121
24100117703	54163
24100118793	54149
24100120383	54149
24100121823	54163
24100122363	54163
24100123223	166278
24100126163	54190
24100204113	166281
24100248773	165744
24100573813	166282
24100577163	166291
24100594733	166256
24100788873	166232
24100940233	320959
24102407963	321936
24105525053	118664
24105583053	162862
24105624053	118677
24105865753	118662
241133511203	99037
24126008993	184999
24126014703	57817
24126016073	184985
24126016943	145794
24126017063	184994
24126017353	232455
24126017513	185028
24126017643	184989
24126017933	45202
241407319283	171157
2416803	73848
24177603	370233
24182000283	82977
24182000443	82949
24182000573	82863
24182000603	82912
24182001143	82944
24182002003	82961
24182002263	82874
24182002393	82878
24182002553	82936
24182002843	82876
24182011043	82941
24182025453	83005
24182210453	82872
24235024303	265657
24284000273	305933
24284541363	305927
24284549543	305926
24292040353	51214
24292134533	51206
242940319563	64393
24300012013	79217
24300012273	79230
24300016073	79226
24300031083	318644
24300031113	318630
24300031243	318649
24300033063	318645
24300041013	188440
24300041143	188514
24300041303	188675
24300041433	188646
24300041563	188492
24300041723	188613
24300043093	188687
24300043123	188503
24300043253	188549
24300044113	188443
24300044403	188499
24300044533	188471
24300044663	188656
24300044793	188677
24300044823	188532
24300044953	188466
24300045073	188559
24300045103	188441
24300045233	188461
24300045493	188588
24300045493	188624
24300781063	318625
24300806063	188527
24300833823	188485
24300835223	188572
24300835933	188682
24300837333	188558
24300841323	188502
24300865923	188478
24300867613	188535
24300871023	188672
24321908203	246080
24354350093	304924
24354350123	304923
24354403003	323516
24354650483	48353
24354805463	48343
24354805593	48354
24354905323	10609
24400633873	159011
24435777573	235421
244418000003	82647
24463061163	149977
24463061163	149977
24463061163	149978
24474382493	250118
24497606903	157553
24508000003	25093
24515029783	362879
24557701203	3609
24557862133	84423
24600010863	216958
24600011013	216973
24600011433	216964
24600011853	216984
24600011983	216965
24600011983	216965
24600017503	216992
24600019873	216972
24606999063	178671
24622562623	278538
24627810453	302445
246481915123	64379
246655320623	170432
246655823643	170956
246779138593	171421
24682005023	142941
24682008543	143110
246960906123	79149
24732232263	199024
24732248653	232698
24732258133	41557
24732282053	220700
24739150003	294626
24739150003	294627
24739160293	294646
24739300293	214354
24757854143	159334
247731121653	170915
247735621593	171443
2481082838763	136963
24812500053	365179
248157000003	6659
24823950083	372243
24842182113	43871
24842182113	43872
24842440053	43855
248983	339823
24960793	199040
24962456163	226958
249853502143	352346
25000010873	214099
25000010903	214107
25000017483	214153
25000019333	300478
25000021213	214106
25000025143	214198
25000025433	214137
25000027543	214215
25000027543	214216
25000032233	214126
25000034763	332001
25000036743	301734
25000037993	300523
25000040863	301734
25000047633	214134
25000047633	214136
25000047893	214199
25000047923	214175
25000048043	214138
25000051753	301728
25000055423	301747
25000062773	214232
25000100383	301725
25000101403	143665
25000121203	214157
25000121203	214229
25000131363	214207
25000132643	300497
25000132643	300524
25000134593	214212
25031713	271108
250475011043	158761
25065001113	215470
250669105763	340389
2506803	53660
25073252583	320947
25085008253	53266
2510523	149935
25105841273	193877
25105861363	193879
2511823	149929
25121223	370246
25153124243	215472
25155000163	74723
25155000293	349944
25155000323	349960
25155000453	74725
25155000583	74762
25155000583	74763
25155057013	74738
25155067043	349961
25293000933	298893
25293000933	298932
25293001053	298827
25293001053	298949
25293002043	298814
25293002043	299019
25293002173	298810
25293002173	298885
25293002753	298850
25293002753	298887
25293003743	298855
25293003743	298873
25293003743	299036
25293004443	299002
25293004573	298858
25293004573	298952
25293004573	298952
25293005563	298794
25293005563	299027
25293005563	299027
25293600393	298949
25293600393	298949
25293600393	298977
25293600423	298939
25293600423	298939
25293600423	298972
25293602083	298973
25315368843	198271
25317005593	13685
25317005753	13713
25317005883	13712
25317005883	13712
25317005913	13683
25317005913	13683
25317100083	13706
25317105903	13672
25317111003	13774
25317125673	13751
25317205863	13739
25317218603	13768
25317291873	13683
25317291873	13683
25317315173	13790
25317322003	13720
25317393003	13716
25317520003	13780
25317533003	13769
25317562003	13759
25317616003	13731
25317668033	13676
25317674003	13744
25317690003	13724
25317773003	13723
25317856003	13771
25317856003	13771
25317871303	13717
25317872003	13742
25317886963	13682
25325121483	16361
25325141863	49993
25325141863	49994
25373471363	46803
25400000443	17373
25400001563	145470
25400011043	17368
25400041453	145455
25400076363	145465
25400621303	145459
25407803603	195981
25407804303	195984
25407805003	195974
25407806093	195986
25439803083	326288
25444001833	143703
25468711053	85229
25484000063	222499
25484006713	222460
25484007093	222488
25484007123	222441
25484007383	222481
25484007383	222481
25484007703	222442
25537200013	363530
255501526003	170635
255502018613	170912
255503631033	170526
255504523733	171180
255506133503	170916
2555510903	81163
25555300283	353110
25555300573	353153
25555302553	347018
25555701653	353123
25555800073	347025
25555800103	347020
25555821603	353125
25555823003	353183
25555991283	353128
25555991993	353208
25555993133	353211
25555995953	353133
25555997193	353209
25555998893	353169
255713008083	351066
25583001503	335439
2558300423	335413
25583074613	335431
25600000083	326840
25600000373	326844
25600000823	326779
25600002193	326732
25600002193	326732
25600002353	326710
25600002483	326818
25600002803	326811
25600003503	326720
25600003503	326721
25600005613	326748
25600005613	326749
25600007013	326681
25600007013	326681
25600007273	326923
25600007273	326923
25600007303	326830
25600007853	326900
25600007853	326901
25600009673	326802
25600085073	326928
25600085943	326869
25600086063	326853
25600086223	326854
25600086483	326728
25600087213	326742
25600087213	326743
25600089033	326827
25600089163	326917
25600089293	326784
25600089613	326688
25600090893	326905
25600091463	326879
25600091623	326776
25611620713	84487
256219612873	339793
25675010703	246312
25675014893	246477
25675015173	118279
25675015173	246399
25675015203	246424
25675015463	246472
25675015753	246462
25675015913	246348
25675015913	246348
25675016033	246473
25675016033	246473
25675031203	19575
25675031203	19576
25675051003	246393
25675051683	246457
25675120433	19578
25675122253	246479
25675122673	246346
25675122963	250186
25675122963	250215
25675124073	246300
25675124783	246374
25675124813	246382
25675124813	246382
25675125353	246342
25675301153	246419
25675302433	19567
25675751163	246303
25675820173	246313
25688187713	230305
25726311223	169671
25737004053	362704
25753032993	197506
25753032993	197507
25753033013	197458
25753041513	197474
25753041513	197475
25758010033	365150
25800000043	303831
25800000173	303847
25800000333	303845
25800000333	303846
25800000593	303854
25800000623	303905
25800000623	303959
25800000883	303951
25800000913	303997
25800019373	303965
25800020133	303881
25800020393	303875
25800022243	303873
25800022403	303923
25800022953	303953
25800022953	303954
25800026753	303906
25800027743	303869
25800029563	303973
25800036783	303971
25800039333	303939
25800048083	303895
26086262903	173525
26086266093	173514
26181102043	160347
26200001883	303452
26200001913	303432
26200001913	303471
26200002293	303374
26200002583	303353
26200006093	62871
26200006123	303275
26200006413	303320
26200006413	303417
26200014623	303405
26200106243	71276
26200112053	303338
26200113883	303328
26200116303	71286
26200117003	303299
26200117553	303341
26200117553	303345
26200117683	71282
26200117713	71253
26200117713	71263
26200119243	303349
26200140513	303369
26200140513	303478
26200141473	303367
26200141473	303469
26200141633	303264
26200141633	303376
26200144443	303443
26200144863	303342
26200144863	303361
26200144993	71286
26200154893	303345
26200154893	303350
26200171203	303339
26200171753	303407
26200171883	303450
26200171913	303394
26200172323	303289
26200183183	303379
26200230573	303295
26200230603	303421
26200238913	71250
26200321103	248180
26200391953	248185
26200391953	248186
26200423883	71249
26200464633	71257
26200471563	12152
26200471693	12129
26200471723	12132
26200520193	248176
26200762463	303467
26200772363	71270
26200772363	71298
26200792323	303396
26200792453	303334
263550511093	340544
26395760053	187037
26395762163	187038
26396501013	290120
26396908843	290121
26400105183	70860
26400120513	70923
26400124023	70927
26400126003	70901
26400128083	70852
26400171003	70872
26400232803	70850
26400234203	70851
26400405283	70847
26400411253	70886
26400418023	70905
26400440383	70884
26400440413	70889
26400440673	70856
26400441243	70936
26400700203	70864
26400802563	70917
264125703103	316056
26489489853	82362
265253000003	35889
26542011533	294794
26542013483	304624
26542056053	294770
26542056213	294849
26542056473	294857
26542056503	294869
26542056763	294851
26542057333	294825
26542059153	294843
26542059443	294855
26542083233	330180
26542084063	294875
26542084193	294870
26542084223	294765
26542120143	294829
26542120693	294840
26542311343	294803
26568001143	275451
26573100053	123096
26605120073	2626
26633818553	170833
266342000003	36126
26638002643	134665
26638200223	134624
26638221013	134648
26638221013	134663
26638227633	134640
26638229583	134675
26638269503	134658
26662111373	63908
26662111663	63885
26662111793	63886
26662111823	63872
26662112493	63920
26662552343	63852
26662750183	63832
26662753283	63845
26700129063	71776
26700137433	190366
26700140013	58392
26700147043	118688
26700148453	21670
26700156793	118688
26700156823	118685
26700159343	21633
26700162183	350022
26700191893	71746
26800001313	10471
26800001603	10507
26800004253	10503
26800006363	227643
26825000063	112459
26825000063	112459
26825000193	112461
26825003613	115227
26825008113	115237
26825008373	115233
26825008403	115234
26825008533	115207
26825008793	115240
26825009493	115218
26825009813	115254
26825090323	112442
26825090323	112469
26825091023	112436
26825091023	112456
268719512973	339524
26875109143	170350
26875134893	170343
26883221103	268127
26883222513	268235
26883231713	268177
26883233083	268203
26883261413	268139
26883266203	268160
26938737603	369948
26977403033	128926
27000001073	149860
27000001233	239998
27000001233	240017
27000002223	305250
27000002223	305253
27000002643	149766
27000002643	149901
27000012543	305264
27000050163	305184
27000050163	305185
27000073193	239955
27000073193	239976
27000101353	305190
27000103333	50147
27000112403	196823
27000220603	159405
27000224243	159433
27000229323	23088
27000254653	159432
27000310083	98343
27000311493	98339
27000311493	98363
27000333013	305258
27000333013	305271
27000378373	149886
27000378373	149888
27000378823	149746
27000378823	149793
27000378953	149786
27000379073	149825
27000379233	12232
27000380123	149861
27000380123	149924
27000380673	12219
27000381083	149752
27000381793	149770
27000381823	149732
27000382073	149901
27000382493	149830
27000384923	149762
27000384923	149901
27000388013	149921
27000388273	149835
27000388273	149907
27000389843	149836
27000389843	149907
27000390283	149871
27000390573	149852
27000391853	12204
27000412633	305225
27000419083	305265
27000419113	305234
27000419113	305245
27000419243	305222
27000419823	305231
27000419823	305269
27000419953	305170
27000420683	305276
27000420713	305169
27000420713	305170
27000422373	149881
27000422403	149879
27000480793	239955
27000480823	239933
27000481813	239921
27000485583	239963
27000488553	239989
27000490143	239995
27000490143	240033
27000490303	239912
27000520093	239941
27000523223	239931
27000523803	239910
27000554173	305274
27000601303	240030
27000608913	149922
27000609033	149774
27000612163	362209
27000612323	362208
27000623183	239914
27000623183	239980
27000623213	240006
27000687543	239922
27000687543	239923
27000786963	240011
27000823293	239997
27000882313	240037
27000892343	239954
27018104223	119387
27018105053	119390
27018105213	119397
270476814153	170678
2706193005393	249183
27064591213	351738
270735607533	339480
27086195963	78244
27086248843	78255
271113325483	170588
27164314873	362653
27164317423	313325
27164318123	362646
27164319373	313326
27164322793	313325
27164322953	362656
27164323073	362652
27164325213	313319
27182019903	12471
27182024303	89376
27182516563	345620
27182532143	52850
27182544863	345570
27182553483	345954
27182565943	344000
27182574983	153357
27195843823	348723
27199001113	347379
272321822603	339573
27241586513	243460
27241588203	243462
27241590053	243448
27241590503	243472
27241596123	329176
272426505593	341027
27246101193	157460
27246109403	157463
27246122303	157474
27271103063	40791
27271121333	40797
27300100223	88943
27328113403	329035
27331000233	178091
27331000363	178071
27331000493	178057
27331000493	178090
27331005023	350267
27331005153	178083
27331010553	178063
27331011673	178065
27331020583	350263
27331020613	235135
27331032333	235130
27343018493	196282
273460005063	5232
27393007423	116102
27393014223	116098
27400103223	64676
27400130113	64672
27400264993	64676
27400264993	64678
274036306393	339483
274038308203	339609
27484120833	338924
27484121083	338922
27500095343	15556
27500095473	15577
27500095923	15546
27500613363	146349
27568005803	342801
27568011163	342894
27568011163	342981
27568020073	342973
27568020103	342902
27568020103	342902
27568025023	342987
27568025153	342987
27568025573	342816
27568025573	342816
27568026013	342876
27568026013	342877
27568028253	342814
27568028253	342814
27568033073	342915
27568033073	343034
27568033103	342913
27568033103	342922
27568033363	343025
27568033363	343025
27568033523	342961
27568034803	342964
27568034803	342965
27568035053	342917
27568035053	342917
27568038603	342938
27568038603	343045
27568042693	343001
27568042693	343050
27568043003	342856
27568043003	342857
27568049203	342994
27568049203	343046
27568049463	342810
27568049463	342811
27568049753	342831
27568051213	342903
27568051343	342862
27568051343	342868
27568051923	342863
27568060253	342998
27568060253	342998
27568060383	343014
27568060383	343016
27568060703	342799
27568060703	342846
27568061243	342910
27568080633	342942
27568080633	342944
27568095323	342851
27568095453	342823
27568095453	342888
27700548793	218511
27700679053	218518
277188719233	82853
277563011433	340622
27800060133	164754
27800061673	164715
27800061673	164716
27800062823	164770
27800063493	164613
27800063493	164722
27800063943	164687
27800064773	164761
27800064773	164765
27800065763	217302
27800067903	164829
27800071993	164686
27800072563	164813
27800072723	164740
27800101843	217279
27800102413	164762
27800545043	217314
27815001183	82721
27815002333	82683
27815002463	82691
27815003453	16125
27815004573	16150
27815004603	51603
27815020023	197532
27815020153	16176
27815020313	16174
27815111363	192665
27815179783	16133
27815220423	16129
27815300583	82687
27815300613	82728
27815302563	51595
27815307223	139294
27815307513	139296
27815597143	139294
278215008023	339586
27903	89455
27958141333	182310
27958141463	182298
27958142323	182307
27958144013	182303
27958177103	315014
28000009793	226851
28000112363	66551
28000113193	63229
28000113643	179725
28000114633	265738
28000138523	179729
28000140083	226890
28000157593	226730
28000157883	335591
28000158873	179066
28000165123	70128
28000167103	45093
28000178253	265735
28000178253	265739
28000192853	156884
28000193973	226909
28000199753	45125
28000202033	45101
28000210403	335620
28000210403	335650
28000215033	57619
28000216283	228768
28000217303	335541
28000243203	226723
28000250393	317140
28000259143	66551
28000265533	226694
28000276393	226856
28000277543	226724
28000304423	179733
28000321093	335590
28000334543	66561
28000361303	226728
28000362263	179061
28000400033	226808
28000428433	226707
28000438883	335538
28000444563	45136
28000450113	45122
28000451363	179055
28000466343	228948
28000466343	228948
28000472023	70128
28000479763	179074
28000499013	317048
28000500313	194586
28000500313	194587
28000511913	335622
28000511913	335622
28000511913	335649
28000519933	66546
28000541903	49741
28000545093	335616
28000547783	45131
28000560683	45123
28000570323	335547
28000622473	194654
28000640873	335690
28000642433	228962
28000675363	226674
28000676513	45114
28000719593	179737
28000721213	179084
28000751463	194653
28000772123	226789
28000778743	369704
28000781873	226834
28000800093	61887
28000803193	194622
28000803193	194622
28000825553	335582
28000862213	302546
28000873813	172265
28000885373	226671
28000921163	3799
28000924393	335684
28000934873	228769
28000934873	228770
28000965853	45080
28000978303	226766
28001112003	184122
28029127713	342335
28029183023	342325
28029283853	342343
28029290783	342337
28029597103	342328
28042001083	111708
28042003223	320911
28042003933	320916
280672206263	340146
28081109153	135120
280967210913	340907
28143038353	182836
28160001453	98240
28189100113	138165
28189120753	138151
28189624503	138163
28189628723	138156
28190006213	161363
28190007913	161353
281909013913	339697
281909812233	339699
28239001803	138684
28239003203	138678
28239003203	138678
28239003623	138674
28239217013	32348
28239401283	138679
28258001013	178351
28258001013	178352
28293022103	41067
28293060853	41074
28293089083	41060
28300000513	290798
28300000773	290807
28300002913	290808
28300004153	274558
28300012233	290830
28300022713	290783
28300076723	290831
28300079793	290814
28300080133	290791
28300171213	290781
28343031963	272386
28348900813	130967
28348900943	130964
28364120363	257788
28364142983	257767
28364200393	257779
28364212853	257786
28364213003	257786
28364512793	257789
28400001533	124581
28400002103	283048
28400002783	275344
28400002813	219436
28400003513	183246
28400004473	124611
28400005753	219450
28400008853	318777
28400015233	183366
28400019903	78506
28400020893	278628
28400021203	278651
28400023573	219438
28400025393	183321
28400026543	312739
28400027953	106583
28400028073	183480
28400035613	231658
28400036153	183244
28400039093	106574
28400041423	219471
28400043793	183395
28400046923	339069
28400047173	53978
28400047173	54043
28400047913	53987
28400048453	203984
28400052993	54016
28400055093	183397
28400055093	183397
28400058803	107863
28400065863	183263
28400066433	54068
28400077903	339041
28400078603	183196
28400079143	124576
28400079303	124614
28400083133	339037
28400084673	318793
28400089913	124593
28400092173	312774
28400097673	78441
28400099813	183448
28400105903	154660
28400106153	270176
28400109253	312727
28400112123	78509
28400112383	78599
28400135993	183209
28400137003	183392
28400143943	338969
28400144513	78521
28400146913	78560
28400152723	278646
28400152983	78516
28400153713	219445
28400156073	78443
28400156363	78511
28400157063	231631
28400157483	54046
28400160193	183365
28400160643	183357
28400164733	183259
28400169073	54955
28400169103	106541
28400173353	203984
28400174473	54019
28400174503	107859
28400174633	338997
28400175203	283047
28400175593	283048
28400175623	183287
28400179393	183225
28400183833	183212
28400184793	278626
28400185493	183358
28400185943	275344
28400194853	54963
28400200943	339019
28400204583	338997
28400207973	233503
28400208543	183286
28400210713	264530
28400210973	183452
28400212083	183414
28400214643	78474
28400219433	183294
28400222723	233510
28400229883	338974
28400230353	20475
28400231053	20511
28400234283	183310
28400234313	107866
28400235273	312766
28400236843	303734
28400239813	53965
28400240123	54042
28400240543	106588
28400240543	106595
28400243353	78587
28400251013	231633
28400259323	312754
28400259613	124579
28400260343	124609
28400260923	124610
28400261333	53927
28400282123	107856
28400297813	270187
28400299633	183220
28400300063	183370
28400300513	78441
28400306843	312779
28400309653	183287
28400310413	183256
28400310543	183254
28400314053	54033
28400320603	106567
28400324953	203977
28400325073	78556
28400328173	278615
28400328753	303720
28400329323	54088
28400329453	53978
28400331173	275319
28400331203	54096
28400333993	78495
28400344753	108877
28400355933	278585
28400365253	303705
28400372183	183380
28400415293	78596
28400417723	106609
28400420693	183422
28400420723	78535
28400421713	183406
28400423113	183395
28400424653	312742
28400433143	278594
28400433303	53956
28400435703	20481
28400436243	54984
28400437233	78458
28400437813	280460
28400440523	264531
28400444453	275322
28400449793	231656
28400459563	231637
28400513333	318755
28400514903	278617
28400515283	183280
28400516273	278667
28400516853	278665
28400517713	278615
28400517843	339035
28400564663	312738
28400574013	53926
28400576703	183435
28400577823	78422
28400579933	106633
28400580083	338957
28400586573	339062
28400589253	338980
28400589253	339007
28400596473	54965
28400598293	278573
28400598453	278634
28400601863	203540
28400602143	54077
28400603263	339050
28400608893	219471
28400610193	183204
28400610353	20503
28400610483	339070
28400611053	312759
28400612043	107859
28400613323	106605
28400613873	53951
28400613903	53986
28400614443	339075
28400615433	339049
28400617673	280453
28400618083	303701
28400623933	183343
28400624213	54019
28400624763	183426
28400630313	318762
28400630603	78530
28400631433	283045
28400632393	338993
28400632423	183219
28400632423	183360
28400632713	233494
28400632843	183240
28400633413	183434
28400634793	278602
28400634823	106632
28400638173	78423
28400639033	183388
28400641883	78545
28400641883	78547
28400641913	78568
28400642033	78506
28400642033	78506
28400646413	183479
28400647243	233494
28400647793	183368
28400648363	78429
28400648813	312765
28400655323	54056
28400661423	78602
28400665223	183454
28400666343	193943
28400670173	183249
28400680783	78519
28400681063	78544
28400681773	183326
28400682763	183319
28400685733	303703
28400686563	53978
28400686723	214764
28400689373	300527
28400690263	233500
28400690683	183483
28400690713	183394
28400691123	54031
28400691413	183204
28400692403	78469
28400693103	106601
28400693523	78470
28400696463	312725
28400700573	318755
28400712613	53936
28400712613	53941
28400713023	54949
28400716093	78564
28400717953	183295
28400719513	78571
28400720243	278624
28400720243	278648
28400720373	106593
28400720373	106593
28400720403	107858
28400721103	318759
28400725743	214763
28400727723	280440
28400728393	107868
28400730563	278618
28400731263	183320
28400731423	78562
28400733403	303724
28400922913	183209
28400923293	78419
28435398783	171977
28435399063	171987
28435399193	43202
28435399223	43206
28435399353	351541
28435399513	43208
28448002103	129661
28500100303	192270
28500102253	192257
28500106503	192285
28500107043	192240
28500109023	192248
28500116113	192287
28500120653	192218
28500300703	192226
28500378023	192249
28500400083	192220
28500401653	192265
28500413953	192228
28534110033	142326
28554111553	321179
28571000373	181837
28571004753	85326
28571006443	350989
28571200063	321758
28672649693	226458
28674308383	260539
28674337093	260546
28674351273	260542
28674353253	260534
28674930423	260538
28700004043	341822
28700111703	289949
28700121313	341810
28700147733	341873
28700160503	341859
28700347423	341812
28700348413	341851
28704448003	253510
28743011213	232383
28744544093	159210
28744545083	159224
28744545113	159234
28744545243	159190
28744545403	159221
28744545533	159197
28744620483	271007
28749174943	49537
28749381303	49519
28749401933	240696
28749464303	335304
28764001583	282725
28764001613	68797
28800000013	134416
28800109013	134341
28800130093	134350
28800130383	134384
28800131403	134415
28800131403	134467
28800143123	134423
28800146193	134406
28800146483	134424
28800163053	134380
28800164753	134433
28800279013	134458
28800279853	134388
28800280873	134404
28800280903	134401
28800290513	134359
28800290513	134480
28800293033	134396
28800293613	134370
28800293873	134389
28800293903	134375
28800294023	134357
28800294863	134389
28800297413	134486
28812600263	184657
28833011123	9700
28833170103	9693
28833172503	9691
28835553003	212416
28841214943	162946
28853719283	86164
28934007353	34263
28934007513	244770
2897903	45140
28989100313	216785
28989100573	216838
28989101143	165479
28989101853	165461
28989102393	216833
28989102553	216858
28989104243	216826
28989104953	216774
28989104953	216775
28989491923	165476
28989569103	165475
28989577993	216802
28989716743	165478
28989971203	216770
28989975003	216788
28989975423	216781
28989979483	216800
29000008373	98340
29000008373	98364
29000008533	34478
29000008533	34479
29000010253	253797
29000015463	253749
29000015463	253749
29000015623	253821
29000015623	253822
29000016293	253783
29000016323	253761
29000016583	253727
29000017153	253817
29000017993	253757
29000018693	253793
29000018693	253814
29000019843	253850
29000019843	253850
29000020023	253875
29000020443	253708
29000020863	221125
29000020993	253896
29000021273	253835
29000021563	253690
29000022003	253716
29000022133	253777
29000022133	253777
29000023093	253791
29000023123	221123
29000023673	253865
29000023703	242794
29000024083	253795
29000024793	155837
29000025783	253880
29000025813	253779
29000025943	253739
29000026513	232007
29000026803	253704
29000027053	253720
29000027053	253721
29000027183	253777
29000027213	253745
29000027923	253750
29000059573	253764
29000059573	253813
29000072503	253842
29000072503	253887
29000073593	253776
29000076853	253866
29000650213	245944
290009008163	176923
29056100403	13809
29200001143	219080
29200001693	219122
29200002133	219093
29200009033	219072
29200907773	219111
29205016913	24819
29222219373	16925
29222500013	55977
29222630123	16931
29222920163	16932
29243000073	179931
29243000103	179917
29243000233	179921
29341003853	67490
29341003983	67683
29341006953	67655
29341010813	67444
29341011193	67527
29358113903	173745
29358800933	282472
29394220283	73202
29424002513	196179
29424002513	196180
29512000193	4509
29519148003	329744
29519212803	73256
29519216023	358268
29519219093	71542
29519223533	46584
29519225223	46565
29519230753	46574
29519233983	358275
29519241063	46579
29519243203	358241
29519245153	295338
29519250423	71551
29519264833	71534
29599002103	190480
29599002233	196241
29599002523	196241
29599002653	196241
29599004213	196243
29697000223	213787
29700001353	153733
29700001483	153728
29700001773	153745
29700011703	153726
29700012663	153687
29700021153	153754
29700021313	153751
29700021443	153721
29700021573	153699
29700102203	217626
29700131463	153696
29700131623	153755
29700321413	153699
29700341473	153752
29714155523	238052
29714171103	238085
29714240083	238104
29714811023	238060
29714845523	238089
29714908013	238065
29714909553	238078
29714910023	238098
29736002393	124631
29737000053	290437
29737002453	290446
29737022963	290490
29737103433	290480
29737200033	290494
29737210063	290481
29737501673	364542
29737505053	364706
29737700113	290471
29800006173	72358
29800006203	72361
29800113383	49893
29800411793	169653
29800418723	58052
29806017593	148478
29806018293	148475
29806018323	148479
2983703	98366
29839000463	106191
29839100033	106231
29839100033	106256
29839100163	106364
29839401963	106293
29839403073	106184
29839403073	106240
29839403493	106251
29839403493	106320
29839404483	106367
29839413133	106283
29839700103	30235
29839700233	106360
29839700493	106238
29839700523	106248
299265908323	340943
29981012123	348699
30000001653	219390
30000001943	264055
30000002193	219400
30000004203	49059
30000009123	219361
30000038703	264263
30000038703	264618
30000041703	264258
30000041703	264474
30000053003	17992
30000072103	264478
30000078433	264254
30000169803	264034
30000261903	264534
30000264423	264290
30000269053	264539
30000311233	264366
30000311653	264158
30000311813	264525
30000311943	264137
30000312513	264462
30000312773	264166
30000312803	264578
30000313183	65272
30000314463	48980
30000314753	264451
30000315033	264041
30000315293	48972
30000317983	264404
30000318003	264035
30000318843	48989
30000319253	264222
30000320013	217284
30000321393	264426
30000321713	264059
30000322413	264177
30000432693	264310
30000432723	17993
30000432853	264468
30000432853	264619
30000433003	264476
30000433003	264502
30000436073	264383
30000560273	264075
30000560853	264465
30000560983	155256
30000561973	264435
30000562383	264192
30000562703	264383
30000563083	49039
30000563243	264432
30000564813	195313
30000565063	264074
30000565353	49058
30000565513	264424
30000565513	264426
30000565643	264020
30000566343	264470
30000566633	264481
30000566763	264583
30000566923	18015
30000567333	264486
30000568293	264234
30000568873	264051
30000569313	264562
30000570203	264621
30000570463	138941
30000571583	138950
30000571743	264230
30000572443	264380
30000572573	144972
30000572603	49019
30000572603	49019
30000572733	264060
30000573013	264253
30000573303	49001
30000573563	48971
30000573723	247389
30000573853	247412
30000574393	247411
30000574423	144973
30000575093	144971
30000575123	264097
30000575413	48998
30000575543	48986
30000576243	264032
30000576533	264164
30000576793	247397
30000577103	48991
30000577233	264243
30000653203	247396
30000653203	247396
30000659403	247391
30000659403	247392
30000662113	49052
30004350443	155253
30024100104803	166304
30030100556443	165931
3003400003	113556
30034001483	113610
3003400213	113838
3003400273	114696
3003400513	113081
30034005283	114495
30034005573	114343
30034006563	114323
3003400663	113028
30034006693	112920
30034007393	113334
3003400743	113386
30034007553	114703
30034008093	114320
30034008123	113574
3003400903	113889
3003400923	115097
30034009373	113027
30034009793	114424
30034009823	113439
30034013103	113202
3003401443	112939
30034014773	114845
30034014803	112953
30034016333	114526
30034018313	114533
30034018443	114844
30034019983	115102
30034026943	114902
30034027063	113439
30034027193	113968
30034027353	114427
3003402753	113888
3003402763	114987
30034028183	114127
30034028213	114172
3003402823	113187
3003402893	113962
3003402973	199060
30034030513	114946
3003403063	114667
30034030643	113095
3003403113	114807
3003403343	114063
30034033873	112980
3003403403	113886
3003403623	114225
3003403823	113341
3003403833	114501
3003403843	113227
30034039493	113911
30034039523	114654
3003403953	115013
3003404033	114653
30034045913	113551
3003404593	114046
30034046293	115081
3003404653	115070
30034050023	113153
30034051563	199459
30034053963	114984
30034056063	223532
3003405693	113264
30034057503	114143
3003405903	114266
30034059293	223622
3003406103	113051
3003406113	114386
30034061333	113006
3003406203	114059
30034062163	114434
30034062293	113108
3003406263	114538
3003406303	114267
3003406653	114179
3003406673	115153
30034068493	114613
3003406903	114375
30034069513	114918
30034071233	113661
30034072353	113011
30034072803	113039
3003407323	112959
30034073473	114597
3003407473	113218
3003407563	114234
3003407583	113653
30034076283	113816
30034076313	113436
3003407673	113132
3003407683	113398
30034076993	113217
30034077693	113144
30034077983	112995
30034079093	113425
3003407913	113810
3003407923	114750
30034080983	114615
30034081003	330754
30034081553	114965
3003408173	112883
30034082093	114680
30034082123	114900
3003408223	114482
30034082383	113789
30034082543	114851
30034082833	114979
30034083373	114142
30034083403	113018
30034083533	114926
30034083533	114927
30034083793	113694
30034084073	113871
30034084233	330747
30034084363	113258
30034084523	114942
3003408453	114014
3003408463	114950
30034085223	114468
30034085353	114736
30034085483	113800
30034085513	113804
30034085803	115023
30034085933	115150
30034086473	114036
30034086503	113683
30034087203	113858
3003408743	113667
30034087883	113643
30034087913	114992
30034088033	113178
3003408823	114911
30034088453	114157
3003408883	113395
30034089153	114769
30034089863	111850
3003409143	112899
30034091453	113540
3003409173	114186
30034091873	114031
30034091903	114033
30034092023	113427
3003409203	114398
3003409213	199473
3003409223	114749
30034092313	115043
30034092443	113787
30034092733	113729
30034092993	114411
30034093013	199208
3003409343	113471
3003409373	114202
30034093983	114486
30034094003	114496
30034094263	114495
30034094393	113912
30034094553	114973
30034095383	113085
30034095703	223564
30034096083	112986
30034096113	115133
3003409673	113354
30034096793	114525
30034097943	199109
30034098193	199156
30034098773	223766
30034099183	199157
30034099213	199348
30034099343	199410
3003409973	199147
30034099763	199337
30034099923	199359
30034100483	223700
3003410063	113747
30034102333	114535
30034103323	114908
3003410353	199341
30034103743	199374
3003410443	199167
3003410453	199358
30034104863	114312
3003410543	112950
3003410553	114474
3003410563	199270
3003410573	113290
3003410633	114948
3003410643	114491
3003430013	113341
30034300463	113171
3003430173	112982
30034302603	113104
30034302993	223624
3003430313	114218
3003430363	113677
3003440013	113534
30034400453	113555
3003491063	199205
3003491073	114972
30034910853	199248
3003491143	114084
30034911683	113188
3003491203	113317
3003491223	199472
3003491233	114827
30034912543	113711
3003491403	114277
3003491413	223573
3003491423	114273
30034914233	223705
3003491433	113511
30034914363	113504
30034914493	113505
30034914813	223608
3003491483	114264
30034914943	113791
3003491503	113630
3003491513	114659
3003491533	199396
3003491553	114532
3003491593	113700
30034916053	114334
3003491643	113600
3003491653	113879
3003491673	114104
3003491683	113619
3003491693	199291
3003491703	114790
30034917043	113980
30034917173	199294
3003491743	114137
3003491753	114506
30034917623	114066
3003491773	199188
30034918323	114024
30034918453	112993
30034918583	113433
30034918613	114412
30034918903	223675
30034919153	199218
30034923143	114622
30034923273	112982
30034923303	113267
30034923693	115001
30034923723	114889
30034923983	113133
30034924003	114568
30034924263	113562
30034924393	115118
30034924423	113411
30034927103	223623
30034929473	114174
30034929503	114384
30034929633	223656
30034929763	114203
30034929893	114925
30034929923	114099
30034930103	223751
30034930363	113762
30034930523	199317
30034931483	114346
30034931773	114309
30034931803	114835
30034932053	115120
30034932183	114821
30034932213	113618
30034932343	223643
30034932473	113364
30034932503	113440
30034932893	115158
30034932923	114817
30034933043	113737
30034933623	114612
30034933913	114006
30034934163	113784
30034934293	113367
30034934323	114325
30034934743	113032
30034934873	113595
30034934903	223603
30034935023	113996
30034935313	199479
30034938123	114898
30034938383	114585
30034938413	113236
30034938703	199323
30034938833	199354
30034939373	199267
30034939403	199074
30034939793	223747
30034939953	113861
30034940393	113123
30034940423	114166
30034940713	113213
30034940843	319186
30034940973	199282
30034941963	199085
30034943233	114543
30034943813	113060
30034944063	114001
30034944193	115025
30034944223	115035
30034946593	199263
30034946623	199304
30034946913	223770
30034947033	113146
30034947323	199121
30034947873	112897
30034948023	199198
30034948153	113998
30034948283	113249
30034948313	114093
30034948733	223596
30034948863	114539
30034948993	223544
30034949013	223749
30034949273	223708
30034949303	113484
30034949723	115177
30034950033	113010
30034950323	199382
30034950453	223725
30034950743	223579
30034950873	199113
30034950903	114073
30034951023	199181
30034951573	223697
30034951733	223588
30034951863	223634
30034952143	223618
30034954123	114836
30034954413	113971
30034954543	115032
30034954833	113161
30034954963	199063
30034955373	199132
30034956943	113862
30038000008963	166047
30038000120733	166470
30038000356453	165998
30038000551223	166464
30042002953	116349
30042003813	116347
30042012013	116370
30042726033	116348
30042727023	116368
30042910203	116348
30042925573	116353
300450839183	25504
30047140773	118213
30047200583	118195
30047200583	118195
30047301013	118200
30047301013	118214
3006860678783	179556
30072940100523	351161
30072940100943	269712
30072940110133	269647
30072940750643	269770
30072940812013	270061
30072940813003	270086
30084222043	203516
30084222173	203514
30084222623	203524
30100100263	165403
30100100393	165275
30100100423	165284
30100100553	166199
30100100683	165790
30100101543	164663
30100102953	165324
30100103813	165439
30100105473	165358
30100108023	165347
30100109563	165376
30100109693	166191
30100112693	164733
30100112723	165375
30100114383	165429
30100115533	164786
30100119333	164762
30100119333	165291
30100120643	164633
30100122203	60645
30100122203	164635
30100123163	165934
30100123873	164762
30100124603	60652
30100402213	165365
30100506713	164776
30100506713	164777
30100540663	164783
30100540793	164664
30100777533	165267
30100918233	165879
3016503	219394
301651086123	294702
3021903	219393
30223004103	327173
30223004233	327416
30223006343	327593
30223006633	327587
30223007593	327499
30223007623	327178
30223007753	327704
30223007883	327546
30223007913	327493
30223008163	268748
30223008873	268753
30223008903	327328
30223009153	327436
30223009283	268765
30223010173	327179
30223010203	5913
30223010333	7226
30223010593	36113
30223010883	327740
30223010913	327722
30223011323	327138
30223012573	268745
30223013853	327325
30223014973	327560
30223015673	327518
30223018193	327315
30223019343	327655
30223019763	327183
30223020103	327650
30223023623	327635
30223023883	327662
30223025153	364620
30223025313	363849
30223025863	327633
30223028673	220862
30223028703	105723
30223028963	2231
30223030393	327310
30223030423	327230
30223032403	327273
30223032533	327584
30223033653	327630
30223033783	327319
30223033943	327333
30223034803	327342
30223037743	327278
30223039723	268441
30223039853	327442
30223040743	327525
30223040873	327445
30223041023	327262
30223041023	327526
30223041443	327379
30223041863	327284
30223042303	327536
30223047803	327419
30223049043	327140
30223060963	327521
30223081593	327714
30223081623	327713
30223081913	327409
30223082033	268757
30223082323	327723
30223082453	327484
30223101963	327218
30223102793	327206
30223102823	327275
30223103363	327659
30223103783	327671
30223108283	327734
30223108443	327625
30223109853	327297
30223110033	327141
30223110613	327596
30223112723	268417
30223114703	327410
30223115243	54208
30228000933	8979
30239510513	315929
30239991183	22034
30243349253	353920
30243630733	122251
30243657013	353985
30243670173	349823
30243696043	281292
30243696753	281281
30243716093	353982
30243716123	353956
30243725033	353946
30243725453	122214
30243731663	353969
30243737333	353981
30243741293	349778
30243742573	353922
3024374353	122175
30243743563	122205
30243745123	353947
30243771153	122215
30243788083	122221
30243789073	122253
30243789363	122173
30243818223	122298
30243845113	173755
30243847803	122263
30243861243	122182
30243866613	353962
30243868433	122190
30243868563	122267
30243876803	122294
30243877213	122258
30243880053	122209
30243881043	122188
30243881623	122311
30271025013	92690
30271025013	159037
3027703	264571
30291048153	189691
3030503	264383
30329133	340151
30354523153	280148
30354524273	280153
3037603	195314
3039203	264324
3042003	49059
30561450013	30303
30561520013	30305
30568115243	122556
30650600053	17322
30684009013	341757
30684011603	341752
30684012433	341756
30684017513	281079
30684017933	281069
30684035043	212619
30684093333	212609
30684113833	212610
30684700163	37595
30684700293	37602
30684700323	37588
30684700583	254072
30684701283	37606
30684701443	135462
30684701603	37604
30684710773	312168
30684710803	312155
30684711343	312171
30684768903	212609
30700158213	335219
30700159203	335215
30700198073	286790
30700751063	60045
30746000033	213061
30771012193	164405
30771014623	71468
30771080703	8603
30771094663	8652
30771096643	8601
30771096803	8605
30771096933	8613
30771924793	86630
30776018893	10570
30796011003	71011
30800000443	281060
30800000603	80594
30800002003	80598
30800003253	309184
30800011203	309194
30800101003	80568
30800156003	80581
30800185003	80606
30800383003	80570
30800622003	323239
30800680003	309190
30800804003	148322
30800817003	323241
30800820003	303778
30800846003	302893
30800961003	323042
30831000153	178353
30849000053	294944
3084953	294944
30871300923	366729
30871302163	366723
30888849006633	264934
30900005683	358231
30900008813	358255
30900008813	358256
30900008943	358279
30900010373	10670
30900013053	63746
30900177953	139305
30900179353	139303
30900204383	10654
30900204833	10651
30900205083	10651
30900303413	139300
30900911373	10665
30915101653	58355
30955476643	43741
30955637303	307790
309784758993	106133
30992100563	214700
31000005443	26154
31000006853	21644
31000009113	250292
31000009243	21691
31000009243	21762
31000009793	21547
31000009823	21635
31000100933	250265
31000111113	21761
31000120023	21598
31000120153	21620
31000120283	21559
31000132453	168343
31000132453	168347
31000184643	21574
31000196073	168344
31000196783	168353
31000198763	250326
31000198763	250374
31000303983	21669
31000328313	250329
31000328313	250381
31000600013	21582
31000600273	21749
31000600303	21743
31000600433	21703
31000600433	21779
31000650193	26215
31000650483	26112
31000650513	26096
31000670443	250333
31000670443	250334
31000670443	250388
31000670733	250313
31000670733	250343
31000670863	21656
31000671013	26077
31000671013	26079
31000671273	250296
31000671303	26170
31000671693	250264
31000671693	250297
31000671853	26157
31000671853	26158
31000675103	250262
31000700003	250300
31000811013	21667
31000900243	26099
31000900373	250372
31000900533	26223
31000908003	21586
310072028193	16382
31116023003	173072
31142000313	24736
31142001143	24712
31142001273	24710
31142001433	24798
31142004823	342526
31142100303	24732
31142100303	24804
31142105803	24725
31142470123	24702
31142470253	24752
31142534153	24690
31142534153	24690
31142554083	24728
31142554083	24729
31142554113	24727
31142601343	16615
31142785043	24685
31142852813	24800
31142900613	24780
31146022823	229583
31146023073	229590
31146031153	229594
31146043033	229603
31146055333	229579
31146250103	229588
31146254903	229601
311917122083	352653
311917162553	352688
311917180823	95663
311917201283	352741
311917201313	352672
311917203973	352739
31200000583	232980
31200000583	233107
31200000613	233148
31200001023	233042
31200002853	233007
31200006783	233193
31200006813	233190
31200011893	233016
31200012623	233104
31200012623	233164
31200017093	232938
31200020253	233071
31200020253	233078
31200020833	233035
31200021373	233151
31200021953	233155
31200022783	233000
31200024473	233149
31200024763	233138
31200026163	233010
31200026873	233133
31200026903	233091
31200027023	233028
31200028563	233035
31200028983	232987
31200029423	233018
31200033963	233185
31200034663	232905
31200037183	233139
31200037213	233113
31200039453	233199
31200200433	233031
31200200433	233058
31200200563	232978
31200200563	233072
31200200723	233068
31200201683	233080
31200203113	232906
31200203113	232994
31200204523	232902
31200220073	232980
31200220073	233108
31200239273	233051
31200239273	233052
31200270153	233125
31200330123	232922
31200900043	233098
31205051023	146307
31205053003	146306
31205066003	146297
31205350003	146313
31205363003	146292
31205660003	146293
31215201173	252109
31215277413	262858
31215923433	49245
31290035533	116831
31290077953	116957
31290094103	116832
31290098293	116859
31290099313	116794
31290100453	116922
31290100873	116794
31290101153	116964
31290101313	116850
31290105823	116788
31290109203	116781
31290109333	123147
31290109913	116818
31290110513	116829
31290111923	116792
31290115563	116914
31290119943	116787
31290123353	116861
31290125753	116815
31290125753	116886
31290126163	116816
31290126163	116907
31290126293	116873
31290126743	116908
31290127863	116844
31290142613	116839
31290143603	116860
31290146703	116791
31290149063	116948
31293060853	278488
31332111133	115485
31332113243	275965
31332482493	275964
31400035903	142542
31400054393	37819
31400087193	144824
31400095693	310924
31439000743	62360
31439005533	62363
31493030403	278482
31493060653	278502
31493082143	278486
31493811323	278498
31500001273	29735
31500001273	29736
31500001983	29775
31500002393	29758
31500003383	29756
31500004403	29795
31500004403	29795
31500004663	29748
31506105173	75804
31506116063	75959
31506203893	75822
31506225123	75983
31506229213	75873
31506230363	75986
31506250033	75957
31506251153	75892
31506251283	75904
31506310133	75809
31506324093	75964
31506450143	75881
31506533273	75907
31506593093	75868
31506593253	75820
31506599323	75888
31506629273	75950
31506666223	75818
31506696213	75940
31506701313	76021
31506704253	76023
31506739323	75939
31506777103	75817
31506795503	75977
31506820083	75999
31506828133	75874
31506943423	75894
31506979903	75867
31506996603	75930
31506997013	75910
31604000363	309049
31648000213	21739
31683012523	212567
31704053283	131645
31711000263	140692
31711000263	140701
31711000683	140693
31774353153	138117
3178530402353	315724
3178530409673	315717
31903001863	22993
31903035523	78796
31903037053	95280
31903048523	263884
31903048813	22999
31903049223	99157
31903050113	7639
31903050243	99129
31903060563	22996
31903061003	23037
31903061263	23053
31903061423	23058
31903061553	23029
31903062543	23014
31903062703	23055
31919019203	141887
31961310013	144923
31961311133	144658
31961450023	144920
32000007093	309227
32000007123	309226
32000007253	309224
32063107013	336182
32063110013	336174
32063301213	336176
32100022323	283355
32100026703	283280
32100034043	283167
32100058193	54525
32100058223	54527
32100088633	345702
32134212233	353373
32134232323	353334
32134235003	353335
32134238073	353417
32134285053	353432
32184220073	90746
32239063853	22744
32251014673	299152
32251014703	299125
32251016813	55163
32251018343	55148
32251018763	55232
32251021893	82508
32251021923	90578
32251025143	55190
32251025693	90600
32251037023	212739
32251054303	90678
32251057113	90630
32251058493	90635
32251073793	55094
32251074073	90667
32251075773	82502
32251085093	90619
32251085413	90651
32251087103	82592
32251089503	90721
32251092053	82568
32251122903	55024
32251130243	90730
32251138263	90716
32251143793	90650
32251163883	55215
32251167393	55182
32251167423	55080
32251168413	90720
32251172373	212721
32251187803	90737
32251189593	212730
32251192463	212759
32251199783	212758
32251199813	212754
32251201233	212744
32251219603	55100
32251225383	90595
32251225413	90643
32251229053	90659
32251275593	51316
32251275623	51325
32251277313	55211
32251277443	82503
32251287763	51308
32251288043	212737
32251294143	55073
32251302213	82526
32251309953	90503
32251372223	82545
32251375453	82601
32251375613	90513
32251385063	90507
32251417863	55126
32251422003	55128
32251434433	55123
32251434563	55174
32251463693	55032
32251475313	55207
32251477423	55177
32251480263	55164
32251486203	55177
32251490293	82587
32251525643	55109
32251529603	55202
32251531583	82582
32251547003	90523
32251565403	55164
32251569043	212775
32251570803	168414
32251575303	55162
32251587573	90505
32251591013	82510
32251592003	55178
32251607233	55139
32251637513	82513
32251686863	55214
32251738883	55046
32251861093	55030
32251879753	303522
32251881893	82532
32284860193	143416
32327028023	179135
32345777323	295305
323673	340641
32372125203	23295
32394001103	173091
32458972813	244045
32458972943	244052
32500103813	362950
3252950001423	83388
32601025083	81756
32601025113	81817
32601025403	81804
32601025533	81767
32601026073	81762
32601050603	81788
32601089313	81759
32601900113	81708
32601900403	81721
32601900953	81726
32601902643	81697
32601902933	81786
32601951023	81727
32601951023	81782
32601952013	81715
32601952693	81735
32601952853	81711
32601953133	81812
3263091000343	187267
32729813623	217814
32755321093	253425
32755321383	253423
32792000753	63206
32792001743	63204
32792009633	63196
32792120093	217371
32792120123	217372
32797001113	34294
32797004473	34290
32797004473	34335
32797004893	34329
32797004893	34345
32797004923	34281
32797004923	34332
32797006163	34297
32797006323	34310
32797006323	34310
32797007023	34282
32797008273	235920
32797008433	34295
32797014533	34313
32797014533	34325
32797014663	34327
32797810203	235922
32823140083	335139
32823400033	335137
32825003713	218457
328785003123	170728
32894011213	47044
32913002543	364290
32913015093	214994
32913021933	99737
33049000113	202767
33049000823	202775
33049003213	202825
33049009123	202761
33049103043	202748
33092043303	134579
33101110613	18057
33136500113	15841
33150001153	239892
33157000043	239893
33157000203	239881
33157300013	239888
33157480043	78322
33157500123	78321
33157990023	239895
33244000253	41094
33255108573	331129
33255108733	331139
33255109013	336365
33273213143	42848
33273227683	42849
33314250243	202348
33314300023	202345
33314500263	202377
33314555553	202411
33314662183	202362
33314770123	202384
33314770703	202351
33314771083	202385
33314911113	202380
33314911113	202381
33357042003	167843
33357071003	167846
33383080413	260413
33383085203	79614
33383603513	210370
33383664033	44167
33400070113	275575
33400401313	282515
33400601713	282529
33400601713	282550
33400602093	282568
33421023303	234550
33456113123	268258
33456114113	268261
33474403183	250839
33589010313	145498
33600000163	142304
33600000613	142315
33600000613	142322
33613021353	57442
33617000453	353453
33629122013	115651
3366133	142314
33674110263	225737
33674142813	225738
33698815823	320560
33698816523	320541
33698816783	320568
33698817063	320579
33699039303	147260
33700000063	248430
33700004023	211491
33700921863	59810
33700922143	211494
33717730373	115934
33717730533	115933
33757001013	28144
33757250503	214996
33757253153	28151
33757825053	28152
33776011543	303614
33776011673	81683
33776011673	81685
33776011703	81669
33776011703	81669
33776011833	81687
33776016203	303613
33776045203	303629
33776100353	303634
33776100803	81648
33828013723	59978
33828071723	59965
33828383093	179444
33844000783	19648
33844000813	19676
33844000813	19676
33844000943	19717
33844001063	19746
33844001353	19643
33844001513	19739
33844002053	19740
33844002923	235234
33844003203	19623
33844003463	19639
33844004323	19753
33844004903	19755
33844005153	19662
33844005863	19659
33844005993	19600
33844006143	19595
33844007263	19725
33844007263	19725
33844007393	19707
33844007423	19754
33844012113	19718
33844012373	19631
33844012373	19632
33878116993	330421
33900000313	161495
33900000603	161585
33900000733	161566
33900000863	161569
33900001013	161467
33900002713	161487
33900022063	161535
33900074093	161518
33900075113	161542
33900100013	161509
33900200683	161534
33900200713	161550
33900601053	161583
33900601213	161463
33900607383	161459
33900608243	161560
33900608793	161485
33900609103	161460
33900616453	161524
33900616743	161525
33907250063	16425
33907500113	16433
33907510013	16426
3393133	161582
33954001533	52916
33954210973	11011
33954830003	108860
3397333	161572
3398633	161572
34000012633	270653
34000013333	372134
34000015993	143270
34000016563	143306
34000016853	143098
34000017263	143099
34000018703	143185
34000019083	143186
34000020973	9081
34000025053	143461
34000025183	143461
34000028733	372140
34000042883	217560
34000047543	372140
34000055043	142929
34000067633	45824
34000068593	45788
34000070183	143140
34000070763	143047
34000072613	45830
34000076833	171812
34000077403	171809
34000080113	143152
34000088683	171807
34000103973	180092
34000110193	143379
34000110353	270794
34000110803	143420
34000113583	143375
34000119073	270789
34000121533	143443
34000123513	143125
34000123803	143025
34000125043	143416
34000125913	143414
34000126163	143417
34000133703	143394
34000134533	143446
34000134793	142922
34000134793	143446
34000138593	171813
34000140763	143437
34000146703	143034
34000146703	143034
34000157303	143403
34000157563	143474
34000157853	143140
34000183463	143103
34000184033	143101
34000184163	143239
34000191413	143148
34000196173	143042
34000196203	143042
34000196463	143052
34000202003	270746
34000202003	270746
34000211043	171878
34000212613	9084
34000212743	143000
34000215423	143000
34000215683	270706
34000215973	143193
34000215973	143193
34000216093	143226
34000217533	270585
34000226733	171860
34000227273	143195
34000228713	143212
34000238033	143167
34000239153	143064
34000239283	143043
34000241323	143361
34000241873	143213
34000242023	143129
34000242993	143207
34000244003	275404
34000245253	171792
34000248513	270794
34000250103	270742
34000252183	270742
34000259113	143241
34000271313	143170
34000290253	143152
34000296613	171820
34000312733	143106
34000314263	143369
34000343263	143040
34000343393	143347
34000343423	143238
34000363513	143275
34000364053	142964
34000364183	142995
34000378753	275402
34000380183	143146
34000386383	324690
34000399253	143173
34000400423	346649
34000402113	270723
34000402823	171469
34000404063	171810
34000412013	270750
34000417483	270715
34000417513	270758
34000430093	270723
34000430543	270648
34000431533	270737
34000431953	270650
34000432103	270770
34000432233	270909
34000433803	270739
34000441433	270819
34000442713	270708
34000443543	270641
34000444663	270664
34000446223	270935
34000447213	270712
34000448333	270723
34000450213	270713
34000451203	270607
34000451333	270723
34000453283	270768
34000460663	270624
34000470563	270694
34000472093	270895
34000473663	270731
34000473953	270925
34000474813	270822
34000476343	270825
34000476923	270908
34000478163	270668
34000478293	270638
34000478583	270908
34000481743	270599
34000481903	171876
34000485093	270903
34000490233	270812
34000502073	345095
34000502233	345099
34000502653	345107
34000530533	345128
34000535033	345129
34000544103	345101
34000544233	345085
34000560233	345086
34000560653	345087
34000561353	345134
34000563623	345144
34000564453	345133
34000570003	143377
34000583553	345147
34000583553	345159
34000595013	306965
34000600113	270842
34000700653	153433
34000700783	153456
34000701513	153426
34000701513	153449
34000702893	270694
34000711543	43193
34000724123	153437
34000790173	143163
34000856053	143062
34000870073	270819
34000870103	247143
34000870233	372136
34000870943	180087
34000877423	270787
34000884353	143416
34000937103	143152
34000937233	143386
34000937943	270741
34000938223	270860
34000938353	143397
34000938483	143030
34000938513	153463
34000939213	143381
34000939343	45814
34000941933	270673
34000942473	142953
34000942503	142921
34000943753	142951
34000944033	143233
34000952113	270602
34000952533	142909
34000979943	270732
34000996643	143051
3403303	270834
3404603	171844
3416103	345096
34183000083	8519
34183000113	8490
34183000113	8491
34183000663	8504
34183001073	8463
3423103	250078
3423183280613	333573
3423960007723	41056
3424403	275404
34256001283	373223
34256010643	373220
34264466913	240401
3429903	362691
34300000453	102671
34300004253	102676
34325009233	290265
34325036383	290308
34325036413	290273
34325038523	290321
34325045033	290312
34325050143	288660
34325053793	290324
34325053793	290325
34325055483	290270
34325055483	290304
34325079243	290296
34325079403	290244
34325183513	288662
3433003	372138
34392151743	220562
3439803	275400
344753	341012
34500140003	180658
34500140133	180592
34500140133	180679
34500151023	180735
34500152143	180686
34500195003	180737
34500195003	180740
34500420693	180583
34500446143	180683
34500446143	180730
34500446433	180596
34500446433	180719
34500460163	180530
34500460323	180529
34500481083	180681
34500481083	180741
34500482073	180538
34500610063	180641
34500631563	180623
34500631563	180626
34500641333	180724
34507040153	287325
34507070013	287333
34507161223	287326
345323	341013
345453	341014
34587090673	179140
3465303	270775
3466603	153467
34683311283	57769
34683348913	364587
34683351203	57783
34683407283	57755
34695011973	160752
34695123353	160736
34695123553	160715
34695901533	160742
34695904213	160739
3469590423	160738
34700012193	8859
34700023113	8901
34700044163	105174
34700049663	105180
34700064123	8890
34700092133	134782
34700094113	259327
34700113883	105183
34700176123	8860
34700192123	8884
34700234113	8882
34700246123	8879
34700262123	8883
34700264103	8868
34700474113	8893
34700574103	8834
34700743103	281063
34700754123	8898
34708037013	36311
34708070423	128917
3473603	270929
34743007323	278023
34779642703	216555
34800001073	169764
34800001073	169768
34800006023	169756
3484803	153468
34856028833	360958
34856031253	361046
34856037583	360971
34856125273	307917
34856204923	360864
34856532163	361046
34856562993	361046
34856592693	361046
34856806233	307924
34856810803	360879
34856822653	360959
34856822653	360959
34856940623	360864
34877612073	190443
34952146813	246965
34952148213	83497
34952148633	83611
34952148763	83591
34952148893	83594
34952149333	274159
34952560633	83473
34952568813	83550
34952571103	83624
34952575583	83606
34952583953	83482
34952584523	83482
34952584653	83581
34952584943	83523
34952585063	83504
34952585193	83664
34952585513	94575
34952585773	83561
34952585933	83698
34952586503	83654
34952586763	83683
34952586893	83662
34952587043	83582
34952587463	83548
34952587623	83613
34952588903	83708
34952589023	83672
34952589313	83619
34952589863	83551
34952590043	251929
34952590333	251997
34952592283	94617
34952592313	94620
34952592443	94666
34952592573	94529
34952592603	94497
34952592733	83499
34952592863	252057
34952593693	83536
34952593983	94491
34952594713	252011
34952594843	252010
34952596243	278890
34952596403	278896
34952597523	83512
34952597653	220787
34986061953	4772
34986677383	4775
3501940287003	38944
3501940331003	38945
35032007253	58169
35032117303	58162
35032380073	275990
35032732063	58152
35032777033	58161
35036222003	60530
35036600443	14136
35038044153	273968
35046125073	89515
35065021103	321216
35074100073	41047
35074401903	67364
35095813693	54366
35107604813	134754
35107811013	134751
35107820213	134756
35127077543	263950
35157337013	81128
35157700053	273889
35168222223	346219
35200055123	272352
35200264013	272360
35200265683	54750
35200267373	60010
35200268073	272370
35204400813	12170
35204400943	12171
35204502913	12166
35223012073	106015
35223012103	273539
35243545803	44198
35266000013	325660
35266000143	325673
35266002413	325662
35266004653	325672
35266106203	325676
35305000233	197589
35305000363	197582
35342770083	24984
35447863093	275782
35457301233	195898
35457751403	195901
35461000313	353864
35493014623	287834
35493015033	287853
35493893143	144106
35493897943	287854
35549864783	47352
35549875413	101608
35549973843	101494
35549984313	101616
35549984603	47348
35549985723	219401
3558180031453	87023
35600028413	167151
35600058533	94921
35600085843	167165
35600092063	167169
35700267903	62787
35700970773	62799
35700970803	62793
35733001383	344556
35733001673	344570
35742151833	138891
35751114263	37575
35751118063	37949
35751118193	37556
35751118223	37566
35751888683	37563
35826000873	100973
35826001443	100209
35826004543	99748
35826005083	99560
35826005113	99745
35826006073	99988
35826006103	100528
35826006523	100833
35826008213	100775
35826008343	100470
35826008473	99706
35826008633	99971
35826009463	100581
35826009883	101003
35826009913	100999
35826020673	99440
35826022493	100975
35826022783	99754
35826023193	99986
35826025043	99750
35826026323	99681
35826027153	99465
35826028693	99684
35826028853	100721
35826028983	101011
35826029003	99887
35826029263	100132
35826030603	99410
35826034953	100928
35826035363	99510
35826038463	99951
35826040213	100515
35826040473	100646
35826042903	100437
35826045263	99410
35826045713	99593
35826046123	100720
35826047403	100926
35826047823	100182
35826048653	100461
35826050663	100064
35826053473	100956
35826055163	100206
35826058843	100312
35826059673	100298
35826060693	100310
35826064813	99847
35826064943	100334
35826065193	100511
35826065223	100645
35826065933	99538
35826066633	100798
35826068323	100840
35826069023	100953
35826070463	99635
35826070623	100382
35826071743	99700
35826071873	99548
35826073433	100129
35826073563	100718
35826074393	99466
35826075383	99364
35826075673	99831
35826075833	100208
35826076083	100738
35826076113	99574
35826076793	99369
35826076823	99357
35826076953	100405
35826077233	100162
35826077653	100539
35826077813	99384
35826078223	99884
35826078353	99930
35826078513	100626
35826079473	99607
35826079503	100201
35826080073	100608
35826080653	100677
35826080813	100957
35826081063	99939
35826081193	99885
35826081483	99779
35826081643	100104
35826082183	99730
35826082633	100049
35826082763	100414
35826083333	100526
35826083463	100375
35826084453	99600
35826084873	99573
35826085023	100196
35826085443	100886
35826085733	99592
35826086433	99782
35826086563	100941
35826086693	99679
35826086723	100942
35826086853	100488
35826086983	100705
35826087003	100703
35826087263	100700
35826087393	100553
35826087423	100761
35826087553	99859
35826088093	99693
35826088123	99368
35826088253	100757
35826089083	99870
35826089113	99588
35826089243	100319
35826089663	99354
35826089793	99803
35826089823	101364
35826089953	100306
35826090003	100408
35826090133	100647
35826090263	100825
35826090423	100722
35826090553	100822
35826090713	100260
35826090843	100356
35826090973	100087
35826091093	100784
35826091253	99799
35826091413	99628
35826091543	99921
35826092793	100345
35826092823	100683
35826093813	100851
35826094063	100601
35826094353	100175
35826094483	99772
35826094643	100537
35826094803	100827
35826094933	100902
35826095053	100156
35826095183	100006
35826095213	100782
35826095633	99420
35826095763	99794
35826095893	100472
35826095923	100965
35826096333	99961
35826096463	99565
35826096593	100477
35826096623	100506
35826097453	99806
35826097583	99852
35826097613	99584
35826097743	100242
35826098573	100541
35826098733	100005
35826098863	99783
35826098993	99746
35826099143	100837
35826099853	100460
35826100313	100809
35826101983	99865
35826102423	100889
35826103093	100725
35826103123	99663
35826103833	99558
35826104533	99385
35826105493	100502
35826105523	100412
35826105653	99637
35826105943	100430
35826106063	99928
35826106353	100421
35826107053	99520
35826107183	100667
35826107213	100402
35826107633	99414
35826107763	99551
35826107893	100954
35826108043	100688
35826108173	99404
35826108203	100292
35826108913	99749
35826109743	99464
35826110473	100060
35826111173	99421
35826111203	99619
35826111623	99373
35826114853	99767
35826115003	99726
35826115393	100984
35900212413	282322
35900260193	282299
35900273933	282355
35900284083	282311
35900286773	282375
35900288623	282339
35900304163	282312
35900307263	282358
35900307843	282311
35900310973	282346
35900311413	282366
35900324093	282303
35916111113	247644
35957401303	97800
35971359093	247492
35971651203	247484
36023004053	190003
36035100873	195777
36035211043	195780
36035700103	81862
36069000583	46193
36069001313	46194
36069938633	155166
36069939753	155162
36069940063	61581
36069948533	350558
36069948533	350559
36069951243	271642
36072470823	265492
36078051033	49588
36078420013	49594
36078421003	49596
36144041043	110617
36192000153	282913
36192120523	282909
36192122183	282875
36192122183	282875
36192122213	282866
36192122473	282930
36192122893	282872
36192123333	282889
36192127003	282924
36192150063	282870
36200003503	265540
36200004463	265514
36200004883	265469
36200004883	265548
36200014943	265471
36200014943	265568
36200057063	26124
36200067963	26056
36200083543	26100
36200222843	26236
36200227053	26090
36200344293	265518
36200415603	26061
36200430293	265572
36200430323	265532
36200430743	265473
36200430743	265522
36200431023	265505
36200431573	26140
36200431573	26141
36200431733	265536
36217145043	274513
36217213643	134587
36217273043	198669
36217406243	364009
36217683903	134586
36217769003	134605
36217966303	134613
36232050063	143752
36232051473	143748
36232056003	143743
36300033103	234975
36300200123	234982
36338603	171431
36406302653	363733
36406303513	363893
36406304503	363972
36406304633	363567
36406304763	363788
36406304893	364594
36406304923	364439
36406305203	364037
36406372113	363575
36408201213	193851
36412019033	338849
36423350323	101680
36426300363	214338
36426300363	214341
36426300493	214339
36426500473	214350
36494020323	203708
36494061043	193831
36511007023	71591
36514199473	284368
36514297063	333643
36593110093	279806
36593120023	279808
36632001023	70492
36632007803	70640
36632008343	70654
36632008343	233778
36632008893	70690
36632008923	233873
36632009753	70387
36632009753	70412
36632009913	70362
36632009913	70386
36632009913	70691
36632010193	70373
36632010353	70420
36632010513	70380
36632010513	70396
36632010513	70397
36632010773	70421
36632011213	233705
36632011343	233729
36632013163	70582
36632013163	186570
36632013293	186570
36632013293	186603
36632013293	186662
36632013323	186556
36632013583	70649
36632013613	70636
36632013743	70489
36632013743	70493
36632014023	70686
36632015013	343680
36632018243	70645
36632018373	233828
36632018403	70592
36632018533	233857
36632018663	233734
36632019073	233854
36632019103	70619
36632019233	233730
36632019363	233835
36632019493	233848
36632019653	233826
36632019783	233867
36632019813	233710
36632019943	70601
36632020123	70628
36632020253	233845
36632020253	233846
36632020383	233798
36632020383	233799
36632020833	233860
36632020833	233860
36632026033	4252
36632026033	70468
36632026323	70467
36632027153	70583
36632027313	70423
36632027603	70383
36632028143	4335
36632029003	4324
36632029393	4305
36632029553	4273
36632029553	4336
36632029553	4337
36632029683	4335
36632029843	4292
36632032553	186551
36632032553	186573
36632032553	186586
36632032683	70544
36632032683	186570
36632035813	4262
36632037183	186599
36632037183	186648
36632037213	186595
36632037213	186620
36632037343	186618
36632037343	186631
36632037503	186562
36632037763	186635
36632038203	186569
36632038333	70549
36632038593	186676
36632038623	186614
36632038883	186659
36632039033	336389
36632039033	345386
36632039033	345386
36632039323	345380
36632039323	345380
36632042293	330503
36632042453	233791
36632042583	233810
36632042583	233810
36632042613	233738
36632042743	70496
36632055903	70701
36632055903	70707
36632070043	352843
36632071613	299034
36632071743	299038
36632071873	155752
36632071903	147185
36632072023	306887
36632072603	298986
36632073563	298804
36632073563	298843
3663207363	298842
36632073693	4244
36632073983	298867
36632073983	298867
36632073983	298908
36632075093	155596
36632075093	155596
36632075253	80990
36632075253	80990
36632076403	298995
36632076533	298942
36632076533	298942
36632077073	306788
36632078063	298898
36632078063	298941
36632078063	298941
36632078223	306736
36632078513	147114
36632078513	147131
36632078643	306728
36632078643	306888
36632079343	155723
36667400563	211463
36669022503	63365
36669028543	63380
36669038283	63385
36669063353	63383
36669075103	63397
36778005183	107388
368063	340799
36846461033	4076
36846481253	4039
36846481703	4067
36846481833	4055
36929904273	332343
36929904273	332357
37000741343	211568
37000775133	211569
3700254081363	343505
37014000283	85694
37014000573	85675
37014242263	85699
37014321043	85706
37041008313	76318
37041054013	76274
37071112073	122041
37100003983	289926
37100005963	185127
37100028023	185174
37100033263	185211
37100036523	185283
37100054053	185156
37100061853	185116
37100062263	185284
37100090013	185283
37100120123	289951
37100300013	185249
37100544493	185147
37100561643	185147
37102289903	216211
37203138773	76614
37272089013	248006
37279080013	248014
37279242893	248017
37279587963	248013
37279665883	248023
37295003683	107503
37296201453	38639
37296202153	38637
37297914543	203347
37297914543	203348
37309005863	19659
37323103903	219979
37323112233	219973
37323118013	219965
37323118143	219995
37323120443	220001
37323120733	219955
37323130053	220004
37323158033	219962
37323401603	219997
37363571243	212155
37363982353	212204
37363986283	212159
37363986443	212155
37363986993	212206
37363987013	212208
37363987433	212186
37466016023	187545
37466016993	187655
37466018553	187737
37466019413	187727
37466019543	187661
37466034843	187656
37466044613	187717
37466047263	187502
37466047263	187736
37466048963	187523
37466062143	187440
37466062273	187475
37466062273	187511
37466063683	187737
37466065083	187548
37466080093	187596
37466080093	187618
37498244043	131683
37498705513	131663
37500750043	184258
37500758933	184256
37531036833	163489
375313	340537
37578614933	291156
37578615183	291123
37578616623	291135
37578617033	272445
37578617163	57996
37578617583	326486
37578618023	139468
37578620163	59911
37578620453	59841
37578715183	291176
37600003643	55606
37600026253	147251
37600026963	55616
37600039673	147263
37600051163	55566
37600083973	147676
37600085953	55617
37600103213	147274
37600105033	302829
37600105033	302844
37600106573	302805
37600106573	302805
37600106863	302805
37600106863	302839
37600107433	147687
37600110723	302861
37600110853	302863
37600112253	302817
37600112253	302859
37600117593	147231
37600125383	147540
37600143943	147248
37600159203	147447
37600166393	147443
37600166423	147624
37600181143	186
37600183673	147421
37600187213	76508
37600188883	147341
37600190923	55592
37600191043	55586
37600197243	76403
37600218733	147309
37600223423	147219
37600230933	302805
37600233583	142423
37600233613	142340
37600236133	147306
37600240543	147533
37600241533	147622
37600246873	76499
37600246873	76502
37600251143	147626
37600280723	147362
37600282253	55587
37600282253	55602
37600290623	302849
37600295383	55591
37600295383	55612
37600306003	147385
37600314053	147283
37600329453	142418
37600369183	147325
37600369183	147655
37600395113	76504
37600436083	147490
37600442183	55579
37600458153	147691
37600462563	55589
37600462563	55589
37600469623	147322
37600477093	147599
37600482523	147252
37600487603	147377
37600523813	147704
37600527293	147386
37600616843	147572
37600665643	55619
37600672023	147416
37600676113	147389
37600687553	147433
37600700283	309172
37600706773	147692
37600706803	147287
37600722483	147510
37600735803	147666
37600775083	147420
37600807463	147409
37600810753	147448
37600814003	147411
37600820783	33949
37600826693	55572
37600832113	302846
37600833233	147286
37600833363	147590
37600834933	147620
37600840163	147470
37600841573	147299
37600848053	147631
37600849203	147670
37600850483	147483
3760133320013	81849
37601500103	86890
3760169521583	184687
3760275800183	340485
37644012403	245718
37644020903	245725
37644305703	245736
37649270273	353323
37649309003	291239
37695123103	330631
37695124193	238640
37695160733	299214
37695160993	299205
37695161693	63521
37695162133	63527
37695162843	46539
37695162973	256769
37695192703	63522
37695196923	46534
37695747453	246962
37695798233	238726
37842001933	106129
37843801303	277856
378833	340849
37971126613	103741
37982982123	244113
38000000713	165680
38000000843	259427
38000014673	64247
38000014673	165813
38000029103	13795
38000049613	107033
38000049613	165970
38000080203	165013
38000102653	166141
38000105883	174616
38000106163	165997
38000109393	272302
38000109683	166313
38000109843	165448
38000112423	310703
38000113543	165536
38000113673	255950
38000114243	83337
38000114663	165853
38000115943	159467
38000116643	165073
38000117183	165632
38000117893	165097
38000120343	165076
38000121593	310572
38000121753	166092
38000122453	310740
38000122903	259457
38000123443	83381
38000123603	166313
38000124143	310569
38000124983	259516
380001293503	310639
38000129353	166128
38000129513	272297
38000130083	259388
38000130113	159466
38000132483	231876
38000132513	310737
38000132933	83361
38000133893	164980
38000134043	165659
38000137143	255950
38000138133	166148
38000138973	259399
38000139963	259458
38000140303	165109
38000140983	166112
38000142963	310715
38000143953	165605
38000144813	165064
38000145773	310647
38000145803	310586
38000146053	310597
38000146343	165002
38000146893	166321
38000149153	61351
38000150173	165444
38000151163	272278
38000151613	165039
38000155673	165599
38000156083	164969
38000156243	165604
38000156533	165679
38000156793	166462
38000156823	166328
38000157943	165016
38000158643	166177
38000161773	291573
38000163593	165024
38000165283	166062
38000167713	166125
38000169113	259415
38000169663	259414
38000170423	166139
38000171123	165163
38000171963	166384
38000174513	310719
38000176463	166457
38000178283	61354
38000181733	165869
38000183393	165831
38000183713	259397
38000187193	166054
38000188183	165945
38000189333	310563
38000191633	310695
38000192203	166070
38000192593	255951
38000194283	259410
38000195013	165984
38000196553	259512
38000196973	83371
38000197703	272345
38000197963	134861
38000199813	166484
38000199813	265703
38000200663	310689
38000200663	310690
38000200823	310673
38000200823	310674
38000201813	166442
38000202773	255953
38000202773	255954
38000202803	165847
38000204593	83313
38000204593	83372
38000205743	107033
38000208133	255889
38000208553	310669
38000209123	255928
38000209123	255978
38000214103	265725
38000217203	165786
38000217593	83332
38000217623	83321
38000217913	259486
38000218163	107030
38000220883	255950
38000221163	255880
38000221453	330622
38000222023	255991
38000222573	255869
38000222573	255872
38000222733	255950
38000222733	255950
38000223143	255908
38000224713	310562
38000224843	231880
38000224843	231881
38000225833	310628
38000225833	310629
38000228193	255614
38000228193	272287
38000228223	272272
38000228223	272273
38000231513	106955
38000231513	106955
38000232213	272280
38000235603	272270
38000235603	272271
38000237003	259386
38000238253	310599
38000239403	166211
38000241123	231919
38000241383	106940
38000241963	165861
38000243493	259373
38000243783	106932
38000243783	106949
38000243813	106938
38000244773	272309
38000245053	272274
38000245183	165908
38000246173	272263
38000246623	255923
38000247293	107008
38000247583	166497
38000248733	166363
38000249273	165770
38000250743	255896
38000251733	255949
38000252983	265724
38000254123	107003
38000254123	166368
38000255793	310687
38000258213	272274
38000258503	255941
38000260803	272307
38000264023	231923
38000265013	166081
38000265983	272324
38000267253	255925
38000267543	107039
38000267833	310567
38000269943	265708
38000270093	106963
38000270963	165980
38000276613	106963
38000277443	231918
38000278853	255864
38000278983	106930
38000279553	83380
38000280733	272322
38000280863	106945
38000283413	166366
38000285363	214431
38000286773	166376
38000288463	272279
38000290183	255948
38000291043	13796
38000291593	83297
38000291883	166161
38000291883	310653
38000292903	272319
38000300103	166382
38000313103	166396
38000327513	166423
38000356483	166002
38000356483	231878
38000356483	231878
38000357213	166007
38000359453	166029
38000376733	166409
38000391163	165812
38000397783	310671
38000475443	61349
38000483103	272271
38000490613	310692
38000498343	165956
38000500343	166439
38000502903	166182
38000504853	166353
38000516993	166447
38000551253	166468
38000553783	166397
38000556593	165875
38000556623	321760
38000556753	164983
38000556913	164995
38000557743	166461
38000570773	165947
38000572913	83368
38000576003	166158
38000589263	165905
38000590993	166095
38000595493	310581
38000599453	310584
38000599903	166359
38000702693	310642
38000724343	231899
38000749513	255890
38000750403	265722
38000755903	165117
38000764363	165112
38000772573	166490
38000773273	255965
38000785283	165637
38000786693	166142
38000786983	310635
38000791253	310602
38000793653	231887
38000806933	166320
38000844843	259384
38000844973	165558
38000845093	165574
38000845253	259430
38000848193	259372
38000851803	165606
38000925603	166324
38000930973	166492
38000937743	165974
38000940873	165675
38000940903	165671
3800231791183	172617
3800242953	83315
38020476093	227059
38020476123	227060
38020701133	227057
3803903	310681
3804203	310655
3805503	310601
38079912023	305525
38093221033	112811
38093516603	112775
38101001633	44791
38101001893	44800
38101003163	44782
38101007413	44773
38101009653	44776
38101010673	44771
381617000103	50170
38200000063	349229
38200023123	349225
38232340083	193921
38232348973	60871
38233241273	61662
38252376833	76732
38252410513	256021
38252420093	98443
38252420383	130911
38252440213	154666
38252450403	98437
38252500313	98434
38252520403	247092
38252550233	233606
38252730253	253557
38252760243	313651
38252760373	313708
38252760403	98426
38252870133	247860
38252930103	19237
38252940003	57630
38259100073	289066
38259100233	289226
38259100363	289337
38259100783	289446
38259101353	289030
38259101483	289563
38259101513	289537
38259102053	308274
38259102183	288860
38259102343	288769
38259102503	288800
38259102633	289635
38259102763	289719
38259103173	289133
38259103203	289312
38259103333	289376
38259103593	289316
38259103623	289372
38259103883	289652
38259103913	289239
38259104033	289654
38259104293	289174
38259104453	289447
38259105313	289685
38259105443	289265
38259105443	308282
38259105733	289501
38259105863	289649
38259106723	289137
38259106853	289385
38259106983	289021
38259107683	289549
38259108383	289634
38259108963	289612
38259109083	289552
38259109243	288961
38259109373	289156
38259109663	289642
38259109823	289543
38259110133	289542
38259110553	289531
38259110713	288745
38259110843	288897
38259110973	288792
38259111093	289369
38259111123	289674
38259112083	289610
38259112403	289603
38259114803	289504
38259116623	288914
38259116753	289132
38259116883	289703
38259117293	288801
38259117873	289462
38259118023	289519
38259118443	289728
38259119723	289645
38259120163	289240
38259120293	289628
38259121153	289122
38259121603	288895
38259122303	289329
38259122563	288993
38259122693	289135
38259123423	288783
38259123553	289518
38259123683	289188
38259124123	289301
38259124673	288804
38259124833	289322
38259124963	289732
38259125113	289118
38259125373	288969
38259125403	288972
38259125663	289048
38259126363	289145
38259126783	289234
38259127223	289409
38259127483	289701
38259127773	289347
38259129043	289581
38259129173	289305
38259129463	187925
38259129883	289564
38259133163	289694
38259133293	289498
38259133583	288768
38259134863	289490
38259135273	130437
38259135723	289098
38259136263	289348
38259138793	289556
38259138953	289123
38259139783	288916
38259139813	289056
38259140093	289179
38259140413	289536
38259140673	288825
38259142103	289587
38261857613	43129
38274154303	213251
38274304913	142173
38274324683	142175
38274415053	142169
38274415053	142169
38274715283	142181
38281101253	254024
38281102083	253995
38281102113	280766
38299718443	166197
3831087762423	253360
38328602033	65739
38361403093	328340
383960541913	347608
38444595493	166175
38445040183	169873
38445040213	170103
38445122513	57948
38445122803	57957
38445999863	250098
38459000333	138037
38459995103	60357
38459995233	60313
38483210623	353988
3850102326143	222158
3850102501403	174537
3850102512843	78410
38528655693	194705
38556815113	2736
3858888590093	373057
38616325873	197537
38616325873	197540
38616387673	197548
38629001283	179925
38666595493	166176
3870007052503	351395
3870007064193	351396
38708949093	129526
38708949963	248920
38708950013	248927
38708950303	159287
38708951003	248928
38708952383	248937
38718038633	13279
38718224043	139554
3871832009373	230662
38718709083	119470
38718709113	119501
38718709373	119441
38718709403	119452
38718709793	119423
38718709823	119448
38718709953	119473
38718710133	119475
38718720583	119479
38718720873	119485
38718720903	119424
38718730223	119493
38718790043	13278
38749600663	309124
38749700103	309136
38749700233	309143
38749818563	309142
38778000083	223434
38778000113	223430
38794347773	51766
38794994403	51789
38794995943	51764
38794996223	51826
38794996773	51758
38794996803	51756
38794997053	51804
38794999033	51813
38794999453	51807
38794999583	51779
38882720303	53062
38897491113	33180
38900000523	77628
38900009403	230376
38900009533	332780
38900020583	77579
38900029043	77714
38900030063	77707
38900032913	77525
38900035303	77736
38900042073	77675
38900042103	77675
38900043223	77551
38900728083	77759
38900773793	77624
38900773823	77705
38900773953	77623
38900773953	77719
38909000043	265756
39000008013	239852
39000031233	185123
39000048033	185183
39000086653	185177
39000086653	185273
39000565233	239796
390453	341153
39045392863	177601
39045417283	177607
39045504013	177598
39047001763	352768
39047015753	352777
39047016033	352755
39047031333	352762
39059092223	29812
39073022213	174689
39073041733	174694
39073042273	174684
39073070023	174685
39073075363	174680
39073682073	174676
39073685203	174706
39093	192675
39106344183	251654
39131168563	25040
39131169003	25043
39131169263	25028
39131169683	268962
39131169713	268964
39131169843	25020
39153011113	62025
39153011243	62033
39153012073	62097
39153100893	62097
39153110083	62079
39153110373	62074
39153110403	62060
39153110663	62066
39153125483	62101
39153200173	62044
39153211643	62127
39153413153	62138
39153413283	62130
39153413443	62027
39153413573	62137
39153414013	62117
39153414853	62146
39153500143	62051
39156000053	190456
39156000473	190490
39156002033	190551
39156002743	190540
39156003573	190477
39156006093	190523
39156006673	190465
39156006703	190475
39156009223	190476
39186500103	9559
39186533033	9555
39217013763	125162
39217118123	43103
39217119113	125157
39272000623	158723
39272309443	158745
39278040203	259331
393589444113	203073
39392120003	116244
39392120003	116245
39392510453	116248
39400010463	44448
39400010463	44611
39400010593	44466
39400010593	44652
39400013723	44395
39400013723	44547
39400016113	44456
39400016113	44662
39400016373	44380
39400016373	44530
39400017073	44431
39400017073	44644
39400017233	44511
39400017233	44750
39400017523	44449
39400017523	44615
39400018193	44464
39400018193	44625
39400018223	44698
39400018643	44471
39400018643	44700
39400018803	44385
39400018803	44536
39400019183	44507
39400019763	44401
39400019763	44555
39400028253	294687
39400028963	294694
39400099383	44432
39400099383	44581
39400103783	44518
39400110583	44416
39400114253	44498
39400115663	44483
39400166573	44502
39400217473	44433
39400916833	44690
39400918813	44535
39401201013	16715
39466000293	211863
39466002433	211857
39494001033	352052
39494111183	352037
39494111923	352044
39496001093	68927
39528024823	347452
39528200043	347427
39528620063	346647
39528620063	347457
39528700383	347436
39528800083	347442
39528901223	253545
39545007533	289762
39545007953	289747
39545099033	289750
39614419823	15709
39632000713	15839
39632006623	15833
39632006913	15811
39639008453	274498
39639051183	42609
39639051503	274491
39639055143	42613
39639055303	265206
39639206583	274489
39639605133	274495
39639610373	42549
39639650003	274434
39677853053	364923
39677873143	364921
39759070873	104054
39759070903	104050
39759076073	64187
39759076103	64185
39759086133	64124
39759156003	64181
39759156133	64129
39759175653	64174
39759347043	64151
39759348033	309219
39771120013	10437
39771140073	184390
39771140943	42832
39771900103	252101
39779012853	347944
39851725473	332427
39851725503	332426
39935000083	190390
39978001023	36509
39978001443	36528
39978001603	36617
39978001733	36626
39978002303	36771
39978002563	36875
39978002723	36855
39978002853	36611
39978003133	36699
39978003393	36759
39978003683	36577
39978004253	36622
39978004253	36622
39978004543	36566
39978004673	36501
39978004703	36739
39978004963	36827
39978005373	36794
39978005823	36839
39978006493	36585
39978006943	36786
39978009173	36697
39978009463	36829
39978011213	36784
39978011503	36851
39978013743	36538
39978013873	36642
39978015273	36753
39978019523	36672
39978021533	36767
39978023803	36819
39978025203	36636
39978025463	36621
39978025463	36621
39978029393	36690
39978034533	36555
39978035783	36843
39978035813	36838
39978043313	36615
39978044983	36828
39978045843	36582
39978069023	36722
39978104533	36555
39978109873	36714
39978113023	36859
39978114273	36603
39978115393	36824
39978116093	36525
39978118943	36684
39978119193	36898
39978122513	36451
39978123213	36605
39978209023	36727
39978521033	36633
39978523013	36836
4000001203	169704
40000029373	215160
400000305493	81986
400000316253	25949
40000151463	305821
40000162643	313246
40000201113	213462
40000203193	202500
40000203193	346693
40000236153	215110
40000347163	215215
40000347873	302959
40000347873	302960
40000393863	215231
40000395713	215215
40000408543	79069
40000420583	305843
40000444343	215056
40000457473	215189
40000467083	215153
40000470663	79020
40000483403	215160
40000485803	345030
40000485933	345037
40000486633	215042
40000488453	202518
40000488873	305814
40000489603	215153
40000490623	215153
40000493723	305777
40000493853	202504
40000494683	305821
40000495383	215215
40000495963	215153
40000497233	122066
40000497363	122061
40000497523	215153
40000497813	215153
40000498353	305827
40000498643	78947
40000500803	215069
40000500933	215184
40000503323	78960
40000503613	78996
40000504313	215210
40000505273	213456
40000505563	215153
40000505853	202519
40000507413	215097
40000509073	215097
40000509103	215186
40000509653	215153
40000511953	79029
40000512813	215105
40000512943	215153
40000515623	122068
40000517313	215264
40000518983	305825
40000520443	79028
40000520603	215051
40000521983	215244
40000523093	78956
40000523383	79061
40000523703	215051
40000524403	79037
40000525363	78995
40000525523	78979
40000525653	79038
40000526803	215215
40000528043	215051
40000528913	79015
40000530473	305822
40000531593	215215
40000532293	215153
40000533153	78950
40000534273	215269
40000535393	345039
40000536123	215229
40000537113	215063
40000537793	78995
40000538103	79037
40000538233	305850
40000538653	79003
40000539803	215095
40000540953	215120
40000543893	305793
40000544913	213461
40000546153	169042
40000547273	215153
40000547433	215215
40000547853	215051
40000548843	78992
40000549123	215120
40000550983	79115
40000551133	215153
40000551713	215127
40000552093	345030
40000552123	305867
40000552703	215215
40000554493	215219
40000555803	169041
40000557593	215147
40000557913	215125
40000558873	345056
40000560173	213463
40000561453	215213
40000565093	215153
40000565543	215153
40000565673	215082
40000567813	169492
40000568353	215123
40000571933	79085
40000573883	202498
40000574323	202482
40000574323	215276
40000574903	202488
40000575283	202499
40000576723	78977
40000580003	215199
40000581833	215204
40000582663	215076
40000583653	305808
40000584803	79008
40000584933	62739
40000586043	345049
40000591603	215275
40000592433	215215
40000595113	215117
4000417706003	8597
4002309008363	231248
4002590000053	163333
40083782363	217337
4009077072503	85379
40093300403	263109
40100000753	311165
40100007813	98351
4011800123413	286801
40129200493	156185
40129201933	156190
40129400053	156203
40129500173	156188
40129500883	156191
4019013	311188
40196001023	9535
4020213	311171
40224800253	83008
40232003103	213216
40232048623	91617
40232049743	242793
40232050183	35157
40232051203	288577
40232069093	226236
40232077043	61327
40232081873	320305
40232082153	320515
40232082573	97879
40232095443	316737
40232098673	102677
40232143823	263214
40232149863	130798
40232152993	212656
40232179983	125316
40232208553	280713
40232211003	130801
40232212123	178332
40232214363	157293
40232244063	320226
40232269813	359469
40232283383	53373
40232296703	341979
40232341953	192007
40232363153	35660
40232375453	75654
40232398193	50385
40232423123	336315
40232440953	333637
40232456473	150088
40232485503	271630
40232488603	109660
40232496073	351139
40232520273	267863
40232609893	244189
40232609923	244184
40232617133	49942
40232623943	265054
40232625343	64732
40232664793	229991
40232664823	43366
40232665103	183975
40232667213	86411
40232691683	57383
40295492043	243490
40295493033	232740
40295515353	232737
40361847463	254289
4037213	311206
404048082033	175939
40447430213	344539
40503402833	62159
4053	340379
40578053923	213505
40594213943	45690
40600215893	153400
40600221993	153396
40600224253	153409
40600507523	153410
4061458042703	8224
4061459288483	213587
4061461490133	256054
4061462232213	134824
4061462411113	213622
4061463838483	144653
4068706433443	341267
4069365551493	195666
40697600473	46296
40697600503	46296
40697630043	46345
40697642343	46293
40697680093	46288
40697700173	46285
40697700203	46307
40697712053	46285
40697712633	46298
40697740483	46313
40697740513	46306
40697741053	46399
40784986503	282706
40811000233	215465
40817000053	13667
40817010083	13511
40822011143	280275
40822011143	280275
40822017503	280329
40822051033	324084
40822341523	280313
40822341653	280311
40822342353	280362
40822342773	280299
40822343183	280337
40822343473	280260
40822343893	280274
40822343893	280297
40822344623	280334
40822344883	280257
40822344883	280263
40822345293	280275
40822345323	280329
40822345453	280361
40822345743	280284
40822440103	324085
40829078293	46598
40829097553	46591
40829150593	46587
40874753	10
40876283	348141
40900000663	118410
40902339433	38652
40908800173	74610
40913013223	163284
40913021303	163270
40913021433	163272
4099100000313	263013
4099100000443	20973
4099100000733	134817
4099100000863	288316
4099100001143	134821
4099100001723	230564
4099100002423	63404
4099100002553	195682
4099100003093	271074
4099100004533	54566
4099100005783	246029
4099100008333	188823
4099100009583	350954
4099100010473	25714
4099100016253	8168
4099100017663	97863
4099100020793	213656
4099100025293	41369
4099100025873	8176
4099100027563	190810
4099100030143	106167
4099100031843	105144
4099100032123	40390
4099100032253	58336
4099100035063	224467
4099100035483	103780
4099100035773	344611
4099100041743	190813
4099100042283	246038
4099100052763	195668
4099100053203	213652
4099100060843	190819
4099100061833	213631
4099100061963	50375
4099100064353	58337
4099100065343	271065
4099100066463	58325
4099100066593	271075
4099100068443	64969
4099100068863	271069
4099100072853	97859
4099100073973	315961
4099100079173	63403
4099100079463	50374
4099100079623	56743
4099100083453	188838
4099100083743	299309
4099100087093	188837
4099100087963	188828
4099100088113	246032
4099100091243	25827
4099100092783	97867
4099100093223	20627
4099100095623	230089
4099100096033	188826
4099100106923	54582
4099100107593	8175
4099100109283	134835
4099100111453	188986
4099100115253	262841
4099100115963	213616
4099100117363	58349
4099100118513	20616
4099100120783	258122
4099100123883	263017
4099100124323	263032
4099100130713	8208
4099100131383	106160
4099100134803	134832
4099100135183	263028
4099100139693	192658
4099100141313	230644
4099100150933	190814
4099100156003	188984
4099100162363	263012
4099100167023	263011
4099100252903	301717
4099100280753	213649
409981666043	187760
41000002243	188073
41000005183	187964
41000005343	368788
41000005473	368810
41000005633	368899
41000006333	188131
41000006333	188132
41000006593	188128
41000006913	368781
41000007743	188065
41000008603	188051
41000008733	188049
41000022463	188091
41000022593	172525
41000022623	172470
41000053153	121749
41000053153	121750
41000054143	187986
41000068393	188114
41000072383	188122
41000077203	188012
41000142123	172442
41000197673	187953
41000197673	187981
41000251283	368878
41000251733	172551
41000273643	188005
41000303043	188063
41000328183	188130
41000344053	187948
41000501173	188148
41000530043	187952
41000693823	188058
41000716263	172530
41003183	264950
41006055953	197164
41006061893	74679
411010983403	104765
411010984103	104776
41114784363	116287
41115282523	124658
41116004773	38605
41116012013	273160
41116013263	67727
41116014703	23464
41116232053	162401
41116263613	273141
41116263613	273189
41118009813	84406
41118009813	84406
41126009423	238120
41129000083	58432
41129010013	259313
41129010273	259296
41129077023	58423
41129088203	58419
41129274453	58404
41129396803	58444
41129397503	58412
41129402603	227646
41130025273	290111
41130025853	291641
41130034763	65052
41130070563	87307
41130076343	290114
41130076473	94542
41130076503	94677
41130209383	321328
41130209413	321343
41130209543	321322
41130210013	321323
41130210143	321365
41130210273	321356
41130210303	321374
41130210433	321388
41130210563	321317
41130210723	321377
41130211133	321307
41130211973	55960
41130212413	321879
41130212543	321381
41130212703	321380
41130212833	321382
41130228483	65064
41130261053	64926
41130270093	49720
41130270413	49727
41130270963	49723
41130286063	291812
41130286193	291856
41130286223	291819
41130286933	291860
41130289033	291797
41130289163	291676
41130289293	291787
41130289323	291880
41130289453	291798
41130289743	291707
41130289873	291753
41130289903	291867
41130301353	291878
41130301483	291842
41130304163	291741
41130304293	291702
41130306723	291848
41130307423	291646
41130307683	291772
41130309953	291769
41130310003	291665
41130310263	291882
41130310553	291685
41130310683	291781
41130310713	291790
41130310843	291705
41130310973	291869
41130311093	291782
41130311123	291862
41130354083	291620
41130380723	68374
41130380983	68378
41130382383	68260
41130382673	68188
41130382703	68276
41130382833	68255
41130383113	68180
41130383243	68236
41130386343	68360
41130386503	68262
41130387203	68193
41130387753	68280
41130387883	68332
41130388163	68314
41130388293	68199
41130388323	68297
41130388453	68277
41130388583	68331
41130388873	68194
41130389023	68186
41130389283	68369
41130389313	68301
41130389443	68265
41130389733	68222
41130389863	68210
41130464393	60660
41130483233	67624
41130497353	67629
41130497513	220971
41130582653	321882
41130592133	67461
41130592393	67710
41130592423	67575
41130592553	67569
41130592683	67543
41130592713	67545
41130599163	221788
41130599293	347195
41130599323	347164
41130599453	347187
41130599583	347180
41130599613	321897
41130612893	316152
41130612923	316177
41130613173	316141
41130613203	316153
41130613333	317907
41130613753	316175
41130613913	68358
41130614033	316159
41130614323	316170
41130614453	316162
41130802843	291726
41130802973	321397
41130810473	15614
41130810633	15633
41130812163	15641
41130812453	15609
41130989483	321326
41133301053	35292
41133301343	35319
41133531283	35274
41133533263	35263
41133534253	35290
41133535243	35285
411401179903	104763
41143025703	319428
41143025703	319521
41143029053	319338
41143029053	319339
41143029503	319343
41143029503	319356
41143029633	319343
41143029633	319468
41143050453	319487
41143051603	319326
41143051603	319328
41143052013	319406
41143052013	319452
41143052563	319496
41143057513	319419
41143059333	319407
41143059883	319410
41143070543	319466
41143070673	319394
41143071953	319392
41143088883	319380
41143090763	319511
41143090763	319516
41143090893	319376
41143092743	319508
41143120033	319336
41143120163	319341
41143120163	319445
41143510063	319383
41143511053	319506
41144753223	159166
41144798903	3984
41144799153	3990
41144808923	8003
41144811923	8001
41144814993	8032
41144825203	159184
41144825623	159170
41148488923	185318
41148491473	185319
41148813633	185320
41149011823	366842
41149120013	366828
41149120143	366817
41152102433	223801
41152102563	93994
41152102983	59730
41152421503	59956
41152423033	60414
41152423583	59710
41152423613	60499
41152500123	130534
41152995073	162349
41153000783	284051
41153000783	284055
41163416963	23073
41163458833	7981
41163497153	315773
41163498143	8021
41163690363	8033
41163986763	7995
41164000413	218539
41164000413	218570
41164002653	218547
41164002653	218564
41164008433	218553
41164008433	218576
41167099803	4158
41168106463	55789
41168195443	17656
41172000573	32681
41172001433	40357
41172005813	24316
41172810073	91666
41172810103	91663
41172811193	253354
41172812893	269399
41172812923	269393
41185063183	247026
41186001573	12034
41186187703	12017
41186387103	12005
41188040433	107912
41188041843	107925
41188042703	107924
41188044653	107918
41188045063	107908
41188115193	107906
41190000883	294458
41190000913	292362
41190001613	292094
41190002023	292610
41190002573	292136
41190002603	293592
41190006113	293617
41190006243	292435
41190006403	292348
41190006533	292348
41190006663	294244
41190006793	292400
41190007363	293880
41190007813	292423
41190008063	294520
41190008353	294540
41190015023	293865
41190016143	292347
41190017843	292504
41190019243	292452
41190019243	292453
41190019373	291991
41190019663	294309
41190020393	294187
41190020423	292554
41190021383	293862
41190022243	294403
41190022663	292949
41190023073	293880
41190023653	292327
41190024353	292575
41190024513	293913
41190026753	292612
41190027453	292145
41190032273	294395
41190033713	292853
41190033973	293000
41190034543	293002
41190038503	292214
41190039593	293664
41190039913	293884
41190040063	294469
41190041893	293718
41190042043	294189
41190042883	292435
41190043033	293812
41190044023	292117
41190044603	292737
41190044863	293595
41190045273	291988
41190045563	292407
41190045853	292642
41190047383	294516
41190048533	292123
41190048793	291966
41190049073	292404
41190049233	291987
41190049363	292614
41190049493	292289
41190050703	292371
41190051113	293700
41190051373	292424
41190051403	292757
41190051793	294226
41190051823	294426
41190051953	292221
41190052493	291978
41190053643	292786
41190053773	292713
41190053803	292282
41190053803	292282
41190055043	293238
41190055203	293235
41190055333	293386
41190055463	293392
41190055593	293213
41190055593	364942
41190055623	293440
41190056033	293501
41190056033	293501
41190056613	293470
41190056873	292051
41190057283	293355
41190057573	293334
41190057603	293410
41190057993	293119
41190058143	293237
41190058273	293421
41190058433	293325
41190058983	293753
41190060153	294551
41190060573	293337
41190060863	294376
41190061143	292675
41190061273	293217
41190061853	293669
41190062003	293380
41190062263	292053
41190062393	292154
41190062423	292632
41190062713	293420
41190063963	294607
41190064083	293229
41190064243	293433
41190064373	293205
41190064533	293013
41190064793	293323
41190064823	364948
41190064953	293045
41190065073	293216
41190065103	293402
41190065233	293542
41190065363	294458
41190066483	292512
41190066513	292506
41190066643	292508
41190066773	292507
41190066803	294041
41190067053	293371
41190067183	292400
41190067633	292199
41190067763	293689
41190068333	293924
41190068753	293468
41190068913	293780
41190069163	294107
41190069293	294016
41190069323	294001
41190069453	294382
41190069583	294148
41190069613	293928
41190069743	292348
41190069873	294257
41190070183	293227
41190070503	294421
41190071043	293187
41190071203	294007
41190071333	293193
41190071593	292949
41190071623	293321
41190072033	294086
41190072163	294498
41190072293	292141
41190072323	292137
41190072453	294324
41190072613	293866
41190072903	293278
41190073023	294123
41190073153	294349
41190073283	292487
41190073313	293144
41190073443	293827
41190073573	294069
41190073603	293428
41190074143	292461
41190074433	292025
41190074693	294452
41190074723	294122
41190074983	293264
41190075393	293475
41190075423	293274
41190075553	294068
41190075683	292498
41190075713	291998
41190075973	292576
41190076093	293835
41190076123	293285
41190076253	294584
41190076413	294578
41190076833	292382
41190077663	294293
41190077793	294307
41190078493	292309
41190078523	292309
41190078653	292648
41190078783	294344
41190078813	292208
41190079483	294420
41190079513	292027
41190080113	292638
41190080243	292783
41190080373	294101
41190080403	293930
41190080663	294015
41190080823	292446
41190081073	291971
41190081103	292292
41190081233	292054
41190081363	292687
41190081493	292701
41190081653	292750
41190081783	294368
41190081813	294374
41190082063	292219
41190082223	292255
41190082483	294291
41190082513	292460
41190082773	292035
41190082803	292033
41190083213	292872
41190083343	292989
41190083473	291956
41190084173	292458
41190084203	293666
41190085293	294567
41190085323	292610
41190085453	292022
41190085583	293920
41190085873	293830
41190086023	292230
41190086313	293897
41190086733	291964
41190087273	292144
41190087303	294454
41190087563	292377
41190400553	292595
41190403783	292426
41190406203	293560
41190406883	293128
41190406913	294357
41190407163	292074
41190407323	292071
41190407873	293385
41190408153	294297
41190408283	294462
41190408863	292958
41190408993	293933
41190409273	294435
41190409303	294435
41190409433	292935
41190409563	294240
41190409693	293629
41190409853	293101
41190410033	292210
41190410163	293209
41190410323	294003
41190410453	294354
41190410583	292586
41190410613	292191
41190410873	292046
41190411023	292111
41190411153	292100
41190411313	293561
41190411573	294203
41190411603	293219
41190411733	292385
41190412013	292125
41190412143	293490
41190412273	292181
41190412303	294260
41190412853	293037
41190450633	294566
41190451043	292676
41190454143	292719
41190454303	294539
41190456093	293889
41190456123	293549
41190456413	293823
41190457403	292897
41190457953	293869
41190459063	294405
41190459193	292245
41190459803	292921
41190460083	292257
41190460113	294380
41190460243	293863
41190460403	294536
41190461103	292843
41190461493	292660
41190461783	293741
41190462353	294241
41190462773	293064
41190463183	293521
41190463633	294590
41190463763	292072
41190465583	293104
41190465613	293258
41190466283	293552
41190466443	293352
41190466603	293348
41190466733	293114
41190467013	293201
41190467143	293244
41190467273	291927
41190467433	293779
41190467693	293482
41190467723	292584
41190467983	294393
41190468133	293044
41190468393	292711
41190468423	294398
41190468553	249224
41190468683	292562
41190468713	292886
41190469253	294581
41190469383	294329
41190469413	38990
41190469413	293005
41190469543	291928
41190469673	293361
41190469703	293307
41190469833	293721
41190469963	292966
41190470013	292244
41190470143	291930
41190470563	294147
41190470693	292194
41190470723	293042
41190470983	294149
41190471003	292319
41190471133	293438
41190471263	293603
41190471393	292226
41190471423	293695
41190471683	293948
41190472093	293895
41190472253	292560
41190472383	293922
41190472543	294167
41190472673	292087
41190472703	292096
41190472833	291931
41190472963	294091
41190473083	292189
41190473113	293651
41190473373	293974
41190473953	293727
41190474073	38982
41190474073	292743
41190474233	293785
41190474523	293480
41190474653	294150
41190576203	330887
41190576593	294501
41190576623	294479
41190576883	292592
41190576913	291947
41190577033	292849
41190755363	258636
41190756063	258707
41190759613	258639
41190760503	258661
41190760893	258718
41190761593	258732
41190762453	258735
41190763023	258739
41190763153	258685
41190763283	258640
41190763573	258662
41191075613	205480
41191077013	205485
41192100253	64244
41192101083	89879
41196010923	111348
41196020243	260622
41196121483	260744
41196123623	260625
41196130423	260590
41196130423	260590
41196130713	260612
41196130713	260640
41196133073	260638
41196133073	260638
41196133073	260686
41196136333	260685
41196137163	260799
41196404753	260639
41196405033	13225
41196406993	260582
41196407013	260581
41196415063	111332
41196438383	260645
41196438413	260615
41196439793	260671
41196453843	260716
41196458213	260760
41196466423	260583
41196474763	260591
41196476033	260789
41196492323	260663
41196910353	260830
41196910643	260780
41196910933	260811
41196914153	260725
41200006003	157958
41200008083	157898
41200008243	157897
41200018303	233933
41200034143	157906
41200034143	157908
41200097223	233935
41200098923	157891
41200098923	177429
41200099203	157914
41200104433	233921
41200104693	157909
41200104693	157927
41200104723	157920
41200104723	157938
41200104853	157895
41200104853	233930
41200104983	157934
41206644803	287804
41220001323	139990
41220004973	139838
41220014743	140471
41220021833	52644
41220052073	139715
41220052493	140586
41220073733	140388
41220102563	52680
41220103553	140421
41220109593	139964
41220112883	140296
41220147533	140582
41220167623	144464
41220171903	140245
41220182893	52599
41220185283	52545
41220185313	52547
41220194773	140465
41220197583	140025
41220217403	139903
41220234653	140551
41220239863	144550
41220247073	144585
41220253333	144560
41220256433	52589
41220285723	139901
41220311033	214869
41220311163	214866
41220313143	140310
41220313563	144551
41220317363	140291
41220333943	144492
41220341573	139794
41220346103	139863
41220400683	140505
41220407743	140469
41220430383	144473
41220457373	144508
41220486823	139692
41220500383	139928
41220505623	140550
41220510993	144474
41220520473	144611
41220545483	140567
41220545773	139734
41220549153	52676
41220550753	139729
41220551453	139652
41220555093	140324
41220556243	140542
41220559183	139824
41220571833	144526
41220572793	139716
41220573233	140447
41220573943	140049
41220574063	140326
41220575893	140390
41220587773	139884
41220612383	139841
41220629473	140002
41220630943	144513
41220632893	140329
41220672813	144589
41220674503	144586
41220676583	140356
41220703753	144487
41220707843	139885
41220718733	139701
41220734023	139688
41220760633	140154
41220775453	139818
41220791743	140208
41220792603	140314
41220796533	139782
41220821693	140219
41220831623	140122
41220831753	140119
41220836543	139814
41220838653	52554
41220838813	140416
41220841653	140429
41220843763	52564
41220846443	52648
41220855223	139671
41220855513	52621
41220855643	52654
41220859313	140493
41220863563	140285
41220864133	140174
41220873203	140043
41220883233	140223
41220891313	52584
41220891603	140548
41220900343	140020
41220904563	139654
41220908523	140140
41220909803	140227
41220916863	140219
41220917983	139887
41220918423	139997
41220918553	139955
41220934393	140412
41220934423	140509
41220939503	139684
41220940493	140404
41220944293	139880
41220944323	139872
41220951963	144617
41220953523	140053
41220956203	140216
41220959853	139678
41220960903	139837
41220961023	140143
41220965663	139678
41220967063	140012
41220968893	140533
41220970063	140202
41220972333	144564
41220973873	139875
41220974733	139825
41220975143	140445
41220977963	140153
41220978113	140215
41220978373	140399
41220979783	140300
41220983353	202315
41220983483	140478
41220983513	140475
41220987283	139951
41220991563	139760
41220992003	139846
41220992553	140201
41220996773	140553
41224172203	275213
41224182103	275041
41224202023	275280
41224212503	275127
41224212503	275127
41224408203	274967
41224411203	275262
41224451063	275020
41224456303	275044
41224456723	274961
41224465183	275022
41224466043	275285
41224469143	275154
41224604483	274997
41224634503	275100
41224638303	275067
41224700383	275168
41224701663	275078
41224705463	274999
41224706583	275036
41224708303	275199
41224710023	275032
41224710023	275287
41224711983	275248
41224721043	275159
41224721463	275165
41224724303	275292
41224726703	275183
41224763043	274971
41224763203	275198
41224837003	275087
41224857513	275257
41224871823	275008
41224871823	275009
41224875203	275094
41224900103	275151
41224900103	275282
41226199833	145667
41226199963	145666
41226200003	145671
41226459883	145665
41232270213	368560
41234010373	205148
41234416113	204768
41234554013	204901
41234713113	204797
41234809113	205051
41235000663	218474
41235000793	218493
41235000823	218473
41235000823	218477
41244010103	202683
41244010103	202686
41244121083	202712
41244212033	202701
41244600533	202677
41244640263	202692
41244990023	202682
41244990573	202696
41250000693	209780
41250002413	206260
41250003953	207899
41250007883	209519
41250009993	208246
41250012573	208504
41250016403	207202
41250028673	206311
41250028703	206670
41250033813	206918
41250040033	207159
41250040453	208466
41250041733	206688
41250046233	206286
41250048473	206606
41250087793	206427
41250102113	205849
41250102533	207519
41250112563	208535
41250157243	208122
41250157403	206850
41250160663	205910
41250161103	208301
41250177883	209891
41250201373	208952
41250207313	207112
41250207573	209827
41250215813	205920
41250246053	207133
41250501473	209388
41250505563	209783
41250505693	208854
41250560463	207153
41250560883	206869
41250561033	209239
41250562603	206822
41250564713	206965
41250565123	208535
41250642893	208533
41250643173	208097
41250643463	209985
41250644873	208946
41250660323	206767
41250660873	207972
41250660903	207973
41250663843	206905
41250667773	210062
41250667803	206061
41250689393	206408
41250689843	207226
41250691563	206327
41250692133	209242
41250693123	209870
41250878483	208793
41250938293	210065
41250938453	207291
41250941323	207155
41250941583	206964
41250941613	207451
41250941743	207547
41250941873	207407
41250941903	209601
41250943143	205954
41250946373	207451
41250946403	206153
41250946823	206157
41250947363	207843
41250947493	209060
41250947653	208499
41250948773	209282
41250949053	208507
41250950493	207739
41250950813	208564
41250950943	208278
41250953333	205956
41250957843	209245
41250960263	207034
41250960553	209472
41250964353	205953
41253000393	222086
41253001833	222136
41253003103	222080
41253160103	222126
41253378003	222083
41255015203	80808
41255430723	80624
41255430853	80713
41255836303	80807
41255836303	80907
41258751023	370618
41258751153	370618
41258751153	370618
41259212233	21382
41259213513	21394
41259501573	21379
41259501603	21380
41260004223	260017
41260005473	177242
41260005893	299661
41260017223	299926
41260017483	175107
41260362873	176948
41260364563	176231
41260368813	176316
41260369513	176644
41260372063	259765
41260372643	62765
41260373893	176076
41260381973	260018
41260384493	259773
41260384523	259762
41262270183	368623
41262270213	368560
41262270923	368647
41262271173	368659
41262272033	368539
41262272323	368543
41262272583	368689
41262273283	368664
41262273443	368629
41262273573	368716
41262273603	368578
41262273603	368578
41262273993	368595
41262274013	368524
41262274143	368709
41262274273	368534
41262274693	368599
41262275553	368629
41262275683	368641
41262275683	368724
41262278233	368566
41262278363	368721
41262281103	368556
41262281233	368592
41262281363	368522
41262281363	368523
41262281493	368696
41262281493	368696
41262282063	368576
41262282353	368650
41262282353	368716
41262282483	368679
41262282803	368505
41262282933	368528
41262282933	368528
41262283213	368516
41262283343	368524
41262283473	368667
41262283923	368507
41262285873	368650
41262286023	368537
41262286283	368505
41262286573	368590
41262286603	368578
41262286733	368699
41262286993	368629
41262287013	368524
41262287013	368524
41262287143	368592
41262287273	368526
41262287433	368514
41262287563	368535
41268109173	133072
41268109593	133948
41268109883	133076
41268111343	133025
41268111633	132844
41268112463	133635
41268113873	133448
41268113903	134078
41268114283	133029
41268115273	133126
41268115303	133735
41268117543	133853
41268118083	133922
41268118373	134233
41268119523	133089
41268120093	132720
41268120963	133103
41268124503	132815
41268124893	134212
41268126583	133475
41268126613	133262
41268128143	133226
41268128983	133698
41268130313	133250
41268133093	132679
41268135783	133757
41268136353	133791
41268137053	133983
41268138333	132977
41268140183	133152
41268140343	132910
41268141753	133573
41268142323	132930
41268143573	133329
41268144723	134076
41268145393	133093
41268146833	133311
41268149193	133816
41268149223	132742
41268153893	132811
41268153923	134077
41268156023	133485
41268156153	133790
41268158423	133707
41268159833	132769
41268160433	133313
41268161263	133355
41268161843	133776
41268163373	133558
41268163793	132879
41268164233	133814
41268167913	133296
41268168033	132687
41268168583	133220
41268170913	134074
41268171453	134247
41268171583	132705
41268172023	133380
41268172573	133344
41268172863	133932
41268174133	133317
41268177653	133746
41268178643	133944
41268181483	134051
41268182763	133096
41268183623	133365
41268184163	134085
41268184323	133090
41268185023	134138
41268185153	133822
41268186273	132923
41268186303	132672
41268186433	133412
41268187263	133997
41268187713	132822
41268188383	133259
41268188413	134328
41268188543	133434
41268188703	132831
41268188963	134326
41268189083	133209
41268189403	133961
41268189823	132894
41268190393	132814
41268190423	134022
41268190713	133210
41268190843	133927
41268191253	132739
41268191413	134219
41268191543	132979
41268191703	133774
41268191963	133120
41268192083	133977
41268192113	133113
41268192403	132841
41268192533	134128
41268192793	133694
41268193103	133142
41268193233	133531
41268193523	133428
41268193783	134230
41268193813	133188
41268193943	132671
41268194063	133057
41268194223	132917
41268194773	134159
41268194933	133177
41268195343	133992
41268195473	132792
41268195503	133168
41268195633	133264
41268195893	133480
41268195923	133846
41268196173	132826
41268196203	133215
41268196883	133784
41268197033	132911
41268197163	132800
41268197453	133180
41268197583	134111
41268197743	133949
41268197873	133763
41268197903	133279
41268198153	133069
41268198283	133797
41268198313	132962
41268198863	134225
41268199143	132778
41268199273	133162
41268199303	133163
41268199433	133147
41268199563	133752
41268199693	133400
41268199723	134155
41268200023	133655
41268200153	133674
41268200603	132951
41268200733	133646
41268200993	134173
41268201983	134107
41268202003	134108
41268202423	133563
41268202553	133047
41268202713	133811
41268204113	134144
41268204403	134265
41268205073	133272
41268205363	133141
41268205653	133910
41268206063	132960
41268206193	133910
41268207473	132915
41268207763	133725
41268208173	132934
41268208463	133512
41268208593	133772
41268208623	133774
41268208753	132802
41268208883	133762
41268209163	133238
41268209583	133826
41268209613	133309
41268209743	133539
41268209873	133949
41268209903	133935
41268210053	133901
41268210343	134162
41268210633	132782
41268210893	134006
41268210923	134131
41268211593	134039
41268211623	133565
41268211753	133899
41268211883	133809
41268212033	133900
41268213023	133660
41268213733	134008
41268214273	133100
41268214303	133496
41268215133	133266
41268215393	132766
41268215423	134198
41268215973	133890
41268216123	133647
41268216253	132790
41268216383	133679
41268216833	134034
41268217373	133043
41268217403	133460
41268217533	133029
41268218073	132695
41268219223	133671
41268219483	134031
41268220083	132692
41268220533	132945
41268220663	132893
41268221103	132968
41268250073	133884
41268759903	132741
41268763603	133895
41268764013	134153
41268764143	133348
41268766123	133889
41268766673	133599
41268767533	132830
41269001803	244540
41269005443	244474
41269005443	244598
41269112523	244446
41269155193	244547
41269173623	244524
41269205973	244640
41269205973	244641
41269206413	244556
41269207113	244465
41269209063	244563
41269209063	244575
41269209643	244571
41269306083	244636
41269306373	244477
41269306533	244554
41269306663	244483
41269307073	244573
41269308063	244510
41269309213	244649
41269406363	244518
41269406363	244518
41269406943	244592
41269407773	244479
41269407933	244504
41269408343	244470
41269409203	244647
41269504823	244639
41269591793	244614
41269605353	371680
41269608033	244643
41269608033	244644
41269802493	244447
41270001793	154026
41270002233	153874
41270003193	153825
41270005463	154440
41270005623	154242
41270005913	154382
41270006293	154292
41270008853	154076
41270009973	153994
41270013383	153913
41270016223	154163
41270016643	154116
41270018203	154172
41270019903	154342
41270020213	153961
41270020473	153870
41270020503	154233
41270021043	153902
41270023443	154164
41270024563	154302
41270025133	153864
41270025393	154092
41270026963	154207
41270029483	154269
41270030953	154299
41270037983	154417
41270038843	154013
41270039093	154302
41270039123	154300
41270039673	154225
41270041263	153901
41270041843	153928
41270044493	154132
41270044653	154200
41270045933	154023
41270060813	154265
41270064033	154226
41270064903	154222
41270268493	154285
41270277303	154289
41270277723	154197
41270321303	154401
41270429993	153986
41270447423	154131
41270461733	154086
41270461863	154177
41270485883	153971
41270489003	154313
41270810043	153837
41270810623	153995
41270812993	154379
41270813563	153950
41270822763	154011
41270827683	153934
41270830393	154158
41270830683	153922
41270830713	154354
41270830843	153814
41270830973	153894
41270834223	154429
41270837163	154051
41270837743	153815
41270850063	154321
41270879293	153954
41270880923	154332
41270882743	154040
41270885843	154434
41270894883	153860
41270895163	153902
41270897143	154227
41270930093	154405
41270930963	154390
41270932783	154153
41270945103	154346
41270946353	154114
41270949583	154195
41270952323	154085
41270958943	154361
41271004113	232339
41271004663	155780
41271004953	155718
41271004953	155733
41271004953	155733
41271005073	155760
41271009323	155608
41271009453	155680
41271009743	155612
41271009743	155641
41271017823	155715
41271019933	155617
41271019933	155618
41271019933	155622
41271021103	155664
41271022513	155681
41271022643	155737
41271022803	155593
41271022803	155700
41271024883	155727
41271024883	155728
41271024883	155729
41271025903	155590
41271025903	155664
41271025903	155664
41271027013	80994
41271027433	80993
41271027693	155657
41271027693	155663
41271027693	155663
41271027723	155635
41271028003	155631
41271028683	155599
41271028713	155758
41271301533	232346
41278124333	24888
41278127273	344970
41278192493	157572
41278216953	344969
41278264183	157570
41278282323	24869
41278561343	24879
41278576453	24877
41278628763	24865
41280115633	159153
41280128633	159255
41282047963	145699
41282048113	145607
41282995233	145688
41282998333	305520
41289895703	19077
41290000233	251909
41290000783	252088
41290001223	251970
41290018153	251998
41290018283	251937
41290018313	251941
41290031343	251857
41290031503	252097
41290031923	252007
41290032753	251988
41290103033	251845
41290105693	252045
41290112103	252087
41290114763	252076
41290170073	251971
41290203153	251904
41290207083	252049
41290207663	251985
41290351663	252000
41290400293	251864
41290411183	251930
41290530853	251925
41290532673	251924
41290776053	251927
41290783693	252078
412956120723	168905
41299119103	11296
41303000083	87349
41303000113	88456
41303000403	88304
41303000533	87676
41303000663	87674
41303000793	88888
41303000953	87882
41303001073	87387
41303001103	88347
41303001523	88198
41303001653	87207
41303001783	87664
41303001943	88729
41303002063	88195
41303002193	87698
41303002223	88361
41303002483	88505
41303002513	88704
41303002643	87093
41303002933	87525
41303003053	88099
41303003183	87823
41303003213	88606
41303003343	87823
41303003503	88014
41303003633	88740
41303003763	87732
41303003893	88305
41303003923	87586
41303004043	87595
41303004173	88346
41303004333	88321
41303004463	87067
41303004623	87892
41303004753	87127
41303005033	88048
41303005163	88841
41303005323	87983
41303005453	88686
41303005613	88338
41303006283	88426
41303006443	87802
41303006573	87286
41303006603	87283
41303006733	87454
41303007143	88096
41303007723	87488
41303007853	88155
41303007983	87462
41303008263	88157
41303008553	88438
41303008683	88061
41303008843	88875
41303009093	88368
41303009253	87081
41303009383	87962
41303009413	88215
41303009673	87581
41303009703	87750
41303009833	88559
41303010013	88872
41303010143	88868
41303010563	88876
41303010693	88324
41303010723	87437
41303010853	88316
41303010983	321874
41303011003	87434
41303011263	87121
41303011423	88274
41303011553	88012
41303011683	87790
41303011713	88258
41303011973	88884
41303012833	88786
41303014233	88117
41303014493	88768
41303014653	87848
41303014813	87961
41303014943	87316
41303015063	87898
41303015353	321896
41303015483	88387
41303015643	87662
41303015773	87239
41303016053	87151
41303016183	88780
41303016213	88586
41303016343	88069
41303016503	87263
41303016633	88448
41303016763	88439
41303016893	87388
41303016923	87536
41303017043	87448
41303017173	87390
41303017333	88084
41303017463	88634
41303017593	88910
41303017623	88909
41303018033	87320
41303018163	87994
41303018323	88793
41303018583	88400
41303018743	87119
41303018873	88535
41303018903	88291
41303019023	88826
41303019153	88329
41303019283	88390
41303019313	88390
41303019573	87087
41303019993	88378
41303020043	88802
41303020173	88802
41303020203	87924
41303020753	87784
41303020883	87423
41303021033	87426
41303021163	87581
41303021293	87609
41303021323	87582
41303021453	88631
41303021613	88307
41303021743	88671
41303023693	88630
41303024843	88244
41303024973	87066
41303025093	88577
41303025253	88011
41303025413	87101
41303025673	87102
41303025963	87102
41303026083	87356
41303026113	88269
41303026243	87214
41303026403	88798
41303026533	321890
41303026793	88211
41303026953	88510
41303027363	321877
41303027653	88856
41303027813	87516
41303027943	87203
41303031063	87542
41303031193	88276
41303031223	88322
41303035993	88692
41303036723	87988
41303036853	87213
41303037133	87856
41303037553	87977
41303037683	88852
41303037713	87903
41303037843	87202
41303038833	87449
41303039243	88738
41303039373	87885
41303042373	87704
41303042403	87143
41303042533	88071
41303043073	87481
41303046043	88463
41303046203	87756
41303046333	87813
41303046593	88107
41303046623	87120
41303046753	88597
41303047033	87192
41303047163	88343
41303047323	87261
41303048603	87421
41303049143	87084
41303050873	88116
41303050903	87487
41303051153	88059
41303051993	88280
41303052013	88720
41303052693	87888
41303052983	87804
41303053003	88253
41303053133	88070
41303054093	87792
41303054123	88527
41303054253	87079
41303054383	87939
41303054833	87635
41303055953	87711
41303057773	88790
41303057803	87590
41303058473	87650
41303058503	87743
41303058763	88809
41303058893	88486
41303059593	88483
41303059883	87574
41303059913	88184
41303060803	88200
41303061633	88417
41303061893	88657
41303062203	87781
41303062593	87296
41303062623	87112
41303062753	88435
41303062883	88436
41303063033	88572
41303063163	88778
41303063873	88462
41303063903	87322
41303064573	87996
41303064603	87206
41303065983	88069
41303069233	87303
41303069363	88669
41303071243	88006
41303072523	88473
41303072783	88305
41303072813	87325
41303072943	88194
41303073353	87196
41303074893	87545
41303076163	87148
41303076743	88176
41303079843	87904
41303079973	88452
41303080023	88382
41303080443	88234
41303081013	88065
41303081433	87971
41303083093	87439
41303084243	88481
41303084663	87238
41303085493	87565
41303086063	87873
41303086513	88236
41303087473	88472
41303087503	88470
41303087633	87453
41303092743	88001
41303092903	87381
41303093023	88154
41303093153	87610
41303098653	88459
41303098783	87336
41303099063	87745
41303099193	88639
41303099223	87262
41303100073	87208
41303100363	87788
41303100493	87134
41303100653	87581
41303102923	87423
41303103173	87828
41303103333	88795
41303780923	20988
41303781203	345268
41303781883	20996
41303820193	88171
41308010483	268967
41308010643	268969
41310340103	99054
41310761243	188980
41311121053	195391
41311312413	39017
41313045463	4399
41318010213	286116
41318010343	285384
41318010473	286686
41318010503	286705
41318010763	286706
41318010893	285855
41318011043	285920
41318011173	286685
41318011203	286078
41318011333	285573
4131802003	285540
41318020083	285394
41318020113	286353
4131802013	285598
4131802023	285041
4131802033	286379
41318020373	286449
41318020403	286559
4131802043	286427
4131802053	286682
41318020533	285968
4131802063	286559
41318020663	284844
41318020793	285498
41318020823	286665
4131802083	285392
41318020953	285741
41318021073	285415
41318021363	285884
41318021493	286561
41318021653	285235
41318030013	284870
41318030723	285256
41318030983	285958
41318031133	285180
41318031263	285347
41318031843	285020
41318050103	285880
41318050363	286234
41318050653	285248
41318050783	284966
41318050943	285714
41318060003	286032
41318060133	286521
41318080063	285955
41318080223	284958
41318080353	286140
41318092653	285183
41318092783	285844
41318092813	285352
41318093353	284787
41318093643	284805
41318094343	285733
41318094473	285841
41318094503	285825
41318094633	286141
41318094893	285426
41318095203	285074
41318096453	286334
41318097993	285352
41318098433	286720
41318098983	285864
41318100013	286052
41318100983	286612
41318101003	285592
41318120363	286012
41318130393	285574
41318130423	286273
4131818023	286184
41318180503	286483
41318180633	286275
41318180893	286386
41318180923	285997
41318181043	285932
41318181173	79903
41318181203	285432
41318181463	285101
41318181593	285135
41318181753	286077
41318182323	286123
41318182453	285421
41318182583	68067
41318182743	285304
41318182873	285033
41318190083	286576
41318190243	286509
41318190373	286248
41318190533	286710
41318190663	286500
41318190793	285068
41318191103	285425
41318191363	286039
41318191493	286532
4131819173	286512
41318191783	285529
41318191943	285691
41318192193	286256
4131819233	285774
41318192353	285888
4131819243	285715
41318193053	286293
41318193183	286512
41318193213	285193
4131820013	286193
41318200133	285084
41318200263	286545
41318200393	284984
41318200713	286301
4131820073	286208
4131820083	285436
41318200973	285084
41318201093	68004
41318201123	68087
41318210033	285359
41318210293	286070
41318210453	285947
41318210613	285359
41318210873	285359
41318210903	285360
41318211153	68026
41318211283	286466
41318220193	285535
41318221053	286513
41318221893	68126
41318221923	68052
41318222043	68077
41318222203	285108
41318223033	285904
41318223453	286667
41318223743	67978
41318224023	286375
41318224153	286684
41318224283	68122
41318224313	286496
41318224733	284956
41318224863	68129
41318224993	285636
41318225273	285212
41318225303	284951
41318230383	286009
41318240023	286601
41318241433	285810
41318241693	285203
41318242003	285213
41318250053	286711
41318251593	286277
41318251623	286507
41318251753	284859
41318251883	286239
41318251913	285370
41318252033	284966
41318252163	285075
41318252323	285293
41318252613	285707
41318260113	286542
41318260243	284941
41318271843	286640
41318272413	285595
41318280203	285946
41318280593	285078
41318290363	285301
41318290653	286629
41318291063	286550
41318291803	285125
41318292053	285507
41318292343	286171
41318292633	68019
41318300093	285479
41318300123	285408
41318300253	285404
41318300543	285843
41318300963	286577
41318301373	67999
41318301403	67997
41318301533	286577
41318301953	286060
41318302073	286595
41318302103	285858
41318302233	285076
41318310153	285219
41318310283	284895
41318310313	284828
41318310443	284827
41318310863	285588
41318310993	284884
41318313093	285985
41318317763	286094
41318318753	286652
41318318883	284816
41318320213	284992
41318320503	285611
4131832083	285959
41318320893	284869
41318320923	284862
4131832093	285144
41318370003	285017
41318410143	286050
41318410433	286129
41318420043	284963
41318430073	274824
41318430363	274826
41318440133	285996
41318440263	285157
41318440393	285158
41318440423	285917
41318440553	286199
41318450613	286167
41318450743	285200
41318450903	68113
41318480023	285541
41318480443	285391
41318480573	286447
41318480603	286446
41318480733	285390
41318510003	285199
41318521313	285998
41318530063	286463
41318530353	286136
41318530513	285978
41318540093	286598
41318540123	286283
41318550023	284781
41318570083	286477
4131857013	285760
4131857023	285026
41318570243	285763
41318570373	285528
41318570533	284962
41318570663	285044
41318580273	286331
41318580303	286324
41318580693	285890
4131858073	286099
4131858083	285935
41318580853	285489
4131858093	286340
41318580983	285514
41318581003	285509
4131858113	286317
41318581133	286107
41318581393	286228
41318581423	286358
41318581553	286368
41318581843	285335
41318581973	285897
41318582123	285938
41318582253	285607
41318590333	68101
41318590463	285615
41318590593	286118
41318590623	284833
41318590753	285803
41318610543	286191
41318870893	286022
41318870923	285021
41318871043	286213
41318871203	286398
4131892053	285506
41319002613	53614
41321004513	368784
41321005213	368825
41321005343	368788
41321005473	368889
41321005503	368884
41321005633	368852
41321006753	368827
41321006753	368847
41321006913	368781
41321006913	368783
41321016943	26000
41321080173	368811
41321193453	368773
41321193453	368838
41321203893	368766
41321212543	368764
41321241253	221713
41321251283	368823
41321301193	362273
41321301353	368855
41321316203	221709
41321339653	368892
41321339653	368893
41321360053	368886
41322109163	288098
41322126443	288044
41322136633	288094
41322159533	288097
41322172563	92332
41322195913	92394
41322214843	288062
41322220103	92388
41322224293	92346
41322321473	92329
41322322173	288113
41322323323	288046
41322356673	92335
41322377203	92398
41322377913	92309
41322379023	92289
41322390233	288067
41322390523	288108
41322395023	272596
41322397393	92389
41322397683	92294
41330700383	253586
41331009683	50872
41331011143	123476
41331011303	124118
41331012393	123182
41331013093	123645
41331013123	123645
41331013413	124039
41331013703	123716
41331013703	123716
41331014793	123968
41331014953	123599
41331015103	123645
41331015103	123931
41331020053	123360
41331020183	344141
41331020633	123313
41331020763	123925
41331020893	124184
41331021333	123251
41331021463	124032
41331021593	123786
41331021623	123402
41331021913	123602
41331022033	123412
41331023443	123313
41331024273	123266
41331024273	123868
41331024693	123258
41331024723	123794
41331024853	123525
41331024983	123521
41331024983	123521
41331025003	123339
41331025133	123260
41331025263	123794
41331025423	123605
41331025553	124156
41331025713	124003
41331025843	124008
41331026123	123279
41331026253	123289
41331026383	123462
41331026543	123222
41331026543	123222
41331026673	123393
41331026963	123369
41331027083	123765
41331027083	123765
41331027113	123422
41331027403	123179
41331027793	123897
41331028073	123706
41331028103	124110
41331028363	123619
41331028363	123619
41331028523	123531
41331028783	123673
41331028943	123272
41331029063	123263
41331029803	123693
41331030793	123549
41331030823	123549
41331031653	124066
41331031813	123628
41331031813	123629
41331033183	123335
41331033213	124129
41331033763	123549
41331034623	123268
41331036153	123979
41331036153	124096
41331037303	124067
41331038393	123606
41331038423	123189
41331038553	123572
41331038683	123666
41331038713	123664
41331038843	123985
41331039093	123416
41331039253	123466
41331039383	123429
41331039703	123431
41331039703	123431
41331039963	123489
41331040143	123641
41331040563	195413
41331041003	123373
41331043953	123738
41331043953	123738
41331044073	99024
41331048453	123788
41331048873	123627
41331049023	123567
41331049153	123626
41331049443	123648
41331049573	124019
41331049573	124020
41331050173	124138
41331050753	123459
41331050753	124146
41331050913	123643
41331051033	123458
41331051873	123721
41331052153	123264
41331059213	123330
41331059343	123720
41331059923	123746
41331062633	282288
41331078603	123624
41331090063	124069
41331090223	123287
41331090483	124187
41331090513	124187
41331090643	123485
41331090643	123485
41331090803	123497
41331090933	124099
41331091053	123240
41331091213	124052
41331091343	123174
41331091503	123956
41331091633	123432
41331092173	123199
41331092333	123500
41331092913	123545
41331093323	123642
41331093613	123682
41331093873	123334
41331094153	123255
41331094443	123958
41331122863	123621
41331123303	123924
41331124263	123827
41331124263	123869
41331125703	123866
41331125963	123823
41331125963	124147
41331126663	123946
41331126793	124178
41331126823	124046
41331127233	123699
41331127363	123773
4133127363	123708
41335000013	167094
41335000143	167066
41335000273	167082
41335000563	167114
41335000983	167095
41335001263	167057
41335001683	167100
41335001713	167119
41335001843	167102
41335060093	167013
41335060093	167016
41335094913	167072
41335161073	167110
41335332183	167107
41335332923	167076
41335334583	167037
41335353683	167058
41345155123	238284
41345337123	238290
41349000313	77308
41351000943	336025
41351001193	336008
41351621643	329117
41351913663	336009
41354001183	219417
41358340103	43000
41364001043	270374
41364002163	270366
41364002323	270360
4136401473	76645
41364081663	308203
41364084763	308170
41364085333	308172
41364086583	308205
41364087313	308186
41364088563	308140
41364089713	308154
41364543963	270368
41364544243	270359
41364544373	270370
4136503	188008
41367806003	85227
41368014223	161433
41368016203	161432
41373012733	256776
41373016113	256800
41373110163	256799
41376100123	102463
41376100543	228649
41376100963	102404
41376103063	228634
41376103483	102231
41376103643	202972
41376106583	161026
41376108693	102369
41376110573	102445
41376111693	102285
41376200113	102369
41376200243	102461
41376200533	76751
41376202193	102324
41376204203	76751
41376210303	102468
41376400063	330629
41376401053	102481
41376401473	76645
41376403033	228628
41376404023	234004
41376404443	76647
41376407543	102353
41376407963	102512
41376408083	141938
41376409783	102488
41376410673	102314
41376491603	102397
41376500473	102510
41376500633	102309
41376501883	102453
41376503443	102492
41376503733	102329
41376504693	76734
41376504723	102283
41376504853	102524
41376504983	102401
41376505003	231476
41376505423	76818
41376505713	76818
41376505973	102293
41376506253	102291
41376506963	76679
41376507243	202990
41376508813	141933
41376510083	102492
41376512223	102507
41376512353	102373
41376512483	102333
41376512513	102279
41376700743	76714
41376701283	228647
41376703263	102368
41376703973	76706
41376704963	76674
41376707803	76844
41376714153	102302
41376714443	102302
41376714603	102457
41376943423	102397
41376954023	228583
41380000143	311996
41380000303	311800
41380000433	312141
41380000563	311801
41380000693	311891
41380000853	311931
41380000983	311933
41380001973	311852
41380002543	311996
41380009023	311906
41380014003	312135
41380017103	312006
41380053033	311821
41380056003	312026
41380061403	311866
41380068013	311853
41380069003	347255
41380085683	311983
41380086123	311877
41380089063	311974
41380090113	311958
41380090243	312093
41380098133	312125
41380102083	312034
41380102243	311953
41380102533	310815
41380108153	310802
41380109013	311879
41380111283	311817
41380134503	312089
41380191063	311889
41380193043	311900
41380199533	311938
41380212003	311998
41380240013	311786
41380246053	311871
41380249023	311910
41380260103	311924
41380263043	311861
41380268093	311968
41380270133	312047
41380291053	311836
41380430063	311839
41380496243	312064
41380497493	312036
41380500643	311983
41380501213	311775
41380501633	312129
41380502043	311866
41380550013	311785
41380552963	312061
41380850533	118027
41380855033	311810
41383090103	178729
41383090233	178728
41383090363	178750
41383155673	178744
41387007213	2533
41387102413	2587
41387102413	2588
41387221503	2589
41387307573	2557
41387307573	2606
41387323023	2561
41387323023	2562
413873530223	2574
41387530223	2549
41387530223	2585
41387551433	2522
41387551433	2522
41387612103	2582
41387622553	2612
41387904833	2550
41387904833	2571
41390001413	168647
41390002953	168647
41390007033	168689
41390008023	168666
41390008023	168666
41390014673	168602
41390014703	168688
41390015083	168588
41390015403	168590
41390015403	168591
41390020353	168636
41390021503	168599
41390024313	168619
41390024443	168633
41390030703	168596
41390041703	168688
41390042003	168610
41390050183	168601
41390050473	168652
41390050473	245280
41390061363	168623
41390061523	168621
41392900073	83028
41396010983	307912
41396074503	323566
41404080083	242187
41409000253	63007
41409000413	156342
41409002233	62991
41409002233	63040
41409002363	63006
41409002493	63016
41409013833	62985
41409013963	156332
41412172503	246248
41412179403	246247
41415000063	261897
41415000513	261777
41415001213	262027
41415001633	262733
41415002043	261506
41415003453	261642
41415004283	262431
41415004863	262041
41415006423	261879
41415007253	261872
41415007413	262652
41415008113	262410
41415008533	261685
41415009363	261941
41415010413	262654
41415012493	261903
41415012523	262499
41415012653	261447
41415015593	262682
41415016323	262255
41415017153	130089
41415020153	129981
41415025653	262457
41415027633	261721
41415029323	261594
41415031203	262050
41415031883	262220
41415032163	262591
41415033153	129905
41415034433	262803
41415036383	261951
41415037083	262530
41415039803	262059
41415040083	262369
41415041233	261623
41415041653	262552
41415042803	261997
41415043633	261445
41415044883	262208
41415046283	261888
41415050143	262438
41415052093	261742
41415053083	262572
41415054363	261940
41415056053	261783
41415057913	262200
41415058163	261977
41415061613	262007
41415066083	262557
41415067233	130104
41415067363	261579
41415067653	262465
41415070363	262192
41415071513	261894
41415073203	262057
41415074453	130014
41415076433	262700
41415078093	130092
41415083233	261867
41415083363	262263
41415084513	262028
41415086203	129972
41415095083	262635
41415095533	261687
41415096233	261855
41415096363	261589
41415098053	262105
41415103313	261934
41415106093	261890
41415106413	261522
41415107083	261969
41415110083	261562
41415111363	261954
41415111653	261819
41415112803	262392
41415116313	262147
41415117433	261576
41415119093	130080
41415120143	262242
41415124363	262656
41415136083	129901
41415136533	130059
41415138643	262096
41415146143	130145
41415154803	262026
41415166653	262193
41415167643	262315
41415168053	261464
41415170803	262784
41415171053	130100
41415172333	262482
41415179653	262157
41415187863	262448
41415190863	262450
41415197053	130049
41415199613	262169
41415201453	262084
41415207653	261530
41415209053	130102
41415212053	130161
41415213333	130184
41415224193	262788
41415226913	262750
41415236653	262157
41415271623	262538
41415278653	262411
41415284623	261816
41415287433	261678
41415294653	130090
41415297913	129950
41415301863	261474
41415302433	257796
41415307803	262258
41415309913	261731
41415312913	262323
41415322653	129919
41415324633	261993
41415331433	262313
41415337633	130020
41415338623	261802
41415338913	130114
41415342903	261526
41415344433	262360
41415348653	130041
41415348813	261450
41415354623	262811
41415354913	261840
41415357433	261958
41415365803	262472
41415366633	262221
41415367913	130155
41415370913	262076
41415378803	262156
41415381803	262710
41415382633	73171
41415386433	129937
41415394803	262565
41415395633	130072
41415396913	261676
41415401433	261564
41415403673	261964
41415408913	130007
41415409453	262143
41415411913	262004
41415413863	262135
41415419803	262409
41415423633	261810
41415425453	130192
41415427433	262542
41415430433	262073
41415436633	130147
41415437623	261946
41415437913	130095
41415438453	262413
41415443433	262138
41415448803	262645
41415451803	262416
41415453913	261740
41415456433	261674
41415465633	130147
41415466623	262777
41415479623	262118
41415481633	262358
41415482623	261811
41415494633	262206
41415523623	262770
41415534643	262033
41415541863	262017
41415547643	262312
41415550643	262693
41415554863	129917
41415748613	261985
41415764613	262228
41415821613	262199
41419781913	62730
41420010583	342721
41420011153	269858
41420011863	231090
41420012273	342734
41420012693	231091
41420013133	283934
41420013713	265581
41420013973	39112
41420016233	342620
41420016233	342698
41420017063	39258
41420018213	342601
41420018633	162515
41420020223	39170
41420020483	342765
41420020803	33869
41420021183	283926
41420021343	283953
41420021473	283948
41420022883	36417
41420023033	39249
41420023453	39268
41420023743	283930
41420028373	39357
41420029943	39259
41420030253	39292
41420033223	39208
41420034053	33814
41420034633	39385
41420035333	39291
41420035913	39268
41420035913	39268
41420036453	39053
41420036743	231087
41420036903	39270
41420037283	342723
41420037733	226580
41420037993	342682
41420038723	39245
41420039263	269859
41420040153	231088
41420041303	39055
41420041693	39185
41420041723	39208
41420042133	33788
41420042423	231093
41420043123	33826
41420043543	342625
41420045073	322656
41420045363	33888
41420045783	342730
41420046933	39291
41420047183	54895
41420047633	330623
41420047923	226569
41420048463	33781
41420049743	342617
41420050473	39069
41420050893	269860
41420050923	342615
41420051463	39099
41420051593	39225
41420052613	184424
41420053573	39043
41420061523	107723
41420062643	39162
41420064913	39185
41420065743	342608
41420066733	269857
41420066863	342667
41420067273	39134
41420067853	317612
41420074103	94220
41420075773	342724
41420075803	39304
41420076183	107728
41420076343	39274
41420076923	342627
41420081453	39128
41420100123	269855
41420100253	342706
41420103483	39197
41420104053	39233
41420110863	342649
41420110993	342706
41420112003	36429
41420112553	79459
41420112713	39074
41420113093	39140
41420113123	39201
41420125843	184422
41420125973	39235
41420142123	39202
41420154973	39298
41420155253	39119
41420170973	39067
41420202513	39309
41420212413	184434
41420214653	39171
41420224713	39128
41420247163	184412
41420247873	55274
41420247903	184423
41420477263	33904
41420518973	231101
41420550393	39159
41420550423	39050
41420743313	39051
41420744013	33890
41420746413	33899
41420748523	39366
41420748943	39119
41420749483	39330
41420752933	33831
41420758683	79460
41420760303	33846
41420770173	342653
41420790003	342741
41420806353	267816
41420850523	342733
41420882883	79460
41420900433	39085
4142203	188164
41429110123	145799
41433026403	73288
41443033033	197403
41443110963	197386
41443116033	197422
41443118433	197405
41443119553	197413
41443189723	197434
41443902643	197387
41443904043	197417
41443905033	197399
41443905033	197410
41443909123	197407
41445003003	91963
41445003003	91963
41449001753	177465
41449001753	177465
41449003153	177483
41449050003	305955
41449050553	305956
41449056203	7923
41449108643	177535
41449300153	177541
41449450193	177517
41449470023	43305
41449470153	43312
41449473253	112038
41449473413	112085
41449473673	177457
41449473963	177542
41449474243	177471
41449475653	112006
41449700083	177480
41458105343	83070
41458117223	83068
41458550433	83059
41458550723	83080
41458550853	83062
41460203143	74372
41460203273	253217
41460399303	253261
41466004683	66387
41466004713	66399
41483001153	166533
41483001283	166538
414830043313	166877
41483010773	166835
41483011053	166695
41483011213	166701
41483011503	166913
41483017383	166536
41483019653	166639
41483020833	166927
41483022233	166533
41483022363	166638
41483024343	166577
41483025753	166923
41483028013	166892
41483028143	166757
41483028273	166777
41483029263	166907
41483029843	166563
41483032683	166913
41483032843	166561
41483035653	166842
41483035943	166582
41483036773	166902
41483037053	166594
41483037213	166735
41483037343	166741
41483037473	166809
41483037633	166796
41483038043	166636
41483038173	166606
41483038203	166872
41483038593	166602
41483038623	166841
41483038913	166919
41483039293	166535
41483040053	371701
41483040633	166778
41483040763	166751
41483041333	166831
41483041463	323227
41483041593	166617
41483042293	166800
41483042453	166631
41483042743	166676
41483043023	166548
41483043153	166553
41483043733	298783
41483044143	166899
41483044563	166677
41483044853	166678
41483045003	212548
41486000023	192398
41486000023	192408
41486000863	192402
41486240023	192420
41490811103	238175
41493134353	101131
41497000333	358843
4149700093	360204
41497001323	359959
41497004263	348298
41497004423	359853
41497004553	360234
41497004683	360243
41497004713	359915
41497005093	358366
41497005413	358769
41497012473	359064
41497012503	359075
41497012633	359093
41497012893	359072
41497013883	358833
41497014453	359484
41497020713	358416
41497022533	358720
41497025503	359148
41497025633	358762
41497025763	358857
41497025893	359114
41497025923	360425
41497026753	358997
41497027583	359326
41497027873	359372
41497030583	359223
41497031443	358438
41497031603	358475
41497031993	359397
41497032983	359784
41497033713	359222
41497034093	359290
41497034543	358457
41497034963	358648
41497035083	358739
41497035403	358656
41497035793	360395
41497036233	358982
41497036363	359533
41497038893	360173
41497045433	359328
41497045853	359813
41497045983	360621
41497046553	358700
41497047093	359678
41497049233	359210
41497050253	360212
41497052943	358870
41497053353	358335
41497055333	359468
41497056323	359338
41497058143	358324
41497059003	359465
41497063383	358451
41497063413	359442
41497063703	358379
41497065493	359453
41497068173	359270
41497068883	358503
41497071173	359415
41497074013	358686
41497074433	359537
41497076093	358811
41497081233	359023
41497081363	358892
41497082643	359192
41497083053	358644
41497083213	359104
41497083473	358694
41497083763	359493
41497083893	359721
41497083923	358936
41497084463	358440
41497084753	358440
41497085583	359340
41497086573	358560
41497086603	358478
41497087273	359474
41497087693	359866
41497088713	358547
41497090273	359607
41497093113	359118
41497094813	359276
41497096183	360468
41497096893	359942
41497097043	358785
41497097463	359565
41497097593	360292
41497097623	360037
41497097913	360459
41497098033	358941
41497099603	359580
41497099993	360245
41497101993	360155
41497102013	359172
41497102273	193785
41497106653	358482
41497107933	358864
41497108213	358647
41497113033	360346
41497115433	359319
41497118113	359246
41497120123	360365
41497121793	359913
41497121823	358564
41497121953	359904
41497122103	360087
41497123643	358812
41497124183	359758
41497127733	360625
41497128983	359737
41497129973	360628
41497130603	360274
41497131693	359946
41497131723	360736
41497132003	359921
41497132133	358527
41497132263	359337
41497132393	360325
41497132423	360590
41497132683	360478
41497132713	359146
41497132843	359524
41497132973	360068
41497133093	358615
41497133253	358577
41497133673	359014
41497133703	358347
41497133833	358581
41497134083	360055
41497134113	360598
41497134243	359715
41497134403	359409
41497134663	360774
41497134823	359157
41497135073	358906
41497135523	360570
41497136193	122684
41497136223	359281
41497136353	359173
41497136513	358610
41497136643	358885
41497136933	359145
41497137473	358390
41497137503	358464
41497137763	358351
41497139903	360142
41497140473	360653
41497140503	360077
41497141173	360111
41497141203	360160
41497143733	360779
41497150243	359589
41497150403	359428
41497153633	359972
41497162003	359921
41497181773	359219
41497182763	359938
41497182893	360241
41497182923	359938
41497183333	360777
41497184453	359923
41497184613	360025
41497184743	360268
41497184903	360279
41497186693	359111
41497189663	359555
41497190003	358743
41497194193	359258
41497194353	358920
41497196463	360434
41497198863	358818
41497204373	359681
41497208333	358621
41497208883	360205
41497211333	358801
41497211593	360659
41497211623	360799
41497213283	359936
41497213573	358588
41497213863	360009
41497216543	359788
41497216673	358340
41497223763	358638
41497227013	359313
41497229123	359735
41497237333	359522
41497251063	359585
41497256693	359573
41497256853	359574
41497257003	360752
41497257423	358545
41497257683	360185
41497273843	360236
41497274383	360482
41497276943	360264
41497277483	359562
41497278183	359182
41497278923	360689
41497279913	359839
41497280063	359832
41497280193	360764
41497280223	358508
41497280483	359842
41497280513	359833
41497280933	358840
41497281053	360770
41497281213	360792
41497281763	359966
41497286553	360712
41497286683	359957
41497287253	360562
41497311163	360416
41497314553	360432
41497327553	359756
41497327843	359750
41497331123	359342
41497333493	360335
41497335893	360306
41497336333	359757
41497341603	360790
41497343423	359783
41497344833	360038
41497348503	358493
41497348633	360032
41497376353	360548
41497379323	360657
41497386703	360093
41497387083	358893
41497398713	360275
41497418183	359992
41497421923	360428
41497425433	360125
41497425563	360399
41497426393	358701
41497431113	360622
41497434633	360739
41497434763	359869
41497435043	359705
41497435623	360471
41497435753	359982
41497435883	360336
41497435913	360218
41497436033	359196
41497436163	351985
41497441563	360171
41497441983	358672
41497446483	359424
41497446513	359427
41497446773	359110
41497447183	359282
41497447503	358664
41497498543	360720
41497507023	360583
41497509003	360075
41497510443	360146
41497511303	359254
41497514243	360062
41497520633	359149
41497520923	360150
41497522323	358585
41497522613	360524
41497523153	360184
41497524563	358951
41497524853	358858
41497525263	359596
41497530113	360297
41497531653	358405
41497532803	359968
41497535453	360263
41497537303	358515
41497546213	360004
41497555963	359295
41497558353	359399
41497558513	360749
41497560233	358537
41497561773	359179
41497562053	360353
41497568093	360696
41497568123	360816
41497569403	360203
41497579013	359775
41497754243	359983
41497756063	360119
41498151553	8214
41498156343	8177
41498220723	106165
41498334253	8200
41500001043	102712
41500001333	102703
41500001463	103855
41500010403	103847
41500010663	102717
41500010953	102679
41500011073	102657
41500011943	103809
41500012483	102678
41500013183	103862
41500058023	103792
41500740003	51421
41500805023	102705
41500810713	103802
41500819723	103823
41500820453	103847
41500839813	102695
41500894423	103833
41500932163	103858
41500951553	103849
41500954523	103795
41500955933	103858
41501008263	239782
41501008713	29809
41501008973	239847
41501010303	239759
41501010303	239759
41501011003	239862
41501011003	239862
41501016923	239803
41501030103	239829
41501082713	239851
41501083703	239824
41501110423	181867
41501301173	239857
41501301173	239858
41501301203	239767
41501301203	239768
41501373613	239769
41501373613	239813
41501498903	239765
41501498903	239842
41501520253	239871
41501520253	239871
41501621233	239805
41501807583	239819
41501807613	239812
4150533	103842
41508300513	282745
41508300643	282763
41508510523	282753
41508511803	282769
41508803113	311006
41508803373	311009
41508803403	311011
41508806213	282747
41508913553	282760
41512008443	216155
41512008573	97196
41512008733	96817
41512010323	96896
41512012983	96464
41512013003	96873
4151206143	54697
41512062773	96205
41512077463	97223
41512078033	302133
41512078293	302137
41512078323	302130
41512079023	97318
41512080043	97029
41512081163	181626
41512081323	96505
41512081873	96855
41512082153	97466
41512082733	96067
41512082993	96983
41512083013	97211
41512083143	96789
41512083273	97348
41512083433	96116
41512083853	96124
41512083983	96459
41512084003	97067
41512084263	96175
41512084423	96248
41512084553	96381
41512085093	96394
41512085123	97024
41512085833	96778
41512086113	96193
41512086403	97486
41512086533	96527
41512086793	97371
41512086823	96393
41512087073	96860
41512087103	97048
41512087233	96805
41512087363	97322
41512087523	96290
41512087943	96074
41512092053	96040
41512092213	96627
41512092763	97067
41512093333	96913
41512099113	96537
41512099403	96880
41512100123	96877
41512100383	97206
41512100543	97273
41512100703	96555
41512100963	96294
41512101083	96490
41512101243	96474
41512101663	96463
41512102363	96482
41512103063	96218
41512103223	96736
41512103483	97282
41512103643	96205
41512103803	97198
41512104763	96161
41512104923	96066
41512105043	96641
41512105623	96236
41512105883	96279
41512106163	96154
41512106873	97168
41512108013	96455
41512108143	97443
41512108563	96780
41512108723	96281
41512109003	96236
41512110313	96732
41512110603	96449
41512110993	96963
41512111303	318999
41512111563	96602
41512112553	96520
41512112683	97122
41512112843	96496
41512113123	96121
41512114083	96466
41512114243	97328
41512114663	97052
41512114793	97095
41512114953	97352
41512115233	96857
41512115813	96939
41512117473	97214
41512117633	96300
41512118463	96689
41512119293	97383
41512120893	96625
41512121463	97430
41512121623	97310
41512122163	96487
41512122323	96479
41512122613	97388
41512123283	97209
41512123733	96337
41512123993	96978
41512124013	96845
41512128523	96545
41512128943	216177
41512129223	97315
41512130373	96858
41512131363	96360
41512132353	96557
41512132643	319018
41512133633	319085
41512133763	319063
41512134173	96888
41512134623	96137
41512134913	96686
41512135453	318966
41512135873	96613
41512136313	96194
41512136443	96618
41512136603	97359
41512136733	96873
41512137273	319069
41512137433	96315
41512137693	97029
41512138003	319016
41512138263	96885
41512138393	96852
41512138553	319089
41512138843	96354
41512139703	319055
41512140563	96154
41512141133	96631
41512141973	96591
41512142703	97191
41512143083	96245
41512144233	96769
41512145353	96678
41512146183	96065
41512147913	302119
41512148033	302157
41512149313	97444
41512150463	96692
41512150623	96512
41512150883	96684
41512152283	96607
41512152443	96827
41512152863	96719
41512153303	96968
41512153723	97072
41512153853	97317
41512154393	96382
41512154553	96365
41512154843	319076
41512155123	97088
41512155383	97350
41512155543	97028
41512155963	97495
41512156243	302162
41512156403	97062
41512156793	96920
41512157073	96232
41512157653	318987
41512157813	97040
41512157943	96621
41512158223	96966
41512159213	96530
41512159473	96759
41512159893	96558
41512160073	319060
41512160523	96955
41512160813	96414
41512161193	96581
41512161223	96364
41512161353	97169
41512161513	96642
41512161773	96658
41512162183	96662
41512162503	318985
41512162763	96528
41512163173	96954
41512163463	96828
41512163623	97303
41512164033	96223
41512166013	96559
41512166693	96800
41512166853	97153
41512167263	96303
41512168123	96336
41512169243	97263
41512169793	97077
41512170553	96978
41512170713	96310
41512171253	96342
41512172373	96125
41512172533	97113
41512172793	96041
41512172953	97262
41512173103	96057
41512173363	97043
41512174513	96777
41512175053	97470
41512175183	96990
41512175213	96356
41512175473	96104
41512175763	96911
41512176203	97104
41512176593	96271
41512176753	96145
41512176913	302125
41512177033	302120
41512177293	96734
41512177613	97016
4151233603	54710
41512337253	216155
41512464843	97334
41520058553	5164
41520871893	49480
41543130083	299254
41543150203	299248
41543170003	299241
41548001753	79609
41548003863	79607
41548016863	79564
41548061863	79576
41548074863	79570
41548137353	79584
41548175423	83146
41548250663	83167
41548294193	242323
41548379913	242349
41548380193	79553
41548431383	79594
41548478203	242380
41548487533	275419
41548560793	192150
41548622163	242335
41548750903	83158
41548751313	83129
41548792453	242337
41548822853	242352
41548825533	75196
41548833583	242377
41548841823	242374
41550002113	145882
41550010033	60510
41550870163	60310
41563122563	249506
41563630013	81281
41563904213	49117
41565000173	242894
41565000173	242901
41565142163	242812
41565188383	242864
41565188383	242872
41565189823	242837
41565207893	48091
41565214013	48095
41565227433	242924
41565228683	242884
41565249763	242834
41565249763	242855
41569122123	72024
41570052303	35083
41570055373	34991
41570059173	34993
41570068373	34912
41570089743	34944
41570094723	35024
41570109083	34924
41570109373	35021
41570109823	35003
41570109953	35040
41570110263	35004
41570110683	35083
41570110713	35059
41570110973	35079
41570130193	34960
41570130513	35050
41570131053	35033
41570131183	35083
41570131213	35077
41570144343	34946
41570145043	34939
41570147023	34914
41570147733	34908
41570149133	34931
41570500033	34985
41573111663	170264
41573119423	20860
41573241193	20873
41573259273	177366
41573271503	259967
41573279813	170273
41573541293	364932
4158743	54903
41600013083	144064
41600636503	144070
41600669303	144070
41606000223	62423
41616173023	146955
41616201863	146962
41616204543	146944
41617002223	278774
41617007303	277947
41618002253	110756
41618500223	110762
41618500353	235214
41618500803	235218
41618501633	235223
41623003863	265580
41625025283	203667
41625114253	203700
41625124603	203701
41625127123	203670
41625127123	203678
41625185123	222791
41625365563	203690
41625602163	203685
41625615033	203676
41632002253	149961
41632002413	149947
41632002833	149959
41632005483	149951
41632017103	149952
41633001033	28730
41633002443	28775
41633002573	28696
41633002603	28765
41633003983	28695
41633053063	28766
41633063093	28774
41633063123	28716
41633063543	28736
41638999823	284119
41641101183	117937
41641201043	117941
41642001093	307279
41642001123	307286
41646123883	275984
41646124033	275956
41646407273	275967
41648079843	28878
41651900103	48695
41652039093	146476
41653012033	86824
41653012293	86823
41653456783	347097
41653456783	347098
41660001273	110274
41660001303	110287
41660001723	110272
41660001853	110286
41660001983	110310
41660002973	110305
41660008593	73702
41660008623	73726
41660105193	73627
41660204803	46439
41664708123	115270
41666004803	275991
41667038173	256044
41667051103	256037
41667370273	256034
41668019713	287048
41668079373	287040
41668083073	287039
41668104013	287041
41676010993	320988
41676011273	320992
41676032803	320981
41678772073	215927
41679157923	38089
41679372333	38101
41679515723	38080
41679516973	38073
41679632123	231798
41679675663	38094
41679821893	38098
41679822203	38107
41679842423	38084
41682100503	332636
41695071333	40182
41695097623	40248
41695107773	40153
41695211333	40177
41695214723	40179
41695283873	40189
41695316793	51482
41695372713	324434
41695387793	79651
41695646333	40246
41695688333	40212
41695691333	40187
41695691333	40211
41695700783	131032
41695721153	40185
41709019313	228801
41709019863	228788
41711022783	239480
41711028013	239496
41716130513	106480
41716130803	106499
41716232163	106483
41716232163	106485
41716601433	106462
41716601433	106463
41716811283	106512
41716811313	106472
41716815403	106451
41716844083	106503
41716871133	106459
41716872413	106468
41718001033	32688
41720800013	25221
41729143753	303036
41729143913	303039
41735001863	258512
41735001993	258494
41735002013	258170
41735002143	258523
41735002723	250988
41735005113	251175
41735005403	251062
41735006073	251099
41735006233	258454
41735007643	258441
41735009623	251278
41735011053	258419
41735012043	258416
41735017413	258527
41735022493	251067
41735023193	258538
41735023223	198607
41735024633	258506
41735024893	251120
41735025173	258182
41735026453	258508
41735026583	264653
41735027603	258546
41735028723	250995
41735030863	251237
41735041333	251122
41735041883	251212
41735043283	258550
41735043313	258163
41735043573	251235
41735043993	251100
41735044433	251282
41735044563	251008
41735046833	251161
41735048073	258180
41735048653	251164
41735049513	251293
41735049643	251306
41735049933	251020
41735051493	250986
41735051943	251253
41735052193	198602
41735053893	251259
41735053923	258493
41735054173	258448
41735054623	250991
41735055033	258381
41735057303	251243
41735060143	52562
41735061973	258256
41735064493	258392
41735065353	258503
41735067333	251267
41735075413	258463
41735076663	251191
41735077233	258288
41735077493	258233
41735077523	258142
41735079183	258378
41735081223	258200
41735081513	52677
41735081643	251231
41735083463	258386
41735083623	52552
41735083753	258240
41735084613	258214
41735084873	52669
41735087003	258238
41735088093	258541
41735088413	258345
41735089663	258129
41735089793	258522
41735089823	258521
41735089953	258271
41735090003	251297
41735090973	251225
41735091253	251060
41735092373	258474
41735094193	251110
41735094353	251121
4173509813	52642
41735125583	251301
41735141583	52561
41735152633	251256
41735224873	258352
41735240033	258135
41735248763	258278
41736000063	95533
41736005303	95529
41736050143	95542
41740000233	118780
41740000233	118782
41740000813	118785
41740001353	118753
41740001353	118791
41740004033	118763
41740004033	118773
41740006013	118777
41743582163	78728
41743582323	78728
41755000433	180869
41755001713	180844
41755002093	180862
41755002123	180853
41755002673	180781
41755006053	178021
41755008453	180818
41755009863	180872
41755012153	180781
41755012603	180851
41755098003	178010
41755098423	178013
41755150183	180840
41755211723	180769
41755220213	180886
41755310303	102133
41755400073	180801
41755701613	180797
41756001613	280512
41757001193	331803
41757001803	19202
41757018603	19199
41757018993	331786
41757021443	331784
41757021443	331798
41757021863	331795
41757022983	231564
41757023263	19207
41757023713	19200
41757025823	19199
41757623043	368940
41757674113	19193
41757674113	19208
41757680473	19181
41760005003	155085
41760029283	155090
41760096063	155093
41760099903	155094
41761100523	84526
41761100943	84525
41761101063	84531
41761101483	84520
41761102183	84580
41761102893	84516
41761103043	84523
41761103623	84558
41761103753	84568
41761104293	84522
41761104323	84552
41761104583	84523
41761104613	84541
41761104743	84541
41761104873	84537
41761301043	84519
41761303023	84520
41770037803	42817
41770043903	42788
41770047703	42778
41770056903	42788
41770084203	42819
41770532803	42773
41770533503	42765
41770564903	42830
41780000163	348297
41780000293	348320
41780000583	348013
41780000613	348333
41780000873	348256
41780001023	348329
41780001283	348023
41780001313	348147
41780001313	348149
41780001443	348265
41780001573	348222
41780001603	348334
41780001863	348302
41780002013	348099
41780002273	348339
41780003003	348111
41780003263	348356
41780003553	348051
41780003843	348298
41780004833	348331
41780005083	348062
41780011053	348227
41780011213	124651
41780011633	348106
41780011763	348367
41780013453	348005
41780013743	348386
41780020673	348301
41780022233	348067
41780022363	348155
41780022523	348243
41780022523	348243
41780023643	348250
41780032553	348286
41780032973	348143
41780036223	348357
41780042903	348337
41780071873	348204
41780071873	348205
41780093653	348250
41780190123	348117
41780190253	348110
41780190833	348169
41780191243	348227
41780191243	348227
41780192363	348306
41780192363	348307
41780195173	348202
41780195173	348399
41780271013	124651
41780271563	348167
41780271563	348176
41780271723	348039
41780351333	348059
41780351463	348044
41780352293	348006
41780352323	348190
41780352453	348227
41789001253	202922
41789002113	202895
41789002373	202921
41789003073	202888
41789007453	202862
41789008733	202869
41789901423	202867
41789902123	202848
41789903533	202849
41790001303	26194
41790004403	26131
41790220933	26131
41790600803	26196
41790601053	26131
41790602333	26132
41790602913	26064
41793902003	18294
41793913993	10374
41793913993	189344
41793980513	10373
41795000783	162056
41795000783	162065
41798001503	281043
41798011403	281054
41800116003	360828
41800116003	360830
41800158003	360827
41800201303	361137
41800201303	361260
41800201433	360887
41800201563	360952
41800201723	360957
41800201983	361137
41800201983	361276
41800202263	361090
41800207503	360895
41800207503	361249
41800239603	361279
41800260003	360849
41800260003	361193
41800286003	360907
41800286003	361257
41800301553	361023
41800301973	360955
41800301973	361196
41800302673	360892
41800346103	361033
41800346103	361197
41800398003	360853
41800401413	360949
41800401543	360832
41800401703	360837
41800501403	361139
41800501403	361203
41800501823	360973
41800704613	361108
41800705573	361114
41800705603	360890
41800705603	361219
41800706143	361226
41820037203	140728
41820061963	329435
41820105063	221674
41820809053	304202
41820811933	13936
41820812053	23394
41820813333	315234
41820814163	66065
41820815733	228815
41820816013	146947
41820817393	20641
41820817713	273305
41820819403	189490
41820820393	267505
4187303	187991
41900024413	71777
41900026493	71769
41900047993	71765
41900060473	71842
41900063603	71821
41900069483	64611
41900071363	71885
41900073633	107355
41900073763	107348
41900073893	107358
41900074043	107349
41900074203	71872
41900074623	71756
41900074753	71744
41900074883	71705
41900074913	71734
41900077303	71789
41900077723	69773
41900077853	263594
41900077983	71767
41900079123	69783
41900079253	69784
41900079543	69785
41900079833	159576
41900080303	268428
41900085353	71868
41900085933	71753
41900088453	106233
41900088453	106373
41900088613	106279
41900088613	106375
41900089153	71751
41981081183	71143
420000779063	116022
4200523	273294
42175196003	35580
42175197253	35599
42175197413	35606
42175198953	35588
4217523	291012
42187001883	28473
42187002743	28262
42187002873	28426
42187005423	28252
42187012933	28213
42187013183	28258
42187020693	28214
42187021263	28223
42187021393	28354
42187025933	28156
42187030333	28375
42187100203	28177
42187200583	28379
42187201443	28527
42187201863	28182
42187204253	28413
42187208923	28402
42187212623	28407
42187213583	28238
42187213613	28433
42187214153	28296
42187216263	26284
42187219943	28241
42187265063	28295
42187265063	28302
42187303383	28196
42187404653	28476
42187406053	28412
42187406343	28404
42187407203	28388
42187407593	28318
42187411453	28532
42187416663	28159
42187427263	28247
42187427423	28499
42187427843	26286
42187501833	28487
42187503783	28165
42187510323	28406
42187537863	28366
42197000203	240044
42197002023	40641
42197003433	40635
42197003563	40637
42197003853	40638
42197003983	40620
42197004003	40649
42200027043	60090
42200027463	60258
42200131023	291006
42222110693	259257
42222129183	354391
42222130073	158719
42222218023	158874
42222260213	158889
42222267533	158841
42222269063	158841
42222270663	158902
42222286053	158888
42222292443	158879
42222293013	155220
42222293143	357119
42222302043	158727
42222305303	158873
42222305313	158833
42222318143	158731
42222318303	158839
42222318303	158839
42222319003	158878
42222335713	158910
42222336263	158737
42222336413	158808
42222500623	158796
42222531873	158833
42222582073	158905
42222800853	158892
42222807043	158820
42222807203	158854
42222808873	158892
42222810503	158775
42222824323	158886
42222824623	158771
42222830423	326195
42222831703	158819
42222831713	331125
42222835473	269965
42222837623	259180
42222837743	158821
42222837903	158819
42222840033	265577
42222841023	158759
42222847223	158881
42222850223	158863
42222850233	158863
42222850523	158826
42222853903	158819
42222854023	158873
42222860543	220796
42222860703	258905
42222870023	158865
42222870313	158799
42222872003	158820
42222880223	151970
42222881213	258139
42222881633	180081
42222882903	158764
42222883023	237272
42234001163	109017
42238300033	135046
42238300033	135056
42238301313	135034
42238305373	135040
42238323643	135062
42238722163	135044
42238723603	135065
42238724273	135062
42238724563	135073
42238780163	135077
42238780323	135014
42238848283	135034
42272000203	11722
42272000333	11686
42272000463	11628
42272000593	11527
42272000623	11650
42272000753	11469
42272001033	11586
42272001163	11685
42272001293	11445
42272001323	11679
42272001613	11449
42272001873	11553
42272001903	11463
42272002603	11530
42272004003	11565
42272004133	11483
42272005123	11643
42272005383	11631
42272005833	11537
42272007233	11510
42272007363	11514
42272008063	11545
42272009473	11490
42272009633	11720
42272009763	11465
42272009893	11453
42272009923	11488
42272010943	11667
42272011483	11547
42272011643	11477
42272012183	11522
42272012213	11609
42272012343	11515
42272013203	11548
42272013593	11473
42272013883	11427
42285009613	268123
423373	170810
42396251413	217327
42396253233	59979
42396302603	235537
42396302863	235532
42400000723	195504
42400022893	28790
42400028543	195430
42400028703	195597
42400036173	195528
42400038153	195430
42400039303	195453
42400047483	195568
42400070993	195462
42400108153	195615
42400126393	195556
42400136293	195456
42400141273	195504
42400141303	195507
42400148623	195582
42400150503	195477
42400155973	195536
42400179573	195599
42400181583	195595
42400183853	195488
42400197553	28789
42400197683	28813
42400204763	195617
42400205203	195586
42400209683	28812
42400210153	195600
42400212263	60539
42400212393	60538
42400212423	60535
42400213543	28804
42400214113	215584
42400217473	358264
42400219033	28807
42400219613	195544
42400230953	195571
42400231363	195434
42400233893	215725
42400237693	60620
42400237983	79478
42400240853	195507
42400244783	215712
42400259473	195477
42400265153	195477
42400265313	195524
42400280903	195474
42400281573	60049
42400283393	195500
42400294573	195561
42400301783	195561
42400374633	195477
42400385653	195492
42400388883	195480
42400388883	195481
42400389873	195428
42400389903	195485
42400393993	195524
42400396253	195436
42400407553	195504
42400416173	195513
42400416203	195553
42400417293	195528
42400918783	195493
42421059663	36084
42421059663	36084
42421059793	35810
42421059793	35968
42421069563	36092
42421069563	36096
42421110333	36088
42421110463	36100
42421110463	36100
42421110593	35777
42421140033	36123
42421140033	36123
42421150223	35766
42421150223	35767
42421151633	36012
42421151633	36013
42421161663	35933
42421162073	36080
42421162363	35988
42421162363	36107
42421246803	35850
42421246803	35974
42421500073	35751
42421500073	36028
42421500783	35965
42456108053	253396
42524900213	367791
42563001643	369857
42563001643	369857
42563007393	369932
42563008123	369914
42563008253	369894
42563008383	369934
42563008413	369936
42563009113	369952
42563009663	369908
42563012533	369885
42563012793	369854
42563012823	369973
42563013073	223307
42563013653	351904
42563015183	369901
42563015183	369954
42563015893	369941
42563015923	369795
42563015923	369795
42563016333	369777
42563017163	369863
42563017743	369828
42563017873	369851
42563017903	369847
42563018313	369981
42563018443	369791
42563018573	369798
42563018603	369806
42563600013	95094
42563600563	94957
42563600693	95042
42563600853	95012
42563601973	94960
42563602093	95039
42563602673	95043
42563603243	94958
42563603373	94948
42563603533	95027
42563603663	95008
42563604073	95132
42563604233	94984
42563604653	95093
42563604783	95109
42563604813	95054
42563605063	95077
42563605803	95016
42563605933	95034
42608125013	98574
42608125693	179596
42608456483	179576
42608456643	179540
42608459323	179545
42608459613	179577
42608460503	179551
42608470083	179593
42608470243	179557
42608485063	179544
42608740083	179563
42608830283	179541
42634000063	9451
42634004023	9445
42636035353	329881
42636159073	247014
4263823	290989
4264123	291007
42704003703	68522
42704034943	68589
42704036503	68560
42704038293	68528
42704044973	68583
42704045543	68585
42704045703	68574
42704058413	68575
42704916713	92046
42726180383	132050
42743013053	84660
42743123653	84670
42743141053	84629
42743200453	84682
42743202723	84606
42743230153	84609
42743230603	84665
42743300733	84625
42743300993	84601
42797971033	105153
42797971163	105159
42797971453	84022
42797971613	84018
42800110893	339101
42800111593	339145
42800111623	339218
42800115003	339110
42800118363	339127
42800118363	339133
42800138293	339187
42800141613	339199
42800289773	111373
42800402363	339189
42800437983	111397
42800477163	339179
42800499363	111404
42800721723	111411
42804196053	329128
42804196183	239535
42804196213	332332
42804219523	304615
42827070033	273581
428903	340961
42897660523	30346
42897660943	30346
42897661223	30349
42897661773	30350
42913111213	132042
429733	340489
42997330333	213248
43000000373	189506
43000000373	189507
43000000663	64893
43000004883	204143
43000004883	204189
43000005743	173145
43000006283	67303
43000006573	173200
43000006993	214301
43000007723	64998
43000007723	65001
43000010983	64990
43000022733	67272
43000028223	173110
43000028223	173112
43000033593	67325
43000042083	158209
43000042113	158213
43000042113	158335
43000042243	158367
43000044193	158337
43000044223	158340
43000044223	158340
43000045763	158339
43000045763	158364
43000049143	158288
43000050873	158233
43000050903	158208
43000053683	173287
43000053683	173295
43000055373	173118
43000055373	173144
43000059043	173223
43000059043	173226
43000062753	158264
43000063323	158283
43000063453	20569
43000063583	173163
43000063873	173238
43000064863	67321
43000065143	111867
43000065303	158354
43000068793	158207
43000068823	158230
43000069363	325062
43000070253	317249
43000070543	158270
43000070963	65011
43000071083	263065
43000071113	67293
43000071373	158225
43000072813	325620
43000073223	143004
43000073483	158253
43000075883	204169
43000077023	65018
43000077313	238762
43000077443	240445
43000077863	20563
43000077863	20573
43000078273	111877
43000078563	173136
43000078723	65009
43000078983	65014
43000079133	65016
43000079553	65010
43000079973	240443
43000079973	240468
43000081143	240444
43000081563	158237
43000082553	240446
43000083543	214293
43000084403	111873
43000084793	116811
43000084953	173259
43000085103	143182
43000085233	273815
43000085233	273816
43000085363	158266
43000086193	326493
43000086933	173215
43000086933	173216
43000087213	65889
43000087213	65890
43000088593	158401
43000092293	317256
43000200063	158302
43000200063	158303
43000200513	158382
43000200513	158383
43000200773	158376
43000200773	158376
43000201473	158187
43000201503	158377
43000204313	158203
43000204313	158204
43000204443	158269
43000204733	158196
43000205563	158198
43000205563	158200
43000206553	158220
43000206553	158296
43000208113	158409
43000250723	20575
43000285213	317248
43000285213	317248
43000285893	174049
43000285893	317254
43000285923	317257
43000285923	317257
43000289303	173950
43000289303	173950
43000951323	65020
43000953693	173262
43000953693	173305
43000954263	173178
43000955703	173279
43000955703	173281
43000956113	173249
43000956113	173274
43000967263	238647
430203	340283
43098563033	271090
43098563613	271090
43119011253	45277
43119060633	45285
43182000543	83115
43182000703	83106
43182000703	83108
43182002073	222842
43182002103	184911
43182003933	83092
43182005173	184912
43182005203	184905
43182008303	222822
43182008563	222812
43182008693	222830
43182008723	222835
43192109113	221940
43192201053	221931
43192506103	221878
43192610503	221895
43192622063	221867
43192701423	221881
43192801123	221934
43200150243	246945
43200150333	246937
43200165193	246935
43200614073	246954
43268739053	90495
43268801453	264685
43301611193	270162
43301611643	179812
43301611933	179814
43301612053	307467
43301612053	307468
433906023	22914
43424130523	186144
43427000123	186058
43427000383	186002
43427001533	185911
43427004893	186027
43427006293	186157
43427006743	186043
43427008143	185987
43427008303	186156
43427011693	186021
43427100113	185998
43427100663	185991
43427101493	185937
43427130103	185956
43427130103	185957
43427130493	186130
43427130493	186131
43427130523	186144
43427140003	185963
43427143103	186158
43427161053	185924
43427182133	185936
43427188203	185310
43427192323	186038
43427200493	185308
43427200493	185995
43427201353	186151
43427400183	186118
43427400473	185972
43427421133	49800
4344603	204183
43454000073	186710
43454090203	186684
43454100193	186721
43454100803	186724
43454200053	186682
4348803	204189
43500000453	254235
43500010643	254237
43500010933	254233
43500011053	254251
43500021243	352455
43500045003	323757
43500301093	352462
43500812063	323760
4357403	173145
4359003	214256
43595040013	274853
43600004153	364817
43638111373	107476
43646667053	195080
43647440013	335014
43654000033	142252
4365703	158066
43695002393	183897
43695031003	148277
43695034233	148197
43695056303	148291
43695071023	148231
43695071023	148232
43695071443	148243
43695075113	148249
43695075113	148275
43695075373	183890
43695083033	183887
43695083163	183891
43695083163	183892
43695106473	148225
43695106473	148230
43695152463	148173
43695152463	148174
43695184853	183884
43695231533	148243
43695311013	148298
43695372403	148267
43695442373	148171
43695461763	148239
43695529883	148284
43695618563	148201
43695630633	148250
43695671193	148236
43695671193	148248
43695714753	148255
43695907933	148242
43695948363	148210
4369903	214301
43700150163	275475
43700150323	275472
43711181163	232539
43717100373	373373
43717126113	373380
43717126403	373390
43717274203	155139
43717281423	373382
43717293013	155141
43717294843	373400
43717295253	373389
43717295703	373385
43717390453	231179
4374303	67308
4377203	65001
43787050103	56056
43787050653	56058
43823026413	321707
43823026543	321687
43823027823	321690
43823096713	321694
43823104913	321675
43823688383	202265
43823839983	321679
43823925013	216607
43832000893	12259
43832000893	12275
43832000923	12256
43832000923	12290
43832123493	12283
43832123943	12276
43832127453	12286
43832265643	12268
43832265643	12297
43832551043	12281
43832551043	12282
43832801063	12262
4384203	270830
43900165813	237907
43952000353	253168
43952000483	253172
44000000783	221377
44000002183	221149
44000004743	221195
44000004903	221153
44000007133	221100
44000007553	221043
44000007683	221355
44000007683	328237
44000009113	221159
44000009663	221070
44000011703	221254
44000011833	73276
44000011833	73281
44000012533	132577
44000013103	221245
44000013813	221194
44000015923	221261
44000015923	238505
44000020323	273748
44000020323	273755
44000024963	273755
44000025403	221273
44000025403	238631
44000026813	221289
44000026943	221001
44000026943	221272
44000027353	221192
44000028473	238604
44000028473	238721
44000028633	221267
44000029593	221182
44000029913	221086
44000030483	221342
44000031183	221322
44000031183	273842
44000031923	221053
44000032203	221096
44000032593	221246
44000032593	238507
44000033163	221290
44000033323	25422
44000033583	221247
44000033903	221136
44000034313	221128
44000035693	238661
44000035723	238508
44000035723	238539
44000036553	56139
44000036683	238495
44000036973	221280
44000036973	238698
44000037123	221363
44000037383	221392
44000037833	342514
44000038113	273764
44000038403	238594
44000040703	25431
44000041083	221198
44000041373	273840
44000041373	273847
44000042363	25455
44000042363	25455
44000042653	273795
44000042653	273797
44000042783	221029
44000042783	221236
44000043803	221343
44000044213	273781
44000044213	273844
44000044473	221370
44000044633	25436
44000044893	122447
44000045463	122466
44000045463	122467
44000045593	221348
44000045593	328235
44000045753	273809
44000045753	273858
44000047993	328232
44000048143	221375
44000048693	221178
44000049133	56136
44000050153	25463
44000050313	25457
44000050443	342477
44000050993	342470
44000051013	342489
44000051303	273838
44000051693	342483
44000051723	342519
44000052393	238582
44000052973	342501
44000052973	342502
44000053093	25450
44000053543	238535
44000053833	362719
44000054823	238678
44000054953	221042
44000054953	257798
44000055493	342475
44000055523	273767
44000055523	273793
44000055653	238508
44000055943	273798
44000057343	273786
44000057343	273850
44000058043	238487
44000058043	238488
44000058333	238635
44000058623	25440
44000058753	56142
44000058753	56142
44000059033	238508
44000060183	273751
44000060503	238508
44000060633	238508
44000060923	238508
44000061043	238631
44000061203	221009
44000063443	238755
44000064563	122440
44000065713	238712
44000065843	273811
44000069193	362733
44000069223	362722
44000072223	238515
44000073213	238708
44000073343	273857
44000073763	56138
44000075163	56150
44000075453	273807
44000075873	238657
44000075903	238509
44000076733	238508
44000088453	232091
4400044473	342499
440060402473	340838
44041000223	64700
44041000513	64707
44041010833	64709
44041011243	64721
44041011533	64708
44041012943	64712
44041013643	64718
44082031293	235670
44082032313	235662
44082033433	235660
44082035413	235664
44082134673	235680
44082344263	235659
44082530413	235685
44082534213	235668
44082534473	235659
44082550343	235678
44082553443	235660
44082571263	235672
44100101663	61675
44100101953	146920
44100102103	146867
44100102523	146788
44100104923	146805
44100105913	146873
44100107313	146789
44100110993	19922
44100114793	146793
44100119583	19956
44100147043	146796
44100151323	213431
44100156243	146807
44100157653	178748
4410016243	146796
44100164453	146930
44100169243	146796
44100190773	253630
44100190803	253633
44100193033	178741
44100241383	146828
44100244933	146898
44100265563	146867
44100442803	146908
44100601583	146918
44100601613	146889
44100603273	146926
44100604003	146894
44100609893	178753
44100612213	146937
44100615733	146893
44100707063	146834
44100707643	146881
44100709333	146919
44105700823	347276
44115008353	51937
44115016013	51909
44115128303	51856
44115160013	51899
44115201013	51909
44115207763	51860
44115248353	51928
44115308033	51869
44115316113	51901
44115339563	51935
44115342303	51910
44115448173	51883
44115448203	51919
44115833023	51875
44200753113	63558
44222004903	221004
44261421013	247433
44261490163	3695
44261590573	3673
44261591273	3667
44261635533	307056
44261725173	3674
44261730573	3668
44261735073	3679
44276012473	274895
44276018383	192441
44276020843	179459
44276023653	179471
44276025503	179535
44276037803	179489
44276037933	274886
44276037933	274918
44276038213	342037
44276043163	179463
44276044863	179460
44276051793	179849
44276065813	179482
44276067763	104145
44276067893	179499
44276072583	281323
44276072613	281320
44276078233	179530
44276082063	105847
44284935023	343433
44300059573	18254
44300093003	110266
44300094123	110263
44300094123	110267
44300106253	275839
44300106413	275838
44300106673	275831
44300106703	275796
44300106703	275811
44300107243	275785
44300107243	275807
44300112353	178533
44300112353	178534
44300120853	178521
44300120853	178522
44300120983	178515
44300120983	178516
44300121133	178460
44300121713	178469
44300121713	178469
44300123533	178468
44300123953	178503
44300125513	178520
44300126923	178498
44300126923	178499
44325120043	102615
44325150033	102573
44325150163	102563
44325152013	102606
44400103503	122721
44400108003	122772
44400125703	122743
44400128803	122768
44400136303	122776
44400139403	122747
44400156103	122780
44400157803	122779
44400159203	122710
44400165303	122786
44400169103	122750
44400191203	122758
44406080303	63148
444444388063	98177
4447403	228878
4449003	146567
44500000993	144823
44500002263	144890
44500006223	108832
44500008913	144811
44500050233	163259
44500053463	144786
44500062533	144693
44500062533	144911
44500064803	144694
44500073263	108797
44500077063	108784
44500094503	163264
44500200263	144712
44500201543	10732
44500201703	144762
44500201963	144775
44500220513	144697
44500312973	144788
44500313413	144851
44500313963	144795
44500319873	144725
44500321883	144834
44500321913	283381
44500329803	144859
44500334623	144812
44500339093	144713
44500339253	144689
44500341713	144832
44500341843	144831
44500966503	144775
44500966633	144855
44500966893	144804
44500984743	144778
44500989243	144831
44529120733	116007
44529144623	264774
44529148133	53888
44529451363	69728
4454597364353	221027
44596130253	370221
44596130383	370219
44596130543	370213
44643700323	163096
44652883	340123
44666025403	221014
44700000533	240202
44700000533	240290
44700011843	240207
44700021323	240174
44700021323	240192
44700023983	240063
44700024553	192650
44700031483	240264
44700032503	240107
44700058763	240261
44700059913	240285
44700060773	240235
44700061473	240067
44700061473	240181
44700061893	240248
44700063453	58501
44700063453	58515
44700069653	240236
44700070673	240129
44700070703	192654
44700071533	192640
44700072073	240161
44700072813	240138
44700073933	240299
44700074343	240104
44700075463	58513
44700075593	240120
44700075623	58507
44700076613	192646
44700078143	240272
44700078853	240084
44700083413	240124
44700087343	240145
44700092163	58492
44700092163	58495
44700095263	240183
44700095973	240249
44700102893	240211
44700103203	192648
44700103333	192648
44734381523	82145
44734385583	217176
44774201003	274842
44774901293	211815
44800402503	222860
44800402503	222860
44800911043	155873
44813500043	111574
44813500463	111577
44856106363	202468
44900302253	51414
44900304233	191550
44900304363	51400
44900304363	232573
44900305643	51386
44900546473	191551
44935000223	277858
44935000513	277860
44962003303	40507
44984012123	9019
44984348123	9021
44989006523	84071
44989012043	84056
44989202673	84070
44989203243	84062
44989205063	84076
45009853103	230517
45009854353	53411
45009854643	53430
45027274973	358187
45084223013	162110
45084223143	162121
45084227073	162102
45084229473	162122
45084229503	162106
45100002813	351408
451099500023	203972
451413	339933
45200001303	46440
45200002003	46433
45200071603	46419
45243000493	311719
45243001483	311718
45243001513	311728
45243008833	94549
45243089443	311735
4525001123	265382
45251002113	265380
45251003073	265366
45251003493	265381
45251026133	265373
45251333323	265390
45255115123	210342
45255117233	210411
45255118483	210365
45255118643	210272
45255118803	210270
45255118803	210270
45255142273	210378
45255144383	210359
45255147193	210401
45255148633	210382
45255148763	210333
45255148893	210268
45255148923	210381
45255149203	210363
45255151213	210332
45255152173	210369
45255154283	210324
45284900783	41550
45284900813	41530
45284900943	41546
45284901063	41522
45284901223	105101
45284964013	105111
45289000013	332339
45296081333	309074
45296199953	188236
45300000213	250037
45300000213	250063
45300000503	250044
45300001203	250071
45300001203	250072
45300005423	250040
45300005553	250065
45300222233	250042
4530503181143	148352
45310253753	4422
45310909483	117236
45364300113	272769
45421533003	172683
45421850063	172676
45421850063	172676
45425165453	77301
45425166733	77286
45425167143	77288
45425169123	77281
45425191803	77294
45425593263	77290
45425593263	77291
45431807033	315454
45454002613	183570
45483	338773
45518000043	94118
45518009343	94127
45518600113	94124
45583115673	51183
45587531103	189833
45609000143	177555
45635136403	158956
45635291553	320943
45635683143	254397
45635706903	370413
45635914483	71979
45635942103	92427
45674340083	291066
45674340243	291089
45674349093	291103
45674523653	291100
45674529693	291079
45674529723	291086
45674529853	291076
456913	340280
45700254063	326449
45724005023	212799
45735000093	231820
45735001373	231819
45735001403	231817
4582409181123	254420
458782842033	115856
45885205003	333820
45885388003	342580
45885600303	333798
45885664503	333818
45885757243	342582
45902026703	221523
45937757573	12638
4595663	146534
46000101613	234401
46000108933	111270
46000116433	234397
46000117713	234406
46000118963	234405
46000125053	234298
46000130453	234421
46000130453	234468
46000130613	234453
46000130613	234455
46000133553	211894
46000135243	234436
46000135243	234441
46000135373	234460
46000139883	234307
46000139913	234445
46000140353	234320
46000279183	234446
46000287393	234344
46000406213	234378
46000479293	234465
4600080501013	276064
46000821313	234479
46000843513	234480
46000850313	234464
46000853413	234469
46015167963	349742
46045057463	4502
4607002995943	278926
46084000413	90524
46084230483	33931
46085819663	186358
46100000823	283641
46100001073	283658
46100001103	283654
46100001233	283664
46100001653	283669
46100001653	283669
46100002223	283684
46100007013	283677
46100007143	283499
46100007143	283500
46100007433	283586
46100009413	283588
46100009673	283580
46100009703	283579
46100011423	283583
46100019023	283469
46100020203	283444
46100020203	283512
46100020463	283479
46100020463	283519
46100037713	76526
46100203033	283460
46100203033	283646
46100302163	283492
46100354063	283600
46100400333	283593
46100400593	283639
46100400913	283455
46100411063	283453
46100800843	283446
46121262583	3795
46158204273	160426
46158305093	63057
46158833213	160412
46212000063	281409
46212517943	281465
46214154023	211457
46247295823	53910
46567000213	267362
46567000343	266642
46567000893	266111
4656700093	267177
46567001463	267116
4656700173	267385
4656700183	266538
46567001883	265894
46567002033	267219
46567002873	265819
46567002903	267074
46567003023	266249
46567003153	266586
46567003283	266258
46567003313	267085
4656700333	267082
46567003443	266650
46567003573	266514
4656700363	267199
4656700373	266182
46567003733	266459
46567003863	265991
46567004143	266122
4656700423	267208
46567004273	265891
46567004303	267434
4656700433	267188
4656700443	266498
46567004433	266498
46567004563	267282
4656700473	266376
46567004983	266190
46567005003	266190
4656700513	266147
46567005263	265908
46567005393	266094
46567005423	267433
4656700543	266637
4656700553	266146
46567005553	266385
4656700603	266431
4656700623	265903
46567006543	266831
46567006833	267102
46567007403	266379
4656700753	266314
46567007533	266314
4656700763	266323
46567007663	266624
4656700773	267327
4656700783	266616
4656700793	266998
4656700833	266530
4656700863	265927
4656700883	265780
4656700913	266553
46567009353	266234
4656700943	267142
46567009483	266231
46567009513	266233
4656700953	267044
46567009643	265938
46567010113	266970
46567010373	267282
4656701053	266372
46567010533	266373
4656701103	271880
46567011813	267332
4656701183	267058
4656701203	265848
46567012063	266428
4656701243	266606
4656701253	266237
4656701263	266511
4656701273	265788
46567012933	265930
46567013213	266968
4656701413	229224
46567014173	229207
4656701463	266443
46567014913	265897
4656701493	266444
4656701503	267075
46567015033	267075
4656701513	267314
46567015163	267109
4656701543	267290
46567015453	266015
4656701563	265981
46567015873	267430
46567015903	267330
4656701613	267220
46567017723	265999
4656701793	265806
4656701803	266029
4656701813	266917
46567018133	267086
4656701853	267438
46567018683	267376
46567018713	267262
46567022383	267336
4656702273	267289
46567023243	266079
46567023373	267307
46567023403	267217
46567023823	266902
4656702383	265820
4656702393	266968
4656702433	266754
4656702473	267029
4656702483	229210
4656702493	265797
46567026053	267184
46567026343	266038
4656702643	266478
4656702653	265841
46567027203	266797
4656702733	266529
46567027333	266784
4656702743	266331
46567027623	267374
4656702873	266207
4656702883	266063
46567029023	266944
46567029443	265899
46567029573	266714
46567029863	266326
46567029993	266199
46567030043	265857
46567030173	266675
46567030463	266820
46567030593	229260
46567030623	267302
4656703063	267353
46567030753	267159
46567030883	266578
46567030913	267300
46567031033	266169
46567031293	266101
4656703133	229228
46567031453	265924
46567031583	266563
46567031613	266957
46567031743	266614
46567031873	266547
46567032023	267343
4656703213	266748
46567032573	229154
46567032603	265799
46567032733	266107
46567032863	266342
4656703293	266889
46567033143	266066
46567033693	266915
46567033983	266613
46567034003	266161
46567035413	266073
4656703773	267416
4656703793	267428
46567037943	266800
46567038063	266749
4656703833	266528
46567038353	266312
4656703843	267230
46567038483	266123
4656703853	229184
46567038803	266031
4656703883	266028
46567038933	267057
4656703903	266808
46567039053	266774
46567039473	265882
46567039923	265764
46567040233	265959
46567040363	265929
46567040653	266267
46567040813	266690
46567040943	266414
46567041063	265777
46567041193	266355
46567042053	229161
46567042343	265888
46567042633	267119
46567042763	266220
46567042923	24571
46567043883	266494
46567043913	266394
46567044293	271247
46567044323	265916
46567045573	267028
46567045733	266222
46567045863	266227
46567046013	265828
46567046273	266338
46567046303	266555
46567047003	267316
46567047133	267073
46567047263	229165
46567500553	266084
46567500683	265876
46567500713	265997
46567500973	266607
46567501253	229155
46567501413	266597
46567501543	267081
46567506203	266986
46567506463	229176
46567506623	265869
46567506753	229148
46567507453	266203
46567507613	267018
46567507743	266500
4656750823	266131
4656750893	266603
46567509143	266114
46567510453	265815
4656751053	266294
46567510613	266925
46567510743	265824
46567528793	229234
46567605333	265826
4656760913	229251
46567609133	229252
46567610603	229143
46567619323	266504
46567621203	265994
46567622743	265831
46567623313	24570
46567623573	265973
46567625843	265925
46567626543	266435
46567627243	229140
46567682563	229160
46567683263	266649
46567689333	266100
46567689463	266659
46567689623	266388
46567718453	266454
46567719023	266706
4656771903	266704
46567719603	267008
46567719733	266622
46567719993	265956
46567926063	267442
46567926193	266521
46569529323	218372
46569619413	218359
46569651413	218369
46583000013	25933
46583000143	9097
46600000903	82717
46600350053	82705
46600550033	82688
46675000303	371470
46675001133	371458
46675001263	371488
46675013273	371460
46675013273	371495
46675013303	371493
46675014003	371461
46675014003	371484
46675015093	371464
46675026143	371497
46675031253	371448
46675031413	371469
46676030033	41491
46676511143	69073
46704000083	329219
46704000113	329255
46704033203	329244
46704063323	329243
46704068403	329238
46704079553	255616
46704096123	329234
46828210443	211371
46872021743	90473
46872060643	90768
46872308073	90765
46900000153	267644
46900001143	267648
46900731873	349135
46900731873	349143
46976000033	239579
46994543253	97727
470201008813	253187
47053123423	181577
47053130193	181575
4710008411123	350466
4710046014003	173068
4710059000383	335741
4710207222063	149984
4710226002073	177972
4710487051513	56041
4711162821803	247965
4711567020153	69719
47117095673	45062
4711931023803	264005
47125110573	68944
47125110603	68948
4712959001613	341388
4713398550373	129502
4715635854343	16860
47200152603	53113
47200153303	53124
47261000233	138597
47263120113	148537
47281200453	322201
47300902023	224150
47300903013	224153
47325023093	118272
47325023123	118270
47325024373	219087
47325101043	60412
47325907683	118262
47325908543	219130
47325910133	246567
47325910393	60488
47393527523	108936
47416051783	81394
47416052193	81400
47416231093	94478
47444922703	366873
47487000093	216558
47495117813	223491
47495210033	223511
47495418033	223487
47495492163	223513
47495492163	223513
47495710243	223496
47495800203	223475
47495901023	223504
47495902013	223505
47496001913	218667
47500001113	40892
47500008723	40944
47500014823	322750
47500015233	40860
47500015363	40882
47500016353	40925
47500018753	60546
47502130033	274926
47502147703	274912
47502187143	274914
47502190013	282468
47593322393	291337
475981412003	226424
47600000863	341324
47600003673	354103
47600003703	354068
47600004113	354048
47600011883	354100
47600013443	354104
47600014013	354045
47600081183	81091
47600081213	81090
47600504163	354075
47600590623	81092
47600951783	354071
47600951813	354084
47677000513	305784
47677000513	305784
47677102323	215137
47677391253	78969
47677468283	79059
47677482913	305811
47677483163	215257
47677483293	79105
47677483453	215077
47677483743	169055
47677483903	169054
47677484283	169095
47677484443	169489
4770221362183	153506
47717220543	372851
4779021230913	324612
47800330593	35690
47800508183	347144
47800514023	66251
47800514313	66247
47800514313	66247
47800516393	3868
47800516393	3871
47834060053	322114
47834063023	322111
47861000053	154726
47861333113	154734
47900303503	193742
47900360063	193733
47900427513	258059
47900501183	35330
47900502173	35331
4791045015963	150135
4792103000563	365142
4792103002093	365140
4792103002123	365128
479363	341188
4796008800693	139525
47997123053	54503
47997130273	194693
48000000613	55674
48000002013	55729
48000003973	55671
48000003973	55726
48000005403	55691
48000005403	55739
48000005533	55728
48000091543	55652
48000100023	55724
48000700353	55655
48001001473	28050
48001001763	28026
48001003743	141864
48001004023	302324
48001010543	28057
48001011793	302330
48001011793	302343
48001011823	302328
48001011823	302333
48001011953	28051
48001012783	141850
48001014213	172502
48001024953	28049
48001160163	302816
48001213463	28035
48001245273	172462
48001252073	141854
48001265523	28049
48001481213	141866
48001520813	141846
48001572713	141861
4800158987033	145539
48001703063	172433
48001711273	347260
48001711983	172555
48001716193	172561
4800249006773	282701
480093500403	246120
48014010103	273366
48014010653	273372
48014010813	4833
48014010943	32235
48014011063	4830
4804888815123	335106
4806514650153	43619
481008968903	104800
48107155193	116696
48107158613	116672
48107193713	116664
48107194123	116691
48107228163	116701
48107234713	116671
48121138073	333506
48121184193	333491
48121216573	333516
48121216573	333519
48121216603	333503
48121221003	333489
48121229023	333453
48121255053	333450
48121276423	333486
48121502003	333461
48121900533	333451
48121900663	333459
48121900793	333515
48143019503	54662
48143019503	54668
48154001443	365283
48154001573	365280
48154001603	365289
48176470203	124521
48176840013	196798
48176940003	103026
48176940713	196786
48178029003	251763
48178126733	251792
48178130013	251760
48178130303	251745
48178130853	251827
48178139993	251803
48178322043	251773
48178334053	251726
48178334503	251783
48178950123	251812
48200663083	271829
48200954273	107065
4823054607973	189111
48300042573	246916
48300042603	246913
48313200083	82656
4840008004213	102926
48481009303	291249
48481011023	291247
48499112293	48620
48499112323	48625
48500002803	343281
48500008683	343241
48500008683	343242
48500017753	343360
48500018293	343272
48500018323	343190
48500018323	343263
48500018583	343254
48500018613	343209
48500018613	343283
48500020173	343321
48500020333	343322
48500021033	343205
48500021163	77493
48500021743	41155
48500021873	41171
48500021903	312992
48500022443	313018
48500052013	77764
48500201343	343187
48500201473	343368
48500201893	343155
48500202333	263254
48500202883	343221
48500202913	343196
48500202913	343203
48500203033	343218
48500203903	107490
48500204993	343231
48500256763	77762
48500304143	343191
48500304143	343264
48500307663	343220
48500309223	343212
48500309223	343273
48500500743	343180
48500758243	343361
48564060023	130753
48564060023	130754
48564071043	130762
48564072033	130542
48564200023	130780
48564220113	130742
48564400003	130782
48599040663	153769
48692000243	370356
48696001123	271989
48696005503	272005
48700122653	283029
48707432243	234592
48707432373	234581
48707432403	234579
48707441023	234593
48707986913	234572
48769480213	161877
48769490113	184188
48794101053	2781
48800030223	98294
48800031633	98260
48800033903	98289
48800107413	362592
48800154363	362597
48800183783	315183
48800184513	98265
48802011213	95316
48802011503	95316
48817000103	55809
48867313123	162274
48894000003	138483
4891028707233	351728
4897039310363	102046
4897057050043	83870
48985160913	282956
49000000443	61069
49000003673	103882
49000004533	61123
49000005943	61163
49000007893	61070
49000010633	61176
49000010633	75720
49000023763	22691
49000023923	22693
49000026573	71074
49000027273	154898
49000030693	91052
49000037883	61178
49000040753	91031
49000043273	103883
49000043273	103896
49000047493	61171
49000047523	61992
4900004763	61998
49000049633	312273
49000050103	61068
49000050233	22692
49000051063	91057
49000051193	75716
49000054323	75712
49000056143	256500
49000056143	256502
49000058703	75712
49000060423	61991
49000062823	91071
49000063783	71061
49000064063	118709
49000065633	118723
49000066333	312269
49000067033	210418
49000067743	91015
49000068153	118697
49000068283	256538
49000068283	256538
49000068603	61104
49000069143	256529
49000070613	134523
49000071313	134554
49000071603	154529
49000072303	61099
49000072303	61099
49000073843	91078
49000079463	256537
49000168853	71084
49000531053	247299
49000531893	103884
49000532913	61128
49000533033	247300
49000543483	61107
49000544633	61146
49000547443	61215
49000551013	61213
49000553963	312255
4900624008313	164481
4901148023523	233558
4901201103803	346220
4901326012073	164151
4901726002063	156559
4901882650603	147739
4902102108713	247109
4902106291213	214950
49022005693	228110
4902201166393	226821
49022023123	228377
49022024953	228336
49022025103	228299
49022042483	228466
49022045903	228064
49022050303	352719
49022140813	228168
49022140943	228224
49022321793	228270
49022405363	228093
49022433243	323637
49022515673	228444
49022556003	228223
49022557703	228176
49022566903	227928
49022567023	228222
49022569393	228103
49022571853	228402
49022572003	228191
49022607743	228519
49022640863	227959
49022644793	119307
49022658653	228082
49022659223	228422
49022681163	228242
49022682313	228263
49022684133	119196
49022699823	119230
49022699953	119350
49022703933	228408
49022704343	227927
49022734623	119314
49022760493	134909
49022764293	228533
49022764323	228403
49022764453	284252
49022765023	228213
49022768833	228461
49022772243	119249
49022772533	228452
49022773363	119259
49022776043	228247
49022777873	119256
49022784253	311658
49022784543	119265
49022791893	228043
49022800793	119302
49022801103	119317
49022802353	288264
49022802483	228162
49022803473	76751
49022803763	228212
49022804333	73380
49022805903	228344
49022806153	228241
49022807013	228246
49022807303	119357
49022807433	228163
49022808973	228291
49022814523	190767
49022815933	228273
49022829213	119359
49022834873	119232
49022836273	304355
49022836303	304363
49022839953	119246
49022842083	228081
49022842243	72474
49022847293	228017
49022853423	119328
49022854413	119218
49022854673	73374
49022857513	119370
49022862623	352749
49022862913	228276
49022863743	288263
49022865723	228462
49022867383	227970
49022871403	228020
49022873483	228113
49022873513	228164
49022874473	227967
49022880573	228010
49022880603	228001
49022881983	228524
49022885493	227983
49022885653	134911
49022887213	228050
49022887343	228234
49022887503	228507
49022887893	119224
49022887923	119228
49022888043	73387
49022888333	228433
49022890053	119340
49022890763	228008
49022892583	119338
49022892613	228230
49022894013	227964
49022894273	228047
49022894433	228123
49022894693	228052
49022902183	228400
49022918573	352701
49022920293	119354
49022938113	228151
49022947573	228068
49022951013	228457
49022966253	228156
49022973503	119375
49022973923	119234
49022977983	228087
49022997073	228197
4902555160603	107657
4902579862583	145542
49029005573	242636
49029006433	216575
4902986521653	302458
4903001044133	371023
4903024122733	372171
4904073687853	69135
490550237733	199948
490550301243	369453
490710400953	14335
490710808483	15005
490710808513	14461
490711801933	199690
490711803043	200546
490711803173	200994
490711811543	301007
490719501743	14466
490719502313	14490
490719502603	15523
49100393063	346570
4913003	61140
49200009703	78045
49200045503	78037
49200045503	78037
49200049013	78020
49200057803	78027
49200057803	78038
49200902943	78026
49200902943	78032
49200903223	326969
49200903483	326972
49200903773	326971
49200903933	373668
49200904183	326961
49200904343	38383
492031306013	215576
492122613723	200469
492123400063	301135
492123802423	200221
492123802843	300909
492180230023	14832
492310001233	200176
492310002773	201102
492311009603	200171
492311024033	14163
492311303893	14696
492311600923	229484
49248000083	23162
492610300463	199973
492610504083	301301
49261504083	301145
492681200273	14241
492700000143	15162
492701400843	301187
492710202483	370832
492840400803	200628
492841102133	200229
492841106353	200489
492841106513	200464
492841106643	200466
492841106803	200488
492841108333	200883
492841109903	200435
492841112323	200477
492860300053	14507
492860500033	14921
492880701823	200528
49444062823	91070
49485002383	65345
49485057253	162237
49485057413	162238
49485057673	162256
49485057833	162225
49485734703	162248
49508002123	304990
49508003793	305054
49508003793	305064
49508008293	304962
49508008323	305083
49508008453	305058
49508102243	305026
49508249993	305014
49508250173	305014
49508250333	304948
49508250463	305085
49508250753	304997
49508250753	305048
49508251583	304952
49508251583	305034
49508252023	305020
49508252023	305065
49508252863	305061
49508253013	305006
49521000083	106113
49521100103	106111
49521110003	106101
49521160183	106092
49521161173	180070
49521161883	106089
49521163573	106086
49539064183	50858
49539064213	50861
49568060163	98960
49568060163	98978
49568060323	98961
49568061283	98978
49568200163	98940
49568200323	98978
49568201283	98940
49568270173	98932
49568350103	98858
49568440323	98952
49568441283	98952
49568480183	98942
49568520643	98970
49568680323	98966
49568681283	98916
49568726403	98865
49578051823	71358
49578151813	71347
49578264063	90119
49578316113	71351
49578763313	71356
4959403	75716
49600000133	13332
49600000423	13335
49600700293	13316
49646006793	257895
49646006823	257889
49646101993	187027
49646112623	19343
49646120413	78657
49646120833	19337
49646144853	11131
49646200733	316108
49646200863	316110
49646201143	316111
49646202003	316117
49646202973	353223
49646203413	44345
49646203543	257896
49646550043	11132
49646650323	247579
49646650453	247582
49646650743	11137
49646800803	343461
49646800933	343467
49646900923	247596
49646936113	343464
49646936403	343474
49646936533	343443
49646936663	343447
49646937523	343442
49646955213	19350
49646977253	19331
49646996933	343434
49664612303	11146
49696400633	102064
49696525183	102062
49696969833	352912
4970077118303	240425
49705006863	198725
49705010433	198971
49705027943	198985
49705036693	198738
49705037003	198740
49705041543	198611
49705057803	198810
49705061053	198615
49705079133	198765
49705081853	198639
49705083963	199005
49705085363	198959
49705086193	198955
49705087213	198688
49705087503	198955
49705096833	198968
49705100073	198839
49705168783	198920
49705306413	198647
49705316313	198634
49705345603	198946
49705409053	198923
49705409343	198698
49705409473	198667
49705538623	198689
49705538913	198641
49705544433	198668
49705544723	198952
49705654743	198792
49705663363	198847
49705671573	95413
49705671603	95415
49705672303	198940
49705683033	198711
49705691373	198862
49705712863	198890
49705714263	198904
49705718063	198691
49705718803	198853
49705721803	198814
49705806203	198686
49705808313	198687
4971679010293	230654
49724200273	291504
49724201003	291500
49724300003	291513
49733000383	57160
49733000383	57160
497514111023	144668
4978041901623	69136
4978903	61126
49800024533	161414
49800061453	242245
49800076433	242286
49800085213	272462
49800103993	242284
49800124523	242253
49800137233	272650
49800138353	272607
49800138513	272575
49800139183	272704
49800140783	346204
49800143333	242281
49800145733	272586
49800146433	242253
49800156333	272579
49800157163	272603
49800164253	272597
49800165373	272635
49800165373	272635
49800171343	242224
49800177093	242218
49800189393	242279
49800189423	242222
49800191853	242239
49800198333	242268
49800202153	272706
49800220423	272610
4980023563	242253
49800610293	161391
49800628793	161397
4987156813523	344882
49890037833	362590
498981262003	53511
498981598003	265631
498981712003	308087
498981725003	308010
49900000093	172638
49900000253	172632
49900001663	172652
49900166423	172655
49900180023	172656
49900180483	172654
49900184083	172654
49900342643	172637
4991233	172656
4992903	75716
50000004003	335552
50000006403	226794
50000009343	335552
50000009343	335552
50000015313	49836
50000015313	49855
50000050703	341904
50000052783	54441
50000052783	54442
50000123193	335698
50000160013	49848
50000228133	226837
50000279623	61850
50000279623	61958
50000300143	61853
50000302123	61925
50000306053	335676
50000316663	61734
50000334803	61919
50000334803	61945
50000340323	61830
50000341023	61772
50000350223	61765
50000350223	61871
50000351203	61925
50000385423	342420
50000387823	61921
50000396603	61707
50000396603	61708
50000401253	335699
50000404353	49844
50000406913	335700
50000415083	226787
50000415793	49867
50000417353	335554
50000425693	61777
50000425693	61844
50000460373	226795
50000491933	60025
50000509683	226862
50000538003	313021
50000538003	313062
50000538713	61913
50000542703	61931
50000599103	61956
50000622313	335552
50000622313	335632
50000622443	335640
50000622443	335698
50000626113	49884
50000644643	61723
50000644643	61891
50000652273	61804
50000655663	335575
50000693863	61832
50000693863	61949
50000709533	61817
50000709533	61818
50000791293	61811
50000821983	335627
50000868223	61798
50000873593	61698
50000896493	61739
50000914753	49873
50000933273	49866
50000969623	54455
50000969623	54458
50000983643	49871
5000118048333	62375
5000137169613	205426
5000159461313	345068
5000221600053	217848
5000314120543	102094
50072940001183	269733
50100000653	197913
50100000813	197804
50100006853	16148
50100142223	21659
50100142223	21712
50100403713	139120
50100407803	198131
50100459543	139057
50100459543	139058
50100600143	139135
501011151083	280463
5011898005713	318869
501743	341018
5019960014663	250503
50200001673	319616
50200012853	319591
50200013683	319592
50200015533	319570
50200015533	319576
50200016523	319574
50200019173	319582
50200128943	319587
50200553103	319617
50200556203	319615
50200563003	319639
50200598043	319627
50200688003	319583
50200700033	319579
5021185201223	110329
5022782777593	311043
50233602373	160285
50255013003	273732
50255026003	273728
50255224003	273703
50255237003	273718
50255237003	273731
50255930003	273733
5028217001523	183532
502863	339638
503012175853	198272
50336012123	265057
50400067073	32387
50400085053	117953
50400117013	283368
50400205093	62436
50400207363	62441
50400215313	283368
50400255203	62438
50400739383	62431
50400739543	21294
50400739673	265593
50400739703	265600
50400740143	21296
50400740273	21301
50400740303	21317
50400751163	21299
50406004153	68909
50428254233	117372
50428258163	117873
50428260623	117489
50428267813	68841
50428268193	117366
50428272633	117531
50428291573	117512
50428291733	117505
50428297933	117660
50428301593	117396
50428305133	117466
50428315163	117359
50428336953	117510
50428338483	117644
50428347843	117677
50428350263	68871
50428356623	117407
50428363553	117694
50428369623	117773
50428373293	117657
50428374993	117429
50428386323	117414
50428387313	117835
50428389393	117607
50428392553	117329
50428403693	117893
50428433973	117670
50428447413	163108
50428449523	117775
50428450093	117480
50428450543	117842
50428451113	117673
50428458303	117735
50428459133	311672
50428470213	68863
50428470923	68843
50428471463	270106
50428474723	64441
50428478653	64453
50428479483	117904
50428479773	117669
50428480793	117725
50428481653	117462
50428482063	117543
50428485613	117537
50428487013	117666
50428487563	117901
50428487983	117903
50428488553	117585
50428488973	117410
50428492673	68889
50428497043	68866
50428498293	117721
50428498743	283006
50428499153	117327
50428500163	283014
50428501153	117355
50428501993	64457
50428502303	283000
50428506073	117851
50428509173	117888
50428511763	117495
50428513583	117440
50428514023	117554
50428515853	117467
50428518083	311673
50428531723	117826
50428533093	283011
50428534953	68846
50428535363	117504
50428538173	117740
50428545263	117285
50428555613	117864
50428557983	117294
50428559093	117381
50428559123	117296
50428566633	117720
50428570593	117455
50428573853	117885
50428573983	117631
50428601143	117859
50428604663	117762
50428609613	117546
50428609743	117428
50428610213	117570
50428626993	117431
50428632703	117382
50428634813	117724
50428637463	117878
50428640203	117744
50428648193	117478
50428872383	64444
50455121003	8309
50500000673	91721
50500000703	91725
50500000963	91804
50500007863	91698
50500010023	91769
505000711043	91789
50500071703	91737
50500100823	91753
50500101783	91716
50500166713	91706
50500250023	91787
50500301183	91779
50500312363	91733
50500711043	91789
50500734813	91703
50500812993	91797
50500813013	91796
5051379004033	104478
5051379009403	104347
5051379019853	104299
5051379019983	104456
5051379022273	104598
5051379022983	104450
5051379025533	104409
5051379025663	104262
5051379029043	104565
5051379036423	104508
5051379037123	104423
5051379047443	104340
5051379054823	104231
5051379058593	104367
5051379058623	104359
5051379071073	104205
5051379077563	104466
5051379078713	104263
5051379080853	104226
5051379081133	104506
5051379084103	104448
5051379084493	104295
5051379085063	104308
5051379086633	104420
5051379087333	104284
5051379093273	82190
5051379097103	104293
5051379100773	104606
5051379101633	190686
5051379104603	104289
5051379106713	104451
5051379107383	10726
5054267001343	192310
50548600033	278912
50584091123	70447
50600001013	12118
5060137140173	288580
5060162825113	330845
5060165583003	366893
5060250610843	177933
5060321390063	124721
5060336502253	138651
50626002353	222552
5064003	61766
50696009023	23315
50700000633	150222
50700002293	290352
50700002323	290355
50700003733	245690
50700009063	290354
50700011943	290381
50700032443	150225
50700035543	270380
50700044583	245678
50700056463	150160
50700073163	245673
50700075983	150168
50700092263	150190
50700206103	245715
50700269733	150166
50700275543	150233
50700275703	150242
50700289083	245669
50700291413	245669
50700301433	245696
50700301853	245710
50700482033	150211
50700488493	150202
50700559063	150156
50700561073	150207
50700561233	245654
50700561523	245697
50700565033	150157
50700567693	245694
50700568393	150195
50732952153	43352
507523	339958
50758108736943	247035
507653	340963
50776019423	318281
50878383	148803
5096893	238011
50977303673	347630
5099801000123	98077
51000000163	47696
51000002853	47407
51000004413	47881
51000005243	47524
51000010513	47595
51000012913	47416
51000015273	47609
51000015983	257589
51000017673	47591
51000020253	47408
51000024213	322424
51000027993	257584
51000045133	248684
51000058973	47811
51000062833	149645
51000063793	18037
51000076243	248425
51000081513	47754
51000087263	257613
51000119773	47424
51000121653	47437
51000124593	322408
51000128423	47489
51000128683	47842
51000129093	48105
51000129383	47603
51000138033	348544
51000144263	348592
51000146533	348582
51000146533	348638
51000148803	47504
51000150073	47495
51000151933	257624
51000154453	47970
51000160263	47777
51000169853	348521
51000180353	47514
51000180643	47788
51000187673	47675
51000189103	257635
51000195173	257583
51000195593	47422
51000195623	48071
51000195753	47636
51000197313	322439
51000197603	48104
51000198303	348564
51000199263	48018
51000199553	47503
51000201973	48036
51000205193	257563
51000205803	47808
51000206183	348438
51000207883	348580
51000213273	47937
51000213303	47935
51000213723	348563
51000213983	47988
51000214133	322485
51000216243	348567
51000217363	48124
51000217493	47775
51000217943	348510
51000218063	322439
51000218933	348449
51000219053	257558
51000219213	47897
51000219473	47452
51000220653	47712
51000220653	47774
51000221353	47767
51000224163	348637
51000224293	47989
51000224323	47962
51000224903	47847
51000225603	47784
51000227973	248825
51000229083	322439
51000230133	48120
51000232533	348519
51000232823	47961
51000233103	332889
51000234063	47498
51000244963	257575
51000245663	47478
51000247193	47842
51000249043	48061
51000249203	257536
51000250773	48110
51000268143	348464
51000268433	348530
51000269553	348445
51000271013	348439
51000271303	47842
51000271563	47427
51000272843	348585
51000276223	257595
51000277213	47506
51000277923	47641
51000278463	47823
51000278883	48023
51000279163	322486
51000279743	47697
51000280213	322495
51000280343	348446
51000281463	348456
51000283153	47908
51000284303	257555
51000285263	47541
51000286413	257535
51000287953	47793
51000289353	348422
51000289483	257550
51000289513	47796
51000289773	47793
51000290533	47580
51000293053	348425
51000294883	348534
51022500443	95284
51022500733	95311
51022601133	95394
51022602543	95356
51022605223	95393
51022800543	95381
51022900243	95332
51022940423	95299
51022950033	95334
51031361233	212568
51100079403	80905
51100079533	80834
51179126503	246871
51179201903	322346
51179344303	322348
51202008493	343024
51202008653	62383
51202008653	62386
51246851413	315955
51273140443	4804
51299111373	56019
51299130923	305315
51328105663	215820
51328105953	218501
51328107643	205546
51328507573	205534
51328700103	215830
51328703753	205501
51328703753	205502
51328711673	205570
51328713073	205528
51328715893	205533
51328996513	205507
51328997473	205517
51444188663	348632
51471215493	20967
51497094553	58360
51497261153	370538
51497268923	164253
51497390983	270043
51500000793	304717
51500000953	304869
51500006863	304869
51500021583	304766
51500022153	304867
51500025123	304725
51500025123	304726
51500025383	304886
51500025703	304845
51500026823	304719
51500028933	304698
51500033623	75240
51500040423	304875
51500041383	304817
51500045183	304854
51500048153	304803
51500048153	304803
51500050163	304803
51500050293	182611
51500050613	182612
51500057223	304863
51500068243	304751
51500075463	159533
51500080023	252499
51500101483	304892
51500108673	304732
51500141113	304797
51500141953	304701
51500152003	252202
51500211793	304736
51500240953	159487
51500241363	159475
51500243213	159479
51500244043	159499
51500244623	159508
51500244913	159522
51500245453	159475
51500245453	159525
51500247693	159475
51500286043	66329
51500286463	66331
51500420003	252494
51500449813	159463
51500555033	252772
51500555323	252614
51500600283	252865
51500602713	252867
51500616123	304863
51500700303	4368
51500701003	252768
51500710203	4369
51500721063	66147
51500740163	4387
51500750353	4374
51500764213	253076
51500783573	304729
51500794203	252881
51500820353	304869
51500825563	304810
51500883013	304833
51500920473	252616
51500927793	252859
51500927953	252459
51500928073	149638
51500928363	252862
51500928653	252612
51500928783	252339
51500929063	252611
51576000383	323551
51576000413	323555
51600000013	183919
51600000013	183921
51600001003	183914
5160133	183919
51611165893	62236
51611420053	332263
51611425003	40250
51613001403	351052
51614520613	7939
51651092173	197148
51651092203	197150
51651192453	197131
51712263573	63748
51721004013	172373
51725100223	30083
51756000233	323482
51756000653	323467
51756100063	323544
51756900083	58017
51756910013	57984
51817203863	56848
51837521053	212931
51900003073	180482
51900005053	180439
51900016103	180488
51900019043	180471
51900019593	180469
51900150043	180475
51900400063	180468
51900801143	180464
51900807053	180442
51900807473	180501
51907142843	81900
51933008403	370710
51933009103	370721
51933014503	370724
51933015203	370719
51933017603	216682
51933022003	115529
51933023703	115562
51933026803	115560
51933031203	319698
51933036703	164130
51933037403	164102
51933038103	164126
51933039803	115552
51933041103	177915
51933043503	177922
51933047303	287924
51933049703	168451
51933051133	159369
51933051393	197320
51933051423	197297
51933051843	334987
51933051973	299341
51933052093	115525
51933052703	256205
51933053403	319711
51933053663	311542
51933053953	289969
51933054103	334961
51933054233	334959
51933055063	90123
51933055223	90137
51933102903	134996
51933103603	256187
51933110403	60999
51933110953	9005
51933115323	370289
51933115743	334969
51933124523	334949
51933130203	134999
51933130753	164104
51933150133	13526
51933150843	168470
51933156203	177918
51933158603	60990
51933161023	43061
51933161603	35740
51933162303	35317
51933164703	35735
51933168053	23286
51933176553	284160
51933186453	82149
51933191853	60981
51933214453	61009
51933215603	370698
51933267053	66414
51933267503	130425
51933280403	35733
51933289253	61058
51933316003	74048
51933331853	245283
51933338913	115515
51933339613	306503
51933340473	115582
51933340763	306489
51933341593	272375
51933341623	76636
51933341883	250879
51933341913	216718
51933342033	92052
51933343443	66952
51933344563	61054
51933344723	92067
51933344853	135006
51933345133	159379
51933345263	311551
51933345713	159380
51933346093	159347
51933346123	227018
51933346413	164127
51933347793	216716
51933348233	306500
51933349773	334996
51933350373	159343
51933350823	115569
51933351943	183992
51933353183	92050
51933354593	10832
51933354623	10871
51933355583	10864
51933356313	92057
51933358713	90150
51933358973	61026
51933361263	334992
51933362383	232062
51933364233	334979
51933365193	22954
51933366213	76640
51933366763	334944
51933367593	82153
51933368743	216684
51933369283	157327
51933369313	82152
51933370623	284172
51933371033	256199
51933371323	130404
51933371583	49270
51933372733	159353
51933372993	159382
51933373143	159393
51933374683	3908
51933375543	250940
51933376243	334904
51933384903	35317
51933386303	35742
51933393653	311548
51933399273	201279
51933399693	319712
51933434653	256168
51933443303	177899
51933464803	245282
51933500723	10831
51933522633	115591
51933549203	90124
51933579743	115529
51933624993	164109
51933629783	94236
51933657243	76641
51933661653	7915
51933665873	134990
51933667273	196774
51933702103	130412
51933750173	92049
51933755963	46412
51933811423	130427
51933926103	115543
51933961203	61021
51934001793	243083
51934029643	289828
51934093163	289829
51943100043	334615
51943103433	334600
51943334073	334596
5196593	253108
51974171333	59812
52000000443	261060
52000001693	261023
52000002843	261099
52000003383	261024
52000010183	109764
52000010213	109958
52000010893	261034
52000012453	349136
52000013283	110081
52000013313	109745
52000013573	109911
52000014693	109835
52000021783	349158
52000039283	109982
52000040043	109848
52000040043	110058
52000041163	109762
52000041293	109912
52000041453	110157
52000042153	109983
52000042283	110024
52000042313	109973
52000042733	261064
52000042993	109760
52000043143	109742
52000043273	109947
52000043433	110024
52000044003	110090
52000044263	109865
52000044423	109977
52000044713	109732
52000044843	37159
52000046533	110167
52000047073	110089
52000047103	109791
52000047493	261069
52000047523	261050
52000047783	37155
52000049633	109926
52000050233	109988
52000050813	109922
52000051063	219729
52000051933	219741
52000052763	261080
52000053043	110040
52000101133	110074
52000101713	110004
52000102413	109816
52000102673	261081
52000102963	110096
52000103403	109966
52000104073	109951
52000104103	109796
52000104783	109841
52000120073	109870
52000122473	109852
52000129373	110143
52000131673	109899
52000132243	110011
52000132953	109902
52000133073	109838
52000134223	110164
52000134483	264006
52000134773	261063
52000135183	110078
52000135213	110158
52000204063	109944
52000208443	110115
52000209723	109873
52000325263	110142
52000325423	109844
52000325553	110114
52000325843	109937
52000333053	109802
52000336733	110079
52000337723	110122
5200044843	110093
52000640533	109826
5200101473023	16407
5200303833953	37075
5201051020053	372772
5204401010223	196711
5204403	261062
52066000043	195647
52083522023	220946
52083522023	346720
52100004013	204843
52100005713	46655
52100006413	204765
52100010793	204896
52100012063	204705
52100014333	204635
52100015743	205001
52100018973	205087
52100019413	205190
52100019703	2751
52100020143	311068
52100020273	311077
52100020303	311078
52100020433	204926
52100021843	205066
52100021843	205113
52100022963	204644
52100026923	204682
52100027173	204958
52100027753	205058
52100029153	204656
52100031163	204851
52100032153	205076
52100034003	204722
52100034003	204722
52100034973	204987
52100035093	204683
52100035673	204987
52100036373	130311
52100036373	204890
52100037523	205107
52100039633	204760
52100040233	204921
52100040653	205106
52100040783	205095
52100040813	204770
52100040813	204770
52100042053	204818
52100045153	205138
52100045443	204794
52100045733	204715
52100048833	204857
52100049083	204743
52100049953	204944
52100050003	205024
52100050263	204863
52100050973	204683
52100051093	205068
52100051093	205068
52100051383	204862
52100051413	204858
52100051703	204767
52100051833	205176
52100052243	204830
52100053073	205055
52100054063	204820
52100054483	205042
52100054513	204900
52100063843	205022
52100071473	204709
52100155203	204947
52100155203	204947
52100157443	204917
52100272023	205039
52100302713	204896
52100326283	204773
52100327273	311069
52100361093	205164
52100371603	204916
52100405643	204916
52100451503	204721
52100464503	204982
52100574103	204956
52100634753	205008
52100734613	205015
52100747583	204658
5212011500003	173404
5214001135653	91647
52159000073	316672
52159000813	316645
52159013073	316681
52159090043	316694
52159531003	316608
52159701093	316674
52159701123	316616
52159701253	316639
52159701703	316589
52159702083	316566
52159702113	316615
52159702533	316707
52159702793	316656
52159702953	316665
52159702953	316693
52159703363	316617
52159703363	316680
52159703523	316591
52159703653	316577
52159703783	316580
52159703813	316578
52159704193	316631
52159704353	316574
52159704933	316663
5216437763	61582
5216438623	61596
52235006623	38519
52287001263	54434
52287200253	54473
52287200383	54476
52294076193	353650
52294971993	333308
52302222093	90430
52302718213	52247
52302732233	52259
52302733193	52254
52319791223	149455
52334116513	366721
5233803	261088
5240113	204965
52428000063	211482
52499311433	205418
52500008253	284090
52500050023	80479
52500083243	80451
52500084073	80439
52500084103	80449
52500084493	80448
52525402883	48182
52548507503	3031
52548510343	3226
52548527303	3292
52548550363	3159
52548557683	3360
52548560263	3098
52548560683	3361
52548560713	3058
52548561703	3312
52548563493	2958
52548563653	3128
52548565053	3097
52548565893	3254
52548566463	3209
52548572273	2918
52548581923	3113
52548587383	3130
52548589103	2983
52548590383	2967
52548590703	2986
52548591083	30068
52548591373	2872
52548591823	308102
52548597733	3082
52548603083	3107
52548608293	3040
52548608903	3192
52548613143	3219
52548613303	3154
52548613433	3117
52548613723	3048
52548614423	2882
52548614843	3073
52548616533	2962
52548616953	3002
52548617233	3315
52548618643	3266
52548619763	3073
52548620653	3220
52548620783	2823
52548621223	2981
52548621803	2973
52548625863	3201
52548633783	3042
52548635923	2868
52548683313	3379
52548685003	3265
52548685553	2978
52548685713	3136
52548687243	3088
52548692483	3270
52548692513	3377
52548695033	3381
52548695743	3319
52548701093	2920
52548701123	2935
52548701833	3327
52548703523	122
52548707903	3200
52548710323	3376
52548715373	2864
52548730833	3375
52552632093	203686
52591912583	97957
52594000393	177590
52603041003	242971
52603041003	243331
52603041843	243340
52603041843	243373
52603042833	243023
52603042833	243281
52603054003	243274
52603054003	243275
52603054393	242938
52603054423	242984
52603054683	242998
52603055253	243302
52603056243	242990
52603065993	242964
52603066013	242966
52603066013	243377
52603067133	243029
52603083003	242973
52603095013	243017
52603095143	243060
52603283663	243303
5264113	204765
52738000043	271969
52738001583	67901
52738024483	67893
52738048663	182109
52745176823	91010
52745176953	91008
52745728053	90904
52745728343	90948
52745728503	90942
52745738083	90975
52745738113	90944
52745772513	90946
52745790593	90934
52745941483	90938
52745953073	90930
52745955503	90921
52833111613	161807
52833136043	161810
52836140603	89766
52836140603	89773
52836145523	89764
52839429873	192499
52851031313	280581
52851051403	280588
52851060023	280633
52851060283	280575
52851112203	280586
52851140503	280624
52851141463	280554
52851252503	280579
52851746323	280614
52851832613	280595
52851954513	280577
52853051883	280561
52894122023	310956
53000000303	38191
53000000433	38241
53000000433	38320
53000002093	38167
53000004363	38228
53000009023	38166
53000057253	38263
53000067283	38227
53000068983	38218
53000069003	38327
53000071433	38288
53000071723	38253
530163	340109
53035085603	286736
5305603	38258
53089093043	232352
53136070003	332410
53136891073	332413
531863	339689
532143	341220
533713	341274
53400000293	265678
53400000323	265681
53400000453	265680
53400120113	42969
53400121103	42970
53400231383	42965
53400256423	42962
53400257413	42996
53400342393	42988
534413	340529
53600000093	183060
53600000093	183117
53600000413	183054
53600000413	183115
53600000673	183152
53600000673	183180
53600000703	183092
53600000703	183137
53600001373	183122
53600001793	178421
53600001823	178425
53600101073	183081
53600101073	183125
53600101103	183083
53600101103	183124
53600102063	312711
53600102353	183085
53600102353	183150
53600102933	312715
53600103183	82021
53600103343	82036
53600103473	82032
53600103473	82035
53600105033	312698
53600105033	312699
53600106573	183155
53600106603	183074
53600106733	183147
53600106733	183168
53600110013	341770
53600110143	341759
53600110143	341760
53600110273	341782
53600110273	341790
53600110433	341776
53600111003	341766
53600111683	341783
536493	339832
53657482613	98568
53691535603	30438
53721000033	63637
53728034093	36164
53728240173	36165
53760461703	18520
53760630123	239578
53800303253	187404
53800631073	187334
53800631103	25068
53800750033	187397
53800750163	187411
53800851013	187385
53800880013	187332
53800950013	187359
53800980003	187360
53847327243	22933
53847327373	22934
53852002203	129569
53852006003	129566
53852220003	129559
53859054533	317600
53859070663	3464
53859070663	3464
53888006503	49111
53888015413	72312
53888015413	72312
5390248540013	167209
5391520161223	260988
53975916463	76620
53997430503	184006
540483	340848
54100000613	351878
54100000613	351880
54100001603	351978
54100001603	351979
54100001993	351890
54100007353	351946
54100016003	351882
54100017703	351972
54100019493	16198
54100076243	16188
54100083173	16203
54100173003	213741
54100173003	213745
54100179753	16122
54100179753	16187
54100441003	351930
54100977243	237890
54100977243	237892
54100977663	237880
54100977663	237887
54100977953	237889
5410256005813	344023
5410792001423	65799
5411146223683	330049
5413123000003	38632
54238122393	249504
54238122423	249503
5425031752493	22951
5425031753803	195398
54300070003	48154
54300070003	48163
54300233453	48155
54300233613	48166
54300233613	48166
54308182203	307276
54347220003	163234
54347260023	163221
54347311213	163228
54347322073	163215
54347401303	163237
54358011263	12621
54358011263	12621
54400000023	3485
54400000283	130275
54400001723	3491
54400003253	3497
54467000103	63144
54467007003	48637
54467009403	63145
54467040253	66246
54467072933	97628
54467501563	171539
54467502713	312961
54467600013	312966
54467600273	313050
5449000203243	91069
54500000213	21279
54500101743	21246
54500191683	21319
54500193243	21250
54500194653	21325
54500195193	21327
54627210083	315992
54644003033	22609
546619434473	171116
547833	339460
54783831313	369760
54791100173	274230
54791100203	274232
54800010073	346794
54800034093	346802
54800050093	346774
54800085453	346823
54800420063	346759
54800420063	346759
54800420643	346769
54800420803	346765
54800421183	346761
54800422173	346780
54800422623	346792
54800422883	25735
54800423323	25789
54800423323	25796
54800423453	25748
54800423453	25779
54800423583	25741
54800423613	25759
54800423613	25760
54800424603	25772
54800425273	25765
54800425433	25797
54924006013	20600
54958894013	163408
549783	340620
54996000193	21139
54996004863	21199
54996004993	21171
54996008083	21133
54996058613	21156
54996065123	21186
54996065253	21220
54996105843	21151
54996401013	21155
54996559493	21177
54996559523	21142
54996881983	21169
54996910003	21207
54996920033	21126
55049003543	59760
55104001033	86818
55270091043	124301
55270091043	124302
55270831953	124321
55270832103	124311
55270847763	124257
55270848043	124287
55270851333	124293
55270851753	124246
55270854013	124259
55270870723	124238
55270954003	124284
55270954003	124285
55270954973	124278
55270954973	124278
55270955963	124252
55270956533	124325
55270961933	124291
55270961933	124292
55270970683	124241
552943	340107
55369901123	13816
55415599373	325095
55415798653	325097
55526130083	47399
555463	341136
555623	340185
55653031703	70805
55653111153	70810
55653111603	70796
55653646303	70820
55653698203	40536
55653698203	70792
55991040863	299186
55991049453	299200
55991074073	299174
55991079023	299191
5602527589423	244414
562553	340734
5640403	292495
56409401283	85342
56409402273	67942
56409402303	67940
56554779503	224551
567045340343	81113
56719900063	189826
56762000543	85450
56854033763	182396
569903	340416
57000003913	141665
57000034603	58448
571203	339907
571593	340371
57243000113	250755
57483525643	18281
57664005933	122389
5781263	13181
57813	341155
57836020993	320908
57961028413	320891
57961028963	320889
580243	339584
58200006513	280882
582353	340340
58336022203	79760
58336022203	79769
58336088803	79758
58336152603	79749
58336175213	89218
58336175503	89224
58336176043	89215
58336180033	79778
58354210163	333359
583790040543	261148
58400300053	8772
58438700023	58938
58438804653	58939
58449153153	224692
58449153283	224693
58449154013	224690
58449155003	224593
58449161103	224533
58449162063	224577
58449167013	224562
58449172123	224576
58449204213	224578
58449410003	224556
58449450023	224603
58449450573	224570
58449590583	224649
58449620013	224631
58449770213	224529
58449770503	224583
58449771623	224580
58449771623	224647
58449771753	224651
58449860013	224554
58449870203	224620
58449890003	224565
58449890393	224679
58449891383	224532
58449892083	224654
58449892113	224696
5859423	280822
5862223	280883
5880423	280793
58807412113	305258
58807484813	239915
588713	340462
5887133	136047
5891623	280884
58940724623	8945
59000115733	118458
5900084231183	163495
5900238588613	89747
5900352012483	122596
5900597004663	19144
5900805092413	265428
5901588016993	89717
5901588057323	190246
5903295010943	317264
5906013002503	240049
590613002503	240049
5906458118753	157542
5908254110443	290555
59119023653	149558
59119026883	149563
59119048243	149569
59119155163	149545
59119155293	149566
59119207763	149552
59119207893	149554
59119207923	149560
59290311433	205423
59290312133	65475
59290943733	50109
59635008653	107889
59642000503	66877
59642003443	80202
59642010083	80224
59642103433	80206
59642126043	80226
59642135083	80207
59642180113	80202
59642192123	80199
59642220543	80210
59654520013	35228
600039107093	370410
60016563124543	81587
600350113063	178803
600350115203	60100
600350115593	205403
600559011733	148686
600699001403	174349
600699001533	159117
600699002523	174031
600699002653	159132
600699003483	159129
60072940115313	269639
60072940115603	269701
60094100093	265081
60112966533	147016
601374201163	219070
601710940053	58193
601732505223	281299
601754191923	269471
601920901103	48852
602050010833	2689
602050011243	2680
602050110533	2669
602348470103	230829
602348674433	290755
602573024683	41433
602573144923	233514
602573189023	156497
602573240823	302463
602652140013	205668
602652170133	169229
602652170683	169252
602652171093	169145
602652171253	168946
602652171673	169147
602652171833	168944
602652171963	169176
602652177583	168985
602652181023	169067
602652184253	169223
602652186653	169082
602652186653	169082
602652199783	169052
602652199813	168980
602652200083	168968
602652201103	168989
602652201103	169205
602652203053	169188
602652206023	169499
602652207013	169228
602652208003	169038
602652242113	168975
602652243103	169098
602652244803	169167
602652251023	169213
602652269233	169020
602652271663	168955
602652271663	168955
602652275173	168998
602652279553	169062
602652282003	169301
602652288593	168967
602652299483	169107
602652299483	169254
602652416583	169257
602652419263	169140
602652429583	169089
602652429873	169022
602652431883	168999
602652432873	169181
602756512143	330957
602756512433	330959
602813370143	315936
602813410023	315942
602813510013	315937
602938538183	342444
603028000023	372380
603028000313	372372
603028099133	278304
603028799033	326464
603253867163	225664
603346000033	40339
603346000163	40333
603430735643	190850
603522012003	190610
603803669193	75303
603812022583	57488
603812022873	57499
603812029063	57476
603812029643	57510
603812330213	57481
603812340083	57483
603812394123	57495
603812570053	57486
604101001753	222664
604183110503	106786
604183110763	106738
604183111203	106773
604183113313	106744
604183120403	106754
604183121493	106764
604183121783	106734
604183121813	106752
604183130303	106755
604183160553	106747
604183160553	106810
604183201003	106781
604183311603	281456
604215901413	168549
604215903523	168520
604226533603	26062
604235590123	65875
604262736013	269167
604262771083	302542
604485007143	140676
604485007273	258327
604485007983	4382
604485017173	220076
604485017333	162346
604485017623	57792
604485024263	317303
604485514023	246992
604485515013	57799
604485515143	63107
604485675533	324494
604485903513	246991
604528490093	41540
604695000033	11061
604730005603	343417
604730115203	44
604774201603	250088
604774292373	13351
604867999813	268025
604913000203	178577
604913002153	178574
604913004003	178570
604950741213	70043
605021000093	218126
605021000253	347493
605021009713	196890
605021009713	196934
605021299183	71096
605021299183	218129
605021510943	318276
605021600453	218114
605021605113	218115
605021885133	218133
605021978293	344900
605245009353	79672
605375000053	38999
605388003263	315310
605388128133	329779
605388186713	126933
605388186843	125881
605388187253	125740
605388187673	128185
605388188403	128462
60556555003	264735
605663182393	77115
60569009623	356098
605806000713	129189
605806001253	130517
605806003493	129444
605806010033	129168
605806027963	129246
605806124013	129445
605806136283	129240
605806137013	129272
605870001173	95752
606274105573	350199
606274326763	350195
606274400753	160358
606476040153	51917
606541697763	213714
606541698043	213712
606541698203	213731
606541703013	213734
606541803003	213718
606541823063	213699
606541922483	213705
606541933823	213704
606541933953	213732
606551120213	138578
606943	339820
606991071083	52989
606991131343	52987
606995000843	74335
607012351993	217867
60737460553	348661
607491061123	347373
607500040033	62540
607512930063	18447
607514010183	94423
607631108053	118013
607816999933	10146
60788000213	308456
60788000883	308663
60788000993	308632
60788001213	308417
60788001293	308684
607880014693	308620
607880017533	308466
607880017663	308734
60788001783	308683
60788002193	308744
60788002203	308509
607880024623	308607
60788002613	308468
607880030303	308502
607880030723	308649
60788003133	308815
607880032123	308411
607880033083	308789
607880033243	308750
607880033373	308708
607880033403	308580
607880033823	308756
607880034073	308420
607880034363	308498
607880034493	308490
607880034523	308803
607880034653	308806
607880034813	308640
60788003513	308709
60788003523	308791
60788003543	308615
60788003583	308745
60788003713	308569
607880037203	308412
60788003723	308781
60788003733	308794
60788003743	308448
607880038873	308461
607880039023	308524
60788003933	308499
607880039573	308391
60788003983	308686
607880039863	308486
607880039993	308523
607880041033	308554
607880100273	289727
607880101423	289725
607880102253	81833
60788010593	308416
607880121513	308772
60788012463	308702
607880132373	308586
607880149203	308685
607880200713	289294
607880201413	289280
607880201543	288719
607880201833	289068
607880202403	289232
607880202533	288737
607880203073	289275
607880203653	289716
60788070243	308564
607926001373	369101
607926002523	369103
607959000923	108088
607959100203	108116
607959700793	108114
607959701103	108092
608291129303	63963
608623000393	324036
608623000553	324027
608623000683	324015
608623000843	324011
608819233093	218699
608819254913	8764
608819255323	8769
60885210123	3888
608866999263	333096
608883000133	89074
608938995063	370591
609015128923	53391
609015726563	56865
609015727263	56867
609019742033	247383
609099771503	171610
609133703	194278
609207144823	168437
609207617693	232175
609207617723	232144
609207617983	232187
609207618003	232178
609207618133	232119
609207618553	232110
609207618683	232164
609207901723	83987
609224103193	48144
609234103	331901
60927618003	232141
609408416323	63411
609454638403	76782
609454639493	48497
609454639813	215118
609454642363	76793
609454643933	48479
609454644183	48458
609454645593	215070
609454647863	48492
609454648563	215070
609454649423	215247
609454650023	202982
609454655653	79481
609454655943	215048
609454657183	215066
609454663153	330639
609454663993	48477
609454666093	48464
609454668653	215194
609454669063	215169
609456366533	331151
609456815673	180434
609465381893	115735
609465517063	243435
60949280003	217878
609611003	331902
609613482533	248212
609613712593	69018
609665000563	224441
609722844093	123018
609722844253	123011
609722957953	95915
609788026563	21442
609788750673	83986
609883110013	68996
609983803	331899
610014141813	193501
610079399563	232289
610373029623	343193
610395788973	84090
610395931973	372688
610395940173	12631
610546451183	169672
610546452203	169673
610546452623	169690
610546453903	169688
610563197033	217837
610563222063	322609
610572209383	314946
610585864623	236091
610585872123	336242
610585872413	10429
61061000613	352400
610696150363	46714
610696541543	250953
610708578123	173457
610764000743	21483
610764024183	229728
610764025333	21515
610764033703	21521
610764181183	21484
610764863683	21519
610821069423	195990
610878500023	74166
610965235333	254265
61104149323	276150
61104210023	78396
611123120003	45246
611190360593	188900
611190361583	188899
611190485203	188913
611190487023	188906
611239100203	317932
611247310793	269200
611247310823	167735
611247311363	98756
611247311653	61063
611247351093	98757
611247352663	75787
611247382943	323899
611247390733	78364
611269000863	269378
611269001303	269365
611269001563	269365
611269001723	269362
611269151473	269370
611269272833	269351
611269281453	269333
611269281743	269328
611269333213	269377
611269333213	269380
611269446883	269341
611355571543	253946
611443010763	171547
611443010893	171559
611443320183	171549
611443340013	171552
611443440263	171558
611508175123	272716
611528609103	7853
611665888003	108155
611690421503	53435
611690522033	33500
611785102553	156679
611785108203	156678
611825501353	249682
611825503203	249681
611962002003	215899
61200014853	45846
612206120163	333583
61243100063	184747
61243710453	184749
61243713553	184744
61243718053	184754
612524376303	308927
612669317063	182628
612669318923	182628
612669931023	182624
612681447533	138109
612681717063	274477
612781101083	197880
612781101243	197844
612781101243	197981
612781102523	198060
612781401503	197824
612781509063	197970
612820500013	77610
612820557123	218391
612884887273	333349
612900735663	350542
613000002013	56812
613008714253	15890
613008715243	15903
613008718763	15856
613008718763	15887
613008719883	15882
613008722883	15889
613008724023	15979
613008724153	15901
613008725693	16002
613008725853	15919
613008725853	15923
613008735333	15950
613008735593	15937
613008737443	15988
613008737733	15946
613008738563	15992
613008738563	15992
613008740603	15866
613008740993	15865
613008741693	15977
613008741723	15863
613008741723	15891
613008743703	15937
613008745103	15869
613008745103	15903
613008751333	15966
613008751593	15991
613008751593	16005
613008751623	16008
613008759063	15920
613008759773	15887
613032634473	226882
613033337953	226816
613035184463	4824
613196010083	215677
613440000013	59402
613522021073	341918
613881100013	142185
613961916053	101511
614074000653	9481
614074001643	9488
614074001773	9485
614156000403	347082
614156010303	347044
614156061183	347052
614156061893	347060
614156062173	347079
614156062203	347076
614156062623	347083
614409550303	185295
614458514493	229431
614458514523	229433
614583111673	245086
614583111673	245088
614583624333	245100
614583624463	245086
614613642283	46124
614832001823	49888
614906207953	215940
61500003373	313571
61500003793	107283
61500004233	313572
61500005353	313588
61500008613	282960
61500009023	351216
61500009023	351229
61500011583	351211
61500013563	350436
61500013983	282961
61500016243	58676
61500016793	64428
61500119623	193818
61500120063	220453
61500122203	219533
61500122753	351207
61500122753	351208
61500126423	351206
61500126423	351223
61500126553	58661
61500127673	351215
61500127703	351236
61500128083	93803
61500128113	58067
61500210283	58659
61500210443	58666
615243520583	178041
615433020053	155315
615433060103	155352
615433180283	364478
615433300483	155306
615433300513	155304
615433300643	155310
615433301183	155327
615433301343	155311
615433350013	155318
615565601083	57371
615953456103	182839
615984503333	269987
616003122863	373684
616003226233	373684
616003993463	373685
616029011363	232629
616029033143	232663
616029067483	232625
616029067513	232620
616029067773	232647
616043762753	272792
616112027103	365028
616112031513	365022
616112031513	365069
616112681503	365037
616112810323	365038
616112866733	365036
616112866733	365062
616112883143	365043
6163	339867
616312106493	78934
616453285583	71645
616618002413	222157
616618020103	197292
616618400073	164904
616618400073	164904
616618400103	164910
616618400103	164911
616618500063	197285
616639253443	178004
616639934373	232037
616913832333	307219
616973004183	361401
616973004473	361403
616973007153	62014
616973007603	62001
616973040853	361387
616973060103	361406
616973060523	361411
616973090193	361416
616973090223	361399
617037958893	92456
617115002463	190931
617115002463	190956
617115018303	190961
617135525423	103241
617187123493	73106
617215927383	19139
617353707953	115262
617389897123	58745
617395959303	91873
617407102253	232411
617526501913	43536
61763012013	51329
61763014543	144118
61763023163	144057
61763041273	144109
61763042263	144114
61763090073	51331
617723483623	332487
617762259203	196024
617807313303	232734
617865861143	303021
618056755753	216542
618056755913	216534
618056756033	246983
618191150833	4892
618437700013	131511
618528914473	366621
618551600343	101076
618645225933	222511
618645275303	58998
618645288143	222531
618645295813	222537
618645438463	221863
618645447533	197096
618645453503	197097
618650192473	370787
618650192503	370791
618650277323	331035
618650277613	96020
618650599913	331008
618650692553	331090
618650692713	331032
618840008263	65105
618930492583	263308
618930492613	263996
619078457243	8446
619128652253	224342
619128672503	224354
619140003583	2838
619140007963	288494
6191509900923	328607
6191509903023	328611
619159877113	272734
619309000903	307696
619309070463	307691
619360008153	328668
619360090233	328738
619360090783	328717
619360090813	328715
619360090943	328680
619360091223	328702
619360091513	328712
619456387493	8768
619587674483	53348
619587674513	53349
619858748103	271052
619942301023	78372
61998622803	98514
61998679203	98524
61998679203	98524
620133003213	170303
620133003213	170315
620133600153	170319
620133600153	170327
62020125613	334122
620221200043	161425
620221200203	161421
620221200913	161427
620514006673	222747
62058816323	290915
620811144153	246554
620811912073	55527
620811970103	55525
621243	340684
621683021153	334815
621683021153	334831
621683920753	334806
621683920753	334834
621683921453	334819
621683921453	334827
621787013603	366221
621787033953	366216
6221024993053	60088
6223000038543	91110
62236678903	373625
6224007243923	213432
62356505493	51846
624053	340601
624777007903	111589
62482000053	369989
62482000633	370000
62482001203	55260
62482010403	370001
62482018003	370000
6251043000203	230476
625252003083	56765
625252003663	80427
625252005063	56764
625252007043	80430
626394326153	23147
626433808053	311630
6264383	362569
626608000763	32497
626608001913	32503
627265011673	66223
627404022133	16994
627404026193	3481
627573	340051
62768600113	8931
627733001373	138830
627733001403	239148
627733002073	138833
627733002103	138832
627733004893	138848
627733006163	138855
627733009003	138843
627770290013	232752
627841302003	280199
627843304173	17935
627843402633	119523
627843575153	304225
627843577843	131035
627843610533	342098
627907075513	197182
627987359633	231341
628055012023	217783
628055222033	316818
628055222323	38061
628055733003	233916
628055733393	15592
628055758013	98819
628055758563	98796
628055758693	98807
628055834083	105885
628055997573	190704
628055997603	190689
628110716033	217259
628110716453	217258
628110716583	217243
628110947123	89390
628176496023	3969
628176496283	3978
628242841153	106848
628250985573	221475
628356221063	162958
628451670063	205297
628451670063	205297
628451684343	233552
628451936053	227811
628553013263	38657
628553060113	178048
628553060243	273957
628586539723	177969
628586651043	333309
628586917583	44840
628615338013	242609
628615507013	242609
628667401413	18487
628667601073	18488
628678370043	216564
628678370623	66600
628831110073	222869
628834040513	53441
628834166213	53445
628834166473	53453
628834166633	230440
628834166763	228546
628834172023	53448
629014004653	65836
629014011033	65816
629014011453	65850
629014011613	230489
629014011743	65828
629014011903	65818
629014015833	65805
629014016533	65810
629014590293	65813
629014630623	65840
6291010903403	312885
629133	340152
629307015243	331847
629307122743	331841
629553	340767
630003099543	33554
630003099543	33628
630003273073	33528
630003325093	33573
630003485063	33532
630003720133	33642
630003720133	33642
630003792253	33558
630003792253	33558
630003879923	33614
630003879923	33614
630003882923	33590
630003999553	33609
630195102113	163550
63054170303	271222
63054543213	364695
63054611493	271219
63055802203	271218
630614000013	273519
630855113503	265651
630887012393	343784
63100004873	129097
63100004873	129099
63100004903	129102
63100481063	129107
631656500653	219804
631656560503	219792
631656714913	263398
631656716733	302438
63167219333	192291
631723141123	76918
631723142403	76983
631723145763	76964
631723162203	76949
631723200813	76997
631723202213	76945
631723202763	76967
631723202923	76978
631723203883	76917
631723203913	76916
631723213103	76948
631723528023	76926
631723801133	76999
631782000553	278351
631782000973	278365
631782001543	278371
631782002793	278370
631782003103	278373
631782004193	278355
631782004353	278341
631782004773	278344
631782006623	278350
63209148553	334691
63209198503	334690
632210018263	57812
632210023533	41048
632351000103	62841
632351000523	62827
632351004163	75275
632432000503	130717
632432333403	130702
632432728773	130710
632432757773	130706
632432911403	130713
632432963013	130722
632434027843	35620
632471444153	118738
632593131153	283864
632674442123	231989
632674850423	231973
632674855763	232005
632674855923	231986
632674857323	231990
632930413843	299098
632930413973	299088
633016032743	29796
633148100013	324661
633422539973	147776
633456070213	268249
633456120123	268247
633456340033	268269
633622210023	371069
633622555773	371057
633625100123	195748
634039000023	236101
634039000733	240434
634039000863	236116
634039300123	236102
634039300673	236107
634039333053	236128
634098425553	225623
634098425973	225634
634129271043	180063
634294589523	157812
634319200013	11103
634319200433	11104
634418217073	7914
634418217103	7882
634418523273	7909
634418523273	7911
634418523723	7885
634418524553	7908
634420798003	8722
63444159963	15029
634608000683	68435
634608000683	68441
634608004063	230014
634608004483	230056
634608005183	230027
634608005503	230030
634660104763	4070
634660104893	4082
634660105623	366957
634660108013	139514
634660180033	172357
634660205613	366959
634660381263	366949
634660801273	44222
634680158593	80387
634680168073	345461
634680168103	345488
634680176023	345479
634680178003	53467
634994216613	320806
634994219553	320808
635078401123	85543
635104181173	86170
635104181333	86184
635104185133	86179
635381007203	227073
635381036043	245155
635381036043	245222
635398920243	334235
635519000373	316504
635519115053	347655
635519115213	347670
635519121023	347654
635519132203	347682
635519140963	347651
635519142233	347642
635519181423	347694
635617000183	365229
635617038353	365217
635617038353	365217
635648991283	97941
635790000703	64369
635985800293	362876
635992042983	230890
636046700323	135490
636276221063	95433
636276221193	95424
636289170853	55488
636289171553	55483
636289871163	55489
636511002013	71590
636511002143	71580
636511007223	71603
636511204073	71598
636511204073	71599
636570214693	318069
636628080263	282496
636628081673	282494
636628081703	168901
636711115063	328244
636711115223	328246
636711601603	50529
636711603683	50552
636711609203	50520
636711902403	50560
636711903103	50540
636711903943	50547
636841073073	271315
636841073103	271317
636880001693	148559
637057976813	189149
637107402583	267488
637152500043	322121
637159810503	102529
637230978283	161005
637262648963	346516
637390619033	311369
637480000253	17563
637480000833	17428
637480001663	17507
637480002073	17529
637480002363	17568
637480002493	17491
637480004503	17457
637480031523	17648
637480035453	17584
637480040983	17458
637480041713	17616
637480042093	17424
637480042703	17554
637480045063	17468
637480045803	17523
637480060493	17570
637480060943	17542
637480060943	17573
637480061063	17522
637480065023	17571
637480065443	17526
637480070423	17583
637480075053	17590
637480090223	17531
637480091473	17639
637480091633	17631
637480590303	17416
637776430863	10684
637793000933	193918
637793001053	193905
637793008953	193913
637793033573	193916
63783383753	158135
63783577053	158142
63783577213	158132
63783643703	158127
637910000013	23328
638031605033	95216
638031612383	95208
638031612383	95208
638031685103	95199
638031705733	95215
63805080363	45237
638102629883	373930
638170389313	116726
638455789173	324530
638499995523	331193
638499996223	330921
638499996353	331077
638499996643	330899
638499996773	331270
638564909073	83765
638882000933	312820
638882002043	91903
638882002043	91903
638882004023	312816
638882125773	312822
639072941883	11744
639123891563	305999
639192501523	179245
639192850133	260513
639246020383	367772
639246020673	221998
639246040473	221999
639246060143	222036
639246061003	222035
639246070043	222005
639277075383	78900
639277356093	40448
639277357243	224420
639277387813	60741
639277405463	65871
639277415073	40443
639277503213	129019
639277515353	321998
639277751393	321996
639277775443	11237
639277835123	129026
639277843593	129003
639277843753	146358
639277924063	77943
639277976963	20670
639277983633	2618
639372022213	321971
639372025023	321960
639385488983	333317
639385489973	232412
639522000023	189842
639583	339692
639713215373	10433
639713216233	10416
639713992823	53067
639737315783	124722
639737315943	124730
639759000193	244422
639759000483	244418
639775070033	214750
639792119593	220766
639989001113	155879
639989001113	155881
640034000623	20614
640173376023	246539
640265995033	12482
640344021943	224451
640344057423	60780
640410513273	182080
640410514133	182081
64042198033	122334
64042198163	59879
64042558073	122335
640671889933	82455
640793048713	252106
640855766043	323507
64100111493	259459
64100130883	255870
64114500283	54384
641227321013	247648
641241777773	265655
64144000173	244817
64144000173	244818
64144000883	244807
64144000913	244781
64144001873	54238
64144002153	54307
64144002153	54308
64144002443	54323
64144020713	54266
64144021833	74358
64144030033	244789
64144030033	244809
64144043033	54242
64144043033	54245
64144049653	54297
64144049653	54314
64144080373	204399
64144080373	204400
64144109753	66667
64144109753	66668
64144150083	159561
64144150533	159562
64144280063	276029
64144281633	276020
64144322763	244796
64144322763	244797
64144860203	54309
64144868063	54290
64144877713	54299
641509000063	311752
641520988913	287268
641548101363	54623
641548121873	28682
641548139083	54631
641548188043	54616
641548550383	28680
641585033153	211376
64170091633	212060
641908260013	7716
642205006403	146472
642205007493	146712
642205012633	51196
642205014163	146754
642205110483	51198
642205550463	146699
6423460193	307772
642392000413	279802
642526686063	64857
642782911343	58548
642984648863	352530
642998000343	13903
643130307153	115628
643130308013	115637
643130820133	214820
643174000553	253138
643345983883	211361
643362110323	82040
643362111023	82041
643392500163	284620
643392500293	284603
643392502433	284611
643604620023	11090
643639161003	339359
643700149503	307344
643831000643	169510
643831001343	210172
643843000013	257704
643843000563	257705
643843200413	257689
643843714903	257696
643843715023	257659
643843715313	257726
643843715573	257665
643843716853	257669
643843716983	257723
643843717003	257676
643843717133	257688
643843717973	257739
643843801443	257720
644013	340162
644054444443	219414
644209004133	80738
644209004393	80793
644209021413	80765
644209301423	218053
644209303793	218042
644209307593	80646
644209307593	80647
644209311323	80668
644209405923	80903
644209411603	80855
644209412303	80625
644209412853	80823
644209413003	80651
644209414963	80871
644209415243	80695
644209415403	80778
644209420193	80890
644209421633	80889
644209425013	80627
644209425433	80664
644209425563	80650
644209471133	80734
644209471133	80735
644209791293	218055
644216122523	330884
644216248353	162683
644216323593	273240
644216527403	217737
644216827503	367400
644216828203	188239
644225700323	256689
644225722103	256674
644225723803	256665
644225723803	256677
644225727153	256656
644225727733	256687
644225730023	256654
644225730153	256670
644225770043	256659
644225770043	256693
644808001113	17133
644808004053	17138
644823015133	308265
645003	340418
645136000113	186968
645136000533	186957
645230007193	107596
645230011183	107598
645230011343	107589
645230056733	107588
645230057983	178440
645230370013	107568
645288001013	82010
645288009163	82002
645376010293	246147
645376990823	246147
645433010013	197453
64563221883	372559
64563223283	372568
64563223443	372584
64563226963	76473
64563226963	372546
64563228783	372557
64563683513	372563
645650000033	41199
645650000613	41203
645691700213	348418
645973	340246
646129119713	78928
646129119713	78930
646232235133	223402
646293768663	350957
646345331043	118464
646345331623	263404
646670315053	312424
646670315183	312412
646670511103	312429
646670519833	312391
646670530463	330220
646670532283	330853
646816966293	307824
64684130163	231743
64684530413	117977
64684953663	117991
647016716183	84017
647086010143	333554
647086091043	52848
647086091043	52867
647108000053	252112
647125301133	268900
647213003253	178367
647293004713	46450
647293010073	249351
647297431683	239379
647466111163	307396
647541010213	55884
647613011223	189964
647669185053	228847
647669511173	228840
647671000023	109171
647671000153	109131
647671310023	197508
647671310283	22984
647671500813	364054
647671501933	109181
647671502343	330892
647671609073	109148
647697994573	149430
64777121443	291357
64777121573	291353
64777121603	291355
64777812013	160865
64777812433	160797
64777812693	160915
64777812853	160831
64777812983	160925
64777813003	160919
64777813133	160825
64777813263	160974
64777813393	160765
64777813423	160820
64777813553	160900
64777813683	160961
64777813713	160944
64777813843	160856
64777814093	160963
64777814123	160888
64777815083	105222
64777815373	161106
64777815403	161108
64777815793	161071
64777815823	161068
64777816363	161152
64777816493	161113
64777817193	161145
64777817223	161157
64777817353	161056
64777842393	315755
64777843383	315767
64777845233	238960
64777848623	161129
64777848883	161059
64777849453	161041
64777849583	160814
64777849613	160842
64777849743	160803
64777864593	219449
647878123303	47074
647878245203	47073
647878250863	47078
648036002263	248030
648065112223	321171
648114090083	312241
648114160113	312242
648172105583	49360
648172105613	49359
648194500113	331668
648194500663	331670
648194500793	331666
648230594663	244104
648371000603	197103
648371000733	197106
648371660043	197111
648436101443	244162
648436300143	244156
648436300433	244154
648436330683	244172
648505015053	192025
648505035013	192027
648505312503	192040
648505507213	192043
648570011943	273572
648570018713	28121
648570022673	187020
648570028293	186999
648570029993	365370
648570035543	187008
648649050033	228899
648649080443	228915
648649080993	228893
648649090183	228894
648649186183	228901
648649251973	228906
648653	340515
648710313623	157377
648960203453	124697
648960235553	124694
648967242813	291267
649152998393	30294
649192014893	94246
64919211823	94244
649241892823	307784
649619116353	84757
649632000813	76562
649747863723	181784
650658000763	192483
650748779333	89830
650786000253	138791
650786000673	138794
650786003513	138796
650882217043	335803
650912101823	373040
651170065063	98200
651170065063	98200
651219112093	302194
651219112093	302194
651219122573	302198
651219205573	223168
651219207263	223153
651219209663	184786
651433406213	131870
651433409023	131761
651433601083	353460
651433601113	295956
651433601243	80157
651433627663	80143
651433630113	80138
651433701783	80134
651433703053	236199
651433995083	221786
651433997643	80158
651433997773	80141
651473603023	326403
651473603023	326404
651511023	232764
651536951863	157757
651538000033	323116
651538067043	323113
651538462053	323171
652003101163	34150
652003101293	34156
652010000053	321504
652010000053	321511
652010000213	321501
652118479393	311751
652134516003	306518
652160017413	11167
65254862743	48595
652642008403	273075
652703005563	16769
652729101133	81575
652729101263	81572
65278300023	311605
65278308173	311601
65278308913	311608
652852803003	130659
652878000103	325633
652878001063	325650
652933	340347
653341365613	232025
653407140093	161004
653694935273	3661
653694935303	4984
653694990043	4984
653760860003	303128
653849094923	13297
653849095593	222947
653861020023	283087
653861020153	283084
653861021433	283087
653981865993	11862
654187001253	189854
654367206003	347030
654367520093	95620
654367520383	214243
654383121243	94570
654383121533	94669
654383130023	212791
654383221233	94596
654523002203	181717
654523930513	181718
654561015463	318856
654721311503	328425
654721810013	328422
654773008673	139390
654773010003	214334
654858704513	51135
654858705213	51137
654858903183	16085
654871000463	67243
654871001033	67224
654871001163	67219
654871003013	67226
654871009053	328326
654871010493	67231
654871017393	67215
654871180073	67239
654871521203	328328
654954211373	239453
654954213803	325349
654954217993	239458
654954220733	239457
654954224953	233549
654954226773	239444
654954238653	239469
654954243893	239465
654989540103	308816
654989920103	189146
655257735443	43343
655273000013	221955
655453	341110
655508000023	76454
655516151533	38874
655516151663	38871
655778888123	21870
655809100033	103870
655809200313	103871
655852000793	18382
655852000793	18397
655852002353	18354
655852004203	18328
655852004463	18384
655852005163	363956
655852007693	18360
655852008423	18325
655852600023	371384
655852702383	365374
655956003843	141930
655956004383	282793
655956007063	323773
655956008503	78922
655956008503	78922
655956013323	218167
655956057303	162960
656133345053	115620
656133875253	195697
656133878933	195698
656285101033	37647
656285206233	246213
656442000513	77402
656442000773	77399
656488006203	145768
656750179673	258933
657082018593	156756
657082027243	156748
657082029063	156739
657082029353	156742
657082029513	156728
657082033503	156754
657082060103	156727
657082064903	156738
657227012103	87050
657243001303	308103
657243501063	250763
657243611083	306446
657284513643	312994
657522750113	248374
657522750533	248379
657579010543	239753
657622101853	146403
657622101853	146415
657622102973	146408
657622123183	146474
657622611123	146407
657622611123	146441
657622616883	146436
657622710123	146434
657622714503	146443
657622831743	146416
657649999013	107209
657815040273	111
657846468473	212094
657846556033	212078
657928200373	282416
657969006163	373687
658010112093	109379
658010113403	109377
658010118033	109415
658010118163	109410
658010118873	109438
658010119153	109383
658010120593	109428
658010120623	109372
658010123143	109371
658010124003	109442
658010126243	109426
658249792493	204457
658249890083	127
658276201333	138518
658276202873	149654
658276202903	149641
658276203023	149668
658276203153	149684
658276213213	149646
658334743553	274179
658334743553	274187
658533133803	263234
658533137283	267894
658564703983	71313
658623001203	89950
658686450093	240557
658686600443	240539
658761250723	180067
658761358023	230542
658761835043	343708
658842651463	24056
658882063813	202739
658882079463	202837
658882242003	202823
659000405003	181009
659204595753	243051
659204596033	242937
659204835163	243497
659345790093	364302
659422005843	336473
659422013343	336431
659422013923	301652
659422090283	301664
659422092263	336400
659422093093	301661
659422093123	211524
659422160573	336463
659422160603	336466
659422211633	336397
659422218083	301649
659422219233	301658
659422223643	336415
659422312743	336424
659422313283	336442
659422952123	336472
659434008283	91850
659434008313	91855
659541013163	213910
660061380703	304670
66006312813	333030
660217817343	352504
660217819453	352507
660597371053	170938
660629100163	267457
660645003233	19161
660645054693	19147
660646000293	146625
660646001283	146621
660726003503	89676
660726500163	219701
660726503263	219684
660726503553	219666
660726504703	219684
660726506103	219678
660726525173	219650
660726525333	219672
660726534113	219740
660726760703	219640
660726811023	89657
660726811993	89671
660726860793	219642
660751000393	317419
66086070993	246709
66086088523	246735
660861001143	49236
66086100713	246692
66086130253	246730
660973114243	18409
660973141423	18410
661042001143	64950
661440000823	374050
661524001043	243077
661799092753	72189
661799439503	274861
661799847223	142560
66188043703	173850
66188044403	173802
66188057403	325056
66188128523	174247
662010100103	273443
662118134413	167731
662166666553	246905
662425030743	290766
662425035823	265210
662425035953	265214
663593498953	68777
663836001193	172385
663836011383	172378
664054005703	193643
664114422433	54383
664150060163	211733
664150151823	211579
664150152103	211661
664150250113	211645
664150250663	211722
664150290133	211653
664150290553	211620
664150290973	211666
664150291253	215008
664150291383	211625
664150292373	211632
664150292533	211635
664150910383	211665
664164101883	242739
664164102903	242743
664183005353	174742
664493	339807
664523	341262
664541000013	234728
664636526893	233539
664667184833	362109
66479001313	58737
664857113193	53882
664857126803	368410
664857135393	8302
665072007953	245078
665072008653	245073
665072640983	245071
665072642673	245069
665106043223	62021
665291008083	219040
665291009653	219032
665393214443	20683
665479062203	173042
665479071403	173043
665479080603	173044
665591000893	35576
665591000923	35570
665591893143	35564
665596009013	154700
665596130373	154708
665596141973	154717
665596486333	111187
665601002213	60446
665649015503	68902
666016310733	240372
666016312553	240371
666140101283	85897
666140102013	85892
666140102563	85841
666254001073	4950
666254003473	4947
666618000353	139254
666950994433	49686
66718300023	68629
667429221173	307600
667450000013	94095
667450000563	94099
667494970723	40790
667978013403	137770
667978133033	331052
667978749203	364480
667978994603	364002
66857106203	281661
669035202003	116120
669035303083	116114
669035303083	116116
66909100913	372663
669149105603	268679
669153	340004
669387005383	80559
669510922853	334260
669556020063	145222
669556062063	145228
669556062933	193767
669671811713	227720
669731013583	304210
669809201423	304230
669809202093	304239
669887514873	321125
669887515313	122396
669887531313	60398
669896010243	43717
670043	339575
670171202413	326938
670171202543	326935
670171252333	167281
670171303653	349800
670171411013	167262
670171881403	167263
670221540823	181611
670346380663	124517
670433092073	303683
670433098013	303678
670452700423	25810
670541619063	130341
670579466233	156073
670753	340793
670875248083	81019
671372200093	290967
671372300083	290973
671372501053	290974
671372601043	32470
671372700043	290957
671372700203	290953
671521401203	188776
671521410403	188779
671521470513	188784
671521470513	188785
671521471343	188771
671896030213	223217
671896310193	138138
671959000023	268772
671959000153	268777
672361000533	278412
672640158603	98081
672642000603	215806
672642000733	215802
672642001143	215804
672642001273	37776
672724740533	173495
67275000333	66275
67275000913	66293
67275000913	66299
672824121263	33222
672824160163	33214
672890876753	25529
672975133733	102146
67311966333	181885
67312000623	352091
67312002153	352166
67312002153	352167
67312003013	352147
67312005123	352137
67312005253	352199
67312006373	352165
67312006663	352124
67312007943	352093
67312015573	352141
67312015573	352190
67312050123	352116
67312050673	352139
67312050673	352207
67312050833	352133
67312050833	352133
67312051113	352122
67312051113	352122
67312051403	352121
673166000223	129692
673305112923	122954
673367616643	324608
673367844213	132566
673367964973	98743
673497003023	92606
673497008103	89934
673538500153	25383
673538500153	25394
673803090303	95698
673803409563	95740
673853	339733
673984002133	350931
674438521323	44250
674503001163	32277
674563551103	270291
674806007503	178364
674806009033	177642
674971180063	70180
674971533043	70173
675260108713	109670
675625104633	235896
675625106033	235872
675625133633	230768
675625364013	235885
675625371073	235890
675625375033	235880
675714700043	51501
675783001003	29986
675825706903	13848
675825724303	13830
675825751903	13864
675825754003	13871
675825763203	13875
675825763913	13845
675825764903	13843
676181300903	79332
676445800163	173398
676502188883	30298
676502196383	30300
676525018273	371332
676637801213	217571
676821750303	311365
676821888143	311363
677294991163	67821
677294994003	67820
677294998193	239072
677636000003	48854
677684111553	124215
677684412063	42646
677762812693	282410
678003754833	60305
678008002953	15699
678008020773	15698
678108144133	157836
678108144553	157831
678108147813	299382
678108204073	157835
678286777673	53207
678452142533	30282
678523030813	116629
678523036273	116610
678523038543	116601
678523040263	116585
678523043073	116596
678629050173	168483
678629910033	168499
678926943123	108065
678926960243	108063
679224273943	168876
679224439103	168880
679273002013	197682
679339000663	333777
679757119213	343398
679757138283	85859
679757190533	177564
679757500103	141925
679844104573	74773
679844104573	74773
679844105303	107764
679844105563	149592
679876023613	323359
679948100013	223860
679948100143	81875
679948100983	223840
679948100983	223856
679948101003	81876
679948101003	223839
679948101133	223832
680147196523	129656
680193661693	196847
680193662003	196848
680201852143	334670
680201856493	281129
680243993743	347539
680270758643	271834
680274444443	323611
680275027843	274263
680306266593	212653
680392952363	315053
680474012763	341714
680474051663	171710
680474512003	234925
680569072313	346737
680569328663	333853
680569967053	284397
68062001953	60247
680692170023	231465
680757112593	227614
680816121313	334934
68100004533	174204
68100901603	250584
681131000093	201411
681131015783	86812
681131016483	201503
681131017923	201573
681131022873	86739
681131023153	281863
681131023993	86793
681131024013	86795
681131036153	201608
681131036733	105395
681131065863	202024
681131067553	201541
681131070263	201787
681131074353	201750
681131074483	201637
681131090803	201876
681131091213	201864
681131093033	202053
681131099363	312217
681131100533	201644
681131100953	271266
681131101523	202143
681131104203	202100
681131105903	281957
681131121743	201935
681131123013	201954
681131123563	201803
681131124133	230490
681131124393	201692
681131135993	201385
681131139533	201850
681131139663	202013
681131147293	202152
681131147323	202166
681131149303	201484
681131149433	201726
681131151153	202084
681131151863	201367
681131155663	201483
681131156233	86789
681131160803	201466
681131160933	202041
681131161183	201320
681131161213	202021
681131161923	201525
681131166683	201554
681131166843	201531
681131220903	201337
681131221283	201759
681131221573	201758
681131221733	201863
681131225083	201300
681131234573	201794
681131234603	201697
681131236133	201919
681131236263	202096
681131239363	202065
681131239523	201972
681131240543	271257
681131242103	202214
681131248273	201897
681131248433	201967
681131276443	202228
681131276603	201958
681131277723	201621
681131277853	201693
681131277983	202210
681131278003	201567
681131278263	201915
681131280723	86784
681131282413	201742
681131282543	201613
681131284783	201681
681131285773	86737
681131285933	86752
681131286473	201361
681131286633	201577
681131286763	201316
681131287463	201937
681131287593	201837
681131288453	201426
681131295833	202003
681131296373	202197
681131296403	202187
681131305143	202089
681131316453	201294
681131348553	201687
681131349833	86801
681131350563	245919
681131354813	105438
681131355063	201467
681131381703	201363
681131386173	201724
681131386203	201950
681131395403	201579
681131395533	201801
681131395793	201351
681131403863	201761
681131411233	201658
681131411493	201382
681131411523	201603
681131411653	201506
681131433693	201477
681131433723	201374
681131433853	201762
681131434003	105515
681131437813	202162
681131457323	353077
681131457453	201416
681170001853	39473
681170005103	39507
681170018103	39478
681170241013	39476
681170317503	39467
681170411003	39454
681170478013	39537
681170487053	39539
681170510003	39425
681241054023	353744
681366196233	84953
682082060013	141768
682082060143	141769
682082100603	141762
682082116093	141780
682082121523	141778
682082212153	141771
682430010233	352252
682430179213	352266
682430179503	352262
682430200283	352255
682494320323	366213
68274342233	263280
68274342233	311514
68274347283	263284
68274351273	311521
68274351983	311520
68274359873	107434
68274911613	311519
682906040283	105854
682906891663	105852
682906901683	105853
682906902673	363332
683095968303	40325
683203915663	149303
683318649613	180765
683333	339619
683639921443	112524
683639921733	112517
683639922563	112499
683639922723	112530
6837013	174238
683720309693	74467
683744362193	347604
683744407023	245910
683744962423	347621
683744962973	347603
683744963383	347614
683744963833	347625
683828657573	256267
683855040133	83461
683883	340140
683953002453	323036
683983412123	157200
68400563013	41380
68437389723	42489
68437870733	42486
68437911313	42479
68437911443	42504
68437911733	42483
68437912013	42487
68437912563	42502
68437912693	42506
68437912723	42516
684476012943	284261
684700999743	43394
684733000713	282826
684765125323	125319
685060012073	71569
685165383153	186538
685248752203	117017
685248987643	226966
685450038683	214411
685450657013	61518
685650033013	344723
685682281963	263435
685978000193	157448
686091864433	230148
686148000043	290763
686151200843	177467
686207803103	301899
686207804063	301885
686207805053	301897
686320343623	182992
686352602613	353309
686352807773	148149
686409142093	70960
686464588003	168431
686539931253	63749
686700000153	108884
686700004083	108871
686700020373	108920
686700032543	108894
686700032673	108864
686700092783	108925
686700101263	108927
686700101393	108916
686700670073	108918
686731052473	212466
686936520203	324536
687016235253	275946
687051743003	364491
687080000863	70052
687080242973	369738
687080244823	369741
687080542813	196611
687080623253	129333
687080623253	196602
687080709933	86657
687080800623	371623
687080837933	68680
687106390923	99066
687250800033	101035
687250800163	101038
687263	340486
687398735853	230147
687456111223	122504
687456111643	122493
687456213293	194151
687456213743	194162
687456213743	194162
687456214153	194183
687456214153	194183
687456216683	194155
687456224183	194169
687456230313	194144
687456283173	194137
687456283203	194160
687652153003	295129
687652172233	295131
687652173223	295089
687652179003	295087
687652200103	295126
687652200783	295083
687652600613	295120
687652770033	295115
687652771023	295085
687713004213	109667
687910001183	230362
687965437333	93932
688267000263	6127
688267000843	5206
688267001543	5277
688267003233	7027
688267004513	5494
688267005183	7035
688267005893	5824
688267005923	5217
688267006043	6734
688267006173	6980
688267007033	5372
688267007163	5551
688267007743	5668
688267009273	5132
688267009723	5512
688267010453	6611
688267010903	5373
688267011603	6839
688267011863	5899
688267012693	7378
688267012723	5302
688267012853	5717
688267013133	6594
688267013843	6593
688267014543	5421
688267014703	6014
688267015663	7203
688267016493	7113
688267017933	112835
688267018053	112590
688267020353	7318
688267020483	5524
688267020513	301566
688267022043	5586
688267022173	7121
688267022203	7121
688267023583	112816
688267023873	6585
688267025563	5819
688267026423	6946
688267026713	5868
688267027383	112758
688267027833	6091
688267029233	5147
688267029493	5597
688267032783	6185
688267033513	5323
688267033933	5567
688267034053	5578
688267034503	5605
688267035333	5533
688267035913	6084
688267036033	99317
688267036163	225265
688267036323	7164
688267036453	225336
688267037023	225376
688267037153	6473
688267038693	5975
688267039263	6925
688267039713	301561
688267040733	6183
688267042713	6726
688267044793	5071
688267044823	6313
688267044953	5664
688267045363	323015
688267045813	6863
68826704633	5942
688267046483	6689
688267046803	6115
688267047503	7294
688267048753	6952
688267049033	99314
688267049293	5361
688267052163	6895
688267052293	6348
688267052743	5986
688267052873	299361
688267053443	7196
688267053603	112710
688267053733	6269
688267054143	5312
688267054273	112848
688267054303	5105
688267054433	112853
688267055133	112794
688267056543	7160
688267056673	316730
688267057113	5821
688267057403	6503
688267058233	112843
688267059773	6715
688267060083	6775
688267061783	6876
688267061943	112589
688267062933	112574
688267063763	5011
688267063893	6449
688267065293	6574
688267067563	130678
688267067983	6097
688267068843	7042
688267069123	225359
688267070013	6113
688267070143	5992
688267070853	112838
688267071553	7161
688267071683	5025
688267072093	5695
688267072543	6619
688267073533	5296
688267074073	5073
688267074363	7199
688267074523	7352
688267074783	7148
688267074943	6190
688267075063	5015
688267075193	6166
688267075483	6020
688267075513	6642
688267075643	5021
688267076053	6719
688267077203	6080
688267077333	7295
688267077463	7262
688267077593	5212
688267077623	6376
688267082313	225606
688267086113	7359
688267087493	6483
688267088223	301574
688267088353	5425
688267088483	5864
688267088513	5359
688267089473	225365
688267089503	5214
688267091933	6357
688267094033	6525
688267094613	6705
688267094743	7166
688267094743	7166
688267096433	112677
688267096693	5683
688267096853	5687
688267097003	5995
688267097133	5033
688267097423	7322
688267097683	112779
688267097713	6331
688267098123	5495
68826709863	6633
688267104183	5396
688267108853	6198
688267112393	6753
688267112553	7258
688267112683	6769
688267121333	225334
688267122613	6517
688267123153	225608
688267125263	7052
688267126703	6626
688267127403	6062
688267128233	6529
688267128943	5494
688267131523	130675
688267132063	5930
688267132803	5594
688267133473	6259
688267134753	6218
688267134883	6086
688267135613	112793
688267135743	5931
688267135873	6821
688267135903	6090
688267136153	6271
688267136283	5835
688267136313	6861
688267137983	7210
688267138003	6093
688267138713	225604
688267138843	6747
688267139093	5693
68826714083	6998
688267141263	225213
688267141683	6867
688267141713	112825
688267141843	6682
688267142673	6707
688267142833	6318
688267143373	7287
688267143823	7017
688267144103	5906
688267144363	6170
688267144493	5728
688267144653	225367
688267145513	130692
688267145643	5157
688267146053	112580
688267146213	7058
688267146343	7259
688267146633	7177
688267147333	6343
688267147593	6638
688267147623	5752
688267147913	5812
688267148033	5904
688267148163	5343
688267148583	225276
688267148873	5251
688267149023	112796
688267149313	5313
688267149443	7065
688267149573	6522
688267149863	370251
688267149993	112813
688267150333	6949
688267150883	5756
688267151033	7282
688267151583	112615
688267151903	225059
688267152023	6822
688267152153	6188
688267152313	5203
688267152443	112823
688267152603	225610
688267153013	99326
688267153273	6404
688267153303	6403
688267153433	6408
688267153563	5721
688267154553	7103
688267154683	301569
688267154843	112673
688267154973	7219
688267155383	5107
688267155413	5110
688267155673	112699
688267155703	5581
688267155963	112814
688267156083	112573
688267156113	7371
688267156793	6650
688267158063	112765
688267158223	5938
68826715833	5724
688267158773	6676
688267158803	130668
688267159183	112548
688267159213	112626
688267159633	5308
688267160103	7323
688267160493	112581
688267160523	112692
688267161773	99319
688267161803	225333
688267162503	112798
688267163333	112750
688267163593	5184
688267163913	6200
688267164323	6275
688267164453	6305
688267164903	5143
688267165023	112767
688267165153	6398
688267165313	112546
688267165603	6350
688267166273	112745
688267166433	6464
688267166693	6855
688267166853	7252
688267167393	6004
688267167423	6372
688267168093	130689
688267168123	7340
688267168253	5666
688267169403	6812
688267169953	225463
688267170393	5468
688267170843	6893
688267171383	5763
688267171413	5765
688267173783	112702
688267174773	5012
688267175633	6540
688267175893	99320
688267176043	224957
688267176173	5009
688267176203	224963
688267176463	112786
688267176753	6628
688267176883	5638
688267176913	5158
688267177033	5855
688267177873	7025
688267178023	225373
688267178283	225115
688267178313	6492
688267178733	5569
688267179273	6902
688267179303	6630
688267179853	299360
688267181573	5125
688267183003	5018
688267183713	5429
688267184123	187195
688267184253	225551
688267185373	225032
688267185953	225042
688267186653	5311
688267187063	225069
688267187513	6077
688267188503	187187
688267188893	7260
688267189753	6419
688267190063	225477
688267190223	6050
68826719073	5193
688267191503	7377
688267192043	6026
688267194603	187163
688267194993	225568
688267195273	5825
688267195303	6624
688267196393	5542
688267196553	7024
688267196683	6104
688267196843	7195
688267197123	5708
688267197253	6985
688267198113	225133
688267199523	187172
688267204463	6158
688267488313	5851
688267525193	5478
688267526053	187197
688267526183	225204
688267526213	225391
688267526343	225513
688267526473	6013
688267526633	7080
688267526763	5500
688267526923	225476
688267527203	7079
688267527333	225378
688267528903	225106
688267529023	187209
688267529283	6567
688267529313	5023
688267530173	6379
688267530333	6559
688267530463	224996
688267532153	225074
688267533563	5347
688267534263	225220
688267538193	225043
688267538223	225127
688267538353	225024
688267540103	7074
688267540233	225403
688267541483	225493
688267541513	5813
688267543593	5113
688267543883	6848
688267544033	225331
688267548093	5415
688267548123	5779
688267548833	7170
688267549083	225241
688267549533	225506
688267550003	225389
688267550133	225595
688267550393	225006
688267551253	225047
688267552083	225579
688267553363	225001
688267555633	5426
688267555763	187222
688267556043	225124
688267556593	187228
688267558993	225592
688267559693	187205
688267560293	225111
688267560453	225222
688267560583	225279
688267560903	6095
688267562013	6000
688267562303	6743
688267563683	5465
688267564413	225368
688267565113	7196
688267565663	5625
688267565793	5499
688267566943	7023
688267568053	6976
688267569043	5225
688267569173	225135
688267570513	225013
688267570643	225321
688267570773	225051
688267571343	225512
688267573873	225285
688267574573	6737
688267574863	7060
688267575013	5566
688267575433	329916
688267576553	225445
688267576843	6250
688267576973	5526
688267577093	225455
688267577673	225290
688267578953	187189
688267579493	5229
688267579653	329887
688267580093	225564
688267583063	6620
688267583933	6606
688267584633	4576
688267671883	6195
688267671913	5540
688290014503	235507
688290055223	235505
688339923063	98127
688339923193	98149
688339923223	98145
688339923933	98137
688339924343	98135
688339924503	98156
688339929003	98131
688569000763	323639
688672109513	284503
688672898943	364659
688677527893	68717
689064651313	288160
689076051293	172993
689076092753	242720
689076094153	242715
689076140683	190379
689076190343	11392
689076250023	157399
689076254533	157411
689076254823	157410
689076254823	265158
689076310413	48924
689076367943	333887
689076398053	265157
689076431743	354113
689076464383	284402
689076464383	284402
689076540513	48925
689076541213	48905
689076628273	195265
689076710923	213883
689076819763	48895
689076821063	48919
689076999793	173408
689157001193	233989
689466139693	81606
689466796803	189555
689494400123	18267
68949801003	13527
689544070023	90033
689544072003	90079
689544081463	90089
689544081753	90084
689544082323	90076
689544082613	90053
689544083023	90063
689544088073	90072
689544088103	90060
68958029573	349830
68958360133	250501
689669010263	287988
689893002003	89154
689951900753	332990
690166106083	227034
690166106113	227029
690166227283	224442
690166227313	224447
690166281063	106689
690166348223	219425
690225108973	155038
690254753243	326422
690277990113	364312
690570602423	363941
690570607213	364555
69065002893	202556
690763002023	12183
690763022113	12188
690763022953	12193
690763075003	12191
690763090013	202578
690763960033	57150
690819341083	273410
690892442233	42520
690892701033	267476
691202000013	256172
691355020173	132451
691355853283	132340
691355886823	132332
691355893203	132402
691355893333	132356
691355893463	132336
691355893623	132390
691355893883	132338
691355894163	132449
691355894453	132446
691355894583	132352
691355894613	132450
691355895283	132354
691355895443	132426
691355896563	132300
691355898123	132418
691355898383	132385
691355898673	369318
691355898703	369606
691355903223	132424
691355904473	132409
691372343583	221012
691424225713	365211
691424400363	140736
691428000033	92686
691430003763	280683
691430005033	18515
691430005583	211455
691430005873	328754
691535203013	231434
691535301023	231385
691535302013	231394
691535485013	231381
691535513013	231420
691535521063	231444
691535525023	231432
691535526013	231446
691535707023	231364
691683000243	130227
691715116003	371130
6917541774663	226980
6921520200043	13956
692243700573	308284
692243747943	308285
6923455912343	125164
6923917200643	59755
692565882063	145849
692623008183	225661
692747004023	138289
692752100093	231694
692752100123	231713
692752105753	231684
692752106903	231706
692752109263	231685
692752111853	231695
69276070353	246846
69276070933	246823
692774005703	228979
693413100513	89864
693493	340332
693523	340761
6936756216713	112563
6936756219233	11235
694022302053	90181
694022594403	273107
694022620003	90179
694022674013	273104
6943140102163	221973
694411004773	69839
694411004803	69835
694516950203	167192
6946479000803	16969
694649005313	109691
694784046493	4141
694990012503	191587
694990012503	191589
694990085583	191588
695119120383	155427
695119120963	155399
695119133253	155453
695119160303	155444
695119171453	155379
695764800203	115935
6957884300013	60627
696200004803	353672
69624004153	307782
696550332373	66185
696859021473	22625
696859072673	307864
696859082603	95879
696859100673	145528
696859136313	163545
696859178023	78813
696859268373	166974
696859913303	33769
696859959103	84513
6969363	213054
69694009393	290586
69694011983	193717
6970058410493	60197
69702900513	280213
697068113003	346982
697068120193	346992
697068120223	346989
697068160113	346987
697068160243	346986
697068520153	347004
697068590163	346994
697093370303	14066
697093680303	14073
697301100173	53698
697539182033	118065
697658691683	196579
697658692253	196568
697691746753	312244
697691752433	339085
697941100083	318036
697941761123	10448
697941813433	318044
697941813563	318058
697941813693	318038
697941860543	318053
697941870023	318049
698028411603	24582
698356000173	315110
698426351143	278711
698433000263	233399
698433001123	233396
698556700583	224414
698556700613	224410
698639080083	245134
698683258513	245543
698768866213	226456
698881122173	294988
698881964483	294991
698881972013	294993
698902018263	74109
698997806073	346228
698997806103	346229
698997806233	346301
698997806233	346331
698997806363	346269
698997807513	346309
698997807643	346320
698997808893	346256
698997809043	346364
698997809173	346357
698997809593	346319
698997809623	346279
698997809753	346316
698997809883	346323
698997810063	346290
698997810223	346354
698997810353	346356
699221915073	84753
699323000073	331616
699627220023	13469
699632002263	274405
699632003383	107377
699632003413	107374
699975922143	21010
699975940253	21017
699983	339701
700029109103	22571
700112931543	142268
70012801063	354184
700175365033	231278
700175365873	179828
700175966773	41292
70022007493	272045
70022007813	272042
700220498853	311690
700226018253	212423
70026010123	150125
70026082663	232342
70026350533	150120
70026351363	232336
70030628673	200655
700360002033	220240
700360003023	220241
700360003153	220243
700371264543	221473
700381171633	158971
70038302773	26869
70038302803	26867
70038304883	27223
70038307143	28010
70038309123	26350
70038309253	26832
70038312093	26996
70038313823	10094
70038313953	9866
70038315353	26959
70038316503	9995
70038323013	27132
70038324553	26860
70038324683	9773
70038325833	27380
70038331483	10002
70038331513	9929
70038331803	10039
70038332503	26804
70038334583	9821
70038337423	26311
70038337553	26317
70038337843	26317
70038339533	10095
70038341253	9826
70038341703	9999
70038342373	27376
70038343103	26506
70038343653	9841
70038344483	27016
70038344803	26915
70038345053	27382
70038346043	26971
70038346753	26950
70038347033	27745
70038347163	27655
70038347613	27285
70038347903	26785
70038348153	10080
70038348603	9909
7003834863	27026
70038348733	27558
70038348863	27185
7003834893	27462
70038349143	27031
70038349273	27556
70038350163	27305
70038351023	26782
7003835203	27349
70038356523	26784
70038356653	27981
70038362883	9850
70038364573	27626
70038364733	27144
70038365273	9913
70038367383	27204
70038367413	27866
70038380283	9843
70038381013	27294
70038577683	27003
70038580683	27910
70038580713	26787
70038583363	9990
70038584063	26665
70038584193	9897
70038584483	27363
70038584513	26309
7003858563	26470
70038585633	26471
70038586333	27603
70038586913	27483
70038588733	27901
70038591153	27151
70038591283	27313
70038591573	26334
70038592983	26674
70038593003	27468
70038593393	26756
70038593713	27566
7003859383	27761
70038594123	26557
7003859413	27406
70038594383	10026
70038595533	26764
70038595953	27836
70038596103	27104
70038596233	27514
70038596363	26760
70038596653	27089
70038596943	9910
7003859703	26857
70038598053	26491
70038598343	26728
70038598633	27879
7003859873	27717
70038600343	9918
70038600473	9774
70038604143	9996
70038605393	26503
70038605713	27145
70038605843	26656
70038606543	26707
7003860733	26542
70038607823	26949
70038609513	27422
7003860973	26472
70038609773	27268
70038610113	27016
70038610243	27416
70038611233	26617
70038611523	27331
70038611653	26916
70038612933	26934
70038613473	10046
70038613503	26412
70038614203	58892
70038614333	26785
70038614463	58837
70038614593	27942
70038614623	58900
70038615873	26433
70038615903	27319
70038616313	27242
7003861683	27415
70038617013	27298
70038617143	27733
70038617563	26381
70038617693	27673
70038618393	27576
70038618843	26303
70038618973	27178
70038619253	26516
70038619543	27787
70038619963	17227
70038621003	9904
70038621393	10088
70038621423	26708
70038621973	27579
70038622123	27954
70038622383	27771
70038623403	27306
7003862383	27770
70038625193	27474
70038625223	27127
70038625513	27667
70038626213	26790
70038626893	27663
70038627203	26326
70038627463	27088
70038630593	10069
70038630883	27096
70038631453	27865
70038632153	27921
70038632443	26818
70038632993	26865
70038633983	27194
70038634423	26423
70038634843	26359
70038636403	9793
70038637103	27482
70038637813	321713
70038638513	26901
70038638773	58724
70038638803	58839
70038638933	27862
70038639183	58774
70038639213	58805
70038639343	58759
70038639473	27209
70038639503	26976
70038639763	26380
7003864023	27538
70038640233	58849
70038640493	58815
70038640653	27350
70038640783	58894
70038640813	26998
70038641193	27535
70038641513	27827
70038642343	27121
70038642503	26414
70038643043	58808
70038643173	58788
70038643203	58880
70038643463	27446
70038643623	26962
70038643883	27758
70038644033	26837
70038644293	10053
70038644323	26704
70038645153	27208
70038645733	27353
70038645993	27843
70038646143	26706
70038646303	28010
70038646723	26878
70038646983	27190
70038647263	58850
70038647393	27461
70038647423	27200
70038647713	27888
70038647973	26601
70038648383	26969
70038648413	26625
70038648673	27548
70038648833	58811
70038649243	27222
70038649373	27591
70038649403	58838
70038649533	27755
7003865183	27726
70038651963	58830
70038652083	27234
70038652243	58730
70038653363	58711
70038654063	9877
70038654193	27754
70038654803	9992
70038654933	9900
70038655053	26424
70038655473	9872
70038655893	27924
70038655923	27426
70038656173	27959
70038656203	27804
70038657033	26345
70038657743	9827
70038657873	10011
70038657903	27399
70038658733	27168
70038659273	26374
70038660613	27029
70038661283	27919
70038661443	26988
70038661733	26390
70038662693	26748
70038663003	27755
70038663263	26461
70038663713	26489
70038663843	27904
70038664123	27972
70038664253	26510
70038664543	27267
7003866623	9817
70038666653	26852
70038666783	9870
70038667193	27529
70038667513	9978
7003866823	9818
700400308293	369773
70044003183	53199
70044005033	53190
70044008553	53202
70044100103	60343
70057022133	250681
70057366633	250669
70057366763	250692
70057366923	250663
70057366923	250664
70057390713	250672
70057450943	250688
700596000643	312444
700596000643	312451
700596003613	312450
700596100633	312457
700598525823	188992
700598705263	235177
700598705683	236092
700598991703	350280
700598993783	350288
70061162023	155030
700621453383	322611
700621453413	322604
70070601803	291038
70070602053	291042
700729530863	28609
700729531013	28608
700729531433	28605
70074508283	3600
70074539843	247682
70074620893	321918
70074643083	247658
70074643533	86190
70074649283	116467
70074669113	86188
70074671093	86201
70074674353	247677
70074674353	247677
70074676043	247663
70074679723	247670
70074688053	247670
70077001163	324586
70077001613	324588
70077004553	324583
70077008513	324573
70077811243	324561
70077812813	324605
70077814503	324599
70077820313	324600
70077820603	324582
70080126143	254083
70080126693	254091
70080126693	254091
7008243	254084
70085000493	19783
70085000783	19775
70085034023	19788
70085038403	238433
70085046583	19784
70085046903	238375
70092029043	290186
70095000223	267663
70100010193	160447
70100010353	160455
70100010803	160466
70100060693	160456
701034123023	274456
701034982613	161160
70104151113	335945
701060020013	221820
70110001273	242533
70110058253	242534
70114003983	197571
701175941913	157212
701193040483	205416
70120241003	302245
70120266853	302223
70120277453	302226
70120551003	302225
701254240203	19795
70129290613	234714
70129290613	234714
70129291733	234709
70129410233	74693
70129410233	74693
70132005013	250975
70132005143	250970
70132006003	162295
70132101203	162289
70132109803	162285
701385000103	257422
70152198023	28106
70152198863	28104
70152200573	73084
70152401123	28099
70152501083	28112
70152501373	28113
70152501403	28082
70152601073	28095
70152601103	28077
70152711123	28099
70152809073	73086
70153002503	33761
70153091293	257950
70153091293	261217
70153203443	33764
70153290283	257921
70153290443	257924
70153290443	261208
70153292003	261437
70153292423	257966
70153293703	257941
70153295103	257944
701608004123	281550
70163978713	74664
70163988613	69752
70163988743	69745
70163989573	280407
70163989863	280431
70163992993	280395
70163993143	280428
701725008073	12116
701725010083	12117
701725011073	12115
701730050203	211805
701750683863	203628
701750686383	203626
701750686833	203635
701750686833	246738
70177226213	344923
70177226213	344923
70177232313	344916
70177232313	344917
701809300123	284300
701809324273	284302
701822701433	8675
701936099013	147025
701983	340665
701990000123	178326
70199001553	290148
70200010673	227698
70200011243	227695
70200011663	227693
70200022553	203127
70200500273	203192
70200500693	203154
70200500693	203154
70200500723	203258
70200502383	156822
70200513273	43742
70200514003	203214
70200520523	203287
70200520783	203190
70200520943	203232
70200522053	203271
70200522053	203271
70200522183	203250
70200523333	203155
70200534193	203275
70200534223	203204
70200534223	203204
70200540293	203153
70200540613	203216
70200550483	203133
70200554573	203165
70200554573	203165
70200554863	203137
70200554993	203125
70200556003	203222
70200581043	203239
70200581173	203256
70200581593	115867
70200589513	203252
70200790063	55774
70200790063	55774
70200838123	235242
70200841833	14115
70200870383	55779
70200996083	155365
702011049343	62411
702014072133	218675
702014304753	330607
702014612643	313073
70203042053	218148
70216242013	346199
70221003593	335250
70221003593	335260
70221005153	335236
70221005313	335267
70221005443	335266
70221006693	325055
70221007263	328825
70221007843	335244
70221007843	335258
70221009663	213300
70221009663	238492
70221011413	335271
70221013653	335253
70221103033	213295
70221103033	213324
70221115593	328807
702218347693	329167
70221834773	329170
702218350303	329154
70222026713	315863
70222028823	315859
70222029813	315838
70222073823	137814
70222074363	137817
70227500393	317508
70227500393	317508
70227500423	317506
70227501673	317510
70227501673	317573
70227501963	317457
70227502113	317476
70227502113	317481
70227502403	317513
70227600703	317456
70227603063	317555
70227603063	317574
70227604053	317542
70227604053	317542
70227610443	317586
7022764053	317542
70233003093	216940
70233007183	216914
70234000473	350597
70234000503	350580
70234000633	350590
70234001623	350647
70234004303	350608
70234004303	350644
70234004983	350577
70234224503	350694
702361012073	130563
70242301203	269489
70247130303	92227
70247137623	92229
70247138163	92235
70247143303	92120
70247144423	92119
70247150363	92114
70247159793	92162
70247159953	92098
70247176783	92176
70247177513	92169
70247177803	92244
70247178053	49354
70247181923	49330
70247211293	92213
70247401403	92103
70247509543	230597
70247814623	92191
70247912473	230597
70247977793	38829
70253000133	241764
70253000263	241252
70253001093	241840
70253001833	241099
70253001963	241939
70253002533	241747
70253003363	241338
70253003493	241425
70253004643	241300
70253005473	240852
70253006463	240910
70253006883	241844
70253008283	241843
70253008733	241251
70253009983	242147
70253010163	241226
70253101533	241269
70253101663	241270
70253101823	241279
70253101953	241274
70253102363	241835
70253104893	241119
70253104923	241978
70253105203	241120
70253105333	241011
70253106163	241389
70253106903	241487
70253109003	241747
70253150203	242157
70253161063	241458
70253161193	240724
70253161223	241469
70253170003	241878
70253221323	241020
70253221453	242084
70253222153	240768
70253222283	241020
70253223013	241076
70253223143	240754
70253223563	241433
70253225703	241627
70253227103	241708
70253227363	242084
70253228483	241994
70253230103	240763
70253260803	242162
70253261053	241266
70253262463	240798
70253263453	241899
70253263873	241265
70253263903	241125
70253264153	242162
70253265013	241800
70253266553	241938
70253266843	241526
70253266973	241016
70253267383	241980
70253267413	241559
70253267673	241558
70253267703	242069
70253267963	241917
70253268083	241148
70253268243	241081
70253268373	240799
70253268403	241085
70253268793	241797
70253269363	240875
70253269493	240964
70253269943	241056
70253270123	241820
70253270253	241783
70253281143	241480
70253281273	240886
70253281303	241798
70253282393	241428
70253282423	241422
70253283253	240737
70253283413	241532
70253283543	241901
70253283673	241452
70253283833	241318
70253285103	241155
70253287053	241577
70253287183	240757
70253287633	240755
70253288463	240890
70253288623	241589
70253288753	241347
70253289323	240714
70253289743	241635
70253289743	241636
70253289873	240714
70253289903	240717
70253290053	241468
70253290213	242027
70253291173	241759
70253291333	241348
70253291623	241088
70253291753	241162
70253291913	242100
70253293603	242032
70253293993	241564
70253294013	240879
70253294303	241032
70253296253	242112
70253296253	242113
70253296703	242108
70253297083	241179
70253297113	240716
70253297823	241065
70253298233	241788
70253298653	242173
70253298783	241793
7025329883	242062
70253298943	241285
70253299193	241388
70253299353	241497
70253299483	241440
70253299773	241831
70253300073	241602
702534576043	173098
70253460913	241876
70253463143	240945
70253463563	241958
70253463723	240988
70253464393	241722
7025346523	241018
70253466403	241821
70253466533	241915
70253466663	242167
70253467783	240793
70253467813	240806
70253467943	241354
70253468063	241184
70253468643	242081
70253469343	241206
70253469503	241193
70253469763	241187
70253469893	241194
70253469923	241197
70253470073	241128
70253470103	241035
70253484063	241307
70253492143	241626
70253492433	240775
70253493263	241713
70253498053	240868
70253498503	241391
70253500183	241595
70253500343	241883
70253500473	241547
70253500633	241339
70253500763	241052
70253500923	241048
70253501173	241714
70253501203	241718
70253501333	241886
70253501623	242002
70253502163	241049
70253511103	240748
70253519963	241236
70253520013	241237
70253622953	240790
70253623073	241058
70253626333	241527
70253632143	241357
70253632983	241063
70253640223	240829
70253640353	242109
70253641053	241936
70253642043	240809
70253652943	240735
70253703133	240863
70253703263	241135
70253703393	241242
70253712043	242102
70253712173	241571
70253712333	242107
70253712463	241519
70253730283	240999
70253730573	241075
70253730603	241845
70253999383	241337
70253999413	241509
702564202103	131500
702564301103	131508
702564701323	131499
70258002873	17098
70258002903	17095
70258014173	69132
70258014753	255087
70258014753	255087
70258041223	69131
70258041223	69131
70262003163	52937
70267004103	229903
702685730073	244232
70270501323	33725
70272000503	83225
70272001203	269544
70272001203	269545
70272002163	83225
70272002163	83228
70272090993	9326
70272171203	170122
70272481043	269555
70272482033	269541
70272489063	269535
70272491233	269554
70272491363	269557
7027249233	269567
70272555133	160266
70272625713	128932
702730429013	362792
702730429433	362799
70277291913	17367
70277626203	17381
70277832703	76033
70278000163	11008
70281000273	173333
70283091033	54888
70283495633	107245
702921052723	45697
70292161543	308294
70292213563	308300
70292215673	28877
702973	340402
70303022283	288273
70303022603	288268
70303022993	288214
70303023013	288214
70309001053	347979
70309022553	347975
70309031593	347959
70309033733	84425
703158249283	153071
703158249313	153087
703170712703	50410
703170721163	50418
70320394103	341479
70320801113	341510
70320844103	341486
70322005373	234652
70322106483	234673
703232729403	330142
70327015933	245758
70328010593	234029
70328024033	234035
70332000603	32842
70332000863	32955
70332003703	33033
70344051973	17127
70346000293	174272
70348001113	79171
70348604093	79173
70351170073	167142
70352031113	197573
70353201003	35521
70353763013	35537
703610988873	216325
703624907723	98680
703668801063	187274
70366983323	198705
70378230163	327979
7038010028083	334797
70381100613	160522
70381101283	160502
703856866553	312577
703965008363	334046
703980773123	153068
70399105303	9578
70399213213	9576
70399226503	9569
70399722753	9570
704039022643	19955
70404000883	255127
70404001033	255125
70404001163	255174
70404001453	255167
70404003693	255169
70404003723	255157
70404004843	255123
70404007653	255135
70404009343	255139
70404009473	255133
70410041313	196207
70410050483	196206
70410050513	196217
70410050513	196221
70410055273	196210
70411013463	232582
70411028733	232551
70411605293	232583
70411607433	232611
70411608423	232600
70411610983	232616
70411611003	232575
70411611553	232578
70411613113	232579
704126821883	132919
70420002793	274951
70420003073	274950
70420061073	274948
70422103603	51071
70422143203	51065
70422540033	51054
70424001433	304581
70424003703	304547
70424006223	304560
70424007893	278742
70424007923	304583
70424022353	304546
70424065503	43608
704276005393	146785
70430101103	125201
704361777723	125211
70438101273	149341
70438102553	149380
704403	340984
70450042103	74968
70450045203	74943
70450045913	74968
70450080693	321063
70450142513	74965
70450144913	74955
70450341213	74969
70450343613	74970
704533	339998
70459005413	227661
70459009213	227679
70462000023	308072
70462000993	308021
70462001983	308019
70462001983	308100
70462002003	308098
70462002003	308100
70462002553	322575
70462003413	307987
70462003413	308087
70462003703	307963
70462003703	308052
70462003833	307965
70462004083	322582
70462004083	322589
70462004113	308050
70462006223	322554
70462006643	308059
70462008203	308068
70462008463	322557
70462008623	308096
70462009033	308056
70462009743	308087
70462010503	308088
70462010633	308091
70462011333	322544
70462011883	308111
70462011913	308115
70462012293	308006
70462012323	308106
704620308293	157397
70462036343	322565
70462041033	308034
70462098563	307943
70462098563	307945
70462098693	307944
70462098693	308054
70462432213	322558
70462433333	322541
70462433593	322562
70462434033	322547
70462500103	322560
70462988413	308092
704639002403	43070
704639248313	43066
704639600203	43082
704639760143	43093
704639760303	43089
704639760303	43095
704639970023	43074
704639970023	43075
70470003023	371936
70470004303	371959
70470004303	372036
70470005713	371773
70470006383	371829
70470006413	371840
70470006543	371842
70470122663	111444
70470126913	111429
70470137773	117154
70470137933	371858
70470138763	372253
70470140643	117123
70470140643	371743
70470142043	372260
70470147833	372091
70470151113	119115
70470152233	119104
70470153643	240645
70470163093	117129
70470163093	117152
70470165943	267972
70470181363	267967
70470181363	267985
70470185033	240668
70470187433	117119
70470191133	267977
70470200163	131453
70470223933	240648
70470224473	267948
70470230313	240624
70470232263	267910
70470294223	371929
70470362953	111224
70470403243	371893
70470403953	371848
70470441283	371962
70470445793	372106
7047044613	371755
70470451343	372078
70470457253	372042
70470464923	371852
70470475813	371723
70470477893	372073
70470478043	371872
70470482323	372019
70470483863	371760
70470491363	371728
70470492193	371880
70470492223	372038
70470497983	111449
70472170143	184274
70474004033	256442
70475000423	115672
70475064043	115719
7047550083	115732
70475650093	115692
70475656873	115719
70475657153	115693
70475658013	115708
70475680083	115668
70475690143	115699
7047763	366267
704817499483	124624
704863017303	109277
704863032023	349813
704863036113	109297
704863050003	109290
704863227313	109294
704898170103	24553
704898320133	24549
70490355003	373418
704907547223	254967
70491105003	203451
70491106093	268670
70491119093	268678
70491212923	203497
70491233003	203462
70491513013	95653
70491522923	203481
704927501533	19166
704927800773	335733
70494116273	90432
704981240713	19914
704982301123	43778
705016355143	81463
705016600373	81457
705016600533	81458
705016985593	81461
705044028323	63539
705044029283	67950
70505100093	263664
70505109003	263642
70505122903	263679
70505216923	263652
70505232923	263653
70505300073	263645
70505301513	263644
70505502903	263649
70505600043	263644
70505800023	263644
70506000033	62468
70506000583	62483
70506001603	62478
70506010483	62453
70506030023	60092
70506041043	62487
70506041173	62465
70506041173	62497
70506042163	292574
70506049353	273535
705105065403	85396
705105184173	213763
705105357713	347597
705105359403	188242
705105506203	106025
705105525563	198304
705105541853	196981
705105542553	196980
705105543253	196988
705105699233	346742
705105760933	215769
705105762333	215771
705105792163	76618
705105930053	55268
705105960463	235448
705105963273	248205
705118400413	25335
705118500403	25334
7051505506203	106024
70516370003	371034
705171220003	49126
705194124203	198408
705194124333	198402
70540000013	12437
70543100123	172076
70543109263	172068
70543113123	172069
705432012903	68527
70547014983	121765
70551152473	304418
70551715043	53666
70552005013	367614
70552201033	367676
70552303133	367702
70552400153	367708
70552406193	367575
70552501133	367538
70552501263	367701
70552501423	367470
70552501683	367706
70552501713	367728
70552502413	367605
70552580503	367428
70552592063	367451
70552602083	367721
70552602113	367499
70552602243	367498
70552602533	367502
70552604063	367713
70552701373	367560
70552704343	367445
70552705043	367476
70552801233	367679
70552801363	367423
70552803183	367656
70552803343	367686
70552900233	367412
70552901193	367478
70552903043	367555
70552903173	367593
70552904163	367620
70554020373	271187
70554021363	271185
705599011313	172763
705599011733	172786
705599011863	172820
705599011993	172792
705599012013	172813
705599013133	172761
705599013263	172804
705599013393	172716
705599014123	172729
705599014413	172753
705599014413	172824
705599014963	172702
705599015083	172783
705599015373	172718
705599015403	172747
705599015403	172819
705599015533	172735
705599016813	172722
705599016813	172828
705604270513	18989
70560822053	251498
70560824033	251609
70560824163	251610
70560837453	251553
70560838603	251386
70560848213	251455
70560876773	251433
70560876773	251554
70560887403	251438
70560902113	251521
70560902113	251560
70560903073	251416
70560914413	251432
70560917193	251366
70560920063	251542
70560925013	251452
70560925013	251576
70560926263	251441
70560928373	251358
70560939263	251578
70560970723	251430
70560970853	251431
70560970853	251504
70560973113	251535
70560975513	332508
70560976633	251424
70560976633	251598
70560977753	251458
70560977753	251505
70560978163	251403
70560978163	251464
70560978293	251536
70560983723	251444
70560984263	251420
70569139503	19838
70569194113	19833
70569350403	19846
70570000373	30494
70570750513	30489
70572105083	267671
70572185023	267674
70575003423	269866
70575040183	235762
70575040343	235764
70575045263	235752
70575251053	235742
70577000383	369091
70577000383	369093
70577000413	369086
70577000413	369089
705772065263	107607
70578000023	65733
70578000153	65733
70578000603	65727
70578004243	65729
705814245073	219846
705814258073	81609
705814747133	81608
705875100243	22535
705875800563	22536
705875800693	22532
70590840003	350384
70590926073	350390
70590936003	350401
70590949003	350389
70600000083	344610
70600000243	344600
70600000373	344593
70600001813	344605
70600054673	344599
706010112923	22355
70607900683	111684
706129026753	343770
706129033713	359450
70617000793	21884
70617006283	21903
70617006283	21905
70617101513	21898
70617206133	21931
706173005063	223340
706173015123	223330
70617357873	21912
70617359723	21911
70620001633	157142
70622431223	117002
70622666663	116996
70622666663	117008
70622741063	116997
706245185723	220554
706245187383	220558
70625100003	129857
70625150053	129773
70625198543	129862
70625198703	129837
70625200123	129813
70625360063	129762
70625360223	129866
70625800323	129850
70635082993	315428
70635123993	315427
70640002733	34642
70640004423	254984
70640005253	254979
70640005963	34671
70640006663	35492
70640006953	215
70640007073	371793
70640007493	371932
70640007523	371854
70640007653	64963
70640007943	34578
70640007943	34773
70640008063	37472
70640008193	332257
70640009473	34749
70640009923	34772
70640010233	35426
70640010813	371798
70640011643	35447
70640011803	35436
70640011933	34639
70640012473	34573
70640012633	34736
70640013333	35471
70640013463	358253
70640013463	358266
70640013593	34827
70640013623	34538
70640013753	34554
70640013883	191602
70640013913	191613
70640014033	358247
70640014163	191614
70640014293	34630
70640014323	34666
70640014453	34691
70640014873	34782
70640014903	34728
70640015283	35495
70640015313	34778
70640015443	34667
70640015573	34796
70640015603	34820
70640015993	37477
70640016013	37482
70640016143	34704
70640016273	55982
70640016303	55986
70640017263	34587
70640017553	55998
70640017683	35496
70640017973	92460
70640018093	170288
70640018123	170287
70640018383	273440
70640018413	228660
70640019663	34811
70640020133	35478
70640020553	37480
70640020973	34534
70640021413	132130
70640021543	132096
70640021673	34550
70640022243	60587
70640022793	309146
70640023073	132137
70640023493	132127
70640023523	34569
70640023523	34694
70640023943	34618
70640024193	34870
70640024223	34803
70640024483	34635
70640034123	34744
70640050543	332224
70640053063	34662
70640053513	254981
70640100903	34718
70640300013	35445
70640300273	35477
70640313303	34738
70640314133	34717
70640630073	35498
70640630233	35498
70650060273	12086
70650800053	17306
70650800213	17308
70650800763	17307
70655954003	197504
70662007013	229002
70662007013	307894
70662010013	229095
70662030233	229032
70662035023	229070
70662035023	229093
70662087213	229006
70662087213	229007
70662401033	229076
70662402023	229026
70662403013	229072
70662500033	229097
706638014043	98012
70670000013	270517
70670000143	270574
70670000303	189677
70670000693	270462
70670000853	270495
70670001683	345517
70670002413	85005
70670002833	270569
70670003793	270510
70670004493	345511
70670004493	345511
70670004523	270560
70670005063	270541
70670005483	270473
70670005643	270531
70670006343	270550
70670006763	270448
70670007333	71422
70670007463	71408
70670007623	270456
70670007623	270545
70670007883	71434
70670008163	270459
70670008163	270460
70670008873	270499
70670009573	195229
70670009733	345516
70670011163	71429
70670013013	218388
70678596013	276130
70690014113	97616
70690014533	97713
70690015103	97712
70690015233	160363
70690023313	97685
70690023863	97698
70690086103	97623
70690195003	97654
70690237703	97640
70690270663	97645
70690270793	97667
70690271073	160379
70690271653	97709
70690275873	97662
70690275903	97667
70690277303	97703
70690278263	97639
70690288743	97652
70690291873	97705
70690471343	97659
70690698603	97620
70690699013	97694
70690914093	97681
706950121863	235182
707037003003	164945
707082720603	238309
707110001273	242533
707178105413	132221
70718000883	22185
70718000913	22208
70718001583	22205
70718002023	22201
70720001403	329327
70720002813	329324
707207800593	50138
707213	339488
70723130223	350777
70723215623	350782
70729031203	72357
70729041363	81148
70729094123	47354
707330250333	75694
707330346463	75698
70734004193	52061
70734005183	52058
70734053153	52076
70734055003	52063
70734522673	52124
70734533433	52051
70734545993	52097
707353201503	322058
707415025023	47083
707492074983	195126
707492082933	195127
707492296873	195121
70753012223	62561
70753012223	62568
70753050553	62556
707544010013	18470
70759127433	234915
70765088513	58932
707684103033	12327
70770082513	344553
70773122193	135125
70773212023	135122
70773285003	148557
707772336473	214484
707772336503	214485
70778071533	263602
70778672013	263613
70784000053	338477
70784000923	338426
7078400113	337610
70784001173	336929
70784001753	338469
70784001883	338395
70784001913	338086
70784002163	338307
70784002293	337943
70784003023	337813
70784003443	336747
70784003993	338158
70784004723	338260
70784004983	338067
70784005003	338078
7078400503	338373
70784005713	337750
70784006123	336722
70784006383	337033
70784007373	338058
70784008363	337720
70784009063	338359
70784009193	338344
70784009223	338047
70784009483	336784
70784010823	338495
70784010953	338283
70784011073	336873
70784011783	337861
70784011943	338062
70784012063	337706
70784012193	337376
70784012483	337214
70784012643	337707
70784012803	337042
70784013763	338164
70784014753	337650
70784015163	337962
7078401523	338120
70784015743	337630
7078401583	337714
70784016023	337700
70784016153	337646
70784016283	337716
70784016603	337239
70784016863	337239
7078401703	337381
7078401823	337830
7078401833	337346
70784021423	336699
70784023083	338383
70784023243	337351
7078402343	338386
7078402353	337563
70784023533	336786
7078402363	336829
7078402393	337913
7078402443	336710
70784024813	337916
70784030333	338312
70784030913	338126
70784031293	337158
70784031743	337011
70784032023	337463
70784032153	337018
70784040233	336811
70784040363	336928
70784043463	336858
70784044323	338218
7078404503	337217
70784048673	337946
7078404983	338338
70784049953	336979
7078405623	338408
70784057743	336839
70784062013	338034
7078406203	337155
70784112343	337681
7078413013	337177
70784130163	336998
70784130323	337299
70784130743	338487
70784130903	336794
70784150093	337981
70784152103	336732
70784153223	338201
70784153643	338018
70784190563	337137
70784197043	337737
70784197203	338444
70784197463	337594
70784214993	336865
70784220123	336964
70784230443	336962
70784230733	337591
7078423663	337948
70784236643	337947
7078423923	337838
70784239743	337181
70784239903	337128
70784240053	337571
70784252063	336948
70784252483	337498
70784253183	338398
7078425403	338520
70784258003	338020
70784258683	337818
70784259703	336835
7078425973	337100
70784259963	336835
7078426453	338069
7078426483	336966
7078426603	337457
7078426613	338491
70784267043	337590
70784269023	338478
70784269283	337409
70784281063	337977
7078428243	338515
70784282633	337109
70784289083	337529
70784293103	337798
70784294803	336750
70784333113	337807
70784392523	336820
70784396293	337483
70784399263	337907
7078440293	337965
70784406053	337280
7078440643	337325
7078442843	338497
7078442893	337228
70784428963	337586
7078442923	337936
70784429373	337781
70784430683	337419
70784434193	337140
70784434223	337553
70784434513	336992
7078444353	336906
70784443553	338401
7078444363	336907
70784443683	336906
70784443713	336709
70784443843	337980
70784447483	337172
70784450803	338342
7078445303	338095
70784453163	337811
70784453323	337497
70784456003	337795
7078445863	337582
70784471723	337341
70784471983	337069
70784472263	338361
70784472423	337449
70784472713	338241
7078447403	338102
70784474113	338156
70784474243	336942
7078447463	336946
7078447903	337289
70784488523	338199
70784501383	337539
70784501413	336815
70784502373	336895
70784502403	337607
70784502663	336941
70784502793	338215
70784502823	338432
70784502953	336908
70784503073	337905
70784503103	337167
70784503233	338174
70784504643	338304
70784504803	338492
70784506463	338378
70784506623	338148
70784506753	337901
70784506883	338346
70784506913	337370
70784507323	337656
70784507453	337316
70784507583	337363
70784507613	337851
70784507873	337770
70784507903	338359
70784508023	337209
70784508603	337168
70784508863	338050
70784508993	338465
70784509013	337030
7078450913	338330
70784509693	338048
70784509983	337842
707846010663	336763
70784806693	336973
70784915173	336933
70787007523	145067
707893	341121
707893906623	216550
70790008203	335013
70790088403	335010
70795032043	116495
70795035693	138865
70796130373	204056
70796130663	204049
70796130663	204051
70796200083	188714
70796201073	52336
70796210013	25141
70796210143	25168
70796210303	25181
70796212093	25184
70796212093	25184
70796212123	25114
70796212123	25135
70796212253	25186
70796239953	25127
70796239953	25143
70796240003	25178
70796240003	25178
70796300103	52379
70796330063	12534
70796330193	12506
70796330933	12532
70796360053	12552
70796360053	12553
70796371813	12543
70796371813	12544
70796400063	52516
70796400223	52431
70796500053	52433
70796500053	52433
70796502033	52331
70796502033	52456
70796505003	52458
70796600043	52491
70796600043	52493
70796600463	52495
70796601293	52452
70796601293	52453
70796601323	52416
70796601323	52416
70796601453	52497
70796601453	52497
70796601583	52484
70796601613	52346
70796604003	52494
70796604003	52494
70796699993	52464
70796699993	52469
70796700033	52352
70796800023	52310
70796800573	52304
70796801013	52391
70796801013	52392
70796900143	52399
70796900143	52400
70800023103	304525
70800037193	304388
70800037193	304424
70800037223	304499
70800041183	304526
70800046003	157527
70800046003	157527
70800048793	304389
70800048793	304435
70800049103	304409
70800058273	304493
70800082803	304500
70800222193	304457
70800225293	304443
70800277513	304479
70800405893	304447
70800405893	304512
70800410613	304522
70800415403	304439
70800512003	304441
70800742103	304514
70801103033	311686
708040098093	163814
708152206263	322149
708152318843	295020
708152318973	157622
708152328743	168706
708152328903	168708
708152331293	157629
708152338803	157616
708163118333	38720
708163121913	38737
708163122293	38677
708163122453	38698
708163122583	38716
708163123603	38763
708163124563	38714
708163125423	38731
708163125683	38743
708163260643	38759
708163483073	38756
708163921223	38695
708165070493	71931
708165076013	71933
708165076303	71919
708165086203	71948
708165089853	71935
708165401013	71942
70821305783	17949
70821894003	145797
708271510173	373792
70829573863	36434
708302274463	352643
70834001283	89313
70834002143	89309
70834031853	89305
70836501613	149424
708411000113	80363
70842000063	24440
70842062603	24436
70842303003	24423
708423080653	95947
70842309043	24440
70844001013	163437
70844004533	163472
70844005073	163424
70844005103	163463
70844006063	163419
70844007183	163453
70844470543	163436
70844480023	163469
70844570533	163454
70844705553	163425
70845002033	73334
70845003993	104771
70845004273	104747
70847005773	12248
70847010463	215975
70847014973	134569
70847015543	216006
70847017523	215987
70847027843	46391
70847027843	215955
70847027973	215956
70847027973	216016
70847029243	215971
70847030973	215980
70847032113	215986
70847032113	216036
70847032403	216001
70847034643	216020
70847875123	134518
70847876403	134542
70847876953	134543
70852000213	59654
70852000633	59629
70852010663	59620
70852191003	59614
70852373003	59631
70852526003	59620
70852542003	59620
70852683003	59624
70852991993	59607
70852992693	59701
70852992723	59697
70852992853	59691
70852993683	53702
70852993843	59635
70852994253	59662
70852994383	59616
70852994413	59686
708531295093	101540
708531295673	101548
708586284783	8427
708615003613	177727
708615006263	177762
708615006423	177753
708615008083	177719
708615110243	177729
708615110403	177764
708615110533	177690
708615110793	177786
708615310643	177743
708615701243	177691
708615701403	177746
708615701533	168240
708615814363	168247
708615814813	168237
708615850453	177751
708656000343	45875
708656000763	45884
708656001463	128990
708656100043	45870
70870003203	217979
70870004453	217985
70870007423	217970
70870009083	217999
708706220073	40284
70872198563	268011
708758001033	229864
70876000213	229902
70876000503	229902
708820004313	207381
708820008373	209999
708820008403	206672
708820008533	208996
708820016033	208802
708820016163	207100
708820023963	210079
708820026513	209000
708820028753	206381
708820033313	208875
708820038813	207387
708820039223	208806
708820039643	207520
708820040113	207645
708820040243	206633
708820040793	207039
708820042643	207005
708820044913	263761
708820045453	206936
708820049123	209672
708820049413	207552
708820052253	208273
708820054653	206760
708820058323	206387
708820061873	207543
708820063563	206775
708820068223	206484
708820070783	207314
708820086463	209816
708820087453	206477
708820097193	207452
708820097223	207791
708820100763	208522
708820100893	208757
708820115293	209143
708820128583	209370
708820140653	208641
708820141353	208628
708820141803	208520
708820142213	207497
708820142343	205947
708820156913	207287
708820175273	206829
708820190993	208984
708820193093	208989
708820201873	206402
708820206823	263779
708820211513	207773
708820217263	208447
708820229433	248161
708820239043	208333
708820248793	206242
708820248823	207568
708820264663	206152
708820270503	206391
708820287273	209791
708820287303	208027
708820289703	207549
708820291133	208915
708820295193	209074
708820298873	208967
708820301283	208939
708820301443	208370
708820307223	207170
708820313293	209209
708820320703	208263
708820323513	207183
708820325043	209704
708820329393	209351
708820329423	209518
708820334663	206522
708820336643	209914
708820337053	208163
708820337893	209360
708820337923	208523
708820342743	208590
708820342873	207353
708820343023	208339
708820344563	206744
708820344693	208143
708820344723	206652
708820345843	208186
708820348783	207297
708820353183	206304
708820358973	210064
708820364783	207560
708820368613	207452
708820371293	207863
708820372443	209130
708820372573	207367
708820377813	210052
708820382763	206663
708820382923	206255
708820385153	210112
708820388703	208060
708820392113	209147
708820393073	209688
708820393363	208479
708820396463	208116
708820409613	210109
708820414143	209430
708820414983	206192
708820415133	206181
708820418363	206659
708820419933	263790
708820421103	205863
708820425743	208049
708820425903	207012
708820427723	263855
708820427983	263721
708820429253	208167
708820430693	206002
708820448483	208146
708820463073	209042
708820482043	209838
708820484863	207445
708820488243	207814
708820490383	209477
708820494633	206894
708820499003	208569
708820499133	208570
708820499683	208131
708820502253	206682
708820503083	205902
708820510173	209614
708820510203	208810
708820520233	205987
708820540323	207357
708820543973	209677
708820564633	207047
708820576643	209478
708820586833	206892
708820601963	210087
708820602953	207794
708820620223	207189
708820629363	209081
708820639683	208706
708820671973	207828
708820672703	208961
708820675193	209223
708820675223	209227
708820675933	209771
708820678873	263847
708820684003	208082
708820687653	208176
708820689053	208150
708820690653	207322
708820704923	208133
708820708693	208824
708820718913	206535
708820724433	209218
708820729773	209988
708820748323	206579
708820749023	207687
708820756113	206605
708820757103	206572
708820757813	207376
708820771833	208951
708820776623	207872
708820776753	208858
708820779693	207749
708820779723	208426
708820783683	210049
708820813373	206235
708820813403	206483
708820820593	207190
708820824553	209293
708820826083	209440
708820828513	206592
708820849303	210034
708820859913	263773
708820862173	207339
708820864283	263840
708820893023	206840
708820913943	208064
708820935433	209338
708820940833	206189
708820947023	209241
708820947443	206079
708820950573	209731
708820951563	206874
708820951693	208368
708820951723	206907
708820952553	206621
708820953093	205903
708820953123	209820
708820953253	209699
708820957053	209343
708820966413	207165
708820968493	209743
708820968523	207386
708820970823	209029
708820972223	207850
708820973633	206556
708820979963	208581
708820998483	205887
708828981043	54431
708828981333	254293
708875003033	86877
708875005013	86868
708875005273	86865
708875005303	86872
708875005433	86864
708875900073	86881
708875900103	86856
70890542003	160252
70892010883	26272
70892010913	26274
70892010913	26280
70893030583	130487
70893030873	59819
70893031283	13927
70893031603	13930
70893031733	238148
708938009293	82795
70893995073	60128
708945490473	187129
708953102603	190299
708953509013	190292
708953651033	190326
70896004253	367014
70896029973	367195
70896035653	367059
70896036223	367343
70896040763	367196
70896043573	367291
70896047403	367316
70896060983	367154
70896066923	366973
70896071323	367153
70896080363	367154
70896085283	367154
70896097293	367130
70896099853	367229
70896106803	367179
70896123053	367084
70896136213	367347
70896136893	367154
70896142023	367210
70896144133	367217
70896144973	367154
70896148223	367268
70896159793	367311
70896160683	367244
70896161093	367059
70896163813	367116
70896170293	367153
70896171993	367154
70896181053	366996
70896201973	367312
70896221353	367276
70896225313	367059
70896227003	367149
70896231413	367163
70896256683	367012
70896276483	366972
70896310743	367234
70896360373	367304
70896360953	367170
70896470553	367065
70896472083	367154
70896499813	367226
70896503923	367083
70896531513	367364
70896570123	367167
70896585523	367043
70896594303	367029
70896601483	367369
70896694423	367355
70896717733	367192
70896720603	367276
70896723673	367154
70896741073	367262
70896741103	366995
70896741103	367262
70896761163	367336
70896871053	367367
70896913463	353997
708971911713	189414
708971919573	189486
708971922153	189404
708971925123	189489
708971925833	189459
708971926403	189484
708971927523	189469
708971927783	189472
708971927813	189432
708971929343	177449
708971930103	189427
708971930233	189453
70900208233	72510
70900501013	72493
70900501273	72517
70900501433	72522
70900603113	72504
70905562453	371150
70905562613	371144
70905801613	371151
70910000483	66908
70910000513	66915
70910871663	66940
709129004813	118056
70919011763	92286
70919018533	138278
70919018663	138253
70919023773	138182
70919023803	138230
70919023803	138230
70919030573	138224
70919030733	138240
70919030993	138257
70919031143	138268
70919032393	138196
70919032393	138248
70920005263	172579
70920112343	323807
70920112343	323910
70920472423	323897
70920474373	323801
70920474403	323825
70920474403	323897
70920475103	323856
70920475233	323797
70920475233	323817
70920475363	323863
70920475653	323908
70920475783	323886
70920475813	323897
70920476193	323845
70920476483	323897
70920476513	323897
70920484433	323906
70924001353	9332
70924046163	9341
70924060503	9342
70925008023	58688
70925008153	60339
70926002013	16491
709275460143	242272
709275480523	19987
709275481513	362009
70934996083	220519
70934996373	220516
70934996403	220502
70934996823	220544
709351000133	82372
709351000263	82371
709351301773	82367
709351302633	82384
709351302893	82432
709351302923	231157
709351303593	82390
709351303883	82376
709351303913	82365
709351888953	82386
709351891403	82425
709351891533	321465
709355236613	145273
709355467123	145268
709355468083	145286
709355468403	145283
709355759013	145280
709421233713	181795
709434800223	179943
709434800353	179978
709434801893	179953
709434803293	179971
709513000193	93808
70952000403	243977
70952003343	243976
70960000143	283412
70960000143	283417
70960951773	283414
70963701603	142232
70969000403	311346
70969001493	311347
70969004173	311340
70969004203	311354
70970000133	247829
70970000553	247876
70970005053	247829
70970005473	247822
70970471063	148331
7097047123	148321
70970471483	212953
70970471513	212965
70970472923	213009
70970473623	213022
70970473753	212966
70970473913	213008
70970474613	213001
70970475313	148323
70970479373	213017
70970479403	212958
70970540363	247866
70970540653	247863
70970541773	247857
70970543913	247819
70970544033	247760
70970544323	247755
70970546693	247897
70970547393	247849
70970547843	247865
70970548413	247797
70970549243	247770
70970570513	247819
70970570803	247819
70970575563	247828
70970576003	247876
70978001163	169520
70978502233	324090
70980040983	52749
70980041973	52733
70980044943	52735
70980046503	52808
70980048163	52800
70980072823	52787
70980094443	52719
70980110433	52727
70980191043	52709
70980335843	52745
709806801223	255007
70980812153	52784
70980840323	52725
70980880183	52782
709870878473	43329
709893010003	53919
709972783033	362161
710069000643	110576
710069001503	110515
710069004573	110602
710069004603	110412
710069011403	110493
710069013353	110410
710069013353	110422
710069035003	110364
710069035843	110610
710069061323	110433
710069082403	110390
710069105713	110420
710069106963	110377
710069107243	110371
710069107243	110372
710069116313	110460
710069119703	110333
710069122703	110600
710069122703	110600
710069123403	110529
710069127203	110375
710069205123	110409
710069301023	344628
710069302303	110439
710069302303	110535
710069302853	110362
710069303133	344630
710069303843	344675
710069304253	344677
710069304253	344679
710069304413	344656
710069304543	344669
710069305663	344647
710069312203	344664
710069312203	344664
710069312593	344638
710069312753	344668
710069314603	344663
710069401723	110418
710069401723	110611
710069404243	110336
710069404243	110336
710069404793	110557
710069551213	110453
710069563513	110580
710069601093	110476
710069661073	111521
71007001383	84805
71007001413	84862
71007001673	84871
71007014673	84782
71007017193	84769
71007018343	84783
71007144783	84840
71007153303	333719
71007157233	84876
71007159343	84800
71007195273	84815
71007272073	16671
71007373923	84875
71007734823	84778
71007782633	84787
71007821943	54748
71007824623	84851
71010000403	284737
71010126653	234958
71010126653	284738
71010206263	213229
71010300633	35386
71010310083	284730
71010310083	284730
71010310113	284746
71010407653	60098
71012000043	169611
71012041053	169610
71012060023	169555
71012070053	169558
71012075003	169559
71012075263	169578
710128023323	232727
71014511523	254328
71014841873	304597
71017049023	181061
710178005133	222786
710178029863	222785
71018010183	328206
71018010183	328222
71018010763	328215
71018101263	273929
71018104073	273927
71022110503	197652
71022125033	197647
71022193063	197674
71022201003	197703
71022307453	197638
71022308283	197629
71022315533	197610
71022319463	197614
710228338853	21471
710228340863	10346
71024101073	347948
71025000283	185007
71025003673	285281
71025006223	185012
71025052633	288458
71025060263	30094
71025158403	288461
71025158663	288436
71025615883	13435
71026000343	55832
71026000503	55830
71026001043	55840
710273012173	246919
710273125033	246918
710273230003	344075
710282329163	63732
710282329323	63732
71029012053	210433
71032000863	91823
71040000763	255067
71040031903	255050
71040064703	255075
71040750453	255042
71041000243	134792
71041105023	98379
71041168363	107808
71043004003	11949
71043006533	11992
71043007103	11924
71043007523	11905
71043008513	11977
71043009053	11983
71043009343	11939
71043009473	11948
71043009893	11975
71043009923	4716
71043101153	11929
71043103133	11995
71043103263	11945
71043105113	11959
71043108213	11969
710456032523	245795
710487037603	118304
710487052613	56051
71052000263	62251
71052000713	62257
71052000843	62249
71053003003	62302
71053007773	62297
710633	340300
71063437553	324343
71063437683	324348
71068110123	313726
71068110383	313731
71070503203	55755
71072003763	8395
71072003763	8414
71072011263	8379
71072011263	8379
71072011973	350896
71072012253	8345
71072012703	350891
71072013533	350890
71072019023	350889
71072021743	8382
71072030073	350884
71072030523	8413
71072030653	8360
71072030783	8347
710760550003	132627
710779113503	178182
710779334663	183618
710779770393	183623
71078114463	37717
71078755963	37742
71079056403	268805
71079168083	268809
71079170123	220086
71082100353	164773
710893	340139
710917990003	130796
71096000243	366580
71100003093	143898
71100005783	143846
71100006063	143834
71100210323	143854
71100210453	143957
71100210603	143828
71100210743	143879
71100211443	143829
71100211573	143885
71100212013	143839
71100212693	143956
71100212853	143940
71100213003	143832
71100213393	143961
71100213413	143912
71100213423	143889
71100213553	143890
71100213683	143904
71100286523	143823
71104001293	213133
71104104703	213087
71104301393	213092
71104302093	213120
71104401673	213145
71104401703	213099
71104501533	213091
71104601493	213130
71104601523	213128
71106071423	312781
71106308383	312796
71106484933	312789
71117001273	271756
71117002003	271775
71117020083	271785
71117020113	271742
71117021233	271741
71117021363	271676
71117023183	271687
71117025163	271790
71117027013	271779
71117027013	271780
71117113563	271721
71117141863	271727
71117144673	271784
71117144833	271735
71117182293	32677
71117182743	271710
71117182873	271767
71117190083	271783
71117190113	271730
71117190533	271707
71117190663	271663
71117190823	271697
71117193053	271744
71117193213	271740
711173	340464
711175112053	216424
711175122083	216428
711175122373	216447
711175124803	216410
71117614763	271804
71117615883	315990
71123000383	198581
711274378053	212144
711276102373	166981
711276502753	167001
711341787153	43649
711341790153	43686
711341791853	43665
711341900293	43669
711341900903	43631
711341902013	43630
711347429323	84495
711381000083	316551
711381000113	316334
711381000113	316334
711381000663	316521
711381020883	316358
711381022283	316547
711381025543	316321
711381029893	316465
711381030943	316348
711381306123	316548
711381306123	316549
711381306413	316527
711381309223	316361
711381309223	316361
711381309933	316268
711381314043	316374
711381314753	316554
711381319543	316259
711381320013	316445
711381321003	316530
711381321003	316530
711381321393	316404
711381322093	316239
711381322123	316401
711381322123	316401
711381323533	316331
711381324653	316482
711381325803	316515
711381325933	316303
711381329993	316289
711381332313	316368
711381334973	316318
711381334973	316318
711381337783	316528
711381340523	316377
711381341193	316426
71140001653	110638
71140091203	110640
71140220023	110672
711402586343	50434
71140552063	110623
71140552803	110657
71140660003	110656
71140677513	110626
71140800973	110629
71142002313	16463
71142446063	16461
71142446223	16496
71142446483	16455
71142446513	16496
71142446643	16458
71142446773	16481
71142446803	16468
71142447053	16471
71142936953	16467
71146002463	138078
71146003033	138077
71146004023	46740
71146005273	138072
71146006133	46751
711464506303	35111
711464506433	35103
711464506693	8573
71147680103	118495
711535500513	365716
711535500773	365725
711535501053	365934
711535501183	366072
711535501213	366072
711535501343	365928
711535501503	365824
711535501923	365813
711535502043	365816
711535502463	365628
711535502883	365645
711535503873	365737
711535504443	230595
711535505303	366138
711535505433	365692
711535505563	365707
711535505723	365759
711535505853	365826
711535506133	366120
711535506843	365804
711535507093	365965
711535507253	365940
711535507413	365678
711535507703	365728
711535507833	366011
711535508243	365996
711535508403	366118
711535508533	366101
711535508793	365916
711535508823	366178
711535508953	365755
711535509103	366174
711535509233	366146
711535509493	365594
711535509783	365945
711535510383	365778
711535510413	365644
711535510543	366153
711535510833	365977
711535511243	366094
711535511373	365659
711535511403	366108
711535511533	366163
711535511663	365839
711535511793	313515
711535512783	366190
711535513353	366040
711535513933	365838
711535514053	365764
711535514893	366150
711535514923	366061
711535515173	365620
711535515593	366068
711535515753	366165
711535517023	365786
711558520123	71395
711565005033	160263
71156500553	8978
711565011393	125276
711565015483	91932
71156501703	279787
711565110423	128932
711565112243	160253
711565201633	160257
711565202173	65042
711565203903	170118
711565204573	51223
711565204603	51212
711565204993	160257
711565205273	170127
711565205273	170132
711565441503	125298
711575005153	288143
711575008963	288142
711575102203	288140
71166013913	322270
71166081813	322261
711667000103	284493
711667000103	284493
71166777433	322268
71169230683	46634
71169231413	29075
71169248763	115316
71169249593	46680
71169249593	46680
71169249623	46660
71169249623	46660
71169253293	46606
71169255273	46623
71169273833	29152
71169273833	29388
71169289803	115321
71169319913	29476
71169324443	29228
71169343543	115323
71169700063	29140
71169730053	29148
71169770073	29024
71169813473	46669
71169814553	29438
71169814593	29107
71169817303	46668
71169820723	325523
71169823953	46617
71169824493	29040
71169824523	29042
711745406223	197522
711747012743	291198
711747017243	291204
71187001593	157153
71189006893	54847
71189017653	54846
71189092353	304665
71202004103	77821
71202006053	77818
71202007043	77508
71202065753	77708
71202094623	77889
71202105183	77891
71202110163	77904
71202140573	77890
71202163053	77882
71202171133	77802
71202171263	77887
71202591153	77905
71203002313	346613
71203087723	346592
71203100323	346600
712038857203	333035
712102000443	171533
712102011203	216593
712102015003	216595
71214040083	25736
71214161573	363265
71214161603	364147
71214894013	20661
712199077663	161987
712199078103	161976
712199080953	73209
712199082803	323548
712276100703	294997
71228174323	212431
71228175443	18064
71228177393	105810
71228177973	18063
71228179243	105811
71228179373	105804
71228179533	105816
71230112443	231456
71230320503	269497
712392633543	21422
712392799553	363392
71240040033	328120
71240700173	50335
71240700203	50316
71240700333	50330
71240700463	50316
712462001043	161855
712462001203	161833
712481693953	70829
71258022403	130287
71258077083	130294
71262041933	324175
71262290003	324176
71262290003	324176
71262294803	324189
71262294803	324189
71262294933	324201
71262294933	324202
71270358993	52007
71270359723	283096
71270379943	202586
71270384763	52001
71270385203	52004
71270386163	66001
71270388143	67835
71270388273	67832
71270388433	9522
71270461013	52009
71279261003	104661
71279271033	104624
71279271033	104625
71279275093	104634
71279275123	104740
71279301013	104648
71279306063	104638
71279309033	104628
71279310053	104650
71279407173	104681
71279407203	104701
712797200593	155083
712810003033	214467
712810160323	252125
712810991033	214461
712810991163	214464
712926080003	131180
71292621273	131178
71300000083	275531
71300000083	275614
71300000113	275514
71300000113	275595
71300000403	275518
71300000403	275538
71300000953	275543
71300000953	275618
71300050033	275645
71300400913	275536
71300800683	275523
71300800683	275664
71302047383	318587
71305064523	195055
713091477353	363302
713091478053	364046
713091478763	285349
713091478893	363487
713109160123	283139
71314003513	249446
71314003803	18219
71314007153	18195
71314008563	160711
71314018753	18142
71314028783	18112
71314042703	18088
71314045063	18179
71314046183	18113
71314048873	18117
71314049733	18134
71314056243	18170
71314074483	305293
71315008913	172879
71315036053	60098
71315048803	172872
71315050523	369206
71315067323	190861
71315210873	172873
71319000043	286892
71319000463	286895
71319002153	286901
71319002443	286888
713278001043	111581
713282300873	235493
71330021263	103703
71330601403	103711
71330601533	103699
71330606583	103687
713336001183	51563
713606040423	212646
713606074923	232670
713689505413	261122
713733000703	206820
713733006293	209561
713733008273	208271
713733008433	207689
713733029063	208167
713733035903	206629
713733038393	208594
713733038423	209842
713733039123	209632
713733062053	207460
713733073653	206780
713733107853	205999
713733107983	209346
713733110693	209876
713733114523	206705
713733120043	206584
713733120173	208636
713733120203	206583
713733121873	207284
713733127653	207809
713733133333	207015
713733133913	263841
713733141543	207443
713733141963	207272
713733151283	207178
713733164153	209981
713733176583	206526
713733176613	206442
713733182423	209895
713733194723	209739
713733202343	207172
713733207553	207336
713733211253	209811
713733218863	206910
713733219853	209058
713733232593	207175
713733238243	209426
713733243803	205888
713733259033	248147
713733262323	209054
713733262743	206636
713733272483	206989
713733273343	208274
713733275453	209127
713733286923	209044
713733296953	206190
713733305273	206468
713733309493	207217
713733315203	208763
713733317153	208536
713733318013	209902
713733322133	206441
713733326063	207236
713733333733	207025
713733337953	209615
713733344173	209941
713733344203	209980
713733356923	208112
713733357203	206226
713733359313	207742
713733359573	206472
713733359603	208643
713733361903	208596
713733375443	208260
713733375993	208801
713733378703	208442
713733389853	207263
713733396363	207909
713733396493	207220
713733397063	209024
713733400923	208585
713733417693	205998
713733421713	206085
713733431163	207102
713733432993	207763
713733439633	209299
713733440103	206333
713733444743	209813
713733444873	206154
713733453493	207077
713733453943	207077
713733464383	208297
713733464413	207985
713733465663	209597
713733466073	210083
713733466493	206111
713733466523	209987
713733466653	208975
713733467773	206267
713733467803	208560
713733469333	208845
713733470773	209948
713733471343	206490
713733479073	209746
713733479103	207366
713733495073	209490
713733511353	207453
713733519113	208945
713733529693	206745
713733534963	207670
713733545983	208856
713733546133	208826
713733550703	205846
713733572033	206177
713733620673	209414
713733628693	208430
713733641333	209918
713733642033	209061
713733669023	208670
713733669573	248163
713733669603	248137
713733672023	210001
713733674553	208368
713733674683	208368
713733674713	207445
713733674843	208368
713733674973	207040
713733675093	206907
713733675123	207040
713733675383	207978
713733675413	207806
713733675543	208356
713733695633	207431
713733695763	207775
713733696043	208937
713733696203	206219
713733696333	208724
713733701143	207758
713733706353	209554
713733706513	207251
713733712293	207858
713733713283	208587
713733713313	209482
713733713443	208588
713733724173	208662
713733737043	209119
713733756013	207076
713733762533	207285
713733763523	210004
713733763653	209728
713733769983	206949
713733778503	206755
713733778763	210013
713733780063	206937
713733796293	206012
713733796323	208954
713733801263	206177
713733814843	209623
713733846813	207057
713733847223	207688
713733848213	209390
713733857673	206174
713733861663	208519
713733878043	206151
713733879583	208503
713733879613	206298
713733880473	208841
713733880633	209596
713733883863	208326
713733898393	209603
713733898423	208759
713733913973	206937
713733914093	208307
713733914123	205970
713733914253	207281
713733914703	206790
713733948623	208911
713733953573	206416
713733955393	209358
713733955423	209547
713733955843	206953
713733966283	208227
713733971843	205870
713733981163	208761
713733981873	208844
713733986533	205853
713757001403	122661
713757319003	189064
713757528023	270343
713757639903	77078
71403000133	94166
71403000133	94166
71403001963	94210
71403001963	94211
71403030253	94187
71403032103	94195
71406004633	215314
71406004763	215311
71419881023	366916
71419885113	364501
71419885533	363501
71419888923	366914
71421000993	92543
71421037173	304633
71421038163	4630
71421044683	332602
71421092103	328435
71421100013	315149
71421104233	251705
71421108033	265313
71421126983	30050
71421202403	251697
71421564983	30063
71421598643	30052
71421680973	4654
71421690453	251661
71421943153	30048
71421984323	251664
71429002463	372870
71429010093	372869
71429010703	372971
71429011823	372956
71429012233	372989
71429013063	372904
71429013193	372947
71429013933	372896
71429014763	372930
71429014923	372898
71429022553	372948
71429024373	372968
71429026223	372920
71429026483	373001
71429027503	372920
71429028593	372998
71429086173	372997
71429095403	373003
71429095953	372908
71429095953	372909
71429665613	373002
71430000533	77859
71430001233	77581
71430001653	77782
71430001783	77634
71430001783	77634
71430002063	77570
71430009093	77661
71430009253	77667
71430009543	77659
71430010693	77594
71430010723	77531
71430010983	77504
71430011393	77641
71430017173	77607
71430017593	77743
71430017623	77662
71430035153	77874
71430846353	77565
714373000313	40370
714373001433	40366
71441025013	129650
71441709753	129620
71443003903	323311
71443010543	323316
71443011113	322811
71443011533	322797
71443295353	323297
714444001423	212532
714444001553	212488
714444002383	212519
714444002413	212525
714444002543	212481
714444003083	212476
714444003113	212478
714444005193	212513
71448126133	9240
71448127093	9261
71448127253	9263
71448300823	9297
71448300953	9241
71448300953	9242
71448302513	9250
71448302513	9250
71448303053	9265
71448303053	9312
71448406013	9275
71448500063	9249
71448500353	78732
71448505013	154497
71448505303	154499
71450160033	288514
71451961073	324321
71452330083	216728
714563	340443
71464017163	37172
71464017163	37340
71464017293	37376
71464017583	37289
71464018153	37404
71464018313	37200
71464018443	37169
71464018733	37307
71464018863	37177
71464018993	37201
71464019013	37204
71464019303	37429
71464020293	37395
71464020453	37246
71464020453	37248
71464021283	37301
71464021283	37302
71464021313	37267
71464021313	37269
71464022143	37265
71464022853	37242
71464270803	37402
71464309503	37205
71464408503	37168
714676740893	23644
71475000673	46137
714750070373	157276
71475010863	49471
71475010993	49469
71476002133	244028
714779823073	222843
71479000013	23368
71480000163	124554
71481000063	106422
71481000063	106429
71481012103	106416
71481012103	106417
71481012653	106432
71481022003	106405
71481022003	106407
71481025103	106412
71481025103	106415
71481027923	106419
714834007363	92492
71487800063	29978
714920485693	213872
71494000203	278396
714983	340517
71505005333	60445
71505009713	60462
71505012393	60463
71505012423	60306
71505016933	10677
71505017893	10653
71505018913	313661
71505021623	180548
71505023993	286772
71505024013	286771
71505948043	83738
715134255713	37021
715141113693	83239
715141212303	83267
715141212433	83259
715141501193	83255
715141501223	83241
715141502213	83255
715141514643	83243
715141729283	83240
71518000233	145356
71518000523	145355
71518000653	145343
71518000783	145387
71518008093	145424
71518010423	145393
71518021153	145376
71518021863	145410
71518050153	145334
71524005253	181229
71524011643	181193
71524012183	181109
71524012503	181106
71524017553	181193
71524020393	181183
71524020973	181228
71524098033	181225
71524100453	181101
71524103393	181105
71524104123	181219
71524154753	181120
71524154913	181141
71524156283	181138
71524159093	181144
71524159703	181237
71524190003	74466
71524210183	181126
71529720113	83930
71535072053	184974
715364100043	370196
715364100043	370196
71536903363	230428
71536907033	318805
71536913843	318808
71537000023	180
71537001013	254637
71537001303	254646
71537001563	254661
71537001723	254633
71537010053	254830
71537011333	254675
71537020243	254746
71537020373	254757
71537020403	254852
71537020533	254723
71537020663	254725
71537021103	254744
71537021233	254872
71537021363	254768
71537021493	254911
71537021523	254951
71537021523	254971
71537039283	254603
71537042573	254696
71537042573	254942
71537052053	254799
71537052183	254821
71537052213	254817
71537052343	254814
71537052473	254820
71537052633	254809
71537060263	254893
71537060713	254791
71537111293	254949
71537201253	254630
71537239423	254693
71537411553	254918
71541514643	83245
71541993373	59962
715432003023	143342
715483004093	70086
715483004123	70094
715483004383	70067
715483005403	70091
715483024213	71666
715483081483	71688
715483081513	71662
71567955843	158600
71567983143	158495
71567989213	158632
71567992923	158470
71567993913	158499
71567994743	158468
71567994903	158616
71567995573	158602
71567996013	158609
71567997683	158444
71567997843	158479
71567998093	158500
71567998383	158604
71567999113	158514
71567999243	158459
71567999373	158460
71567999403	158543
715685100203	272555
715685100333	272544
715685100593	272538
715685101033	272541
715685101583	272543
715685190013	272530
71570002473	158466
71570008093	158516
71570012533	158596
71577000953	214773
715783362503	154753
71579440023	91655
71579770113	91649
71580003163	108820
71580100183	346610
71592000303	248120
71592007753	248119
715923061303	216256
71593222223	102218
71598012003	196657
71600012823	64756
71600028503	64779
71604002523	60979
716055001113	274172
716055080033	299120
7160613	143834
716123124263	323128
716123126403	323102
716123127363	323117
716123127523	323149
716123128193	323145
716123128483	323141
716123128513	323159
716123130103	323135
716123130363	323126
716184109223	344811
716184109513	344800
716184109513	344816
716184109643	344829
716184109643	344836
716184110243	344808
716184110953	344804
716184112193	344823
716184115163	344833
716221050013	250647
716270001103	56903
716270001523	56909
716270001653	56959
716270015063	56964
716270020043	56919
716270060063	56966
716270075043	56925
716270080023	56902
71627009653	85565
71627009813	85576
71627009813	85578
71627059603	85574
71627081123	85570
71627559653	85554
71632002243	246270
71632010033	60135
71632012143	60598
71632265013	234607
716344070103	260483
716407928273	341651
71644034713	302477
71644063683	302476
71644103013	78842
71651005713	77987
716519012693	196672
716519038853	196682
716519041013	196703
716519067013	196695
716519090073	105167
71656002533	115382
716582013153	188988
716582030303	250109
71661001323	107287
71661126323	107288
716693150013	42470
71672001053	46379
71673001113	317679
71673001113	317693
71673003353	317677
71673020503	317670
71673021203	317682
71673024853	245327
71673044523	245329
716815000073	50487
716815492403	157772
71692000173	178687
71692002313	178679
716942655863	124812
716963	340820
71698001013	4452
71698012453	220678
71698020083	4491
71698020243	4487
71698056013	4462
71698056013	4463
71698112993	4457
71698112993	4470
71698210293	4470
71700140013	66344
71700142413	66341
71700209413	66358
71700259623	18999
71700350023	19008
71700445323	19019
71700446313	66374
71700479823	19010
71700482823	19018
71700502613	66365
71700516023	19000
71700546013	66348
717061118383	12645
71715001323	46696
71715001743	46691
71715007233	46690
71720001073	344735
71720002063	344736
71720006283	336498
71720007693	336618
71720007983	336539
71720009703	336492
71720029343	336572
71720035153	336550
71720047293	336577
71720049723	336519
71720060513	336613
71720061633	336578
71720077023	336594
71720078563	336513
71720098783	212621
71720330203	162702
71720530153	162696
71720531303	53359
71720534953	162694
71720539903	162701
71720548523	336618
71720559543	162697
71720606933	336621
71720620533	336536
71720870013	336518
71725241733	11353
71725712493	10712
71725713063	11322
71725714633	10724
71725717573	10702
71725727503	224347
71725728043	224316
71725728173	224350
71725728203	224370
71725728333	224400
71725728463	224277
71725728593	11320
71725728623	224401
71725728883	224390
71725728913	224290
71725747143	23392
71725748003	10719
71725749093	224381
71725750273	260444
71725750303	98059
71725750433	260459
71725750563	98065
71725750693	260469
71725751133	260443
71725800473	60419
71728049213	32254
71728071153	32250
71730004033	352381
71730004033	352382
71730007133	227647
71730007133	231204
71730007423	231206
71735982183	32346
717385220083	185087
71740310223	308333
71740318403	60007
71740343023	328407
71740352353	328409
71742800463	273552
71742801033	273553
717497533583	91894
717524411563	73723
717524414663	73563
717524716293	74007
717524775023	330764
717524779373	74005
717524779403	74013
717524786463	73999
717524787743	74016
717524789563	74017
717524790033	73758
717524890313	74014
717544100423	319823
71754410133	320019
717544103073	320032
71754410533	320020
717544106913	319978
717544108443	319913
71754410893	319723
71754411123	319767
717544114253	319774
717544117483	319789
71754412073	319724
71754412373	320038
71754412463	319728
717544127673	319754
717544128533	319776
717544128793	319920
717544131403	319998
717544131663	320045
71754413283	320062
717544133063	319926
717544133643	319802
717544134893	319896
717544135463	319840
717544136743	319817
717544136863	321859
717544138133	319800
717544138143	319797
717544173663	319954
717544200123	320213
717544200703	320452
717544201663	320501
717544201953	320192
717544202493	23417
717544202653	320252
717544202943	320365
717544203353	320280
717544204763	320272
717544204893	320451
717544204923	320199
717544205043	320499
717544205173	320472
717544205203	320342
717544206033	320220
717544206163	320484
717544206743	320450
717544207023	320290
717544207283	320406
717544207313	320394
717544207443	320401
717544207573	320409
717544207603	320410
717544207993	320334
717544208013	320378
717544208693	320494
717544208723	320296
717544209003	270312
717544209263	320222
717544209423	320474
717544210993	320292
717544211013	270341
717544211143	270338
717544211273	320377
717544211303	320227
717544211433	270332
717544211563	320503
717544211723	320364
717544301233	23430
717544301363	23404
717544301493	23445
717544301523	23450
717544302063	23435
717544302933	23437
717544500193	320331
717544500643	320202
717544500773	320187
717544500803	320355
717544501343	320319
717544501633	320331
717544502203	320201
71755026553	177860
71755026713	177867
71757060043	7613
71757071223	278288
71758101653	37105
71758102193	95342
71758200363	37099
71758200943	37115
71758202053	37102
71758720533	37145
71759021103	55665
71763000163	130931
71763000453	130927
71771015203	35381
71771515253	35395
71779052323	29925
717823	341238
717835200023	210415
717854040013	82313
717854040143	82321
717854105033	212382
717854105163	212374
717854105323	212350
717854105583	212319
717854105743	212295
717854105903	212398
717854106283	212376
717854106313	212331
717854106573	212341
717854128063	82208
717854128513	82206
717854131063	362843
717854151023	212388
717854154123	212285
717854160063	307766
717854165273	212307
717854165303	212401
717854305013	212393
717854470063	55948
717854470193	55920
717854470223	55916
717854470353	55939
717854470643	55899
717854470803	55926
717854472043	55915
717887121543	286807
717887170053	286819
717887178073	286866
717887179193	286857
717887240213	286832
717887290003	286855
717887652313	286814
717887717043	130243
71800828323	280914
71801000193	95634
718085332243	25071
718085555413	25070
718122064373	333894
718122065073	333891
718122101153	336215
718122436583	185069
718122633043	349999
718122649693	306949
718122667093	117249
718122722853	249671
718122725823	22220
718122742653	249672
718122742943	249668
718122743643	249670
718122863563	44277
718129010373	349431
718129030463	104164
718129030753	349427
718148701023	269201
71817002433	30396
71817376053	226668
71818738003	130844
71818770003	130834
718194181763	373789
71820306023	161169
718240000383	332251
718262058003	162631
71828002743	23922
71828003023	23914
71828050003	243264
718343410423	311237
718343411383	311235
718343430193	311213
718343611493	311222
71840041393	198260
71840092043	198211
71840092043	198211
71840202183	198245
71840202213	198240
71840202213	198241
71840204033	198257
71845098323	61488
71846222543	350809
71846222673	351781
71846222703	350805
71846261023	350793
71846310103	170155
71846643133	308947
71846900083	308939
71846922153	308945
71846930103	308953
71846975623	260925
71851800453	38021
718531001013	269953
718531002713	303794
718531004083	269968
718531005233	81339
718531453713	156792
718604969363	229684
718604972783	229714
718604973483	229702
718604973933	229668
718604974633	229705
718604975753	229683
718604978143	229682
718604978693	229699
718687100103	89132
7187000383	240294
71871000383	240187
71871000383	240247
71871546683	240210
71871548793	240279
71873092003	138400
71873221243	138417
71873222653	138395
71873228983	138380
71873583013	138389
71879002723	351030
71879124913	158918
71879126733	158926
71879500243	158932
718811001023	164478
718813163453	323393
718813166003	323406
718813182393	226926
718813182973	323422
718813477413	9026
718813539463	3942
718813996013	323391
71888210003	71567
71891404543	218340
71891449803	218338
718940101663	319643
71899189923	34443
71899212003	34429
719196200353	335021
71921006563	76102
71921014643	47114
71921118563	76235
71921139193	47114
71921146443	76111
71921179793	242395
719212101053	74530
719212106003	74521
719212799243	74528
71921291723	335747
719212950033	74516
719212950033	74524
71921328863	76116
71921345983	335780
71921375553	47115
71921456993	76072
71921456993	76164
71921458423	76138
71921458423	76144
71921461393	47120
71921462833	47136
71921525323	47135
71921567453	76169
71921620523	335747
71921627973	47117
71921666903	76088
71921682293	47120
71921702823	335748
71921782603	76029
71921814243	76076
71921814243	76243
71921863753	76074
71921863753	76077
71921897253	76031
71921917203	76099
71921935573	76041
71921977283	335798
71923022943	57739
71923357823	147765
719235002313	90449
719283008893	208330
719283022233	248136
719283090263	207414
719283092533	206824
719283092663	208947
719283092793	209472
719283092953	206825
719283103123	208836
719283107053	207283
719283140203	207422
719283154613	209697
719283165633	209785
719283171993	209738
719283196743	206812
719283236913	209123
719283237583	206749
719283238023	206256
719283255563	263811
719283255693	263861
719283267863	208565
719283269133	207270
719283270153	207480
719283289483	207873
719283320483	209726
719283328083	208310
719283328243	209872
719283333643	209387
719283341013	205912
719283352613	206129
719283366153	263740
719283402653	209301
719283403193	208130
719283407733	207622
719283411563	208373
719283454553	206505
719283456403	207580
719283458353	208713
719283475343	208833
719283475503	206513
719283480453	209917
719283484253	205968
719283487483	206836
719283487513	208825
719283488343	206111
719283492753	209064
719283494283	209759
719283507273	206433
719283507303	208930
719283515063	208331
719283527813	206208
719283535993	208744
719283536013	209849
719283550903	208467
719283560483	169286
719283574893	207503
719283592903	209616
719283593993	208447
719283594143	208407
719283595713	208745
719283614933	207368
719283617163	209292
719283629593	209505
719283632913	206987
719283658623	208277
719283658753	208054
719283660473	208729
719283660633	208389
719283661203	206692
719283661463	207095
719283662453	206794
719283722843	207245
719283739643	210098
719283751263	207481
719283779953	208903
719283808653	209086
719283837233	206114
719283837493	263796
719283905963	207623
719283917393	207602
719283920133	209287
719283950413	209305
719283950543	206991
719283950833	209306
719283956453	209602
719283957863	209406
719283970633	207254
719283985293	207963
719283985323	206089
719283993953	208316
719303901463	224478
719375002013	194823
719416120423	11217
719416160603	189151
719416204253	11208
719433100163	245601
71956010023	217961
71956902243	217960
719886152443	247987
719886212123	65498
719926191043	43934
719926447393	38769
71998000013	336137
71998000013	336165
71998001003	336145
71998003403	336162
71998007913	336105
71998065043	336155
71998083603	336110
71998321903	336135
71998500063	336128
72000730393	304114
720118180233	47015
720118180493	47034
720118180523	47041
720118181933	47008
720125601233	288362
72018014003	138310
720182000543	14040
720260443453	272875
72030000183	86383
72030000213	86208
72030000633	86222
72030002453	86309
72030003603	86399
72030014753	86368
72030018393	86310
72030018423	86224
72030018423	86224
72030021393	86227
72030021553	86366
72030021683	86319
72030021973	86301
72030022093	86362
72030022093	188431
72030022123	86293
72030022253	86254
72030022413	86327
72030022963	86247
72030023083	86353
72030023113	86290
72030023793	86390
72030024073	86361
72030024103	86279
72030024783	86280
7203600033	137472
72036010773	137013
7203602063	135799
72036020673	136438
72036025043	149107
7203602653	136268
72036031013	136908
7203603103	135578
7203604203	135866
7203604213	135882
7203605063	136989
7203609053	136029
7203609993	135852
72036100603	136607
7203610083	137024
72036110213	136089
7203611023	136754
7203611043	136510
7203611073	135949
7203611083	136764
7203612053	135898
7203614033	136243
72036141163	137145
72036149923	136528
7203614993	137568
7203615033	148825
72036150493	136344
72036150523	148995
72036190543	136880
72036200143	137374
72036200723	135593
7203620083	137512
72036209863	136475
72036240163	136136
7203624023	136131
7203625013	136163
72036280503	135691
72036280633	137197
72036289933	137197
72036290373	136854
7203629043	136071
7203629073	136409
72036310583	136988
7203633023	137577
72036360403	136275
72036370303	135927
72036370433	135656
72036380203	136518
72036410573	136465
72036410733	136822
72036411143	135697
72036411853	136019
72036412003	137377
7203642073	137508
72036429933	137170
7203643013	136715
7203646013	137147
7203647013	136834
72036490223	137230
7203651143	137450
7203651153	137178
72036531193	137074
7203656073	136523
7203656083	136710
7203657033	137172
72036570413	136877
72036580603	136342
7203659023	136357
7203659033	137037
72036590343	136561
72036590473	136689
7203659053	135583
7203660023	136404
7203660033	135731
7203660043	135829
7203660083	136388
7203661043	148930
7203663043	135568
7203663053	136757
7203663103	136524
72036631213	136194
7203663203	136339
7203670443	137427
72036704443	135571
7203670453	135615
72036705273	148809
7203670623	148831
72036706423	136552
7203670643	137280
72036706713	137111
7203670673	149002
7203670693	148764
72036706973	136735
72036707383	149029
72036708083	136293
7203670863	136531
7203670873	135748
72036708823	149152
72036708953	137171
7203670903	135834
72036709073	137464
7203670923	149038
72036709493	136148
72036709523	149176
72036709783	149048
72036709943	148936
7203671033	149033
72036710383	149158
7203671043	137248
7203671123	148905
7203671133	136888
7203671143	136895
7203671153	136683
72036711533	137153
72036712073	135601
7203671233	148896
7203671273	137239
7203671343	137022
7203671353	137186
7203671373	137452
7203671383	135806
7203671393	136021
7203671403	135944
7203671413	148978
72036714183	137204
72036714213	137205
7203671483	135630
72036714893	136165
7203671493	135592
7203671503	137278
7203671533	135640
7203671543	137454
72036715463	136557
7203671583	136882
7203671613	136953
72036716163	137138
7203671623	136838
72036716293	137383
72036716323	135531
7203671633	136838
7203671653	137311
7203671663	136682
7203671673	136319
7203671683	137480
7203671693	136320
7203671703	148821
7203671713	135735
7203671723	135895
72036717283	136434
7203671803	148998
7203671813	136473
72036718143	144030
7203671823	137595
72036718563	148737
7203671863	136406
7203671903	135713
7203671913	135931
7203671953	136047
7203672043	137268
7203672073	136210
7203672093	137421
7203672103	137420
7203672113	137424
7203672133	136193
7203672143	135727
7203672153	135865
7203672213	135655
72036722133	135661
7203672223	148860
7203672293	149119
72036723123	137183
7203672363	137087
7203672413	136769
72036724793	136950
7203672483	136585
7203672503	149098
7203672603	136059
72036726063	137113
7203672633	149150
7203672643	135606
7203672663	135720
7203672683	135742
7203672723	136141
7203672763	136250
7203672773	148783
7203672783	137561
7203672893	137213
7203672943	136468
7203672963	136258
72036729743	135720
7203673003	135563
7203673063	136361
7203673083	137220
7203673093	137542
7203673123	148969
7203673193	136323
72036732583	148848
7203673273	136933
72036732743	136139
72036732873	135900
72036733023	135998
72036733573	136617
72036733863	135657
72036734983	135928
72036735133	136379
72036735843	148972
72036737533	136645
72036738073	144016
72036738233	148957
72036738363	137413
72036738813	135815
72036739483	137193
72036760173	136329
72036760203	136853
7203676023	148875
7203676033	149151
72036760593	149055
72036760623	136326
7203676073	149071
7203676083	148891
72036761163	149138
7203676143	149000
72036761453	148986
7203676173	149148
72036761743	148851
7203676253	148853
72036764393	136058
72036764423	135505
7203676443	136011
7203678063	149050
7203678153	148778
72036781543	136443
72036781703	149061
72036782663	149135
72036786913	137544
7203683003	135845
72036875013	135952
7203688143	137221
7203688173	137012
72036882943	136313
72036883513	135667
72036883773	137588
72036884053	137478
7203688493	135624
7203688553	136314
72036889263	149131
72036899323	136652
72036899583	137042
72036950123	104910
72036952103	104937
72036953063	104836
72036957023	135984
72036957443	136661
72036958563	136981
7203697653	136348
72036976543	136839
7203697663	137375
72036976703	135953
7203697723	137288
72036977823	136701
72036978363	136800
7203697843	137495
72036978943	135864
7203697973	149082
7203698013	136101
72036980823	137375
72036981103	136438
7203698163	136812
7203698173	135878
7203698193	148795
72036982063	148835
7203698213	136181
7203698233	136621
7203698243	148970
72036982773	136964
7203698293	137375
72036982933	137375
7203698303	135808
72036983053	136987
7203698363	149078
72036983923	136912
72036984043	136509
72036984883	137038
72036985453	148949
7203698563	136624
72036985903	137332
7203698613	135932
7203698623	135985
72036986443	137363
7203698703	136381
72036987563	137462
720379501273	194243
720379504083	194232
720379504403	194210
720379504533	194245
720379504663	194246
720379504793	194247
720379505233	194223
720379505943	194244
720379506223	123165
720379531263	194194
720379531393	194209
720379531553	194184
720379570033	194229
720379580193	328356
720379585143	194214
720379585303	194265
720381000283	84907
72043002563	321543
720456007063	216143
720464057913	107843
720464060333	107824
720464100343	107847
720464100473	107826
720464110113	107826
720464210073	107837
720464420243	107835
72047934013	233447
720495923423	329309
72050300003	217713
72050300003	217717
72050907653	84738
72050909763	74487
720579148803	283704
720579148933	283706
720579149053	283707
72058027223	213222
72058601713	218589
72058603243	218588
72058603403	218595
72058606923	218592
72058608323	218597
72058608613	239717
72058610753	239713
72058612153	308362
72058613433	308365
72058614003	218598
72058614973	239720
72058620103	239715
72058622183	218639
72058622183	218639
72058947033	218624
72058947033	218624
72058957513	218585
72060004403	144317
72060004823	144240
72060004953	144308
72060005103	144261
72060008173	144281
72060087253	144294
72060087413	144312
72060087543	144262
72063033363	362974
72063084013	362977
720794021363	362290
720794047653	325115
72080002403	118119
72080004803	118178
72080015663	118076
72080065903	118140
72080100093	118168
72080100123	118165
72080106323	118099
72080140303	118175
72080157103	118145
72080158803	306973
72080190803	118113
72080192883	338894
72080196003	118151
72080202803	118112
72080204623	118132
72080214653	118158
72080274343	118177
72080274633	118064
72080301223	118096
72080302213	118146
72080410093	338903
72080510113	118079
720825407173	246129
720825407203	246135
72084003253	274171
72084005653	7952
72084015133	274163
72084071023	7968
72092012483	162004
72092444123	162002
72100056003	154823
72101011353	182770
72101011483	182777
72101011513	182760
72101011513	182766
72101709663	182762
72106102063	282415
72106124263	141506
72106124843	4035
72106726603	50275
72108010113	53656
72108221083	216366
72108541013	216346
72108640013	216346
721192101213	112537
721282300113	338913
721332820073	11385
72134555893	182084
721363	340982
721396400013	78215
721557131763	79196
721557340103	146492
721557510803	146488
721605251153	140606
721605251443	140615
721605258633	140603
721605258893	140616
721605262463	140616
721605282973	60727
721605283673	121903
721714044103	346850
721714050043	346858
721714400473	346865
721714900263	346868
721762494653	344035
721762513903	172394
721776172653	145672
72180533463	107106
72180566263	269241
72180567413	269252
72180630353	103933
72180630803	103935
72180633033	37582
72180634733	269291
72180635693	336318
72180635853	269249
72180635853	269250
72180636393	269262
72180636393	269277
72180637543	269232
72180638083	269215
72180638113	269260
72180677693	244015
72180734303	280179
72180741523	269280
72180761613	269230
72180762443	269236
72180762733	103952
72180764843	60330
72180770103	213843
721852910063	325799
721874011083	255663
72188003173	44229
72188009083	44228
721881030763	63071
72201103613	160079
72201218003	320801
722132781113	265579
722133004303	303566
722133004303	346708
72215194713	217170
722175914103	54690
72220000153	102919
72220001273	102764
72220001983	102894
72220004403	102843
72220004533	102766
72220004663	102833
72220005233	102808
72220008333	102903
72220008463	102913
72220008593	102879
72220011173	190840
72220020083	102848
72220100693	347376
72220101393	102923
72220101423	242961
72220101713	288456
72220101973	288430
72220110463	102902
72220110753	221631
72220110913	221629
72220221053	102796
72220800753	18054
72220805703	102866
72220900323	7838
72223001133	146757
722252025173	192535
722252101303	59212
722252101303	59212
722252102003	59240
722252102003	59240
722252109873	59360
722252111913	59376
722252120083	59242
722252128133	59244
722252161093	59314
722252163493	59111
722252166173	59268
722252167033	59318
722252168603	59041
722252176233	59140
722252180643	59182
722252184023	59354
722252184023	59354
722252187253	59157
722252192233	59338
722252194183	59387
722252194343	59342
722252200693	192538
722252200693	192539
722252200723	192564
722252203403	192588
722252203403	192588
722252204103	192547
722252204103	192550
722252233073	192585
722252233103	192579
722252250643	192521
722252250773	192532
722252261403	59126
722252263353	59092
722252264343	59083
722252268013	59026
722252271013	192519
722252271013	192520
722252276223	59119
722252281043	59039
722252283153	192567
722252283153	192567
722252283993	59380
722252284013	59344
722252301123	59200
722252301123	59250
722252302403	59262
722252310033	192559
722252333063	192565
722252338143	59319
722252342973	59216
722252343253	59085
722252351203	59013
722252360403	59021
722252366153	59300
722252368003	59277
722252380623	59154
722252381323	59333
72225239253	59364
722252398253	59364
722252450043	192583
722252462343	59072
722252500113	59302
722252518033	192590
722252601483	59075
722252660763	59315
722252774583	59150
722252874313	59064
722252879493	59188
722252970053	59332
722325000113	9070
722325000243	9067
722325006023	9076
722325007013	9073
72238037103	312569
72238052663	312555
72238053653	312561
72238060033	312566
72238620183	312559
72238910413	312574
722413115903	160310
722413171763	93901
722430200163	130581
722430200163	213492
722430200613	130592
722430750163	130611
722430900483	130587
722430900483	130589
722452151313	129506
722452164023	326431
722452181303	38810
72248266593	155571
72248266623	155562
72248277513	155555
72248292233	155567
722487330103	287120
72250002363	218289
72250006583	146286
72250007603	212129
72250008143	369171
72250008273	98702
72250010153	90767
72250010863	218267
72250010993	218256
72250011303	211503
72250011693	369179
72250013253	60827
72250013383	224522
72250013413	224482
72250018883	224518
72250020893	369202
72250023733	203052
72250028493	218258
72250029513	64839
72250030953	218224
72250041133	64846
72250064903	60834
72250092623	224485
72250093873	224519
72250909143	98703
72250912273	218274
72250914383	218229
72251000603	226391
72251001563	226373
72251020373	226370
72251283563	226383
722515249063	218389
722515249483	121984
722515249513	121986
722515250823	346467
722515250953	346500
722515251653	346434
722515252223	346456
722515252353	346475
722515288703	346501
722515299273	346493
72251530513	226399
722515913773	121992
722515913933	121969
722515914183	121977
722515914343	121973
722515914503	346421
722515915883	346455
722515916293	346440
722515916323	346483
722515930053	362932
72261024033	160365
72261024163	160383
722648543243	159240
722648544073	159198
722648545063	159268
722648546213	159213
722648546473	159277
722648618033	321601
722648654673	321484
722648710553	321579
722648711093	116992
722648711123	179053
722648712403	321586
722648712533	321562
722648715183	321613
722648715633	321564
722648715633	321565
722648715763	321597
722652290003	124352
72271610103	341332
72273031203	45163
72273136403	177837
72273137103	177822
72273386983	322309
72273415553	177827
72273421783	164500
72273427303	322293
72273427723	177838
72273454293	258769
72273469303	177826
72273487253	322275
72273492783	45163
72273712003	246652
72275300123	8240
72275400373	8241
722764010063	93976
722764010223	93975
72277033333	218194
72277088883	218197
722776001493	311588
722776002513	311574
722776005453	311570
722776200063	311598
722782500003	74302
722864006003	74503
722864077003	74507
72290000053	233367
72290000503	233323
72290000633	233364
72290002293	62878
72290004563	233354
72290012933	233371
72290022413	233369
72290032443	233327
72290122533	233326
722976015023	332643
723055031033	364521
723055035543	363615
723055050683	364234
723055051673	363545
723055204383	364381
723055204833	363726
723055208503	364021
723055846613	364645
723055864143	364027
723055867793	363690
723055870113	363958
723055875743	363914
723055879413	364133
723055880303	363485
723055881003	363911
72310002173	30214
72310070073	30211
72310099043	30208
72310729063	30182
723175599673	366891
72320110653	314961
72320117713	314989
72320118833	314968
72320170213	314986
72320700793	210128
72320701073	210128
72320710013	210131
72320750033	210154
72320910673	314958
72322015543	290653
72322550983	49542
723246009063	182980
723246176123	182968
723246176413	182975
723246181363	182989
723246187013	246055
72325424243	193949
72329000023	95475
72343000023	212632
72368015293	72827
72368015323	72779
72368059303	72839
72368101743	72816
72368104393	72835
72368104423	72836
72368104713	72591
72368106953	72563
72368107783	72882
72368120133	72719
72368139883	72886
72368148083	72702
72368150093	72852
72368156033	72879
72368172033	72553
72368173733	72894
72368202723	72720
72368207223	72818
72368237923	111613
72368274003	72711
72368340173	72580
72368350363	72696
72368388533	72633
72368393513	72963
72368393773	72571
72368393803	72841
72368394213	72706
72368395173	72587
72368420493	72861
72368421223	72971
72368426273	72950
72368458243	72914
72368508573	72989
72368508603	72908
72368508733	72790
72368509013	72811
72368510163	72634
72368510583	72988
72368510743	72656
72368551913	72659
72368636023	72574
72368711553	72683
72368720173	72552
72368720203	72663
72368720203	72862
72368720333	72550
72368882123	72600
72368882703	72739
72368882703	72739
72368909653	72569
72368909783	72867
72368999883	72854
723725241083	347271
723751202423	22703
72392009473	277958
72392010783	278013
72392011063	278006
72392011223	143354
72392011803	278040
72392014323	161243
72392014453	66806
72392014583	277983
72392015153	360977
72392015733	307466
72392016143	313200
72392016143	313200
72392017263	78962
72392018123	302922
72392029433	277974
72392029723	277966
72392137213	313262
72392139613	66846
723923	340528
72392312733	98187
72392318773	138504
72392319213	138488
72392322213	263218
72392322633	263228
72392323173	321278
72392323333	321280
72392323463	321275
72392324033	319238
72392325153	361073
72392327263	313204
72392329953	66799
72392339983	75780
72392341603	215838
72392344383	370657
72392349173	370659
72392349623	370646
72392351183	370651
72392351213	370642
72392352043	370624
72392368723	370676
72392370153	143661
72392604913	153536
72392606993	217419
72392614943	307454
72392659913	353430
72392663583	305659
72392691173	138443
72392850273	240575
72392851003	240572
72392853793	240574
72392902453	173314
72392921003	98213
72392928873	98220
72392948703	370656
72400006203	254580
72400006203	254580
72400006593	254550
72400006623	254547
72400006623	254582
72400007293	254572
72400007293	254572
72400007323	254577
72400007323	254577
72400060083	65742
72410220163	69003
72412000343	145726
72412000343	145726
72412681153	224432
72412822013	214964
724212523903	288173
724212814803	164873
724235026023	358701
724235026153	315134
72427005333	220909
72431002243	192934
72431004223	192933
72431004483	193488
72431004513	192969
72431004643	193381
72431004803	193565
72431004933	193397
72431005923	230512
72431006043	193150
72431006463	193353
72431008153	192964
72431008603	193565
72431008993	192991
72431009143	192959
72431009693	192919
72431010743	192940
72431010873	193191
72431011153	193230
72431011283	193354
72431011993	193112
72431013553	192924
72431013973	193247
72431014093	192996
72431014703	193472
72431016653	193589
72431016943	192994
72431018053	193040
72431018183	193291
72431018213	192978
72431018343	94556
72431018893	193516
72431018923	193367
72431019463	193255
72431043673	193307
72431043703	193435
72431043963	193099
72431044243	193156
72431044533	193252
72431044663	193189
72431044953	193305
72431045233	193514
72431171093	192915
72431201493	193443
72431201523	192935
72431203633	193470
72431205613	193578
72431206993	193048
72431253713	192910
72431255823	193039
72431601293	193400
72431609503	193467
72431999963	193287
72437094013	41357
724500367363	155906
724500367523	155906
724500367523	155914
724500368803	155923
724500368803	155924
724500369183	155952
724500369213	155946
724500369343	155920
724500369343	155926
72450043203	43188
724520437763	185084
72457110113	352617
72457110663	352581
72457220553	352591
72457331013	352607
72457331143	352594
72457440883	352595
724575000363	118823
72457550223	352603
72457660113	352639
72457660663	352577
72457660663	352621
72457770553	352604
72457990333	352622
72457990333	352623
72463000583	204547
72463000613	204546
72463000613	204548
72465905053	11221
72470000293	174793
72470000323	174862
72470000873	174779
72470001153	174856
72470001573	174860
72470001603	174799
72470001863	174780
72470002303	174826
72470002693	174844
72470003133	174847
72470003393	174844
72470003843	174859
72470017123	174803
72470017253	174808
72470100283	174821
724752999183	71225
72486002403	159549
72486003103	159557
724869004473	73024
724880000643	230445
72488001343	335810
72488001633	338750
72488001763	220854
72488002593	338803
72488004863	338728
72488981133	338733
72488984103	338712
72488986763	338779
72488986893	295850
72488986923	295861
72488987043	338759
72488987173	260395
72488987203	295867
72488987333	295957
72488987463	295820
72488987593	295770
72488987753	338729
72488987883	338840
72488987913	338705
72488991583	338720
72488997783	338805
72488997943	295701
72488998223	105227
72488998353	338767
72488998513	338776
72488998643	338709
72488998773	338817
72488998803	105229
724923107003	160984
724923451113	160983
724923451403	160983
724923459003	160996
72494513953	366871
725106260843	61969
725181640103	191616
72521049653	351204
72521049653	351224
72521052233	107296
72521052233	351198
725299930523	334269
72530000263	248067
72530502033	248076
725342129423	219325
725342260133	219306
725342260133	219307
725342260713	219255
725342260713	219257
725342269273	219226
725342269273	219272
725342282463	219213
725342282463	219214
725342287413	219261
725342287413	219314
725342291113	219220
725342291113	219265
725342292943	219320
725342412563	219279
725342449453	219328
725439102063	220370
725439102193	220288
725439102223	220312
725439102643	220380
725439102803	220319
725439103343	220407
725439105453	220333
725439106023	220407
725439106733	220400
725439107013	220413
725439109253	220350
725439110853	220338
725439111263	220311
725439113243	220307
725439113403	220414
725439114813	220378
725439115643	220328
725439116183	220422
725439116473	220372
725439117043	220374
725439117173	220368
725439117463	220414
725439117593	220371
725439200233	81557
725439201643	81552
725439201933	81553
725439202343	73154
725439203333	73164
725439300063	53031
725439300223	53056
725439300353	53045
725439300803	53029
725439301053	53039
725439800303	326242
725439800693	325965
725439801133	325959
725439801263	326255
725439801393	326274
725439801553	326079
725439802093	326332
725439803793	326376
725439804363	326250
725439804493	326392
725439804523	326347
725439804653	325878
725439805223	325933
725439805483	325940
725439805513	326213
725439806503	326244
725439806893	326373
725439807043	325952
725439810043	326114
725439940283	224832
725439940443	224808
725439940733	224815
725439940863	224909
725439941723	224806
725439941983	224810
725439942133	224700
725439942553	224866
725439945493	224802
725439945943	326081
725439946063	325884
725439946223	224840
725439946353	224941
725439946643	224880
725439946803	224878
725439947923	224940
725439948333	224900
725439949583	326092
725439951043	224772
725439951753	224765
725439953153	224750
725439956093	326197
725439977623	224710
725439978293	326175
725439978873	224759
725439980043	326329
725439980173	325890
725439980203	326181
725439980593	326379
725439980623	326395
725439980883	326097
725439980913	326097
725439981323	325849
725439981453	325863
725439981903	73140
725439982283	325934
725439982443	138973
725439982733	325938
725439982993	326125
725439983723	326341
725439984683	326159
725439985093	325858
725439987073	224726
725439987363	224898
725439987523	325957
725439987783	326288
725439990233	224791
725439990363	325941
725439991773	224893
725439993593	326301
725439993913	224890
725439994613	224910
725439995153	224937
725439995573	325962
725439995733	326106
725439995993	325995
725439996013	326046
725439996433	326210
725439996853	325871
725439996983	326203
725439997003	326388
725439997423	224923
725439998253	224908
725439998673	325989
725439998703	325826
725439999663	325887
725439999953	326302
72546121143	220932
72546180683	164380
72551250043	41497
725526512003	291524
72554001543	80048
72554110573	80038
72554110733	45086
72554111303	87009
72554111563	66562
72554173783	263898
72554218903	80050
72554229213	80045
72554570193	76836
72554580413	107761
72562342713	299298
72562347213	299306
72562493163	299294
725677211053	67470
725677211213	67547
725677213033	67451
725677213163	67439
725677215143	67554
725677216003	67622
725677219813	67552
725677220093	286279
725677220123	286278
725677220253	286303
725677222363	94623
725677290003	54768
725677290393	54769
725677410753	94631
725677420103	94680
725677420233	94544
725677610153	318207
725677815183	318226
72579000033	60340
725810000193	341707
72600003873	142684
72600003873	142789
72600005303	142629
72600006423	142883
72600007123	142768
72600011663	142861
72600013933	142735
72600013933	142735
72600031043	142648
72600031043	142650
72600031593	142700
72600032163	142837
72600032293	142874
72600032583	142749
72600032583	142750
72600032873	142861
72600032873	142861
72600033313	142774
72600033573	142654
72600033573	142753
72600034273	142894
72600034303	142745
72600036093	142732
72600036093	142733
72600036123	142861
72600041103	142885
72600041103	142888
72600041233	142852
72600042353	142740
72600042353	142826
72600042483	142902
72600042513	142807
72600054073	142743
72600064553	142817
72600066113	142689
72600073883	142781
72600074583	122024
72600074613	122026
72600076013	142634
72600078253	142843
72600079113	122021
72600079403	142665
72600081123	142635
72600081673	122031
72600081703	142792
72600081833	142635
72600081833	142635
72600083073	122018
72600083523	142636
72600091283	142832
72600093003	142705
72600094093	142809
72600094093	142809
72600097643	142632
72600109513	142655
72609037893	8104
72609047533	8064
72609049643	8085
72609051523	8103
72609736123	162606
72609740113	162581
72609741233	8088
72609741813	8086
72609741943	8070
72610004013	141543
72610005003	141527
72610010083	141535
72610010113	141538
726191008983	353834
726191159043	353819
726191171373	353828
726191242523	353785
726191249423	353815
72623007063	286731
726284000023	217545
726284000863	221981
726284001013	221985
726338070163	328779
726338070613	328767
72635000403	321980
726411000063	282787
72644000043	73490
726486000043	195292
726486000203	195289
72655000773	139140
72655000933	139063
72655001053	139017
72655001053	139051
72655001183	139028
72655001343	139130
72655001893	139051
72655220133	139061
72655220263	139010
72655405813	139021
72655407923	139212
72655409163	139171
72655409293	139142
72655409323	139093
72655409323	139159
72655454453	139190
72655454583	139191
72655454583	139236
72655459543	139056
72659207093	245824
726635120103	372263
726635121803	372262
72670018203	351701
72670018203	351702
72670030113	351666
72670030113	351666
72670161473	351718
72670235013	351673
72670235013	351674
72674006503	158021
726768731603	49079
72680010013	185366
72680018903	185353
726984141163	131794
726984143143	131753
726984190543	131815
726984280053	131809
726984280343	131826
726984280503	131835
726984320353	131770
726984410153	131830
726984410313	131764
726984410573	131779
72700000093	196396
72700000123	196486
72700000673	196504
72700000703	196367
72700000833	325041
72700001823	196473
72700002073	196511
72700005623	196499
72700007603	196373
72700007733	196381
72700022613	196490
72700022613	196490
72700055383	196305
72700056083	196489
72700100793	196385
72700100823	196536
72700101783	196380
72700101813	196449
72700102063	196332
72700102513	196325
72700102513	196500
72700102803	196326
72700102803	196345
72700104043	196493
72700104203	196398
72700104333	196378
72700104623	196333
72700104623	196435
72700105033	196322
72700350013	196525
72702040943	204000
72702064253	203999
72702121673	203993
72709201583	373706
72709240643	373704
72710613023	288183
72714002403	204502
72714002533	204503
72714005503	204527
72714006333	204525
72714006463	204505
72714006623	204518
72714006623	204518
72714008283	204498
72714051333	204530
72718400403	217950
727242005173	78167
72728006893	19978
72728020233	178398
72728025023	178374
72730223073	256860
72730223103	256860
72730224063	256860
72730232143	256908
72730253063	256901
72730262263	256890
72730263123	256890
72730273573	256934
72730273603	256986
72730276253	256932
72730292383	180675
72730292413	256990
72730293113	256905
72730293243	257034
72730313163	59951
72730331303	256886
72730344143	256876
72730344433	257071
72730355033	256939
72730600263	230209
72730600683	230224
72730620513	230230
72730620933	230228
72730650183	230233
72730680463	230244
72730715363	256897
72730719163	256936
72730719293	256954
72730719323	257045
72730720053	257070
72730720183	257025
72730720213	257007
72730720343	256943
72730720473	256946
72736013623	351329
72736013753	351332
72736013753	351339
72736029013	62207
72736032563	197481
72736034123	329271
727436598283	166507
72745001093	249148
72745001543	249170
72745002243	249217
72745002243	249279
72745035203	249185
72745063473	249287
72745102783	249212
727452000333	180025
727452000333	180034
727452002603	180017
727452002603	180018
72745305573	62243
72745307133	62232
72745315503	62233
72745540813	62235
72745544583	249126
72745544903	249241
72745545733	249239
72745548413	249222
72745644023	249115
72745660733	249149
72745804113	249127
72745804823	249201
72745805783	249227
72745806773	249281
72745807503	249168
72745807503	249262
72745815133	249225
727563	340094
72769122163	52958
72769241093	52953
727766001583	204485
727766001583	204486
727766001743	204478
727766001743	204478
727839312363	78373
727839405133	22983
727839750073	196033
727888402053	214445
727908229073	189108
727908229363	107679
727908879193	222551
727915100143	232212
727915211023	245874
727915221763	245881
727915222753	230324
727915241013	222990
727915261233	230332
727915261523	230331
72799036553	316756
72799036843	316763
72799037253	316809
72799038243	362182
72799051983	362172
72799052423	362174
72799056483	316787
72799058173	362170
72799058203	316782
72799933753	316765
728028023183	288207
728028023183	288208
728028023213	288209
728028043723	244208
728028065923	281427
728028136043	235168
728028208603	34354
728028210453	54402
728028252163	142248
728028253573	190616
728028311013	302286
728028311273	184374
728028476903	318892
728036213453	137856
72804002023	91955
728060108053	52242
72810293583	186737
72810297123	186738
728119098823	67797
728119099493	67809
728119265003	67801
728119430043	67790
728119450003	67784
728119474313	67796
728119476003	171628
728119515313	67771
728177030063	231828
72820017063	85159
72820170683	85161
72820355073	85187
728225031073	213425
728229014713	328561
728229015383	328562
728229015543	328586
728229016083	328577
728229016113	328571
728229023753	328568
728229045663	328581
728229045663	328581
728229123453	328551
728229124993	328577
728229139843	328559
728229140153	328555
728229140283	328554
72827001423	350437
72827004103	350429
72827080053	350433
72827080183	350430
72830000833	334620
72830000963	334621
72830004503	334530
72830005593	334506
72830006033	334427
72830007023	334526
72830008013	334413
72830009133	334537
72830010023	334524
72830010863	334344
72830011013	334416
72830011273	334336
72830020183	334509
72830021203	334496
72830025263	334345
72830030113	334417
72830032063	334362
72830033473	334589
72830033503	334349
72830070263	334398
72830075053	334355
72830075183	334370
72830080873	334488
72830081023	334294
72830081153	334507
72830400053	334463
72830400183	334303
72830403283	334552
72830440073	334371
72830441353	334288
72830444163	334486
72840000403	181781
72840800003	181780
728575202673	341611
72858006503	268688
72859582013	321944
72869230973	358204
72869234643	358192
72869412003	358185
72869463173	358195
72869732903	358208
728755105053	230069
72878071413	142431
72878097673	142362
72878128803	142353
72878150453	142430
72878275583	142390
72878283083	142339
72878495233	77220
72878495233	78108
72878674713	142403
72878785303	142385
72878806503	142380
728795156763	73418
728795345563	54550
728886867523	115942
728920130033	181646
728920140063	181645
728920160023	181623
728920160573	181656
728920360003	181633
72900001333	278390
72900001333	278391
72900005003	278393
7290002015093	35713
7290002015123	35726
7290004554903	91083
7290017129563	230534
729009700093	143507
72924401393	107057
72924990033	61270
72928808853	95444
729313460003	4104
729313463103	4062
72935014513	25938
729377501513	190160
72940000013	269626
72940030843	96004
72940110163	269762
72940110163	269767
72940110583	269715
72940112273	269739
72940113133	269624
72940115793	269694
72940115953	269681
72940152163	269748
72940172383	351166
72940741503	270081
72940745013	270091
72940746003	270094
72940749783	269728
72940750123	344771
72940755043	269802
72940758013	269799
72940758143	344778
72940760023	280518
72940760023	280525
72940812043	270051
72940816003	212925
72940821083	270083
72940955023	104811
72940990673	59991
72940994633	60622
72940995043	104812
729430100073	254401
729440149703	73418
729440857783	130980
729440858193	130981
72945350663	283304
72945610033	283240
72945610743	283371
72945610873	283371
72945611603	283363
72945612303	283371
72945612433	283173
72945612563	283349
72945612853	283216
72945762893	283364
729539422793	84758
729582116403	321029
7296050073	271974
729630000173	103900
72965104253	254279
72965753123	4391
72965773923	193703
72965821303	344972
729776413493	315400
729776415183	315394
729776570103	315408
72979003863	287953
72979004143	287967
72979004433	287950
72979004853	287970
72979004983	287963
72979005003	287948
72980002763	218498
72981001123	277894
72981005213	277893
72989743223	159019
72989761913	197348
72989762613	197325
72989766413	197334
729906510023	224561
729906510023	224668
72992041033	204024
72992042023	204011
72992043013	204027
72992043563	204038
72992050073	204015
72992053203	204035
72992053333	204042
72992053623	204020
72992070033	204043
72992335903	204002
729926001563	287983
729943753643	108852
729955563773	154917
729955564213	154986
729955567023	77204
729955567023	78076
729955567993	154934
729955567993	154936
729955568563	154907
729955568563	154935
729955570443	154908
729955570443	154930
729955572003	77213
729955574793	154938
729955574793	154962
729955575073	154970
729955575493	132558
729955575653	132561
72999170033	219812
72999196033	247441
72999282033	219844
72999282033	247452
72999381033	219859
72999402233	219836
72999405333	219836
72999493033	219864
72999518033	219829
72999534033	219832
72999550033	219877
72999802033	247455
72999831033	247459
73007001523	62664
73007007303	62662
73007007433	62662
73007102923	62711
73007107003	62638
73007108123	62650
73007108253	62689
73007109113	62647
73007153093	62706
73007186473	62671
73007890943	62639
73007890943	62666
730127100023	177952
73015000273	85464
73015000303	85455
73015001713	85449
73015001973	334209
73015002833	334210
730201024573	189204
730201028373	89351
73030101863	252149
73030811373	232688
730323060633	41362
730323070403	41364
73042450393	81036
73042450973	81031
73042452403	41542
73042453523	84436
73042455183	81075
73042456173	269004
73042564823	81076
730555000193	195156
730555000223	195170
730555000353	195179
730555001053	195173
730669087493	70772
730699000073	54544
730982000483	274125
731028404203	373701
731050000183	156038
731050000183	156039
73105920573	203051
731126105163	221485
731149114463	14037
731149116023	14006
731149210073	13966
731149350953	13971
731149351783	13976
731149351813	13976
731149400153	13983
731149596153	13997
731149596313	13997
731149650633	14002
731149920033	14013
731205003823	71510
731205077053	238188
731205078043	238186
731205175063	71506
731205511823	71515
73124003073	339293
73124004513	339305
73124005183	339321
73124005633	339299
73124008863	339285
73124009013	339339
73124009143	339315
73124094033	339257
73124094033	339304
731279912663	335098
73129965093	122882
73129972503	122880
73130001063	32435
73130004323	239706
73130006853	239642
73130012243	239614
73130012373	36315
73130025113	239693
73132025753	89151
73138202103	81286
73140020153	234058
73141153423	254352
73147144753	365251
731493020403	124401
731493030303	124421
731493031003	124415
731493040203	124438
731493051803	124411
731493120103	124434
73168708583	245585
73170002013	235032
73170003003	235063
73170127983	235025
73170131003	235045
73170326003	235044
73170425003	235061
73170470003	235012
73170600073	235038
73170622013	235007
73171003163	111629
73171003163	111654
73171005303	142453
73171006843	148600
73171006843	148601
73171007123	148630
73171027183	111639
73171044913	148641
731716580233	341547
731789035203	10579
73183013143	34131
73183015833	145482
731882229783	70774
731882471793	332989
731888010743	350769
731941515833	221988
731956038433	216459
731956038563	216462
731999000343	47267
73202654173	256210
73202892513	161755
73202892933	161747
73202894623	161781
73202895033	161766
73209000263	118532
73209001123	217701
73209001673	134853
73209002823	217702
73210000153	312882
73210000443	312872
73210000573	312886
73210001563	312898
73210010213	312893
73210011623	312873
73214001033	211914
73214001163	212039
73214001293	211982
73214001453	211927
73214001873	212015
73214002863	211965
73214003693	212020
73214004003	211955
73214005093	211973
73214005123	212011
73214005253	211909
73214005673	211942
73214005703	211986
73214006113	212034
73214007233	158106
73214007493	158107
73214007523	158102
73214008483	212017
73214008513	211960
73214009473	212026
73214009503	212042
732153018013	63230
732153028593	86454
732153028593	86568
732153028623	86544
732153029163	86548
732153029163	86598
732153029613	86628
732153031753	86513
732153090033	13049
732153107083	86499
732153107243	86503
732153110533	86466
732153125353	86613
732153138223	86617
732153248823	86455
732153248823	86570
732170002873	362523
732170004013	362527
73218340343	75000
7322273	72083
732290001053	154495
73230000553	66499
73230001253	232797
73230001413	66466
73230001673	232784
73230008023	66488
73230008573	66498
732313000193	66712
732313000483	66702
732313000773	66718
732313001473	66692
732313001633	66728
732313001763	66737
732313002173	66733
732313003163	66694
732313089983	76762
732313142213	66737
732313326873	66683
732313327863	66704
732313327993	66704
732328007033	116303
732328300073	330686
732346000313	60762
732346000573	60766
732346000863	325284
732346293333	270609
732346294613	142940
732346296693	60768
732346308273	325327
73245000043	79154
732494000623	66121
732494001163	111965
732494001323	302784
732494001453	111978
732494001613	302785
732494001873	139486
732494002023	66125
732494002313	302777
73253702083	179763
732577202593	210534
732577443873	48541
732577447413	210550
732577453803	210532
732577455913	210542
732577529843	369375
732577533253	369642
732577548783	210511
732577592823	37987
732577608463	210475
732577634783	210504
732577635643	198778
732577708163	210537
732577722053	210512
73260000073	117963
73260000103	117964
73260000103	117971
73260005313	117969
73260005313	117970
73260007263	299115
732626010803	148569
732657008183	329441
732663160103	181831
7326743	117972
732748017353	25835
732785000073	184164
732869289363	353251
732869292653	233908
732869294473	233911
732869933013	107644
732869934003	107637
73292375163	333355
73292687433	45243
73296000443	167989
73296002263	168105
73296004663	168043
73296005233	168025
73296008463	168095
73296008883	167872
73296015263	168190
73296025293	347810
73296026863	347810
73296038873	347819
73296046083	347787
73296047523	347817
73296049923	168170
73296054293	347774
73296054873	347807
73296054903	168053
73296056433	168000
73296070873	167965
73296070903	167928
73296071443	167904
73296071603	168074
73296071733	168056
73296101003	167974
73296112733	167873
73296117653	167879
73296142693	168180
73296144673	167854
73296163643	168181
73296165623	168156
73296166293	167910
73296166583	168068
73296175783	168034
73296201413	168184
73296203493	168016
73296210033	168171
73296210323	167901
73296210873	168162
73296211283	168194
73296213263	168036
73296217063	167930
73296218213	168158
73296220483	167937
73296222883	167935
73296243253	167926
73296275063	168148
73296276053	168023
73296276763	168050
73296277043	168146
73296280463	168126
73296284553	168198
73296302653	167934
73296480023	168165
73296685343	167990
73296840353	168127
73296841343	168020
73296969733	167858
73296999983	167953
732973000113	3711
73299052173	221663
73299052203	221666
73299120353	24274
733133153083	338534
733147105863	101944
733147110843	101919
733147111093	101928
733147111123	60955
733147204993	60919
733147205143	60946
733147205273	60881
733147205433	60938
733147226063	20992
733147236833	21006
733147240953	20993
733147771273	101943
733147802793	101939
733147803653	101880
733147803783	101888
733147803813	101887
733147804223	101925
733147880043	101980
733147891193	101931
733147891773	101977
733147891803	101889
733147891933	101909
733147892053	101962
733147892183	101975
733163001583	124529
733163001743	124528
73321000233	192379
73321031893	321812
73321044053	192381
73321073213	321820
73321075903	321827
73321725273	258078
73321840013	258199
73324901483	228926
733286000043	146973
733286000203	146978
733397031103	92586
733426002203	254373
733426002203	254374
733426011373	162759
733426011403	61277
733426025493	89189
733426025523	89191
733426026063	4566
733426026803	32268
733426027183	205732
733426027213	205731
733432001283	261137
73347355003	282807
73347366023	282813
733549023703	284322
733590343003	269433
733600185913	108856
73360772023	178701
73360772023	178714
733636330073	307543
733636330103	307566
733636771043	307548
73364000993	21339
73364001853	21339
73364002003	21339
73364005103	21349
73366118023	9221
73366207123	270032
73366214053	138428
73369060503	212408
73369070243	212348
733739012203	230920
733739017253	231016
733739017383	230972
733739021083	231174
733739021243	231029
733739021663	231074
733739021823	231071
733739021953	231072
733739024503	230909
733739026323	230933
733739026903	231045
733739042293	230959
733739042323	230982
733739050403	231163
733739059963	231047
733739062413	231018
733739063113	189063
733739064103	230907
733739066763	231006
733739067173	231161
733739067593	231081
733739067913	231055
733739069153	230936
733739069313	230951
733739069443	230970
733739069573	231024
733739069863	231082
733739071163	230974
733784124043	211882
73390002053	7571
73390002213	7582
73390008383	7564
73390008963	7508
73390009243	7586
73390009373	7521
73390010393	211407
73390010553	7490
73390013363	211377
73390013943	211429
73390014483	7547
73390015053	211407
73390021023	211408
73390067113	7525
73390611293	211391
73391000553	190364
733913011503	74632
734020600123	66584
734020610023	66595
734020610153	66586
734020640273	66579
73402112503	64902
73402113203	64887
73402115603	64870
73402117003	64899
73402229003	22682
73402232003	22680
73402237503	64883
73402357003	64876
734027504073	331339
734027902053	331354
734027904033	331356
734027905023	331354
734027909403	331359
734038322833	307825
73405101313	25301
73405101603	25299
73405101863	25289
73405102273	25270
73405102983	25298
73405108053	25291
73405160143	25323
734066003803	313344
73406710033	323720
73410003053	16286
73410003053	16351
73410003183	16320
73410013953	16271
73410016763	42720
73410025253	239607
73410025413	239672
73410025543	239616
73410025703	16282
73410032053	16333
73410115473	239641
73410135433	16302
73410135983	239709
73410163023	16349
73410312063	16327
73410955543	42709
73410955673	239617
73410955833	42707
73410955963	239705
73410956083	42667
73410956113	42680
73410956243	239620
73410956403	16309
73410956533	42672
73410956663	239698
73410956823	239613
73410957103	239625
73410957233	16315
73410957363	42718
73410957493	42676
73416000063	192710
73416000193	192780
73416000483	192857
73416003453	192698
73416040243	192708
73416197633	192791
73416197633	192809
73416305083	192712
73416401013	192755
73416509603	192802
73416509603	192894
73416510203	192801
73416510203	358177
73416528703	192684
73416533103	192806
73416534803	192815
73416537903	192713
73416538603	192696
73416539303	192827
73416547803	192882
73416551503	192705
73416558403	192773
73416562103	192872
73420000363	69830
73420041823	69831
73420524203	69821
73430050303	373342
73430445673	373324
73430445703	373332
73430446083	373327
73430446113	373344
73430446243	373352
73430446403	373334
73430446533	373353
73430446793	373351
73430447073	373356
73430501263	373319
73430665903	373332
73435000013	170219
73435000273	170220
73435002253	170220
734362028883	247372
73436440023	289824
73436440153	289812
73446000033	274210
73446000323	274213
734492428263	62718
734492823013	329410
734494091533	19527
734587008233	18972
73461000353	21960
73461000643	21979
73461000643	21980
73461195523	21944
73461905443	21957
73461905443	21957
73469305023	145538
73469306723	371017
73472001233	99263
73472001653	99260
73472005613	99268
73472091203	99242
73474197163	371567
73474681563	371527
734756000013	317813
734756002093	317797
734756002123	317787
734756005513	317805
734756010043	317772
734756010593	317775
734756011033	317777
734756103523	317800
734781101273	334071
734781103383	334079
734781900333	334064
734791302103	274560
734829010413	220928
73484144003	148373
73484144553	148385
73484171023	148369
73484500083	148372
734845170283	53170
734845173383	53175
734845173413	53178
73484813503	148383
734850934023	178319
734865102073	155132
734865102363	155125
734865106163	155118
734878012413	124738
734878016473	124738
734878022023	124740
734878023013	124739
734878024393	124732
734878024683	124737
734878026663	124745
73488012803	341792
73490000003	164552
73490000003	164552
73490125003	371305
73490128493	164590
73490128493	164591
73490129933	164608
73490131653	164548
73490133763	371299
73490158513	369267
734901800303	3760
73490180033	3779
73490180163	3772
73490180293	3774
7349043	164566
73491081223	123223
73491092403	173739
73491100023	173719
73491102003	173740
73491105073	226233
73491105103	226234
73491201003	173732
73491511003	173727
73491511003	173727
73497005193	194043
73497005223	194062
73497005513	84969
73497005933	194041
73497006053	194034
73497006763	194064
735006000753	362564
735006003273	22002
735006003273	22002
735006005963	307372
7350088710333	361364
735037075003	267873
73504200153	195761
73504613113	250718
73508757813	139393
73510006763	315335
73510007883	315322
73510800033	315344
73510800033	315358
73510800163	315337
73510800163	315353
7351533	171926
735199193003	249449
735199841003	222670
735257000243	74876
735257000373	74883
735257000403	74882
735257003503	157719
735257013083	74877
735257013113	74869
735257013243	74867
73538263803	153563
73538263933	287835
735407001083	324684
735407004633	78394
735407612043	324682
73541305613	102957
73541313533	102942
73541403463	102945
73541410263	102943
73541741763	102966
735424574843	317758
735426352043	265753
735426352043	265754
73562000603	229413
73562001303	229416
73562005103	229410
73562006803	229421
73562100303	229408
73563002613	24174
73563003153	24330
73563006253	24130
73563008363	24183
73563009223	65478
73563009353	24150
73563011073	65481
73563013053	62209
73563019253	24138
73563084053	303783
73570000183	142004
73570130033	141995
73570151373	142009
73570200033	142001
73570575063	142023
73574860233	102107
73574870003	102110
73575220043	214981
73575221033	214968
73575221033	214968
73575278013	214944
73575295003	214967
73575295393	214973
73575702013	214977
735784000013	51030
735810290043	66869
735836770093	160487
735873400403	204447
73588123553	91810
735995095013	216471
73608031653	172245
73608033213	172216
73608038683	172218
73608052153	172225
73621001213	250189
73621001213	250193
73621002333	250189
73621002883	250189
73621003033	250189
73621004153	250189
73621007963	250213
73621008533	250189
73621012103	250188
73621012523	250188
73621017603	250188
73621017733	250188
73621032323	250189
73621090033	250216
73621092143	250189
73621092303	250189
73621092433	250224
736211046093	107718
736211132383	48437
736211387233	212232
736211396013	51531
736211505743	25535
736211506283	302070
736211708083	372381
736211713483	64588
736211720733	256208
736211774613	302255
736211938343	366904
736211940193	331526
736211972743	57750
736211974693	54374
73621718203	250250
73621725683	250189
736264001933	273914
736385080633	115421
736385443803	115417
736393103003	116408
736393103263	116423
736393206063	116395
736393509133	116421
736393510023	116389
736393510023	116404
736393540013	116413
736393540013	116434
736436201123	70297
736436203233	70278
736436303483	70318
736436306033	70288
736436306163	73095
736436306323	70329
736436500363	70273
736436503753	70271
736436852813	115663
736436855753	73096
736490005163	257285
736490005293	257292
736490011423	257227
736490840023	257330
736490841013	257345
736490990933	2755
736490991183	2761
736490991213	2754
73651114143	198488
73651114303	198509
73651116543	198509
73651117083	198504
73651117953	198515
73651129413	322065
73651160263	198492
73651180063	198507
73651201003	198453
73651771643	198475
73651786203	198469
736547010423	276075
736547010423	276098
736547012663	276091
736547337773	184269
736547566333	276073
736547566623	276089
736547566753	276088
736547566753	276090
736547566913	276078
736547571153	276136
736613740063	215527
736613740063	215527
736613750253	215523
736622000363	71040
736622003203	71055
73662200583	67701
73662200613	67698
736622103743	71032
73675022103	49980
73675035493	49975
73675251053	49960
736798000723	119617
736798901853	119610
736798902003	119625
736798902683	119648
736798903093	119605
736798903673	119607
736798903703	119644
736921000323	226769
736924182873	210241
736924502763	210216
736924507713	95509
736924635393	210239
736924899443	210245
736936001353	81104
737094206833	330998
737094207083	331000
737094208103	330971
737094210533	331012
737094211073	331054
737094211103	331164
73709421113	331157
737094211523	331092
737094211653	331018
737094212063	331011
737094212353	331237
737094215293	330895
737094215323	331278
737094215873	331075
737094216023	331199
737094216313	330920
737094216443	330995
737094217143	331191
737094217433	330937
737094218423	331164
737094218713	331064
737094218843	330965
737094219383	331083
737094219543	331110
737094219833	331164
737094220143	331050
737094220693	331138
737094221423	330999
737094223083	330984
737094227043	331055
73711120503	312616
73711330643	312628
73711510953	312627
73718000013	198445
73718000013	198445
737208110353	366760
737208402403	366756
737212458663	107094
73723600383	94465
737278143763	311419
737297104103	351608
73731001233	214530
73731001233	214531
73731002353	214560
73731003213	214667
73731009543	214544
73731009543	214575
73731071243	214618
73731071403	214567
73731071403	214619
73731071533	214627
73731071663	214547
73731083093	214611
73731091043	214652
73731101353	214543
73731101353	214548
73731130513	214550
73731405123	214542
73731420003	214606
73731420003	214607
73731990193	214641
73731990193	214641
737349002333	24068
737349005013	24065
737384001193	71450
737384291013	71453
737384470043	71462
737410016733	20320
737410017013	20326
737410017853	20254
737410020013	20162
737410022673	20088
737410022833	20093
737410024653	20185
737410029153	20265
737410031323	20180
737410036953	20331
737410037233	20201
737410041063	20250
737410041193	20150
737410041223	20074
737410054193	20253
737410066943	20383
737410067063	20354
737410067223	20351
737410067353	20375
737410072043	20246
737410072173	20085
737410074443	20171
737410076263	20310
737410122403	20292
737410136103	20285
737410139203	20299
737410141503	20223
737410145303	20420
737410154503	20288
737410163703	20059
737410165103	20135
737410203003	20047
737410213903	20241
737410261003	20311
737410402703	20152
737410409603	20215
737410454603	20350
737410456003	20178
737410472003	20199
737410526003	20110
737410612003	20030
737410625003	20022
737410662503	20349
737410664903	20364
737410665603	20379
737410696003	20029
737410735603	20251
737410849003	20038
737410935003	20083
737410951003	20024
737410980003	20268
737421003043	253431
73744018303	219620
73744018303	219620
73744024243	219618
73744079663	219608
73744625013	219625
73748184813	321231
737483901363	97501
737483987633	97501
737539194213	318740
737550031023	269848
737605987213	233271
737611000463	3762
737628004003	329379
737628004003	329380
737628010233	16997
737628010523	329391
737628011643	329382
737628017003	300612
73773098543	339351
73773098543	339351
737802000173	24590
737802001163	24586
737802001453	57736
737870215103	186270
73800000143	93823
73800001133	93832
73800001393	93816
73800002253	93855
73800002963	93847
73800003083	93837
73800004523	93871
73800006343	93882
73800007043	93868
73800008293	75728
738203109113	47202
738203112113	47198
738248000093	317696
738248000123	317709
73825600243	91087
738268002213	146089
7383033	93827
738337056413	215871
738337882593	215876
738337883293	215875
738337888403	215869
738416000023	242785
738435098933	351838
738435278953	283916
738464961123	323649
738464977513	48558
73848000143	284651
73848002383	284642
73848002543	290587
73848002673	284665
73848009993	290630
73848225683	284649
73848564263	290618
738529004123	273206
738529070173	273232
73855919933	108816
73864555153	52846
73866030153	169917
73866070333	169791
73866102973	169837
73866103833	169809
73866103963	170003
73866104533	170098
73866105073	169831
73866105103	169849
73866106063	169941
73866106483	169957
73866106513	169980
73866106643	169921
73866106933	170079
73866107053	170111
73866107893	169954
73866107923	169943
73866200563	169918
73866201003	170001
73866201423	170020
73866201683	169895
73866210043	170050
73866240033	170022
73866401533	169836
73866401663	170007
73866402783	169871
73866403193	169863
73866403223	169858
73866500243	169940
73866561053	170108
73866561183	169932
73866561343	169850
73866561473	169851
73866572653	169827
73866572783	170033
73866573193	169802
738676715033	302776
73872746093	16748
73872746253	16737
73875019743	116192
73875019873	116193
738759958173	343309
738824064013	108176
738824064433	108191
738824813253	108209
738824814083	108250
738824816353	108190
73890001143	318092
73890002683	318078
73890020663	318118
73890033113	317934
73890033533	318074
73890037463	318127
73890040593	318106
73890041583	318090
73890042443	318112
73890056143	318095
73890080513	318086
73890080513	318086
73890087123	318082
738912022383	38515
738912022413	38490
738912022543	38488
738912022673	38468
738912022703	38499
738912326023	38485
738912330013	38512
738960197743	327868
738960197903	327875
738960230143	327848
738960231423	327847
738960270743	327896
738960281053	327886
738964914933	307325
738985271763	25098
73899015363	371020
73899836203	371025
739034145103	8972
739063472003	299272
739148100043	232513
739148100753	232526
739148101453	232530
739148103433	232517
739223001753	231510
739223007403	231495
739263000013	252164
739263000273	252162
739263300113	217926
739276000253	373559
739276001373	311471
739340319793	318181
73934150783	318567
73934150943	318568
73934155733	214687
73935627543	196653
739360543543	33381
739446400043	155798
739446401613	155800
739446402863	155815
739446403143	155817
739446403143	155817
739446403303	155794
73945000053	189960
739510150003	306450
739510900103	306444
739528000123	255221
739555350123	160481
739625001023	273304
739661600143	274833
739666000023	332737
7396843	368420
73970102043	79276
73970201043	79272
739810175973	78908
73981328913	213260
73981340663	197073
73981341783	213258
73981341943	213257
73981345033	282409
73994004903	132614
740016995883	315885
7401142601873	227639
7401142601903	227636
740142331913	333567
740169018873	250036
740169018873	250036
740235520033	49708
740247018153	210191
740247020583	78336
74026330113	51575
74026405033	189894
74026500233	189903
74026551013	189888
74026555523	189939
740267370163	142218
74026820003	304206
74026908893	189944
74026988833	138005
74026999563	181700
74027001203	220103
74027006413	254879
74027009193	220107
74027063003	254900
74027070223	195708
74027070513	351523
74027072203	195704
74027076133	220177
74027077413	220157
74027077833	220175
74027085043	220147
74027099033	220112
74030000033	108200
74030000033	108207
74030115003	108201
74030230003	108182
74030230003	108183
74030608963	108206
740312101223	172121
740312105023	172134
740312105023	172165
740312107423	172166
740312107423	172169
740312206003	172163
740312211083	172131
740312319413	172140
740312319413	172148
74034511283	19306
740500941563	92013
740500975803	91992
740537021283	144040
740537910013	144041
740881212153	343370
74090670023	270167
740959000033	45228
7411000201343	204993
7411000500323	282465
7411000507773	282466
74117000703	348720
74117000963	161828
74117000963	161851
74117583053	161850
74117882033	161829
74136007073	329032
741391082113	273454
741391976443	273455
741391980013	309236
741391980013	309237
741431001333	125040
741459295073	351643
741459295233	351642
741459894153	246984
741498368073	321010
741563691013	86485
741583	340370
741586000083	71305
741586000373	71301
741586015193	71308
741586024553	71310
74162666633	203121
741643005693	284101
741643005723	191475
741643008373	191252
741643008403	190990
741643010253	191410
741643010413	191085
74164301063	191231
741643010963	191359
741643011083	191480
741643011243	191451
741643011533	191038
74164301163	191146
741643011823	191345
741643020573	191493
741643020603	191304
741643021693	191237
741643021853	191138
741643022263	191494
741643023093	191080
741643023123	191006
741643023413	191117
741643030473	191438
741643031173	191343
741643031883	191470
741643032903	191061
741643033283	191157
741643034303	191355
741643034723	191012
741643034983	191043
741643035713	191375
74164303603	191306
741643036093	191040
74164303623	191305
741643036383	191134
741643036413	191414
74164303643	191379
741643036963	191023
741643037243	191119
741643037663	191387
741643038653	191384
741643038813	190972
741643038943	191276
741643039063	191478
741643039223	18963
741643042223	191104
741643042513	191254
741643043183	191226
741643043473	191334
741643043503	191049
741643043763	191207
741643043893	191501
741643043923	191501
741643045163	191151
741643045583	191407
741643046603	191372
741643047563	191257
741643047853	191069
741643047983	191300
741643048003	191309
741643048393	191130
741643048683	191032
741643050853	191316
741643051423	191021
741643052093	191322
741643052123	191002
741643052833	311067
741643053793	190977
741643054103	191283
741643054233	191027
741643054813	191431
74164345043	191198
74164345053	191185
741643451773	191186
741743	340413
741745100173	213913
741745101613	213917
74175000943	314141
74175001223	139454
74175002923	313973
74175003043	314176
74175003463	314652
74175003623	313840
74175005573	313961
74175005603	314554
74175006273	314269
74175006303	314247
74175006563	314527
74175007423	314692
74175007553	314779
74175007713	314811
74175008383	314894
74175008833	314223
74175014353	314583
74175014643	314584
74175015183	314834
74175016043	313948
74175016593	313888
74175016883	313906
74175017033	314468
74175017163	314788
74175017293	314612
74175017323	313939
74175018313	314350
74175019433	313982
74175019563	314036
74175019693	314486
74175020033	314679
74175020583	314079
74175020613	314067
74175020743	314774
74175025083	139462
74175030063	314748
74175030193	314730
74175030223	314740
74175030353	314876
74175030483	314695
74175030513	314825
74175033743	314019
74175033873	314194
74175042233	314744
74175043353	314533
74175087913	314763
74175113483	314636
74175114053	313884
74175131203	314770
74175163303	314633
74175165253	314806
74175165703	314444
74175227593	314087
74175227753	314308
74175264093	313893
74175264123	314875
74175264253	314246
74175264543	314231
74175264703	313892
7417527753	314517
74175301323	314632
74175301583	314367
74175301743	314020
74175302153	314243
74175302283	314629
74175302443	314407
74175302603	314192
74175302733	314631
74175303273	314203
74175311223	314667
74175315603	314239
74175333553	314628
74175345303	313934
74175411213	314228
74175411923	314734
74175412753	314093
74175412883	314093
74175428853	313767
74175440053	314758
74175440213	314827
74175445133	313873
74175445683	313761
74175445973	314325
74175446253	314447
74175446833	313955
74175461553	313784
74175463793	314493
74175463823	314312
74175463953	314279
74175464073	314591
74175464103	314287
74175464233	314735
74175464523	314476
74175464813	314754
74175465353	314887
74175465483	314272
74175465513	314255
74175484033	314204
74175484453	314261
74175484613	314263
74175501303	313946
74175502003	314690
74175504953	314883
74175505073	314570
74175505103	314762
74175505233	314011
74175505363	314280
74175509033	314233
74175533113	314616
74175539153	313957
74175539603	314386
74175586843	58962
74175597153	58977
74175611743	314470
74175622053	314109
74175681043	314405
74175681203	314335
74175681623	314502
74175682033	314409
74175682613	314130
74175682743	314577
74175684433	314672
74175700843	314784
74175700973	314717
74175745103	314375
74175820053	314147
74175850203	314648
74175850463	314131
74175851033	314023
74175854713	314051
74175854843	314047
74175934323	314800
74175934453	313779
74175934583	314582
74175934903	314040
74175935153	314038
74175936013	313853
74175991043	314794
741861048823	154829
742023	340274
7421200900113	324322
742158224623	52883
742158786893	229545
74220009273	58664
742287440123	190161
742287605553	182230
742287700753	194079
74234815013	282679
74234961123	282688
74234971153	282692
74234991113	282698
742365004353	147065
742365004513	147076
742365004643	147101
742365005053	147061
742365005183	147132
742365005473	147173
742365005633	147208
742365006043	147124
742365006463	302295
742365006753	147091
742365006753	147184
742365006883	184139
742365006913	184144
742365007583	147060
742365007583	147144
742365208843	147171
742365264023	147077
742365264153	147058
742365607103	147117
742365607103	147118
742365716003	147116
742381010703	130255
742392000243	50041
742392100073	50084
742392730003	50069
742392930403	50052
742392931103	50059
742392931233	50035
742392950203	50063
74249063133	247628
74249431123	78713
74249431703	78711
74249509273	342794
74261180153	353291
74261185103	353300
74261186063	353290
74265002383	373755
74265012863	373761
74265013273	373763
74265023203	365568
742676105213	332675
742676234203	332677
742676450733	332676
742676451723	302222
742692313333	164192
742692814663	194702
742753316303	333727
742753346263	333724
742753346553	333765
742753347253	333749
742753347413	333758
742753347543	246601
742753348113	333725
742791808723	57875
742832054553	373423
742832060653	344795
742863009003	163504
742893000063	74116
742893000063	74118
742906125073	229399
742955036603	81592
742987121223	10281
742987121483	10294
742987124033	10293
742996000793	307347
743002740313	305736
743002760243	154478
74301000083	23182
74301000083	23183
74301000113	23185
74305011283	39617
74305030123	39636
74305052163	39596
74305066023	39633
74317000343	89803
74317011363	89786
74317153483	89778
74323000153	32374
74323005103	32409
74323028133	32368
74323029673	198394
74323088403	198396
74323091533	32372
74323091823	32407
74323095043	198392
74323095463	198394
74323099713	32366
743234001763	160307
743234002203	160304
74323734003	130552
74323736243	198354
74323736533	32415
74323737813	198369
74326000143	19109
74329123313	233629
74329123443	233632
74329300073	284226
74329300103	284227
74329300363	284221
74331902203	308326
74331903583	308325
74331903903	195652
74331904023	308331
74331905303	291109
74333374923	16509
74333374923	16509
74333383123	16499
74333471363	16511
74333472513	16547
74333474913	16545
74333685203	16556
74333687603	16557
74336650833	148677
74336879203	144033
74338000063	280376
74338004283	280381
74338004283	280381
74338007383	280387
743490004133	75095
743504958483	299073
743504982013	299067
743639000323	214695
743659126683	260931
743659129103	260926
743659188803	260928
743709000253	272773
743709000253	272773
743767888923	44188
743779250503	327765
743779431063	327773
743779431513	327774
743779431773	327766
743779431803	327769
743779431933	327764
743819323013	315629
743853	340112
74390000933	64423
74401252733	272417
74401510413	329186
74401724223	272419
74401724223	272419
74401990413	272391
74401990413	272405
74410012823	368927
74410040673	131872
74410050443	291476
74410185053	307356
74410240233	214959
74410275303	368934
74410341213	291433
74410551223	291467
74410580353	291470
74410625313	291434
74410670443	291464
74410698133	210144
74410698973	210145
74410751203	291459
74410768713	291431
74410798253	214810
74410875893	299270
7441122300273	272144
7441168501313	81995
7441168501443	81996
744160200633	22888
744160230043	22890
74426020003	181250
7443009531503	50363
744335610083	306940
744335610113	247226
744335610243	247227
744335610373	306942
744335610403	247224
744335611103	116307
744335611363	302870
74441080303	159110
74445005043	156214
74445005203	156218
74445005333	156219
744473000173	306664
744473000173	306676
744473000333	306673
744473000333	306905
744473000463	306718
744473000463	306807
744473000463	306807
744473000883	306836
744473440313	306923
744473470013	306894
744473470303	306782
744473474233	306868
744473474363	306657
744473476213	306796
744473480463	306880
744473480623	306861
744473490233	306714
744473911103	306864
744473911943	306741
744473912353	306692
744473912353	306837
744473912353	306899
744473912643	370585
744473913053	306724
744473913633	370589
744473914043	306917
744473915033	306758
74453003093	283921
74453003123	324518
74453003543	324512
74453006803	302098
744548112213	108046
744566333003	42925
744702476403	103079
744702477363	103075
74471015023	46207
74472758103	164375
74483990103	365271
744986501723	33441
744994001413	263680
744994003813	263686
744994005213	263698
744994006333	263700
745042000433	277992
745042000693	278039
745042000723	278008
745042001393	278025
745042001423	278003
745042001683	278052
745042112013	277951
745042400073	277972
745042600053	278051
74524085003	235080
74526704483	125330
74526705893	125331
745329117113	19103
74534844003	43559
74534943003	108842
745367361783	325417
745367361813	325497
745367367273	325355
745367368003	58223
745367372833	325474
745367388193	43551
745367392213	369431
7453900123	340965
74542075093	72526
74550000063	108227
74550081833	108226
74550818903	257473
745527101013	43578
745527113603	43592
745527113863	43588
745527114303	60223
745527114853	60236
745527330123	370019
745527510143	43577
74555045953	178277
74555047193	178315
74555047483	178298
74555048343	178295
74555049203	178274
74555049753	178283
74555049913	178261
74555077893	178297
74555077923	178303
745559665743	64984
74559665743	230441
74562001003	45756
74562001263	45764
74562150053	45758
74562171003	45754
74570004003	131469
74570017003	131352
74570023103	131350
745703000093	60800
745703005203	332386
74570306053	131350
74570350353	131386
74570365883	131452
74570442713	131365
74570464593	131393
74570493753	131477
74570493883	131345
74570554003	131433
74570650583	131336
74570681273	131352
74570691463	131397
74570731923	131449
74570939213	131468
74570979103	131392
74570980253	131403
74574108523	57393
74574108783	57394
74574833203	57390
74582164153	55534
74583000153	228700
74583110203	244092
74584062013	185125
74584075303	185206
74584400273	185270
74584962603	185258
745998206293	86718
745998244073	86714
745998901013	86709
745998902133	86723
745998903093	86727
745998903123	86731
745998990093	86699
745998990673	86724
745998990703	86698
74601176303	107563
74609054313	164491
74609092933	164519
74609093053	164521
74609093213	164518
746104199003	275498
746104555663	149322
746143400863	33702
746143413443	33704
74615000083	164896
74615000113	164900
74615723883	164895
746167680333	325699
746167690653	156223
746167810143	325708
746167820043	325687
746167830233	325691
746248710003	211851
746258100023	184726
746258300393	184731
746367368003	58225
746395004963	106675
746395129093	106676
746395162083	106679
7464088410213	80517
74641000163	321040
74641003843	64784
74641019783	64786
74641029683	372049
74641042613	64805
74641072603	64804
74641073013	305106
74653293553	157170
74653650523	157175
74653652433	157190
74653734063	157177
74653833933	157189
746646303333	117218
746646303753	117204
746646303913	117216
74665277763	12047
74665277923	12045
74665277923	12046
746742008033	33549
746742290773	33671
746742290803	33562
746742400363	354001
74680000803	369001
74680000803	369001
74680003743	369026
74680003873	369029
74680003903	368999
74680003903	368999
74680006553	66422
74680008533	369025
74680008823	302092
74680012943	369017
74680801363	59996
74682079173	279943
74682103083	279898
74682105353	279922
74682107043	279927
74682107173	279891
74682107463	279905
74682107753	279911
74682107883	279853
74682118353	279938
74682151213	279916
74682200263	279874
74682200393	279930
74682731873	279949
74683003023	196902
74683003023	196904
74683003283	196930
74683004853	196918
74683005713	196922
74683008523	196938
74683015293	196925
74683095103	85369
74683095103	85369
74683096513	85349
74683097633	85344
74683097893	85370
74683099453	85373
7468339190343	18870
74690027173	234209
74690051673	234118
74700001223	366961
747073	340121
747094200083	83762
74714084083	218091
74714085523	218082
74714085523	218097
74714085653	218081
74714086643	218100
74714086643	218101
74714088333	218102
74714088463	218083
74734030183	91130
74734033443	91113
74734051263	91176
74734066533	91155
74734125803	91144
74734170193	91118
74734188563	247115
74734259683	213685
74734700093	91150
74734700413	91160
747366121023	160015
747366135013	160016
747479000093	267812
747479000123	267728
747479000123	267748
747479000413	267803
747479000703	267794
747479300063	267735
747479300063	267736
747479300193	267779
747479300223	267729
747479300223	267741
747479400053	267762
747479400183	267732
747525220123	89232
747599306853	111998
747599311963	112186
747599312403	112100
747599314773	112260
747599314933	112389
747599315343	112117
747599315633	112181
747599315923	112216
747599317873	112150
747599318153	112373
747599321153	112202
747599321283	112390
747599321313	112359
747599321443	112288
747599322013	112387
747599322693	112396
747599322853	112145
747599322983	112137
747599323133	112234
747599323683	112317
747599323843	112241
747599325373	112403
747599400353	112332
747599402463	112331
747599403033	112184
747599404153	112045
747599404863	112166
747599408113	112110
747599408373	112313
747599410383	112161
747599410413	112056
747599413063	111991
747599413223	112118
747599413933	112239
747599414763	112074
747599415043	112272
747599415203	112014
747599416873	112145
747599417863	112177
747599418013	112096
747599418723	112234
747599422683	112091
747599423123	112188
747599427503	112231
747599427633	112274
747599607653	112299
747599610653	112053
747599614163	112228
747599617003	112362
747599622083	112118
747599622373	112340
747599701573	112190
74780000093	249751
74780000703	249725
74780000703	249763
74780336543	249755
74780343183	249731
74780343183	249745
747804015013	171616
747804019653	171612
74780404013	195211
74780446303	249745
74780447133	249781
74780777353	249768
74780811163	195211
74785052103	348745
7478943	249775
748023990013	59744
748023991133	60013
74806015223	188721
74806103173	188722
74807048213	363022
74807050803	363044
74807100003	363063
74807121633	363011
74807180623	363051
7480719843	363057
74807366263	363048
74807467243	363079
74807471493	363072
74807592303	363045
74807793403	363049
748159107323	341483
748159107323	341509
74821060123	275866
748229930073	118024
748252037503	153673
748252053503	211547
748252081193	30515
748252103413	282977
748252129123	185344
748252175403	124373
748252192493	111739
748252257093	43945
748252270573	74907
748252304223	341964
748252514103	89713
748252518903	249360
748252520623	115386
748252539403	351860
748252622433	66130
748252680433	344788
748252862853	306952
74826033603	68767
74826183063	213979
74826211063	214019
74826310063	214019
74826365063	213972
74826437043	213958
74826459113	213957
74826462113	213961
74826462113	213997
74826491113	213999
74826686113	213964
748276432193	62579
748276567673	10981
748276567963	10980
748355000503	366927
748355012803	366929
748404020223	288621
748404258893	288626
748404420283	288622
748404420863	288603
74847000233	290541
74847350123	290547
748485780283	65163
748485803203	15729
748485803753	15726
74854351083	65321
74854351793	65304
74854351793	65317
74854358143	65311
74854373443	65300
74854374303	333540
74854376963	65296
74854377793	333539
748631000333	329110
748631117383	247047
748631207343	247048
748631307333	247048
748631506033	247046
74865563123	324068
74865701853	148549
748703000063	230154
748703010093	119026
748703010253	119018
748703011243	119019
748703011403	118993
748703018983	118982
748703070103	118996
748703280373	230140
748729240023	86667
74873090833	362237
74873163223	362232
74873962253	362559
74873970043	362248
748753177753	62609
748753811183	62626
748753814283	62593
748757000033	75083
74880020083	284449
74880030013	118048
74880030013	284452
74880030303	118049
74880040623	284438
74880057393	284456
74880061703	284432
74880068733	284433
74880070033	318697
74880070033	318697
74880070163	318714
74880070323	318698
74880070323	318698
74880090123	318717
748924130143	162732
748924519023	162730
748927024173	235623
748927026283	237931
748927028683	237938
748927028713	237943
748927059113	237945
748927060133	237990
748927060713	237914
748927060973	237936
748927062243	237913
748927066593	237959
748927068993	237953
748927960983	237975
749017406213	323594
74904201573	56207
74904202143	56199
749048005003	304535
74908326203	73133
74908360313	178849
74908370053	73130
749084000253	156029
749084001793	103878
749084001823	156028
749084003803	156024
74923405013	252119
74923405273	252119
74923604003	252119
74931150073	212578
74931220073	212580
74936000113	132472
74936020313	132471
749404608053	248168
749410040793	316557
74947968143	307578
74947972263	287917
749512695013	153115
749512771083	153106
749531978883	274533
749544012123	85380
74956180543	140666
74956184053	140655
74956184633	140638
74956185203	140660
74958002263	45719
74958002423	45718
74958004243	45703
74964009003	8812
74964200103	8825
749650350003	49573
749650564073	49583
749668221043	102742
749668260523	102741
74982171003	19314
74982281603	19317
74982360803	19310
749826000923	263562
749826001593	263531
749826001623	263501
749826002323	263524
749826002613	263529
749826002873	263509
749826004273	263491
749826579573	263517
749826648453	263543
749826715353	263566
749826751733	263558
749826763323	263461
749880911173	162528
75002052463	189320
75002101123	189320
75002130123	189295
75002160403	189298
75002201533	272243
75002206323	189321
75002219323	189313
75002230243	189295
75002300243	189314
75002300403	189314
75002919193	189320
750049100963	21056
750049180163	21092
750049548833	21051
750049567193	21086
750049573873	21060
750088701053	163369
7501088102103	71099
7501088102233	328493
7501088211843	231824
750114345923	183526
75013165053	283141
75013170033	174766
75013213273	174753
75013285003	174767
75013285003	174768
750144172773	51088
750144172773	51089
750144250013	51085
750144253533	51080
75017060033	332010
7501792400403	245111
750181775173	179826
75019012023	213497
750233110563	124510
7503005701093	267622
7503007833143	78061
7503007833273	217868
750300808683	289808
7503012175863	198275
7503023213813	62303
7503028021383	3874
750363616553	260518
750363616683	260531
750363616713	260515
750369041113	78405
750369051013	78403
750397970263	17939
75044050113	269294
75044724403	269307
75044745163	333147
75044812063	269314
750448908573	16393
750448908603	16394
750455000413	19915
750456236323	339835
75050006173	148520
75050038303	148511
75050201363	148503
75050831683	148501
7506010483	62453
7506139703223	212817
75062009063	23503
75062260273	23479
75062260303	23516
7506244300553	130699
75062502533	23494
750630280173	181241
75069153493	41204
75069154223	41210
75070104453	247259
75070106983	247264
75070107003	247249
75076100213	343985
75076100213	343988
750903112873	272630
75090872653	3982
75090903623	180082
75090906433	180101
75094001103	367384
75094001233	367392
75094080153	10316
75094100073	367395
75094100103	367379
75094500033	10305
750947016373	215538
750984200063	352363
751059900093	154451
751106000233	330561
75119130023	85748
75119140213	85741
75119145713	85729
75119145713	85737
751217123463	52835
751217901023	301536
751217960013	52832
751269008763	274693
751269010223	274689
751269010803	274684
75130535333	174545
75135010163	193615
75144001503	229718
75144004023	197249
75156169123	180418
751570913213	68032
751570913343	67994
751570914913	363852
75159002373	25992
751666157323	41036
75172076603	245131
75172079413	245128
75185004013	202784
75186024553	372689
75186025413	372709
75186050033	372705
75186182413	372708
751884912803	118654
751884913923	95436
75192001173	276061
75192006383	276053
751936000953	2927
75196001223	202964
75196001513	196843
75199017023	47254
75199062443	47242
75201002313	65076
75201007073	65081
75201102303	65082
752041315123	198087
752041380213	226888
752047925203	247232
752047927023	287323
75209824733	204590
75209824863	204612
75209825563	204585
75209827253	204594
75209827383	204595
75209828083	204606
752202544003	347519
752202575083	347515
752343	341161
75239001203	137895
75239181103	347371
75239300863	369732
752423299713	4841
752423657483	247960
75243101173	204382
75243103023	204374
75243204393	204335
75243208933	204368
75243235083	204348
752451650203	238350
752451822693	238358
752482114163	22761
752482114163	103868
75251401173	89302
7525353	71775
75270001613	217634
752716884053	352033
752720678563	214523
75278077573	101749
75278149003	101787
75278150023	101762
75278153253	101796
75278909713	101746
75278950173	101760
75278951453	101756
75278995563	101778
75278995723	101718
75278995853	60774
75278996263	101775
75278996683	101805
75278996713	101808
75278997253	101752
75278997383	101728
752794021203	214696
752830075283	363257
752830076983	363256
752830077683	363251
752830337053	122946
752830633513	196832
752830703223	61543
752907264183	42578
752907607003	230543
752907607133	299328
75295000943	106909
75306056563	76428
753153630203	153073
753182169613	370025
753182187693	275729
753182678603	219204
753182760483	77121
753182823683	160355
753214300243	262879
753214742173	262877
753393225023	77356
753463101073	187817
753463201063	187814
753519454603	313544
753519458113	154799
753519462233	154815
753519463193	60575
753519467733	313556
753519469003	154777
753519469263	154773
753519469423	154805
753519469973	60516
753519470603	139490
753519470863	139484
753519471983	313553
753519473253	59737
753519473963	60400
753519475783	254032
75355111183	234815
75355111473	234850
75355111633	234896
75355111893	234756
75355112043	234793
75355112173	234785
75355112203	234878
75355112333	234852
75355112463	234899
75355112623	234799
75355112753	234800
75355112913	234810
75355113453	234848
75355113613	234803
75360000083	28136
75361014003	89196
753633410103	284511
75365060273	237131
75365060273	237134
75365063243	51337
75365067913	197748
75365068033	149521
753656709253	333228
753656709543	333228
753656710303	333251
753656711003	333173
753656711133	333197
753656711393	333171
753656711553	333192
753656711683	333279
753656711973	333268
753656712093	333270
753656712123	333249
753656712413	333289
753656712673	333224
753656713243	333283
753656713663	333266
753656713823	333263
753656714783	333288
753656715483	333217
753656717623	333188
753656719733	333156
753677287563	148133
753677367463	98033
753695261323	330305
753695280683	330301
75370000103	62944
75370005023	62956
75370005153	62974
75370005993	62931
75370006563	62938
75370150013	62923
75370160043	62957
75370160173	62954
75391000083	287712
75391000663	287752
75391001363	23935
75391001523	243789
75391002193	23930
75391002223	287358
75391002773	156231
75391002933	287687
75391003343	287498
75391003923	287685
75391004333	287343
75391004593	287462
75391005323	287539
75391007303	287504
75391012703	287589
75391013953	243569
75391014103	287576
75391015223	23948
75391016633	23986
75391016893	243601
75391019443	243875
75391020203	243589
75391020463	287396
75391021293	199031
75391022023	287630
75391022313	243806
75391023273	287592
75391023563	287710
75391026823	287604
75391028223	230580
75391028353	243792
75391028513	287418
75391028643	321754
75391028933	243821
75391029343	243753
75391029503	287445
75391029633	49257
75391031193	243575
75391031353	287345
75391031643	23958
75391032763	287381
75391033623	145805
75391042663	23976
75391043813	243778
75391044063	243807
75391044483	243841
75391044513	287733
75391046463	97719
75391047583	287397
75391047903	243542
75391048443	243745
75391049433	287660
75391050453	287542
75391050873	287482
75391051153	287478
75391051283	243681
75391051993	287682
75391052143	254096
75391052853	243550
75391053393	19812
75391054673	29869
75391054703	19813
75391055083	243863
75391055243	309208
75391055663	287451
75391056103	23998
75391056233	243883
75391056363	243881
75391056783	243609
75391056813	156150
75391056943	24009
75391057643	24040
75391057933	243822
75391058343	243518
75391058473	23930
75391058503	23953
75391059753	243578
75391060353	243546
75391060513	287655
75391060773	229313
75391061053	243886
75391061213	19815
75391061343	287718
75391061893	243602
75391061923	243869
75391062753	287625
75391072363	23994
75391503003	287695
75391509463	243754
75391940303	287442
75391940433	287622
75391940723	287587
75391940983	23937
75391942123	287401
75391943663	243691
75391948613	287417
75391950463	287468
75391952603	287390
75391952993	287582
75391953273	243658
75391953723	156175
75391954553	156172
75391954683	156149
75391954713	156152
75391955123	24041
75391955253	23946
75391955413	23932
75391957233	243572
75391957783	243783
75391958483	229305
75391962213	243672
75391966013	243809
75391968543	287561
75391969243	243697
75391973813	287610
75391974193	243571
75391974643	287557
75391976463	243848
754007100033	95187
754102000733	174528
754102000863	174521
754177504273	172010
754177504303	172007
754177505553	172017
754177506703	172014
754177506963	107458
754177507663	14102
754177614033	172019
754177830723	171998
754177848643	172044
754307880093	353279
75436005813	163525
75436008623	186192
75436061833	163519
75436102253	60469
75436141153	195714
75436141283	195715
75436703573	59824
75436999013	267503
75440000613	258742
75440001023	258752
754441121533	331462
754441600083	75078
75446040033	218344
754496611003	37672
75450001143	152756
75450001273	152749
75450002133	151205
75450002713	151592
75450003093	151208
75450003253	151000
75450003963	151073
75450004533	151242
75450005363	152389
75450006063	152914
75450006193	150350
75450008463	151305
75450009873	150966
75450010343	150415
75450010893	150737
75450011463	151249
75450012903	151097
75450014303	151820
75450014693	152362
75450015423	152618
75450016093	151006
75450016383	151010
75450017243	150638
75450017373	151005
75450017403	151492
75450017533	151936
75450017793	151972
75450017823	151759
75450017953	152709
75450018073	152656
75450018103	152078
75450018363	150919
75450018523	150688
75450018653	151728
75450019803	150738
75450021363	150427
75450021523	150819
75450027273	152132
75450027433	152812
75450033403	152304
75450033533	150381
75450034783	152087
75450034813	151485
75450034943	150395
75450035063	151609
75450035773	150827
75450035933	152683
75450036343	152298
75450036763	150735
75450036893	151418
75450036923	151965
75450037043	151344
75450037173	152941
75450037203	151662
75450037333	152395
75450037623	152980
75450040043	150457
75450040463	150956
75450040593	150905
75450041163	150489
75450041583	151093
75450041743	151812
75450042023	151092
75450044003	150430
75450044263	150992
75450044393	151322
75450044553	150922
75450044683	151063
75450046113	150548
75450047073	151689
75450047103	150588
75450047493	151472
75450047783	150733
75450047813	151267
75450048063	152808
75450048193	131079
75450051063	152338
75450052923	150908
75450054293	150866
75450055153	152160
75450060133	152183
75450060263	151887
75450060553	152221
75450060683	152253
75450060713	151559
75450060843	152550
75450061093	150858
75450061543	153057
75450061673	152403
75450061703	150787
75450061833	151150
75450062083	152373
75450062113	152382
75450062373	152237
75450062403	152234
75450062533	150861
75450063943	150468
75450064063	151016
75450064193	152191
75450064223	152179
75450064353	152249
75450067453	151305
75450068023	152035
75450068153	150748
75450068283	150805
75450068443	152414
75450071023	151243
75450072433	151951
75450073553	151506
75450074253	151649
75450074383	151327
75450074413	151531
75450074833	150458
75450075533	150832
75450075663	150354
75450076363	152923
75450077063	212690
75450077803	151768
75450078183	152701
75450078473	152544
75450079043	151528
75450080483	152796
75450081473	152558
75450081763	150278
75450081893	150509
75450082333	151752
75450082463	152170
75450083293	152285
75450083323	152029
75450083613	151763
75450083903	151770
75450084153	152370
75450084443	151867
75450084733	152547
75450084993	150297
75450085143	152287
75450085303	152820
75450085563	152732
75450086133	150281
75450086263	150563
75450087543	150929
75450087703	150795
75450088083	150501
75450088113	150486
75450088373	152638
75450088793	151072
75450088823	151280
75450088953	54932
75450089233	253357
75450089363	150916
75450089493	152873
75450089523	151491
75450089783	153053
75450089813	152763
75450090093	150794
75450090123	152092
75450090833	131131
75450091373	307079
75450091403	151495
75450091533	152691
75450091823	151423
75450091953	152284
75450092073	151031
75450092783	152660
75450093063	151718
75450093193	152433
75450093223	151268
75450093483	150993
75450093643	151785
75450093773	151984
75450093803	151725
75450094053	151718
75450094183	151799
75450094213	152349
75450094763	150501
75450095623	152116
75450095883	150996
75450096033	151112
75450096163	152554
75450096453	152223
75450096613	152317
75450096743	152810
75450097313	150245
75450098303	152859
75450098563	152849
75450098983	152624
75450099003	152623
75450100273	151969
75450100563	152412
75450100723	151968
75450102093	151835
75450102123	152063
75450102253	150873
75450102413	152594
75450102963	151455
75450103113	152245
75450105193	151845
75450107173	151833
75450107203	151598
75450107333	150875
75450108613	150504
75450108873	150502
75450120523	151250
75450120813	156593
75450121223	151100
75450122763	373808
75450122923	152083
75450123463	150928
75450124613	151988
75450124743	152750
75450124873	150626
75450124903	152282
75450125443	150629
75450126143	152181
75450126273	152326
75450126303	152984
75450126563	150769
75450126693	131092
75450127133	151109
75450127393	212705
75450127553	151292
75450128963	151942
75450131253	152832
75450131383	151974
75450131413	150585
75450131543	152521
75450131703	151432
75450132113	150650
75450132793	151190
75450132823	152308
75450132953	373847
75450133103	152047
75450133363	150620
75450133653	151976
75450134063	150409
75450134193	150407
75450134353	152535
75450134483	151085
75450134643	150934
75450134803	153063
75450135503	150628
75450135633	151916
75450136913	151183
75450137033	151186
75450137163	151191
75450137583	150312
75450137613	153015
75450137743	152141
75450138573	150454
75450138603	150941
75450138863	152115
75450139693	151104
75450139983	150948
75450140163	151818
75450140583	373812
75450146233	151035
75450146493	150974
75450146653	152345
75450146943	156577
75450149593	150657
75450149883	150746
75450149913	151802
75450150193	150248
75450150223	150247
75450150353	152881
75450150513	151308
75450150643	150421
75450150933	150387
75450151213	151939
75450152463	151729
75450152593	150732
75450161823	152038
75450162813	152723
75450163063	150826
75450168853	150757
75450168983	152239
75450169263	152854
75450169423	152978
75450172133	152510
75450173383	151946
75450174083	151959
75450174953	151335
75450175073	156576
75450175103	156581
75450176513	151248
75450176643	151463
75450176803	152230
75450199703	152765
75450204803	151367
75450207903	151027
75450222463	334654
75450226393	150752
75450226553	151878
75450226683	152611
75450226843	150398
75450226973	152067
75450227093	151453
75450227123	152865
75450227543	152644
75450227833	152919
75450228083	373806
75450228533	151098
75450228663	151394
75450229073	151232
75450229233	152106
75450230703	152719
75450230833	150539
75450230963	151050
75450231373	373850
75450231403	373843
75450231533	131145
75450231793	151334
75450232233	151506
75450233773	152636
75450233803	152096
75450235173	152100
75450236453	152634
75450236873	151393
75450237443	151397
75450237573	150730
75450239133	150303
75450239263	150528
75450240733	151868
75450240993	151448
75450241013	151698
75450241303	151464
75450242713	151261
75450242973	152276
75450243253	150712
75450245363	373823
75450246063	152300
75450246353	150531
75450246773	152890
75450246803	152203
75450246933	152646
75450247343	76410
75450247473	150722
75450247633	151553
75450250633	150349
75450252033	23567
75450252293	152835
75450252323	151810
75450254273	151257
75450254723	152048
75450254853	152958
75450254983	373828
75450255003	373832
75450260793	205577
75450260823	205584
75450261073	152354
75450261363	150396
75450261813	121607
75450262483	131130
75450262643	121627
75450263763	307073
75450268713	152798
75450269093	121629
75450269383	152451
75450269543	150612
75450274493	152337
75450274653	151958
75450275483	121601
75450275513	121622
75450275773	121616
75450276893	151557
75450276923	121605
75450277043	152944
75450277173	269148
75450278453	151891
75450278583	121612
75450279313	150596
75450280463	151382
75450282733	152321
75450282863	152075
75450286953	151949
75450290233	152745
75450301793	330252
75450301823	330264
75450302363	121621
75450400663	121615
75450408423	330284
75450409253	330249
75450415063	330253
75450415193	330237
75450421613	131129
75450421903	150852
75450451313	152500
75450458473	330261
75450501353	151398
75450545913	150947
75450800883	212682
75450800913	212666
75450801033	212695
75450820133	212678
75450895513	212698
75450901863	152948
75457115003	109539
75457115003	109539
75457622013	109543
75460400103	67346
75460922193	67344
75460922223	67343
754629852143	59745
754686002673	197225
754686002703	197239
754721280103	173519
754807026083	10830
754807050873	10958
754807151693	10827
754807191163	10913
754807201053	10851
754807201213	10929
754807360613	10922
754807380963	10847
754807460733	10937
754807870723	10934
754807882603	10824
754807900413	125105
754842100083	48654
754918081643	255640
754918081643	255647
754918085283	239920
754918087683	255648
754918087683	255649
754918382603	94910
75496331143	12447
75500000003	329100
75500000133	329095
75500003523	329100
75500900013	329102
75501962973	157685
755046610163	220875
755133000013	366875
755145572003	131649
755145573123	131658
755157002413	179236
755157003243	179238
755230104003	58323
755350100053	161716
755350100893	161714
755350101333	317346
755350101623	161712
755350101753	161713
755350470873	161698
755355001003	121681
755355003083	121658
755355003113	121690
755355005773	121664
755355006053	121696
755355006213	121713
755355008163	121660
755355008323	121683
755355055303	121649
755355101123	121684
755355101253	121667
755355115113	121688
755440010293	335062
75545006343	47288
75551411643	242686
75551412503	242688
755552550083	284632
755573	339622
755702752503	253475
755749126893	167239
755749126923	167233
755749127593	167236
755795375443	169474
755795380003	169398
755795391153	169372
755795655033	169376
755795656023	169434
755795657013	169469
755795670043	169363
755795702003	169392
755795755603	169432
755795855853	169450
755795950343	169410
755795950473	169458
755899956333	43042
755918449693	256078
755918449693	256078
75602260053	283940
756110951663	373415
756141005793	351106
756141025173	250700
756144501353	59832
756144657333	59837
75620000143	346056
756240090423	281570
75627115123	157811
75627141023	203431
75655003553	145620
75655003553	145620
75655231673	22736
75655232243	22735
75655323163	53627
75655323323	53626
75660710033	154482
756656661903	195307
75669100163	153249
75669101733	153281
75669102303	153178
75669102303	153276
75669105113	153266
75669106523	153204
75669107933	153180
75669107933	153184
75669109913	153234
75669109913	153306
75669115013	153314
75669115143	153159
75669115143	153162
75669115563	153166
75669119523	153191
75669119523	153192
75669126293	153297
75669140053	153232
75669176403	153212
75669325863	89769
75669326303	49610
756774013103	344183
756781000813	157516
756781002473	217845
756781003173	217854
756869175303	180978
756869178243	280239
756963120063	279693
756963121053	279670
756963150053	279660
756963160113	279669
756963161103	279657
756963170303	279684
756963180043	279674
756970354673	220424
75700051263	77580
75700062603	77878
757003000123	214314
757003000123	214332
757029230153	43549
75705504023	328279
75706127023	244355
75706127573	244407
75706127603	244404
75706133123	244394
75706148073	244379
75706151073	287202
75706151103	287212
75706151233	287238
75706165193	244391
75706180103	244353
75706300273	287213
75706303823	63162
75706304073	287235
75706304363	347846
75706304523	347851
75706304783	244344
75706304813	244376
75706305193	244397
75706305483	244377
75706305513	244351
75706305933	287224
75706307203	287237
75706307913	287218
75706308033	63159
75706308453	347841
757107011643	349492
757107013203	349496
757129920053	25242
75717112063	272980
75717320703	272920
75717325203	272935
75717325203	272956
75717953703	272925
75717953703	272926
75717954083	272971
75720000203	254501
75720050413	254496
75720050413	254513
75720101153	239422
75720446063	254457
75720446063	254460
75720446193	254481
75720446353	254494
75720446353	254512
75720446773	254472
75720446803	254492
75720447053	254532
75720447053	254534
75720968923	254442
75730293633	171681
75738001353	295007
757381284153	336632
757450357603	253180
757528003753	324741
757528008703	324730
757528008833	324754
757528008963	22017
757528009113	324744
757528026073	324749
757528026493	324771
757528026523	22020
757528026813	350257
757528029753	324742
757528034573	324746
757528042813	274578
757528042943	274575
757528044633	324771
757528048723	324729
75756002103	10244
757626273003	38440
757645010443	227279
757645010603	227341
757645018913	227248
757645021043	227211
757645021203	227170
757645021463	227190
757645021623	227171
757645030243	227287
757645031103	227151
7576455021043	227211
75767320173	249861
75767320333	249816
75767320883	249843
75767600473	249809
75767608943	249852
75767820673	249835
75778101303	50271
757783531183	311034
75779283213	98580
75779311183	98581
75779500013	98584
75782000043	92486
757901707193	125271
75805206803	315291
75805207053	283123
75805606733	315277
75805870233	315269
75805874903	315276
75805874903	315276
75805899333	33748
75810024263	282610
75810041253	282594
75810112403	282615
75810140253	282620
75810306253	282614
758108008373	215783
758108008403	215786
758108029903	116129
758108040403	138127
758108072343	215536
758108717893	280121
75820000073	311391
758259001063	320781
758259001513	177887
758259001513	177888
758259771553	118438
758259771553	118439
758300050033	67920
758344500013	271160
758475642583	240610
758543405003	352245
75856000573	172345
75856001303	172319
75856011203	172355
75856139013	172327
75856347333	172299
75856367133	172304
75879410083	255195
75880241003	312605
758870315143	260405
758870326743	177750
758940527223	90382
758940527513	90384
758940527643	90381
758940580013	90289
758940582833	90286
758940583533	90282
758940583663	90290
758940590463	90385
758940601053	90338
758940601183	90270
758940601473	90340
758940601503	90259
758940601763	90273
758940625103	90331
758940701043	90262
758940709063	90312
758940709773	90361
75900001303	36256
75900002003	36259
75900002393	36258
75900002553	36269
75900002713	36241
75900003253	36247
75900005233	36275
75900005233	36276
75900005653	36300
75900006193	36299
75900006353	36215
75900006513	36291
75900015423	36278
75901010243	315067
75901331003	92551
75901365213	92557
75901382173	92565
759035902093	361292
759035902123	361325
759035952043	361307
75912041823	287141
75912043223	287147
75912400323	43330
75912601423	287123
75925100043	67165
75925299853	66989
75925299983	67058
75925300443	67009
75925300863	67169
75925301013	66996
75925301013	66997
75925301143	66992
75925301723	67037
75925302263	67031
75925303383	67174
75925303543	362546
75925303703	67203
75925304083	67072
75925304083	67105
75925304113	66983
75925304113	66988
75925304533	67088
75925304533	67089
75925305073	67073
75925305103	67045
75925306063	67066
75925306193	67069
75925306223	66982
75925306223	67079
75925306353	66961
75925306513	66965
75925306773	67092
75925306933	234379
75925307213	234340
75925307473	67134
75925307473	67146
75925307633	67034
75925307763	67046
75925307893	67049
75925307923	67116
75925380063	66981
75925401263	71363
75925401393	71383
75925401423	71366
75925430003	67095
75925500133	66993
75925604763	67021
75925900803	66967
759283001333	19478
759283001463	19503
759283001753	19448
759283001913	36945
759283002033	19514
759283100043	19421
759283600703	36935
759313064253	264620
759313141053	347338
759313824253	264052
759431553103	10518
75951256103	346223
759583027293	261191
759661507853	76395
759661552013	40877
75968105043	198105
75968105203	197884
759686001633	350247
75969133823	368423
75971109113	283251
75971163283	283359
75971166963	283181
75971402023	283313
75971404393	283261
75971404713	283252
759969010253	164189
759969010673	164184
760045175063	84200
760055900013	305164
760091033003	40506
76010003263	217620
76014601083	63468
76020000023	322388
76020000313	322381
76020005523	322368
760208118883	4353
760229008323	274116
760236071563	207542
760236074793	209985
760236074953	209710
760236080763	209994
760236083153	208011
760236124313	206187
760236125273	209040
760236129653	208534
760236155713	208272
760236189633	207530
760236197843	208994
760236279563	208167
760236289883	208044
760236398493	208767
760236468493	208374
760236488323	209317
760236520573	207743
760236520603	209184
760236604303	210027
760236604693	209911
760236668183	208552
760236675433	208098
760236684923	208709
760236915263	206355
760263000123	23722
760263300063	23684
760286610323	346937
760286610903	346928
760295003963	315364
76032255343	186843
76033100673	49315
76033100703	49305
76033101113	49334
76033101823	49351
76033101953	49304
76033117213	49321
76033131653	49336
76033562433	49345
760366000303	100531
760366000693	219139
760366001713	332027
760366004073	219138
760366006763	219136
760366016403	332025
760366160083	332034
760366176893	219137
760412828523	130913
760488373873	81990
76050170123	243946
76050170253	243957
76050170383	243942
76050170413	243938
76050170413	243961
76050170543	243958
76050170833	243959
76050170833	243959
76050460293	243929
76057001383	351000
76057003493	350999
76057004063	245292
76057005923	245291
76057015793	75265
76057021473	75263
76057041563	64834
76057051043	351020
76067001113	58259
76067006903	58247
760672113353	186929
760672187613	186988
760672400033	186950
760672620363	186946
760672620943	186941
760672621353	186935
760672621353	186964
760680971693	129660
760695003303	54681
760712980013	370407
76081201063	146339
76081206143	20742
760921732113	211901
760941241053	54492
760948100223	341427
761088191843	137094
761088801933	135832
761088802183	104920
761088802343	136616
761088802473	135635
761088805023	41328
76113001043	235258
76114300053	284019
76114306253	311307
76114330203	311319
76114330333	311300
76114693193	59866
76114693513	60577
761253	340666
76132050183	319277
76132050183	319277
76132050213	319273
76132090073	319287
76132090073	319287
76132090103	319275
76132110023	319290
76132770043	319299
761359840913	171918
76138001813	234084
76138067093	234093
76138071083	234107
76138078303	234103
76138081273	234098
76138172353	234081
76138172803	234080
76150000993	4162
76150224153	4191
76150232073	4179
76150232233	4175
76150232493	4197
76150232523	4167
761584253663	304942
761657901453	216068
761657903303	216101
761657904133	216081
761657944023	216082
76170382703	37627
761706032503	68818
761706140413	372348
761706140543	372357
761720000403	204443
761720052303	163671
761720053003	204432
761720063453	204435
761720987513	204435
761720988183	15743
76183001523	305695
76183002193	305690
76183002223	305730
76183002483	305733
76183003763	305716
76183003923	305653
76183004753	317311
76183004753	317311
76183007563	305704
76183007723	305636
76183007983	305708
76183008003	305708
76183008133	305711
76183008263	305682
76183163733	305726
76183263563	305733
76183643563	305652
761843700013	122674
76185000043	16237
76185000203	16235
76185004683	16258
76185009923	16252
76186000073	283113
76187440243	366798
76187446023	366932
76188003133	56026
761898631553	103749
761898631683	103748
76197003483	71798
76197003773	71748
76200000263	166588
76200000973	166866
762089260033	89058
762089264123	89045
762111011473	313133
762111013743	327919
762111019233	313128
762111027313	327917
762111054593	313103
762111071873	313152
762111083173	313188
762111105783	313069
762111116673	313185
762111190123	312983
762111220363	313097
762111234483	304679
762111243133	313108
762111410573	312943
762111949523	327925
762111963543	327918
762111986313	313167
762111986443	327926
762155120193	149297
7622210286123	215833
7622210416773	43101
762357000323	89517
762357024053	89625
762357037053	89604
762357059543	89530
762357059673	89552
762357101433	89554
762357122483	89578
762357165633	89641
762357269553	89622
762357339003	89565
762357376923	89582
762357386663	89576
762357463333	89593
762357525833	89644
762453002313	349832
762481000343	335114
762481000893	37814
762481000923	37795
762574080283	222627
762574080283	222628
762574830123	222681
76259125023	353229
76261210083	247969
762612551683	124350
76265803113	196872
762663	340372
76268024553	341621
76268025703	341628
76268029213	341639
76268029503	341620
76268129043	341636
76268509203	341631
76286222283	109705
76289884853	180003
76289884853	180004
76295010703	25960
76295011403	25964
762988997863	300477
76301590243	13556
76301590243	13612
76301590823	13543
76301722163	13582
76301722163	13608
76301730113	13536
76301733503	13556
76301753563	13666
76301753723	13586
76301830073	13626
76301830073	13645
76301840003	13588
76301845053	13542
76301845183	13600
76301870383	13629
76301970113	13619
763027107083	281370
763027210233	74785
763027210233	74817
763027508033	74819
763027508163	74821
763027701953	74806
763027703063	74822
763027703223	74809
763027710863	281374
763027870673	281363
76306180623	211509
76306180753	211515
76306311003	211508
763089015043	238681
76310080193	146244
76310080223	146263
76310080513	146224
76310080643	146253
76310080773	146177
76310088113	146215
76310440003	146255
76310440553	146199
7631044083	347353
76310440843	146247
76310440973	146178
76310444063	347364
76310701043	146192
76314510153	85338
763335010303	245346
763336211143	311036
763336211143	311042
763336413363	311035
76338151073	333218
76338420353	217780
76338422333	52861
76338659203	179272
76338811373	256462
76338811403	256464
76338812363	220646
76338966653	124871
76338966943	124876
763441000243	195829
763441000373	195858
763441001653	195819
763441003893	195823
763441300183	195863
763441300213	195857
763441400043	195845
763441400333	195839
763441980033	195848
763441980163	83772
76350616543	57628
76350617083	57627
763528000173	260969
763528000203	260979
763528506033	260971
763528509133	260983
763528519033	260964
76360000103	20524
76371031103	148445
76371041133	148455
76371041133	148456
763719020713	352938
763795077373	310829
763795077403	67357
76381150153	102219
763913142013	254050
763913165043	321771
763946225073	8550
763946225103	8543
76397001463	178596
76397003283	178636
76397008103	178654
76397030043	178624
76397030203	178647
76397030753	178604
76397034003	178657
76397035703	178658
76397036403	178587
7639703703	178659
76397037103	178659
76397800103	178593
764003033	280108
764014000493	7482
764014323523	7480
764014592073	7432
764014625603	7462
764014726133	7484
764014813543	7426
764014868123	7418
76406021703	162645
76406022403	162655
76406023103	162678
76406061303	162663
76406063703	162663
764072881263	268361
76410010083	180163
76410010113	180212
76410088433	180114
76410181813	180186
76410400013	180149
76410521343	180354
76410900483	180367
76410900803	180250
76410901183	180164
76410901213	180153
76410901503	180231
76410901633	180233
76410901893	180146
76410901893	180311
76410902043	180121
76410902173	180308
76410902333	180179
76410902333	180301
76410902753	180271
76410902913	180124
76410903323	180173
76410903743	180240
76410903743	180313
76410903873	180267
76410903903	180133
76410904023	180265
76410904283	180271
76410904573	180143
76410904603	180194
76410904993	180206
76410905143	180306
76410905143	180363
76410905563	180331
76410905563	180331
76410905723	180271
76410905723	180273
76410905853	180196
76410906133	180281
764218608723	76629
764218652573	300535
764218673813	300546
76479474123	115928
76479643123	115916
76479699083	115910
764827000833	240566
76500059503	320764
76500061803	306981
76500072403	320730
76500072953	320737
76500077163	320784
76500086523	320776
76500102803	320717
76500109383	107378
76500229203	320745
7650963	371974
765105551993	48956
765105552013	48955
76515001153	283237
76515002983	283245
76515003133	283213
76515003423	283269
76515003843	283199
765171081493	197720
765171081523	281557
765171123483	352079
765171169993	352076
765171405923	352061
765171830923	352078
765171850853	352071
765230012413	235331
765299000543	197090
765352320083	306014
765444108063	17103
76545001093	323949
76549104103	350034
76549200683	324983
765573897203	102555
7655739010023	102558
765667110423	12695
765667111673	12663
765667126813	12710
765667300503	12650
765667400203	12707
765667900703	12680
765667900703	12685
76580004943	189192
76580005933	189180
76580182153	189196
765857449463	307320
765857606613	154693
765857749983	156145
76587103083	54738
7659263	207981
76592805033	116208
76592919143	116210
766000101603	168910
766000451203	168914
76606100253	131630
76606105043	131602
76606295263	52911
76606300233	131610
76606302213	131626
76606349003	131627
76606362453	52910
76606450563	17024
76606519703	343124
76606526053	17066
76606540493	17055
76606540523	17054
76606552953	17061
76606575273	343125
76606598203	17044
76606600173	131622
76606603433	131612
76606619663	131617
76606660993	219888
76606691393	17069
76606691423	17017
76606720543	17029
76606895333	131616
76609000253	284254
76609001403	284259
766114661123	318799
766150048483	65467
766150895483	343409
766200202223	30236
766204210163	164339
766244770443	213874
76625100623	348722
76633007013	45071
766375105053	75900
766375251323	139348
766375257653	250123
766375261643	115353
766375793083	221808
766626265093	268117
766626265673	268094
766626666203	268098
76665104353	91104
76665880943	15795
766684003163	3634
766684004023	3643
766684006003	3647
766684006133	307754
766684013803	3655
766684070523	3638
766694001333	106898
766753	339663
766866605093	134614
766897092343	95524
767000133373	257824
767000190123	257832
767000190253	214876
767000724243	257834
767119311693	372267
767119510683	372269
767119551693	372278
767119578393	372272
767119713503	372279
767119713503	372286
76721109193	22720
76721203013	22728
76721238053	172277
76721258853	172293
76721264533	302636
76721279353	172280
76721520103	265346
767223482173	330218
767226001043	318503
767226001623	318495
767226025063	318508
767226037363	318475
767226339573	318507
767226448183	318500
767335011193	79689
767335020133	273043
767335077793	79688
767335077823	79712
767335077953	79704
76737122353	89291
76737123763	89268
76737124593	89260
767387034553	79337
767387034553	79338
767387556093	246642
76740071693	363124
76740072393	363139
76740072683	362954
76740074113	363120
76740074403	279040
76740076773	363119
76740101253	363163
76762012803	244082
767707001203	167348
767707001203	167348
767707002293	167341
767707013183	167355
767707013503	167350
767778000013	179866
767778000143	179874
767778001683	179884
767778030683	179880
767778040743	179293
767778050063	179876
76779137513	81312
76779199603	81305
76779223643	197170
76781017063	253117
76800000113	184491
76800006993	188767
76800008003	184476
768044089893	274527
76808000283	22479
76808000733	22256
76808000733	22339
76808001143	22380
76808002423	219342
76808003673	22456
76808006223	22405
76808006513	22475
76808007343	22429
76808007473	22331
76808007503	22328
76808008463	22411
76808008463	22412
76808008753	22232
76808008753	22233
76808008883	22328
76808009453	22416
76808011623	22305
76808011623	22353
76808034363	22321
76808280173	22260
76808280173	22309
76808501063	22228
76808501063	22293
76808506433	22257
76808506433	22306
76808533583	22369
76808533583	22422
76811000133	75037
76811041723	75072
76811042133	74940
76811142123	74956
76811142123	75065
76811144653	74958
76811346033	74934
76811800023	74946
768183002463	134288
768183120723	134291
76819000043	172853
76819000333	172865
76819003013	172864
76824122013	23153
76829023483	59556
76829024213	59549
76829024633	59557
768395468583	313668
768395468613	39136
768395468743	76758
768395468903	108516
768395472023	108497
768395472993	108603
768395473723	76703
768395477493	108297
768395478803	325252
768395479343	143414
768395479503	108365
768395480653	108382
768395481193	76738
768395482183	325521
768395482213	108279
768395482343	108558
768395482473	108643
768395482503	325450
768395482633	108518
768395484293	108376
768395487263	76770
768395487553	76721
768395487683	108539
768395491673	143236
768395493233	76808
768395493493	108363
768395493523	313654
768395494773	108366
768395495213	325260
768395495473	108666
768395495503	143416
768395495633	108384
768395495763	108635
768395495893	108355
768395496173	108623
768395496203	108325
768395498153	313666
768395498283	108301
768395498313	108387
768395498573	76652
768395498993	313666
768395499273	108371
768395499433	108535
768395499563	270667
768395499723	108292
768395500993	108342
768395502973	325360
768395503833	108273
768395504243	108525
768395504373	108558
768395505363	342775
768395505653	313666
768395509033	108405
768395512453	95599
768395518073	108388
768395523053	369278
768395523213	369480
768395524463	275996
768395524593	81411
768395524623	81426
768395525323	108552
768395525613	108269
768395526153	108315
768395526283	313637
768395527563	81417
768395529833	313630
768395535483	76830
768395536473	108558
768395537463	108400
768395538583	108601
768395538743	108270
768395538873	108549
768395539153	95598
768395541613	108388
768395542603	108600
768395544393	108432
768395544553	108463
768395544973	108568
768395545673	108551
768395545703	108652
768395546083	108430
768395547813	95596
768395548223	108554
768395548353	108554
76839554843	108299
768395548643	108388
768395549343	228615
768395549473	108436
768395549503	108441
768395549893	108295
768395551353	108454
768395551483	108463
768395551773	108582
768395553753	313666
768395554613	106956
768395554903	141956
768395555313	108552
768395556303	313702
768395556723	95598
768395557713	108304
768395558673	108670
768395558703	108564
768395559953	108435
768395560263	108555
768395561123	108399
768395564483	247098
76840001743	25576
76840001743	25696
76840001873	25701
76840002283	25537
76840002283	25538
76840002313	25650
76840003143	25680
76840003563	25666
76840003853	25638
76840100583	25573
76840100583	25575
76840101283	25560
76840200153	25702
76840220243	25678
76840580743	25580
7684063503	25672
76840674473	25556
76845250023	161794
76845250313	161796
76850099013	122823
76850753403	135358
768573300353	329549
76864025763	234122
768668000083	36950
768668003633	36949
768920107123	324648
768920110123	324647
768920121013	324635
768920503093	324623
768920505103	324622
768920602093	324646
769087001583	264837
769087002603	264804
769087004003	264823
769087004843	157441
769087005543	181599
769087007103	181604
769087008223	264802
76915060453	53286
76924569343	59919
76924722823	304181
769363240873	256108
769363300393	332760
769363440013	190989
769363970213	94560
769363970473	94600
769363970503	94574
76937200233	240335
76937200233	240335
769394131133	134982
769493200013	130641
769493900043	130649
769498830963	98994
76958414053	274763
76958414213	274759
76958425363	274768
76958425783	274770
76958550133	103645
76958557293	103652
76958620133	364367
76958620393	363717
76958620423	364758
76958620553	364300
76958621413	364472
76958621673	363355
76958622113	363518
76958622373	364235
76958622533	363709
76963522033	128951
76963523023	60309
769719115213	247002
769745500113	129627
769828120733	210436
769828170073	32457
76983350913	60428
76983371413	59762
76983371963	60597
76990003833	190836
76991000503	197694
76991004013	197691
76991005003	197702
76991301013	197676
769933855803	179387
769933856053	179411
769933856183	179397
769933856213	179378
769933856763	179387
769933857043	179384
769933857333	179410
769933857623	179387
769933858903	179421
769950705013	58260
769950801043	58294
770118227513	170268
770118709033	301859
770118782043	230674
77013101963	252131
77019000253	122147
7702004013453	255236
7702011045003	62400
77028101453	131581
77028104553	131572
77028105543	131569
77028105543	131570
77028142593	131588
77028171623	131566
77028199313	131554
77028200323	131575
77028585703	131521
77028822563	131526
77028822563	131537
77028870533	336056
770333032053	180937
770338510433	51843
77034009873	163766
77034011173	288536
77034011463	288516
77034011593	288515
77034011753	288521
77034012033	163739
77034016703	163750
77034018103	163710
77034018523	163769
77034018653	163771
77034081503	288555
77034081923	163770
77034084443	163743
77034085273	163747
77034085853	288554
77034086003	163729
77034086133	163737
77034086423	163748
77034089233	163766
77052319503	275864
77072000283	73398
7707362860053	212652
7707363540183	43732
77079000033	308863
77079004093	308886
77079004123	308877
77079004253	308871
77079004703	308851
77079007353	278546
77079008053	308855
77079008183	278519
77079008213	308868
77079009333	308853
77079009883	308859
7709081653183	107437
770934092203	142088
770981030593	345260
770981031033	345281
770981031293	345169
770981031323	345169
770981032153	345203
770981034393	345284
770981034683	345169
770981042503	345169
770981044033	345192
770981044323	345212
770981051963	168798
770981055213	345276
770981055503	345243
770981061993	345283
770981063003	345236
770981063423	345168
770981080543	345196
770981097893	345273
770981098913	345177
770981099583	345174
770981099613	230381
770981099903	345198
770981303123	168829
770981310053	168812
770981310763	168798
770981311203	168824
770981311333	168824
770981315003	220759
770981515083	345253
770981540023	168787
770981540153	168787
770981810003	168802
770981810133	203399
770981810423	203404
770981907093	333127
770981908083	168804
770981908083	168832
77100779303	83836
77153002243	60459
77153810053	273253
77153900273	341927
77153900303	341923
771603	340114
77165102283	158150
77171110623	315019
77172641713	123131
77172667423	123105
77172667713	123100
77189016283	156531
77189054193	156533
772291008033	122920
772291018803	122916
772291019053	122938
772291021803	122932
772291023043	122931
772291023883	123094
772291028123	122926
77232136463	323487
77232154153	244686
77232164473	150313
77232170733	244681
77232171143	244678
77232172553	244691
77232172973	244717
77232173093	244526
77232173123	244533
77232370003	244459
77232370263	244453
77232370393	244534
77232410143	244713
77232870343	323413
77241012383	70955
77245108303	84190
77245109973	84134
77260000163	279088
77260000293	279075
77260001153	278985
77260002433	279388
77260003423	279321
77260004093	278999
77260005953	279267
77260008053	278977
77260008473	279509
77260008503	279196
77260008633	279263
77260009333	279320
77260009593	279388
77260009623	279581
77260022073	279021
77260022073	279028
77260022103	279123
77260022233	279500
77260040183	279127
77260040213	279375
77260040473	279003
77260040633	279401
77260041173	279014
77260041203	279014
77260041333	279010
77260041463	279024
77260041883	278984
77260042163	279218
77260042293	279600
77260042613	279522
77260042743	279400
77260044143	279030
77260044143	279350
77260044273	279019
77260044273	279275
77260048653	279014
77260048943	279444
77260060013	279518
77260060303	279509
77260060433	279561
77260060563	279586
77260060723	279440
77260061263	279485
77260061393	279484
77260061713	279227
77260061843	279438
77260062123	278980
77260062253	279014
77260062383	279427
77260062833	279003
77260063083	279183
77260063533	279270
77260063663	279238
77260067753	279273
77260068163	279115
77260068293	279336
77260069993	279012
77260082343	279509
77260082633	279003
77260082763	279289
77260083913	279351
77260084323	279118
77260090263	279448
77260091703	279334
77260093103	279315
77260093233	279508
77260094773	279370
77260095343	279260
77260096043	279559
77260096463	279538
77260096913	279544
77260097903	279102
77260098313	279388
77260099693	279403
77260100313	279302
77260100313	279394
77260101983	279035
77260102003	279022
77260107343	279357
77260108593	279000
7726061263	279340
77290603013	3393
77290763083	33402
77290774003	33397
77290905353	247511
77290986543	247518
77298000043	221911
77298067183	221928
7730116150193	85142
7730430000143	181743
77314805003	60443
77317042863	310793
77317082203	20755
773171321303	90305
77317400243	64587
77317530933	329737
773200718593	318565
77330342063	166522
77330347723	273293
773798020023	184261
77385089203	170364
77387203133	195932
77387206233	95499
77387400693	59840
77387400723	59933
77391710023	154469
77396142133	12308
77400108353	49704
77400120133	43441
77400221533	64698
77400428383	43461
77400481043	43480
77400521053	43452
77400971063	43482
774034510483	19305
774093	340339
77428117313	79806
77438600393	144445
77449504123	130970
77449506073	130974
77449506103	130977
77479000923	196157
77485000313	304935
77502036103	163150
77502156153	163148
77502300013	163151
7750243053013	7718
775026796113	245743
77502990023	163153
77502990023	372237
77507000093	282443
77507000123	163534
77507001083	282426
77507004053	282423
77507005043	282427
7750765633793	50489
7751271016193	116311
77521321013	371350
7752187000283	352750
77521936453	371353
77521936583	371344
7753466177153	66131
77541005153	313542
77544002463	240331
77544002463	240331
77544002883	240314
77544152403	240328
77544334403	240331
77544361003	240358
77544361003	240358
77544825123	240315
7755864000583	332476
77567001023	194772
77567001153	40723
77567001283	255796
77567001313	40771
77567001573	255821
77567001603	194769
77567001733	40742
77567001863	194751
77567002143	40757
77567002433	194773
77567002563	40728
77567002723	194755
77567002853	255789
77567003263	40708
77567003393	40778
77567018083	121729
77567021533	255816
77567132253	121763
77567227003	40777
77567254443	40676
77567266613	40681
77567274403	107617
77567306623	40685
77567313393	40720
77567327673	40765
77567596673	255820
77572241223	30429
77589400453	177412
77589402273	177414
77593000243	138600
77633750183	283224
77633750213	283264
77633750343	283327
77633750633	283363
77633751043	283329
77636010413	179142
77636022713	179166
776363	339468
77644303323	102167
77644900423	102153
77644900683	102188
77644901123	102152
77644901123	102160
77644901383	102173
77644901383	102186
77644901413	102155
77644901413	102182
77644901703	102176
77644901833	311398
77644901963	102170
776455301053	85633
776455301503	85634
776455940153	9676
77646023793	325200
77646023793	325200
77661008133	188361
77661111413	188308
77661114483	188301
77661120583	188339
77661125113	188349
77661125113	188349
77661125663	188299
77661137833	188406
77661139493	188366
77661140383	188368
77661140413	188342
77661147023	188273
77661147283	188322
77661147313	188410
77661147313	237130
77661150153	188294
77661160053	188409
77661167403	129126
77661170663	188281
77661170663	188281
77661171523	188303
776783	340102
776834930003	304184
77700000043	218517
7771711000483	83832
77718920593	156376
77718998813	23218
77741570253	59563
77745200903	268537
77745205243	268593
77745205663	268530
77745207933	268577
77745226323	268591
77745236643	268535
77745236643	268536
77745243603	268609
77745245393	268502
77745247243	268531
77745247373	268489
77745249063	268606
77745251783	268544
77745253183	268505
77745254043	268584
77745270463	268550
77745271163	137908
77745272733	268553
77745295893	268480
77745298023	268570
77745299143	268547
777744000053	30380
777762004323	155054
77782000603	160635
77782000863	160606
77782001563	160649
77782002133	160605
77782002423	160561
77782002683	160573
77782003093	160646
77782003673	160619
77782003963	160707
77782004113	259155
77782013573	160560
77782014563	160612
77782023923	160672
77782026993	160696
77782027013	160675
77782029833	160544
77782029833	160544
77782030853	160556
77782678383	160616
77782678413	160613
77782678703	160699
77782679083	160650
77782679373	160655
77782680683	160669
77782682083	160603
777890376583	356654
77815002543	257442
77815002833	257440
7781502693	347383
77817127763	19258
77817168513	19275
77817192273	19263
7782027013	160675
778367517713	323634
77851552903	304616
7785283	189327
77865000513	92649
77865001053	92638
77865010093	269404
77865010253	269415
77865010413	269412
77865011533	269391
778763	340812
778834050903	351782
77886300463	190405
77886401023	190416
77890002223	357898
7789002673	357579
7789011123	356816
7789011783	355787
7789012663	357012
7789013143	357914
7789013263	355980
7789013763	354428
7789014483	356050
7789014503	357765
77890147023	355833
7789014963	357650
77890157763	354201
7789015893	354725
7789016483	356842
77890166833	357386
7789016883	357151
7789017173	355874
7789017393	354592
7789017853	355894
77890178683	356361
77890180013	356078
7789018633	356329
77890188873	354206
7789019343	354999
7789020443	356580
7789020553	354376
77890205563	354378
7789021493	355739
77890221693	356473
7789022333	358086
7789022553	354584
7789022613	356619
7789022813	356254
77890230053	354956
77890232903	354390
7789023323	356711
7789023793	356668
77890246603	356672
7789024743	356290
77890247433	356282
7789024873	356092
7789025063	354661
7789025333	354613
7789025793	355966
7789025813	355677
7789026143	354790
77890261613	355465
7789026213	355744
77890267073	355701
7789027163	356413
7789027383	356141
7789027403	354592
7789027443	356189
77890276013	357573
7789027873	357303
77890279113	358088
7789027953	356543
7789028043	355792
7789028083	355041
7789028213	356395
7789028323	355938
7789028333	355522
7789029143	356909
77890291733	355343
77890292723	354626
77890296653	357384
7789029733	354595
7789029793	355283
7789030343	355529
77890305393	356507
77890305423	356437
77890305553	356497
7789031013	357192
77890310403	356660
7789031073	356879
7789031783	357269
77890317853	357745
7789031993	356932
7789032113	354275
7789032453	355080
7789032503	355244
77890325513	355454
77890326213	354676
77890326633	356500
7789032723	356799
77890328033	357273
77890328453	354903
7789032933	355882
7789033053	355623
77890331163	355405
77890331583	355871
77890332733	354561
7789033283	356987
7789033383	356992
77890333983	356219
77890334003	356220
77890334263	356163
7789033653	354591
77890337233	357127
77890337493	357785
77890338643	354795
77890339763	355334
77890340073	358073
77890340363	356690
77890340523	354394
77890341483	355802
77890343883	355778
77890346723	355484
77890348963	354216
77890350133	355421
77890351703	354255
77890352243	355579
77890352403	354240
77890354193	357933
77890354643	357517
77890358153	356632
77890358313	355843
7789035953	355901
77890360903	355210
77890361733	354624
77890362143	355854
77890363003	356842
77890363843	356702
77890364093	356204
77890364253	356164
77890364963	354581
77890365083	357522
77890365243	355659
77890365373	355053
77890365403	357949
77890365533	356878
77890365953	354304
77890366653	357461
77890366943	356872
7789036863	356623
77890368633	357979
77890368763	356456
7789036883	354702
77890368893	355377
77890369333	355416
77890369593	355140
77890369623	354793
7789036963	355181
77890369753	354867
7789037063	356703
77890370803	357217
77890370933	287907
77890371213	356299
77890371343	357903
77890372043	355155
77890373033	356021
77890373293	356345
77890373873	357349
77890373903	355103
77890375433	356053
77890375693	356605
77890376263	354465
77890376713	355228
7789037693	355600
77890376973	356343
77890378243	356288
7789037833	355321
77890380383	358040
77890380833	356522
77890381533	355450
77890381793	356452
77890382073	357543
77890383063	357341
77890384053	358079
77890384213	355945
77890386453	354543
77890387573	355123
77890387603	355313
77890387733	356043
7789038813	357768
7789038993	356667
77890390283	355360
77890390993	356595
77890391143	356417
77890392683	354472
77890392843	356453
7789039303	356024
77890393093	354306
7789039413	357455
7789039573	354613
77890396803	356920
77890401293	356183
77890401613	355690
77890403143	355800
7789040373	355102
77890404003	357787
77890404553	356465
77890404713	356956
77890404843	356471
7789040523	356330
77890405543	357069
77890405833	355347
77890407073	356610
77890407943	354738
77890408063	356129
77890409183	357225
77890409213	355634
77890409893	355513
77890410363	355731
77890410523	356099
77890411193	358030
77890411223	355450
7789041123	354680
77890411353	356740
7789041193	357576
77890412053	354572
77890412213	354534
77890414163	355585
77890414293	354941
77890414743	357261
77890414903	354191
77890415443	357276
7789041573	356102
77890416563	358007
7789041763	358002
77890422823	357824
77890428443	356184
7789043213	357016
7789043253	355919
77890435243	357245
77890435663	354719
7789043633	357452
7789043673	357326
7789043723	354548
7789043793	356415
77890438183	357482
77890439753	354354
7789044033	355717
77890440353	357829
77890440803	354630
7789044083	354202
7789044093	356847
7789044113	357315
77890441183	356315
7789044323	355354
7789044383	354780
77890445563	357866
77890446133	357458
7789044653	355615
77890446553	358165
77890446843	357788
7789044743	355184
7789044783	357200
77890447833	357205
7789044983	355556
7789045043	356072
7789045053	355505
7789045083	356545
7789045093	356376
77890451083	357590
7789045113	357774
7789045163	357728
7789045183	354358
77890452653	356533
7789045313	354377
7789045343	355480
7789045373	357267
7789045393	357358
7789045423	357362
7789045483	354988
7789045603	356135
7789045613	354281
7789045653	357112
7789045833	356775
7789045843	356675
77890458433	356675
7789045873	357390
7789045883	355811
77890458853	355814
7789045893	358097
77890458983	355803
7789045903	355777
7789045943	355298
77890461853	357076
7789046233	355472
7789046283	354962
7789046343	354997
7789046393	356344
7789046483	356733
7789046533	356554
77890466353	355866
77890466803	354820
7789046683	356491
7789046703	357844
7789046733	355266
77890467343	354751
7789046743	354789
7789046863	354852
7789046873	357367
77890468913	357760
77890470473	356745
77890470503	355311
77890471753	354946
7789047183	357698
77890472323	358072
7789047303	357401
7789047313	357034
7789047323	357027
7789047383	356990
7789047393	357398
7789047433	355827
7789047503	356016
77890475393	355943
77890475683	357391
7789047593	355457
7789047713	356082
7789047753	357322
77890477793	357742
77890477823	356960
7789047793	358048
7789047853	355081
77890478813	357093
7789047893	355847
77890478943	355846
7789047943	357361
7789048033	355532
77890480793	354643
77890480823	357822
7789048133	355574
7789048143	356303
7789048193	354888
7789048213	356991
7789048243	355277
7789048313	355391
7789048363	355722
77890483633	355858
7789048413	357040
7789048483	356067
7789048533	356252
77890485453	355351
77890485583	357041
7789048603	355606
77890486733	357638
7789048753	354289
7789048763	357148
77890488263	357983
77890488713	357398
7789048873	356953
77890488973	358023
77890489093	356924
7789048913	355940
7789048983	355284
77890489963	358021
77890490013	357989
7789049013	356820
7789049053	355573
77890490563	356314
77890490983	354660
7789049123	354198
7789049193	354699
7789049223	354897
77890492543	355899
7789049263	357643
7789049303	357000
7789049313	357213
77890493243	358057
77890493533	356937
77890493663	357476
77890494943	357281
7789049503	354847
7789049583	355969
7789049653	355426
7789049743	354567
7789049773	357324
7789049803	354825
7789049843	356560
7789049873	356570
7789050053	355348
77890500583	220846
7789050153	357472
7789050223	357181
7789050243	357344
7789050263	354533
7789050353	355274
7789050383	357328
7789050463	354331
77890504673	180408
7789050473	354327
77890505793	355041
77890505823	357209
7789050633	357806
7789050713	356227
7789050823	355925
7789050903	354352
7789050953	357051
7789051043	355397
7789051123	356101
7789051133	357971
7789051143	357102
7789051223	357318
77890512593	354866
7789051263	356238
7789051273	356019
7789051283	354396
7789051293	357487
77890513903	355995
7789051453	357608
7789051473	357442
7789051483	356709
7789051493	355013
77890516393	357435
7789051653	355696
7789051793	354720
7789051823	357255
7789051873	355226
7789051933	355603
77890519653	354547
7789052003	357395
7789052133	357387
7789052393	356286
7789052483	355504
7789052503	355494
7789052533	358071
77890525333	358071
7789052543	354736
7789052703	354928
77890529263	358041
7789053023	357716
77890530573	355817
7789053113	357009
7789053143	357790
77890531433	357790
77890531693	355410
77890532553	355436
7789053293	357022
7789053433	354647
7789053463	354299
7789053623	357044
7789053703	357925
77890540343	355079
7789054093	356232
7789054253	354847
7789054393	357052
7789054443	354638
7789054483	356118
7789054513	355655
77890545263	355269
7789054813	356043
7789054903	354332
77890549223	354524
7789054923	354538
77890549483	358144
77890549513	358167
7789054973	357632
7789055013	354522
7789055073	354428
7789055103	357038
77890552193	357808
7789055283	355470
7789055363	357072
77890554173	355738
77890554623	357854
7789055743	355830
77890557983	356983
7789055823	357611
7789055853	357521
7789056183	356347
7789056233	356563
7789056483	356955
7789058133	357899
77890611203	355387
77890612873	354515
77890616093	356995
77890634073	357789
77890637173	354914
77890637913	354680
7789064373	357144
7789068773	354360
77890731093	356125
77890735923	355403
77890737873	356528
7789074003	354397
77890759943	356337
77890772003	357164
77890793923	354671
7789083243	354653
7789083573	356273
7789083603	356145
7789090023	354227
77890931103	354357
7789094163	356599
77890978733	357724
7789097883	356724
77900000393	159845
77900000713	159939
77900000843	159743
77900001093	159931
77900001413	159814
77900001543	159848
77900001673	159887
77900001833	159833
77900001963	159699
77900002083	159729
77900002243	159830
77900111013	159677
77900111013	159927
77900114953	159685
77900118593	159922
77900137433	159789
77900147463	159713
77900147593	159678
77900192463	159860
77900192623	159957
77900194863	159871
77900195433	159849
77900310973	159670
77900335303	159862
77900347443	159911
77900363993	159665
77900365263	159675
77900491603	159895
77900501753	159893
77900502163	159911
77900513343	159701
77900513343	159968
77900513923	159904
77900536083	159664
77900536083	159664
77900650543	159958
77901003843	257916
77901003843	261212
77901006523	261209
77901007803	257957
77901007803	261219
77901009623	257968
77901200013	257940
77901206503	205317
7790387001693	325217
77908000203	74193
77908620043	74194
77916222543	38374
779333	340723
77948006043	46808
779566111863	240396
77958222563	34384
77958503013	245218
77958529303	34366
77958530323	34406
77958532013	34357
77958562713	34398
77958690133	34387
77958690133	245169
77958693813	245231
77958694643	34392
77958726153	34375
77958785013	245239
77975022153	306363
77975022313	306195
77975022313	306313
77975025093	306411
77975027103	306361
77975027103	306410
77975034033	306142
77975034033	306388
77975035603	243925
77975036143	306229
77975036983	306132
77975080733	306131
77975081563	306405
77975082683	306309
77975083413	306206
77975088203	306226
77975091203	306104
77975091623	306247
77975091753	306418
77975092293	306234
77975092453	306258
77975092873	306220
77975092903	306147
77975093153	306175
77975093313	306157
77975093863	306105
77975094013	306249
77975094143	306273
77975094273	306102
77975094273	306353
77975094693	306176
77975094693	306298
77975095133	306297
77975096123	306331
779913	339648
78000000283	3407
78000001853	18904
78000002133	79881
78000003543	286974
78000004083	138461
78000004113	138461
78000011333	79890
78000011333	286970
78000011623	45781
78000011883	3398
78000013153	66822
78000013153	66823
78000013283	66823
78000013283	66835
78000015133	48207
78000017403	79872
78000017663	318863
78000019353	66831
78000020403	324533
78000020953	79841
78000021103	48211
78000023343	48221
78000023763	350011
78000023923	3416
78000024753	48227
78000026573	18905
78000027563	66823
78000027563	66835
78000027693	79895
78000027723	319240
78000027983	319180
78000028133	48222
78000028683	350014
78000028973	286975
78000030273	48230
78000030693	312596
78000032413	286992
78000033083	319178
78000035803	66802
78000035803	66841
78000037623	79855
78000038033	318863
78000041163	79880
78000050813	268359
78000053463	18902
78000054163	79860
78000082463	79841
78000082463	79846
78000083163	79830
78000083163	79865
78000083453	79830
78000116403	79871
78000152463	48221
78000152883	48228
78000153453	79899
78000165463	48244
78000165463	48245
78000182743	350238
78000202403	286948
78000206463	286963
78000206463	286977
78000225143	79827
78000293463	248036
78017001143	250976
780244100703	240429
780369114043	49254
780443000033	15957
780456870913	157354
780526311773	49256
780562050773	320761
780562050933	320771
780562051763	320853
780562150503	320848
780562880363	320839
780707102213	328046
780707102343	325182
780707102633	325186
780961020483	156255
780961206153	156258
780961430053	156267
780982001003	235283
780982001003	235283
780982999003	235294
7809903	3406
780993107213	90815
780994753013	137625
780994782303	137693
780994789043	137698
780994790223	137607
780994799233	137683
780994799363	137697
780994802193	137687
780994802643	137711
780994803893	137621
780994807853	137725
780994821613	137727
780994822733	137732
780994824263	137746
780994828513	137718
780994828513	137718
780994829183	137743
780994832923	137628
780994833043	137672
780994833333	137683
780994838833	137642
780994838963	137636
7810103	79839
781055075273	48563
781138700153	236042
781138719223	236002
781138779203	236037
781138803113	236023
7811403	48228
781198181503	307497
781213	340692
78122070973	103099
781231000303	267849
781231000433	267862
78139710633	65503
78139736213	65509
78141105403	95269
781421001523	178220
781421170113	178195
781421523513	178223
78146329743	321167
781624006783	350071
781624008053	156094
781678272653	230133
781718805643	68730
781763	339515
78184339773	53603
78185000153	218028
78185000153	218036
7818503	18904
78185071603	218032
78185086003	218031
7820003	18903
782045100463	24204
782045115023	24186
782045117683	24212
782045852003	214500
782150092523	153087
78216006413	329180
782253010523	222149
782301236943	159043
782405480013	130380
78255002513	260423
78255040003	290130
78255040133	260421
78264016143	145021
78264039203	145057
78264048083	238141
78264049103	238144
78264052103	295829
78264065103	295951
78264076123	295858
78264082803	145044
78264093083	145056
78264094103	145059
782643000103	295097
78264316083	145035
78265003043	190658
78265120023	20549
78265634223	20548
78265635213	221783
782706185013	49640
7827103	319206
78271222353	351752
78271640553	118154
78271647873	351768
782733000013	326542
782733010043	326572
782733012283	326520
782733013563	326570
782733015093	326565
782753	341118
782758202263	309040
782796001613	23064
782796013173	23008
782796014033	245526
782796018383	23052
782796018413	23019
782796019083	245438
782796019113	245457
782796019953	155418
782796020263	245376
782796020713	245534
782796020973	245528
782796021383	245354
782796021413	245529
782796021703	245520
782796021963	245500
782796022243	245446
782796023233	245518
782796023493	245488
782796023783	245363
782796023813	245379
782796024223	245467
782796024643	245440
782796025633	23023
782796026173	35963
782796026203	35782
782796026333	35991
782796026913	23036
782796027453	245391
782796028443	245383
782796028993	245387
782796031023	35871
782796031283	174702
78296009243	111907
78296106003	118921
78296164003	118923
78296558703	118938
783025030053	346919
783025040083	346920
783025050013	346925
783045100743	37650
783045678723	37653
783045688753	58974
78314221053	194427
78314321753	194437
78314500103	194424
78322571003	149926
783257007113	11019
783257008523	11026
78328001443	343767
78328031303	324105
783390000033	271620
783390000163	271609
783390000583	271614
783390002143	271601
783390002723	271597
783397650033	17698
78354112083	45652
78354134023	45653
78354311523	45634
78354313763	45529
78354319093	45629
78354319093	45630
78354511213	45526
78354620113	45502
78354632673	45603
78354704363	45550
78354707593	45593
78354707593	45663
78354712283	45559
78354713723	45595
78354714973	45612
78354715093	45636
78354716533	45515
78354719183	45533
78354719183	45658
78354719213	45503
78354719473	45627
78354850183	45648
78354850183	45666
78355550013	331480
78355570103	331494
78355570363	331478
78355580003	331479
78355600183	331505
78355900023	331495
783583440493	110764
783583896153	274538
783583933353	70015
783583989343	332747
78364000103	196324
783919123113	3523
783919128613	3528
783919132313	3520
783919132733	294648
783919133013	3523
783919420113	3531
78395407353	90184
783963000613	15766
783963000743	15773
783963001283	290718
783963002433	290723
783963002983	77242
783963003133	77253
783963004673	290685
783963004703	77264
783963005373	77267
783963005663	15765
783963005953	290704
783963007933	77241
783963008893	77271
783963008923	290714
783963009043	290693
783963020703	290692
783987721303	182701
783987851703	333807
783987882103	10752
78400001033	366719
78404005013	195388
78404025103	50571
78411100183	46141
78411100183	46142
78411108523	46165
78411108523	46183
78414404493	339382
784428000063	213840
784428000193	213839
78465000613	279621
78469212753	92513
78469401003	92494
78469571003	92496
78469571553	92506
784748013163	228937
784830000163	317398
784830000903	317363
784830001153	317387
784830002013	317373
784830100023	317393
784830100993	317366
784830101013	317386
78487372323	192193
785002010713	13518
785030000113	273467
785030021033	273468
78503003583	250128
785030555613	273471
78516901753	344191
785331026133	131305
785331052323	131294
785331176883	131301
785331722363	131289
785331760563	131309
785331779633	131282
785357022843	247942
785391681013	17697
785391701063	17685
785391701353	17692
785397006353	330352
785397008463	330331
785397010213	330332
785514006013	181090
785515100123	281176
785654000643	235940
785654000803	75281
785654161023	346376
785654531123	235937
786081005003	37447
78611000023	282863
786119000093	155182
786133	340163
786162003843	85759
786162400093	351638
78619000223	271180
786202775143	70738
786560000673	211762
786560016223	211783
786560016513	211778
786560153133	211768
786560187053	211771
786560557023	211766
786560557153	211779
786560579773	211746
786560658003	211793
786560663083	211788
786601564133	84016
786791091013	24394
786831025923	73877
786843	339459
78684740123	44137
786969010273	222033
786969030073	222001
78700015303	8752
78700016263	124645
78700800053	289782
78700801463	224396
78700801593	224253
78700801623	224236
78700802903	289787
78704409153	213754
78705151013	76583
78716111273	17824
78716111563	17841
78716111723	17837
78716264023	17879
78716268403	17856
78716269103	17885
78716663093	17834
78716706103	17821
787176000033	270288
78722048143	127114
78728111353	46982
78728503233	46973
787302100033	73299
78732002203	50464
78732004023	50468
787325101833	43176
787325201533	43184
787325203353	43168
787359100093	105081
787359101403	105052
787359103803	105012
787359112843	330097
787359133503	145887
787359142123	330105
787359142123	330105
787359177033	105047
787359179853	105054
787359190193	105061
787359252013	105003
787359476433	105018
787359560453	330102
787359687143	105037
78742000053	126001
78742000183	126584
78742000213	281873
78742000343	329664
78742000473	329706
78742000503	105388
78742001463	127069
78742001753	125633
78742001913	282123
78742002033	217651
78742002293	127826
78742002323	282022
78742002873	125527
78742002903	128083
78742003023	210604
78742003153	128818
78742004013	126517
78742004273	210617
78742004433	210962
78742004563	210810
78742004723	210609
78742006093	125615
78742006123	127507
78742006253	126435
78742006703	128183
78742007083	125392
78742007373	201311
78742007793	281978
78742007953	126696
78742008073	128092
78742008103	125934
78742008233	126697
78742008943	128292
78742009223	128292
78742009513	127945
78742009773	105780
78742010113	127056
78742010373	105755
78742010663	105650
78742010793	353029
78742013183	127232
78742013213	128102
78742013633	127338
78742014913	128053
78742015033	125923
78742015613	128760
78742015743	127692
78742016573	127608
78742017563	128206
78742017853	127948
78742017983	127258
78742018713	217649
78742019543	105760
78742020143	126010
78742020433	128735
78742020983	125998
78742021003	127826
78742021263	127277
78742021393	128349
78742021713	128089
78742021973	128077
78742022413	126042
78742022543	126842
78742023083	127970
78742024523	125782
78742025513	127823
78742025773	329972
78742025933	128086
78742026343	126964
78742026633	105706
78742027203	126370
78742027463	126856
78742027623	128527
78742028583	125861
78742028613	125500
78742029023	282135
78742029313	105339
78742029863	201817
78742030623	127616
78742031453	329838
78742031613	125488
78742031903	126953
78742032283	126962
78742033013	329978
78742033433	352962
78742033563	126514
78742033983	126416
78742034133	126526
78742034683	126589
78742035253	92656
78742035543	69165
78742035673	20610
78742037653	329923
78742038513	258597
78742038803	258565
78742039183	126738
78742039343	126741
78742039633	128095
78742039763	128151
78742039893	295312
78742039923	127990
78742040783	126061
78742042343	126904
78742043623	210811
78742043753	127042
78742045863	210842
78742046143	127127
78742046723	127606
78742047003	281952
78742047393	69342
78742048383	127120
78742048413	127083
78742049113	69207
78742049953	329876
78742050003	329872
78742050133	127257
78742050393	126185
78742050423	127816
78742050553	69328
78742051093	281895
78742051543	329926
787420516563	302454
78742051673	58616
78742051963	329802
78742052083	329753
78742052113	281770
78742052663	329925
78742052953	329640
78742053073	211065
78742053363	128479
78742053493	127885
78742053523	282122
78742053813	282042
78742053943	282131
78742054513	128197
78742054773	125466
78742054803	127219
78742055343	127300
78742055473	329630
78742055503	106471
78742056203	127001
78742056623	258617
78742056753	128019
78742056883	282018
78742057033	211141
78742057293	329945
78742058603	126829
78742059013	295322
78742059303	126098
78742059853	69285
78742060163	127493
78742060903	58642
78742061313	282086
78742061573	69247
78742061993	127432
78742062013	125990
78742062143	126122
78742062273	126620
78742062563	69322
78742062693	69190
78742062853	128139
78742063263	282096
78742064413	126590
78742064673	128353
78742065113	329671
78742065403	69249
78742065663	281707
78742065793	125515
78742066653	127126
78742067353	128754
78742067483	125816
78742067643	258612
78742071923	105442
78742072043	127089
78742072203	329955
78742072333	126577
78742072463	128195
78742072753	125700
78742072913	125689
78742073323	127238
78742073453	126721
78742073743	69184
78742073873	125684
78742074023	125537
78742074313	69291
78742074443	125986
78742074573	210683
78742074603	210877
78742074863	69241
78742074993	125418
78742075013	126140
78742075273	126628
78742076393	125525
78742076423	258586
78742077093	126672
78742077123	127041
78742077413	128875
78742077543	125906
78742077833	127125
78742078113	80022
78742078823	127833
78742079363	353014
78742080673	128392
78742080703	128347
78742081083	329934
78742081373	69265
78742081403	69290
78742082493	127623
78742082943	128465
78742083193	16695
78742083353	126184
78742083483	329974
78742083933	126693
78742084633	128723
78742085173	127694
78742085593	128553
78742085623	127260
78742085883	258585
78742086163	126676
78742086453	128203
78742086743	127053
78742087023	125762
78742087733	211233
78742088693	125406
78742088853	126423
78742089553	127835
78742089843	127090
78742091693	127098
78742092973	128025
78742095233	128648
78742096063	69174
78742096483	128161
78742096513	126436
78742096773	125994
78742096933	126870
78742097473	127369
78742098593	69326
78742099033	69232
78742099293	125681
78742099453	128147
78742099583	329816
78742099873	69348
78742099903	69229
78742100173	128719
78742100203	127684
78742100463	329643
78742101163	69271
78742101323	126608
78742101903	128098
78742102443	127588
78742104423	211172
78742105123	329763
78742105963	69252
78742106823	210916
78742107813	69318
78742107943	69311
78742108063	69370
78742108483	128532
78742109053	282132
78742109183	282155
78742109213	282156
78742109343	69182
78742110233	127659
78742111933	105573
78742112213	127561
78742113333	210959
78742113753	329785
78742114583	128546
78742114743	127093
78742114873	329668
78742114903	211325
78742115313	105511
78742116983	127500
78742117003	127496
78742117713	128594
78742118123	128533
78742119083	127643
78742119243	127129
78742121413	329859
78742121703	126345
78742122083	128581
78742122373	127905
78742122533	125741
78742122953	125971
78742123523	281814
78742124063	127429
78742125763	58585
78742125923	58646
78742126173	127518
78742126203	125900
78742126333	281937
78742126593	128452
78742126623	128568
78742126753	125841
78742126913	128872
78742127033	128365
78742127323	128401
78742127743	125653
78742128283	127082
78742128573	281931
78742128603	281939
78742128733	126661
78742130743	211141
78742131573	127576
78742131603	127528
78742132143	125529
78742132273	105326
78742132303	105603
78742132433	329681
78742132693	126163
78742132723	329973
78742132853	329809
78742133003	128684
78742133133	127566
78742133263	128190
78742133683	127754
78742133713	127752
78742133843	126545
78742133973	220949
78742134123	281847
78742134383	20606
78742135243	127290
78742135403	126971
78742135793	281945
78742135823	127949
78742136073	128277
78742136103	128319
78742136363	125983
78742136493	128749
78742141053	125974
78742141183	281991
78742141213	127557
78742142623	211021
78742143323	128398
78742143903	210789
78742144023	210787
78742144443	125561
78742144603	127611
78742144993	128266
78742145013	211182
78742145723	211267
78742146843	211235
78742147093	352985
78742147123	125549
78742147253	126176
78742147413	127843
78742148793	126536
78742148953	125718
78742149073	126990
78742149103	281800
78742150383	210840
78742151403	221791
78742151533	281772
78742151953	127913
78742152073	127546
78742152363	128271
78742152783	210721
78742154473	126839
78742154633	127535
78742155333	282006
78742157733	210886
78742157993	125915
78742158013	126409
78742158143	127560
78742158273	126869
78742158303	128045
78742158563	126750
78742158693	128378
78742159133	127342
78742159263	128146
78742159423	126015
78742159973	128106
78742162263	329944
78742162393	127211
78742163543	126944
78742165783	352998
78742169033	211284
78742169583	210578
78742178493	126073
78742181073	125904
78742181233	281761
78742181493	125417
78742181523	127942
78742182223	211232
78742183923	126649
78742184043	128613
78742189383	125629
78742189413	126087
78742192673	211124
78742194233	125610
78742194363	125949
78742194493	127790
78742194783	282107
78742194813	125975
78742195063	125439
78742195773	210653
78742196183	211204
78742198323	125780
78742198453	126228
78742198613	126465
78742199153	125800
78742199603	125751
78742199863	58604
78742200743	128186
78742201153	125448
78742201283	126101
78742201313	128762
78742202273	210952
78742202563	210743
78742205083	220945
78742205113	329770
78742206233	58622
78742207933	128658
78742208213	128542
78742208343	126283
78742212173	126447
78742212753	281817
78742213163	126643
78742213293	127469
78742213583	126751
78742213873	210565
78742215013	127423
78742215433	127688
78742218793	210817
78742218823	211181
78742219233	210779
78742220833	126592
78742221113	127243
78742221243	353046
78742222103	105410
78742222363	352976
78742222523	105425
78742222943	105353
78742223063	353058
78742223643	105472
78742223773	353080
78742223803	105619
78742226583	281708
78742226903	126767
78742228143	126417
78742228693	128777
78742228983	125760
78742229003	126292
78742229133	126475
78742229423	125745
78742229713	126719
78742230153	125979
78742230313	126945
78742230603	211318
78742231273	127309
78742231433	127020
78742231563	128316
78742231723	127340
78742232263	282023
78742232553	126318
78742232683	126271
78742232843	125618
78742232973	126815
78742233093	282144
78742235363	211298
78742235943	127809
78742236063	126198
78742236513	128843
78742236643	127023
78742236803	128066
78742237343	126357
78742237473	125701
78742237503	128836
78742237893	281963
78742237923	282036
78742240183	128269
78742240213	126306
78742240343	127998
78742241593	105424
78742241623	105744
78742241883	127962
78742243023	211181
78742244563	210720
78742245713	128793
78742246093	127211
78742248233	125540
78742248363	126585
78742248493	128246
78742248653	125587
78742248783	126175
78742248813	125952
78742248943	128103
78742249223	126991
78742249353	127059
78742249483	128421
78742253053	128607
78742253183	282043
78742253213	282175
78742253473	282052
78742253893	127834
78742254203	282073
78742254333	281888
78742254463	127311
78742254883	210803
78742255743	210688
78742256153	211273
78742256733	126045
78742257013	211206
78742259253	126810
78742259833	128026
78742259963	126463
78742260013	125451
78742261263	211084
78742262963	127380
78742263083	125869
78742263113	125882
78742263373	128056
78742266633	211001
78742266923	211232
78742267043	210890
78742267463	126569
78742267753	128508
78742269313	353010
78742269443	345566
78742269573	353022
78742269603	353010
78742275963	128439
78742276113	128116
78742280363	126540
78742280523	128415
78742285443	128810
78742287973	210642
78742288673	211203
78742292533	210597
78742293493	211340
78742294353	126466
78742294513	127339
78742294773	126330
78742294803	281927
78742295183	127377
78742295213	128078
78742295343	58575
78742295503	127363
78742295633	127573
78742295763	126964
78742295923	127400
78742296043	282195
78742296333	128259
78742296463	127651
78742297033	126456
78742297163	127765
78742297293	128438
78742297583	105374
78742297743	281884
78742298603	105450
78742298733	105652
78742299853	105760
78742299983	105702
78742300023	105718
78742300733	126812
78742307503	281827
78742308913	125650
78742309033	128248
78742309323	127914
78742309613	126433
78742309873	128859
78742310473	58653
78742313863	211207
78742315683	127087
78742315973	128880
78742316093	125522
78742316123	127005
78742316673	58610
78742321073	210671
78742322193	105600
78742322223	128051
78742322353	105727
78742322803	105659
78742323053	105483
78742329093	105566
78742329123	105722
78742329413	105605
78742329833	125660
78742329963	282180
78742330273	202169
78742330303	128273
78742330983	125442
78742331133	126468
78742332383	128428
78742332833	125598
78742333083	126778
78742333113	125893
78742333243	105725
78742333373	105628
78742333533	105445
78742334073	128055
78742346373	127475
78742346793	282015
78742347073	125508
78742347523	128142
78742347783	128878
78742348063	125798
78742349763	126255
78742350783	127582
78742350943	126095
78742351063	126604
78742352053	126476
78742352183	126971
78742352213	127090
78742353173	127385
78742353333	126479
78742354033	105374
78742354613	128052
78742355023	125522
78742355313	127040
78742355443	126905
78742355993	58605
78742356013	58606
78742356273	105609
78742356303	105611
78742357263	127457
78742357553	128808
78742359243	127305
78742359533	105374
78742359823	126789
78742359953	128292
78742360133	128289
78742360423	126725
78742360553	126217
78742360683	126863
78742361383	105537
78742361413	105752
78742361543	126384
78742361673	127783
78742361703	126037
78742361833	125763
78742362083	125661
78742362663	352961
78742363493	105458
78742363653	125799
78742364063	127775
78742364483	105508
78742364773	127121
78742365503	127717
78742366753	127867
78742367033	128134
78742367033	128135
78742367163	126085
78742367453	126950
78742367613	105561
78742367903	105607
78742368153	105348
78742368443	105684
78742369433	126357
787423694333	127433
78742369563	128599
78742369693	127809
78742369983	126347
78742370033	126314
78742370583	128895
78742370873	125999
78742371283	125609
78742371313	126773
78742371443	128188
78742371573	128592
78742371603	126220
78742371733	128776
78742371863	128187
78742371993	105500
78742372013	127029
78742372303	127124
78742372433	58637
78742372563	105372
78742372853	125982
78742372983	125747
78742373263	126440
78742373393	126559
78742373423	128791
78742373683	128515
78742373843	127725
78742373973	125842
78742374123	105523
78742374253	127384
78742374543	127000
78742374673	127280
78742374703	126729
78742375373	125502
78742375403	126522
78742376233	105361
78742376363	105470
78742376943	105525
787423770603	127479
78742377063	127496
78742377223	128512
78742378213	127090
78742392523	126472
78742392653	125544
78742430133	282198
78742430263	126325
78742430393	126509
78742430553	127182
78742431673	125809
78742432373	126131
78742432403	125966
78742432953	126272
78742433103	125410
78742433523	126417
78742433943	126574
78742434223	127840
78742434353	127866
78742438603	210942
78742442693	105473
78742442723	105662
78742442853	105548
78742442983	105374
7874298693	330031
787545052823	21105
78767000533	269023
787692301003	184520
787692301003	184521
787692330003	184549
787692330003	184549
787692451043	184536
787692504213	184511
787692512003	184572
787692833283	184508
787692835133	184594
787692835393	184603
787692835423	184518
787692835553	184575
787692837663	184513
787692839643	184599
787692839643	184600
787780600643	227055
787790344803	233574
787790711353	11732
787790807063	86892
787810001983	122413
787810002003	122376
78783528103	44168
78783908103	47283
78783920013	343541
787984575433	184971
78800055933	347545
78800110113	347552
78800113633	347568
78800115323	347567
78800115873	347546
788022072563	262863
788070514183	78055
78821100223	228687
78821100353	228684
78821101893	228670
78821101923	228675
78821202583	228668
78821290023	60129
78821300753	228673
788236814683	58489
788434104883	235801
788434105743	235833
788434106153	235813
788434107433	235823
788434108553	235805
788434108843	233693
788434114073	233686
788434115353	233688
78858510163	182139
78858510613	182128
78858520483	182156
78858520513	182114
788624097193	331610
788679258273	278863
788709185043	94366
788709276543	94315
788709600263	94377
788709620223	94350
788709620353	94374
788709627543	94334
788709630123	94387
788709633193	94361
788709633223	94335
788709633483	94391
788709633513	94369
788709636033	94403
788709636163	94419
788709770263	94352
788709800953	94379
788709827653	94376
788709941533	193651
788709941823	193649
788767006243	30169
788767006533	30175
788767090563	30175
788821002433	74181
78883114473	184169
78883220303	181828
78883730673	280254
78883760113	58950
78895100013	184074
78895100853	184115
78895121933	184083
78895128833	184075
78895128833	184075
78895131413	184058
78895131413	184058
78895132083	184057
78895136463	184065
78895142693	184106
78895143003	184108
78895144673	184046
78895146653	184097
78895148893	184086
78895150353	184029
78895151763	184044
78895158533	184031
78895407013	184117
78895610123	184381
78895733563	184036
78902400143	342038
78902410913	342026
78902411163	342048
78902826073	342016
78911025283	324918
78911704003	324917
78913597863	165314
789180502213	178026
789280139043	368720
789280249063	103621
78928266273	269473
78929201143	189136
789293900173	290176
78935714873	280129
789580881123	139373
789592152143	38813
7896058258233	15585
789707441223	299325
789707720113	235306
78976143793	344152
78976252013	344144
789785019703	302572
789785020013	302555
789785380483	302601
789785391403	302596
789785500133	302585
789785764443	302610
789785790503	302587
7897916012103	347498
78982109363	274090
7898239260493	180992
7898965318093	328201
789968000023	141568
790011160403	157735
790011210313	157744
790011218043	157733
79004100023	219020
79005000643	302174
790110033	85506
790200123	301690
790200123	301694
790208008563	74056
790274003813	78191
790387010043	325222
790410003	360925
790410553	361152
790429230163	349010
790429230583	348898
790429230583	348987
790429230613	348921
790429230613	348924
790429232273	348958
790429232303	349049
790429232303	349049
790429232853	348966
790429232853	349020
790429236363	348941
790429236523	348910
790429236813	348904
790429241343	349043
790429241473	348899
790429245143	349016
790429248953	349002
790429248953	349002
790429259553	348989
790429259553	349005
790429259683	349027
790429269583	348937
790429270053	348982
790429270183	348982
790429270923	348983
790429271593	349039
790429271623	349073
790429271623	349073
790429272033	348963
790429272163	349060
790430063	361074
7904923	226572
790513140033	115433
790513144253	115439
790513181333	115438
790520603	12451
790555011513	154607
790629122183	229878
790629122213	229873
790629128673	145577
790874001073	79530
790874001233	79540
790874374153	79507
790874374313	79510
790874400173	79526
79088101053	171579
79088901103	171596
790928331903	102085
790956403023	361315
790956404143	361318
791083302333	82051
791083309233	82048
791083622813	3584
791083624053	82086
791083633673	82087
791083634533	82083
791083634663	3583
791083634823	82046
791083642033	82046
791083647403	3589
791083649513	82091
791083650793	3595
791083665223	82076
791083669153	82065
791090438933	271168
791090522403	90416
791090632393	188219
79113444193	115993
79113460193	118299
79113462203	115979
79113730043	74769
79113738513	118487
79114221113	135093
79117011063	11878
791181071933	139313
791241000163	116980
79126008603	165693
79126100093	317604
79126315053	317606
79126714023	317620
7916423	322649
791684040443	345549
791684040573	345553
791793	340456
791833100653	145841
791863140513	93993
79189001603	298788
791946130233	129515
79200001643	322693
79200002053	322661
79200002893	226615
79200048563	226610
79200049263	226584
79200051273	322711
79200051723	322660
79200051723	323619
79200053833	179078
79200054373	226568
79200055233	226592
79200057633	226602
79200063993	226569
79200066833	226592
79200073763	323616
79200074463	226592
79200074593	322672
79200080433	226592
79200125523	322662
79200144333	253490
79200249113	322658
79200251703	322669
79200256753	322713
79200261313	186771
79200281793	179068
79200287153	226643
79200303143	226562
79200335953	322666
79200353193	322688
79200362003	322735
79200370183	116749
79200370213	226606
79200412883	179108
79200486013	82128
79200532383	226600
79200534943	323618
79200563813	228966
79200586133	179074
79200595883	226578
79200599133	186756
79200600983	322708
79200610203	322688
79200611873	226643
79200712723	253490
79200770273	226643
79200789343	267692
79200807733	322713
79200817763	322734
79200834913	322689
79200879013	322695
79200928773	322685
79200965143	179088
79200978723	226624
79200985103	179073
79200989293	179062
79200998783	322723
7920523	322666
792080000383	163074
792080001663	247983
792080196673	188727
79212219463	288474
79212219463	288474
792186055003	138617
792186062513	138618
792186062803	138623
792186080593	138632
792186096723	317334
792186096853	317358
792338105853	336195
792338761493	170181
792338818043	336190
792382344833	19522
79260000013	350424
792851359283	160982
792851359313	315771
792851359993	130818
792851360203	44330
79296901193	190590
79296904033	190587
79300013263	144089
79300014123	287824
79300014963	287885
79311997033	174656
793124000413	188929
793124000963	188417
793124948463	188930
793232111063	279712
793232111193	279725
793232112503	279715
793232114033	279743
793232222073	279730
793232516103	279735
793232516233	279742
793232617343	279716
793396062003	254044
793396100293	193931
793396218073	60604
793396430123	59797
793396851133	60454
793396900053	60059
79341011273	78292
79341028363	78289
79341220163	78282
793573045003	263041
793573059963	168331
793573076823	107712
793573077783	25724
793573079763	156148
793573092373	130872
793573092533	350764
793573098023	63329
793573107053	320478
793573116123	324551
793573125293	167196
793573158673	37837
793573184863	25069
793573189523	172270
793573207203	9133
793573220653	232307
793573224743	302097
793573227133	342454
793573228673	350363
793573431103	4496
793573446213	332963
793573765093	24656
793573783523	39640
793573799593	39638
793573873743	3502
793573875273	195635
793573911063	302096
793577023533	250704
793577240503	315115
793577250403	315126
793585903643	205774
793588613013	268692
793674480123	171520
793674820073	107044
79373000313	44123
793888862463	195716
794020294883	132071
79403000153	38125
79403100303	275374
794235102133	64088
79426211123	272835
79426251013	272858
79426265263	272833
79426664783	272828
79426753203	272849
79426760003	272835
794376100913	78617
794376102153	255356
794504099003	90882
794504192513	182600
794504493153	282974
794504493313	153668
794504548563	214823
794504814323	279757
794504922813	330499
794522002023	327942
79453881993	33341
79462009883	178053
79466400303	108258
794711000823	187854
794711000823	187867
794711001233	108723
794711002193	108757
794711002933	108699
794711006573	374103
794711007563	307059
794711009833	374107
794711009833	374108
794711009963	374101
794711010433	187860
79471114813	108702
79471115803	108735
79471148443	108728
79471149693	187862
79471149693	187863
79476016303	69757
794890220623	53312
794890270123	53293
795130000333	130901
795130036523	130888
795154313143	157758
79519111033	169909
795239450503	328275
795239800803	328270
795239860203	328269
795404138083	220611
79551240043	77948
795631565713	65556
795631800203	65525
795631806403	65568
795631810073	65565
795631811513	65571
795631811773	230413
795631821123	65527
795631849233	65558
795631867343	278954
795631882513	278933
795631896053	75949
795709075113	352854
795709100013	352857
79581184003	47321
79581220053	47319
795835876363	267874
795853170603	215461
795944171953	118350
795944190473	118351
795944295123	118344
795981091023	244851
795981091153	244858
795981490253	244862
79606020033	334739
79606020163	334767
79606020293	334735
79606020873	334753
79606020903	334752
79606021023	334771
79606065423	334780
79606130343	181757
79606136833	181758
79606660543	181763
79606964023	334742
796168371563	301514
79618271003	69460
79618319163	69467
79618321203	69642
79618323153	69588
79618326703	69654
79618334203	253305
79618351033	69509
79618352153	69531
79618354973	69711
79618355123	69565
79618355673	69585
79618363203	69543
79618364583	69570
79618364743	69547
79618371123	69589
79618372113	69603
79618372793	69632
79618374193	69613
79618374353	69620
79618377163	69487
79618387223	353472
79618392173	73712
79618416503	69676
79618471243	69684
79618601473	30091
79618601503	69500
79618604603	30087
796201431353	226956
79621002823	370460
79621003103	370421
79621003493	370418
79621003653	370451
79621003783	370453
79621003813	370442
79621003943	370438
79621004063	370451
79621004193	370439
79621004513	370441
79621009013	370445
796220031213	10513
796220064563	201045
796220100483	184202
796252220043	163679
796252222153	163685
796252702143	122578
796252880063	35205
796252880223	35199
796451839183	25507
796631105503	217864
79679000123	311326
79694221053	234946
796959238433	85340
797043140113	244145
797043181123	244122
79706020643	181047
79706021053	181046
79706022173	181034
79706072123	181043
79729101053	18985
797299002913	41214
797299006553	41246
797299009073	41251
797299015623	41216
797299016293	41217
797299017153	41256
7973180000753	107055
797442390973	63344
79746000193	203753
79746000353	203742
79746220003	203760
797516045303	9216
797516047673	9220
797565001183	341591
797565001343	341589
797565001893	313774
797565001923	313772
797565002043	314155
797565003613	341568
797565006713	97171
797565008793	341576
797565008953	97133
797565009363	319054
797565203013	97144
797565205093	96838
797565213883	97145
797578020133	55892
797635053333	269909
797635082043	269913
797697000023	210209
797734167283	183555
797734167603	17702
797734476743	195925
797734506693	263197
797734986723	50152
797776054633	330868
797817025363	197766
797817027893	197792
797817028043	197769
797817029583	197764
797817112353	197760
797817229563	197787
797817686403	197785
79783100153	165143
79783100573	18424
79783100603	18431
79783459343	18434
79783488053	165141
79792060073	65725
79792060103	65726
797945517013	190146
797945520013	190151
797945810053	65134
79800000633	138540
79800010113	138527
79800100173	138523
79800100203	138520
79801004043	28909
79801004333	28893
79801246443	28889
79801247013	28912
79801247303	28902
79801988633	28916
79801995983	28894
798051650083	87014
79813000163	38916
79813000293	38928
79813060693	38927
79813061003	38923
79813085573	38915
79821101203	145812
79821103023	57247
798304032253	362701
798304213263	346635
798304229813	373978
798304294293	214885
798304294323	214878
798304411263	141970
79834140053	108067
79834140503	98846
79834140503	98846
79836393013	304215
79836393303	60609
798493212573	49655
798493222763	49656
79851100023	29269
79851344243	60366
79851414373	60203
79858512263	82165
798612129003	18463
798612201143	18464
798612669073	18455
798669435003	186862
79875718013	132408
79879200903	235432
79879308043	235435
79879400273	332228
79879400433	235438
79879400693	13248
79879403953	235443
79893003313	197210
79893003443	197195
79893003573	197186
79893003733	197216
79893062723	237371
79893065083	237555
79893071473	237402
79893093093	237530
79893093123	236644
79893093413	236641
79893093543	237738
79893104263	237359
79893106533	297467
79893106663	296635
79893106793	298154
79893107653	296597
79893108513	82258
79893108933	237036
79893109053	236519
79893109183	236575
79893109343	236481
79893109633	236939
79893110073	237366
79893110233	237853
79893110493	237807
79893110783	237545
79893110813	237515
79893111223	237816
79893111513	237543
79893111803	237747
79893112213	237639
79893112473	237849
79893112893	237654
79893112923	237746
79893113173	237474
79893113203	237795
79893114163	237401
79893114293	237550
79893114323	237487
79893114583	237534
79893114613	237527
79893114903	236480
79893115283	237108
79893115313	236258
79893115603	236972
79893115733	237030
79893115863	236246
79893115993	237086
79893116013	236527
79893116433	236562
79893116563	236950
79893116693	236942
79893116723	236858
79893117003	236071
79893117133	236750
79893117263	237679
79893117423	236473
79893118093	236219
79893118123	236232
79893120393	236251
79893121253	237811
79893121383	237707
79893121413	236869
79893121833	236502
79893121963	236427
79893122663	237821
79893123943	236337
79893124773	237594
79893125053	237588
79893125473	236208
79893125923	236413
79893126043	237705
79893126593	237867
79893126753	236161
79893126913	236448
79893127033	237859
79893152103	237501
79893155203	348811
79893158273	237111
79893158303	237512
79893158853	236217
79893158983	237838
79893159003	237660
79893159393	236328
79893160153	237862
79893160573	237522
79893161013	236186
79893161273	236163
79893161433	237631
79893161693	237441
79893161853	237689
79893162133	236267
79893162393	237078
79893163093	237367
79893163123	237585
79893163413	236308
79893200743	236981
79893294513	236380
79893311173	237618
79893320083	236453
79893320113	237078
79893325293	237078
79893325323	237078
79893325453	236456
79893335063	236397
79893390253	237482
79893390383	236962
79893390413	236222
7989339253	237406
79893400563	236545
79893400693	236999
79893400723	236904
79893401393	237084
79893401683	236528
79893401713	236879
79893402123	236994
79893402253	236764
79893402383	236741
79893402413	236584
79893402543	236673
79893402703	236835
79893402833	236501
79893403083	236230
79893403113	236234
79893403373	237682
79893403403	237573
79893403533	236669
79893403793	236487
79893404233	237053
79893404493	236449
79893404523	236151
79893404783	236466
79893404813	237023
79893405063	237609
79893405643	236725
79893405803	236274
79893406343	236756
79893406503	236800
79893406923	236732
79893407593	236792
79893407883	237010
79893407913	236808
79893408163	236914
79893408583	236215
79893408873	236309
79893409023	236215
79893409153	236330
79893409443	236163
79893409603	236993
79893410043	236783
79893410203	236912
79893410333	236401
79893410883	237366
79893411163	236281
79893411293	236228
79893411323	236989
79893411583	236871
79893419053	236652
79893430133	236685
79893440743	237754
79893441023	237792
79893441153	236955
79893480923	236408
79893505183	236620
79893505213	236478
79893513003	236861
79893513133	236964
79893513263	237538
79893513393	236851
79893601403	236766
79893601403	236986
79893602073	236143
79893710273	237766
79893710303	237630
79893710563	237395
79893710693	237716
79893710723	237774
79893710983	237668
79893800233	82261
79893801223	237779
79893916873	237101
79893980973	237479
79893981093	237112
79894001363	135523
798983	341203
79900001233	370755
79900001233	370756
79900003213	370742
79900003213	370743
799003	340957
799055205613	76358
799055218613	76370
799055221613	76336
799055403613	76330
799055502613	76357
799055601613	76319
79911023163	222922
79911024023	222910
799137041313	73375
799137071723	156512
799137252023	156507
799137625063	156523
799137702313	156514
79916083353	253551
799189000153	95518
799210112503	32539
799210222233	32558
799210375083	32553
799210375113	32563
799210434063	32523
799210555553	32514
799210645483	32565
799268704743	107683
79927064013	347308
79927093013	347281
79927110123	347280
79927110413	347284
79927603113	347288
799418675633	24533
799491276253	331118
799512001673	144146
799512011023	57662
799512011603	57658
799512012013	57670
799512090073	4533
799553	339667
799665727253	342443
799695142903	243431
79973200083	138820
79983	339974
79985174013	168870
79997000393	275912
79997001093	275908
79997008443	275911
799975971933	226447
80000006783	313430
80000006813	313441
80000014443	313436
80000495143	313377
80000495143	313402
80000495273	313374
80000495433	313379
80000495433	313413
80000495693	313441
80000513083	313451
80000513083	313452
80000515803	313377
80000516183	313381
80000516923	313378
80000517203	313356
80000517463	313410
80000518163	313377
80000518743	313449
80000519283	313363
80000520883	313422
80000520883	313422
80000522283	313428
80000527103	256177
8000130440143	17760
8000300300093	182240
8000380205523	189182
8000500170823	94290
8000781008853	240403
800093039723	51961
800093122173	106076
800093127123	227829
800093530503	227868
800093530763	227884
800093535713	323695
800093718833	62535
800093932543	51974
800093932833	51976
800093935643	302435
800093936473	51957
800093939153	51976
8001100063683	21362
8001130808353	108844
8001246002263	212822
8001246209303	212826
80016033193	197597
800222000983	155538
8002331004643	94697
8002425126053	246569
800259130103	102760
8002630007703	210200
8002630008243	210199
8002873023683	56084
8003018923	294957
80046262273	64292
80046262303	64304
8004640070463	372744
8004800002433	109696
8005125193	231540
8005709904163	74208
8005913653	231535
8006013990903	26037
8006167018003	281269
80062005113	214595
80062040053	248211
8006423302303	307773
8006744993723	181749
8006956703	231526
8006996013	231532
8007138006333	103046
80072940749543	269696
8008315700013	220093
8008620050773	66129
80093100023	168699
80093100573	168698
8009912133	231556
8009958223	231534
801009000103	284412
8010494000013	273676
8010494000143	181616
8011988000083	181685
8011988000113	181687
8012429001003	92691
80133810103	328048
8015565030203	182694
8015565030333	182697
8015565030883	182660
8015565030913	182691
8015565033013	182673
8015565033723	182663
8015565035703	182672
8015565060323	182682
8015793001143	178104
8016419001783	70041
8016419300213	70038
8016667007643	212077
801815400463	267718
801929000023	181093
8022734010003	3938
8023192009783	42948
8023701021893	181871
802413000253	122570
8025848121313	50484
802622011033	52140
802763028563	321092
802763028853	321054
802763028983	321047
802763045003	321073
802763073303	321108
802763116673	321077
8029054896133	50357
8029081300023	48178
803144500173	132625
803267200103	351044
803267200233	351046
8032738591613	3924
8032764330163	203342
8032764330323	203340
8032817242023	306506
8032817246663	4921
8032836440493	3923
8033100272253	78126
8033509325253	287301
803373	339880
8033976645083	273666
80364010303	368497
80364402153	368494
803810234883	194700
803810241003	213410
803813034053	318934
803813100253	318919
803813101403	318907
804066000413	142583
804066000963	286798
804066001113	286799
804066020053	142580
804066020503	142577
804066021043	141736
80419030133	174883
80419030263	174891
804259000893	172250
80441000463	215889
80441001613	215890
80441258253	215879
80441258383	215882
804531110753	325605
804551196973	352536
804551648533	269320
804551750083	214742
804551752483	343579
804551752773	157535
804551757273	321254
804551759703	161593
804551760723	321258
804551765513	373995
804551765933	282208
804879056843	346837
804879172833	171639
804879193203	346839
804879290063	226250
804879333883	284479
804879369233	155074
804879415213	95776
804879452553	350824
804879454953	173465
804879458883	155073
804879460473	303547
804879460503	102548
804879464433	64266
804879469483	190624
804879490593	370283
804879494423	162319
804879501763	102541
804879503163	223128
804879504313	261225
804879530473	74150
804879533313	82755
804879547853	102543
804879562993	85719
804879567363	61436
804879573043	102551
805385010053	163091
805509080603	83782
805509093443	83778
805658049803	286748
805658089793	341605
8058368500023	25828
8058368500313	25831
8059020407193	350851
8059020407223	350850
805993000613	217861
805993001313	217859
80602014773	287010
80602033613	287012
806040002833	287978
80618411023	119597
806735103043	107233
8067803	313377
806795005783	350968
806795005783	350968
806795005813	350965
806795020403	10472
806795502633	85618
8068103	313476
807156001673	273875
807176712733	29945
807176713723	29951
807176713723	29953
807176714003	29967
807176714133	29958
807665073703	312176
80793810833	107995
80793811663	108010
808097015033	145239
8081389896813	170480
808152170233	295009
808245000133	95682
808245000133	95683
808330807203	10537
808330807203	10545
808613	340412
80868000503	79909
80868000633	79974
80868002453	79983
80868007663	79984
80868029023	79969
80868190013	79985
80868193243	79922
80868240053	79912
80868240053	79913
80868260303	79967
80868260303	79970
808772006813	67730
808772011183	67882
808772061133	67877
808772074423	67731
8088000633	79938
808829109313	30103
809125063903	263453
809286617823	184009
809354300053	53087
809354610183	53099
80939224333	265097
80943005683	315791
80948626753	230245
80948626883	230276
80948630873	230269
80948631283	230268
809555039783	64085
809555931223	63139
810000560653	74445
810000691043	93893
810001312343	9533
810001560133	32607
810001560683	32618
810001561093	32662
810001561123	32634
810001561253	32653
810001561253	32655
810002070013	347159
810002070433	347160
810002320293	65997
810002410253	247549
810002411403	247540
810003420213	346548
810003460363	187060
810003461223	187108
810003461353	187071
810003462053	187067
810003516503	235726
810003519023	235724
810003780393	29991
810003780843	30019
810003781123	30009
810005130523	179297
810005412643	78774
810006150063	321644
810006230253	334228
810006230413	334218
810006580983	221550
810006871043	351085
810007510033	20697
810007513263	20690
810007514833	20689
810011174283	153672
810011880023	284358
810012620123	317738
810012620703	317735
810012620703	317735
810014530413	16943
810014530543	16935
810014530543	16936
810014530673	16950
810014530673	16951
810014671673	231849
810014672113	231839
810015190593	284036
810015573143	315682
810015720783	274205
810016360353	224188
810016360483	224178
810016367413	224182
810018020743	4338
810019410093	263912
81001941093	263909
810019570223	66317
810019600753	288359
810020630053	232567
810020630473	232556
810020722253	95585
810021067353	349211
810021820163	119097
810022640043	253941
810022762783	311336
810023290933	319688
810023295143	319685
810023298663	319690
810023540083	83271
810023540083	83271
810023590293	332719
810024140053	73238
810025620073	21787
810025880743	202326
810025991463	154449
810027440013	184926
810028510043	273255
810028510173	273256
810030141853	365461
810030142423	365480
810030512653	7765
810030512943	7813
810030513483	7782
810030517313	7775
810030720683	362821
810030720843	362810
810031480043	174483
810031710843	249484
810032300753	122646
810032300753	122647
810032360023	52927
810033720093	158646
810034851673	353495
810034855183	315707
810035181953	280736
810035184053	203266
810035971653	184231
810035972063	184204
810035972223	184224
810036560283	122404
810036560313	122360
810036561143	220779
810036561303	245007
810036561693	59812
810037811193	54758
810038690063	350468
810038690223	8726
810041030023	330432
810041030153	330433
810041460073	61470
810041590763	156684
810041590893	105126
810041590923	105133
810041592163	105125
810041599063	105141
810041599223	65110
810042130333	311095
810042130333	311095
810042130593	16780
810042130593	16789
810042130623	16786
810042131163	311107
810042131293	138809
810044577273	269459
810044880243	111922
810044887433	111932
810045130873	249950
810046530023	288341
810046530153	288355
810047602293	263209
810048014323	366491
810048017263	352235
810048017843	352214
810048018383	352227
810048160013	75190
810048160013	75191
810048160143	75185
810048160143	75185
810049270483	82764
810050430043	40272
810050500043	72532
810051010503	318855
810051584813	2425
810051803693	11243
810051803723	323474
810051805383	323553
810051805543	323560
810052341903	331576
810052342283	331575
810053000373	328387
810053640203	34178
810053640623	34177
810053800003	61502
810055540303	204467
810055540693	212084
810056353513	324743
810056354763	51396
810057554773	46101
810057651373	210225
810062680023	309024
810062680313	309033
810062681143	309023
810062684533	309027
810062810123	272880
810063030063	111776
810063110123	74176
810063710033	255623
810063710293	255618
810063710323	255627
810063710323	255627
810067110013	287308
810067110013	294963
810067110143	287304
810067723343	57814
810067724593	47261
810067725033	86315
810067725453	334297
810067726153	35645
810067726733	118498
810067727433	118497
810067728003	54534
810067728553	341538
810075550283	233522
810075550313	233530
810076290973	160288
810077470183	67870
810077470213	125168
810077470213	125169
810077870013	71713
810077870693	71715
810077870723	71884
810080370043	95407
810083990033	95180
810085815563	112423
810087300043	223921
810087301033	223905
810087302023	223971
810087303013	223955
810088860393	269070
810089954213	351598
810089955333	351579
810091780213	295198
810091780633	295167
810092630593	373407
810098572323	290772
810102160003	226317
810102160393	228709
810106025193	105866
810107030233	164235
810111010313	18549
810111010313	18549
810111010443	18545
810111011273	18532
810111011723	18530
810111020213	18579
810112950403	138700
810113830223	36983
810113830773	36994
810114060483	324708
810114060513	324706
810116121823	259087
810116122233	259097
810121150023	304936
810121150283	306480
810128370073	91874
810128523073	112410
810137020013	350075
810138530443	89379
81014090553	288372
81014090843	288403
81014090973	288414
81014110183	288423
81014110343	288406
81014110473	288393
81014112163	288418
810165011953	372440
810165016033	372431
810165016453	372412
810165017443	372428
810165017603	372409
810165018563	372452
810165019003	372406
810165019133	372433
810165019393	372393
810165019553	372386
810174012323	265450
810174012743	265436
810174013863	265453
810174015973	265436
810174017793	67707
810174018943	342770
810174019773	265431
810176021743	160150
810219030053	365114
810219031593	74224
810219031623	74223
810222020133	321740
810222021383	321730
810232020123	289914
810253011193	179788
810264020993	266575
810264023543	167765
810264023673	309086
810264023703	167763
810264023833	167787
810291001583	326982
810291002023	327002
810291004133	326978
810291011353	327004
810298030043	129543
810326001243	273113
810345031153	168765
810345031993	38900
810345033393	38890
810345035953	42591
810345036233	42602
810345036493	257863
810347008573	172925
810358031263	373107
810358031423	373176
810387020443	43515
810387021563	43527
810390028023	97922
810390028023	261152
810395021043	145555
810395023023	145566
810395025133	145564
810487003353	139572
810487003513	139574
810487003933	139586
810487007153	139561
810487007313	139564
810487064613	139596
810487065023	139592
810493034013	332286
810507021473	246785
810507027543	223319
810509000773	17677
810509003163	17673
810509006263	17675
810509008533	16584
810511010593	316215
810511010623	316204
810511012603	316199
81057017203	332947
81057020333	332937
81057020883	332954
81057022443	332952
81057051023	332931
81057053393	332936
810571030043	268733
810571030043	268733
810571030333	106711
810571030593	106708
810571030593	268721
810571031323	268719
810571031323	268719
810589030073	263351
810589030943	263325
810589031063	263338
810589031223	263360
810606020193	153767
810606021343	45787
810607020703	255396
810607021533	272387
810607021663	255399
810607024763	255373
810609020213	99190
810609020503	90427
810609022033	93910
810621030313	156328
810662020403	122592
810698544553	52876
810698550813	52880
81073000883	85847
810745030213	335980
810745030503	335966
810745030633	335963
810745032583	335986
810757010043	284579
810757010173	284539
810757010463	284570
810757010913	284573
810757011323	284540
810757011583	284546
810757012573	286763
810776030343	60560
810776030503	334233
810797020033	233638
810809038483	349747
810815020083	146660
810815020403	146678
810815020793	146666
810815020823	146673
810815020953	146675
810815021073	146690
810815021103	146692
810815021233	146653
810815021783	146654
810815021813	146667
810815026573	146681
810855011553	172410
810882010123	168384
810882010543	168391
810882010543	168392
810882010673	168401
810882011083	168368
810882011403	168403
810882016033	168404
810893027073	283098
810893027103	48969
810904015563	178839
810906020053	153484
810906020183	153492
810906021043	153488
810913012003	334668
810913012553	49622
810913012683	49628
810913020183	169662
810924000013	101619
810934030123	351286
810934031083	351289
810934031243	351285
810979001973	343545
810979002413	343552
810979002673	343548
810979006183	343559
810979006633	343547
810981020153	246796
810981020733	246805
810981021273	246810
810981021853	246808
811091020453	172935
811102026993	104196
811111007013	44357
811130030023	350568
811155021723	250696
811178009173	164466
811178009463	164438
811178009623	164433
81118260203	371374
811185030153	163563
811185030443	163561
811201020403	288205
811207024283	98209
811229030583	72151
811229031153	72155
811229037063	72146
811229037223	72158
811257020013	372326
811257020273	372335
811257020693	372325
811257020983	372334
811257021003	372342
811259013853	55878
811271001623	343976
811274024933	249626
811288030043	69032
811307024633	294736
811307024893	294728
811307025623	294726
811307030023	324081
811333025413	72184
811353000483	256090
811355000023	47164
811355002553	278787
811355002683	278786
811355004243	278778
811365030133	172990
811369006653	306554
811369007803	306612
811369008053	306636
811371011713	50210
811371011973	50242
811371015193	50234
811371100073	50200
811371100103	50248
811371104323	50209
811371110973	50198
811371142103	50202
811371151013	50187
811371155073	50213
811371160053	49433
811371161203	49440
811371162163	49420
811371166123	49422
811371261163	50253
811371352083	50254
811371702123	50223
811372640813	61239
811374035303	43271
811374039073	43273
811387013893	42555
811387017013	42569
811387017273	42566
81143581113	23229
811447030013	25370
811452030763	338933
811455012353	363945
811455012513	363547
81146026253	10130
811463033593	205605
811463036273	57811
811463036433	57815
811464030133	253970
811477013543	183985
811481020193	322072
811497001063	325133
811497001223	325145
811497021023	325137
811507010283	163478
811507010313	272245
811520001923	33734
811520002203	33744
811538011143	161734
811572021733	306600
811572023713	306528
811572023843	306551
811572023973	306643
811572024413	306620
811572027063	306566
811572027193	306573
811572027513	306581
811572027933	306645
811578030043	95795
811578030753	95783
811578031033	95786
811582020863	82358
811606012423	156329
811620020633	64015
811620020633	64029
811620020893	91623
811620022033	64026
811627020193	123039
811627020483	123045
811627020513	123028
811627020933	123035
811627021183	123040
811660023243	232285
811663021123	131232
811663021253	302667
811663028023	156879
811663028283	156859
811663028603	299359
811663029563	205610
811669020083	317289
811669020243	317295
811669020373	317274
811669020533	317284
811669020793	317267
811670030033	232871
811670030293	232854
811670030453	232884
811670030743	232870
811670032303	232864
811691035673	331568
811725030063	324273
811725030223	324274
811725030773	137882
81172714803	320793
811737079623	70993
811751000153	371417
811751001013	371414
811802015723	62547
811804021883	351091
811804024013	351089
811838021293	321498
811884030553	202734
811892024803	45435
811892025893	45444
811892027583	45440
811907017233	265334
811951002513	148338
811955010033	9109
811957011823	334680
811961020033	226259
811961020163	226269
811961021993	226276
811961022143	226257
811962011023	17914
811962011153	240364
811991023493	195393
811999030073	107943
812001000053	67952
812019020173	50123
812038030023	65422
812038031013	65418
812049002613	226209
812071030073	145929
812071034873	145998
812071035573	145989
812071035603	145906
812071035863	145997
812071039243	146019
812071039793	146054
812080030163	61454
812125008003	249882
812125008683	249884
812125008713	249898
812125009543	249901
812130020113	343952
812130020533	343948
812130020663	343955
812130020663	343957
812130020793	343945
812130020793	343968
812130021073	343970
812130021103	343962
812136030383	94714
812153	340044
812154025613	106890
812161011203	61482
812161011593	61479
812169002883	215358
812169002913	215359
812184030083	106722
812186020143	373591
812186020693	373586
8121901020283	73233
812209000183	348773
812224003503	303528
812224008003	303530
812244022713	210196
812304051073	321038
812307030013	70028
812324020073	305539
812324022923	305609
812324025603	305578
812324026143	305595
812324027393	305579
812353020853	249641
812369020113	183560
812375017053	324451
812397016393	257429
812397016553	257439
812397016843	257432
812397019103	257436
812410000583	142240
812410000613	270959
812411020023	374005
812427011213	172905
812438010953	333132
812446030493	4548
812446030493	4549
812448031283	194919
812448031313	194950
812448031443	195024
812448032273	111542
812448033843	111534
812475012163	9122
812475012293	9106
812475012323	9131
812495010293	331528
812504020473	280198
812524001933	305092
812577036203	51588
812590022993	122849
812603018333	328006
812603020183	288680
812603020213	288673
812603020343	288698
812603020763	288666
812624010613	287812
812649020543	62861
812659020113	40144
812679020223	350481
812679020513	350484
812679020773	350485
812689020763	17116
81269746113	60076
81269974103	59870
8127000453	17333
812704000923	16613
812704001173	161308
812704001593	161310
812707020003	121875
812707020133	121859
812707020263	121917
812707020393	121880
812707020423	121874
812707020553	121922
812707020683	121932
812707020713	121872
812707020843	121935
812707020973	121875
812707021093	121884
812707021123	121873
812711010243	111490
812711023113	145515
812820020133	197365
812820020393	189086
812824011663	194920
812824012233	194995
812824017313	194827
812824017573	194913
812824017603	194968
812824018723	111986
812828010693	196007
812828012123	196010
812881020103	61974
812881022343	231293
812881023043	231288
812891020803	23631
812891021183	23620
812891021213	23630
812891021343	23610
812907010033	144978
812907010743	328648
812907011153	223468
812907013133	222700
812907013393	222707
812907013423	222707
812907014543	222729
812907014703	222702
812907015113	222696
812916003033	204406
812985018143	321230
812986010283	88925
812986014403	224407
812988020303	163624
812988020723	163628
812988021263	163616
812993	340036
812997020233	104947
813039020143	235353
813039020853	131166
813047020043	332597
813085006153	305616
813085151303	331991
813085601853	305623
813085602713	83048
813090002003	130943
813090003833	130941
813090006353	130947
813093022543	131175
813104021693	39557
813104021853	39395
813117021963	317338
813120020113	351380
813120020373	351376
813121020303	257993
81312200623	270395
81312300033	129716
81312600003	129720
813126020193	179801
81312700703	129727
81312851023	129713
813133012303	62513
813135020153	313333
813135021433	313334
813135021693	313317
813141020833	278109
813141021373	104160
813141021663	291078
813141025753	104161
813141025883	104152
813141025883	105114
813143	340935
813168029833	95574
813168029833	95575
813188020063	149442
813188020223	24457
813188020513	149440
813213008493	365265
813224009113	67412
813224009373	67392
81323082003	12495
813238000113	244040
813238001493	244034
813238005323	244036
813258020023	77086
813267010053	346619
813267010183	346629
813267010893	346625
813267020113	3503
813267020243	329559
813305010083	330683
813305011073	330680
813305011103	330659
813305013343	87053
813305014333	330656
813305015453	330705
813305016573	330694
81331002413	56797
81331002963	56777
81331004103	56791
81331008453	56795
813314011613	122809
813314013983	302665
813314014393	62850
813314014423	122808
813314015963	157797
813314016243	139431
813314016823	157796
81331633143	56789
813327029063	98208
813330020163	351448
813346013913	63754
813367020273	290027
813367020303	290018
813367020723	145169
813367021263	21883
813377020683	347866
813377021093	347865
813377021543	363587
813377021703	363878
813377021963	363948
813377022113	363952
813377022533	347863
813377022793	364588
813377022953	347909
813377023493	364237
813377023943	347917
813377025503	347897
813377025763	363340
813377026463	347875
813387015983	204120
81342123053	184689
813430020933	253111
813430024023	313616
813450002353	215909
813513010233	62747
813513011223	55805
813551001033	173664
813551002283	173671
813568000593	249302
813568001873	249312
813568002313	249319
813568002733	249299
813568003563	249316
813589021003	338501
813592012623	138779
813592012883	138788
813592015723	118329
81363202003	227738
81363208203	227749
81363528073	227752
813636020263	46922
813636020393	46820
813636020423	46921
813636020843	46848
813636022113	46859
813636023073	46884
813636023493	46836
813652010453	294973
813652010903	294967
813657020013	146282
813694023893	19876
813694025293	19908
813694025903	19898
813694026313	19878
813699020033	328394
813715010673	56229
813715012943	333625
813715013193	333610
813715013223	333615
813715013643	333616
813724024883	353681
813724025033	353691
813724026573	353693
813724026733	353733
813724026863	353677
813724027013	353722
813724027983	333081
813735014033	90440
813735015603	90435
813782010163	186163
813801003183	312202
813801003183	312202
813801003213	312230
813805000263	83201
813868020093	92263
813868020093	92266
813868020123	92246
813868020123	92264
813868020253	92256
813868020413	92204
813905001153	125129
813905001573	118737
813905003553	125129
813925022183	16849
813926002733	162529
813926004553	162530
813958009083	336070
813958009373	226553
813958009953	336068
813973020193	348791
813973020223	348805
813973020353	348810
813993000373	103098
813993004043	103091
813997021503	301505
813997021763	301503
814014663713	118746
814026000353	86911
814026000643	86912
814049020413	4897
814071020023	85837
814102020053	245228
814109021343	63459
814109021473	48448
814153001803	322841
814204020173	186920
814258010113	246140
814302011073	346214
814305010103	64931
814305010233	364157
814305011483	18230
814305012053	41103
814343020003	194349
814343020133	194294
814343020263	194288
814343020713	194330
814343020843	194316
814343021413	194346
814343021703	194308
814343022823	194367
814343025633	194309
814343025763	194386
814343026913	194296
814351020033	274224
814351020323	298755
814351020583	370040
814377010193	196636
814377010513	196631
814377010643	196633
814422020023	354155
814422020313	354156
814422021303	354133
814422022423	354151
814451012693	49115
814453021013	57752
814453027213	57771
814460140233	316039
814464011553	195369
814464013823	316070
814464015513	316031
814464016343	25951
814464017913	315877
814464018033	316036
814464018293	316050
814464018453	316135
81451510003	369122
81453810033	256123
81453811023	332559
81453812013	214247
814558020263	101402
814558020393	101437
814558021093	101461
814558021253	101434
814558021383	101448
814558021673	101457
814567019753	131228
814574001703	37636
814609009063	66007
814633018253	19081
814633019403	231304
814719015053	245878
814719015053	250487
814719015343	245857
814719015343	250445
814719015503	245870
814719015503	250469
814719015633	245837
814719015633	250417
814719015763	245855
814719015763	250442
814719016043	250421
814719018023	250437
814719018023	250437
814719018153	250474
814719018283	250434
814719019143	250465
814719019273	250439
81475156423	8157
81475198423	8152
814752020083	196231
81475209723	8155
81475324563	8147
81475389753	8159
814801010553	10122
814856011123	20017
814856011383	20012
814866025363	156875
814866029743	156962
814879022953	107076
814879024353	212847
814879025213	107083
814910010093	328093
814910010123	328092
814910010253	328071
814944010113	227086
814944010663	227091
814955020033	25841
814959201353	256152
814959207263	256150
81498331333	143620
81498335003	374059
814985000043	205730
814985000043	205730
814985000333	205706
814985002283	205710
815020020033	78118
815036020003	71962
815055010023	305542
815055010023	305568
815055010153	305558
815055010863	305555
815074020003	57290
815074020393	57279
815074022663	57312
815074022823	57304
815085010253	138514
815099020323	181926
815099020453	181921
815099020903	181956
815099020903	182014
815099021283	181999
815099021733	181984
815099021733	182026
815099022273	181981
815108020443	51647
815116010023	315522
815116010443	315505
815116011563	315512
815116012003	315521
815154020183	107715
815154021623	271131
815154024143	343649
815196011903	255481
815196012023	255485
815196013983	255507
815196017653	255473
815196017653	255474
815211010003	130522
815216016673	58376
815216017823	58374
815245000223	79248
815294000083	187782
815294000113	187770
815294000113	187770
815294000373	187763
815294000663	187764
815298020063	188960
815298020193	188959
815360011753	104006
815360012613	135407
815360013283	24277
815360013313	24279
815360016093	284938
815360017403	284996
815367010063	262923
815367010193	262924
815367010483	262921
815369010153	46028
815369010313	45906
815369010443	46032
815369010733	46086
815369011013	45971
815369011143	46040
815369011433	46050
815369011853	46012
815369012263	45978
815369012393	45983
815369012423	45979
815369012843	46061
815369013413	46098
815369013543	45959
815369013963	45930
815369014113	46024
815369014663	46108
815369014953	45953
815369016223	45954
815369019163	46079
815369019293	46105
815369019873	46022
815397011313	82670
815421011043	161940
815421011203	161927
815421011913	161956
815421012033	161947
815421013023	161929
815421013153	161936
815421014013	161969
815441011313	188339
815450022133	333024
815473010353	38213
815473010513	38251
815473011213	179637
815473011893	179671
815473014573	179614
815473014733	179655
815473014863	179708
815473015013	179632
815473015273	179691
815473015433	179638
815473015563	179699
815473015693	179710
815473015723	179689
815473016003	179649
815473016133	179625
815473016263	179689
815473016973	38229
815473018953	38230
815506012613	364906
815506014013	272459
815506015553	364905
815506017953	364904
81553021803	195418
81553021803	195421
81553022503	195419
81553022503	195421
815569009223	91913
8155902903	110238
815604002073	84979
815604002103	84985
815645021033	298756
815652002193	361788
815652004173	250019
815652009093	226505
815652009123	226508
81567702163	213165
815677022053	213150
815709022693	43898
815709023973	43905
815709024093	43916
815709024123	43903
815712011813	115174
815712014173	113880
815712014623	114740
815712015293	199165
815712017693	199320
815778021153	259352
815778021573	351138
815778022013	259358
815796020053	51571
8158000020383	80457
815800020093	80487
815800020253	80487
815800020383	80457
815800020543	80457
815800020963	80481
815800021953	80477
815800022073	80474
815800022523	80477
815800025173	80440
815838020263	230105
815838020843	230106
815838023783	230110
815844020073	162775
815863020313	16845
815863020443	16834
815867020173	105310
815867024423	170198
815867025673	105309
815867028063	230692
815867028773	111812
815871010573	84153
815871010603	84168
815871013833	78555
815871015103	84166
815871015103	84179
815871015493	347497
815871016643	183269
815887010543	9437
815893000033	3515
815893000163	3512
815893000613	38400
815909020093	229747
815909020673	229787
815914001193	232330
815938011413	86917
815953000003	343065
815963	340964
816007010573	332367
816012010063	30404
816012010223	30422
816012010513	80477
816012011923	80477
816012012333	30405
816012018953	30409
816031008003	183530
816059012013	153119
816059012723	153131
816059012983	153136
816059016943	159282
816059017513	153118
816088010363	264675
816095018123	271055
816095711413	236124
816120011143	363181
816143011663	185198
816143080133	185233
816173020123	62998
816202024603	2640
816247011453	131895
816277011713	163041
816277012963	308832
816277013083	308829
816277013113	245334
816277013403	308827
816277020043	35649
816350021363	345476
816350023053	80403
816350023473	345487
816350023503	345496
816374020113	2798
816374020373	2789
816374021073	2808
816431020483	254394
816493010033	85204
816512010853	65965
816512010983	65975
816512011263	65950
816512011553	305142
816512012253	65967
816512012543	65969
816512013373	65921
816512013953	65943
816512013953	65943
816512014363	65978
816512015193	65911
816512016473	65894
816512017593	61597
81652000143	132652
81652010333	333772
81652041313	17193
81652080923	17194
81652199823	17222
816524022523	101198
816545024223	54536
816546010393	38039
816554020353	161903
816554020773	161906
816586010063	124810
816597010083	40152
816615012853	118218
816623022233	48689
816665021973	68989
816678020123	349682
816680010273	324816
816680010303	324843
816697020623	154847
816743001323	366682
816844025273	173747
816844025303	173749
81687700513	98666
816925020623	302767
816925020883	302732
816940002123	74656
816940014973	160302
81697003543	84687
81697003703	22127
816983020443	366577
817017010423	158078
817071001283	145259
817071006103	148660
817071006233	324397
817087020353	291216
817108010103	335823
817108020003	330869
817125001573	14059
817142020243	107703
817169011903	330576
817169013273	330576
817169013433	330576
817169014263	330576
817169018483	64281
817176601623	348785
817233	340361
817252010493	223266
817252010813	223262
817252011193	223270
817252011353	223256
817252011643	56758
817252011803	223313
817252012053	223248
817350010043	333712
817350010173	333709
817350010333	333697
817350010333	333699
817367010203	367746
81748021113	363089
817543022273	94905
817582000843	227805
817582000973	227789
817582003103	227793
817582167003	227803
817582170003	227804
817582253003	227792
817585010863	83884
817596020493	121794
817596020523	121796
817626002413	246767
817628010393	231667
817628012953	231665
817653	340724
817670010563	9647
817670011003	9630
817670011263	9650
817670011683	9614
817670012123	9657
817670012383	9609
817670012543	9604
817678010213	282480
817678016383	282482
817678016413	282485
817719020393	97892
817719020423	97897
817719020843	97914
817719021123	97907
817719021673	97890
817719022083	97901
817719022243	97915
817745020053	63590
817745020183	63581
817792020143	79568
817792020273	119074
817792020303	323030
817793020043	316820
817795000593	192167
817795002573	192164
817820002813	247186
817841010293	204252
817841020643	63777
817885000083	303106
817885000403	303105
817885001103	303102
817911020443	233227
817911020603	233259
817911024533	233251
817911024793	233245
817917020553	101846
817925020873	242444
817944010213	219574
817944010503	219606
817944010763	219578
817944012583	219605
817944013153	219568
817946020043	23660
817946020043	23660
817946020333	23664
817974020053	39968
817974020183	40001
817974020213	40082
817974020633	40031
817974020763	39976
817974020923	39956
817974021043	40058
817974021173	39916
817974021203	39915
817974021333	39923
817974021463	39888
817974021593	40059
817974021913	40029
817974022033	40007
817974022293	40050
817974022323	39907
817974023153	40044
817974023283	39967
817974023443	40005
817974023573	40048
817974023993	40110
817974024143	39914
817974024273	39940
817974025423	39969
817974026383	39966
817992020073	271931
817992020103	271925
817992020653	271927
818003010663	94135
818094000253	274606
818094000253	274654
818094000673	274632
818094000703	274581
818094005753	274654
818094007283	274643
818108000453	350746
818108000583	350756
818108001153	350752
818108001443	350758
818119020143	66301
818135012153	44516
818135015383	180701
818143010233	328062
818148020183	328866
818164020013	107261
818207014023	303821
818224010893	161610
818246020153	324050
818253003033	163609
818254003063	60422
818290010063	56312
818290010223	56288
818290010643	56323
818290010773	56607
818290010803	56457
818290011053	56564
818290011053	56565
818290011473	56465
818290011503	56438
818290011633	56529
818290011923	56503
818290012593	56314
818290012593	56315
818290012753	56445
818290013163	56685
818290013613	56422
818290013903	56632
818290014153	56292
818290014313	56660
818290014603	56348
818290014733	56502
818290014993	56440
818290015013	56686
818290016003	56357
818290016263	56495
818290016263	56498
818290016393	56504
818290016553	56356
818290016843	56668
818290016973	56658
818290017253	56410
818290017253	56411
818290017413	56672
818290017543	56625
818290017673	56383
818290017673	56450
818290017703	56389
818290017703	56691
818290017963	56376
818290017963	56474
818290018403	56558
818290018663	56451
818290018663	56716
818290018823	56413
818290018823	56506
818290018953	56407
818290018953	56575
818290019233	56522
818290019233	56601
818290019363	56650
818290019363	56651
818290019523	56597
81829011923	56503
818334001163	181004
818334002443	163498
818371010333	232823
818371011033	232720
81837999613	101370
818401000723	64868
818401005483	64860
818408010763	168930
818408012453	168922
818408012453	168922
818411000393	281629
818411000713	281609
818411000973	281626
818411001253	281608
81841560373	278279
81841652023	278278
818431000083	109262
818431001363	81867
818480013973	319193
818480019043	323466
818511012753	61248
818511013293	61250
818512016163	312310
818512017023	312326
818512017153	312333
818512017283	312349
818512017313	312352
818512017443	312323
818512017603	312339
818518202683	330418
818611010383	63405
818611010413	247028
818611171923	247021
818617020003	318379
818617020393	318384
818617020553	318399
818617022113	318302
818617022403	318357
818617022663	318394
818617022663	318420
818617022793	318300
818617023523	318309
818617024063	318435
81864001143	132537
81864004083	132490
81864160383	132532
81864160413	132532
81864160543	132526
81864160673	132524
81864160833	132532
81864201123	132532
81864202083	132536
81864222203	132514
81864222883	132513
818643	340947
818645011073	9156
81864620023	42618
81867020103	173707
81867200093	173689
81867700043	173711
81867800033	173693
818679004263	250100
818703010673	13382
818703011403	13393
818703011663	13379
818703013773	13366
818703013803	13388
818745002773	54223
818780010863	12359
818780011013	12378
818780012843	12396
818780013123	12417
818780013543	12406
818780013963	12407
818780014243	12401
818780015073	12380
818780015943	12383
818780016193	12373
818780016643	12419
818780017053	12407
818780017213	12422
818808011193	261235
818808016433	261277
818808018383	261254
818808018413	261255
818808018543	261281
818808019793	261231
818808019823	261258
818808020003	256450
818808020133	256446
818808020263	256447
818905023983	171701
818905024003	171695
818905024683	105859
818905024973	171693
818928001623	246761
818977010003	61343
81900000093	190222
819003020003	324654
819005010453	43434
819005011283	43398
819005015403	43429
819009020083	157568
819009020953	52893
819009021813	71339
819017024363	134578
819019020233	235478
819019020493	235483
819021010123	124904
819021010253	294985
819021011083	124918
819021011113	124898
819022100243	78130
819077010863	22652
819077012393	22650
819077012553	22646
819077012683	22638
819091010283	74708
81910508633	80000
819140010103	124804
819153010053	278689
819153010183	278695
819153011173	278680
819185020143	98102
819239010533	55765
819269012323	24470
819269012583	24460
819269012613	24482
819269013023	24466
819269013153	24464
819316020073	149207
819316020103	149194
819360028773	60775
819388019043	129596
819388019173	129584
819393020003	179677
819393020553	179637
819393020683	179690
819393020713	179650
819393021123	179616
819393021253	179668
819393021413	179657
819394020453	330209
819401011863	341901
819416010523	233646
819442010023	85776
819442010283	131209
819496020993	232110
819496022133	232146
819496022393	232183
819508013203	351260
819508018123	351254
819525017093	60357
819529001623	196266
819529008233	77425
819530020743	88983
819530020743	89017
819530021733	89000
819545026013	51585
819553010073	54836
819553010103	54832
819553010363	54806
819561021443	147032
819561023553	147020
819561023683	217795
819573011623	134783
819573012453	134918
819573012583	291378
819573012613	291375
819573012743	291374
819573016413	134765
819597010213	85933
819597010473	85992
819597010503	85899
819597010633	85925
819597011623	85920
819597012583	85907
819597012873	85964
819597013313	85976
819597014143	85986
819600010063	333770
819620021063	312207
819620021063	312219
819654010453	237902
819693020963	198329
819693024183	198331
819693024213	198330
819693025333	217759
819693025463	217760
819693025593	198333
819693028563	217757
819710020013	372634
819710020143	372631
819710020273	372629
819753000683	262999
819753011603	218662
819775010073	135471
819775010103	135474
819786015203	287891
819786015203	287892
819858020753	94054
81986003513	23291
819867010233	332831
81988475103	84120
81988762043	84117
819893019323	325504
819893019613	325444
819893020473	325338
819893020503	325413
819893021043	274685
819893021463	325358
819893021593	325469
819893021913	325387
819893022453	220588
819893023023	203860
819893023993	349818
819893024143	203846
819893024273	203908
819893024303	203873
819893024563	203910
819893024693	203808
819893024723	311086
819893024853	203926
819893024983	203861
819893025133	203857
819893025263	325296
819893025553	203871
819893025713	369152
819893025843	203956
819893026833	203904
819893026963	203820
819893028493	203823
819893029223	369330
819893029353	369398
819893029483	369314
819893030533	203924
819893033343	203814
819893033473	203922
819893033763	203921
819893035613	203941
819898010073	19390
819898010233	19440
819898010363	19419
819898010653	19490
819898011063	19420
819898011193	19511
819898011223	19380
819898012053	19499
819898013173	19392
819898014033	19434
819898014293	19512
819898015023	19389
819898019083	305337
819941025443	27894
819985020503	317849
819985021043	317844
819985021173	317858
819985021203	317851
819993005073	70225
820103388603	41295
82011570703	115891
820202000543	83769
820213122883	174490
820213130543	174496
820324457133	118540
820402429403	312181
820402981673	64260
820581067373	226992
820581069933	50416
820581069933	50417
820581127763	184011
820581153243	24935
820581173043	237
820581230593	34236
820581281243	178128
820581340483	163793
820581495053	40845
820581495343	273197
820581658823	278957
820581678593	178138
820581805913	281556
820581825553	247
820581845643	204537
820581848293	34235
820581849573	70218
820581981143	255209
82100738663	14112
82100738823	14111
821223	340210
821483	341001
82178700463	187308
822356000493	58084
822356000493	58084
822356000783	58081
822356000943	58082
822486108823	38854
822486110253	68452
822486114183	38855
822486117153	60852
822486119843	350948
822486193003	38857
822486199883	143803
822486204853	38836
822486231293	60850
822712127123	65883
8229101003	32312
8229101133	32303
8229101263	32318
8229101393	32298
8229101553	32301
8229105513	32281
8229108033	32284
823088621413	78096
82318100283	281158
823284100033	74151
823298000763	343992
823298001333	283157
824029000083	335503
824029000113	335502
824086490773	216221
824150226123	369243
824150401483	255203
824150404163	255205
824150404163	369220
824150479123	255090
824153027543	371340
824206000363	372208
824295134383	238206
824295134413	238217
824295136233	238211
824295136363	238215
824295136523	238207
824295136813	238236
824295136943	238234
824295137063	238256
824295137513	238200
824574005113	231487
824615000213	320588
824615000503	320592
824710404923	251638
824712441353	188265
82481233023	23569
824843611083	181269
824843611113	181268
824862005023	327564
824862006983	327528
824862200183	327222
824862702243	327511
824863000553	319559
824863000713	319565
824863000843	46251
824863001253	40445
824873	340263
825014000033	289796
825120000743	364836
825120009883	363527
825120009913	364345
825306011693	14082
825306011723	363300
825306011983	14093
825325007523	214848
825325560103	214857
825325690213	214834
825325910373	50340
825325910403	156310
825414402123	363091
825464800023	346912
825530106103	210204
825530204403	210202
825625500083	370404
825625600073	18521
825625701503	66783
825625702203	66781
825625702203	66782
825743970003	38963
825779010643	79416
825779020123	79418
825779023223	79420
825819410013	239133
82592001023	221560
82592010773	221616
82592010803	221573
82592010933	221608
82592234643	221580
82592634153	221569
82592720153	221544
826022000053	95984
826088530303	234755
826088626013	325752
826088890063	325758
826088901103	234754
826105000413	179199
826168618013	17723
826168619713	23362
826246871743	351742
82628587163	90021
82628587163	90021
826504500163	372215
826504541463	273498
826504686003	97793
826504737453	273502
826504737583	273505
826504738023	220857
826504824153	7861
826504824733	7860
826504847343	97787
826520902743	102645
826520903313	102627
826520905423	102636
82657050423	72437
82657195643	72411
82657445663	72404
82657446523	72431
82657446813	72430
82657447063	72451
82657447063	72452
826646000163	271657
82666320043	255306
82666500803	255342
82666506003	255313
82666701163	255293
82666711063	255342
82666788003	255317
82666800903	255322
82666803003	255333
82674038763	80340
82674038923	80320
82674039043	80326
82674039173	80342
82674039623	80341
826766115723	271408
826766117383	295632
826766119073	271521
826766139323	271479
826766140343	271583
826766141173	271560
826766141463	271367
826766141593	271443
826766141623	271414
826766141753	271500
826766142033	271439
826766142293	271431
826766142323	271567
826766143283	271327
826766143313	271478
826766143993	271452
826766145393	271412
826766145713	271546
826766150083	271422
826766155033	220891
826766155163	271418
826766155453	271518
826766160013	35816
826766160143	35870
826766160303	35962
826766187263	35954
826766190133	271427
826766190423	271325
826766190713	271457
826766192083	35880
826766250103	177364
826766255733	271471
826766418633	109222
826766422883	109236
826766714063	109187
826766715473	109195
826766715923	104991
826766716043	109207
826766716333	109234
826766717453	104974
826766718283	266254
826766718313	267019
826766780723	112900
826766780853	112956
826766781003	271472
826766783663	271337
826766795093	271430
826766810093	363746
826766810123	364595
826766810383	364564
826766810413	363314
826766811533	364188
826766820283	364449
826766846573	363789
826766951383	109198
826766951673	271474
826766952113	104975
826766956463	109249
826846221023	38675
826940180653	189600
826983	340258
827048021473	12102
827048022203	12096
827048024603	12094
827048025273	12103
827048061103	12088
827048071003	12098
827151034353	22011
827393	339997
8274005813	270418
8274130003	270406
827455000733	8705
827486104363	321950
827615000993	254412
827713	340337
828093003643	97916
828093003803	97917
828270001523	228753
828565000323	124497
828653284703	194474
828686012113	284342
828686012793	280190
82876000223	284490
82876002333	84247
82876004443	84235
82876009103	84240
828945007003	216047
829005000613	352488
829006000063	330598
829262000043	36329
829262000173	36342
829262000203	36376
829262000333	36343
829262001583	36397
829262002023	36333
829262002313	36332
829262004263	36398
829262004423	36388
829262004683	36374
829354101993	321135
829364001153	75449
829364001313	75474
829364001993	75351
829364002303	75426
829364002433	75323
829364002563	75376
829364012203	75309
829364012333	75423
829364012463	75295
829364057013	268317
829364111203	268314
829364400833	75659
829364410733	268318
829364411273	268348
829364411303	291613
829364453143	75311
829374810073	332381
829462501043	121819
829462502033	121835
829462503023	121827
829515300593	290079
829515301743	290057
829515321123	290055
829515322243	290054
829515323653	290070
829515323943	290089
829515324193	290101
829515324513	290102
8295664853	74316
829614001223	108781
829614002343	17708
82964310593	132585
829696000473	366530
829696000893	366521
829696001043	366509
829696001203	366540
829696001333	366530
829739000323	272093
829739000743	272072
829739100153	272091
829739100153	272092
829739100733	272090
829739300133	272087
829739400673	272100
829739500793	272080
829739800633	272070
829793005463	49446
829793007283	74066
829793010023	74100
829793010023	74100
829793028813	74082
829793035033	74072
829793071833	74105
829835008933	10212
82988011063	362856
82988019083	362858
82988021093	362855
82988029693	362862
82988046683	362867
82988091843	362844
82988091843	362845
829905000393	64823
829905001253	64822
829944001733	289786
829944016133	125078
829944090263	125067
829944093073	125056
829944094803	125089
829944095343	125086
829953	340228
830003	340085
830028000863	262976
830108000103	374031
830352000003	335818
830410098133	307298
830415009073	78141
83046155293	153620
83046155323	153610
83046155583	153601
83046195183	153643
83046195213	153611
83046446063	153604
83046446193	153609
83046446223	153641
83046446483	153633
83046446773	153601
83046446803	153612
83046446933	153617
83057080133	24614
83057140073	24642
83057140103	24632
83057170483	24641
83057180123	24631
83057191013	24617
830712001503	108966
830757000233	214490
83076252283	145429
83076462293	233544
830811001893	203415
830825001223	130204
830899000283	58119
831012003143	332984
831129001483	190046
831134000853	64508
831134002123	64517
831193006223	189809
831193006643	189817
831193007633	189806
83142011653	258790
83142219523	258794
83142641263	258786
83142641713	258785
83142643403	188758
831617000363	50169
831617003043	50164
831799007013	76875
832112000063	223999
832112000223	223990
832112000643	223908
832112000933	223943
832112001053	223906
832112001633	224013
832112001923	224014
832112002753	223927
832112003293	223936
832112003583	223919
832112004993	223957
832112006133	224001
832112006553	223900
832112006683	223963
832112006713	223963
832112007123	223917
832112007253	223991
832112007703	224009
832112009783	223968
832113	340161
832125003723	277978
832125019533	238272
832152001013	109256
832152002003	57144
832237003543	316722
832373	340417
832443003023	328657
832460004553	80291
832544000433	59448
832697000793	281595
832770002003	107392
832770002003	107392
832910009183	116042
832910009213	116030
832924000343	34119
832924000763	16575
832924003023	203642
832924004143	203641
832924005263	203644
832953	340879
832971001393	318888
833066000963	91826
83322014603	9405
83322100863	9415
833282002413	323345
833282003113	323339
833282007913	323348
833282008323	323347
833282008453	323336
833302008043	346409
833348079793	310541
833404000853	169623
833425000443	129046
833425006063	129044
833657002703	134314
833657002963	134311
833735001413	265180
833735001703	265192
833735001833	265181
833735001963	265166
833793000113	148654
833911002173	84329
833911002463	84330
833911002593	84331
833911002753	84317
833911005013	84297
834074000433	287935
834074000723	287809
834080003053	19771
834183000133	8461
834183000843	8464
834183001383	8518
834183001383	8518
834183002113	8497
834183007033	8512
834183100123	8513
834183100253	8478
834190008863	90234
834202001073	64434
834266005703	43037
834266007103	43031
834266008773	43025
834522004143	288362
8346048953	303227
834648001613	19756
8346500093	303255
8346500123	303248
8346740093	303144
8346740123	303248
8346740123	303250
8346750023	303205
8346780013	303167
8346780013	303215
8346802043	303247
8346861033	303200
8346874903	303189
8346875733	303191
834745003213	159626
834745004753	159628
834839000203	349442
835008001953	363895
835107138413	90547
835107139083	90554
835107181013	90556
835107190053	90543
835143000033	328147
835143002433	328133
835143010353	328151
835143010933	157961
835143012883	156481
835144005143	321185
835144005983	155462
835144008793	370159
835144009363	370165
835144034303	184138
835175000193	192015
835183	339925
835228001023	20924
835228002723	20931
835228002723	20956
835228003713	20944
835228003843	20961
835228003843	20962
835228005113	20939
835228006813	20928
835228007513	20935
835427007093	19800
835481006223	124358
83554084573	44875
83554084603	44892
83554088113	44887
83554098983	44861
83554099003	44889
835559003543	294691
835766553	351247
835822003003	111902
835856007763	97807
836043	339898
836074000123	347272
836093011353	156716
836093011353	156717
836093012053	156696
836990007503	349454
83703300523	324478
83703300653	324489
83703505003	324477
83703510083	324477
83703705403	324470
837152002053	342086
837152003043	342085
837152009113	342083
837186006003	335530
837186006133	335517
837186006263	335513
837186006393	335532
837186006713	335516
837186007093	335521
837186007093	335522
837246002433	343721
837305006853	159033
83737146203	82134
83737154123	16988
83737220743	16993
83737220903	16983
83737222143	16977
83737314183	343104
83737532013	16979
837379001013	10121
837654175453	334049
837654299913	40137
837654549803	68707
837654787083	163178
837654826133	280679
837654919163	229963
837659000163	108205
837659000163	108205
837785000013	171474
83783675283	295094
83791010083	372811
83791010243	372822
83791020013	372807
83791020143	372808
83791070063	372820
83791126043	372804
83791130033	372806
83791191003	372805
83791272443	372789
83791272443	372799
83791272603	372829
83791273013	372794
83791520063	76613
83791520513	76612
83791550343	76602
83799004923	271978
83799005173	271973
83799005883	271983
838128439453	370830
838154003093	229475
838154007053	229474
83832051013	180109
838452003863	157587
838452004143	157602
838455000203	259048
83846100783	85128
83846101643	85131
838478001133	154995
838478001553	155003
838651000663	179760
838706000013	155016
838706000013	155017
838724000453	25487
838724000613	25475
838735315003	233589
838741024623	72038
838766001173	349609
838766002163	349568
838766004723	349567
838766004853	349548
838766004983	349567
838766005263	349572
838766005393	349565
838766005683	349573
838766006253	349639
838766006413	349597
838766006703	349532
838766007823	349585
838766008653	349644
838766010403	349650
838766011103	349529
838766017013	349603
838766019123	349569
838766080093	349619
838766080253	349623
838766080833	349538
838869020033	280138
838913004613	72171
838913008413	72172
838927500033	142534
838927500033	142534
838927501153	168284
838927501443	168273
838927502013	168272
838927502303	168256
838927504093	168292
838927504123	168255
838948007153	291551
839138003023	97894
839138006123	97892
83933025203	144361
83933046093	144416
83933216953	144365
83933217493	144371
83933219633	313695
83933224323	313691
83933225603	203015
83933226983	79454
83933228673	342771
83933230133	79480
83933241283	319635
83933258083	323569
83933263803	144382
83933265173	144393
83933265623	173271
839456003033	19294
839456003323	19286
839456004603	249903
839456006263	249912
839853	340676
840017600103	350735
840022200473	116082
840024300133	39654
840024300263	39651
840024301673	39642
840027590043	263211
840031400673	194926
840031401243	194892
840031401373	194918
840031401823	194987
840031402783	194897
840031402813	195001
840031402943	194878
840031403193	194969
840031403483	194930
840031403643	194909
840031403773	194938
840031404213	111531
840031404893	194850
840031405173	194961
840031405203	195030
840031406323	194879
840039701413	84976
840039702533	13943
840093500113	246102
840093500113	246106
840093500243	246091
840093500373	246103
840093500403	246110
840093500533	246106
840126200683	119461
840126200713	119497
840126200843	119495
840134303383	145940
840134306483	146023
840134307763	146008
840134307893	145910
840134307923	145938
840134362953	145966
840134363073	145947
840143700043	190234
840180906033	46349
840195400243	273420
840200030113	130909
840229302093	43818
840230200173	10947
840230200203	10904
840235800033	104971
840257200033	29663
840258809013	331585
840258809853	323451
840269200243	283075
840275300043	74182
840278113893	318140
840278123953	371409
840278138063	76813
840278168503	318161
840278170063	318150
840296409763	278902
840371810293	51366
840379100013	162979
840379100273	162985
840379100723	163002
840379101393	162994
840379101393	162994
840379101423	163020
840379101973	163017
840379101973	163021
840423100013	193670
840423100143	193689
840423100723	193672
840423101843	193695
840423102253	249606
840469100053	239027
840515102253	333332
840515102253	333333
84059100003	165202
840600104223	227429
840600105343	227514
840600105473	227519
840600106173	227500
840600106753	227602
840600107033	227455
840600108993	227470
840600109273	227594
840600117773	227467
840600120063	227466
840600120483	227463
840600120513	227445
840600120643	227130
840600120773	227570
840600120933	227565
840600121183	227135
840600121213	227141
840600121633	227438
840600121893	227436
840600122043	227525
840600122913	227606
840600123033	227560
840600123323	227558
840600123583	227481
840600123613	227447
840655104353	361322
840762001743	116164
840762011513	116146
840762011513	116173
840782000023	98697
840923001223	317435
840923002183	147720
840923002213	147721
840965000673	219010
840986071003	257756
8410014396983	67900
8410037141003	350760
8410109050523	348775
8410111005573	156060
8410111006723	156063
8410171005773	10397
8410300353843	162634
8410748201003	12174
841111000783	189674
841112104343	310931
841112104763	310976
841112105333	310929
841112105463	310933
841112105623	310936
8411187410513	157430
841135030063	91669
84114033703	167503
84114033703	167667
84114109903	167453
84114112613	167513
84114112743	167450
84114112743	180200
84114115003	167547
84114115133	167489
84114119063	167587
84114121943	167582
84114123923	167462
84114125583	167562
84114125583	167581
84114126283	167565
84114126733	167570
84114128003	167558
84114129673	167506
84114894113	167588
84114900203	167489
84114900753	167454
84114900753	167657
84114901903	167473
84114901903	167645
84114902023	167660
84114902153	167590
84114902153	167719
84114902603	167691
841330100363	105926
841330101483	105895
841330103043	105983
841330103463	105943
841330107713	105927
841330107973	105961
841330108123	105975
841330108383	105979
841330109823	105911
841330110003	105951
841330114353	105898
841330116463	106055
841330116623	105956
841330117033	105928
841330117743	105936
841330118733	105999
841330122563	105902
841330124383	105958
841330125403	106006
8413610701663	63219
8413700588853	49775
841395100063	220438
841395100193	220444
841395120153	220441
8414139005133	305120
8414260178423	335290
8414430264123	63225
8414564250023	3901
841652100003	124979
841742013473	38147
841742014753	38149
841905010813	171642
841905010813	171647
841905020713	171660
841905150113	171653
841937111113	160303
842096100703	9185
842096100703	9185
842096100833	9192
842096100833	9192
842096101113	9195
842096107023	9186
84213000743	211553
84213001573	211548
842234000483	109011
842234000513	108975
842234000803	108989
842234001343	109016
842234001473	108992
842234001633	108990
842234002173	109027
842234002203	108968
842234002333	109069
842234003293	109022
842234003323	109052
842234003453	109037
842234007123	109065
842234009523	109061
842379167263	363758
842379193033	134769
842391004133	139444
842391005543	285596
842515001123	40784
84253222143	272219
84253222143	272237
84253222303	272224
84253222303	272228
84253240383	154621
84253240383	154647
84253240413	154578
84253240413	154616
84253240543	154572
84253240673	154649
84253240703	154613
84253240963	154575
84253241113	154605
84253242783	154608
84253242813	154636
84253243643	154639
84253243933	154620
84253243933	154646
84253244213	154610
84253269643	9056
84253284233	9058
84253294423	79295
84253970013	61548
842595109733	45373
842638000133	246284
842638000133	246294
842638005053	246292
842638040023	246293
842638070013	246280
842796111023	82325
842798100513	103419
842798100643	103483
842798100773	103465
842798100803	103540
842798100933	103466
842798101053	103479
842798101183	103613
842798101213	103525
842798101343	103616
842798101473	103531
842798101503	103598
842798101633	103359
842798101763	103572
842798102043	103390
842798102203	103297
842798102463	103266
84279810253	103502
842798102593	103311
842798102623	103272
842798102753	103351
842798102883	103527
842798102913	103578
842798103033	103421
842798103163	103389
842798103293	103399
842798103323	103392
84279810333	103319
842798103453	103278
842798103873	103387
842798104153	103485
842798104443	103482
842798104573	103461
842798104863	103605
842798104993	103600
842798105013	103420
842798105143	103366
842798105273	103374
842798105303	103425
842798105563	103591
84279810593	103474
842798105983	103306
842798106133	103580
842798106553	103462
842804000783	124550
842885097153	370907
843076000143	179327
843076000273	179332
843076000563	179325
843076000693	179363
843076001003	179336
843237002993	55658
843237003013	55698
843237003563	55708
8434165443143	67914
843426002353	335123
843439031043	370053
843439031173	370059
843439031203	71926
843439031333	71928
843439031753	370061
843439033283	71924
843439033603	370056
843439034303	370052
8435070421523	45687
8435070423183	45686
843533100003	369213
843533120063	227245
843571004783	255460
843571004783	255460
843571005643	255450
843571005773	255428
843571005803	255457
843571005933	255464
843571006053	255444
843571007173	216038
843571007203	255424
843602663743	24043
843663100003	106517
84368020023	347408
84368020153	347397
84380957543	315050
84380958243	315040
84380961243	315044
84407540093	338690
84407802023	338694
84415241043	141744
844334000073	74589
844334001353	74593
844334009793	74580
844334010133	74597
844334010713	87052
844334010843	74579
844451080033	283983
844527021113	155852
844527029133	216042
844527030153	94472
844527031013	272303
844527031983	65367
844527032003	39870
844527037183	94463
844527041203	94446
844527042323	331530
844527050373	215129
844527062383	215122
844527075543	141934
844911004623	260895
844911005293	290334
844911005323	260881
844911005583	290335
844911007563	260912
84493031833	46509
845120024013	259056
845120041133	76794
845120041713	76828
845120042383	312598
845120050203	248220
845120050333	248225
845120070133	259072
845120070553	259062
845120072083	259060
845172000003	214518
845172000393	219936
845172000423	219941
845172000713	219931
84519870033	269590
84553107003	63312
84553107003	63321
84553124123	63316
845561000133	50001
845561000423	189638
845561000553	370345
845561000683	189636
845561000713	189656
845561001673	226409
845681000693	353901
845681000723	353899
845681001713	353908
845777005953	110254
845777008763	325458
845777009203	325429
845777010223	325549
845777010483	110257
845777010513	110258
845777016393	325538
845780036043	347760
845782010423	85433
84579128563	103176
84579133833	103180
84579134793	103187
84579134823	103195
84587006013	15748
84587050573	233457
845901001073	84276
845901061503	84273
845920012173	141062
845920036193	140843
846069001073	143416
846107013723	33322
846107014843	33300
846107014973	33269
846107015093	33316
846107015123	33306
846107017493	33296
846107019053	33321
84617000233	364648
84617600013	364680
84632111143	156121
84632116803	156115
84632663413	156107
846379000643	327541
846462000093	334247
846462000123	334246
846462141833	334238
84648141233	350226
84648311483	350224
84648391003	350211
84648555283	350232
84648555443	350229
846499003593	302414
846526060353	80418
846547015233	142603
846547016643	142621
846548023343	224060
846548023633	369754
846548040463	224105
846548041613	90406
846548059113	101327
846548059243	269964
846548060133	60631
846548070583	56826
846548070613	56829
846548071023	224100
846548072433	122372
846548086843	224047
846548087543	224072
846548088663	224077
846548088663	224111
846548088953	224133
846548089073	224107
846548089073	224109
846548093643	56827
846558000433	255113
846558000433	255113
846659000363	54861
846659000493	54871
846659000523	54862
846659002213	294613
846670000243	7606
846675000163	254209
846675002433	254147
846675002693	254188
846675003003	254151
846675005373	254128
846675006363	254124
846675006653	254199
846675007193	254168
846675013033	254191
846675013903	254179
846675014283	254213
846767002723	264004
846836011953	332957
84685000333	328347
84685000333	328348
84685000883	328350
84685000913	328345
84685170043	371275
84685381883	188057
84686000073	110533
846930013273	66862
847241000013	190018
847241000013	190020
84744701003	226499
847513063203	25084
847534004063	130218
847597010193	365269
847644005073	62749
847833348103	230191
847938001453	328647
847938070053	247629
847938070183	247608
847938070213	247703
847938070343	247626
847938070503	328628
848206064453	184680
848582000243	233680
848582001783	233672
848582005613	233663
848582007143	233675
848582007563	233665
848737000623	366325
848737002283	366378
848737002313	366362
848737002573	366321
848737002733	366457
848737002993	366353
848737003143	366469
84873700333	366432
848737003433	366358
848737003563	366314
848737003983	366390
848737004003	366318
848737004683	366399
848737005093	366285
848737005123	366323
848737006083	366317
848737006533	366277
848737006823	366301
848737007073	366393
848737007103	366408
848737007233	366303
848860000293	117055
848860000323	117039
848860001313	117097
848860040053	203590
848860040633	117108
848860042163	117063
848860048103	117096
848860049063	117105
848860049483	117077
84892026393	184694
848996000013	281126
84909015853	61268
849131000233	197053
849429000303	373495
849429000303	373539
849429000563	373490
849429000563	373536
849429000983	373467
849429001003	373466
849429001683	373532
849429001843	373453
849429002123	373480
849429002543	373449
849429002703	373496
849429003373	373442
849455000063	344098
849492000903	373305
849492005373	373303
84964087543	267547
849819000463	225733
849896044343	235983
850000189133	140593
850000194083	331859
850000194113	331855
850000366213	312528
850000398023	332089
850000398153	332099
850000398603	332110
850000398603	332116
850000411173	290159
850000429093	22097
850000429123	22102
850000486713	70243
850000664203	109621
850000796003	344945
850000843653	321459
850000868113	81561
850000868243	81560
850001070003	141817
850001070713	141822
850001124133	344055
850001288033	198493
850001311083	332962
850001356053	363186
850001533003	184223
850001533263	184210
850001566193	41449
850001762083	287177
850001791243	155247
850001791823	155244
850001805063	169352
850001805643	169487
850001805803	169357
850001974073	371211
850001974233	371224
850001974653	371207
850002233063	157350
850002233353	157362
850002251333	171479
850002251463	171487
850002282023	44898
850002297003	218145
850002313093	140438
850002313123	334178
850002313383	334181
850002367003	28129
850002451023	341442
850002548013	306521
850002548013	306521
850002887433	194694
850002949193	4796
850002949223	4791
850003023083	135137
850003023243	135160
850003113333	210232
850003269023	370377
850003727523	302971
850003766683	18907
850003766713	48234
850003766973	305692
850003789453	278192
850003797403	58555
850003898483	52828
850003917023	245571
850003917153	245570
850003921433	343703
850003948003	53876
850003994383	219905
850003994413	219920
850004143353	162803
850004165003	21219
850004207093	29647
850004281833	20536
850004490433	272823
850004490433	272823
850004554043	156013
850004563083	203784
850004563113	203788
850004638033	331402
850004639443	258955
850004639443	258956
850004639573	259027
850004639603	258988
850004639993	258959
850004680483	249476
850004680773	249462
850004680803	249457
850004694183	295242
850004796023	83758
850005100003	255279
850005100263	255277
850005238003	213907
850005238003	213908
850005324263	22110
850005324423	22107
850005362043	309014
850005409373	150099
850005409793	150109
850005409953	150098
850005414063	220041
850005425113	247749
850005582403	333423
850005606093	372484
850005622543	307029
850005641063	28612
850005641193	183605
850005641353	183598
850005750093	149346
850005750383	149334
850005750413	149391
850005809203	347946
850005872023	349317
850005872153	349306
850005872313	349323
850005872443	349274
850005872573	349318
850005872603	349288
850005872863	349290
850005892243	351584
850005941453	271284
850006024223	223185
850006114153	161652
850006138043	352547
850006138333	352552
850006240753	347996
850006265473	131946
850006265503	131951
850006293353	89701
850006293933	89705
850006298983	74039
850006364473	72466
850006370993	38825
850006419333	329049
850006560073	304315
850006560523	304316
850006685073	255267
850006748693	254309
850006913053	332887
850006944163	17277
850007042233	171910
850007058043	59484
850007058203	59481
850007081423	17108
850007081423	17112
850007081713	24825
850007081843	311091
850007081843	311092
850007081973	311090
850007125103	259529
850007125653	259528
850007137083	284277
850007391003	330412
850007473013	57332
850007515003	35094
850007609153	11068
850007655303	322067
850007655693	322101
850007745103	204093
850007745233	204097
850007881023	24054
850007941253	84921
850007950163	58556
850007965013	280726
850008006043	303568
850008041013	333975
850008209383	330116
850008225123	330535
850008225383	330555
850008237003	161022
850008237393	161008
850008237393	161020
850008253003	194453
850008262333	92671
850008262333	92671
850008378133	138325
850008414213	264717
850008654213	351593
850008833113	371646
850008873003	162744
850009001443	345434
850009038043	229529
850009089663	48309
850009097033	54558
850009173003	231582
850009293053	195919
850009500113	244268
850009647993	149247
850009682093	228726
850009682123	228730
850009682413	226326
850009723123	10780
850009885593	344740
850009890023	231216
850009942333	36987
850009991003	324724
850010010083	121788
850010013053	111515
850010060033	19044
850010149813	274413
850010222363	326443
850010222653	331287
850010279633	268819
850010350073	188792
850010430133	347581
850010472393	189574
850010472423	189572
850010538013	167427
850010613413	167607
850010788203	129052
850010884103	311053
850010950273	79677
850010950433	79678
850011081013	11850
850011084243	37449
850011143643	171491
850011288153	119174
850011288443	119155
850011388013	76481
850011443453	21863
850011443613	21841
850011482773	65347
850011745403	25497
850011788103	307871
850011788233	307877
850011839003	265661
850011881033	111929
850011881873	111912
850011910023	130326
850011911273	270243
850011912553	19063
850011938003	244220
850012117193	341994
850012117193	343762
850012117513	342001
850012117513	343763
850012117773	342003
850012117803	342004
850012200383	210464
850012238003	269441
850012316053	351512
850012316213	351508
850012316763	351505
850012565093	60524
850012565253	60623
850012793083	301606
850012793953	301616
850012926283	170290
850013018093	69442
850013048083	214903
850013048533	214913
850013078363	141895
850013078493	141913
850013111183	351811
850013167043	103061
850013167593	103067
850013279913	351601
850013362103	56225
850013415113	18438
850013508013	330395
850013525423	235611
850013716333	329514
850013791323	233477
850013806003	362618
850013922093	344712
850014062453	323456
850014104023	190458
850014188023	106982
850014216023	328102
850014369453	23653
850014477103	232066
850014511173	230865
850014516253	86008
850014516543	86104
850014516963	86147
850014669003	373276
850014706173	167404
850015041013	321262
850015093043	41403
850015096013	8255
850015225123	144217
850015259203	62520
850015419713	17172
850015510083	173447
850015537523	261116
850015646003	242755
850015723803	150092
850015723933	150090
850015776113	303544
850015890123	156647
850015890253	156654
850015892523	57222
850015982293	327121
850015982323	327080
850015982583	327047
850015982743	327097
850015982873	327099
850015982903	327051
850015996023	187122
850016112743	250811
850016114143	240578
850016127013	150886
850016134103	4808
850016318053	154722
850016323033	85041
850016452023	287105
850016452313	287086
850016463043	341955
850016568243	371322
850016688033	193801
850016877123	78902
850016929013	76573
850017067073	323272
850017142053	311424
850017142343	311432
850017152083	319128
850017152113	319129
850017154193	30145
850017270053	107469
850017270053	107469
850017270213	107468
850017315723	268896
850017326163	369985
850017346093	68486
850017468153	51271
850017468313	51269
850017549173	202616
850017549203	202609
850017549913	202605
850017683013	153663
850017756113	111988
850017819313	171788
850018054003	205384
850018276023	72329
850018276023	72332
850018373043	344017
850018531023	271123
850018608053	354035
850018711203	213064
850018711593	213080
850018711753	213073
850018924023	130465
850018940313	258067
850019059083	332500
850019179743	269133
850019304053	69954
850019735383	235961
850019759013	344991
850019890143	15714
850020041213	85824
850020041343	253986
850020078073	230827
850020078363	230824
850020079063	38448
850020260003	4347
850020260423	4343
850020705153	273380
850020705863	273399
850020861033	343709
850020999033	365563
850020999033	365563
850021015053	373774
850021091033	280465
850021145033	173349
850021228453	35640
850021228583	35639
850021228873	35631
850021282073	82463
850021352073	83993
850021373443	58106
850021373863	109714
850021474003	188206
850021474393	188188
850021474973	188184
850021522353	184811
850021583033	210466
850021786533	218144
850021852313	268019
850022566073	213808
850022733123	373895
850023073013	307189
850023073013	307194
850023293053	19464
850023293213	19491
850023381323	255557
850023398093	331294
850023398123	331291
850023446183	115467
850023446213	115445
850023628183	7589
850023690043	365159
850023690593	365168
850023692153	254288
850023861023	2501
850023861313	2499
850023861443	2511
850023875013	82236
850024006003	353755
850024267343	149426
850024326033	202560
850024343313	220795
850024374553	205436
850024735033	49403
850024782013	214713
850024803053	307152
850024803183	307155
850024927063	13309
850024977013	226537
850025025393	56106
850025807173	250159
850025807173	250159
850025894173	125029
850025895033	351415
850025895033	351416
850026073003	4873
850026212013	231770
850026212273	231750
850026212273	231751
850026260403	281562
850026419023	331457
850026428933	34239
850026648003	89324
850026937053	18287
850026948103	370603
850026987133	330074
850027076003	35505
850027263953	226576
850027702193	235192
850027984193	4835
850027993003	57650
850028035023	89382
850028042403	370320
850028053003	197122
850028315033	21876
850028505243	235093
850028524343	123000
850028524633	256804
850028554333	327052
850028554623	327095
850028554753	327100
850029286073	101669
850029345633	162812
850029400103	111463
850029410003	226954
850029632023	307418
850029632153	307419
850029632443	307422
850029679233	29911
850029698043	230513
850029730033	66203
850029741763	111982
850029746003	303859
850030090553	312866
850030092823	268289
850030296023	37550
850030387103	110729
850030406743	323031
850030824073	343667
850030844293	20448
850031022133	254368
850031387683	350044
850031387713	350045
850031387713	350045
850031418073	162777
850031418073	163118
850031700253	188173
850031700673	188177
850031740433	275682
850031785373	231337
850031990173	121840
850031990203	121847
850032072083	281178
850032081153	344700
850032258043	343537
850032528313	246195
850032528603	246209
850032825023	213937
850032945233	374119
850033206043	193895
850033324273	372465
850033324303	372463
850033354263	327811
850033619003	350327
850033619263	350360
850033785593	300451
850033785623	300450
850034580043	188601
850034597133	303133
850034678023	217800
850034902043	190371
850034905273	327096
850034905563	327070
850034905693	327082
850034935003	318034
850035280003	321922
850035593233	368719
850035608753	365177
850036042303	149476
850036240303	25088
850036284413	116654
850036594093	365181
850036632023	371652
850036699033	157228
850037022083	235836
850037363063	145819
850037528073	14058
850037958023	334167
850037992423	95971
850037992683	95969
850038991043	38343
850038991173	38343
850039286773	188183
850039912023	123027
850039949203	148493
850040427103	259098
850040427103	259098
850040427233	259104
850040427363	259093
850040794533	251651
850041914503	280127
850042455043	267711
850042576243	332296
850043234173	141914
850043324003	130639
850043326083	58558
850043690023	53229
850043809043	145295
850043868033	332561
850044112043	51270
850044914173	317961
850045008093	85646
850045187033	69439
850045748043	107168
850046532023	190666
850046663093	338506
850046892493	353518
850046940033	108134
850047203113	58096
850048423503	283400
850048589513	322079
850050000013	217705
850050000013	217706
850052007003	244249
850052540203	343835
850052699093	157223
850055003033	349985
850056005043	350686
850060006043	105147
850066002063	76848
850066002803	76849
850073005743	189657
85009005353	330437
850091003653	132028
850091005053	221640
850104425113	254379
850107006043	370533
850114002243	10409
850126007083	145176
850141006023	41384
850148004183	350409
850149004083	217346
850158007143	368407
850163002003	10561
850163004373	10559
850171005003	156791
850173005353	373207
850173005933	373194
850174000463	344893
850174000753	307816
850180006053	149240
850180006473	149220
850181005093	77416
850195003733	45233
850210004073	161909
850210004103	161912
8502117973793	228821
850217008333	173016
850220007033	149433
850221001283	144122
850221001443	144122
850225002033	281349
850229005283	249472
850239004023	65446
850241008033	343764
850241008163	343761
850246005013	29617
850250005023	303514
850251004063	302736
850251004513	302757
850251004643	302736
850260003033	216184
850265004103	221490
850271002063	130297
850273005253	92034
850274007683	45331
850295002513	184364
850302005773	246793
850303006083	318460
850307001183	130301
850308007023	74479
850318005293	346557
850326006053	95918
850327004003	219023
850335006013	312533
850336002113	349339
850336002403	349337
850341006083	34029
85034721053	156314
850348003023	322164
850348003283	322159
850357004493	157309
850357004813	157315
850361007053	172610
850370005033	42955
850370005163	61633
850377005333	168511
850381008283	328024
850388783053	343688
850388783343	343694
850388783503	343698
850395006053	186917
850395006053	186918
850397004033	329526
850397004583	329520
850397004743	329508
850403000073	221724
850403000103	221725
850403000233	221719
850403000363	221772
850403000493	221755
850403001223	221744
850406004023	68908
850406004313	68911
850408004113	235970
850416002293	270249
850416002743	270268
850416002873	270228
850416004013	270274
850417005163	22145
850418006053	311682
850434002763	307049
850439003123	213573
850446008043	281026
850446008463	280929
850446008463	280940
850460005493	177661
850460005783	177678
850472004033	61334
850472005023	278189
850472005283	278209
850472005313	278187
850472005993	278206
850473002083	371596
850475006003	214731
850475006133	214733
850475006973	214725
850476006033	288015
850499001213	242522
850499006003	187808
850514005523	101662
850529003293	275380
850529004023	203328
850544005593	34076
850544005623	34084
850551005173	302321
850551005623	302345
850551005753	302310
850563002023	190722
850563002443	190724
850563002573	190751
850563002603	190753
850563002733	190746
850565007293	145430
850573005083	328397
850575004053	232022
850578006023	82348
850590004113	182279
850590004373	155973
850590004793	155985
850609008293	41489
850619007583	196037
850624000463	92609
850627001283	192213
850627001313	192215
850640006043	51748
850643007283	147014
850643007313	146990
850645008103	7806
850668000443	72320
850668000443	72343
850668000863	72328
850668000863	72328
850668000993	72326
850668000993	72341
850674001243	220423
850681003353	157209
850685004363	349663
850687100223	47100
850687110383	47097
850687110703	47099
850687400033	47104
850690002033	256819
850701003493	232279
850701003523	232284
850708006213	61320
850709005253	203363
850709005413	203392
850709005703	331929
850711006033	85482
850711006323	85483
850727004443	7844
850732006043	66059
850732006173	66044
850732006333	66030
850732006753	66055
850732006913	66022
850741006003	41296
850747004003	243423
850758003033	53325
850758003323	53328
850758003873	107231
850765006003	288444
850771005083	40261
850775004013	334676
850775005003	168851
850775005133	168857
850775005263	168864
850775007113	333296
850775007113	335041
850775007403	335032
850791002093	253645
850791002123	247167
850791002703	247169
850793006013	115329
850800007163	159451
850808005253	216321
850819002203	24893
850827000673	261238
850840001053	273034
850858007023	20460
850858007153	20463
850858007573	20456
850864004023	325585
850867002163	308924
850886005213	24087
850888005143	282260
850888005273	282253
850898005003	192507
850901007093	38138
850918004023	61603
850936005033	205736
850945002023	352311
850947006043	330450
850947006753	330454
850977005023	307726
850977005023	307734
850977005153	307745
850977005283	307743
850977005313	307733
850996004533	190627
851011003593	282631
851015004763	323679
851031005003	111691
851034008063	62371
851034008193	62370
851035003043	371225
851035003173	371214
851035003203	371186
851035003333	371189
851035003623	371177
851035003753	371196
851040006053	33248
851040006183	33246
851040006503	33247
851042003463	58136
851045001923	63118
851055007113	73304
851063002773	184158
851065007233	22604
851065007783	22581
851068005113	219146
851073004743	368475
851079006093	38654
851083005143	270148
851083005273	270137
851083005303	270135
851083005563	270152
851093004013	115463
851093004013	115474
851093004273	115458
851093004273	115460
851100003343	162758
851106006003	363083
851107003933	40578
851110003203	307714
851110008123	214402
851112008763	319557
851125002543	301609
851141006143	24370
851141006303	24350
85114100633	24356
851141006433	24357
851146002683	104131
851146002843	61293
851146002843	61293
851149005063	372298
851149005193	372306
851149005483	372308
851151005013	21535
851166007033	66764
851167002143	243906
851167002273	243902
851167002303	243910
851167002693	243909
851167002723	243890
851168001053	7821
851186007013	268707
851186007563	332662
851204003423	232892
851204007483	253183
851209004043	367816
851220003193	53139
851220003483	53156
851220003513	53150
851227008023	321802
851238005073	368541
851238005103	368542
851238005233	368692
85125223503	258783
851277008493	351622
851277008523	351620
851278001103	373244
851278001493	373243
851280008473	80093
851299005043	322403
851301008093	91830
851324007653	249579
851329008273	321221
851330005353	202576
851330005773	202575
851331007073	30143
851335000933	229285
851337005073	239051
851339006023	92413
851339006283	92405
851342006553	302643
851353005583	90853
851361005773	49780
851368004243	331624
851368004403	331622
851368004663	331621
851387007393	351549
851387007553	351552
851387007683	351547
85138700833	219786
851387008833	219786
851390005003	8962
851390005423	7494
851400002183	311385
851400002503	311381
851403003033	130876
851406007083	154486
851425003073	323234
851430001033	303564
851432005183	256243
851439004073	372751
851441005013	279629
851449007033	37528
851461004263	57246
851461004843	57243
851461005093	70724
851463005053	256742
851463005183	256741
851463005213	256743
851481005943	244261
851482003153	230815
851489003293	122603
851492002023	61561
851492002023	61577
851492002153	61560
851492002313	61571
851492008643	363361
851499006123	192607
851508002023	159086
851508002313	159085
851509004033	75111
851509006693	156639
851522003013	40872
851530000103	169742
851530006273	162767
851530006273	346670
851532008473	273382
851532008923	273385
851538006893	121947
851547006013	246778
851553008063	78346
851554006013	229459
851562007033	331383
851567005003	148165
851568007853	102143
851569003373	330124
851569003403	273908
851586006173	84101
851587003133	129531
851588004023	130905
851592004453	91842
851616006753	150150
851618001633	302219
851619004053	259141
851621003013	105280
851631006233	139624
851638005093	157370
85164000073	109587
85164000103	109589
851641003123	71487
85164120023	109611
851642004013	103054
851653004293	78358
851662006103	43295
851666006093	331429
851668003663	78668
851669005123	351182
851670006003	17731
851681008133	143690
851681008683	143685
851687005013	46387
851694003873	263946
851694003903	263925
851697005003	373293
851697005133	373294
851702007183	167622
851702007343	167618
851702007473	167604
851710001623	64346
851710001883	64342
851720003013	92704
851724008243	107669
851729003403	79792
851731002333	271900
851731002623	271901
851741008493	188194
851741008813	188179
851741008943	188205
851760006173	352489
851760006333	352470
851761004093	302068
851761004123	302067
851769007003	295192
851769007133	295166
851769007133	295170
851769007713	295175
851769007973	295179
851770003063	238936
851770003193	238934
851770003223	238945
851770003513	238822
851770003643	238940
851770005043	82357
851770006033	238891
851770006163	238917
851770006323	238927
851770006743	238861
851770007283	238865
851770007603	238789
851770008013	238791
851770008143	238834
851770008273	238797
851770008563	238929
851770009263	238807
851770009423	238845
851775003013	307387
851783001193	62160
851783005023	263871
851784007293	247166
851788008463	82813
851789005423	341433
851800009423	64400
851802004303	351435
851818001303	80071
851818001693	80085
851818001853	80067
851823006133	164156
851823006423	164158
851829006113	315151
851830005013	329113
851834006023	10338
851838006043	223002
851838006203	223001
851838006333	84262
851841005033	140722
851844005023	370915
851844005313	370914
851856008043	343951
851858005033	313484
851861006003	138753
851861006133	138723
851861006393	138742
851861006423	138733
851861006553	138767
851861006713	138771
851878007413	43269
851882006143	55516
851887004243	79493
851889006733	163065
851893004053	220615
851893004343	220618
851899005443	232878
851899005993	232867
851907007353	227726
851909002363	272509
851915008083	163175
851916003223	63696
851916003483	63652
851916003643	63661
851921006233	307094
851921006493	307117
851921006523	307103
851921006783	307119
851927004523	269500
851927005773	52538
851927005773	346679
851927005803	52536
851927005803	346677
851927005933	269520
851927005933	269521
851927006053	269514
851927006053	269515
851929003463	124680
851932004013	317865
851932004273	317885
851932004563	317869
851932004983	317862
851939007253	10557
851949004273	274195
851953005013	362688
851953005143	362677
851953005303	362685
851960005013	242493
851967004033	322868
851981001063	16666
851981001223	16680
852017003143	156609
852017004133	16774
852019008023	235616
852020003093	33190
852020003123	33193
852025002213	46243
852032003043	178346
852040005053	371410
852043003193	35370
852043003643	35341
852043003803	35347
852049004033	328108
852061008583	10379
852070008123	95454
852070008123	95455
852070008253	95450
852070008253	95451
852074004053	373611
852078006053	71111
852081001533	17732
852081007603	65357
852082002003	212070
852095004063	161642
852095004353	161619
852095004513	161625
852095004643	161630
852095004773	161631
852098001083	158001
852098001373	92635
852099004113	299330
852109004393	86090
852109331093	86021
852109331093	86135
852109331123	86072
852109331253	86131
852109331413	86089
852109331543	86092
852109331673	86070
852109331703	86137
852109331963	86141
852109331963	86141
852129008043	186856
852129008043	186886
85213600093	233555
852155004033	302493
852158002333	37451
852163008313	230124
852182002033	37920
852182002453	37902
852182002873	37898
852193810153	216634
852201007933	353770
852202003033	164859
852211001693	77100
852211001723	77098
852225003003	302478
852230003173	184270
852230003333	212816
852230003463	212814
85223152583	48277
852244003053	15661
852244003343	15662
852244003473	15645
852244003763	15671
852244003763	15671
852244003923	15667
852244006573	347349
852244006863	347340
852251000083	143017
852251000113	143322
852254007003	259358
852258001113	182599
852262003073	97986
852262003363	97984
852262003363	97988
852271002043	37974
852279006043	330314
852284005123	290582
852287006073	349785
852288006003	366647
852291004263	220261
852304723143	264796
852311004013	19869
852311004273	19875
852311004303	19896
852311004693	19890
852311004723	19863
852320000013	57589
852330005183	203967
852337006053	330481
852346005023	229338
852346005153	229369
852346005313	229344
852346005603	229374
8523470053	200391
852351003083	30402
852358001853	11782
852358003253	75135
852358003703	75134
852362006073	232200
852363006003	37434
852368008323	149503
852369005093	56074
852369005383	56076
852388002073	74492
85239000083	14577
85239000113	14365
85239000243	200989
85239001103	15345
85239001653	200587
85239001813	200240
85239001943	15465
85239002063	14721
85239002193	301218
85239002513	121372
85239002643	300694
85239002773	300847
85239003763	301265
85239004203	301181
85239004333	300623
85239004463	199923
85239004593	15473
85239004913	200273
85239005033	301236
85239005163	301274
85239005293	301252
85239005453	200516
85239005873	301465
85239006023	200348
85239006153	92899
85239006603	301160
85239007143	301133
85239007563	301268
85239007723	199626
85239007853	200078
85239007983	301370
85239008263	200308
85239008393	199667
85239008423	301407
85239008553	301383
85239008843	200577
85239008973	301161
85239009543	14488
85239009673	14858
85239009703	92948
85239009963	93485
85239010143	14958
85239010303	301027
85239010723	301154
85239011003	200895
85239011133	200464
85239011263	15456
85239011393	201217
85239011553	200746
85239011683	200436
85239011843	92888
85239011973	15352
85239012093	325493
85239012123	200784
85239012383	199697
85239012543	201214
85239012703	369557
85239012833	369626
85239013403	369617
85239013663	15494
85239013793	15475
85239013823	301239
85239014073	325290
85239014103	300675
85239014233	200293
85239014363	369394
85239014523	200053
85239014783	201114
85239014943	201156
85239015063	200003
85239015223	200512
85239015353	199933
85239015483	200289
85239015513	14591
85239015643	200298
85239015773	200820
85239015933	301118
85239016053	301276
85239016343	200773
85239016503	200020
85239016763	300954
85239016893	200642
85239016923	200283
85239017173	199633
85239017593	14637
85239017623	14312
85239017753	14284
85239017883	14856
85239017913	14419
85239018033	14238
85239018293	15517
85239018323	201194
85239018453	14327
85239018743	15170
85239019023	121260
85239019313	301420
85239019573	15475
85239019603	15005
85239019733	121369
85239019733	121369
85239019993	200710
85239020203	325571
85239020623	200261
85239021033	14678
85239021293	301319
85239021583	300937
85239021613	200028
85239021873	14929
85239021903	301039
85239022573	301090
85239023013	14722
85239023303	15438
85239023433	301208
85239024003	14965
85239024263	201003
85239024393	200257
85239024553	200581
85239024713	200284
85239024973	199884
85239025383	14426
85239025703	15111
85239025833	14905
85239026083	201144
85239026243	15444
85239026373	15413
85239026403	14297
85239026823	201147
85239027073	300817
85239027103	301194
85239027493	300654
85239027523	300672
85239027653	300837
85239027813	301441
85239027943	301489
85239028063	201020
85239028223	200007
85239028353	199742
85239028513	300855
85239028803	199756
85239029053	301176
85239029183	14907
85239029213	14530
85239029343	301217
85239029473	200928
85239029633	14917
85239029763	201118
85239029893	200651
85239029923	200523
85239030073	200382
85239030103	200498
85239030233	15387
85239030363	200251
85239030493	14979
85239030653	15348
85239030783	300663
85239030943	301451
85239031063	300810
85239031193	301248
85239031223	301227
85239031353	121313
85239031483	121315
85239031513	301379
85239031643	200324
85239031773	200137
85239031933	120013
85239032183	120490
85239032343	300741
85239032473	199710
85239032503	199708
85239032893	15393
85239032923	200182
85239033043	301371
85239033173	93049
85239033463	200387
85239033593	200789
85239033623	15078
85239033753	369295
85239033913	369504
85239034163	369675
85239034293	369303
85239034323	369636
85239034583	14647
85239034613	15266
85239034743	369634
8523903483	201077
85239035023	369393
85239035153	369579
85239035573	14860
85239035863	14688
85239035993	200182
85239036273	93050
85239036303	92883
85239036433	14785
85239036563	15186
85239036693	93090
85239036723	14640
85239036853	200827
85239036983	120147
85239037133	92960
85239037263	119864
85239037843	119760
85239038093	120874
85239038383	121476
85239038413	121470
85239038543	121103
85239038673	120124
85239038703	120744
85239038833	120682
85239038963	120441
85239039083	121110
85239039113	121115
85239039243	200203
85239039403	200934
85239039533	199948
85239039823	150086
85239040003	149993
85239040133	150020
85239040423	200781
85239040683	15380
85239040713	14479
85239040973	120626
85239041093	120162
85239041123	120169
85239041253	121362
85239041383	120734
85239041413	120741
85239041543	120122
85239041673	120114
85239041703	120109
85239041833	15036
85239042083	120559
85239042373	121083
85239042533	119970
85239042663	119832
85239042793	14276
85239042953	119655
85239043363	121416
85239044193	121416
85239044223	200782
85239044353	120801
85239044483	119718
85239044513	121424
85239044773	301331
85239044803	120989
85239044933	120163
85239045053	120762
85239045183	121427
85239045213	121427
85239045343	119793
85239045473	201039
85239045763	120860
85239045893	120329
85239045923	121480
85239046043	325557
85239046173	121563
85239046333	121472
85239046463	119700
85239046593	120821
85239046753	121139
85239046883	199970
85239047033	120288
85239047293	121003
85239047323	120902
85239047583	120335
85239047613	120137
85239047743	119957
85239047873	119833
85239048153	121006
85239048283	119710
85239048313	120230
85239048573	121360
85239048603	119833
85239048733	121368
85239048863	121180
85239048993	121253
85239049013	120449
85239049143	120049
85239049273	120500
85239049303	121044
85239049693	119770
85239051153	200869
85239051443	369619
85239051573	92758
85239051573	93793
85239051603	119756
85239051863	121273
85239052143	120465
85239052273	369491
85239052303	369456
85239052433	200832
85239052563	120019
85239052693	120007
85239052723	120010
85239052853	121535
85239052983	119666
85239053003	120910
85239053133	120422
85239053393	121529
85239053423	369426
85239053553	369640
85239053973	119678
85239054093	15281
85239054253	369397
85239054543	369448
85239054673	369569
85239054703	369519
85239054833	369400
85239054963	369482
85239055083	369422
85239055533	369493
85239055793	301477
85239055823	14603
85239057193	120549
85239057223	201002
85239057353	120410
85239057483	120279
85239057513	120282
85239057643	15356
85239057933	120438
85239058053	200375
85239058473	120539
85239058503	121161
85239058633	121387
85239060063	200453
85239060483	200768
85239062333	120481
85239062623	120419
85239064733	15209
85239064993	201032
85239065273	120056
85239065303	120053
85239065433	200373
85239065563	14564
85239067703	301259
85239068113	200478
85239069943	121321
85239070093	119714
85239071113	15356
85239071373	300689
85239073483	119688
85239073513	119691
8523907353	300641
85239073643	301498
85239073773	301284
85239073803	300891
85239075173	200180
85239075203	201006
85239076163	199849
85239077283	200938
85239077313	119886
85239077573	200620
85239077993	120103
85239078013	120377
85239078143	120078
85239078433	120924
85239078563	119814
85239078693	121225
85239078723	120338
85239078853	200544
85239079973	93220
85239080023	93227
85239080153	121288
85239080573	14577
85239081013	300754
85239081433	15191
85239081723	14927
85239081853	15261
85239082003	14994
85239084083	14986
85239084533	120403
85239084663	120365
85239084793	121451
85239085103	92980
85239085493	120584
85239085523	121088
85239085653	120191
85239085783	199779
85239085943	120583
85239086063	121090
85239086513	14586
85239086643	301136
85239087503	120322
85239087633	201257
85239087893	120955
85239087923	120956
85239088623	14235
85239089033	121121
85239090053	200217
85239090343	15287
85239093153	120926
85239095263	121502
85239095553	121092
85239095973	121167
85239096123	119855
85239096833	14660
85239098653	120507
85239098783	120294
85239098813	119820
85239098943	120603
85239099063	121347
85239099193	201103
85239099643	120315
85239099773	120248
85239099803	120254
85239099933	120262
85239100363	93005
85239100813	201214
85239101193	15388
85239101513	301201
85239101933	200210
85239102213	301233
85239102473	120579
85239102503	121148
85239102763	301452
85239104453	200437
85239104743	14745
85239105153	300707
85239105863	119752
85239108543	14864
85239108673	121105
85239109243	121302
85239109793	150024
85239110553	121355
85239110683	121349
85239110713	200662
85239110843	120184
85239111093	120269
85239111123	199981
85239112083	93097
85239112403	200512
85239113073	300692
85239113493	200133
85239113523	200371
85239113813	200572
85239114933	200928
85239115213	15158
85239115503	93381
85239116203	200484
85239116333	200571
85239116463	200880
85239116593	199641
85239116623	199814
85239117163	121107
85239117583	121314
85239117613	200707
85239118313	200487
85239118733	14346
85239119273	121276
85239119303	121210
85239119433	121203
85239119693	120284
85239119723	120179
85239120033	301023
85239120293	120698
85239120323	300673
85239120453	120657
85239120903	14174
85239121283	119845
85239121313	120098
85239121573	120083
85239122723	301325
85239123843	14823
85239124703	14868
85239125403	300626
85239125793	119904
85239125823	119905
85239128213	200839
85239128923	369334
85239129463	201213
85239131183	369276
85239131213	15429
85239131343	301421
85239131473	369562
85239131763	93001
85239131923	369343
85239132333	199739
85239132883	120352
85239132913	119686
85239133033	120293
85239139943	200344
85239141083	200868
85239141243	200752
85239141403	300944
85239141663	93405
85239141793	200909
85239142103	322193
85239142493	15048
85239142523	301049
85239143353	93754
85239145203	200561
85239146453	200075
85239146903	199873
85239147993	369671
85239148143	15273
85239150283	14364
85239150733	200724
85239151853	15356
85239154083	120993
85239154113	121432
85239154533	93261
85239155103	15228
85239155653	119767
85239156193	121308
85239156513	120235
85239156773	93366
85239156933	120942
85239157503	15511
85239157893	93060
85239157923	119846
85239158593	93676
85239158623	93676
85239159033	199679
85239160633	14328
85239161883	93676
85239162163	92896
85239162293	93352
85239162323	93544
85239162453	120635
85239162903	92981
85239163023	93171
85239163153	93014
85239163283	93753
85239163313	119716
85239163443	121424
85239163573	93275
85239163603	93667
85239163733	92745
85239164143	92848
85239164563	200069
85239164983	93264
85239165003	119933
85239165553	200582
85239165683	92756
85239166123	199701
85239166253	120174
85239166383	93363
85239166413	93335
85239166963	121243
85239167243	120068
85239170953	199780
85239173893	120925
85239173923	120925
85239178553	300859
85239180693	121446
85239181133	120754
85239182673	199738
85239182703	121334
85239183243	150074
85239184783	199698
85239186213	199940
85239187173	121332
85239188453	300777
85239189443	121215
85239189573	121204
85239189603	120188
85239189733	301472
85239190333	120536
85239191033	120359
85239193143	15247
85239193983	15492
85239194683	14577
85239195253	200434
85239196533	200439
85239199923	150079
85239200773	15374
85239200803	301427
85239201053	200195
85239201503	301341
85239201893	15528
85239201923	15522
85239202203	201248
85239202623	14224
85239203033	301345
85239203453	14160
85239206133	300851
85239206263	119875
8523920873	14748
85239208823	93413
85239209073	200298
85239209233	121251
85239209363	120107
85239209493	92897
85239209523	121263
85239212523	119800
85239212813	199934
85239214343	369465
85239214893	369491
85239215043	369329
85239216583	369600
8523922063	200941
85239221013	199727
85239221273	200247
85239222713	301408
85239223543	199875
85239227053	14671
85239227633	14218
85239233443	15303
85239236383	92874
85239236413	93580
85239236543	369333
85239238363	200361
85239240953	14310
85239243923	121289
85239248683	121096
85239250303	199894
85239250983	200635
85239251003	200811
85239252093	119823
85239257753	120409
85239257883	93067
85239257913	92811
85239258033	92855
85239260173	200492
85239260203	200497
85239260463	200236
85239261293	92786
85239261323	93694
85239262023	201069
85239264713	15242
85239266243	14764
85239267523	199629
85239268063	93672
85239268193	93241
85239268223	15405
85239268223	15405
85239268353	301385
85239268513	14216
85239269763	200467
85239270233	93366
85239270363	120215
85239270813	200533
85239271353	121433
85239271483	92799
85239271803	200908
85239273623	200548
85239275573	121532
85239276303	301417
85239276693	120318
85239276723	120321
85239278673	92875
85239280713	119734
85239284063	119667
85239284193	15316
85239284223	300820
85239284483	200629
85239284803	199879
85239284933	200367
85239285183	93542
85239285343	120128
85239285633	93392
85239286043	92902
85239286173	119959
85239286753	93654
85239286913	121554
85239287613	93244
85239287903	121386
85239293393	121520
85239293423	120298
85239293553	120681
85239293973	120944
85239294123	119701
85239300183	199806
85239301203	14950
85239301593	14712
85239301623	14631
85239301753	15015
85239303993	120890
85239304143	14511
85239305003	200170
85239305133	15404
85239305393	15391
85239306673	150028
85239306673	150058
85239306703	150010
85239306703	150057
85239306963	93163
85239307113	14872
85239307243	149995
85239308103	119822
85239309063	93799
85239309193	93782
85239309223	92925
85239309353	93473
85239309483	93672
85239309803	15028
85239310113	14255
85239312483	120396
85239313343	93474
85239313923	119984
85239315743	119918
85239317013	93206
85239322123	301238
85239323083	15224
85239327333	93188
85239327463	93429
85239327593	93139
85239327883	93708
85239327913	93451
85239328033	93573
85239329153	369352
85239330593	93187
85239330623	93431
85239330753	93124
85239330883	93260
85239330913	93318
85239332993	93728
85239333013	93130
85239333143	15504
85239333273	93677
85239333303	93676
85239334973	121391
85239336243	120970
85239337493	324206
85239337653	324236
85239337783	324223
85239339763	93665
85239339923	93695
85239340233	93641
85239342183	14240
85239342213	14785
85239342343	14681
85239342473	14498
85239346563	200401
85239347133	93734
85239347263	93099
85239354483	92867
85239354513	93642
85239354643	93065
85239354803	93518
85239354933	92844
85239355633	120528
85239357743	121208
85239358733	93069
85239358863	93097
85239362273	301103
85239362303	301044
85239365793	120758
85239370773	93541
85239372043	119733
85239380413	301073
85239381823	200123
85239382103	14638
85239385883	200114
85239385913	200107
85239387573	301035
85239388433	301077
85239388693	300905
85239388723	301149
85239388853	301036
852394005013	284156
85239400913	14768
85239401033	301324
85239404003	200061
85239404423	201117
85239404713	301404
85239405123	14719
85239406663	300682
85239407813	200184
85239410233	14686
85239410813	93444
85239410943	201020
85239412183	93516
85239412213	93262
85239412473	200854
85239412503	93108
85239415023	199917
85239415153	200091
85239416013	200012
85239422243	93249
85239430613	201239
85239441213	200180
85239444023	199715
85239470053	200391
85239504673	199654
85239504703	199705
85239511343	201205
85239521083	199929
85239521113	199930
85239558003	301040
85239600283	14962
85239601723	14808
85239602553	301459
85239606193	200766
85239607053	15301
85239607213	199712
85239607893	15378
85239610893	301473
85239620113	14892
85239623923	200467
85239627303	201259
85239628003	201254
85239662113	14535
85239665183	199623
85239666913	200027
85239672013	300765
85239685013	14671
85239701393	201217
85239712443	200616
85239717363	199900
85239718353	14744
85239718933	15403
85239723173	15450
85239723203	300793
85239723333	301384
85239730973	200689
85239735633	200852
85239735763	201096
85239749203	199735
85239800683	14521
85239800713	14296
85239803103	200322
85239804773	199868
85239805343	14340
85239805473	201129
85239808283	15467
85239814383	14577
85239814413	15476
85239814543	15202
85239814673	15261
85239819883	200133
85239820353	325258
85239853863	200888
85239899953	15265
85239906293	201098
85239910993	199886
85239929513	200978
85239931073	120395
85239932193	93672
85239934593	15082
85239934623	92996
85239935873	120075
85239942833	92922
85239951293	369367
85239952313	93162
85239952443	92907
85239952573	93529
85239952733	92808
85239957813	93050
85239960783	93510
85239960813	93517
85239960943	93661
85239961063	93523
85239967553	120115
85239968703	93010
85239971833	119772
85239971963	93442
85239974223	121121
85239974773	92936
85239976173	119907
85239976173	119910
85239976463	93181
85239976593	92949
85239976913	93030
85239977293	93046
85239977453	93194
85239977583	93602
85239977743	120650
85239978023	92924
85239978153	93565
85239979853	121454
85239982433	93180
85239983393	120043
85239983553	120446
85239987803	93121
85239987933	93476
85239988053	93156
85239988213	93161
85239988343	93784
85239988473	93372
85239988633	93647
85239988763	93225
85239990193	15262
85239991473	200094
85239991893	200804
85239993163	93461
85239993163	93461
85239994443	93550
85239994573	120312
85239995013	120788
85239995143	92934
85239995433	120839
85239995563	120296
85239997093	121217
85239998113	121234
85239999493	120565
85239999523	120152
85239999653	93681
85239999783	93108
85239999813	93290
852403006383	349163
852405002093	28596
852406003723	192457
852406003853	192448
852411004043	109668
852418007023	372757
852418007283	372754
852418007313	372761
852421006143	143639
852431007673	222935
852431007833	258874
852431007833	258878
852444008063	61283
852453006043	271914
852455005013	23118
852455005143	23094
852455005273	23110
852455005433	23116
852455005563	287064
852455005693	90158
852455005723	91638
852457007183	312368
852457007503	312369
852457007763	312366
852466006153	301642
852466006863	300493
852466006863	300510
852486008083	239344
852486008113	239336
852487008013	163316
852497006023	269113
852498007043	61220
852504005063	227402
852504005193	227399
852513005023	349751
852513005313	92474
852514004063	294751
852524002073	73512
852524002073	73512
852528008033	235587
852528008163	302080
852528008453	302082
852537005023	22968
852537005313	22975
852541002353	24341
852542006343	231222
852542006503	231229
852546004123	108131
852558004043	85787
852565003053	23595
852565003503	23591
852565003503	23591
852580004233	116485
852580004493	116470
852589006023	249676
852605004033	85114
852605004323	85118
852605008543	95572
852614006493	61466
852616008013	43121
852618007083	32593
852618007373	32600
852618007663	32600
852621005083	62195
852629004033	29650
852629004163	29657
852629004583	29648
852629004613	29662
852642006083	77385
852647003223	282489
85264790263	246007
85264800733	59579
852658008033	50483
852659948833	138763
852661231893	156642
852664263303	307850
852665455653	263991
852669003003	62545
852675006043	332111
852675006173	332083
852675006203	332124
852675006463	332109
852675006913	332112
852681944773	184930
852684003033	138898
852684003163	138900
852684003293	138903
852684003453	138929
852684003583	138969
852684003743	138954
852684003873	138945
852684003903	138934
852686001303	291302
852686001303	291303
852686501513	291306
852696002383	60972
852697008773	328830
852700300023	323735
852700300043	323746
852700300313	323742
852704005993	306473
852707002043	138654
852707007383	343569
852709002393	249659
852713007193	35131
852716007893	20691
852718006283	124894
852718006313	124895
852727002023	89740
852727002733	89739
852736005053	331916
852736006203	189013
852743006173	247155
852747002003	361372
852748002033	322629
852749004333	77060
852749004593	77051
852749004623	77053
852749004753	77019
852749004913	77009
852750003073	329151
852750003523	329065
852761007183	246193
852761007343	246208
852764006213	364111
852777005043	226243
852777005203	226244
852782001733	47056
852789008353	373313
852795005193	29704
852796007493	78761
852823006093	235707
852823006413	235687
852838005333	56273
852838005623	56260
852843003843	268947
852852001113	235593
852856005063	57159
852856007043	261135
852856007173	34271
852858005023	72453
852884004243	303377
852909003343	68785
852909003473	46866
852909003503	46882
852909003763	46824
852913003483	66438
852913003773	66443
852921005103	370542
852921005493	370539
852924003083	177984
852924003243	177989
852924008293	173071
852929002043	192368
852945006063	129682
852945006193	129684
852945006223	129709
852947006443	284133
852955007333	213777
852965001123	144354
852975008013	346381
852975008273	346380
852988006013	374012
853004004983	63978
853005006153	312174
853010006063	47345
853016002083	64522
853016002113	64545
853016002663	64560
853021005093	320535
853026005043	204137
853026005333	204139
853034007053	163054
853034007183	163052
853034007503	163055
853055000163	76432
853059005003	258937
853059005133	258934
853069005093	226544
853079005113	349753
853112008033	160477
853114003333	268682
853125005173	77324
853125005333	77329
853132007023	329488
853132007283	329478
853147005083	157419
853147005113	157423
853149008013	269087
853149008143	269088
853149008303	269084
85315063193	319555
853152003333	130260
853152100483	260338
853152100643	260347
853152100773	260358
853152120023	260349
853152120153	260361
853152120443	260331
853152120733	260356
853156007023	371361
853158004303	8737
853158004853	8733
853169002183	158686
853169002763	158707
853186006393	124482
853187003513	217207
853197004593	97831
853197004623	97839
853204007333	33474
853204007593	33475
853211008453	41480
853211008583	41482
853215008053	124935
853218000313	346545
853218000603	346538
853231003063	373908
853231003223	373901
853231003773	373904
853234001783	308998
853237003043	214367
853237003593	214381
853237003593	214392
853237006723	322087
853239001023	142613
853239001283	142612
853239001733	142616
853240003023	17258
853240003153	17262
853240004013	47257
853240004143	47260
853242007043	368744
853247003033	9135
853247003163	9139
853261006263	95999
853263005363	125122
853263005523	341545
853264005003	184721
853271007083	215360
853278006263	234926
853284006073	329283
853284006103	329303
853286006033	349848
853288008103	124200
853299003593	53007
853305003463	131215
85331080143	79681
853311003013	167837
853311003143	167829
853311003303	167813
853311003563	167797
853311003693	167798
853311005123	107115
853324001013	105315
853325005003	204213
853328005093	145830
853328005253	145830
853328005383	145831
853328005543	371366
853330007023	40489
853330007313	40484
853331006193	188695
853335000333	205674
853337007583	250798
853344005183	139556
853344005423	219572
853358000563	66640
853363000183	305159
853371007013	244225
853378008143	365157
853393000023	288563
853393000283	288560
853398005023	193792
853401001073	29720
853401003183	366810
853407003033	37070
853408005203	370800
853420002303	250881
853426005223	323624
853434002283	95477
853434002313	95485
853434002443	95492
853439004213	372486
853443008153	103231
853450004063	226481
853451003003	34237
853451003003	34247
853451003393	34249
853459003883	62801
853459003913	62804
853471004653	317923
853487006023	116447
853496008353	77133
853504004803	179319
853507008143	368739
853507008693	368734
853516005553	10255
853517003633	4217
853522000283	85937
853522000313	85980
853522000573	85971
853522000863	85915
853538004053	153421
853539008593	365319
853544005423	219558
853544005433	66054
853547003573	365520
853547003733	365525
853547003863	365502
853547003863	365514
853547003993	365517
853552003193	40306
853552003223	40312
853553002133	25249
853555003473	180380
853555006443	118904
853555006603	118892
853558002053	154868
853558002503	154870
853563002383	363843
853574002143	238341
853579005033	371502
853584002003	48677
853584002263	48662
853584002393	48674
853595002573	138553
853602002763	62590
853610003363	61498
853610003493	61506
853613004503	245737
853624007043	14045
853633007393	156667
853650004153	153655
853650004443	153655
853655005063	197101
853655008033	168753
853655008163	168747
853665005053	203090
853665005473	203102
853665005473	203105
853665005633	203085
853672002243	272897
853672002663	272878
853674006003	95952
853687004683	253446
853687004713	253450
853690007503	219481
853693001133	43620
853693001263	43618
853694003143	83399
853696004483	372619
853696004513	372613
853698007383	302209
853702002533	195733
853712003643	281198
853715003053	338665
853715003183	338658
853715003213	338656
853715003473	338672
853718007003	318239
853733001253	237910
853736005043	149480
853738007243	271841
853743	340048
853751008203	275710
853753008393	188857
853753008423	188861
853753008843	188875
853753008973	188866
853754008033	239077
853762002733	122877
853768004083	351147
853787005023	219521
853787005603	219520
853791007303	43361
853791007853	43359
853794008093	242409
853802008053	331619
853804003063	59457
853804003193	59458
853807005033	57277
853807005163	57276
853865006003	232325
853865007093	24569
853866008143	23213
853870007613	157364
853872004153	350672
853882004013	57684
853884003403	19592
853890004203	235966
853894007033	264660
853900003073	22173
853900003103	22171
853900003523	221499
853900007163	278923
853910006033	94156
853912002033	170285
853917005213	78820
853923002503	229810
853923002633	229749
853927003353	122832
853945005063	47338
853955000003	54861
853959003383	35211
85396104433	245047
85396304413	245046
853977002993	324924
853981005003	327972
853981005133	327975
853986008283	295145
853992001063	163137
854010003113	8914
854019006153	168755
854021008213	59423
854021008343	59426
854021008473	59422
854025008653	7530
854030005043	23737
854030005753	23742
854048007053	217823
854052006493	102730
854060001183	90866
854060001473	90868
854060001893	90855
854069001153	63944
854074006013	153565
854074006273	153590
854074006273	153591
854086007213	350339
854086007893	350324
854086007923	350330
854092006163	172948
854092006323	172956
854097008223	79438
854097008223	79439
854097008353	79442
854098006273	263156
854098006723	263167
854105007033	320938
854105007323	320956
854106006363	267614
854110004003	73316
854114007703	373191
854121007123	263079
854122002493	4876
854126004073	129573
854126008163	214395
854126008323	214395
854128008093	311615
854134004003	325149
854134004003	325150
854134004133	325157
854135006013	372852
854135008383	104115
854135008383	104124
854135008413	104135
854135008833	104117
854135008963	104092
854136007033	307437
854137000033	370885
854137000163	370862
854137000293	370889
854137000613	370853
854147008043	212910
854147008913	212903
854159006013	263574
854163004173	256437
854171004363	278151
854181005343	328885
854181005503	328897
854181007323	373803
854181007743	373795
854181007903	373796
854183006003	89833
854183006263	89834
854198004063	171950
854198004193	171955
854198004193	171959
854208004793	78639
854208005103	318291
854208005233	318366
854210001063	263429
854212007063	363558
854212007223	364470
854219002313	341383
854236006233	117013
854241007003	142436
854241007553	95163
854241007713	95168
854248003763	247041
854259005053	182218
854259005473	182213
854259005633	182191
854259008023	333019
854261006123	274709
854262003183	144337
854262003213	144349
854262003763	144335
854263004073	84372
854263004103	84390
854263004233	84383
854285000893	300607
854285010243	300609
854294005773	60543
854294005803	60174
854294005933	59842
854304002013	44273
854311007193	91861
854319005313	85654
854319005573	85664
854322005133	307842
854322005423	307844
85432400703	332052
854334001413	253468
854340007133	332490
854340007393	332495
854340007843	332501
854349008063	41468
854351005333	328362
854393003243	223798
854393008163	164470
854403004253	197085
85441300193	9739
854417002733	43524
854430002383	341953
854430002413	341954
854430002673	341943
854430002703	341946
854437005073	239004
854437005493	239005
854442005143	15685
854442007093	8451
854446003053	226516
854487006013	280931
854487006723	281027
854488008023	122092
854497008243	122612
854497008373	122621
854500007843	352429
854502003133	288634
854503004023	254039
854505006773	239510
854505006803	239511
854510003903	181699
854517005023	220237
854530004003	146368
854533003133	287901
854542001083	111738
854548003463	332321
854549005633	281312
854560005773	143979
854570007033	43758
854570007323	43775
854572003323	272067
854574003703	328415
854602004153	232317
85460800503	279755
854608005123	279752
854611008043	204082
854615002023	39562
854615002153	39566
854616007003	56100
854621004233	156842
854621004233	156842
854621004783	156842
854622006113	95610
854622006533	235156
854631006203	307750
854640007093	307630
854640007123	307640
854640007383	307643
854640007383	307652
854644003183	180057
854644003213	180056
854644006023	98001
854644006283	229506
854649005113	258010
854649005373	258005
854650002613	131858
854651003633	163634
854652006053	334091
854652006213	334090
854654001063	290911
854678005153	4974
854682005033	36177
854693000393	220071
854693000423	220057
854693000423	220058
854693000553	307314
854693000973	220061
854708002213	336355
854711004013	317446
854711005003	149687
854711005263	149688
854719006033	242310
854721004003	162945
854723007163	331864
854723007453	331872
854724007223	67962
854724007223	67963
854738003143	38772
854742003023	263983
854749003033	307806
854751003113	254426
854752002023	278286
854758001013	221443
854758001143	221463
854758001303	221441
854758001723	221453
854765007473	141908
854770005013	307856
854787001473	139602
854787001763	86233
854791005023	65597
854791005313	65615
854796008043	156502
854807008543	361348
854819006063	4960
854824005013	102111
854826003123	76558
854826003673	221909
854829006343	162779
854834005003	304334
854835004043	146596
854837006083	64547
854837006533	64574
854858001043	70106
854858001043	70106
854858001333	70109
854863008143	249598
854863008273	249589
854872001333	234628
854880002513	50404
854883004033	287817
854902007083	74650
854908005953	302037
854915006523	259541
854918002133	235409
854918002423	235412
854918002553	7488
854929003013	350743
854929004263	350742
854929004393	350725
854934004753	253344
854934007433	51449
854934007563	51460
854934007983	51479
854935003083	148138
854950007813	49734
854955002493	83887
854959005193	142541
854959005223	142539
854962007733	303826
854966005063	95238
854970005073	166936
854972003053	177999
854987004403	332467
854990003653	256024
854993004183	305897
854993004213	305899
854994002003	307146
854995003443	103262
855000008033	267885
855002003043	174577
855002003173	174577
855002003333	174573
855002003593	174574
855002003753	174576
855004005083	34494
855005007093	373429
855006006033	343064
855006006323	343062
855007004083	15580
855019000073	38548
855019000073	38548
855019000363	38557
855019000363	38557
855019000653	38567
855019000783	38547
855019000813	338919
855019004033	212247
855025005413	138696
855025008193	162773
855026001223	34349
855032006083	312479
855036005013	132200
855036005143	132187
855036005273	132198
855036005433	132190
855062006053	331825
855072003103	332468
855078007983	49751
855088005023	196982
855088005153	197002
855088005283	196999
855090001273	338643
855091005003	184460
855094006243	156894
855094006373	156888
855095003043	330168
855095003173	330172
855097002563	130572
855099007023	9371
855099007443	9363
855099007443	329571
855099007603	9361
855099007603	329568
855099007733	9362
855099007733	329569
855103006073	290422
855103006103	290423
855104007833	64110
855109006053	196297
855124008193	146338
855124008773	146337
855140002083	263345
855140002113	263352
855140002243	263335
855140002533	263313
855140002663	263366
855145008103	156644
855161003083	173009
855196006943	332225
855206005003	255549
855206005133	255556
855206005973	255554
855207004463	22133
855209008353	364574
855218006203	129497
855218008313	149489
855223003563	321292
855225007033	343411
855229005073	76467
855239003403	94151
855246005063	330061
855246005193	330065
855253004363	129753
855253004523	129750
855271004093	363240
855290003053	215568
855290003183	215548
855290003343	215554
855291007173	25079
855300007033	79619
855301002853	106696
855307001003	12080
855307001973	12063
855312004013	341742
855312004303	341730
855312004723	341734
855312005003	99074
855324005053	194016
855324005213	193991
855324005343	193992
855325002013	299470
855325002143	299462
855328005073	163647
855332005083	255580
855332005403	255578
855332005793	255574
855334000253	282946
855336004013	178558
855336004143	178553
855339005833	71996
855340007123	371139
855346005253	192206
855347000363	178781
855352008583	71575
855352008613	71577
855355008153	287992
855355008283	288007
855355008313	287995
855367006123	250831
855368005743	139330
855370003003	32325
855378004163	343097
855378004583	343099
855381002293	41104
855381002323	41107
855387005243	116642
855387006363	365504
855390008033	35321
855394005243	189235
855395007093	216288
855395007123	216288
855395007963	216290
855405008263	116081
85541120103	222305
85541120363	222263
85541120523	222278
85541120943	222316
85541130003	222391
85541130423	222365
85541130553	222327
85541130683	222238
85541130973	222360
85541131703	222393
85541132243	222253
85541132403	222359
85541133233	222195
85541133363	222389
85541135213	222173
85541135343	222181
85541135503	222388
85541135763	222345
85541141023	222210
85541141603	222290
85541141733	222204
855431008183	39863
855432004023	180958
855432004153	180960
855432004153	180960
855432004283	82475
855432004313	82469
855432004733	180936
855432004863	180963
855437006183	155459
855453005023	238300
855460003043	321843
855460003463	321842
855463005303	115465
855475008033	352269
855481005033	258055
855482006183	328903
855482006503	328874
855482006763	328898
855496008043	59476
855500002463	335826
855500002463	335826
855503002033	163321
855516001153	134787
855521005153	36174
855531002043	373661
855531002173	373655
855531002203	373666
855531002623	373651
855537005253	81028
855538004323	158053
855544006083	149541
855544006373	149534
855546004353	129090
855559005033	145161
855559005163	145162
855564003093	353886
855564003253	353865
855564003383	353878
855564003703	353879
855567008033	219898
855569003043	249370
855569110253	249399
855569110413	249400
855569210083	249363
855569211103	249362
855571005073	347461
855571005103	347481
855580001073	160443
855580001363	160442
855596007083	190671
855596007083	190672
855611002963	255530
8556160070903	88994
855616007093	88994
855616007093	88994
855616007413	89007
855616007833	89031
855617002653	44181
855620007133	205762
855643006083	273344
855643006663	273337
855658002193	229744
855660005533	216394
855675002053	78735
855680005353	122498
855684001023	332697
855684006233	183948
855686007023	194121
855688003023	74108
855694006773	179305
855694006803	179298
855707006073	64046
855712008123	78810
855712008963	78807
855717006933	78238
855720005183	271967
855725005003	334258
855732004013	281442
855740007143	3847
855762005363	213168
855767005023	244061
855769005083	323215
855769005373	323207
855769005403	323195
855777003163	246228
855780004003	365048
855780006083	322636
855780006373	322845
855781003333	256760
855783004543	38887
855802003113	158665
855802003243	158697
855802003533	158688
855802003793	193719
855820005113	179601
85582010753	351359
85582019183	351351
85582071303	351370
85582071983	351358
855842004163	236067
855858506033	323546
855858511693	220474
855867001253	122508
855868002013	373964
855868003003	373965
855873008093	134729
855873008413	134731
855873008963	235840
855873008963	235841
855880003043	247174
855883612143	146052
855883612273	68470
855883612303	68471
855883613003	146047
855883613133	146050
855884007023	154672
855893008233	89959
855893008363	89958
855904002243	58748
855904002823	58754
855917004203	231483
855919003013	308229
855919005383	308234
855930001173	8285
855930001593	8296
855930001623	8293
855930001913	8283
855939006803	162357
855946001013	57111
855946001433	57110
855951003033	59565
855956004783	9144
855968006003	196000
855971002283	162542
855971002733	162538
855982003293	257884
855982006003	339418
855982006133	339415
855985004013	161725
855985004143	50474
855987003373	121785
855987003953	121783
855987003953	121784
855989005443	370271
855989007003	77224
855993205143	11083
855994004493	288569
856002007123	24074
856002007253	24076
856005003313	49746
856005003733	9595
856007005063	85125
856014001133	278421
856014006473	162376
856017003493	32624
856017003523	32621
856017003813	32646
856020008003	41359
856044003053	212112
856044003473	212111
856048008603	111592
856061006723	139401
856063007063	229845
856063007643	229835
856063007773	229824
856063007803	229832
856069005063	299432
856069005193	299397
856069005193	299407
856069005223	299408
856069005223	299411
856069005353	299415
856069005353	299415
856069005483	299424
856069005513	299385
856069005513	299392
856069005643	299418
856069006893	150093
856072004633	327826
856072008013	366206
856081007113	238004
856087006103	311502
856088003163	290420
856088003323	290411
856091005093	250766
856095003293	249418
856096003223	54923
856096003353	54912
856100003843	335982
856118002203	107750
856128004273	318663
856128004303	318664
856146004033	198293
856152002023	328923
856153007263	132288
856155005083	157505
856155005113	157501
856170005143	155979
856170005303	155989
856170005433	155968
856174002193	315875
856175005223	107956
856175005933	107964
856180007793	30146
856182004073	324539
856190003143	45399
856198002513	320750
856200005013	321018
856200005853	321017
856206008193	365191
856215001413	181899
856235005033	129072
856241006093	250963
856244005123	22491
856244005253	22496
856256002783	348763
856260004353	20515
856260006463	28656
856260006593	28661
856261006653	307186
856262005143	371315
856266007013	79637
856268004003	35143
856268004263	35145
856278004093	301869
856282003013	273388
856282003303	273389
85629052203	139611
856293003453	278709
856296005553	46203
856299003013	265203
85629991403	347985
856312004423	323722
856314005213	111507
856320003203	231677
856321004063	373250
856321004193	373253
856336001163	51626
856336001583	51625
856336007103	196725
856339004253	267720
856339006233	60437
856339007353	328465
856341003923	188697
856341005033	182638
856341005453	182642
856347008083	41005
856366002383	225713
856366002963	122359
856369004193	265105
856369004483	265136
856369004643	265133
856369004643	265137
856377003003	290629
856382003463	21812
856382003753	227819
856386006033	215555
856386006293	215546
856387008203	351502
856387008883	351498
856387008913	351499
8563888783	255631
856394005073	160160
856398001743	275897
856398001873	275898
856403002093	185403
856403002093	185404
856403002123	185400
856403002123	185401
856403007173	65586
856403007333	65583
856409002073	304641
856413007293	71966
856413007293	71968
856414002723	192492
856416000703	23774
856416000703	23818
856416003223	273909
856417005493	260838
856435008063	262901
856452004123	333882
856452004833	333889
856463002033	63968
856475004063	299055
856475007453	16623
856481003043	187058
856481003203	187094
856481003593	187106
856481003883	187073
856491006003	220085
856492007153	317749
856500004013	147008
856500004273	147006
856502006473	351832
856502006763	351825
856504003043	76490
856504003043	76497
856504005313	343972
856509008333	48392
856516002003	196126
856516002263	196130
856516002843	196114
856516005103	195664
856516005233	196102
856516005493	196098
856530008043	352351
856532004173	230835
856532004463	134862
856543002823	104025
856543002953	273276
856556002193	54111
856556002223	54110
856564008033	137834
856576005303	343871
856579002323	311423
856579002453	311431
856583006003	268890
856583006263	268887
856584003353	245787
856584004183	57219
856584004763	57222
856587004173	247038
856593005553	202566
856599003003	275747
856599003553	275746
856599003713	275757
856599005663	116257
856605002013	254369
856615004113	220590
856615007053	235853
856617004043	265749
856617004883	265752
856617004913	363939
856622004533	22166
856624004043	171768
856624004173	171766
856624004333	171748
856624004463	171777
856624004593	171744
856624004623	171765
856624004753	171727
856624004883	171736
856624004913	171786
856640006083	37843
856642007033	121724
856642007293	121719
856646004113	69420
856646004533	69426
856646004823	69430
856650007063	258008
856650007193	363608
856651003163	235261
856653008913	249621
856663004073	272124
856663004103	272113
856663004493	272123
856663004523	272120
856663004783	272119
856663004813	272136
856663007173	159645
856663007203	159638
856676006033	235549
856682005013	148154
856688004263	281665
856698007063	307240
856698007193	307233
856698007513	307224
856701006113	321630
856701006533	321655
856701006823	321661
856701006953	321649
856704006103	346970
856716008003	121576
856724005223	214824
856725003303	33417
856726007393	212049
856726007683	194540
856726007843	157541
856729003033	272214
856730006153	353257
856733003043	157339
856745005943	163794
856750002173	278507
856750005013	278473
856762007463	184796
856762007753	184794
856768004343	107625
856769006223	258993
856769006353	258951
856769006483	258943
856769006773	259017
856771007003	30390
856781008083	184705
856781008243	184707
856783003413	55795
856785000373	239388
856785000403	239389
856785003183	177441
856800006243	350321
856800006243	350323
856800006663	350322
856802008023	365419
856810006073	222155
856810006653	66603
856820000603	315217
856820003543	315222
856820160093	315220
856820160123	315200
856823004233	157251
856823004783	157219
856823004783	157225
856824003013	258106
856828006003	232269
856841008053	173416
856852007083	307339
856871006043	45157
856873071643	155300
856879003273	184964
856879003303	184963
856883004143	370785
856891006733	61130
856905003703	196842
856905003833	163539
856913003023	107412
856913003153	107407
856916005093	319223
856916005123	319249
856917002503	171965
856920005003	122133
856921006023	18451
856923007493	167406
85693101043	290213
856942008013	372515
856942008693	282236
856942008983	322128
856949004643	215446
856949004643	215450
856952001103	303696
856952001653	303688
85696010083	216659
856969001233	335497
856972008113	93957
856974004083	61311
856978002023	43570
856978002603	43568
856985004003	163200
856990008003	34157
856993004033	284015
856996006003	56748
856998004113	156022
857004001003	286787
857006003593	287810
857014003073	110178
857028000303	101522
857037005023	59008
857037005153	287187
857040004143	179284
857053004383	19369
857055006323	69108
857055006873	69112
857063002003	280955
857063002133	281020
857063002263	281002
857063002393	280987
857063002423	281033
857063002553	280971
857063002683	280949
857063002713	281022
857064007083	108022
857065007013	246085
857065007013	246085
857069004193	364831
857070002393	64264
857074003013	81116
857075007133	277925
857077008183	231851
857082006013	195623
857118003023	68665
857127003083	63757
857127003083	63757
857127003113	63766
857128001873	57087
857134006633	364042
857151008023	108130
857156004273	349701
857157004173	134713
857158006053	278862
857158006343	278854
857161008143	40582
857161008273	40594
857161008693	40559
857162006063	274108
857183005373	21825
857190000613	182202
857190000743	182207
857199006173	261155
857205005053	370835
857208000093	101687
857227007493	167388
857245002913	17147
857245003163	235585
857246004053	182265
857250008283	333427
857250008313	333440
857253005043	312538
857262005003	264722
857271004103	265456
857271005063	98594
857273000103	81024
857283004443	371430
857287004173	98305
857287004203	98322
857287004333	98303
857290005563	24664
857290006133	84362
857290006393	84353
857290006683	84347
857293005133	281531
857297005153	131949
857297005573	131954
857301004073	107702
857303007003	28021
857304002113	11848
857307005173	223410
857308005233	224429
857313001763	146069
857330000343	222956
857330000343	222956
857335004193	352294
857335004223	242606
857335004773	242586
857358006273	290169
857360004113	83973
857360004373	83970
857360004403	24537
857360004403	83966
85737678203	320920
857383004473	89334
857394006213	188765
857408002323	304903
857416006733	172840
857428006783	226934
857434002113	362102
857441002403	11024
857468003193	116108
857480005793	17927
857481004023	278449
857484001913	330024
857484006413	347469
857484006543	347466
857488004453	146079
857494005253	41026
857494005963	41032
857494006113	41033
857496006043	255492
857496006173	255472
857509003083	233484
857517006083	82326
857529006293	318414
857529006873	318342
857531000913	3960
857534005243	50856
857549004033	84260
857554003663	259349
857554005063	214932
857554005643	214914
857554005773	214930
857559006003	161975
857572003393	178563
857583005263	260325
857592004073	147731
857594000233	216258
857595002113	205626
857598008433	146555
857598101233	350060
857613008073	168318
857613008233	168322
857618004773	290877
85762011013	335283
85762040013	335280
857628006033	162611
857628006033	162613
857631001223	53339
857631005023	35160
857634003033	321798
857634003323	321796
857634007123	89944
857638004203	43979
857654005123	294950
857670004063	302394
857671007223	144142
857671007773	141750
857682003153	22556
857682003863	22552
857686007003	46388
857690008263	259525
857693002053	129493
857697005173	43765
857697005203	43772
857699000923	354180
8577000713	45219
8577001253	45210
8577004483	45210
8577010613	45210
857703007023	329584
857703007153	329595
857703007313	329585
857703007443	329594
857703007603	329581
857722006243	138800
857732002273	278837
857733005303	38370
857741008013	229989
857743002163	197087
857749004123	210462
857750003573	373801
857753003013	168327
857756004093	74848
857759005073	330557
857759005103	330559
857766002003	86900
857766002263	86903
857776002253	125263
857776002673	125193
857776002833	373671
857776003403	71234
857777004003	280069
857777004263	279983
857777004263	279983
857777004683	280048
857777004713	280048
857777004713	280048
857780008043	25719
857802004183	149514
857802004213	149515
857806008033	271864
857806008903	271125
857832002203	80506
857832002593	80504
857838006083	77454
857838006083	77457
857838006113	77468
857851005063	3441
857859007403	41088
857867006153	138689
857880006093	317928
857882008453	28622
857882008613	247181
857883002313	262962
857889007053	92279
857889007183	92277
857889007343	92277
857890003273	317982
857891007003	65075
857895008013	132101
857896002003	346832
857898004173	363428
857898004333	364315
857899004073	307791
857900005013	18971
857900005273	79663
857900005983	318843
857904006153	253501
857913004003	218410
857913004423	22758
857916006073	163645
857916006103	163635
857916006493	163636
857916006523	163638
857919007183	370941
857919007763	40350
857920003143	73480
857925008143	34079
857929003113	370365
857929003793	370369
857931005013	230888
857931005273	230885
857931005303	230886
857938005283	301517
857938005863	325736
857944006243	304301
857944006403	304306
857953006333	124847
857961003003	41299
857961003263	41303
857970007573	167436
857982005123	7598
857983004033	216643
857983004323	216645
857983004453	143670
857983004613	216660
857997008423	341367
858010005313	336348
858010005603	336331
858019005703	221624
858020006003	143513
858026004003	325728
858026004263	325720
858030008073	279964
858030008103	279952
858030008233	279992
858030008363	279979
858031007013	110747
858034006013	204222
858034006143	204241
858034006303	204216
858045004633	213336
858045004923	213331
858046004083	215627
858050007193	144455
858050007223	144457
858059002113	238116
858061005683	78720
858087006473	29885
858089003173	132162
858089003203	132083
858089003463	132111
858089003593	132145
858089003623	132147
858089003753	132169
858092003023	115411
858099004603	287811
858102004033	203560
858102004583	203574
858107008043	320902
858107008203	320898
858117003403	317421
858121002003	2478
858121005103	74354
858129004153	17181
858130005323	248042
858133006013	51511
858133006563	51515
858133006983	51520
858148003083	269039
858148003113	269061
858148003243	269040
858148003373	269060
858148003403	269031
858148003663	269067
858151003513	122085
858152008043	312852
858156006793	370311
858158005763	235389
858158015823	235395
858159002143	365363
858159002983	365343
858170004003	47082
858175003063	287091
858175003483	53682
858175003803	287100
858175003933	287107
858176002003	36988
858176002133	36967
858176002263	36959
858176002393	36983
858176002423	36998
858176002713	36972
858177005133	294932
858187003433	242561
858200007103	347854
858201005023	315540
858201005153	315555
858201005283	315535
858201005313	315533
858202000553	17154
858218008833	170226
858218008833	291293
858231000753	253661
858231000883	203331
858234006653	157271
858234006943	60435
858236003063	312520
858236003223	312517
858245003733	167722
858246001233	186911
858246001233	186912
858246001363	116513
858246001813	116499
858246001943	116510
858252000053	155294
858252000183	155293
858264005213	239054
858264005473	139321
858267007153	92411
858274001243	321941
858282006803	247567
858284002483	86469
858284002513	86470
858290001913	59323
858300004033	303026
858300004163	282729
858310004153	130463
8583100193	246679
858315004073	34266
858324003043	351844
858324006303	268836
858324006433	268822
858324006693	268811
858324006693	268853
85832761543	369119
858328762083	369115
858328764483	369110
858335002073	253646
858343003093	261117
858344005553	323974
858354001033	214040
858354001453	214038
858354001613	214041
858357002013	339404
858360005063	343774
858360005063	343779
858369006153	309063
858372001213	25852
858372001343	25850
85839071483	308913
858393003043	160025
858398001273	232095
858422006083	188957
858436005003	149368
858436005683	149373
858436005713	149357
858436005973	149404
858438003823	332721
858441001083	156898
858441001113	156901
858445005063	89340
858445005223	89344
858489005043	213481
858491004003	281483
858494004383	89115
858494004673	89110
858497004403	333410
858497004823	333413
858503001433	323290
858519006743	215303
858551007043	16736
858563004023	255260
858566003153	53242
858576005123	78154
858582001683	25367
858600002043	51165
858613000043	85108
858613000173	85112
858624003033	235604
858626005233	51663
858627003023	362890
858629001003	74852
858629001263	334802
858640002553	302036
858640002843	302039
858641003023	330556
858641003153	330520
858641003443	330525
858644006243	162559
858645005023	352314
858657006933	187259
858660005183	366670
858687003063	216383
858690007003	302991
858690007133	302995
858690007393	302989
858690007683	303011
858690007843	303012
858702005683	42881
858702005713	42870
858717004473	40393
858719004013	65794
858723003033	330643
858726007113	323673
858729003013	4442
858732003093	86437
858748002103	352375
858751004033	79402
858755003803	289918
858764000053	144202
858764000343	144200
858770006063	37015
858771005003	365248
858782005023	329620
858782005153	329617
858782005443	329625
858782005573	19545
8588004518353	76893
858812007003	344086
858838005823	52874
858841006053	213180
858841006213	213188
858841006343	213198
858841006343	213199
858847000703	226277
858847003773	24322
858864004173	22583
858866007813	242315
858867005023	303062
858867005573	303056
858867005603	303057
858883001313	312178
858891004153	119129
858893002003	263107
858897005543	184878
858897005543	184878
858904001063	306010
858911003173	311246
858911003203	311240
858920005113	66861
858940007203	146967
858959005023	54609
858959005153	54600
858959005313	54591
858959007003	372687
858979003573	51175
858979003603	51177
858979003733	51170
858981004063	37786
858982001313	263585
858982001443	363228
858982001863	363235
858996005703	130334
858997006013	79809
85900401003	170140
85900501253	170141
859033004413	53343
859037004143	328314
859037004303	328316
859057040053	53259
859059002653	66565
85906100603	234704
859078002153	135155
859078002283	135135
859078002993	135147
859082004013	193886
859088004093	55940
859091000853	332742
859091001263	25113
859091001423	282265
859092005703	303015
859098005073	54404
859098005523	54407
859115003433	369722
859117001093	156086
859118002013	35702
859126004023	231586
859130002503	233666
859130004293	233674
859137007013	369135
859139004133	349851
859147007393	351100
859147007393	351100
859154005023	362142
859162007293	279959
859162007453	279972
859165002073	115366
859165002363	115367
85917230283	24921
85917426013	24917
85917472133	4910
85917920283	24915
859187004383	118857
859188002043	159106
859199006153	76625
859204006123	261183
859213005063	318317
859213005223	318352
859213005513	318395
859213005803	318286
859213005933	318346
859216003233	68638
859216007873	301604
859216007903	301618
859220010173	81894
859225007093	351793
859225007093	351796
859230002083	222932
859230006043	149527
859236005033	319267
859259001753	307902
859260005283	90870
859265006223	343927
859278003073	321979
859278003103	321977
859278003233	321978
859278007033	269585
859313005253	121632
859319002973	235252
859331002043	347738
859336007043	353243
859336007623	353249
859347006073	306019
859348007123	22544
859354004383	24407
859354004543	24406
859362370913	219462
859371006063	49794
859371006193	49809
859371006223	325804
859392005793	334010
8594000771333	155550
859417005043	23197
859421006043	372130
859422003133	40615
859434002223	215023
859445005053	28560
859446100023	245565
859453005373	188885
859453005403	188883
859457003023	214050
859470006223	83858
859472002063	117185
859472002193	117187
859479003223	33456
859479003513	33458
859479003773	33463
859479003803	33461
859480006213	280688
859480006213	280716
859480006473	280708
859480006503	280689
859480006633	280710
859480006763	280711
859484005083	331600
859485004443	132547
859485004573	132548
859495002453	76570
859500002133	372640
859514002273	257460
859514007643	325211
859514007773	325215
859520002243	145533
859520002373	145534
859522004023	212915
859522004153	196195
859522004313	196193
859522004443	196189
859543007003	119141
859546004603	283420
859553004153	49096
859553004443	49082
859560006263	370262
859563006413	130481
859563006963	130484
859567003043	281536
859567006013	46202
859569002723	271818
859583003003	89395
859594006413	164272
859594006413	164295
859594006543	164290
859594006543	164290
859614003163	352516
859621003293	65634
859632007433	65343
859638003033	95669
859638003293	95667
859642006273	350762
85964910923	82336
859657004103	68642
859660004183	132489
859660004473	132487
859660004503	132484
859664002413	77314
859665002443	235313
85968001023	118399
85968003003	118405
859686004013	22521
859691001083	307487
859694002063	253663
85969700413	65448
85969920613	258205
85969928183	372190
859700004463	105832
859702003273	373606
859708007053	82491
859714007993	344728
859724002063	28565
859724002483	28567
859724002513	2652
859740005253	257450
859750003393	204108
859751006133	341909
859764006113	295204
859764006113	295210
859764006373	295214
859771004003	41322
859772005023	188993
859772005023	188998
859774007193	58983
859776003063	303590
859776003193	303600
859776003223	303595
859792002293	229515
859792002323	229523
859792002613	229541
859795003143	45310
859795003563	45313
859806003193	156794
859806003483	331652
859806003513	331659
859806003803	156800
859808004273	58904
859810002083	48862
85981311673	274803
859815002033	233230
859815002163	233266
859815002613	233234
859815002873	233249
859836003033	334022
859836003453	334018
859836003873	334017
859842004383	190794
859844005043	21041
859844005333	117241
859844005463	21032
859853005003	336483
859863004003	163380
859863006533	98824
859866004253	131195
859870001033	149727
859870001033	149728
859872000263	304214
859872000683	189789
859888000073	122619
859888000103	122649
859888000363	122636
859900006083	92044
859908003053	70232
859908003183	70249
859908003213	70252
859908003343	70232
859908003503	70235
859908003923	70228
859917004393	65783
859918004293	333861
859922006023	41339
859922007853	231754
859924003013	184670
859935002173	311414
859939005033	213804
859941005083	290579
859941005113	290578
859945005843	92603
859949003043	271149
859949003623	264680
859954004103	10547
859958005083	83026
859958005113	83025
859959003033	169731
859959003293	169735
859960005323	185303
85996005123	185298
859964007033	361105
859964007033	361115
859967007153	318253
859967007443	318262
859977005163	119164
859977005453	119156
859977005613	119171
859980003163	362058
859982007053	252152
859982007053	252155
859987061043	295317
859987061173	295315
859994006013	317976
859994006143	317973
859994006433	317970
859994006693	317972
859997007253	138914
860000088633	198660
860000114813	230127
860000167093	40602
8600001760033	346198
860000225533	374066
860000322973	132014
860000322973	132015
860000383233	221997
860000449403	50011
860000468503	343710
860000497473	271122
860000538923	308891
860000561143	338858
860000606943	167400
860000623353	68679
860000665063	143995
860000673433	335738
860000709163	219060
860000709613	273436
860000766623	268922
860000771733	25868
860000947923	311703
860000990813	334002
860001059823	110736
860001060423	229325
860001108323	370561
860001141313	370400
860001160413	57366
860001219623	190890
860001266733	45302
860001346213	39858
860001364743	8749
860001374223	229328
860001441413	214504
860001464443	40648
860001535693	68666
860001541953	372727
860001574913	65442
860001616323	363174
860001627213	89326
860001676433	312857
860001697803	98726
860001709643	229917
860001760033	346198
860001816013	168501
860001852783	90118
860001853063	268916
860001909203	216639
860001925623	64271
860001951493	269144
860001959703	103070
860001963113	161443
860001977073	300446
860002117263	219488
860002152493	333915
860002197623	117181
860002270623	323291
860002285313	350517
860002409733	215571
860002484013	354119
860002515403	215862
860002525013	3807
860002528663	253925
860002716213	220676
860002718903	352545
860002765273	172983
860002780023	155528
860002822013	307305
860002910543	116308
860003055083	70942
860003055083	70947
860003110003	315606
860003142813	81375
860003190203	192289
860003198933	343718
860003203903	242712
860003304143	366698
860003332283	56154
860003396223	83934
860003402313	46502
860003415573	57878
860003444733	246578
860003511763	246746
860003779323	312478
860003796313	68678
860003802663	101528
860004044703	224027
860004093213	278419
860004156413	253955
860004189503	78177
860004244813	36153
860004574613	180995
860004609773	189250
860004651703	271636
860004712503	308217
860005166923	155193
860005246823	172987
860005399703	169714
860005505753	301543
860005641123	189268
860006114923	269584
860006229603	188889
860006274153	281392
860006274153	281392
860006278403	34211
860006560423	332347
860006723163	63356
860006808303	188438
860006809843	55887
860006829223	189251
860006870423	228809
860006908423	275479
860006942823	326617
860007000133	281273
860007111013	307832
860007194313	11002
860007223013	129453
860007279423	98723
860007302923	251843
860007318153	301542
860007473043	330224
860007487323	219067
860007644313	11001
860007883903	352281
860007991523	107526
860008218643	177650
860008222343	142574
860008243713	40300
860008383303	122943
860008427113	311556
860009116023	363177
860009210813	28817
860009279223	55876
860009385603	281499
860009752863	70950
860065001943	87030
860074002313	170116
860084000033	123139
8600946864043	89229
860101000343	168759
860122001633	250009
860134001423	211485
860148002133	2768
860149001753	182821
860155000443	81407
860157002483	21460
86017103033	227712
860201000243	328030
860201002063	160168
860219002413	332237
860220000743	290568
860234000203	345435
860242000103	107694
860250001383	347150
860256001813	94080
860270001363	223346
860270001363	223347
860278000313	170
860288001003	305146
860288001003	305147
860289001613	30519
860291001113	330034
860299002013	8729
860313000193	195324
860314001823	306513
860322002263	49416
860352001533	131188
860366001383	322153
860366001383	322167
860374000743	9671
860389000233	86423
860391001013	62851
860408000893	213069
860459000163	333002
860476002133	95866
860477001043	370565
860479001553	51252
860479001553	51259
860485000113	323192
860492001523	138824
860540000393	95871
860545000343	319550
860547000013	238801
860547000013	238853
860585000433	215353
860587000233	328529
860604000253	40656
86069300503	104959
86069304303	104960
86069305003	104957
860713000113	17794
860758000253	2651
860760000463	192455
860785000493	291394
86089000423	161014
860912000013	67830
860940000313	158039
860940000603	158035
860940001303	158041
860940001563	158042
860955000353	229329
860961000453	107091
860968002603	3875
860971000023	275710
860973000243	240367
86101043603	125187
86101440143	125196
861029000163	195377
861031000083	341799
86106002193	186795
86106002773	343526
86106003503	186825
86106011843	186821
86106013083	60595
86106013113	60315
86106022603	186816
86106031803	186823
86106072103	186838
86106075043	343528
86106075333	343519
86106152133	186840
86106152393	186822
86106152683	186806
861067000163	372183
861082000223	323994
861083000123	154882
861119000103	160027
861163000203	268886
861179000143	275382
861264000003	281402
861282000023	3474
861302000033	26251
861353000013	129080
861367000023	283149
861389000483	121726
861393000103	328442
861426002623	230856
861430000233	371376
861453002603	205368
861508000103	281498
861509000133	24252
861521000203	156671
861528000183	9007
861566000053	343424
861581000113	244278
86158700023	215854
861592000003	261179
861619000023	212861
861622000003	197238
861666000083	57725
861682000043	61356
861697000113	368474
861703000083	89816
861703000113	59430
861705000333	334026
861766000013	213183
861782000103	154462
861809000123	290631
861820000133	48598
861883000033	67953
861899000423	144918
861902000013	23560
861965000203	242556
86199548103	274941
862013000213	372364
862033000033	334880
862069000113	316229
862069000113	316230
862074000023	98748
862106000113	189979
862122000333	110315
862146000463	95873
862166000283	82333
862226000383	366701
8622273	149052
862284000073	195112
862315000263	351559
86232319493	101621
86232516083	131043
862403002643	184923
862448000413	65410
862465000403	37032
862519000113	65869
862536000103	149419
862623000283	229926
862654000313	261300
862688000013	346403
862727000103	350004
862768000483	302298
862770000433	82230
862834000003	182996
862868000123	331405
862884000213	158982
862944000023	324377
862950000093	278561
862969000213	157445
863006000043	2507
863025000413	244237
863209000123	350822
863227000143	330494
863316000313	220205
863373000103	192357
863373000103	192361
863387000403	221655
863390000223	214769
863391000253	215684
86341121123	332792
86341170183	332801
86341170503	332820
86341330013	332819
86341606163	332822
86341750033	332803
86341750033	332804
863441000073	257467
863481000033	19975
863482000223	68480
863498000033	78944
863509000083	132640
863511000323	121636
863513000123	331685
863541000393	322617
863602000003	55944
863606000283	228885
863631000203	33347
863669740263	155500
863669741123	155514
863669741383	155508
863669741963	155509
863669742243	155496
863669743523	155523
863686000173	48549
863699000153	258984
86374000013	283760
86374000143	283745
86374000273	283793
86374002673	283750
86374002703	283733
86374024293	283758
86374049463	283720
86374054603	283773
86374064213	283813
86374066163	283762
86374469483	283791
86374470243	283768
86374472193	283749
863747000173	188694
863750000283	256067
863812000053	55921
863818000033	283996
863862000133	157545
863882000243	116542
864040000013	179227
864063000403	98004
864079000213	168503
864087000403	38624
864088000303	290569
864098000003	71651
864138000123	203545
864140000043	129521
864158000493	103064
864195000203	287124
864195000333	156808
86420720193	290746
864223000083	312301
864305000123	370983
864361000013	253122
864377000083	230858
864389140333	54587
864390000213	322521
864390000213	322522
864421000373	273425
864443000023	267540
86445063183	272498
86445179013	62417
864484000013	40849
864524000133	216278
864530000363	157262
864553000043	13523
864567000213	52540
864612000243	10758
864622000233	227049
86478714663	28115
86478715073	28098
864800000413	362934
864820000103	198437
86492531543	58946
864970000343	287070
865021000053	40380
865063000103	43013
865068000153	8725
865108000143	238771
86520600623	214891
865233000223	272012
865254000103	322814
865302000123	250151
865302000123	250164
865333000123	336089
865336000083	295146
86537100413	181732
865376000203	43126
865443000303	221991
865447000033	12640
865544000103	315146
865572000243	68673
865612000103	111709
865658000013	2436
865665000013	145737
865667000363	218174
865781000003	77080
86582200083	73446
865859000133	235470
865891000153	321418
865918000173	328458
865957000103	34216
865979000143	250025
865995000073	124537
86600000053	44021
86600000213	43975
86600000343	44053
86600007373	43978
86600009193	44058
86600009193	44093
86600162003	43988
86600162003	43988
86600230733	44094
86600240633	44068
86600241203	44086
86600241913	43959
86600270203	366602
86600275413	44100
866003000313	131980
86600700113	44073
86600702513	44079
86600703503	44051
86600753003	44038
86600777153	44034
866020000143	328474
866039000363	77169
8660533	44063
866090000173	289901
866150000303	94001
866175000333	134893
866206000103	275421
866206000233	347137
866207000003	63629
8662133	44012
866240000343	271872
866263000023	84100
866292000483	220491
86631695983	54614
86631834573	203971
866342000463	274938
8663433	193660
866371000083	325223
866425000113	332351
866449000113	226962
866491000093	21429
866492000153	331306
866498000003	138334
866501000273	157439
866531000373	254079
866627000423	164159
866660000343	317443
866666000323	21426
866672000423	55259
866675000123	366745
866703000033	24503
866712000093	34188
866719000003	216507
866761000433	115425
866848000103	299112
866890000113	26011
866929000343	68721
866938000013	261128
866958000413	116052
866994000163	13495
86700005163	320654
86700060483	320702
86700060773	320656
86700061183	320620
86700662793	320665
86700675243	320694
86700680483	320606
86700681763	320603
86700689523	320649
867011000333	30481
867013000003	47068
867051000423	193829
867061000253	328099
867099000423	311211
867133000273	55
867142000233	63130
867165000043	154454
867186000213	269912
867230000053	95595
867254000343	366506
867307000153	371161
867332000463	24669
867372000003	219630
867378000083	213568
867393000013	331773
867400000203	19035
86742005053	60719
867436000413	41095
867518000003	250147
867526000323	83906
867526017383	83898
867526017543	83911
867528000253	229962
867573000253	257466
867575000183	273127
867590000083	34208
867601000163	24414
867606000113	179456
867615000173	48602
867657000063	17162
867669000303	353484
867684000463	273123
867701000193	321790
867739000103	323023
867741000283	46952
867754000003	345369
867760000103	338943
867800000353	29863
867881000433	195325
867905000043	190602
867921000423	82228
867949000313	342014
867984000323	189531
868013000123	53318
868042000453	65416
8680697487203	282464
868076000023	147057
868089000423	161014
868096000423	44116
868122000403	76520
868192000303	119037
868195000423	22916
868206000213	2743
86824626183	159987
86824906223	115478
86824919223	159987
868255000493	274189
868307000143	330648
868325000033	138575
868335000313	84266
868391000333	371645
868408000233	231759
868422000103	281695
868437000303	254099
868524000193	157267
86854000083	182567
86854004913	182372
86854033883	182571
86854053683	182527
86854054963	182545
86854055953	182490
86854056233	182539
86854057803	137959
86854059333	182416
86854059623	182566
86854059753	182462
86854059883	182343
86854060063	182321
86854060193	182331
86854060223	182421
86854061763	182384
86854061893	137973
86854061923	182508
86854062203	137966
86854062333	182589
86854062463	182380
86854062593	182377
86854062753	182401
86854063583	182538
86854063743	182477
86854064023	182585
86854064573	182406
86854065723	182404
86854067093	182506
86854068403	137961
868543000013	350937
868563000383	256136
868569000103	217226
868575000333	347528
868626000183	194541
868646000323	189571
868654154063	278255
868654251083	278260
868654255043	278253
868706000133	16734
868720000003	270166
868766000203	254273
868776000323	321113
868784000353	2447
868806000033	255280
868807000223	60301
868872000333	217730
868897000103	59722
868956000013	211574
86899651073	95286
869033000193	63776
869040000063	177401
8690535080763	10736
8690635030323	326944
869074000183	330865
8690777005883	15796
869081000473	302047
8690840961313	323550
869133000123	103115
869204000113	283407
869294000093	308822
869301000283	190369
869365000113	274708
869384000033	228942
869417000023	77177
8694490000033	223419
869449000053	231832
869459000333	275733
869540000433	235558
869567000003	161671
869588000143	189528
869588000143	189536
869634000103	3468
869656000143	30388
869656018513	30386
869682000063	267698
869707000283	95562
869707000283	95563
869739000183	231595
869745000153	22139
869763000463	271637
869834000033	145777
869854000143	262913
8698545908213	60000
869856000103	196808
869969000113	230844
869982000053	58989
869988000033	33507
870001000053	16638
870001000923	16648
870001001753	16653
870001002583	16651
870004025633	283162
870023	325169
870253460933	241876
87041769813	228934
870625002723	181666
870739002053	77227
87076211103	305505
87076211493	305481
87076213343	305455
87076214593	305466
87076216443	304927
87076457433	305475
87076517403	304929
87076519063	324658
87076644543	305519
87076714413	304926
87076805463	305479
87076805913	305490
87076806033	305459
870953001313	351301
8710496977503	74495
8711113	159082
87132500073	137985
87132500233	137994
87132500363	138000
871459000213	69911
871459001333	69852
871459001623	69902
871459002033	69903
871459003023	69847
871459007083	69932
871459009483	69867
871459009513	69861
8714700994843	146778
871522000263	4156
871561004543	339248
8715675117053	79804
871783004093	287313
87212148133	158660
87216010023	212261
872181000083	98389
872181000243	98381
872181003763	74241
872181005293	74220
872181005453	74251
872181005583	74236
872181005613	74247
872181006313	98389
872181006733	98392
872181007273	74217
872181007723	74264
872181007853	98394
872197633213	156005
872197633923	156005
872197634593	156005
872197634623	156001
87222100763	205243
87222102033	205252
87222302013	205217
87222400863	205209
87222420083	205224
872227000343	373032
872363000153	41395
872408001213	195875
8725031033	189751
8725033693	189732
8725050003	189719
8725050133	189720
8725060033	189715
872629003843	57418
872824007073	217935
872824008803	217932
873106006203	322527
873204000943	30501
873204107413	30507
87328000103	49650
8735967636543	8925
873668001333	361153
873668002453	360863
873668003023	225674
873668003283	225682
873668003863	225696
873668003993	225679
873799002483	242403
87381051043	333085
873934002033	9204
874019000463	190608
874093000083	89988
874093002193	89978
87427430733	78234
87427435783	78229
87427437343	78231
87427442453	78224
87433199853	124449
874465005203	4153
874465005463	4148
874492000073	90121
874492001353	332167
874492001483	332156
874492001933	332151
874492005863	332199
874896000723	249707
874896001003	249705
874896005513	249701
874896007623	249710
874896007883	249688
874896008293	249686
874896008323	249699
875045141113	333679
875045182383	333660
875045185223	333656
875045188583	333666
875045188613	333673
875045188743	333665
875208000653	122960
875208001223	122956
875252001323	146334
875252002573	146330
875343005223	83740
875386000513	189030
875578000703	91194
87574000643	16604
875754000053	23248
875754004433	23260
875754007113	23236
875754007113	23236
875754008653	23277
87586818823	369040
876012009603	189353
876012010173	323012
876045003043	198540
876045003173	198546
876045003203	198537
876045004033	131241
876045004583	131233
876063002813	219726
876063007023	68954
876063007603	219719
87614024783	322498
87614240183	322494
87614241883	322493
876187004793	64202
876247002813	341699
876247003353	154539
876247003803	341698
876247005333	341671
876274001353	323262
876274003623	116230
876314001213	190208
876314002333	374073
876416141473	215603
876416141503	215615
876416148083	215601
876416148113	107221
876416165523	215626
876416201993	215611
876541000003	84227
876681000703	315907
876681004213	315911
876681006163	315917
876681007993	230610
87684000953	49175
87684001073	49143
87684001103	49141
87684001103	49141
87684004173	49193
87684006443	49161
87684008713	49146
87684009413	49179
87684010273	49184
87684010303	49172
87684011133	49180
87684011133	49180
876941000573	245042
876941000733	244975
876941002973	245004
876941004113	244973
876941005233	245018
876941005493	244986
876941005813	244956
876941006193	244964
876941006513	245037
876941006773	244997
876941006803	245014
876941006933	304211
876941007183	304197
876941007893	60059
876941009293	59791
876941009323	60169
876941009583	59984
876941009613	60197
876941009743	245013
87703189683	130793
87706842103	19551
877168006003	173078
877240755683	326943
877245006223	80299
877245506563	81344
877245514933	81322
87738172063	46772
87738172223	46786
877448001513	115823
877448001643	115743
877448002473	115783
877448002633	115774
877448002923	115787
877448003463	115806
877448003593	115766
877448003593	267560
877448003623	115797
877448003623	267569
877448006143	115746
877448006143	267575
877448008833	267566
87745050033	118811
877464000033	51091
877636610503	179157
877693001733	257414
877693003713	257413
877693008053	257397
877693008473	257398
877811000693	254262
877971004623	54209
877971005453	230097
877971006153	278060
87822194803	331413
87822198153	248232
878326000093	180642
878397004013	350493
878397004723	350496
878425000093	307836
87848063183	216476
87848063213	216480
87848063923	328847
87848064623	328836
87848064753	328827
87848064883	328798
87848064913	328800
87848100093	99115
87848101533	99111
87848101823	164420
87848102233	99109
87848130243	164463
87848136023	99100
87848230103	99134
87848230523	167309
87848230653	167311
87848305023	99148
87848305733	183003
87848380723	99085
87848381003	33345
87848400513	99168
87848455193	99158
87848490293	99143
87848964183	328838
878631008623	230741
87872637893	315365
87872993043	315366
878849002383	253142
878877000023	4927
878877000283	4939
878877000313	4920
87902108003	7696
879026000123	37936
879026031523	37937
879114006433	305356
879114006693	305434
879114006853	305416
879114007133	305397
879114007423	305372
879114009243	184319
879147003393	173609
879147003553	173643
879147003683	173624
879147003713	173595
879147004093	173626
879147004123	173615
879147009043	173561
879183000073	41419
879275000653	35616
87932003293	249999
87932003583	249987
87932004153	249999
87932004283	249962
87932600003	249974
87932601093	249968
87932601673	249971
879663000593	278155
879663000593	278168
879663000623	278158
879826001573	57052
879826001603	57024
879826002303	57031
879826004093	57040
879826005663	57043
879826007773	57036
879826007803	57045
879843000283	315022
879884001553	35302
879890000113	66632
879890000793	66606
879890001363	66611
879890001813	66645
879890002513	66618
879924000003	246492
879924000263	246504
880066455873	99209
880066456443	99206
880066457143	99195
880066457273	283899
880066457693	2060
880066458263	1563
880066459543	278324
8801019306273	143509
8801045053103	240583
8801045448503	240593
8801045646213	240602
8801047161653	230748
8801052801773	69043
8801056032623	190241
8801056192013	190215
8801073211223	282241
8801111912143	55269
8801117115203	239557
8801127120013	57324
8801517590013	109702
88026560043	315416
880342000353	181857
8805167021743	312661
880632002753	274145
880632004603	274128
880632006393	142275
880632014183	82117
880760001703	4613
880760002793	4621
880760004483	332598
880760005763	328428
880760007903	13449
880760008443	4633
880760013393	4688
880760023583	4701
880760031243	315090
880760039843	4605
880760041853	315103
880760045103	332621
880760093753	57903
880760152603	332620
880879000253	118433
880879001403	118416
880879001403	118429
8809050857013	299058
8809071549713	65989
8809125063073	263446
8809214443113	118324
8809296883623	244158
880931150513	284248
8809713910093	233940
881245110323	163355
881245201243	163348
88130314013	226763
88130443683	341336
88130444383	226743
88130444543	226737
88130554693	341370
88130554723	341372
88130910253	341351
88130910383	341361
881334012613	80972
881334012873	80987
881334012903	80980
881428000403	226523
88177111873	309102
88177227673	309102
88177227703	309100
88177228083	231328
88177228113	309089
88177228243	309107
88183183123	101638
88194340003	42750
881945804973	105206
88194701453	42733
88194702443	42748
88194703143	42746
88194703303	42743
882095222723	213408
882178400703	187305
882178400833	187312
882178600363	187328
882245001093	268287
88231100423	52181
88231405863	52183
88231405863	52199
88231410133	24959
88231412953	371328
88231415503	84929
88231415503	84929
88231420583	197568
88231422013	52190
88231423713	24961
882435710033	288491
882465001163	195344
882465001293	50394
88246900063	370597
88246900803	370595
882495000013	232308
882511403033	322853
882511601033	322866
882639503103	85348
882639504803	227389
88267048133	112817
882694946013	123161
882694969043	123163
882809001583	78305
882990050803	198190
882990151913	198195
882990152163	198191
883061000093	307512
88315000053	344115
883200000113	7629
883271510023	182102
883315090283	344117
883350007253	11306
883350024953	11302
883350033603	11308
883426006173	299377
883426027253	61690
883572113503	79622
88365000613	65781
88365010643	65778
88365095053	91840
88365095183	91839
88365095343	91838
883655106293	372314
883655106323	372313
88374042543	170137
883967295043	304023
883967299973	304132
883967300013	304120
883967303663	304137
883967381043	304149
883967381203	304061
883967381333	304049
883967382903	304081
883967390953	304067
883967391363	304164
883967392773	304104
883967472123	304159
883978072503	215742
883978079793	215759
883978147263	215733
883978180253	215725
883990661853	119063
883990761003	119055
883990881213	119060
88401390203	97936
88401600753	111742
88401860003	111756
88402301413	40521
88402302373	40525
884038850963	265414
884038851663	157485
884038852233	265406
884284042273	227155
884394000293	233947
884394000293	233963
884394007353	233962
884394007773	233976
884394007933	233975
884395000063	321197
884395000643	192068
884395061033	192060
884395062443	192054
884395063013	192065
884623100343	23780
884623100503	23755
884623101043	163828
884623101463	163835
884623101753	165150
884623102163	23766
884623102453	23783
884623102613	23765
884623102613	23828
884623103283	23769
884623103443	23826
884623103733	23823
884623103733	23823
884623105263	23806
88468680033	194634
88468690193	194656
884730003643	144132
884730006453	144128
884730008143	144129
884789501763	74139
884832000403	254997
884853210263	222423
884853600033	315833
884853600583	237290
884853600613	237302
884853600743	237184
884853601023	237169
884853610353	237218
884853610483	237183
884853610643	237222
884853610803	237230
884853610933	237190
884853611053	237279
884853620253	237173
884853620383	237179
884853620413	237245
884853620673	237200
884853620703	237215
884853621113	237277
884853621243	237239
884853621793	237259
884853622653	237321
884853622813	237306
884853630023	237294
884853631693	237178
884853641043	122497
884853800013	325070
884912001573	256356
884912002303	255636
884912003843	256403
884912005243	256288
884912005793	256275
884912006233	256274
884912006813	256384
884912014283	256293
884912103703	352409
884912126153	125148
884912259363	146518
884912259363	146518
884912282743	124835
884912292483	294708
884912294043	247345
884912294593	146496
884912314253	147978
884912315373	238765
884912320483	256371
884912327123	238767
884912333773	146511
884912333773	146511
884912346513	107427
884912359483	146520
884912365163	80961
884912365743	107421
884912365743	256317
884912378743	247555
884912379283	61363
884912385673	146527
884912406743	146519
884912409713	322881
884912416483	146532
884912418333	26030
884912990143	107430
884983000093	16709
884983000413	353998
8850038400073	194522
885015300433	303576
8850367300013	194527
8850367990443	194530
8850367991723	53250
8850539240383	194532
8850539250023	194537
8850643027313	256095
8850647000503	159397
885105723043	289845
8852014020053	52961
8853498333	139249
8854692002123	160167
885523208283	159098
885523208573	159091
885523212013	159093
885523308143	159099
8855363007003	78856
885616002293	50292
885616003603	244300
885616005713	244301
885616006253	244298
88566555233	101840
885790000023	78174
8858185000733	169300
8858358008993	129063
8858744800033	163541
88587897503	315693
885881000093	74544
885963002083	68646
885963002113	68649
886002705163	218151
886002710013	218186
886210000043	272139
886488000233	194558
8867000723	361645
88670009963	361611
88671621403	109512
88671621953	109535
88671802413	283809
88671802543	283819
886786006623	247829
886786018053	247831
886786024313	212986
886786033193	247906
886786040443	247766
886786044533	212978
886786051913	247829
886786705403	247819
886926012323	210094
886926014143	208160
886926037753	208790
886926045833	206846
886926124293	205843
886926155723	209611
886926172393	206627
886926197853	208922
886926198003	208920
886926216783	209600
886926216813	210104
886926216943	207060
886926275773	208810
886926296693	208328
886926377583	207681
886926484373	208651
886926497793	209574
886926511253	209268
88702015683	37878
88702070613	37893
887058702953	41941
887103010033	271109
8871141025083	325243
887123060643	51554
88724168893	203113
887241796783	203108
887284010013	49486
887284010143	49491
887284010273	49493
887284010433	49486
887334000063	37437
887434001533	235930
887434300513	230411
887725000863	83948
888045000373	3560
888096140103	272735
888109010553	147797
888109010683	147965
888109010713	147804
888109010973	147822
888109011253	147962
888109011543	148055
888109011673	147946
888109011833	147809
888109012113	147805
888109012243	147969
888109012373	147835
888109012403	148000
888109012793	147811
888109012823	147849
888109012953	147959
888109050023	147924
888109060053	147941
888109110093	147873
888109110253	147919
888109110963	147871
888109111113	147975
888109111243	148023
888109111373	148021
888109111793	147929
888109112523	148120
888109113063	147948
888109113513	148077
888109113643	147905
888109113773	147954
888109114053	147865
888109114343	147822
888109114473	147933
888109115203	147789
888109115463	148113
888109115753	147953
888109115883	147843
888109210243	148055
888109250133	147901
888109250263	148081
888109250843	147788
888109252663	147841
888109253943	148081
888109254933	147855
888109256883	148117
888109256913	147873
888109257163	147976
888109300043	77962
888109300463	77955
888144000403	23347
888313000203	222645
888313914043	222650
888343000273	267624
888343000693	267625
888513622113	333100
888559000203	223779
888559001033	250890
88857019703	242517
888649000663	222053
888649502693	222054
888649502723	222064
888653	341248
888670005903	362010
888670007143	361766
888670007853	361644
888670008133	361859
888670009833	362039
888670009963	361607
888670010143	361799
888670012963	362030
888670013113	361758
888670013243	33495
888670017043	361594
888670017753	361844
888670017913	361971
888670018743	361847
888670019573	361922
888670019603	361801
888670019863	361927
888670020043	361797
888670022443	361501
888670024683	361696
888670025383	361843
888670025703	361713
888670025963	361592
888670026113	361586
888670026373	361458
888670026403	361874
888670029633	361978
888670030523	361991
888670032213	361478
888670032343	361809
888670033043	362001
888670033593	361846
888670037423	361697
888670037553	361863
888670037843	361791
888670040003	361435
888670046593	33498
888670053133	361450
888670053263	361974
888670053843	361987
888670056493	361630
888670059753	361908
888670060063	362007
888670063453	361665
888670063903	361802
888670064733	362008
888670067123	361940
888670067703	362026
888670071663	361549
888670071823	361452
888670071953	361681
888670073223	361785
888670075173	361606
888670077733	361780
888670081433	361818
888670083123	362040
888670083383	361997
888670083413	361960
888670088173	361915
888670098813	361649
888670098943	361548
888670103173	361813
888670105993	361920
888670106013	361811
888670108673	361869
888670113783	361901
888670120163	361601
888670130803	361723
888670132333	361684
888670133743	361919
888670140703	361485
888683106093	215396
888683107403	215399
888683108073	215378
888683108813	215390
888683110083	215377
888828001733	49514
888849000463	264887
888849001903	265017
888849002573	264983
888849003853	264872
888849005383	264963
888849005963	264848
888849006083	264939
888849006373	264929
888849006403	264941
888849007653	264957
888849008063	264945
888849010653	264880
888849010943	264884
888849011063	265001
888849011643	264920
888849011773	264867
888849011933	264893
888849012183	264846
888849012213	264866
888849012633	264915
888849013753	264902
888849013913	264891
88885006393	255021
88885007413	255018
88885010123	170163
888903070173	167241
888903251183	167320
888926021053	229840
88936000463	162096
889379126043	269597
889380554453	84035
889392000603	52214
889392010053	52220
889396000593	268086
889497000973	162478
889497001253	162458
889497118883	162439
889497118883	162488
889497159763	162455
889497272493	162446
889497451003	162491
889497634123	231807
889497641503	162433
889497641503	162451
889497885013	162438
889497984433	162428
889529000643	233982
889568000253	268701
889752463123	160735
890000001073	117047
890000001103	117048
890014002653	332586
890026002023	122584
890026002603	122595
890029001733	316072
890069001243	62181
890069001403	62178
890069001823	62184
8901207028533	268669
890126002053	242930
890146001043	372610
890150002753	330112
8901552006613	16954
8901940990753	216743
8901972058643	80489
890201002183	11284
890201002473	11288
890201002633	11280
890237000573	212122
890237000863	262972
890288002823	247030
890296002013	203613
890360000853	229955
890360003533	229954
890360003663	229933
89036212823	338579
89036242073	338612
89036242653	338617
89036261203	338551
89036312653	338597
89036321433	338549
89036422703	338573
89036552653	338571
89036613583	338566
89036622073	338568
89036622103	338602
89036632003	338607
8904063230553	131997
8904063231253	131987
890444000113	181934
890444000663	182036
890444000823	181931
890476000013	306998
890476000303	306995
890499000243	333591
890514001903	362806
890586002303	164488
890586002983	164486
8906005720573	294717
8906046140033	258818
8906046140873	258807
8906046144253	258866
8906046144383	258826
8906046144413	258829
8906046144833	258821
890624001923	239531
890636002123	284463
89068346213	212120
890704002253	189019
890704002703	232485
890704002833	232475
890741000533	329350
890761008243	291022
890763000023	130994
890763000153	130996
89076675503	157404
89076675503	157404
890769002243	247462
8908008604003	349424
890805002053	86426
890812001933	226959
890822002173	344789
890867000493	330566
89087157203	343084
89087157203	343084
89087157623	343076
89087240493	343094
89087670023	74854
890886001853	30109
890911003753	75181
890911003753	75181
890911005313	75150
890911005313	75151
89094021573	156281
89094022273	156280
89094024833	156297
890981002083	238360
890981002243	238363
890985001563	253931
891004001403	62768
891038002193	240483
891048001803	148146
891066001533	45051
891071001023	89156
891071001153	89177
891071001443	89165
891071001573	89171
891123002053	333058
891123002183	333058
891123002473	333064
891128148183	213269
891128409093	250873
891128520323	46356
891128603033	140703
891164002463	315888
891210000153	345407
891236001233	271041
89125105203	11814
89125170003	11798
89125210303	11820
89125211003	11818
89125220203	11819
891307001063	65334
891325005043	18917
891394002233	17716
89141010093	85146
89141010123	85148
891475001063	322041
891534003823	225629
891551000133	101084
891551000393	101120
891551000423	101087
891551000553	101085
891551000713	101089
891568000003	275842
89156801143	282833
89156862533	282849
891617002743	365435
891627002993	89489
891627003013	89490
891627007493	89512
891627007943	89423
891627007943	89473
891627008513	89430
891627009183	89476
891627009213	89477
891627009473	89465
891627010523	89456
891627011513	89504
891627011643	89479
891628002053	166979
891684002233	281263
891724004043	179747
891739001723	333782
891742002243	245311
891756000013	204247
891756000433	204240
891760002423	245642
891760002973	245635
891770002123	119077
891770002673	119111
891770002703	119126
891770002963	119120
891796002893	94079
891803433153	305885
891807000993	352220
891841002243	330613
891886000013	193988
891886000303	193962
891886000563	193990
891953001813	62266
891972002013	36436
892144000653	318511
892144000783	116335
892166000853	25728
892357001003	307496
892390001213	29837
892390001343	29841
892436002723	82842
89244028773	50451
89244933053	50441
892453001143	4845
892453001143	4854
892453001563	4857
892458001353	268937
892458001513	268936
892624001163	235910
892624001163	235917
892624001323	235924
892654002383	330725
892805003313	95897
892805004853	95900
892805005263	95905
892809000653	263625
892816002183	346963
892886000393	116493
892886000683	63479
892990001163	10133
892993002853	269203
892995002363	157299
893163002093	39577
893190002363	66081
893193002193	229909
893193002353	229907
893193002483	229912
893193002513	229907
893216000083	8439
893222000923	246092
893322002193	350838
893322002223	350841
893447001453	137797
8934663800023	331627
893470001093	11851
8935054704463	247304
8935259090163	335111
893536002033	164313
893536002033	164313
893536002613	164281
893536002743	164330
893558002653	333990
893594002013	255406
893620002123	372731
893620002123	372732
893648001993	341385
893681002193	249795
893708001093	188764
893719002003	54465
893732002073	341645
893732002103	341647
893781001003	18292
893795002553	41017
893795002713	41015
8938505214733	202442
893869000713	281105
893869000973	281116
893869003103	281113
893869003783	281118
893869005053	281119
893949002033	351571
89396000603	214780
89396156263	214789
89397100173	265305
89397100593	265282
89397100753	274429
89397102573	265248
89397103983	265256
89397104003	265272
89397105253	265253
89397110813	351721
89397111803	265270
893973001163	202432
893973001323	202437
894067002943	365572
894123002283	75260
894184003113	105788
894184003243	105792
89424340053	289735
89424852273	169707
89424852563	169707
894263002013	328785
894321002443	43015
894340002813	146546
894340002813	146547
894356001053	345416
894357002073	303814
894357002073	303815
894357002653	303827
894374001493	309322
894379002013	18858
894379002273	18862
894437000043	141939
894454002013	203
894454002143	200
894455000193	162980
894455000223	163007
89449583473	16910
89449930123	16901
894537000103	242463
894604002023	267467
894604002153	267469
894631001013	109574
894635001033	56247
894672001003	164535
894672001133	63804
894697002283	232252
894700010113	56462
894710001033	49783
894729000423	78696
894729000683	77162
894773001193	373547
894773001223	373459
894800000793	343134
894932002023	81826
894935001603	328018
894991001043	235768
894991001913	235794
895015001513	196818
895072000023	17964
895072000443	17965
895156001663	17123
895192001313	54829
895192001443	54819
895192001863	54807
89519270913	131258
89519919003	131266
895218000023	242415
895296001073	66091
895296001103	66094
895377000353	324420
895430002003	82342
895430002423	82343
895435000523	216263
895436002113	184867
895436002113	184867
895436002793	184872
895436002793	184872
895436002823	184882
895436002823	184882
895444001153	103205
895444001443	103213
895507000093	281588
895507000833	351268
895538003513	77344
895538017213	77352
89563002003	223366
895716001003	161836
895716001133	161830
895716001263	161835
895716001423	161870
895741002143	24452
895768001013	274101
895797002753	33448
895939001323	321615
895968001523	55466
895977002023	365113
895979001093	328602
896040001103	247057
896040001233	247061
8961005060173	214816
896120001443	156033
896157000013	226482
896158002313	73492
896165002313	99343
896175002013	89124
896180001063	204560
896180001193	204570
896180001773	204573
896211003233	74293
896211003363	244111
896211007583	74286
896254070193	318685
896254070353	318684
896324001393	164210
896324001553	164210
896324001713	164211
896324001843	164237
896392001653	212716
8964000022993	107254
8964002641093	7485
896446002063	235229
896446002513	235229
896578000203	12569
896650001203	281574
896650001333	9149
896650001463	9151
896650001623	9145
89669040053	302428
89669054043	51970
896719000543	70353
89674005733	195350
89674085513	195358
896742001203	64831
896743002063	168726
896743002513	168715
896743002643	168722
896767001233	61520
896775000853	4953
896825001533	142263
896859000373	239345
896859000533	239348
896863001403	180952
89686440133	155144
896887002233	30425
896887002943	30407
896892002013	129479
896892002143	17931
896892002273	129465
896892002433	129475
896983002113	182705
897034002373	223893
897034002663	223842
897034002793	223845
897077001463	39882
897119001093	366931
897153002063	311400
897229002003	106973
897261001293	326585
897261001613	326583
897351000823	143641
897363001283	263092
897363001863	263095
897373001563	194469
897474002063	187287
897519001013	192323
897519001563	192320
897530000163	15751
897580000113	203072
897580000663	203074
897582000623	288451
897585000293	21103
897630002173	155362
897660002853	281676
897687000153	77125
897687000443	77123
897712001063	185405
897712001063	185405
897737001413	222802
897737001543	222806
897737001703	222804
897742002023	204476
897774000363	13499
897785001373	164167
897785001533	164166
897806001313	245105
897849000243	34166
897877001403	159608
897922002683	28649
897931111673	348687
897988000043	139644
897988000333	139636
897988012053	139646
898015001453	331987
898024002373	34894
898024002533	34883
898024002663	34891
898075002773	63186
898123000263	189081
898134002393	38783
898134002423	38803
898134002553	38787
898195001083	94719
898195001403	94727
8982000513	24514
898248001183	295229
898248001503	295218
898248001633	295234
898248001923	295290
898271000313	238328
898271000443	238321
898328002383	51491
89836157683	301828
89836160133	253652
89836182593	301775
89836184283	106868
89836188403	301818
89836189233	106855
89836189523	301770
89836189943	106852
89836194763	106869
89836195173	301834
89836196293	301848
89836196323	301779
89836196323	301779
89836221063	301800
89836221063	301800
898376002083	182655
898392000193	366218
898392004023	366252
898392004573	366235
898406001123	256484
898406001413	256476
898422002043	9526
898456001623	327822
898456001753	327814
898491002043	371159
898547001143	373233
898559002213	32590
898575001153	29637
898575003003	29631
898575003003	29632
898596001033	77047
898596001453	77013
898655000373	334639
898685001173	3834
898685001623	3828
898706002103	130535
898792001073	353220
898792002353	15784
898806002423	303555
898806002843	361124
898886002023	124557
898886113163	47057
898886114603	107743
898916002153	232202
898916002573	332143
898916002863	332142
898919002983	151391
898967000443	161741
898987001253	190881
898999000503	351491
898999006383	351474
898999007243	351460
898999011813	351475
898999012193	351458
898999050003	351481
899039002013	94045
899039002143	94026
899039002433	94030
899039002693	94023
899039002853	94033
899055000253	95924
899055001243	95935
899055001243	95936
899101002293	234492
899121001313	329420
899121001443	329421
899160001213	188949
899162002553	92519
899174001193	294925
899207002043	40829
899285000153	54210
899340001453	98015
8993440110083	48948
899407002003	226942
8994439734143	261434
899447001653	8928
89947302033	349346
89947302033	349394
89947302293	349366
89947302873	349396
89947802403	349376
89947803103	349370
899503001443	53222
899575001013	12307
899587000073	268052
899587000363	268066
899633001023	330471
899633001153	330472
899682002903	95582
899684002093	161182
899684002413	161180
899707000013	182634
899764001503	327116
899764001763	327043
899788005303	123043
899795002043	163075
899904001493	331640
899904001523	331642
89991513003	253595
89991516523	253606
89991842103	253609
899977002953	110724
899978002563	84287
90022655307733	44947
90022655892093	45044
90022655892123	44936
90023700024353	345563
90023700044603	345892
90023700509973	345558
90027182530623	153369
90027182553073	345583
90027182556043	153382
9002859037863	195236
9002859080333	315665
90033900800343	161577
90037600650093	147690
90044500315793	144751
90046504303	97526
90046807503	97536
90046808203	97523
90046813603	97524
90053400220243	42979
90070247180523	92086
90070800212463	304401
90074308897023	45000
90075391003483	143560
90075391009553	153365
90075391015493	143556
90075391015783	143533
90075391016483	143541
90075391017503	23981
90075391031943	243805
90075391033343	143612
90075391033473	143544
90075391033893	143576
90075391033923	143580
90075391034463	153358
90075391035453	143589
90075391036313	147556
90075391039963	143602
90075391045483	249567
90075391045513	24020
90075391045643	249566
90075391045773	24034
90075391045933	249576
90075391046893	243764
90075391050753	243724
90075391060073	143616
90075391061223	243776
90075391062213	243780
90075620699463	148560
90076005283	154668
90076200763	166955
90079618377883	69499
90090656553	8034
901440210663	215409
90145141003	73063
90151613	9037
90163001303	202730
90177240163	354172
90177240323	354172
90177400963	354174
90208301023	174639
902403	341062
90272002093	162009
90272013433	163578
90272015383	163595
90272016663	163584
90272016823	163594
90341006403	351323
90341006533	270420
904006207053	341893
904051326563	349987
904223	340548
90478002033	157716
90478230733	157724
90478232133	295005
90478321103	282577
90478341323	157725
90478410043	157718
905893	340742
906173	340154
90642205526683	146733
90642205529233	49500
906443	273362
906731532073	216217
90673803409153	95709
9070689281893	170454
9073102963	290902
90736490003063	262375
90736490003193	262377
90736490005203	257337
90736490006323	257336
90736490009133	257314
90736490042253	257208
90736490042543	257223
90736490042833	257219
90736490042963	257208
90736490081023	287766
90736490114103	257127
90736490124263	257148
90736490241533	257192
90736490241663	257264
90736490251273	257363
90736490352383	257169
90736490371353	257357
90736490371773	257253
90736490412223	257201
90736490511193	257117
90736490799973	257152
90736490800433	257131
90736490821773	257244
90736490824033	257240
90736490864213	257173
90736490885423	257160
90736490887243	257111
90736490887373	257111
90736490890533	257112
90736490892353	257106
90736490977623	257307
90939132033	118590
90997100203	234287
90997103303	234279
90997630403	234275
91037131423	34218
91037192783	76568
91037328823	68724
91037380463	116559
91037443953	315444
91037462473	173421
91037484543	330456
91037558763	243075
91037609083	23351
91037609113	101860
91037609373	63598
91037609663	190334
91037647023	62164
91037676313	213204
91037718013	143699
91037895783	174749
91037900043	245985
91037907073	352694
91037960313	352899
91037969033	82997
910873	339784
91155124543	190036
91155135723	190032
91155137543	190028
91155144053	190025
91155223703	49463
91372014603	220734
91404101073	172077
91404101073	172187
91404101233	172092
91404101943	172180
91404102483	172089
91404102643	164155
91428991513	63494
91449100253	24952
91565099523	262862
91627000023	89427
917620500103	172414
91945007353	81193
91945007803	81169
91945031143	81172
91945051103	81185
91945100603	81210
91945108883	81243
91945108913	81279
91945170873	81222
91945180803	81223
91945180803	81240
91945213013	81136
91945215413	81137
91945249913	81196
91945301123	81251
91945770523	81198
91945770653	81205
91945893093	81214
91945999153	81207
91945999313	81246
91953003163	205286
91976770073	317826
92145336083	163396
92145626023	245555
92163073663	363686
92163092053	17240
92163115523	323578
92163415203	17252
92202002753	186902
92227404143	184665
92227716093	11410
9223400123	76419
92325000063	13033
92325222243	13034
92325333253	12883
92325333543	12973
92378010293	232394
92378010323	232409
924573	340247
92474181293	46706
92474181293	46707
92474181613	46708
92474190103	46710
92474190103	46710
92516161153	118363
92516560093	333852
92542179313	66899
92581010073	195399
92581013463	195402
92581013593	195411
92719373773	70261
92719374893	331422
92819700233	218403
92825000433	42309
92825003823	42332
92825010623	42279
92825015703	42385
92825017783	41992
92825017813	42008
92825017943	41696
92825072553	42118
92825082453	322817
92825082873	42193
92825083023	41813
92825084563	41947
92825092933	41734
92825093053	42415
92825093183	41841
92825093213	42156
92825093473	41582
92825093633	42218
92825093893	41621
92825093923	41626
92825094043	41996
92825094173	42145
92825094203	41794
92825094463	42048
92825094623	42358
92825094883	42020
92825094913	41854
92825096023	41864
92825096153	42205
92825096283	41914
92825096313	41906
92825096733	41692
9282509713	42295
92825097273	42311
92825097433	42209
92825097983	41724
92825098423	41590
92825098553	41745
92825098683	41564
92825098713	41747
92825099543	42094
92825100713	41552
92825100973	42418
92825101383	41787
92825101673	41924
92825102373	41738
92825102403	41890
92825102533	42456
92825102663	42130
92825103363	41683
92825103813	41871
92825104483	42428
92825104773	41600
92825104803	41643
92825104933	41585
92825105053	41835
92825105183	41612
92825105213	42012
92825105343	41965
92825105473	42054
92825105503	42028
92825105763	41561
92825105893	42404
92825106593	41699
92825106623	42233
92825106753	42192
92825107033	42448
92825107163	41916
92825107323	42403
92825107453	41903
92825107613	103969
92825107743	42460
92825107903	42185
92825108283	42157
92825108443	42171
92825108733	42303
92825108863	42176
92825108993	42119
92825109013	41874
92825109143	42010
92825109853	41682
92825110583	41592
92825110613	41595
92825110873	41766
92825111153	42260
92825111283	41800
92825111313	42154
92825111443	42177
92825111573	41760
92825111603	42207
92825111993	42197
92825112013	42341
92825112273	41848
92825116073	42430
92825116103	41954
92825116493	42339
92825124153	41940
92825145493	41783
92825244943	41627
92825245063	41697
92825451143	42095
9282575663	42230
92825756873	42259
92825920953	42307
9282592123	41774
92825921653	42262
92825922223	34139
92825922353	34139
92825985143	41937
929222858353	21172
929783	340501
9300000383	218926
9300000673	218902
9300000673	218968
9300000703	218897
9300001083	218995
9300001373	218901
9300001663	218956
9300002073	218988
9300002233	195262
9300003063	218963
9300003803	218938
9300004053	218916
9300005173	218897
9300005623	218937
9300007603	195258
9300008013	60526
9300113083	218935
9300128223	218923
9300128353	218951
9310258512233	347238
9311493001803	44125
93133378443	213046
9314419026843	70673
9317320100053	211483
9319093501693	174772
9319934540003	50355
9333661039593	131393
9338297000153	245976
9340224005513	330386
9340224006633	55478
9348603000593	61452
93506025363	242800
93534011833	315603
93539120523	48435
93573921773	283062
93573921803	283058
93709100713	244883
93709100713	244903
93709355533	244890
93709355533	244929
93709401513	244886
93709401513	244904
93709430063	244879
93709465003	244881
93709610113	244887
93709620013	244913
93709642213	244915
93709801023	244891
93709821113	244898
93709821113	244920
93709900023	47357
937603	340597
93856992193	223811
93901413703	122654
93901837813	40846
93936013213	51163
93936072913	51120
93936131023	51122
93936139043	51118
93936680033	51148
939450343613	75069
93959743043	8661
93966000153	239235
93966000283	239201
93966001433	239116
93966001563	239090
93966002263	239264
93966002393	239322
93966002423	239201
93966002683	239236
93966003833	239168
93966004373	239287
93966004403	239285
93966004533	239298
93966005653	239271
93966005813	239308
93966005943	239318
93966006803	239293
93966007183	63744
93966007183	239152
93966007213	239174
93966008333	239248
93966009583	239154
93966009613	239284
93966009613	239284
93966113303	239280
93966130003	239313
93966303063	239102
93966307153	239126
93966307863	239093
93966308143	239110
93966308563	212873
93966308693	239094
93966308723	239095
93966309423	212874
93966310023	212863
93966310603	239268
93966311013	239092
93966811803	239232
9403145301963	244432
940603	341182
94167004063	289847
94184013963	343817
94184034463	343816
94184599023	343819
94184599153	343811
9421000600433	279772
9421030361793	210438
9427000013	347739
94272172343	3862
94282000483	38377
94282183063	346881
94321882353	116131
94321883053	116133
94331143703	18587
94331366003	124829
94332319633	57719
94332460533	124832
94395000073	124447
94452511993	64038
94454008453	209
94482602043	222144
94482602203	222143
9450040253	283382
9450042233	283388
9450050443	283387
945027848023	245132
94522020523	247971
94522076223	213361
94562132293	252191
94562132293	253081
9463500003	278313
94643416663	139117
94643416663	139118
94643417523	139242
94643485003	18938
94643485133	18929
94643485133	18930
946701573	17890
946908293	17818
946909023	17815
947053	339444
94723500053	349773
94776076123	187902
94776103553	187889
94776111763	160198
94776126323	160203
94776131723	364989
94776135783	187823
94776138913	160191
94776144433	371544
94776145133	371526
94776147243	371538
94776148813	49205
94776150243	187910
94776152803	160179
94776175673	187880
94776177943	371560
94776179053	364972
94776182633	372246
94776189113	220866
94776208173	187911
94776217793	364977
94776221103	230442
94776222483	187883
94776223923	69739
94776226153	160195
948043	339851
948633	373215
94922023063	57689
94922032973	305985
94922066473	35657
94922116413	71642
94922300553	248915
94922394743	318335
94922394873	318356
94922430113	268694
94922462473	52134
94922463333	52136
94922472403	354161
94922555403	95590
94922629753	23853
94922655653	37833
94922682383	351391
94922719393	278565
94922751263	354126
94922773883	274879
94922786043	263946
94922993083	145521
94926034423	84256
95188004483	325003
95188004513	325000
95188006173	325014
95188009013	325019
95188010323	324991
95188011283	324991
95225645693	148163
95225649103	215348
95248208363	73231
95248343163	305404
95248512903	7676
95248531713	73220
95248610173	144176
95248610593	73224
95248664633	305383
95248745783	144161
95248745813	238107
95248800383	305345
95248803513	16045
95248803803	305375
95248808603	184353
95248808693	288179
95248809423	305393
95248825423	184317
95248830083	296410
95248831103	184344
95248838423	184333
95248849603	73229
95248851743	184321
95248853143	184320
95248853723	184354
95248854843	103625
95248855093	184335
95248855543	144178
95248856243	295779
95248857653	73226
95248860103	144164
95371232303	106037
95411000633	3756
95411001623	42546
9542005153	187474
9542005153	187649
9542005443	187652
9542006723	187579
9542007393	187488
9542007683	187573
9542008413	187759
9542011253	187531
9542011383	187659
9542011703	187608
9542011963	187431
9542012113	187492
9542013073	187602
9542015343	187466
9542016173	187647
9542017033	187431
9542018283	187675
9542019273	187624
9542019853	187474
9542025953	187647
9542026493	187544
9542026523	187604
9542026653	187613
9542026783	187739
9542027933	187577
9542031503	187757
9542031893	187541
9542033323	187541
9542039363	187647
9542039813	187451
9542039813	187451
9542042523	187647
9542042943	187539
9542043773	187438
9542044503	187457
9542044633	187721
9542425043	187721
9542425333	187445
9542426163	187723
9542426293	187666
9542427313	187647
9542429133	187701
9542430153	187548
9542430153	187646
9542431853	187662
9542432393	187455
9542434953	187598
9542435103	187444
9542435233	187731
9542437343	187443
9542439873	187429
9542441333	187465
9542442903	187452
9542442903	187463
95445532643	74111
95474189993	211527
9556041600033	19032
9556041600293	19029
955973	340137
956413	340688
95684302243	69754
95684899293	283038
95705134853	228558
957823	339681
95815002523	76492
95815002523	76494
95815221153	284315
95815221443	284307
95815300773	284316
95815999083	178419
95829400193	335837
95829600173	274384
95829600593	274385
95829601293	274375
958363	339478
95864172093	179214
95864200093	179212
95864800453	287931
95897001643	12244
95916029733	107149
960083	340615
96162581853	184638
96162618023	184642
96162647573	278066
96162649263	278067
96343511013	64477
96343856763	64476
964000821143	347368
96423827003	125010
96423827683	125002
96602142293	170859
96619000043	170376
96619016273	171097
96619020423	170927
96619023813	171126
96619049073	170850
96619053193	170702
96619053223	170711
96619066223	171099
96619070213	171014
96619077113	171137
96619106233	170734
96619141913	170383
96619142293	171089
96619160853	170576
96619177653	170787
96619200603	171399
96619221073	171271
96619222483	170650
96619222513	170760
96619228553	170498
96619274833	171068
96619281893	171294
96619308293	171049
96619321063	170999
96619336753	171395
96619366453	170785
96619373673	170402
96619376483	171380
96619389483	170528
96619411313	171035
96619416073	170722
96619422463	171120
96619434503	171117
96619458073	171438
96619474493	171002
96619480593	170687
96619525973	171177
96619553273	170538
96619553303	170830
96619615223	171422
96619635283	171080
96619653133	171429
96619656493	171128
96619672363	171309
96619679133	170957
96619756803	171210
96619783953	170423
9661981813	170547
96619818143	170983
96619821143	171367
96619829453	171392
96619844333	171289
96619846023	170418
96619878673	170749
96619896783	170685
96619896813	171009
96619969463	170834
96619979943	171066
96619993543	171100
96636281203	230502
96636865113	143996
96784321103	57208
96784660103	57201
96786300113	188245
96786600473	188245
96893281893	170453
96906023243	215701
96906202013	215766
96938291023	329051
96938411063	329056
969673	339576
970013	340498
970303	340446
97073100133	160040
97073100263	160036
97073815273	160031
971030309503	37431
97137203053	249525
97137302053	249514
97137305863	249531
97137391033	249509
97209001723	231779
97249900543	110212
97305730633	228779
97339000023	324960
97421000023	256597
97421020403	256560
97421090703	256639
97421102413	256575
97421451993	256613
97421470703	256580
97421501193	256564
97421560213	256585
97421595093	256591
97421606973	256592
97421866353	256569
97421923223	256618
974363	340311
97488900953	180753
97489273513	49560
97489760143	49553
97489781223	49554
97553100073	146131
97553100103	146175
97553100233	146169
97553101773	146144
97553101803	146147
97553102053	146142
97553102183	146130
97565102003	341599
9763556636543	205124
97691000143	247152
976923	10327
97814829613	162503
97831005403	245284
97832000063	145548
978613	340157
979153	340160
97923000033	60718
97923001313	195274
97923001603	223028
97923323453	22045
97923543233	223018
97928120613	290007
97928294963	289999
9800001163	334112
9800001453	334109
9800002993	334127
9800006083	334153
9800006113	334139
9800007233	334154
9800007813	334146
9800056453	334114
9800056583	334139
9800057153	334126
9800057603	334113
9800120123	94281
9800120963	94276
9800128013	94281
9800200313	94264
9800200443	94264
9800200603	94272
9800300013	334163
9800520183	169341
9800554003	169303
9800570263	169348
9800802203	231618
9800820023	231615
98009466453	132457
98009499383	65150
98009538273	24655
980913	340225
98102480783	275885
98102480813	275882
98114400403	180766
98304100373	53634
98304100403	53637
98308002093	28827
98308002833	28830
98308002833	28836
98308217213	321746
98308242673	28833
98308242673	28855
98308242703	28832
98308242703	28853
98308243243	28838
98308243663	28877
98406001413	256475
98437240373	51012
98437240663	50936
98437240823	50975
98437240953	50889
98437241103	50922
98437241653	50906
98437241783	50939
98437241943	50999
98437243183	50887
98437250143	50904
98437260043	50959
98437260753	50912
98487101853	284186
98487102263	243236
98487102843	284204
98487204363	319805
98487300003	199577
98487300133	199609
98487300393	199598
98487300423	199576
9848730043	199603
98487300553	199544
98487301093	199519
98487301383	199561
98487301543	199558
98487301703	199592
98487301833	199554
98487302113	199507
98487302243	199497
98487302373	199503
98487302403	199491
98487302823	199579
98487952103	320147
98487952363	319811
98487952523	243124
98487952783	243109
98487952813	243125
98487953063	319752
98487953643	243092
98487953803	94703
98487953933	320135
98487954183	284211
98487954213	243250
98487954343	284205
98487954473	243182
98487954503	319816
98487954893	319869
98487955173	319792
98487955203	319832
98487955333	319945
98487955753	243088
98487955913	320047
98487956033	332771
98487956163	320097
98487956323	243209
98487956613	320056
98487956743	284179
98487956903	319839
98487957443	320075
98487957603	319815
98487957863	319857
98487958273	243221
98487958563	319925
98487958693	319940
98487959393	243171
98487959553	320044
98487959683	319785
98487960023	243181
98487962133	319986
98487962263	319890
98487962423	243173
98487963383	243195
98487963413	319743
98487964243	320016
98487964373	319838
985253	341178
98531202093	98571
98533001243	215850
986823	340726
98754001183	8052
98794000283	315588
98794000313	315587
98794813043	315590
989487954633	243108
990016700073	230797
992633	339773
99336001553	85065
99336002123	85042
99336002543	85082
99336004493	85069
99336005513	85060
99336005773	85090
99336005803	85086
99465600153	318517
99482165413	1983
99482400033	1968
99482400903	364557
99482401153	1170
99482405663	364569
99482405793	363533
99482406493	1199
99482408503	363287
99482409463	363935
99482410223	2190
99482410353	332
99482410483	499
99482411213	685
99482411473	1894
99482411763	455
99482412333	363783
99482412463	1791
99482412753	733
99482413453	1743
99482413743	1751
99482414443	1943
99482416003	2403
99482416393	1458
99482416553	1146
99482416843	888
99482417093	842
99482417833	595
99482417963	1203
99482418373	1198
99482418823	337
99482420253	867
99482420963	290
99482421113	1202
99482421243	945
99482421373	790
99482421403	420
99482422363	364646
99482423193	330
99482424053	978
99482427313	857
99482427733	363357
99482428143	613
99482430153	1637
99482430283	537
99482430443	1216
99482431013	449
99482431143	907
99482431273	363994
99482433383	612
99482434083	1120
99482434373	697
99482435363	1700
99482435523	1103
99482435653	2327
99482435813	1349
99482436483	1169
99482436513	1736
99482437053	1864
99482438203	513
99482438463	2369
99482439033	822
99482439293	519
99482439873	2387
99482440183	1046
99482440213	2138
99482440633	817
99482441593	1167
99482441623	1295
99482442163	364181
99482442583	433
99482442613	1097
99482442873	784
99482443153	363828
99482443443	85807
99482443573	85830
99482443733	85811
99482443863	85802
99482444143	461
99482444273	680
99482445393	418
99482445713	363339
99482445843	364725
99482446093	607
99482446123	1729
99482446673	1914
99482446703	971
99482447083	1701
99482447533	1778
99482447663	363208
99482448073	2189
99482448103	363811
99482448233	829
99482448783	445
99482449513	492
99482449643	1433
99482450243	1186
99482450373	1994
99482450403	2008
99482450533	689
99482450663	362
99482450953	972
99482451233	364000
99482451363	1068
99482452223	363273
99482452643	2005
99482452773	1849
99482452933	621
99482453183	883
99482453633	524
99482453763	557
99482453893	592
99482454173	363856
99482454203	364618
99482454333	801
99482454623	363987
99482454753	935
99482454913	363850
99482455163	688
99482455743	2070
99482455873	2187
99482455903	2398
99482456023	1175
99482457143	1299
99482458393	2134
99482458683	457
99482459253	301
99482459413	1891
99482459673	942
99482459703	1030
99482459963	1121
99482460273	1391
99482460433	1813
99482460983	363209
99482461003	363215
99482461133	1040
99482461263	326
99482461423	334863
99482461843	507
99482461973	363851
99482462963	1961
99482463373	1357
99482463793	2377
99482463823	298
99482464073	1740
99482464233	1462
99482464943	2054
99482465193	1228
99482465353	364203
99482465483	598
99482465513	776
99482466213	1112
99482466343	2018
99482466633	1867
99482466893	673
99482466923	473
99482467043	2335
99482468033	2153
99482468293	1448
99482468453	363437
99482468873	363658
99482468903	1405
99482469313	667
99482469443	657
99482469573	1343
99482469603	1703
99482470463	363678
99482471323	1638
99482471583	363263
99482471743	1731
99482473303	2195
99482473693	2310
99482473853	754
99482473983	2392
99482474003	1445
99482474133	955
99482474263	1114
99482474393	2392
99482474423	1173
99482474553	2187
99482474683	2061
99482474713	1220
99482474973	1803
99482475253	1301
99482475383	1724
99482476083	2224
99482476533	1037
99482476953	363366
99482477073	1924
99482477233	696
99482477493	363932
99482477523	364199
99482477813	731
99482477943	1192
99482478063	1414
99482478193	345
99482478223	463
99482478353	329
99482478483	1379
99482479763	323
99482479893	398
99482479923	1609
99482480523	1319
99482480783	578
99482481353	1412
99482481643	2293
99482481803	353
99482482053	1290
99482482183	2112
99482482213	947
99482482343	516
99482482893	1271
99482483043	1855
99482483173	363940
99482483593	1959
99482483623	1995
99482484323	1825
99482485313	363779
99482485573	363302
99482486143	475
99482486273	2258
99482486303	2257
99482486563	363882
99482486983	574
99482488673	2166
99482488703	1236
99482488833	1373
99482488963	1748
99482489113	1653
99482489373	364555
99482489953	363740
99482490133	1539
99482490263	1783
99482491123	765
99482491253	1888
99482491543	2302
99482492533	364076
99482492663	363973
99482493103	364599
99482493493	1403
99482494193	2285
99482494643	2314
99482496913	1832
99482497323	2131
99482497453	1859
99482497583	1244
99482497903	1369
99482498603	1577
99482498863	1467
99482498993	2149
99482499143	2055
99482499273	1967
99482499693	1697
99482500153	2338
99482500993	1543
99482501983	364667
99482502003	364634
99482504373	364119
99482506193	1327
99482506223	2265
99482508333	1320
99482508753	2072
99482509163	1494
99482509613	1229
99482509903	364769
99482511203	363812
99482511623	2262
99482512583	2157
99482513733	2251
99482514143	1812
99482514563	1960
99482515713	363858
99482516543	1264
99482516673	1983
99482517533	2330
99482518783	364526
99482519063	2150
99482520953	1383
99482523923	2339
99482524913	2340
99482525453	1664
99482543983	1902
99482801533	363513
99482801663	364709
99482802363	363886
99482806293	363516
99555064063	83427
99555098013	46241
99555160093	46237
99900100873	45092
99900100873	45103
99900159413	66551
99900196883	19226
99900221783	45102
99900376483	45081
99900601493	45096
99900642113	119040
99900711123	265738
99900721153	66544
99900722853	45101
99900723133	45109
99900723263	213902
99900724253	44110
99900908363	66530
99900908363	66547
999482000373	363684
999482000403	364786
999482000953	363281
999482001523	364230
999562060723	57057
99999002393	109897
999995165873	144100