100000019139	256764
10001210209	149244
10009511000179	163197
10013087101499	240507
10013087556749	240512
10014100181979	248581
10016000119779	53771
10016000143149	118594
10016000144399	118595
10016000322629	53772
10016000533919	118580
10016571911239	309293
10018000129239	252544
10018000134349	110796
10018000353979	252990
10018000380739	252262
10022000254709	313251
10024100130419	165949
10024292133199	49501
10028989973259	216868
10030100673559	166200
10030100800429	165311
10033547076709	219174
10033547246669	219159
10033547507289	219189
10033547576339	219180
10033547866959	4730
10033547946019	4735
10035038051059	342540
10035038064509	273981
10035038137609	273963
10037100043429	185160
10037600058589	18441
10037600090619	284032
10037600130599	147601
10037600134269	18440
10037600201749	147678
10038034421109	39749
10038034433409	39709
10038034460009	39782
10038034510209	39758
10038034522509	39832
10038034525609	39717
10038034525999	39828
10038034532409	39796
10038034545409	39769
10038034557709	39772
10038034558409	39691
10038034565209	39733
10038034569009	39781
10038034584279	39688
10038034584309	39806
10038034610879	39685
10038034616109	39788
10038034626009	39693
10038034720509	39660
10038057302089	319655
10038057402659	319650
10038057404929	319663
10038057407289	319644
10039400015939	44592
10039400016059	44660
10039400016349	44739
10039400016479	44669
10039400016899	44703
10039400017179	44582
10039400017209	44749
10039400017889	44589
10039400018169	44683
10039400018879	44723
10039400019739	44563
10039400099199	44532
10041148492569	62422
10041460200699	253258
10041460200729	253296
10041460943589	253219
10041460994079	63101
10041800283009	361235
10041800379009	361216
10041800382009	361215
10044300126289	178481
10047500005699	40927
10047500007259	40914
10047500007969	40887
10047500016039	40940
10047500019399	40937
10049485005459	162147
10049485056109	162151
10049485056499	162217
10049485056949	162203
10051000003369	348548
10051000012569	47604
10051000041439	47633
10051000081879	47734
10051000112139	47750
10051000191219	47736
10051000199819	348616
10051000224849	348609
10054500167159	21251
10056210041019	51540
10056210351019	51538
10070222074339	137805
10070222528139	315843
10070233002109	216937
10070233003779	216948
10070233007579	216927
10070233019039	216947
10070233072669	216926
10070457287559	278556
10070470160679	371966
10070470166329	371968
10070650005059	373953
10070753213269	62565
10070753252879	62573
10071068091009	313750
10071068094819	313754
10071078110509	37750
10071078111339	37765
10071078114439	37720
10071078402949	37738
10071078755199	37752
10071537001669	254655
10072180676259	336284
10072180691429	213855
10072180731439	30131
10072180733389	23568
10072180783599	336298
10072180787719	336308
10072940113239	269656
10075391000509	243813
10077387126569	331943
10082890369	118288
10084059000089	109083
10084059711169	165205
10094562054189	252591
10094562062269	252243
10094562066649	252233
10094562066939	252236
10094562080119	252216
10094562080959	252223
10094562081529	252595
10094562100909	252579
10094562109179	252593
10094562321069	252532
10094562323919	252525
10120699	323927
10121519	323897
10121529	323916
10126445449	265100
10130759	148917
10193968030619	210921
10200105009	353493
10288031429	159002
10300000259	75029
10300000259	75030
10300000389	75049
10300064909	85287
10300141549	75065
10300144519	75050
10300333029	85305
10300333999	85293
10300336259	85273
10300536529	85258
10300543299	85311
10300553229	85294
10300863649	85256
10300866039	85257
10300884309	85273
10300894469	85247
10300933649	85297
10300933809	85248
10300937029	85310
10300942139	85271
10374188259	330808
10389576409	264641
10449456559	75289
105000219	179207
10532128219	205342
10532626739	79628
10532641879	330635
10532641909	12172
10616952100049	250622
10616952130039	239520
10616952170059	239516
10616952210069	239523
10616952310059	239516
10616952410049	25516
10620119	81443
10693392001099	86947
10693392003239	86974
10693392005189	86963
10693392005349	86918
10693392007299	86982
10700062109	139532
10700062659	139538
10700088079	122118
10700101099	161273
10700105929	161297
10700132819	161227
10700157089	161303
10700389459	161212
10700450289	161262
10700501929	365101
10700507419	247144
10700529879	161319
10700531049	213401
10700556899	161214
10700556929	161240
10700702029	365107
10700707819	247143
10700708199	247142
10700807229	247143
10700808639	247144
10700858429	112682
10700858689	365096
10700858979	146409
10700859099	161347
10700859129	161315
10700963239	247143
10706574431079	190138
10706574435619	45468
10706574634579	45478
10706574634609	45482
10706574647029	45487
10706574710129	45462
10706574716749	45461
10706574733449	190133
10706574773339	190102
10706574935409	190078
10706574983349	190108
10706574998749	190122
10706574999609	190096
10706574999739	190121
10721582111379	252596
10721582133739	252569
10721582133869	118553
10721931000569	38433
1072739	161261
10736490003999	287784
10736490044329	257200
10736490054069	287780
10736490064129	287790
10736490080129	287787
10736490127329	257157
10736490612139	287793
10749008069	265229
10749009219	265234
10764014101869	7459
10764014613539	7441
1077493445129	86237
10785621206099	257483
10815294000189	106928
10815294000479	106919
10817134020449	334083
10817134025789	308900
10823056111349	44297
10823056200029	44306
10823056870239	44317
10823056871779	44315
10852777002919	326598
10852777003039	326612
10852777006429	326621
10852777006559	326606
10852777007679	326640
10852777007709	326627
10852777708309	326632
10853081002619	227916
10857484006519	347466
10858864004309	22601
108600068199	319546
10878950109	187791
10882266100659	250093
10886476993629	257310
10888849000279	264844
10904012719	156882
109162609	192335
10957980379	62845
10978200029	278809
10978200159	278809
10978890039	278821
10978890039	278831
10995008059	197027
10995305479	197008
10995305509	197021
10995305639	197032
11100537259	319252
11110000439	259826
11110000729	175393
11110001559	259829
11110001719	177084
11110001979	259547
11110003249	176840
11110003379	176171
11110004659	259803
11110006189	30330
11110008459	76382
11110009289	176592
11110009319	175875
11110009869	299756
11110009999	299821
11110010209	259546
11110010629	259924
11110012449	175898
11110014269	175607
11110014559	176012
11110016089	299542
11110016669	176082
11110016959	30320
11110017369	177267
11110017499	176497
11110018359	177317
11110018519	261326
11110018779	261311
11110019059	103128
11110019189	300205
11110019479	300002
11110019769	261390
11110019899	176704
11110019929	259755
11110020239	260093
11110020789	175652
11110021359	176975
11110021939	175707
11110022219	175048
11110022929	260029
11110023339	260287
11110023469	170243
11110024329	176851
11110024459	175146
11110024589	175150
11110024749	299993
11110025029	177213
11110025449	175668
11110025609	176267
11110026019	299891
11110026279	176785
11110027429	259649
11110027559	105233
11110027689	105236
11110027719	155544
11110028099	299981
11110028129	176198
11110028259	176437
11110028709	300059
11110028839	300006
11110028969	122476
11110029119	260004
11110029379	176530
11110030269	259894
11110030719	300259
11110030849	175252
11110031259	299492
11110031709	175152
11110032249	175445
11110032379	299961
11110032409	300252
11110032669	300256
11110033369	260074
11110034359	300094
11110035509	177254
11110036759	299963
11110039149	299868
11110039279	259884
11110044259	299582
11110044389	175883
11110044419	300277
11110045089	175508
11110047779	300072
11110048219	175763
11110048929	299906
11110049049	175266
11110049179	259702
11110051929	260119
11110052599	299881
11110052759	175015
11110053169	299681
11110053879	300162
11110059369	260161
11110059789	300126
11110059819	259553
11110060259	20844
11110060969	104008
11110063779	177368
11110063809	176254
11110071729	259779
11110074119	299673
11110074409	259845
11110080899	300185
11110080929	300285
11110082619	299672
11110083319	299626
11110083579	331754
11110083739	299613
11110084309	259647
11110084989	299892
11110086099	175896
11110086839	58184
11110087249	259991
11110088499	175893
11110089229	176254
11110090119	259963
11110090539	175032
11110090669	300236
11110092199	175053
11110092359	259610
11110093509	299601
11110095329	259892
11110096029	176152
11110096159	362534
11110096449	176539
11110096579	177275
11110097699	177292
11110097729	259641
11110099099	177192
11110099129	300063
11110099709	177101
11110100009	300272
11110103789	177032
11110103949	175511
11110105059	176352
11110105899	177204
11110106179	300025
11110107299	175971
11110108739	177049
11110108869	176511
11110108999	176035
11110111159	104857
11110111289	104829
11110111319	104928
11110111449	104938
11110111739	104911
11110112309	260054
11110112699	304292
11110113269	175160
11110113849	104902
11110114099	304294
11110114259	175415
11110114709	230778
11110115119	177316
11110115379	175419
11110115409	175856
11110116079	177222
11110116239	176263
11110116529	175572
11110116949	175682
11110117359	176267
11110117809	175756
11110118059	177040
11110118639	300062
11110118899	304275
11110119049	175965
11110119599	299943
11110119629	259769
11110121899	299727
11110122629	176043
11110122759	300384
11110122889	176821
11110122919	176813
11110123459	259580
11110123749	300046
11110124159	299984
11110124739	175568
11110125279	176666
11110125699	300350
11110126139	177391
11110127259	259981
11110127389	304264
11110127709	177392
11110128089	300312
11110128669	260244
11110130419	220834
11110131669	20869
11110168009	177168
11110171009	103155
11110180339	104900
11110180469	104893
11110181459	260025
11110181619	175717
11110182449	175957
11110184139	20868
11110192639	299521
11110194169	20876
11110195999	20776
11110200259	175621
11110201089	259916
11110206749	20827
11110207289	104009
11110207319	20799
11110210159	259584
11110219909	322451
11110223739	260124
11110228819	170274
11110261939	20834
11110265319	175042
11110270559	20777
11110326409	175490
11110367389	223188
11110367419	299785
11110372369	300331
11110406019	177343
11110414809	217598
11110420169	107548
11110428509	300322
11110431479	103123
11110444509	175474
11110447609	176908
11110449979	103140
11110452979	175098
11110453099	175259
11110457219	260239
11110457479	176403
11110458759	177322
11110489029	174913
11110489579	175192
11110490919	176974
11110495129	175821
11110497239	30325
11110500519	175913
11110501769	176373
11110501899	176724
11110502049	176290
11110502889	217592
11110502919	64644
11110503329	299974
11110504319	170263
11110504869	299482
11110505019	176521
11110505309	175910
11110505439	175592
11110505569	175916
11110505699	176017
11110505859	176059
11110505989	217583
11110506399	174919
11110507099	175326
11110507129	175349
11110507259	175607
11110507389	175613
11110507549	216513
11110507679	176401
11110533609	64636
11110540249	260110
11110578419	176054
11110586919	260276
11110587299	176353
11110587329	176284
11110598059	176548
11110599209	174979
11110603609	175139
11110604279	299564
11110604309	300390
11110606709	260041
11110610249	259800
11110610409	304347
11110610669	176086
11110611109	175839
11110612199	259891
11110613189	260091
11110614629	175216
11110616869	260082
11110618009	259749
11110621009	20858
11110621849	259846
11110622389	220848
11110622419	331747
11110626899	176577
11110626929	175948
11110653499	304542
11110653659	263963
11110658029	260150
11110658449	104913
11110658579	104843
11110658609	104875
11110658739	104859
11110660329	176036
11110661319	176227
11110669469	175315
11110674319	177139
11110676139	176844
11110677259	176487
11110686039	175925
11110701879	176689
11110707109	176145
11110714039	175571
11110714459	175900
11110714619	103129
11110724519	176192
11110738899	176755
11110741349	247313
11110744999	175655
11110783899	260049
11110785589	175001
11110786579	300096
11110786739	175378
11110786999	259976
11110788139	175052
11110788399	300307
11110788979	299722
11110790859	299676
11110791139	300229
11110791979	299835
11110795489	177251
11110796479	176150
11110799319	176295
11110801869	175074
11110803979	175056
11110805959	176561
11110806079	300004
11110806949	299761
11110807229	176343
11110807779	177330
11110808059	177312
11110810069	259928
11110811189	176346
11110811929	176041
11110812179	177095
11110812469	30326
11110812599	175904
11110812759	103165
11110813909	300208
11110814159	176163
11110814869	260149
11110817099	176585
11110817129	267472
11110817389	259605
11110818119	175123
11110818249	300008
11110819079	261389
11110819529	261322
11110819659	261329
11110820129	176361
11110821669	176392
11110822789	300033
11110822949	299749
11110823069	177375
11110823489	261325
11110823779	177216
11110825179	259664
11110825469	176266
11110826169	176656
11110826879	177214
11110827449	177359
11110827609	261341
11110828309	176529
11110829849	299657
11110831019	302107
11110831439	176670
11110833259	103119
11110834379	299509
11110834409	177097
11110834669	175263
11110835369	300169
11110836199	299833
11110837059	175507
11110837769	176366
11110838339	176620
11110839039	175072
11110839879	176489
11110839909	176740
11110841209	300028
11110841339	176139
11110841599	176330
11110841629	176322
11110842459	175969
11110843159	174874
11110843869	259715
11110844149	260033
11110844989	177187
11110845429	175623
11110846389	259939
11110846419	261421
11110847539	176577
11110848789	176519
11110849229	299760
11110849489	259922
11110849649	299746
11110849939	300034
11110850119	176726
11110850959	174962
11110851109	175408
11110851819	175995
11110851949	175169
11110852809	300070
11110852939	175363
11110853059	177363
11110853219	103164
11110853479	300071
11110853509	175784
11110853929	175127
11110854209	175460
11110854599	175469
11110854629	176202
11110855749	177387
11110856289	176669
11110856579	299671
11110857279	176067
11110857569	176505
11110857989	176506
11110858689	175092
11110858719	175827
11110859129	176161
11110860149	176574
11110860439	300271
11110860569	175677
11110860989	175956
11110861399	260095
11110861979	175651
11110862099	175650
11110862549	299802
11110863539	142068
11110863669	260214
11110863799	300274
11110864949	176745
11110865069	176731
11110865229	260038
11110865359	287065
11110866059	175841
11110866899	176271
11110867209	174985
11110867599	176448
11110867889	176271
11110867919	176334
11110868039	177016
11110868299	177162
11110868459	300303
11110868589	259601
11110869289	349171
11110869319	349208
11110869579	300050
11110870179	300334
11110870759	261415
11110870889	175471
1111087099	175009
11110871879	176585
11110872869	176874
11110873309	7820
11110874139	300167
11110874269	175037
11110874399	177248
11110874979	260101
11110875549	177199
11110876089	261363
11110877109	142041
11110877239	174998
11110877369	176429
11110877499	176622
11110877529	175902
11110877819	175794
11110878069	260283
11110879479	300383
11110879509	174964
11110879769	103137
11110880079	260260
11110882479	259969
11110882769	176709
11110883049	175369
11110883599	176591
11110884169	176262
11110884299	176200
11110884459	259982
11110884749	175653
11110885609	299959
11110886309	176019
11110886439	176016
11110887399	299742
11110887719	259828
11110887979	176665
11110889089	175861
11110889669	300288
11110889799	176618
11110889829	176587
11110889959	175464
11110891099	299600
11110891549	176848
11110891969	175551
11110892379	177397
11110892799	177394
11110893369	302108
11110894199	299635
11110894519	177349
11110894649	177091
11110894939	177104
11110896629	176111
11110896759	259630
11110897329	176952
11110897909	177256
11110898319	259955
11110898609	300051
11110899149	142044
11110900159	176102
11110901439	260051
11110901729	299808
11110902719	260248
11110903129	299699
11110903419	259985
11110903969	176441
11110905369	103126
11110905499	176212
11110905659	176809
11110905949	300002
11110906939	175714
11110908049	300083
11110909299	175649
11110910509	105868
11110914699	300133
11110915689	300105
11110916129	175921
11110917379	175770
11110948939	299987
11110963529	175542
11110964199	260284
11110965639	175068
11110965769	176613
11110966759	142499
11110966919	175479
11110967329	176000
11110968739	175761
11110969279	315420
11110970169	175484
11110970459	176608
11110973009	259570
11110974099	260003
11110974389	142492
11110974419	142496
11110976499	299818
11110978059	176289
11110979209	175940
11110979759	176164
11110990099	176099
11110990679	260057
11110992079	176956
11110993779	174949
11110993809	176895
11115000069	154740
11115000199	263086
111152643059	69138
11140108839	153779
11140110139	149632
11140110429	149611
11140423109	153682
11140798009	149619
11141102959	83441
11141106339	83439
11141106469	83459
11141106469	86444
11141106599	83458
11150000819	277100
11150000949	276559
11150001069	277027
11150003179	277283
11150004329	276542
11150008549	276423
11150015219	276364
11150016759	276159
11150033589	276401
11150034609	277286
11150037389	277156
11150040259	302010
11150040419	301978
11150040549	276278
11150046169	277158
11150046329	276868
11150046459	276716
11150049689	276341
11150052009	276878
11150056489	276339
11150059169	276620
11150065429	276743
11150065979	276171
11150068949	276914
11150073509	276604
11150073769	276856
11150073899	276854
11150080279	276940
11150083249	277273
11150083539	277199
11150083669	277009
11150084079	276612
11150088749	277224
11150091039	276454
11150094559	276758
11150100229	276380
11150119009	277123
11150144049	276483
11150159579	277005
11150161329	276471
11150161589	301948
1115016419	277107
11150165259	277134
11150165709	277137
11150175869	277252
11150175999	276834
11150180559	276752
11150181969	276652
11150182089	276662
11150182119	276731
11150183949	197725
11150189699	276469
11150193139	277262
11150195089	301932
11150214919	276761
11150224499	276967
11150224789	277067
11150224819	276227
11150227339	277207
11150231459	276790
11150231749	276545
11150250009	301960
11150253079	276282
11150253369	276490
11150253529	276284
11150253659	276473
11150253789	276283
11150263139	301986
11150270069	276250
11150271479	277023
11150275309	276833
11150294119	276539
11150294539	276419
11150300339	277132
11150301299	276413
11150410489	276363
11150479509	301919
11150480499	276843
11150480529	276981
11150501309	276271
11150501989	276720
11150502009	277089
11150502429	276458
11150507059	277187
11150507189	276732
11150507509	276944
11150511179	276818
11150515009	276962
11150521369	277061
11150527859	276411
11150528269	276335
11150535069	276828
11150545259	276243
11150548939	276824
11150562249	277013
11150584999	276712
11150585279	276641
11150602549	276686
11150734509	277042
11150734769	301929
11150784559	276226
11150786539	301993
11150895859	276815
11150938259	301958
11150938679	276439
11150939799	276329
11150939829	276354
11150939959	276845
11150940009	276930
11150940399	276678
11150949569	277246
11150949729	276586
11150949859	277247
11150950299	277176
11150950329	276699
11150980609	276950
11150980739	276531
11150980999	276886
11150981279	277267
11150981439	276984
11150981569	276484
11150982139	301977
11150982399	301935
11150982429	301925
11150982559	301931
11150982719	276817
11150989879	276816
11150989909	277141
11150990189	276645
11150992619	276917
11150993029	276702
11150996549	220948
11150999359	276289
11152010519	134693
11152012469	220577
11152013589	371012
11152021379	168560
11152021409	168559
11152049069	81503
11152051109	362079
11152067599	81518
11152070209	81491
11152082929	81496
11152096339	81525
11152133539	81510
11152134079	362065
11152145969	134718
11152161679	81534
11152189369	81514
11152216799	168935
11152218519	134705
11152219219	81516
11152229959	81515
11152257679	220581
11152257709	220583
11152263779	69819
11152277219	159314
11152292489	362075
11152295039	362076
11152296999	81501
11152421209	346416
11152429069	328358
11152453439	159303
11152623009	157971
11152643229	157970
111526723479	332370
11153041079	101284
11153041109	101308
1115304849	101321
11153062999	101335
11153073339	101338
11153093269	101331
11153093719	101295
11153147139	101237
11153147689	101344
11153155509	101218
11153239209	101263
11153241639	101337
11153243589	101228
11153248249	101243
11153268209	101226
11153502839	101305
11153502969	101309
11153503089	101306
11153503539	101282
11153960059	101359
11156050979	328956
11156050979	328956
11156059279	328961
11162112319	218421
11166700079	91981
11166700529	272520
11167052139	80098
11193132089	249714
11194175559	322319
11194317409	322321
11194348199	322338
11194365349	322283
11194554019	322306
11196720719	362994
11200000189	354023
11200000189	354024
11200000639	354021
11206005829	303779
11206005829	303780
11206512129	303781
11206850009	303782
11210001329	324131
11210001459	324141
11210004009	324138
11210008199	324157
11210008359	205270
11210009189	324158
11210021259	324128
11210023659	324127
11212000849	353490
11212002089	290184
11213007069	309567
11213007779	310282
1121300779	310002
11213011059	310120
11213011189	310177
11213011479	309873
11213011509	309880
11213011769	310171
11213012629	309895
11213013879	309546
11213014159	310351
1121301419	310145
11213014869	309794
1121301489	309677
11213015019	310397
11213015149	309931
1121301519	310516
11213015699	309945
11213015729	309735
11213015859	310324
11213015989	309642
11213016979	310289
11213017099	310115
11213017129	309988
11213017549	310458
1121301949	310234
11213019499	310234
11213019949	310318
11213020099	310010
11213020389	310389
11213020419	310367
11213021799	310181
11213021959	309823
11213022109	310011
1121302239	309684
11213022659	309521
11213022949	310211
11213023069	309577
11213023359	309759
11213024509	310040
11213024929	310316
11213025049	309724
11213025179	310277
11213025629	310092
11213025759	310049
11213025889	309372
11213025919	309525
11213026039	310297
11213026299	310190
1121302669	309934
11213026749	310284
11213026879	309695
11213027289	309623
11213027319	309543
11213027449	309458
1121303009	310493
11213030159	309668
1121303019	309668
11213031439	309616
1121303159	309409
11213031729	309515
1121303199	310135
11213032009	309361
1121303219	309488
11213032399	309439
11213033389	309463
11213033419	309464
11213037059	309386
11213037479	309834
11213037769	309869
1121303909	310306
1121303989	310310
11213039909	310309
11213040189	310126
11213044569	309943
11213054469	309651
11213059709	310517
11213059839	310313
11213071169	309446
11213071589	309349
11213071749	310151
11213071879	310052
11213073729	309707
11213074849	310456
1121307489	310450
11213074979	310443
1121307499	310441
11213076669	309985
11213083469	309607
11213086149	310244
11213086309	309838
11213087009	310265
11213087559	309648
1121308889	310172
11213088969	309691
11213093659	309795
11213105529	309569
11213105789	309569
11213105819	310338
11213110639	309655
11213110899	310119
11213110929	310192
11213147239	309585
11213147789	309757
11213147819	310257
11213147949	310499
11213150079	309709
11213157689	310136
11213162089	309608
11213162119	310383
11213162249	310238
11213168029	310529
11213168289	310469
11213168999	309952
11213169019	309424
11213172279	309583
11213172309	309477
11213185019	309866
11213185859	309398
11213186269	310408
11213189949	309769
11213190099	310464
11213191089	309431
11213252049	310410
11213252209	310017
11213256429	309697
11213351889	309969
11213354439	310495
11213380629	309539
11213381039	309733
11213382029	309588
11213385389	310062
11213386409	309949
11213388069	309618
11213388199	309540
11213392059	309592
11213397139	310333
11213406169	310314
1121340849	309628
1121342129	310470
11213501949	310037
1121350879	309344
11213515069	309980
11213515199	309723
11213515229	310099
11213523569	310205
11213855929	309838
11213860909	310038
11213899749	310235
11213900759	310484
11213902739	309862
11213903019	310426
11213903569	309968
11215307839	203054
11215307969	226418
11215638919	212850
11215659679	138340
11215659839	138336
11215678939	212859
11216287109	46427
11216287529	46426
11225009259	323278
11225024399	349107
11225056369	370075
11225065019	370080
11225067099	370099
11225088049	370074
11225113529	38682
11225122279	230343
11225124389	230344
11225127939	349083
11225143649	230348
11233077219	234564
11233077219	234564
11233077349	234559
11233077349	346689
11233087089	324296
11233087119	324298
11233087379	324295
11233183019	220656
11233490049	324308
11233490209	234560
11233491039	324307
11234223509	282975
11246125389	274340
11246182559	274292
11246422549	274246
11246423539	274281
11246533559	274291
11246639879	274306
11246669609	274326
11246980599	274258
11251022529	57607
11251038049	294883
11256000249	147211
11259806459	325793
11259904209	325781
11259904209	325783
11259906159	325786
11259906999	325791
11261223039	57574
11261338139	57560
11284003069	160109
11284005179	162260
11284023029	160107
11291022329	264690
11300006739	39268
11300010729	39264
11300014369	39329
11300051449	39129
11300140259	39070
11300170799	39053
11300380709	39119
11300385339	39337
11300397059	39062
11300407109	39245
11300494369	39329
11300742019	39247
113649	340798
11367002149	48936
11368002209	70752
11368002209	70761
11368002339	70754
11368042519	70764
11368042519	70764
11384206469	373868
11384206599	373875
11384232109	373864
11384232239	373867
11433113939	72241
11433117159	146341
11433117999	72303
11433119689	72295
11433119719	72298
11433135689	72284
11433135689	72289
11433136099	72302
11433136549	72282
11433156059	72279
11433156929	72255
11433158329	72245
11461829	302916
11535500729	365877
11535500859	365858
11535501269	366021
11535501399	365953
11535501429	366047
11535501689	366008
11535501719	365809
11535502129	365874
11535502679	365757
11535504949	366150
11535505229	365888
11535505489	365951
11535505649	365893
11535505779	365910
11535505809	366020
11547810229	26259
11547999849	177936
11558897929	167217
11594100519	138353
11594271349	334707
11594275699	138356
11594279239	334705
116100004609	73034
11677005359	350847
11701000589	24242
11701001029	24241
11822001199	30574
11822011259	30616
11822012089	84443
11822012119	84447
11822037709	30225
11822063579	84444
11822089739	333934
11822111089	30773
11822139199	67250
11822237529	67248
11822262699	30749
11822262729	30666
11822375849	30702
11822443159	30533
11822523479	30676
11822523639	30732
11822539609	79378
11822542319	30771
11822583299	333940
11822583329	333941
11822583589	30547
11822583619	79391
11822583749	79355
11822583879	79377
11822583909	79374
11822584029	30792
11822584449	19113
11822584579	30647
11822584609	30734
11822584739	30722
11822584869	79396
11822636759	67249
11822643269	333928
11822644549	30617
11822662369	30705
11822664349	273594
11822676809	273592
11822734059	30564
11822735179	30801
11822735759	30606
11822741019	273642
11822748759	30593
11822760089	30620
11822995009	30776
11822998659	30539
11822999779	30607
11822999809	30605
11826110019	350126
11826181019	350133
11848126159	178037
11863109649	283853
11863118719	283842
11863119679	283867
11863120569	58134
11863123409	283848
11896008759	159573
11896059539	159584
11896268269	159572
11924120019	51383
11924610039	51375
11931000069	79137
11931005019	79136
12000003899	249041
12000006319	249073
12000008269	248959
12000009389	219194
12000012709	188046
12000013119	13923
12000014079	218836
12000015069	248996
12000015779	75756
12000015939	218839
12000016639	217613
12000018619	188013
12000022289	187994
12000024399	295058
12000024559	188046
12000030659	249013
12000039089	217616
12000041419	313034
12000041709	188071
12000042089	75747
12000042379	313100
12000042669	41135
12000042669	41146
12000043079	218756
12000043109	218758
12000044779	313012
12000061479	187938
12000100109	248957
12000100499	218835
12000101199	249032
12000101519	312958
12000102059	218740
12000110559	75746
12000110849	196273
12000112119	13917
12000112249	188028
12000112249	188101
12000130359	218701
12000130809	295052
12000140259	41176
12000140549	218835
12000140969	219197
12000141119	188032
12000141249	187989
12000141959	188139
12000142079	263267
12000142239	11277
12000147609	248957
12000150609	249060
12000151729	11276
12000151859	75736
12000152009	317766
12000160219	11271
12000162459	41180
12000162909	263257
12000163579	249079
12000163739	313003
12000170799	218765
12000170829	218821
12000171079	312926
12000171369	43241
12000171499	43244
12000171529	43247
12000171789	75756
12000172229	248975
12000173189	263266
12000173509	249039
12000180279	41183
12000181429	312955
12000182389	218835
12000182839	263278
12000182969	248967
12000183409	218705
12000184109	43245
12000184239	248998
12000184659	43219
12000190049	295069
12000190599	218701
12000191459	218886
12000193279	218886
12000194269	218776
12000194399	43238
12000203169	218807
12000203589	77871
12000203619	77871
12000203879	41119
12000205149	218701
12000205439	218743
12000205439	218867
12000206689	248998
12000206849	248998
12000206849	248998
12000207259	249058
12000207259	249059
12000207389	218883
12000207389	218886
12000207679	218780
12000207679	218781
12000207709	218780
12000207709	218781
12000210099	218869
12000210389	218723
12000211829	218858
12000211829	218885
12000213359	187996
12000213489	263263
12000213519	263264
12000213649	218712
12000220289	218817
12000220289	218877
12000222429	249036
12000222559	274629
12000223099	218887
12000223389	218702
12000223549	248974
12000230059	218817
12000230189	249007
12000286179	263243
12000286209	263277
12000341649	295080
12000374029	313125
12000387869	188052
12000394379	248957
12000418969	218873
12000573699	218874
12000638459	41177
12000651939	249086
12000804069	218745
12000809989	218730
12000810039	75752
12000811319	218793
1200119	63577
12135435169	247570
121788516979	190258
12265003559	333846
12265033129	333849
12265059129	246917
12265069999	333842
12265074139	51954
12265479149	63429
12265479699	63425
122689	340714
12289005379	294974
123129	341233
1231809	75744
12400001099	245995
12453092709	216390
12466013029	157413
124923705009	160988
12511204419	364844
12511446529	364849
12511530129	364878
12511530389	364842
12511946609	364880
12511966409	364860
12524003689	305098
12524920719	335800
12546001359	342199
12546001359	342316
12546001939	342144
12546001939	342219
12546002189	342117
12546002189	342212
12546004459	342239
12546004749	342242
12546005159	342261
12546005479	74420
12546006149	342257
12546006309	342168
12546006309	342254
12546007139	317667
12546007849	342100
12546007849	342208
12546008389	74406
12546008419	74383
12546008679	74394
12546009379	317636
12546009379	317645
12546009409	317635
12546009409	317644
12546010849	342173
12546011099	342156
12546011099	342228
12546011129	342301
12546011389	342190
12546011389	342291
12546011419	342243
12546011679	342231
12546011709	342180
12546011709	342272
12546011839	342170
12546011839	342260
12546012249	342119
12546012409	342160
12546013789	342288
12546013819	342232
12546015899	342291
12546032209	74376
12546075879	342315
12546101059	4365
125461315509	74422
12546135139	74381
12546315449	74425
12546672559	342190
12546672559	342281
12546672849	342198
12546672849	342276
12546673099	342231
12546676199	342318
1257409	75756
12599127099	168775
12700000099	302507
12700116059	302509
12700127079	302497
12700153399	302505
12700158059	302509
12700162049	302522
12729004009	95659
12729615809	223117
12762333449	336093
1282609	248957
1283909	75756
12842410039	227615
12937001029	215058
12937001579	215058
12937007069	215153
12937467849	89100
12937470849	89094
12937471259	89088
12946001409	64915
12993101619	368437
12993102029	368437
12993112059	178721
12993442019	368434
13000000369	141674
13000000659	141656
13000000659	141721
13000000819	141572
13000001229	141571
13000002189	141728
13000003469	141635
13000008129	141561
13000009409	141707
13000010399	265037
13000010979	174472
13000011099	141558
13000012409	141641
13000012539	141681
13000012799	58437
13000012829	332525
13000012959	92666
13000307529	141725
13000505109	141607
13000615129	141674
13000796309	141621
13000796309	141621
13000798969	141612
13065503249	180406
13065503379	180403
13065503409	180416
13065506479	180412
13065507049	180414
13065507209	180408
1308109	141707
13086005029	91962
13086007009	54943
13087198539	232368
13087201529	178194
13087206029	178209
13087209419	178247
13087243239	67873
13087901139	240506
13113347719	41043
13120000089	238465
13120000119	238420
13120000409	238454
13120000829	238416
13120000829	238417
13120003929	238385
13120003929	238385
13120008009	238415
13120008009	238415
13120013829	238422
13120017889	238439
13120018909	348768
13120058929	238374
13130006989	65736
13146000049	80503
1321809	141725
13253121019	84577
13253170079	85197
13253220309	162950
13253413619	216028
13253564069	141959
13253830089	220489
13253952989	141946
13271830009	4357
13300005019	202640
13300080009	253075
13300101629	149587
13300124079	159618
13300203149	252495
13300280669	149593
13300513019	202634
13300551059	202652
13300555019	252273
13300555019	252274
13300601709	252720
13300605899	252680
13300605899	252681
13300605929	252342
13300606469	253073
13300606469	253080
13300653319	252693
13300710159	252364
13300927809	252781
13300929599	252868
1334609	141634
13409234129	322776
13409515679	322746
13409515839	322746
13409516379	322769
13409516409	322792
13409516669	322755
13409912379	322784
13417659	132262
13451426909	272483
13451427449	272473
13454372029	104168
13454375259	104163
13454376089	104187
13454378489	97764
13454383599	97767
13499900379	285549
13499900409	285549
13499900829	307062
13499900829	307062
13500070039	81567
13562000159	12961
13562000579	12793
13562000609	13044
13562000739	12890
13562000869	13197
13562001439	12953
13562001569	13172
13562001729	13090
13562001859	12736
13562002269	13187
13562002429	12993
13562002559	13214
13562011179	12817
13562049479	110934
13562101269	12899
13562101719	110944
13562105519	110924
13562110049	110925
13562111169	13132
13562111749	12763
13562111879	12782
13562116539	12739
13562116539	13129
13562117819	13047
13562117819	13105
13562117819	13106
13562121199	13112
13562122349	12868
13562127559	12969
13562127559	13071
13562127689	13004
13562127689	13074
13562136889	13067
13562138159	12873
13562139149	13055
13562140299	12790
13562141449	13084
13562142439	13087
13562224609	12788
13562300129	13166
13562302109	12757
13562302239	13032
13562320509	12937
13562460519	13141
13562467099	13127
13562467129	13216
13562469789	13019
13562472949	12942
13562474059	110949
13562490189	12914
13562491629	110936
13562493999	12891
13562494019	12886
13562495399	13028
13562498499	13125
13562498499	13236
13562514779	110976
13600000059	75022
13600000929	343965
13600020019	75009
13600020019	75011
13609020539	162899
13609020669	162931
13609021529	162919
13628608879	215800
13628608879	215801
13638559	170456
13733032019	368448
13764027039	71181
13764027039	71195
13764027169	71199
13764027909	71211
13764028029	71176
13764028029	71189
13800047199	183721
13800047199	183784
13800100399	316938
13800100719	317222
13800101549	183671
13800101709	316836
13800101709	316837
13800101709	316934
13800103239	317190
13800103239	317228
13800103819	316894
13800104069	317004
13800106049	316891
13800106209	317241
13800106919	68756
13800115669	316998
13800120069	316982
13800120069	316984
13800121639	317203
13800135209	183691
13800135209	183793
13800136459	317162
13800144089	183737
13800151919	183725
13800152619	317142
13800166159	183655
13800166869	183651
13800166869	183652
13800166869	183680
13800166999	183639
13800171139	183631
13800171139	183698
13800190239	316912
13800192769	186197
13800192769	186246
13800204769	68738
13800220899	186263
13800220899	186263
13800230669	316979
13800230669	317024
13800232809	316921
13800277619	317007
13800282439	316913
13800303219	317039
13800304339	317010
13800306159	316873
13800315519	183764
13800383839	316976
13800383839	317113
13800398659	317016
13800398659	317017
13800421609	183866
13800425959	316907
13800425959	316971
13800447869	316966
13800447869	316967
13800494979	317231
13800494979	317240
13800512789	186213
13800512789	186214
13800512789	186229
13800523259	183670
13800551269	183778
13800552419	183742
13800552419	183743
13800554789	317147
13800554949	146448
13800579799	183825
13800595089	183873
13800661999	186206
13800661999	186219
13800661999	186243
13800662309	183650
13800713049	317126
13800727169	183824
13800742179	316987
13800770349	183865
13800850409	316969
13800850409	317079
13800860989	186236
13800860989	186237
13800861849	183630
13800869609	183697
13800875419	316892
13800913289	186202
13800913289	186218
13800961389	317208
13800962829	317051
1389609	141565
13900500419	25226
13900973879	272907
13917159	148888
13933533019	112482
1394009	141707
13941032849	311763
13949795579	242824
13951444229	71095
13951666119	87041
13951779109	87042
13964059809	148467
13964204209	238199
13964222159	54929
13964273519	12598
13964390339	124815
13964484229	168209
13964543339	46771
13964575019	124816
13964687989	149314
13964697469	322172
13964794069	82992
13964833249	222844
13964997019	82993
13971000849	22115
13971001129	22069
13971005059	22061
13971040029	22064
14000008249	38205
14054014029	233408
14054030319	233433
14054031309	233412
14076107969	255240
14076122849	255244
14076124539	222671
14099100041279	103775
14100041559	248401
14100041559	248771
14100043379	248441
14100043379	248442
14100043799	248830
14100043799	248854
14100044079	248492
14100044659	248336
14100044789	248263
14100044819	248605
14100044949	248287
14100045489	248290
14100046059	248258
14100046189	248846
14100046479	248510
14100046899	248265
14100047209	118509
14100047339	118503
14100047339	248578
14100047889	248452
14100048299	248812
14100048329	118503
14100048459	248307
14100048459	248458
14100048589	248257
14100048589	248845
14100048619	248697
14100048909	248704
14100049159	248593
14100049319	248711
14100049319	248741
14100049579	118503
14100049609	248261
14100050179	118515
14100050179	248382
14100050179	248535
14100050629	248340
14100050759	248308
14100050759	248540
14100051329	118502
14100051879	248538
14100053569	248577
14100054689	118504
14100054689	248497
14100054719	118503
14100054719	248526
14100055099	248589
14100055259	248685
14100055389	248513
14100055969	248900
14100056409	248860
14100057079	248523
14100071419	248269
14100071419	248821
14100074199	248431
14100074359	248694
14100074649	248869
14100074779	248436
14100074809	248644
14100074809	248648
14100078609	248749
14100084709	248787
14100085539	248554
14100085669	248353
14100086109	248502
14100086819	248344
14100087229	248292
14100087229	248293
14100088219	248756
14100088219	248891
14100088219	248892
14100092599	248736
14100093909	248271
14100093909	248873
14100095279	248876
14100096559	248465
14100098669	248727
14100098959	248397
14100098959	248654
14100275169	248451
14113210249	369233
14113210409	369249
14113210539	369233
14113210669	369246
14113646949	25949
14113700399	369226
14113910699	369253
14113910859	369227
14113910989	369229
14113911979	369248
14113912099	369253
14113912549	369247
14113912549	369248
14113913669	369254
141196890129	260577
14122109	277530
1412729	148907
14133007409	144015
14138100419	69813
14145841619	246783
14200003259	53522
14200004409	53526
14200013579	53500
14200035359	53502
14200042609	53483
14200042869	53488
14200043149	53515
14200046669	53572
14200047949	53544
14200083459	53491
14200084449	53559
14200084449	53560
14200085859	53490
14200089789	53495
14200122769	53501
14200124299	53505
14200183319	53552
14200202119	53558
14200385089	53556
14272088949	62394
14272108029	262850
14272122919	59888
14272151759	323536
14272204639	62407
14272466259	60749
14272466419	62416
14321601679	363944
14321621059	364247
14321621219	204202
14321671559	352272
14353100089	205799
14353102809	115960
14353103219	205804
14353120049	205809
14353120179	205796
14353180159	205805
14353506409	205822
14385192519	310547
14400714009	21234
14400714009	21236
14500001269	32775
14500001269	32776
14500001849	32835
14500001979	32919
14500002129	32735
14500004949	32907
14500005489	32980
14500007179	32690
14500007889	33128
14500009029	32710
14500011299	32745
14500011329	33073
14500011589	33084
14500011619	32874
14500013989	33177
14500014009	32723
14500014009	33138
14500014429	33000
14500015099	32996
14500015679	32735
14500015709	32715
14500015839	32698
14500015969	33098
14500016959	32885
14500017079	32721
14500017239	32934
14500017529	33005
14500017819	32939
14500017819	33109
14500017949	32755
14500017949	32756
14500018229	32749
14500019219	33184
14500019899	32942
14500019899	32944
14500019929	32784
14500021649	33009
14500023469	32990
14500023889	32992
14500024039	33126
14500024329	33002
14500026989	32733
14500031679	32811
14500031709	32812
14500031709	33024
14500093349	32779
14500111289	32873
14500111289	33029
14500171719	32870
14500171719	33022
14500505439	33089
14500507709	33134
14546190019	217160
14649	339426
146739	340038
14748009539	273014
14766074199	248362
14800000399	217375
14800001099	217534
14800001709	217401
14800001839	217402
14800002829	217401
14800003659	217387
14800003819	58320
14800004199	217534
14800005059	217395
14800005059	217542
14800005349	217530
14800005479	217381
14800005639	217540
14800006339	217456
14800006469	217410
14800006889	217439
14800006889	217495
14800006919	217503
14800006919	217504
14800210859	217533
14800582239	268714
14800582239	268714
14800646429	138457
14800646429	138459
14821103109	144936
14821581419	160130
14821840189	144931
14886500059	73474
14900013909	369067
14900013909	369074
14900127149	369055
14900127149	369072
15000070519	111726
15000140069	111734
15094803109	326483
15100000119	65675
15100001659	65676
15100001819	65708
15100026249	248095
15100026249	248096
15100040429	65687
15100263019	65663
15100994319	65696
15109001339	156402
15138502449	247375
15166000269	245966
15166002379	245961
15171021259	7934
15171060159	7936
15203274479	353470
15204113319	96012
15205000069	17075
15205500309	17082
15229377499	280505
15229411599	280497
15229411629	280492
15292207099	216628
15292210099	216600
15292217029	216615
15300014329	246623
15300200029	272183
15300200029	272186
15300201019	246610
15300319059	272176
15300430259	272170
15300430259	272171
15300440029	246614
15300440029	246615
15329000259	179256
15400002219	362388
15400003049	362423
15400007689	362370
15400011549	362430
15400012539	362336
15400013499	362410
15400013529	362470
15400014649	362360
15400015219	362378
15400015509	362300
15400015899	362498
15400015929	362500
15400016469	362356
15400018029	362419
15400018319	362354
15400018579	362508
15400018999	362344
15400020299	362511
15400020329	362314
15400035309	362501
15400035989	362409
15400050869	362347
15400074599	362333
15400138789	362381
15400173759	362334
15400190589	223280
15400190909	223034
15400191579	223096
15400192569	223078
15400196239	223075
15400196369	223056
15400196949	223067
15400197519	223060
15400202909	362442
15400454759	294888
15400550109	294903
15400554459	294907
15400554619	294889
15400557269	294902
15400561419	294910
15409190559	204089
15414542299	352807
15418004939	277543
15418005899	277391
15418005929	277387
15418006049	277325
15418007459	277676
15418007879	277419
15418007909	277555
15418008159	277823
15418008289	277659
1541800839	277645
15418008579	277782
15418008609	277463
15418009149	277591
15418009279	277338
15418010039	277451
15418010589	277529
15418010619	277719
15418011029	277398
15418011159	277780
15418011289	277511
15418011319	277347
15418011449	277684
15418011579	277474
1541801159	277580
15418011609	277376
15418011739	277828
15418011999	277538
15418012019	277514
15418012149	277834
15418012279	277818
15418012309	277822
15418012569	277366
15418012699	277748
15418012859	277488
15418012989	277446
15418013009	277638
1541801309	277453
15418013429	277483
15418013689	277789
15418013719	277593
15418013849	277464
15418013979	277683
15418014259	277493
15418014389	277819
15418014419	277556
15418014549	277616
15418014709	277670
15418014969	277693
15418015119	277442
15418015249	277427
15418015409	277745
15418015539	277660
15418015669	277836
15418015799	277752
15418015959	277381
15418016109	277717
15418016369	277677
15418016529	277401
15418016659	277504
15418016819	277459
15418017519	277586
15418017809	277337
15500183689	182609
15532100739	181027
15532100869	216139
15532101019	216134
15532101149	216136
15538604309	348655
15568220609	251645
15568294969	324933
15585002189	65128
15585004619	365411
15585005319	365399
15585005869	365399
15640499	8388
15665103669	253386
15665104659	253361
15665602049	253375
15665773299	253366
15685100259	272529
15700055519	323854
15700055519	323929
15700057599	323939
15700057919	323808
15700072929	323897
15700100189	205447
15700126929	205460
15700133019	205446
15700146019	205486
15700161449	205445
15700171639	205463
15700252529	205487
15700257029	205437
15700450109	148142
15700450109	148142
15747199429	10795
157599	340105
15786001929	10637
15794020769	32472
15800030119	52972
15800030539	52975
15800062349	52969
15800064329	52967
15800090069	52968
15839000039	109342
15839005959	109324
15839007359	109325
15839007359	109325
15839008219	109327
15839008479	109318
15839008509	109321
15839022239	109317
15839028279	109345
15855104629	43736
15878386699	190349
15883770209	9730
15900000609	22801
15900000739	22873
15900000999	22852
15900001019	22787
15900002269	22834
15900060009	22836
15900061259	22868
15900063369	22856
15900063789	22848
15900064199	204690
15900064229	22864
15900064489	22864
15900065219	22782
15900065349	204969
15900065929	57539
15900070299	205157
15900133109	22804
15900140619	22812
15900190799	22830
15900235889	22814
15900238279	22844
15900801099	180492
1592839	22877
159479269	213445
15953700419	232296
15953702529	232297
15953711569	230295
1596039	22802
15984090039	269990
15984601549	270023
15984610619	269993
15984610909	269978
15984611159	270001
15984663059	270010
15984910399	269948
16000103719	55294
16000104129	225950
16000106109	118547
16000111899	109500
16000113329	43791
16000114319	118572
16000114869	111105
16000116139	94822
16000118669	55310
16000119499	192097
16000120259	118238
16000125049	111141
16000127319	53792
16000127579	192125
16000128279	111238
16000134539	317989
16000135659	29277
16000136809	55339
16000140349	110843
16000140899	94874
16000140899	261166
16000140929	111084
16000141599	53739
16000141759	261163
16000142749	111351
16000143449	94775
16000143449	94857
16000145269	109498
16000145429	225975
16000145559	225862
16000145719	29430
16000146129	225863
16000146419	192131
16000146419	192147
16000146419	192148
16000147119	110911
16000147829	192116
16000149069	116870
16000149359	29090
16000150249	110873
16000151109	55378
16000151369	55457
16000151529	38004
16000152359	94850
16000154179	53736
16000155459	313642
16000156319	116932
16000156449	230570
16000157019	143390
16000160569	225900
16000160569	226142
16000161139	29114
16000161979	342542
16000161979	342547
16000162099	217406
16000162099	217473
16000162129	107197
16000162129	107199
16000162259	141988
16000162549	53758
16000162549	53849
16000163959	61375
16000164079	29444
16000164529	29362
16000165779	132233
16000167049	110904
16000168329	254422
16000168749	53752
16000168749	53754
16000169159	53726
16000169159	53728
16000169319	53866
16000169319	53867
16000172739	110907
16000173149	107321
16000175839	326498
16000176799	29233
16000176829	53857
16000178069	29199
16000178199	102226
16000178199	102229
16000178229	64501
16000178229	64502
16000178359	225842
16000178359	225844
16000179349	192128
16000179479	61378
16000179899	267915
16000181359	118607
16000181489	94761
16000184619	270878
16000184749	55337
16000185739	29314
16000185739	29315
16000186439	29088
16000186439	29088
16000186569	29198
16000186729	29304
16000188839	53803
16000189119	342556
16000189119	342562
16000189379	335152
16000189959	29429
16000189959	29432
16000193499	234483
16000193499	234483
16000194069	217467
16000194519	94868
16000194519	94872
16000197589	29353
16000197589	29397
16000197589	29400
16000198739	132095
16000198739	132107
16000199439	55400
16000199439	55401
16000200739	29455
16000200739	29455
16000200869	217397
16000200869	217397
16000200869	217458
16000200999	28948
16000200999	29232
16000201019	28946
16000201019	28951
16000201019	28986
16000202979	110862
16000202979	171802
16000205499	55352
16000205499	55406
16000205529	55407
16000205529	55460
16000205949	29193
16000206069	55314
16000207219	107341
16000207639	29047
16000207639	29158
16000207639	29169
16000207769	29179
16000207769	29187
16000208889	28968
16000208889	29063
16000209299	192087
16000211919	53793
16000215559	55411
16000219489	55423
16000220089	29301
16000220119	29303
16000220669	267936
16000220799	342572
16000220829	225894
16000221529	270881
16000221789	213345
16000221819	94891
16000221949	335186
16000222199	226092
16000222359	53862
16000222649	29110
16000222939	29294
16000223219	49378
16000223639	55295
16000224759	270873
16000226029	110884
16000226159	217480
16000226319	110869
16000226579	225902
16000228139	29060
16000228559	53831
16000228719	335198
16000229099	55419
16000229259	225952
16000229969	53837
16000230699	225934
16000230859	217476
16000233249	131028
16000275119	61394
16000275249	362699
16000275669	110851
16000275799	192105
16000275829	102226
16000275829	102228
16000276949	225975
16000277069	225765
16000277069	226118
16000277069	226131
16000277939	29243
16000284159	225889
16000284159	225924
16000288829	29427
16000302709	28965
16000306509	29063
16000319219	55322
16000322639	53808
16000323209	29531
16000335509	225853
16000335509	225886
16000343849	226115
16000351639	226123
16000351769	225828
16000352049	53839
16000363489	111420
16000363519	111016
16000363779	225761
16000363779	225950
16000364479	94755
16000364479	94787
16000368309	43793
16000385009	107182
16000401259	55386
16000401969	111133
16000407619	225910
16000407619	225912
16000409859	29017
16000409989	111022
16000412699	226067
16000412699	226068
16000413009	132267
16000413399	132240
16000416109	29310
16000417199	111364
16000417519	132257
16000417779	29537
16000419759	132246
16000420809	33262
16000428379	110789
16000430549	29495
16000435339	335155
16000436169	94802
16000436169	94861
16000436589	225923
16000437159	55637
16000437739	29372
16000439559	226090
16000441309	29106
16000441699	225974
16000442429	29445
16000443129	55456
16000443389	53852
16000445369	94889
16000445659	226152
16000447059	94802
16000448049	29405
16000450189	94823
16000450769	226025
16000450769	226044
16000450929	29057
16000451049	29037
16000451339	132242
16000451599	111025
16000451629	29021
16000452879	110895
16000454439	110899
16000454569	111076
16000454729	107304
16000456679	111231
16000456969	94846
16000457249	226016
16000457249	226038
16000459359	342565
16000459779	29071
16000461499	29296
16000461659	106666
16000464759	226083
16000465749	107193
16000466739	29065
16000466869	106667
16000467019	55355
16000468139	109505
16000472969	226062
16000473089	61385
16000473379	331407
16000473669	29000
16000482869	29503
16000484719	28977
16000484849	111229
16000485419	225822
16000486249	110891
16000487949	55323
16000488199	28999
16000488359	111254
16000489189	313318
16000491779	29011
16000492349	55289
16000494329	217437
16000494459	94881
16000494879	28996
16000495319	111017
16000497269	226183
16000498969	111257
16000499249	192109
16000502789	109504
16000503069	226168
16000503649	111158
16000504639	111111
16000505339	111149
16000507319	109487
16000508859	94875
16000510869	94835
16000511279	339224
16000512399	226060
16000512429	94764
16000513679	29089
16000514119	94833
16000514799	225987
16000515369	111112
16000515819	111244
16000612709	43793
16000625709	171939
16000813359	29164
16000877009	110782
16073004029	29587
16073216019	29592
16073521489	29584
16073619339	29554
16100111669	143971
16101000849	77981
16229004019	284361
16229901479	98769
16229903879	98766
16229906399	16417
16229909109	98778
16229917609	98777
16264006009	50157
16264093009	50153
16264127339	238634
16264152959	270868
16264152959	270868
16264194799	215254
16264194959	50144
16264194959	50159
16291441279	217068
16291441309	217077
16291441439	217074
16291441569	217115
16291441699	217070
16291441729	217059
16291441859	217098
16291442139	217012
16291442269	217014
16291442399	217034
16291442559	217031
16291442689	217016
16291443099	217130
16291443129	217080
16291443549	216997
16291445819	217092
16291447189	217111
16299147449	94802
16300151199	98600
16300153179	78095
16300160559	98625
16300165059	98599
16300165219	98616
16300165769	98601
16300166469	98658
16300166599	98620
16300168029	98618
16300168289	98648
16300169019	98638
16300210049	341340
16314829	234348
16346132619	333622
16362211619	45298
164399	339644
16447100739	189683
16459200229	28785
16459400339	28776
16473432569	22216
165419	340925
16571111199	324899
16571511159	324901
16571940249	309264
16571940379	309259
16571950279	309314
16571950859	309310
16571950859	309311
16571951689	309305
16571951719	309293
16571952129	309297
16571952679	309268
16571952679	309269
16571952839	153412
16571952839	309318
16571953829	153413
16571953829	309317
16571954369	309265
16571954369	309266
16571955359	309242
16600000739	275936
16712019209	182741
16712019209	182741
16741000049	322913
16741000179	322975
16741000209	322948
16741000889	322930
16741255609	322939
16741301559	322971
16741331549	322895
16741431119	322942
16741644229	322955
16741711129	322989
16741777729	322894
16741795389	322888
16741807679	322947
16741910089	322937
16767110609	365333
16767122039	365340
16778000029	324442
168175589	205414
16900001009	324534
16916206009	89859
170000077019	65438
17000009469	16205
17077004329	186460
17077031059	186514
17077033039	186499
17077033329	186425
17077075329	186381
17077100069	186419
17077103169	186506
17077103329	186505
17077108089	186536
17077111089	186410
17077116329	186495
17077129329	186473
17077145329	186469
17077161169	186497
17077161329	186365
17077308069	186443
17077311069	186451
17077602129	186450
17077603089	186452
17077603249	186448
17077624329	186364
17077666329	186434
17077701129	173415
17082000439	157101
17082007919	366561
17082011169	157112
17082013149	157077
17082470379	157049
17082874269	157119
17082874689	156972
17082877079	156931
17082877369	157004
17082877499	157111
17082877529	157040
17082878939	156972
17082880789	189988
17082883179	156976
17082883889	157088
17082883919	157001
17082884039	156996
17082884459	156942
17082884749	157059
17082884909	156981
17082885159	157104
17082885869	157036
17082888129	157087
17082888709	157027
17082890429	189993
17109310169	280785
17109320779	323439
17109320809	323430
17109327129	323370
17109328799	323442
17109342849	323372
17109344669	323430
17144026889	245262
17252500189	38408
17252500189	38416
17252504279	38414
17252504279	38418
17279190059	76377
17300906659	118807
17324003099	311204
17324003419	311203
17324183579	311187
17324183609	311137
17324622269	311198
17325000509	157323
17353001059	63986
17400100179	317955
17400100889	60377
17400101459	49939
17400106089	49934
17400106539	122985
17400106799	194808
17400106959	194801
17400109509	353664
17400111359	353664
17400118679	214064
17400118679	214065
17400140489	49940
17400140809	194807
17400222529	214075
17400223069	194798
17400223199	194796
17400223229	49900
17400223229	49922
17400224059	194799
17400224189	214076
17474007329	273237
17548828119	220605
17600021779	190472
17600043719	42905
17600044419	42913
17600082039	50309
17645011533569	151264
17696000139	73360
17696004519	73361
17696402179	73357
17696407099	73361
17696407129	73344
17696408409	73344
17749000079	196744
17749000239	196743
17749000369	196734
17839941039	218309
17869382239	95858
17869600039	48171
17869707209	95840
17869707759	95822
17869723179	48173
17869777219	223136
17869804649	95813
17869807039	95843
17869807329	95848
17873300069	34083
1794602089	23836
179893124759	237602
179899174809	157968
17995904909	329135
18000000319	252268
18000000999	252288
18000001279	252457
18000001859	252668
18000003389	252851
18000005079	252412
180001001029	149714
180001001289	149712
18000112739	252179
18000116249	252913
18000116249	253016
18000119349	252892
18000123179	252711
18000123889	252513
18000123889	252514
18000127849	252912
18000127849	253071
18000132669	252974
18000132669	252976
18000135219	252174
18000135639	252424
18000137039	252916
18000138739	252726
18000141029	252756
18000141319	252963
18000141869	252960
18000142699	252828
18000147939	252489
18000263479	252647
18000287949	252852
18000336869	252748
18000384259	252746
18000407569	111313
18000426959	252846
18000435999	252318
18000437979	253030
18000440139	252497
18000445899	252351
18000447619	252329
18000464579	253017
18000477449	252818
18000479849	253032
18000490769	253035
18000510689	252742
18000512539	252746
18000513499	252757
18000515189	253048
18000657179	252331
18000824779	252801
18000855179	252676
180036000479	217315
180127000449	373577
180187000519	305122
180187000519	305122
180187000779	305126
18024289	237713
180268000919	330604
180286000229	92723
180286000519	92717
1803109	252269
180332000029	59
180332000579	74
180530000739	219645
18053191729	137775
18053192979	137788
18053193709	137777
18053193839	137792
18053720639	364410
18053760529	137796
18053760659	137778
180626000919	317898
180855000469	220220
1809909	252290
180999000509	184839
180999001889	184843
181143000789	303764
181314000129	370183
181314000679	370184
18169015919	193258
18169135129	193135
18169155769	193186
18169165089	192951
18169403969	193418
18169421499	193192
18169481059	193089
18169482049	193336
18169483169	240684
18169490259	192971
18169667729	193218
18169668559	193535
18169671399	193103
18169671559	193348
18169741849	193600
18176783009	47387
181775000089	369726
18184095019	223367
1818509	252981
181945000109	118872
181945000819	118884
181947000589	98740
181947000619	98738
18195704009	289937
18200201219	328186
18200258749	328177
18200258879	328178
18200259319	328174
18200259579	328191
18200259609	328190
182026000339	302792
18207295709	13405
18207850069	204062
18207990079	57708
18207990239	57703
18207999669	49075
182108000059	268923
1821309	252406
182329000159	312356
1823909	252838
182401000039	153416
18267031729	84055
1826809	252700
182801000509	85619
18303005059	42883
18303005189	42855
18303005509	42862
18303005899	42871
18303900019	42853
18319	320600
1833809	252430
183543000529	74370
183829000069	44280
183838000029	37867
18400312579	144674
18400314429	144683
18400800069	144662
18400913769	144669
184014000109	118544
18422000089	142213
184419003309	232046
184420000229	352446
184460000029	80543
184500000019	94
184500000279	96
184500000309	97
184500000439	85
184678000019	107799
184678000019	179751
184706000349	272746
184706000769	272737
184739000279	145107
184739000309	145083
184739001009	145134
184739001139	145122
184739001399	145128
184739001559	145145
184739002129	145144
184739003409	145093
185043000269	373183
1850709	252789
185073000079	145527
18511700029	341527
18522031419	30461
18522031549	30457
185239119709	120164
185255000149	66216
185255000569	66199
185255000569	66210
18529100019	270285
18537400149	282660
185544400049	110203
185598000059	315443
185814000009	343901
185814000269	343906
18582112929	116090
18582486969	116089
18582680589	158662
18586000949	290892
18586001489	14118
185889000119	247748
185889000379	247729
185889000669	247725
186013400669	272566
18627030119	163911
18627100249	164043
18627103639	163909
18627104339	163941
18627105619	163849
18627105749	165244
18627105879	163952
18627105909	165251
18627106029	164062
18627106869	164069
18627107729	163926
18627108399	163883
18627108399	163883
18627109389	163914
18627109389	163915
18627109969	163981
18627109969	163981
18627113799	163892
18627394259	163987
18627394259	163987
18627407249	164061
18627471929	163935
18627610069	164053
18627703129	164002
18627703389	164006
186337000149	63609
186337000729	63594
186435000249	259153
18646000599	273492
18646002159	273493
18646002739	273495
186570000609	273100
186756000089	205362
18682002199	179758
18682003059	179757
186852000099	324845
186852000389	324859
186852000679	324867
186852001089	324802
186852001119	324792
186852001539	324799
186852001669	324819
186866000429	166519
18687001449	321027
186905000069	184152
186905000069	184152
186986000439	184253
18700000169	318008
18700000329	302275
18700000749	318011
18700003139	318006
187229127319	193720
187283000009	70145
1872939	318005
1873239	18271
187471000019	116728
187471000309	231361
187595000209	167225
187787000109	272749
18780010539	12401
18780010539	12403
18780011529	12401
187839000279	329449
18804054419	344064
18804054839	323558
18828741029	252382
188314000609	226469
188327000009	46458
1883363000479	233944
18847125169	275770
188628000579	67361
18894000259	31879
18894004189	31220
18894004349	31885
18894004479	31889
18894004509	31490
18894004769	32131
18894005049	31092
18894005179	30937
18894005209	31808
18894010319	31472
18894010449	31006
18894011989	31676
18894015819	31962
18894100249	30856
18894103189	32209
18894103349	32218
18894110279	31143
18894112259	31120
18894114789	32103
18894115069	31426
18894115199	32090
18894123279	31098
18894133339	31758
18894134169	31757
18894139249	30832
18894141419	31043
18894141549	32165
18894141679	31053
18894141709	31370
18894141839	31043
18894145479	31309
18894153559	30839
18894199519	31840
18894202929	31100
18894203209	32178
18894214649	31193
18894216629	31141
18894216919	32012
18894217459	32229
18894217589	31687
18894217619	31895
18894218289	31406
18894222309	32041
18894235279	31017
18894250449	31445
18894251149	31861
18894251279	31771
18894251569	31293
18894271819	30877
18894271949	31827
18894272199	32171
18894272229	31348
18894272779	30984
18894300199	31529
18894300939	31977
18894301059	31481
18894301509	31523
18894301639	30874
18894301769	31389
18894303169	32212
18894303299	31123
18894303329	31660
18894303459	31761
18894303589	31785
18894303619	31286
18894304449	31786
18894304579	32043
18894304609	31483
18894305699	31867
18894305729	31868
18894305989	31852
18894306009	31580
18894306139	31528
18894306719	31877
18894306849	31622
18894306979	31529
18894307099	31944
18894307129	32083
18894310259	31038
18894310389	32158
18894311119	31346
18894312529	32161
18894312659	31127
18894312789	30941
18894313519	31842
18894313649	31542
18894317449	31188
18894317999	31994
18894320289	31517
18894320319	32147
18894320579	32142
18894320609	31190
18894324829	32141
18894325499	31031
18894325529	31565
18894327929	32099
18894328889	31924
18894329299	30972
18894329329	32074
18894329619	31439
18894340089	31765
18894343219	30847
18894343479	31280
18894343509	31280
18894343639	31275
18894355809	31344
18894360209	31702
18894373209	30849
18894408789	31114
18894409199	31783
18894432739	31545
18894441229	31768
18894441779	30829
18894441809	30827
18894441939	31182
18894452379	31518
18894461029	31261
18894462569	31724
18894462989	30956
18894463009	31784
18894463399	31624
18894463429	31102
18894463559	31681
18894491309	31172
18894500339	31912
18894520399	30851
18894535249	31735
18894537809	31970
18894565239	32091
18894587569	31244
18894615309	31759
18894701439	32110
18894702009	30995
18894703099	30960
18894703259	31000
18894703389	32156
18894705819	31617
18894755579	31644
18894765929	31697
18894794349	32114
18894802259	31145
18894824169	31571
18894834069	32172
18894884279	31076
18894899549	31812
18894900139	31231
18894900269	31420
18894902089	31600
18894902119	31091
18894902379	31263
18894903369	30842
18894903819	31315
18894903949	31371
18894904069	31372
18894904229	30913
18894904649	32030
18894904779	31147
18894904809	30979
18894904939	30951
18894905769	30897
18894906209	31041
18894906629	31790
18894906919	30918
18894921349	31628
18894970309	31593
189270000009	281505
18944000789	84724
18944000819	84711
18944001069	84726
18944002059	84696
189588000029	48199
189588000289	48203
189588000609	48204
18959003119	332422
18959003379	245172
18959123459	15579
18959140029	245197
18959755179	245187
19000083449	186338
19000170309	186346
19001249639	109115
190104060519	77927
19022002619	194512
19022054489	194503
19022128579	194505
19022128609	194500
190298000179	190520
190298000469	190464
190298000469	190498
190298001749	190471
190298002289	190489
190298002289	190516
190484001539	60020
19054655609	374110
190569123019	129160
190569123019	129160
190569123279	129202
190569124559	129301
190569124559	129302
190569124849	129230
190569124849	129231
190569304579	129252
190569504269	129321
190569522249	129182
190569537809	129250
190569619239	129341
190593000089	281469
19061090479	274009
19061090899	295897
19061091209	295959
19061091469	274035
19061092329	274024
19061092619	274010
19061098079	274056
19061190919	274044
19061191039	189222
19061192739	274024
19061480089	274042
19061490729	260396
19061491849	217690
19061499029	274045
19063004849	107122
19063012769	107130
19064010399	13443
19064100489	13444
190646630089	232428
190646630119	232425
190646630379	232445
190646640019	232417
190912100049	263062
190912100209	263063
190912100629	263067
191414002589	188260
191414004279	86916
191414009809	156418
191414013929	323576
191619571989	98369
191619576229	98372
19175051779	117915
19175055289	37831
19175055609	117929
19175057689	118043
19175058549	118040
191817370209	341688
191817380109	220428
191817380239	341669
191817380529	48297
19204120179	147737
19229221509	328304
19244101299	22955
19244608019	232696
192548000229	25727
192548300039	60570
192768174229	107869
19320000959	347952
19320001949	122449
19320007989	362714
19320008269	221003
19320013799	65751
19320015489	56130
19320016769	221346
19320017759	220993
193908000729	280047
193908001269	280058
193908001399	280055
193908001399	280089
193908001429	280046
193908001689	280010
193908005199	279984
193908005229	280002
193908006349	280003
193908006349	280003
193908007209	280050
193908900609	279989
193908901019	280045
193937001049	259324
193968007089	210809
193968009649	211217
193968019549	282194
193968023089	210903
193968023119	210685
193968024819	210826
193968026479	211265
193968030599	211208
193968030629	211260
193968031169	210584
193968043599	210703
193968043629	210974
193968045579	210664
193968048549	211188
193968049089	210732
193968049119	210666
193968050689	211193
193968051389	210898
193968059859	210983
193968066659	210955
193968072919	210578
193968074579	211228
193968088019	210880
193968096649	210571
193968148089	210795
193968319069	210562
193968319519	210987
193968326029	211227
193968328269	210643
193968329969	210678
193968330569	210957
193968338879	210890
193968344269	211170
193968346799	210768
193968349509	210676
193968351069	210667
193968351779	210879
194283100899	58024
194283101599	57986
194283101629	58019
194283102459	57991
194283102749	57983
194283104729	57987
194283250259	58015
194283301289	57919
194283550359	58036
194283550519	57937
194283551509	58001
194283551929	58017
194283552049	58043
194346000289	127447
194346000449	105511
194346000579	201983
194346000609	127989
194346000999	105406
194346001019	105705
194346001699	202105
194346001729	201334
194346001989	201993
194346002849	126419
194346003839	201372
194346009749	105716
194346020089	201782
194346020119	201312
194346020409	352982
194346038329	126079
194346049769	105522
194346050499	125594
194346050789	126138
194346050819	105529
194346052769	126395
194346053469	125479
194346053759	126887
194346053889	201434
194346054909	128734
194346056309	126460
194346061099	105459
194346065059	127026
194346065769	202170
194346066629	126252
194346080489	125884
194346080519	127783
194346096749	202009
194346098989	127229
194346099009	128302
194346110759	201301
194346114269	201767
194346115549	128887
194346115709	128778
194346115839	105446
194346134779	128565
194346502639	201493
194575040049	213389
194575040209	213360
194575040919	213353
194575040919	213353
19473006099	335365
19473006839	335386
19473007089	335391
19473007379	335373
19473007409	335372
19476015999	352300
194888000129	59949
19521499019	49368
19521550079	49372
195393000079	24401
195602001699	228485
195602003709	228255
195602024599	228155
195602024889	228429
195602025329	228065
195602034369	228208
195602041749	228073
195602057429	290148
195602083329	228454
19570300069	307770
19582000049	43937
195893082049	311064
195893180349	34210
195893187409	107813
195893187409	107814
195893215249	20633
195893448579	107812
195893619429	138564
195893710669	20634
19600041009	52022
19600044109	52036
19600045809	52023
19600059639	18033
19600059899	18035
19600059929	250350
19600060109	17974
19600064909	18013
19600435679	17971
19600435969	18006
19600460879	218045
19600460879	218051
19622199429	244235
19631001089	196049
19631001119	196046
196411000019	51429
196411000149	51462
19646001029	135307
19646001159	135308
19646001289	135369
19646001319	135422
19646001449	135429
19646001609	135438
19646002569	135427
19646002699	135195
19646003009	135397
19646003269	135220
19646003559	135202
19646003689	135169
19646003719	135324
19646003979	135249
19646004259	135411
19646004549	135376
19646004679	135231
19646004709	135174
19646005089	135425
19646005119	135334
19646005409	135314
19646005539	135287
19646005669	135171
19646006079	135317
19646006109	135251
19646006499	135419
19646006529	135254
19646007229	135215
19646049779	135269
19646050089	135374
19646050119	135371
19646400259	135253
19646840789	135366
19646840819	135367
19646841069	135332
19646842349	135404
196633816849	170739
196633831439	170736
196633839329	171040
196633842169	170426
196633850669	170876
196633966339	171234
196633971609	171136
196852277469	290683
196852963089	51583
19707419	170490
19722082379	137925
19722165249	60397
19722165829	66139
19722166819	66138
19722167229	59900
19730509	171241
19736709	171402
197519	340131
19815530039	72042
198769	340138
19900003509	58242
19901459	171302
19951116029	71613
19951850169	71615
199599	339806
19962003479	196721
19962025419	284007
19962035159	358291
19962105159	322875
19962144639	323997
19962193019	273193
19962230219	41314
19962247019	130399
19962283109	268912
19962380709	82186
19962462719	346739
19962656019	235504
19962660139	263150
19962757419	342818
19962906749	129602
19962921759	330372
19962924859	330375
19964224049	226555
19969001119	130738
19969002109	130730
20000000909	129295
20000001999	129368
2000007119	169701
20000103969	129218
20000104539	129390
20000105079	129311
20000105079	129312
20000110189	129416
20000112749	129404
20000174839	129158
20000176819	129208
20000197579	129280
20000408569	184889
20000424569	129424
20000448619	129361
20000449999	129303
20000481029	260834
20000481159	129178
20001209	104612
20001759	104312
20005559	230682
2000630013829	277883
20016272201179	115330
20016272201209	115335
2002219	342240
20023041019	284124
20031329	104488
20032319	104445
20038000209	98555
20038003019	98526
20038005129	98467
20038630109	98550
20038710849	98469
20040109	93944
20042509	104254
20042899	104614
20042929	104225
20043049	104273
20044589	230609
20044619	230619
20044749	230403
20045059011809	346566
20049485053099	162139
20049485053389	162184
20049485055789	162158
20067939	185665
20070900401539	259053
20070934996179	220513
20072940000079	269693
20077387124449	331945
20077387126719	331972
20087579	185513
20094249	185851
20094409	185675
20095109	185663
20095239	185628
2010830004589	358651
20110499	86847
20113002289	179848
201139708809	101489
201360635929	2778
20138137249	97559
20138138109	97568
20138330039	97567
20138330169	97552
20138440059	315615
20169222099	301882
20169222129	301877
20169222389	301878
20169222549	302065
201758107199	193629
20182007079	249925
20182057029	249924
20188050109	335455
20188060139	335459
20188060139	335474
20200085119	281169
20200150039	242452
20200590019	215190
202015337779	341431
20207012149	351094
20256052059	67497
202700906129	247191
20276119	6
20276539	185783
20287399	257518
2032445009889	202244
20337115079	60694
20337231069	60681
20337372069	60690
20337764109	60683
203518002379	92223
203662806229	142108
203710705399	92187
203795800569	328353
20396589	185458
20401003219	202290
20434006959	190176
20439070009	173396
20443559	156346
204699	340771
20471271259	284755
20475000329	76899
20501003379	44964
20502161009	157476
20505002149	323712
20505002309	323707
20520199	257514
20525974969	284636
20526001329	94608
20526001589	67724
20526031159	67526
20526033429	173613
20526034099	25878
20526042209	67593
20526051379	25877
20526051409	173580
20526052659	67719
20526130449	94528
20526132849	25899
20526140059	94533
20526702219	193038
20526783119	67642
20526783379	25892
20526785199	25912
20526785229	67550
20526790179	94579
20527015769	173540
20527087599	173564
2053180006469	51145
205368203609	168141
2053920007299	358704
20539304219	118962
20539325269	37504
2053958008299	157689
20539606009	118957
2056616005579	43286
20568009	257490
20569679	185621
20569902249	65026
20593000119	203042
20601000049	345293
20601400269	141201
20601400559	140914
20601401259	141261
20601401549	141513
20601401839	141078
20601401969	141088
20601402089	141461
20601402119	345334
20601402669	140915
20601402829	141244
20601402959	141329
20601403079	141497
20601403239	141298
20601403369	140809
20601403499	140986
20601404199	140904
20601404809	140778
20601404939	141249
20601405349	140881
20601407039	140762
20601407299	141264
20601407329	141235
20601407589	141052
20601407749	141380
20601408029	141141
20601408289	141058
20601408579	141450
20601408609	141448
20601408739	141075
20601410039	141056
20601410749	345355
20601411159	141223
20601411289	140965
20601411319	141172
20601411579	345304
20601411609	345318
20601411739	141341
20601411869	141349
20601412019	141273
20601412149	141203
20601412439	141270
20601412569	141379
20601412699	140840
20601412859	141396
20601412989	141431
20601413399	141150
20601413849	141196
20601414099	141175
20601414129	141261
20601414259	141354
20601414419	141147
20601414549	140863
20601414709	141311
20601414839	141331
20601415089	140837
20601415119	140928
20601415539	141016
20601415669	141216
20601415959	141347
20601416079	345291
20601416109	345313
20601416239	141456
20601416949	141365
20601417069	141037
20601417199	140818
20601417229	140908
20601417359	345295
20601417809	141382
20601418059	140877
20601418189	141230
20601418349	141384
20601418509	140833
20601418639	141456
20601419599	141321
20601419759	140941
20601419889	141019
20601419919	140755
20601420199	140997
20601420359	141467
20601700239	140750
2060401259	141512
20616489	272866
20623449	185625
20633027779	245892
20633100069	245895
20652000609	51741
20652003389	51727
20652007639	51723
20662000019	227275
20662001429	227164
20662002419	227210
20662003539	227326
20662004659	227308
20662005199	227329
20662005359	227346
20662005489	227366
20662005779	227176
20662005809	227294
20662005939	227350
20662006059	227263
20662006059	227357
20662006189	227331
20662006349	227237
20662101259	227246
20662101839	227247
20664459	257500
206700000009	58972
206793000009	58972
206828210359	78936
20685001529	48751
20685001659	48751
20685001659	48778
20685001949	48833
20685002069	48722
20685002199	48833
20685002229	48801
20685002359	48752
20685002359	48766
20685002649	211572
20685003059	48826
20685003059	48828
20685003189	48789
20685003189	48813
20685003479	48797
20685085819	48713
20685185199	48713
20700003019	270219
20700003439	270190
20700007529	270213
20700008519	270221
20700402119	281214
20700402829	281251
20700403819	281217
20700408159	281215
20700411029	281239
20700424029	162746
20700440029	281209
20702489	92715
20709001269	342684
20709001719	342696
20709005809	342617
20709012319	342679
20709100139	342697
207219000009	35966
207226000009	35900
207233000009	35878
207271000009	35929
207299004799	131491
20731069	185415
20731779	185892
207318000009	35749
20731809	230368
20732189	185577
20732219	185794
20732349	185600
207325000009	35765
20733339	185486
20733889	185649
20733919	185701
20734169	185726
20734879	230451
20735092729	344376
20735092729	344376
20735092859	344373
2073509289	344469
20735094129	344322
20735094129	344323
20735094259	344341
20735096369	344427
20735096499	344367
20735096529	344413
20735096659	344406
20735096789	344378
20735096819	344469
20735096949	344321
20735097199	344366
20735097649	344516
20735110119	344327
20735110119	344329
20735110249	344265
20735110249	344265
20735112489	344333
20735112519	344331
20735112779	344425
20735112779	344425
20735112939	344246
20735112939	344280
20735125359	344318
20735159	220652
20735160589	344362
20735161159	344438
20735161159	344439
20735161289	344270
20735161319	344504
20735161319	344505
20735161449	344266
20735161579	344511
20735161609	344410
20735161609	344508
20735161739	344526
20735161739	344528
20735420959	344310
20735420959	344310
20735579	230750
20735609	185806
20736149	230651
20736279	185571
20736569	185845
20736859	185573
20736989	230727
207370000009	35786
20737009	185737
20737139	185893
20737849	230733
20737979	185758
20739669	257511
20740979	185501
20741129	185792
20741259	185505
20741389	185886
20741419	185866
20741549	185904
20742379	185692
20742409	185791
20743239	185643
20743499	185448
20744359	185714
20744649	185467
20749699	185481
20765012339	21361
20765020389	124542
207711546159	247652
2080343007629	182601
208066259	328925
20810358030239	373088
20810358031199	373137
20810358032509	373091
20810358034299	373066
20810358035029	373125
20810358036279	373114
20826101309	92527
20826188829	92523
208320400009	36095
208526800009	35985
20856229	185888
20865399	257509
20865429	230770
20865559	185653
20865849	185903
20866969	185763
20867089	185725
20867409	185876
20871015569	243988
20892029	230756
20893569	185547
20916909	230626
20918179919	182644
209375906799	340148
20988579	265704
20989729	185594
20990879	185578
20991159	9322
21000000289	250596
21000002849	174358
21000007189	65197
21000007349	250538
21000007929	174112
21000008889	345014
21000008919	332536
21000009459	214423
21000013289	40424
21000013869	173774
21000018659	174242
21000024599	173871
21000024629	174301
21000024919	174478
21000025039	174044
21000025879	174184
21000026319	174169
21000026869	174087
21000026999	173771
21000027859	174090
21000029709	174134
21000030279	214428
21000031429	65200
21000031979	174336
21000034789	173899
21000038459	173946
21000040049	349892
21000040049	349926
21000042159	301686
21000043309	214430
21000044429	349910
21000044719	174155
21000045129	349918
21000045129	349919
21000045259	174473
21000045389	173847
21000045839	250571
21000045839	250571
21000046959	324361
21000047079	324339
21000048199	324335
21000048809	174284
21000049219	250615
21000049219	250615
21000049349	174235
21000049479	324360
21000051229	174204
21000051489	173960
21000051939	65182
21000052349	174384
21000053179	174056
21000053759	174129
21000054459	173890
21000054589	349950
21000054619	349898
21000054879	174347
21000054879	174419
21000055159	174374
21000055449	174150
21000055869	109558
21000056699	349915
21000056729	173979
21000056729	173979
21000057139	65228
21000057849	174075
21000058969	174418
21000059249	174157
21000060009	17363
21000060689	65241
21000060689	65241
21000061099	17387
21000062539	58436
21000063109	174334
21000063499	174172
21000064489	173919
21000064489	173920
21000064939	65205
21000065059	174328
21000065639	174227
21000065899	174210
21000067169	174070
21000067299	65232
21000068449	174133
21000068609	65192
21000068739	101073
21000069279	250515
21000069439	174271
21000070459	74736
21000070879	324328
21000070909	324329
21000071159	349870
21000071579	174438
21000072569	173931
21000072569	174276
21000073139	174062
21000073139	174433
21000073399	174175
21000074259	366631
21000074389	10174
21000074419	10175
21000074679	182267
21000074679	182268
21000075379	101055
21000075409	65233
21000076239	65255
21000076529	33432
21000076949	174359
21000076949	174359
21000080649	174056
21000081479	174337
21000081899	174409
21000121649	40431
21000301959	40407
21000301959	40411
21000600939	173928
21000601509	174236
21000602599	174423
21000604739	174212
21000608409	174279
21000611669	349933
21000612239	250547
21000612239	250581
21000616909	349915
21000617289	174239
21000619849	250588
21000619849	250588
21000633609	173781
21000642199	173907
21000642779	173915
21000644469	173862
21000654789	174045
21000654789	174253
21000655489	174056
21000671489	173953
21000671489	174189
21000679379	173800
21000778539	174068
21002010309	59395
210093905759	371116
21028019	250596
21054470199	373635
21054600169	346665
21054650119	346705
21054680079	373626
210611112379	171377
21065000019	315483
21065000149	315485
21065000309	315491
21065000309	315491
21065000569	315470
21065000729	315467
21100013219	78869
21100825119	78870
21110210219	202537
21110432659	202528
21110979109	202547
21130001859	259219
21130006229	297549
21130006519	297549
21130008049	297558
21130008469	298292
21130009169	297558
21130016549	296225
21130031559	191984
21130032259	191742
21130032389	191648
21130035779	191750
21130043149	191926
21130043699	191888
21130043729	191939
21130043989	191866
21130044009	191937
21130045679	259187
21130045709	191902
21130045839	295548
21130046959	191797
21130047079	191873
21130047109	191992
21130047499	191654
21130047529	191771
21130047659	191761
21130047789	191766
21130048199	296221
21130048229	191817
21130048359	191943
21130048519	191692
21130048649	191777
21130048779	191798
21130048809	191655
21130048939	191792
21130049189	298464
21130049479	191789
21130049509	191872
21130065509	295449
21130066889	295414
21130067879	297828
21130068159	295489
21130069569	295371
21130070169	191624
21130070299	191705
21130070619	348844
21130070909	191725
21130071029	191705
21130071289	191745
21130071319	191852
21130072699	295926
21130072859	295819
21130073009	191886
21130073979	191836
21130074419	191689
21130074969	191728
21130075089	191915
21130075799	191885
21130075829	191650
21130075959	191861
21130076079	191916
21130076529	191810
21130076659	191706
21130076789	297749
21130078639	191643
21130081059	237655
21130081929	296919
21130083039	191660
21130083169	191707
21130085439	296374
21130085699	280808
21130085729	296027
21130085859	297960
21130087259	298113
21130087389	298609
21130087679	296481
21130088089	296480
21130088249	297848
21130088379	297878
21130088539	297980
21130089109	297957
21130089499	297385
21130090099	295986
21130090129	296007
21130090679	298541
21130090839	296883
21130091379	348826
21130091539	297655
21130091829	297227
21130092079	296750
21130092109	298285
21130092789	280897
21130092819	191951
21130093199	296099
21130095209	191947
21130095339	297784
21130095889	297629
21130097999	298604
21130098149	259252
21130098279	298482
21130098309	298480
21130098439	259236
21130098569	191854
21130098699	296923
21130098729	298582
21130098859	297638
21130098989	297093
21130099009	297656
21130099139	296144
21130099399	297958
21130099429	296409
21130099689	297339
21130100569	298753
21130100699	296600
21130100989	295521
21130101009	297423
21130101399	295505
21130101559	280858
21130104109	297742
21130104239	298469
21130104369	297492
21130108459	297741
21130109159	297186
21130110889	296331
21130110919	296865
21130111619	297390
21130111879	296604
21130111909	297733
21130112609	297064
21130115129	296273
21130116379	298143
21130116959	295978
21130117529	298527
21130117819	280905
21130118809	332867
21130119059	298332
21130119349	298430
21130119479	297002
21130119509	296591
21130119639	297016
21130119769	297673
21130119899	297698
21130119929	298643
21130120079	296209
21130120239	298224
21130120499	242476
21130120529	297193
21130120819	297075
21130121199	296701
21130121229	296540
21130121489	296259
21130121519	297888
21130121649	297639
21130122929	353539
21130123179	353557
21130125289	353556
21130125319	353550
21130125449	353626
21130126279	353541
21130126439	353618
21130127269	297979
21130127429	298306
21130127559	353592
21130127689	295450
21130128129	296614
21130128709	297677
21130128839	295937
21130128969	295934
21130129379	295816
21130132249	353549
21130132959	307175
21130133109	297441
21130133369	298299
21130133529	298532
21130133819	296544
21130135059	307177
21130135349	297228
21130136759	295574
21130136919	297649
21130137169	295481
21130137299	298207
21130138319	296881
21130139279	298281
21130139309	296439
21130140749	259262
21130141869	298599
21130141999	298209
21130142019	296468
21130142279	298261
21130142309	259192
21130143269	296388
21130143399	353633
21130143429	353642
21130144839	297288
21130145379	297438
21130145409	191797
21130145799	296777
21130145829	296306
21130146819	298409
21130146949	297454
21130147489	295932
21130148059	297438
21130148769	295712
21130149759	296445
21130149889	297143
21130151219	348834
21130152049	297996
21130152179	81840
21130152209	81837
21130152469	295638
21130152629	295804
21130152759	298372
21130152889	296823
21130153039	259239
21130153169	297845
21130153459	297815
21130153909	297816
21130154869	159226
21130154999	295429
21130155729	295435
21130157839	295531
21130158409	295783
21130158669	297375
21130159109	298776
21130159369	297330
21130159499	295635
21130159529	296261
21130159949	295654
21130160259	297775
21130160839	298058
21130161089	259236
21130161119	297670
21130162949	298019
21130163489	296237
21130164189	296679
21130164929	298669
21130165179	298276
21130166299	297957
21130167319	296709
21130168439	297102
21130170289	295446
21130172429	353531
21130172719	295643
21130173839	297538
21130174799	297466
21130174829	191684
21130176199	298517
21130180479	297241
21130181599	296131
21130182589	297723
21130183579	297182
21130183609	298549
21130183999	242480
21130184309	296205
21130184569	297242
21130184859	297159
21130185399	242479
21130185849	296452
21130186099	297630
21130187089	298268
21130187379	297657
21130188109	298072
21130190829	353571
21130191239	297671
21130191499	297832
21130193639	298118
21130193769	295712
21130195169	297574
21130195749	297831
21130196029	298634
21130197019	295379
21130197149	298257
21130197279	296825
21130197309	296879
21130198399	296944
21130198429	297647
21130198849	297014
21130199129	296178
21130199259	297808
21130199389	191696
21130199549	297912
21130199679	297109
21130206339	298529
21130206629	297224
21130206889	296968
21130206919	296175
21130207299	297126
21130208029	295504
21130208159	295465
21130214389	295965
21130214709	297130
21130233649	297404
21130240449	280817
21130241699	280832
21130241989	298509
21130242559	295314
21130242689	297756
21130242719	296935
21130242979	297494
21130243129	297498
21130250059	297034
21130250219	280878
21130250509	297034
21130250639	297032
21130250769	348896
21130250899	297152
21130250929	348875
21130252169	296766
21130252299	296848
21130252329	296510
21130252459	297667
21130252589	296505
21130252619	298747
21130252749	297162
21130252879	297798
21130252909	298515
21130253029	298385
21130254279	297545
21130254309	297457
21130254569	280803
21130255009	296780
21130255269	297499
21130256099	298027
21130256129	298030
21130256839	297345
21130265619	348870
21130266289	296577
21130270859	348850
21130270989	348894
21130282609	280735
21130282869	297788
21130283439	297726
21130283729	295991
21130283859	296707
21130283989	295693
21130284009	295939
21130284429	296013
21130285389	295777
21130285709	295834
21130286669	348886
21130286959	295927
21130290529	297965
21130290659	297315
21130291809	332851
21130292219	280886
21130293049	298086
21130293759	297688
21130293889	296344
21130294299	298525
21130294329	298403
21130294459	298140
21130294589	332845
21130294619	298125
21130294909	297446
21130295029	332852
21130295289	297786
21130295319	296345
21130295869	298562
21130299539	298737
21130299829	297401
21130300099	298631
21130300129	297336
21130302109	296312
21130302659	298059
21130303199	296730
21130303359	307165
21130303779	296579
21130304639	307168
21130305599	280891
21130306909	297818
21130307159	297450
21130308439	297620
21130308569	297369
21130308989	348889
21130309009	348814
21130309399	297329
21130309849	297659
21130310609	156635
21130310739	156633
21130311859	297706
21130312559	297198
21130313099	296831
21130313389	296821
21130313549	297424
21130314089	296692
21130314119	296203
21130316809	353540
21130317059	298085
21130320219	298435
21130320349	296074
21130320509	298575
21130321179	296289
21130322589	297301
21130322619	297216
21130322879	191849
21130323029	280777
21130323289	297019
21130323319	297544
21130324699	297592
21130325269	298732
21130325399	296943
21130328109	297540
21130328239	259199
21130330119	191674
21130330249	296675
21130331239	297080
21130332199	297898
21130333219	296849
21130334179	280817
21130334209	298303
21130334469	270975
21130334599	307167
21130334759	296243
21130335169	298398
21130335459	296715
21130337019	296063
21130337439	295787
21130337569	295671
21130337699	298468
21130338139	297035
21130338269	297601
21130340149	297518
21130341009	296901
21130356119	298267
21130370979	295973
21130372089	296638
21130372119	296090
21130372249	297699
21130372379	297377
21130372409	297696
21130382149	296026
21130382309	298314
21130384969	297029
21130385119	297353
21130404179	296676
21130404339	297380
21130405039	296651
21130405169	296991
21130409259	191976
21130418909	297317
21130419159	295822
21130455249	297088
21130455539	298591
21130455799	296769
21130460519	296677
21130461349	298207
21130461479	296527
21130461899	296778
21130462599	296426
21130462629	298378
21130465279	297805
21130465309	297505
21130465439	296149
21130466559	296710
21130466719	295865
21130470099	297418
21130470129	298067
21130473069	298426
21130473359	298750
21130473489	280798
21130473519	297410
21130473649	296004
21130474929	259226
21130477579	298339
21130478989	297360
21130479139	297364
21130479559	298105
21130479719	296851
21130480579	296950
21130480739	280815
21130480869	297765
21130481019	297406
21130492039	298514
21130493449	297562
21130493609	298096
21130493869	297582
21130494279	297602
21130494729	298504
21130494859	297685
21130494989	298681
21130495009	298491
21130495719	295641
21130496129	297572
21130496969	297587
21130501359	297469
21130501649	296590
21130501779	297474
21130501809	296076
21130502059	296975
21130502349	298657
21130502769	298707
21130503179	298694
21130503469	297421
21130505449	297004
21130505739	297003
21130506279	296987
21130512829	296201
21130513369	280819
21130520299	297575
21130520459	297576
21130522019	298448
21130522439	295763
21130530229	298550
21130557899	280805
21130558049	298034
21130558209	296667
21130600489	295943
21130600519	295893
21130702169	295888
21130702299	280748
21130702749	295808
21130981069	295439
21130981359	297138
21130983469	295666
21130984169	280908
21130984459	295694
21130984749	297237
21131000189	198067
21131000189	198168
21131000219	197949
21131000349	198098
21131000349	198137
21131000899	198142
21131002329	197931
21131009359	197898
21131300999	197864
21131301699	197829
21131350369	197976
21131350499	198172
21131350499	198173
21131447779	198003
21131501259	198062
21131501259	198162
21131505769	197900
21131506629	197802
21131506629	197803
21131506759	198113
21131506919	197857
21131506919	197988
21131508029	197921
21131508029	197942
21131509019	197809
21131509149	198102
21131590109	197849
21131590109	197983
21131800369	198034
21131800369	198072
21131905569	197828
21136011579	336665
21136181289	336676
21136181319	336669
21140006059	368034
2114001019	367957
2114001199	367985
2114001329	97743
2114001359	367845
2114001399	368223
2114001479	367939
21140015389	368076
2114001569	367907
21140016539	367857
2114001809	368250
21140019349	368132
21140021489	367850
2114002149	367981
21140021779	368218
21140022509	367991
21140022639	368365
21140022769	368338
21140023049	368221
21140023179	258033
21140023209	258032
21140023469	54773
21140023759	368341
21140023889	368282
21140023919	107556
2114002429	258051
2114002439	367853
2114002469	97746
2114002479	143786
21140024879	368323
21140025029	368122
2114002609	367880
2114002619	368259
21140026279	368062
21140027399	367925
21140027429	367924
21140027559	367893
21140027979	368051
21140028259	368353
21140028389	54776
21140028419	54788
21140029249	165746
21140031549	289406
21140031709	289431
21140031839	289398
21140032409	289274
21140033109	97738
21140033239	289582
21140033499	289526
21140034359	289045
21140034519	97744
21140035059	54779
21140035349	289183
21140035479	258054
21140121769	368348
2114012809	368041
2114012819	368278
21140152299	368172
2114016009	368088
2114016039	367904
21140181879	368002
21140200839	368022
21140209719	367867
2114021279	368347
21140212979	367967
2114026009	368393
2114026119	367873
2114026129	367918
2114029759	367947
21140341969	368009
2114060029	368180
2114060509	368061
21140608239	367923
21140608369	367979
2114060839	367954
21140610829	367884
2114061399	367971
2114061689	367936
2114061699	367926
2114061709	368297
2114079529	368387
2119809	173962
21248101199	234529
21248105029	234544
21248108099	234522
21248165849	234538
21248167829	234531
21248190919	234540
21273100129	130937
21285300579	10127
212991417549	64376
21333000499	91589
21333000659	91235
21333030069	91550
21333050289	91605
21333050609	91585
21333070379	91300
21333070539	91419
21333070829	91254
21333071499	91451
21333090049	91262
21333090179	91562
21333090339	91519
21333090599	91410
21333220729	91316
21333220859	91553
21333222129	91314
21333223409	91456
21333224369	91540
21333226059	91213
21333230469	91379
21333399999	91326
21333400459	91335
21333400879	91344
21333401029	91411
21333410069	91249
21333420389	91453
21333420549	91359
21333440189	91414
21333600019	64134
21333600439	64118
21333601009	91523
21333713009	91219
21333816229	91208
21333820509	91455
21333830539	91284
21333950459	91377
21333951029	91226
21333951289	91471
21333951319	91469
21333980159	91232
21333989039	91400
21333989299	91566
21333991049	91361
21333991179	91547
21333991469	91255
21333991629	91486
21333991889	91423
21333992329	91450
21333992459	91215
213351804559	256183
21357008679	143718
213689038749	171317
2138731465039	9299
21466046579	20714
21487766159	347038
21500000529	182928
21500003049	182928
21500010399	4517
21500010399	4521
21500010429	4526
21500011129	182852
21500011389	182924
21500012249	4525
21500012409	182934
21500013109	182847
21500048019	182892
21500048019	204894
21500203029	182896
21500221009	182864
21500221009	204891
21500800129	172563
2152309	65192
2155239	182957
21600104059	60102
21600105049	59867
21600105629	59821
21600105759	59749
21600105919	60626
21600106299	60296
21600106589	59892
21605016609	253988
21605056759	67849
21613027949	235501
21613027949	235502
2162209	174287
216416012319	58532
2165058609	67850
216965533549	171047
216965826429	170400
217142711019	202283
217164604689	84667
21718412169	142271
21724000169	322010
21724001319	352336
21724601489	352331
21724602899	322002
21724602899	352320
21724603049	352329
21724603339	352324
21724603339	352340
2173409	250511
21739820219	94530
2175009	174245
217526402809	367494
21788506249	190282
21788506959	190257
21788926979	190258
217909908119	70211
2179209	174105
21795220619	137758
218009	341290
2181709	250589
21821141239	246486
218227610449	310544
218324106159	157679
2183309	250603
21834000509	142122
21834020149	142119
21834497569	142115
21834591809	142128
21834593599	142118
21834593629	142105
21834597429	142104
21834598129	142101
2185909	173791
21872811709	217828
21872811839	217830
2187509	250550
218880010839	70162
218978013919	170875
21900068129	335849
21900982029	335854
21900982289	335863
21900982319	335899
21900982319	335905
21900982579	335895
21900982579	335919
21900982609	335910
21900982609	335929
21900982739	335871
2190309	65178
21908104669	111204
21908104669	181371
21908106939	181509
21908108629	50583
21908108629	50658
21908109329	181348
21908109329	181456
21908110769	111119
21908112589	50645
21908114439	50769
21908115269	181449
21908115399	181289
21908115399	181293
21908115399	191556
21908115429	181284
21908115849	181326
21908115849	181332
21908116969	181342
21908120669	181375
21908122779	181326
21908122779	181329
21908123059	50612
21908129419	181416
21908129419	181420
21908130439	50631
21908130439	50739
21908133119	50613
21908133119	50697
21908137179	50678
21908139319	50742
21908236049	50700
21908240329	181494
21908240329	181502
21908244129	191571
21908245379	50640
21908245379	50743
21908246789	50736
21908250069	50717
21908257419	181485
21908286099	50834
21908402529	181469
21908404059	181550
21908407739	50697
21908408019	50687
21908418179	101152
21908423159	181509
21908429939	50694
21908430959	50790
21908438849	50664
21908439839	111051
21908449739	111050
21908453019	181545
21908453149	181548
21908456089	50835
21908459929	181536
21908462929	181533
21908467559	181472
21908475899	101148
21908488219	181432
21908489049	181403
21908490649	181523
21908491769	50764
21908492629	181387
21908495699	181462
21908495729	181449
21908503479	50689
21908503479	50807
21908505299	111055
21908505589	50783
21908505589	50839
21908508269	181526
21908508269	181528
21908508399	111053
21908508979	181394
21908509259	181325
21908509259	181328
21908513829	111213
21908513829	181443
21908632049	50655
21908812359	101172
21908812649	101172
21985220269	122050
22000011879	313266
22000011909	186285
22000012159	238031
22000012739	149252
22000013279	82769
22000013309	238030
22000014139	89898
22000014269	82774
22000015129	313254
22000015259	70967
22000016249	89883
22000017079	370511
22000017369	238036
22000017499	162418
22000018069	238038
22000018199	302951
22000018359	186321
22000018809	313305
22000019189	238027
22000019189	238041
22000019479	162420
22000019509	302916
22000019639	302923
2200001969	313247
22000019899	313199
22000020369	89891
22000020819	302943
22000020949	89877
22000021359	313261
22000021809	186342
22000021939	302923
22000073419	370521
22000076359	238037
22000079299	313251
22000105059	2661
22000109569	370527
22000109729	30394
22000109989	162415
22000111289	89911
22000114839	238039
22000116079	89888
22000121929	2660
22000123169	302923
22000123329	313224
22000123749	238019
22000124029	9682
22000124739	302944
22000125569	186340
22000126719	186314
22000135049	370516
22000135599	89895
22000136299	313274
22000155849	238028
22000159519	89911
22000196439	89902
22000277879	302958
22000279729	302953
22000279859	302923
22000280329	186346
22000280879	313220
22000283979	186345
22000285799	313313
22000287359	302930
22000288479	313223
22000288899	313265
22000289049	313293
22000289599	89885
220098309759	9328
22014250059	25202
22014320509	230032
22045025459	71390
22099902119	321268
221109000009	9035
2211309	313283
22114002329	367735
221317627739	170845
22174016069	46487
221897122259	170532
221897728239	170777
22196000039	59927
22196000879	59913
22198008019	204282
22198008149	204267
22198008439	188979
22198008729	204286
22224006149	322827
22224200769	366768
22224201599	366792
22224211239	366782
22224500579	322834
22224501309	322819
22224507349	79818
222347824969	170643
222354816339	171169
222849024119	171336
22318000039	146560
22343160159	83751
22422700139	205642
22469729049	71348
224819008709	170550
22506003019	310911
22506052109	310873
22506135109	310909
22506180109	310901
22506270169	310845
22506270329	310916
22506800069	310898
22506800069	310913
22518876229	26021
22518896159	366803
22518896609	366799
22531000229	157649
22531502129	157657
22592001319	242655
22592050409	242668
22592446219	242685
22592446349	242675
22592446479	242685
22592446769	242648
22592446899	242665
22592447049	242666
226002303899	336326
22607633269	19060
226321904319	352339
22652240009	246163
22652240399	246171
22655266129	45049
22655303299	45031
22655305729	45013
22655415169	44957
22655715269	44983
22655715399	44958
22655715559	44918
22655715559	44948
22655715719	44948
22655715849	44916
22655718659	44971
22655722519	44945
22655818809	45042
22655829249	45037
22655918189	137851
22712009119	38531
2272979	39654
22783001029	255029
22825200359	184293
22825200779	184302
22825201479	184301
22841568679	186849
22841894709	372729
2284509	89882
22852417119	78887
22929302089	322207
22929302249	322227
229730000009	119795
2297309	9682
229976003499	34181
23000117639	299164
23000271249	306079
23000430769	306075
23000430929	306060
23000437959	306062
23000438109	306087
23000438659	306095
23000965759	41499
23000965759	41504
230033938869	339474
23005001209	347231
23005001209	347235
23005002459	347224
23005002619	347220
23005003029	347212
23012001599	4746
23012001629	4747
23012929879	4751
23012930059	4752
231098425509	170510
23200000229	131277
23204386619	158439
23254667959	131927
232616203999	325418
23278200019	307523
23300400929	20653
23300401209	20650
23300402299	20646
233593751329	170468
233724025909	170388
233724041459	170815
233724735969	64387
233724938919	170838
23384143439	35175
23384155159	90355
23384159119	21180
233841831049	64371
2340000989	366885
23402081309	4219
23402082269	146350
23402084089	146351
234182342539	170463
23457030239	64360
2350000599	366882
23545002599	179018
23545041369	178859
23545041499	178957
23545101049	179036
23545101049	179036
23545103999	178870
23545103999	178871
23545104019	178860
23545104019	178860
23545104729	179002
23545202289	178873
23545202869	179022
23545207239	178944
23545211069	178879
23545212349	178912
23545212479	178901
23545402559	179028
23545402559	179029
23547300419	85321
23547310319	85531
23547400119	214516
23547400539	214516
23604365009	344860
23604703009	344872
23627021029	18688
2362705009	18808
2362708009	18731
2362708029	18779
2362708059	18601
2362719019	18772
23627320689	18798
2362738009	18745
2362741039	18835
2362741059	18675
2362741099	18780
2362741679	18823
23627416849	18758
2362741689	18781
2362742009	18669
2362753179	18805
2362753189	18610
23627550109	18644
2362755069	18644
2362755109	18627
23627560429	18593
23627560689	18590
23627568029	18708
2362759049	135765
23637007419	48379
23637285169	48528
23637410219	48362
23637410769	9476
23637410899	9470
23637410929	9499
23637411049	9479
23637411209	9507
23637413869	65606
23637424049	145651
23637424759	204292
23637425039	323472
23637425909	338496
23637428559	57959
23637461129	7519
23637461389	48519
23637461419	48513
23637469309	48370
23637495469	96021
236509000009	35918
236555909	20605
236592000009	35848
236608000009	36063
2367509	299167
23698100159	373362
23698210179	373363
23700000699	345867
23700003829	324366
23700006189	346039
23700010469	142547
23700014139	345686
23700014139	345874
23700014849	345703
23700018649	345733
23700021939	345871
23700022349	346031
23700022929	345716
23700024299	346045
23700025739	346180
23700025869	346147
23700026019	346136
23700026279	346140
23700026309	346169
23700026439	346153
23700029379	345715
23700030269	345644
23700030849	346150
23700032799	345676
23700034939	345912
23700035349	345676
23700035479	345818
23700035899	223465
23700036209	345811
23700039989	345764
23700042019	345633
23700042859	345706
23700043719	345646
23700043849	345849
23700044099	345867
23700044969	223464
23700045249	346098
23700045959	223463
23700046369	345654
23700046789	345664
23700048059	346037
23700048349	345867
23700048479	345847
23700049469	345830
23700050489	345861
23700050809	345755
23700055859	345993
23700055989	344001
23700057389	345973
23700057839	346012
23700058379	345794
23700058669	345899
23700058799	345845
23700062789	345685
23700078889	313741
23700091499	346088
23700100139	346071
23700102089	346115
23700162229	345578
23700305039	345591
23700317889	345584
23700318909	345603
23700323569	346063
23700330529	345604
23700509789	346081
23700514929	346067
23700526359	345784
23700536709	345585
23700540119	345561
23700546739	345585
23700550279	345756
23700620309	345723
237719511149	170625
23817704039	38350
238479830679	171045
23872100029	196163
23882197699	330717
23882830879	7871
23896138909	255759
23896177939	255701
23896178509	255763
238964005629	335089
23896497709	255736
23896497709	255762
23896576909	255751
23896576909	255763
23896800189	255718
23896800219	255737
23896800219	255745
23896800479	255705
23896800479	255706
23923202009	81920
23923202139	81962
23923206359	81908
23923206939	81958
23923236059	81964
23923300309	81939
23923330139	81954
23923330429	81969
23923333369	81952
23923900769	81961
23926000329	77388
23926100029	77389
23926100319	77389
23926900049	77391
23933009889	75302
23933300139	75587
23933300399	75444
23933301419	75637
23933301679	75565
23933302409	77141
23933450889	104806
23933451329	75333
23933451879	75544
2393350019	89963
23933653389	75466
23933653679	75431
23933653839	75482
23933672489	75576
23933673189	75297
23933678009	75560
23933678139	75492
23933678719	75525
23933686349	75504
23933930619	75632
23933930879	75646
23933930909	75573
23933931029	75378
23933931289	75444
23964782119	286919
23964785059	286917
23968382599	89927
23968382629	89231
239715000009	5327
23991000149	342448
24000001669	73867
24000002239	350158
24000003649	73864
24000011859	73865
24000012139	73620
24000012719	73653
24000013709	73953
24000014089	73655
24000014409	73975
24000015239	73578
24000035589	73869
24000041849	73804
24000044369	63279
24000044369	63279
24000163039	73715
24000163169	73649
24000164739	15745
24000167099	73575
24000167129	73574
24000167259	73829
24000220169	73835
24000221289	81611
24000222439	73694
24000223429	73690
24000228769	63252
24000246589	73696
24000249009	62318
24000249139	73919
24000250029	73895
24000250449	73957
24000250449	73958
24000250609	73949
24000252399	73819
24000252429	73920
24000252689	73761
24000252719	162014
24000252719	162015
24000253839	73768
24000255369	73719
24000256069	324716
24000258209	73751
24000258339	73953
24000322009	62312
24000322009	62328
24000335139	40528
24000355069	63247
24000356769	63261
24000393429	73609
24000394389	63298
24000507369	62323
24000508229	73985
24000510819	78859
24000522539	73604
24000523529	73743
24000523659	73710
24000525189	73972
24000525189	318941
24000525479	73675
24000550389	73617
24000550839	73801
24000554189	73967
24000554349	73765
2400219	54160
240085537439	170755
24011602909	40977
24011603159	40979
24011603609	40993
24011801029	40975
24024169109	69053
240667313499	202238
240810905809	202242
24094014019	72112
24094070749	72100
24094070879	72120
24094070909	72113
24094070909	72114
24094480029	72081
24100001569	54161
24100104819	54194
24100104819	166308
24100109289	54187
24100109319	54189
24100109319	165729
24100109609	54156
24100109609	166257
24100109999	165711
24100110629	54116
24100110629	166243
24100112289	54196
24100113279	54128
24100113279	166245
24100115099	166251
24100115259	54144
24100115549	54159
24100116409	54159
24100116669	54144
24100116669	54144
24100116799	54174
24100117239	165752
24100119219	54186
24100120369	54163
24100122509	54155
24100122639	165725
24100226429	166280
24100248759	320921
24100437979	320954
24100440689	54153
24100459889	54194
24100577309	54181
24100577309	166249
24100594399	54122
24100705719	166303
24100705849	166267
24100794829	166305
24100940219	166228
24105510059	162866
24105581059	162865
24105622059	118666
24105670029	118673
24105780759	118667
24105810159	118672
241129526129	170392
24126008009	98717
24126010279	184998
24126011719	45181
24126012679	45204
24126013249	185066
24126014499	185015
24126015199	45196
24126015649	319463
24126015939	284861
24126016639	137841
24126016899	137843
24126016929	318594
24126017469	185008
24126017599	185047
24126017629	20471
24126017759	185058
24126017889	185033
24126018299	185067
24126018329	185039
2416609	73866
24182000849	82890
24182002249	82871
24182002379	82877
24182002539	82916
24182002959	82971
24182011159	82884
24182013139	82925
24182021059	82937
24182021639	82967
24182029109	82916
24182152739	82900
24182157079	82908
24182206029	82964
24182210569	82897
24182300109	82887
24182491159	82988
24241003149	325226
24284297109	305922
24292007219	51213
24292134199	51227
24292135349	51204
24300012129	79235
24300012259	79217
24300016059	79228
24300017049	79223
24300031199	318660
24300031229	318627
24300031359	318642
24300033049	318630
24300041129	188448
24300041259	188549
24300041679	188621
24300041709	188578
24300042119	188540
24300042669	205281
24300043079	188626
24300043109	188604
24300043659	188655
24300044359	188579
24300044489	188462
24300044649	188449
24300044809	188618
24300044939	188553
24300045059	188631
24300045189	188680
24300045219	188661
24300045349	188651
24300045349	188652
24300045479	188648
24300090059	139421
24300090059	139433
24300735479	318621
24300781049	318631
24300808869	188508
24300835209	188546
24300835469	188625
24300835919	188550
24300837289	188645
24300837869	205283
24300837999	188628
24300865909	188519
24354350109	304925
24354430849	48345
24354820589	48352
24354900199	48329
2436409	73864
24433006309	228968
24433007559	228969
24474002759	250119
24474382509	250117
24497606859	157550
24600010559	216993
24600010849	216996
24600010979	216989
24600011839	216983
24600011969	217136
24600017039	216959
24600017589	216992
24616669	199039
24622511379	248192
24622511669	248199
24622562579	278530
24622562739	278522
24622571069	278531
24627005279	103628
24627005699	98591
246655121589	170849
246655212119	170964
24682005139	143256
24682005719	143136
24682005849	143264
24682008529	143321
24682009939	143258
24731119	199037
24732246529	243831
24732274089	291115
24732282039	324980
24732301419	10632
24739300309	214355
247492013129	170820
247492313779	170821
247496820129	171187
247500622039	171385
247729121429	55769
24804219	340409
24842075019	43856
24842112219	43862
24842251659	43865
24842311209	43866
24842446079	43832
24842751319	43863
24842751319	43864
24842752309	43867
24842752309	43868
2489809	73951
24965859	370233
25000000249	301723
25000013089	143655
25000019289	301628
25000026539	214127
25000026539	214129
25000040689	214220
25000040849	300512
25000040849	301746
25000047459	41008
25000050749	301748
25000051739	301732
25000054259	300490
25000054389	301722
25000061509	214129
25000100369	300471
25000100659	300487
25000100659	301738
25000101489	214106
25000120589	214133
25000120589	214225
25000121159	214229
25000131349	214105
25011113419	30031
25016659	370228
25022150489	84596
2502409	332003
25073005189	223399
25085006259	53267
25105000069	193883
25105000489	193874
2511629	149940
25151749	64404
25153124229	215473
25155000149	74724
25155000279	349944
25155000309	349960
25155000439	74720
25155000439	74753
25155000569	74764
25155000699	145871
25155000729	145866
25155057099	74741
25155057129	74751
251577709159	230396
251579213159	171237
2520609	48412
25225010139	288161
25231008359	253153
25293001039	298839
25293001459	298819
25293001459	299024
25293002289	298892
25293002289	298998
25293002289	298998
25293002319	299018
25293002739	299024
25293002739	299025
25293003019	298877
25293003439	298957
25293003859	298996
25293003989	298806
25293004689	298956
25293600379	298949
25293600409	298939
25315368829	330711
25317005579	13674
25317106009	13707
25317122009	13710
25317157339	13672
25317172349	13672
25317172349	13672
25317176569	13754
25317586009	13739
25317586009	13739
25317605519	13732
25317656009	13771
25317668569	13773
25317771009	13677
25317775229	13762
25317883009	13723
25317886949	13746
25317958509	13687
25325120189	16373
25325120189	16374
25325120219	16367
25325120479	16362
25325120479	16366
25325120769	16368
25335110149	234993
25400000139	17374
25400001549	145467
25400041279	145457
25400041439	145469
25400076349	145468
25444666049	143704
25484006959	222461
25484007109	222475
25484007369	222478
25484007369	222479
25484007499	222443
25484007499	222444
25500205229	98841
255059	340134
255503331339	170601
255505135799	171418
255506628269	170642
255506729119	170647
255506827259	170520
25555009889	353130
25555300849	353108
25555701769	353107
25555800899	347027
25555994659	347013
25555995069	353145
25555995199	353120
25555997179	353177
25583004269	335421
25583005259	335442
25583005419	335446
25583116429	216292
25600000069	326757
25600000359	326735
25600000489	326774
25600001349	326839
25600003329	326919
25600007099	326753
25600007099	326754
25600007549	326874
25600008119	326817
25600085059	326747
25600085059	326747
25600085479	326780
25600085639	326789
25600085929	326794
25600086179	326914
25600086339	326825
25600086469	326696
25600086469	326699
25600086599	326727
25600086599	326727
25600087299	326877
25600089149	326902
25600089309	326894
25600091449	326831
25600091739	326686
25600091739	326687
256218008509	340773
256660820919	341019
25675010079	246464
25675010079	246465
25675015159	246406
25675015289	246401
25675015289	246401
25675015319	246407
25675015319	246461
25675015449	246321
25675015449	246468
25675120099	246409
25675120099	246410
25675120129	246328
25675121089	246416
25675121089	246417
25675122789	250228
25675122819	250186
25675122819	250235
25675123359	246438
25675123359	246439
25675124059	246334
25675124189	246467
25675124219	246332
25675124509	246445
25675125209	302897
25675125339	246455
25675125889	246367
25675125889	246376
25675125919	246305
25675502079	246396
25675843509	142456
25675880559	246301
25713919609	347572
257402106599	334617
2575229	149938
25753028279	197482
25753037219	197513
25758010019	365155
25758395369	190880
25788010799	305750
25800000159	303853
25800000289	303842
25800000319	303856
25800000869	303995
25800000869	303995
25800020119	303871
25800020249	303930
25800020249	303998
25800020409	303916
25800020409	303917
25800023769	145244
25800023769	303986
25800026289	303903
25800026289	303904
25800026609	303888
25800027729	303929
25800028849	303910
25800036769	303931
25800039289	303970
25800039319	303925
25800048069	303882
25800052509	303892
258504206989	147223
258504206989	147243
258508106209	147231
258579	341135
259461409659	340893
2600091739	326683
26065005309	49435
260667512029	339759
26086260589	173533
26086260619	173512
26086260909	173513
26086261289	173536
26086266079	173527
26086266109	173530
26086267489	173531
260951608629	101750
261046403129	339603
26164001189	273093
26200001289	303301
26200002309	303374
26200014739	303345
26200101439	303344
26200101439	303428
26200114019	303400
26200115559	303398
26200117409	303304
26200117669	303300
26200117669	303340
26200117799	303342
26200117799	303351
26200140599	303394
26200140889	303395
26200141619	303267
26200141619	303375
26200144399	303298
26200144429	303297
26200144849	303345
26200144849	303444
26200144979	71239
26200171289	303265
26200171289	303336
26200171319	303336
26200171319	303337
26200171999	303383
26200173009	303487
26200230559	303314
26200231129	12135
26200231129	12143
26200238999	71247
26200444239	303399
26200460789	71290
26200461359	71280
26200461939	71252
26200471389	12142
26200471389	12144
26200471709	12152
26200493039	303345
26200494609	12140
26200623689	303398
26200636009	248180
26200636009	248184
26200762319	303416
26395760169	187034
2639576019	187038
26396502089	290117
26396909109	192192
26396909109	290119
26400124009	70899
26400126119	70845
26400128069	70897
26400163909	70872
26400223009	70928
26400227809	70884
26400232209	70855
26400275619	70847
26400289319	70842
26400310709	70861
26400417569	70841
26400417989	70874
26400418009	70910
26400440949	70933
26400441229	70883
26400805359	70902
26400895329	70895
26419080419	97955
264198703109	316063
264228703499	316059
26426470349	316098
264624708319	341278
265295000009	33544
26542014459	294786
26542056039	294774
26542056299	294839
26542056329	294832
26542057289	294799
26542058569	294805
26542058989	294818
26542059009	294820
26542059399	294865
26542083219	330181
26542084209	294760
26542085169	294873
26542090309	294854
26542120129	294800
26542120679	294830
26542401419	294758
26542452169	294796
26605111279	195773
26605111309	195772
26609064069	171323
26625000379	304552
26625000409	304551
26638212509	134620
26638220009	134673
26638227619	134656
26638229569	134661
26638262009	134629
26638262009	134629
26638267059	134664
26638269909	134657
26662111489	63904
26662112349	63895
26662112479	63830
26662112509	63866
26662125929	63836
26662504069	63880
26662523169	63860
26662523329	63859
26662551889	63897
26662752569	63875
26662753269	63834
26700111099	143812
26700129049	71719
26700129179	71794
26700151859	190367
26700156649	319692
26700156779	118687
26700156809	118684
26700159329	21773
26700171239	71792
26700191879	71888
26700193439	71841
26800001269	10490
26800002129	10481
26825004009	115258
26825006119	115214
26825006379	115245
26825006799	115212
26825007109	115243
26825007529	115206
26825008519	115257
26825008939	115220
26825008939	115221
26825009349	115226
26825018549	115217
26825090149	112440
26825090309	112437
26825090309	112460
26825090989	112479
26825091009	112476
26825091009	112480
26875103349	170344
26875126119	170333
26875126119	170333
26875130109	170359
26875134329	170340
26875134329	170342
26875150039	170341
26883220229	268221
26883220359	268205
26883220359	268206
26883220519	268227
26883221059	268154
26883221059	268222
26883221349	268169
26883221509	268155
26883223299	268147
26883223299	268212
26883233069	268233
26883235049	268156
26883235049	268225
26883237609	268144
26883237609	268210
26883264209	268183
26883266319	268223
26883266609	268146
26913145539	189493
26938125349	369800
26938736439	369949
26956010719	299266
26971500189	104140
27000001059	149813
27000001059	149914
27000001899	149754
27000001899	149796
27000002179	305277
27000002209	12214
27000002629	149758
27000008379	34486
27000011119	149914
27000082669	240015
27000101339	305246
27000102329	50142
27000118009	159440
27000118009	159441
27000119709	159434
27000179659	323809
27000181799	149746
27000181799	149792
27000220009	159427
27000310069	98346
27000311479	98337
27000311509	245942
27000311509	245949
27000372319	239924
27000372449	239955
27000380109	149854
27000380109	149925
27000380499	149748
27000380499	149863
27000380659	12206
27000382349	149901
27000383339	149801
27000385609	149736
27000388419	149870
27000388679	12209
27000388679	12210
27000388709	12228
27000389409	149865
27000391259	62862
27000411209	305241
27000412619	305257
27000419069	305179
27000419199	305287
27000419229	305256
27000419229	305258
27000419359	305221
27000419939	305229
27000419939	305268
27000420409	305224
27000442289	196824
27000442289	196829
27000480359	239950
27000480809	239955
27000482049	239949
27000485859	239937
27000486009	239967
27000486399	239914
27000487419	239932
27000487679	239933
27000487709	239936
27000490129	239947
27000490259	239950
27000490259	239974
27000500019	149856
27000500149	149822
27000500439	149875
27000520079	239946
27000523049	239914
27000523209	240013
27000523889	240022
27000588239	62887
27000588239	239952
27000607169	240000
27000607169	240001
27000608999	149733
27000608999	149814
27000609019	149820
27000623169	239939
27000690659	362197
27000737309	362214
27000823279	239919
27000823309	240035
27000892329	239954
27000992319	240027
27018104209	119386
27018105039	119392
27018105039	119393
27018301349	119402
270476714309	170674
27064570119	224462
27064571079	224457
27086044339	78261
27086248829	78254
27086816479	83838
27086828359	78246
27154305249	67899
27154370889	67912
27164319199	362642
27164319359	362663
27164320799	362654
27164322519	138612
27164322939	362641
27164325299	313328
27164326609	362662
27182125659	345701
27182516549	345922
27182551519	256073
27182554299	153352
27182558839	153356
27182562379	344003
27182563819	345626
27182565509	153355
27182565899	346122
27182575799	345565
27182726979	346015
27199002639	102922
27199006149	20987
27241588159	243468
27241714039	243413
27246100189	157475
27246101049	157471
27246101179	157461
27246101209	95629
27246102299	157462
27271103049	40808
27271118289	40819
27271121289	40798
27271121319	40820
27271121449	40793
27271642289	40807
27300100179	88942
27300100179	88942
27300180539	92252
27300902179	92255
27328910019	232675
27331000189	178073
27331000509	350265
27331006259	350267
27331020309	235104
27331023119	235114
27331025809	178088
27331025809	178089
27331032029	235140
27331032289	178060
27331033149	235106
27393014209	116099
27400000409	64684
27400103209	64679
27400264979	64673
27400366789	64693
27400800269	64681
274036507639	340062
274038005379	339742
27466001259	54436
27500095329	146348
27500095589	15572
27502200509	227383
275104503539	167897
275303404729	168046
275609509999	340683
27568005209	342893
27568009009	342917
27568009009	342985
27568018049	342972
27568018049	342973
27568021629	244076
27568023029	342844
27568023029	342971
27568025979	342957
27568025979	342957
27568028079	342815
27568031109	342941
27568031109	342941
27568032069	342905
27568033059	342908
27568033059	342908
27568033349	342943
27568033509	342963
27568033509	343039
27568033639	343026
27568049449	342901
27568049449	343036
27568060369	342833
27568060369	342834
27568060529	342854
27568061229	342832
27568061229	342832
27568080459	342921
27568095309	342851
27568095309	342851
27700679039	218508
27700679039	218513
27800053319	217305
27800053739	164761
27800061789	217293
27800065589	164672
27800065589	164768
27800065619	164687
27800065619	164703
27800072679	217286
27800072679	217308
27800072709	217301
27800100129	165490
27800100259	217305
27800100389	165493
27800100549	217303
27800101829	164697
27800103359	164771
27815000629	197525
27815002289	82695
27815002319	82683
27815002319	82725
27815003149	82733
27815003279	82713
27815003439	16138
27815020009	197534
27815020139	16157
27815118379	82694
27815179929	139301
27815221499	16156
27815255159	82711
27815300569	82730
27815301009	82708
27815411029	197527
27815597099	51606
27815660069	16134
278215007149	339587
278215009679	339585
27847500609	220739
27882016509	167373
27894013749	193784
27900000459	160098
27958142309	182306
27958143009	182299
27958211029	182311
27958212019	182299
28000003029	226851
28000005429	66558
28000008239	162464
28000016579	3798
28000033279	335591
28000081409	119039
28000081409	119041
28000089009	226813
28000109059	194622
28000117849	302548
28000130039	45080
28000130879	226698
28000136789	49836
28000193379	226728
28000203139	194626
28000203139	194655
28000207939	66528
28000210199	66544
28000222109	335688
28000245009	226715
28000245009	226715
28000246129	45133
28000247959	194601
28000247959	194603
28000250539	302577
28000253059	45128
28000295059	162492
28000301859	45127
28000305949	335685
28000312169	226873
28000345679	179086
28000366049	45093
28000370299	119041
28000372859	45127
28000374679	66530
28000384159	226799
28000414689	66531
28000442439	228960
28000453169	3812
28000453879	226724
28000457679	226709
28000469689	45080
28000469719	228761
28000471019	3804
28000476359	45093
28000483159	226784
28000511159	194584
28000517809	179734
28000517809	179734
28000547899	335693
28000550509	119041
28000552589	3803
28000579159	226687
28000581749	335692
28000581749	335692
28000583159	18
28000605339	53145
28000613549	3802
28000613549	3811
28000637309	335681
28000654719	335677
28000660659	179079
28000696719	194633
28000714659	335603
28000722999	335618
28000785529	179104
28000791179	45137
28000836139	226708
28000861469	226708
28000867379	45099
28000877439	302580
28000884499	233571
28000895969	317219
28000922269	179060
28000989699	66550
28000998509	194607
2802109	265744
28029170689	342350
28029183009	233221
28029204339	342373
28029208399	155848
28029215359	342114
28029252439	342330
28029369519	342363
28042002929	111706
280499914549	340238
28093001209	157973
28100419829	217281
281087317599	339497
281293611559	340749
28165000369	22896
28189000079	138162
28189628709	138162
28189750189	138154
28190001119	161354
2819109	302566
282321013079	340919
28239000189	138677
28239006129	138685
28239008109	138676
282495702229	22756
28293022059	41081
28293071019	352887
28293111029	41070
28293972019	41084
28300000339	290841
28300002739	290779
28300002869	290819
28300003309	290828
28300005419	290793
28300030329	290837
28300041769	290817
28300076549	290812
28300199989	60044
2830209	45140
2833019	170667
28346094019	196644
28348900899	130969
28364123609	257763
28364123609	257763
28364202649	257764
28364213409	257786
28364216769	180082
28364320039	257772
28364320039	257773
28364326079	257782
28382001309	160157
28387600019	108957
283882126079	339604
28400000789	106618
28400001809	339069
28400001939	183399
28400003599	303737
28400003919	183467
28400005739	275331
28400009799	78454
28400012089	278632
28400013079	275332
28400013949	311486
28400017169	278640
28400017299	78506
28400017299	78506
28400017459	339035
28400021869	275337
28400025409	54075
28400026659	183477
28400028189	53990
28400029049	183340
28400034029	231640
28400035729	219441
28400037709	20510
28400041119	54954
28400043809	183396
28400043809	183396
28400045339	183418
28400047739	339044
28400052979	78524
28400055109	183379
28400057059	203533
28400063999	339036
28400065979	318753
28400065979	318779
28400066129	78480
28400067409	339017
28400069809	303741
28400070089	203982
28400070959	183478
28400071659	54078
28400071789	78537
28400076739	338985
28400077699	183406
28400078269	78509
28400080729	183457
28400080859	183317
28400085359	275302
28400090179	278584
28400090759	53980
28400093729	106557
28400093989	231643
28400095969	78520
28400097109	183336
28400097529	318758
28400097659	78506
28400105859	53978
28400106139	270184
28400107419	270176
28400110839	106593
28400110969	183290
28400111829	278641
28400115629	219446
28400119719	275327
28400135559	183502
28400135849	183320
28400135979	183271
28400146739	106589
28400149709	183500
28400149969	183518
28400151849	278580
28400152709	54979
28400152969	78517
28400154659	106524
28400156929	78559
28400159609	278582
28400160209	183509
28400160889	183299
28400161909	183257
28400165419	278612
28400165679	54961
28400167789	183245
28400168779	214755
28400174459	53949
28400175289	183479
28400175449	54019
28400177559	278669
28400178259	275318
28400179409	53946
28400184779	278631
28400190619	108867
28400197939	278576
28400203029	278654
28400208789	183251
28400209779	278613
28400216159	183521
28400217279	303723
28400217699	233504
28400221429	214757
28400222259	345022
28400228299	318768
28400231039	20508
28400231589	303701
28400231879	275326
28400232029	231661
28400235259	312772
28400239059	275325
28400240529	106596
28400248099	270171
28400277099	54009
28400278379	338989
28400284769	78473
28400287449	78474
28400288989	214752
28400289979	270186
28400291309	278579
28400293129	214751
28400300339	54096
28400300629	183392
28400300759	78427
28400306959	183472
28400314039	106593
28400314039	106627
28400318389	65267
28400320559	106533
28400320849	106544
28400323819	183302
28400324069	183282
28400324489	278615
28400325059	78506
28400327299	106591
28400331609	107855
28400332729	311483
28400334419	78527
28400335799	78594
28400335829	78580
28400338189	233509
28400344739	108897
28400345279	53947
28400349369	53970
28400355599	183220
28400355629	183370
28400356169	53992
28400360999	275319
28400365239	303704
28400372169	183473
28400385879	183425
28400409049	53950
28400415309	78598
28400420549	183256
28400420679	183460
28400420709	183401
28400421799	183400
28400422109	183404
28400424639	183515
28400431439	278580
28400437899	303738
28400437929	280439
28400437929	280439
28400449779	231656
28400491419	78453
28400515009	183249
28400517799	78509
28400517829	339069
28400524599	20486
28400547369	219431
28400563819	107865
28400564649	312751
28400576819	16720
28400577809	65277
28400580069	339069
28400580199	53968
28400585149	338997
28400586559	231635
28400589239	338965
28400589239	339061
28400589659	106612
28400594189	312739
28400594639	106592
28400597319	338961
28400598149	183442
28400598279	78588
28400601269	203532
28400603539	183441
28400607339	312770
28400607629	54990
28400608879	54984
28400610209	183204
28400613699	53946
28400613989	107864
28400614009	54976
28400616119	183432
28400616829	20494
28400620789	154625
28400620819	154626
28400624459	183409
28400628419	54091
28400631389	275321
28400632829	183262
28400634489	183516
28400634519	278615
28400635769	78525
28400638159	53947
28400640299	303751
28400643719	339032
28400645249	183220
28400647809	183408
28400648219	183337
28400648769	53967
28400655019	106559
28400659789	278606
28400659819	303738
28400665179	339069
28400666909	183494
28400668699	275311
28400668729	339015
28400670159	222888
28400670319	339071
28400670579	78478
28400680189	78607
28400680769	78421
28400681759	183226
28400682749	183249
28400683289	78582
28400683739	278659
28400683739	278660
28400685269	183390
28400687539	303710
28400688949	53939
28400690669	183465
28400690799	183254
28400690799	183254
28400691109	54023
28400697989	78440
28400698139	78447
28400699129	78576
28400702829	278661
28400705639	20495
28400706469	106543
28400706599	78504
28400707459	54019
28400708609	231638
28400708609	231639
28400710169	54957
28400712439	54038
28400712989	156969
28400713009	157102
28400713269	339022
28400714099	339041
28400714419	222887
28400714419	222888
28400718349	312752
28400718349	312752
28400719629	278609
28400720199	183479
28400720229	278583
28400720359	106591
28400720359	106591
28400723299	278658
28400723299	278659
28400724739	183270
28400726429	219454
28400726429	219454
28400726979	278648
28400729819	183239
28400730099	339065
28400730679	78500
28435310129	77275
28435381259	171980
28435398769	171969
28435398899	351539
28435398929	351536
28435399049	171981
28435399209	43208
28435399339	351538
28435399599	351533
28435399629	351533
28435600299	43210
28435600329	43208
28498120109	330196
28500100259	192243
28500100259	192244
28500102529	192276
28500102659	192283
28500107029	192242
28500110159	172592
28500310009	192227
2854209	226803
28554111539	321175
28571000649	181835
28571004159	321756
28571004159	321756
28571006399	350981
28571200049	350980
28571200049	350987
286340105609	162069
28672747689	197519
28674308369	260565
28674337369	260558
28674351259	260557
28674353079	260570
28674353109	260560
28674353239	260560
28674375019	260555
28674930409	260569
28674930539	260559
28700045589	341836
28700045619	341835
28700051429	341838
28700113059	341829
28700147429	341869
28700157589	341850
28700346709	341850
28700347799	341850
28700350539	341885
28704446009	253513
2871479	274121
28743014269	232386
28743015709	232391
28744011649	271015
28744015159	271023
28744019089	270999
28744201019	323524
28744301009	271028
28744544109	159279
28744546479	159269
28744546509	159285
28744547339	159192
28744548039	159227
28744722149	271005
28749090779	230542
28749131939	230539
28749132059	12468
28749174639	49548
28749448709	12470
28749453079	49531
28749500179	335300
28749587859	259127
28764000449	68799
28764001279	282726
28800103219	134438
28800126119	134440
28800129899	134371
28800145929	134394
28800146179	134337
28800146469	134371
28800165019	134351
28800277439	134428
28800278009	134447
28800290629	134483
28800290919	134473
28800290919	134496
28800291619	134362
28800293019	134352
28800293019	134452
28800293859	134363
28800293989	134330
28800294139	134382
28800294139	134457
28800610519	134446
28800610519	134485
2880103189	134437
28833120009	9707
28833170509	9704
28835556059	255565
28989023209	370309
28989100139	216753
28989100689	216791
28989100689	216866
28989100849	216799
28989100849	216880
28989101259	165473
28989101549	165464
28989101839	165460
28989102539	216807
28989102799	216892
28989102829	216894
28989102829	216895
28989103239	155020
28989103239	216818
28989103659	216827
28989103789	216746
28989103789	216783
28989104199	216889
28989104199	216890
28989104519	216747
28989104779	216758
28989104779	216832
28989105479	216790
28989479419	216766
28989573889	216891
28989759849	216817
28989975409	216778
29000000599	253788
29000002159	83221
29000008229	34489
29000010499	253913
29000012639	253915
29000015449	253747
29000016149	253790
29000016569	253805
29000016699	221118
29000016699	253786
29000017269	253794
29000018099	253677
29000018129	253729
29000018709	253816
29000018709	253911
29000019089	253882
29000019829	253777
29000020009	253865
29000020559	253862
29000020979	253777
29000020979	253777
29000021389	253894
29000021549	253895
29000021839	253771
29000021839	253838
29000021969	253747
29000022119	253870
29000023789	253795
29000024069	253718
29000024519	253743
29000024809	155835
29000025479	253743
29000025509	253856
29000025899	253884
29000025929	253830
29000027299	253684
29000074149	253912
29000074149	253913
29000075399	253776
29000075689	253866
29000076969	253777
29000078079	253877
29000078789	253824
29126184449	78756
29126502229	78749
29200001129	219076
29200001679	219117
29200001709	219073
29200002249	219131
29200003079	219111
29200003529	219098
29200007039	219129
29200908169	219085
29222219489	17139
29222920149	16922
29222920149	16930
29243000059	179929
29243005009	179915
29319716129	4111
29341000449	67499
29341001149	67675
29341001569	67596
29341001989	67507
29341002139	67503
29341002269	67513
29341007929	67668
29341008469	67516
29341009459	67485
29341009619	67580
29341010929	67473
29358800209	282471
29394890189	73272
29405025289	249791
29405037169	249788
29405038029	219007
29517210689	226701
29519215859	71531
29519217549	46581
29519217709	46555
29519218409	73258
29519223519	46568
29519224189	358229
29519231989	71553
29519232139	358242
29519235079	46573
29519238179	226344
29519240929	46549
29519241049	46577
29519242329	95907
29519245849	71538
295430010419	781
29568100809	194681
29599000369	196236
29599002639	196237
29606180039	124707
29700001469	153696
29700001629	153718
29700011109	153749
29700011789	153723
29700012809	153702
29700021269	153758
29700021429	153759
29700331429	153759
29700531379	153692
29714170809	238081
29714440179	238087
29714811269	238060
29714939109	238083
29737000039	290479
29737002279	290465
29737005089	290512
29737022239	290458
29737210209	290511
29737505039	363387
29737537139	290520
29737547039	290510
29741497139	268313
29796570689	85430
29796590519	85428
29800410529	169649
29800418129	57907
29806018279	148488
2982209	34472
29839000159	106183
29839004799	106291
29839006809	106246
29839006809	106319
29839008919	106312
29839008919	106312
29839100019	106194
29839100019	106194
29839401789	106303
29839401789	106338
29839403509	106186
29839403509	106299
29839404919	106182
29839700189	106170
29839700219	106309
29839700349	106281
29839700479	106176
29839700479	106177
29839700509	106388
29839700639	106398
298648510269	341081
29882186749	187
29988361279	64597
30000001189	219404
30000002179	264124
30000003039	49065
30000004289	138935
30000007679	264128
30000009109	219360
30000010129	219372
30000012109	264407
30000030509	264621
30000030509	264622
30000036709	17995
30000036709	18045
30000042809	18027
30000042809	18029
30000044209	264284
30000055809	18040
30000055809	18046
30000059609	18022
30000061909	264463
30000063019	49004
30000064429	264252
30000064429	264371
30000065679	48974
30000066409	264391
30000150269	264351
30000169209	264092
30000169919	264309
30000311219	264427
30000311479	264236
30000311639	264170
30000311769	264427
30000311769	264427
30000312629	264088
30000313459	264315
30000314739	264516
30000315149	264164
30000315279	264270
30000315699	264072
30000315989	264459
30000316009	264320
30000316139	17977
30000316849	264304
30000316979	264025
30000316979	264038
30000317969	264500
30000318959	264616
30000319659	264095
30000319789	264519
30000320549	48984
30000321089	264460
30000321379	264057
30000321409	264158
30000322499	264251
30000450109	264108
30000450529	264154
30000560129	264480
30000560839	264608
30000561089	264046
30000561119	264037
30000561829	155255
30000562109	264065
30000562239	49033
30000562369	49065
30000562499	49016
30000562529	264600
30000562529	264600
30000562819	264433
30000563199	264069
30000563489	264099
30000564059	264040
30000564479	264393
30000564929	264065
30000565599	264579
30000565919	264226
30000566169	264333
30000566299	264484
30000566879	49040
30000567159	264606
30000567289	264341
30000567319	264406
30000568309	264330
30000568569	264327
30000568859	264521
30000569559	264274
30000570289	264345
30000570999	138932
30000571439	49024
30000571859	264192
30000572139	49032
30000572399	264397
30000572429	264542
30000572559	144969
30000572689	49022
30000572719	138956
30000572979	264134
30000573419	264133
30000573709	247399
30000573839	247415
300005740919	247396
30000574409	144969
30000575109	144965
30000575529	48999
30000575789	49061
30000576519	264159
30000576519	264160
30000576649	49015
30000576809	264158
30000576809	264158
30000576939	264575
30000576939	264582
30000577219	264597
3000059609	18022
30000623619	247410
30000623619	247410
30000636909	247402
30000652909	247374
30000658109	247409
30000659809	247410
30004313639	155250
300258901099	222890
300258901549	86680
300258901969	86674
300258902089	86686
30030100506899	165935
30034000189	113535
30034000219	113536
30034000929	112888
3003400099	113526
30034002169	115044
3003400219	113823
3003400229	113839
3003400309	113844
30034003289	115063
30034005009	113545
30034005269	114595
30034005559	114355
3003400559	114519
3003400659	114620
30034006679	112922
30034007249	113564
3003400749	113385
30034007539	113334
3003400879	113985
3003400929	115097
30034009359	114101
30034009519	114873
30034009649	112889
30034009939	114402
30034010119	113867
30034010249	114881
30034010959	114803
30034011819	113684
30034013059	113200
3003401329	114348
30034013349	114053
30034013899	113944
30034014179	113122
3003401439	115078
30034014469	113484
30034016319	114635
30034018429	113210
30034021979	115106
30034026899	114878
30034026929	113439
30034027049	114106
30034027209	113053
30034027339	114178
30034027469	114164
3003402759	114541
3003402769	113485
30034028299	114913
3003402879	114587
3003402889	113832
3003402999	115095
30034031169	113399
30034033729	113546
30034033859	114164
3003403389	113933
3003403399	113109
3003403629	114304
30034036539	114529
30034038229	113339
30034039479	115155
3003404119	114867
3003404149	114656
3003404589	114781
3003404599	113572
30034045999	113544
30034046279	114967
30034050979	114354
30034052119	114110
3003405359	114872
30034054229	113743
3003405889	114631
30034059309	223648
3003406119	115037
30034061999	114852
30034064129	113851
30034065539	113657
30034065669	114960
3003406669	114060
3003406799	114566
3003406899	114376
30034069049	114607
3003406929	199307
3003406949	113602
30034071189	113950
30034071219	114394
30034072339	114357
30034073299	114338
30034073459	114963
30034073749	114051
3003407409	114777
3003407559	114235
3003407569	199153
3003407609	110704
3003407639	114460
30034076399	113736
3003407669	113495
3003407679	114887
30034077099	223600
30034077389	113076
30034077679	114755
30034078089	114176
3003407919	115048
30034081409	114626
30034081959	113134
30034082079	113689
30034082109	223756
3003408249	113592
30034082529	113956
30034082789	114456
30034082819	114979
30034082949	114723
30034083359	114858
30034083489	113695
30034083779	115004
30034084059	330745
30034084189	114865
30034084219	114860
30034084349	113486
30034084479	112931
30034085209	114678
30034085339	113077
30034085469	114905
30034085599	113010
30034085629	114153
3003408569	114239
3003408589	114655
30034086039	114155
30034086169	114710
30034086329	199177
30034086879	199083
3003408689	113421
30034087159	330750
30034087289	113672
3003408739	113045
30034087449	113355
30034087739	115172
30034087869	113819
30034087999	111841
30034088019	113176
3003408829	114707
30034088439	114221
3003408849	115008
3003408869	112936
30034088729	114151
30034089009	113566
30034089139	113753
30034089269	303785
30034089399	112971
30034089429	113154
3003408979	113414
30034090609	111846
30034090739	114163
30034091699	113313
30034091729	114892
30034091859	115168
30034091989	113403
3003409199	114398
30034092009	113427
3003409219	113937
30034092429	223542
30034092849	113992
3003409289	199416
30034092979	114364
30034093419	113489
30034093549	114754
3003409369	223567
30034093839	199214
30034094249	114488
30034094379	113904
30034094539	114972
30034095659	113036
3003409569	114965
3003409579	114250
30034095819	223750
3003409619	112873
3003409659	114274
30034098179	199329
30034098339	114312
30034098599	199328
30034099039	113719
30034099299	199463
30034099329	199411
30034099459	199375
30034099749	113409
30034099879	199216
30034099909	199231
30034100469	223701
3003410259	113348
30034103859	199183
30034104399	113093
3003410449	199461
30034105099	113797
3003410519	115017
3003410539	115023
3003410549	114588
30034105549	113121
3003410569	114243
3003410579	113448
30034106119	113194
30034106249	113569
30034106379	113824
3003410639	199326
30034106409	199475
3003410659	113329
3003430019	113101
30034300449	114648
3003430239	113629
30034302399	113181
3003430299	114215
3003491059	199201
30034910839	199082
3003491149	112973
3003491169	114649
3003491199	113285
3003491209	113307
3003491219	199220
30034912499	113712
30034912529	113717
30034912659	199365
3003491269	114089
3003491319	113934
3003491399	114793
30034914059	223660
3003491419	114260
30034914219	114876
3003491429	113501
30034914349	113509
3003491439	113513
3003491449	113514
30034914509	113263
3003491479	114296
3003491509	113259
3003491519	112930
3003491529	113024
30034915889	199418
30034915919	223534
3003491599	114720
30034916169	113217
3003491639	113523
30034916459	113103
3003491659	113406
3003491669	114894
3003491679	114679
3003491689	114104
30034917029	113941
30034917609	114066
30034917999	112894
30034918729	199450
30034918859	223631
30034919139	112992
30034923099	113342
30034923129	113776
30034923259	114810
30034923389	113271
30034923419	199423
30034923549	113190
30034923969	115161
30034924379	113644
30034924409	113357
30034927219	223737
30034929299	113446
30034929619	223601
30034929749	115037
30034929879	115036
30034929909	115156
30034930189	114746
30034930479	112962
30034931469	113170
30034931759	199212
30034931889	115023
30034931919	112945
30034932169	112965
30034932299	112906
30034932329	114107
30034932459	114989
30034932589	114611
30034932619	113599
30034932879	114834
30034932909	115157
30034934149	125363
30034934309	112885
30034934699	113933
30034934729	113735
30034934859	223537
30034934989	113996
30034935009	113003
30034935399	199097
30034935689	113088
30034935849	114116
30034937669	115020
30034937799	115139
30034939489	114369
30034939519	223525
30034939809	113773
30034940119	114094
30034940249	114994
30034940539	114731
30034940799	319136
30034940829	319136
30034940959	199283
30034941239	113940
30034941659	112875
30034942489	113215
30034942519	113222
30034942649	113777
30034943189	113796
30034943219	113075
30034943509	114849
30034943639	114328
30034944049	112977
30034944179	115025
30034944209	115026
30034944339	115039
30034944469	113462
30034946609	199263
30034946739	113003
30034946999	223770
30034947019	113320
30034947699	114937
30034947729	113253
30034947989	199073
30034948009	199188
30034948399	113970
30034948689	223553
30034948849	113583
30034949099	199232
30034949129	223649
30034949259	223615
30034949549	223773
30034950019	113217
30034950439	223539
30034950859	199213
30034950989	199428
30034951009	199455
30034951719	223611
30034951849	223692
30034952099	111850
30034952259	114581
30034954079	199116
30034954499	115045
30034954529	114839
30034954949	113235
30034955359	199442
30034957759	113013
30034998189	330759
30034998349	223680
30038000185749	166329
30038000551339	166426
30042003059	116343
30042003639	116373
30042003769	116376
30042094989	18261
30047101309	118208
30047120539	118198
30047140759	118189
30047140759	118189
30047536019	118191
3006012749	316827
30072940110119	269790
30072940110379	269792
30072940115619	269707
30072940115749	269689
30072940811009	270076
30072940814079	212924
30072940997079	270068
30084222029	203517
30084222319	203525
30084222449	203519
30100031529	164799
30100053149	165421
30100057109	164725
30100100379	165280
30100102939	165323
30100105329	164639
30100106029	165440
30100110989	165414
30100112389	165376
30100113799	164821
30100114079	165436
30100114949	164624
30100116349	165329
30100119739	164757
30100120629	164654
30100123699	164712
30100124399	335208
30100124399	335209
30100124559	164633
30100127949	60648
30100127949	60658
30100128779	60655
30100199359	164662
30100211679	164815
30100211679	164815
30100211679	165930
30100211969	164758
30100271949	164744
30100298359	165303
30100338819	165400
30100430599	165416
30100464679	164830
30100506539	164785
30100506539	164785
30100540779	165283
30100543749	164669
30100555759	164649
30100558569	165932
30100574699	165271
30100596059	164626
30100918219	164724
30100940319	164796
301651086109	294701
3020243860499	349730
302159	341040
30223002789	327475
30223002819	327382
30223004189	327174
30223006329	327429
30223007029	268801
30223007159	327598
30223007449	327156
30223007579	327505
30223007739	327354
30223008859	268800
30223008989	327168
30223009269	268779
30223009689	268767
30223010159	327185
30223010319	327190
30223010449	327203
30223010579	327459
30223010609	327557
30223010869	230731
30223011859	268756
30223012559	327438
30223012849	327312
30223013099	327202
30223015659	327413
30223017769	205618
30223018209	327259
30223018629	205619
30223018919	327695
30223019039	35964
30223019169	35771
30223019299	327715
30223019329	124217
30223022459	327644
30223022749	35994
30223024279	36076
30223027829	327380
30223028659	327668
30223028819	327743
30223032489	125371
30223034049	327477
30223034339	327572
30223034469	327270
30223034629	327706
30223035879	327271
30223037149	327703
30223038399	327451
30223040699	327260
30223040989	327594
30223041559	327228
30223041979	327284
30223042259	327175
30223048299	327237
30223049449	327226
30223049739	327154
30223049999	327386
30223060499	327456
30223060789	327195
30223060819	327196
30223060949	327568
30223061069	327531
30223061199	327210
30223061229	327414
30223061519	327467
30223082019	268747
30223082569	327311
30223082859	327578
30223101949	327224
30223102809	327193
30223103059	327688
30223104469	327708
30223105169	327732
30223106029	327665
30223107309	327719
30223108559	327688
30223110019	327559
30223111689	327726
30223111719	327388
30223111849	327694
30223113119	327753
30223113249	327399
30223114079	327629
30223114369	327658
30223114819	327689
3023309	264367
30243591539	122191
30243630689	122226
30243670159	349822
30243681339	122199
30243696739	281280
30243725439	122282
30243731539	353963
30243737319	353923
30243742559	353978
30243743549	122206
30243743679	353930
30243744089	353944
30243781879	122216
30243787239	122220
30243788229	122177
30243789189	122269
30243818209	122249
30243860499	349793
30243863599	122183
30243867399	122306
30243868549	247371
30243868709	122291
30243877329	122241
30243881159	122300
30243881579	122303
3026209	219384
30264014109	10154
30267119009	218691
30271025099	287008
30271025099	287008
30283000039	324778
30283170909	343377
30291043349	189695
30291048139	189703
30291049129	220815
3029109	155256
3030309	49063
3032909	264189
3033209	264165
30354524389	280140
3037409	195315
305361395179	278696
30567340059	62772
30568115229	122553
30576140169	12001
30576520169	12000
30684008689	9095
30684017209	281066
30684017919	281068
30684035029	212618
30684092589	212612
30684700279	37600
30684700439	254066
30684700989	37609
30684701269	37603
30684710919	312157
30684711039	63238
30684711329	312165
30684790119	212602
30700159609	335220
30700751049	60051
30766574699	164746
3076709	264365
30771014609	71469
30771019369	8622
30771023809	205311
30771026329	8629
30771026329	8629
30771080949	8627
30771095509	205308
30771096919	8612
30771097749	8609
30776172649	10989
30776915529	59781
30800000719	80599
30800141009	80599
30800196009	80584
30800295009	80573
30800378009	186335
30800406009	281059
30800617009	323238
30800633009	309179
30800675009	309198
30800802009	7531
30800831009	158644
30871004609	366735
30871701799	366731
30900012179	63735
30900012889	358285
30900179339	139298
30900180069	139308
30900204079	10652
30900660899	16136
3091009	219366
309508009	53377
30955080529	160292
30955224909	139620
30955748849	230804
31000004989	21562
31000005719	21566
31000007089	21615
31000007409	21548
31000011499	21728
31000100919	250270
31000101039	21770
31000101039	21771
31000104399	21707
31000104559	21729
31000105099	250278
31000105099	250303
31000109769	21612
31000113629	21753
31000115029	21572
31000120009	21614
31000120269	21619
31000184629	21565
31000196639	168351
31000200039	21777
31000223229	21740
31000303969	21573
31000600099	21741
31000600259	21586
31000600389	21744
31000620929	250331
31000620929	250384
31000650179	26242
31000650209	26119
31000650339	26092
31000650469	26233
31000650599	26220
31000650759	26142
31000650759	26143
31000670139	250380
31000670429	250315
31000670429	250351
31000670689	26091
31000670719	250279
31000670849	26219
31000671259	250271
31000671419	250393
31000671709	250274
31000671709	250301
31000674069	26080
31000700089	250327
31000700119	250275
31000700119	250302
31000788889	21683
31000809409	21623
31000900069	26114
31000900229	26201
31000900359	250266
31044147109	131718
31115307319	101302
31116021009	173074
31142000689	24738
31142001839	24788
31142003529	24789
31142004809	24743
31142005479	24707
31142005479	24807
31142100259	24769
31142105209	24694
31142105759	24782
31142258769	24800
31142358759	24776
31142379259	24721
31142524079	24701
31142556759	24753
31142601299	16615
31142601459	24768
31142601619	178166
31142852479	24802
31142901009	24778
31146013999	229616
31146029549	91893
31146035779	229631
31146040209	229618
31146063529	229615
31146064649	229597
31146215409	229571
311917124629	352706
311917167459	361333
311917174839	352685
311917174969	352714
311917175539	352713
31200000729	233009
31200001689	233084
31200003829	232951
31200010889	233216
31200011879	233044
31200019899	233003
31200020659	233196
31200021809	232906
31200021939	233144
31200023339	233059
31200024169	232914
31200024459	233011
31200024749	232998
31200024749	233070
31200025029	232993
31200025319	233036
31200026149	233038
31200027139	233046
31200028259	232959
31200029669	233087
31200029669	233140
31200034649	233033
31200039439	233197
31200039569	232983
31200200549	232947
31200225979	232906
31200261069	232985
31200281319	233207
31200281319	233208
31205051009	146307
31205064009	146299
31205080009	146316
3120508009	146317
31205358009	146314
31205390009	146315
31215903169	335143
31249712409	362898
31285101069	3749
31285501029	3750
31290079469	116803
31290098439	116769
31290101139	116805
31290103799	116863
31290104499	116809
31290104529	116781
31290108299	116780
31290108909	116959
31290110339	116953
31290111909	116781
31290113859	116965
31290119479	116888
31290119509	116885
31290126279	116838
31290126279	116875
31290127399	116903
31290143009	116875
31290149049	116934
31290151769	116777
31332111249	275977
31332201049	60393
31400010139	73312
31400011969	307447
31400037969	142545
31400044639	345795
31400054379	37818
31400091299	38430
31400091619	38428
31439005359	62364
31484010339	17345
31493021319	278505
31493021609	278476
31493082129	278479
31500001969	29759
31500003369	29760
31500003369	29760
31500003789	29737
31500004939	29743
31500004939	29743
31500005219	29745
31500005219	29746
31506123139	75838
31506151019	75829
31506251269	75831
31506333279	75811
31506337239	75974
31506353079	75819
31506402029	76018
31506450099	75842
31506509049	75984
31506560019	75911
31506601279	75873
31506629099	75950
31506666629	75920
31506667039	75969
31506691249	75845
31506694639	75839
31506732119	75982
31506739309	75922
31506760129	75833
31506820069	75914
31506853159	75933
31506948169	75885
31506996009	75938
31506997419	75853
31602000129	21934
31689167159	131638
31704088209	131643
31704091049	18844
31774233899	138119
31903000439	22991
31903048349	99122
31903048509	99153
31903049209	99131
31903049599	99132
31903049629	7669
31903050229	7640
31903060549	23063
31903061089	23067
31903061379	23018
31903061539	23032
31903061959	23056
31903062079	7636
31903062239	23012
31903062499	99110
31903062819	23045
31903063489	220911
31919005039	95465
31935001169	234919
31961338109	144660
32000007079	309225
32000007109	309227
32000007239	309226
3201103219	323587
32011119549	323582
32063104029	336181
32063105019	336177
32100020169	283292
32100022279	283356
32100023429	283197
32100030489	283223
32100042499	283357
32100055499	54528
32100058209	54531
32100071529	54526
32100082969	283325
32100083669	283351
32100083669	283353
32100093859	283168
32134204009	353389
32134215029	353363
32134215029	353367
32134215319	353362
32134215319	353367
32134232279	353397
32134238059	353393
32134239179	353344
32134239209	353346
32134285039	353433
32153000149	270159
32157400129	182729
32207005069	103670
32239063839	22742
32239175679	22750
32251005879	55230
32251006289	90726
32251014659	264914
32251016899	55061
32251016929	55145
32251018459	55067
32251018749	55027
32251018879	55066
32251022029	55042
32251023019	55054
32251024689	55105
32251025679	90713
32251029059	90604
32251034459	82499
32251037009	212772
32251073779	90680
32251075759	90731
32251075889	82514
32251075919	90670
32251085079	90590
32251092039	82595
32251100499	55012
32251121869	55209
32251140419	90585
32251143779	55128
32251149849	212728
32251167409	55133
32251172229	212726
32251177149	55038
32251180859	370359
32251183249	55222
32251187339	82506
32251189579	212762
32251192579	212757
32251227479	212738
32251227509	212732
32251232909	212773
32251240249	82516
32251244179	55157
32251267239	90679
32251275319	51324
32251275449	51312
32251275579	51319
32251275609	51294
32251277269	55210
32251292989	82608
32251293979	82510
32251294099	55074
32251294129	55072
32251319839	82515
32251326349	55197
32251334009	55127
32251338069	55113
32251372889	51315
32251372919	51292
32251375569	90521
32251384899	55057
32251389559	299122
32251405839	55022
32251406959	55089
32251410949	55144
32251417139	82575
32251421709	51309
32251434549	55004
32251479939	55019
32251480249	55244
32251483899	55013
32251487149	55095
32251490279	82581
32251497049	90770
32251525629	55034
32251528019	55017
32251531439	55178
32251531569	82587
32251546389	82595
32251557859	82498
32251573569	82503
32251587559	90518
32251641169	55029
32251673689	82576
32251673719	82552
32251673849	82610
32251676949	299150
32251861079	55013
32251892349	55078
32251914959	90771
32327008919	179114
32327030019	179111
32327647569	84977
32394002179	173092
32394002179	173092
32394050149	173082
32394700259	173079
32458970819	189767
32458970949	189769
32458973049	311361
32458973209	341375
32461000169	138134
32500102069	362938
32503070129	94071
32503112119	94074
32595420109	112485
32601005009	81725
32601025069	81772
32601025489	81772
32601025519	81794
32601026059	81758
32601709259	81806
32601900199	81717
32601901509	81698
32601902889	81748
32601951139	81771
32601951689	81702
32601951979	81716
32601952709	81736
32601953799	81814
3263670015379	63158
32637901009	81976
3271560012049	281188
32729322019	72168
32755321109	253421
32792001729	63198
32792009619	63201
32792120109	217369
32797001359	34305
32797002059	34287
32797004619	34324
32797004909	34283
32797005609	34326
32797006729	34337
32797007009	34286
32797008419	34296
32825387929	218455
3285169	124213
32913008439	214992
32913015369	221804
3296651110749	73363
329699	340828
32982560579	245298
330276228069	57340
33049000069	202801
33049105269	202743
33157000029	239876
33157000609	239885
33157011179	239884
33186053829	35135
3324498000869	184711
33255108849	336357
33314221069	202360
33314310299	202379
33314331249	202397
33314662039	202405
33314770109	202352
33314772059	202382
33329275019	149497
33357052149	167845
33383084619	143504
33383087139	260408
33383530109	286274
33383530819	50030
33400601089	282545
33400601089	282566
33400601119	282517
33400601249	282564
33400601249	282565
33400601799	282531
33400601799	282553
33400603359	282522
33400611989	282520
33400721169	275578
33431199609	184359
33474003239	250840
33589015349	145490
33589016209	145490
33589123259	145509
33589123709	145764
33589123839	145499
33589223249	145495
33589908009	145505
33589924009	145497
33589967709	145493
33600000309	142316
3360410000159	11000
33613021759	57446
33613040859	9669
33613246619	44804
33617000309	353444
3363039	142306
33674108239	225752
33674110249	225746
33674158579	225748
33698815199	320561
33698815489	320566
33700000049	248843
33700001169	211495
33700921849	59906
33700922099	125037
33700922259	188267
33757084559	28149
33776011529	303612
33776011789	81686
33776011949	81644
33776012809	303632
33776018009	303646
33776027209	81660
33776063009	303639
33776080259	81673
33776080549	81654
33776100889	81661
33776111489	81665
33776111779	81675
33776112059	81653
33828000129	179446
33828006169	179443
33828013129	179434
33828377429	179452
33844000929	19620
33844001339	19722
33844001759	19717
33844001759	19717
33844002299	19616
33844002619	19637
33844002619	19638
33844002909	269896
33844002909	269897
33844003289	19628
33844003289	19697
33844003999	19721
33844004019	19593
33844004149	19705
33844004279	19654
33844005269	19677
33844005559	19713
33844005979	19621
33844006709	19689
33844007089	19736
33844007089	19736
33844007379	19703
33844007379	19704
33844007409	19615
33844012069	19719
33844012199	19635
33844012199	19660
33844012359	19597
33844012649	19682
33844013059	19605
33844013059	230567
33891324139	202336
33900000429	161465
33900002089	161491
33900022049	161538
33900049329	161562
33900200829	161579
33900606089	161475
33900606249	161474
33900607109	161499
33900608359	161493
33900608779	161484
33900616149	161505
33907510099	16431
3394239	161578
3394710000519	274822
33954210959	197447
33954501859	242927
33954708739	52918
34000000289	270915
3400000149	102667
34000004409	270890
34000011339	45823
34000012039	45795
34000015689	143495
34000016389	143487
34000018789	142927
34000020409	9081
34000025299	143461
34000029549	372140
34000030699	372140
34000030729	372133
34000031689	9078
34000032129	143307
34000033959	143185
34000040339	45852
34000047529	372155
34000056699	45860
34000056729	143145
34000058389	372140
34000070589	143072
34000071159	143053
34000076109	171824
34000100729	143416
34000103539	180074
34000103799	180090
34000110759	143363
34000114689	270791
34000114849	270794
34000114849	270861
34000120499	143464
34000120949	143386
34000121519	143444
34000121809	143464
34000123599	143416
34000123629	143416
34000124909	143416
34000126149	143128
34000129959	143418
34000130009	143416
34000130719	143416
34000132799	143421
34000133529	143421
34000133789	143435
34000133819	143416
34000134489	143414
34000134809	143416
34000134939	143414
34000138609	171870
34000140589	143416
34000140619	143464
34000141029	143276
34000141289	270591
34000141449	143414
34000141739	143414
34000149759	143353
34000157709	143408
34000161409	143416
34000170449	143147
34000183159	142971
34000183999	143179
34000190249	143210
34000210879	270894
34000213269	143218
34000213719	143218
34000213979	143218
34000214679	143266
34000214969	143218
34000215379	139536
34000215669	270719
34000215829	143397
34000216659	143000
34000221059	143366
34000225149	171794
34000225279	171820
34000226139	171820
34000226689	171838
34000226719	171824
34000226979	143147
34000227099	142973
34000227129	143158
34000228799	171856
34000236459	171840
34000238439	143167
34000239009	143043
34000243679	143152
34000245659	142932
34000249909	270584
34000254019	270866
34000270019	143328
34000310289	247146
34000343249	142977
34000343409	142977
34000343669	143324
34000363049	143147
34000364169	143263
34000378319	275402
34000378869	275402
34000386949	324688
34000388219	275402
34000388479	270734
34000400409	143217
34000402199	270819
34000402649	171793
34000402809	143212
34000417209	270764
34000426119	270817
34000430789	270945
34000431519	270682
34000432639	270661
34000432899	270723
34000433049	142947
34000440009	270723
34000440009	270891
34000444649	217562
34000445899	270713
34000448609	270819
34000450329	270815
34000450619	270819
34000451319	270663
34000453689	61636
34000453719	143488
34000453849	270676
34000453849	270765
34000470419	270813
34000470679	275405
34000474189	270946
34000474479	143212
34000475629	270679
34000476039	270668
34000478859	270836
34000479689	171832
34000481699	270691
34000481729	143443
34000483099	171820
34000490059	270723
34000490639	270907
34000502219	345099
34000502349	345084
34000530489	345123
34000544059	345113
34000560189	345161
34000560769	345091
34000563029	345161
34000567089	345126
34000666249	270721
34000666379	270736
34000666409	143184
34000701179	153455
34000701759	153423
34000702749	153481
34000711789	153446
34000722099	153478
34000790029	143163
34000790159	143163
34000801459	270852
34000870059	270833
34000870219	142967
34000872909	143218
34000877089	143155
34000936359	143140
34000937219	275407
34000938469	143090
34000938599	143147
34000938629	143251
34000939329	143381
34000939589	365110
34000940349	143147
34000941049	270643
34000941919	143035
34000942459	142921
34000942589	142919
34000942619	142963
34000943159	171797
34000943609	143358
34000951789	142993
34000951819	142945
34000952519	270589
34000952779	143045
34000971039	143259
34000996629	171880
34000997039	270655
3402809	270906
3403109	217561
3404409	143462
3410109	43191
34183009109	8485
3418509	143305
3420009	153423
3423909	143043
34256041289	373221
34256050649	373221
34300000019	102672
34300000149	102667
3431209	143104
34325002029	290232
34325010789	290263
34325020399	290259
34325028579	290237
34325035829	290246
34325035829	290246
34325045019	290312
34325047259	290323
34325047969	290262
34325050129	290326
34325053519	290261
34325054189	290316
34325054189	290316
34325055469	290305
34325055469	290320
34325079069	290311
34325079229	290253
34325800519	290265
34325810099	290272
34325810129	159138
3437009	302963
3444009	270665
3444009	270723
344454381019	59392
34463000109	74689
34463000109	330586
34463070119	74688
34463070119	74688
34500140089	180657
34500141109	180736
34500144049	180615
34500144469	180616
34500150149	180554
34500150149	180560
34500151009	180619
34500151009	180619
34500151559	180735
34500151849	180649
34500152099	123972
34500194099	180702
34500202039	155159
34500417549	180566
34500418959	180731
34500420709	180620
34500448079	180691
34500448659	180664
34500460309	180690
34500462679	180538
34500481649	180538
34500632119	180608
34500632119	180624
34500632799	180544
34500632799	180621
34500641289	180606
34500641319	180651
34500641449	180688
34500642729	180653
34507161209	287329
34600255829	147559
3465109	143416
34683349019	363575
34683350329	364402
34683350589	57759
34683351159	57766
34683377289	57788
34683380289	57787
34683405289	57773
34683603289	57763
34695123379	160720
34695125649	160740
34695331569	160763
34695902219	160760
34700012209	8859
34700048369	105173
34700049069	105189
34700063119	8863
34700342139	8865
34700374109	8855
34700415109	8899
34700423159	362804
34700514109	8864
34700754109	8898
34700892139	8871
34742172039	353860
34742972479	353857
3475009	153441
34795000259	193813
34800000939	169751
34800000939	169774
34800006429	169749
34800006429	169780
34800006559	169750
34800006559	169781
34800886229	169784
3483309	143312
34856006169	307924
34856028819	360998
34856028949	360901
34856050919	361000
34856100119	331535
34856425809	360874
34856441489	361026
34856522089	361046
34856535089	361046
34856592679	361046
34856624929	360864
34856751229	360866
34856788829	360881
34856806929	360864
34856806929	360864
34856822639	361146
34856822639	361147
34856863809	360875
34856890089	361046
348603002459	61453
34877110319	190197
34952146769	246980
34952147049	94562
34952148589	83570
34952148619	83726
34952148909	246969
34952149159	274162
34952149319	274149
34952149999	246976
34952574159	252036
34952580709	83508
34952583939	83498
34952584059	83631
34952584639	83518
34952584769	83681
34952585209	83665
34952585599	83704
34952585629	83705
34952585919	83700
34952586299	83702
34952586329	83685
34952586749	83521
34952587289	83606
34952587449	83586
34952587609	83626
34952588859	83678
34952588989	83721
34952589139	83648
34952589689	252059
34952589849	83544
34952590029	83694
34952590449	83719
34952592139	94578
34952592269	94656
34952592399	94618
34952592429	94578
34952593709	83533
34952593969	94663
34952594799	251871
34952594829	251931
34952595789	94503
34952596649	278904
34952597479	251954
34952597509	251953
34986001119	4773
34986160199	218449
34986792079	218448
3498709	153477
35036220009	60529
35036223109	60527
35036801369	260509
35046108809	267827
35046129989	267831
35074006979	67373
35107009649	284930
35127478159	190904
35157700039	202300
35176100889	81662
35200236799	272349
35200264389	272353
35200267359	60011
35200268059	272348
35204700999	12161
35243558209	44197
35243560509	44213
35243565009	44208
3526330002059	178429
35264012209	38612
35264012209	38613
35266000129	325670
35266003519	325665
35266101109	253583
35272124109	178855
35292712799	304382
35305000219	197581
35305000349	197588
35305001599	197578
35342615759	24979
35342770229	24987
35342810079	24985
35447863109	275781
35457770039	195883
35457770039	195885
35457772699	195888
35461000689	353864
35493013329	144045
35493013909	287843
35493013909	287844
35493014869	287849
35493015279	287822
35493883939	144092
35549280149	101597
35549481409	101599
35549864769	47347
35549873099	101600
35549944539	101603
3556420277999	197229
3556420602029	197229
3556420605839	230389
3558180031699	87024
35600055839	94927
35600078029	167183
35600079019	167181
35600085829	167172
35600090809	94929
35669181999	64064
35669218169	64079
35669313239	64076
35669815139	64073
35700260119	62786
35700786529	62797
35700970759	62798
35733001819	344560
35742091269	111950
35742221079	138875
35742221109	138863
35742222359	138873
35742222359	138885
35742229129	138892
35742241039	138896
35749112639	217843
35751114539	37576
35751115079	37577
35751118179	37951
35751888799	37554
35826007049	99549
35826008329	100470
35826009159	100954
35826009289	100517
35826010339	100580
35826021489	99939
35826021779	100879
35826021939	100182
35826023209	100115
35826026149	99963
35826028709	99690
35826028839	99917
35826029379	100685
35826029829	100455
35826031549	100530
35826031679	100150
35826031709	100609
35826034939	100861
35826037039	100542
35826039729	99801
35826040299	99815
35826041159	100981
35826042439	99634
35826043009	100170
35826044259	99358
35826044389	100546
35826044419	100286
35826045379	99478
35826046819	99383
35826048639	99800
35826050939	100954
35826051189	100029
35826051219	100996
35826053169	100244
35826053589	99811
35826057839	100427
35826058829	100510
35826060129	100041
35826060969	99905
35826061959	100832
35826062789	100449
35826064929	99709
35826065209	99391
35826065919	99687
35826067609	100850
35826068569	100623
35826068859	99984
35826069399	100339
35826069849	100526
35826070449	99611
35826074409	99468
35826074669	100071
35826074829	100397
35826075369	99360
35826075659	99412
35826076229	100331
35826076779	100078
35826076809	99363
35826076939	100307
35826077219	99481
35826077349	99833
35826077479	101365
35826078179	99512
35826078339	99644
35826078469	100876
35826078919	100899
35826079619	100111
35826080059	100035
35826080639	100878
35826080899	99691
35826081049	99447
35826081209	100587
35826081339	99854
35826081759	99897
35826082169	100806
35826082749	100415
35826082879	99751
35826082909	99830
35826083029	99596
35826083609	100631
35826084019	99741
35826084149	99446
35826084729	100009
35826085269	99974
35826085689	99685
35826085719	100013
35826086549	100603
35826086679	99802
35826086709	99661
35826086839	99692
35826087119	100381
35826087379	99542
35826087409	100385
35826087539	99959
35826087829	100525
35826088499	100211
35826088529	100024
35826088789	100095
35826089069	99874
35826089229	100096
35826089489	100257
35826089519	100368
35826089649	100235
35826089779	99383
35826089809	99626
35826089939	100652
35826090089	100280
35826090119	100120
35826090249	99399
35826090409	100082
35826090539	99476
35826090799	100543
35826090829	99990
35826091079	100085
35826091109	100087
35826091239	99888
35826092779	100828
35826092809	100682
35826092939	100404
35826093349	100294
35826094049	99733
35826094209	100161
35826094339	100919
35826094469	100978
35826094599	100145
35826094629	100536
35826094919	100125
35826095169	100119
35826095329	99624
35826095459	99528
35826095589	100960
35826095749	99792
35826095909	99395
35826096289	99553
35826096319	99855
35826096449	99861
35826096579	99434
35826096609	99435
35826096739	99638
35826097439	99474
35826097699	100240
35826097729	100241
35826098559	99389
35826098849	100291
35826098979	100809
35826099099	100130
35826099839	100459
35826101389	99992
35826101549	100359
35826101969	99870
35826102089	100384
35826102539	99480
35826102959	100009
35826103079	100468
35826103109	100504
35826104069	99894
35826104199	99752
35826104229	99438
35826104359	100143
35826104519	99856
35826105059	100483
35826105479	100881
35826105639	99637
35826105769	100727
35826105899	100728
35826106179	99902
35826106339	99482
35826106599	99577
35826106919	100657
35826107169	100671
35826107459	100033
35826107589	100003
35826107879	100547
35826107909	99406
35826108029	99523
35826108289	99398
35826108449	100125
35826108579	100225
35826109729	100074
35826110299	100619
35826110749	100760
35826111289	99922
35826111319	99417
35826111449	100281
35826111579	99641
35826112279	100710
35826112309	99629
35826113269	99939
35826113399	100326
35826113429	99940
35826114839	100910
35826115089	99975
35826115249	99915
35826200259	100666
35826200389	99540
35842009119	215480
35842027199	215489
35842068499	215505
35842068529	215487
35842068659	215486
35844145839	47274
35900260209	282356
35900264429	282311
35900273919	282353
35900278389	282327
35900289439	282365
35900294549	282333
35900306679	282369
35900307669	282345
35900308529	282311
35900309489	282344
35916111069	247646
35999000229	268913
360055009	82778
36023004039	190002
36035000609	195777
36035100309	195776
36035100859	195779
36035600069	218005
36035700059	81863
36069941039	155165
36069946119	350563
36069950079	147820
36069951199	122388
36078051019	49599
36078080989	280434
36078120029	49598
36144015969	122338
36192105179	282887
36192114249	282935
36192122169	282862
36192122459	282912
36192122749	282923
36192123029	282876
36192123289	282916
36200002179	265479
36200002179	265549
36200004449	265466
36200004449	265510
36200013649	265468
36200013649	265534
36200013809	265515
36200057049	26108
36200227589	26180
36200344309	265523
36200430279	26177
36200430729	26053
36200430859	265561
36200430989	265545
36200431009	265467
36200431009	265511
36200431269	26127
36200431689	26070
36217145449	274514
36217162309	31397
36217163009	198684
36217207949	134607
36217230749	134604
36217254349	198930
36217265109	363488
36217275849	134595
36217400449	363285
36217402849	363275
36217671009	336885
36217674109	134600
36217676509	134608
36217769409	134605
36217783009	134602
36232017219	141213
36232018469	141372
36232051329	143754
36232053279	143776
36232077169	143774
36232085119	140935
36300200079	234979
36300200109	234981
36300777779	234978
36406300499	364547
36406301229	364118
36406302899	364058
36406304169	364638
36406304589	363697
36406304619	1340
36406304749	363537
36406304879	363421
36406305159	364520
36406369489	363552
36406370249	364009
36406370799	364009
36406370829	364003
36406372489	363803
36406377019	364031
36412003339	338853
36412050449	338848
36412075039	338854
36426300349	214344
36426300349	214344
36492078319	243262
36514170069	125250
36514199589	284379
36514244999	125225
36514244999	125232
36514297049	333645
36514299869	284371
36593032029	279815
36593110109	279823
36593900069	279810
36632001009	70620
36632001009	70621
36632004239	70613
36632006219	186649
36632007889	70659
36632007889	70660
36632008299	233865
36632008879	70693
36632008909	70683
36632009999	70430
36632010179	70399
36632010339	70395
36632010469	70395
36632010629	70365
36632010889	70420
36632011039	70587
36632011299	233784
36632011299	233785
36632011329	233800
36632011329	233801
36632013149	70583
36632013149	186570
36632013309	186645
36632013439	186541
36632013569	70484
36632013699	70683
36632014009	70694
36632014139	70708
36632014399	70475
36632014429	70639
36632018489	233714
36632018519	233822
36632018649	70594
36632018779	70498
36632018939	70482
36632019059	70576
36632019929	70610
36632020079	233813
36632020369	233727
36632020369	233728
36632020369	233761
36632020659	233732
36632020789	233723
36632020819	233860
36632020819	233860
36632021809	70554
36632025159	70155
36632025159	70158
36632026019	4259
36632026019	4333
36632026019	4335
36632026309	4263
36632026309	70469
36632026439	4321
36632026439	4321
36632026439	4328
36632028099	70371
36632028099	70403
36632028159	70516
36632028389	4228
36632029119	4323
36632029379	4237
36632029409	4293
36632029799	4280
36632029799	4308
36632029829	4231
36632029959	321439
36632034649	4328
36632034649	4328
36632035639	4296
36632035769	4254
36632035769	4289
36632035769	4316
36632036469	70385
36632036919	186544
36632037299	186637
36632037329	186592
36632037459	70519
36632037589	186636
36632037749	186655
366320378589	70515
36632038029	186656
36632038159	186563
36632038289	70541
36632038289	186570
36632038449	186611
36632038449	186619
36632038579	186677
36632038609	70662
36632038609	70670
36632038869	70481
36632039019	70698
36632039019	336392
36632039019	345398
36632039279	345392
36632039279	345393
36632039439	186632
36632039439	186633
36632039569	186591
36632039569	186594
36632040459	345397
36632042279	330506
36632042439	233742
36632042569	233821
36632042569	233880
36632042729	233751
36632042859	233753
36632070029	352858
36632070289	147197
36632070449	147122
36632070449	147122
36632071279	147103
36632071279	147185
36632072559	298989
36632072559	298989
36632072689	298926
36632072689	299033
36632072689	299040
36632072719	298871
36632073259	147185
36632073259	147185
36632073389	306710
36632073389	306764
36632073389	306830
36632073679	4243
36632073679	4312
36632073839	298894
36632074249	298905
36632074249	299001
36632074539	298883
36632074539	298884
36632074799	298895
36632075079	155732
36632075239	155753
36632075499	306821
36632075499	306867
36632076069	146462
36632077349	298830
36632077349	298830
36632077349	298899
36632077639	299006
36632077639	299007
36632077899	298982
36632078469	299042
36632078889	306840
36632078919	306731
36632078919	306850
36638500049	138595
36669038269	63387
36669039389	63394
36669061489	63380
36669061779	63400
36669075059	63398
36800383739	99179
36800786189	99178
36803001159	174870
36846461019	4095
36846481789	4052
36846491009	4087
36846913679	4047
36921930089	245582
36929338979	213241
36998006199	83813
370030128389	122236
37014000269	85677
37014000399	85697
37014000559	85689
37014242379	85680
37014321029	85705
37025016129	252105
37041007019	76286
37041029929	76282
37041055409	76291
37041056529	76292
37041076039	76283
37071112059	122044
37071113049	122043
37071400019	43628
37100005529	185287
37100005789	185256
37100005949	185257
37100020249	185131
37100027439	185172
37100033249	185156
37100034079	185194
37100035809	185252
37100036509	185283
37100036639	185283
37100038459	185201
37100048069	185284
37100054039	185147
37100059799	185230
37100059829	185225
37100072859	185169
37100073139	185115
37100073979	185224
37100280049	185283
37100533329	185156
37102289309	216210
37106244489	235142
37106723199	235143
371661820369	347601
37200002169	70187
37249181719	59731
37279242749	248016
37279386979	248007
37279450779	248022
37279450779	248024
37295003669	107501
37296201309	38636
37323116309	219971
37323116309	219977
37323117559	219969
37323117719	220013
37323117849	220014
37323118709	219992
37323125189	219995
37323125189	219995
37363000729	212145
37363000729	212184
37363581259	212219
37363581259	212220
37363982339	212147
37363983749	212219
37363986269	212167
37363986399	212178
37363986429	212200
37363986559	212192
37363986979	212149
37363987549	212187
37363987839	212207
37363987839	212224
37407021079	373409
37407023479	280117
37466015149	187613
37466015859	187435
37466019529	187496
37466063669	187518
37466063799	187735
37466083339	187729
37498606209	131696
37498706169	131686
37498706459	131682
37498709689	131662
37531036819	163490
37578615039	291143
37578617149	60350
37578617279	272448
37578617569	291154
37578618009	92700
37578619679	291163
37578620019	291146
37578620149	60484
37578620439	60289
37600001069	309151
376000273299	147571
37600049399	147228
37600051309	76506
37600085649	147220
37600104999	302864
37600105699	302801
37600105699	302807
37600106139	302862
37600106849	302815
37600106849	302817
37600117579	147337
37600117609	147326
37600121149	147530
37600121149	147698
37600137539	147509
37600138789	147306
37600138789	147307
37600142649	147507
37600145589	147647
37600145909	55593
37600178709	147306
37600181129	185
37600182379	147230
37600182379	147231
37600182799	147406
37600186889	302805
37600195799	55558
37600199919	147457
37600222259	147306
37600223709	147484
37600241069	147444
37600241939	147305
37600241939	147486
37600243179	147217
37600245289	147310
37600245289	147426
37600250979	147628
37600255899	147352
37600260329	147417
37600273299	147571
37600276269	147653
37600282529	55575
37600282529	55575
37600283809	147587
3760028504269	47371
37600293389	147315
37600293389	147316
37600302319	147610
37600305419	302813
37600307119	147388
37600321419	147372
37600327039	147299
37600333719	147340
37600339599	147440
37600366069	148533
37600369749	147558
37600369749	147560
37600408639	147305
37600432009	55614
37600443159	147646
37600459419	55581
37600473569	147679
37600473569	147699
37600477239	147286
37600487139	147432
37600495479	147701
37600529549	147652
37600591829	147473
37600591829	147522
37600632249	147454
37600665599	55598
37600672009	147502
37600676069	147516
37600694049	147517
37600723749	302837
37600723879	147456
37600730129	147288
37600736169	147363
37600790369	147668
37600791809	147564
37600798389	302857
37600802499	147258
37600805209	302812
37600805599	147435
37600807449	147342
37600807449	147406
37600810739	147462
37600829649	147306
37600831109	302841
37600834919	147416
37600842969	147491
37600880879	302805
37600880879	302805
37600881869	147301
37600881869	147685
3761039	147672
37644332129	245734
37677099709	111471
37695121499	308055
37695123219	162766
37695128429	308055
37695160979	299211
37695161549	63526
37695162119	63515
37695162829	63528
37695171159	46532
37695175959	46521
37695193359	46527
37695193489	46523
37695194509	46548
37695194509	332275
37695198439	46543
37695710259	63510
37695912929	299202
3770002706039	115282
37816100129	363109
37946841169	249944
37946841169	249947
37982786639	154496
37982786899	267529
37982787629	25373
37983279109	12097
38000000119	166167
38000000829	165645
38000001109	165800
38000007019	165596
38000008269	310592
38000016219	166119
38000017209	106941
38000019999	336229
38000051999	83350
38000051999	166317
38000094569	165796
38000100079	165111
38000100659	165627
38000101519	164973
38000102509	64246
38000106569	188670
38000109829	165449
38000111129	165630
38000114939	272329
38000116599	165545
38000116629	255879
38000116759	255898
38000117169	272295
38000118159	166357
38000119149	106929
38000120619	166034
38000120619	166084
38000120749	166474
38000120749	256000
38000120879	83280
38000122859	259517
38000123139	13807
38000124099	310720
38000124129	165096
38000124259	310721
38000124259	310721
38000127649	310708
38000128479	166188
38000130069	259519
38000130939	165537
38000131349	165661
38000131899	272292
38000131929	83281
38000131929	166106
38000132469	165530
38000135279	107006
38000135699	165619
38000136429	165107
38000139109	259364
38000139529	166189
38000140259	165200
38000140839	164993
38000140969	166113
38000141409	165551
38000143779	310631
38000143939	165103
38000146459	272341
38000146909	166342
38000147159	162453
38000147159	162475
38000148149	165055
38000149689	165030
38000149849	165562
38000150999	165445
38000151729	165044
38000156229	259514
38000156519	13803
38000157059	61354
38000157189	164981
38000158469	259385
38000159039	76811
38000159329	165602
38000159909	165272
38000161599	165028
38000161759	165035
38000162329	331705
38000162589	255986
38000163579	165029
38000165849	164959
38000167089	165032
38000167539	165649
38000172649	272341
38000172779	165573
38000174339	164966
38000178269	166463
38000179099	255939
38000181719	106955
38000181979	272317
38000182549	259473
38000183379	165797
38000184239	164953
38000185519	310675
38000187179	165994
38000187469	255951
38000192579	166459
38000192609	166455
38000195549	231904
38000195549	231907
38000196829	255853
38000196959	83312
38000199349	107033
38000199349	107033
38000199509	107040
38000199899	166482
38000199899	265707
38000199929	272261
38000199929	272261
38000200229	304219
38000200229	304220
38000202759	166405
38000208119	255905
38000208539	265704
38000208669	272280
38000210419	272330
38000211409	166482
38000215889	310705
38000216039	255963
38000216749	310560
38000217579	83332
38000218569	255854
38000219399	165748
38000221149	255879
38000222179	255950
38000222559	255869
38000222559	255872
38000222719	255950
38000223129	255885
38000223679	255896
38000223679	255897
38000223709	259375
38000223709	259378
38000225499	255921
38000226649	255972
38000226649	255973
38000228209	107033
38000228469	189114
38000229749	272272
38000231209	259518
38000232589	13794
38000233289	272286
38000233739	13798
38000233739	13801
38000233869	272338
38000234569	64239
38000234569	64243
38000238369	272318
38000241789	259514
38000243189	13803
38000244759	272319
38000245039	272274
38000245039	272306
38000245329	265717
38000245589	259382
38000245589	259489
38000246579	272318
38000246609	255924
38000246609	255961
38000248139	13797
38000249129	83277
38000249129	83379
38000249389	259499
38000250729	255878
38000252099	106955
38000252839	334212
38000252969	166210
38000253119	255983
38000254109	107001
38000254109	166368
38000261169	255893
38000261589	255925
38000263989	231874
38000265969	272334
38000266409	272274
38000268069	83377
38000268779	231884
38000268809	231884
38000269479	272318
38000269639	166035
38000273919	310582
38000275449	83365
38000278839	255864
38000278839	255864
38000279799	83302
38000279799	83302
38000282829	66775
38000284649	162637
38000285349	214431
38000285479	166365
38000290169	255892
38000291869	166168
38000291869	166180
38000296659	164997
38000317309	166428
38000317309	255950
38000317309	255950
38000319679	165796
38000324109	166436
38000350559	166083
38000350559	272319
38000350559	272319
38000351099	272290
38000355219	166016
38000357459	166011
38000402609	166343
38000425479	166453
38000485169	165580
38000503719	166440
38000504709	166439
38000504709	255921
38000506659	57825
38000528859	83288
38000535499	255998
38000550829	13803
38000551109	255877
38000551239	166465
38000551239	255901
38000551369	166481
38000556609	164984
38000557699	166460
38000576089	165864
38000576249	165977
38000584039	165122
38000597039	165012
38000597749	166026
38000673009	166327
38000695209	165167
38000720109	165946
38000722349	310584
38000731099	310565
38000731549	255946
38000762239	165647
38000764349	310663
38000765469	166362
38000784279	165115
38000785269	272290
38000786129	66776
38000845109	259477
38000845529	259429
38000845789	259428
38000863509	165761
38000923159	166348
38000936739	310748
38000937729	165846
3800231791169	111859
38003769709	85094
3800863509	13803
3801109	310735
38020416129	227061
38020474099	227058
38021001119	80351
38093230059	112664
38101000469	44787
38101001879	44778
38101002159	44794
38101002869	44777
38101003859	44784
38101007949	44793
38105109779	302186
38105118139	302182
38105202449	302061
3811009	166313
38146121259	187298
38200000049	349240
38200000179	349236
38222124099	166107
38225000079	62384
38225000079	182737
38232301169	60868
38232385749	265067
38233000269	145736
38252373009	187932
38252390549	76649
38252398019	172300
38252399689	12463
38252420369	203026
38252430009	76776
38252450069	76796
38252450359	98420
38252450519	98439
38252470029	187934
38252480059	187931
38252490669	76712
38252510039	256022
38252550769	233605
38252590109	98417
38252680299	203022
38252710019	256023
38252760069	313634
38252760229	313694
38252760359	98448
38252770129	98408
38252910389	353348
38259100059	289059
38259100189	289208
38259100219	289211
38259100349	289497
38259100509	289017
38259100769	289509
38259101049	288828
38259101179	289054
38259101469	289617
38259101599	289468
38259101629	288876
38259101889	289697
38259102299	289039
38259102329	289373
38259102879	289253
38259102909	288844
38259103319	288936
38259103449	289096
38259103579	289481
38259103609	288771
38259103739	289152
38259103869	289573
38259103999	288948
38259104019	289658
38259104149	289707
38259104279	289456
38259104309	289466
38259104439	289638
38259105139	289011
38259105429	288912
38259105689	289541
38259105849	289101
38259105979	289640
38259107089	288716
38259107409	288988
38259107669	289708
38259107799	288926
38259107959	288933
38259108369	289351
38259108499	289215
38259109069	289477
38259109229	289130
38259109489	288908
38259109649	288871
38259110119	288995
38259110539	289533
38259110669	289319
38259111079	289220
38259111109	289680
38259111529	289324
38259112809	289136
38259113059	289036
38259114049	288742
38259114209	289562
38259115039	289223
38259116319	289609
38259116609	289593
38259116739	288755
38259116869	289551
38259116999	288847
38259117149	289093
38259117279	289620
38259117309	289590
38259118009	289077
38259118429	289495
38259118559	289511
38259120309	289628
38259122099	288949
38259122129	289363
38259122419	289577
38259122549	289237
38259122679	289109
38259124789	289212
38259124949	288889
38259125199	289729
38259125229	288950
38259125359	288970
38259125519	289236
38259126059	288898
38259127209	289457
38259129029	289689
38259131589	288831
38259132159	289560
38259132289	288763
38259133309	289455
38259133439	288834
38259133569	289487
38259135099	289308
38259135129	289296
38259135259	288835
38259135549	288931
38259136409	289596
38259137789	289083
38259139769	289057
38259143629	289225
38274517719	142165
38281101079	254004
38281101109	78008
38281101239	254016
38281101789	254018
38281101819	254023
38281101949	254001
38361403079	67384
38361403109	328341
38409	340778
38444764349	166173
38444863509	165767
38445015099	169798
38445122599	57950
38478006019	179117
38483245809	353989
38527135349	264191
38527135349	264191
38528369019	194704
3856020235109	349720
3858881682399	52139
38616360379	197537
38616360379	197541
3870007064179	351397
38708949079	129516
38708950389	40655
38708952369	248936
38718030309	13276
38718038749	13266
38718043149	13288
38718203529	13271
38718224029	139553
38718709069	119500
38718709359	119507
38718709489	119437
38718709519	119432
38718709809	119513
38718709939	119508
38718710119	119504
38718720569	119467
38718720859	119472
38749700349	309140
38778610169	223424
38778610329	223424
38778850169	223426
38778850329	223426
38794920259	51819
38794921799	51833
38794921829	51791
38794995899	51810
38794995929	51759
38794997749	51783
38794999019	51824
38794999439	51767
38846405109	16079
38882141559	53064
38897489509	33169
38900000219	77688
38900003029	77747
38900004699	77752
38900005139	77901
38900006099	77609
38900006419	77676
38900009519	332782
38900022129	77588
38900025519	77658
38900029319	77619
38900030339	77678
38900030469	77910
38900031619	77516
38900033309	77529
38900033439	77622
38900035419	77868
38900042059	77677
38900042189	77677
38900043209	77527
38900072049	77645
38900072209	77590
38900720629	77624
38900724719	77754
38900741709	77785
38900772079	77675
38900773779	77638
39000010139	239817
39000010399	239800
39000045049	185102
39000045049	185102
39000045049	185103
39000082709	239763
39000086639	185273
39000086639	185274
39000147019	185102
39000983389	185129
39000983389	185130
39045192029	177614
39045393969	168477
39045402739	177616
39045432699	177605
39045461439	177612
39045466489	168479
39047001169	352780
39047001459	352785
39047010239	352764
390470145869	352754
39047014589	352754
39047017689	352756
39059330929	29812
39059330929	312197
39059728849	29813
39059728849	312196
39073042099	174728
39073042129	174669
39073042259	174716
39073075059	174717
39073075349	174675
39073075509	174723
39073936329	174707
39131168549	25030
39131168839	25050
39131169799	25029
39153010079	62097
39153011069	62022
39153100329	62097
39153100879	62153
39153101159	62050
39153101449	265327
39153101609	62131
39153110359	62076
39153110489	62083
39153110519	62078
39153125469	62102
39153130319	62071
39153200029	62054
39153200159	62032
39153413009	62035
39153413559	62099
39153500099	62112
39153500129	62049
39156000169	190462
39156000299	190460
39156000459	190535
39156001579	190536
39156002019	190466
39156004129	190483
39156005249	190453
39156006079	190525
39156006789	190448
39186553109	9560
39217023069	245566
39217048109	245557
39222086639	185385
39272292229	155225
39272329229	158863
39277776769	128981
39278030129	259336
39400010289	44373
39400010319	44372
39400010319	44419
39400010609	44758
39400015949	44442
39400015949	44596
39400016069	44456
39400016069	44670
39400016199	44379
39400016359	44509
39400016359	44743
39400016809	44462
39400016809	44687
39400016939	44473
39400016939	44704
39400017349	44420
39400017349	44571
39400017479	44449
39400017479	44614
39400018049	44460
39400018049	44697
39400018179	44458
39400018179	44681
39400018889	44388
39400018889	44640
39400018919	44508
39400018919	44738
39400019039	44753
39400019169	44494
39400019169	44734
39400019749	44413
39400019749	44566
39400028499	294688
39400028499	294690
39400103639	44665
39400103769	44580
39400106739	44465
39400106739	44628
39400113379	44398
39400205579	44489
39400217459	44403
39400227649	44399
39442031129	12481
39442039309	12480
39466000309	211863
39494000999	22671
39494001019	22672
39494160129	352040
39496001079	68939
39496001109	68932
39528024779	347445
39528200029	347433
39528620049	347448
39528620209	347438
39528700369	347456
39545007649	289740
39545007779	289749
39545097169	289754
39545099019	289751
39614419809	15708
39614441039	222976
39631000899	257644
39632002069	15809
39632006609	15823
39639014249	230635
39639051329	274439
39639101529	274463
39639206569	274517
39639605089	274518
39639605119	274481
39639605249	274512
39677071129	118651
39677310099	364926
39677312659	293738
39677370109	197064
39677862239	364927
39759076059	64140
39759086089	64119
39759086119	64123
39759156119	64201
39759156249	64147
39759159349	104052
39759347029	64153
39759348019	309221
39759519839	82191
39771141049	240378
39796002219	173051
39978001139	36526
39978001269	36478
39978001429	36800
39978001559	36539
39978001689	36783
39978001849	36465
39978002099	36869
39978002839	36627
39978003119	36867
39978003669	36537
39978003959	36588
39978004079	36476
39978004109	36865
39978004239	36777
39978004369	36593
39978004499	36467
39978004529	36461
39978004659	36791
39978004789	36764
39978005069	36475
39978005069	36481
39978005519	36647
39978005809	36695
39978006059	36885
39978006479	36480
39978006509	36803
39978006769	36499
39978009029	36734
39978009449	36681
39978009579	36877
39978009609	36678
39978009739	36484
39978009869	36596
39978011039	36641
39978013309	36888
39978013699	36576
39978013729	36784
39978013859	36660
39978015129	36532
39978015839	36519
39978023629	36510
39978029539	36677
39978033499	36587
39978033819	36544
39978034199	36703
39978103819	36818
39978113139	36656
39978114259	36483
39978114259	36483
39978114549	36566
39978114549	36607
39978114679	36502
39978114679	36561
39978114709	36562
39978115379	36794
39978121059	36452
39978121509	36851
39978533029	36893
40000011569	313311
4000001289	169693
400000203799	81984
400000272849	361289
400000317199	361905
40000058519	313280
40000133919	177595
40000211259	305825
40000226499	313266
40000248729	302926
40000251279	78949
40000264279	215209
40000305279	215151
40000313489	215215
40000324379	215215
40000347149	215153
40000378259	79046
40000379539	215215
40000393139	215046
40000414919	79038
40000420729	215215
40000422099	215153
40000422549	305826
40000438069	213464
40000441489	305844
40000457459	215189
40000459149	215265
40000472629	79047
40000473299	122069
40000482239	202515
40000483069	215215
40000483649	345032
40000483779	215160
40000485599	197159
40000485919	215159
40000490609	215153
40000490869	345044
40000493839	305862
40000494669	305820
40000494799	215094
40000494829	215094
40000494959	215130
40000495239	215105
40000495949	215110
40000497349	122067
40000498339	215153
40000498629	78966
40000499039	305822
40000502739	215133
40000503279	215105
40000503309	79096
40000503859	215215
40000504009	215088
40000504139	10999
40000505969	215124
40000506829	305847
40000506959	213453
40000507659	215239
40000508649	215215
40000509059	215098
40000510079	79097
40000510109	345065
40000510369	79079
40000512639	215153
40000512929	215109
40000513629	215209
40000515289	305825
40000516309	79078
40000517719	215273
40000518679	78946
40000521969	215051
40000522089	2465
40000522799	195423
40000523659	215064
40000525349	213448
40000525349	213462
40000525509	345030
40000525639	305851
40000526629	215153
40000531449	79032
40000531579	215153
40000534419	215269
40000535829	79036
40000536109	215192
40000537489	79032
40000539209	215215
40000540359	305827
40000541059	215242
40000541349	215127
40000542919	215054
40000543879	305790
40000543879	305791
40000544579	345039
40000546009	169045
40000547839	215215
40000549079	215120
40000550129	215108
40000550259	215127
40000551829	345051
40000551829	345053
40000552079	305851
40000553229	79047
40000554349	215147
40000554479	305847
40000557579	215187
40000557739	215227
40000560289	202484
40000561019	215215
40000561439	215174
40000562689	215272
40000563549	345057
40000563679	215183
40000565079	305828
40000566229	79047
40000566809	215266
40000571209	79114
40000571919	78987
40000572619	305836
40000572909	213439
40000573449	2465
40000573869	202486
40000576099	78964
40000579779	215215
40000580089	215105
40000580089	215105
40000581239	215160
40000582649	215142
40000583639	79038
40000584209	78988
40000584889	215121
40000586289	78985
40000586739	79025
40000588429	79034
4000161060109	228778
40015504889	265354
4002309009179	231247
4003006915039	316825
4006939083219	177399
40100000449	311158
40100001569	311149
40100001989	311167
40100007219	98326
40100009299	98355
4012719	311205
4012839568589	272022
40129201469	156194
40129201919	156183
40129500739	156206
4020019	311138
4022309	215209
40232021589	122531
40232070969	164249
40232076749	101185
40232088339	38347
40232098529	226241
40232140679	303098
40232185229	101393
40232189159	189148
40232231919	168731
40232235719	183970
40232243929	320463
40232247309	50390
40232271519	38876
40232302589	192006
40232303029	230696
40232325199	85102
40232325199	85105
40232348679	168330
40232362729	132021
40232388019	341978
40232433849	192005
40232437359	324538
40232440809	265056
40232456459	269134
40232471339	318842
40232474729	343498
40232482809	35655
40232520259	267864
40232598319	244186
40232640629	157483
40232662089	51697
40232664809	43367
40232667299	320218
40295508669	232739
40295509659	232738
4030919	311161
40345000099	40326
40400020079	80253
4040509	345059
4056489211839	185447
40594213929	45691
40600000109	153409
40600224239	153402
40600361439	153397
4060309	2465
4061458021869	8199
4061458047029	145447
4061461281939	213632
4061462987069	213648
4061463964519	213662
40697600459	46292
40697640479	46295
40697680079	46331
40697700289	46280
40697712039	46398
40697713159	46290
40697740599	46326
40697740599	46396
40784880009	304691
40811070519	215468
40817010069	13510
40822011549	280329
40822011549	280329
40822011969	280331
40822011969	280332
40822043229	287808
40822341189	280286
40822341349	280296
40822342049	280275
40822343619	280348
40822344609	280353
40822345729	280328
40829109089	46599
40829110689	46596
40829152559	55267
40900300879	69812
40913021129	163278
40913021969	163269
40913023109	163274
40962483329	43821
40976310239	118653
4099100000139	299312
4099100000429	20975
4099100002089	230640
4099100002539	190820
4099100002959	271078
4099100003789	103753
4099100004069	54567
4099100004649	308379
4099100005769	130653
4099100008319	188825
4099100017939	213601
4099100020779	213595
4099100020809	213624
4099100025859	190809
4099100028829	213623
4099100029659	106140
4099100029819	106159
4099100030679	195675
4099100031089	213603
4099100032109	40392
4099100032239	25820
4099100038149	13820
4099100039009	54570
4099100039429	288320
4099100039559	195692
4099100040609	25819
4099100041439	288318
4099100050219	301705
4099100051339	25823
4099100051759	8230
4099100052619	103757
4099100054729	97854
4099100054859	318832
4099100058529	275878
4099100060669	106164
4099100060799	190812
4099100062069	50371
4099100063219	195681
4099100066579	315969
4099100066609	271057
4099100066739	58350
4099100069099	271067
4099100070019	195673
4099100072839	97855
4099100073959	315959
4099100079319	288321
4099100079449	192657
4099100081619	318830
4099100082999	188830
4099100083569	188841
4099100083989	323035
4099100088489	288310
4099100089899	8223
4099100094169	344612
4099100095609	230088
4099100095869	230090
4099100103069	247349
4099100106909	288299
4099100107029	20632
4099100107609	20621
4099100111699	134831
4099100113969	125143
4099100115949	213614
4099100116199	213619
4099100116359	84025
4099100116649	84028
4099100118599	26026
4099100119589	85604
4099100123289	40502
4099100123869	263031
4099100128789	85602
4099100134629	8206
4099100138429	8195
4099100138689	44241
4099100139549	192661
4099100140859	106144
4099100174939	8201
4099100189919	64971
4099100215359	224471
4099100227369	81892
4099100263749	310762
4099200405339	8182
41000005459	188130
41000005749	188164
41000006029	368781
41000006579	368889
41000006609	368824
41000006739	187965
41000006739	188039
41000006999	188007
41000007699	172554
41000007729	172572
41000008139	188009
41000008429	188083
41000008689	188049
41000009389	172486
41000009419	172553
41000012129	368905
41000022319	172550
41000022739	172454
41000022869	172512
41000022869	188089
41000034879	187967
41000130519	368904
41000143809	188068
41000197659	187939
41000214899	270841
41000215179	172481
41000252099	172474
41000281389	368795
41000301209	362273
41000328169	187961
41000331329	368864
41000332289	187961
41000334399	188075
41000353079	121738
41000358449	368793
41000360039	368799
41000427039	187974
41000454899	121737
41000487309	121730
41000493119	188010
41000531729	187943
41006000649	212547
41006000809	52870
41006000809	284671
41006016329	74677
41006090329	74681
41006098509	76873
410495080829	350531
410525116719	95689
411010984509	104787
41114785469	116288
41114785469	116289
41114786169	116293
41114786169	116294
41114830169	116267
41114830169	116269
41115286019	124659
41116001109	273151
41116011979	23467
41116024979	273156
41116043239	23464
41116212109	19216
41116262739	273166
41116263149	273186
41116306099	162402
41118000049	84404
41118000049	84408
41129000229	58466
41129000229	58466
41129000489	58466
41129001509	58400
41129002759	259320
41129010259	259297
41129015179	259319
41129020449	259302
41129020609	259298
41129060629	259305
41129077009	58416
41129077009	58416
41129077429	58450
41129632109	58405
41129632109	58405
4112969	58456
41130005169	65063
41130024979	94645
41130053689	65056
41130069499	87160
41130209369	321325
41130209529	55956
41130210099	321310
41130210129	321344
41130210259	321340
41130210419	321339
41130210679	321390
41130210709	321317
41130210969	321331
41130211669	321303
41130212499	321400
41130212529	321906
41130212659	321375
41130212819	321385
41130261039	65050
41130270079	49721
41130270239	49726
41130271199	49724
41130285219	291672
41130286049	291756
41130286629	291759
41130286759	291722
41130286889	291893
41130286919	291742
41130289019	291807
41130289149	291743
41130289309	291708
41130289439	291794
41130289569	291796
41130289699	291650
41130289729	291702
41130289859	291719
41130303289	291821
41130304309	291766
41130305399	291715
41130307379	291651
41130307669	291771
41130310249	291695
41130310669	291844
41130310799	291883
41130310829	291689
41130310959	291704
41130311079	291725
41130311819	291852
41130348259	291634
41130354779	291599
41130356599	291606
41130382079	68234
41130382239	68178
41130382529	68253
41130382659	68189
41130382789	68230
41130382819	68223
41130383199	68351
41130383229	68319
41130386169	68400
41130386909	68183
41130387869	68302
41130388149	68340
41130388279	68337
41130388309	68338
41130388439	68251
41130388569	68330
41130388859	68279
41130388989	68269
41130389009	68266
41130389269	68404
41130389429	68264
41130389689	68220
41130389849	68300
41130389979	68293
41130463679	67664
41130470059	67430
41130483219	67674
41130483349	67666
41130497469	347173
41130582479	295324
41130582639	220764
41130582769	321883
41130592379	67534
41130592669	67544
41130592799	67587
41130592829	67542
41130599149	347163
41130599279	321885
41130599439	321866
41130599569	347193
41130599699	347194
41130599859	230737
41130613579	316167
41130614019	316164
41130614149	316194
41130614279	316178
41130614439	316165
41130810879	15614
41130811029	15616
41130811999	15631
41130812149	15625
41130812279	15613
41130812309	15605
41130989339	321322
41133301299	35286
41133501279	35287
41133534499	35284
41143024539	319343
41143024539	319470
41143029039	319338
41143049419	319364
41143049419	319525
41143050439	319409
41143050439	319483
41143054369	319490
41143059869	319411
41143070079	319391
41143070079	319440
41143070109	319453
41143079539	319426
41143089569	319332
41143089569	319501
41143090879	319432
41143097939	319455
41143185209	319481
41143190739	319510
41143510049	319318
41143510339	319446
41143511039	319449
41144652809	4009
41144777649	7975
41144798699	8012
41144832959	7982
41148473059	185325
41148473769	185314
41148491459	185323
41152102419	223802
41152121229	74114
41152310029	278430
41152422029	59750
41152423569	60364
41152500239	278433
41152995189	59715
41153000059	284056
41163164109	8009
41163434639	8004
41163458789	8000
41163458819	8016
41163494879	7976
41163496699	315776
41164002219	218544
41164002219	218573
41164008419	218537
41168110309	17658
41168303459	203053
41172810509	2491
41172810639	2492
41172812909	269382
41172813159	269397
41174232309	274872
41174371039	274869
41186153609	12031
41186172129	12019
41186172419	12020
41186180049	12016
41186187109	12009
41186187659	12022
41186387509	12033
41188040709	107916
41188041669	107935
41188045049	107914
41188046749	107928
41188047289	107930
41188048149	107918
41188109789	107900
41188111539	107905
41188130509	107916
41188847179	25055
41190000869	294458
41190000999	293653
41190002009	292821
41190002269	292721
41190002269	293546
41190003679	291962
41190004089	293800
41190004119	292863
41190004539	292541
41190005789	293593
41190006069	292773
41190006069	292773
41190006199	292040
41190006519	292421
41190006809	291953
41190007899	292428
41190007929	352525
41190008179	294290
41190008209	294290
41190008339	292127
41190008469	292629
41190008599	294554
41190008629	293899
41190010189	292795
41190011209	293791
41190012879	292828
41190013029	293870
41190013739	293848
41190014309	294187
41190015399	293584
41190015429	292204
41190015979	292485
41190016549	292483
41190017119	294325
41190019229	293538
41190021109	292140
41190021529	294547
41190022229	292861
41190023059	292130
41190023219	294458
41190023899	293544
41190030699	293766
41190032259	292108
41190034239	292931
41190036189	292139
41190038459	292436
41190038879	293867
41190039289	292138
41190039579	292443
41190039869	293517
41190042289	292683
41190042319	294396
41190042579	293097
41190042609	293858
41190042869	292163
41190042999	293196
41190043019	293360
41190043149	292400
41190043699	293911
41190044269	292877
41190044429	292898
41190044559	293748
41190044689	292005
41190044719	292287
41190044849	293734
41190045129	293136
41190045839	293703
41190046249	292203
41190046539	292919
41190047369	294413
41190047499	292009
41190047659	292872
41190048229	292893
41190048359	292976
41190048489	293661
41190048649	293713
41190048779	293141
41190049639	292589
41190050369	255132
41190050659	292251
41190051199	294272
41190051779	293118
41190051809	292294
41190051939	291944
41190052189	294326
41190052349	292718
41190052509	293091
41190052769	293536
41190053339	293708
41190053759	292295
41190053889	293012
41190054299	292808
41190054589	292376
41190054619	292413
41190055159	364940
41190055289	293246
41190055319	293196
41190055449	293254
41190055579	293455
41190055609	293450
41190055609	364943
41190056019	293353
41190056729	293417
41190057399	293389
41190057429	293447
41190057689	364939
41190057719	293442
41190057979	293270
41190058419	293387
41190058679	292768
41190058709	292903
41190059089	294526
41190059799	293165
41190059959	294495
41190060139	292808
41190060399	293091
41190060689	293335
41190061099	292067
41190061129	292337
41190061549	293397
41190061839	293221
41190062379	292800
41190062409	294286
41190062799	291960
41190062829	292943
41190062959	293698
41190063819	292063
41190064199	293299
41190064779	293394
41190064809	293373
41190064939	292482
41190065189	293400
41190065219	294493
41190065929	293030
41190066339	291981
41190066599	292530
41190066759	294040
41190067589	293919
41190067749	292378
41190068289	293923
41190068319	294165
41190068869	292254
41190068999	294085
41190069019	294018
41190069149	294083
41190069279	294161
41190069439	292977
41190069569	294468
41190069729	293980
41190069859	291975
41190070039	294133
41190070909	293283
41190071289	293422
41190071319	293422
41190071449	293169
41190071609	293650
41190072279	293925
41190072309	292141
41190072569	293799
41190072699	292277
41190072729	294471
41190072989	293990
41190073009	293989
41190073139	293592
41190073269	293682
41190073399	292470
41190073429	293684
41190073559	294152
41190074099	292065
41190074259	293587
41190074419	293941
41190074549	294082
41190074679	292816
41190074709	294280
41190074839	293731
41190075089	292782
41190075249	294472
41190075379	293493
41190075409	293479
41190075539	293566
41190075669	293293
41190075799	294268
41190075829	292606
41190075959	294143
41190076079	292101
41190076109	292110
41190076239	292486
41190076369	293760
41190076499	292308
41190076789	292377
41190077489	292851
41190077649	294292
41190077779	294532
41190077809	294308
41190077939	293785
41190078929	293271
41190079339	292238
41190079599	294202
41190079629	292238
41190080069	293957
41190080199	292804
41190080229	292395
41190080359	292757
41190080649	293976
41190080939	293557
41190081059	291970
41190081189	292909
41190081219	292265
41190081349	293100
41190081479	294177
41190081509	292639
41190081639	293981
41190081769	292239
41190082049	292108
41190082179	294422
41190082599	292687
41190082889	294412
41190083169	294192
41190083459	292462
41190083589	293577
41190083619	293764
41190083749	292760
41190084159	294504
41190084319	292405
41190084449	294466
41190085279	293945
41190085309	292195
41190085439	292021
41190085989	293595
41190086009	293505
41190086269	293155
41190086689	292197
41190086719	294248
41190087259	292010
41190087709	293039
41190400959	293151
41190403059	294548
41190403769	294519
41190406739	294258
41190406999	292959
41190407149	292752
41190407569	293084
41190408269	293303
41190408399	292727
41190408719	293183
41190408849	293788
41190408979	294300
41190409129	38971
41190409259	292982
41190409389	294429
41190409549	293675
41190409679	294096
41190409839	292626
41190409969	98231
41190410019	294058
41190410439	292153
41190410569	293568
41190410989	294519
41190411009	292426
41190411139	294204
41190411269	294532
41190411429	38979
41190411429	294214
41190411689	292172
41190411719	292926
41190411979	292079
41190412099	294386
41190412259	293504
41190412389	291932
41190412679	292028
41190412969	292647
41190450329	292666
41190451029	292679
41190457939	292566
41190458639	292387
41190459049	293839
41190459209	294265
41190459469	294337
41190459889	291913
41190460229	293874
41190461509	294461
41190462049	294237
41190462339	292696
41190463169	293519
41190463749	292557
41190463879	292410
41190464319	294598
41190464449	292690
41190464609	293125
41190465279	293320
41190465569	293074
41190465989	292231
41190466009	294399
41190466269	293556
41190466399	293249
41190466429	293286
41190466559	291937
41190466719	294419
41190466849	294186
41190467129	293480
41190467259	294535
41190467419	294289
41190467709	291946
41190467969	294289
41190468089	292102
41190468119	293032
41190468379	292493
41190468669	292719
41190468799	292859
41190468829	293003
41190468959	293108
41190469079	293822
41190469109	293074
41190469369	292343
41190469529	291925
41190469659	294333
41190469949	292023
41190470099	291904
41190470129	291911
41190470389	292353
41190470419	294247
41190470679	294237
41190470709	294242
41190470839	294245
41190471089	292316
41190471119	292313
41190471379	294259
41190471669	293582
41190471799	294002
41190471829	293996
41190472109	292566
41190472949	293512
41190473939	293725
41190474349	293329
41190474509	292433
41190474769	294114
41190570379	292580
41190575619	292641
41190576159	292007
41190576319	294477
41190576609	293600
41190576739	293626
41190576869	294479
41190576999	291995
41190577019	292307
41190577149	293931
41190755479	258697
41190756889	258681
41190757589	258728
41190757749	258625
41190760879	258641
41190760909	258717
41190761609	258657
41190761739	258722
41190761999	258687
41190762019	258724
41190762569	258644
41190762699	258738
41190762729	258710
41191083809	205455
41191230289	205456
41192101069	89873
41196010329	260774
41196010619	260818
41196020229	260698
41196020359	260595
41196102659	260667
41196111859	260712
41196123289	260752
41196129199	260710
41196129199	260710
41196129939	260721
41196129939	260721
41196133059	260605
41196133059	260684
41196139969	260692
41196141139	339104
41196404739	111333
41196406979	260579
41196419429	260702
41196421699	260756
41196438369	260607
41196440829	260647
41196445749	260822
41196464429	260585
41196464559	260586
41196474749	260831
41196486599	111326
41196805499	260739
41196890129	260577
41196891089	260679
41196910759	260771
41196911169	260796
41196914139	111340
41198005019	157768
41200017009	157923
41200033689	157853
41200033689	157918
41200033719	157906
41200033719	157907
41200042209	157948
41200097209	157885
41200097759	157866
41200099289	157955
41200104549	233922
41200104549	233924
41200104679	157860
41200104709	157926
41200104709	157941
41200104839	233925
41200104839	233934
41200104969	157943
4120041709	39389
41208010309	327148
41220007479	140018
41220021819	52617
41220031139	139847
41220037469	139938
41220047789	140034
41220052189	140182
41220052219	139720
41220088539	139756
41220089529	144604
41220102709	139796
41220109579	139966
41220109609	139966
41220131969	140172
41220136919	144565
41220137299	140289
41220158829	144545
41220171859	144491
41220172849	139866
41220183579	140241
41220189069	140499
41220189199	140557
41220193219	140491
412201950379	140334
41220197569	139947
41220199709	139709
41220201259	139965
41220202409	144644
41220210169	139954
41220215089	140212
41220235339	139985
41220253609	328780
41220272419	139710
41220278459	144595
41220278909	144486
41220285709	140247
41220301379	140074
41220329519	140522
41220331949	139995
41220336159	140562
41220337279	140472
41220341559	140271
41220342679	245984
41220342709	52663
41220343119	140204
41220345939	139863
41220346189	140102
41220352609	140527
41220414789	139693
41220414819	139927
41220422579	139708
41220443079	144461
41220459889	139663
41220475339	140420
41220487059	139659
41220498499	139780
41220498529	140337
41220498789	140268
41220498819	139726
41220500369	139840
41220520459	144614
41220544219	140072
41220547999	144639
41220548019	144499
41220557639	139891
41220573349	140171
41220576289	140527
41220622689	140445
41220632039	139733
41220633029	140501
41220652389	144607
41220660889	140508
41220660919	140248
41220662449	140411
41220672929	144613
41220687749	139732
41220707829	139870
41220729869	140050
41220734009	139769
41220743179	139748
41220758609	52597
41220760589	140046
41220760619	140046
41220780679	144576
41220793709	140434
41220803019	140160
41220810239	140051
41220827909	140228
41220831869	140123
41220836499	140350
41220836529	139888
41220841639	140054
41220850839	139808
41220852789	52569
41220854189	139813
41220862429	139781
41220862719	139923
41220863549	140558
41220864089	140175
41220864119	140173
41220874019	144505
41220876259	140035
41220881949	139827
41220883929	139805
41220892259	139936
41220893539	139944
41220907809	139690
41220914289	144481
41220923939	144539
41220931699	139773
41220931729	139806
41220934379	140023
41220945719	140059
41220946419	144586
41220950379	140334
41220952809	52611
41220961849	139704
41220964499	140129
41220968169	139695
41220971879	140235
41220971909	52668
41220972579	139886
41220973569	139784
41220973859	139871
41220975099	139754
41220976249	139809
41220977529	140076
41220977949	139731
41220979479	140015
41220979509	140295
41220979769	140199
41220980789	140333
41220980819	139682
41220983469	140476
41220987269	140097
41220989379	144534
41220996759	140376
41220996919	139814
41224163249	275234
41224212329	274960
41224402409	275099
41224402409	275099
41224408289	275075
41224425309	275221
41224448469	275023
41224456389	275044
41224456969	275279
41224458369	275161
41224604469	274996
41224700369	274992
41224701489	275140
41224703469	275245
41224705289	275058
41224707269	275013
41224711969	275249
41224712409	275015
41224714809	275170
41224717329	275156
41224721869	275162
41224723009	274994
41224724709	275243
41224728509	275173
41224835009	275143
41224837409	275028
41224840089	275278
41224841109	275252
41224846609	275024
41224855069	78152
41224870109	275203
41224871229	275177
41224871229	275209
41224872509	275085
41224872509	275246
41234010359	205099
41234011189	205118
41234807119	204872
41234807119	204872
41235000359	218464
41235000359	218478
41235000519	218470
41235000779	218482
41235000809	218494
41244091089	202700
41244990429	202716
41250000549	206674
41250000679	202282
41250002499	206043
41250002529	207864
41250003779	209863
41250010029	209782
41250025979	207114
41250034629	207702
41250048459	206952
41250051879	207308
41250057369	208659
41250066859	209934
41250087779	209142
41250087809	208885
41250099659	202247
41250100409	209974
41250143819	207716
41250145509	206853
41250171829	206733
41250174219	209404
41250207559	206102
41250209119	207153
41250209799	207333
41250501459	209155
41250505549	209779
41250508809	206392
41250561989	209896
41250562849	208739
41250564829	208611
41250568629	206313
41250641469	206351
41250644859	207026
41250656449	207362
41250660279	206931
41250660859	207971
41250663829	206489
41250667759	210065
41250674849	206564
41250678939	206500
41250679059	208942
41250689409	206800
41250691549	206467
41250828389	209654
41250841289	207878
41250856689	207006
41250858799	208737
41250877189	207121
41250878469	208795
41250913139	205839
41250938279	210065
41250938309	210061
41250938439	207291
41250939979	206145
41250941439	207139
41250941569	210014
41250941699	208292
41250941859	209606
41250942009	208286
41250942139	209240
41250942269	207998
41250946359	208266
41250946489	207147
41250946779	209898
41250946809	209062
41250947479	209333
41250949039	207159
41250950509	208230
41250950899	208481
41250953029	208258
41250953869	206338
41250957669	206247
41250963349	209656
41250963639	207649
41250963929	206119
41250966579	206970
41250966609	207895
41250969259	207940
41250990789	202268
41253000379	222108
41253000409	222108
41253000669	222105
41253008009	222106
41253009709	222096
41253095009	222121
41253102219	222135
41253376009	222090
41255431799	80812
41255432079	80835
41255836129	80666
41255836259	80810
41258081809	370610
41259212509	21381
41259214749	21390
41259501689	21392
41260004179	299823
41260005459	175342
41260015779	260016
41260049569	299535
41260333309	299782
41260362729	175209
41260368899	175167
41260368929	176120
41260373909	175877
41260376399	260182
41260378539	299880
41260381959	259708
41260384509	300420
41260384639	176831
41260384929	300036
41260386879	177034
41260695759	170266
41262270169	368698
41262270459	368638
41262270589	368616
41262270749	368632
41262270909	368638
41262271029	368712
41262271289	368574
41262271739	368606
41262273429	368531
41262273429	368532
41262273719	368523
41262273979	368623
41262274099	368629
41262274679	368534
41262275539	368524
41262275799	368578
41262275799	368578
41262278189	368655
41262278349	368674
41262281479	368662
41262281479	368685
41262281509	368534
41262281509	368534
41262281639	368577
41262281639	368577
41262281769	368676
41262282469	368509
41262282599	368670
41262283039	368583
41262283329	368613
41262283879	368546
41262284159	368680
41262284319	368659
41262284449	368520
41262284449	368714
41262285279	368690
41262285279	368690
41262286689	368629
41262286719	368694
41262286719	368696
41262286979	368585
41262286979	368585
41262287129	368716
41262287549	368642
41268109029	133236
41268109579	134222
41268109609	133948
41268109739	133083
41268109869	132727
41268111459	133008
41268111619	132820
41268112449	133002
41268112579	133665
41268113569	133675
41268113859	133783
41268115129	133502
41268115259	133766
41268117529	133856
41268117949	132701
41268118069	134184
41268118359	133690
41268119059	133026
41268120079	133751
41268121779	133840
41268122219	133913
41268122639	133128
41268123179	134120
41268124459	134018
41268124879	132971
41268125159	133331
41268126439	133275
41268127009	132909
41268128129	133228
41268129249	132824
41268133079	133813
41268137909	133127
41268138739	133722
41268140169	133092
41268142439	133198
41268146079	134103
41268148899	133125
41268149179	133039
41268149209	133816
41268149339	134185
41268153909	132810
41268156139	133312
41268157549	132989
41268158409	132992
41268159789	134251
41268159819	133457
41268160549	133051
41268161249	133356
41268161829	133678
41268162819	134258
41268164219	133643
41268164639	134021
41268166749	133588
41268166909	133056
41268168019	133963
41268169429	133839
41268171149	132997
41268171439	132747
41268171569	133068
41268172399	133688
41268173099	132759
41268174119	134016
41268176199	133340
41268177639	133742
41268177769	132798
41268177899	133916
41268179299	133260
41268180059	133205
41268180509	132812
41268181469	134226
41268181759	133781
41268182879	132908
41268182909	132931
41268184699	134260
41268184729	132954
41268185009	133131
41268186419	134010
41268187249	132657
41268188529	133466
41268188789	132694
41268188949	134042
41268189069	133053
41268189779	133882
41268190119	134256
41268190249	133572
41268190379	134150
41268190829	132874
41268190959	132883
41268191369	134065
41268191499	132967
41268191529	132982
41268191819	133804
41268191949	133975
41268192069	133114
41268192229	133118
41268192489	133266
41268192519	134128
41268192779	132980
41268192809	133695
41268192939	134088
41268193219	133686
41268193349	133958
41268193479	134073
41268193639	133484
41268193769	134230
41268193899	134230
41268193929	133420
41268194179	133566
41268194339	132907
41268194759	133305
41268194889	133575
41268194919	133930
41268195039	133579
41268195169	132975
41268195329	133116
41268195459	133278
41268195589	134181
41268195619	134181
41268195749	132728
41268195909	133554
41268196159	134241
41268196289	134189
41268196319	134192
41268196999	133815
41268197019	133246
41268197149	133954
41268197439	133589
41268197569	134110
41268197699	134154
41268197729	134015
41268197859	133627
41268197989	133632
41268198139	133040
41268198979	133376
41268199099	132823
41268199129	132885
41268199389	133059
41268199419	133517
41268199549	133459
41268199679	133411
41268199709	133401
41268200009	134200
41268200139	133780
41268200429	133980
41268200559	132834
41268200979	133300
41268201099	132877
41268201129	133600
41268202089	134095
41268202539	133079
41268203529	133833
41268204489	132713
41268204649	132819
41268204779	133822
41268204939	132736
41268205639	133917
41268206179	133909
41268206759	133754
41268208579	133774
41268208609	133777
41268209149	133034
41268209439	133598
41268209569	133817
41268209699	133308
41268209729	134025
41268209989	134274
41268210169	134270
41268210329	132882
41268210909	132731
41268211579	133438
41268211609	132803
41268211739	133020
41268211869	133073
41268212859	133440
41268213719	132900
41268214709	132691
41268215119	132730
41268215829	133874
41268216079	133549
41268216239	132916
41268216529	133032
41268216659	133712
41268216949	133650
41268217229	133606
41268217489	133787
41268217519	134036
41268217939	134056
41268218899	132717
41268219469	133528
41268220809	132718
41268221219	133463
41268250769	133711
41268250899	132712
41268251049	133757
41268766239	132891
41268769469	133872
41268803309	133007
41269001919	244559
41269001919	244608
41269206659	371678
41269208219	244591
41269300159	244476
41269306359	244486
41269306649	244447
41269405069	244461
41269405069	244488
41269406219	244545
41269406899	244497
41269406929	244503
41269407209	244517
41269407599	244493
41269409289	244444
41269409609	244646
41269509019	244568
41269518219	244485
41269607029	244591
41270002059	153856
41270002189	153818
41270005609	153977
41270008099	154303
41270008389	154009
41270011969	154001
41270012119	154097
41270012539	154122
41270014229	154416
41270015349	154182
41270016629	154117
41270023559	154371
41270024549	154231
41270025089	154439
41270026949	154205
41270027229	154016
41270027359	153920
41270028479	154286
41270029599	154394
41270031769	154248
41270036689	154110
41270037679	153916
41270038829	154064
41270039109	154299
41270040709	153853
41270042239	154189
41270043809	154273
41270044509	154296
41270049849	154128
41270064149	153898
41270064989	154436
41270277709	154090
41270319539	154307
41270319669	153945
41270446259	153881
41270461719	154108
41270461849	154106
41270485579	154074
41270485869	154319
41270489089	154143
41270811989	153931
41270812979	154199
41270815079	153989
41270815109	153992
41270818049	153871
41270819169	153878
41270820769	154118
41270828499	154037
41270830379	154352
41270830669	154380
41270831109	154018
41270834209	154027
41270837729	153820
41270850049	154326
41270873369	154255
41270874809	154045
41270876049	153869
41270878449	154382
41270879279	154095
41270880169	154072
41270882729	153957
41270883429	153822
41270891769	154291
41270892629	153813
41270893879	153844
41270895149	153902
41270897129	154227
41270898089	154180
41270929219	154439
41270929509	154386
41270930949	154387
41270937429	154003
41270949989	154213
41271008319	155609
41271009569	155611
41271009569	155638
41271017519	155663
41271021219	155680
41271021509	155679
41271022629	155736
41271022759	155649
41271022759	155669
41271022759	155782
41271024159	315798
41271024159	315816
41271027419	80994
41271027709	155597
41271027709	155597
41271027709	155655
41271027969	155634
41271029079	315868
41271029499	80967
41271029499	80998
41271029499	81006
41277233289	372782
41278124579	24857
41278180179	157557
41278430199	24868
41278547859	24866
41278576439	24864
41278576699	24850
41278576729	24880
41278576859	24876
41278627339	24856
41280042199	159145
41282011889	145685
41282011919	145687
41282047949	145597
41282923809	145680
41282928989	145600
41282979639	145690
41282995219	145682
41290011659	251964
41290018269	251943
41290031329	252033
41290032739	251957
41290051389	252006
41290052249	251899
41290052379	252041
41290099299	252065
41290104269	252050
41290105679	251981
41290105709	251849
41290108519	251984
41290108649	252013
41290112349	251855
41290113049	251859
41290204839	252017
41290207649	252016
41290351779	251862
41290371319	251969
41290381189	251948
41290381219	251973
41290411299	251974
41290421359	251999
41290421649	251851
41290783679	251877
41299100729	76471
41299115129	76470
41303000069	87697
41303000489	87683
41303000519	87669
41303000649	88475
41303000809	88891
41303000939	87386
41303001059	88169
41303001189	87199
41303001349	88196
41303001509	88054
41303001639	87890
41303001769	88129
41303001899	88529
41303001929	88727
41303002049	88401
41303002179	87551
41303002339	87465
41303002469	87337
41303002599	87091
41303002629	87094
41303002889	88853
41303003169	88033
41303003329	87990
41303003459	88404
41303003589	87935
41303003619	88740
41303003749	87620
41303003879	88885
41303003909	88546
41303004159	88177
41303004449	87134
41303004609	88596
41303004739	87127
41303004869	88226
41303005149	321911
41303005279	87908
41303005309	88109
41303005439	87631
41303005569	88679
41303005699	87632
41303005729	87983
41303006269	87403
41303006399	87425
41303006429	87432
41303006689	87548
41303006849	88231
41303007099	87484
41303007129	87702
41303007969	87941
41303008089	88514
41303008119	88701
41303008249	88112
41303008379	88375
41303008409	88268
41303008539	87115
41303008799	87822
41303008829	88260
41303009239	87081
41303009369	87080
41303009659	87581
41303009789	88536
41303009819	88542
41303009949	88289
41303010099	88525
41303010129	88537
41303010419	87460
41303010549	88188
41303010679	87576
41303010709	87437
41303010839	88315
41303011249	88803
41303011379	88837
41303011409	88016
41303011799	87284
41303011829	87751
41303011959	88318
41303012109	88800
41303013939	88414
41303014189	88081
41303014219	88561
41303014479	88249
41303014509	88718
41303014929	87315
41303015049	88029
41303015179	88302
41303015209	87197
41303015339	88913
41303015629	88660
41303015759	88732
41303016039	88045
41303016299	88068
41303016329	88069
41303016619	88263
41303016749	87184
41303016879	87538
41303016909	87536
41303017029	87189
41303017159	88752
41303017289	87956
41303017319	88083
41303017449	88790
41303017579	88277
41303017609	88908
41303017739	87175
41303017869	87705
41303018019	87636
41303018279	88875
41303018569	88797
41303018859	87652
41303018989	87428
41303019009	88290
41303019269	87106
41303019399	88384
41303019429	88389
41303019559	87137
41303019849	88246
41303019979	88706
41303020159	88377
41303020289	88661
41303020319	88820
41303020449	88210
41303020999	88620
41303021019	88866
41303021149	87581
41303021279	87827
41303021439	87954
41303021569	88624
41303021699	88425
41303021729	88672
41303024799	88492
41303024829	88491
41303024959	87713
41303025079	87723
41303025369	87479
41303025499	87102
41303025529	88874
41303025659	87986
41303025949	87065
41303026069	87224
41303026939	88736
41303027349	88779
41303027639	87691
41303027769	88848
41303027929	88696
41303028629	87438
41303029879	88364
41303031049	87541
41303031179	87500
41303031209	87142
41303031339	88646
41303036709	88281
41303036839	88270
41303037089	87793
41303037669	88446
41303037799	87955
41303038659	87174
41303039229	88306
41303039359	88080
41303042519	87149
41303043929	87542
41303045459	88156
41303046289	87264
41303046319	87895
41303046579	87376
41303046609	88349
41303047149	87638
41303048559	88610
41303049129	88617
41303051139	87749
41303051269	88444
41303051559	87615
41303051849	87858
41303051979	88754
41303052679	87478
41303052709	87594
41303053119	87409
41303053959	88904
41303054079	88759
41303054109	87559
41303054369	87531
41303054499	88058
41303054789	87567
41303054819	87242
41303056639	87921
41303057469	87158
41303058459	87826
41303058589	88600
41303058619	87886
41303058879	88445
41303058909	87209
41303059579	87747
41303059609	88150
41303059869	87564
41303061589	88417
41303061619	88101
41303061909	88362
41303062289	87233
41303062319	87729
41303062579	87656
41303062609	88905
41303062739	87783
41303062869	88431
41303063019	87338
41303063149	87887
41303063279	88799
41303063729	87646
41303063859	87216
41303064559	87957
41303064689	88303
41303064719	88576
41303065969	87678
41303066669	87842
41303067499	88071
41303069219	87435
41303069349	88670
41303071199	87274
41303071229	88153
41303072929	88694
41303073339	88678
41303074039	88212
41303074299	88858
41303074329	88708
41303074909	88165
41303075999	87789
41303076019	88794
41303076149	87703
41303076569	87080
41303076729	87953
41303080009	87102
41303081419	87170
41303083109	88292
41303083499	87109
41303086049	87360
41303087459	88072
41303087589	88560
41303092729	87266
41303092859	88174
41303092989	88864
41303093009	87467
41303093269	87603
41303098639	87312
41303099209	87226
41303100059	87362
41303100189	87298
41303100349	87146
41303100509	87126
41303100639	88369
41303102749	87685
41303103289	87299
41303820209	88239
41303820599	321908
41308000279	268967
41308010629	258064
41308260079	203302
41313019129	4375
41313024949	4385
41313047009	4410
41313049539	4416
41313049669	4413
41318010039	284940
41318010329	285249
41318010459	285260
41318010589	286518
41318010619	286126
41318010749	285255
41318010879	285856
41318011029	284939
41318011319	285572
41318020069	285540
4131802019	285926
41318020199	285927
41318020229	286377
41318020359	284950
4131802039	286561
41318020649	286561
41318020779	285600
41318020809	286449
41318020939	286152
4131802109	285879
4131802119	285415
41318021219	285881
41318021349	285965
4131802139	285736
41318021509	285964
41318021899	286177
4131803009	286390
41318030099	285995
41318030259	285008
41318030679	285182
41318031089	286442
41318031119	285313
41318031249	285667
41318031379	285177
41318031829	285175
41318050189	286695
41318050639	286162
41318060249	285972
41318080049	285622
41318091649	285733
41318092349	284983
41318092639	285546
41318092769	285944
41318093629	284785
41318094299	286218
41318094329	68093
41318094619	286261
41318096989	286429
41318097139	286300
41318097979	285844
41318098969	286151
41318100259	285241
41318100389	284754
41318100549	285487
41318100709	285019
41318100969	286616
4131810099	284783
41318101089	285400
41318101249	286610
41318120059	286558
41318120189	284865
41318120219	285004
41318120349	285672
41318120639	286499
41318120769	286558
41318131499	285756
41318150599	285722
41318151749	285723
41318151879	285724
41318152029	285112
41318180169	68137
41318180299	68081
41318180589	286005
41318180879	285278
41318180909	285932
41318181029	285420
41318181159	285101
41318181289	286492
41318181449	285099
41318181609	285788
41318181999	286488
41318182019	286483
41318182309	285833
41318182569	67993
41318182699	285785
41318182729	286005
41318182859	286572
41318190229	285656
41318190489	286249
41318190519	286247
41318190939	285794
41318191769	285065
41318192179	285863
41318192209	285334
41318192339	284806
41318192919	285721
41318193039	68096
41318193169	286512
41318200119	286192
4131820019	285435
41318200379	285823
41318200829	286206
41318200959	285800
41318201079	68086
41318201109	68051
41318210149	286220
41318210279	285805
41318210309	286071
4131821049	284913
41318210859	285359
41318211139	67972
41318211269	285214
41318220049	285923
41318220179	286782
41318220919	284919
41318221039	286225
41318221299	286380
41318221329	286401
41318221589	285261
41318221879	68047
41318221909	68120
41318222289	285677
41318222319	286387
41318222449	285635
41318223149	285444
41318223439	285674
41318223729	68132
41318223989	285906
41318224009	284921
41318224139	285243
41318224269	286252
41318224689	285752
41318224719	285634
41318230079	286181
41318230109	286712
41318230239	285960
41318230369	286525
41318240009	285176
41318241419	285111
41318241549	286288
41318241679	286017
41318250329	286250
41318250589	285287
41318251449	286638
41318251609	286110
41318251739	68144
41318251999	286101
41318252149	285748
41318252279	286013
41318252309	285712
41318252439	68034
41318252569	286538
41318252859	286397
41318260069	285169
41318270129	286552
41318270389	285364
4131827079	285568
41318271249	286520
41318271669	286173
41318271829	285202
41318272239	286303
41318272789	285802
41318272819	284842
41318290059	286024
41318290189	285058
41318290769	285922
41318291759	286519
41318292169	285982
41318292329	285165
41318292589	67995
41318300369	285728
41318300499	286585
41318300529	285478
41318301939	285077
41318302059	286595
41318302189	286027
41318302219	286259
41318302349	285457
41318302509	285475
41318310399	286269
41318310979	284901
41318311099	284991
41318311549	286455
41318311679	285407
41318316469	284897
41318320039	286176
41318320299	284876
41318320329	286222
41318320589	286648
41318320879	286632
41318320909	286469
41318410129	286103
41318410259	286131
41318440249	286495
41318440379	68017
41318440409	285039
41318440669	285332
41318450729	285040
41318450989	286209
41318451009	68105
41318451139	68014
41318460179	285044
41318480399	286093
41318480429	285367
41318480559	286444
41318480689	285928
41318480719	285626
41318480849	285562
41318520989	284810
41318521269	284868
41318521849	285232
41318530049	286464
41318530179	285148
41318530339	286198
41318530469	286052
41318531299	284867
41318540109	284916
41318550009	285450
41318550269	284778
41318550429	284782
41318570199	286036
41318570649	285266
41318580099	285582
41318580129	285700
41318580389	286312
4131858049	286321
41318580549	286327
4131858069	285131
4131858079	285939
41318580969	286059
4131858099	286325
41318581089	284926
4131858109	284924
41318581119	285515
4131858119	286331
41318581409	285519
41318581539	285899
41318581799	285372
41318581829	284906
41318581959	285866
41318582079	285734
41318582109	286061
41318590289	67971
41318590319	68059
41318590449	285987
41318590609	284835
41318590869	284931
41318870459	285684
41318870589	285676
41318870619	286016
41318870879	286290
41318870909	285283
41321005459	368825
41321005589	368877
41321005749	368868
41321005749	368917
41321005909	368872
41321006029	368781
41321006029	368913
41321006159	368824
41321006159	368860
41321006289	368921
41321006289	368924
41321006579	368809
41321006609	368824
41321006609	368830
41321007149	368759
41321010439	221693
41321012129	368870
41321078309	368880
41321080159	368762
41321130489	368770
41321130519	368814
41321203909	368829
41321212499	368757
41321212529	368758
41321230509	368856
41321240249	221676
41321241369	221713
41321241499	221691
41321241789	221677
41321256509	368824
41321261459	368771
41321281389	368795
41321301209	368861
41321316159	221707
41321331329	368796
41321358449	368820
41321360039	368886
41322109149	288049
41322109309	288077
41322109309	288077
41322130259	92334
41322137609	288097
41322168269	288109
41322181879	92338
41322182319	288068
41322183729	288071
41322220059	92371
41322224279	92326
41322224699	92309
41322224989	288078
41322356529	92347
41322361479	92313
41322370839	92309
41322370969	92366
41322374509	92354
41322374509	92361
41322378309	92384
41322378989	92314
41322390219	288104
41322390509	288070
41322395399	288048
41322395429	288083
41322395689	288060
41322397379	92358
41322399939	92296
41322557759	92351
41331009669	50874
41331011099	123463
41331011419	123723
41331011549	123725
41331012379	124126
41331012409	123181
41331013789	123295
41331014199	123798
41331014649	123203
41331014779	123801
41331014779	123969
41331014939	124058
41331020039	123838
41331020909	123753
41331021289	124050
41331021319	123974
41331021319	123975
41331022019	124086
41331023399	123794
41331023429	123258
41331024549	123852
41331024679	123865
41331024709	124016
41331024839	123965
41331024969	123926
41331025379	123412
41331025799	124008
41331026079	123669
41331026369	123615
41331026499	123364
41331026529	123197
41331026949	123367
41331028189	123515
41331028219	124171
41331028349	123197
41331028639	123824
41331028769	123576
41331028899	123671
41331028929	123228
41331029049	123263
41331029629	123488
41331029889	123797
41331029919	124125
41331030519	123254
41331030649	123638
41331030779	123554
41331030939	123656
41331031219	123948
41331031929	123696
41331032339	123329
41331032469	123819
41331033589	123381
41331033619	123392
41331033879	123815
41331033879	123816
41331034579	123889
41331036139	123979
41331036269	123271
41331036399	123844
41331037099	124144
41331037129	123630
41331038249	123189
41331038379	123559
41331038379	123560
41331038409	123966
41331038539	123571
41331038799	123658
41331039079	123562
41331039109	123332
41331039239	123466
41331039369	123727
41331039659	123439
41331039789	123449
41331039819	123453
41331039949	124026
41331040099	123741
41331040129	195412
41331041669	123167
41331042239	343375
41331043939	123734
41331043939	123738
41331044059	123641
41331049429	123648
41331049559	124018
41331049559	124020
41331049689	123650
41331050159	124132
41331050449	123175
41331050579	123914
41331050579	123916
41331050739	123455
41331050739	124173
41331050869	123442
41331050999	123386
41331051019	123474
41331051989	123209
41331052139	123304
41331059299	123312
41331062749	282286
41331062909	13355
41331062909	13358
41331089999	124128
41331090049	123385
41331090469	123959
41331090599	123171
41331090759	123411
41331090889	124055
41331090919	123345
41331091169	123334
41331091299	123173
41331091459	123957
41331091749	123413
41331091909	124076
41331092289	124035
41331092319	124153
41331092579	123307
41331092609	124041
41331092999	123323
41331093149	123587
41331093729	123354
41331093859	123558
41331124379	123794
41331124379	123885
41331124669	124152
41331125659	123686
41331125819	123528
41331125819	123529
41331125949	123947
41331126489	123954
41331126649	123950
41331126779	124179
41331127219	123707
41331127639	124120
41335000099	167074
41335000419	167019
41335000549	167043
41335000839	167080
41335001829	167103
41335060819	167097
41335078999	167026
41335328599	167065
41335341369	167090
41335352129	167083
41335353379	167039
41335356219	167036
41335366249	172895
41335369639	167070
41338576119	169789
41341170519	368814
41345906619	238282
41349000399	77306
41349000429	77307
41351000059	336029
41351173319	335997
41351515249	336019
41351562779	336026
41351611569	336032
41358531259	323600
41364003429	270348
41364081779	308201
41364082769	308127
41364085029	308187
41364085289	308166
41364086149	308171
41364086439	308152
41364115559	270366
41364162829	270366
41364180069	308162
41364544519	270350
41364820019	270353
41364880549	308128
41364908779	270355
41366000419	131486
41366177319	131489
41366182559	131488
41373012689	256793
41373012719	256770
41373016069	256775
4137601449	228658
41376100109	102469
41376101939	291577
41376110559	102271
41376112379	76775
41376112409	102435
41376113079	102332
41376114069	102316
41376200359	102272
41376201479	361030
41376202629	173746
41376210129	102315
41376400049	102416
41376400469	102513
41376402579	228640
41376402869	162765
41376403279	203009
41376403729	76791
41376404009	102515
41376409059	102405
41376410239	252304
41376410789	102314
41376500169	102485
41376500459	102357
41376500589	102376
41376500879	102374
41376503139	102475
41376503269	102523
41376503399	228635
41376503429	102466
41376503849	76665
41376504389	102293
41376504839	102524
41376505119	76671
41376505539	102401
41376508189	102344
41376508349	141940
41376509889	102400
41376510229	102325
41376510519	102273
41376510809	102401
41376512599	102509
41376700279	361101
41376700309	102516
41376701429	228613
41376701979	228605
41376703379	102479
41376703799	102441
41376705199	102292
41376707889	202993
41376711329	102392
41376711459	102230
41376711909	102447
41376712739	102267
41376713279	102457
41376713439	102393
41376713859	247786
41376713989	102450
41376714009	102448
41376714429	102302
41376714849	102398
41376943409	102454
41376945489	95600
41376953729	102400
41376954139	102401
41376954269	102296
41380000259	310799
41380000389	311912
41380000419	311908
41380000549	311912
41380000679	311891
41380000709	311957
41380001089	312054
41380001669	311789
41380001829	311778
41380002499	312106
41380003809	311777
41380009009	311906
41380014119	311832
41380054009	311872
41380086109	311877
41380086529	311983
41380087069	312098
41380090069	311992
41380098089	312087
41380098119	312086
41380099109	312088
41380101789	310814
41380101819	310822
41380102229	311936
41380108009	311790
41380110019	311847
41380191049	312066
41380193029	311956
41380194019	312075
41380223009	311993
41380234289	311793
41380234449	311949
41380252009	311809
41380262039	311854
41380268079	311969
41380268109	311997
41380291039	312143
41380491019	311981
41380496199	311975
41380500049	311779
41380500629	311819
41380501329	311849
41380501589	310805
41380501619	311813
41380501749	311782
41380502029	312005
41380502289	312046
41380503019	312074
41380549949	311784
41380550129	311812
41380550679	310800
41380551379	311921
41380552789	310820
41380552949	311984
41380847069	118026
41380850069	118037
41380850199	118029
41380996989	310817
41383090189	178743
41383090219	178743
41383090349	178745
41387005349	2599
41387005349	2599
41387006209	2554
41387123029	2537
41387227109	2552
41387412109	2591
41387530209	2585
41387532159	2583
41387722109	2543
41390000829	168617
41390001079	168605
41390001109	168561
41390001109	168563
41390004469	168611
41390010309	168673
41390014659	168582
41390014659	168582
41390015489	168631
41390015489	168632
41390020339	168641
41390022029	168616
41390023019	168607
41390024009	168654
41390042089	168570
41390042249	168667
41396006139	307910
41396010419	203005
41396055199	307905
41396055199	307907
4139849	168686
413999736049	229477
41409000109	328372
41409000109	328376
41409002219	63010
41409002479	56200
41409016339	63017
41409016599	301522
41409016629	62989
41410307259	159333
41412185909	147770
41415004139	261452
41415005099	262287
41415005419	262094
41415006119	262579
41415006409	261800
41415007369	261954
41415010369	261831
41415010659	261448
41415013469	261532
41415015869	261458
41415019379	261692
41415025059	262129
41415026209	262054
41415026889	262220
41415029439	261739
41415034389	262620
41415035089	261646
41415037519	262642
41415037809	262001
41415038219	262306
41415042889	262217
41415043039	261574
41415045149	262123
41415049369	262119
41415049659	261882
41415051379	261500
41415052369	262263
41415055889	261965
41415056329	261938
41415057869	262324
41415058309	262455
41415058859	261836
41415061149	262184
41415061309	130079
41415062429	262046
41415065369	261584
41415069459	262329
41415070059	262248
41415071209	262056
41415072459	262332
41415076419	261824
41415078239	261861
41415079519	262802
41415080539	262343
41415081239	261853
41415082519	261505
41415085459	261755
41415087439	262406
41415089099	261572
41415092419	261824
41415094369	262082
41415096059	261916
41415097339	130094
41415104099	129990
41415104419	261961
41415105539	261791
41415107809	262005
41415111059	262321
41415113909	261919
41415114319	261638
41415114869	129916
41415117419	262654
41415118089	262651
41415119369	262262
41415120099	130045
41415122369	261723
41415128149	129961
41415131149	129959
41415134089	130182
41415140059	130006
41415144149	130176
41415149649	262088
41415149809	262025
41415152649	262091
41415154919	262093
41415157149	130083
41415165649	262444
41415166059	262186
41415170339	262487
41415173439	261492
41415177659	262160
41415178809	262776
41415180659	262042
41415182059	129993
41415183919	262434
41415185869	262447
41415194809	129895
41415195059	129885
41415196339	129908
41415206199	261784
41415206809	130011
41415207059	130052
41415208339	261689
41415210059	130025
41415211339	262712
41415211919	261609
41415212299	262691
41415218659	262191
41415222199	129952
41415223059	130101
41415224919	262758
41415234659	262513
41415248809	130119
41415282629	261999
41415282919	129934
41415292659	130027
41415295919	129933
41415295919	129933
41415305809	261485
41415307629	262386
41415307919	261736
41415308459	262152
41415310919	129928
41415311909	261556
41415322639	261833
41415323919	262821
41415333659	262151
41415335639	130093
41415336919	262422
41415342439	262269
41415346659	130034
41415349919	261880
41415350809	129985
41415352919	262698
41415353909	261849
41415355439	262697
41415363809	262639
41415365629	262302
41415367869	130138
41415368439	262397
41415371439	262816
41415376809	262539
41415377639	261463
41415378629	262167
41415378919	261844
41415379919	261715
41415381919	130126
41415392809	262545
41415393639	129951
41415394629	261780
41415404809	261631
41415406919	129978
41415407459	261936
41415412439	262326
41415417809	262296
41415418639	130135
41415420809	261616
41415421639	129912
41415425439	261684
41415434639	130074
41415436459	262518
41415438439	261602
41415441439	262463
41415446809	262031
41415448919	261679
41415459809	262136
41415463639	261595
41415477629	262774
41415480629	261808
41415488809	262632
41415489639	261789
41415495869	130186
41415504639	262446
41415523869	262541
41415532649	262065
41415536869	262560
41415545649	262074
41415552869	130106
41415558649	262311
41415578869	129983
41415589629	261887
41415618619	262292
41415621909	262435
41415622869	247183
41415628779	129967
41415631779	130077
41415651869	261540
41415692619	261845
41415746619	262011
41415829909	262209
41415832619	262100
41419420089	62740
41419420119	62731
41419780879	62732
41420004919	342743
41420012969	342649
41420013119	283925
41420013959	39168
41420015809	39268
41420015939	39277
41420016349	231132
41420016479	33785
41420017209	33908
41420017629	231129
41420018589	39115
41420019609	39347
41420019999	39347
41420020179	321273
41420020469	39327
41420020599	342599
41420020919	39211
41420021169	283961
41420021329	283933
41420021619	55270
41420022739	231126
41420022869	36430
41420024009	157813
41420025099	342667
41420026119	39116
41420026249	342587
41420026539	39390
41420028199	39242
41420028649	342688
41420030079	342649
41420030369	342664
41420031779	39081
41420033179	342669
41420034039	39105
41420035319	39053
41420035999	39194
41420036729	39333
41420036989	39251
41420037009	39292
41420038259	39246
41420038969	39281
41420039379	33859
41420040139	184409
41420040399	322664
41420040689	39208
41420041259	33841
41420041259	33852
41420041419	342652
41420041709	39350
41420042089	342658
41420042119	33788
41420042539	231093
41420043239	342742
41420043499	39370
41420043949	33784
41420046759	39119
41420046919	39119
41420047039	39039
41420047459	226596
41420048319	165769
41420048579	342645
41420050879	39209
41420050909	33799
41420051319	39216
41420051579	39042
41420051999	346637
41420052019	39103
41420052279	342670
41420052569	226592
41420053559	342704
41420055799	342592
41420056659	267817
41420058219	39246
41420060519	33847
41420065309	36412
41420069529	107725
41420069949	342594
41420074899	342609
41420076169	342591
41420076909	342697
41420077159	39182
41420078149	342651
41420088179	124834
41420091919	39223
41420100239	342718
41420100369	55281
41420102509	39164
41420102769	342709
41420102899	55273
41420102929	39253
41420103179	39086
41420105739	57523
41420110269	342752
41420110559	342690
41420113079	39087
41420114779	342676
41420114809	342638
41420122699	282985
41420123689	269858
41420150029	269856
41420155239	39056
41420212109	33795
41420212949	33795
41420214899	57528
41420215179	39345
41420241659	39312
4142034739	33843
41420411229	33872
41420550409	39257
41420550539	33923
41420660719	39059
41420744129	33874
41420745089	33807
41420746239	184403
41420746499	33831
41420746949	33892
41420748479	39119
41420750229	342697
41420752919	33824
41420754029	33838
41420756399	39073
41420758669	79456
41420979279	39226
41433022719	73285
41433024829	14413
41433028469	201267
41433029299	282644
41433029299	282644
41433124819	14723
41443102319	197394
41443110239	197424
41443110949	247350
41443112189	197384
41443112929	197379
41443113209	197432
41443116149	197385
41443119539	197412
41443903749	197420
41449001289	177482
41449001609	177507
41449005249	177460
41449056289	7924
41449102559	177529
41449102559	177529
41449108889	177497
41449108889	177497
41449300139	177552
41449301709	177537
41449402529	177473
41449402529	177473
41449450049	51601
41449470009	43303
41449471259	112226
41449471549	177487
41449471549	177488
41449471709	43309
41449472379	43308
41449472829	177481
41449473239	112084
41449473659	177550
41449474229	177491
41449474359	230300
41449474489	269892
41449700069	177486
4145210059	130025
41458117049	83061
41458550839	83058
41460200999	253230
41460201019	253291
41460301399	253264
41460301559	253212
41471159279	15736
41483001139	166533
41483001269	166538
41483002419	166679
41483003089	166687
41483016539	166914
41483017109	166839
41483020079	166840
41483021779	166538
41483024329	166538
41483027689	166700
41483027979	166713
41483029829	166565
41483031389	166636
41483032829	166699
41483032959	166818
41483033789	166698
41483034359	156620
41483034489	166593
41483035929	166690
41483036889	166858
41483037299	166820
41483037329	166705
41483037459	166614
41483037749	166739
41483037879	166848
41483038159	166900
41483038289	166597
41483038609	166854
41483038999	166881
41483039149	166634
41483039989	166722
41483040039	166534
41483040169	166632
41483040459	166886
41483040749	166584
41483040879	166656
41483041449	323225
41483041579	166574
41483041609	166537
41483042859	166821
41483043139	280113
41483043269	166675
41483044099	166829
41486004069	192416
41486101249	192419
41493276459	295308
41497000449	359188
41497000579	359324
4149700059	358670
41497000739	359271
41497000869	360550
41497001309	360534
41497002559	360252
41497003419	358643
41497004089	359558
41497004119	359437
41497004249	358816
41497004409	359054
41497004539	360120
41497004799	358563
41497004959	360634
41497005109	358365
41497005239	359245
41497005369	359021
41497005529	359675
41497010059	359865
41497012039	359089
41497012169	360443
41497012589	359068
41497012619	359080
41497012749	358780
41497012879	359081
41497013739	358830
41497014439	358400
41497014859	360210
41497020959	359632
41497022649	359716
41497023899	358849
41497025619	358326
41497025749	358675
41497025879	358576
41497026029	358962
41497026449	358502
41497026739	360734
41497026999	360735
41497027569	360672
41497029389	359817
41497029709	360100
41497032389	358556
41497032419	358570
41497032679	358416
41497033539	358636
4149703519	360498
41497035359	358648
41497035779	360533
41497036059	360575
41497036349	359534
41497038039	358497
41497038879	359767
41497038909	359864
41497040599	359499
41497043149	359307
41497045839	358795
41497046799	358634
41497046829	359418
41497047499	360422
41497048779	360558
41497053339	358871
41497055449	358789
41497058389	359465
41497058419	359463
41497062669	359669
41497063659	360427
41497065479	359183
41497065509	359448
41497065769	359441
41497067749	358658
41497068869	358333
41497073719	359059
41497076239	358953
41497081219	359386
41497083039	359728
41497083459	359434
41497083749	358440
41497083909	358838
41497084029	358440
41497084609	358927
41497084739	358883
41497088539	360585
41497088799	358549
41497089529	359687
41497089659	358969
41497092819	359357
41497093359	360713
41497094639	359356
41497095759	360073
4149709589	360577
41497096299	360149
41497097029	358825
41497097159	360126
41497097289	359045
41497097319	360781
41497097449	359604
41497097609	360291
41497097869	359536
41497097999	360084
41497099559	360763
41497099689	359546
41497099849	358808
41497106479	358481
41497106639	358529
41497106929	358368
41497113019	360346
41497120109	358692
41497121809	358553
41497123599	360091
41497124749	360685
41497126729	360601
41497127719	359624
41497128129	360148
41497128419	360609
41497131389	359490
41497131709	360504
41497131839	360058
41497132089	360599
41497132119	360480
41497132249	360719
41497132379	360514
41497132409	358680
41497132539	360377
41497132669	358674
41497132799	360047
41497132959	360066
41497133109	358714
41497133369	360802
41497133499	358650
41497133819	358578
41497134069	358729
41497134199	359714
41497134229	359975
41497134649	360094
41497135479	360232
41497135509	360570
41497135639	358373
41497136339	359102
41497136599	359000
41497136759	359492
41497136889	358925
41497137169	358757
41497148509	360716
41497153459	359974
41497153879	360728
41497154999	360388
41497155439	358431
41497181049	360579
41497182749	360787
41497182879	360130
41497184699	360268
41497184859	359922
41497185399	359400
41497186709	358866
41497187249	360759
41497188659	359206
41497194179	358498
41497194339	358882
41497204489	359711
41497208579	360566
41497209149	359987
41497209569	360268
41497209859	360195
41497210039	358862
41497210169	360522
41497211159	359643
41497211579	360661
41497211609	360800
41497213269	360385
41497213849	360010
41497214549	359643
41497214709	359643
41497215539	359529
41497216659	360717
41497237449	359523
41497255689	359595
41497256679	359572
41497256709	359581
41497257379	359883
41497273539	359185
41497275229	358703
41497276899	360219
41497276929	360695
41497277469	359561
41497277599	359156
41497278329	360814
41497278749	360689
41497279999	359831
41497280049	359843
41497280179	360766
41497280209	359620
41497280339	359599
41497280469	359821
41497280889	359847
41497281039	358308
41497281619	359440
41497281749	359835
41497285839	359255
41497298679	358827
41497311149	360513
41497314539	360433
41497322459	359240
41497328109	360603
41497333509	360334
41497336319	360271
41497336579	359789
41497338139	359645
41497341559	360714
41497343409	360554
41497344109	358641
4149734869	359615
41497373529	358369
41497386659	359708
41497421909	360429
41497425549	360473
41497430239	358900
41497434459	359704
41497434589	359700
41497434749	360740
41497435579	360470
41497435609	358980
41497435739	360321
41497435869	360545
41497439799	359699
41497439829	359800
41497440009	359701
41497441389	358699
41497441679	360041
41497444069	360474
41497446599	359252
41497447039	358448
41497448319	359466
41497449989	359267
41497469239	360750
41497497249	359693
41497497379	360017
41497499519	360317
41497509089	360529
41497511389	353385
41497512249	360163
41497515219	360552
41497515479	360611
41497515769	360144
41497520619	358839
41497520749	360505
41497521579	358763
41497521609	359932
41497522309	359977
41497523719	359438
41497524549	359621
41497524839	358978
41497530069	360299
41497537099	359623
41497537129	359330
41497537389	358877
41497538539	359208
41497541829	359612
41497542949	358454
41497543199	359301
41497546169	360003
41497548729	360582
41497549269	358381
41497555529	359199
41497556069	359382
41497556199	358979
41497556229	360103
41497560219	358455
41497561759	359178
41497562589	360343
41497566389	360403
41497566419	360402
41497566549	360137
41497568499	360410
41497572809	359731
41497574049	360319
41497578269	359764
41497578429	360665
41497756049	360242
41500000299	103829
41500001029	102686
41500001319	102685
41500003009	103801
41500011059	102684
41500011479	102683
41500012599	102698
41500059839	103857
41500752969	51425
41500819389	103801
41500820859	102696
41500842639	102689
4150089779	102714
41500906249	102724
41500931029	51420
41500949789	102715
41501008249	239851
41501009079	239791
41501009239	239755
41501009239	239785
41501010099	239843
41501012109	239853
41501012109	239863
41501088609	239792
41501110089	181862
41501110249	181863
41501110409	181860
41501180259	29808
41501537299	239772
41501807439	239823
41508300889	282746
41508301169	282766
41508302289	311004
41508303019	282762
41508333689	282746
41508510509	282754
41508511759	282752
41508800129	311016
41508800129	311021
41508800709	282757
41508800839	311015
41508803069	311015
41508803069	311027
41508803229	311026
41508803489	282765
41512005749	96174
41512013249	97230
41512035609	96344
41512038389	96700
41512040009	97446
41512048999	96865
41512049699	10363
41512060779	96865
4151206139	54711
41512068799	216167
41512068959	54728
4151207579	54705
41512077999	302136
41512078279	302137
41512078309	302130
41512079009	96531
41512080029	96116
41512081149	181628
41512081309	96027
41512081859	96118
41512082139	96285
41512082719	96222
41512083099	96127
41512083129	97328
41512083389	96863
41512083419	97460
41512083839	96459
41512083969	96606
41512084119	96352
41512084409	96379
41512085109	97221
41512085369	96768
41512085499	97456
41512085659	97428
41512086489	97083
41512086809	97467
41512086939	96090
41512087219	97216
41512087349	96606
41512087509	96718
41512087929	97118
41512088049	96931
41512092039	96039
41512092169	97324
41512092299	97121
41512092329	97253
41512092909	96355
41512093319	97093
41512100109	97077
41512100369	96614
41512100529	97353
41512100659	97279
41512100789	96243
41512100949	96294
41512101069	96216
41512101229	96489
41512101489	97458
41512101649	96155
41512102349	96028
41512102509	96606
41512103049	96653
41512103209	96134
41512103469	97440
41512103599	10355
41512103629	97114
41512103889	96867
41512104749	96493
41512104909	96929
41512105029	96641
41512105449	216168
41512105609	97431
41512106859	96367
41512107009	96133
41512108549	96141
41512108709	97108
41512109249	96568
41512110689	96441
41512111389	96839
41512111549	96227
41512111709	96244
41512112249	97336
41512112539	96165
41512112829	96497
41512113109	96117
41512113529	96757
41512114489	96259
41512114779	96332
41512114939	96350
41512115059	97218
41512115219	96199
41512115479	96199
41512115639	97099
41512118159	96842
41512118449	96048
41512119699	97179
41512119859	97055
41512120879	96960
41512121449	96235
41512122149	96482
41512122309	96478
41512122699	97158
41512123269	97472
41512123719	97242
41512127199	181634
41512127939	97474
41512128219	96115
41512128509	97399
41512128929	216158
41512129179	97106
41512129469	96421
41512129629	302117
41512129889	97188
41512132179	319109
41512132599	96211
41512132629	319126
41512132889	97003
41512133169	97279
41512133619	319071
41512133749	318984
41512134159	96889
41512134319	96416
41512134449	96206
41512134869	97376
41512135309	97165
41512135439	319112
41512135699	319077
41512135859	96542
41512136269	96629
41512136689	319070
41512137679	96116
41512138249	96347
41512138379	319101
41512138959	96254
41512140389	10303
41512140709	96055
41512142949	96182
41512144899	319096
41512145339	97340
41512145889	97176
41512146169	96220
41512146749	96645
41512147609	302162
41512147999	302147
41512148019	302146
41512148699	97180
41512149429	96725
41512149689	96882
41512149849	96619
41512150449	96671
41512150609	96702
41512150869	97449
41512152849	97429
41512152979	96401
41512153129	96287
41512153389	96119
41512153709	97006
41512153839	96662
41512154119	96250
41512154539	97438
41512154829	96042
41512155109	96782
41512155369	96794
41512155529	96739
41512155789	96368
41512155949	97496
41512156229	96345
41512156779	97175
41512157639	319127
41512157899	96788
41512158209	96966
41512158469	96763
41512159299	319050
41512159459	96646
41512159619	96204
41512160479	319064
41512160509	97205
41512161209	96581
41512161339	97169
41512161599	97476
41512161759	97387
41512161889	96762
41512162299	97090
41512162589	97182
41512162749	96986
41512162879	96673
41512163159	96461
41512163289	302138
41512163449	97119
41512163609	96425
41512163869	96190
41512163999	319010
41512164019	319040
41512164569	96759
41512165399	97298
41512165979	318971
41512166099	96794
41512166259	97308
41512166839	96319
41512167249	96073
41512168079	319029
41512168659	97225
41512169229	97265
41512169519	319000
41512169779	96998
41512169809	96195
41512170089	97322
41512170249	96539
41512170379	97323
41512170409	96726
41512171239	96494
41512171499	96277
41512172199	319079
41512172359	96208
41512172779	97185
41512172939	96503
41512173059	96456
41512173349	97184
41512173769	96266
41512173929	318960
41512174209	97218
41512174469	319027
41512175299	96825
41512175459	96815
41512175589	97056
41512175749	96265
41512176449	96258
41512177019	302145
4151233569	54699
4151233609	54703
41512349669	10350
41512350269	216175
41512480089	96996
41512811289	54714
41520027719	5948
41520057259	112550
41520058539	112746
41520871879	49481
4152939	103822
41543010019	299235
41548001869	79562
41548013039	83141
41548163789	308105
41548264929	79604
41548301129	83152
41548380469	79601
41548536989	83123
41548563909	242373
41548584409	242370
41548616049	242356
41548751269	79552
41548804279	242320
41548882529	83156
41548898469	171801
41548902449	83137
41548986319	242389
41548997179	275413
41549003619	275944
41550002489	231189
41551070739	189581
41560146449	254286
41563122549	323781
41563132579	246768
41563263709	281185
41563692219	10566
41565000579	242893
41565000579	242898
41565131709	242846
41565140169	242821
41565141159	242814
41565141159	242859
41565149629	242868
41565188369	242818
41565188369	242824
41565199129	242879
41565207909	48093
41565213009	48092
41565227419	242877
41565249749	242826
41565249749	242842
41565273799	242883
41565275069	242827
41565285129	242863
41565291229	242904
41569122109	72021
41570000649	34923
41570053539	35056
41570053799	35052
41570055779	35084
41570056189	34976
41570056219	34984
41570057599	35042
41570057919	34976
41570094549	35053
41570094969	35075
41570099759	35004
41570109489	35007
41570109649	34954
41570109939	34989
41570110089	34976
41570110539	35070
41570110669	35068
41570110829	34998
41570110959	35021
41570130339	35073
41570130889	34988
41570130919	35027
41570131039	35026
41570131299	34972
41570142929	35016
41570143759	34970
41570144299	34906
41570144329	34904
41570145029	34966
41570146859	35055
41570149249	35030
41570500019	34903
41573057879	304587
41573119089	260063
41573241049	20805
41573241179	20766
41573241209	20770
41573241339	20847
41573259259	175325
41573270759	20823
41573279769	121972
41573526719	259680
41580670009	60201
41580860059	54907
41580970109	248046
41581001369	275432
41600052099	144070
41601021889	162515
41617002209	278774
41617485019	277968
41618000129	110756
41618500339	235214
41618500599	235224
41618501589	235222
41618501619	235223
41623005089	321272
41623015019	107399
41625020509	203683
41625121169	203673
41625121169	203676
41625129509	203681
41625325369	203676
41625611219	203679
41625739999	203662
41625920069	203677
41632041009	149946
41633001019	28755
41633002559	28721
41633002689	28731
41633003549	28719
41633010929	28748
41633012329	28751
41633040049	28739
41633040339	28741
41633053049	28749
41633062119	28723
41633063079	28762
41633063109	28768
41633063529	28724
41633995219	28725
41638077989	284107
41638078009	284111
41641101039	117914
41641101169	117913
41642001079	307275
41642001109	307281
41642001499	307285
41646124149	275959
41646484359	275987
41651020009	350029
41652039109	146477
41660001259	110301
41660001839	110295
41660001969	110279
41660002959	110299
41660003819	110275
41660005059	110269
41660007589	110281
41660008159	73943
41660203509	46434
41664707959	115261
41666000119	275993
41667038159	256041
41667070289	256032
41668019669	287051
41668080119	211135
41668083059	287053
41676010979	320993
41678772219	215920
41679022009	38116
41679203279	38122
41679431009	261005
41679457139	38114
41679651889	38111
41679679029	38065
41679681589	38116
41679941669	38090
41679964279	38093
41695001569	40238
41695002559	40201
41695008179	40209
41695037759	40160
41695061709	40157
41695061709	40229
41695094349	40213
41695103799	40198
41695103799	40225
41695218349	40240
41695267149	124942
41695301799	40167
41695306749	40196
41695306749	40196
41695309719	324424
41695734719	40231
41709019429	228799
41709019979	228795
41710247989	66830
41711093059	239483
41712944909	238364
41716209059	106460
41716816639	106445
41716820599	106453
41716887219	106491
41720800099	25232
41735001719	258487
41735001849	258360
41735001979	258210
41735002099	251283
41735002129	251257
41735008299	251337
41735008589	251286
41735008619	251058
41735008749	251015
41735009449	251227
4173500959	258465
41735009869	258191
41735011909	258185
41735012159	258356
41735022189	251017
41735022219	251082
41735022479	251138
41735022639	258211
41735024039	251312
41735024619	258505
41735026279	251030
41735026439	258314
41735026729	251086
41735027689	251096
41735027719	251063
41735028709	250996
41735029959	251320
41735041999	258462
41735042569	251338
41735043139	258437
41735043269	258161
41735043979	264651
41735044129	251098
41735044389	251088
41735044419	251264
41735044549	251266
41735044839	258328
41735044969	251144
41735048059	251141
41735048189	258373
41735048349	251028
41735048509	258264
41735048639	251112
41735049919	251003
41735051219	250985
41735051349	251215
41735051479	251083
41735051509	250982
41735051899	258142
41735052049	251104
41735053879	251310
41735053909	251270
41735054999	251207
41735055279	251320
41735056139	251332
41735056689	251097
41735056979	251048
41735057389	251199
41735057839	251291
41735062659	251251
41735067319	251265
41735068859	258375
41735072689	258181
41735072979	52560
41735074249	251273
41735076199	258229
41735076229	251320
41735076519	258178
41735077219	258287
41735077349	258281
41735077479	258296
41735077509	258284
41735078919	52640
41735081049	258483
41735081209	258425
41735081629	251234
41735082169	251323
41735083739	258301
41735084439	258130
41735084859	258220
41735086839	258155
41735087089	258237
41735088079	258152
41735088109	258150
41735089939	258458
41735090799	258351
41735091079	251095
41735091499	251156
41735091529	258340
41735091659	258476
41735092489	251206
41735093189	258225
41735094209	258432
41735094759	258272
41735125149	251185
41735125569	258277
41735162359	251334
41735254269	258389
41736001909	95528
41736003309	95549
41736019249	95536
41736030169	95527
41736090149	95537
41740000059	118761
41740000189	118799
41740000189	118800
41740000219	118790
41740000219	118798
41740001179	118783
41740001179	118787
41740004439	118762
41740004439	118796
4174549	118774
41755000709	180842
41755001089	180799
41755001669	180824
41755002369	180792
41755004219	180811
41755007029	180786
41755008019	180791
41755008019	180830
41755008149	180824
41755008279	180825
41755008309	180829
41755009009	180901
41755010029	180835
41755098409	178007
41755150039	180907
41755150169	180832
41755211709	180771
41755400059	180808
41755400219	180833
41755400509	180775
41755990079	178009
41756090129	280510
41756660049	332718
41757014209	331799
41757014629	19199
41757019099	331779
41757021139	19188
41757022549	331776
41757022549	331777
41757023249	19201
41757025359	331790
41757026509	231565
41757031459	256185
41757158729	258756
41761100509	84588
41761100639	84520
41761101339	84584
41761101599	84520
41761101629	84589
41761102039	84580
41761102169	84522
41761103159	84529
41761104569	84520
41761104699	84523
41761104859	84556
41761105399	84583
41761105429	84524
41761450789	84539
41761720219	84597
41770025909	42772
41770037209	42797
41770038909	9090
41770051809	42778
41770066209	42782
41770069309	42802
41770083909	42801
41770085309	42781
41770332809	42798
41770582709	274422
41770585809	42803
41770589609	42811
41770591909	42794
41770594009	42828
41780000019	348227
41780000279	348269
41780000309	348255
41780000439	348013
41780000569	348164
41780000699	348334
41780000859	348253
41780000989	348240
41780001009	348227
41780001269	124652
41780001399	348091
41780001429	348372
41780001559	348253
41780001689	348404
41780002389	348028
41780002419	348338
41780002549	348323
41780002709	348116
41780003409	348011
41780003829	348359
41780004659	348087
41780005069	348189
41780010209	348381
41780011909	348214
41780013279	348220
41780013439	348160
41780013439	348161
41780013699	348183
41780015389	348309
41780020079	348263
41780022899	348278
41780023469	348140
41780023629	348020
41780023629	348070
41780023759	348252
41780032249	348283
41780036599	348050
41780044389	348261
41780047779	348335
41780070029	348386
41780077509	348282
41780190239	348118
41780190819	348299
41780192059	348414
41780192059	348414
41780192349	347999
41780192349	348255
41780195159	348196
41780195159	348245
41780271549	348247
41780271679	348049
41780271709	348106
41780271839	348321
41780351289	348239
41780351609	348314
41780352569	348352
41789001499	202871
41789002519	202901
41789005329	202924
41789007019	202865
41789007439	202930
41789007699	202882
41789008719	202856
41789907579	202918
41790001709	26048
41790002409	26132
41790004359	26131
41790600179	26047
41790600209	26132
41790600339	26195
41790601039	26200
41790602449	26132
41795000189	162074
41795000219	162058
41795000219	162058
41798001909	281044
41798011359	281042
41800000319	361003
41800000319	361209
418001501519	360904
41800200139	360869
41800201549	360835
41800202379	360872
41800202799	360838
41800202829	360846
41800202829	361287
41800226009	360850
41800226009	361251
41800271009	361253
41800271009	361283
41800298969	361061
41800298969	361275
41800301959	360913
41800302659	360870
41800303649	361201
41800309009	361188
41800354009	360906
41800354009	361165
41800401369	361050
41800401499	360950
41800401789	361068
41800401789	361269
41800411009	361015
41800450039	360983
41800453009	361134
41800453009	361199
41800456109	360822
41800501519	360904
41800501519	361229
41800704149	361285
41800704439	361118
41800704569	361117
41800704729	360929
41800704859	360931
41800705979	361265
41820012019	140725
41820012309	140731
41820012309	140731
41820061949	329433
41820100099	221703
41820105049	221682
41820807189	125028
41820810899	202297
41820811919	13929
41820812039	23382
41820814699	146949
41820817669	134852
41820818079	146340
41820818659	189426
41820818789	256410
41820819939	23400
41820820799	189491
4182839	361122
4183139	360904
4186809	188027
41898015479	163331
41900020149	94944
41900020989	71860
41900023959	71880
41900026479	71772
41900026929	71835
41900047719	71846
41900047979	71756
41900054939	71848
41900057329	71852
41900065829	71709
41900069469	64610
41900070359	71771
41900071219	71820
41900072469	242510
41900073169	64612
41900073909	107351
41900074289	71873
41900074739	71738
41900074869	71758
41900075149	343847
41900076399	159575
41900076429	25948
41900076689	71779
41900077099	71778
41900077389	71714
41900077419	71752
41900077679	38330
41900077709	71831
41900077839	204306
41900078829	69780
41900079499	69797
41900079529	69786
41900080129	238180
41900080419	204323
41900084899	71857
41900085919	71752
41900089139	71725
41942499	304107
41953003489	182731
419982912049	180086
420023123409	158092
42028003229	98159
42028003229	98160
42028120179	98162
42053113009	347830
4217329	290987
42187001869	28173
42187001999	28265
42187002729	28262
42187003269	28485
42187011929	28481
42187013039	28369
42187020549	28530
42187020679	28444
42187020839	28355
42187021249	28228
42187022239	28358
42187024899	28521
42187025889	28445
42187028859	28500
42187030289	28371
42187030319	28244
42187040219	28264
42187199979	28271
42187201559	28240
42187201689	28203
42187205519	28337
42187209999	28158
42187213439	28218
42187213569	28508
42187213699	28507
42187301129	28324
42187301389	28479
42187398389	28167
42187405179	28345
42187406299	28233
42187406749	28496
42187407449	28512
42187410999	28372
42187411439	28278
42187416649	28160
42187427409	28187
42187428529	28307
42187429489	28206
42187429519	28293
42187434629	28175
42187501529	28312
42187510279	28330
42187531229	28340
42187540559	28192
42187549989	28394
42187570549	28180
42187572499	28455
42197002009	40643
42197003419	240042
42197003969	40646
42200015019	290979
42200027449	60476
42200123219	291010
42200131009	291001
42203302109	51346
42222130189	158721
42222130219	158719
42222229449	295306
42222268059	158888
42222286169	158725
42222293009	330929
42222293429	330901
42222302029	158858
42222329449	331135
42222424059	158851
42222427609	158872
42222429269	276909
42222527699	158794
42222802819	158894
42222812429	158790
42222812429	158791
42222823609	359348
42222823909	196235
42222824319	155223
42222824439	158883
42222824449	187915
42222824729	158800
42222830709	158816
42222831529	158819
42222832489	158727
42222835469	60852
42222843409	158744
42222844239	158775
42222850219	158863
42222859649	5971
42222860539	187917
42222868709	32675
42222869829	94684
42222870009	158867
42222877909	150690
42222880329	150986
42222880629	152617
42222881609	295320
42222881909	295300
42222882609	237222
42222883009	158819
42234000579	109003
42238302419	135030
42238306479	135091
42238395299	135079
42238722149	135095
42238722149	135096
42238723009	135044
42238724099	135039
42238724259	135023
42238724549	135011
42238724839	135104
42238780309	135013
42238780729	135034
42238830219	135037
42238840539	135034
42238848269	135047
42268209979	133858
42272000159	11416
42272000319	11418
42272000579	11464
42272000739	11431
42272001019	11468
42272001309	11421
42272002429	11555
42272003389	11594
42272005079	11576
42272005109	11563
42272005369	11485
42272005529	11621
42272005819	11496
42272006489	11595
42272007349	11687
42272007479	11482
42272007769	11699
42272008049	11663
42272008339	11583
42272009039	11543
42272009619	11554
42272009749	11678
42272009909	11606
42272010059	11481
42272011049	11457
42272011179	11677
42272011919	11701
42272012459	11711
42272013289	11655
42279476339	318016
42287601259	182233
42287800409	16610
42396302559	235550
42396302849	235534
42399000049	90450
42400007159	195570
42400009559	195504
42400010159	195504
42400026839	195579
42400028819	215582
42400038689	195447
42400046509	195573
42400069379	61635
42400069409	195610
42400076599	195503
42400120179	195535
42400136279	195606
42400137559	195559
42400141419	195620
42400167839	195545
42400172659	195440
42400178019	195545
42400181569	195524
42400189039	195451
42400198239	195600
42400199069	28815
42400201939	28793
42400212409	59971
42400215899	195606
42400216629	195457
42400217459	358238
42400217879	215730
42400218159	195449
42400220879	195489
42400221029	195589
42400225089	195495
42400226659	215715
42400227779	195566
42400232179	79475
42400233909	215721
42400240839	195569
42400265269	195549
42400277439	215735
42400282679	215739
42400283249	195499
42400294559	195439
42400374619	195617
42400388869	195507
42400389859	195491
42400416289	195481
42400916789	195510
42400925019	195502
42400945789	195533
42421003659	35928
42421003659	36060
42421059649	36057
42421059779	35854
42421059779	35855
42421059809	35944
42421059809	35945
42421064889	35947
42421130669	36073
42421130799	36117
42421140149	35756
42421140149	35789
42421150629	36065
42421150629	36065
42421151459	35971
42421151619	36002
42421151879	36086
42421160789	35976
42421161359	36010
42421161489	35845
42421161649	36105
42421162769	35892
42421162769	35892
42421162899	36125
42421500059	35951
42421500639	35802
42421500639	36069
42421500899	36066
42563001629	369821
42563007799	369951
42563007829	223294
42563009069	369804
42563009779	369925
42563011079	369822
42563011079	369842
42563012519	369845
42563012809	369926
42563013639	369959
42563015879	369783
42563015879	369784
42563016159	369781
42563016289	369891
42563016579	369823
42563017149	369870
42563017439	369824
42563017569	223299
42563017729	369776
42563017859	369879
42563018429	369968
42563018559	369974
42563018689	369900
42563600099	95060
42563600259	95013
42563600549	94975
42563600709	95160
42563600839	95035
42563601119	95149
42563601959	95057
42563602079	94962
42563603359	95108
42563603519	95112
42563603649	94967
42563604189	94990
42563604219	95007
42563604639	95159
42563604769	95028
42563605049	95049
42563605209	95122
42563605629	94988
42563605759	94967
42563605919	95023
42563606039	95105
42563606169	95127
4260005760019	149721
4260005760729	149717
42600057650019	149715
4260123390709	33511
42608432029	179579
42608457749	179588
42608459279	179560
42608459439	179574
42608470069	179547
42608470199	179569
42608532019	179543
42614075449	243410
42636103809	8788
42636123609	197041
42636136869	220656
42636150339	197049
42636153989	197011
4264929	290976
42704003109	68552
42704003819	68518
42704014389	56011
42704020199	68594
42704038729	257811
42704041699	68565
42704044799	68550
42704044829	68578
42704044959	68613
42704045239	68541
42704045499	68612
42704045529	68586
42704045949	68559
42704909159	68517
4273529	9962
42743013039	84662
42743123769	84624
42743126319	84688
42743127279	182094
42743127699	84659
42743128009	84652
42743170619	84684
42743179919	84605
42743231259	84657
42743300559	84618
42743300719	84646
42743300979	84631
42743330099	84617
42743750149	182107
42761162009	115273
42774702209	352900
42797971019	105156
42797971149	105157
42797971569	84020
42797971699	84023
42800003829	111398
42800005809	339119
42800103499	339170
42800104939	111379
42800109569	111382
42800113009	339115
42800118349	339203
42800118349	339208
42800120199	339162
42800120199	339165
42800142719	339118
42800359889	111412
42800402219	339182
42800428769	245593
42800448439	111407
42800474919	339102
42800498649	111087
42804196039	329123
42804219509	304613
42827001099	273580
42827060089	273577
42836160169	94914
42857203029	346945
42857204019	346944
42897210049	158645
42897651309	50016
42897651699	50018
42897652429	50016
42897652849	303776
42897654799	98224
42897655239	50025
42897655369	303776
42897655659	50015
42897661049	30354
42897661469	30338
42897959269	30353
43000000519	214278
43000000649	64890
43000002889	63720
43000003329	204165
43000005859	214303
43000005989	67252
43000008539	15916
43000017289	67257
43000017289	67257
43000042199	158397
43000042229	158368
43000045749	158341
43000045749	158385
43000047149	173209
43000047149	173211
43000054369	20574
43000055519	158336
43000057889	290738
43000060339	67269
43000061299	173152
43000063309	158277
43000063569	173253
43000063859	173258
43000064849	67332
43000065419	158276
43000066409	173187
43000067949	173286
43000068809	158231
43000069769	158163
43000071229	67334
43000071489	67327
43000072509	63719
43000072899	325621
43000073469	158257
43000075289	158311
43000076149	159130
43000076279	322252
43000077429	240466
43000078259	111870
43000078389	158227
43000078969	174449
43000079089	65003
43000079539	20562
43000079959	240459
43000081099	20553
43000081099	20554
43000081259	173165
43000081259	173166
43000081389	116828
43000083529	214252
43000083529	214304
43000084199	158373
43000084199	158415
43000084359	116951
43000084359	116951
43000084779	116950
43000084809	116958
43000084939	173241
43000084939	173241
43000085219	273827
43000085219	273829
43000085349	38865
43000086629	15906
43000086629	15906
43000088609	158315
43000091159	317247
43000092309	317248
43000092989	204148
43000092989	204149
43000200049	158324
43000200049	158325
43000201459	158388
43000204139	158181
43000204399	158240
43000204399	158240
43000204429	158157
43000204429	158157
43000204719	158203
43000204719	158203
43000205549	158158
43000206539	158175
43000217139	158268
43000228029	174121
43000228029	174379
43000285329	174355
43000285329	317250
43000945209	67287
43000945209	67307
43000950289	67275
43000951149	65015
43000951149	65015
43000953549	173124
43000953549	173205
43000953709	173304
43000954249	173275
43000957059	173183
43000978689	122158
4305109	214278
43098201669	271089
43119000769	247238
43119011079	45275
43143005259	80498
43182001229	83119
43182002059	184918
43182002189	222838
43182003049	83110
43182003919	83102
43182005289	184913
43182005449	184908
43182008549	222814
43182008839	222821
43192100349	221888
43192105009	221918
43192405109	221924
43192605059	221913
43192610909	221921
43192622049	221871
43192700129	221881
43192801109	221882
43200120109	246953
43200123919	246951
43200165179	246941
43268800029	264688
43268800869	264688
43301611179	45232
43301611919	179813
4332909	204157
4333209	204156
43354007509	55568
43427000239	186127
43427000239	186127
43427001489	186150
43427001489	186150
43427002929	185938
43427005999	186053
43427007269	186065
43427008259	185955
43427008969	186120
43427009089	186071
43427009409	186039
43427130479	186090
43427130479	186091
43427150019	186047
43427152129	185966
43427152129	185967
43427161039	186084
43427161039	186084
43427200189	186106
43427201599	185934
43427937009	185913
43427999069	186073
43454000349	186723
43454100209	186722
43454100629	186686
43454305109	186701
43454424909	186700
43454464509	186693
4348609	204150
43500011039	254224
43500021229	352457
43500301109	352459
43500350879	254249
43500500069	254228
43500511379	254238
4357209	173260
4358509	214302
43600000049	362913
43600000209	362904
43600004559	362907
43600005099	362910
43600006089	362924
4362609	204152
43638111359	107479
43638111519	107477
43646210389	195088
43646461019	195089
43646461019	195089
43647823069	335018
4365509	214310
43656712309	341516
43695002379	183906
43695075359	183893
43695076769	148243
43695276329	148216
43695276329	148276
43695327939	148241
43695408959	148183
43695562149	148204
43695740479	148266
43695756159	148247
43695801729	148294
43695887679	148176
43695982459	148298
4369709	214295
43700008419	275468
43717100359	373375
43717275699	373392
43717281409	373393
43717287609	373386
43717295109	373377
43717390309	231183
43787050509	56057
43808370029	99031
43823109499	321681
43823120029	321683
43823923439	321520
43823924269	234045
43832000909	12260
43832000909	12289
43832123509	12278
43832129679	12274
43832245249	12284
43832265629	12267
43832265629	12296
4384009	143032
4385309	15916
4388209	204168
4389509	214299
43900360119	38111
43958102259	249110
44000001599	90776
44000001599	221107
44000001759	221193
44000001759	228879
44000003869	221017
44000003869	221288
44000004309	221410
44000005979	221345
44000005979	328234
44000008789	221396
44000008789	362712
44000012519	174444
44000012519	238530
44000020279	56161
44000020279	56161
44000026929	238472
44000028169	221092
44000028299	25416
44000028589	221274
44000028589	238638
44000028619	221266
44000030209	221175
44000031169	221319
44000031169	273819
44000031589	342517
44000032029	221217
44000032029	238508
44000032159	221332
44000032159	273758
44000032319	221374
44000032739	25425
44000033279	221218
44000033279	238508
44000033729	221131
44000033989	221144
44000034009	221248
44000034429	221305
44000034429	273762
44000035389	221394
44000035679	238561
44000036539	146584
44000036669	221264
44000036669	238638
44000037369	362739
44000037499	221140
44000037819	221145
44000038199	132574
44000040109	362730
44000040499	56116
44000040499	56145
44000040819	362713
44000041069	221066
44000041069	232091
44000041229	25415
44000042349	221297
44000042509	221163
44000042769	221215
44000042769	238481
44000043049	238764
44000043209	25425
44000043889	238496
44000043889	238745
44000044169	221139
44000044299	238536
44000044459	25420
44000044749	238510
44000044879	122458
44000045579	221344
44000045579	328236
44000045609	221137
44000045869	53903
44000046729	238537
44000046729	238731
44000046989	238508
44000046989	238508
44000047009	221253
44000047139	221173
44000050559	221082
44000050719	122444
44000051099	273865
44000051099	273868
44000051129	349467
44000051129	349478
44000051259	238718
44000051259	238752
44000051389	342485
44000051389	342501
44000051679	342490
44000051679	342509
44000051709	342491
44000052829	25467
44000053079	25413
44000053109	25449
44000053109	25454
44000053239	221067
44000053499	238574
44000053819	342484
44000053819	342504
44000054199	232093
44000054229	238520
44000054229	238738
44000054809	238508
44000054809	238541
44000055189	273787
44000055189	273856
44000055219	273779
44000055509	342461
44000055509	342467
44000055769	25407
44000055769	25452
44000056599	146582
44000056599	221064
44000056629	53906
44000056919	238553
44000058029	238694
44000058449	238624
44000058609	25426
44000058739	238686
44000059149	238677
44000059309	232088
44000059569	238672
44000060459	238608
44000060589	362727
44000062729	122465
44000063689	238627
44000063689	238628
44000063979	56157
44000063979	56158
44000064099	342523
44000067519	56160
44000067809	238500
44000067809	238629
44000069049	273857
44000069179	238650
44000069209	362737
44000070779	273857
44000071349	238508
44000071349	238508
44000071509	273833
44000073329	238508
44000074579	238508
44000074869	56177
44000075729	238508
44000088439	56169
44000975449	221026
44041000209	64700
44041010949	64719
44041011649	64723
44082031429	235663
44082031439	235662
44082032399	235662
44082033419	235660
44082035499	235664
44082522319	235650
44082532479	235684
44082534619	235657
44082537269	235643
44100047039	146788
44100103209	146943
44100106279	19936
44100107559	19959
44100109829	146867
44100114779	146805
44100152429	19932
44100156199	253629
44100190759	253617
44100190889	253632
44100207839	19959
44100231889	146875
44100234569	146935
44100244889	146897
44100601569	146900
44100604409	146840
44100609879	178733
44100609909	178732
44100706899	146860
44100706929	146903
44100707049	146818
44100709319	146831
44100709869	253620
44100710049	146849
44115008049	51930
44115008049	51930
44115008179	51873
44115008209	51919
44115128419	51896
44115308019	51914
44115343409	51864
44115403189	51894
44115448319	51927
44115711109	51881
44115833009	51911
4415909	90776
44219009249	71125
44219009829	71123
44261419119	247423
44261430619	247420
44261490569	3671
44261491269	3666
44261491559	46247
44261590979	3682
44261591679	3706
44261619939	99567
44261735479	3677
44276012589	179514
44276023059	179475
44276033089	179523
44276037179	290006
44276037919	274919
44276055449	289994
44276056309	290011
44276057009	289992
44276067749	104148
44276067879	179531
44276067909	179487
44276068999	342042
44276069019	342025
44276074969	179476
44276080199	330348
44276082049	105849
44276090259	12253
44284116309	312145
44284215699	312144
44284935009	343432
44300020559	158416
44300054639	18253
44300093089	110264
44300094659	62872
44300100039	275813
44300104419	275786
44300106499	275797
44300106499	275810
44300106529	275796
44300106529	275810
44300107649	275794
44300107649	275801
44300109179	275791
44300109209	275788
44300120679	178495
44300120839	178523
44300120839	178526
44300121089	178491
44300121089	178492
44300121119	178462
44300123939	178530
44300123939	178532
44300125209	178490
44300126169	178455
44300126169	178501
44300126589	178476
44300126909	178517
44300126909	178519
44300525429	275832
44300525429	275833
44325150019	102607
44325150149	102603
44325150569	102566
44325150729	102561
44400104609	122721
44400125109	122728
44400128209	122704
44400138109	122715
44400152709	122740
44400153409	122755
44400156509	122722
44400159609	122711
44400162609	122764
44400164009	122754
44400191609	122695
444444387899	98180
444444387929	98185
444444388049	98171
44500001259	108832
44500001389	144780
44500001839	144888
44500050219	163265
44500051889	144728
44500056259	144805
44500073249	108835
44500074789	108837
44500076509	144805
44500120769	278557
44500200249	144812
44500200379	144766
44500200379	144868
44500201369	144772
44500201659	144860
44500201819	144913
44500202359	144690
44500202359	144881
44500312959	144710
44500313659	144695
44500321869	144827
44500328899	144883
44500331479	108788
44500331509	144812
44500339079	144705
44500341539	144821
44500966749	144774
44500966909	144744
44500976489	144770
44500976519	144857
44500977509	144820
44500984699	144819
44500989229	144812
44529144609	116007
44596130369	370220
4460909	220986
44622091169	302369
44622100069	289957
446389	341131
44700007839	240146
44700009109	240170
44700010129	240150
44700010419	240213
44700019009	240166
44700020869	143707
44700022689	240092
44700022689	240201
44700024119	192624
44700030479	240138
44700030509	240221
44700030509	240280
44700031599	240114
44700031599	240244
44700061459	240254
44700061909	240093
44700070789	240069
44700072899	240297
44700074329	192620
44700075029	240059
44700075029	240085
44700076019	192655
44700078099	240137
44700087329	240270
44700091739	240160
44700100929	240235
44700100929	240258
44700101629	240292
44700102299	192631
44700102879	240197
44700102879	240211
44700103029	192648
44700103159	192632
44700103609	192639
44700360019	192643
44700360019	192644
44774901309	211814
44800750109	315569
44813500029	111578
44856106349	202474
44857006839	332047
44897254269	98576
44900301539	51399
44900302659	51403
44900304929	51399
44935000629	277865
44946000069	338869
44946082409	231332
44979221349	45231
44984002469	9019
44989002419	84067
44989007049	84085
44989009869	84081
44989201249	84080
45009014719	263959
45009854339	53428
45009854629	53431
45027168029	145323
45084225079	157525
45084263019	157522
45084263019	346646
45100007009	351411
45100060479	73255
45100060639	146113
45100061049	73253
45100370189	146102
45200071009	46441
45200084009	46430
45243000479	311729
45251002069	265356
45251003509	265359
45251026119	265372
45255111859	210404
45255114959	210350
45255115079	210328
45255115109	210293
45255115529	78163
45255116779	210310
45255116779	210392
45255117509	78164
45255128659	210297
45255137859	210358
45255143669	210390
45255143669	210390
45255146189	210440
45255147179	210383
45255147339	210380
45255148589	210286
45255148749	210399
45255148909	210285
45255148909	210287
45255149869	210277
45255150179	210368
45255152869	210337
45255154849	210331
45284900769	105104
45284900929	41529
45284901049	41549
45284901179	41543
45284901209	41548
45284964099	41526
45296081029	188233
45296191049	188227
45296191049	188232
45300002989	250047
45300005119	250066
45300005379	250060
45300005409	250053
45300278629	284627
45300278629	284627
45310282579	4419
45310360659	323768
45310953509	323752
45364311409	272772
45400268759	211590
45400800799	211584
45421849869	172670
45421850049	172668
45421850049	172669
45421857659	59857
45421872089	65471
45425181279	77285
45425191889	77293
45425591429	77292
45431070109	128911
45431315019	315457
45431807019	315455
4545732209049	17219
45518009329	94117
45518022069	94112
45518058099	94121
45580232939	145241
4560268541449	24544
45635680609	250824
45635914469	71975
45635942349	92432
45635957039	256457
45674340229	291088
45674505789	291097
45674521109	291098
45674527699	240693
45674528429	291048
45674529709	291087
45674530279	313498
45674530699	313502
45674530729	313503
45674530859	313494
45724005559	212800
45735001649	231827
4580085080099	42847
45885394059	342578
45885905729	333803
45937777779	12639
45996497939	341650
46000133539	211899
46000135359	234322
46000135359	234463
46000137339	234313
46000140049	234303
46000140469	211892
46000273419	234427
46000431659	234425
46000450629	234360
46000467139	234444
46000811819	234461
46000866819	234317
46015128919	239339
46084230339	33930
46100000069	283553
46100000519	283638
46100001059	283649
46100001219	283651
46100001639	283670
46100001899	283606
46100002339	283659
46100002759	283633
46100002889	283445
46100006849	283591
46100007129	283673
46100007389	283627
46100010709	283680
46100011409	283585
46100017319	283494
46100019139	283502
46100019269	283681
46100019979	283597
46100020029	283619
46100020159	283530
46100020159	283531
46100302149	283481
46100303979	283447
46100304419	283495
46100354759	283511
46100354759	283576
46100355619	283571
46100400029	283685
46100400289	283554
46100400289	283556
46100410189	283640
46100411049	283478
46100800829	283642
46121262569	3796
46131552209	186277
46158305109	63056
46158613549	160407
46158871659	160403
46288000059	84971
46288000639	197714
46457110169	11054
46457306609	11063
46555001079	350548
46567000299	265940
46567000879	267249
4656700089	267177
46567001449	266859
46567001579	267425
46567001609	266328
4656700169	267399
46567001739	267385
4656700179	266901
46567001869	265884
4656700189	266008
4656700199	267399
46567001999	267219
46567002019	266118
4656700209	266150
46567002859	267094
46567002989	266586
46567003009	266867
46567003139	266641
46567003269	266261
4656700329	266598
4656700349	266541
46567003559	266114
46567003689	267283
4656700369	267285
46567003719	267283
4656700409	265914
46567004099	265987
4656700419	266139
4656700429	266374
46567004389	267369
4656700439	267101
46567004419	267143
4656700449	267171
4656700459	267282
46567004679	266988
4656700469	266475
4656700479	265772
4656700489	265767
46567004969	265825
4656700499	266190
4656700519	267351
46567005249	265947
4656700529	267420
4656700539	266094
46567005409	265844
4656700549	266887
46567005829	266667
4656700589	267409
4656700599	267107
46567006499	267333
46567006789	267113
46567007519	266018
46567007649	266314
4656700769	265809
46567007779	267234
46567007809	267072
46567007939	266442
4656700799	266965
4656700829	266832
46567008639	265927
4656700939	267267
46567009469	266228
4656700949	266966
46567009759	267348
4656700979	266060
4656701049	266945
46567010519	266373
46567011059	267319
4656701189	265823
46567012049	266011
4656701259	265894
46567012599	265894
46567012629	266900
4656701269	265884
4656701329	266148
46567013299	266148
4656701389	266038
4656701409	229216
46567014289	265979
4656701449	267149
4656701469	266308
46567014869	266684
4656701499	267098
46567014999	267098
46567015019	266031
46567015149	266541
4656701529	266567
46567015439	266181
46567015859	266329
4656701589	267425
46567015989	265920
46567016009	266140
46567016719	265781
4656701779	266585
4656701819	267162
46567019239	265931
4656701949	271885
4656701999	266306
4656702069	266089
4656702079	266401
46567021089	266681
4656702109	266662
4656702159	271881
4656702169	265962
46567022109	267228
4656702229	271877
4656702309	266359
46567023199	229169
46567023229	265949
46567023359	267437
46567023489	266194
46567023519	265880
46567023649	265887
46567023779	229258
46567023809	229263
4656702389	265800
46567023939	266968
4656702429	266318
46567024639	266217
4656702469	266154
4656702499	267396
46567025049	267139
46567025179	266608
4656702519	266047
46567025209	266352
4656702539	229231
4656702559	266694
46567025599	266694
4656702569	266136
46567026039	267185
46567026169	267318
4656702639	266176
4656702649	266738
46567026589	267264
46567026609	267265
46567027289	267060
46567027319	266721
4656702739	266331
46567027449	266739
46567027609	267056
46567028859	267355
46567029559	267410
46567029849	266809
46567029979	266423
4656703049	265942
46567030869	267272
4656703089	266840
46567030999	267401
46567031019	267021
46567031149	266104
46567031279	265919
46567031439	265866
46567031569	267054
46567031699	266159
46567031729	266157
46567032009	266371
46567032139	266748
46567032559	229152
46567032689	267344
46567032719	266105
46567032849	266543
46567033099	265785
46567033129	266425
46567033259	266631
46567033419	266106
46567033709	266916
4656703389	265781
46567033969	265801
46567034089	266424
46567034119	266937
4656703419	229208
46567034249	267186
46567035369	266792
4656703609	266561
46567036649	266741
46567037479	266087
46567037639	266409
4656703769	266348
4656703779	267222
46567037899	266760
46567037929	267133
4656703799	267389
46567038049	266707
4656703829	266461
46567038339	266528
46567038469	266672
4656703859	267237
46567038599	267216
46567038629	266787
4656703879	267140
46567038919	267153
46567039039	266808
46567039329	229197
46567039459	266589
46567039589	267251
46567039619	266576
46567039879	267047
46567039909	266122
46567040349	266836
46567040639	265789
4656704069	266947
46567040929	267013
46567041049	265765
46567041209	266655
46567041339	266909
46567041919	266972
46567042039	229207
46567042589	266825
46567042749	266865
46567042879	266941
46567042909	267421
46567043449	266851
46567043869	266458
46567044309	267378
46567044569	266426
46567045559	267034
46567045689	266218
46567045719	266232
46567045849	266228
46567046099	265867
46567046259	266510
46567047119	266874
46567500249	266930
46567500669	265878
4656750329	229243
46567507149	229257
46567507729	265879
4656750809	271890
46567508429	266989
46567508689	266134
46567509129	266016
46567509259	267377
46567510729	266640
46567510859	266875
46567513089	266979
46567528809	229254
46567618869	266460
4656762039	265993
46567622729	266557
46567623559	266556
46567681849	229164
46567682549	229214
46567682839	265907
46567689289	266100
46567718859	265792
46567718989	266743
4656771899	266790
46567719009	266726
46567719139	265845
46567719689	266866
46567719719	265961
46567926179	267229
46567926209	265934
4656796079	229185
46569527329	218360
46583000709	25936
46600574329	82750
46675000839	371453
46675000839	371475
46675000969	371472
46675011149	371450
46675013129	371455
46675013129	371474
46675013419	371492
46675013709	371477
46675031239	371447
46676911189	349825
46689800449	343870
46704000069	329221
46704063309	329243
46704065129	329250
46704079959	255616
46828210269	363667
46828540199	370495
46872870259	90758
46994580869	97725
4710012195019	168871
4710207012619	149985
4710280233109	148719
4710336101239	55476
4710487012859	56042
4710487052619	56050
4710493542029	189793
4710938100739	188948
4711567123489	230434
47125200939	68942
4715635854329	16861
4718426020019	228947
4719870751849	118287
47200152689	53107
47200153259	53123
47200154249	70454
47200155239	53106
47263092229	148541
47263168139	316109
47263189219	148543
47300902269	224149
47325907669	118263
47325908499	219128
47325908529	219103
47325909809	67856
47393527639	108937
47393792099	370967
47416029669	81391
47416029799	229386
47416029829	229383
47416230829	338930
47495112559	223492
47495210019	223478
47495710229	223491
47495710649	223502
47500004459	40931
47500004459	40933
47500006569	40882
47500016599	40948
47500017039	40947
47500019859	40929
47500019989	60546
47500020749	40947
47502130019	274925
47502197029	282474
47502441269	274889
47600003659	354041
47600004199	354092
47600005219	354062
47600011319	354050
47600011869	354111
47600012279	354046
47600013429	354104
47600081909	103843
47600087529	354074
47600290219	354063
47600504149	354052
47600591569	81089
47600951769	354047
47646000919	197436
47677388079	345064
47677432949	305859
47677483569	345076
47677483569	345076
47677483989	169090
47677483989	169094
47677484009	215084
47677484139	305835
47677484269	169490
47692193009	281315
4770266129529	370802
4770583218289	164545
47785008029	11279
4779031531369	221522
47800000359	35681
47800000779	3865
47800330319	35695
47800330319	35696
47800330449	35682
47800330449	35692
47800512319	3867
47800516409	3873
47834000059	322109
47834064099	322115
4783539	35692
47896310219	69986
47900130109	322404
47900303299	193742
47900303619	193741
47900313199	193731
47900313359	193732
47900361329	193748
47900650089	193727
4791021913979	154857
4792103000969	365126
4792103002109	365137
4796005231339	214405
4796005232169	214419
47997123909	194679
48000002259	111566
48000003959	55663
48000005519	55669
48000007919	55643
48000007919	55646
48000011749	55702
48000132659	111565
48000254559	55652
4800035600239	187095
48001001329	141876
48001001459	141868
48001001619	141848
48001003699	28048
48001003729	28047
48001004009	302348
48001010499	195087
48001010529	28058
48001010819	172499
48001010819	172547
48001011359	141866
48001011779	302319
48001011779	302319
48001011809	302331
48001011809	302337
48001012059	28053
48001013599	302346
48001013599	302346
48001014169	28054
48001014459	172448
48001025899	141852
48001154049	172441
48001204379	28044
48001212749	172522
48001213449	141852
48001218079	195246
48001265349	141866
48001354289	141852
48001427839	28039
48001432079	172537
48001450479	141866
48001520479	28031
4800158987019	141746
48001703209	172427
48001703339	172528
48001711129	172555
48001711389	172436
48001716179	172559
48001759459	172449
48014010219	46448
48014010349	273370
48014010479	273376
48014010899	122540
48014346899	273363
4804888815109	335229
4806506180149	118278
4806506181429	163401
4806512022099	195976
4806512024369	195982
4807209	55679
4807770271229	192292
4808680130859	178812
4809012012119	73302
481008969009	104794
481013623309	104782
48107214869	116693
48107226879	116679
48107244569	116665
48107244729	116700
48121162009	333468
48121179809	333510
48121184209	333525
48121207069	333485
48121221119	333508
48121226039	333481
48121253219	333474
48121256159	333477
48121265069	333538
48121277079	333518
48121277079	333523
48121292089	333467
48121292089	333469
48121900519	333493
48121900649	333457
48143026129	19323
48154001689	365300
48154001719	365306
48154003089	365303
48154006059	365307
48176840709	196788
48178027009	251717
48178128669	251800
48178130709	251781
48178330109	251732
48178330369	251777
48178334169	251724
48178334299	251740
48178334329	251752
48178334459	251770
48178335029	251742
48178336019	251811
48178944009	251809
48178950499	251747
48200974639	107063
4823105400119	350073
48300042559	246912
48313028069	82649
48313200069	82650
48313200359	82658
48321063519	111678
48400002279	66892
48400007519	66894
48481009839	291248
48499113009	48623
48500001769	343147
48500005729	343143
48500005729	343212
48500007709	343212
48500007969	343345
4850001110699	138090
48500015599	343334
48500018309	343198
48500018309	343277
48500018569	343211
48500020159	343200
48500020159	343313
48500020319	343315
48500020739	343249
48500020739	343252
48500020869	343324
48500021149	77491
48500021149	77764
48500021279	343227
48500021279	345020
48500021729	345016
48500022009	343149
48500022399	313025
48500022429	343205
48500052129	77724
48500201039	343168
48500201039	343325
48500201299	312945
48500201329	312931
48500201329	312934
48500201589	188149
48500201909	343246
48500202319	343221
48500202579	263274
48500202739	343306
48500202869	343225
48500203149	343192
48500203439	313123
48500203989	343236
48500203989	343237
48500204269	343274
48500204979	343308
48500250129	77724
48500256749	77759
48500301029	343286
48500500729	343357
48556010449	20724
48564000159	130774
48564000289	130783
48564060009	130753
48564060009	130755
48564074099	130765
48564074099	130766
48569	340650
48692000229	370356
48692000489	370355
48696000089	271997
48696000119	272003
48696001109	271990
48696001499	272010
48696001529	272011
48696002519	272011
48696003059	272004
48700042999	289956
48700089659	283031
48707205519	234597
48707431079	234582
48769480169	161875
48769490069	184182
48769490519	184178
48800030889	98293
48800031299	362589
48800184759	362595
48802001269	95317
48867223149	162309
48896100169	22946
48896400139	306025
4891028170969	351444
49000001839	61184
49000004489	61213
49000005479	75716
49000006209	61067
49000007909	256515
49000013979	61174
49000013979	61994
49000018349	61114
49000018349	61127
49000018349	61132
49000031089	22689
49000031089	22701
49000032789	256521
49000033069	22687
49000033069	22688
49000035179	61114
49000036619	91051
49000037289	312293
49000039139	75722
49000040869	61147
49000041439	91082
49000042849	61208
49000045239	256503
4900004879	75715
49000049749	61104
49000050349	256528
49000050349	256532
49000051049	91028
49000054569	256539
49000054699	256522
49000055399	61154
49000055719	91057
49000057799	312273
49000061529	91039
49000065329	154526
49000065589	256511
49000066999	91066
49000067729	91017
49000069129	61199
49000069839	149266
49000070699	134565
49000070729	134563
49000071979	91064
49000072099	118693
49000072389	81003
49000074529	256492
49000075489	312283
49000076929	22690
49000168839	71090
49000543469	61096
49000545159	118728
49000547139	61143
49000547399	61216
49000549089	61106
49000549119	61211
49000552089	61138
49000560749	91024
49000988819	203499
4901309	75716
4901324017049	159295
4901326040229	164148
4901326040359	164141
4901360311309	147741
4901577034749	326497
4901602104539	291417
4901726002339	156560
4901742201389	281194
4901815888059	317999
4902102069359	13955
49022042629	304350
49022045699	228142
49022140899	228215
49022416499	228514
49022524439	228337
49022556089	228386
49022587489	228048
49022598799	228231
49022598959	228266
49022601109	228053
49022634039	228056
49022634619	228015
49022644779	119292
49022645769	228276
49022646469	228187
49022653849	73392
49022659919	119284
49022665569	228535
49022681149	228500
49022684119	228288
49022697409	228330
49022699939	119349
49022703919	228530
49022704039	228414
49022725409	323635
49022733299	119299
49022734579	119238
49022738799	228434
49022739499	352708
49022739529	352710
49022740419	228380
49022744899	119312
49022753839	119244
49022760509	134908
49022764309	228319
49022764439	352704
49022773219	119260
49022773349	119236
49022776739	119300
49022777729	304351
49022784529	119257
49022791909	119195
49022800519	352700
49022800779	119233
49022802919	247360
49022803619	228384
49022804159	119264
49022804869	228286
49022805279	352666
49022805309	228070
49022806139	228219
49022807099	119261
49022807419	228456
49022808959	228291
49022810389	190622
49022810419	190769
49022813939	190776
49022825239	228135
49022832299	228149
49022833159	228032
49022834859	73379
49022836259	304360
49022839939	119258
49022847279	311656
49022847309	228319
49022857179	153798
49022859029	228012
49022862999	72479
49022865679	228331
49022873599	227999
49022880429	228494
49022880559	228319
49022885479	228018
49022885509	227973
49022886599	55786
49022887169	119380
49022887329	228140
49022887879	119215
49022888999	228288
49022891579	227991
49022894259	228034
49022902169	228037
49022902329	162037
49022902909	228489
49022903289	352720
49022920279	119342
49022920309	228396
49022921849	228536
49022924659	228453
49022932029	228131
49022947009	227999
49022947689	228316
49022948389	228271
49022948419	228088
49022948549	228325
49022949799	228079
49022949959	304357
49022966239	228053
49022973909	119270
49022977389	228069
49022977709	228358
49022992719	228262
49022996359	228486
49022997059	228285
4902388067209	221489
4902663009689	144212
4902663011309	144212
4902757115609	210176
49029000059	242634
49029002589	242632
4902915553809	132225
4903117140019	213799
4904851300769	281204
490550215199	200058
490550311679	325279
490710807899	200371
490710808469	14365
490710808759	301192
490711801179	200735
490711801919	200446
490711802299	200545
490711803029	200994
490711803999	300679
4909411062699	170371
4912509	71082
49200007259	78047
49200040409	78039
49200040409	78039
49200043509	78037
49200043509	78037
49200051009	78017
49200051009	78018
49200051979	78033
49200057919	78019
49200057919	78036
49200901069	78015
49200902769	193781
49200903209	326968
49200903469	326954
49200903629	373668
49200903759	326955
49200903889	78024
49200903919	326966
49200904169	326960
49200904329	38383
49200904879	78042
492031601279	300701
492032201089	300898
4921161579	180068
492120202769	301353
492120206859	162985
492122200039	301392
492163402829	301146
492163500679	14551
492180100579	15196
492180200279	15425
492180200699	325336
492180200729	325435
492180500089	300769
492271601039	14323
492310003299	201101
492311303589	14602
4924009	256494
492610205379	14371
492610300579	199788
492610405069	154704
492610702229	301359
492610900229	200459
492701400829	301129
492710201349	146412
492710202469	370829
492716500859	229480
492841016539	200535
492841106339	200571
492841106469	200880
492841106629	199814
492841112309	200886
492860100349	14985
492860300329	15257
492860300619	14504
492860500019	14445
492860500149	14455
492880700499	14910
492880701779	201170
492880701809	200690
4932816712609	145540
49387400119	59604
49454100119	213225
49463099619	24098
49485002369	162128
49485050919	162213
49485052029	162252
49485053859	162223
49485057659	162257
49485057819	162224
49485680109	162125
4950509	71071
49508001249	304980
49508001409	304999
49508003229	305056
49508007319	304966
49508007319	305033
49508009139	305071
49508082309	305056
49508250029	305073
49508250319	304976
49508251149	304976
49508251729	304956
49508251729	304956
49508251729	305036
49508251859	304979
49508251859	305017
49508252139	305019
49508252719	305028
49508253259	305004
49521000069	106090
49521161869	106091
49521161999	106105
49521162019	106107
49539064169	50860
49539330479	50859
49539900139	163546
49568150079	98860
49568171289	98953
49568210179	98937
49568310329	98954
49568311289	98954
49568330129	98956
49568350059	98864
49568400129	98880
49568400129	98895
49568530109	53890
49568550169	98972
49568560809	98904
49568640129	98914
49568670089	98901
49568710129	98981
49568740089	98987
49573236959	90001
49578196029	71352
49578310029	71355
49600700309	13323
49646100989	19341
49646120079	11151
49646120499	19351
49646122899	11148
49646141159	11140
49646144839	11141
49646200429	353221
49646200979	316131
49646201129	316069
49646201549	316119
49646201679	316124
49646202829	44355
49646203369	44341
49646210039	19333
49646530229	343459
49646550029	11142
49646800629	343475
4964690069	11155
49646901609	343472
49646925179	343436
49646936199	343480
49646936489	343462
49646937509	343483
49646939459	343439
49646980369	78911
49646996919	343444
49696405799	220771
49696969819	102066
49696972499	145704
49696995139	102056
49696998109	102059
4970077115289	240423
49705010679	198754
49705010969	198984
49705014929	198812
49705026229	198949
49705037119	198887
49705041819	198916
49705044179	198865
49705053119	198643
49705060049	198614
49705060889	198618
49705062029	199009
49705068229	198986
49705085509	198958
49705086889	198675
49705100899	198844
49705101179	198918
49705117859	198827
49705117989	198658
49705119549	198657
49705168509	198672
49705168899	198682
49705408049	198925
49705409039	198757
49705409329	198928
49705610749	198648
49705630129	198781
49705654729	198617
49705655559	198764
49705662779	198842
49705682289	198895
49705688939	198950
49705709979	198679
49705714249	198903
49705721759	198749
49705804629	198733
49705936009	74309
49705948729	198712
49724200419	291498
49724300089	291507
49724300249	291515
49733090179	57174
49733830119	57165
4974689075009	159329
49800000889	242240
49800035119	242225
49800079649	272680
49800080669	272705
49800081659	272617
49800103979	272578
49800104099	161415
49800104129	161404
49800109889	272659
49800124479	242253
49800126589	272571
49800138629	272690
49800138629	346203
49800140059	272592
49800142169	272591
49800142299	242265
49800143159	272634
49800143289	272676
49800147799	272667
49800156029	143339
49800157859	92319
49800163959	73479
49800164239	272573
49800177079	242238
49800194649	242249
49800208599	272710
49800215269	242258
49800225039	242275
49800582019	161390
4982838026789	318279
49900000109	172641
49900000369	172646
49900182959	172651
50000005079	335661
50000007509	61876
50000009299	335563
50000009329	335567
50000025459	61944
50000050079	341904
50000050079	341905
50000055289	54438
50000111879	226790
50000120789	61863
50000120789	61942
50000171149	335612
50000188949	49842
50000246649	61765
50000251179	61791
50000254859	226866
50000263769	61751
50000304769	61819
50000306909	335580
50000310319	61790
50000314539	313090
50000322909	61795
50000328529	61925
50000328529	61925
50000328529	61927
50000333639	267452
50000336609	61870
50000336609	61877
50000351909	61886
50000384829	342418
50000385529	342422
50000398799	61806
50000398799	61962
50000408849	335579
50000421169	61710
50000421169	61712
50000438099	61733
50000457199	49817
50000457199	49833
50000504909	49877
50000523009	49871
50000526789	335702
50000549009	49853
50000592449	61885
50000622399	335552
50000622429	335626
50000622429	335626
50000666249	242385
50000671489	61834
50000671489	61957
50000672899	61700
50000672899	61701
50000680849	335549
50000719259	49851
50000774159	49841
50000784509	61925
50000787289	335569
50000800049	61792
50000800049	61869
50000826339	61900
50000828029	61725
50000843039	335675
50000843909	61766
50000848089	61795
50000848119	61774
50000851089	61816
50000886609	61948
50000896639	226852
50000917549	335602
50000917549	335647
50000929689	61778
50000970889	61852
50000970889	61960
50000986149	61953
5000159434249	195424
5000168171739	157278
5000168195629	205406
5000295156449	351575
5000295156609	351573
5000354405129	33325
5005338011419	123902
50088007019	75726
50100100049	139076
50100171889	139227
50100171919	139177
50100407339	21634
50100408039	139123
50100408879	21646
50100459659	139070
50100600419	139181
501019	339717
5010909004929	47865
5013790774339	104343
5014908003419	213560
50200003349	319609
50200013089	319631
50200013089	319632
50200013119	319625
50200015359	319589
50200015359	319632
50200019159	319569
50200019289	319604
50200551109	319586
50200561009	319588
50200587009	319638
50200598029	319580
50200700019	319618
50200701009	319633
5022782777029	171515
50251179	275410
50255011009	273697
50255011009	273716
50255620119	273698
5026502000169	155889
5028217001189	183533
5028373095879	170394
50300314659	321461
50334865349	325232
50334865639	325235
5033742000149	288690
5034444112109	8581
50400058019	62431
50400082229	103999
50400085169	104000
50400088009	117948
50400157699	265613
50400161009	265609
50400739529	265604
50400739819	21275
50400740129	265610
50400740419	21278
50400740419	21303
50428260579	117811
50428270639	270114
50428271599	117801
50428275009	117878
50428286999	117497
50428289679	117519
50428299999	117887
50428302989	117759
50428306659	118062
50428308059	117746
50428314869	117846
50428337899	117645
50428341339	117863
50428343449	117672
50428361269	117572
50428370049	117494
50428371749	117668
50428380109	117829
50428397619	117557
50428402719	117787
50428408049	117866
50428411629	117312
50428427439	117547
50428429969	117491
50428442999	117582
50428448489	117300
50428450659	117458
50428453629	117303
50428464809	117883
50428467879	270109
50428471579	117698
50428480359	117681
50428480649	117341
50428487099	117787
50428490259	117356
50428490419	117475
50428491119	117274
50428491799	68885
50428493359	311665
50428494899	117317
50428496879	61405
50428497449	282990
50428497739	68860
50428498699	283004
50428498859	117648
50428500439	270108
50428500729	64451
50428500989	117441
50428501429	64445
50428502099	117275
50428502129	68821
50428502839	270122
50428508459	68858
50428508589	117273
50428508909	117741
50428509029	117399
50428513019	117451
50428513859	68881
50428514269	68862
50428515389	117794
50428515419	117740
50428516669	117282
50428517109	117375
50428519219	117348
50428521519	117713
50428522349	117288
50428524459	117492
50428529829	117335
50428530399	117706
50428530559	117292
50428531389	68870
50428538159	117902
50428541289	117403
50428542729	117474
50428547649	3733
50428551639	56897
50428560679	117642
50428561119	117466
50428562079	117716
50428562369	117700
50428562659	117591
50428562819	117270
50428571439	117293
50428572269	117854
50428593219	117882
50428594339	117502
50428599099	117752
50428600429	117384
50428604809	117409
50428614549	117339
50428616789	117820
50428618769	117544
50428619469	117761
50428623329	117584
50428629239	117752
50428631959	117636
50428633649	117328
50428634899	117398
50428638699	117490
50428641019	3735
50428644089	117503
50428648599	117564
50455128019	8307
50500000239	91745
50500000949	91707
50500001649	91752
50500002929	91804
50500344579	91736
50500346979	91698
50500734929	91780
50500789479	91783
5051379003319	104575
5051379006099	104314
5051379006259	104571
5051379008499	104464
5051379009489	104305
5051379009519	104488
5051379019969	104233
5051379021139	104611
5051379022259	104597
5051379025489	104499
5051379025519	104247
5051379025649	104319
5051379026479	104337
5051379029029	104418
5051379035969	104487
5051379044169	104471
5051379048709	105887
5051379051709	104389
5051379051839	104455
5051379053819	104320
5051379054489	104210
5051379064099	104582
5051379071349	104250
5051379072469	104596
5051379072759	104300
5051379077709	104569
5051379078669	104227
5051379079499	104445
5051379080389	10730
5051379080419	10729
5051379080679	104291
5051379080709	104431
5051379080839	104477
5051379081089	104407
5051379084059	104214
5051379084189	82189
5051379084349	10730
5051379084769	104498
5051379085469	104530
5051379085599	104292
5051379086299	268624
5051379086329	104494
5051379087319	104283
5051379096649	104272
5051379103989	104264
5051379104009	104257
5051379104719	104536
5051379107109	104310
5051379109479	104841
50548407069	278911
50565242049	280311
50584342959	70446
50584424549	70439
50600054019	107279
50600418019	234985
5060165580279	366894
5060250610829	177928
5060250610959	177929
5060384262369	48428
5060413263589	216262
5060604010329	284018
50654000079	281585
50696000129	23299
50696090649	23304
50696090779	23297
50700001999	290356
50700002149	290367
50700002309	290379
50700002439	245677
50700005089	290347
50700006659	290342
50700008059	290349
50700011929	290383
50700012049	186269
50700017099	150242
50700036779	150165
50700047959	150165
50700083919	150177
50700206219	245672
50700253589	150179
50700297149	245695
50700491639	150221
50700553689	150154
50700554419	150216
50700561059	150208
5070056569	150171
50700568409	150201
50706000019	335091
50706900029	335085
5075009	61788
50754007039	299105
507769	339885
508469	341287
5088809	119071
50977303659	107874
50977330839	107875
51000003669	47409
51000005519	47536
51000005649	47550
51000008039	348547
51000011619	47607
51000011879	47587
51000012319	47700
51000015419	47650
51000024299	322420
51000027979	257608
51000038869	47441
51000040299	47406
51000041449	47634
51000042859	348573
51000080639	47752
51000081599	47756
51000097729	322441
51000103499	322509
51000112859	47860
51000115539	47583
51000127679	248858
51000128959	47945
51000129109	257581
51000129109	257598
51000132819	257585
51000138019	348575
51000140029	248859
51000142979	322421
51000143709	47779
51000149169	47720
51000150769	47912
51000153159	348539
51000153579	47902
51000169839	348562
51000170859	348523
51000171009	348526
51000174239	248428
51000178619	348515
51000185969	348574
51000187239	47532
51000188069	322510
51000191229	47740
51000195739	47470
51000199249	47920
51000199539	47814
51000201799	47440
51000201959	348481
51000204479	322456
51000204769	47924
51000205209	257615
51000206619	48052
51000207579	348633
51000208309	322452
51000210289	322439
51000211439	248310
51000211699	48070
51000212269	47863
51000212399	47694
51000212429	47621
51000214119	47850
51000214249	48108
51000214379	48125
51000215109	47749
51000216229	348565
51000217639	257601
51000218049	348586
51000218889	348440
51000218919	348464
51000219299	47759
51000219459	47724
51000223319	348537
51000224149	348466
51000224279	48003
51000224699	47669
51000224729	47596
51000227959	47668
51000229519	348572
51000229779	47805
51000230119	348471
51000230379	348464
51000230669	332892
51000231529	48063
51000233059	48135
51000233189	47973
51000234049	47522
51000244949	257624
51000245069	48043
51000245199	47917
51000247629	348442
51000247919	348457
51000248589	348614
51000248909	322466
51000251039	257606
51000252999	47673
51000253019	47585
51000253149	48119
51000268099	47950
51000268549	48062
51000269409	48062
51000270689	48042
51000272829	348595
51000273499	47665
51000274489	47509
51000274779	47539
51000275639	348573
51000276339	348431
51000277299	47537
51000278029	322419
51000282699	47507
51000284679	348585
51000285379	47651
51000287939	322423
51000289469	257553
51000290359	48005
51000290519	47910
51000290649	348424
51000291639	47718
51000291929	47451
51000292339	47450
51000292629	348581
51000294739	47984
51000294999	348504
51022140069	95400
51022141219	95294
51022604509	95394
51022605049	95355
51022605209	95391
51022606039	95307
51022800529	95337
51022800659	95302
51022800789	95379
51022900069	107632
51022950019	95371
51100079069	80701
51100890909	80836
51109443229	168849
51179113169	322343
51179125209	246870
51179161009	322340
51179194359	322358
51179322219	322362
51202008639	256020
51202008769	256411
51202008769	256419
512879	340894
51328101429	205565
51328101429	205566
51328104109	205497
51328104109	205557
51328107629	205543
51328107629	205561
51328109029	215814
51328702299	205525
51328711789	205541
51328713929	352909
51328810499	205522
51328995899	205562
51328999699	205523
513739	340164
513999	341070
5144548030169	203031
51497181369	220264
51497237899	164257
51497237929	164258
51497244729	80493
51497294359	56070
51500000199	304857
51500000229	304739
51500000489	304770
51500000939	304834
51500001219	304765
51500001639	304775
51500001639	304866
51500006849	304842
51500011119	249965
51500011249	249965
51500012499	304774
51500016879	304780
51500023259	304873
51500028759	304740
51500029459	304812
51500029459	304813
51500029749	252278
51500029909	304734
51500030059	75254
51500030769	75234
51500031339	75227
51500032589	75225
51500033579	75244
51500033579	75244
51500040089	304879
51500041369	304809
51500075449	159535
51500080009	252501
51500101469	149604
51500101629	149639
51500203149	252172
51500210079	159516
51500241059	159493
51500241639	159487
51500242759	66150
51500244029	159499
51500244159	159465
51500244289	159462
51500245729	159479
51500255339	159505
51500280669	149625
51500281529	253088
51500286029	66324
51500286029	66324
51500286609	66318
51500451229	159528
51500552889	252682
51500554289	253076
51500554999	252785
51500555019	252273
51500555309	252322
51500763209	252835
51500782279	304715
51500782989	304748
51500920459	252770
51500927519	149610
51500927809	252781
51500927939	252392
51500928769	252877
51500929049	252383
51500929179	253076
51511040139	105257
51511555909	105251
51576000079	323556
51576206419	29439
51600002079	183920
51600002079	183920
51600002109	183912
51611165909	62236
51611175229	332260
51611190109	332267
51651060219	197145
51651092449	197129
51651093699	197123
51651098229	197124
51651198219	197137
51721003719	172370
51725601119	30078
517539	340538
51756000219	323494
51756069209	60095
51756100049	323464
51756900069	57929
51756910099	58030
5177000829	238773
51787035709	173403
51817506209	282980
51817516109	56898
51900000539	180486
51900005039	180460
51900016059	180479
51900016189	180487
51900019029	180477
51900019579	180478
51900040009	180496
51900040269	180489
51900400179	118915
51900801099	180462
51900801129	180448
51900807169	180452
51900807459	180446
51907142959	195720
51933001909	370798
51933003309	370701
51933005709	370692
51933007109	370689
51933008809	370697
51933009509	370704
51933010109	370732
51933011809	370693
51933017009	216691
51933021709	115528
51933023109	115527
51933026209	115519
51933035409	164120
51933040809	177925
51933047709	287925
51933048409	250944
51933051089	168466
51933051249	159390
51933051379	159368
51933051829	183989
51933051959	197313
51933052109	115524
51933053359	183987
51933053519	284243
51933053939	289972
51933054059	61011
51933054219	334987
51933054349	334976
51933054769	302484
51933055049	90143
51933055209	90134
51933082779	246573
51933102309	370725
51933103009	134994
51933104709	256186
51933107809	216706
51933113909	177905
51933127609	115542
51933129559	164111
51933130609	164135
51933134829	115545
51933151109	223817
51933161009	43061
51933165809	144930
51933166509	311547
51933191259	60983
51933228009	60995
51933230729	118542
51933263109	284161
51933267909	130427
51933281509	344029
51933292109	370712
51933303829	134997
51933307209	370689
51933316409	74046
51933316959	61037
51933338869	115513
51933339279	284174
51933339309	66168
51933340589	66418
51933340619	66415
51933341289	216709
51933342569	61042
51933342699	205261
51933342989	39848
51933343269	66412
51933343979	90141
51933344549	311546
51933345089	159375
51933345539	318573
51933345669	159387
51933346239	289965
51933346369	44267
51933346529	306498
51933347229	289962
51933347649	159338
51933349759	107235
51933351349	216688
51933351479	115578
51933351509	197301
51933351639	159367
51933351769	43115
51933352049	319699
51933353329	10917
51933354449	319704
51933354609	197294
51933354739	10965
51933356979	43071
51933359079	61025
51933359109	61029
51933360419	39850
51933360549	90149
51933360839	92074
51933365339	216717
51933366169	197319
51933367739	92076
51933368989	39846
51933369429	130408
51933372269	61345
51933372719	159386
51933373099	159371
51933374669	3905
51933375109	168474
51933376649	115572
51933376779	201276
51933383609	74629
51933399679	82151
51933399839	201280
51933493179	115506
51933517639	256196
51933547049	115523
51933615199	177901
51933615809	115537
51933626959	319710
51933647589	370715
51933653429	76634
51933658929	256428
51933659209	284168
51933665859	135001
51933755949	46408
51933896819	61022
51934093149	47191
51943053769	334473
51943100029	334647
51943103419	334448
51943245249	334611
51943246239	334610
51943534039	334600
5196579	253106
51974171449	60099
51989002929	304605
51989004749	45409
52000001679	261054
52000009019	110046
52000010169	110059
52000010299	109734
52000010459	110015
52000010619	110060
52000010879	261025
52000010909	261053
52000011289	349147
52000011289	349159
52000011449	349147
52000013269	110162
52000013399	109953
52000013719	109748
52000014419	109754
52000039689	110031
52000040029	109907
52000041019	109761
52000041309	109782
52000041439	110175
52000042139	110034
52000042399	109776
52000042979	109771
52000043129	109911
52000043259	109932
52000043389	110024
52000043419	109739
52000043549	109932
52000044409	109976
52000044539	110038
52000044669	110062
52000044829	37157
52000045079	110025
52000046229	109837
52000046489	261036
52000046939	109786
52000047059	110091
52000047189	109750
52000048629	109781
52000049589	109851
52000049619	110112
52000049619	110113
52000050219	261051
52000050479	261075
52000051049	219765
52000051179	219742
52000051599	109774
52000051629	110176
52000052039	109730
52000052749	261070
52000052879	109993
52000052879	109995
52000053029	109747
52000053999	110097
52000055559	219655
52000100969	261078
52000101669	261084
52000102499	264009
52000102659	261110
52000103939	109787
52000104479	110086
52000104899	109981
52000122039	109898
52000122169	109823
52000124859	110133
52000129359	110144
52000131529	109904
52000131659	109725
52000133059	109905
52000133189	261028
52000134209	109767
52000134469	264007
52000134629	110103
52000135169	109810
52000135299	109776
52000135329	109880
52000207149	109981
52000207309	109844
52000207699	110078
52000207859	109844
52000208429	109804
52000208719	109878
52000241549	110019
52000320169	109814
52000321999	109881
52000322569	109888
52000338089	109858
52000512489	261037
52000707779	261027
5200101474099	16408
5200101474129	16406
5200113220059	235503
5201127010599	155898
5204904000189	111607
52066004379	195640
52083621009	315249
52083621009	315254
52100000589	46674
52100001999	115414
52100006819	204916
52100007229	204997
52100007809	205166
52100007809	205166
52100010489	204782
52100010649	205039
52100010779	204656
52100018089	204943
52100018249	204959
52100018959	204879
52100019499	205183
52100020259	311074
52100020389	311082
52100020419	204929
52100021119	204723
52100023489	204880
52100025759	204966
52100027449	2750
52100027739	204790
52100028699	204860
52100029139	205172
52100029269	204782
52100031149	205082
52100033679	205071
52100033679	205071
52100033969	204916
52100034959	204624
52100034959	204946
52100035079	204868
52100035109	204979
52100036519	204789
52100037639	204725
52100038209	204782
52100038339	205039
52100038469	205197
52100038599	204751
52100039299	205002
52100039619	204991
52100040189	204992
52100040219	204835
52100040639	204809
52100040899	204935
52100041889	205048
52100043449	204856
52100043609	204662
52100044859	205030
52100045139	204940
52100045399	204996
52100045429	204888
52100045559	204769
52100048109	46606
52100048109	46649
52100048659	46604
52100049809	205135
52100049939	204972
52100050119	205021
52100051079	204767
52100051109	204814
52100052779	204698
52100054179	204883
52100063409	205054
52100091709	204987
52100095509	204919
52100098609	204683
52100106199	204683
52100106199	204684
52100157429	205010
52100168609	204801
52100323589	204829
52100323619	204871
52100324159	204799
52100324609	204990
52100326269	46664
52100326269	46664
52100351889	204649
52100571959	204966
52100735689	204657
52105003059	179902
52159000509	316595
52159002039	316583
52159050009	316625
52159530549	316649
52159700829	316606
52159701079	316642
52159701079	316697
52159701239	316573
52159702489	316708
52159702779	316660
52159702809	316657
52159702939	316586
52159703059	316576
52159703479	316604
52159703479	316652
52159703479	316697
52159703769	316679
52159703769	316702
52159704179	316582
52159704599	316634
5216438579	61592
5219919	115414
52200041499	24230
52273122439	160313
52287002109	54472
52287087199	54481
52287200369	54476
52294006909	353648
52294007319	333306
52294007319	333339
52294052029	205314
52294082569	234740
52294089629	234749
52302733209	52251
52319102029	149453
52319791209	149453
52319862039	149460
52334116599	366711
523479	339920
5239131589	369450
52417000289	279641
524179	339506
52500005719	284069
52500050139	80470
52500050559	80468
52500051129	80484
52500060039	80479
52500080259	284092
52500081829	60609
52500084479	80450
52525402869	48197
52548500559	3146
52548550349	3190
52548557119	3385
52548559519	3006
52548560249	3248
52548562069	3089
52548562809	3387
52548563509	2957
52548563929	2859
52548564469	2939
52548564599	2924
52548564629	2914
52548565879	3045
52548565909	3253
52548566449	3034
52548566579	3368
52548575199	161597
52548575229	263587
52548581299	3259
52548581619	2903
52548582999	3372
52548584689	2998
52548590499	3144
52548591809	2982
52548595319	3271
52548597849	3055
52548602659	3344
52548603939	3135
52548604769	3119
52548605049	2876
52548608989	3187
52548609009	3054
52548609429	3353
52548610159	3013
52548615659	3357
52548616939	3116
52548618599	3074
52548620899	2945
52548620929	3194
52548627539	2874
52548631529	2834
52548632779	3224
52548634599	3076
52548635039	2839
52548635619	3036
52548684259	3019
52548685829	3168
52548686819	3267
52548687229	3238
52548688219	2913
52548690939	3108
52548692469	3309
52548693329	2955
52548698539	3241
52548701109	3381
52548701819	3276
52548703509	124
52548704919	3283
52548705299	3358
52548708719	3086
52548715519	20730
52548724689	2810
52548730819	3151
52548730949	2948
52548894559	2914
52552972229	286752
52591005179	97971
52591129639	97956
52591909149	97978
52603042819	243056
52603042819	243278
52603042949	242935
52603054379	243030
52603054409	242936
52603054409	243268
52603054669	243022
52603055239	243032
52603056069	243349
52603065009	243012
52603065009	243368
52603065719	243383
52603065979	243270
52603082259	243378
52603083119	243064
52603094689	242934
52603094849	243006
52603095129	243000
52603280969	243315
52603284899	243363
52679019319	85768
52679627279	219426
52679700439	319222
526797700439	319222
5272219	204828
52738070459	67904
52738077489	67908
52745082049	90903
52745727179	90893
52745728039	90960
52745728329	90932
52745750399	90957
52745772469	90891
52745790319	90996
52745790579	90934
52745790609	90960
52745790869	90912
52745953059	90983
52745954049	90989
52745981809	90982
5283010420449	205632
52833225099	161804
52836143109	89768
52839505959	192497
52839511189	192498
52851116409	280651
52851140459	280636
52851141449	280632
52851165209	280622
52851169269	280570
52851664009	280571
52851746309	280604
52851749089	280609
52851830619	280606
52851954599	280564
52851954629	280566
52894121989	310974
52894122009	310981
529099	339833
53000000549	38206
53000001669	38272
53000002079	38163
53000005209	38273
53000006329	38171
53000007999	38273
53000009559	38309
53000011149	38278
53000052999	38181
53000052999	38196
53000068259	38306
53000071419	38254
53000071679	38304
53000071709	38256
53000071969	38335
53000075189	38216
5310115007159	351142
53136600019	304528
53136813099	332394
53136821339	332393
53136898829	332396
53136899949	80315
531559	340854
532129	340729
533409	341023
53400000569	265686
53400211859	42984
53400231369	42986
53400232229	42963
53400259639	42983
53400314789	40841
5340034239	42988
53400920249	42960
53600000079	183064
53600000079	183123
53600000109	183151
53600000109	183179
53600000529	183021
53600000789	183131
53600000819	183112
53600000819	183140
53600000949	183110
53600000949	183126
53600001779	183022
53600001809	178422
53600002219	178426
53600002479	183037
53600100489	312671
53600100489	312716
53600101189	312709
53600101189	312714
53600102759	312669
53600102759	312684
53600103169	82017
53600103299	82016
53600103459	82030
53600103459	82033
53600105729	312666
53600106269	183106
53600106429	183044
53600106559	183071
53600106719	183053
53600106719	183116
53600110099	341773
53600110129	341780
53600110259	341788
53600110259	341789
53600110419	341795
53600110549	312717
53657482699	98567
5367409	38262
536769	340906
53691530639	30442
53691598349	30445
53700101409	64225
53702000519	229968
53702009529	229975
53702011409	229978
53721016089	63640
53728221059	36166
53760460119	239581
53792100069	341800
53800026619	187362
53800026619	187368
53800410029	187381
53800631059	187393
53800750149	187330
53800931029	104789
53800950099	187392
53847327199	22943
53852004009	129563
53852054509	129564
53859070649	3465
53859201029	167288
53862900209	212415
53900020159	50161
53900020159	50161
53900022269	50161
53997430589	184005
54035345000299	347676
54078078000599	261223
54078146000599	261224
54100000309	351922
54100000309	351924
54100002709	351909
54100002709	351910
5410000309	351924
54100004109	351912
54100004109	351913
54100005359	351917
54100005359	351950
54100005809	351879
54100005809	351955
54100006769	351901
54100006769	351902
54100008459	351927
54100008459	351928
54100009999	351883
54100009999	351884
54100013309	351910
54100014009	351896
54100014009	351939
54100016409	351889
54100018809	351883
54100018809	351897
54100021359	351873
54100030009	351934
54100030009	351934
54100105189	237894
54100138019	65649
54100172709	213739
54100172709	213750
54100179739	16171
54100179739	16209
54100439659	16153
54100939029	16172
54100939029	16214
54100977359	237882
54100977359	237888
54117197000499	50852
54138822089	78691
5425031752219	22948
54276215309	124377
54300081009	48152
54300233149	48160
54300233279	48165
54300233439	48167
54300233699	48162
54308184429	307268
54315012159	66231
54347201309	163214
54347202139	163225
54347260009	163230
54400002249	130269
54400003239	3495
54400003499	130264
54400015249	130273
54467000219	48631
54467040239	66253
54467073039	97615
54467100629	97697
54467500009	312966
54467502799	312994
54467502829	313072
54500100869	21337
54500101149	21258
54500101149	21264
54500191669	21327
54500192109	21286
54500193229	21250
54500193489	21267
54500193519	21268
54500195209	21288
54500318059	21247
54596405039	138372
54627210069	315993
54644000049	22610
54783503609	44261
54783507119	44256
54791100029	274229
54791100159	274235
54791100319	274234
54800020119	346787
54800021079	346826
54800120079	346827
54800135059	346803
54800233359	346828
54800420049	346752
54800420469	346777
54800420599	346758
54800420629	346804
54800420889	346797
54800421169	346786
54800422159	346755
54800423309	25788
54800423309	25794
54800423439	25746
54800423439	25778
54800423569	25765
54800423569	25765
54800424559	25740
54800424849	25796
54800425419	25745
54924003319	220839
54958892019	163407
54996000179	21137
54996000629	21182
54996004849	21197
54996065109	21166
54996068049	21157
54996105089	21152
54996105829	21143
54996573239	21118
54996920019	21129
54996920149	21114
550079	340079
55104001019	86819
551359	340197
55270091029	124301
55270091029	124307
55270762059	124245
55270839119	124294
55270851449	124315
55270851739	124300
55270857779	124253
55270860199	124318
55270871829	124339
55270956069	124250
55270956069	124308
55270956519	124286
55270961049	124283
55270961209	124327
55270961209	124327
55358670009	235523
55369902359	60282
55415093369	325092
55415653259	158307
55415893389	325093
55500010219	171563
55555001729	44340
55598981279	181074
556309	341184
55653031949	70815
55653120209	70798
55653218609	70825
55653656609	70823
55653670209	40533
55653670209	70786
55685023059	245251
55685111169	245254
55773000719	204510
55789095259	131890
55991049859	299195
5605466917999	259526
56130678000299	91845
56210841209	51536
56409402679	67938
564519	341216
566629	339768
566889	340234
56719900209	189827
567749	340792
57000010799	65452
57000011079	65453
57000039059	141675
57000133269	141577
572439	340651
574389	339945
57483000409	18280
57664008699	60394
579599	340603
57961027089	320884
57961027249	320883
58203461319	280742
582599	340823
58335000189	38396
58336141119	79750
58336141119	79751
58336141409	79762
58336177019	89222
58354210149	333359
58400300039	8775
58431204559	184469
58449000099	196635
58449165019	86424
58449181019	224591
58449182009	224622
58449202219	224549
58449205029	224641
58449410089	224682
58449410249	224555
58449450009	224676
58449450139	224574
58449590569	224616
58449590729	224645
58449771609	224663
58449870289	224651
58449890379	224539
58449890409	224564
58449891369	224640
5852539	32334
586009	341195
5862029	280734
586639	245263
587419	340553
58807388029	62907
58807422549	62906
58807480389	239915
58807480419	239964
58807481669	239908
5889929	280793
589239	341093
58940723589	8943
58957080989	255644
5900085009859	367812
5900102310319	353853
5900334000859	345529
5900352012469	163126
5900862212489	367811
5900919000229	275396
5900956300719	142282
5901218021809	230423
59013004549	368957
5902009002649	107102
5902609000519	184854
5902899103709	145327
5903295010899	317265
5903295010929	317260
5904603190289	255016
59119031269	149552
59119206469	149570
59119208029	149548
59119208159	149555
59119208289	149568
591379	340007
59290311419	205410
59290311419	205424
59290311839	205412
59290312539	205417
59290943719	50107
59608001339	232369
59635001999	107891
59642002019	80200
59642003719	323729
59642193939	80220
59642321639	80239
59642908199	336553
59642917689	80227
59644203179	274354
59644990109	157518
59654180019	35223
596589	339492
597579	341260
59949083049	215469
600350115579	205397
600350119089	205391
600559010859	148705
600559011689	148707
600559013409	20745
60069000069	173841
60069000229	173840
60069000229	173841
600699001069	174079
600699001069	174343
600699001489	159136
600699002219	173856
600699002769	159118
600699002929	174025
60107109259	288296
601172111459	281702
601890000639	242769
601960004109	160048
60200001429	221426
60200010049	221426
602036991019	215282
602050010789	2700
602050011519	2679
602050013049	2671
602050103689	2683
602348674389	290756
602503444109	30453
602573098639	211489
602573127889	14132
602573189009	156495
602573240809	302463
602573312759	173425
602652170089	168949
602652170119	169220
602652171239	169123
602652171659	168977
602652171789	169125
602652171819	169078
602652171949	169258
602652181009	169132
602652181139	169079
602652184079	169068
602652184239	169129
602652201059	169193
602652204029	168988
602652206009	169496
602652241109	169097
602652243059	169263
602652250019	169068
602652257179	169061
602652263019	169136
602652264009	169020
602652268199	169184
602652276989	169002
602652279249	169265
602652279249	169265
602652279669	169161
602652285189	168969
602652286889	169033
602652286889	169033
602652289279	169099
602652289309	169081
602652296659	169003
602652296659	169004
602652401329	169163
602652401329	169163
602652416989	169130
602652417139	169242
602652417399	169246
602652418839	169064
602652429989	169138
602813360069	315939
602950520029	272567
603028000009	372383
603028000139	372370
603028799019	326458
603028799149	326460
60327000459	335448
603346000019	40333
603346000149	40331
6034000115109	257385
603608000269	211530
603608423709	346527
603741000089	368952
603741000249	368946
603741001239	368950
603803669179	75461
603803669209	75304
603812022019	57463
603812022149	57502
603812022309	57500
603812029889	57468
603812087179	57509
603812394239	57482
603812570039	57511
603812570459	57460
603812570749	57498
60383736439	247184
603872079169	251835
60410037539	339078
604109	339750
604183110749	106740
604183110909	106804
604183121479	106758
604183121639	106725
604183121769	106801
604183121899	106818
604183121929	106794
604183160539	62875
604183180209	106730
604183201089	106782
604183205049	106766
604183310309	281460
604215889469	168543
604215900119	168528
604215903509	168542
604262005089	269182
604262021089	269185
604262510149	65285
604262722689	269191
604262738079	269172
604262771489	302543
604310755959	181606
60441430019	283097
604485007129	140675
604485007549	146389
604485007969	140673
604485017449	315649
604485024829	91003
604485114049	269193
604485124109	71026
604485507469	101634
604485530269	246989
604485675649	53704
604580010369	3922
604680086509	145332
604700216879	256234
604730002879	343420
604730105389	157641
604913001149	353818
604913100309	178576
604965270029	73030
604965720029	73019
604965720029	73029
604965775029	73017
605021000109	218111
605021000109	218130
605021000499	71097
605021000499	218118
605021000949	218117
605021001069	218128
605021603089	218140
605021885119	218123
605049458449	319153
605245009339	79665
605388128249	329818
605388186799	126840
605388187109	126619
605388187239	126069
605388187659	127612
605388187789	128774
605388188359	125937
605388663719	329841
605388666109	20609
605388927279	125388
605439271009	37007
605546764579	45058
605663148399	77110
605663153409	77116
60569005229	76444
605712000029	142623
605779	339937
605806000089	129232
605806010309	129122
605806027949	129123
605806028069	129165
605806122149	129362
605806124099	129239
605806136979	129210
605870001319	95750
606098806069	19584
606098806199	19583
606274105559	350190
606274316719	350196
606274325759	350194
606274327319	350200
606274327319	350200
606274445419	350183
60631917269	22007
606322100109	53277
606541801429	213695
606541922469	213691
606597010059	164924
606597610129	212553
606899	339493
606991071069	53004
606991131459	53005
606991132289	17766
606991132289	346690
606995001239	16025
606995002779	74338
606995003219	16023
60719002009	343657
60719600229	343653
60719745449	343655
607440123469	25513
607556400119	84007
607599	340996
607842111309	274845
607842112269	274847
60788000879	308671
60788000999	308629
607880010619	308753
60788001179	308417
60788001199	308812
60788001289	308684
60788001669	308531
60788001829	308476
60788001839	308703
607880022919	308772
607880023619	308669
60788002469	308440
60788002559	308727
60788002569	308677
607880027259	308480
60788002729	308748
607880030259	308634
607880033069	308692
607880033229	308700
607880033359	308430
607880034349	308506
607880034509	308516
607880034639	308805
60788003489	308512
607880035049	308405
607880035179	308536
607880035339	308623
60788003539	308764
607880035599	308437
60788003589	308531
607880035919	308514
60788003599	308645
60788003629	308741
60788003649	308399
607880037029	308799
60788003709	308725
60788003729	308444
607880038859	308540
607880038989	308520
607880039009	308462
60788003949	308774
607880039559	295626
607880039719	308538
607880039849	308650
607880039979	308648
607880040029	308387
607880041019	308459
607880041309	308622
607880101089	289302
607880101119	288707
607880101379	288818
607880101539	288718
607880101829	289001
607880102109	289259
607880102239	81837
607880102369	88933
607880102529	81836
607880132359	308586
607880200379	289288
607880200799	289285
607880201529	289460
607880204339	130442
607880405149	308670
60788040859	308689
60788070179	308433
607926002769	369098
607959700489	108100
607959700779	108094
607959700809	108107
607959701189	108121
607959701219	108106
607997809359	346270
608291083049	220027
608623000379	324008
608623000409	324035
608623000539	324016
608623000669	324037
608623000829	324009
608623001079	324026
608775502219	366794
608819233109	218698
608819254999	8770
608819255149	8763
60886402039	202455
608866924029	43012
608938209009	306948
609019331169	367751
609019740039	247382
609019742019	247379
609132135149	30384
609132526329	30230
609132708879	351151
609207617549	232161
609207617679	232153
609207617709	232176
609207617839	232110
609207617969	232146
609207618379	232154
609207618409	232149
609207618669	232185
609207618799	232169
609207618829	232124
609263620149	157489
609454649669	330637
609454649959	250029
609454650009	344128
609454650139	48482
609454666369	48489
609454674319	19236
609454674609	158563
609454681119	215126
609456137829	11126
609456295949	215032
609465381589	115737
60949280009	217865
609722102469	233475
609722798839	288197
609722844239	123013
609788750659	83985
609941049	331893
609941759	331894
610074987789	182241
610192009899	7654
610192099289	7664
610358991129	72380
610379325309	222857
610395969099	145765
610546454979	169678
610563197019	217836
610585434949	131320
610585457979	156126
610585871539	10431
610696431189	215031
610696541659	250950
610696700049	53895
610708181859	256124
610708526919	261
610764023919	21518
610764025319	21506
610764029249	21496
610764251299	21517
610764863119	21513
610764863799	21484
610965235449	254266
61104149729	40966
61104149729	40967
611190300339	188911
611190360449	330290
611190369329	188902
611190480949	188909
611247310809	269199
611247312179	91019
611247351079	98753
611247352649	323896
611247381359	78365
611247381359	332297
611247382929	323899
611247391259	332310
611247395219	332312
611269109009	269366
611269160239	269353
611269271959	269351
611269546019	269341
611269766639	269366
611269766639	269367
611443010909	171548
611508175789	286777
611625102279	172404
611785102409	118468
611785108159	118472
61185233829	253964
612029	339653
612100054359	242421
612197633369	86409
612227621069	125125
612322000059	221515
61232200059	221518
61232200989	221516
612322029999	221520
61243100049	184759
61243714659	184741
612510090909	257853
612573008309	141786
612669317049	182632
612669405029	182602
612681707859	274453
612781101069	198141
612781101199	197872
612781101359	197982
612781101519	197929
612781101519	198170
612781101939	197925
612781102509	197816
612781102509	197973
612781102639	197844
612781102639	197923
612781401619	198075
612820556409	77575
612884887129	333348
612884887259	333344
612884887389	333342
612884887419	333347
612900745549	350545
613008715069	15870
613008718459	15985
613008720209	16011
613008722869	15857
613008722869	15928
613008724139	15910
613008724979	15924
613008725839	15922
613008730499	15918
613008735159	15928
613008737719	15902
613008738549	15953
613008739409	15965
613008740009	16015
613008740269	302682
613008744069	15867
613008745349	15905
613008751159	15907
613008751999	15899
613008756499	15945
613008756499	16002
613008756659	15978
613008759599	15903
613008759629	15966
613008765019	15989
613008766139	15944
613522021059	341916
613911104189	240408
613911110029	240415
613911120059	240407
613911140019	240411
614074000769	9493
614074001629	9491
614156000359	347065
614156061169	347066
614156061459	347053
614156061589	347073
614156062319	347076
614156062609	347051
614362042259	308936
614583624159	245096
614832000529	52860
61500015499	313570
61500015659	313596
61500015819	265088
61500016229	58668
61500018919	60177
61500120049	98039
61500122739	351207
61500122739	351207
61500127789	351239
61500128069	168233
61500210139	351205
61500210559	304675
615103102409	73323
615433080019	155340
615433180139	220821
615433330299	155323
615433330329	155329
615433330459	155352
615435517469	61413
615565601649	347512
615867999109	372539
615984000979	269962
615984503319	269955
616003945219	373680
616029010939	232633
616029060019	232664
616029067339	232639
616112027059	365021
616112272589	365042
616112296189	75447
616112668689	365017
616112866719	365025
616112866719	365056
616119	341077
616136000229	130811
616241128559	37047
616320910389	19539
616320910419	19534
616453285569	71646
61651610109	309178
61659002739	18327
616594506059	178440
616618400059	164905
616618400059	164908
616639934489	232038
616639934519	232035
616641862039	117015
616676092289	272454
616806597929	34170
616806681659	63827
616909688739	57329
616913832319	307221
616973001649	361400
616973002929	361394
616973004169	361388
616973011099	361396
616973011389	361384
616973040419	361424
616973080439	361426
616973090209	361419
616973701709	109627
616973711159	109635
616973711739	190617
617115001909	161994
617115012219	190955
617115023789	190933
617115024649	190954
617215927659	19119
617353707489	115269
617353708219	115266
617375932579	37049
617375932609	37048
617395959389	91876
617403102059	130566
617407102369	232410
617529	339632
61763013959	144081
61763041389	144049
61763090059	51334
617641012899	117025
617807136049	232732
618056755999	216526
61819100039	344130
61819216549	344129
618547318849	112249
618551600169	195078
618551600329	195075
618551600459	101077
618551602699	195073
618551603719	195065
618645230029	222529
618645239459	222508
618645249199	222507
618645315269	221846
618645320829	221850
618645356729	221833
618645422769	221861
618645438449	221858
618645447519	197094
618650277309	331017
618650599869	331037
618650599999	330935
618650692539	330964
618650692799	330949
618650694229	331213
618864208359	232750
618930492729	263995
618930492989	263304
618964526339	263576
619128650259	224333
6191509900749	328610
619159877069	272733
619286609069	170234
619286901019	170239
619309001429	307677
619309100979	307671
619349	340256
619360008139	328663
619360090639	328686
619360091049	328719
619360091339	328709
619360091599	328720
619360190469	328676
61954000539	351737
619587675459	244339
619587676579	53352
619587676609	53353
620133002209	170324
620133003619	170320
620221290099	161598
620514010359	222760
620514011899	222767
620514012599	222769
62058103119	290937
62058817979	290922
62058817979	290930
62058837519	290925
620698885019	89203
6210602401059	132277
6210605301059	132284
621173050229	264767
621173050489	181799
621588315159	261138
621683920159	99187
621683920159	334835
621787021769	366223
621787027549	366225
621787033939	366215
6221011000689	129481
622210307559	23154
622349	340596
6224007430729	170766
62287052349	271626
623436123459	273958
62356517229	51670
62356544119	51671
623629	341298
623682113259	62857
62385113669	344072
62482010809	370003
62482016009	370004
62482016009	370007
624967404109	9536
625252003069	56769
625252003939	71333
625252006879	71328
625252007159	80428
625573200109	231561
625691650039	145202
626425100929	315714
62646070069	172437
626608000879	32501
627404030169	230735
627429	341127
62768800049	8931
627733002059	138831
627733002509	138845
627733003209	138834
627733009959	239144
627733012409	138858
627733015509	138841
627841300009	280200
627841300009	280201
627843851769	213491
627907109249	197183
628020101059	113701
628020102049	238043
628039100029	51384
628045690019	250498
628055012009	217786
628055222019	38013
628055429159	98682
628055733089	233915
628055758679	98813
6281034016029	267710
628110137029	17897
628110499479	19762
628110716019	217249
628110716309	217263
628110716569	217250
628110716699	217245
628110716729	217242
628176496399	3972
628250179019	346730
628250511109	365074
628451868279	55627
628451868569	55623
628520225019	51995
628553012099	3894
628586262119	122837
628586651029	333311
628586651029	333319
628586804319	325205
628678370029	216562
628678370609	66599
628831100289	222870
628831110059	222873
628834070039	53452
628834092109	53444
628834166169	53461
628834166589	228552
628834166619	228548
628834170289	53446
628936423429	334858
628936583789	334859
629014004639	230492
629014007289	325379
629014007319	230468
629014011019	132054
629014011279	65824
629014011699	143006
629014011729	65830
629014014829	143383
629014016779	65826
6291007904659	41274
6291007904949	41271
6291010902949	312879
6291107890609	103076
629307015649	331832
629307016349	331837
6297000361819	7920
629859117129	230559
630003099529	33565
630003203179	33543
630003203179	33543
630003203599	33586
630003268079	33598
630003359029	33597
630003540069	33610
630003616139	33569
630003877929	33615
630003914129	33641
630003981039	33581
630003998709	33607
630003999119	33685
630003999539	33623
630003999799	33584
630271829699	268802
630361500019	54612
630535000659	67888
63054201359	271220
63054201489	271238
63054401339	271227
63055803309	271217
630614000099	273518
630614000259	273514
63100004729	129098
63100275099	129101
63100481049	129084
631602100029	83849
631602100159	53582
631602100739	83855
631602102269	83852
631656500639	219797
631656561159	219802
631656716719	302439
631656861839	263395
631723140409	76929
631723142489	76958
631723149709	76982
631723152709	76976
631723181129	101023
631723182409	101031
631723201049	76956
631723201919	77000
631723202169	76921
631723202619	76946
631723202749	76998
631723203869	76922
631723211109	238992
631723242219	32473
631723523219	77005
631723801119	205703
631723801409	205702
631782001529	278352
631782001949	278363
631782004339	278354
631782005039	278388
631782006609	278375
63205200859	243440
632351000189	62833
632432911809	130711
632432961019	130722
632471717189	118741
632674751119	231992
632674835079	231963
632674835109	231951
632674855299	231945
632674855329	231962
632674855459	231996
632674855879	231950
632674856159	231988
632687051299	124763
632687051589	124759
632726281229	215644
632930413959	299106
632963756689	38054
632963756719	38056
633148100129	324670
633422125459	147779
633422849799	147780
633456050079	268276
633456050109	268256
633456113149	268265
633456115389	268253
633456116119	268260
633456340019	268254
633622210009	371073
633622210009	371074
633622405139	371066
633622408109	371101
633622556039	371081
633920608829	362553
634039000689	236114
634098425539	225624
634163212019	332076
634294590239	215640
634294591359	36169
634319200099	11108
634319200129	11110
634319200419	11099
634319200709	11092
634356010699	223116
634356110429	223109
634356112119	223110
634418523549	7886
634418523709	7878
634418523839	7904
634418524409	7874
634418524669	7881
634418524829	7877
634608000669	68442
634608002069	230055
634608002939	230014
634608003929	230025
634608004469	31630
634608005169	230020
634654607959	242299
634660104909	4049
634660105609	366952
634660108129	139505
634660170089	330975
634660180019	172358
634660205019	366951
634660380129	316048
634660396489	139498
634660403699	330583
634660403859	44351
634680143759	80397
634680144329	80401
634680196069	80411
634680715659	80390
634680724019	109639
634994219539	320805
635028869119	30376
635078400409	175040
635104177169	86174
635104180039	86168
635104180169	86171
635104181319	86183
635104607529	86186
63517770729	178810
635381000099	227074
635414999789	130508
635519114179	347689
635519114339	347643
635519116609	347640
635519118429	347696
635519121009	347648
635519132029	347683
635519140529	329607
635519140819	347635
635519142219	347711
635617001029	365231
635617023229	365216
635617028279	365227
635655691299	20451
635732122029	11074
635992042969	230892
636046701009	135489
636046701009	135491
636046703829	135492
636276221049	95425
636276802019	299226
636276807229	299225
636284002449	354029
636289118169	124867
636289124009	317412
636289171089	55482
636431706589	246128
636431706619	246138
636625000189	260532
636628080089	254352
636628081659	254348
636711115049	328241
636711115209	328243
636711600309	50532
636711601689	50545
636711606769	50531
636711609289	50523
636711903059	50553
636711903929	50561
636711905169	18944
636817902659	372684
636841073059	271310
636880003819	97845
636910000139	319538
637107402569	267470
637390619149	311370
637480001489	17454
637480002059	17614
637480003339	17435
637480004619	17587
637480007559	17520
637480009829	17423
637480010559	17442
637480015639	17504
637480025409	17513
637480025539	17435
637480025669	17425
637480034449	17545
637480035439	17551
637480045049	17582
637480060509	17647
637480060639	17500
637480061339	17532
637480061339	17532
637480064149	17613
637480065139	17611
637480069069	17597
637480069069	17605
637480074209	17583
637480091459	17628
637480091619	17630
637480593069	17417
637793001039	193914
63783577039	158141
63783577459	158143
63783703179	158133
637910000099	23333
638031601479	95217
638031605019	95206
638031705719	95204
638031706709	95202
638031725229	95222
638037599169	281270
638102675019	373926
638102678119	373934
638170389269	303519
638170702389	171722
638379810229	278873
638455788299	324532
638489009049	77372
638499995479	330986
638499995509	336359
638499995929	330951
638499996049	336354
638499997039	331162
638564607009	73041
638564703329	73037
638632199979	246134
638882000599	312818
638882000889	312801
638882000919	312806
638882200319	312824
638888378159	9199
63891600759	56763
639001433069	229283
639001460959	229275
639001461079	229279
639001461239	4106
639072941869	11742
63910500059	364697
639123000149	305996
639123020659	305990
639192501509	179244
639192737069	48281
639194052269	228150
639246020659	367764
639246040459	367773
639246070029	141737
639266944959	315432
639266944959	315435
639277005199	129010
639277129239	40442
639277188649	129005
639277199089	46769
639277232649	20664
639277348319	223226
639277359759	112833
639277409799	77937
639277480989	221796
639277708359	321997
639277715609	60750
639277716989	156141
639277751409	321993
639277936899	328762
639277946669	15597
639372021209	321966
639372025009	321967
639385488969	333310
639511523519	96014
639522000269	189852
639522000429	189850
639689072789	349242
639713215939	331163
639713992779	53068
639759000179	244421
639759000209	244424
639775070019	214749
639792109129	230514
639792110019	249720
640034001729	20612
640173375149	246527
640215001029	290900
640410513969	182071
640410514249	182077
640410514959	182067
64042103389	289802
64042558059	122347
640445002889	41114
640484002499	108160
640793813359	271821
640841116449	55790
640855046329	323643
640901858579	58183
64100126169	339369
64144001019	54298
64144002399	54245
64144009329	54236
64144009329	54237
64144020799	54228
64144033409	244783
64144038299	244808
641440407549	54274
64144040759	54274
64144040759	54276
64144042739	54319
64144043309	54325
64144043439	54251
64144043439	54320
64144047079	54289
64144047079	54336
64144047109	54240
64144047109	54280
64144100019	54284
64144107209	66681
64144281459	276016
64144281459	276033
64144281619	276023
64144322879	130859
64144868759	54238
64144877089	54277
64144877249	54275
641497153819	358386
641520010379	287279
641520055349	287281
641520055479	287275
641542708049	323632
641548101349	104060
641548101479	74851
641548121699	104067
641548121729	104065
641548121729	104065
641548121859	104064
641548139069	28679
641752925489	184441
641759000189	13343
642014583249	242718
642076210039	170142
642205005659	146730
642205012619	51203
642205110209	51205
642205513819	49550
642205517169	146725
642205561339	146742
642628019189	30496
642703012029	17091
642703012029	17092
642998000169	13904
642998000329	13902
643130101089	83056
643130310009	115643
643139	339879
643174000539	253131
64331741759	171462
64331748659	171459
643342215659	77360
643342215659	77361
643345983869	211360
643362110729	82041
643392500279	284600
643392500279	284617
643559	339620
64359508129	106081
643639161249	339345
643700219459	28937
643795544849	339226
643795545129	339229
643831000599	169507
643831000629	169508
643831001169	210173
643843715009	257709
643843715399	257675
643843715979	257733
643843716099	257688
643843716129	257653
643843716259	257717
643843716679	257664
643843717089	257671
643843717669	257657
643843718079	257739
643843800729	257654
643843801429	257721
64396545279	365118
644209000159	80710
644209001149	64874
644209003129	80681
644209004959	80655
644209009169	80629
644209009329	80703
644209009879	80837
644209101139	80893
644209122349	80690
644209303779	218038
644209303809	218048
644209307579	80724
644209307579	80762
644209404209	80817
644209404889	80891
644209405039	80770
644209408009	80693
644209410859	80867
644209411009	80801
644209412129	80632
644209412259	80825
644209412259	80840
644209412709	80784
644209413409	80787
644209414109	80744
644209414659	80789
644209415489	80768
644209421589	80696
644209422029	80781
644209425099	80639
644209425129	80803
644209425389	80842
644209425419	80691
644209425549	80764
644209471119	80741
644209628339	80636
644216321599	329174
644216324699	273244
644216383559	288587
644216485499	79450
644216485499	79450
644216487899	79445
644216487899	79446
644216527809	217732
644216613199	371424
644216828609	367402
644216829309	198782
644225726149	256710
644225727139	256708
644225770029	256694
644225770029	256714
644287992759	239378
644404137049	264768
644823001709	308258
644823001839	332901
644823009729	332900
644823647129	308252
644824913759	142154
644876110809	335294
645112532119	107486
645125800069	137875
645136000359	186940
645136000489	186943
645136000939	186927
645173911649	347303
645175520139	240597
645230011169	107595
645230021519	107570
645230056009	107573
645230087249	107582
64523021519	107570
645376990229	246143
645433018019	197452
64563225089	372607
64563226079	372545
64563226819	372595
64563226819	372604
64563227199	372601
64563228769	372556
64563229179	372572
64563450009	372544
64563450009	372577
645650000729	41202
645789439759	254292
64579007709	278339
645871999789	302780
645871999819	302780
646345331029	118465
646345331739	308965
646659	339967
646670311079	312437
646670316029	312423
646670467219	312400
646670514449	312416
64684530499	117983
647086001349	333555
647086010129	333560
647086010679	58542
647086124109	237357
647312960129	107952
647409807009	347094
647466275209	307405
647466480269	307406
647613000029	189965
647613008919	189968
647613009879	189962
647669185039	228838
647669511159	228836
647671000139	109128
647671501919	109173
647671503289	109145
647671503609	109146
647671690019	197495
647671690019	197495
64777121139	291365
64777121269	291343
64777121399	160941
64777121429	291356
64777121559	291364
64777121719	291363
64777812129	160822
64777812259	160966
64777812389	160876
64777812679	160907
64777812709	160914
64777812839	160824
64777812969	160784
64777813089	160892
64777813119	160929
64777813249	161147
64777813379	160841
64777813409	160869
64777813539	160916
64777813669	160777
64777813799	197234
64777813829	160946
64777814079	160811
64777814109	160860
64777815069	161064
64777815359	161101
64777815779	161109
64777816189	161107
64777817179	161117
64777817339	160862
64777817599	161098
64777817629	161135
64777841839	315754
64777842089	315763
64777842249	315746
64777842409	315756
64777843109	315742
64777843659	161114
64777844069	315757
64777845219	238961
64777848159	161092
64777848449	160905
64777848579	161141
64777848609	160868
64777848869	161069
64777849279	160909
64777851869	160945
64777851999	161074
64777852279	160830
64777852699	220924
64777853139	220929
647878246569	47071
648036001969	267601
648114220039	312239
648194500199	331673
648230079979	244103
64827000179	240567
64827000209	240563
648371660029	197104
648436100019	244169
648436100279	244163
648436100279	244166
648436330669	256114
648505042509	192037
648505112509	192048
648505302559	192026
648505352509	192031
648570015019	273568
648570018089	10785
648570024899	187014
648570028279	187005
648570028309	187003
648570030739	187001
648570031149	187023
648570032689	130432
648649070079	228912
648649250839	228919
648710313609	157374
648960000809	124699
648960000809	124700
648960003589	124698
64912086859	195218
649369230019	80027
649380004019	43612
649380199029	43611
649474125699	338885
649474238009	190157
649509000069	272138
649632001469	260320
649815000029	116060
649815002009	116072
649889	339646
649925000209	91941
650229744799	288663
650229744829	288665
650519	340580
650748779289	141740
650882217029	335802
650912101809	373039
651170065049	98204
651170065049	98204
651213019	232766
651219112079	302199
651219112079	302200
651219201179	223149
651219212649	223158
651219303019	184775
651219303019	184778
651219303149	184782
651219303149	184788
651235266329	122901
651235440309	122903
651313009	232762
651433200019	80128
651433241609	295929
651433261409	295738
651433262109	80177
651433406169	131847
651433601199	295920
651433601229	295929
651433605999	80163
651433623009	80122
651433691619	237100
651473601029	326400
651473601029	326405
651511009	232763
651538000149	323169
651544610059	12324
651700229	232757
651814951769	229740
652010000039	321505
652010000039	321507
652498001009	68710
652599	341063
65265070649	16880
652671533389	132012
652703005259	16766
652703005839	16772
652703007109	16768
652709000029	3825
652709100019	3824
652709100019	3826
652729011159	249965
652729101249	81569
65278301549	311604
652878003319	325637
652878008659	325627
652878011109	325635
652878021269	325639
652878040109	325632
653341205209	189282
653341335449	263146
653341364319	351775
653341580009	300445
653341760999	49749
653341767899	161605
653341768599	161604
653407140109	161010
653660011079	272780
653660011109	272795
653849153439	13301
653861090019	283088
653888031149	38678
653888075099	95508
654054673019	85384
654220922569	336452
654287000019	248215
654287000569	248214
654367520079	95617
654367520109	95625
654367520239	95624
654367550519	352392
654383121519	94670
654448000469	302403
654448001329	302402
654773002169	139385
654830002019	134843
654844833289	141806
654858703899	16083
654858903169	77370
654871000449	67233
654871001019	67227
654871009039	328324
654871180059	67234
654883112109	155183
654883112109	155188
654954204849	239445
654954210079	239464
654954211359	239453
654954227039	239466
654954232989	239474
654954233849	239452
654954234709	239449
654954238059	239455
655166000779	290678
655257735269	368463
655257735399	43319
655257735429	43342
655273001249	221954
655273001249	221954
655360017009	338703
655516151199	38870
655569	341090
655635970039	246563
655778749059	21870
655809400089	103877
655852000779	18396
655852001899	18340
655852002339	18371
655852003299	18401
655852003459	363713
655852004159	18314
655852004159	18343
655852004319	18322
655852004319	18351
655852005859	18313
655852006399	364197
655852006849	18393
655852007129	18359
655852007419	364524
655905000299	290180
655956000019	63447
655956001689	138438
655956001979	216378
655956002129	216380
655956020109	78920
656133345039	115615
656274000279	268709
65633845039	94829
656488007859	145773
656750178959	258929
656750179529	258927
657082001519	156750
657082001939	156771
657082003049	156753
657082026369	156762
657082060509	156772
657227000339	87050
657243000139	250759
657243000399	308033
657243046069	250753
657243175219	250740
657243346039	250749
657484401009	124892
657522098079	82638
657522098079	248365
657522750069	248282
657522750199	248380
657522750519	248281
65756111929	212623
657579080249	239746
657622012869	146411
657622072139	146417
657622216779	146399
657622718679	146452
657622908629	146458
657664491479	303581
65776634149	158955
657815040259	110
657815040549	113
657846468749	212089
657846468749	212090
657978000169	332738
657978500379	202310
657978502359	332741
657978766379	70732
658010116039	109459
658010116169	109461
658010118699	109447
658010118729	109449
658010119269	109395
658010119429	109375
658010120609	109428
658010122399	109429
658010122429	109389
658010123129	109380
658010123969	109380
658141110029	90474
658276201029	149642
658276201319	138519
658276202279	149666
658276202859	149682
658276203009	149681
658276203139	149650
658276222239	149679
658533123019	267897
658533911869	83238
658564230519	211607
658564503989	71320
658564973379	71315
658623233369	89948
658686480069	348667
658686600269	240552
658686600399	240551
658686600559	240550
658686600689	240541
658756002399	220594
658761368039	102124
658761369029	102125
658761369319	102126
658761378069	102118
658882063639	202836
658882068689	202834
658882070699	202747
658882072709	202746
658882096309	202818
658882111019	202826
658882245479	202813
658882261189	202756
658985000029	109479
659000405119	181024
659201102039	11792
659204321789	243070
659204825089	243493
659245228269	8946
659245293519	85622
659253120029	212254
659253120159	212253
659345091329	3948
659422016849	336401
659422062679	336436
659422092249	336432
659422093109	336478
659422160719	336412
659422161549	336447
659422211299	336378
659422211619	336411
659422214719	336430
659422214979	336459
659422216409	336435
659422312019	336446
659422312569	336461
659422312859	336477
659422313689	336437
659422612409	336434
659434001079	91847
659434008269	91854
659541011169	213912
659682957739	51587
6597400113569	349222
659878009129	288157
659878009549	288155
660001011629	68965
660217817329	352500
660217819859	352506
660550022299	373986
660645003219	19157
660646000309	146617
660646001139	146626
660646001269	146630
660726003039	89669
660726268209	219713
660726500019	219732
660726503379	219749
660726503409	219648
660726525029	219663
660726525159	219744
660726526279	89681
660751000409	317419
66086088509	246696
660861001129	49237
660861003529	49235
660973111259	18408
660973183539	98626
661042535129	64945
661090298489	108810
661389600139	289835
661440001479	48576
661450060169	211734
661475115509	32476
661506600219	350367
661676150019	290197
661799075879	57594
66188118319	158202
662010100509	273445
662166668069	246904
662425035939	265212
662425089109	46116
662578912729	370026
662712050409	263993
66338949	171306
663497174069	328919
663593498809	68776
663603140599	233903
663701270419	311755
663836011369	172377
663936773099	180012
663936773129	180013
664054001149	193640
664056003509	249405
664114909019	255602
664150152219	211663
664150160009	211709
664150250199	211679
664150250229	211656
664150250649	211720
664150270029	211688
664150290089	211703
664150290119	211739
664150290409	211682
664150290539	211702
664150291789	211642
664150291819	211721
664164101739	242741
664183061939	174743
664372600079	364961
664541000099	234731
664763544609	294700
66479000569	58738
664850300729	67967
664857113209	53883
664857137489	8302
664989609809	340789
665072008639	245072
665072009889	245077
665072011639	265154
665288000229	339413
665291003019	219035
665291006539	219036
665291007109	219034
665591000909	35566
665591893099	35574
665596010019	154695
665596099939	154712
665596454639	154697
665596464829	154703
665596475269	111183
665596486319	111188
666016310719	240375
66613028619	42943
666140100019	85893
666227700019	350677
666288105129	160045
666329	341084
666628488059	274428
666708000409	334697
666785202239	34125
666785203519	34124
667181000009	282459
66721006639	56170
667319	339739
667450000099	94082
667450000389	94097
667450001119	94085
667494970709	40787
667601219639	184200
667651001369	219477
667660003309	156885
667803000059	62377
667859020049	189145
667862002049	129085
667978010129	363564
667978013779	167597
667978014639	363396
667978749739	364131
66844503589	81012
66858200009	332471
66909100449	372669
669169000179	301864
669212185099	230552
669387006489	80559
669387006939	80556
669461453949	259355
669556020049	145229
669556020179	220807
669556062919	230519
669556070099	370387
669633105799	243524
669731210449	60506
669731240019	68985
669809200419	304222
669809200549	304234
669887505239	321119
669887517249	122400
669887531009	60374
670131690519	46513
670171115669	167279
670171119759	167260
670171202499	326936
670171202529	326934
670171254559	167270
670171303639	349797
670171303639	349797
670171881229	167251
670221360469	224190
670221360599	224191
670433092059	303666
670433093209	303661
670452700829	25817
670452777029	25818
670541299869	217621
670541344439	38406
670541583289	159039
670875602069	271118
671372500049	290971
671372501039	32470
671372602309	290955
671372800019	290962
671521471329	188773
671718810979	82120
671890101049	217622
671896030039	223219
672583331279	278153
672583331699	4592
672583331699	271278
67261101099	71326
672640203099	289850
672640301009	62809
672642000429	215800
672642000849	85010
672724730749	173498
672724773029	173491
672724780249	173499
67275000319	66270
67275000999	66283
67275006519	66285
67275006519	66293
672824002029	33209
672824161009	33218
672869530099	190341
672890203009	302423
672890955809	146768
67311966579	181886
67312000609	352087
67312002269	352164
67312002399	352136
67312002689	352168
67312002849	352167
67312005109	352160
67312005239	352112
67312005499	352146
67312005659	352107
67312006649	352088
67312006779	352155
67312006939	352113
67312050659	352115
67312050659	352200
67312050819	352117
67315043849	193647
673316036539	258097
673367410319	232700
673538061609	25396
673538061609	25399
673803080069	95713
673803080069	95715
673803080519	95731
673803100019	95721
673803100019	95721
673803502509	95716
673839	339849
674563551059	270296
674563551219	270293
674563553039	270294
674806008159	177623
674806008579	177631
674806009019	177621
674808443569	324951
674942021609	131497
674971188069	70171
675260108829	109683
675499	341000
675571879319	257371
675625104039	235896
675625119019	235865
675625371189	235890
675714110019	51499
675714700029	51496
675825704909	13852
675825710009	13835
675825715929	13861
675825733909	13856
675825761209	13874
675825763029	13862
675941003559	231213
675949	340502
676181250079	95861
676194970889	8564
676194971039	8570
676194972579	8561
676194976799	8585
676194977949	9137
676670001069	73425
676670004039	73435
676670010009	73430
676670010009	73436
676709825369	232704
676821541079	311362
677294991149	67815
677294998049	239067
677294998209	239072
677294999039	216150
677355300729	193790
677591000049	239549
677636000089	48853
677684113519	124216
677684412599	42657
677684520669	42654
677762812709	282411
678008004919	15704
678044005109	129576
678108144119	157849
678108144539	157833
678108200129	156780
678108221629	223447
678286614039	53211
678286707779	53208
678452142069	30274
678452142519	30259
678452142649	30261
678452142779	30270
678523010419	116607
678523036129	116599
678523038079	116608
678523038529	116618
678523040089	116593
678523043059	116597
678523070369	116605
678523070499	116600
678629050029	168491
678629910019	168487
679224446019	57098
679510300049	41237
679757800159	85849
679757803419	177570
679757803709	177568
679844104429	74772
679844104559	74771
679844104559	74771
679876023699	323360
679948100129	223876
679948100259	223873
679948100549	223878
679948100969	81884
679948100969	223854
679948101249	223837
680059	340505
680063478079	61438
680168821039	350961
680201856509	281131
680270758599	271844
680270758629	271837
680392887429	156781
68042000439	65414
680474025589	320955
68055682909	70817
680569330659	124964
680569335319	231672
680569346919	273032
680569993779	250634
680569993809	250636
68062001939	60003
680867850149	330486
68100058659	173913
68110560029	226224
681131017909	201400
681131039659	271262
681131047609	282117
681131052269	202005
681131060219	201487
681131060349	271250
681131067089	202082
681131067119	201744
681131067539	201400
681131068789	202155
681131070379	201415
681131072519	86792
681131072779	201924
681131078719	201680
681131079839	202094
681131080019	201743
681131090889	201650
681131091039	201955
681131091299	201647
681131091329	201864
681131097789	202091
681131100939	353002
681131101189	201966
681131101349	201444
681131101509	201968
681131102049	202217
681131104449	282016
681131122689	201555
681131122719	202006
681131122849	202226
681131122979	202114
681131130349	201556
681131130479	202165
681131135979	201549
681131138499	201977
681131139519	201842
681131149389	201315
681131151849	202230
681131151979	201714
681131156899	312226
681131160599	201872
681131161329	201957
681131161459	201984
681131161879	201399
681131161909	202111
681131162029	201524
681131165419	201982
681131165679	202079
681131166249	201365
681131166829	201633
681131171199	201911
681131176699	202093
681131176729	201689
681131178419	201508
681131179539	202018
681131180719	105765
681131221429	201516
681131236119	201690
681131248549	201439
681131276429	201517
681131277839	201740
681131277969	202095
681131278089	201905
681131278119	201304
681131278249	202091
681131280709	86783
681131282529	201615
681131285919	86755
681131287609	201846
681131288439	202040
681131305129	202037
681131305419	201337
681131316439	201795
681131317719	211123
681131328869	201705
681131328999	201875
681131329019	202062
681131348539	201586
681131348669	201605
681131352949	86772
681131354769	202063
681131355469	312220
681131377379	202102
681131386739	86757
681131386869	86773
681131395519	201297
681131395779	201778
681131395809	201609
681131398909	201472
681131403849	201500
681131411219	201548
681131411349	201766
681131411509	201598
681131411769	201568
681131428729	201813
681131433709	201298
681131433839	201485
681131437189	201587
681131437219	201536
681131437349	201608
681131457699	201632
681131532099	202016
681131714679	353091
68116102919	57126
68116103299	57132
68116103909	57123
68116106269	57128
68116501279	57129
681168820039	37009
681170002959	39466
681170003369	39460
681170003659	39410
681170005509	39475
681170021509	39472
681170160079	39440
681170222319	39517
681170226119	39446
681170226119	39470
681170228359	39456
681170241129	39469
681170300109	39533
681170316209	39483
681170403329	39407
681170406719	39442
681170453539	39500
681170453539	39526
681170471359	39468
681170477559	39443
681170477559	39492
681170478099	39487
681170530209	39435
681366196219	84947
681573841599	288452
68160510159	142562
682082040039	141782
682082060129	141777
682082060259	141773
682430400119	352247
682430611409	352259
682494510519	366212
68274345609	311508
68274345739	311511
68274345869	226897
68274346439	226843
68274347139	263302
68274347139	263303
68274351389	311512
68274351389	311513
68274351419	311490
68274351419	311515
68274432279	263299
68274911699	263290
68274911699	311519
682863123029	249106
682863643329	347540
683018400019	232826
683061301219	349721
683061302049	349722
683061369479	220597
6831019	141600
683203916929	338881
683548005029	373948
683548005739	373945
683639810419	112505
683639900219	112497
683639921689	112504
683639921719	112528
683639922709	112506
683639923249	112525
683715015059	373919
683715015059	373920
683720309709	74472
683744962799	347616
683744963079	347627
683744964199	347626
683794455999	192077
683828657399	256262
683855040119	83419
683866312519	72541
68400563419	188084
68437383509	42503
68437911269	42481
68437911689	42511
68437912679	42507
68437913119	42496
684699	340177
684700999019	43378
684700999149	43394
684700999279	43396
684700999699	43384
684758081919	4957
685167149139	330880
685248987599	226971
685248987629	226968
685399	340266
685707100019	332388
685757569569	97873
685961102149	23468
686023001349	82856
686148000029	290762
686207804049	301897
686409140099	70961
686443312339	269296
686464317009	168425
686464528009	181820
686700000139	108885
686700004069	108907
686700023039	108914
686700030099	280440
686700039399	108873
686700039399	108890
686700045659	108886
686700047189	85519
686700101119	108880
686700101249	108903
686700101409	108919
686700101799	108869
686785116879	282952
687016237899	307213
687016500559	307220
687080001099	70050
687080288629	70047
687080543469	196616
687080543889	196609
687080621129	196593
687080717389	196619
687080797589	371624
687080802689	196625
687106458319	99063
687106606079	99057
687121582129	56882
687250800149	101050
687250800729	101045
687408637689	97870
687437953699	352080
687456111759	122488
687456112879	122501
687456215709	194141
687456283159	194156
687652164009	295104
687652175449	295109
687652192019	295110
687652200509	295136
687923000289	10405
687927809109	42899
687965437319	93930
687965437579	93927
68826045209	264763
68826186049	264753
68826200059	264756
688267000249	5283
688267000799	5475
688267000829	6122
688267001079	58927
688267001369	6422
688267001529	5208
688267001949	5785
688267004599	5810
688267004629	5280
688267005879	5271
688267005909	5154
688267007149	5548
688267007729	7296
68826700979	5422
688267010149	112620
688267010729	5100
688267011559	6837
688267011849	5922
688267012549	5509
688267012839	6248
688267013089	6173
688267014369	112611
688267014659	5615
688267014819	5034
688267016479	6591
688267016509	6140
688267016639	5100
688267019289	5151
688267019579	6886
688267019609	6153
688267019739	6651
688267020469	5524
688267020919	6336
688267021329	7046
688267022159	6957
688267022319	5775
688267023989	5565
688267024139	7346
688267024719	5823
688267026249	225266
688267026379	5592
688267026959	6480
688267027789	6683
688267028069	6922
688267029059	5576
688267029509	6140
688267030659	112686
688267032639	7242
688267033179	5123
688267033209	99311
688267033629	6108
688267034589	5532
688267034879	6967
688267036149	7106
688267037009	225293
688267038099	112777
688267039089	316732
688267039119	224973
688267039799	5635
688267040009	6565
688267040429	6939
688267041549	5467
688267042959	5579
688267043369	6389
688267044649	5903
688267044809	6780
688267046629	5856
688267047039	5956
688267047909	58930
688267048319	7121
688267048579	6394
688267049309	6147
688267049439	316728
688267052149	6896
688267052309	225259
688267052569	301567
688267052859	112676
688267053009	7308
688267054129	7388
688267054259	5826
688267054389	112852
688267054419	112851
688267056499	6238
688267057519	225278
688267058219	225162
688267060199	7331
688267061509	6975
688267061769	7091
688267063749	224970
688267064999	5199
688267065439	130681
688267068799	5827
688267068829	7040
688267069109	225458
688267069529	7285
688267070419	220756
688267070549	6242
688267070679	5213
688267071539	6845
688267071669	5308
688267071959	5678
688267072239	5840
688267072529	6290
688267072789	5399
688267073229	5413
688267073359	7128
688267074219	6411
688267074349	6594
688267075179	7317
688267075339	7003
688267075599	6020
688267076039	5474
688267077609	5210
688267078729	99298
688267078989	112604
688267079009	112604
688267079269	7189
688267081859	7340
688267085659	5572
688267086489	6535
688267088919	7012
688267090059	112592
688267090899	7320
688267091339	5867
688267093869	6166
688267094149	5687
688267094279	7311
688267094309	6908
688267094439	5690
688267094859	5197
688267097089	6881
688267097249	5877
688267097539	112856
688267097669	112614
688267098529	7339
68826709859	5714
688267099489	6215
688267099649	7084
688267111419	5461
688267112539	6770
688267112669	6772
688267114489	6017
688267114519	5437
688267114809	5294
688267119699	6665
688267121159	6520
688267122729	6489
688267122989	6245
688267123429	6958
688267124709	6149
688267125669	5651
688267127359	7000
688267127649	6490
688267129049	224982
688267130519	6244
688267131769	7163
688267132179	225582
688267134029	5033
688267134449	5953
688267136979	5067
688267138249	6035
688267138959	5239
688267139109	5692
688267140099	112789
688267140839	6998
688267141119	5671
688267141409	112847
688267141669	6959
688267142659	112663
688267144219	301558
688267144349	301579
688267144479	112552
688267144509	6690
688267144639	7019
688267145179	5244
688267145209	112622
688267145599	6324
688267146039	6334
688267146169	6011
688267146329	6738
688267146589	301580
688267146619	5843
688267147289	5658
688267147319	6341
688267147579	6639
688267147609	5751
688267147999	6978
688267148019	5923
688267148149	112628
688267148439	6283
688267148569	225210
688267148859	5249
688267148989	130663
688267149009	6223
688267149399	7077
688267149429	7083
688267149559	6735
688267149849	301571
688267149979	6941
688267150029	7299
688267150999	5966
688267151019	7155
688267151569	5412
688267151859	301553
688267151989	112635
688267152399	5874
688267152559	99323
688267152719	6351
688267152979	225475
688267153129	6541
688267153259	112837
688267154539	6434
688267154959	5248
688267155079	112715
688267155079	225366
688267155789	225442
688267155819	112549
688267155949	6551
688267156069	7015
688267156229	6457
688267156519	6720
688267157769	301554
688267158209	5937
688267158339	6961
688267158599	5385
688267159589	7158
688267159619	5375
688267160059	6779
688267160219	6928
688267160509	6114
688267161629	301573
688267161889	301564
688267161919	6935
688267163319	5117
688267163579	112638
688267163999	6292
688267164019	5457
688267164309	6575
688267165139	5872
688267165429	5517
688267165719	6832
688267165849	5014
688267165979	5024
688267166549	5314
688267166709	5998
688267167089	5993
688267167119	112684
688267167379	7031
688267168079	112655
688267168109	112690
688267168239	112738
688267168369	7384
688267168659	5603
688267169489	112561
688267169519	5896
688267170379	5470
688267170409	6989
688267170959	6294
688267172939	187134
688267174599	112819
688267174759	6988
688267174889	112829
688267175299	5846
688267175589	6542
688267175619	7234
688267175909	112564
688267176159	225186
688267176319	6451
688267176999	5378
688267177019	7123
688267177439	145694
688267177569	5582
688267177699	225199
688267177989	6465
688267178399	5484
688267178429	6500
688267178689	225112
688267178849	5407
688267179259	5062
688267179389	225188
688267179419	5166
688267179969	7095
688267180019	5990
688267181559	225012
688267182679	225364
688267183539	5677
688267185199	5778
688267185359	5095
688267186189	187210
688267186899	187186
688267187179	6278
688267188039	6277
688267188459	5699
688267189449	187169
688267191589	5126
688267194429	6282
688267195679	187183
688267195709	225370
688267196089	225603
688267196119	225602
688267196379	7336
688267196799	6539
688267196829	187204
688267199769	225288
688267204289	225461
688267212079	5628
688267412059	6428
688267525209	225256
688267526329	225498
688267526459	5109
688267526749	6790
688267528699	187178
688267528729	225472
688267529429	225103
688267529849	225553
688267530029	225227
688267530289	5080
688267530319	5081
688267530739	5726
688267531149	225573
688267531569	6553
688267533389	225533
688267533679	225450
688267534089	225254
688267534119	225009
688267536069	225360
688267536809	225304
688267536939	223453
688267537639	225107
688267538049	225113
688267538469	225545
688267540219	224988
688267542039	225557
688267542299	225575
688267543579	6649
688267544279	7120
688267546129	225092
688267546389	6878
688267546679	225177
688267546969	225435
688267547089	225483
688267548079	7257
688267548239	6825
688267548369	225023
688267549069	5961
688267550089	225094
688267550119	224983
688267550379	225381
688267550959	225184
688267551109	225467
688267552069	5611
688267553349	187199
688267554049	7326
688267555329	225589
688267555589	6191
688267555619	5911
688267555879	7192
688267556739	5049
688267559709	187198
688267560439	224999
688267561399	5168
688267561719	225101
688267561979	6255
688267562099	7279
688267562259	43839
688267562839	7039
688267564949	225130
688267565229	5848
688267568039	5465
688267570049	6828
688267571329	225205
688267571749	5326
688267573019	225571
688267573729	6732
688267574399	329906
688267575389	329901
688267575419	329915
688267575549	329660
688267576539	225017
688267576799	5584
688267576829	6797
688267577499	7364
688267577529	7365
688267578359	225486
688267578649	6032
688267579189	225384
688267579479	20687
688267579509	6644
688267580079	225576
688267580529	225504
688267580949	6298
688267583049	6194
688267583339	225240
688267584879	225164
688267584909	6803
688267585579	225346
688267661709	6887
688267671869	6123
688267671999	6895
688290004429	235506
688339923209	98140
688339927009	98153
688339929409	98148
688569000589	323270
688569000619	323268
688672898929	363902
688962003019	224216
689076050999	172998
689076228299	325242
689076230179	284404
689076309479	8686
689076465489	108164
689076540919	48921
689076541619	48906
689076542319	48871
689076575669	213881
689076627979	195256
689076700429	302375
689076711029	213885
689076716369	40140
689076762779	347583
689076783729	21875
689139396279	278901
689157001209	240420
689269460109	64257
689423001049	111802
689466236729	196149
689466490329	303093
689466500349	78643
689466511079	189558
689466615449	189561
689466796759	189552
689494200129	18270
689544070009	90055
689544080039	90088
689544080299	90069
689544081449	90090
689544081579	90030
689544081739	90083
689544081999	90078
689544082309	90100
689544083009	90027
689544083009	90101
689544088059	90039
68958029559	349829
689856041339	171512
690166106069	227025
690166227269	224449
690166281049	106695
690166348339	219427
690254753229	326419
690409	340336
690570607039	363645
690570607169	364538
690570900109	73501
69065000929	24094
690763012039	12195
690763075089	12184
690763860029	12198
690763960019	57149
690819338229	273416
690871009969	148679
691355850299	132462
691355885789	132328
691355892459	132458
691355893159	132323
691355893319	132337
691355894439	132443
691355894569	132351
691355894729	132345
691355894989	132439
691355895009	132309
691355895269	132406
691355896679	132348
691355901649	132428
691355903469	132417
691355903759	132335
691355904329	132422
691424017189	365208
691424330059	33265
691424710059	350512
691428000019	92683
691430004289	18512
691430004999	42957
691430005019	42957
691430005569	230904
691430005859	328753
691535201019	231363
691535453029	231447
691535483019	231389
691535508019	231414
691535523029	231410
691535529069	231445
691535705029	231407
691535903029	231408
691535904019	231360
691683415559	130229
691715027729	371121
691715027729	371124
691723001629	124731
691779206009	204395
691835344539	11729
6920564102399	294755
6921101211819	83867
6921699	246812
6922163611449	51345
692235012189	77233
6922360002019	115495
692243734929	308286
692243754019	308288
6923917200049	59986
692747004429	138286
692752100109	231697
692752101809	231726
692752103889	231693
692752105029	231702
692752105579	231701
692752111839	231700
69276012209	246813
69276032009	246814
69276070339	246855
69276070919	246827
692774005819	228970
692857901229	109564
692857903629	109567
693239990039	332216
693239992019	332219
693413100629	89863
693413100759	89870
693413106119	89871
693436008049	217164
693454350649	42920
6936086300649	232709
6936756212319	323512
693678607239	284753
693868500159	43054
694022614309	122481
694263942049	181889
6943140106499	204453
694516950319	167191
694649002879	84342
694649005269	109701
694649024659	179218
694990085729	191592
695119120109	155417
695119120239	155438
695119120369	155384
695119120529	155439
695119133109	155416
695119160389	155428
695119168019	155426
695119180349	155393
695119600359	50126
695119820009	184396
6953150171509	370906
69535012209	230115
695764800869	115936
69588612869	362207
69593120199	195199
696589002339	45429
696859021459	22624
696859073229	307882
696859086199	17912
696859143809	185343
696859150159	215574
696859190759	217177
696859201189	339420
696859247569	7714
696859319709	145846
696859902369	83465
696859959189	84222
69694011969	193718
69694016179	117945
69702900629	280206
69702900629	280218
697068320159	347004
697068520139	346991
697068520139	347007
697068590149	346988
697069701339	116320
697093620309	14074
6972260010089	363185
697301100579	53691
697521600859	86852
697539181159	244438
697658201219	196559
697658691799	196562
697658692079	196582
697658692239	196569
697658692499	196556
697658692789	196565
697691502939	117018
697812012309	156435
697812012439	156437
697941810289	318047
697941811019	318062
697941860529	318053
697941860659	318038
698028383009	24579
698241110109	81155
698426221019	278732
698426254079	278720
698426254109	278717
698426304989	278730
698426354939	278735
698426552199	278721
698433000959	233387
698433001239	233388
698433100079	233394
698556700569	224416
698639012039	325175
698639020089	336193
698768683919	65500
698881122579	294988
698881919209	294989
698997806189	346359
698997806769	346283
698997807179	346307
698997807599	346293
698997808039	346338
698997808879	346234
698997809029	346347
698997809319	346254
698997809319	346344
698997809579	346324
698997809609	346243
698997809869	346315
698997809999	346259
698997810049	346291
698997810049	346353
698997810339	346358
699632001099	274404
699632003659	331886
699804002329	256052
700029203429	22570
700075880919	217240
700112557699	153765
70012436609	354188
70015400829	353330
700175364999	231276
700175365019	231279
700175572219	328887
700175997869	66303
70020625679	303604
70022007059	272058
70022007479	272039
70022007509	272064
70022007769	272050
70022007899	272046
700226018239	212435
700226880119	212433
700254618869	129580
70026010109	150123
70026010109	150125
70030628659	200656
70031016509	149705
700355962939	72486
700360007199	328621
700371067069	345375
70038302759	26862
70038302919	26970
70038303459	9775
70038303879	27722
70038305439	27469
70038307099	27145
70038307839	27250
70038308409	9912
70038308539	26593
70038309499	27614
70038309819	10024
70038312079	26993
70038312109	26994
70038316169	27901
70038321309	10052
70038322009	27328
70038324539	27718
70038324799	27479
70038331889	27152
70038331919	26456
70038335429	9923
70038337379	26312
70038337409	26315
70038337539	26317
70038337829	26317
70038338109	9965
70038341079	27015
70038342069	27683
70038343769	9840
70038344049	27944
70038346159	26693
70038346869	27979
70038347859	9856
70038348009	10038
70038348139	27985
70038348399	27986
70038348429	9814
70038348559	10007
70038348689	26423
70038348849	26373
70038348979	10056
7003834909	26435
70038349099	26435
70038349129	27713
70038349259	27556
70038349709	26669
70038351399	27731
70038351429	27684
70038352099	26666
70038352129	27113
70038354819	26763
70038356769	26786
70038360889	27315
70038362159	26611
70038362289	26331
70038363859	26312
70038364559	27160
70038365549	9854
70038367369	27488
70038367529	27145
70038368199	26364
70038368229	27347
70038368489	26731
70038372929	26908
70038576549	26329
70038577669	27002
70038580669	27902
70038584049	27097
70038584469	9987
70038585299	26722
70038585879	27135
70038585909	27361
70038586289	26820
70038586319	27685
70038587019	26584
70038588689	27243
70038589099	27016
70038589129	27280
70038589839	27032
7003859099	26463
70038591269	27940
70038591559	26407
70038591849	27249
70038592129	27084
70038593379	26541
70038593799	26454
70038593829	26448
7003859419	27928
70038594239	27838
70038594369	9979
70038595359	9925
70038595519	26356
70038596189	27515
70038596349	27580
70038596639	27043
70038596769	27706
70038596929	9830
70038598589	27112
70038598619	27369
70038598749	27834
70038600329	9762
70038600589	27472
7003860059	27931
70038601289	27961
70038601319	26618
70038602149	26643
70038602989	10061
70038603009	9899
70038605409	27635
70038605669	27932
70038605829	28008
70038606079	27540
70038606239	27980
70038607779	27690
70038607809	27792
70038608219	27052
70038610359	27115
70038610519	10074
70038611189	26393
70038612049	26972
7003861299	10057
70038613299	26596
70038613459	9985
7003861349	26717
70038613749	27820
7003861459	27938
70038614609	58783
70038614869	9893
70038615859	27763
70038616719	27145
70038616979	27567
70038617709	27071
70038618379	27081
70038618829	26305
70038618959	27534
70038619529	27787
70038620549	26723
70038620839	27337
70038621249	26847
70038621409	9808
70038621669	27086
70038621959	27616
70038622369	26320
70038622529	26604
70038622659	27236
70038623649	27290
70038623779	26922
70038623809	26478
70038624639	26423
70038626169	27468
70038626299	26469
70038626749	26964
70038626909	26811
70038628279	27962
70038629559	26906
70038630609	9748
70038631309	9998
70038631439	27595
70038631699	27531
70038633129	27370
70038634669	27780
70038634829	27164
70038635079	10058
70038636649	27292
70038637059	27887
70038637219	26658
70038637479	27754
70038637639	27952
70038638599	26377
70038638759	27143
70038638889	27236
70038638919	58887
70038639169	58897
70038639299	58891
70038639329	26735
70038639459	27210
70038640059	26789
70038640189	58890
70038640219	58851
70038640349	58858
70038640479	58857
70038640509	26953
70038640769	58766
70038640899	58855
70038640929	26759
70038641179	26650
70038641889	27274
70038642329	27256
70038642459	27275
70038642909	27863
7003864299	27925
70038643029	58899
70038643159	58780
70038643319	27619
70038643449	27841
70038643579	9959
70038643869	27148
70038644019	26415
70038644149	26339
70038644279	26692
70038644309	10054
70038644569	26796
70038644699	27907
70038645559	27251
70038645719	27360
70038645979	26884
70038646129	26610
70038646259	28001
70038646709	9892
70038646969	27858
70038647089	27914
70038647119	26307
70038647249	26892
70038647379	27408
70038647409	27409
70038647539	27700
70038647799	26960
70038647829	58844
70038648109	9855
70038648369	27511
70038648499	26388
70038648529	58787
70038648789	58841
70038648819	58810
70038649199	26313
70038649359	27590
70038649489	26398
70038649519	27550
70038649779	321711
70038649939	27500
70038652069	26473
70038652199	58716
70038653349	9790
70038653899	27766
70038654049	27657
70038654179	27549
70038654209	27754
70038654469	26645
70038654759	9822
70038654889	9832
70038654919	9776
70038655169	9785
70038655329	9851
70038655749	10047
70038656739	27679
70038657019	26509
70038657569	27384
70038657699	27900
70038657729	26687
70038657989	9819
70038658009	9932
70038658429	27248
70038658719	27445
70038659389	27334
70038660309	28000
70038660699	26589
70038660989	26655
70038661399	26371
70038662709	26513
7003866289	26517
70038662969	27652
70038663379	26910
70038663409	9839
70038663539	27375
70038664369	27844
70038664659	26385
70038664789	27125
7003866609	26873
70038666219	26323
70038666639	9901
70038666769	26670
70038667049	9872
7003866759	27079
7003866829	9884
700461902249	262944
70055017179	49892
70057001909	250680
70057001909	250680
70057022119	250670
70057366909	250677
700580409759	21459
700580409919	10342
700580588539	3861
700580726139	184504
700596000629	312452
700596001039	370926
700596003569	370918
700596100619	312456
700598705669	235173
700598992939	350283
700598993929	350298
700598997699	145606
700598997729	145576
700600850479	242503
70061190019	158095
70061190309	332877
700729031209	190391
70074535869	247702
70074580579	247700
70074629339	116466
70074629339	116466
70074650869	86204
70074667959	116468
70074670959	247694
70074678429	116466
70074679679	247688
70074679709	247689
70074681689	86194
70074682129	247678
70074688039	247672
70077001309	324557
70077004539	324604
70077811229	324586
70077812509	324578
70077813209	324559
70080102369	254087
700846135699	166980
70085034009	19789
70085035129	19791
70085035129	19793
70085035389	19779
70085046569	238438
70085738709	19777
700867869559	185294
70092029029	290187
70095000209	267663
700953952059	353666
70100016379	160457
70100016669	160463
70100060099	160458
70100060969	160469
701034900129	227721
70104000039	335947
70107200119	198586
70110001259	242553
70110051179	64662
70110056679	242545
701111121249	351131
70114000289	278281
70120266709	302224
70120268239	302243
70120277569	302245
701228209779	342055
701228290739	342059
70129291849	234718
70132002029	162276
70132004009	162289
70132102309	162294
70132109209	162297
70132116009	250973
70132992009	162273
70133000369	35389
70133007429	35391
70133007849	35403
70152191819	28075
70152198849	28103
70152301089	28112
70152301409	28082
70152401109	28077
70152500819	73077
70152711819	28075
70152780549	73074
70152781539	28083
70152800049	73081
70152800759	73082
70153292119	261436
70153293659	257942
70157882699	341548
70157883269	341549
70163972629	69737
70163984219	280419
70163988569	69736
70163988699	69732
70163988729	263410
70163988859	90185
70163989559	280405
70163989689	280402
70163989719	280397
70163989849	280408
70163992979	280429
70163993129	280424
701648010139	130986
701725004389	352000
701730050159	272465
701750684259	203630
701750686079	203627
701750686109	203637
701750686369	203636
70177228279	344924
70177891909	344929
70180012179	232347
701975000179	145312
701990000079	332058
70200010499	227676
70200010659	227681
70200011229	227697
70200011649	227689
70200110069	203267
70200200159	203134
70200210189	250401
70200210639	250403
70200310049	203221
70200500259	203159
70200500549	203167
70200504219	203153
70200504219	203153
70200510029	203213
70200513389	43744
70200514089	203218
70200514089	203218
70200522039	203178
70200522299	203157
70200523029	203202
70200523319	203255
70200523449	203229
70200523449	203229
70200531789	203187
70200534209	203139
70200540149	203300
70200540309	203159
70200540859	203298
70200550469	203144
70200550889	203171
70200554689	203203
70200554689	203203
70200556089	203147
70200556089	203155
70200556119	203212
70200580459	115872
70200581029	203182
70200581159	115849
70200581289	115871
70200596009	227662
70200630369	115874
70200631359	115865
70200790049	29935
70200838079	235236
70200864559	235242
70200996069	203176
702014200499	109552
702014200819	218684
702014201809	230183
702014604839	159602
702014657309	218687
702014658009	218679
70203043739	218158
70203045849	218157
70207016029	250862
70216240019	102093
70216240019	102095
702168168249	366624
70221006129	213306
70221006259	103684
70221007829	335239
70221007829	335262
7022100782979	335262
70221008079	64408
70221008079	64409
70221008369	213282
70221009359	213286
70221009359	213304
70221010379	213298
70221010379	238491
702218350419	329156
70222026539	315851
70222028489	315854
70222029189	315862
70222029899	315861
70222071539	137806
70222073779	137826
70222500039	54546
70227500089	317460
70227500089	317460
70227500249	317598
70227500409	317509
70227500409	317590
70227500669	317520
70227501659	317478
70227501659	317479
70227501819	317505
70227504049	317576
70227600079	317549
70227600239	317589
70227601809	317571
70227603049	317554
70227603049	317595
70227603209	317485
70227605029	317454
70227605029	317455
70227610429	317584
70227620039	317468
70227620039	317570
70227620169	317498
70233001129	216934
70233125009	60007
702338193859	78113
70234000039	350621
70234001609	350656
70234003009	350627
70234003849	350650
70234004259	350609
70234004709	350658
70234004709	350659
70234005539	350587
70234006529	350663
70234006529	350663
70234006659	350633
70234010939	350589
70234016009	350607
70234017969	350571
70234017969	350662
70234066219	350664
702361013049	289897
70242182109	269494
70242301029	269485
70247123299	92157
70247130549	92197
70247130839	92167
70247136879	92217
70247138149	92234
70247150219	92113
70247170019	92099
70247170309	92100
70247170439	92173
70247177469	38828
70247179739	92170
70247179869	49338
70247211279	92212
70247404169	92108
70247405869	49337
70247407269	263117
70247814609	92180
70253000249	241254
70253000539	242092
70253000669	241533
70253000799	241576
70253000959	240801
70253001109	242073
70253001369	240919
70253002489	240843
70253002519	240853
70253003219	241364
70253003349	241222
70253003509	241426
70253004889	104814
70253005909	241738
70253008269	241557
70253008559	241631
70253009839	242078
70253010149	240911
70253101359	241302
70253102349	241834
70253104589	241968
70253104879	241319
70253105159	240898
70253106149	240831
70253106309	240873
7025310659	242096
70253107009	241873
7025310809	241639
70253108099	241639
7025310909	241214
70253109829	241553
70253110429	241551
70253150159	242159
70253161179	241657
70253161209	241641
70253180149	242170
70253221439	241511
70253222269	242099
70253222979	241108
70253223709	240976
70253224539	241304
70253225789	241343
70253227349	242031
70253228469	241699
70253250149	241646
70253260049	241264
70253262029	241484
70253264849	241913
70253265099	242020
70253266539	242130
70253266669	242056
70253266799	241323
70253266829	241325
70253266959	242059
70253267079	241723
70253267239	241148
70253267369	241116
70253267499	241407
70253267529	241554
70253267659	241902
70253267789	241556
70253268069	240961
70253268359	241241
70253268489	241961
70253268649	241085
70253268809	241640
70253268939	242090
70253269059	241086
70253269479	241824
70253269509	242123
70253269929	241056
7025326999	240944
70253270109	241647
70253271489	241102
70253272189	241591
70253272219	241625
70253280269	241830
70253281129	242042
70253281259	241420
70253281419	241483
70253282379	242184
70253282409	240921
70253283499	241010
70253283789	241453
70253284489	242022
70253284939	240838
70253285189	241632
70253285219	242176
70253285639	241398
70253287589	241161
70253288449	241465
70253288739	240895
70253289279	240721
70253289309	240721
70253289729	242120
70253289859	240714
70253291029	241495
70253291159	241765
70253291319	241308
70253291609	240892
70253292149	242039
70253292279	241784
70253293689	242030
70253295829	240969
70253296239	241000
70253296239	241001
70253296659	241463
70253296789	241464
70253296819	242115
70253297519	241097
70253297649	241139
70253297779	241424
70253297939	241782
70253298059	241782
70253298219	240728
70253299339	241382
70253299469	240897
70253299629	241983
70253299889	240828
70253463549	241952
70253463709	241448
70253464119	241363
70253464409	240877
70253466069	241216
70253466229	240861
70253466489	241712
70253466779	241368
70253466809	241507
70253467769	241505
70253467899	241612
70253468049	241185
70253468179	241183
70253468469	241322
70253468629	242038
70253468759	241692
70253469589	241195
70253469909	241196
70253470059	241689
70253480409	241523
70253484049	241572
70253493249	241015
70253498039	241598
70253498169	240979
70253498329	240870
70253498619	242057
70253499029	240841
70253500169	241595
70253500619	241051
70253500909	241776
70253501159	241599
70253501449	242033
70253520129	241548
70253520259	241232
70253632099	241928
70253634109	241927
70253640339	240810
70253640469	240811
70253642029	241991
70253642159	242106
70253651489	240732
70253652929	240736
70253700019	241836
70253703119	241508
70253703249	240807
70253703379	241768
70253712319	240772
70253712449	240996
70253712579	241789
70253720079	240865
70253730009	241333
70253730269	241955
70253730559	241171
7025375209	222426
70253752179	241072
702554010909	23137
702554300239	23140
702564133209	131502
702564701309	131509
70258026169	145580
70258026169	145581
702662020029	195964
702669932899	231867
702685730059	244230
70270182249	33724
70270507189	33729
70271003789	145251
70271003949	145251
70272006109	34475
70272006109	34476
70272008189	34474
70272232089	269542
70272481999	269545
70272489049	269556
70272491349	269531
70272555119	160260
70272555119	160261
70272571119	98338
70272571119	98365
70272615509	157693
70272617169	170129
70272760209	34473
70272760209	34488
702730996379	2775
70277000089	17359
70277000089	17360
70277290879	17359
70277291159	17381
70277832529	76149
70277832529	76150
70283094249	54887
70283099039	54889
70283435189	341535
70283950569	107247
70287010559	364358
70287111669	138031
70292168009	308310
70292183569	308297
70292215659	28875
70303022009	288230
70303022269	288239
70303022399	288245
70303022559	288242
70303055519	288213
70305005529	148573
70309000469	347972
70309000919	347964
70309023789	347969
70309031289	347960
70313805319	247005
703158249269	153078
703158249399	154541
703158249429	153081
703170711669	50420
703170721149	50423
70320801199	341494
70320801359	341495
70322001009	234640
70322001269	234633
70322005359	234634
70322007469	234644
70322106469	234660
70322106629	234667
703232729359	330145
70327011119	245772
70327115169	245757
70328010029	21377
70328010159	234040
70328010609	234029
70328578659	234036
70332000559	32961
70332000719	32735
70332000719	33187
70332001389	32962
703440212599	17129
70346000309	173817
70348001069	79175
70348604079	79170
70351170059	167138
70353308009	35519
70353416209	35529
70353502209	35530
70353703019	35548
70353761019	35545
703610988859	216327
70366983309	199026
70366984689	199027
70370000009	59974
70378230149	327978
70378640009	44810
703795010239	363115
70381000739	160514
70381100279	160503
70381101009	160501
703885015229	374055
703965001029	334043
703965021119	334036
70399100209	9591
70399106409	9564
70404000159	255130
70404000289	255130
70404002429	255134
70404004539	255119
70404009329	255139
70404009459	255177
70410044109	196208
70410054009	196213
70411013449	232579
70411028719	232560
70411127009	232560
70411604869	232598
70411605699	232596
70411606689	232604
70411606849	243405
70411608119	232593
70411613069	232544
70412000219	328761
704174000209	98075
704174000209	98076
70420007279	274947
70422143609	51065
70422154209	51044
70422216259	51063
70422534759	51058
70422540019	51051
70422540439	51055
70424000719	304536
70424001419	304537
70424004199	304540
70424004229	304539
70424007879	278740
70424007909	278748
704276005379	146782
70438101129	149373
70438102409	149371
70438102539	149374
704382319209	321703
704382383019	273897
70438480019	115297
70442000579	33517
70442000609	33517
70446400009	35886
70446400009	36052
70450032609	75062
70450041519	75059
70450044619	75036
70450048419	74943
70450080709	321088
70450141219	74956
70450343019	75067
70459005239	227688
70459005499	227678
70459009299	227669
70462001969	322563
70462003239	308018
70462003239	308096
70462003659	322580
70462005219	322545
70462005929	308087
70462006599	308087
70462006629	308100
70462006759	308076
70462007619	308067
70462007749	322555
70462008739	308005
70462009019	308056
70462009279	308077
70462010169	308031
70462010169	308032
70462010909	308063
70462011029	308087
70462011159	308112
70462012149	322550
70462012309	307929
70462016659	308008
70462030839	308011
70462098549	307938
70462098549	307939
70462098679	322579
70462433319	322573
70462542509	322556
704639910029	43068
704660733499	111554
70470001289	372092
70470002699	371816
70470003009	371954
70470003139	371948
70470004389	371980
70470006369	371707
70470006529	371824
70470006659	371839
70470104119	117167
70470114149	240626
70470137049	240649
70470137759	111432
70470137919	117117
70470137919	371857
70470138169	371775
70470139449	240679
70470159669	240637
70470159669	240673
70470159669	240674
70470160399	371735
70470165929	267931
70470165929	267967
70470165929	267984
70470179889	372028
70470180229	371989
70470187099	267906
70470187099	267920
70470187129	267928
70470187129	267966
70470187419	117132
70470187419	117161
70470188249	371865
70470191119	117143
70470191379	372045
70470191379	372085
70470195759	371888
70470198019	371770
70470200149	131368
70470206349	267930
70470206349	267969
70470217789	371996
70470219899	371995
70470222189	267962
70470271019	111441
70470419459	371710
70470419459	371826
70470422299	371714
70470438269	371809
70470443379	372089
70470444499	371700
70470444529	371900
70470452289	371882
70470454849	372045
70470459479	371859
70470465579	371795
70470466989	371890
70470468549	372020
70470469089	371922
70470469249	372016
70470489889	371747
70470490519	372076
70470491059	372039
70470492179	371759
70470508689	111221
70470996189	371951
70470996219	371843
70472110149	184286
70472136149	184275
70472291169	184283
70474083489	108818
70474410599	108822
70474610159	18516
70475062049	115724
70475400629	40128
70475650109	115695
70475657269	115677
70475659379	115679
70475660559	115687
70475660559	115687
70475870019	284354
704863017129	109304
704863017259	109299
704863028019	109280
704863029009	349802
704863050119	253952
704863227269	109267
704863312149	58382
704863337319	349803
704863728049	109268
704907547209	254970
704907547629	53192
70491104099	268905
70491112209	95649
70491117099	268667
70491120099	268668
70491120099	268904
70491206359	329118
70491206359	329119
70491212329	203496
70491228009	203465
70491228009	203492
70491231009	203468
70491359079	203470
70491362079	203446
70491362079	203488
70491404359	4862
70491554009	95651
70491808959	95656
70492032919	101643
70492034319	101651
70492164009	101648
704927506019	335723
704927800179	335728
705016340019	81465
705016355099	81437
705016520039	81443
705016521029	81439
705044025179	162793
705044025179	162940
705044026459	63535
705044026749	63537
70505000089	263674
70505122859	263639
70505152009	263643
70505280009	263651
70505296109	263646
70505301209	263645
70505600029	263644
70505800009	263660
70505900099	263644
70506000019	62476
70506000569	62474
70506010469	62479
70506030009	60093
70506042309	62463
70506042309	62463
70506047489	62480
70506048189	62470
705105193649	72188
705105282039	239595
705105319339	142557
705105330129	85481
705105478159	106021
705105501819	89820
705105506159	106019
705105543819	85520
705105545769	85393
705105546469	85395
705105614069	198303
705105687209	282940
705105769219	328895
705105990279	195267
705194120199	198403
70528009069	205108
70538122659	36416
70543109249	172070
70543114069	172073
705432004809	13431
70552006409	367712
70552202009	367506
70552305229	367432
70552400269	367649
70552406049	367718
70552406179	367408
70552406209	367418
70552501089	367452
70552501119	367696
70552501539	367590
70552501669	367628
70552501829	367569
70552502109	367469
70552502369	367660
70552580459	367451
70552580589	367451
70552580619	367559
70552592049	367660
70552602069	367685
70552602199	367665
70552602229	367719
70552602359	367653
70552602519	367685
70552604339	367503
70552606029	367634
70552701229	367504
70552701489	367459
70552704459	367493
70552800199	367557
70552800229	367595
70552800359	367550
70552801219	367650
70552900189	367571
70552900219	367600
70552901049	367623
70552901209	367625
70552902039	367677
70552903159	367670
70552904149	367456
70554002249	271192
70554002799	271204
70554003239	271196
70554003529	271196
70554015539	271202
70554016369	271198
70554020359	271200
70554732849	271199
705599011719	172796
705599011979	172762
705599012389	172821
705599012679	172780
705599012709	172788
705599013119	172719
705599013249	172777
705599013379	172775
705599014109	172715
705599014789	172734
705599014949	172814
705599014949	172814
705599015069	172767
705599015519	172701
705599016219	172713
70560830409	251453
70560834919	251476
70560838719	251561
70560846639	251376
70560848039	251456
70560848039	251456
70560856409	251447
70560882019	251557
70560882019	251558
70560902069	251421
70560902069	251520
70560909709	251356
70560925099	251454
70560928359	251427
70560939119	251585
70560939379	251496
70560950299	251495
70560958189	251392
70560959759	251574
70560961219	251409
70560969369	251592
70560970709	251493
70560970709	251605
70560973069	251534
70560975759	251458
70560977319	251408
70560977319	251465
70560977999	251527
70560977999	251527
70560978019	251474
70560978019	251613
70560978569	251415
70560979139	251379
70560979269	251545
70560979269	251570
70560979719	251562
70560979719	315179
70568407009	103786
70569291409	19836
70569336209	19817
7057040589	235735
70572183029	343033
70572242009	343044
705723000909	102617
70572321049	342993
70573555559	324909
70575040589	235735
705772150099	107608
705772240059	107610
705772635589	107611
70578000399	65728
705814728309	219864
705875060059	22534
705875160049	22531
70590947009	350403
70600000199	344609
70600000229	344591
70600002209	344606
706073923009	312841
70607900249	344076
706129026739	343769
70617001639	21888
70617006399	21917
70617006399	21917
70617206089	21900
706173005049	223334
706173010029	223328
706173012269	223337
70620001299	157158
70620001299	157159
70622321159	117006
70622380149	116995
70622801019	116998
70625038429	129801
70625050209	129876
70625070009	129772
70625100119	130231
70625150039	129821
70625198529	129862
70625200109	129802
70625250319	129761
70625350309	129805
70625360049	129811
70625450009	129792
70625460749	129824
70625468479	129831
70625468509	129807
70625528449	129832
70625735779	129829
70625780199	129858
70625800279	129757
70625800309	129849
70635093999	313713
70640002399	254976
70640002689	34553
70640004379	254975
70640004669	34766
70640005659	358246
70640007899	43186
70640007929	34520
70640008049	37467
70640008179	37490
70640008599	34801
70640008759	34742
70640009169	34834
70640010189	35418
70640010219	361373
70640010349	35465
70640010479	358273
70640010899	34519
70640011209	34669
70640011599	35439
70640011629	35427
70640011889	34636
70640012039	34765
70640012299	34675
70640012619	34713
70640012879	34857
70640013159	34556
70640013319	35463
70640013579	34727
70640013609	34575
70640013739	34850
70640013869	107100
70640013999	34557
70640014019	34851
70640014149	191607
70640014279	34676
70640014729	37473
70640014859	34533
70640015009	34568
70640015269	34777
70640015399	37474
70640015429	34851
70640015689	34729
70640015719	34545
70640016099	34812
70640016259	56005
70640016389	361378
70640017249	34622
70640017409	34842
70640017669	35481
70640017799	55999
70640017829	55994
70640017829	55994
70640018529	371676
70640019229	34580
70640019519	34819
70640019779	330333
70640020089	35439
70640020119	35466
70640020959	34561
70640021499	132183
70640022199	60585
70640022229	60584
70640022939	34813
70640022939	34814
70640023769	330335
70640023929	34788
70640024209	34581
70640034079	34676
70640034369	34631
70640040759	34624
70640300129	35462
70640310609	34517
70640315659	34831
70640321209	35414
70640401109	34862
70640401239	34678
70640500109	358254
706409145969	333087
70641064129	202935
70641066109	202936
706429100429	232324
70650004079	146386
70650060259	12085
70650800039	17301
70650800169	17303
70650800329	17326
70650800589	17320
70650800619	17304
706517003199	318813
706517003229	318822
70655935309	217904
70662087299	229051
70662401019	229008
70662401019	229098
70662500019	229103
706638044019	233995
70670000129	161376
70670000259	270488
70670000419	345501
70670000549	345508
70670000839	270554
70670002529	84998
70670002949	84997
70670004189	270497
70670004219	270447
70670004479	345527
70670004479	345527
70670004639	270537
70670005049	270567
70670005339	270433
70670005759	270529
70670006329	270465
70670006749	270492
70670006909	71428
70670007289	71415
70670007319	71413
70670007869	71435
70670008439	71421
70670009849	345514
70670010159	345504
70678002149	276126
706780710039	184671
70682128019	321440
70682480179	349982
70690014069	97688
70690014519	97685
70690023689	97626
70690023849	97717
70690055109	97683
70690235709	97694
70690270649	97666
70690270739	97676
70690271059	97663
70690273039	97666
70690273299	97716
70690275989	97634
70690278249	97639
70690698719	97701
70690699549	97649
706950123379	48691
70704001849	339274
707073032289	230064
70718000739	22200
70718000739	22202
70718001019	22178
707185300009	130515
70720000789	329331
70720015059	329326
70723160589	350778
70723552599	350773
70729041349	81143
70729095199	350276
707330386469	75684
707330801559	75689
707330941019	75688
70733100179	64840
70734000089	331547
70734005299	52115
70734005329	52122
70734052439	52054
70734052439	52066
70734053139	52055
70734053689	52088
70734054679	52081
70734070259	52113
70734526589	52114
70734529689	52067
70734529849	52046
70734533419	52050
70734533969	52052
70734535789	52110
70734536229	52087
70734545399	52116
70734545399	52116
70734545979	52125
70740620189	46728
707425700439	275777
70744002219	167031
70744009799	59722
70744009959	60303
707492074969	195118
70753051109	62560
70753051529	62571
70753055909	62572
70765504129	58934
70766000019	78335
70773212009	135127
70773283009	148552
70778019009	263618
70778820049	263601
70784000039	338066
70784001159	338139
7078400119	338231
70784003689	337857
7078400379	337675
70784003849	337919
70784003979	337698
70784005089	337570
70784005409	338127
70784005669	338322
70784006079	336792
70784006109	336700
70784006369	337700
70784006499	338121
7078400719	337407
70784007489	336869
70784007649	337009
70784007779	336880
70784009049	336742
70784009179	338375
70784009339	338411
70784009469	337397
70784010199	337396
70784010519	337163
70784010649	336760
70784010779	337648
70784010939	338109
70784011189	337035
70784011219	338192
70784011349	338388
70784011509	337431
70784011769	336834
70784011929	337032
70784012049	337710
70784012179	338176
70784012209	338290
70784012629	338282
70784013169	338020
70784013299	337199
70784013329	337960
70784013589	337754
70784013879	338177
70784014579	336978
70784015149	338281
70784015989	337260
70784016009	337040
70784016269	337709
70784017099	338107
70784017969	336925
70784021409	337790
70784022819	336840
70784023069	337997
70784023229	337352
70784023489	337682
7078402349	337307
7078402359	337563
70784023649	336818
7078402449	336712
70784028309	337282
70784031729	338036
70784034799	337315
70784040059	336824
7078404009	338145
70784040349	338139
70784043449	336857
70784043609	337138
70784044309	338219
70784049229	337726
70784049779	337945
70784049939	337478
7078405379	337620
70784056869	337323
70784058009	337290
70784060149	336758
7078406109	336775
70784061139	336924
70784064239	338094
70784065069	337929
70784112329	337002
70784130149	338341
7078413019	337300
70784130309	337298
70784130729	338484
70784130859	337584
70784152509	337085
70784153209	338198
70784153629	338015
70784154459	337537
70784188249	337733
70784190549	337137
70784197029	338445
70784214979	337099
7078421499	337619
70784220109	337925
70784230009	336817
70784230429	336905
70784230689	337394
70784230719	337589
7078423569	338182
7078423919	337835
7078423969	338327
70784239699	337736
70784239729	337488
7078423989	337888
70784239989	337181
7078423999	337182
7078424549	337076
70784252209	336961
7078425249	337053
70784254029	336804
70784258249	338020
7078425989	337202
7078425999	338404
70784260129	337499
70784264349	338321
70784266039	337456
70784267029	337592
70784269269	337545
7078427319	337956
7078428109	337979
70784282459	337124
70784282619	337105
70784289229	337528
7078429599	338191
70784296449	338189
7078433249	337050
70784333229	337405
70784402949	338296
70784406039	336980
70784406299	336785
70784406459	337999
70784420189	338251
7078442019	337072
70784420349	337169
70784420479	338339
70784429359	337778
70784430669	337420
7078443359	337975
70784434179	337973
7078443419	337974
70784443539	336906
70784443829	337235
70784447469	337024
7078446669	336971
70784466699	338101
70784472249	337026
70784472409	337745
70784472669	337292
70784479019	336808
70784479309	337986
70784488189	337313
70784488509	338197
70784501369	336910
70784502359	337424
70784502489	336992
70784502519	337869
70784502649	338255
70784502779	336746
70784502809	337777
70784502939	337664
70784503059	337908
70784503189	336852
70784503219	337783
70784503349	336738
70784504629	336872
7078450629	337854
70784506609	336937
70784506739	337355
70784506869	338347
70784507309	337647
70784507439	337145
70784507569	338171
70784507699	336769
70784507729	336898
70784507989	338051
70784508009	337205
7078450809	338054
7078450829	337690
70784508689	338360
70784508849	337389
70784508979	338494
70784509709	337724
70784509839	337515
70784915159	336940
707881351169	233615
70796000409	52285
70796000409	52285
70796150999	52317
70796200069	188715
70796210099	25181
70796211119	25145
70796211119	25174
70796211409	25124
70796211409	25129
70796212109	25135
70796212109	25135
70796250019	25147
70796300059	52447
70796300189	52387
70796300189	52504
70796330469	12547
70796330629	12501
70796330629	12579
70796330759	12562
70796330889	12528
70796330889	12542
70796331039	12535
70796360039	12580
70796400049	52440
70796400209	52435
70796444319	25157
70796500039	52278
70796500459	52402
70796501999	52329
70796502019	52330
70796502019	52456
70796600029	52489
70796600159	52401
70796600289	52470
70796600319	52369
70796600319	52369
70796600449	52312
70796601279	52498
70796601309	52371
70796601309	52413
70796601439	52497
70796601439	52497
70796601569	52354
70796700019	52513
70796701009	52308
70796701009	52478
70796800139	52395
70796800139	52434
70796801099	52384
70796801099	52384
70796801259	52303
70796801259	52461
70796900099	52356
70796900099	52522
70796900129	52473
70796900259	52302
70796900709	52280
70796900709	52280
70796903069	52442
70796903069	52442
70800037209	304422
70800037209	304422
70800041039	157526
70800042029	304518
70800058259	304387
70800181759	304459
70800222179	304420
70800405879	304513
70800512119	304432
70800726349	304428
70800822089	304482
70800941469	304459
70800941469	304523
70800999729	304411
708022197929	144460
70810005489	22001
708107489949	76857
708152136249	157618
708152321119	157626
708152328729	168703
708163118319	38749
708163118579	38754
708163120589	38696
708163120879	38716
708163121999	38689
708163122279	38716
708163123399	38722
708163124419	38740
708163214059	38723
708163921179	38688
708163921209	38764
708163981159	38767
708165081079	71950
708165089839	71923
70821300139	17945
70821300849	20658
70821301099	17944
70821303369	145792
70821401089	20659
708271991279	373790
70829508469	36406
708302274609	352641
70834002969	89314
70834006189	89307
70834033109	89314
708390000029	124364
708390000609	124366
708411000229	80355
70842084209	24445
70842266209	24436
70842301009	24440
708423080509	95949
70844001099	163474
70844004229	163452
70844004489	163411
70844005479	163440
70844005509	163443
70845003139	73333
70847003229	215989
70847005759	134555
70847020639	215956
70847022909	215962
70847024019	215952
70847026679	157804
70847029229	215972
70847034599	216019
70847037569	216009
70847037989	216025
70847811169	216008
70847811299	215982
70847811299	216012
70847811749	215958
70847812609	157809
70847812609	215960
70847819509	215956
70847875109	134516
70847876489	134518
70852000299	59631
70852000619	59613
70852010519	59612
70852991139	59510
70852991269	59661
70852991429	59524
70852991719	59633
70852991979	59609
70852992679	59704
70852992709	59705
70852993249	59666
70852993409	59504
70852993669	53703
70852993799	59518
70852993829	59636
70852994079	59678
70852994239	59650
708531294799	101558
708615006089	177695
708615006249	177732
708615006409	168243
708615006669	177752
708615008069	177773
708615110229	177731
708615110489	177714
708615110779	177777
708615310629	177756
708615701229	177763
708615701489	177702
708615800069	177693
708615810679	177715
708615851009	177681
708656000299	45876
708656000329	45874
708656000589	45881
708656001449	128987
708656100029	45871
70870000349	218002
70870002619	339385
70870003739	217978
70870007409	217998
708744970589	217172
7087549	217975
708756430439	131885
708758001019	229865
708820008199	208997
708820008489	209000
708820033429	208875
708820047259	263783
708820049079	208574
708820061859	208666
708820063549	210018
708820067509	207917
708820068209	209400
708820070769	208008
708820072619	206571
708820077249	248130
708820086289	209098
708820087699	209105
708820090309	209809
708820100749	208180
708820103719	209550
708820110069	206049
708820110809	207842
708820126589	208598
708820128569	208179
708820135079	207180
708820140639	209924
708820142299	208756
708820145559	208461
708820146099	207054
708820157859	263849
708820160279	209639
708820164499	206277
708820173699	263738
708820179769	207364
708820185579	207019
708820185739	207606
708820189089	209639
708820192669	206762
708820193789	209385
708820202399	206990
708820210479	209788
708820217379	208428
708820229389	248158
708820246669	206438
708820248779	206845
708820249509	209051
708820259959	209226
708820263529	208116
708820266179	210010
708820291119	206893
708820300989	207477
708820301139	207618
708820301399	208819
708820303249	208026
708820307209	206934
708820310339	206425
708820311589	208401
708820311879	210081
708820312319	207363
708820314689	206346
708820314719	209624
708820317659	209024
708820318779	210107
708820319479	206570
708820324589	207194
708820326729	206358
708820329409	207501
708820330849	207630
708820337879	209138
708820337909	207682
708820338159	206073
708820343009	205933
708820350939	208190
708820368699	210091
708820372429	209958
708820372689	209002
708820373839	209305
708820375529	207920
708820381599	209037
708820385139	210113
708820396449	207707
708820400849	209405
708820409859	209858
708820414099	209436
708820415089	209431
708820418349	208118
708820419889	263786
708820419919	263821
708820425859	209655
708820427549	263853
708820427839	263822
708820427969	263720
708820436459	207114
708820444379	208223
708820468009	206729
708820479289	207499
708820482159	209967
708820484849	207044
708820489479	209865
708820493599	208959
708820493889	206938
708820495609	208241
708820496569	206170
708820499089	208073
708820502239	206682
708820510999	209676
708820529359	209745
708820539709	202263
708820540309	209772
708820551749	210072
708820556959	206320
708820564459	206995
708820564589	206574
708820575509	208520
708820577039	206276
708820602939	207359
708820620339	206538
708820622319	206242
708820629349	206302
708820650329	206611
708820651869	209524
708820653979	208166
708820656819	263782
708820671959	206227
708820672659	209570
708820675179	207188
708820678859	263868
708820687509	208134
708820687769	206344
708820708679	209230
708820712379	208605
708820732919	205891
708820737099	208384
708820742819	210099
708820744769	210055
708820749009	208108
708820771819	206295
708820773899	206074
708820776739	206348
708820778269	263756
708820779679	209680
708820779709	207750
708820780699	208670
708820783669	206946
708820811829	208139
708820813359	206236
708820815179	206959
708820818149	207941
708820829039	206598
708820831179	206084
708820846999	208114
708820847019	206263
708820859869	206793
708820871489	208157
708820881419	248144
708820893009	208159
708820929159	206403
708820935389	207350
708820935419	209768
708820943179	206460
708820944169	209495
708820947009	206202
708820950429	208299
708820951549	209031
708820951679	207445
708820951709	207042
708820951839	207929
708820952539	206329
708820952959	209072
708820953079	208928
708820953109	209103
708820953239	209706
708820953369	208811
708820957039	207986
708820957619	206573
708820968479	209742
708820968509	207386
708820970779	208344
708820970809	207859
708820972209	209347
708820973589	209403
708820973619	207179
708820973749	206386
708820974449	207891
708820982529	208346
708820989139	208899
708820998469	208367
708828980589	254311
708828981319	254294
708875003019	86876
708875062139	86860
708875900059	86880
70890503059	160273
70890582009	160270
70892031499	26279
70892085249	69942
70892210139	69945
70893028689	130488
70893030309	51576
70893031269	13934
70893031719	238147
70893995059	59820
708953001609	190324
708953105109	190295
708953311029	190297
708953536309	190312
708953601069	190294
708953651019	190323
70896011879	367276
70896015839	367066
70896019929	367191
70896038289	367148
70896040329	367102
70896040749	367223
70896040879	366993
70896041159	366981
70896041999	367197
70896042989	367165
70896047649	367204
70896051929	367075
70896060709	367031
70896062659	367154
70896064349	367154
70896068309	367111
70896068699	367119
70896068729	366998
70896073419	367161
70896077219	367057
70896077899	367323
70896089229	367359
70896091819	367276
70896106599	367276
70896111449	367045
70896128379	367270
70896129499	367154
70896140999	367371
70896141569	367254
70896144669	367154
70896147479	367127
70896158659	367009
70896158819	367213
70896163769	367004
70896170279	367136
70896198679	367058
70896204929	367154
70896206749	367251
70896206879	367285
70896207609	367059
70896253729	367353
70896276599	367286
70896278319	367086
70896285249	367097
70896318589	367154
70896319289	367059
70896326379	367165
70896329189	367006
70896332769	367059
70896342959	367352
70896355379	367287
70896360649	367154
70896373229	367091
70896376589	367142
70896401809	367331
70896414939	367154
70896423139	367087
70896423719	367221
70896431509	367326
70896461049	367153
70896560209	367177
70896644039	367001
70896670779	367337
70896679079	367059
70896700049	367177
70896702609	367340
70896703569	367209
70896703569	367262
70896731029	367154
70896761149	367153
70896772459	367155
70896797049	367226
70896813589	367198
70896872029	367154
70896945549	367287
708971118099	189452
708971908409	189432
708971911539	189422
708971918729	189438
708971922399	189397
708971924669	189393
708971925109	189404
708971925819	189384
708971926489	189473
708971926519	189460
708971927189	189390
708971928049	189479
708971928179	189466
708971929039	189477
708971931049	189376
708971931209	189406
70900501259	72512
70900501549	72499
70900501679	72490
70900503109	72515
70900603229	72495
70905562439	371147
70910000629	66907
70910001039	66925
70910003859	66929
70910070509	66939
70910430549	66909
70910871649	66931
70910871779	66918
70910871939	66945
70919017789	138274
70919018809	138275
70919019769	138279
70919023469	92282
70919033109	138239
70919033659	92288
70919035189	138216
70919067029	138209
70919067449	138261
70919081339	138212
70920007809	172585
70920474359	323884
70920474359	323897
70920474519	323865
70920474649	323897
70920474939	323864
70920475219	323819
70920475769	323857
70920475769	323876
70920476339	323891
70920476339	323897
70920476599	323877
70920476629	323913
70920476629	323916
70920478029	323911
70920479699	323876
70920485249	323852
70924001919	9330
70925000409	53870
70925001789	53874
70925008139	60507
70926020369	321803
70926020789	321804
709275480509	16633
709275481599	81599
70934990609	212943
70934992429	212944
70934996069	220546
70934997349	220524
70934997899	220526
70934997899	220527
70934998179	220539
70934998179	220540
709351123139	82375
709351301179	82395
709351302909	231159
709351303289	82419
709351303579	82388
709421711099	181782
709421950009	181793
709434129089	179955
709434508709	179979
709434800629	179947
709434802319	179969
70944875149	267482
709481000089	164089
70953657019	80288
70953701019	80286
70953892069	80283
709569	340999
70957158079	124642
70960000129	283411
709600058229	90766
709631443629	260497
70970441059	328292
70970449949	148323
70970471469	213027
70970472169	148317
70970472589	212972
70970472879	148317
70970472909	148318
70970473579	212952
70970473609	213003
70970473999	213026
70970475269	213015
70970475719	213402
70970479359	213017
70970479489	212999
70970479649	148316
70970479779	247810
70970479779	247811
70970541469	247861
70970542039	247829
70970542459	247885
70970544569	247809
70970544859	247819
70970545719	247870
70970546679	247769
70970547089	247846
70970547409	247861
70970548499	247800
70970548529	247839
70970556999	247813
70970570629	247819
70970570629	247824
70970575549	247868
70970576089	247806
70970913129	117960
70970913129	247346
70974002249	228949
70978001309	169516
70978008339	169527
70978502219	324093
70978502219	324094
70980000079	52764
70980042789	52704
70980042819	52726
70980043779	52713
70980110419	52805
70980134019	52731
70980191029	52700
70980191289	52689
70980191319	52794
70980191579	52772
70980223669	52778
70980311489	52699
70980335829	52744
709806711119	109079
70980779869	52790
70980812139	52754
70980821209	52793
70980852739	52730
70990012079	64607
709972783019	362155
709972789059	362152
709972801409	362163
710069000629	110574
710069004559	110519
710069007529	128940
710069011359	110613
710069014459	255537
710069022409	110478
710069035409	110540
710069035959	110416
710069035959	110417
710069041059	110527
710069081659	110468
710069101609	110514
710069101739	110385
710069107519	110427
710069108059	110479
710069116269	110572
710069116269	110572
710069129009	110407
710069175259	110509
710069301849	344667
710069302259	110573
710069302259	110573
710069302679	110443
710069303249	344652
710069303669	344680
710069312029	344631
710069312159	344617
710069312159	344664
710069312579	344623
710069312609	344621
710069312739	344683
710069315679	110475
710069325869	344671
710069569119	110549
710069601079	110593
710069661059	111596
71007000409	84899
71007001659	84768
71007015809	84771
71007024689	84865
71007055829	84793
71007068119	84856
71007074899	84836
71007138379	84813
71007146909	84830
71007174599	84823
71007187339	333717
71007406539	84781
71007407109	84806
71007541179	84772
71007608629	84802
71007731259	84848
71007785139	84812
71007829499	54747
71010126189	284747
71010126639	284705
71010139509	284692
71010139509	284695
71010200179	284725
71010400159	60022
71010414569	284687
71012010509	169609
71012060139	169551
71012074099	169601
71012075089	169573
71012075119	169556
71012075249	169576
71012075379	124504
71012075379	169550
71012080069	169535
71012080229	169614
71012103249	169581
71012106219	169557
71012301379	169602
71012301829	169606
71017048989	181056
71017049009	181062
710178776989	52851
71018101249	273932
71018104059	273931
71018106909	328205
71018110029	328222
71022251909	197608
71022308269	197620
71022312969	197634
71022312969	197646
710228339089	21463
710228339379	21466
71025002669	185000
71025002829	153788
71025003369	98714
71025010039	44152
71025064339	30095
71025157949	288460
71025158649	288441
71025617139	76862
71026002019	55830
71026002309	55836
710273102089	143078
710342002029	195713
71040000749	255064
71040000909	255032
71040063089	255077
71040063799	255039
71041000809	58384
71041040409	61979
71041085059	107765
71043004119	11963
71043006229	11940
71043006649	11866
71043007509	11927
71043007639	11925
71043008179	11920
71043008599	11970
71043102099	11912
71043102129	11979
71043102419	11932
71043102969	11942
71043103089	11980
71043103249	11981
71043103409	11931
71043104079	11996
710456035609	72047
710456037009	245791
71051010669	90838
71052000539	62259
71052058059	23536
71053000019	62299
71053000019	62300
71054000049	47365
71054420069	47362
71063437089	324348
71063438819	324374
71068000059	313720
71068161309	313734
71068210779	313749
710718100229	247223
71072003039	8327
71072003329	8380
71072003749	8404
71072003749	8424
71072003879	8340
71072004159	8425
71072011409	8315
71072011829	8326
71072011959	350861
71072012109	350895
71072012109	350903
71072012239	8348
71072012369	350878
71072012499	8354
71072012949	350871
71072012949	350893
71072013519	350924
71072015209	350898
71072019009	350855
71072021859	8373
71072030219	350904
71072030509	8342
71072030509	8419
71072030929	350853
71072801369	8316
71072801369	8337
71072804919	350866
710760100079	132631
710760100079	132639
710760100109	132635
710760400049	132633
710779770089	183622
710779770119	178181
710779770379	183622
71078113459	37726
71078114449	37715
71078700109	37703
71078755079	37699
71078755369	37697
71078755819	37745
71092000209	365205
710928988419	312188
71096000229	366579
710996000709	229657
71100003079	143934
71100005509	143892
71100005769	143954
71100006049	143822
71100007299	143862
71100210149	143883
71100211009	143920
71100211269	143857
71100211399	143858
71100212679	143928
71100212709	143882
71100213379	143825
71100213669	143869
71100480139	143902
71104202379	213115
71104302109	213116
71104302499	213109
71104501199	213104
71104501229	213092
71104501359	213097
71106027529	312788
71109901819	212442
71116135979	310836
71117001129	271723
71117002089	271773
71117002409	271714
71117003499	271694
71117004809	271719
71117006889	271723
71117011739	271693
71117021219	271715
71117023169	271679
71117023619	271813
71117025149	271745
71117025149	271792
71117047059	271736
71117047189	271722
71117130089	271756
71117140019	271735
71117144819	271715
71117172249	316006
71117172539	78275
71117180329	316026
71117182279	32664
71117190489	271673
71117190519	271718
71117190649	271701
71117193039	271759
71117193169	271670
71117280029	271711
71117280029	271711
711175122359	216443
711175122779	216407
711175124919	216401
711175131269	216416
71117671209	271762
71123000499	198582
711276302469	166982
711276502869	166998
711276713579	166986
711276713579	167002
711341507119	43661
711341509519	43677
711341509809	43640
711341631319	43659
711341631869	43674
711341632729	43693
711341641219	43655
711341712209	187278
711341738209	43682
711341780109	43687
711341798159	187282
711341900309	43643
71137012099	8924
7113733141529	208396
711381003619	316546
711381020999	316406
711381021989	316383
711381022269	316390
711381023129	316333
711381025499	316287
711381025499	316532
711381025659	316447
711381031179	316271
711381033159	316493
711381305799	316518
711381305799	316518
711381308479	316535
711381308769	316480
711381309179	316313
711381309179	316313
711381309209	316350
711381310489	316458
711381313329	316320
711381313909	316391
711381314029	316238
711381317679	316544
711381319529	316308
711381320969	316327
711381321089	316542
711381322109	316511
711381322239	316356
711381322529	316241
711381323649	316341
711381324639	316460
711381327609	316509
711381328699	316441
711381329429	316335
711381330449	316388
711381335079	316399
711381335369	316256
711381335369	316256
711381338599	316336
711381340349	316394
711381341599	316352
711381341629	316452
71140001639	110642
71140003909	110649
71140005019	110663
71140006009	110637
71140401309	110647
71140401309	110658
71140551509	159331
71142003419	16459
71142326549	16469
71142446049	16471
71142446179	16472
71142446339	16484
71142446599	16454
71142447169	16489
71142817429	16474
71146001039	46741
71146003019	138086
71146336339	138067
711464019759	35101
711464506709	8584
711526123479	332370
711535500469	365653
711535500759	365771
711535500919	365773
711535501169	365613
711535501619	365696
711535503989	365760
711535504399	365937
711535504849	365973
711535505419	365693
711535505679	366001
711535505839	365609
711535505969	366085
711535506089	365638
711535506829	366169
711535506959	365984
711535507079	365857
711535507239	365793
711535507499	365959
711535507529	366059
711535507789	365872
711535507819	365978
711535507949	365662
711535508069	366162
711535508229	365929
711535508359	365841
711535508489	313516
711535508649	366000
711535508779	365852
711535508809	365961
711535508939	365647
711535509059	365772
711535509189	366071
711535509219	365606
711535509479	366180
711535509509	366014
711535509769	365666
711535510529	365740
711535510659	366099
711535510789	365800
711535511199	365969
711535511229	366092
711535511489	365807
711535511519	365648
711535511649	365792
711535511779	313513
711535512639	365976
711535512769	365763
711535512899	365861
711535513919	366036
711535514039	366042
711535514589	366133
711535514749	365621
711535514879	366147
711535514909	365931
711535515029	366109
711535515289	366077
711535515319	365588
711535515739	366171
711535517009	366137
711558320129	71393
71156500539	8970
711565006009	238991
711565006139	238978
711565007679	211612
71156500959	279796
71156501079	279783
711565011409	125275
711565015469	91934
71156501789	279795
71156502489	279781
711565100929	160262
711565120989	24836
711565200049	281386
711565204429	170119
711565811269	125285
711565892299	33751
711565899199	125293
711575005009	288126
711575007539	288147
711575721589	288133
711575813789	288149
71159000869	64229
71159011759	64227
71169048899	46658
71169228789	295340
71169231529	29119
71169248169	29038
71169249609	46628
71169249609	46645
71169253019	46671
71169253279	46667
71169253279	46667
71169263919	46607
71169263919	46607
71169286499	29234
71169286659	29389
71169290229	29466
71169318879	115324
71169329769	115320
71169333889	29379
71169348869	29129
71169700049	29139
71169714039	29127
71169730039	29152
71169770059	29026
71169814579	29107
71169816399	46631
71169820549	46608
71169820839	29481
71169824509	29041
711747018769	42833
71179181739	299317
71193600049	78827
71202006039	77750
71202007029	77510
71202064299	77698
71202065159	77896
71202065739	77710
71202094609	77636
71202117629	77550
71202163039	77612
71202163169	77823
71202163299	77694
71202177159	77921
71202177319	77618
71202310129	77885
712038051939	33958
712073968919	219914
71208189439	102078
712102013009	216596
71210789429	321486
71214038509	234696
71214161719	249353
712199085309	73208
712199318209	161981
712243068739	24408
712276200359	70027
71228174309	212428
71228175429	18060
71228179229	105828
71228179649	105818
71228179809	105817
71229028229	131054
71230021059	231456
71230021349	231456
71230320909	269496
712324455519	19533
71234100309	172391
71234100309	172391
712386125009	365237
712392419819	185388
712392633529	21423
71240011699	328127
71240020059	328128
71240040019	328114
71240386049	18263
71240500049	50333
71240690009	50309
71240800019	50319
71240900009	75213
71242013509	365238
71242091019	365236
712462001029	161848
712462012049	161841
71262000459	324173
71262000459	324187
71262041889	324181
71262041889	324181
71262290119	324202
71262294889	324171
71262294889	324171
71262295039	324170
71262295039	324190
71270386859	73067
71270387399	73065
71270480519	324289
71272019809	78822
71279108049	104680
71279126029	104717
71279127019	104622
71279251059	104667
71279275109	104635
71279281049	104739
71279302089	104723
71279302249	104671
71279306049	104659
71279309019	104700
71279310039	104692
71279407159	104644
712797310599	155076
71279785189	104698
712810003149	214455
712810008229	214453
712810991149	214459
71292603019	131162
712926032019	131163
712926136779	131168
71300000069	275631
71300000069	275632
71300000229	275591
71300000229	275603
71300000359	275540
71300000359	275609
71300000809	275544
71300000809	275585
71300003589	275521
71300003589	275540
71300006009	275562
71300006009	275637
71300010129	275550
71300010129	275628
71300040089	275652
71300050019	275647
71300400999	275569
71300400999	275573
71300800669	275535
71300800669	275613
71301047179	318583
71305065049	195053
713074303099	22619
713091477889	364118
713091477919	363399
713091478039	364662
713091478749	285554
71314003599	18127
71314006019	18196
71314042789	18200
71314043359	249442
71314043489	18146
71314047609	18077
71314047869	18094
71314047999	18151
71314049719	18073
71314056199	18071
71314056229	18171
71314060059	18175
71314060189	18172
71314060769	18143
71314066549	18090
71314069199	18168
71314074599	305289
71314105149	18158
71315012989	60022
71315040159	59732
7131504879	172878
71315050509	369163
713173711849	325220
713176010789	364275
713176010819	281132
71319000029	286915
71319000159	286885
71319000739	286887
71319000999	286881
71319003679	71142
713278001029	23292
713289023539	19533
71330023069	103714
71330601359	103713
71330602479	103735
713429	341047
713456099589	142480
713583242599	364814
713606075029	232671
713725000049	130567
713733000499	207160
713733006019	208151
713733008259	209695
713733008389	208542
713733021869	209504
713733024129	206684
713733035989	209860
713733038089	207598
713733038409	207987
713733068369	208619
713733068659	206394
713733071659	208829
713733072809	208582
713733083379	209626
713733106559	208983
713733107259	207066
713733107839	206712
713733107969	208009
713733110679	209877
713733120159	206971
713733120289	207289
713733120319	208635
713733121859	207286
713733124089	207573
713733129169	208033
713733130349	209763
713733133319	209194
713733137669	208708
713733140379	207632
713733141499	208006
713733141529	209469
713733141949	206924
713733151269	207229
713733164139	206626
713733182409	209508
713733186919	208712
713733197519	208966
713733198899	208444
713733207539	207753
713733211079	209818
713733218559	208468
713733218689	208488
713733218849	207235
713733254229	206986
713733255059	207215
713733258999	248153
713733262859	208162
713733273299	208546
713733273329	208735
713733286589	206994
713733296779	209500
713733296939	206956
713733302029	208235
713733305419	208847
713733309479	207719
713733333689	210063
713733333719	209725
713733337939	206795
713733340649	206797
713733340939	208238
713733345279	263830
713733346269	206318
713733359559	205962
713733362849	207191
713733365499	206140
713733369749	207983
713733375979	208803
713733396479	208051
713733396509	208105
713733397049	208494
713733398039	206585
713733417709	205998
713733430999	207472
713733431019	343585
713733431149	206963
713733436199	205998
713733444699	208922
713733444729	208997
713733444859	207804
713733447249	208805
713733464369	208197
713733467469	207058
713733469159	208853
713733469319	206716
713733470339	209137
713733470889	208290
713733471329	208679
713733471459	206239
713733474979	206429
713733479059	206503
713733494939	206023
713733495059	207306
713733499019	263802
713733511339	206920
713733514699	206369
713733528849	207062
713733559799	207677
713733573719	208653
713733596039	207324
713733608589	208867
713733620499	207847
713733620659	206070
713733627009	209917
713733627139	206675
713733627429	208979
713733640459	206396
713733641289	207666
713733641319	208962
713733644129	207329
713733674539	207861
713733674669	207040
713733674799	207371
713733674829	207861
713733674959	207041
713733675369	206957
713733675659	208762
713733682749	206699
713733695169	209047
713733695619	207325
713733696029	207329
713733696159	207775
713733696289	207329
713733696579	207430
713733696609	208724
713733701129	206032
713733712279	207926
713733714259	209224
713733737029	209118
713733762359	206770
713733763639	207932
713733784689	248156
713733796279	209764
713733796309	209711
713733801089	206671
713733801119	207008
713733816939	208865
713733827249	209659
713733845779	206896
713733845809	209409
713733846899	206269
713733847919	206407
713733848329	207369
713733864459	206880
713733864589	209897
713733876049	208089
713733879699	206298
713733879729	207896
713733880589	209715
713733883689	208737
713733886789	209525
713733898409	207831
713733903349	210070
713733913799	207434
713733913829	206942
713733913959	205945
713733914079	208978
713733914239	207280
713733914659	208668
713733948609	208366
71373394899	209176
713733948999	209177
713733949019	208089
713733953559	209716
713733955379	210077
713733955409	207649
713733982269	206916
713733982689	209175
713757024839	184938
713757059039	234615
713757090919	330371
713757100229	159015
713757582919	95267
713757767439	302103
713757773829	40321
713757911719	244250
713757952309	267618
713944607609	13508
71403000089	94177
71403000409	94193
71403000409	94193
71403002489	94198
71403002489	94199
71403002519	94170
71403007859	94164
71403007859	94164
71403008559	94206
71403008559	94206
71403009129	179173
71403055409	179175
71406003049	215315
71406004619	215312
71419881979	366918
71419881979	366922
71421001129	251688
71421032079	251701
71421037609	4668
71421038279	251662
71421090529	251821
71421093919	4634
71421097009	251706
71421101539	251685
71421106169	4703
71421117349	30059
71421204469	4709
71421546989	30046
71421546989	30055
71421680409	4639
71421681529	4693
71421690019	304002
71421842319	30058
71421896459	30057
71421946659	251695
71421976939	4681
71422200149	304212
71429002609	372996
71429010369	373026
71429010789	372965
71429011809	372926
71429012189	372886
71429012219	372918
71429012479	372913
71429012509	372871
71429012769	372951
71429012929	372987
71429013179	372893
71429014039	373010
71429014749	372905
71429015739	372910
71429026209	372961
71429026339	372942
71429039179	373017
71429049369	372993
71429081109	372931
71429089259	372923
71429089259	372934
71429095359	372922
71429095359	372923
71429121089	372916
71430000359	77794
71430000489	77740
71430000519	77691
71430000809	77838
71430000939	77741
71430001349	77727
71430009109	77780
71430009659	77648
71430010549	77834
71430010709	77563
71430010969	77503
71430011379	77642
71430017029	77861
71430017319	77606
71430017609	77839
71430846339	77729
71441025259	129615
71441031359	129648
71441292989	129646
71441707759	129612
71441709739	129645
71443010529	323328
71443011519	323329
71443011649	323300
71443015029	322812
71443022959	323309
714444001249	212539
714444001799	212531
714444003069	212474
714444003489	205321
714444003649	212530
714444004349	212535
71448123729	281254
71448126119	9291
71448127109	9284
71448127109	9285
71448214069	9311
71448300199	9309
71448300939	9267
71448406129	9252
71448500049	9253
71450160019	288502
71450240049	288508
71452330069	216734
71452392159	216726
71452505269	216732
71464016289	37213
71464016289	37386
71464017309	37357
71464017569	37365
71464017699	37189
71464017729	37277
71464017859	37413
71464017989	37193
71464018009	37173
71464018399	37406
71464018429	37244
71464018689	37382
71464018719	37369
71464018849	37352
71464019259	37364
71464019419	37374
71464019839	117
71464020309	121
71464020569	37415
71464021009	37249
71464021009	37249
71464021269	37308
71464021269	37308
71464021689	37296
71464021689	37342
71464021849	37295
71464022099	37197
71464022099	37349
71464022419	37233
71464022679	37293
71464022679	37294
71464022839	37254
71464022969	37304
71464100179	37377
71464180959	37378
71464250409	37348
71464306519	37231
71464306519	37387
71464348519	37176
714721000019	60733
71475010849	46125
71476002089	244023
71479000129	23368
71479000709	23364
71481017009	106418
71481017009	106431
71481025509	106404
71481025509	106406
714834007349	220687
714834007479	274553
714929269249	163612
71505005319	60216
71505012409	59980
71505014489	59959
71505016919	10670
71505017909	10658
71505021579	233656
71505023139	233657
71505024259	63740
71505948029	83730
715141212419	83261
715141627039	83257
715141930719	83242
715166138039	341459
71518000059	145416
71518000189	145414
71518000769	145387
71518008079	145342
71518010119	145407
71524000869	181165
71524011889	181192
71524017959	181192
71524018369	181214
71524018499	181110
71524018659	181110
71524020249	181171
71524030569	181131
71524065189	181116
71524100279	181227
71524100309	181206
71524124619	181096
71524127429	181148
71524154609	181182
71524156139	181168
71524159239	181177
71524160709	181230
71524166589	181200
715364100029	370200
71536901529	230618
71536908269	181593
71537001259	254648
71537001839	254861
71537010039	254831
71537020069	254736
71537020199	254600
71537020199	254853
71537020229	254710
71537020359	254594
71537020489	254749
71537020519	254722
71537020649	254727
71537020939	254703
71537021219	254912
71537021349	254602
71537021349	254766
71537021479	254899
71537021509	254880
71537042559	254700
71537052039	254816
71537060249	254789
71537060409	254776
71537060669	254782
71537111279	254849
71537201239	254625
71537201529	254615
71537301489	254925
71537411539	254910
71537411539	254911
71541993199	10509
71541993359	59859
715432001579	67376
715432003009	143243
715432003009	143342
715483002259	71667
715483004079	70061
715483004109	70095
715483004369	70075
715483008329	70063
715483075369	71673
715483075499	71694
715483081469	71680
715483085269	71681
715483088529	71682
715483095459	71677
715483750099	71683
7155019	143906
715506120069	62216
715637161009	182965
71567661249	158546
71567950589	158540
71567951319	158475
71567957779	158528
71567984669	158494
71567991049	158511
71567993739	158453
71567994279	158458
71567995849	158450
71567997249	158617
71567997379	158616
71567997539	158502
71567998109	158501
71567998239	158438
71567999199	158507
715685100029	272554
715685160139	272540
71570001889	158542
71570008369	158614
71570012489	158558
71580001039	346603
71580001749	346612
71580011649	69804
71580014459	347339
71580014589	264632
71580017429	347365
715855128389	265140
71592008569	248123
715923000289	216253
71593000449	102217
71593123469	102214
71600001179	64810
71600011659	64757
71600012809	64756
71600013059	64766
71600016029	64800
71600021139	64743
716055080019	299119
716123123969	323114
716123124089	323111
716123125659	323152
716123125949	323145
716123127189	323144
716123127509	323104
716123130349	323108
71615905059	142445
716184109049	344845
716184109049	344845
716184109339	344835
716184112179	344837
716221014619	250649
716221053229	250646
716270001479	56960
716270001509	56914
716270015049	56968
716270020029	56934
716270040089	56943
716270051559	56904
716270060049	56951
716270075029	56967
716270075289	56939
716270075319	56957
716270075449	56894
71627008809	85553
71627008809	85577
71627559639	85569
71628126069	70132
71632010019	60137
71632010279	60133
71632012099	59943
71632012129	60594
71632260179	234603
716344070219	260485
716344070639	204190
716344071469	260488
71644011219	78842
71644024509	302477
716519013089	196673
716519013119	196704
716519036859	196678
716519036859	196697
716519036989	196698
716519036989	196699
716519060069	196693
716519061509	196689
716519080159	196667
71656001659	178834
716641011939	145460
71672004719	46380
71673001069	317692
71673004459	245328
71673004589	245326
71673010689	318602
71673011259	317683
716815000219	50488
71692000029	178676
71692000159	178689
71692001149	178693
71692001279	178683
71692001729	178695
71698012439	58924
71698023459	4490
71698034769	352518
71698056099	4460
71698210149	4465
71698210149	4485
71698240009	4474
71700023019	66380
71700115219	66355
71700140419	66344
71700186219	66362
71700209819	66358
71700445019	66378
71700448829	18997
71700473319	66371
71700477829	18995
71700480829	19016
71700877629	19002
717061125299	12644
71720002179	336586
71720002889	336504
71720007679	336523
71720017289	336516
71720023839	336566
71720036969	336623
71720047729	336509
71720068069	336573
71720075029	336541
71720085059	336543
71720185049	336493
71720305089	336500
71720317259	336583
71720337509	336582
71720416259	336611
71720460009	336590
71720516959	336554
71720531709	336626
71720534939	162698
71720539569	162702
71720539859	162702
71720826119	336597
71720850039	336542
71720870099	336562
71720877739	336567
71725711809	10714
71725711939	11339
71725712509	11346
71725713049	10725
71725713209	11351
71725713339	11362
71725714879	10697
71725726209	10724
71725727879	224315
71725727909	224248
71725728029	224320
71725728159	224313
71725728289	224312
71725728319	224247
71725728449	224268
71725728579	11361
71725728609	11325
71725728869	224371
71725748089	11342
71725749109	224284
71725750389	98066
71725750419	98064
71725750549	260468
71725750679	98063
71725750709	98070
71725751089	260449
71725751119	260441
71725751379	139467
71725751799	60249
71725800329	60548
71725800459	60573
717265403049	8433
71728049169	32245
71728071009	32255
71730007089	231196
71730007379	231195
717322915089	148309
717385116089	185088
71740341029	328405
71740351639	328410
717434992169	273299
717499000489	55284
717520437239	118230
717524102089	73686
717524772039	103959
717524775139	73995
717524784889	74019
717524789129	74018
717524890139	73665
717544100539	320158
71754410119	320066
71754410129	320015
717544107439	319845
71754410899	320029
717544109129	319789
71754410959	320004
717544109969	320180
717544114789	319852
717544125839	320134
717544127079	319982
71754412739	320172
717544128809	319987
717544129769	320050
717544130529	320138
717544131069	320115
717544131809	320069
717544132479	320017
717544133049	320093
717544133629	319801
717544135579	319796
717544135999	319746
717544136729	319748
717544136849	321861
717544137559	320118
717544138099	319932
717544138129	319798
717544138389	320169
717544201779	320286
717544201939	320267
717544202479	23418
717544202509	320337
717544202929	320374
717544203339	320317
717544203889	320372
717544204749	23454
717544204879	320499
717544204909	320451
717544205029	320481
717544205159	320475
717544205449	320454
717544206149	320195
717544206279	320268
717544206859	320198
717544207009	320290
717544207139	320322
717544207269	320405
717544207399	320399
717544207429	320415
717544207559	320422
717544207689	320273
717544207719	320271
717544207979	320336
717544208099	320301
717544209669	320225
717544211099	270330
717544211129	270336
717544211259	320383
717544211679	320194
717544211709	320361
717544301509	23411
717544302049	23414
717544500179	320245
717544500889	320458
717544501299	320446
717544501589	320303
717544501619	320244
717544501749	320269
71755010989	177850
71755026799	177872
71757010109	7624
71757056619	299289
71757056749	7616
71758071109	37097
71758078009	37102
71758083089	37128
71758200189	37138
71758200929	37146
71758201889	37096
71758202299	37113
71763000149	130923
71771015029	35385
71771015319	35394
71771137509	35384
717712000289	321170
71779051159	29932
71779401169	29926
71779406089	29916
71779406089	29927
717854016889	212311
717854040099	82311
717854040129	82318
717854103039	212309
717854105019	212315
717854105149	212380
717854105729	212293
717854105989	212383
717854106559	212290
717854106689	212396
717854106719	212339
717854128049	82194
717854130509	362860
717854151009	212387
717854151689	212289
717854152099	212366
717854160049	307768
717854165259	212294
717854165389	212288
717854165419	212360
717854470179	55937
717854470629	55933
717854470889	55919
717854472029	55900
717887121499	286829
717887121529	286827
717887170039	286839
717887178059	286862
717887179629	286823
717887291079	286849
717887651279	40507
717887651309	40511
717887651989	286836
717887716039	130242
717887718019	130240
717887916019	130241
71801000209	240529
71801453029	95647
718085333219	25073
718122066179	333891
718122297849	351423
718122357369	349259
718122436699	185068
718122633739	277870
718122757169	255292
718122911509	117242
718129021119	349428
718129030739	349433
718134000109	73496
71817000309	30399
71817001139	30069
71817001269	30396
71818024809	130838
71818728509	130835
71820300359	161164
718240000369	239434
71828000619	155206
71828002149	23900
71828002279	23918
71828003009	23920
71828009469	155201
71828011059	155216
718343210269	311218
718343630579	311228
71840042819	198225
71840049849	198249
71840092029	198225
71840105989	198261
71840121019	198212
71840200349	198218
71840202169	198252
71840203029	198251
71840204019	198219
71840205009	198242
71840900119	198226
718442429609	11378
718442447719	220977
718442465409	222533
71845098309	61488
71846112219	308949
71846222529	350812
71846222659	350792
71846261009	350794
718531001099	81323
718531001389	81372
718531004359	269944
718531004779	269941
718604720049	178774
718604972349	229710
718604976569	229695
71866005249	8060
71871000529	190598
71873222639	138394
71879002679	351029
71879124999	158924
71879126009	158929
71879140029	158917
71879500069	158927
71879700049	158927
718813166119	323383
718813182959	323389
718813194389	323399
718813515559	323631
718813522359	9029
718813692359	9027
718840160159	214740
71887777729	8039
71888220019	235424
71891003029	218330
71891013059	218329
71891477479	218329
71899211129	34430
71899321019	34441
71899624189	34436
71899624189	34437
71899624349	34444
71921000189	335782
71921003319	76123
71921007799	47122
71921007799	47150
71921007829	47152
71921016289	76081
71921033309	335784
71921034399	76137
71921034399	226849
71921207519	242392
719212101039	74510
71921214739	76208
71921214739	76212
71921232849	347724
71921243609	76073
71921243609	76086
71921245849	76159
71921279639	148129
719212799229	74511
71921280079	335775
71921288839	335772
71921388829	76153
71921434359	335766
71921457129	47159
71921477639	47148
71921490799	335762
71921564209	335747
71921564209	335768
71921585709	76202
71921649999	335781
71921704469	148128
71921709099	242390
71921709099	242391
71921714529	47121
71921805609	76145
71921805609	76242
71921809539	335760
71921811419	76167
71921828189	335791
71921872069	76048
71921903589	47132
71923521019	147766
719283008909	206734
719283022189	248135
719283092779	205983
719283092939	208914
719283103109	206620
719283107169	209668
719283109859	209687
719283132239	208660
719283135469	209176
719283165589	207914
719283165619	207788
719283187789	207901
719283196699	208074
719283237569	207052
719283237699	206545
719283255549	263776
719283255679	263743
719283255709	263728
719283262189	209284
719283264459	205936
719283267849	209534
719283285959	209019
719283289469	209640
719283290199	207437
719283314819	209873
719283328069	206595
719283328229	207319
719283333599	207389
719283333629	207392
719283353009	206924
719283368539	206711
719283379719	208036
719283392299	207625
719283401519	209662
719283406279	208217
719283407719	209565
719283411549	208445
719283425089	207931
719283456649	206513
719283481429	209239
719283487469	207053
719283488329	209986
719283491329	208478
719283494269	206011
719283507259	206332
719283515049	209905
719283525369	208366
719283543479	208437
719283547859	206676
719283552259	209361
719283560759	169293
719283589859	209466
719283592989	207320
719283593979	208441
719283594129	208413
719283595379	208087
719283617149	209292
719283628299	207401
719283628329	207402
719283629609	206580
719283637369	206909
719283656759	209198
719283657039	208095
719283658609	208282
719283658739	208109
719283658869	207220
719283660459	206134
719283660589	209685
719283660619	208446
719283660879	209899
719283662309	210032
719283662439	209173
719283673619	206867
719283722959	207506
719283735829	207605
719283766519	206482
719283775399	207881
719283808349	209192
719283808639	208200
719283808769	209336
719283886149	207351
719283909299	206093
719283916839	263836
719283950499	208816
719283950529	207016
719283950819	208126
719283955999	209363
719283956439	208201
719283967879	206585
719283984869	209951
719283985279	207061
719283995049	206651
719283995179	208028
719334032549	255024
719346190879	116737
71936932659	78281
719375000279	194821
719416120379	11213
719416204239	11206
719416206899	11207
719416290119	11218
719433290369	245607
71955107199	45173
719665001399	172266
719886130069	247991
719886152689	247989
719886212109	247999
719886900709	143140
71998007029	336152
71998065029	336103
71998126089	336107
71998126089	336156
72000159699	304087
72000757949	304008
720117720119	47033
720118180509	47012
720118180929	47019
720118181049	47026
720118181919	47040
720164000059	219050
72018009009	138312
720227115959	111795
72030000749	86340
72030001319	86297
72030004129	86337
72030011899	86341
72030013879	86218
72030017389	86209
72030018379	86254
72030019949	86357
72030021119	86254
72030021539	86304
72030021669	86383
72030022239	86407
72030022499	86306
72030022789	86257
72030023069	86274
72030023489	188430
72030023519	86313
72030023939	86210
72030024059	86350
72030024189	86232
72030025049	86229
72036005199	136304
72036010629	137058
72036010759	136204
72036014689	135800
72036018809	136219
72036019059	136516
72036020109	136698
72036020659	136438
72036021489	136244
72036025029	148991
72036026019	136429
7203604189	136683
7203604219	148846
72036060419	136600
72036080189	137375
7203608019	137375
72036080509	137231
72036081209	136737
72036090379	135854
7203610089	137027
72036101129	136343
7203610119	136508
7203611029	135949
7203611049	136299
7203611079	136687
72036120519	136354
72036130679	135839
72036140319	136241
7203614049	137426
72036140609	136899
7203614119	136678
7203615059	136746
72036159939	136135
72036183729	135774
72036190819	136028
72036200839	137511
72036240149	136119
7203624019	136128
72036240279	137359
72036289919	137197
72036290359	137190
72036300539	135701
7203631059	135700
72036320209	136986
7203632029	135781
72036330819	136705
72036360199	137007
72036360229	136838
72036370419	135836
72036380159	137333
72036400529	137331
72036410559	136081
72036410719	136035
72036411129	136303
72036411709	136680
72036411969	136457
72036412119	137381
7203643019	136351
72036430229	136966
7203644049	137386
72036490209	137180
7203651149	137271
7203655019	136695
72036560759	135988
72036570369	137274
72036590329	137535
7203659049	135564
7203660029	137312
72036600349	136561
7203660039	136563
7203663099	136522
7203663129	136170
72036631299	137139
72036631589	137506
72036631619	136578
72036639929	136195
7203663999	135553
7203666019	149117
7203670409	149112
72036704139	144019
7203670449	136078
7203670469	149114
72036704719	148906
7203670479	148959
72036704979	149017
72036705129	136913
72036705259	148954
72036705389	135863
7203670539	136053
7203670629	136648
7203670639	135543
72036706409	148730
72036706669	136353
7203670679	148979
7203670749	137250
72036707499	137334
72036707529	136446
7203670809	136007
72036708229	135760
7203670829	148864
72036708359	149130
72036708489	135912
7203670879	136536
72036708809	144017
7203670899	135660
7203670909	137467
7203670919	149129
72036709479	136070
7203670949	148889
72036709509	136734
7203670959	136085
72036709769	149156
72036709929	135767
7203671029	148732
7203671039	136142
72036710499	148992
7203671119	149088
7203671159	136257
72036712059	135600
7203671209	136370
72036712189	136275
7203671219	136277
72036712219	136087
7203671229	136305
72036712349	148926
7203671269	136036
7203671299	137434
7203671339	136896
7203671349	136028
72036713629	148843
7203671379	137442
7203671389	136752
7203671399	137441
7203671419	136515
7203671479	136025
72036714879	137362
7203671489	136456
72036714909	137586
7203671499	137276
7203671509	136266
72036715289	135968
7203671529	136732
72036715449	136558
7203671549	137454
7203671569	135739
7203671579	135706
7203671609	136874
7203671619	136671
72036716279	135771
7203671629	135772
7203671639	137007
72036716439	149024
7203671659	136205
7203671669	137299
7203671679	136048
7203671699	148760
7203671729	137392
7203671739	148865
7203671809	136708
72036718129	137521
7203671879	136776
7203671899	136604
7203671909	136848
7203671949	136680
7203672019	136572
7203672039	135677
72036720429	137206
7203672069	137428
7203672099	137047
7203672109	137073
7203672149	149009
7203672179	137196
72036722089	135534
7203672209	136983
7203672219	135995
7203672239	148929
7203672249	136933
7203672259	137491
7203672299	137068
7203672349	137282
7203672359	137116
7203672449	137416
7203672459	148937
72036724779	136690
7203672479	136950
7203672499	137524
72036725219	136306
7203672559	135891
7203672589	149079
7203672619	136470
7203672639	149049
7203672649	136701
7203672659	148770
7203672669	135670
7203672679	144031
7203672699	136663
72036727169	135876
7203672779	136936
7203672789	136397
7203672859	136139
7203672869	136056
7203672879	136674
7203672899	137254
7203672959	135908
7203672979	136679
72036729989	137410
7203673019	148897
7203673049	137486
72036730589	135754
7203673119	136608
72036731609	135950
7203673199	137175
72036732569	148812
7203673269	135776
72036732989	135996
72036733559	137013
72036733849	135826
72036734099	136859
72036734129	137387
72036734389	136973
72036734969	149083
72036735249	137375
72036735539	136400
72036735829	136925
72036735959	137005
72036736819	148749
72036738059	135553
72036738189	137309
72036738349	137192
72036738479	136093
72036738899	137277
72036739469	137196
72036741059	137172
72036741219	137223
72036760289	136611
7203676029	148761
7203676049	148976
72036760579	136335
72036760739	137022
7203676089	149115
72036761439	136423
72036761569	148993
7203676169	149013
7203676179	148970
7203676209	149180
7203676219	137031
72036762559	137211
7203676309	149139
72036763389	136770
7203676339	136034
72036763419	136539
7203676359	137534
72036763679	136602
7203676379	135537
7203676399	137526
72036764379	136047
7203676449	136471
7203678049	149184
7203678059	149042
7203678099	136153
72036781079	137555
7203678109	136502
72036781109	136615
7203678129	149166
7203678179	148918
72036781819	148921
72036786869	136784
7203678699	135796
72036874559	137407
72036880369	149073
7203688129	137514
7203688159	136201
7203688179	135652
7203688189	148781
72036883469	136930
72036883629	136625
72036883889	136655
72036883919	135611
72036884039	137588
72036899149	136651
72036899309	135821
72036899569	137465
72036899859	135940
7203695109	136459
72036951229	104912
72036951359	136252
72036951519	135844
72036952219	137384
72036953339	104945
72036955999	136744
72036956309	135643
7203695869	137290
72036959799	104890
7203697659	136232
72036978479	137035
7203697849	136823
72036978899	136030
7203697989	135919
72036980229	136108
7203698039	136282
72036980489	137535
7203698049	137036
7203698069	136537
7203698109	137450
7203698129	137584
7203698159	136858
7203698169	137450
7203698179	137339
72036981929	136922
7203698209	137376
72036982179	137310
72036982339	137044
72036982469	135605
7203698269	136902
7203698279	135868
7203698289	136174
72036982919	136047
7203698299	136010
7203698389	136569
72036983909	136294
7203698419	148796
72036985309	148947
7203698539	136409
72036985439	149059
7203698569	135675
72036985699	135675
7203698629	149036
7203698679	137091
7203698689	137438
72036987549	136810
7203698819	136829
720379504069	194240
720379504199	194203
720379504229	194196
720379504359	194264
720379504519	194193
720379504779	194205
720379505219	194259
720379505929	194250
720379506599	194254
720379531089	194208
720379531119	194241
720379531379	194221
720379570019	194187
720379580049	328352
720379580209	328354
720379585099	194268
720379585259	194212
72041006129	218322
72043002839	321530
72043003799	311045
72043003829	321533
720464000759	107826
720464420229	107839
720464760059	107831
72047931029	28579
720495920989	222646
720495923409	329236
720495929289	329216
720495929869	329318
720495990159	222631
72050300829	217711
72050401519	162738
72050785299	84736
72050785459	217716
720516021909	239376
720519	340868
720562537409	344547
720579140029	283710
720579140289	283710
720579148049	283708
72058608569	239729
72058609559	218633
72058610579	333135
72058610739	239742
72058610739	239744
72058611569	218586
72058611859	180541
72058612269	180578
72058614829	180637
72058614959	239739
72058617349	239723
72058618889	180700
72058619169	239735
72058619879	218628
72058947019	218638
72058947019	218638
72060001419	144234
72060002379	144280
72060002829	144246
72060004489	144274
72060004809	144290
72060004939	144238
72060005059	144284
72060006469	144269
72060008159	144260
72060087239	144267
72060087369	144302
72060087529	144296
72060087659	144310
72063067269	362979
720692820679	216234
720692820709	216227
720692920089	216226
72071002979	197246
72071157259	197244
720794048049	91970
72080004209	118076
72080015649	118125
72080037009	118153
72080040009	118139
72080043109	118088
72080046209	118117
72080100079	118102
72080100109	118135
72080106309	118076
72080106439	118080
72080192289	338900
72080192289	338901
72080192319	338907
72080192869	338899
72080192869	338901
72080192999	338898
72080204449	118132
72080274299	118071
72080274299	118073
72080274329	118116
72080274329	118124
72080274619	118117
72080410079	338904
720825454849	45175
720825465289	223196
72084017069	274170
72084035179	7962
72084100129	7950
72084605549	274165
72092024189	161999
72100028079	154827
72100067009	154820
72101011339	182783
721021516379	257378
72106124409	141433
72106145299	182998
72106303019	129
72106324229	141454
72106324359	140873
72108010229	216339
72108144139	216343
72108161099	216363
72108168159	210413
72108221069	216358
72108720029	216372
721094199769	122792
721094199769	122793
721094200069	122800
721094200069	122800
72109486009	311771
72109486009	311771
721192101169	112535
721332820059	11389
721557140109	79183
721557150009	79197
721582133749	252570
721605212529	140599
721605251139	140599
721605258619	140616
721605258879	140603
721605258909	140616
721605262449	140618
721605282959	60728
721605285769	278121
721609000139	351542
72169300109	222606
72170043019	332665
721714005319	346853
721714055109	346852
721714400589	346863
721714400619	346866
721714400749	346847
721714900089	346872
721714900249	346867
72180511119	157136
72180511799	157133
72180511829	157132
72180563569	103951
72180564269	269256
72180564429	269206
72180566119	269213
72180566119	269283
72180566249	269239
72180567369	269266
72180601629	181690
72180626479	244008
72180631879	269209
72180632449	269240
72180632449	269258
72180634719	269281
72180635679	336223
72180637369	336319
72180637529	269216
72180668509	244002
72180676269	336286
72180702579	336320
72180741509	269233
72180762689	103928
72180786739	336283
721874004009	255672
721874009219	255668
721881030619	63083
721881030749	63067
721881080959	253197
721913679069	91884
72196001079	17396
72196003509	17389
72210428509	282828
72212275439	142417
72212505239	78104
72220000689	102812
72220000979	102783
72220004649	102829
72220004779	102835
72220008289	102911
72220008449	102830
72220008579	102876
72220008739	102914
72220009989	102826
72220011029	190839
72220011319	190842
72220099959	102784
72220101409	242940
72220101539	288468
72220101669	288459
72220110579	102776
72220220469	102804
72220220599	102818
72220220629	102798
72220806489	102820
72220806519	102882
72220900309	216053
72220900569	312849
7222252313249	59204
72223000259	146759
72223002109	125189
722252091109	59378
722252102409	59139
722252102409	59291
722252103109	192578
722252110039	192558
722252123039	59031
722252123619	192553
722252139849	59310
722252139849	59310
722252143259	59084
722252151209	59013
722252162939	59286
722252162939	59307
722252166029	59101
722252167729	59309
722252180629	59154
722252184009	59354
722252187499	59142
722252187949	192576
722252192219	59391
722252194299	59367
722252195449	59338
722252198259	59363
722252200679	192597
722252200679	192598
722252206039	192576
722252233059	192586
722252235749	59104
722252238399	192571
722252283269	192581
722252283399	59331
722252283559	59159
722252283979	59380
722252285379	59224
722252301079	59099
722252301079	59238
722252313249	59204
722252315779	59259
722252330109	192543
722252333049	192523
722252334039	192525
722252343239	59095
722252346599	59129
722252360199	59130
722252361059	59300
722252361509	59146
722252368829	59233
722252379559	192527
722252380029	59372
722252381019	59393
722252438249	59359
722252439819	59216
722252450029	192557
722252461339	59171
722252550019	192542
722252566409	59022
722252587299	59347
722252600479	59037
722252600509	59053
722252616449	59044
722252681249	59313
722252738929	59194
722252761859	59216
722252774859	59150
722252781239	59270
722252839169	59305
722252842169	59177
722252842329	192552
722252879479	59264
722252885319	59190
722252922069	59015
722337820129	247417
72238037509	312554
72238052519	312574
722413171879	93907
722430000169	130608
722430170169	130624
722430240169	324052
722430320489	130629
722430340869	130638
72248266579	155570
72248266609	155560
72248266609	155561
72248287529	155557
72248292219	155568
72248710249	11193
722487230069	287122
72250007269	218282
72250010719	218270
72250010849	218248
72250011129	45201
72250011259	211505
72250011389	369178
72250013239	60825
72250017589	212138
72250017619	70185
72250020169	319382
72250020169	319382
72250020619	218287
72250020749	224517
72250020749	224521
72250021319	224514
72250023139	224502
72250025249	224492
72250029629	224510
72250037129	224483
72250037129	224483
72250039499	224500
72250043199	224484
72250091589	218278
72250092609	224489
722506050159	48323
722506050609	48323
72250903219	218280
72250912259	218293
72251001259	226346
72251001549	226361
72251001549	226362
72251002119	226354
72251013979	226388
72251020069	226385
72251020199	226363
72251020359	226365
72251050929	226398
722512443709	44248
722515249629	121985
722515250489	346460
722515250809	346476
722515251899	346482
72251530209	226401
722515914169	121996
722515914749	346419
722515915869	346506
722515915999	346451
722515916279	346437
722515916729	346473
722515916859	346470
722596001079	344133
72261024019	160371
72261024149	160375
722648543229	159272
722648544059	159197
722648677429	103995
722648711109	321551
722648712489	321577
722648712519	321582
722648715169	321612
722648715619	321568
722648931439	321584
722652205199	145584
722652690049	43544
722662007059	72015
72273003019	55976
72273031029	45162
72273111219	177847
72273133259	177802
72273135109	177810
72273136069	177796
72273138179	177814
72273138209	177815
72273293069	258775
72273387089	322308
72273388079	322337
72273390249	322293
72273406599	246648
72273408869	322287
72273408999	322278
72273416789	322288
72273420519	284046
72273432529	164503
72273444119	177824
72273450349	45165
72275100129	8249
72275400229	8251
72275402049	8246
722764010209	93974
722767009569	163073
72277001219	218192
72277007709	218192
72277011119	218196
722776002599	311586
722776003589	311563
722776003749	311575
722776004289	311598
722776005439	311573
722776230329	311559
722776532409	226435
722782628639	74303
722864012509	74505
72290000039	233340
72290000909	233322
72290001579	233365
72290003429	233360
72290004389	233359
72290032429	233343
72290256269	233358
723055031019	364754
723055032559	364103
723055035239	364467
723055080109	363363
723055087689	363322
723055202969	364602
723055203829	363723
723055204109	364756
723055207339	363725
723055209869	364097
723055220079	364241
723055851549	364281
723055851709	363277
723055852089	364009
723055852409	364009
723055853789	364715
723055854229	364435
723055856759	363460
723055870199	363493
723055870229	363514
723055872889	363478
723055875729	364780
723055880389	364493
723055880419	363503
723055880549	363426
723055881089	363847
723055889139	364173
72310028609	30190
72310099029	30207
723172242299	22134
723175787599	275703
723175787629	275707
723175974319	278867
72320113319	314962
72320113319	314972
72320113739	314964
72320115559	314980
72320118239	314965
72320118819	314972
72320123509	314983
72320123509	314983
72320150109	314994
72320185019	314989
72320600109	210130
72320700069	210163
72320700519	141964
72320700519	210128
72320700779	210134
72320700939	141967
72320700939	210141
72320750019	210148
72322004509	290646
72322014249	290660
72322558989	49547
72322935179	49543
723246270029	182967
72325500909	193947
72342115179	45898
72343000559	212627
72350000559	371692
72359101189	34461
72360001119	84943
72360002079	84942
72360002109	84933
72368015279	72597
72368015309	72586
72368020099	72737
72368024349	72760
72368082479	72596
72368101149	72932
72368101699	72815
72368103679	235267
72368103679	235268
72368104409	72843
72368107479	72885
72368136479	72667
72368156019	72938
72368173719	72894
72368174099	72934
72368201719	72981
72368207179	72977
72368207209	72817
72368235219	72590
72368274249	72709
72368320359	72572
72368340159	72579
72368340159	72581
72368340449	72699
72368388519	72631
72368393919	72965
72368394039	72838
72368394589	72786
72368394619	72681
72368424989	72869
72368426259	72984
72368458519	72793
72368508559	72800
72368508719	72922
72368510149	72955
72368510309	72678
72368510569	72642
72368510699	72602
72368510699	72603
72368510729	72570
72368510729	72921
72368551999	72695
72368636009	72575
72368652009	72693
72368700809	72881
72368704029	72936
72368711539	72941
72368720029	72548
72368909509	72866
723751202409	22702
72392003099	277982
72392005819	278011
72392008339	277975
72392009459	277948
72392010479	277997
72392011049	9077
72392011339	161210
72392012749	8966
72392014439	66819
72392014569	313680
72392014729	224230
72392015139	360903
72392017249	79064
72392017249	79065
72392029549	277996
72392144129	331690
72392295999	370970
72392317219	98191
72392319169	138491
72392319299	138472
72392322749	263223
72392323159	321282
72392324729	69009
72392325849	224226
72392327119	313207
72392327249	313239
72392329939	66815
72392330249	220634
72392333639	153541
72392334629	197512
72392339969	75783
72392344369	370643
72392351039	370616
72392352029	370649
72392352289	370668
72392352449	370621
72392370139	143659
72392606979	217421
72392636709	302909
72392853809	240568
72392902279	173316
72392942299	303553
72392948499	186072
72392988099	370681
72392988129	370656
72396200029	50094
72400000409	254558
72400000409	254566
72400006289	254574
72400006289	254574
72400006609	254581
72400006609	254586
72400007279	254553
72400007279	254553
72400007309	254564
72400007309	254564
72400060069	65745
72400062209	65737
72410042109	69014
72410050319	68998
72410052559	69004
72412000329	145722
72412681139	224430
72412820019	214948
72417153099	45862
72417158599	157530
72417161919	45861
72417162169	45800
724195000569	198306
724195001399	198307
724212521909	288174
724235026429	315132
72431001369	193342
72431001499	193349
72431002069	193104
72431002199	193370
72431002229	192955
72431004629	193084
72431004759	193369
72431004889	193457
72431005039	193388
72431005879	193280
72431006029	193109
72431006289	193469
72431007729	193050
72431008139	193513
72431008429	193355
72431009129	192948
72431009679	193079
72431009969	193346
72431010729	192939
72431010859	193386
72431010989	193584
72431011269	193433
72431011979	193495
72431013959	193409
72431014079	193502
72431014109	193118
72431014789	192928
72431016639	193587
72431016899	193237
72431016929	193486
72431017049	193392
72431017759	193420
72431018169	193133
72431018299	192985
72431018749	193517
72431018909	193240
72431043499	192922
72431043659	193299
72431043789	193309
72431043819	193306
72431043949	193091
72431044199	193292
72431049989	193132
72431050589	193480
72431171109	192914
72431201899	193462
72431205699	193579
72431206979	192960
72431234439	192967
72431236099	193268
72431239359	192906
72431350269	193188
72431600029	193302
72431601309	193399
72431601439	193373
72431661259	193416
7244039	254579
724453222139	149944
724500367349	155913
724500369039	155916
724500369169	155939
724500369329	155925
724500369329	155925
72457110229	352634
72457220119	352637
72457323339	352575
72457331099	352630
72457331129	352562
72457550339	352635
72457660229	352633
72457770119	352636
72457880559	352586
72457880559	352588
72457880689	352629
72463000309	204547
72463000309	204547
72465111119	11220
72470000019	174820
72470000439	174833
72470002389	174820
72470003119	174776
72470100429	174824
72470700209	174810
724752999169	71227
72486001109	159538
72486002809	159551
72486004209	159544
72486010729	159547
72486010729	159547
724865022259	78155
724865036409	78158
724869001199	73027
724869002479	73006
72488000629	338830
72488001619	338748
72488981119	338763
72488986749	295755
72488986879	295762
72488986909	295857
72488987029	338737
72488987289	338802
72488987319	338717
72488987449	335808
72488987579	280729
72488987869	338798
72488988309	295953
72488991149	295890
72488997929	220809
72488998179	338757
72488998209	338841
72488998599	338826
72488998759	105238
72488998889	105245
72488998919	105213
72488999039	105224
72488999169	338842
724923105009	160988
724923457009	160987
72494206039	69666
72494487049	69453
72494680129	69455
72494983039	366834
724999	339548
725181424109	191609
725181510109	191617
725181820109	191604
72521049769	351218
72521049769	351221
72521050079	351204
72521050079	351204
72521052219	351192
725226003429	73026
72530000089	248075
72530000409	248069
72530010569	248077
725341181149	222588
725341331209	238261
725341431169	222587
725341515159	222573
725341653349	222586
725341666639	222585
725341701149	222571
725342132249	219237
725342132249	219280
725342260119	219307
725342260119	219307
725342281039	219244
725342281749	219301
725342281749	219322
725342283019	219303
725342283569	219300
725342283569	219317
725342289769	219292
725342289769	219309
725342293469	219231
725342293469	219232
725342412549	219324
725342450169	219230
725342470839	219218
725342497379	111236
725342497379	219278
72538000159	318723
725433910879	220314
725439100069	220408
725439100649	220421
725439101769	220306
725439103329	220299
725439103459	220407
725439104449	220373
725439106009	220315
725439109659	220342
725439110679	220324
725439111379	220387
725439113069	220336
725439113359	220283
725439113939	220285
725439114929	220274
725439115629	220354
725439117029	220364
725439117579	220382
725439201629	81541
725439201919	81549
725439203159	73143
72543920359	73157
725439203609	73145
725439300339	53044
725439300469	53050
725439300889	53042
725439301039	53051
725439801089	326355
725439801249	325898
725439801409	326094
725439802079	326182
725439802239	326260
725439802499	326178
725439802529	326190
725439802819	326266
725439803069	326020
725439803199	326248
725439804219	326039
725439804349	325911
725439804479	325896
725439804509	326392
725439804899	326036
725439804929	326358
725439805049	325951
725439805179	325943
725439805469	325840
725439806329	325899
725439806589	326348
725439810319	325822
725439940139	224841
72543994019	224879
725439940429	224875
725439940689	224820
725439940719	224817
725439940849	224863
725439941259	224785
725439941679	224822
725439941969	224746
725439942119	224754
725439942539	224770
725439942959	224733
725439948319	224830
725439948869	224848
725439949859	224916
725439950039	224934
725439951029	224771
725439951739	325848
725439952569	326041
725439959759	325857
725439975599	224918
725439978279	326169
725439978439	326147
725439980029	325966
725439980159	325890
725439980319	224852
725439980609	326378
725439980869	326093
725439980999	326307
725439981019	326309
725439981149	325881
725439981439	155476
725439981989	326194
725439982979	325978
725439983129	325918
725439984539	326008
725439984799	326280
725439985079	326324
725439985369	326135
725439986779	325977
725439988599	325920
725439988759	224813
725439989459	326160
725439989879	224855
725439991179	326387
725439991759	224738
725439993609	326132
725439993869	224933
725439995559	326371
725439995719	325979
725439995979	325983
725439996099	325835
725439996129	326207
725439996839	325869
725439996969	326372
725439997409	224892
725439997539	224777
725439997669	325872
725439998239	224775
725439999489	224763
725439999649	326068
725439999809	326085
725439999939	325902
72551250029	41493
725526368419	291529
725526502639	291526
72554001529	80054
72554252679	79586
72554276569	79586
72554276569	238619
72554421419	308083
72554464669	238473
72554610479	80046
72554613609	147898
72554843099	275398
725677210759	286307
725677211169	67488
725677211329	159232
725677211589	67656
725677212029	67440
725677212159	67583
725677214269	67525
725677218649	76580
725677218939	67517
725677220079	318194
725677220109	286669
725677220239	286296
725677221489	94594
725677228419	94483
725677238159	94514
725677290089	54763
725677290539	54767
725677410739	94514
725677420059	94507
725677610269	318233
725677610399	318213
725677610429	318185
725677611129	318217
725677813189	318201
725677816739	318193
72579000019	60094
72586300119	290158
72586721389	364805
72586805409	364810
72586902559	364808
72587212909	8594
72591002169	189514
725963004109	362711
72600001619	142841
72600002739	142641
72600003279	142797
72600003279	142872
72600003309	142693
72600003309	142694
72600005129	142635
72600005969	142696
72600005969	142696
72600006089	142675
72600011519	142758
72600012349	142810
72600031029	142700
72600031029	142731
72600031449	142700
72600031449	142700
72600031579	142867
72600031579	142867
72600032439	142678
72600032439	142691
72600032989	142714
72600033269	142707
72600033399	142768
72600033689	142870
72600034389	142764
72600034419	142761
72600036079	142859
72600036109	142662
72600042179	142796
72600042599	142716
72600060449	142885
72600064089	142889
72600066519	142715
72600071339	142827
72600075399	247609
72600078239	247621
72600081369	142670
72600081369	142786
72600083479	122022
72600094109	142875
72600094109	142875
72600095069	142862
72600095229	142694
72600095229	142694
72600097339	142847
72600097469	142682
72609036339	162586
72609047939	8069
72609048189	8110
72609051349	8098
72609051349	8131
72609056979	8100
726093777109	310838
726093777369	310839
72609740229	162582
72609741059	162607
72609741219	8140
72610002019	141538
72610003009	141539
72610010069	141536
72610035369	141533
72612000129	40837
726191003469	353799
726191018869	353812
726191203869	353841
726191234009	353830
726191242509	353787
72623007049	286732
72623007629	286734
72623018489	139009
726284000139	217544
726338070699	328774
726411000049	282785
72650000389	108943
72650004929	108949
72655000759	139246
72655000889	139237
72655001039	139016
72655001299	139148
72655001329	139078
72655001879	138985
72655001909	139100
72655011199	139228
72655011229	139245
72655115569	263705
72655220119	139150
72655220249	139010
72655409019	139200
72655409279	139089
72655409279	139091
72655409309	139175
72655410299	323868
72655454439	139023
72655454439	139075
72655454569	139198
72655460119	139047
72655820029	138999
72659207079	245811
72659207079	245826
72659358689	245823
726670238429	365341
72670023269	351680
72670023269	351681
72670132039	351715
72670132039	351717
72670303279	351658
72670303279	351659
72670320559	351685
72670320559	351713
72670370219	351686
72680019399	185364
72680019429	185361
726812004639	371532
726984030009	131829
726984363039	131755
726984410139	131756
726984410399	131780
726984551139	131762
72698531339	131808
72700000079	196447
72700000369	196471
72700000499	196460
72700000529	196540
72700000659	196488
72700001199	196482
72700001359	196439
72700001519	196526
72700005029	196507
72700005609	196541
72700006989	196404
72700007139	196360
72700008099	196424
72700008259	196442
72700010009	196461
72700051019	196448
72700052009	196538
72700100809	196385
72700101189	196385
72700101899	196501
72700102049	196467
72700102179	196438
72700102339	196325
72700102759	196427
72702121659	203999
72702122489	203996
72709201569	373708
72709240629	373707
72714002229	204512
72714003929	204495
72714004629	204500
72714008269	204513
72714070419	204501
727164318429	362658
72718101379	217952
72718601299	217948
72728003939	178388
72728020059	178374
72728020219	178397
72728025009	178384
72730100039	257042
72730221109	256860
72730222069	256860
72730232129	180605
72730232259	256855
72730232969	256992
72730233089	256909
72730233119	256850
72730252059	256902
72730261259	256859
72730263079	256890
72730263109	257010
72730264069	257013
72730272569	256935
72730273429	256929
72730274099	257044
72730274259	257015
72730276499	257079
72730291119	257060
72730292239	256968
72730293069	256989
72730293229	256921
72730294479	256858
72730312319	257040
72730315129	256898
72730315259	256963
72730344129	256872
72730344259	256965
72730344389	257001
72730344419	257061
72730600249	230247
72730620759	230226
72730620919	230196
72730626409	230255
72730650039	230243
72730660489	230225
72730713499	257085
72730713529	90757
72730716179	256938
72730716339	256919
72730720039	256870
72730720169	257018
72730720299	257009
72730720329	256956
72730720459	256869
72736032549	197489
72736042609	66797
727430002229	194452
727436174029	33678
72745001079	249151
72745001109	249157
72745001659	249249
72745002229	249142
72745002229	249209
72745042249	249218
727452000319	180033
727452000319	180034
727452000609	180022
72745305689	62240
72745545719	249238
72745610219	249221
72745610219	249221
72745803599	249229
72745803779	249232
72745803789	249152
72745804519	249124
72745804519	249125
72745804779	249292
72745804899	249296
72745805899	249128
72745806209	249131
72745806569	249130
72745807039	249260
72745807039	249261
72745815119	249219
72745843709	249200
727517101159	38904
72762012249	90463
72762012379	90470
72769004209	225712
72769005619	225710
72769241079	52951
72769241239	52932
727766001569	204480
727766001569	204480
727766028139	204477
727766028139	204483
727806012289	78000
727839111089	132010
727839126069	132009
727839170239	301671
727839750059	196034
727839862219	212418
727888401049	214439
727908588309	23858
727915115369	232204
727915126549	66769
727915173109	66771
727915195569	232222
727915196719	222985
727915196849	222991
727915198089	245797
727915241099	222980
72796000199	153156
727968390829	160548
72799032159	316768
72799036829	362167
72799038199	316814
72799051259	316780
72799052119	316807
72799052409	362179
72799052829	217146
72799053079	316762
72799055189	362188
72799056209	316772
72799058159	316801
72799059439	211474
72799060749	316773
72799060749	362180
72799060879	211473
72799763589	316766
72799793029	56738
72799931759	316753
72799932589	196043
72799933609	316758
72799935009	362177
728028008739	72370
728028009699	24969
728028017779	72369
728028064469	302288
728028168099	242307
728028210439	54401
728028216639	187837
728028228519	162954
728028244229	247344
728028311259	184376
728028332629	216261
728028343229	17789
728028347869	235608
728028483499	34113
728060107209	289855
728119400039	67795
728119432009	67763
728119472029	67766
728119474399	67776
72820040139	85176
72820142819	180049
72820170119	85153
72820171239	264765
72820275739	85171
72820330889	85184
72820333149	85155
728225034579	213428
728229014799	328542
728229015079	328579
728229015529	328594
728229015819	328536
728229016069	328574
728229016069	328575
728229134589	328585
728229134619	328567
728229140139	328545
728229345619	328581
72827004509	350431
72830000949	334319
72830001069	334300
72830001779	334321
72830002509	334582
72830002769	334544
72830003919	334442
72830004039	334427
72830005029	334524
72830005159	334417
72830005579	334345
72830005609	334534
72830006019	334409
72830008099	334556
72830011259	334422
72830011389	334433
72830011419	334475
72830017039	334549
72830020039	334567
72830020169	334310
72830020299	334469
72830030069	334291
72830032049	334524
72830033039	334334
72830033169	334490
72830033459	334416
72830033589	334573
72830070089	334497
72830070249	334498
72830070379	334394
72830070669	334392
72830075039	334354
72830075169	334340
72830075329	334446
72830081009	334280
72830403139	334431
72830410229	334580
72830440059	334449
72830441339	334457
72830444149	334484
728347000339	48590
728448000689	128948
728448000719	128947
728498000929	330198
728575940629	233467
72859580149	321943
72869120519	358225
72869120649	358201
72869230829	358198
72869230959	358203
72869241009	358188
72869351029	358214
72869401359	358194
72869532299	358215
72869822079	358184
728733004699	230568
728733004729	230589
72878071499	142376
72878097789	142405
72878127349	142370
72878128919	142352
72878275439	142389
72878275729	142415
72878505239	77217
72878505239	78105
72878690669	142393
72878856669	142401
728920160009	181639
728920160979	181660
7290000311289	213877
7290002015499	35710
7290002780649	35715
7290006681249	91084
729009221499	89727
7290100247969	172254
72904000189	211866
72904000219	211870
729228003609	17758
72924201399	107060
72924500249	163547
72928017309	95443
729313460409	4075
729313461109	4081
729313463929	4058
729328005039	108263
72934692279	50509
72934692309	50508
72935013509	25946
72935014629	25945
72940100539	351164
72940100959	269704
72940110019	269812
72940110149	269750
72940111399	269725
72940111429	269736
72940112129	269763
72940113379	269782
72940115649	269702
72940115809	269622
72940119159	269745
72940120049	351155
72940120209	351156
72940122289	351175
72940742029	270059
72940744009	270054
72940747369	344776
72940747499	344763
72940747529	344755
72940750369	344758
72940750659	269641
72940754039	269798
72940755029	269801
72940755999	269800
72940758129	269804
72940760009	280517
72940814009	270055
72940814139	328521
72940819059	328519
72940954989	104805
72940955009	104769
72940990789	60207
72941617609	168216
729430100059	254398
729430124109	254400
729440258269	333648
72945601369	283264
72945601369	283264
72945601499	21277
72945601529	283163
72945601659	283337
72945611429	283224
72945612259	283348
72945612389	283305
72945612419	283169
72945612419	283173
72945612549	283176
72945612839	283174
72945613089	283352
72945690059	283377
72945705449	283368
72945705449	283373
72945715899	283265
72945717039	283308
72945761469	283369
729499	340294
72950001079	302539
72950008979	334943
729630500079	103901
729630500109	103902
729630580019	103904
729630600069	51276
72965103249	254276
72965553839	90195
72965702039	362783
72965751969	4395
72965753239	344975
72965756179	158566
72976138179	265493
72976138209	265494
72979000169	287947
72979000169	287955
72979000619	287971
72979003689	287972
72979003979	287959
72979004969	287968
72989765119	197327
72989766819	197340
72989767519	197347
72989815449	159021
729906119059	64623
729906119509	64618
72992041019	204042
72992041859	204011
72992042009	204009
72992055559	204027
72992070019	204036
72992341799	204019
72992341829	204018
729943200529	108848
729955561069	154987
729955563759	154984
729955564299	77199
729955564299	78073
729955565029	78079
729955567009	77215
729955567009	78084
729955567979	154960
729955568389	154911
729955568389	154911
729955570139	77212
729955570139	78083
729955570429	154976
729955572249	154964
729955572829	154890
729955572829	154892
729955573659	77209
729955573659	78077
729955573789	77196
729955575189	155010
729955575219	132560
729955575349	155006
729955576179	154933
72999248039	219844
72999376039	219808
72999378439	247444
72999420039	219851
72999491039	219814
72999493439	219864
72999493439	247458
72999532039	219835
72999805539	219839
72999941039	219841
72999941039	247449
72999983039	219842
72999983039	247451
73007001219	62670
73007001219	62670
73007001479	62675
73007100509	62634
73007102299	62692
73007102329	62633
73007106839	62667
73007186459	62655
73007289389	62696
730076221039	198311
730127100009	177958
730127100009	177961
730127100139	177965
73015003519	85453
73015101659	85451
73015101819	85453
73015102939	85457
730201006999	89358
730201019739	89348
730201024559	233282
730201028359	89350
73030156009	72353
73030802579	287814
73030803699	222686
73030826629	232691
73030895939	232683
730323060459	41360
730323070489	41361
730323480219	178815
730399041529	37044
73040002099	102207
73042452489	84442
73042452649	84441
73042455039	81060
73042559119	81052
73042581219	81071
73042900119	81070
73046100959	352367
730515821479	23992
730555000209	195159
730555000339	195172
730555001299	195157
730555001329	195152
730669410079	342392
730742112739	7746
730792981149	29
73080114219	194675
73080721899	194677
730908589979	37001
73103200509	82758
731050000749	156038
731050000749	156044
731050001609	156049
731126103169	221482
731138773089	236015
731149111899	13991
731149112919	14006
731149113879	14006
731149338449	13996
731149351479	13976
731149356689	13992
731149356719	14021
731149596559	14015
731149651159	13985
731149653399	14029
731149920569	13980
731205001829	71511
731205022039	238192
731205039099	238185
731205073109	238193
731205076049	238195
731205172079	71498
731205270829	71518
731205353829	71517
731205376729	71502
731205548829	71490
731216103819	28024
731216104069	83820
731216104229	299327
731236334859	335481
73124002069	339265
73124003219	339312
73124004049	339255
73124004599	339334
73124005589	339297
73124008979	339336
73124009099	339333
73124009129	339323
73124018039	339268
73124048159	339270
73124048159	339270
73129972749	307577
73130000769	32430
73130000899	32429
73130000929	239643
73130025809	239646
73130025939	239631
73130733209	239661
73132031129	332708
73132031129	332708
73132031259	332707
73136041599	62722
73136172699	239396
73140021709	234051
73141152969	116179
73141158299	116183
731427527909	137608
731427562559	74599
731427624479	257848
731427922889	74600
731493020809	124405
731493022209	124396
731493030709	124427
731493031409	124431
731493130409	124407
731493131109	124408
731493140019	124395
73150125169	70205
73150652009	70203
731628633119	281129
731701001309	246656
73170121509	235061
73170126009	235036
73170127969	235050
73170129529	235009
73170223449	235006
73170484109	235012
73171003149	111648
73171003699	111657
73171003699	111664
73171004139	111661
73171004139	148602
73171006119	111624
73171007079	148626
73171007109	148624
73171008229	148598
73171027169	111633
73171044739	148613
73171095519	111668
731789031229	10583
731789038099	10596
731789131059	10591
731789430329	10588
73183010609	145480
73183015819	145487
73183023029	145484
731882471809	332988
731941515819	202318
731956077609	216457
731999002019	99017
73202510219	161768
73202892629	161751
73202894579	161782
73202899079	161768
73202899369	161756
73210000139	312873
73210000399	312896
73210001839	312878
73210001969	312890
73210008319	312870
73210009729	312892
73210100099	312891
73210803549	312902
73214001149	211947
73214001279	211948
73214002849	211902
73214003679	211938
73214003709	212009
73214005109	211974
73214005369	211998
73214006069	211971
73214006199	212012
73214006359	211929
73214006489	204455
73214007189	211977
73214007479	158111
73214007509	158109
73214008209	212005
73214008469	212032
73214008599	212010
73214009459	212007
73214009619	212027
732153015739	86472
732153015999	86496
732153015999	86621
732153024939	86514
732153024939	86602
732153025349	86545
732153025349	86586
732153026469	86594
732153028579	86525
732153028579	86618
732153028609	86495
732153028609	86593
732153031739	86596
732153090019	13242
732153107069	86504
732153107199	86504
732153109049	86522
732153112629	86481
732153117129	86581
732153117389	86484
732153117389	86584
732153119239	86601
732153236349	86483
732153261679	86616
732170002859	362522
732170003849	362524
73218310209	74954
73218340329	75001
73218349209	74999
73230000539	66479
73230001239	232792
73230001659	232787
73230008979	66502
73230200939	66485
73230203589	66478
732313000049	66742
732313000179	66736
732313000469	66722
732313001039	66709
732313001299	66730
732313001589	66744
732313001749	66714
732313001909	66697
732313002289	66713
732313122819	66759
732313140219	66735
732313327849	66683
732313474819	66720
732328001109	116299
732328005039	116302
732328007019	116305
73234003079	173000
73234030099	173001
732346587289	332013
73245000029	79153
7324500029	76388
732494000609	111973
732494000739	302786
732494001149	111976
732494001569	302782
732494002009	60347
732494002849	107536
732494003099	111963
732577104149	210508
732577112519	210500
732577172049	220823
732577225479	325377
732577226209	325520
732577461839	210544
732577526569	369374
732577570869	210495
732577570999	210498
732577615089	210496
732577635629	37977
732577708149	210538
73260007249	299113
73260007249	299114
732748017339	25837
732785000059	184162
732869293049	233907
732869930319	107637
732869931149	107654
732869931279	107646
73292306679	195293
73292373169	333356
73292601019	29601
73292782169	29602
73296000429	167985
73296002249	167892
73296002379	168090
73296002409	168094
73296004649	167966
73296005059	168204
73296006049	167988
73296007879	167998
73296008289	167909
73296010879	167886
73296014679	168087
73296015089	168154
73296025699	347773
73296037289	347777
73296041279	347800
73296048469	347802
73296048599	347775
73296048629	347801
73296054439	168102
73296054569	168054
73296057089	167921
73296062649	167980
73296071689	167920
73296074529	168099
73296087659	168077
73296092639	168091
73296099539	167964
73296101089	168137
73296101829	168128
73296109399	168097
73296117639	167878
73296144659	167848
73296153309	168107
73296157789	168147
73296159349	168115
73296166019	168134
73296166309	167893
73296177619	168084
73296193169	168013
73296203509	168057
73296203899	168016
73296211269	168194
73296213249	168036
73296216929	167928
73296219999	168173
73296220469	167907
73296270969	167916
73296271119	168191
73296271409	168124
73296275049	168122
73296284119	168145
73296304459	168039
73296417029	168159
73296685039	168103
73296840049	167982
73299052159	221662
73299120049	24266
73299120209	24267
733142676269	2452
733147110829	60970
733147111109	60953
733147204979	60918
733147205099	60908
733147205129	60965
733147205259	60966
733147205419	63957
733147205549	104083
733147219959	101927
733147224779	21002
733147232439	104071
733147235539	60905
733147239209	60917
733147802779	101907
733147803639	101896
733147803769	101886
733147803899	101987
733147804049	101890
733147880029	101942
733147890769	101952
733147890899	101940
733147891209	101993
733147891629	101971
733147891889	101884
733147892039	101996
733147892459	101974
733147996539	60957
733163001309	124530
73321000059	321815
73321000189	321821
73321000189	321821
73321039769	192374
7332105319	192385
73321078539	192376
73321368449	153520
73321377359	153554
73321725389	321823
73321725419	321829
73321725419	321830
73324000599	22168
73324801509	228927
733286000029	146975
733426014459	32262
733426014459	32269
733426026209	4564
733426026339	32265
73347366009	282802
733549028999	193856
733549029019	193833
733549029149	193860
733549030169	284321
733590341009	269423
733590672769	269427
733590874149	269432
733599025139	184120
73360619359	178720
733636001409	307556
733636330059	307551
733636333029	307550
73364000269	21339
73364001839	21339
73366129319	138558
73366129579	138559
73366207079	270037
73366207109	270031
73366207239	270038
73369060329	212315
73369060459	212357
73369149949	212328
733726805009	258110
733739018809	231070
733739020239	230924
733739020659	230961
733739021229	230973
733739021359	231027
733739021779	231076
733739021809	231071
733739022059	231017
733739022189	231001
733739022219	231002
733739022639	230978
733739042279	231172
733739042439	231031
733739058379	231011
733739062819	230996
733739063069	231004
733739063229	189058
733739063359	231166
733739069429	231021
733739070739	231170
733739071309	230938
733739072719	231085
733755163799	40287
733784124029	211883
733803102779	73582
733815006669	282498
73390002039	7575
73390006679	211431
73390009229	211414
73390009359	7506
73390009519	7552
73390010379	211406
73390010799	7580
73390010829	7554
73390011789	211423
73390012489	211421
73390013349	211441
73390014049	211387
73390014049	211406
73390014599	7581
73390014629	211409
73390014889	211388
73390015039	7539
73390015039	7567
73390020859	211430
73390021009	211441
73390026479	211396
73390162009	107402
73390162009	107403
73390465179	211398
73390611279	7555
73390624149	7501
73391000249	190367
73391015519	190355
733913009869	74641
733913010179	74640
733995901129	370896
734020410609	66578
734020600109	66591
734020610139	66585
73402112459	64897
73402115009	64872
73402229409	22681
73402345109	64896
734027902039	115598
734027903579	331348
734027904019	331353
734027904019	331353
734027904149	331350
734027920019	331346
734027995109	331344
73405101429	25286
73405102419	25278
73405102709	25316
73405102969	25314
73405103089	25280
73405200399	25307
734066003209	313349
73406710149	323718
73410003459	42674
73410013519	42692
73410025369	239605
73410025659	42683
73410026199	239684
73410026359	239655
73410028049	42715
73410134139	16297
73410135549	16261
73410138359	16263
73410162989	16335
73410163009	16349
73410955529	16259
73410955659	239691
73410955789	16302
73410955819	16264
73410956199	42716
73410956229	239703
73410956359	16324
73410956489	239632
73410956779	16342
73410956939	239627
73410957059	239664
73410957189	16346
73410957219	239702
73410957349	239701
73410957479	239662
73410957899	239663
73416000179	192782
73416000209	192828
73416000469	192720
73416000469	192775
73416003149	192803
73416003309	192833
73416003309	192833
73416006409	192807
73416020139	192715
73416040229	192733
73416197619	192723
73416197749	192799
73416197749	192838
73416305069	192867
73416510609	192717
73416510609	192840
73416511309	192672
73416520509	192674
73416523609	192860
73416527409	192690
73416533509	192824
73416538009	192855
73416555709	192873
73416557109	192865
73416558809	192822
73416563209	192751
73416577909	192831
73416870109	192746
73420000059	69832
73420116149	69829
73420531249	69824
7342549	69829
73430446069	373324
73430446199	373358
73430446229	373352
73430446359	373334
73430446489	373358
73430446779	373316
73430446809	373351
73430501249	373320
73430778139	373316
73435000129	170211
73435050209	170191
73436440139	289818
73436648399	287899
73438005039	232356
73438005169	232356
73446000019	274212
734492132009	62719
734492497979	62720
734492701359	215316
734492701359	215320
734492710009	215319
73461000049	21964
73461021099	21972
73461021099	21973
73461285019	21940
73461371439	21971
73461905009	21952
73461965089	21971
73469301339	371005
73469304309	371015
73472001189	99239
73472001639	99246
73472001769	99224
73472002599	99251
73472002629	99259
734730363349	364895
734756000099	317820
734756000129	79837
734756008439	317776
734756010029	317783
734756010609	317778
734756010869	317800
734781101259	334072
734781103369	334073
734791304909	274567
73480000389	49106
73480910039	49108
734829001879	248206
73484133779	148367
73484171009	148368
73484194039	148374
73484194039	148399
734845166989	225656
734845173369	53173
73484600059	148362
73484600349	148371
73484900029	148361
734865102059	155129
734865102219	155128
734865102349	155126
734865106149	155114
734878007709	124743
734878022849	124749
734878027059	124746
73490123559	164557
73490123559	164558
73490123849	164562
73490128509	164584
73490129339	164603
73490132599	371294
73490133039	164592
73490159039	24483
73490159039	24490
73490180019	3789
73490180439	3773
73491001009	173732
73491081209	173732
73491081209	173733
73491083029	173733
73491105059	226235
73491580009	173720
73491580009	173720
73497004899	194044
73497005179	194048
73497005209	194045
73497005599	194027
73497005889	194033
73497006039	194035
73497006299	194054
73497006329	194028
73497006589	256119
73497006589	261204
73497006749	194067
73497006879	194026
73497006909	51577
73497163459	194048
73497163459	194058
73497391999	194027
735006000319	307367
735037030019	267866
735037073009	267870
735039717079	48146
73504030019	142527
73504100309	142455
73504220229	195755
73504500109	264624
73504931019	332482
73508000759	35773
73508001039	124225
73508001459	139402
73508757769	139394
73508757899	139405
73508757929	139397
73510001959	315341
73510001959	315348
73510002499	315357
73510002499	315359
73510800149	315331
735143004119	64290
735178000339	184126
735199191009	278314
735257013229	74889
735375606259	341392
735407612029	324679
73541305279	102936
73541311089	103014
73541334279	25861
73541337249	103001
73541707479	102984
73541711759	102978
73541742739	102935
73541742739	102965
73541820239	275366
73541820239	275367
73541821229	25863
73562045109	229411
73563006079	24153
73563006369	220490
73563008639	24182
73563009049	24328
73563009469	24178
73563011349	341438
73563016269	24141
73563016719	24145
73563016719	24145
73563017099	24145
73563041179	247082
73563056029	308200
73563067179	373911
73563073019	158481
73563082769	24134
73567000059	351058
73570000329	141993
73570130019	142005
73570600239	142011
73575220029	214943
73575221019	214965
73575221019	214965
73575391019	214957
73575702129	214947
73575970399	214954
73581000219	144963
735836333519	228614
735836770079	160490
735836770109	160485
735995090209	216473
736040539629	242519
736072102129	18879
73608031349	172226
73608033749	172231
73608035569	172222
73608057509	172240
73608080309	172235
73621001329	250211
73621008199	250189
73621008809	250188
73621012059	76666
73621012219	250188
73621015159	250188
73621018099	250252
73621021259	250239
73621021259	250240
73621031449	250223
73621032439	250224
73621091009	250189
73621096059	250244
73621097179	250191
736211000019	329017
736211075239	344110
73621121409	250188
736211303059	48941
736211341679	116538
736211595089	145315
736211701879	74213
736211707789	372374
736211721679	267619
736211736079	78739
736211860019	217796
736211871299	256218
736211877499	79812
736211953339	74434
736211971999	245580
73621342149	250189
73621428539	250207
73621733329	250255
73621761179	247068
73621765689	250238
736237003049	145008
736237003889	145007
73629011139	16377
73630015119	246770
736385813859	115418
736393101009	116419
736393104239	116425
736393206339	116396
736393501069	116435
736393502189	116432
736393502189	116443
736393510559	116383
736436200379	73094
736436200539	70284
736436200959	70315
736436201079	70284
736436201109	70301
736436203219	70280
736436203219	70290
736436203349	70335
736436303469	70321
736436303599	70273
736436509069	70299
736436518139	70342
736436518139	346685
736436520729	70302
736436521399	70275
736436521429	70270
736436852509	70286
736436853469	70327
736436854909	73096
736436903119	73101
736490005149	63533
736490006269	257287
736490841099	257093
736490842539	257097
736490990919	2756
736490991039	2760
73651116239	198511
73651116529	198510
73651117069	198501
73651117489	198518
73651128119	182795
73651214089	198521
73651214409	198463
73651340009	198473
73651612229	198457
73651613059	198462
73652000049	330391
736547053239	276096
736547329259	276135
736547566579	276139
736547566739	276142
736613120209	24523
736613630029	24522
736613740629	215529
736613740889	215528
736613750369	4798
736613750499	4801
736622000059	71045
73662200439	67695
736622103859	71048
73664008439	188710
73664009559	188711
73668000439	360939
736732801119	217693
73675029539	49967
73675035059	49970
73675261199	49963
73675263629	49963
736798902669	256765
736798904489	119633
736846006639	303652
736846969279	223200
736921100139	226773
736924182859	210235
736924217889	311122
736924507089	210226
737094207069	331073
737094209919	331140
737094210489	331114
737094210519	331059
737094210779	331192
737094211219	331074
737094211349	331149
737094211509	330914
737094212339	321403
737094215279	331280
737094215309	330894
737094215699	331005
737094215859	331216
737094217129	331096
737094217419	331187
737094218089	330956
737094218119	330979
737094218249	331242
737094218379	331094
737094218539	331048
737094218829	330946
737094219369	330904
737094219499	331085
737094219529	331105
737094219819	331046
737094219949	331166
737094220099	331158
737094220129	331272
737094220419	331131
737094220839	331141
737094220969	331198
737094221089	331277
737094221249	331195
737094221799	331062
737094223229	331122
737094227029	330927
73711122019	312639
73711388989	312635
73711415579	312636
73711510359	312627
73718000099	198449
73718000099	198449
737208004119	366755
737208510849	366762
737212458649	69762
73723600529	94464
73723700939	94440
73723999609	94434
737278143749	311417
73731001189	214640
73731001189	214665
73731001219	214621
73731001219	214665
73731002919	214565
73731002919	214565
73731004159	214562
73731004159	214618
73731009789	214570
73731067109	214651
73731070079	214579
73731071199	214532
73731071229	214572
73731071519	214631
73731071519	214637
73731081099	214648
73731082089	214603
73731083109	214554
73731200049	214631
73731430019	214673
73731990179	105873
737349008359	24073
737349008809	24069
737379664129	50028
737384001049	71452
737384004019	71447
737384021849	71459
737410004389	20260
737410004549	20177
737410005959	20229
737410008349	20167
737410008899	20140
737410015989	20112
737410016689	20087
737410022659	20090
737410022819	20091
737410025759	20399
737410029139	20264
737410036939	20106
737410041049	20095
737410066769	20390
737410066929	20382
737410067179	20353
737410067339	20374
737410067469	20396
737410072029	20122
737410072159	20119
737410074429	20172
737410120409	20300
737410121109	20098
737410138909	20100
737410155609	20424
737410156309	20423
737410171609	20271
737410180809	20243
737410192109	20163
737410200309	20066
737410216409	20296
737410261409	20313
737410328409	20136
737410335209	20344
737410412009	20277
737410425009	20231
737410501109	20052
737410912509	20377
737410959009	20036
73744038639	219613
73744038639	219613
73744096479	219626
73744623019	219609
737483800239	17270
737534352359	179246
737539190499	318746
737539196019	318732
737550020249	269844
737550030019	269838
737550040049	269839
737550900039	118001
737552870439	22752
737611000449	3763
737628005109	329384
737628010769	329392
737628010899	329387
737628010929	329406
737628065509	300598
737628086009	300610
737666004249	288652
737666030859	288648
737666033249	288643
737666051519	288645
737666091829	288650
73773096549	339352
73773121449	339350
73773121449	339350
73773546099	339349
737741006069	186774
737802000029	24585
737880001659	116572
73800000129	93883
73800000549	93809
73800001089	93876
73800001119	93885
73800001249	93837
73800002949	93843
73800003069	75729
73800007029	93879
73800008569	93877
73800008859	93815
73800009009	93834
73800009559	93810
73800010289	93859
73800010319	93844
73800010449	93833
738004000749	20704
738055668189	333784
738203110119	47203
738203121009	47201
738248000079	317707
738248000109	317708
738248000239	317717
738248000499	317714
73825120529	91089
73825120789	91099
73825120819	91090
73825126019	91094
73825600229	91093
738337056369	215873
738435103019	221432
738435184919	343497
738435444969	263876
738464975229	48556
73848000549	290602
73848002239	290614
73848004929	284645
73848300649	284661
73848825289	284647
73848825449	284658
73849260249	281139
738529000309	273214
738545080019	243417
73861120019	253561
738631002499	10779
73866008039	169906
73866070319	169792
73866070579	169976
73866102379	169848
73866103949	169810
73866104779	169898
73866105189	170013
73866105349	170048
73866106179	169833
73866106469	169955
73866106599	169964
73866106629	169987
73866106759	170049
73866107879	169974
73866107909	169956
73866200549	169918
73866200839	169856
73866201089	170078
73866201249	169811
73866201409	169893
73866201669	169916
73866400369	170281
73866401069	169952
73866402769	169973
73866402929	170039
73866403049	169901
73866403179	169862
73866500229	169928
73866560629	170089
73866561459	170030
73866571199	170094
73866573049	169920
73866573209	169803
738676997859	79635
73872746109	16749
73872746239	16740
738761200109	225650
738824026509	108245
738824062439	108209
738824102609	108240
738824813109	108241
7388339	93831
73890001129	318091
73890012279	318100
73890020229	318116
73890020649	318126
73890042429	318093
73890057829	318094
73890074789	318076
73890080339	318085
738912022369	38495
738912022499	38517
738912022529	38482
738912022659	38509
738960197729	327863
738960200269	327849
738960241279	327860
738960242139	327871
738960250219	327888
738960262359	327845
738960311439	327892
738985220709	25095
738985271459	25109
73899530309	371029
73899552509	371029
739034143109	8976
739063040509	299283
739142600129	220033
739148100029	232525
739148101439	232512
739181000089	284405
739223001579	231512
739223006239	231509
739223006659	231499
739263120049	252167
739276000499	326439
739276001359	311472
73934152459	238158
73934152879	238157
73934154309	259077
73934154439	238166
73934157379	259079
73934158659	238170
73935604469	196655
73935942349	196652
739360543789	33387
739446401019	155812
739446402269	122824
739446402849	155816
739446402849	155821
739446402979	155831
73945000459	189958
739510003989	306451
739510130029	306461
73970311049	79277
739748072139	258088
73981338189	213261
73981338219	213264
73981340649	197069
73981349529	197079
739907002069	245056
73992001119	7399
73992001119	7400
73994005009	132606
739944010119	181881
74013003099	210447
74013005109	210451
74013005369	210453
740142512039	333565
740247017569	355025
74026000269	189936
74026002539	189943
74026405019	189890
74026520019	304192
74026551099	189895
74026800029	189923
74026808049	189915
74026999549	181701
74027000589	254877
74027001289	254845
74027001739	220164
74027001999	220138
74027009209	220107
74027061009	220154
74027064079	254871
74027073019	220143
74027076119	220105
74027077109	220141
74027077369	213475
74027077529	254891
74027085029	220123
74027096049	254843
74027270289	220102
74027277769	220104
74027502359	220180
74030005779	108229
74030005779	108236
74030065469	108204
74030066329	108242
74030081919	108187
74030081919	108187
74030642509	108244
74030653109	108237
74030654359	108235
740312101049	172170
740312103029	172133
740312103029	172133
740312104019	172138
740312107409	172151
740312107409	172172
740312210109	172107
740312210109	172110
740312218709	172109
740319	339709
740449	340644
740500962209	91990
740500974509	92003
740695700259	242941
740869	341039
740881212139	343371
74090916459	61616
7411000343449	223356
7411204803749	324663
74117000949	161827
74117003629	161831
74117051019	161839
74117051019	161839
74117882019	161826
741360408319	56192
741360608429	85582
741360849839	203337
741439	340899
741459295059	351646
741459529529	145857
741459894139	246988
741459894269	329537
741498331169	370893
741498368059	321012
741563536949	53584
741563700319	86488
741586090329	71303
74162441049	203122
74162666619	203118
741643005679	284100
741643005709	191473
74164300819	191360
741643008359	191363
741643009189	191474
741643010109	191529
741643010529	190995
74164301069	191366
741643011199	191268
741643011519	191036
741643020559	191533
741643021099	191485
741643021129	191489
741643021259	191510
741643021549	191259
741643022089	191149
741643023079	191095
741643023109	191082
741643030299	191374
741643030329	191271
741643030589	191490
741643032309	191184
741643033009	191291
741643033559	191111
741643034679	191232
741643035539	191152
741643035669	191073
741643036079	191189
74164303609	191040
741643036109	191253
741643037359	190983
741643037489	191219
741643037649	191488
741643037809	190996
741643038189	191382
741643038349	191527
741643038639	191244
741643038899	191147
741643038929	191338
74164303909	191262
741643039179	211472
741643039209	18959
741643041059	191199
741643041219	191155
741643042179	191310
741643042919	191282
741643043459	191031
741643043589	191346
741643043909	190996
741643044609	191293
741643045989	191179
741643046009	191538
741643046559	191214
741643046689	191273
741643046719	191331
741643046849	191193
741643046979	191014
741643047099	191259
741643047389	191081
741643047549	191531
741643047679	191523
741643047969	191212
741643048119	191514
741643050099	191162
741643051799	191502
741643052109	191438
741643052499	191479
741643052659	331889
741643052789	191434
741643053779	191059
741643053809	191297
741643053939	144148
741643054349	190976
741643054639	191047
741643054899	191461
741643450189	191415
74164345019	191198
741643450509	191521
74175000929	313798
74175001049	313976
74175001209	313969
74175001599	314226
74175002329	313841
74175002879	313971
74175002909	313974
74175003289	313936
74175003319	313938
74175003449	314607
74175003579	314163
74175003869	313914
74175004279	314387
74175004439	313330
74175004569	313997
74175004729	314552
74175004859	314122
74175004989	314617
74175005009	314190
74175005559	313925
74175006709	314197
74175007409	314704
74175008239	313803
74175009199	314930
74175009229	314151
74175015169	314746
74175016579	313923
74175016609	313861
74175016739	313890
74175017309	314392
74175017989	314701
74175018009	314773
74175018139	314839
74175018979	314903
74175019419	313981
74175020309	314119
74175020569	314081
74175020699	314077
74175020729	314071
74175025069	139455
74175030049	314824
74175030179	314920
74175030209	314923
74175030339	314840
74175030469	314925
74175033859	314018
74175033989	314621
74175036119	314793
74175040079	314160
74175042219	314856
74175043339	314400
74175112219	314214
74175112349	314546
74175113209	314354
74175131289	314860
74175163259	314575
74175163549	313807
74175165369	314519
74175165529	313965
74175168049	314790
74175227739	314259
74175227869	313836
74175228149	314307
74175264079	314208
74175264109	314721
74175264239	314209
74175301309	314015
74175301439	314191
74175301729	314193
74175302429	313856
74175303259	314203
74175303389	313870
74175315009	314432
74175316709	313833
74175316969	314270
74175333379	314127
74175345389	314508
74175403539	314128
74175406639	314230
74175411879	314752
74175412739	314093
74175412869	314091
74175440169	314656
74175441029	314590
74175442569	313945
74175443009	314379
74175445119	313887
74175445539	313814
74175446239	314495
74175446819	314329
74175463779	314755
74175463809	314271
74175463939	314215
74175464219	314494
74175464349	313903
74175464479	314391
74175464509	314475
74175464639	314319
74175464769	314828
74175465049	314857
74175465339	314805
74175483159	314341
74175499969	314844
74175501259	313901
74175501549	314196
74175501709	314484
74175502249	314573
74175504809	314535
74175505059	314152
74175505189	314406
74175505219	314106
74175505349	313896
74175505769	314414
74175505899	314536
74175506179	314324
74175509279	314233
74175531799	314139
74175533069	313848
74175586829	58960
74175596019	314941
74175596309	314873
74175597009	58965
74175597559	58961
74175611149	314540
74175611279	314292
74175611309	314291
74175611569	314664
74175681609	314421
74175682019	314210
74175700829	314783
74175700959	314802
74175723309	314082
74175815059	314206
74175820169	314235
74175831929	314489
74175850319	314331
74175851019	314022
74175854799	314057
74175854829	314046
74175934309	314800
74175934699	314466
74175935009	314579
74175936099	314301
74175936129	314273
741859	340843
741890123959	181682
74203997269	20434
7421206000039	77396
742158147199	229549
742158788149	229548
742158789399	229560
742287002499	194091
742287003069	194084
742287005179	194088
742287300229	33979
742287606819	182238
742287700739	194080
74234815129	282691
74234831129	282690
74234925149	282672
74234971139	282692
742365003189	147108
742365003189	147205
742365004209	147092
742365004209	147146
742365004339	239043
742365004629	147064
742365004759	147180
742365005169	147096
742365005619	147183
742365006029	147176
742365006739	147182
742365007019	147119
742365007149	147151
742365024399	147163
742365132209	147187
742365228209	147157
742365232459	147185
742365232909	147170
742365264009	147085
742365264559	147167
742365264979	147095
742365316609	147137
742365316609	147137
742365606359	147155
742365606359	147181
742392000069	50054
742392000359	50047
742392100059	50085
742392702949	50039
742392703069	50040
742392930359	50065
742392940419	50053
742392950869	50072
74249274119	342791
74249546179	342781
74261170109	353293
74261182119	353298
74261201209	353296
74261282109	353294
74265000839	372768
74265002079	373747
74265003779	365546
74265003809	373749
74265010029	365544
74265010869	373743
74265011569	373759
74265014249	365552
74265018049	373725
74265023159	373754
742676234029	332691
742676234289	332690
742676831549	332694
742753316099	246594
742753316419	333748
742753327019	333726
742753342029	333729
742753346119	333723
742753346669	333761
742753346959	333765
742753347499	246599
742753347529	246587
742812310129	184064
742812330189	184109
742893000049	74122
742893000049	74123
742906105679	229400
742906410049	41388
74291000339	351055
742955011129	81589
742987121759	10263
742987124149	10285
743002718039	305747
743002760229	154476
74301006009	23176
74305050169	39615
74310200849	198432
74310200979	198419
74312672989	223807
74317000329	89789
74317003429	89797
74317005669	89805
74317011349	89794
743209181209	118408
74323010619	32391
74323046199	64259
74323078879	272812
74323081299	32392
74323091199	32365
74323091229	32424
74323091649	32371
74323091809	32450
74323094169	198356
74323094619	32417
74323095159	198387
743234001589	160329
74323731019	32364
74323736229	198359
74323736519	198349
74323736519	198350
74326000129	19109
74329123399	233631
74329300059	284232
74329300219	284228
74331904009	308323
74331904689	291111
74331906669	288288
74333371939	16501
74333374909	16525
74333374909	16525
74333471349	16510
74333474289	16562
74333474289	16562
74333474319	16560
74333474319	16571
74333476269	16533
74333476269	16565
74333476849	16516
74333476849	16516
74333683339	16498
74333684299	16535
74333684329	16530
74333684329	16530
74333685159	16528
74336650819	148678
74338007529	280375
743434007879	187453
743504958599	299066
743659128069	260937
743709000819	272766
743779208979	327783
743779209259	327767
743779250459	327780
743779431599	327796
743779431759	327787
74390000049	59751
74390001299	79466
74390001909	59746
743958002169	64311
743996197629	193887
74401112419	272429
74401310419	272393
74401310419	272396
74401330639	272402
74401521259	269122
74401734239	272435
74401734239	272435
74401930419	272395
74401930419	272406
744042000399	49212
74410040659	220694
74410050429	56039
74410059569	214496
7441007500279	8539
74410130619	291451
74410161729	291489
74410164669	291481
74410250119	291424
74410250249	291424
74410275129	107752
74410381059	214497
74410580339	291469
74410658809	210116
74410700829	19239
74410727949	111948
74410875909	299270
74410977139	229104
7441122300259	272143
744160200459	22893
744160230029	22887
744335610069	247216
744335610229	247220
744335610359	247214
744335611349	302868
744379	341142
74445005289	156213
744463000169	253525
744473000159	306854
744473000289	306760
744473000289	306760
744473000319	306674
744473000319	306916
744473000319	306918
744473000869	306892
744473001019	306677
744473001019	306916
744473001149	306809
744473470259	306755
744473474219	306774
744473477159	306651
744473490219	306757
744473899999	306707
744473899999	306810
744473899999	306810
744473909049	306921
744473912049	306922
744473912209	306739
744473912339	306772
744473914029	306906
744473941049	306801
744473941049	306801
744473941209	306654
744473941209	306849
744473945009	306794
74453006629	135209
74453009019	324520
744548112619	108045
74465351519	82818
74465351519	82819
74471015009	44806
74471018949	46215
744738102079	24829
74483902939	365273
745042000709	277960
745042124849	278027
745042525059	82786
745042525189	82787
745042525219	82788
745042600039	278014
745056333329	352803
7451099004159	203973
74524625049	235079
74526704469	125336
74526705909	125334
74526709259	320523
745329000309	19106
745329826909	19106
74534247019	43556
74534756429	43564
74534842009	43560
74534868009	307463
74534941009	107112
745367363329	325383
745367366559	325380
745367367259	325344
745367372819	325422
745367387509	43552
745367405999	150053
74545101089	371117
745466222169	317431
745471710569	341961
745527113429	43581
745527114709	60229
745527330079	370018
74555038009	178270
74555038269	178291
74555038849	178271
74555046189	178286
74555047049	178304
74555047889	196728
74555048329	178098
74555048589	178269
74555049159	178313
74555049579	178282
74555079149	178302
74562002109	45728
74562005339	267596
74562011019	45764
74562014379	45739
74562014379	45740
74562062059	45766
74562150039	45753
74562245209	45752
74562500049	45738
745658152359	320880
74566131409	11762
74570044009	131448
74570114009	131335
74570186709	131416
74570251179	131376
745703000079	227730
745703000529	60807
745703057509	60801
74570306749	131349
74570395729	131430
74570395729	131706
74570549849	131422
74570586769	131342
74570591879	131346
74570650309	131483
74570651559	131409
74570651689	131336
74570905669	131384
74570976089	131703
74574109049	57401
745789	339754
74584062129	185142
74584062129	185143
74584702049	185207
745998206279	86721
745998206309	86719
745998244059	86715
745998903109	86707
745998990239	86702
74601024499	238263
74601162429	38403
74601166199	141944
74609000099	164524
74609054399	164492
74609072379	164508
74609072409	164530
74609093039	164526
74609093329	164511
746143002029	33703
746143002159	33714
746143007239	33713
746143400849	33709
74615723869	164894
746160920719	93983
746167690509	325698
746167810129	325681
746167810259	325716
746167820029	325693
746167820289	325685
746167830219	325689
746167830219	325700
746395002839	106674
746395002839	106677
7464088412019	80513
74641002129	305310
74641002259	265308
74641002969	305118
74641003799	64780
74641003829	64764
74641004079	64773
74641006189	64783
74641030429	309005
74641052599	64747
74641052629	305114
74641070029	305109
74641072979	105247
74641073099	64782
74641073129	64793
74641082299	64762
74641328359	305312
74653367209	157192
74653703359	157174
746590010059	18886
746590010189	18893
746646303159	117222
746646303739	117206
746646709029	117208
74665277909	12045
74665277909	12058
746742008019	33620
746742290339	33631
746742290759	33653
746742290889	33658
746742290919	33669
746742400189	354009
746742400349	354011
746742900559	158490
746774050109	26009
74677842119	365088
746792001039	274147
74680003729	369008
74680008519	369002
74680889019	78705
74682103649	279844
74682105339	279946
74682107319	279925
74682107869	279840
74682113679	279941
74682118339	279830
74682140019	279843
74682140019	279939
74682200379	279867
74682200669	279865
74682203189	279947
74682484519	279945
74682869729	172660
74683004839	196907
74683005539	350202
74683005959	302678
74683008059	196889
74683008059	196941
74683097039	85362
74683097039	85362
74683097909	85346
74683099989	85375
74699010039	344904
74699031089	344906
74703011229	227119
74703530119	227107
74703601239	227117
74706000619	362282
74706040059	362289
74714084229	218089
74714084229	218093
747189	340397
74734019379	91168
74734019539	91168
74734088269	307265
74734088429	307259
74734102279	91182
74734114449	91143
74734129399	91167
74734130999	91118
74734132429	91141
74734156449	91165
74734165359	91180
74734171169	234002
74734174269	247135
74734189539	91115
74734239739	247129
74734361539	247128
74734370289	247127
74734503779	91161
74734560819	91159
74734684119	91126
74734868359	247139
747366512029	160017
747479	340034
747479000079	267758
747479001069	267780
747479100069	267756
747479300049	267760
747479300179	267744
747479300209	267742
747479400039	267781
747479400169	267788
747599308949	112109
747599313059	112227
747599314889	112164
747599314919	112221
747599315039	112113
747599316739	112087
747599318849	112372
747599319129	112171
747599321139	112094
747599321269	112268
747599321429	112290
747599322259	112321
747599322709	112026
747599323669	112132
747599323829	112337
747599324949	112368
747599325359	112386
747599400179	112341
747599401589	112142
747599401619	112401
747599402449	112248
747599402579	112202
747599403019	112363
747599406379	112245
747599406829	112208
747599408229	112285
747599408359	112149
747599409059	112099
747599411069	112240
747599411359	112167
747599412059	112071
747599414169	112031
747599414589	112108
747599414879	112145
747599419799	112140
747599421969	112131
747599422669	112091
747599423109	112240
747599424779	112027
747599425189	112074
747599601149	112356
747599607219	112108
747599611759	112122
747599612749	112005
747599615269	112082
747599616839	112025
747599624599	112278
747599700569	112377
747634701339	143140
74766300209	229893
74780000079	249774
74780221719	195205
74780336499	249765
74780377669	249749
74780377669	249749
747804010629	171615
747804019059	171616
74780446259	249772
74780446389	249743
74780446709	249778
74780446709	249778
74780446839	249742
74780447089	249780
74780466219	195207
74780711289	249734
74780711289	249761
74780711289	249761
74780733229	249768
74780750639	249752
74780777339	249761
7478749	249774
748023190079	60489
74806000489	69704
74806000519	69699
74806004579	149413
74806188309	69479
74807096399	363050
74807133629	363013
74807140009	363054
74807174479	363073
74807187189	362987
74807256809	363030
74807352389	363033
74807418399	363010
748159107309	341509
748159404439	341513
748159416609	341492
748162111799	302378
748162111959	302382
74822200009	65645
748229920029	118020
748229990039	229882
74823000219	172692
74823900229	163818
748252101969	219784
748252203939	89682
748252205339	89688
748252206039	82247
748252390219	328516
748252399229	338877
748252519009	249356
748252549419	86153
748252561749	328528
748252621719	184002
748252821829	189596
748252891549	215448
748252908339	54648
748252962409	307297
74826057609	68766
74826093119	214007
74826259119	213986
74826329119	213948
74826329119	213949
74826332119	213952
74826332119	213994
74826390119	213951
74826460119	213956
74826462069	213996
74826604049	213977
74826686069	213981
74826783119	213975
74826805019	213960
748276043689	62578
748276567949	10973
748386792019	305948
748386792149	305950
748386792859	305944
748386792989	305954
748404258909	288596
748404420269	288590
748404420429	288624
748404420559	288601
748404420849	288612
748485102979	2732
748485103389	52821
748485780139	65164
748528767479	41465
748528767929	41458
74854356859	65310
74854357139	260500
74854357139	260506
74854374969	333544
74854375539	177420
74854376079	65293
74854377809	333542
748568909129	183562
748631107049	247048
74865018029	324064
74865161619	324071
748703011069	118998
748703011359	118971
748703011489	118990
748703011649	119009
748703012349	118991
748703018709	118968
748703070059	118965
748703070219	119000
748703280359	230138
748703306059	118986
748703308879	119012
748729122169	86666
74873000139	362602
74873100129	362603
74873163209	362230
748734104129	233884
74873960259	362249
748753137719	62613
748753144489	62616
748753178729	62621
748753179719	62620
748753666639	62610
748757000019	76451
748757000149	75084
74880035469	284455
74880040609	284468
74880057379	284457
74880070019	318711
74880070149	318706
74880070309	318710
74880201949	318707
748829047959	45264
74890001959	115426
74892100209	326474
74892400309	131889
748924520579	162731
748924608819	162718
74892500009	326475
748927024289	235626
748927028669	237944
748927060249	235631
748927060959	237939
748927061079	237933
748927066609	237973
748927958379	235632
748948122179	43547
74899000069	156209
74904201719	56208
74904202129	56197
74908360139	73114
74908360269	178843
749084004589	76261
749084004589	76265
749084011129	156026
749289000119	344160
74931100139	212591
74931110169	212589
74931120069	212575
74931130099	212587
74931160089	212577
74931400079	212588
74936020319	132472
74947968099	303085
74947968129	307582
749512223919	180930
749512486659	153101
749512771069	153099
74952120239	279775
749531978869	274532
749531979279	274536
74956182639	140635
74956182639	140641
74956184619	140635
74956202009	140630
74958002249	45716
74958003949	45713
749619	339558
74964007009	8820
74964065429	8822
749650451069	49579
749666826929	259540
749668040019	102749
749668050049	102735
749668220459	102740
749668260509	102748
749826000039	263534
749826000169	263513
749826000589	263472
749826001609	263531
749826002309	263521
749826004679	263556
749826126449	263540
749826138039	263480
749826138879	263486
749826306759	263490
749826520889	263526
749826520919	263552
749826579559	263516
749826592589	263542
749826650029	263504
749826750729	263466
749826763309	263461
749826763309	263515
749826803739	263563
75002052449	189320
75002100249	189320
75002201519	272241
75002204329	189331
75002300489	189301
75002340249	189315
75002410249	189320
75002410409	189325
75002515159	189308
75002515159	189320
75002620129	189329
75002717249	189334
75002921899	189330
75002927679	189319
7500326919589	371658
75004002169	41038
75004699	61104
750049000409	21081
750049001499	21061
750049101069	21083
750049180309	21065
750049567179	21091
750049574009	21065
750049575679	21055
750049575709	21072
750049577109	21054
750049649479	21068
750059	340839
7501059273269	77405
750109620189	322272
750109620219	322274
750114345589	183528
75013260529	174752
750181775739	179833
7502212930029	18850
7502233112879	118224
7502264930589	56839
7502264930619	56842
7503000080209	84369
7503001551029	179755
7503006700019	179753
7503007833709	78060
7503012175399	198280
7503012175849	198274
750301324809	193768
7503018304359	168940
7503019404829	250869
750307991029	94695
750363616539	260526
750363616669	260520
750369041519	78407
750388302059	362252
750388302189	362251
750397900819	17938
75044006189	269316
75044080219	269293
750448909129	195224
75044986009	269299
75049001769	247476
75049003039	28884
75049003589	247477
7504900359	247472
75049003619	247469
75050006289	148506
75055001029	8436
75062001029	23471
75062001159	23502
75062004389	23519
75062009049	23481
75062260259	23480
75062327709	22932
75062502519	23518
7506302800049	181240
75069160019	41213
75069230149	81150
75069230569	81150
75070104439	247257
75076100039	343989
75076100169	343986
75076200029	343990
750894610259	372492
750903111869	272614
75090880719	4022
75090888029	180077
75090904699	4025
75094002339	367382
75094003169	367380
75094080429	10319
75094082379	10309
751059900079	154450
751059900239	24449
75119133079	85743
75119140619	85751
75119141319	85735
751217970029	52843
75127004019	51236
75130313009	174548
75130535029	174551
75130535319	174543
75144001039	197242
751570913329	68142
751570913459	68011
75172079369	245121
75172079659	245123
751728021999	282719
751728032629	282718
75181001139	218384
75185000039	202806
75186014059	323580
75186018309	323493
75186153369	372700
75186182499	372691
75186189009	372706
751884911479	60368
751884911509	60368
75192001159	276062
75192006819	276045
75192300139	276046
75199000339	47236
75199000339	47236
75199001329	47243
75199001909	47234
75199001909	47235
75199010659	47233
75199017269	47224
75199019409	191544
75199062429	47220
75200300199	59925
75200300359	60599
75201007059	65080
75209827239	204593
75209827369	204598
75226717179	196223
75226818609	273300
752385000679	217777
75239100029	137896
752412219999	189671
752423299669	229646
752423657469	247961
752423657469	247962
75243101029	204374
75243101159	204381
75243104129	204377
75243207059	204352
75243208889	204351
75243234079	204367
75243235069	204364
752451650159	238351
752451822679	238354
752451822709	238356
752482114149	22763
75250003699	217134
75251666749	89303
752545009269	90483
752616530609	142518
75270410439	217636
75270443499	217637
752716134509	352036
75278014059	101786
75278014189	101727
75278014509	101751
75278042649	101773
75278079119	101748
75278155349	101754
75278157169	101802
75278909799	101735
75278909829	101755
75278935729	101823
75278935729	101824
75278949979	101758
75278951859	101738
75278994979	101736
75278995549	101695
75278996669	101712
75278997369	101810
752794040549	80555
752830028289	122511
752830076389	363251
752830077089	363256
752830080089	364584
752830210479	8681
752830336759	122945
752830514669	124781
752830665699	149574
752830877979	299479
752830929449	47000
752830967359	217738
752907603869	230297
752907606969	230499
75295001339	56213
753169000069	351650
753181200089	17153
753182272979	156426
753182272979	156429
753214700739	262882
753214741589	262891
753393253019	35509
753393722089	232733
753463101059	187815
753469000059	162682
753469000769	71167
753469000899	71166
753469090029	71149
753519458489	154807
753519468419	313551
753519469249	59902
753519469409	154782
753519469539	154770
753519469959	60318
753519470009	60567
753519470139	154815
753519470559	154775
753519470849	139481
753519471099	139476
753519471549	154787
753519472539	122395
753519473819	254035
753519473949	154779
753519900049	321984
753519900339	321981
75355111459	234892
75355111589	234833
75355111619	234826
75355111749	234875
75355112159	234781
75355112289	234876
75355112449	234775
75355112609	234763
75355112739	234834
75355112869	234798
75355112999	234823
75355113699	234840
75355115129	234787
75355115419	234792
753611006069	229318
753633200209	284512
753633200209	284513
753633304259	284534
75365001399	237133
75365001399	237140
75365060259	237144
75365064509	237132
75365177599	237147
753656708799	333227
753656709529	333153
753656710419	333226
753656710969	333196
753656711409	333247
753656712499	333259
753656712659	333293
753656713229	333224
753656713809	333283
753656714769	333223
753656715179	333236
753656715339	333159
753656715599	333225
753656715629	333234
753656717449	333177
753656719399	333166
753656719429	333164
753656719719	333156
753656719849	333199
753677287549	163210
753695010129	49953
753695110089	330307
753695110799	330299
753695261439	330309
75370001049	62944
75370001049	62945
75370001209	62928
75370001339	62930
75370005009	62946
75370005719	62975
75370006549	62964
75370008079	62969
75370150099	62962
75370150419	62923
75370160029	62966
753792002089	230170
753792002089	230171
75386040209	85213
75386049769	85222
75386056439	85217
75386438679	262840
75391001479	287409
75391001509	243826
75391002179	287691
75391002339	287578
75391004609	287537
75391005019	23963
75391006559	3921
75391006979	287479
75391007419	243739
75391010419	243710
75391010969	243566
75391011409	287686
75391012109	243726
75391012239	287348
75391013199	287705
75391018439	243536
75391021699	199035
75391021859	243874
75391023549	156158
75391024539	287540
75391024669	243748
75391025079	229299
75391026069	287340
75391027059	287668
75391028629	24038
75391028759	287435
75391028919	243583
75391029459	243590
75391029749	243723
75391029909	156155
75391030219	243600
75391031339	287544
75391031469	287601
75391031599	243709
75391031889	211350
75391032589	287546
75391041239	153341
75391043479	345419
75391044209	230504
75391047149	243613
75391048139	287580
75391048399	243617
75391048689	287665
75391049709	288040
75391049969	287441
75391051979	287609
75391053379	19811
75391054529	287600
75391054659	29867
75391055069	243687
75391055649	243773
75391056219	243678
75391056769	287646
75391056929	243734
75391057599	243854
75391058169	287500
75391058329	287645
75391058459	243747
75391058879	23946
75391060599	243649
75391060629	243732
75391060919	243537
75391061039	287719
75391061169	243731
75391061589	237345
75391061619	287724
75391061879	243669
75391061909	243603
75391062029	243531
75391062289	147557
75391062319	24011
75391072349	23988
75391501009	287702
75391509159	287699
75391509289	287754
75391940969	287543
75391946459	287484
75391948989	243705
75391950579	287534
75391953679	156173
75391953709	156174
75391954089	243577
75391954409	156178
75391954539	156182
75391954669	156158
75391955239	23935
75391956779	287366
75391960899	243624
75391966839	243819
75391968529	287512
75391971079	287407
75391971819	23971
75391974209	287405
75391974339	243627
75391974629	243714
75391974919	243629
753920172479	146493
754083948499	332669
754177506499	172032
754177506949	331719
754177508059	172000
754177830549	172039
754177831119	172030
754177832949	172033
754207695919	82459
754207696039	89710
754307338129	325039
754307880079	353282
75436001839	163519
75436008609	186191
75436061819	163525
75436100129	60034
75436101959	60470
75436104059	186180
75436703979	186174
75436706369	313658
75436706499	186190
75446030119	218348
75446040019	218351
754496001439	37675
75450000139	131107
75450000399	131109
75450001099	150803
75450001419	151670
75450002089	151211
75450002119	151207
75450002379	150824
75450002539	150903
75450002799	151600
75450003079	151221
75450003109	150909
75450003239	151007
75450003949	151094
75450004359	152537
75450005349	150420
75450006179	151999
75450006209	150679
75450006629	150251
75450009859	150966
75450010879	150737
75450011449	152072
75450012149	151964
75450012859	152200
75450013269	152612
75450014709	150596
75450016079	152398
75450016109	152925
75450016369	152464
75450016819	152722
75450017229	152876
75450017489	152538
75450017519	151001
75450017809	151933
75450017939	152709
75450018189	152657
75450018219	151739
75450018509	150718
75450018899	150728
75450021479	150700
75450021769	151545
75450021899	151857
75450022049	150793
75450022889	152633
75450023589	150345
75450027259	150681
75450030099	150868
75450032109	150868
75450033489	150532
75450034769	151606
75450035049	152178
75450035339	151963
75450035599	152172
75450036299	151133
75450036329	152605
75450036459	152666
75450036589	150511
75450037029	150515
75450037159	151344
75450037319	153011
75450037579	131148
75450040739	151792
75450041149	150414
75450041279	151775
75450041439	150899
75450041569	151092
75450041699	151068
75450041729	151814
75450041859	150418
75450042009	151067
75450042269	151003
75450043969	150582
75450044089	150433
75450044119	150527
75450044379	150637
75450044409	151323
75450044669	152900
75450046199	151714
75450046229	152902
75450046359	150548
75450047219	151543
75450047899	151049
75450048179	150601
75450049879	150252
75450054309	150492
75450054989	150984
75450055009	150985
75450059649	151365
75450060249	151056
75450060669	152632
75450060799	152562
75450060829	150773
75450061109	152799
75450061239	152556
75450062199	152381
75450062229	152375
75450062359	152234
75450062489	151108
75450062519	151357
75450062649	152643
75450064049	150830
75450064179	152546
7545006429	151562
75450064339	151900
75450066999	152251
75450067019	150580
75450067149	151275
75450067439	151275
75450068009	150853
75450068429	152423
75450072709	150842
75450073539	150597
75450074239	150878
75450074369	151325
75450075489	152703
75450075649	152976
75450077889	151411
75450078459	152543
75450079449	152610
75450082319	151748
75450083019	151987
75450083279	151058
75450083309	152269
75450083989	152366
75450084139	152368
75450084689	152021
75450085099	307078
75450085129	307075
75450085549	151346
75450085839	150539
75450085969	152131
75450086089	151433
75450086119	151594
75450086249	150811
75450086379	150566
75450087949	150354
75450088069	152578
75450088649	156603
75450088779	151079
75450088809	151078
75450088939	54933
75450089059	247272
75450089219	247276
75450089349	150446
75450089479	150687
75450089509	150822
75450089639	152357
75450089769	152908
75450090079	131085
75450090109	153049
75450090239	152194
75450090789	131070
75450090819	131146
75450091069	151779
75450091199	152774
75450091359	151407
75450091489	152122
75450091519	152673
75450091779	150943
75450091939	152270
75450092059	152272
75450092769	151893
75450093339	150327
75450093599	151799
75450093629	150302
75450093759	151798
75450093889	151798
75450093919	150855
75450095579	152669
75450095609	151885
75450095869	150280
75450095999	151633
75450096019	151114
75450096149	151593
75450096569	150774
75450096729	152261
75450097009	152831
75450098129	150890
75450098549	152498
75450098679	152884
75450098969	150824
75450100099	151427
75450100259	152425
75450100679	151949
75450101379	151444
75450102079	150546
75450102109	151240
75450102949	150754
75450103199	152667
75450105179	150979
75450105209	151249
75450105469	150600
75450107029	150378
75450107159	151237
75450108859	152019
75450109399	150924
75450109429	152233
75450120479	150329
75450120509	150578
75450121339	152862
75450122299	152144
75450122879	151066
75450124699	152242
75450124729	151422
75450124859	151338
75450125399	152897
75450125689	151142
75450125719	150643
75450126099	151995
75450126129	152549
75450126549	152791
75450126969	212697
75450127249	152963
75450127379	212688
75450127539	150848
75450127799	212703
75450127829	212672
75450128949	150419
75450129069	110252
75450131239	152138
75450131369	152818
75450131529	152532
75450131949	151544
75450132069	152454
75450132779	151200
75450132809	152307
75450132939	152280
75450133059	152975
75450133189	150529
75450133769	131081
75450133899	151807
75450133929	152330
75450134179	150410
75450134209	151478
75450134469	151087
75450134629	150863
75450134759	151576
75450134889	153047
75450135039	152998
75450135589	152090
75450135619	151360
75450135749	151298
75450135879	150685
75450136869	151176
75450136999	151169
75450137279	151948
75450137569	151135
75450137699	153015
75450137729	152142
75450139679	151615
75450139709	151963
75450140019	150649
75450140149	151684
75450146059	131069
75450146479	150972
75450146509	150975
75450146639	152031
75450146769	151984
75450146899	151337
75450149579	153030
75450149609	152724
75450150209	150262
75450150339	153016
75450150629	150953
75450150919	150817
75450151169	152051
75450151459	150659
75450152289	152913
75450152579	152432
75450152869	150307
75450153019	151045
75450153149	152953
75450161779	151785
75450161809	152344
75450161809	152344
75450162349	152313
75450162769	307070
75450163049	151144
75450163339	150713
75450163889	152511
75450167719	151680
75450168839	151864
75450169089	151767
75450169119	150870
75450169249	150915
75450169409	152214
75450169539	152838
75450172089	152727
75450172249	151992
75450172829	150756
75450173239	152678
75450173369	151160
75450173659	151863
75450175059	156586
75450175189	156572
75450176629	131061
75450184839	153060
75450185379	152997
75450199529	151664
75450199659	150331
75450204049	151521
75450204889	150522
75450204919	150273
75450207859	151015
75450220469	131104
75450222289	335334
75450222319	335333
75450222449	334657
75450226379	152258
75450226409	152009
75450226799	152664
75450226829	151741
75450227109	152314
75450228489	151129
75450228519	150348
75450228779	151590
75450229059	151226
75450229349	151850
75450229479	150519
75450230659	150518
75450230819	152016
75450230949	150739
75450231199	152877
75450231229	152771
75450231359	373827
75450231519	131139
75450231809	152457
75450232189	150821
75450232219	151327
75450232349	150751
75450233339	152717
75450235319	152153
75450236149	151899
75450236439	152231
75450236699	150357
75450237559	150797
75450237849	152640
75450239089	150594
75450239119	151788
75450239249	150966
75450240719	151736
75450241129	152266
75450241389	152518
75450241679	151949
75450242249	151413
75450242379	150402
75450243109	152970
75450243239	151823
75450245899	149989
75450246339	150526
75450246599	150388
75450246889	151717
75450247039	152485
75450247169	150364
75450247589	151009
75450247909	131102
75450250619	150652
75450252279	152184
75450252309	152062
75450253399	150814
75450254679	212050
75450254709	152301
75450255249	150949
75450260809	205575
75450262469	131077
75450262629	151390
75450263589	151564
75450263619	151376
75450268409	152352
75450268539	151657
75450269079	121618
75450269109	121609
75450269369	373830
75450269499	152560
75450274479	152614
75450275889	150370
75450276619	150573
75450278859	150765
75450280029	152006
75450282009	151224
75450282399	152394
75450282559	97805
75450282719	121624
75450282979	152299
75450284089	330285
75450287219	151473
75450301649	330238
75450301779	330271
75450302189	151930
75450302219	151908
75450302349	121585
75450302639	151929
75450302899	151926
75450303759	121586
75450304749	152233
75450408539	330256
75450414189	150800
75450415209	330286
75450474169	150404
75450474459	150471
75450486049	151703
75450500509	151299
75450501179	151222
75450525069	152794
75450547429	330265
75450800029	212706
75450820119	212694
75450901689	152946
75450901849	151374
754530105079	213487
754530108049	213483
75457126009	109539
75457126009	109539
75460920229	67343
75460922339	67341
754686001119	142989
754686001409	142989
754721255309	173524
754807023129	10859
754807026069	10835
754807091609	10942
754807102039	10846
754807201039	10808
754807201169	10897
754807201459	10961
754807244609	10946
754807320259	10865
754807375259	10894
754807460719	10886
754877000419	373051
754918082039	255649
754918082039	255650
754918382009	94911
75500000089	329097
75500000119	329077
75500411069	329099
75501029829	334800
75501246509	305909
75501249609	305914
75501972989	157692
75502008809	33897
75502386679	111778
755122000079	80377
755350100039	161721
755350100909	161709
755350101289	317341
755350101319	146561
755355003069	121658
755355005759	121650
755355005759	121664
755355008149	121683
755355008309	121683
755355021179	121695
755440000249	335077
755440005459	335074
755440010149	335082
755440010859	335073
75545006169	47290
75551411049	242699
75551412589	242687
755552360729	370256
755702987189	204075
755729105719	106972
755749126909	167235
755763000759	195332
755763004009	195329
755795175029	169483
755795175029	169484
755795252119	169475
755795252829	169391
755795252829	169391
755795375139	169452
755795375269	169453
755795375399	169381
755795391139	169470
755795670029	169394
755795704069	169442
755795755719	169404
755795759069	169380
755918293869	288177
755918449709	256076
75602101349	283954
75602260039	283932
75620496649	345678
75620558729	345680
75620559719	345858
756363111029	72995
756389	341104
75655231659	22734
75655232229	22732
75660710019	154483
75669105229	153267
75669106219	153313
75669106219	153313
75669106929	153330
75669109289	153255
75669109319	153315
75669110599	153244
75669110599	153244
75669111169	153233
75669115549	153173
75669115549	153321
75669116669	153230
75669117529	153318
75669117529	153318
75669176359	153160
75669325849	89772
756702133149	53579
756781000899	290923
756781000899	290928
756781000929	290920
756781001599	290951
756781002589	217851
756781002749	290949
756781002749	290950
756869176379	16576
756869176409	180988
756869178069	244434
756869178229	154888
756963160199	279677
756963160229	279682
756963170259	279675
75700032149	77573
75700050259	352493
75705504009	328280
75706127009	244405
75706127559	244405
75706133109	244392
75706151059	287253
75706151219	287259
75706153039	347850
75706155019	283894
75706165049	244367
75706165179	244386
75706165209	244389
75706191079	63180
75706300129	63189
75706303199	287217
75706303229	287221
75706303779	244396
75706304349	347837
75706304899	287226
75706305179	287233
75706306299	287220
75706307159	63174
757107011049	349491
757107011049	349493
757107013289	349489
757129000229	25239
757129000229	25241
75717003309	272951
75717112049	272917
75717320109	272986
75717320109	272987
75717320659	272981
75717459649	272958
75717505209	272961
75717505209	272961
75717952089	272993
75717952089	272993
75717952379	272947
75717954069	272943
75720001439	254484
75720002009	254442
75720005819	254442
75720009169	254487
75720050369	254509
75720050499	254450
75720050659	254531
75720050659	254535
75720050789	254528
75720050789	254528
75720052789	254529
75720100859	239419
75720101009	239420
75720101009	239423
75720211579	226924
75720445769	254465
75720446049	254455
75720446049	254498
75720446179	254503
75720446209	254505
75720446339	254510
75720446339	254538
75720446599	254446
75720904259	254443
75725115209	291226
75730043009	171675
75730081759	171668
75730085009	171672
75730293329	171683
75730293619	171680
75730306029	60196
757528003999	272812
757528004149	324745
757528008819	324730
757528008949	324741
757528019259	22029
757528026899	324730
757528045289	324760
757528047399	350244
757528048129	324727
757528048709	324725
757528048839	324732
757528049119	324731
75756001069	10245
75756063739	10234
75756080729	10229
757626012619	304555
757626284009	38441
757645013109	227318
757645016209	227286
757645021029	227211
757645021289	227202
757645021449	227273
757645021609	227187
757645030229	227283
75767320159	249841
75767450139	249812
75767450269	249810
75767600459	249829
75767600589	249821
75767600909	249804
75767608929	249857
75767610069	249850
75767820369	249839
75779311169	98579
75779500259	98578
75790034269	164933
757901707209	125270
757945000199	73284
75805105809	283117
75805589159	315314
75805726509	283120
75805726509	315309
75805880409	315266
75805880409	315278
75805886869	315267
75805888719	315312
75805899319	220733
75810023259	282610
75810024409	282612
75810180259	282592
758108072329	215540
758108131989	211606
758108400269	74698
758108455719	116128
758108679979	215794
758108757059	215542
75820207779	311394
758259771539	118440
758259771829	118419
758300033029	67923
758300033319	67916
758354300849	211877
758475284189	336370
758475642569	240607
758543320009	352243
75856000269	172342
75856000429	172297
75856000559	172303
75856000689	172314
75856000719	172340
75856000849	270831
75856001709	172317
75856001709	172318
75856024159	172339
75856024159	172341
75856055399	172336
75856456639	172312
75856488449	172346
758669678909	373563
75879610049	255191
758870327269	149987
758870338869	149988
758929000549	123087
758940527339	90242
758940527629	90228
758940527759	90401
758940583359	90283
758940583519	90285
758940601039	90397
758940601589	90215
758940602159	220680
758940602609	90411
758940620139	90255
758940623949	90276
758940625189	90320
758940660029	90325
758940701029	90266
758940705119	90253
758940708899	90318
758940709049	90313
758940709599	90323
758940710359	90392
75900000429	36273
75900002379	36273
75900002409	36273
75900003239	36250
75900005219	36308
75900005349	36249
75900005479	36260
75900005929	36196
75900006179	36245
75900006339	36205
75901010229	315061
75901333519	92560
75901365169	92563
75901610559	315107
75901675169	92548
75901675169	92552
759035900549	361326
759035902079	361296
759035951039	361294
759035952029	361308
759110325939	111724
759110325939	111724
75912041519	287133
75912043339	287144
75912045159	287127
7591675002169	253420
759199801249	155040
759236115049	148668
759236407069	148659
7592450003319	18584
75925100029	67128
75925100159	67130
75925285009	67162
75925299839	66987
75925300009	66982
75925300719	67013
75925300979	197171
75925301099	67104
75925301099	67106
75925301129	67085
7592530119	67087
75925301259	67188
75925301709	67038
75925301709	67204
75925302959	67210
75925303079	362543
75925303369	67007
75925303499	67178
75925303789	71381
75925304069	67167
75925304199	67194
75925304489	67114
75925304649	66986
75925304649	66987
7592530469	67064
75925305059	67079
75925306049	67181
75925306049	67182
75925306179	67068
75925306179	67069
75925306339	67054
75925306469	66958
75925306599	67062
75925306629	67020
75925306759	67117
75925307169	66979
75925307299	71365
75925307329	71377
75925307459	67143
75925307459	67202
75925307589	67106
75925307619	67171
75925307879	67108
75925307909	66983
75925380049	67042
75925380049	67150
75925401249	71367
75925604619	66108
75925960449	67140
75925960449	67211
759283002019	19450
759283002439	36919
759283100029	19414
759283552019	36913
759283600079	36923
759283600079	36936
759283601069	36932
759283673219	36907
759283673219	36921
759313041049	347123
759313814179	252264
759313831039	347122
759313833439	347116
75939050419	290584
75940390009	86826
75945103369	84218
75968140259	198078
759686001589	350250
759686001619	350252
759686001879	350254
759687131759	108053
75971163269	283263
75971166949	283340
75971402009	283172
75971404379	283315
759874999889	172415
759969010109	164188
760092771089	39008
760092937089	39007
76010576989	21237
76014000169	63462
76020001129	322385
760236027539	206393
760236065999	208313
760236066019	208636
760236074809	209985
760236074939	343595
760236080749	208398
760236125259	208547
760236140849	208424
760236174479	210092
760236197829	208606
760236260219	209046
760236293859	207777
760236398479	206323
760236520559	207904
760236664499	207593
760236667889	208649
760236668299	208671
760236674429	207316
760236684909	208717
760236751359	208718
760263000109	23678
760263000659	23708
760263000949	23695
760263400039	23720
760263529389	23716
760263811309	23709
760263850049	23686
760286611559	346932
760322803559	79409
76033118449	49322
76033560019	49336
76033561719	49344
76033561719	49344
76033562099	49312
760354959439	295033
760366000129	332026
760366004639	99546
760366124139	332028
760412827939	130916
76050100069	16999
76050170239	243963
76050220019	243945
76050220019	243945
76050280389	243936
76050400299	324281
76050800259	243948
76050800259	243948
76050800419	243953
76057001789	227048
76057002069	351017
76057002359	179427
76057003059	351028
76057003479	350998
76057004209	227047
76057015779	179425
76057018039	64849
76057031199	336325
76057052149	64845
760590100749	43954
76067006309	58252
76067006859	58252
760672107949	186926
760672112479	186982
760672500429	186939
760672620219	358298
760672620899	186953
760680971679	129657
760695005079	54682
760695008179	54686
760712090019	130384
760712160019	39020
760712990029	39029
76081210089	250178
760829	340242
760860868409	9214
760860869109	9213
760941910669	30073
760948100209	341422
760948110079	341428
761071150819	115969
761088191829	135920
761088801759	137214
761088801919	136198
761088802329	137583
761088803029	136856
761088805009	41334
761088805139	41337
76113002149	235259
76114300039	284028
76114304419	311282
76114306109	311317
76114306369	311296
76114309889	110751
76114310229	284021
76114330159	311318
76114330289	311312
76114330319	311290
76114330449	311308
76114380239	311323
76114602829	311272
76114604199	59798
76114621769	98243
76114696859	60026
76114800379	110689
76114800799	110692
76114800959	110688
761156336039	157983
7613034954459	171805
76132050169	319269
76132050169	319281
76132090349	319301
76132090349	319301
76132770029	319298
76138001059	234116
76138018149	234115
76138028209	234104
76138071359	234099
76138078839	234108
76138111079	234110
76138117149	234106
76150011289	4191
76150011579	4188
76150200249	4171
76150201529	4169
76150202069	4160
76150208399	4169
76150232219	4176
761657901019	216100
761657901149	216090
761657904119	216107
761657904119	216107
761657904249	216088
761657914149	55262
761657924179	216094
76170000409	229742
761706122419	77073
761706123119	98730
761706140369	372354
761706140499	372350
761706140529	372355
761720000649	204444
761720050859	163662
761720073209	15742
76183000229	75778
76183001639	305647
76183001769	305695
76183002179	305645
76183002209	305645
76183003299	305688
76183003749	305722
76183003909	75789
76183004999	305629
76183007099	305677
76183007389	75772
76183007679	305674
76183008119	305713
76183008249	305632
76183163689	305717
76183168509	305721
76183178409	234085
76183224939	305696
76183323649	305663
76183469729	305631
76183469729	305704
761843440049	122673
76185001019	16240
76185001309	16242
76185004669	16244
76185005529	16232
76185006809	16250
76186000059	283106
76186000189	283102
76187449109	366938
761898410219	57259
761898683859	103744
761956413299	219065
76197003599	71827
76197003759	71749
76197250009	71837
76200000089	166736
76200000379	166644
76200000959	166551
762015004069	289873
762015004649	289873
762089260019	89069
762089264079	89049
762089266059	89046
762111012609	313197
762111054579	313101
762111083159	313190
762111126849	313080
762111173249	312984
762111238429	313178
762111242839	313132
762111274779	313150
762111274809	312942
762111288219	312981
762111290519	312968
762111321169	312937
762111380159	313035
762111390479	313049
762111975829	312936
76216120719	8989
7622210645999	215834
762357029119	89583
762357039149	89541
762357040589	89536
762357086969	89614
762357268129	89634
762357302229	89630
762357375209	89580
762357465559	89575
76239420759	195942
76239420759	195942
762481000329	37824
762481000459	37801
762481000589	37804
762481000749	37796
762481000879	37816
762571500029	103680
762574000649	54485
762574906989	222678
762612551669	124351
762655000759	139244
76268029879	341629
76286444449	109707
76286999659	109711
76289375009	180001
76289375009	180001
76289522779	180007
76289522779	180007
762907822009	64096
76295062009	25966
76301000209	13591
76301230019	13621
76301232129	13632
76301240179	13646
76301591219	13628
76301721289	13536
76301721289	13556
76301722149	13585
76301722279	13565
76301722279	13566
76301725539	13583
76301725539	13584
76301762169	13602
76301776159	13593
76301845299	13658
76301845329	13648
76301845329	13649
763027107069	281379
763027508149	74818
763027701779	281376
763027701939	74789
763027702059	74784
763027703049	74807
76306180319	211516
763089015029	238618
76310061109	195095
76310080049	146258
76310080599	146217
76310080629	146218
76310088069	146269
76310440119	146225
76310440249	146234
76310440379	146265
76310440669	146184
76310440829	146240
76310440959	146231
76310701029	146268
76314510139	85330
76314801169	85337
76323008689	239583
76338151219	44227
76338471539	157990
76338810819	122015
76338810949	157987
76338965199	124874
76338966929	124878
763441000939	195793
763441003039	195802
763441003909	195808
763441063019	195787
763441101049	195833
763441301029	195838
763441400159	195807
763441400319	195841
763446202079	234909
763446300409	234910
763528000159	260968
763528306039	260972
763528319039	260963
763528503049	260980
76371011099	148450
76371011129	148417
76371012119	148431
76371012539	148427
76371013079	148439
76371034029	148448
76371035019	148413
763775000049	115400
763775000759	115406
763775329119	115402
763775329119	115405
763795077359	67354
76380010359	23844
763840000189	358292
763913150339	321766
763913869439	321777
763946225219	8552
76397001289	178634
76397004129	178592
76397005119	178629
76397006079	178620
76397006109	178619
76397030029	178620
76397030319	178603
76397032009	178589
76397032719	178597
76397035659	178657
76397202129	178641
76400004009	248047
764001169	280102
764014000509	7445
764014103729	7458
764014107529	7425
764014156329	54344
764014208059	7464
764014293529	7450
764014529529	54345
764014673529	7469
764014813529	7477
764014999179	7454
7640164731049	213394
76406051809	162663
76406061709	162645
76406061709	162646
76406063109	162677
76406063109	162678
76406065509	162663
76410015729	180193
76410081809	180185
76410522609	180179
76410522609	180303
76410900049	180128
76410900919	180373
76410901299	180318
76410901459	180211
76410901749	180178
76410901879	180195
76410901909	180366
76410902029	180119
76410902159	180182
76410902999	180120
76410903309	180212
76410903439	180227
76410903569	180337
76410903699	180255
76410903729	180258
76410903989	180218
76410904009	180216
76410904269	180270
76410904399	180159
76410904429	180142
76410904979	180179
76410904979	180300
76410905099	180209
76410905549	180187
76410905549	180279
76410905839	180272
76410906119	180314
76410906249	180321
764128655499	300544
764218608389	300534
764218651279	300558
764218655499	300544
764363180709	372860
764542000019	156090
764665001139	295139
764717820879	131876
764721158029	374077
76479162129	78783
76479443129	115927
76479472129	115926
76479621329	115914
76479638129	130815
76479650169	115921
76479659049	115906
76487963459	148720
76489660769	362122
76500066709	320752
76500086509	320728
76500102889	320789
76500166539	320719
76500325059	320746
76500787499	320754
76515001139	283236
76515002969	283244
765171081479	197723
765171081509	197719
765171228959	352069
765171424139	352053
765171730339	352072
765214040609	25721
765299000079	197090
765352330099	7847
76545001079	323774
76545001109	323776
76545001239	323776
76545002489	323951
76545005749	323779
765453995609	245882
76549300499	324997
76549806519	350035
765667100509	12705
765667110119	12700
765667110379	12683
765667110379	12686
765667111819	12709
765667500309	12651
765667900109	12652
765667900109	58206
76580004929	189165
76580005919	189193
76580106029	189189
76580141549	189171
76580143079	189183
76580147169	189174
76580192589	189173
765808890429	157446
765857205199	107976
765857206769	107977
76587131079	322364
765888124049	280670
766000451159	168908
76601429199	256129
76606115639	131605
76606153709	131606
76606173899	343117
76606338199	205655
76606362439	52892
76606363689	131599
76606501579	17056
76606526039	17011
76606540509	17010
76606561399	343126
76606660979	219890
76606691379	17019
76606691409	17035
76606710919	17046
76606720949	205658
766114614129	318800
766297111439	157578
76633025079	45073
766375013839	139347
766375621249	115346
766375621669	115358
766375753049	139350
766375953289	139352
766572224489	48605
766572228449	83178
766626265109	268113
766626285879	268111
766626410059	268106
766626501979	268112
766684007369	3658
766684013759	3654
766684043619	3645
766684070059	3644
766684071049	3652
766684901339	3660
76677100589	165181
76677100619	165178
76677161009	90777
76677980679	90782
766866605109	134614
766897735769	291254
766897795619	65468
766902010829	197115
76700002019	327790
767000133229	257823
767000175069	257828
767000188069	257846
767000725219	257835
767000737229	257839
76704851279	196283
767119518399	372273
767119731699	372282
76721264229	172289
76721265349	302638
76721285569	172283
76721299009	70021
767226003849	318487
767226025049	318477
767226033129	318470
767226035659	318502
767226039169	318484
767226339559	318476
767335000869	79741
767335001019	79718
767335011179	79739
767335011209	79683
767335011339	79695
767335020119	79709
767335077779	79697
767335077809	79686
767335077939	79716
76737100559	58692
76737122629	89279
76737125149	89298
76737340559	89275
76737340719	89271
76740070139	363151
76740070399	363143
76740070559	363142
76740070689	363125
76740070849	363120
76740071259	363124
76740071419	363166
76740073499	363169
76740074489	363120
76740074489	363159
76740074519	363120
76740075929	358243
76740079309	363145
76740079309	363165
76740102519	363125
767501676959	160231
76762240299	244082
767707002149	167356
767707002309	167344
767707013299	167351
767778001089	179883
767778004769	179894
767778050049	179891
76779197609	81314
76779904399	81295
76779933139	81294
76788301219	90459
76788647409	90454
76788648819	32668
76793006499	40514
76793300139	330156
76800006689	184484
76800006979	184475
768044041709	307602
76808000689	22465
76808000979	22300
76808002409	22334
76808002409	22461
76808004649	22229
76808004649	22328
76808005639	22381
76808006469	22331
76808006599	22421
76808006889	22323
76808007879	22424
76808007879	22425
76808008319	22286
76808008739	22451
76808008739	350261
76808008869	22328
76808008999	22293
76808009699	22226
76808011579	22231
76808011579	22294
76808011609	22388
76808050189	78137
76808280739	22270
76808280739	22321
76808514339	22234
76808514339	22295
76808515589	22289
76808515589	22395
76808517989	22262
76808517989	22313
76808522099	3818
76808533279	22478
76808533569	22372
76808533569	22408
76808534139	22445
76811521119	135451
76811800009	74947
76811800009	75042
76819000319	172850
76819000869	172856
76819000999	172862
768210457549	272523
76824117019	23157
76824117859	23152
768253696639	76389
76829024299	59537
76829031549	59554
768339113579	67933
76834000059	132619
768352220469	161003
768395462659	108604
768395468989	108515
768395469009	108529
768395470449	108585
768395470869	108529
768395471729	76703
768395472399	76778
768395472559	325406
768395473129	325393
768395474829	108468
768395475369	108463
768395475499	143147
768395477479	76802
768395477899	108419
768395478599	108663
768395479329	143152
768395480479	39063
768395481209	76738
768395481889	325259
768395482589	76832
768395482619	313631
768395483289	143147
768395483579	108548
768395484309	108598
768395486389	270622
768395487089	108514
768395487539	76680
768395487829	108510
768395489489	313646
768395490119	108616
768395490379	108456
768395491659	143414
768395493189	108622
768395493349	108359
768395493479	108526
768395494209	108631
768395494599	76767
768395496029	313628
768395496159	108510
768395496999	108361
768395497309	108501
768395497699	270813
768395499839	108452
768395500009	270768
768395503499	313648
768395503789	313660
768395504519	313672
768395504809	67887
768395506629	313637
768395507589	108549
768395507879	108476
768395512149	275998
768395513269	143406
768395514709	313649
768395518349	108672
768395521189	369552
768395522469	108595
768395523749	313660
768395524029	108671
768395524609	81415
768395525439	108549
768395525569	108571
768395525699	313666
768395525859	270817
768395526269	108390
768395526689	79483
768395526719	108557
768395527679	108527
768395529109	81431
768395529499	81435
768395529659	108558
768395530099	108277
768395533229	108554
768395533779	108554
768395534349	108408
768395534899	108570
768395534929	108570
768395537029	108558
768395538309	108331
768395538439	313676
768395538569	108480
768395539689	108549
768395539719	313666
768395540319	76667
768395540319	346654
768395541309	108841
768395541569	108388
768395542269	108459
768395543709	95597
768395544379	108388
768395545499	108286
768395546069	108430
768395548889	108265
768395549329	108494
768395549459	108388
768395549879	108460
768395549909	108651
768395550059	108388
768395550189	108407
768395551209	108641
768395551759	108582
768395552749	108330
768395552879	108554
768395552909	141940
768395554699	108442
768395558659	108558
768395559489	108332
768395559649	108563
768395560799	313698
768395561109	108399
768395562359	108452
768395564469	313710
76840000739	25588
76840001019	25604
76840001439	25646
76840001569	25662
76840002269	25608
76840002719	25595
76840002979	25606
76840003099	25679
76840003389	25544
76840003549	25610
76840003839	25644
76840100149	25641
76840100569	25581
76840100989	25659
76840101429	25661
76840368419	25622
76840458479	25649
76840674459	25569
76841042899	349452
76841080099	155267
768486705009	302533
768488109959	109645
76850099129	122811
76850099259	122814
76850851369	32665
76864015139	234265
768668003619	36951
768689	340791
768849	340696
768920105129	324630
768920501099	324617
768920613099	324620
768979	339896
769087000029	264834
769087000739	130697
769087001019	264814
76915000459	53289
76924568759	59809
76924569039	59904
76924569299	60619
76924569329	60053
769363104229	267681
769363104779	325171
769363111869	267689
769363150059	25210
769363240569	256110
769363300409	332759
769363970299	94509
769363970459	94508
769363970749	94601
76937200219	240336
76937200219	240336
769493900029	130640
769498830949	98999
76958425509	274778
76958425929	274787
76958550119	103644
76958555879	103647
76958617119	363920
76958617379	364342
76958620119	363534
76958620249	363728
76958620409	363729
76958620799	364329
76958620959	363324
76958621079	364776
76958622229	363768
76958623899	364196
76963103119	319721
76963519859	128953
76963522019	128953
76963554119	319642
76963716609	319673
769719113219	246997
769745001139	129672
769745700049	129624
769828120719	210437
769828170059	32452
76983351569	60391
76983351699	60116
76983351729	59903
76983400069	60409
769850708909	286873
76991000169	197653
76991000749	197693
76991008059	197688
769933853229	179369
769933854059	179389
769933854929	179370
769933855759	179409
769933856329	179410
769933857319	179368
769933858019	179417
769950101099	58261
769950701039	58287
769950801029	58270
769950801159	58263
770118709019	301857
770118780049	230622
77013134879	252132
77013615729	162868
77017212009	366861
77019000659	122149
7702011026859	62393
7702011027399	62414
7702097230119	62401
77028022369	131564
77028102009	131578
77028104409	131586
77028862019	131582
77028863009	131518
77028863009	131519
77028884219	131574
7702987021629	178566
7702993030639	321406
770333524169	99013
77034011159	288530
77034011319	288551
77034011609	288556
77034011739	288546
77034012729	288543
77034013429	288552
77034016079	163745
77034018479	163700
77034018509	163769
77034081459	288533
77034083149	163701
77034084399	163761
77034084429	163705
77034086119	163783
77034086249	163776
77034089639	163786
7703535001049	74904
77052001019	275863
7707172300039	72547
77072000399	368464
770734821669	57549
770734856579	57547
77079000019	308868
77079004369	308883
77079004499	308872
77079009869	308846
77083404209	275967
77093001009	138369
770981000879	364678
770981000909	364682
770981009599	92932
770981009629	93742
770981010069	146697
770981016689	345183
770981024059	238671
770981031019	345244
770981031279	345169
770981031309	345169
770981034409	345284
770981034669	345281
770981041209	345192
770981042169	345192
770981050829	345167
770981051079	345266
770981051949	168795
770981052229	345212
770981061689	333112
770981061979	345219
770981072029	333120
770981093789	345240
770981098739	345275
770981099859	345238
770981160139	345271
770981302089	168830
770981302119	168830
77098130749	168819
770981310039	168827
770981310459	168809
770981310879	168780
770981311029	168824
770981540009	168839
770981810089	203406
770981815169	203400
770981815589	345176
770981907109	345213
770981920009	345259
7709990459029	222884
77153000119	273246
77153810039	273247
771545010099	235335
77172641799	123130
77172667249	123118
77172667379	123099
77172667539	123128
771856468909	80189
77186330009	51574
772065760129	157643
77222373779	275843
772291019749	123078
772291020899	122915
772291024439	62917
772291031499	122928
77232031089	212855
77232136449	323527
77232153019	244679
77232154139	244676
77232164459	151209
77232170719	244658
77232171839	244675
77232172539	244688
77232181319	244701
77232195019	244740
77232231199	244667
77232370089	244620
77232370119	244601
77232370409	244535
77232410099	244698
77232410129	244732
77232441529	142243
77232504989	244683
77241012369	70957
77241500309	321036
77260000149	279354
77260003089	279153
77260003409	279186
77260004109	279192
77260005939	279363
77260008589	279509
77260009609	279015
77260022189	279124
77260040169	279014
77260040749	279041
77260040909	279143
77260041289	279021
77260041319	279051
77260041319	279126
77260041869	279109
77260042309	279014
77260042439	279261
77260042699	279290
77260044099	279416
77260044099	279419
77260044259	279024
77260044259	279579
77260048059	279014
77260048189	278994
77260048219	279014
77260060099	279332
77260060129	279440
77260060259	279331
77260060419	279330
77260060549	279347
77260062949	279003
77260063069	279198
77260063199	279502
77260063489	279194
77260063779	279335
77260064059	279164
77260064189	279163
77260064219	279509
77260064349	279529
77260066169	279021
77260066299	279520
77260066459	279021
77260066749	279021
77260066879	279094
77260066909	279023
77260067029	279299
77260068019	279453
77260068149	278999
77260068279	279465
77260069399	279537
77260069849	279147
77260081049	279014
77260081179	279518
77260082169	279527
77260082459	279591
77260082619	279533
77260083319	279056
77260083739	279210
77260084729	279059
77260087249	279003
77260090089	279112
77260090119	279411
77260090379	279235
77260090409	279398
77260090409	279566
77260092489	279003
77260092649	279014
77260094049	279393
77260094339	279323
77260094339	279344
77260094599	279531
77260096449	279248
77260097729	279408
77260099709	279250
77260099839	279409
77260100269	279181
77260100429	279509
77260101099	279031
77260101389	279032
77260101389	279032
77260101709	279034
77260101969	279531
77260102409	279026
77260106179	279382
77260106889	279152
77260107169	279595
77260107299	279116
77267234769	135506
77290121159	33399
77290511509	247525
77290772009	33405
77290918209	247524
77290996849	247514
77298000029	221911
77298248209	221877
77314010049	213477
77317042719	310794
77317082449	310786
77317087109	20754
77317400939	64583
77317534139	310776
77317822229	310796
77319107089	193836
77319107119	193834
773200713529	318548
773200715189	318544
77322001619	267535
77330339339	278095
773479072709	37548
773479106459	220657
773479772609	37547
77377860339	148426
77385089159	170365
77387125329	331950
77387400709	60331
77387400839	60395
773948401009	370396
77397878239	281150
77400108339	43495
77400108339	43495
77400109329	43499
77400121239	43465
77400127439	43450
77400129389	43444
77400230139	43492
77400616049	43473
77400881089	43463
77400971049	43480
77428102609	79800
77428102609	79802
77428124229	79801
77438218529	144431
77438555129	144448
77438600119	144444
77438665019	144441
77438950139	144450
774458283789	74043
77449505939	130957
774529	340264
774841400069	81891
77485002539	57254
77507000109	282435
77507000529	163533
77507000819	163528
77507002059	282424
77507005029	282440
77507009959	282423
77507039109	282431
775075324329	302964
7751253000769	15718
7751271016179	116310
7751271016209	116311
7751474000159	73062
775199	340976
7752230002189	347393
7752748008079	256809
77541008529	313537
77544000919	240361
77544527409	240313
77544527409	240325
77544806009	21397
77544806009	240337
77552201469	50391
7755864000439	332481
77567000569	40743
77567000989	194770
77567001009	194762
77567001139	40666
77567001559	255814
77567001689	68494
77567001719	68492
77567001849	194752
77567002389	194759
77567002419	194747
77567003409	255803
77567061539	40657
77567132819	121762
77567133229	107618
77567141699	40782
77567250049	40710
77567254269	40781
77567254429	40678
77567268129	107508
77567274779	40715
77567275059	40743
77567306609	40737
77567395269	40685
77567426499	40684
77567431189	40763
77567478849	255809
77567556189	40721
77567570079	255835
77567603319	40694
77567636249	40713
77567678249	40730
77567686039	255776
77569	340827
77572241209	30427
77589176129	177404
77593000229	138601
77593000519	138603
776100154119	90775
77633330019	275441
77633750169	283221
77633750329	283330
77633750749	283163
77636010529	179146
77636011519	179155
77636012929	179149
77636016309	179153
77636021969	179156
77636025059	179151
77636610019	179154
77644301329	102173
77644301329	102173
77644900409	102182
776455301039	85627
776455303019	85628
776455940139	9675
776455940269	73402
77651001069	77964
77661003169	188311
77661004449	188291
77661048139	188349
77661103609	188394
77661117989	188316
77661119099	188299
77661125649	188386
77661137499	188353
77661137819	188293
77661139479	188294
77661146149	188414
77661146439	188285
77661146569	188404
77661148129	188400
77661148549	188360
77661154779	188302
77661156049	188313
77661156339	188305
77661157589	188389
77661157619	188385
77661158449	188309
77661158609	188272
77661160039	41282
77661170649	188324
776834600029	144652
776834800009	104754
77700000029	218506
777088100259	51947
777088200119	306932
77718998219	324242
77718998509	156381
77718999339	156374
77745201979	268578
77745206769	268503
77745217239	268501
77745222929	268512
77745247229	268483
77745247519	268453
77745247779	268474
77745247809	268455
77745252599	268554
77745270449	268543
77745274799	33331
77745297149	268461
77745297989	268556
77745298009	268572
77745299129	268582
77745299259	268568
777586700029	81859
777762001209	155046
777762001629	155068
777762004149	155066
77782000429	160641
77782000849	160585
77782001129	160590
77782001419	160695
77782002409	160623
77782005349	160698
77782007879	160641
77782008159	160640
77782024999	160686
77782026559	160617
77782026979	160536
77782030389	160636
77782030419	160584
77782677669	160587
77782678659	160666
77782679069	160674
77782680249	160699
77782682489	160634
77782682519	160642
77794000059	32280
77815003359	310766
77817112059	19265
77817112059	19272
77817112509	19273
77817124939	19269
77817163709	19276
77817200039	19277
778521100539	57870
77865001169	92638
77865002579	92645
77865003569	92654
77865010369	269418
77865011519	269388
77865016019	57643
77886001599	190404
77886301699	190400
7789005209	357197
7789007669	355762
7789010129	355714
77890102589	357419
7789014479	356317
7789014509	355675
7789014539	354802
7789014749	354493
7789015029	357204
7789015069	354590
77890155899	355801
77890158609	355010
77890160459	357121
7789016709	354785
77890167229	355038
7789017179	356366
77890175699	356166
77890179789	356010
7789017979	355728
7789018319	357111
7789019199	356671
77890195239	356104
77890205419	354376
77890206119	357841
7789020629	356898
7789021909	354381
7789021999	354613
7789022809	357461
7789022829	356244
7789022999	356147
7789023319	357630
7789023339	357446
7789023459	356732
77890236369	354498
7789023789	354918
77890237939	356668
77890246849	357894
7789025019	357892
77890250679	354725
77890251119	355404
7789025239	354478
7789025799	354645
7789025969	354579
7789026159	355056
77890268629	357534
7789027049	356578
7789027189	356196
7789027529	354871
77890278499	357846
77890279359	356246
77890280409	357010
77890281499	356715
77890282199	357259
7789028329	355542
77890283349	355557
7789028349	354431
7789028719	355939
7789028769	355442
77890287699	355441
7789028839	354670
7789028999	355565
77890297339	354595
7789029769	354799
77890303139	354351
77890305379	357191
77890305539	356537
77890310519	355014
77890311189	356474
77890318539	355744
7789031969	357583
7789031979	354758
7789031989	354755
7789031999	354750
77890320969	354987
77890321089	356958
7789032109	356856
77890321119	357188
7789032119	356684
77890321249	356331
7789032349	357927
7789032389	357531
77890324349	357433
77890324509	355041
77890324899	356725
7789032499	356771
7789032529	355005
7789032809	355683
77890329269	354890
7789032929	356988
7789033179	354344
7789033229	354896
7789033279	355747
77890333389	356032
77890333839	355750
77890334089	357503
7789033529	355560
77890335499	358011
7789033649	354592
77890338179	355159
77890338469	356934
7789033899	356113
77890339749	356715
77890340219	355432
77890342329	357573
77890342589	356502
77890343739	357131
7789034389	355796
77890345979	357412
77890346679	355064
77890346839	355774
77890349069	355085
7789034959	354437
77890350089	355260
77890350119	357282
77890350959	355403
77890351789	357879
77890352199	354936
77890357439	355096
77890357989	357595
77890358009	357793
77890359259	357290
77890359549	356515
77890360699	356434
77890361269	357268
77890361719	357311
77890362129	357800
77890362389	356806
77890363089	358109
77890363669	357729
77890363799	355122
77890363829	354922
7789036389	357899
77890364079	356905
77890364369	354405
77890365069	355054
77890365199	355564
77890365809	354729
7789036589	354423
77890365939	356525
77890366929	355164
77890367759	356486
77890368749	358100
77890368879	355385
77890369029	357705
7789036969	357573
77890369739	354865
77890370469	357459
77890370629	354696
7789037099	356950
77890371169	354500
77890371299	357904
77890371329	357883
77890371749	355691
7789037279	356769
7789037319	358168
77890373309	356202
77890373569	357421
77890375419	354850
77890375679	356105
77890375709	356046
77890376669	354408
7789037699	356968
77890377369	358017
7789037789	354910
7789037799	357486
77890380499	355401
77890380529	354408
77890380789	356520
77890380819	356521
77890381229	355294
77890383469	356357
77890386859	355463
7789038749	357489
77890387559	356409
77890387849	354499
7789038819	356260
7789039099	356595
77890391969	357959
77890392669	355313
77890392829	356510
77890392959	356024
77890393659	356661
77890395769	355942
77890396889	357848
77890397619	358094
77890401309	356173
77890403099	356741
77890403129	356742
7789040359	355687
77890403839	357297
77890403969	358036
77890404829	357609
7789040519	356751
77890405239	358024
7789040579	356413
7789040759	355667
77890407899	355085
77890407929	355908
77890408919	356187
77890409879	355759
7789040989	356445
77890409909	355512
77890410059	356170
77890410349	356540
77890410509	355222
77890411179	354756
77890411339	356664
7789041199	357576
77890412299	357960
77890412329	356423
77890414149	354700
77890415429	354601
77890416679	358161
7789041669	354828
77890417379	356051
77890417409	355083
77890423059	357172
7789042379	354699
77890425619	354484
77890425879	357461
77890428559	357388
77890430019	355478
7789043009	356274
7789043019	355302
7789043219	354267
7789043229	354989
77890434239	357350
7789043509	354223
7789043529	354757
7789043609	355983
7789043629	355649
7789043639	357873
77890436479	356602
7789043669	354430
77890437469	355408
77890437629	356312
7789043799	357335
77890440209	354966
7789044089	356634
7789044099	356847
7789044119	356364
7789044329	355355
77890443309	355459
77890443859	357578
7789044529	355665
7789044559	354907
7789044589	357507
7789044649	354504
77890447109	356071
77890447529	355840
7789044779	357957
7789044869	357731
7789044979	357036
77890450079	357483
7789045049	354445
77890450499	354445
77890450789	356205
7789045079	355616
7789045129	354303
7789045169	354511
7789045179	356867
77890452219	357815
77890452639	356842
7789045349	356352
7789045379	355959
7789045409	355197
7789045419	357356
7789045429	357574
7789045489	355795
7789045609	354695
7789045619	356969
7789045689	354896
7789045819	356158
7789045839	357305
77890458679	357700
7789045869	356744
7789045949	354810
7789046069	355443
7789046259	357725
77890462669	355521
7789046269	355526
7789046339	356069
7789046359	355500
7789046369	354501
7789046459	356893
77890464649	354383
7789046509	355304
7789046609	354535
7789046659	354464
77890466759	356070
7789046689	356138
7789046699	354333
7789046709	357845
7789046719	356583
7789046739	357599
77890467459	354341
7789046789	356550
7789046869	355737
7789046879	354259
7789047019	356307
7789047049	356906
77890471609	356728
7789047169	356729
7789047199	354826
77890471999	354826
77890472569	356139
7789047309	354637
7789047319	355852
7789047329	357082
7789047339	354651
7789047369	356640
7789047379	354518
7789047389	356317
77890475669	357391
77890475799	358047
77890475959	355373
7789047599	355372
7789047679	356015
77890477779	357079
7789047789	358068
7789047819	357090
77890480779	357558
77890480809	354885
7789048139	355701
77890482469	357302
77890482599	356228
7789048279	357106
7789048339	357645
77890484159	356552
7789048459	354610
77890484609	355310
7789048499	355097
77890485019	357667
7789048519	356939
77890485279	354562
7789048569	356089
7789048639	354733
7789048649	355191
77890486689	355569
7789048669	357640
77890486719	355638
7789048699	355708
77890487709	355444
7789048779	354372
7789048849	356379
77890488539	356379
7789048879	357794
77890489109	358081
77890489369	356638
7789048939	357857
7789048989	355285
77890490099	358014
77890490129	356818
7789049029	354521
7789049079	354753
77890490839	354723
7789049089	355050
7789049159	356571
7789049179	357049
77890493069	357104
77890493229	355281
77890493359	357793
77890493649	357026
77890493779	354937
77890493809	357557
77890494509	357110
77890494929	355245
77890495049	354359
77890495469	354508
7789049559	354460
77890495599	358053
7789049619	354818
7789049639	355586
7789049659	355721
7789049769	356862
77890497869	355236
7789049789	354417
77890498019	355257
7789049969	357250
7789050049	354447
7789050149	357219
7789050199	355044
7789050229	354760
7789050299	355180
77890503089	354406
7789050359	355619
7789050469	354315
77890505809	355040
7789050589	357214
7789050699	356575
7789050949	355949
7789050959	356264
7789051009	354725
7789051049	356900
77890510889	355057
77890511299	354570
7789051139	356774
7789051219	355384
77890512289	358132
7789051259	354866
77890512609	357734
7789051319	354592
7789051469	355704
7789051489	357063
7789051499	356586
7789051529	355428
7789051559	357212
7789051629	357210
7789051709	354632
7789051759	354765
7789051799	356079
7789051819	355316
77890518809	354872
77890519189	355968
7789051949	355492
7789051959	355221
7789051969	355654
7789051989	357950
7789052009	356747
7789052079	355433
7789052129	356626
7789052239	356271
77890522639	357397
7789052389	356600
7789052399	356147
7789052479	357252
7789052509	355495
77890525159	357854
7789052519	356710
7789052539	358093
77890525609	356167
7789052579	356199
77890525999	355255
7789052709	354927
7789052759	354282
77890528679	357186
77890530139	356901
77890530559	355823
77890531129	357556
7789053249	354996
77890532539	355170
77890533369	354550
7789053459	356294
77890535769	355111
77890535929	355109
7789053619	357096
7789053629	355625
7789053679	354624
7789053739	354708
7789054009	355364
7789054069	354774
77890541999	358069
77890542019	355035
7789054209	354457
7789054249	354410
7789054289	357408
7789054439	357912
7789054549	355934
77890545539	355402
7789054599	356691
77890549469	358039
7789054979	357751
7789055139	357744
77890552179	357809
7789055279	356969
77890553879	357754
7789055419	357574
7789055559	355308
7789055599	354918
77890557259	355460
7789056069	357743
7789056319	356759
7789056519	357242
77890568699	357300
7789057499	356875
77890581339	357899
7789059379	355015
7789059519	357471
7789059639	354215
7789063809	354370
7789064379	356685
7789065429	354437
7789065459	357338
77890654989	355931
77890665459	357541
77890674789	354513
7789072759	355723
7789073109	356125
77890731369	356160
77890733349	357871
77890747209	357424
77890773109	354483
7789080009	354215
7789080159	355403
7789080279	354213
77890815489	355452
7789087659	355761
77890925669	356945
7789092649	357028
77890929179	354374
7789093169	354215
77890941409	356086
77900000119	159898
77900000379	159836
77900000379	159841
77900000959	159753
77900001109	159704
77900001529	159843
77900002229	159822
77900115639	159813
77900116339	159868
77900118029	159920
77900118449	159877
77900136559	159738
77900191039	159860
77900192289	159852
77900192579	159956
77900192609	159859
77900194429	159956
77900194849	159818
77900306679	159880
77900306839	159880
77900334979	159855
77900335259	159855
7790040669109	19805
77900471339	159955
77900491849	159941
77900501739	159703
77900501739	159703
77900501869	159671
77900513299	159936
77900513749	159915
77900514999	159721
77900514999	159722
77900524509	159702
77900536069	159802
77900650369	159775
7790070411549	191621
77900806179	159838
77901007889	257930
77901008589	257930
77901008589	261214
77901008909	257934
77901263209	261206
77901653529	257956
77901801609	257937
77901801609	257939
77909001209	146326
77948009099	46810
77948246609	46809
779566111689	240392
779566111719	240387
77958232609	34371
77958244039	245240
77958464819	34409
77958528719	34413
77958530279	34412
77958530309	34377
77958585729	245207
77958592369	245165
77958592499	245168
77958592499	245248
77958624909	364131
77958630429	363248
77958640909	313499
77958690409	245201
77958690539	245189
77958690539	245189
77958690829	245181
77958694919	34390
77958697699	245188
77958761109	184184
77958790239	245225
77958816359	34386
77958816649	34360
77958818209	274480
77975021309	306213
77975021859	306214
77975022979	306256
77975028049	82413
77975028049	82438
77975035139	306254
77975042489	306179
77975081099	306177
77975081099	306299
77975082119	306273
77975085219	82412
77975085219	82439
77975086179	306175
77975086179	306302
77975087329	306413
77975088159	306195
77975088159	306379
77975089729	306404
77975090879	306189
77975091289	306246
77975091449	306237
77975091739	306228
77975091869	306231
77975092439	306432
77975092569	82440
77975092729	306136
77975093139	306341
77975093269	306098
77975093429	306195
77975093689	306163
77975093719	306138
77975093849	306322
77975093849	306403
77975093979	306155
77975093979	306155
77975093979	306287
77975094259	306121
77975094259	306345
77975094419	306264
77975094419	306356
77975094709	306130
77975094709	306280
77975094969	306174
77975095089	306430
77975095379	306178
77975095379	306300
77975095539	306196
77975095539	306307
77975095669	306352
77975096369	306288
77975099889	306139
78000000399	3407
78000001259	48249
78000008319	3398
78000011869	350012
78000012149	3409
78000013719	66836
78000013719	66843
78000013979	66820
78000013979	75725
78000015119	18911
78000016109	312580
78000018509	350015
78000019339	66823
78000019469	312584
78000019629	286972
78000019889	286963
78000019889	286977
78000020809	79853
78000021219	48266
78000021219	48267
78000022919	79883
78000023589	18913
78000023749	350007
78000025569	48214
78000025569	79889
78000025989	319206
78000026399	286964
78000027679	319215
78000027709	319216
78000028379	79841
78000029659	286959
78000030259	48229
78000032949	319209
78000033519	79826
78000036299	79828
78000050769	312581
78000052169	79878
78000052459	18905
78000060249	319206
78000092639	72527
78000118469	319237
78000121469	319154
78000122169	79866
78000147469	48249
78000147469	48256
78000148169	48269
78000148459	48224
78000180169	350237
78000180169	350237
78000180749	350237
78000204469	286961
78000204469	286962
78000218459	286991
78000230239	318868
78000394849	66787
78000394849	66840
780004026069	56033
78000809879	79841
78004101009	19248
78004542819	43702
78013000119	125140
780244199929	240428
7804621310059	267518
7804623310019	86421
7804655060159	196276
7804655060869	196275
780526239299	49255
780526240349	65155
780526512569	18476
780562040019	320834
780562041559	320862
780562051329	320800
780562111399	320864
780562150299	320852
780562152699	320756
780562860259	320841
780562870319	320863
780562880349	320860
780562880479	320871
780562890089	229296
780562890119	320846
780562900139	95353
780746111559	322006
780746111689	322014
780961000539	156275
780961000669	156252
780961020469	156254
780961206009	156264
780961206139	156257
780961206269	156272
780961430039	156265
780982009009	235288
780993520029	90826
780993520029	90826
780993524539	90812
780993543219	90808
780994790209	137752
780994799219	137736
780994802209	137686
780994804609	137692
780994807679	137697
780994807709	137653
780994807839	137724
780994822689	137630
780994822719	137689
780994826519	137704
780994833029	137637
780994833289	137635
780994833319	137642
780994834989	137615
780994838949	137640
780994839069	137633
780999000259	315673
780999002109	315674
781039	341149
781055075259	306988
781055075389	306990
781138707169	236035
781138709019	236032
781138710169	236002
781138714099	236054
781138715089	236029
781138715249	236003
781138726139	236043
781138772129	236009
781138777209	235998
781138799119	235992
781138807159	236034
781231000419	267837
781347710899	56855
781347711049	57060
781360793619	302444
78141105229	73054
781421002339	178231
78146401289	319137
78146501699	319250
78146501729	319227
78146810029	134840
7815002489	220760
781648179739	23745
781678018619	230130
78184339469	53601
78185011289	218027
78185071009	218033
781923128049	190570
781923412179	190574
7819609	268367
782045100159	24224
782045100449	24225
782045112749	24200
782045113159	24194
782045113159	24203
782045115009	24209
782045117669	24216
782045759609	103051
7820809	312594
782150092349	153093
78216004259	329179
78216004549	329182
782253011049	222151
782253011209	222150
782269315209	194495
782301236929	159042
782405440079	130378
782405480099	130376
78255003169	260433
78255004609	260428
78255040119	260420
78255040409	290131
78255064139	260432
78264045129	295955
78264046089	145046
78264047109	295857
78264062089	145055
78264067329	238143
78264076109	295858
78264083169	260463
78264322459	145031
78265003029	190665
782706184689	83828
78271222209	351746
78271222759	351753
78271647859	351756
782733000099	326541
782733000259	326534
782733000389	326557
782733010029	326566
782733012139	326545
782733012269	326563
782733013549	326579
782733020639	326544
782733311119	326517
782733621119	326515
782796015429	245515
782796019809	155455
782796021239	245480
782796021499	245413
782796021529	245479
782796021659	245530
782796021949	245503
782796022809	245353
782796023189	245509
782796023219	245403
782796023349	245495
782796023639	245380
782796024179	245496
782796024209	245483
782796025619	23060
782796026289	35870
782796027019	23002
782796028009	245524
782796028429	245409
782796029259	245372
782796031009	35964
782796031269	174668
78296012069	118928
78296158729	118930
78296394509	267480
782993050889	298771
782993050919	298772
782993057239	298774
783019	341251
783025030039	346924
783041341249	271036
783045588879	37658
78314021509	194448
78314201369	194434
78314405019	194435
783206001049	80502
7832309	79830
78336817609	49407
783390000439	271604
783390002679	271595
783390002969	271608
783390003379	271594
783390003409	271606
78354303559	45575
78354505779	45499
78354700839	45542
78354703939	45547
78354703939	45548
78354707289	45554
78354708439	45608
78354708439	45665
78354709009	45626
78354710159	45531
78354711989	45557
78354712399	45566
78354712849	45596
78354714959	45507
78354715109	45497
78354715109	45503
78354715949	45534
78354716069	45493
78354716199	45577
78354716489	45521
78354716489	45639
78354716519	45647
78354716519	45669
78354718919	45641
78354719039	45520
78354719039	45523
78355541059	331494
78355570059	331509
78355600039	128925
78355600169	331500
78355700029	331501
78355900009	331502
78355900139	128937
783583896689	341418
783583989329	332745
783583999809	68656
783760100899	181739
783860700029	112538
783919054639	294651
783919125339	294652
783919132139	294648
783919132719	3533
783919137639	294669
783919187139	294647
783919400139	294663
783919440319	3530
783919512429	9540
783963000699	15769
783963003119	77270
783963006189	77272
783963006349	183938
783963008169	290711
783963008589	77259
783963008879	77266
783963009869	344733
783987710659	345004
783987750259	344990
783987872609	254269
783987882059	10756
78400000579	48577
78400001019	366718
78400002009	366728
78400009299	366727
78411102019	46152
78411102019	46154
78411108509	46169
78411108509	46173
78411121089	46162
78411121089	46180
78411123199	46160
78411123199	46178
784428000209	213838
78466470439	348752
784672289719	349260
784672300889	65594
784672903479	261015
78469212289	92512
78469571409	92503
784742080819	329998
784830000729	317395
784830000989	317368
784830001009	317372
784830004109	317383
784830100009	317393
784830100979	317388
78487452759	192190
785002010539	330836
785002227159	330837
785030021019	273477
785030021149	273458
785030555569	273475
78516903009	344191
785328019919	48313
785331022319	131289
785331026119	131285
785331723469	3665
785331757129	131288
785331778209	131297
785331822339	131282
785331962059	131308
785331963049	131283
785357017399	247949
785357017429	247948
785391570119	32355
785391675029	17688
785391701179	17694
785391703159	17692
785397000399	330316
785514002299	181089
785514002749	181078
785514005429	275449
785621508059	257486
785654000209	75278
785654000629	235943
786012004549	86891
786029001029	118389
786119001069	57693
786162004369	351625
786162105349	304253
786162410689	304255
786162411419	116002
786162411419	304249
786202775129	70740
786278125149	102728
786381918829	134977
78642102659	366257
78642302219	366264
78642603019	366258
786516760019	53274
786516760079	53270
786560000369	211747
786560000659	211791
786560146869	211778
786560502399	211780
786560557009	211767
786560557139	211781
786560657969	211760
786560663069	211787
786560801379	211795
786571006169	115260
786791000619	24388
786791002019	24389
78684737499	60285
786969010259	222026
786969010389	222019
786969030059	222023
786969030189	222012
78700004949	21021
78700015259	8756
78700016249	124647
78700572509	234647
787006044169	90248
78700801579	224237
78700801609	224254
78700802729	124648
78700803269	224286
78716001369	17861
78716087509	17833
78716111709	17840
78716111839	17848
78716268809	17860
78716400049	17816
78716701559	17891
78716901669	17884
78716902109	17800
78716909429	17831
78728332529	318943
78728503189	46970
78732002159	50465
78732004009	50471
78732004139	50469
787325200239	43144
787325202639	43165
787325400219	43141
787325500179	43138
787325700739	43173
787325701699	43130
787359100079	105023
787359100109	105082
787359100239	105080
787359103749	105069
787359103759	105019
787359112829	330086
787359114069	105036
787359133039	162829
787359133169	162837
787359133299	162850
787359133329	162828
787359133459	162854
787359175039	105051
787359177019	105087
787359179839	105089
787359190049	105017
787359190209	105072
787359476419	105024
787359560989	330103
78742000169	126132
78742000299	281920
78742000459	16693
78742000619	127299
78742001319	125720
78742001579	126316
78742001999	128781
78742002149	127631
78742002279	126445
78742002309	128644
78742002569	211171
78742002729	69373
78742002859	211036
78742002989	105521
78742003979	127421
78742004099	105760
78742004549	210674
78742004709	211215
78742005409	128494
78742006079	128675
78742006239	127723
78742006819	211030
78742007359	127589
78742007779	281787
78742007809	281977
78742008059	128594
78742008219	125858
78742009209	105582
78742009469	126102
78742010359	126762
78742011219	105582
78742011769	329799
78742012889	128098
78742012919	126204
78742013169	353004
78742013299	128769
78742014449	127658
78742014999	128255
78742015279	125846
78742015569	126520
78742015699	128361
78742016009	125785
78742016009	128440
78742016399	353050
78742016429	125876
78742016559	128509
78742017099	127656
78742018669	127318
78742019659	105410
78742020389	127728
78742020419	126804
78742020549	126257
78742020679	128592
78742020839	125966
78742020969	127215
78742021249	127085
78742021959	127412
78742022949	126556
78742023809	329893
78742024479	126180
78742024509	128193
78742024639	125415
78742025599	201488
78742025759	329992
78742027159	329757
78742027449	126851
78742028279	282056
78742028699	126831
78742028989	281755
78742029009	105761
78742029139	126803
78742030579	282008
78742030739	128290
78742031729	128645
78742033679	80021
78742033709	127164
78742033969	126414
78742034119	126526
78742034669	210912
78742035949	127992
78742036229	126881
78742036649	281914
78742036779	127437
78742036809	126834
78742037639	105389
78742037899	128265
78742038049	105453
78742038469	65991
78742038599	258589
78742038919	258610
78742039039	105341
78742039299	128616
78742039749	128143
78742040059	128768
78742040509	126719
78742040639	127333
78742041049	105511
78742041629	127662
78742041889	69339
78742042589	69367
78742043609	69380
78742044149	211096
78742044569	210887
78742046129	127690
78742046389	69355
78742046549	210862
78742046839	126756
78742046969	125783
78742047089	125616
78742047119	128385
78742048369	126185
78742049199	105752
78742049489	281955
78742049779	329932
78742049809	127398
787420499309	127115
78742049939	128719
78742050089	127484
78742050379	128909
78742050409	125604
78742050539	127257
78742050829	126142
78742051079	281941
78742051109	281894
78742051369	128404
78742051499	329977
78742051529	105562
78742051659	127882
78742051789	58586
78742052069	128346
78742052199	126799
78742052229	127015
78742052649	329649
78742052779	105752
78742053059	125526
78742053349	127357
78742053509	126903
78742053929	126024
78742054209	128774
78742054629	329958
78742056289	329983
78742056579	258572
78742056869	282013
78742056999	211224
78742057019	211042
78742059419	126486
78742059709	126051
78742059839	69289
78742059969	126488
78742060019	245907
78742060439	127470
78742060859	126238
78742061009	69166
78742062099	128593
78742062129	258557
78742062679	69379
78742062969	330010
78742063249	281865
78742064499	127864
78742064529	127670
78742064949	125399
78742065229	128016
78742065359	128775
78742065939	126643
78742066639	126184
78742066929	126273
78742067629	126076
78742067759	105513
78742067889	258615
78742068039	258572
78742068329	69188
78742068459	128093
78742068589	69283
78742068749	69220
78742069029	69279
78742069449	127620
78742072869	329966
78742073149	128194
78742073439	128040
78742074399	125779
78742074429	125728
78742074689	69291
78742074849	69241
78742074979	125764
78742075389	128336
78742075549	329961
78742075839	128833
78742075969	329647
78742076089	127188
78742076119	258604
78742076379	258582
78742076409	126613
78742077109	126145
78742077239	352927
78742077499	127766
78742077529	127827
78742077789	126876
78742078069	329758
78742080109	127590
78742080369	16696
78742080659	125392
78742081069	282113
78742081489	211069
78742081779	258594
78742082189	329982
78742082479	126373
78742082509	128557
78742082639	127319
78742082769	127655
78742082929	128652
78742083049	125730
78742083469	155841
78742083629	128330
78742084169	58625
78742084749	126677
78742085319	329865
78742085579	126570
78742085609	127294
78742085869	126349
78742086439	329827
78742086699	128523
78742086729	126870
78742087009	126875
78742087139	329651
78742088389	126197
78742088839	126422
78742089119	128665
78742089249	105755
78742089379	329801
78742089829	128487
78742089959	128048
78742090139	128759
78742090689	128430
78742091709	353069
78742092959	128032
78742095219	126967
78742095349	69243
78742096599	281990
78742096759	128574
78742096889	281934
78742096919	125981
78742097329	69254
78742099019	69162
78742099279	127044
78742099439	128499
78742099699	125396
78742100159	125430
78742101309	128033
78742101439	281960
78742101989	69193
78742102429	127248
78742103389	282084
78742104119	211298
78742104829	69169
78742105239	127378
78742105369	127978
78742105499	282112
78742105949	69189
78742106779	69267
78742107189	125612
78742108919	58603
78742109589	69180
78742110189	128639
78742110219	125611
78742110349	282169
78742111179	281813
78742111209	105663
78742111599	69159
78742111919	126966
78742112619	142991
78742113029	127981
78742113579	127975
78742113739	329963
78742113999	69175
78742114019	69276
78742114279	125475
78742114569	125599
78742114859	126589
78742115009	329642
78742117089	210608
78742118109	211052
78742118499	128849
78742118789	281749
78742119069	128219
78742119359	102120
78742121789	126340
78742121949	125417
78742122069	126644
78742122229	125710
78742122489	125743
78742122519	127901
78742122779	126568
78742122809	128146
78742123059	128355
78742123349	105511
78742123479	329778
78742123929	126193
78742124599	69360
78742125909	58571
78742126159	127993
78742126319	281932
78742126579	128452
78742126609	282185
78742126869	128863
78742127019	127387
78742127309	127862
78742127439	128507
78742127729	127685
78742128009	126943
78742128429	125696
78742128559	127547
78742128689	127480
78742132259	105329
78742132389	105621
78742132419	105327
78742132549	329776
78742132709	329646
78742132969	128464
78742133089	127935
78742133119	127565
78742133379	282146
78742133669	127750
78742133799	127751
78742133829	352913
78742134079	353041
78742134369	353066
78742134789	352967
78742135069	127543
78742135199	128619
78742135359	128687
78742135489	329688
78742135649	329888
78742135779	127555
78742136059	128101
78742136349	127099
78742136509	282108
78742136899	211069
78742139289	126071
78742141039	128244
78742141299	281726
78742141329	125977
78742141589	128686
78742141619	127540
78742144009	210783
78742144559	282099
78742144719	126295
78742144979	211102
78742147079	281897
78742147109	125972
78742147239	127599
78742147659	105337
78742148779	127757
78742149059	281811
78742149189	281869
78742150499	211103
78742151519	281821
78742151649	281826
78742151779	282091
78742151939	128176
78742152059	126518
78742152219	329931
78742155289	126289
78742155319	281907
78742155579	128160
78742158099	127282
78742158129	128187
78742158259	128234
78742158419	128615
78742158549	281809
78742159089	125398
78742159249	128144
78742159379	127430
78742159959	128112
78742160269	210576
78742162249	329808
78742162379	282160
78742163529	127295
78742164229	210570
78742165769	105511
78742169019	211120
78742169439	210822
78742169569	211321
78742178509	126846
78742178899	105727
78742181189	126016
78742181479	126341
78742181509	125417
78742182179	210832
78742183909	128691
78742189369	126845
78742189499	128518
78742189529	127516
78742193939	125564
78742194189	282171
78742194349	125947
78742194479	128671
78742194639	128655
78742194899	126706
78742194929	126461
78742195049	125533
78742198439	126226
78742198569	127986
78742199009	128000
78742199139	125800
78742199689	126030
78742199849	58632
78742200699	281760
78742200989	126837
78742201139	127956
78742201269	126813
78742201399	127774
78742203089	211314
78742208039	127316
78742208329	128802
78742209579	210910
78742209999	126496
78742211169	128726
78742212579	282003
78742213279	127735
78742213309	127541
78742213569	126307
78742215099	126225
78742215129	128252
78742215549	105751
78742218199	211078
78742219479	126070
78742220789	126587
78742221489	105325
78742222349	352997
78742222479	105423
78742222509	105424
78742222769	127638
78742222899	128216
78742223179	127755
78742223599	353024
78742223629	353000
78742223759	128807
78742224879	211081
78742225739	128321
78742225999	126262
78742226019	126272
78742226149	75765
78742226859	124839
78742227009	211307
78742228679	126503
78742228709	128824
78742228839	126975
78742229249	210677
78742229539	125455
78742229799	125380
78742230139	125754
78742230399	126500
78742230429	211091
78742230689	126357
78742231259	125468
78742231389	128684
78742231549	125827
78742231969	127097
78742232249	282094
78742232799	128376
78742232829	126765
78742232959	126815
78742233079	128649
78742233789	210993
78742235769	281769
78742235899	126234
78742235929	126157
78742236049	127598
78742236179	127299
78742236209	128702
78742236469	281745
78742236599	125968
78742236629	127043
78742236759	127413
78742236919	282066
78742237039	127144
78742237329	125697
78742237459	126098
78742237589	128566
78742237619	126601
78742237749	282134
78742240169	126705
78742241579	105560
78742241739	126892
78742241869	125909
78742241999	127830
78742242019	127318
78742242989	211004
78742243009	210754
78742245799	127364
78742246109	127585
78742247519	211122
78742247939	210985
78742248189	210943
78742248219	125665
78742248479	128522
78742248509	125898
78742248769	126981
78742249049	127227
78742249469	128457
78742251349	210706
78742252599	128061
78742252919	126627
78742253879	128182
78742254159	105597
78742254289	128125
78742254319	126821
78742254609	125997
78742254869	210792
78742255569	210905
78742256849	127453
78742259369	281994
78742259499	329731
78742259529	329734
78742259659	329664
78742259819	128026
78742263069	230539
78742263199	128115
78742263359	281887
78742265339	210844
78742266879	210645
78742267449	127276
78742267579	125427
78742267609	126202
78742267739	127175
78742269399	353011
78742269559	353012
78742269689	353009
78742276229	127137
78742276489	329669
78742279619	127763
78742280189	127767
78742280349	127401
78742283289	127821
78742285269	211023
78742285399	211236
78742285429	128823
78742287119	210668
78742288079	210925
78742288499	211245
78742289359	211048
78742293479	210691
78742293509	211168
78742294179	210953
78742294469	128315
78742294759	128798
78742294889	127610
78742295039	125853
78742295169	126359
78742295329	58645
78742295459	127795
78742295589	127574
78742295619	127571
78742295879	125692
78742296029	281805
78742296159	127489
78742296579	126274
78742296609	127491
78742297019	128627
78742297149	127133
78742297309	127649
78742298429	127815
78742298689	105391
78742298849	105610
78742298979	353049
78742299679	105674
78742299839	105427
78742299969	105609
78742300689	127523
78742300719	126704
78742307299	126246
78742307329	127271
78742307459	126735
78742308999	127307
78742309439	127806
78742309729	128288
78742309859	127244
78742313269	128684
78742313689	210751
78742315799	126078
78742315829	126681
78742316109	125847
78742316239	125731
78742321219	210621
78742322049	105631
78742322209	105511
78742322759	105574
78742323039	105524
78742329819	126630
78742329949	126221
78742330839	105401
78742330969	281890
78742331089	127240
78742331119	127157
78742332499	126852
78742333069	127858
78742333199	105639
78742333229	105670
78742333359	352974
78742333489	352957
78742333519	105770
78742333779	125899
78742333809	126106
78742333939	127013
78742334189	128640
78742344669	128667
78742346199	126858
78742346359	128588
78742347769	128283
78742347899	126930
78742347929	126109
78742348339	128292
78742348599	128886
78742348629	128005
78742348919	127977
78742350899	125609
78742350929	126596
78742351049	127360
78742351179	126139
78742351889	125374
78742352039	125373
78742352169	125382
78742352589	125440
78742353289	127624
78742353319	127598
78742353999	352999
78742354859	127709
78742354989	125522
78742355009	127655
78742355269	58619
78742355429	126395
78742355979	58609
78742357089	128839
78742357119	126906
78742357249	127181
78742358499	105511
78742359069	105374
78742359489	105511
78742359519	105518
78742359809	128403
78742359939	128292
78742360119	126718
78742360829	125940
78742361789	126739
78742362519	127259
78742362779	202205
78742362809	105477
78742363929	127298
78742364049	281974
78742364629	125489
78742364759	127100
78742365749	128794
78742365879	105752
78742366159	126334
78742366289	105504
78742366739	125483
78742366869	128289
78742366999	128783
78742367019	128505
78742367149	127471
78742367279	127883
78742367309	58615
78742367699	352946
78742367989	105383
78742368009	105375
78742368139	105675
78742369259	128398
78742369549	128600
78742369679	125683
78742369709	127813
78742369839	125454
78742370019	126314
78742370859	126369
78742371269	125489
78742371399	127420
78742371559	127890
78742371689	127618
78742371849	125964
78742371979	105357
78742372099	128216
78742372129	127132
78742372389	125375
78742372839	126982
78742372969	126874
78742373089	126533
78742373379	126555
78742373409	126339
78742373669	127611
78742373799	126027
78742373829	127325
78742373959	126046
78742374079	126262
78742374109	127190
78742374529	127603
78742374659	128715
78742374789	127983
78742374949	105380
78742375359	127952
78742375649	125675
78742375779	127918
78742375939	105691
78742376219	220907
78742376349	105781
78742376479	105726
78742376509	105410
78742376639	105768
78742376899	105585
78742376929	105380
78742377049	128368
78742377179	126703
78742377209	128309
78742429779	128845
78742429809	127951
78742430409	80023
78742431079	126004
78742431109	127309
78742431949	127109
78742433219	126629
78742434179	128224
78742436999	210808
78742438399	211015
78742442679	105338
78742442839	105546
78742442969	105374
78742443119	105475
78742444499	210804
787545005249	21110
787545005249	21111
787595603549	330102
78767000519	269000
78767000649	268972
787692350209	184540
787692832279	184563
787692833689	184509
787692835409	184537
787692835539	184517
787692837649	184602
787692838349	184602
787721600039	49375
787790055969	162740
787790330219	35295
787790711759	11734
787790822769	278336
787810000429	320812
78783555109	130361
78783908219	47282
78783920099	343659
787949	341165
787984080029	61262
787984366499	61256
78800115309	347568
78800115439	347553
788022070989	220884
788022072549	139382
788115752259	73244
78812008859	213499
78812097259	213554
78812327509	213513
78812369509	213555
78821101749	228672
78821200879	228676
78821201869	228678
78821202439	228669
78821290009	60022
788434102629	235810
788434104449	235788
788434105729	235826
788434106849	235776
788434107969	235770
788434108089	235773
788434108119	233687
788434108379	235798
788434108799	235818
788434108829	235786
788434110389	233692
788434114639	233684
78853002069	37083
78853240249	83839
788533300599	78382
78858518039	182158
78858520339	182162
78858520629	182130
78858520919	182146
78858540009	182125
78858540139	182144
788709179189	94392
788709271029	94400
788709600249	94301
788709630079	94326
788709632059	94355
788709633049	94346
788709633179	94331
788709633209	94325
788709633339	94353
788709633469	94310
788709633599	94383
788709633629	94384
788709634039	94413
788709636019	94347
788709697669	94409
788709727809	8045
788709800939	94405
788709827929	94322
788709935679	94324
788709990739	94362
788767006779	30161
788767006809	30159
788767007769	30162
788767090549	30166
788809	339453
788821013149	290853
78883115609	46260
78883240219	181827
78883760229	58952
78895120509	184112
78895128789	184099
78895131079	184087
78895145359	184081
78895147889	184021
78895150339	184084
78895158519	184071
78895800319	184032
78902336169	342020
78902400129	342061
78902410289	342027
78902411149	342018
78902411149	342018
78902675589	342030
78902675619	342024
78907250149	158993
78907250279	158994
78907780349	85031
78907916069	305532
78911025269	324913
78913170479	164806
789180659429	178026
789267018569	284743
789280009049	246230
789280023069	246222
789280108049	8760
789280179049	8761
78929335879	189127
78929335879	189138
78935005339	280130
78935714859	280133
78951501259	247308
789592130349	38815
789592192149	38820
789592982719	38817
7896035921129	10100
789707720229	235291
789707722179	235302
789707722339	235308
7897209	79830
78976181139	344145
78976321399	344147
789785019659	302561
789785358949	302565
789785487809	302600
789785500089	302551
789785501499	302571
78982109349	274097
78982115869	274088
7898965318109	328203
790011160489	157739
790011210399	157732
790011800019	157730
79002946159	46967
790105039	18912
790110019	85504
790330061009	272142
790334451509	130447
790334602079	370957
790350019	48404
790400349	360946
79041731549	125004
790429213739	349034
790429213739	349034
790429230569	348977
790429232419	349006
790429232709	348903
790429232839	348910
790429233829	348946
790429236639	155790
790429241039	349044
790429241299	349048
790429241329	348912
790429241459	349047
790429244849	349055
790429245709	349018
790429247499	349004
790429247529	349057
790429247529	349059
790429259539	348994
790429262669	349070
790429262829	349064
790429263239	348920
790429266339	348996
790429270039	348969
790429270589	349010
790429270589	349012
790429271579	349028
790429271999	348932
790429272019	348999
790429272149	349014
790429272279	349045
790492580189	159014
790513142259	115440
790580025899	181008
790580025929	181025
790580404649	60742
790648071349	195935
790687061219	299319
790800019	142466
790874001059	79518
790874373989	79533
790874400159	79522
790874500019	79508
79088100209	171597
79088104139	171580
79088701109	171589
790956404129	361318
791006011519	125113
791083007429	82099
791083624039	82082
791083632959	82072
791083634649	3582
791083634809	82047
791083641999	82047
791083646079	82096
791083647489	82100
791083649599	82063
791083649889	82086
791083650779	82080
791090193269	71645
791090438919	271167
791090770569	190719
791090770729	190717
79113271959	332540
79113341119	115978
79113444629	115982
79113460049	118300
79113461039	118485
79113461169	118492
79113462579	305298
79113462609	115980
79113730029	74690
79114145129	154550
79114211169	262848
79114221199	154551
79117011049	11864
79117043439	11891
791181072589	73879
791241500519	116989
791241501059	116971
791241504289	116986
79126100369	317614
79126100499	317617
79126315169	317610
79126714009	317619
791309031009	185341
7914700009	281152
79147001379	102654
791545210169	230074
791545261529	230077
791684040399	345536
791684040429	345547
79176019109	217722
791833100059	145844
791833100189	145756
791833101759	145839
791846251359	187822
791863140759	93992
79200002589	179068
79200003579	226659
79200049249	226639
79200049669	226649
79200049829	226590
79200049959	322664
79200050009	322648
79200053819	179096
79200057619	226592
79200066239	147050
79200073619	186764
79200074869	322641
79200079529	226592
79200109929	226637
79200123109	311736
79200156299	115181
79200170929	322693
79200227319	186761
79200269159	322685
79200297619	226622
79200324889	186757
79200341039	322690
79200365189	322729
79200370749	322702
79200409449	322662
79200424039	107069
79200433949	322644
79200540319	226643
79200541439	322709
79200560249	179068
79200600129	179075
79200646479	322639
79200715359	226561
79200725549	116750
79200773809	226566
79200774479	226565
79200782559	253488
79200830649	322658
79200857509	322715
79200871659	226617
79200910259	226564
79200931599	226574
79200998899	322724
792080001489	247981
792080003209	341531
79212219449	288478
792186062759	138626
792186062889	138633
792186080159	138619
792186096839	317359
792186096969	317349
79228300049	157065
792338105969	170150
792338105969	170152
792338717469	336201
792338718299	170162
792338718299	170183
792338761479	170178
792338761479	170178
792338818289	170160
792851356589	148681
792851359559	302167
79296903029	65167
79296905139	190584
79300014949	144084
79300093449	287838
79300813849	144103
79300851889	287865
79303008679	362147
79311997019	174658
793124015639	188928
793216074209	90016
793232111179	279741
793232111209	279709
793232111599	279710
793232111919	279738
793232516219	279705
793232617329	279707
793257622049	213514
793396001309	193889
793396130009	193888
793396216369	28940
79339681089	59965
793396817689	204494
793396820009	368967
793396851089	59965
793396851119	59978
793396852239	59727
793396901319	59767
793396910069	60309
79341226189	78296
79344077559	284669
793573031549	330708
793573047359	256141
793573055019	365398
793573069399	320233
793573069979	197114
793573083159	54597
793573092519	350763
793573110909	64312
793573160089	309326
793573173799	92403
793573184269	30466
793573321039	212263
793573348609	212267
793573692719	251840
793573781239	282216
793573799579	39637
793573868619	197157
793573908179	101392
793573935779	282214
793574637849	367759
793577011509	315099
793577018409	315058
793577235509	250705
793577280509	315123
793577290409	315120
793577380209	250713
793597037299	229469
793617006069	362743
793674830379	107043
793809405229	61606
794020143389	90250
794028600419	294674
79403568929	275371
794063963319	71988
794143110169	53463
794171151509	130373
794213000239	320973
794213031639	320976
79426055529	272859
79426211109	272838
79426285209	272845
79426285469	329011
79426521239	272841
79429247499	348989
794299	341091
794376100449	78618
794376102009	255354
794376102139	255360
794504065329	306993
794504099409	90889
794504119169	275694
794504240719	275458
794504329469	21043
794504354409	124625
794504695519	124387
794504730159	344545
794504738919	116078
794504742039	204073
794504804829	279744
794504813029	279747
794504902419	51517
794504967319	280256
794504995619	278227
794522000579	327930
794522001439	327937
794522001439	327938
794522001569	327961
794522903009	327955
794522916009	327947
794522917709	327932
79462000569	21223
794711001219	108766
794711001349	108747
794711001769	187849
794711002179	108753
794711002599	212845
794711002889	108722
794711002889	108722
794711002919	108752
794711004999	108749
794711005569	258127
794711007709	374099
794711009789	108708
794711010419	187866
79471119429	187856
79471149679	187858
79471902229	108713
79471907149	108700
79473012179	161389
794890260049	53295
794890260179	53296
795130002399	130891
795130043309	130892
795154312849	157753
795159	339942
795239401109	328260
795239433209	328254
795349100039	331707
795400927339	158972
795404132029	220613
795404137079	220606
795436000679	13531
795631800449	65543
795631800739	65526
795631803709	65575
795631805079	278941
795631805659	65523
795631809619	65549
795631811339	65535
795631811599	65530
795631811919	265065
795631814859	278951
795631816839	60888
795631820409	220830
795631849219	65559
795631849479	65557
795631856989	65578
795631867169	268376
795631894509	278947
795706001009	119516
795709000139	352841
795709010039	352877
795709030099	352837
795709040029	352855
795709070019	352853
795709085129	352867
795709090079	352876
79581110019	326440
79581184089	47308
79581995289	47318
79581995319	47310
795853170689	215460
795944171939	10626
795944191579	10622
795944291989	10619
795944296069	10625
795981090439	244834
795981091009	244833
795981220089	244822
795981490239	244854
795981810549	244819
79606010409	334736
79606020149	334783
79606020279	334794
79606020309	334758
79606020439	334778
79606020699	334759
79606020729	181764
79606020729	181773
79606020989	334765
79606021009	334770
79606021269	334790
79606065669	334754
79606131159	181769
79606640439	181774
79606865559	334796
79606865719	334780
796149	339860
796168317219	38159
796168565009	78915
79618319149	69466
79618331509	253299
79618332209	253307
79618333909	253301
79618351149	69516
79618352269	69536
79618354959	69559
79618355109	69561
79618355659	69582
79618363159	69542
79618364569	69569
79618371109	69602
79618372199	69607
79618374179	69612
79618374339	69619
79618374599	69641
79618377149	69485
79618377279	69497
79618406009	69694
79618411799	69667
79618417609	69678
79618427509	69672
79618456509	69697
79618457759	69696
79618471069	69687
79618601459	30092
79621001239	370450
79621002649	370485
79621003059	370427
79621003769	370431
79621003899	370461
79621003929	370445
79621004049	370453
79621004179	370467
79621004209	370456
79621004339	370449
79621009419	370462
796220077099	199832
796220077129	199730
796252000409	163674
796252100079	163695
796252100239	122574
796252880049	35200
79679007689	311327
796853100089	168220
796853100249	168224
79694225129	234945
797043171339	244136
797043180089	244125
797043182519	244126
797043184469	244137
797043190019	244143
797043271039	244135
797043272029	244114
797043281649	244138
79706020049	181030
79706021039	181033
79706022159	181046
79711000029	172881
797179536859	4671
79729100759	18978
79729790219	18986
797299008069	41244
797299008199	41225
797299014749	41245
797429	339915
797442392809	63343
797442394759	63345
79746000179	203751
79746007819	203763
797514401149	214809
797565001039	341586
797565001299	341584
797565001879	313773
797565004399	341581
797565008779	341575
797565009189	319059
797565009349	319087
797565202269	96695
797565202979	97150
797565205109	96575
797565213999	96412
797571005359	265355
797589001039	73263
797589001039	105830
79763111919	302422
797734294019	19556
797734476729	195926
797734506679	263199
797734506709	263200
797734506969	263203
797776862429	57580
797817028319	197767
797817089679	197755
797817215559	197783
797817285279	197789
797817329829	197757
79783089809	18421
79783100139	165144
797833177039	106661
797833276329	106659
79783460899	18434
79792060059	65718
79792062039	65714
797945315039	190144
797945810459	65132
79800000169	138526
79800011219	138539
79801247709	28897
79801995969	28910
798051012089	351297
79813000279	38933
79813085689	38920
79821000469	89940
79821000469	89941
79821000759	333140
79821103009	145804
798304092349	92466
798304258479	228743
798304294279	214882
798304294309	214883
798304415889	249636
79834210329	190212
79836113109	60602
79836163029	351783
79836304019	4507
798493136879	49673
798493143839	49662
798493146489	49666
79851104229	59740
79851334039	122375
79851334299	60147
798525160209	44000
798612667079	18459
79879400549	13252
79879400679	13260
79879400709	13259
79879508559	13262
79893000039	295614
79893003009	197198
79893003399	197202
79893003689	237770
79893065069	237734
79893071459	237822
79893092959	237578
79893093079	237531
79893093109	237532
79893093239	237551
79893093529	237677
79893093659	236738
79893093949	237412
7989310099	237392
79893106229	237806
79893106489	296495
79893106519	296549
79893106779	297049
79893107479	296571
79893108629	82250
79893108889	236470
79893108919	236479
79893109039	236831
79893109169	236542
79893109329	236576
79893110059	237753
79893110769	237767
79893110929	237874
79893111179	237494
79893111759	237718
79893112909	237500
79893113449	237409
79893114309	237551
79893114439	197212
79893114569	237800
79893114729	237424
79893114859	236786
79893114989	236748
79893115139	82265
79893115399	236558
79893115559	237725
79893115689	236752
79893115719	236837
79893115979	236853
79893116099	236787
79893116259	236493
79893116389	237020
79893116419	236514
79893116549	236832
79893116679	236943
79893116709	236790
79893116969	236706
79893117089	236529
79893117119	236753
79893118079	236707
79893118109	237086
79893120379	236598
79893120829	237685
79893121079	236376
79893121529	236485
79893121659	236597
79893122229	236252
79893122649	237675
79893123769	237563
79893123929	237832
79893124179	237000
79893124469	236136
79893124599	236930
79893124759	237602
79893125039	237489
79893125169	237590
79893125299	237620
79893125459	236932
79893125909	236672
79893126449	236941
79893126579	237864
79893126609	237864
79893158259	236992
79893159379	237510
79893160399	237741
79893160429	237523
79893161259	236168
79893161389	236427
79893161679	237676
79893161839	237614
79893162089	236929
79893162119	236954
79893162829	236280
79893163079	237483
79893163109	237710
79893163239	237410
79893163499	236170
79893183619	82281
79893247069	236250
79893247199	236940
79893269429	237509
79893294599	237072
79893294629	236268
79893320069	236606
79893320199	236456
79893335049	236891
79893336879	236788
79893390239	236275
79893400549	236549
79893400679	236301
79893400839	236139
79893401669	236357
79893401799	236584
79893401829	236398
79893402239	236842
79893402369	236494
79893402529	236846
79893402659	237083
79893402789	236425
79893402819	236503
79893403069	236140
79893403359	236572
79893403489	237442
79893403519	236450
79893403779	236895
79893403809	236486
79893404189	236646
79893404219	236878
79893404479	236726
79893404509	239135
79893404769	236735
79893404899	236464
79893405049	237784
79893405629	236482
79893405889	236655
79893406169	236565
79893406329	236757
79893406589	236480
79893406619	236857
79893407449	236935
79893407739	237051
79893407869	236341
79893408279	236805
79893408439	236615
79893408569	237008
79893409009	239136
79893409399	236371
79893409429	236164
79893409849	236329
79893410029	236581
79893410319	236715
79893410869	237452
79893411569	236500
79893411699	236677
79893411989	236629
79893412399	236556
79893419039	236713
79893441009	237793
79893465029	236961
79893505169	236755
79893512389	236590
79893513249	237438
79893513379	236959
79893513409	236670
79893602059	236133
79893701929	236419
79893710099	237386
79893710259	237606
79893710549	237743
79893710679	237388
79893710709	237464
79893710839	236321
79893800219	82272
79893801209	237673
79893981079	236508
79893981659	236965
79893982069	237375
79893982199	236441
79893982229	236440
79893982359	237721
79893982939	237024
79894001899	135515
79894002049	135512
79894002179	135514
79894002599	135520
79894006269	135522
79900001059	370771
79900001219	370765
79900001219	370766
79900003039	370745
79900003039	370746
79900007549	370753
799046000029	85389
799055203619	76337
799055229619	76348
799055232619	76361
799055302619	76363
799055401619	76347
799055654619	76333
799055708619	76343
799055711619	76344
79911025129	222926
79911026089	222913
79911026119	222923
79911027079	222915
79911030079	222907
799137007319	156509
799137601159	156510
799137610069	156517
799137652069	156523
79916083339	253552
799189000429	95520
799210115009	32538
799210222219	32536
799210375069	32541
799210434049	32519
799210545479	32513
799210545479	32531
799210555539	32568
799210645469	32557
79927081119	347290
79927110109	347299
79927600419	347283
799424003109	40124
799471921029	373923
799475263019	245340
799475321719	312247
799475327049	177582
799491276239	10423
799491276789	331072
799512001529	144145
799512012099	57672
7995129	322682
799599010919	39031
799665050399	371338
79969	339973
799847008019	184934
79997000119	275913
79997001109	275909
79997111099	275910
80000003409	313384
80000005199	313354
80000005199	313441
80000005649	313420
80000005779	313441
80000014849	313441
80000221209	313377
80000495259	313377
80000495259	313463
80000495679	313377
80000505279	313403
80000513069	313458
80000514899	313470
80000517449	313386
80000518569	7863
80000518729	313367
80000519689	313454
80000519689	313455
80000520869	313422
80000520869	313422
80000522269	313479
800014280289	250632
800020423779	226826
8000300352849	66554
8000380205639	189182
800063700059	280180
8000781008839	240402
800091000619	317621
800093033059	323703
800093039709	323687
800093123569	106059
800093127109	227889
800093163169	242437
800093203209	227834
800093503309	227871
800093530749	227878
800093531289	227853
800093536109	51959
800093537519	323692
800093718109	62536
800093740179	323702
800093745839	323689
800093749349	51964
800093751069	323701
800093932079	51973
800093932529	51972
800093936039	51957
800093946809	106065
8001020110139	26035
8001043071349	110246
80016035319	197596
80020612209	3723
800222000969	155535
8002591301049	102760
8002630006959	210204
800265699359	334888
8002996303129	349991
800338000099	122659
8005159709	231538
80054633799	304338
8006013996639	26032
80062004109	130546
80062010179	214664
80062040039	248208
8006922078259	302421
80072940001139	269675
80072940115799	269695
8008245002829	231737
8008343200059	278822
8008348005529	328466
8009120005409	179724
8009193011079	196272
8012429000099	92693
80133890259	196187
8014294301509	275466
8014294301929	216185
8014941000069	37963
80153214059	146483
801538345379	146483
8015565030159	182689
8015565031859	182669
8015565035109	182675
8016419200179	70034
801693018149	190968
8017139100299	4903
80173140109	122825
8017490050929	10399
80177205149	84993
801815400449	267715
8019918180119	51943
8022717100479	182735
802630159819	4902
802763040039	321058
802763072139	295038
802763140579	321099
802763162519	321057
8032216472069	24903
803229	340257
8032595170259	273686
8032595175049	273654
8032715991719	77085
8032738592009	130788
8032755321439	154488
8032817240319	4937
8032817245109	4931
8032817246649	4921
8033462320159	196255
803658000169	226451
8036622240649	116047
803809087919	71391
803810232889	213418
803810234999	213419
803810990079	353662
803986070049	202722
804066000949	286800
804066020039	142573
804066021029	142596
80419030119	174882
80419030249	174892
804219	340410
804271111249	308976
80441000449	215879
80441001729	215877
804531111309	325606
804531113259	325607
804551752339	161606
804551752759	157532
804551753169	156459
804551760389	274799
804551760709	321256
804551762789	321265
804551765919	281717
804551767319	84991
804752000529	215421
80480594909	195415
804878171189	255677
804879007029	104820
804879089339	236066
804879120889	236066
804879172789	171640
804879228219	161818
804879286059	16054
804879325369	13489
804879326809	370277
804879355359	19129
804879359159	278971
804879375869	64591
804879376859	269198
804879383789	335022
804879431459	9085
804879455059	64606
804879457589	370414
804879458579	246189
804879460329	95775
804879463269	220234
804879487159	173469
804879490609	370281
804879491309	303545
804879501169	246191
804879512929	324262
804879551539	23323
804879556879	181591
804879558279	324263
804879562979	85715
804879563259	336044
804879571179	325813
804879577799	19050
8050705434459	194563
805133000169	178564
8051909	313411
80533222049	193797
805385010039	163092
805385220049	164543
805426100019	362969
805426510009	362973
805426700059	362961
805509080559	83773
805509083239	83784
8055271511009	44183
805554101629	287820
8056409	313421
805658018649	286747
805658049759	286745
805658049889	286743
8057709	313441
8057737680779	64303
8058368500399	25829
805919	339628
805974200209	244215
80602028589	287015
806169	340539
80618413089	119535
80618415199	119580
80618416189	119574
80618416189	119574
80618418039	119589
80618476169	119568
80618476329	119562
80621411829	280311
806329	340335
806567000039	308922
8067609	313447
806795005769	350969
806795285499	17229
806795502619	85590
806802880839	239503
806840000589	245745
807176171059	58210
807176713129	29940
8077102139	210118
80793782499	107983
80793808779	107997
80793809509	107991
80793811199	107987
80793811519	108009
80793811649	108011
808330807029	10539
808550300119	37440
80861425099	119531
80868000039	79953
80868000329	79989
80868000589	79998
80868007649	79980
80868007809	79928
80868193229	79994
80868250069	79915
80868250069	79941
808772013149	178567
809184831529	287302
809286656129	73423
809354700709	53082
809354710319	230407
809354820209	53086
809399	339817
80939921249	321433
80939928019	332609
80943001449	234622
80943004709	315789
80943005119	315793
80943006079	130284
80943006109	130280
80946209959	370388
80948626739	230275
80948630439	230272
80948630699	230267
809939073549	190224
809979	339966
810001310219	9531
810001560539	32638
810001560799	32661
810001561109	32626
810002320019	65999
810002320309	65998
810002410079	247549
810002410239	247542
810002410369	247539
810002800009	277854
810002900099	74473
810003460349	187062
810003460639	187077
810003461209	187117
810003461339	187104
810003461599	187097
810003515049	235691
810003518019	235731
810003519009	235696
810003780379	30013
810003780829	30011
810005130059	179296
810005413039	78775
810006150209	321654
810006230239	334217
810006660159	315873
810006870749	351079
810006871579	229468
810007180519	334641
810008800249	344184
810011170209	153670
810012620109	317725
810012620949	317731
810012760539	41596
810013080209	229119
810014150109	66024
810014530369	16942
810014530499	16937
810014670089	231840
810014671369	231862
810016360469	224179
810016360759	224161
810016367079	224201
810018560089	310553
810019390029	246932
810019410079	263908
810019410529	263917
810019602399	305537
810020720549	95587
810020934229	156819
810020935479	156816
810021700069	262934
810023294689	319679
810023590019	332729
810023590279	332728
810024300419	278851
810025883959	202327
810025991029	154444
810029090179	366642
810029280679	35730
810029770019	273311
810030141679	365468
810030142089	365472
810030142089	365473
810030142119	365457
810030142119	365478
810030510079	7798
810030510949	7788
810030512899	7778
810030512929	7789
810030514329	7798
810030720089	362812
810030720799	362821
810031200689	172847
810031480029	174487
810031480159	143059
810031590179	219503
810031590209	219497
810031710959	249490
810031760039	197613
810032360009	52928
810032703189	63793
810033660009	263101
810033660139	263102
810033720079	158582
810034850089	108862
810034850119	108862
810034850249	233592
810035180109	265049
810035181939	265061
810035184749	320508
810035211209	308988
810035970229	184205
810035970809	184207
810035971639	184215
810035972049	184220
810036561389	229125
810036561709	245007
810037810059	54754
810037810059	89855
810039120569	229354
810039121719	229352
810039126509	229366
810039910429	118905
810040960109	352029
810041030009	330427
810041590039	372112
810041590169	372115
810041590749	372118
810041591999	105134
810041592019	105131
810041592149	105142
810041592279	105128
810042130029	138803
810042130579	16779
810042130609	16787
810042131149	311102
810042131149	311104
810042131279	138808
810042131279	138808
810042131859	311103
810044881189	111938
810044881219	111936
810044881219	111937
810044886399	111935
810044887549	111923
810046530009	288342
810046530139	288338
810047601579	263210
810048010929	352216
810048011599	352226
810048012749	351995
810048014699	352221
810048016679	366498
810048160129	75160
810048160129	75171
810050430029	40271
810050430029	40276
810050430319	40275
810050430999	63701
810050500029	72533
810050500029	328486
810051010749	318845
810051580389	220969
810051801439	323567
810051802849	11245
810051805659	11230
810052341439	331569
810052342269	331574
810053000229	328388
810053000229	328391
810053640609	34175
810054510079	322620
810055540259	204470
810057290299	29669
810057290619	29614
810057290619	29652
810057290909	29671
810057554919	45914
810058040039	107546
810061700319	332543
810062680009	309028
810062810239	272891
810063030049	111772
810063710019	255628
810063710279	255617
810063710309	255620
810065682529	246874
810067723169	154852
810067723909	230375
810067725439	334518
810067726399	334561
810067727099	329322
810068900569	135132
810071001109	134975
810077450109	206709
810077452349	206426
810077470039	125175
810077470169	125166
810077470299	125171
810077870129	71785
810077870259	71713
810077870709	71716
810080370029	95409
810083070049	321429
810084231029	307617
810087160029	196806
810087302009	223984
810088040559	373940
810088860409	269050
810089290069	326638
810089954299	351581
810090990729	329495
810091780299	295200
810091780589	295144
810092630579	373406
810095373589	323751
810101600579	63993
810101601149	63987
810102160409	228707
810102160539	228734
810102160669	228692
810106025179	105865
810106025599	105864
810107030059	164228
810107030219	164226
810107030769	164204
810107031469	164207
810111010269	18560
810111010429	18542
810111010979	18535
810111011129	18531
810112950229	138704
810112950359	138715
810112950649	138712
810112951769	111814
810112961669	111830
810113830049	36979
810113830209	36960
810114060469	115769
810115240129	166941
810116011759	53479
810116012169	226415
810116012329	353384
810119680099	342430
810122080039	145184
81014000019	288420
81014090829	288424
81014091079	288388
81014110169	288415
81014111609	288386
81014111869	288374
81014112149	288408
810144022819	84122
810165011939	372412
810165015029	372401
810165016019	372456
810165017009	372431
810165017689	372422
810165018549	372439
810165018709	372397
810165019089	372417
810165019409	372395
810174010299	265434
810174012569	265436
810174012699	265436
810174013719	265454
810174016949	265449
810176021729	160141
810176021859	160137
810219030169	57407
810222020249	321721
810222021079	321545
810222021369	321733
810222022069	321738
810222022359	321726
810253012299	179791
810257003569	47217
810264021419	266391
810264023499	167795
810264023529	167790
810264023659	309080
810264023789	167758
810264023819	167744
810264025509	167772
810264026339	167780
810264026759	167777
810291001019	327015
810291001019	327015
810291001279	326993
810291003679	326998
810291003709	327009
810291011339	326981
810298030029	129533
810304301259	14106
810345032389	38892
810345035069	42590
810345035229	42594
810345035519	257862
810345035809	42600
810345035939	42600
810345036189	38891
810345036219	42601
810345036349	38903
810345036479	257872
810345036509	257876
810387020429	43518
810387020559	43517
810387021419	43514
810395021029	145556
810395022019	145557
810395025119	145563
810395026079	145568
810395026109	50354
810474006039	69085
810487003209	139558
810487003919	139584
810487005029	291192
810487065009	139575
810493035119	56184
810493037229	56187
810507021619	246788
810507021909	246786
810507027369	223341
810507027529	223321
810507027819	223322
810509005099	17674
810509005129	17683
810509006669	16589
810509006799	17682
810509008519	16592
810511012399	316205
810511012559	316217
810533009759	156400
810536020249	351059
810536020829	76884
81057010129	332941
81057013359	332928
81057013519	332914
81057014509	332930
81057020289	332933
81057022429	332917
81057053379	332922
810571030029	106701
810571030159	106702
810571030159	268715
810571030579	268737
810571030579	268737
810571030609	106704
810571030609	268718
810571031019	268738
810571031439	106707
810571031699	372194
810571031729	372195
810571031729	372196
810571031859	372199
81058892809	325614
810589030059	263329
810589030349	263392
810589030929	263375
810589031339	263348
810589031629	263364
810606020469	45786
810607020239	255536
810607020499	255380
810607021489	255365
810607021809	255400
810607021939	255370
810607021939	255371
810607024879	255373
810609	340858
810609020169	93912
810609020299	93914
810609022019	93913
810609023009	99188
810683022189	162710
810683022219	53364
810691031739	302233
810697011179	345555
8107259949	55543
810739	339986
810745030619	335956
810745031319	335975
810745031739	335983
810745031869	335988
810745031999	335965
810757009139	265638
810757010159	284565
810757010319	284538
810757010999	284560
810757011989	284582
810776022799	227823
810809032979	321851
810809035529	268628
810809038919	268629
810815020069	146661
810815020649	146648
810815020779	146642
810815020809	146636
810815022339	146658
810815022759	146664
810815023039	146691
810869030809	326503
810882010079	168409
810882010499	168402
810882011069	168370
810882016019	168390
810906020039	153487
810906020169	153495
810906021029	153499
810913020039	169660
810934030109	351281
810934030239	351275
810969030099	121634
810979003649	343614
810979006589	343563
810979007869	343617
810984020259	338909
811091020149	172931
811130030009	350568
811130030009	350568
811130031259	350566
811130032249	147979
811145411169	8963
811178009289	164414
811178009319	164427
811178009609	164415
811182030399	163554
811184030789	138758
811185030139	163564
811185030399	163557
811185030429	163556
811201020229	288184
811201020229	288184
811201020419	288187
811205021109	339403
811207024269	98205
811208030009	218535
811229030989	72138
811229031139	72143
811229031689	280115
811229031979	76697
811229033409	72140
811229035519	72159
811229037049	72151
811229037889	72152
811229037919	130562
811240000039	362627
811257020099	372340
811257020709	372343
811257020969	372335
811271001319	264635
811271001579	343979
811274025619	249627
811288030319	69031
811307024459	294733
811307024879	294738
811307025029	294725
811355000139	73295
811355002539	278783
811355020229	56772
811365030119	172989
811369005939	306604
811369007629	306541
811371011249	49418
811371011409	49457
811371011799	50260
811371011959	50252
811371015179	50243
811371101049	50248
811371102169	50245
811371111079	50189
811371131169	50216
811371142059	50202
811371160169	49461
811371161159	49426
811371350089	50249
811371700129	50207
811371800089	61235
811378031349	64250
811387019369	42557
811406020079	107165
811428020149	17904
811447030099	25381
811447030129	25372
811452030039	338931
811452030619	338935
811455010939	364094
811455011899	364391
811455011929	363673
811455012759	364438
811463031469	332528
811463032299	352472
811463032299	352474
811463035399	205597
811463035689	57982
811463036419	57836
811497001049	325125
811497010539	325124
811497021009	325120
811497040079	325141
811497040109	325140
811507010139	163476
811507010269	163479
811572023669	306567
811572023829	306571
811572023959	306533
811572023959	306533
811572024079	280661
811572024789	306640
811572024819	306622
811572027209	306590
811572027599	306593
811572027629	248948
811572027629	306592
811572027759	306632
811578030319	95802
811578030579	95791
811620020039	91622
811620020169	90173
811620020169	91645
811620020619	64012
811620020879	90152
811620020909	91632
811620022019	64028
811620022149	90170
811620022149	90171
811620022729	91627
811620022989	64024
811620023009	90166
811627020179	123039
811627020919	123036
811627021039	123052
811627024719	123041
811663021079	329000
811663023349	10461
811663028269	156841
811663028689	299349
811663028719	299351
811663029259	156865
811669020069	317280
811669020809	317268
811669021899	317275
811670030019	232868
811670030699	232856
811670031139	232890
811670032259	232859
811725030049	324268
811725031169	137879
811725031299	329042
811776014999	280109
811776016689	280112
811838021019	321499
811860021599	289832
811892010219	211357
811892023899	45443
811907015789	8994
811951020289	78208
811951020609	78206
811951020609	78206
811951020869	264785
811955010019	9110
811961022129	226252
811961022839	226275
811962010309	17917
811962010729	242619
812038030009	65425
812049002149	226210
812049002859	226212
812071031179	146006
812071034699	145981
812071035009	145923
812071035849	146039
812071036129	145944
812071036839	146055
812071039489	145999
812071039519	145973
812125005989	249892
812125009529	249890
812125013649	7722
812130020649	343959
812138030039	130820
812154021509	106883
812161010749	223812
812177031639	116249
812186020129	373589
812194031469	93995
812224006009	303532
812244025059	210197
812255020289	372225
812255020319	372226
812307030129	70029
812315013749	108962
812324023739	305600
812324024309	305597
812324025269	305601
812324026389	305594
812324030089	273223
812324031819	273228
812324032199	273222
812324032229	273230
812324032939	273207
812353022109	249648
812390011159	226312
812397011879	257431
812427010889	172907
812427010919	172903
812429	340224
812446030479	4541
812448033799	111540
812448033959	111532
812448034109	111523
812448034239	111540
812448034659	111529
812469020129	305974
812469020419	305977
812469020419	305977
812475012279	9103
812475012309	9118
812475015119	9238
812524001889	305095
812541030169	97932
812541030749	97921
812590021729	122856
812590021729	122856
812603015349	327997
812603020169	288678
812603020329	288670
812603020459	288685
812608018819	373304
812689022309	102535
8127000019	17328
8127000309	17342
8127000309	17343
8127000439	17338
812704000749	161309
812704001029	16614
812706020059	131153
812707020089	121879
812707020119	121855
812707020249	218694
812707020379	121858
812707020409	121908
812707020669	121931
812707020959	121895
812707021109	121867
812707021239	121892
812707021369	121904
812707021949	121906
812772020489	226314
812798020159	181245
812813021079	308979
812820020089	197367
812820020379	189088
812820020829	189089
812820020959	189092
812824014459	194882
812824017559	194897
812824017719	194999
812824018099	194941
812859020029	231185
812881022329	231290
812881022329	231291
812881023029	231297
812881023159	231297
812891020759	23629
812907013089	222715
812907013249	144979
812907013409	222705
812907015359	222736
812907015649	222726
812907016219	222733
812916000599	204411
812916001039	204412
812916003149	204416
812921001499	150146
81294010289	256159
81294010579	256163
812978010109	87063
812985016149	321231
812985018129	321231
812986015769	88930
812988020839	163625
812988021089	163622
813001000579	302358
813002020279	260989
813002020699	260991
813039021409	131164
813044012409	221811
813074006119	370993
813085151839	253473
813085600269	305611
813085602249	83042
813085602799	83040
813085603369	83044
813090003819	130942
813090006629	130950
813104020689	39396
813104020719	39557
813104021679	39551
81312300019	129743
81312300309	129732
81312400009	129729
813126020209	179798
81312700529	129715
81312851009	129723
813135021389	313332
813136020039	250104
813141021779	104153
813168029949	155900
813178021339	140991
813178021469	179230
81319921729	50495
813213000169	365262
813224004309	67402
813224004989	67418
813224007119	67419
813224009069	67394
813224009489	67403
813224009519	67421
813267010299	346631
813267010619	346626
813267010909	346624
813267020199	3504
813267020199	3509
813305011059	330666
813305012629	330691
813305012889	245934
813305012919	245937
813305014869	245933
813305016399	330697
81331002109	56780
813314013549	302700
813314013679	319187
813314013969	139494
813314015949	157794
813314016069	157787
813327021739	98210
813330020019	228746
8133357475169	272205
813367020099	290021
813367020259	290025
813377021079	347876
813377021499	347914
813377021529	363591
813377021789	363960
813377021819	363954
813377021949	364656
813377022199	347872
813377022229	347871
813377022489	363607
813377023479	364732
813377023929	347923
813377025329	347929
813377025749	364158
813377026449	347918
813387018939	287029
813430021299	313614
813430029189	313611
81347911129	351141
813513010189	62746
813551001019	173676
813551002139	173659
813568000609	249339
813568001439	249348
813568001439	249348
813568002559	249349
813568003549	249327
813592012609	138778
813592012869	138780
813592015709	118338
813608012319	368483
813608012579	368488
813608014719	368466
81363002009	227737
81363007509	227740
81363007509	227761
81363208609	227751
81363528059	227743
813636020249	46921
813636020379	46819
813636020539	46872
813636020829	46817
813636021659	46919
813636022229	46937
813636022229	46938
813636022939	46892
813636023059	46841
813636023349	46890
81363828029	227761
81363881109	227735
81363881109	227736
813694022209	19894
813694022469	19868
813694023909	19880
813694024449	19864
813694025569	19898
813700020229	189041
813713020179	193772
813713021039	193774
813715010659	18277
813715011489	275926
813715012929	333602
813715013209	333623
813715013469	333636
813724024869	353708
813724024999	353729
813724025019	353715
813724025569	353701
813724025699	353740
813724025729	353727
813724025989	353723
813724026559	353682
813724027419	353692
813724027969	333079
813735010639	90439
813745002549	370928
813805003349	83204
813805005299	83209
813868020109	92248
813868020109	92262
813868020369	92258
813868020499	92174
813901021599	139361
813901023869	139367
813901027119	139353
813905003539	125126
813926005239	162533
813932020219	265239
813946018509	362130
813958009069	336075
813958009779	336063
813958010379	336077
813973020049	348797
813973020179	348793
813973020209	348800
813993006269	103085
813993007389	103095
813997020049	301502
814025020109	320931
814042011739	160217
814076025979	311265
814102020039	245224
814117020239	211545
814228000229	217549
814240020229	104034
814251010059	177978
814302011189	346212
814305010219	364750
814305010899	18235
814343020249	194304
814343020379	194392
814343020539	194363
814343020799	194298
814343020829	194385
814343021239	194319
814343021499	194368
814343021529	194292
814343021659	194393
814343021789	194358
814343025169	194323
814343025619	194303
814343026869	194378
814351020019	274226
814351020309	274220
814351020569	370042
814351021429	274222
814353020369	353890
814417020229	157282
814422020979	354159
814422021969	354160
814427000679	78332
814437004629	304677
814453021259	57774
814453021549	57762
814453027169	57764
814464013939	316102
814464015629	316053
814464018309	316070
814464019269	316122
814464019399	316104
814483010209	230335
81451105209	369131
81451117509	369134
81451154009	369132
814536026089	69817
81453801109	294746
81453801109	294747
81453810019	256120
81453811009	332560
814558020249	101396
814558020379	101440
814558020669	101414
814558020829	101424
814558020959	101430
814558021109	101433
81455802139	101409
814558022229	101432
814567012259	156854
814567018039	131229
814567018589	302679
814574001789	37635
814577020169	3739
814598020469	68499
814609009049	66009
814633012459	231319
814633015719	231310
814719015039	250452
814719015169	250475
814719015299	250462
814719015589	250485
814719015619	250426
814719015619	250426
814719015749	250481
814719015879	250419
814719016289	250477
814719017019	250418
814719018269	250456
814719019099	250449
814719019129	250452
814719019259	250463
814752020229	196224
81475405569	8145
81475428629	8150
81475592719	215895
814856011079	20004
814856011529	20002
814866025639	156818
814879022939	107081
814879023899	107079
814879024339	107083
814879027309	146563
814905012699	19218
814910010079	328082
814910010109	328097
814910010239	328079
814944011189	227088
814950021349	77038
814955020019	25842
814985000029	205709
814985000319	205721
815055010009	305547
815055010009	305559
815055011099	305542
815055011099	305557
815055011129	305563
815055011549	305552
815074020409	57289
815074022359	57298
815074022809	57287
815074023509	57278
815085010499	203060
815096000359	325173
815096000779	325174
815099020019	182002
815099020309	182038
815099020989	182054
815099021009	182059
815099021269	182053
815099021399	181993
815099021689	181947
815099021689	182048
815099021719	181957
815099021849	181945
815099021849	182037
815099022099	182010
815099022419	181919
815099022549	181955
815108020559	51652
815109	341069
815116010009	315503
815116010399	315509
815154020039	230315
815154021319	107716
815154021609	271132
815154021869	343641
815154023269	271141
815154024129	343646
815196010289	255488
815196011859	255505
815196012009	255512
815196013099	255477
815196013389	255497
815196013839	255523
815196015529	255466
815196016939	255521
815245000179	79252
815294000199	187768
815294000229	187781
815294000359	187766
815294000489	106926
815296020089	174568
815296020829	174604
815298020209	188976
815298020469	188990
815302020379	343942
815302020409	343941
815323010199	235109
815360013269	24296
815360014549	274743
815360014679	274727
815360017489	286511
815360017519	285228
815367010049	262927
815367010179	250080
815367010469	262938
815369010009	46001
815369010139	45991
815369010269	45908
815369010429	45949
815369011419	45981
815369011549	46068
815369011679	46000
815369011709	45924
815369011969	45967
815369012119	45957
815369012249	46100
815369012669	45904
815369012829	46066
815369013659	45987
815369013789	46097
815369019309	45935
815369019859	46021
81537306889	154902
815400010029	352901
815416011669	95225
815421011289	161951
815421011319	161948
815421012019	161960
815421013139	161933
815421014709	161949
815441011399	186679
815442001009	179225
815450022089	330605
815450022119	333021
815473010339	38161
815473010469	38203
815473011039	179714
815473011619	38172
815473011879	179652
815473012029	38239
815473012999	38213
815473013279	38161
815473014429	107446
815473014559	107441
815473014689	107443
815473014719	179633
815473014849	179645
815473014979	179651
815473015259	179704
815473015419	179715
815473015679	179649
815473015709	179716
815473015969	179649
815473016089	179703
815473016119	179617
815473016249	179679
815473018229	38222
815473019059	38203
815506014549	272444
815506015539	364912
815506017939	364899
81553121329	195420
815604000529	84973
815604002059	84979
815612000009	330132
815652000069	226504
815652001349	250017
815652002209	250023
815652004159	250022
815652009109	226509
815659	340477
815667020939	262971
81567702149	213150
815677022039	213155
815677022169	213164
815706028179	172976
815706028209	172971
815709023959	43923
815709024079	43914
815709024109	43903
815709025519	43912
815712011929	115107
815712012889	115007
815712014289	113676
815712014449	115006
815712016009	125346
815712017099	199168
815712017839	104826
815719020009	16808
815800020239	80457
815800020529	80467
815800020949	80467
815838022779	58525
815838023769	230109
815863020009	16835
815863020139	16844
815867028759	111821
815871010009	183439
815871010009	183468
815871011549	84136
815871012409	84159
815871012409	84188
815871012799	84184
815871012799	84187
815871012829	84175
815871012829	84176
815871013079	84143
815871013079	249959
815871014229	84180
815871016209	84139
815893000019	3514
815909020079	229786
815909020659	229793
815909021199	229778
815942012079	38777
815942012789	38778
815949	340649
815955000049	110215
816007010559	332365
816012011039	62890
816012011459	30423
816012012159	30408
816012012739	329429
816059012389	153120
816059012709	153133
816059013409	153147
816059015519	153141
816059016929	159238
816059017469	159223
816120011129	363183
816125000449	245316
816125000609	245322
816143011069	185236
816143011489	185175
816143080119	185233
816149010929	189534
816173020239	62999
816193010159	76535
816193010289	76559
816202020469	2632
816247011149	131899
816277012949	308839
816277013069	308833
816277013199	163038
816277020029	35648
816346020189	72346
816350021189	345451
816350021349	345481
816350023299	345473
816350023329	345447
816350023459	345475
816350023749	80395
816372020009	37960
816374020199	2792
816374020359	2787
816374020809	2806
816374021059	2782
816401021199	11841
816401021229	11838
816401024879	11844
816416021979	1425
816475020029	110217
816493010019	85200
816493010019	85200
816493010149	85200
816493010149	85200
816512010389	65944
816512011379	65951
816512012079	65913
816512012109	65905
816512012659	65970
816512013779	65982
816512014769	331174
816512014899	305141
816512015049	65946
816512015179	65959
816512015469	65962
816512016879	220861
81652067689	333774
81652085539	189788
81652087939	89325
81652103769	272030
81652106159	89318
81652205739	17217
816524020789	101199
816524020949	101200
816524021069	101201
816524021229	101212
816545022229	332994
816545025039	294672
816546010409	38032
816554020049	161895
816554020179	161897
816554020339	161899
816554020759	39581
816649	341008
816649010559	198320
816678020109	349681
816678020109	349691
816678020789	349686
816680010129	324837
816680010259	324834
816695010589	103675
816697020609	154837
816697021019	154835
816697021149	154836
816719020549	57632
816751021009	68809
816785020009	57735
816790000799	64322
81679015809	42521
816833001509	160325
816844025259	173748
816925020029	302766
816925020289	302725
816925020289	302725
816925020319	302764
816925021569	302728
816925021859	302761
816925021859	302762
816925022269	270633
816940014959	160295
816940015109	160298
816960022019	334203
816973002909	361405
816983020719	366571
817041019249	234721
817050020069	94247
817071003089	16104
817071006059	148658
817071006189	324426
8170751449	197263
817076020029	253967
817076020029	253976
817095012319	329067
817095015839	329066
817096017429	67929
817096017559	67930
817169012269	62527
817169014409	330576
817202005029	143805
817242010489	82792
817252010189	223312
817252010479	223267
817257020329	8059
817350010029	333711
817350010319	333705
817472020029	134304
817472020159	134305
817506010859	248910
817516020459	373695
817543020019	94906
817566020119	58536
817582152009	227800
817585010429	194728
817596020509	121802
817596020769	121804
817670010099	9621
817670010129	9613
817670011089	9663
817670012369	9661
817670012529	9651
817673023119	71627
817719010189	373623
817719010219	373622
817719020409	97884
817719021079	97904
817745020039	63585
817745020169	63574
817792020129	30246
817792020549	30250
817795000449	192156
817795002689	192173
817795003099	192172
817815004259	107521
817820009119	118479
817841020919	63782
817841021619	63786
817911020269	233238
817911020689	233235
817911024649	233227
817911024809	233242
817917021079	101851
817917021789	101845
817929	341207
817944010619	219564
817944011319	219598
817944011739	219583
817944012439	219600
817944012569	219584
817944013009	219580
817944013139	219554
817946020029	23668
817946020319	23669
817974020039	39935
817974020169	39993
817974020619	40033
817974020909	39918
817974021029	39919
817974021159	40032
817974021289	40011
817974021319	40106
817974021449	39896
817974021579	39974
817974021999	40062
817974022019	40008
817974022279	40081
817974022309	39897
817974022989	40113
817974023009	39979
817974023139	40037
817974023269	39892
817974023399	39970
817974023429	40004
817974023559	39885
817974024099	40097
817974024259	40046
817974024549	39938
817974025669	40060
817974025799	40000
817974026369	39962
818003011219	94136
818087002219	44326
818094000079	274626
818094000109	274626
818094000109	274626
818094002899	274619
818094002899	274649
818094003049	274611
818094003759	274645
818094003889	274623
818094005579	274594
818094007139	274663
818094008259	274658
818094009799	274634
818135012139	44759
818135012849	44333
818148020169	328904
818148020589	328910
818148020909	328899
818224010299	161611
818224010909	161612
818224011449	161607
818254003049	60422
818254006019	311534
818290010209	56492
818290010469	56580
818290011039	56421
818290011329	56429
818290011459	56493
818290011589	56439
818290011749	56566
818290011749	56567
818290012289	56280
818290012289	56281
818290012609	56298
818290012739	56367
818290013149	56323
818290013569	56548
818290013859	56612
818290013859	56634
818290014009	56349
818290014689	56374
818290014689	56375
818290014849	56448
818290014849	56449
818290014979	56324
818290016379	56508
818290016379	56545
818290016409	56512
818290016409	56663
818290016539	56442
818290016669	56399
818290016669	56401
818290016799	56300
818290017659	56326
818290017659	56382
818290017789	56561
818290017789	56562
818290017949	56378
818290017949	56477
818290018069	56656
818290018069	56657
818290018199	56520
818290018199	56600
818290018359	56579
818290018489	56706
818290018489	56725
818290018519	56500
818290018519	56718
818290018939	56531
818290018939	56532
818290019059	56364
818290019059	56519
818290019219	56405
818290019349	56397
818290019349	56398
818290019479	56368
818290019509	56521
818359011079	287186
818371011019	232717
818371011149	232716
81837999699	101372
81837999729	101375
818408010459	168895
818408011999	168917
818411000089	281640
818411000379	281631
818411000539	281632
818411000829	281623
818411000959	281642
818431000069	109261
818431001639	81864
818446010039	107363
818446010459	107367
818446010909	107210
818469	341169
818480010279	24049
818480011139	227824
818480017599	323459
818490013079	249101
818512015319	312357
818512016019	312342
818512016149	312320
818512017009	312325
818512017139	312332
818512018679	312387
81851202669	46446
818570001279	353688
818581012219	144986
818617021659	318355
818617022779	318361
818617022939	318349
818617023059	318301
818617023639	318304
818617023639	318370
818617023929	318303
818617025329	318365
81864000429	132497
81864004069	132503
81864160369	132532
81864160789	132532
81864160819	132532
81864161069	132519
81864201109	132526
81864202489	132536
81864202489	132536
81864202809	132536
818645010069	281578
818646022849	350378
81864620139	42626
818651663839	263131
81867010029	173698
81867120049	173690
818703010659	13375
818703012509	13381
818703013179	13385
818703013759	13387
818745002179	54219
818745004579	54221
818745005279	54218
818777010029	334843
818780010269	12401
818780012089	12347
818780013109	12405
818780013499	12427
818780013659	12419
818780014229	12407
818780014229	12408
818780014649	12388
818780015059	12358
818780015899	12407
818780015929	12367
818780016179	12385
818780016599	12384
818780019989	12347
8188040632039	246654
818808010769	261246
818808011629	261286
818808018529	261232
818808019779	261251
818808019809	261299
818905023419	171707
818905023549	171699
818905023679	171687
818905023969	171697
818905024829	171691
818905024959	171708
818928000909	246754
818928001159	246757
818972021509	61444
819005010149	43403
819009020939	52905
819019020059	235474
819019020479	235479
819046000109	155265
819046000369	155266
819046001069	155272
819077011679	22635
819077012409	89751
819077012829	89761
819077013079	22661
819077013369	89756
819077014519	22657
819077016049	350331
819077016339	89752
819077016919	318256
819077018449	89753
819077018579	22640
819091010269	74705
819091010429	74702
819104011009	323991
81912221509	213792
819140010059	124807
819146012279	369705
819153010169	278681
819162004609	174560
819185020129	98103
819185020679	98110
819189021269	57249
819239010489	55760
819239010519	55756
819269011449	24463
819269012859	24476
819316020059	149202
819329	340196
819354016809	68918
819354017189	68919
819372112149	42575
819388020469	129594
819393020539	179623
819393020669	179682
819393020829	179664
819393021079	179656
819393021109	179682
819393021239	179687
819407010549	249421
819410364219	139375
819416010639	233650
819416010929	233648
819442010009	85778
819442010139	131212
819442010269	131211
819496021099	232121
819496021259	232171
819496021709	232125
819508013289	351261
819508015559	246545
819525017109	60359
819529006789	77439
819529008059	77426
819530020699	88977
819547010089	159612
819553010059	54813
819553010189	54824
819553010219	54827
819553010349	54810
819561021429	147033
819561023539	147022
819569020059	333880
819573012279	134920
819573012569	291380
819573012729	291380
819573013139	134875
819573014389	134869
819573016659	134941
819597010169	85921
819597010619	85947
819597010749	85996
819597011609	85951
819597012569	85903
819597013979	85913
819600014559	308357
819620021049	312216
819670022539	221470
819670022669	221472
819693020949	198340
819693025319	198339
819693029379	217765
819733000849	137887
819753000799	262997
819753019609	218663
819775010059	135468
819775010219	135485
819858020029	64002
819858020609	64000
819867010059	332649
819867010219	332650
81988124599	84110
81988850009	84115
819893019149	325464
819893019309	325460
819893019859	325443
819893020299	325483
819893020459	325339
819893020749	325275
819893020909	333569
819893021319	325298
819893021449	308116
819893021579	325263
819893022279	325295
819893022309	325266
819893022439	325357
819893022569	325492
819893022699	325294
819893023979	203946
819893024099	203868
819893024259	203869
819893024389	203849
819893024419	203881
819893024709	203810
819893025089	325467
819893025249	325416
819893025409	203834
819893025539	203858
819893025959	82784
819893027359	203862
819893027489	203872
819893028509	203802
819893028899	203909
819893028929	369324
819893029339	369322
819893029599	203801
819893029759	203880
819893029889	369286
819893029919	369646
819893030489	203947
819893030649	203907
819893031189	203790
819893032889	203949
819893033299	203938
819893033329	203798
819893033329	203799
819893033459	203915
819893034319	203901
819893035439	203850
819893035569	203851
819898010059	19485
819898010219	19421
819898010349	19421
819898010349	19421
819898010639	19505
819898011049	19443
819898011179	19443
819898012039	19432
819898012039	19438
819898012169	19375
819898013029	19461
819898013029	19462
819898013159	19486
819898014019	19418
819898014149	19456
819898014149	19456
819898015009	19378
819898015559	19407
819898016839	19480
819898019069	305329
819898019199	305323
819898019229	305324
819898019359	305333
819944010019	272724
819944010729	272727
819944010859	272729
819944011009	272725
820059	339799
82011100689	115889
82011250629	219538
82011386779	165385
82011386779	219546
82011910929	165524
82011912329	165501
82011913319	165522
820202000529	83770
820213047889	16222
820213120469	262872
820213130529	174498
820213132509	174505
820581067359	227008
820581067359	227008
820581069889	50409
820581075989	314945
820581127749	41057
820581153199	24937
820581153199	24948
820581173029	246
820581173029	246
820581284589	281560
820581301569	331764
820581473549	264791
820581601379	331768
820581601409	331769
820581628109	330358
820581678579	178139
820581678609	178124
820581695309	273202
820581812959	226991
820581825539	234
820581848279	34233
820581849559	70212
820581879129	278956
820581895419	226999
820581896119	174696
820581928599	227014
820581981129	349251
820581983499	18569
82063053049	169657
820899	339578
822356000509	58086
822356000509	58088
822486100179	68447
822486106409	38850
822486114169	38841
822486124359	38838
822486187279	143799
822486193119	38862
822486210199	38861
822486210359	38846
822712104339	65877
8229101119	32299
8229101409	32287
8229108019	32297
822986104059	90422
82318100269	281160
82318901989	281166
823298001289	283153
823298001319	283155
823319	340323
823332121119	325591
823332320819	325592
823630000109	275917
82391000029	300625
824150117049	369242
824153027079	124620
824153027499	371339
824206000219	372207
824206000349	372209
82425875449	57269
824295134369	238259
824295136639	238206
824295136899	238206
824295136929	238220
824295137469	238253
824574005069	231485
824710335029	47330
824710335029	251644
824710337009	251639
824779106899	47301
824779107209	47298
824790852119	108171
82481233009	23571
824843120639	181257
824843170979	181267
824843411119	181256
824862006969	327454
824862008109	327384
824862008239	327348
824862701079	327611
824862702199	327369
824862702229	327235
824863000829	77444
824863001109	37980
824906555279	247500
825014000149	289797
825120003249	46263
825120007049	364431
825120010339	46272
825179500249	350449
825262007129	82812
825306011839	14091
825306011969	363565
825325001729	214831
825325910069	50346
825325910519	101515
825401303709	21363
825464600029	258870
825625700049	21408
825743936009	220968
825743980019	343996
825779020109	79413
825819103489	350115
825819110319	239131
82592001009	221539
82592010179	221527
82592010179	221648
82592616159	221601
82592632289	221572
82592633279	221555
82592633439	221571
82592633569	221567
82592634139	221556
82592634139	221583
82592660329	221573
82592727329	221537
826042000019	302406
826069865189	178784
826088412449	91935
826088526139	325762
826088582029	325747
826088646059	325769
826088764029	325766
826088814069	325756
826088830069	325760
826246881759	351568
826246910039	351566
826504426999	273510
826504500149	372214
826504531679	106402
826504541579	273507
826504713259	97782
826504737989	82121
826504739259	330852
826504750209	220858
826504764909	97784
826504824689	7862
826520902699	102635
826520904839	220701
826520904969	102630
826520905379	102630
826520905409	102641
82657050379	72419
82657194769	72413
82657195339	72387
82657446059	72395
82657446219	72406
82657446349	72433
82657446479	72406
82657446769	72387
82657446899	72429
82657455679	72427
82657505619	72385
82657508009	72385
826646000149	271171
82666101109	255324
82666503019	255347
82666504009	255303
82666504009	255340
82666701149	255320
82666722069	255316
82666800309	255345
82666801009	255321
82666940029	255310
82674039449	80344
826766001989	105000
826766008209	109241
826766008919	109204
826766009459	109202
826766115709	112425
826766116959	271392
826766118519	295908
826766119059	271547
826766140329	271581
826766140749	271357
826766141029	271510
826766141159	271386
826766141319	271425
826766141449	271365
826766141579	271442
826766141609	271415
826766141739	271522
826766142279	271395
826766142309	271504
826766142569	271475
826766143269	271572
826766144679	271375
826766148769	124223
826766155149	271426
826766155439	271384
826766170869	109206
826766184699	271445
826766185849	271334
826766187249	35834
826766192069	36075
826766254309	109250
826766408139	104998
826766710829	109188
826766718269	265840
826766780549	271389
826766781539	271434
826766783519	271401
826766783779	271335
826766785599	284189
826766803309	271363
826766810499	363859
826766820269	364020
826766846849	364058
826766847389	364092
826766951529	109210
826766951949	271354
826766952359	271419
826766956449	109215
826766956609	109211
826998016249	311249
827048027109	12095
827048061059	12099
82718182049	203315
82718309149	220914
827292000019	217967
827362080019	19123
8274004489	270408
827455000689	8710
827455000719	8704
827486100969	321947
827829	340816
827912051179	85127
828093003179	366552
828093003469	366554
828194000299	189765
828194000329	189762
828270002049	228751
828305000019	163337
828686012779	280189
828686012939	280191
82876002319	84249
82876009219	84239
828945005009	217727
829005000149	58912
829005000279	58909
829005000439	18501
829006000049	330592
829006000179	330594
829056000129	101500
829101001439	138055
829132000029	16026
829262000029	36353
829262000289	36324
829262000319	36325
829262000319	36325
829262000999	36379
829262001019	36339
829262001279	36400
829262001439	36386
829262002009	36331
829262003419	36401
829262004539	36383
829354100019	321144
829354101849	321150
829354102099	321157
829354102259	321162
829364002259	75421
829364002389	75364
829364002419	75306
829364002549	75328
829364002679	75456
829364002839	75330
829364012289	75454
829364012449	75417
829364101389	75675
829364101839	268345
829364102669	75678
829364160799	268325
829364160829	268337
829364161369	268346
829364311139	75673
829364401229	291611
829364410139	291610
829364411129	291621
829364411839	291624
829364461209	268344
829364461599	268319
829364461919	134849
829374310139	332375
829462501029	121829
829462502019	121809
829515300579	290083
829515302009	290056
829515304119	290095
829515320249	290091
829515321529	290098
829515322069	290086
829515322519	290096
829515323349	290107
829515323509	290042
829515324179	290032
829515325039	290039
829515325039	290099
829515325459	290043
829515325749	290044
829515326159	290035
829548200259	54672
8295666529	74320
82964500789	132590
82964500819	132591
829696000749	366517
829696001319	366527
829739020819	272078
829739100139	272089
829739400659	272103
829739820839	272081
829793001939	74073
829793005449	49436
829793011129	74077
829793020039	74095
829793022439	74103
829793040129	74093
829793060929	74101
829793071369	74074
829835000999	129675
829835004669	10204
829835005109	10210
829835006489	10194
829835008919	10191
82988000029	362854
82988000319	362871
82988009169	362854
82988010189	362842
82988019069	362859
82988033379	362874
82988034659	362861
82988042609	362873
82988078899	362852
829944014849	125052
829944090379	125066
829944090409	125075
829944094629	125101
829944095459	125087
829944145949	125104
830028000849	262978
830028000979	262991
830028001099	262981
830028001129	262984
830108000189	374030
830108700669	374032
830410098249	307300
830415001909	78144
830415009059	307537
83046155279	153626
83046446209	153633
83046446629	153601
83046446759	153601
83057070059	24611
83057080119	24649
83057150379	24595
83057161009	24647
83057180079	24610
83057180109	24608
83057910409	24602
83076826729	233542
830811001749	203411
830811001879	203414
830811003569	203416
830825001049	130209
831011102939	73000
831012003129	332981
831026000329	205694
831026000749	184195
831134002079	64517
831134002109	64515
831134002239	30400
831134015079	64519
831193004229	189810
831193006339	189813
831193006629	189814
831366007309	44109
831384002409	328489
83142010069	229444
83142010069	346697
83142016429	351373
83142017419	258792
83142641409	258788
831617001049	50166
831659	341124
831819	341125
831955004399	262835
832112000179	223920
832112001459	223904
832112001619	223995
832112002319	223912
832112003699	224004
832112003989	223932
832112005549	223959
832112006119	223942
832112006669	223966
832112006799	223964
832112009769	223925
832112009899	223981
832112009929	223956
832125019519	238271
832298010009	230747
832544000129	59443
832544000549	59441
832650003069	216581
832655008519	48275
83276217549	25536
83287301039	7942
83287301459	7958
832910005529	116037
832910009039	116025
832924000329	34120
832924000589	34121
832924000749	16574
832924005249	203645
832924005539	203654
832924008929	275689
832971000129	318886
833219	340368
83322026859	9398
83322063779	9389
83322092199	9402
83322092229	9409
833272002409	250842
833282008279	323340
833282008309	323349
833282008699	323338
833282008859	323350
833282009139	323337
833302008029	346408
833302008159	346405
833348004559	329270
833348005099	308830
833404000099	169628
833404000549	169641
833404000679	169640
833425000399	129038
833425006049	129042
833477000019	49761
833477000149	49764
833735000089	265170
833735000249	265178
833735000409	265165
833735003189	265176
833911002579	84321
833911002739	84305
833911003149	84323
833911003989	84311
833966000049	264731
834183000119	8487
834183006999	8480
834183007149	8517
834183007729	8510
834202001059	64437
834266006069	43035
834266908929	95694
834344003089	75202
834648002559	19757
8346500079	303242
8346500109	303150
8346710089	303141
8346740079	303202
8346740109	303151
8346740109	303152
8346740529	303136
8346790029	303257
8346791019	303180
8346800049	303138
8346802029	303247
8346804269	303232
8346874989	303188
8346952069	303254
8346956609	303169
834776000069	186777
834939001339	320586
835008001229	246051
835008003339	363489
835047001969	28066
835098001109	321190
835107139199	90551
835107200219	90547
835143006509	156485
835143010339	328150
835143010759	328152
835143010919	157959
835143011329	328143
835143012869	156482
835143013729	156466
835144004269	370166
835144004719	370164
835144005129	321184
835144005969	370145
835144008809	370139
835144009059	370132
835144009219	370137
835144034419	184138
835228002709	20954
835228003829	20926
835228005649	20936
835228006059	20930
835228006479	20946
835228006479	20949
835228011329	20914
835481006209	124360
83554084139	44863
83554098969	44873
835822001009	111901
835841000199	339384
835841000229	153789
835841001349	329833
835841006429	245159
835841006849	245193
835841007259	118645
835871001029	260309
835871001319	260312
83605518019	194480
836093011049	156709
836093910069	167802
8360963910199	167834
836359009599	315579
836359009889	315580
836990010299	22706
83703503009	324481
83703510069	324490
83703705779	324468
83703705809	324474
837152009069	342084
837185000569	264800
837186006249	335510
837186007079	335531
837246004239	343733
83724800309	244778
837305006839	159034
837328001019	131974
837328001019	131977
83737220309	16984
83737235129	16978
83737245029	78616
83737258159	61474
837495007289	322140
837569	340878
837579111239	214438
837654123409	315681
837654584729	129587
837654693469	85597
837654765029	48285
837654919019	229965
837708004159	122662
83791001029	372801
83791061269	372789
83791061269	372799
83791070049	372804
83791070179	372813
83791070339	372825
83791110059	372813
83791130019	372805
83791130149	372808
83791131139	372838
83791131139	372839
83791172019	372822
83791191959	76594
83791510149	76606
83791520179	76593
83791550169	76596
83798001169	273527
837991211289	3629
838154003079	229476
838356001309	51077
838452004129	157600
838455000029	259046
838455000029	259050
83846101759	84041
838478001119	154999
838670597939	321935
838724000019	25481
838735001739	233587
838741024579	72037
838766001159	349608
838766001739	349581
838766004839	349587
838766005249	349566
838766005379	349578
838766005669	349706
838766006109	349518
838766006239	349637
838766008189	349599
838766008349	349627
838766008769	349531
838766008769	349714
838766010519	349605
838766030029	349612
838766066509	349532
838766080079	349535
838766080109	349620
838766080819	349547
838795001199	244074
838795001649	244070
838869020019	280137
838913000639	230399
838913006419	72176
838927500019	142531
838927500989	168257
838927501139	168270
838927501979	168285
838927504079	168254
838927504109	168258
838927504109	168276
838927507629	168275
838948002059	291536
838948007559	291564
838948009829	291554
83900005979	118717
83900006549	118734
839138002569	97887
839138003429	54540
83933011329	144359
83933065209	287062
83933221209	144376
83933228109	144375
83933228949	95601
83933241269	247069
83933248299	173271
83933248749	173132
83933250179	144409
83933253019	144412
83933256409	173150
83933262899	173146
83933263049	353377
83933265449	144405
83933268259	144426
839425000049	350177
839425000179	350175
839425001879	350165
839456002869	19285
839456003439	249911
839456004689	249929
839456005839	19291
839456005839	249930
839456006119	19292
839563000239	163186
840004023519	247081
840017600189	350730
840019500029	331519
840024300249	39656
840024300379	39644
840024300799	39648
840031400789	194866
840031401199	194855
840031401519	194907
840031401779	194910
840031401809	194934
840031402479	111549
840031402639	194891
840031402769	195018
840031403179	194869
840031403209	195021
840031403339	194864
840031403629	194983
840031404749	194861
840031404909	194847
840031405029	194834
840031405159	194828
840031405289	194874
840031406309	194888
840031406569	194886
840031406989	111522
840039701949	13938
840039704179	13943
840093104649	225708
840093109569	225709
840093500199	246112
840093500199	246114
840093500229	246121
840093500939	246095
840126200829	119421
840134304649	146012
840134305219	145916
840134305899	146031
840134307589	145980
840134308029	145939
840134308579	145962
840134309439	146032
840134362779	145950
840137100859	101383
840147900159	350464
840152490119	98732
840200093729	323242
840235800569	107602
840257200019	29673
840269200229	283071
840277000439	98682
840277000729	98693
840278113459	318138
840278114159	318142
840278156609	318165
840278158689	318131
840278163669	318158
840278172869	318163
840290700279	295263
840319201329	66020
840344600029	122671
840371810309	51368
840379100259	162980
840379100549	163026
840379101379	162996
840379101379	162996
840379101409	163009
840379101409	163009
840423100129	193681
840423100259	193676
840423101669	193683
840423101829	193699
840423102079	193674
840469100039	239032
840515100099	218534
840515100129	333337
840515100259	333329
840515100679	333334
840531100059	329368
840600100089	227524
840600104339	227450
840600104889	227579
840600105039	227601
840600105459	227529
840600105619	227444
840600106159	227500
840600106869	227420
840600107149	227539
840600107439	227508
840600108979	227583
840600109389	227557
840600111849	227554
840600112259	227506
840600117339	227458
840600120339	227572
840600120889	227598
840600121169	227139
840600121329	227556
840600121459	227589
840600123019	227586
840659050199	190713
840659050229	190690
840762001729	116162
840762109869	116168
840965001519	219015
840965003759	219016
8410060588509	87028
8410087200439	80535
8410109050509	348778
841022373299	73044
8410525119019	95688
8411037892339	217811
841111000769	189672
841112100819	310984
841112100949	310968
841112101489	310925
841112102769	310982
841112103179	310955
841112104329	310946
841112104749	310941
841112105029	310975
841112105999	310922
8411187412029	157435
84114009999	167542
84114009999	167713
84114032409	167521
84114032409	167688
84114108159	167471
84114108159	167665
84114112699	167532
84114112699	167707
84114112729	167472
84114112729	167672
84114121929	167511
84114125699	167499
84114126399	167561
84114126719	167567
84114126849	167493
84114900029	167519
84114900609	167457
84114900869	167485
84114901149	167449
84114902009	167631
84114902139	167696
84114902559	167524
84114902559	167648
84114903099	167662
84114903389	167720
841165149049	257389
841318100019	60356
841330101469	105947
841330103029	105903
841330106419	105946
841330108369	105939
841330108819	105889
841330109809	105912
8413610701359	63218
841395110079	220449
841395110109	220451
841395110239	220445
841559	339985
841720102199	373229
841742000589	98044
841749118829	363873
841905130429	171663
841937111229	21417
842096100819	9189
842096101229	9208
842096112379	9178
84213000729	211561
842232005039	232034
842234001299	108981
842234001329	109018
842234002029	109036
842234002289	108998
842234002449	109064
842234003279	108986
842234007109	109000
842234403499	108993
842234403529	108988
842350113999	318883
842379162909	134773
842391005529	285161
8424260252009	8587
84253144049	154593
84253224659	79305
84253225649	79326
84253226639	79323
84253228619	272220
84253240499	154584
84253241519	154598
84253241519	154619
84253243049	154612
84253243599	154576
84253243919	154629
84253246019	154635
84253268349	9064
84253269629	9063
84253284219	9060
84253946629	154655
84253971119	79313
842595106619	45377
842595106619	45378
842595118469	45388
842595118919	52206
842595121759	45369
842595121759	45390
842638000089	246289
842638000119	246283
842638005039	246272
8426920635009	156062
842798100759	103486
842798100889	103556
842798100919	103467
842798101039	103477
842798101169	103504
842798101299	103348
842798101329	103354
842798101459	103599
842798101589	103599
842798101619	103532
842798101749	103271
842798102289	103602
842798102319	103585
842798102449	103437
842798102609	103285
842798102739	103352
842798102869	103332
842798102999	103505
842798103019	103295
84279810309	103313
842798103149	103398
842798103279	103410
842798103309	103404
842798103439	103559
842798103859	103362
842798104139	103553
842798104269	103459
842798104399	103554
842798104429	103489
842798104849	103265
842798104979	103596
842798105129	103375
842798105259	103366
842798105389	103268
842798105419	103538
842798105549	103583
84279810569	103291
84279810579	103457
842798106119	103589
842798106669	103276
842826000709	254375
842826001089	254372
843028103939	35871
843028104899	220964
843076000259	179338
843076000549	179348
843076000709	179357
843076001829	179331
843237001439	342528
843237002559	55711
843237007639	55745
843364196039	157748
843369100529	22569
8434165452909	67913
843426000359	335117
843426001059	335122
843426001219	335133
843426001219	335134
843426002599	335125
843439031029	370058
843439031289	71927
843439031319	370046
843439031869	370055
843439032569	281200
843439054639	370111
843444061639	24110
843444062179	24112
8435311400379	370850
843571004639	255438
843571005889	255448
843571005889	255463
843571007159	216041
843571007609	255447
84368005129	347395
84368006119	347404
84368006379	347401
84368007819	347402
84368020139	347400
8437001623709	84505
8437010259739	37975
84380957949	315042
84380961649	315028
84401305209	256146
844334001339	74584
844334008109	15777
844334010249	74577
844334010829	74574
844334011239	74555
844451080019	283988
844527020079	155859
844527026279	273273
844527030139	94448
844527031259	65373
844527031839	156622
844527032249	39869
844527032539	65371
844527033369	65399
844527039569	155861
844527043139	272344
844527043719	65369
844527044549	65387
844527045249	76736
844527051769	65398
844527055699	76740
844527062369	65392
844527075079	325381
844911002759	260921
844911002919	260889
844911003039	260890
844911003299	260873
844911003329	260874
844911003589	260903
844911003619	260920
844911003879	260864
844911004579	260922
844911004869	260899
844911005019	260846
844911005439	290339
844911005569	260878
844911005859	260909
844911006429	260847
84493031819	46511
844984113369	44907
844984177019	44906
84501032319	168299
84503770769	56067
845120033589	253556
845120042109	312597
845120050319	248226
845120050999	248219
845120070089	259073
845120070669	259058
845120071529	220927
845172000669	219944
845172000799	219949
8453353599	111682
84553123119	63317
84553124079	63318
845561000089	50005
845561000409	189655
845561000539	370347
845561000669	189613
845681000679	353918
845681000709	353900
845681001669	353907
845772034729	22080
845777005519	325287
845777009029	325376
845777009159	71981
845777010469	110259
845777010599	325313
845777010759	325325
845780036029	347761
845780057109	347768
845780060079	347758
84579116379	103184
84579126699	103172
84579128679	103196
84579133819	79612
84579134649	103167
84579134779	103180
84579134809	103188
845809	340432
845857020029	70969
846034004559	131930
846107008439	33272
846107014829	33299
846107014959	33271
846107017479	33305
846107017509	33301
846107018049	33294
846107018919	33288
84617008239	363626
84617061739	364679
84617088309	364579
84617140359	364752
846226005029	332575
84632113109	41287
84632144769	156119
84632661419	156114
846340001419	70200
846358000589	238972
846362079519	23339
846379012189	327432
84643806809	135508
846462000529	334239
846462141949	334245
84648141219	350206
84648846169	350205
84648846169	350219
84648846329	350219
846526060339	80417
846533000359	130401
846547014359	142594
846548022049	369745
846548023909	369753
846548026009	224086
846548029499	224062
846548029529	224035
846548040159	369746
846548041019	101353
846548041309	101358
846548043549	90271
846548052909	90343
846548059229	90344
846548065169	224056
846548067699	224039
846548070989	247629
846548071719	224145
846548072389	122391
846548072419	122345
846548072549	224063
846548080179	224102
846548086829	224082
846548087079	224060
846548087239	224070
846548089059	224113
846548089059	224116
846548090369	224073
846548093599	56830
846548093629	56825
84655402099	247704
846558000419	255106
846659000509	54872
846659002299	294622
846675000149	254208
846675001139	254170
846675002389	254175
846675002679	254202
846675003379	254152
846675004079	254176
846675005359	254126
846675010339	254167
846675012999	254156
846675014269	254141
846675014399	254182
84672701359	370264
84672702349	370257
846897020239	366753
846930013419	75450
846952001319	349453
84744001059	226494
84744004029	226495
847534003349	130216
847534003929	130223
847597010469	82176
847644007169	268414
847644007299	268403
847644008159	268399
847644009279	268402
847644009309	268408
84771180789	365330
847847003579	35249
847847005979	35237
847847204709	35239
847933090469	267608
847938000289	227774
847938003099	328638
847938004959	328643
847938070039	247604
847938070169	247611
847938070329	247607
847938070589	328641
847972000009	195345
848054039719	134786
848131006559	194731
848206064439	184677
848206064439	184679
848206074209	184681
848582007389	221775
848582007969	233674
84872201659	70003
848737000029	366391
848737000289	366446
848737000319	366356
848737000609	366351
848737000739	366304
848737002009	366368
848737002269	366377
848737002399	366372
848737002429	366402
848737002689	366324
848737002719	366315
848737003099	366376
848737003129	366459
848737003259	366445
848737003969	366462
848737004959	366379
848737005079	366348
848737005789	366439
848737006489	366343
848737006519	366394
848737007479	366397
848860000149	203594
848860000729	203586
848860001139	117033
848860001399	117081
848860001719	117040
848860002099	117072
848860040459	203598
848860043139	117088
848860046499	117044
848860046499	117086
848860046529	117083
848860048059	117032
84892028069	272104
84938029319	286998
849429000389	373515
849429000549	373545
849429000969	373485
849429001379	373499
849429001669	373533
849429001799	373465
849429002079	373540
849429002239	373452
849429002499	373492
849429003229	373526
849429003359	373471
849455000049	344094
849455000049	344095
849455000179	344090
849455000179	344091
849558048429	279780
84964088809	267548
849819000449	225726
849819000999	238010
850000039049	273052
850000223639	232493
850000230019	269132
850000398009	332121
850000398139	332087
850000398429	332103
850000428089	11370
850000428089	11375
850000445499	49649
850000503489	173443
850000547179	329484
850000547629	329516
850000796089	344951
850000843769	249479
850000868229	81565
850001070089	141826
850001078429	112484
850001097109	47367
850001124089	344045
850001124119	344046
850001135429	162564
850001288019	182101
850001300049	273263
850001533249	184230
850001566209	41447
850001653039	29690
850001791519	155248
850001974059	371237
850002125429	268929
850002137019	74172
850002233179	157349
850002251029	171499
850002251319	171493
850002282009	44899
850002313239	334192
850002313369	334185
850002514339	163196
850002856149	3567
850002858099	123145
850002886139	368972
850002887419	194695
850002887839	194698
850003023199	135152
850003023229	135156
850003113029	210222
850003113999	210251
850003628509	267840
850003695129	182221
850003695259	182199
850003695839	182217
850003748559	184447
850003766669	66796
850003789279	278197
850003917009	245572
850004143919	162824
850004207789	29665
850004216859	95962
850004281659	178177
850004299029	128978
850004315149	122525
850004478059	138576
850004554029	156010
850004554159	156016
850004563069	203783
850004639399	259010
850004639429	259018
850004639719	259006
850004680209	249469
850004680469	249475
850004694039	295230
850004694329	295274
850004694619	295291
850004695029	370601
850004717509	220826
850004759059	269461
850004811559	323067
850004880029	372685
850004915059	325438
850005048039	172977
850005154099	235601
850005256489	312473
850005261179	274544
850005330059	4499
850005409359	150102
850005409809	150104
850005606109	372482
850005622239	273575
850005622499	307036
850005641179	183601
850005641339	183597
850005750079	149392
850005750109	149401
850005750369	149350
850005804079	269818
850005809029	276014
850005872009	349296
850005872139	349298
850005872269	349270
850005872429	349314
850005872689	349312
850005872719	349321
850005872849	349311
850005919179	265317
850005919179	265329
850005919209	265325
850005919209	265326
850005927259	47285
850005941439	271288
850005941699	271286
850006024209	223184
850006127009	115277
850006240319	29722
850006240449	215809
850006254019	353303
850006293049	89694
850006293209	89689
850006293919	89707
850006364329	72465
850006560059	304305
850006565009	271970
850006597079	93981
850006597109	93982
850006685059	255274
850006687169	321783
850006748549	254315
850006748679	254307
850006817139	83995
850006838059	275725
850006869039	323461
850007042189	321411
850007081409	17107
850007081959	311118
850007081959	311119
850007125509	259536
850007225209	352464
850007391089	330411
850007515089	35091
850007632939	41483
850007655679	322102
850007678159	196962
850007745219	204095
850007821029	72460
850007881009	24052
850007933029	373037
850007941239	162078
850007965129	280707
850007974039	231244
850008004919	353215
850008006029	303573
850008209369	330119
850008315169	343841
850008378089	349329
850008538179	256082
850008623219	302048
850008678189	244332
850008678349	244317
850008751059	57137
850009001429	345430
850009089199	48310
850009089229	48311
850009293039	195917
850009500069	244265
850009500199	244270
850009559029	53008
850009682079	228732
850009682109	228722
850009883049	63693
850009885739	344745
850009991249	324720
850010010069	121774
850010056319	62163
850010060019	19042
850010141749	34238
850010149189	98462
850010203119	188945
850010222219	326443
850010222899	329076
850010279169	268846
850010279459	268897
850010279589	268816
850010279619	268820
850010279619	268866
850010335049	288642
850010350059	188794
850010422039	256009
850010444109	49210
850010472409	189577
850010788319	128941
850010858029	42586
850010884219	311049
850011055359	41487
850011088029	280477
850011118849	231520
850011314029	281407
850011329269	103984
850011381069	64552
850011381939	64566
850011443439	21840
850011482759	65348
850011487099	44235
850011497319	265672
850011497449	235698
850011623329	242484
850011788059	307886
850011788219	307873
850011788349	307872
850011828229	336339
850011839799	265660
850011881019	111918
850011881019	111919
850011897089	242729
850011897799	242727
850011910009	130327
850011939079	174634
850012117049	341997
850012117049	343756
850012117179	341996
850012117179	343755
850012200079	74148
850012316329	351517
850012316909	351522
850012565079	60167
850012672029	194097
850012737049	92688
850012781059	46957
850012926009	170292
850012926269	170293
850013000319	159008
850013018109	69444
850013037049	50388
850013048069	214904
850013078479	141907
850013078509	141903
850013078639	141901
850013083039	124887
850013262069	85439
850013262069	85440
850013494569	186784
850013525379	235612
850013599899	44284
850014076429	302708
850014161309	205612
850014216009	328100
850014286279	122518
850014286309	122517
850014335199	186743
850014369309	23658
850014420079	372510
850014420109	372520
850014516109	86019
850014516529	86032
850014516659	86079
850014516819	86015
850014516949	86119
850014675509	38014
850014705299	277905
850014708269	93933
850015096099	8258
850015225529	144215
850015280139	269483
850015302039	271119
850015510489	173440
850015510809	173444
850015588099	229746
850015656569	348649
850015840159	65790
850015890109	156651
85001598239	327112
850015982569	327115
850015996009	187113
850015996009	187121
850016054319	150136
850016114129	240579
850016127099	142628
850016134059	4810
850016134219	4815
850016452269	287092
850016452399	287090
850016688019	193803
850016944269	45500
850017142329	311463
850017154209	30147
850017315259	268875
850017468139	51272
850017549159	202597
850017549159	202598
850017549609	202615
850017983199	351577
850017990029	49784
850018164009	148548
850018249249	273432
850018252409	245144
850018276139	72347
850018276139	72347
850018301329	118058
850018373029	253572
850018608039	354036
850018608169	303574
850018711319	213066
850018711319	213076
850018711579	213081
850018829779	275350
850018886079	311469
850018924009	130467
850019080209	303774
850019304039	69953
850019447019	189356
850019935189	270954
850019935349	270955
850019983029	347523
850020041329	253980
850020078349	230828
850020148059	34173
850020260119	4345
850020433759	144003
850020861019	343714
850020961009	229
850021015039	373781
850021015329	373784
850021066239	358300
850021091019	280468
850021145019	173350
850021228439	35632
850021352059	83994
850021373429	58105
850021373849	58108
850021474959	188206
850021905569	164300
850022318139	216395
850022362439	83922
850022624209	273122
850022733499	373903
850022733529	373899
850023066039	232416
850023192059	231669
850023293039	19373
850023394019	75211
850023398079	331296
850023494009	273884
850023690029	365163
850023690579	365167
850023692559	254310
850023938039	40466
850023938039	40466
850024006089	353754
850024006249	353759
85002400829	68744
850024267749	149223
850024343269	253565
850024421219	67427
850024486089	271935
850024735019	49401
850024735019	49402
850024782259	214715
850024803039	307153
850024803169	307153
850025251389	68675
850025501439	164169
850025875059	146556
850026073119	4866
850026100099	110195
850026108149	21355
850026196009	140
850026196139	142
850026419009	331450
850026419009	331450
850026755169	171488
850026937039	18283
850027008059	202931
850027236049	223449
850027702049	235202
850027702209	235193
850027702209	235199
850027880099	93973
850027880129	93969
850027900049	111516
850028035009	89383
850028042359	370313
850028051009	49408
850028051269	161635
850028337189	213208
850028467459	148053
850028476789	34256
850028554029	327057
850028554319	327034
850028554739	327029
850028728079	333016
850029223009	118500
850029324539	64578
850029345169	162818
850029741749	111983
850030090409	312862
850030092199	268288
850030464019	195372
850030572219	16036
850030824059	343663
850030844309	20449
850031022119	254367
850031418059	162786
850031418059	163122
850031700239	188172
850031700369	188169
850031902879	68733
850031990159	121842
850032081139	344701
850032081269	344718
850032259699	219135
850032528719	246198
850032676069	25609
850032716239	37052
850032825009	213933
850032994019	371135
850033007169	34050
850033206029	193897
850033249149	215591
850034209289	74611
850034580029	188564
850034580159	188479
850034678009	217799
850034840079	64324
850034840109	64323
850034905259	327091
850034905549	327068
850034905839	327079
850035088029	249630
850035280089	321923
850035593219	368718
850035737019	275385
850036168089	268868
850036168409	268814
850036168829	268869
850036288299	351516
850036444039	291396
850036606109	244057
850036632269	372466
850037003259	61432
850037028399	373270
850037113019	215917
850037528059	13898
850037958009	334190
850037992539	95972
850038206079	301617
850038560249	139334
850038683009	351810
850038683139	351809
850038716059	101474
850038927349	54393
850039180019	362557
850039847189	247784
850040427349	259105
850040776089	317761
850041497099	283991
850041497129	73020
850041497259	283989
850041771069	34875
850042062029	331445
850042244579	35995
850042343029	219066
850043369059	143520
850043711049	235974
850043868019	222795
850044821099	40554
850044896059	49263
850044999019	144006
850045008239	220943
850045138059	284613
850045668549	322126
850045947149	184844
850045947279	184841
850046532009	190664
850046663079	338507
850046892509	353517
850047203489	58110
850047204219	299287
850048003989	268280
850048199019	64507
850048199279	64506
850048423589	283402
850048423749	283394
850048532199	49735
850048589469	322088
850049630009	157977
850052581039	331524
850054122049	97871
850056005029	350689
850056005159	350687
850057006339	32507
850057006469	32508
850060005169	255247
850060006029	105146
850064930139	219925
850066002179	76851
850068006069	190869
850073005309	282642
850074005179	328978
850086000209	173685
850086000339	173684
850089000749	231181
850091003349	132031
850114002229	10408
850114002489	10409
850126007069	145177
850126007809	145191
850126007939	145183
850128005049	231747
850136005109	124490
850139004499	215287
850141006009	41383
850149004069	217349
850149004199	217353
850149004229	217350
850173005179	373203
850173005629	373196
850173005889	373192
850173005919	373202
850174000449	344898
850180006039	149227
850180006589	149241
850181005109	77411
850181005239	77406
850182004019	193805
850196003169	263916
850196003329	263916
850210004189	161908
850210004219	161919
850220007019	145256
850225002019	281344
850229005139	258086
850229005429	258087
850229005719	249471
850240004029	260391
850240004159	99213
850241008019	343747
850241008149	343745
850242001439	247534
850250005009	303517
850251004049	302736
850251004179	302765
850251004209	302760
850273005499	92038
850274007089	45321
850274007669	45330
850274007799	45329
850274007829	45338
850278007009	63155
850283002129	73205
850284001299	124682
850288008409	322596
850303006199	318468
850306006219	231269
850326006039	95914
850329005589	44856
850331001029	315635
850336002359	349343
850341006939	34037
850352005709	215406
850356005019	40852
850357004899	157314
850357005049	157317
850361007039	172613
850367991769	53250
850368005069	189104
850370005149	61624
850370005699	289769
850379000039	231811
850381008429	328029
850384003049	178
850388783169	101532
850397004019	329460
850397004149	329473
850397004279	329476
850397004439	329501
850397004699	329459
850397004989	329474
850403000059	221735
850403000189	221766
850403000219	221738
850403000349	221761
850403000479	221768
850403000509	221730
850406004009	68907
850408004199	235972
850408004229	129066
850416002279	270279
850416002309	270231
850416002729	270273
850416002859	270246
850418006039	311676
8504300020369	217145
850434002039	307047
850434002329	307047
850434005009	194105
850434005559	194109
850443003249	81604
850446008739	280964
850456007319	223396
850460005059	177666
850460005349	177679
850468200449	97809
850469000949	309078
850471002009	239400
850472004019	61331
850472005009	278182
850472005719	278213
850473002489	371598
850475006089	214732
850475006119	214719
850476006019	288023
850476006859	288027
850484006049	157633
850489003159	192303
850529004009	203327
850540008239	330737
850551005999	302339
850552007299	304217
850556006069	232293
850563002269	190733
850563002719	190736
850563002849	190728
850565007149	145442
850567005099	284065
850578005149	185094
850581007499	85414
850590004069	182287
850590004649	182281
850590004809	155990
850609005049	344140
850612002899	366658
850624000029	92636
850640006029	51749
850644004199	235642
850645008929	7803
850646002049	25975
850655007189	61639
850668000429	72340
850668000689	72314
850668000849	72324
850668000849	72346
850685004059	349671
850685004349	349661
850687100339	47094
850687104009	47098
850687110529	47084
850687300029	47102
850687400019	47091
850701003509	232272
850701005169	362117
850708006039	61325
850709005499	203393
850709005659	331930
850709005819	331928
850711006019	85495
850711006439	85492
850711006699	85484
850712007589	370390
850714002049	164850
850727004429	7845
850732006029	66026
850732006449	66050
850758003149	53327
850758003309	53337
850775005089	168867
850775005249	168859
850775007229	58476
850775007229	335025
850791002079	247168
850800007019	159450
850808005659	216318
850808005789	216323
850840001039	273039
850856007049	51350
850871006119	250
850883002949	260496
850888005259	282257
850898005249	192506
850901007109	38137
850941006049	333210
850947006029	330448
850947006029	330457
850947006319	330463
850977005139	307728
850977005269	307741
850996004359	190641
851002003069	267722
851011003609	282630
851015004169	323663
851015004329	323678
851016002379	129457
851034008469	62373
851035003029	371181
851035003319	371172
851035003449	371182
851035003579	371191
851035003739	371198
851040006299	33254
851040006329	33251
851055007069	73305
851063002629	184159
851063005019	3554
851065007219	22594
851068005069	219144
851070006009	347582
851070006139	347593
851070006399	347596
851070006429	347578
851073004149	76386
851073004729	368477
851083005099	270132
851083005129	270151
851083005549	270153
851083005839	270126
851087000069	247324
851093004099	115476
851093004259	115446
851093004259	115447
851093004419	115444
851093004419	115449
851100003169	162751
851100003459	162757
851106006089	363082
851107003049	40584
851107003629	40572
851107003889	40573
851125002529	301623
851141006389	24352
851141006419	24364
851141006549	24379
851146002089	188820
851146002249	146352
851146002379	104122
851146002669	104089
851146002669	104107
851149005049	372305
851149005209	372303
851152005029	11171
851152005159	11175
851153004649	28671
851166007019	66765
851167002259	243903
851167002389	243911
851167002679	243905
851170002079	315181
85119600839	179320
851207008159	189258
851207008289	189237
851207008319	189264
851209008089	132056
851209008119	132056
851220003209	53144
851220003469	53153
851220003469	53161
851220003629	53160
851222005799	90010
851231000129	348668
851231000969	348670
851232008049	202303
851238005189	368544
851242006059	45773
851267003019	362690
851277005089	366544
851278001509	373248
851280008169	80084
851280008459	80079
851299005029	322400
851301008079	38129
851301008109	91829
851302002519	76617
851308006979	145289
851324007639	249582
851329008099	321218
851330005339	202568
851330005599	202564
851331007189	30141
851342006669	302644
851353005019	90865
851353005309	90865
851353005569	66527
851361006169	49782
851368004649	331625
851387007539	351557
851390005249	116673
851403003019	34418
851418006029	178850
851418008139	267638
851432005169	256245
851449007019	37514
851461004669	327976
851461004829	57242
851461005079	70726
851463005039	256746
851463005169	256744
851463005299	256727
851463005329	256731
851471004079	157826
851481005059	244263
851481005929	244262
851492008629	258016
851499006949	64331
851508002009	159075
851509004019	75110
851522003099	40867
851522003259	40871
851529002019	275430
851532008459	273387
851532008909	273391
851538006039	121944
851538006329	121952
851542003529	211614
851545008019	3720
851553008049	78350
851554006259	229449
851559003079	223106
851562007019	331387
851562007309	331384
851562008559	302626
851569003489	2740
851570003119	253433
851586006029	84107
851587003119	129551
851592004279	91844
851600007599	190786
851600007919	190783
851606005209	321468
851616006159	92472
851619004039	259139
851619004169	259137
851619004329	259134
851621003259	344060
851627006049	177653
851629005149	116645
851631006189	139623
851638005369	20725
85164000059	109575
85164000059	109594
85164000189	109602
85164000219	109580
851641003109	71488
851641003529	71482
85164120139	191999
85164120719	109600
851647001239	108074
851653004279	78356
851653004859	78359
851657006019	373234
851659006369	162379
851662006059	43294
851669005109	276147
851674002049	122564
851681008119	143694
851681008379	143680
851681008669	143692
851684002169	164265
851694003019	263945
851694003279	264014
851694003699	263999
851694003729	263942
851694003859	263943
851702007169	167601
851702007329	167624
851706001019	239056
851710001029	64338
851724008229	107658
851724008489	107671
851731002289	271899
851731002319	271897
851741008189	188203
851741008509	188193
851741008769	188208
851748005129	22767
851769005009	250910
851769005139	250908
851769005269	250900
851769007089	295185
851769007119	295184
851770003179	238899
851770003209	238948
851770003339	238860
851770003889	238914
851770003919	238878
851770005029	82354
851770006149	238805
851770006699	238893
851770006729	238933
851770006859	238887
851770007009	238869
851770007399	238813
851770007559	238882
851770007689	238949
851770007719	238867
851770007849	238890
851770008099	238781
851770008129	238779
851770008839	238916
851780004029	331678
851791000089	68988
851791007309	53374
851799003099	255199
851799003129	255198
851802004419	351428
851802004709	351430
851818001099	80092
851818001679	80077
851829006199	315162
851838006159	265669
851841005019	140721
851856006469	65113
851856008579	343950
851861006089	138745
851861006119	138755
851861006119	138769
851861006379	138732
851861006409	138736
851861006539	138744
851861006669	138725
851878007499	43264
851882006099	55522
851887004069	79502
851887004199	79497
851893004039	220616
851899005009	232883
851899005399	232863
851909002059	272505
851909002189	272512
851915008069	163177
851916003049	63680
851916003599	63663
851916003629	63699
851916003889	63691
851921006219	307125
851921006509	307104
851927004639	269498
851927005759	52532
851927005759	346655
851927005889	269507
851927005889	269519
851927005919	269509
851927005919	269510
851932004969	317883
851949004099	274203
851949004389	274197
851953005099	362684
851966006229	168214
851981001209	16679
851981003029	16686
851981005009	270282
851984006959	181724
851987007199	167732
851996000099	318825
852003005069	55931
852009005179	330440
852015005019	347105
852019008009	235621
852020003109	33191
852021007199	74901
852021007229	74902
852032003029	178347
852035004009	192664
852040005039	371412
852041007209	350709
852043003049	196290
852043003469	35350
852043003599	35365
852043003629	35335
852043003759	35361
852043003889	35334
852049004019	328112
852054003939	21415
852061008699	10386
852078005759	50
852078006169	71115
852078006299	71110
852079001279	164153
852089007179	273026
852095004049	161646
852095004339	161629
852095004599	161626
852095004889	161633
852098001519	92640
852099004069	299333
852109004089	86150
852109004119	86127
852109004379	86058
852109004539	86127
852109004829	86108
852109004959	86058
852109331079	86120
852109331109	86088
852109331239	86037
852109331369	86129
852109331529	86043
852109331659	86060
852109331659	86091
852109331789	86112
852109331819	86068
852129008029	186882
852129008029	186893
852139000099	106053
852158002159	37453
852160006039	20532
852160006329	20545
852160006589	78651
852160006749	20543
852163008139	287068
852163008849	42759
852166005319	311388
852175003689	352423
852182002019	37901
852182002439	37906
852182002729	37919
852182002859	37897
852182002989	37904
852201007339	353771
852202003019	164857
852211001709	77090
852230003159	212804
852244003039	15650
852244003299	15651
852244003459	15656
852253007769	163204
852258001229	182606
852258001359	182621
852262003479	97987
852271002029	37972
852287006059	51664
852288006669	366649
852291004089	220249
852291004249	220248
852299003329	122543
852300001559	154532
852311000749	179807
852311004549	19872
852340005449	362192
852344008019	62778
852346005009	229356
852346005269	229334
852346005399	229337
852346005979	229340
852362006059	232201
852368008019	149505
852368008279	149506
852369005529	56077
852370008359	94130
85239000069	201020
85239000229	200761
85239000359	14315
85239000649	300674
85239000809	14746
85239001189	14390
85239001639	300887
85239001929	325573
85239002049	14259
85239002339	301399
85239002469	200579
85239002599	300782
85239002629	300781
85239002759	300899
85239003169	200735
85239003619	200369
85239004289	201085
85239004449	300627
85239004579	199709
85239004739	15487
85239005019	199637
85239005149	15060
85239005279	300976
85239005309	301346
85239005439	15334
85239005859	301247
85239006009	201054
85239006399	200557
85239006689	301232
85239007549	301016
85239007969	301355
85239008089	300936
85239008539	300999
85239008669	301127
85239008799	201138
85239008959	200971
85239009499	301478
85239009529	200029
85239009659	14923
85239009789	325253
85239009819	325396
85239009949	15087
85239010259	200388
85239010389	201174
85239010419	201174
85239010679	301413
85239010839	325269
85239010969	200477
85239011089	200706
85239011119	199976
85239011799	200615
85239011829	93765
85239011959	14438
85239012109	199649
85239012369	300930
85239012499	150019
85239012529	200182
85239012659	369331
85239012789	369462
85239012819	369305
85239012949	200661
85239013229	14435
85239013359	200047
85239013519	200015
85239013779	15217
85239013809	200558
85239014059	325333
85239014189	15289
85239014899	301403
85239014929	301389
85239015179	199834
85239015339	200826
85239015469	14699
85239015599	200592
85239015629	199947
85239015759	92806
85239015889	150006
85239016039	301144
85239016329	199819
85239016459	200872
85239016619	14901
85239016909	200646
85239017159	201057
85239017289	300645
85239017319	300710
85239017609	15304
85239017739	14147
85239017869	14743
85239018019	199917
85239018279	15540
85239018309	14754
85239018439	199995
85239018729	14572
85239019399	301465
85239019559	121088
85239019689	14846
85239019719	15492
85239019979	200805
85239020029	200040
85239020609	200180
85239020869	120519
85239021279	300917
85239021569	300881
85239021699	201173
85239021859	14727
85239021989	121397
85239022139	200202
85239022269	200630
85239022559	14742
85239023099	15257
85239023389	200822
85239023419	300651
85239024249	200040
85239024539	200654
85239024959	14793
85239026489	201143
85239027059	301456
85239027509	300659
85239027899	201146
85239027929	300867
85239028179	301180
85239028339	121325
85239028469	301437
85239029039	300821
85239029169	14913
85239029299	200318
85239029329	200871
85239029459	300688
85239029589	14968
85239029619	14968
85239029749	199639
85239029879	201119
85239029909	200652
85239030189	200137
85239030219	14298
85239030349	15500
85239030509	15065
85239030769	300687
85239030929	92748
85239031049	200755
85239031209	301338
85239031339	201242
85239031469	200105
85239031629	301349
85239031759	200907
85239031919	14718
85239032039	14794
85239032169	120473
85239032299	15068
85239032329	119878
85239032459	93008
85239032589	200736
85239032619	14770
85239032749	200141
85239032879	14784
85239032909	14612
85239033029	14871
85239033289	14584
85239033319	14270
85239033449	199881
85239033579	199658
85239033739	369561
85239033869	14345
85239034279	369605
85239034309	369302
85239034439	369503
85239034569	369274
85239034699	369335
85239034729	369418
85239034859	369328
85239034989	369410
85239035009	369615
85239035139	369394
85239035429	15306
85239035559	14908
85239035689	93782
85239035719	15355
85239035979	200180
85239036259	93690
85239036389	15037
85239036549	200473
85239036709	92909
85239036969	120155
85239037089	121073
85239037119	14565
85239037669	121177
85239038079	121519
85239038109	120475
85239038369	121452
85239038499	120736
85239038529	120736
85239038659	120672
85239038789	120736
85239038819	120116
85239038949	120880
85239039069	120655
85239039229	120060
85239039489	200254
85239039519	200681
85239039779	150036
85239040089	199681
85239040249	200943
85239040379	15268
85239040539	15098
85239040669	15259
85239040959	119806
85239041079	120180
85239041109	120179
85239041369	120826
85239041499	120737
85239041529	120681
85239041659	120679
85239041949	74923
85239042069	120034
85239042489	120750
85239042519	119758
85239042649	121522
85239042939	121473
85239043059	120705
85239043189	120395
85239044179	120042
85239044209	121068
85239044339	120801
85239044469	119722
85239044599	119705
85239044759	120789
85239044889	120446
85239044919	120163
85239045039	120760
85239045169	120457
85239045299	14549
85239045329	14355
85239045459	120067
85239045589	120433
85239045619	120450
85239045879	120397
85239045909	119836
85239046029	200475
85239046159	121160
85239046289	120638
85239046319	121447
85239046449	119699
85239046579	121384
85239046609	15532
85239046739	121048
85239046869	201262
85239046999	121364
85239047019	120334
85239047149	120296
85239047279	121087
85239047309	120081
85239047439	120081
85239047569	121045
85239047699	120149
85239047729	119975
85239047859	120904
85239048009	120720
85239048139	119833
85239048399	121543
85239048429	120624
85239048689	120724
85239048719	121136
85239048849	121145
85239049129	121207
85239049679	120896
85239050699	200372
85239051399	200131
85239051429	199653
85239051559	14884
85239051689	120633
85239051719	369604
85239051849	369309
85239051979	120513
85239052099	120640
85239052129	120415
85239052259	369443
85239052419	121495
85239052549	119999
85239052679	119999
85239052839	120537
85239052969	120918
85239053119	120577
85239053379	119867
85239053409	121434
85239053539	369495
85239053669	369525
85239053959	120346
85239054079	119871
85239054109	14984
85239054239	369378
85239054499	369545
85239054529	369528
85239054659	369432
85239054789	369537
85239054819	369391
85239054949	369307
85239055069	369522
85239055199	369289
85239055229	92946
85239055489	369544
85239055519	369368
85239055649	369611
85239055809	92729
85239057209	120548
85239057339	119726
85239057469	121011
85239057599	14902
85239057629	14472
85239057759	121119
85239057889	121393
85239057919	120187
85239058039	200376
85239058169	119658
85239058299	119887
85239058329	120968
85239058459	120472
85239058589	119725
85239058619	121400
85239060339	15164
85239060469	200236
85239062029	14757
85239062319	200730
85239062609	15267
85239063859	301228
85239064719	14985
85239065099	201164
85239065389	121147
85239065419	200375
85239065549	14661
85239066959	15288
85239067239	200944
85239067819	14618
85239068229	200574
85239070079	120526
85239071199	93676
85239071359	301377
85239072349	300968
85239073469	119690
85239073629	301493
85239074589	201070
85239077269	121317
85239077399	120727
85239077559	93676
85239077979	120240
85239078099	120136
85239078129	121153
85239078259	200022
85239078419	120923
85239078549	300858
85239078679	121226
85239078709	120718
85239078839	200994
85239079379	14566
85239079669	120741
85239079959	93218
85239080009	93393
85239080139	121290
85239080979	301218
85239084069	14936
85239084519	15203
85239084649	119912
85239084809	121456
85239084939	14775
85239085189	200426
85239085219	14726
85239085349	93682
85239085479	120584
85239085509	120999
85239085769	120585
85239085899	121080
85239085929	121418
85239086629	301098
85239087619	201256
85239087909	120956
85239088609	14225
85239089019	121121
85239089149	15332
85239091159	121043
85239092019	14950
85239093139	120926
85239095409	14623
85239095539	119813
85239096079	120021
85239096109	119859
85239096819	93796
85239098639	119920
85239098769	120304
85239098899	120608
85239098929	120610
85239099049	120605
85239099179	120203
85239099599	120003
85239099629	120892
85239099759	120259
85239099919	120245
85239100059	14502
85239100189	120606
85239100349	92908
85239100479	14379
852391006099	291093
852391006549	75855
85239100769	200093
85239101179	14389
85239101209	15388
85239101339	201046
85239102169	300996
85239103029	200312
85239103159	120765
85239104439	201183
85239104699	14140
85239104729	14934
85239105139	301343
85239105399	14352
85239105849	119915
85239107539	120156
85239108499	93571
85239109809	150077
85239110539	121350
85239110669	121349
85239110799	120210
85239111109	200913
85239111789	120965
85239112069	15011
85239112359	15000
85239112649	199891
85239112939	15210
85239113059	199979
85239113479	120779
85239113509	200133
85239113639	200572
85239113769	119983
85239114049	322188
85239116159	200569
85239116289	120188
85239116319	200477
85239116449	200563
85239116579	200880
85239116609	199642
85239116739	200669
85239117149	200481
85239117279	322189
85239117699	121395
85239117729	119713
85239119259	121183
85239119389	121185
85239119419	120868
85239119549	14333
85239119679	120163
85239119709	120162
85239119839	200664
85239119969	120378
85239120149	120658
85239120279	200457
85239120309	120698
85239120439	120697
85239120859	93598
85239120989	201142
85239121009	199996
85239121269	120046
85239121559	121282
85239121689	119783
85239123959	15213
85239124819	15023
85239125809	92883
85239128909	200329
85239129449	201217
85239129869	369356
85239130049	14710
85239130209	200639
85239130469	200682
85239130629	120831
85239130759	200674
85239131169	369618
85239131329	301005
85239131459	369420
85239131589	369492
85239131619	369365
85239131749	369669
85239132289	14509
85239132319	93091
85239133019	120671
85239136539	120421
85239137949	120814
85239138359	369571
85239139189	121417
85239139899	93108
85239139929	93097
85239140499	200451
85239141229	200867
85239141649	92863
85239141779	200904
85239141809	200908
85239141939	301202
85239142219	200350
85239142479	120292
85239142749	120292
85239142769	14263
85239143339	93389
85239144459	199772
85239146699	199657
85239146989	199624
85239149669	201056
85239150719	200865
85239151129	300707
85239151839	92770
85239152249	119674
85239154069	120998
85239154809	15483
85239154939	120530
85239155509	15218
85239155899	121467
85239155929	119824
85239156179	121307
85239156209	15204
85239156339	93545
85239156469	121566
85239156599	120273
85239156759	93366
85239156889	119711
85239156919	120786
85239157879	93739
85239157909	120467
85239158609	93676
85239160619	15214
85239161319	14973
85239161449	121388
85239161869	93100
85239162149	92814
85239162279	92781
85239162309	93637
85239162569	93553
85239162729	201042
85239163139	92889
85239163399	119721
85239163429	121424
85239164549	199713
85239164969	93264
85239165539	200582
85239165669	93143
85239166079	120776
85239166369	93029
85239167199	121493
85239168349	120140
85239168899	120568
85239169049	120072
85239173879	120636
85239173909	120636
85239174289	301358
85239174609	14985
85239180419	93119
85239180549	92830
85239180969	14418
85239181119	120298
85239181959	369679
85239182819	121290
85239183199	150048
85239183229	150064
85239183939	92954
85239184479	199944
85239185339	301280
85239186039	201172
85239187159	119860
85239187289	199859
85239187449	200036
85239188569	200035
85239189399	121049
85239189429	120456
85239189559	121182
85239189689	199698
85239189719	300950
85239190159	14976
85239190319	121514
85239190999	121183
85239191019	119861
85239191699	121082
85239194089	15223
85239194409	15224
85239195789	92746
85239195819	93482
85239196359	120665
85239196809	201082
85239199879	121031
85239200049	300992
85239200759	15395
85239200889	14189
85239201169	201125
85239201589	14649
85239201749	200849
85239201909	14630
85239202609	14407
85239203019	301345
85239204559	93108
85239206089	300699
85239206119	301352
85239206249	119830
85239208809	93691
85239209349	120208
85239209509	93108
85239209929	301139
85239210109	14180
85239210239	325491
85239210499	200945
85239211359	201205
85239212899	199934
85239213049	14541
85239214459	369404
85239214749	301309
85239214909	369639
85239215029	369294
85239219089	120800
85239219119	120341
85239219799	369506
85239219799	369674
85239219829	369584
85239219829	369680
85239222379	201112
85239223239	300674
85239223529	200729
85239224069	200729
85239227039	14410
85239233429	15160
85239236369	93663
85239236499	369565
85239236529	369360
85239237779	200265
85239238349	199669
85239238509	120127
85239240069	119989
85239241929	93589
85239249819	93361
85239250969	200635
85239251089	200243
85239251119	199726
85239252079	120125
85239257869	93606
85239258019	93281
85239260029	14972
85239260319	120348
85239261279	93174
85239261439	93252
85239261569	14596
85239262009	199767
85239264119	201232
85239265109	301300
85239266229	14975
85239266809	14477
85239267509	200162
85239268049	93068
85239268179	322191
85239268209	93011
85239268339	300693
85239270219	201120
85239270349	120453
85239271339	201262
85239272039	200980
85239272619	200071
85239272909	14478
85239273609	199830
85239276679	120324
85239276709	120318
85239276969	120546
85239278079	119696
85239281239	120201
85239281369	121244
85239284049	121128
85239285619	93403
85239286029	93495
85239286159	121016
85239286739	92880
85239287569	93596
85239287729	93532
85239293409	121125
85239293539	120875
85239294079	121413
85239295199	92945
85239296899	119941
85239297889	120223
85239299319	121224
85239300169	199804
85239300749	14676
85239301029	300926
85239301319	15280
85239301579	15292
85239301609	15051
85239301739	14525
85239301869	14889
85239303009	200279
85239303689	200864
85239303979	119916
85239304129	15188
85239304419	201036
85239304709	200938
85239305119	200402
85239305249	14707
85239305379	15124
85239306529	120843
85239306949	92738
85239308349	120022
85239308509	199765
85239309179	92884
85239309209	92926
85239309339	149992
85239309469	93486
85239310199	121047
85239311189	199695
85239311769	14988
85239312599	120046
85239312629	120637
85239313299	119697
85239315699	121522
85239316719	93207
85239320259	120089
85239320839	92742
85239321119	200141
85239327319	93568
85239327449	93304
85239327579	93176
85239327609	93628
85239327739	93499
85239327869	93537
85239327999	369381
85239329139	93760
85239330579	93538
85239330609	93538
85239330739	93783
85239330869	92943
85239331859	93432
85239332979	92765
85239333099	93683
85239333129	93108
85239333259	93676
85239333389	93075
85239334959	121401
85239337509	324209
85239337639	324214
85239339749	93723
85239340189	93259
85239341209	200189
85239342169	14891
85239342299	14415
85239342329	15269
85239342459	14753
85239343029	120463
85239346419	199749
85239346549	199722
85239347119	92939
85239347249	93749
85239347379	93676
85239348079	300863
85239349199	301244
85239352939	119834
85239354469	92778
85239354599	93584
85239354629	93687
85239357019	200914
85239357699	119947
85239357729	120587
85239358689	93222
85239358719	93248
85239358849	93108
85239359679	121281
85239359969	120563
85239360019	121459
85239360149	120444
85239361979	121144
85239372029	121320
85239380789	200123
85239385869	200117
85239386019	200123
85239386309	201234
85239387849	301083
85239388419	301080
85239388679	301111
85239388709	300902
85239400029	301262
85239401019	301275
85239401279	14735
85239401699	301221
85239403549	199622
85239404119	200363
85239406649	300691
85239408179	15364
85239408629	300978
85239410059	92793
85239410219	15059
85239410509	93108
85239410899	199897
85239411889	14857
85239412169	201215
85239412329	199801
85239412459	200180
85239413029	15097
85239415139	201220
85239415559	200825
85239416099	201200
85239416129	14433
85239422229	14599
85239430309	14833
85239431009	93452
85239441329	201161
85239442449	14598
85239455289	14575
85239457009	15240
85239461129	201215
85239470039	201005
85239503829	200316
85239536599	199811
85239554289	14900
85239555309	201180
85239555439	200801
85239559499	199846
85239601259	301455
85239601709	15107
85239602539	15384
85239602669	301205
85239606179	200622
85239606339	14397
85239607039	14421
85239607169	201099
85239607879	15039
85239607909	15249
85239609149	301287
85239610909	301495
85239615409	199968
85239616789	14253
85239618189	14798
85239618219	14663
85239620229	14893
85239628119	200468
85239632789	15296
85239658789	201202
85239661529	200030
85239665169	199656
85239702109	200860
85239703489	14150
85239715949	199643
85239717349	199923
85239717639	200010
85239717769	201241
85239718179	15403
85239718339	14934
85239723029	301342
85239723159	14229
85239723289	300800
85239730959	200172
85239732069	200519
85239734179	200846
85239734339	200624
85239735589	199762
85239735619	199913
85239735749	200673
85239747209	199652
85239792209	300657
85239803509	15223
85239804919	15232
85239805459	15140
85239807699	14927
85239808269	15049
85239811399	301091
85239814369	15482
85239814499	15229
85239814529	14605
85239853849	200910
85239934289	93684
85239934319	93345
85239934449	93549
85239934579	93526
85239942789	93677
85239942819	93114
85239944479	200611
85239948019	201185
85239948729	200454
85239951439	201209
85239952269	93563
85239952429	93322
85239952559	92975
85239952689	93612
85239952719	92841
85239955789	369350
85239960899	93088
85239960929	93320
85239961049	93655
85239966549	93135
85239967539	121112
85239968789	93268
85239968819	93128
85239970119	93673
85239971789	93539
85239971819	93539
85239971949	92990
85239976159	120797
85239976159	121334
85239976579	93191
85239976739	93186
85239976869	93184
85239976999	93773
85239977149	201058
85239977279	93308
85239977309	92821
85239977439	93294
85239977569	93199
85239977989	92986
85239978009	93428
85239978139	93789
85239978269	93107
85239978719	120430
85239980699	93396
85239981719	121482
85239982259	120711
85239983409	121538
85239984789	120367
85239987209	200727
85239987339	93169
85239987339	93590
85239988299	93360
85239988329	92982
85239988459	93385
85239988589	93507
85239988619	93593
85239989609	120662
85239990179	14215
85239990889	120275
85239994429	93116
85239994559	121357
85239995129	92854
85239995389	120418
85239995419	120893
85239995549	120295
85239995679	120031
85239998229	119720
85239999479	121034
85239999509	121303
85239999639	93009
85239999769	93101
852406003099	192472
852406003129	192460
852406003709	192467
852406003839	192447
852406009039	312464
852407008109	75220
852417005129	46519
852418007399	372755
852420001019	216520
852429005339	45677
852431007819	258875
852431007819	258880
852453002229	189699
852453006289	271910
852455003149	51365
852455005129	23086
852455005259	23107
852455005389	23109
852455005419	23101
852455005549	23115
852455005679	91644
852455005709	91639
852455005839	90160
852456005029	106047
852457007169	312363
852457007749	312367
852458006079	238963
852463008419	182095
852466006139	300513
852466006139	301644
852466006689	301645
852466006979	300522
852466006979	300522
852469004279	196815
852469004309	196809
852486008069	239368
852497006009	269114
852498007029	61222
852504005179	227395
852505004089	299453
852512006069	226204
852513005009	349750
852516005389	350049
852524002059	73507
852524002059	73507
852528008439	302086
852537005269	22970
852537005689	22976
852541002469	24347
852542006749	231230
852542006909	231242
852549003109	217235
852555006439	83405
852558004029	85789
852565003039	23594
852565003329	23599
852580004479	116486
852580004509	116479
852589006009	249677
852595008059	57551
852600006049	326410
852605000219	85117
852606008009	245780
852614006509	61467
852616001069	12155
852616008709	29694
852618007649	32598
852626006009	294953
852629004149	29667
852629004309	29653
852642006199	77382
85264333309	148124
852646004009	63476
852646004399	63474
852646004429	63475
852647003339	282488
85264798009	252281
85264820229	59583
852661005029	10170
852661005999	10171
852661006019	251627
852661837569	362771
852664332849	138737
852665452249	102010
852665455639	263991
852667668389	64973
852667737009	138762
852668789779	79490
852675006029	332095
852675006999	332092
852676543899	148411
852678005029	57146
852681918989	64049
852681944759	184931
852681955229	77458
852681955359	77468
852684003279	138923
852684003309	138968
852684003439	138964
852684003569	138926
852684003699	138952
852684003729	138961
852684003859	138906
852684003989	138928
852684992719	19078
852686001259	291310
852693008159	2718
852696002369	60974
852697008179	328828
852697008469	328829
852697008629	328833
852704005399	306481
852704005979	40387
852707002029	138655
852707007369	343572
852709002799	249644
852713003089	36942
852713003119	332879
852713007179	35130
852727002009	89735
852727002269	34455
852727002849	192155
852727002979	192151
852730004069	99336
852735001049	301893
852736005039	331908
852736006029	189010
852736006159	189011
852749004449	77034
852749004609	77011
852749004609	77048
852749004739	77027
852750003059	329147
852750003509	329063
852759008079	184500
852761007169	246202
852761008159	193662
852764006169	364736
852781005039	230822
852782001719	47054
85278978909	246929
852793005089	104017
852795005179	29705
852795005209	29707
852795005209	29707
852796007479	78765
852823006079	235717
852823006529	235721
852834002039	23601
852835008009	22953
852837003019	89970
852838005029	56270
852838005289	56263
852838005579	56254
852838005609	56274
852838005739	56256
852852001069	235591
852856007029	261134
852856007159	34272
852858005009	72455
852870004639	75128
852880005039	322598
852884004199	372288
852885003269	287296
852885003429	287291
852892003009	257
852897004179	230902
852908007069	77364
852909003039	68784
852909003299	46861
852909003459	46880
852909003589	46903
852909003619	46901
852909003749	46825
852909003879	46898
852909003909	46823
852913003049	66440
852913003339	66386
852913003469	66388
852921005219	370541
852921005509	370544
852921005509	370549
852923002919	57101
852929002029	192367
852933008499	235370
852934007279	307345
852944001649	92521
852945001259	101504
852945006049	129703
852945006209	129712
852949001019	210257
852949003679	38834
852951001069	76895
852951005029	169719
852953001159	333370
852955007029	213769
852955007029	213781
852955007319	213760
852955007579	213775
852958006029	263405
852974007079	66304
852975008259	346384
852981005129	311262
852981005969	311264
85299800449	90120
853004004389	63979
853004004549	63982
853016002649	64553
853016002779	64527
853021005079	320531
853026005029	204134
853034007169	163059
853036006139	19525
853048005069	122169
853055000019	76431
853055000279	76434
853056004009	331326
853056004269	331327
853064006149	265235
853081002049	227906
853081002049	227907
853081002209	227904
853085008009	22546
853087004009	325820
853101005029	144451
853104007709	2645
853112008019	160480
853125005029	77328
853125005159	77323
853125005159	77323
853131004269	163327
853132007009	329487
853143003199	235399
853144066179	41317
853147005069	157425
853149008099	269083
853149008129	269091
853152003029	130257
853152006679	260363
853152100469	260376
853152100599	260350
853152100759	260336
853152120429	260377
853156007139	371355
853156007399	371357
85316107339	124379
853169002039	158684
853169002909	158666
853170006019	317889
853171004069	351842
853171004359	351840
853175008209	247572
853186006089	124478
853186006119	124483
853186006409	124479
853187003629	217207
853197004319	97816
853197004609	97829
853199999279	182170
853204007609	33486
853205002979	142520
853209001879	278234
853218000849	346536
853225004199	142598
853225004229	142606
853231007139	328993
853234005019	8313
853237003029	214396
853240003009	17260
853242007029	368745
853260008039	304247
853263005349	125121
853271007069	215364
853274001279	148157
853284006189	329305
853286006019	349841
853299003609	53007
853305003029	89403
853305003289	89405
853311003549	167806
853311003679	167820
853325005119	204235
853328002139	173006
853328005079	145825
853328005529	371367
853328005949	145828
853330007139	40494
853331006919	188701
853332003139	111819
853335000029	205679
853345008039	46117
853358000099	138092
853358000969	138104
853363000459	323749
853364005019	197086
853365500049	219524
853393000139	288565
853393000269	288562
853394001319	196011
853398005009	193794
853407003019	37073
853407004139	163340
853426005209	323622
853434002399	95488
853434002429	95482
853459003029	62800
853471004189	101633
853471004899	101627
853487006009	116452
853496008049	77131
853507008129	368728
853507008549	368730
853510005009	324005
853511003189	19092
853517003589	4216
853517003619	4215
853522000429	85956
853522000719	85970
853522000979	85965
853539008449	365316
853544005259	66028
853544005419	66048
853546005219	303500
853547003559	365521
853547003849	365530
853552003049	40307
853552003209	40305
853555003329	180377
853555003459	180376
853555003459	180376
853555006429	118866
853555006559	118881
853555006689	118875
853555006719	118876
853558002039	154867
853562006399	346947
853562006429	346949
853563002819	364457
853574002129	238340
853579005019	371503
853580000089	18276
853584002249	48673
853584002379	48678
853585003009	242291
853587004189	212459
853594006169	363367
853595002559	138554
853602002749	62589
853610001079	291297
853610003479	61495
853613004169	312192
853624007029	14054
853640008109	291317
853642007209	101536
853647000229	373889
853650004429	153660
853651002769	99006
853651002899	99002
853655002369	219522
853655005049	197112
853655008019	168748
853655008279	168752
853665005039	203082
853665005459	203104
853665005459	203107
853666002099	216333
853672002199	272885
853680005229	256489
853687004249	253443
853694003099	83393
853694003129	83394
853698007499	302251
853701004019	239573
853715003459	338653
853715003589	338648
853715081099	338668
853718007379	318238
853726002809	62859
853736005029	149482
853737008289	288472
853738007069	271840
853753008089	188865
853753008119	188846
853753008379	188847
853753008409	188857
853754003069	69033
853754003359	69035
853754003519	69027
853754005339	69025
853754008019	239076
853760000069	239575
853762002719	332834
853768004069	351146
853779004089	317939
853781005029	211373
853787005009	219493
853787005139	219508
853787005559	219501
853787005849	219499
853794008109	242406
853804003049	59459
853804003339	59463
853807005439	57306
853807005729	57311
853807005859	57309
853807005989	57293
853817008369	303609
853817008499	303860
853824004729	3624
853825006029	270950
853842003049	263870
853842007139	54941
853865007109	24568
853872004139	350673
853872004399	350669
853874004069	43257
853877004059	305763
853877004219	305765
853879008079	372127
853883003299	45343
853883003589	45339
853883003749	45324
853883003879	45336
853883006139	156455
853888004239	116121
853891007029	203354
853891007159	203353
853894004209	103223
853894007019	264658
853896007239	189291
853900003219	221496
853900003509	221497
853900003929	221509
853903006309	75138
853912003009	61418
8539120309	121013
853922004799	215518
853922004829	215533
853922005079	188426
853922005109	188425
853923002169	229792
853923002299	229793
853923002909	229813
853930004019	317719
853946008049	186353
853957008069	89952
853957008359	89954
853959003239	35213
853959003369	35214
853970002549	63351
853981005119	327973
854004006199	118832
854004006359	118836
854019006009	168756
854021008039	59424
854021008299	59438
854025008189	153556
854025008479	153556
854030005029	23732
854030005739	23728
854031005059	14076
854050008529	280126
854052006189	202453
854052006219	202454
854060001039	90865
854060001879	90860
854070002279	331290
854071006139	9041
854074006129	153597
854074006259	153580
854074006549	153582
854086007039	350305
854086007039	350306
854086007909	350304
854086007909	350307
854088007969	54589
854092006019	172961
854092006149	172950
854092006279	172949
854092006569	172957
854097008209	79431
854097008209	79432
854097008339	79430
854098006099	263180
854098006129	263178
854098006259	263165
854098006709	263158
854105007019	320939
854105007309	320950
854114007369	373084
854114007499	373174
854114007529	373170
854115003339	140622
854121007079	263083
854122002509	4875
854125003299	341910
854126008019	214362
854126008149	214374
854126008309	214383
854126008439	214360
854128008109	311618
854128008239	311616
854134004119	325153
854135008499	104134
854135008819	104120
854136007019	222901
854137000019	370869
854137000149	370858
854137000279	370874
854137000439	370881
854137999009	370863
854143006869	370898
854167004049	373279
854171004059	278134
854175004079	187786
854179168289	141747
854181005589	328877
854181007279	373799
854181007569	70749
854183006249	89850
854193005089	61669
854193005959	61667
854198004179	171951
854198004339	171957
854203008079	196152
854208004359	78682
854208004809	78646
854210001049	263049
854210003029	263425
854210004149	263051
854215006179	278751
854215006759	278763
854215006759	278766
854217005019	71387
854218005049	16432
854219002689	341379
854220003019	343918
854241007829	95185
854247002149	157781
854259005329	182188
854259005619	182175
854259005619	182190
854261006109	274705
854262003299	144334
854262003329	144331
854262003619	144336
854263004059	84392
854263004189	84382
854263004219	84379
854272006099	92660
854273004049	131936
854285000879	300600
854285008059	300587
854287005599	370382
85429005619	182175
854294005759	60416
854294005889	60612
854305006249	218645
854319005399	85665
854322005119	307846
854328007049	322531
854338008289	205493
854340007089	332491
854340007539	295740
854340007959	332505
854343005549	352022
854349008049	41472
854349008049	41472
854351005739	328361
854393003229	223777
854393003519	223787
854393003649	287926
854393003779	223788
854393008019	164472
85441300209	9740
854417002009	43505
854420005059	274876
854426004339	322074
854430002369	341942
854433002939	105120
854437005059	239001
854442007369	8455
854446003039	226515
854446004029	362779
854454008149	23074
854454008149	24280
854487006099	280927
854487006129	280926
854487006549	281036
854487006679	281012
854487006709	280938
854487006969	281017
854488006029	233291
854488008009	122090
854497008069	122602
854497008359	122620
854497008359	122641
854497008519	122600
854500007799	352418
854503004009	254038
854505006759	239509
854510003019	189877
854510008229	231600
854517005009	220239
854526001139	368991
854531003029	373414
854549005039	281311
854555008079	181580
854556005459	45234
854560005049	143975
854560005759	143977
854562004019	346958
854562007799	8697
854570007309	43763
854583006009	254312
854615002139	39568
854616007089	56096
854616007119	56102
854621004059	244429
854622006489	235164
854631006029	307753
854635000009	283429
854639006779	24102
854640007079	307651
854640007109	307650
854640007369	307629
854640007369	307634
854644006009	98003
854644006269	229504
854649005199	258020
854649005649	363591
854652006039	334088
854654008079	232813
854660006069	86556
854662007019	235447
854665003049	163080
854675005019	245053
854678005139	4973
854693000409	220054
854693000539	220063
854708002299	13419
854708002329	13415
854708003289	336226
854719006019	242313
854747005039	72130
854751003069	254429
854758001129	221447
854758001259	221455
854758001839	221464
854765007459	141910
854765007909	141905
854770005099	307861
854775002079	312913
854787004009	244200
854791004019	329442
854791005009	65595
854796008029	156501
854799004219	287164
854807008369	361342
854819006049	4959
854834005089	304331
854835004029	146593
854837006069	64530
854837006779	64549
854849006019	250850
854863008129	249603
854872001029	234624
854872001289	234626
854906004019	370838
854913004019	256254
854918002089	213247
854918002119	235407
854918002379	76512
854929004379	350739
854929005529	350733
854934004739	253347
854934004869	253333
854934006559	255216
854934007679	51451
854934007969	51437
854948008099	147042
854948008549	147043
854959005209	142538
854962007009	303824
854966005179	95233
854966005209	95251
854977005229	352479
854977005229	352483
854993004169	305896
854993004299	305898
854994002119	307148
854995003139	103260
854995003269	103254
855002003029	174569
855002003159	174631
855002003609	174582
855003006029	244279
855005007079	373431
855019000059	38548
855019000189	38567
855019000189	38573
855019000219	38575
855019000219	38575
855019000349	38541
855019000349	38595
855019000479	38549
855019000479	38565
855019000639	38548
855019000769	38588
855019000929	38559
855019000929	38582
855019004019	212244
855024006329	190729
855025005369	138691
855025008209	162769
855036005679	132199
855062006039	331827
855072003059	332461
855086004059	62531
855088004019	98193
855088005009	196994
855088005139	197000
855088005689	196960
855090001419	338636
855090001549	338644
855094006199	156891
855094006359	156893
855095003319	330170
855097002549	130610
855099007009	9372
855099007269	9377
855099007559	9355
855102002229	214047
855103006059	290429
855104007819	64114
855113007879	17187
855124008339	178551
855124008469	178547
855136002189	25972
855139005019	223314
855140002199	263333
855140002229	263379
855140002489	263312
855140002519	263314
855140002649	263316
855142001039	189687
855158002129	8926
855173007109	164853
855188003059	163009
855188003899	163008
855206005089	255553
855206005119	255551
855206005539	255539
855209008339	363919
855209008629	363640
855218008719	149491
855220003009	240475
855225007019	343408
855230002009	217222
855230002139	217216
855232007309	259029
855232007569	259033
855232007989	258949
855235002059	42888
855235002769	41443
855244007199	169665
855258006249	229871
855267031089	93922
855280005029	351150
855290003169	215514
855300007019	79618
855307001089	12078
855307001119	12067
855307001539	12066
855307001799	12079
855307001959	12064
855308002009	308219
855308002009	312501
855312004549	341725
855312004709	341736
855312004709	341737
855324005039	194007
855324005459	193972
855325002099	299465
855325002129	299468
855328005059	163648
855332005069	255576
855332005229	255252
855332005519	255584
855332005809	255582
855336004099	178544
855339005789	71989
855339005819	71990
855346005529	192204
855347001919	218061
855354007119	255635
855355008139	288022
855355008269	288013
855355008429	288016
855367006109	250832
855374002019	278462
855381002279	41105
855381002309	41109
855387006929	365529
855390008019	35322
855395007079	216271
855396001069	287185
855405008379	116080
85541120059	222265
85541120479	222185
85541120899	222322
85541130119	222232
85541130409	222330
85541130539	222292
85541130669	222269
85541130799	222400
85541130959	222315
85541131079	222247
85541131529	222260
85541131659	222197
85541132229	222338
85541133059	222378
85541133219	222339
85541133769	222271
85541134179	222334
85541134599	222212
85541135169	222288
85541135619	222227
85541136029	60329
85541136159	222217
85541136289	222287
85541141269	222215
85541141559	222374
85541141689	222228
85541141719	222214
855431008169	39861
855432004269	180954
855432004689	180949
855432004979	180938
855453005009	238301
855453005139	238298
855460003029	321841
855469006229	184816
855469006359	184816
855469006359	184818
855481005019	107249
855482006039	328900
855482006169	328917
855491007799	268639
855496008029	59471
855499000389	351122
855499000549	351113
855499005209	111893
855499005339	111887
855500002449	335821
855500002739	335828
855503002019	163319
855503006079	90527
855503006109	90532
855503006659	90534
855503100609	90533
855513004249	92469
855513004409	92468
855522007309	37536
855531002029	373658
855531002159	373654
855537005109	81025
855538004019	158029
855538004439	158051
855544006229	149536
855546004049	129089
855559005019	145164
855566002049	345402
855569003029	249398
855569003159	249396
855569110659	249390
855569110819	249380
855569210519	249395
855569210649	249378
855569210779	249373
855569211509	249553
855569211639	249555
855569220129	249493
855569220259	249390
855571005479	347474
855575008049	103634
855577106019	283082
855580001509	160437
855596007069	190673
855596007069	190676
855596007199	190677
855596007779	190670
855597007549	205589
855603004029	344109
855610005019	347104
855616007079	89024
855616007109	88996
855616007109	89034
855616007239	89004
855620007119	205753
855620007379	205758
855643006069	273348
855643006519	273340
855643006649	273328
855643006779	273315
855660005519	216398
855684006189	183950
855684006219	183953
855691001009	18848
855694004359	244753
855700005189	130882
855707006059	64039
855712008369	78819
855712008659	78816
855713002069	351076
855720005329	271941
855722002609	198594
855734002529	263878
855734005179	35675
855735005499	351062
855735005659	351060
855740007099	3842
855740007129	3837
855759008339	271206
855762005189	213169
855762005479	94678
855767005009	244060
855769005069	323196
855769005199	323208
855769005229	323197
855781003319	256761
855802003809	158681
855802003939	158698
85582014119	351360
85582017509	351349
85582072119	351327
855842004729	236068
855845002319	315417
855858505739	220472
855860004039	341935
855868002129	373969
855873008109	134724
855873008369	134736
855873008499	134730
855880003029	247176
855883003149	52272
855883612099	146049
855883612259	68472
855883613379	146051
855884007009	154671
855905003249	91675
85591238049	330733
855917004029	162510
855917004289	231482
855919003419	308238
855919003709	308249
855919005109	308242
855922006339	160023
855930001579	8300
855930001609	8297
855943002099	74918
855943002259	74917
855943002389	74919
855943002419	74910
855946001099	57109
855946001419	57111
855951003019	59571
855954005539	322098
855967004109	185097
855968006089	196002
855971002009	162544
855971002269	162546
855971002429	47380
855983002639	65928
855985004389	161724
855985004419	197232
855985008059	78700
855987003649	121772
855987003649	121773
855989005429	247537
855993202159	11082
855993205129	11084
855994004219	288575
855994004479	288574
855994004509	288568
855996007089	24258
856002007079	24075
856002007079	24075
856005003139	49745
856005003559	35191
856005003719	9597
856006006139	249432
856006006139	249432
856014001119	278424
856014001539	278428
856014002079	210471
856014006459	162374
856017003509	32623
856044003169	212114
856044003299	212105
856044003329	212107
856044003459	212113
856061005979	74478
856061006709	139401
856063007599	229830
856063007629	229843
856063007759	229833
856069005049	299396
856069005209	299415
856069005599	299420
856069005759	299412
856072004169	327830
856072004459	327815
856072004589	327836
856072008129	366207
856081007069	363610
856088003149	290414
856088003729	290406
856091005109	250768
856093006739	107515
856096003179	54916
856108008369	347270
856112004029	250928
856118002289	107749
856118002319	107748
856123004049	60189
856134000139	215780
856146004019	198300
856152002009	328921
856155005229	157505
856161006029	184212
856168004349	333384
856170005709	155962
856170005969	91989
856175005049	107965
856175005209	107967
856180007069	30155
856182004059	324540
856202007039	48825
856206008209	365187
856215001109	181901
856220004119	102102
856220004379	223855
856231005969	302993
856232005159	21452
856235005019	129074
856241006109	250955
856241006369	250962
856244005079	22494
856247005069	118406
856249003919	235513
856256002189	348762
856260005039	8762
856260006289	28662
856260006449	28643
856260006579	28654
856260006609	28621
856260006999	28650
856261006219	307185
856261006769	307201
856262005099	371319
856266007259	79636
856278004079	301868
856282003099	273393
856293003279	341720
856297005279	149310
856308000019	222712
856314004339	362832
856321004049	373251
856321004209	373254
856336001859	51621
856336007349	196723
856339006189	38853
856341003329	188706
856341005439	182637
856347008069	41001
856360005069	80302
856366002499	225717
856366002659	225722
856369004049	265119
856369004209	265130
856369004469	265108
856369004759	265112
856369004759	265112
856373007289	245971
856382003999	227818
856386006279	215546
856387004069	346574
856387008289	351520
856388003009	189026
856394005059	160165
856398001859	275891
856402004029	61553
856403002109	185397
856403002109	185397
856403007159	65580
856403007289	65591
856403007319	65585
856403007449	65579
856404007509	94050
856409002189	304639
856413007279	71967
85641400139	204429
856414001849	204428
856414002259	192488
856414002709	192487
856416003599	19764
856417005349	332061
856428003099	301527
856452004499	333899
856461005029	223441
856463002019	63967
856463002439	63981
856463002699	63998
856475007309	16621
856481003029	187059
856487007809	69447
856495006269	226520
856500004839	146995
856501005019	189355
856502006039	351837
856502006589	351836
856502006879	351820
856509008289	48382
856510001149	362763
856510001699	362764
856510001729	362765
856515005029	172622
8565155029	172622
856516002119	196107
856516002249	196095
856516002409	196103
856516002539	196127
856516002829	196136
856516005769	196131
856526007579	371663
856530008029	352354
856543002069	273277
856543002229	273286
856561007169	301515
856564008019	137835
856569005259	294937
856579000039	311441
856579002279	311446
856579002439	311448
856584003209	245788
856584004299	57212
856584004329	57224
856584004879	57225
856587004159	247040
856598003219	275673
856599003249	275744
856599003539	275745
856599005519	258900
856599005649	116258
856599005779	58914
856615007039	235848
856616001289	187270
856617004869	249499
856617005989	21789
856623003009	80437
856624004159	193809
856624004449	171729
856624004579	171747
856624004609	171742
856624004869	171772
856624007129	177927
856639002249	181597
856642007149	121715
856646004069	69429
856646004489	69416
856646004809	69431
856648000069	371600
856648000359	371602
856650007049	258007
856651003019	235260
856651007789	331378
856660005059	198565
856660005189	198553
856660005219	198569
856663004059	272108
856663004509	272126
856663004769	272125
856663007449	159636
85666322109	111990
856676006019	235530
856688004249	281666
856688004669	281686
856688004829	281665
856689003029	268685
856698007049	307227
856698007179	307243
856698007209	307241
856701006939	321659
856711007179	155286
856716008119	121574
856716008409	121573
856719004019	343682
856724005049	214821
856725003099	33419
856725003129	33425
856726007379	212048
856726007409	212056
856726007799	194551
856726007799	221803
856726007829	194549
856726007829	221806
856730006139	353260
856733003289	157338
856737003599	219789
856745005219	163798
856750002029	278468
856750003019	278471
856762007739	184808
856768004169	107629
856768004589	107627
856769005899	139337
856769006049	258967
856769006179	258964
856769006469	259035
856769006599	258990
856769006889	258962
856770002009	269917
856781008229	184709
856785003169	177445
856785003299	177437
856785003589	177444
856785003589	177444
856800006939	350351
856802008009	365417
856802008849	365418
856809008019	172387
856810006059	222153
856810006929	141883
856818008079	331329
856819005459	363795
856820000399	315225
85682016009	315219
856823004189	157247
856823004219	157246
856823004349	157234
856824003099	243446
856824003259	291902
856841008039	173427
856841008169	173434
856852007069	307326
856852007069	307326
856871006029	45160
856873071339	155303
856881003049	158718
856891005019	307593
856911007269	246883
856913003009	107411
856913003139	107409
856916005109	319236
856916005369	319167
856920005409	122125
856921006009	18452
856923007349	167410
856923007639	167416
856928004039	370845
856928004169	370847
856933003089	47177
85693404069	290210
856949005039	25360
856952001639	303692
856956007019	232819
856956007699	325111
856956007729	325109
856974004229	61306
856979006129	7755
856984008019	61599
856985006359	142077
857003004029	30023
857034004029	28554
857037005009	59009
857041006009	343113
857042006589	161373
857055006309	69117
857062004169	41023
857063002249	280954
857063002379	280934
857063002539	280961
857063002669	280965
857064007069	108020
857069004179	364825
857069004469	364830
857075007089	277924
857075007119	277929
857101007359	244320
857127003069	63762
857128001569	57078
857134006749	363591
857134006879	258002
857149004129	95859
857149004129	95859
857151008009	108127
85715209429	185909
857156004259	349700
857156004389	349699
857158006039	278859
857161008129	40567
857161008259	40588
857161008679	40548
857161008679	40549
857161008709	40547
857161008709	40564
857175005039	163301
857183005359	21827
857183005649	21831
857183005809	21830
857190000019	182210
857190000279	182205
857190000729	182210
857196005599	351178
857199006029	267526
857207003019	195909
857208000079	101686
857208003049	8238
857211006099	45253
857220006189	256011
857225005279	330130
857245003699	11774
857245003729	235582
857245003989	302087
857249004029	321007
857250008269	333430
857250008399	333429
857250008429	333433
857257008439	141968
857264005049	159604
857273008789	351596
857283004429	371431
8572860004099	155896
857286004099	155896
857290005549	24666
857290006119	84353
857290006379	84368
857290006539	84362
857290006799	84365
857293005409	281528
857297005009	131968
857313001879	146077
857313004009	231147
857313004009	231149
857330000299	222960
857330000329	222959
857330000619	222957
857335004049	352293
857335004919	242586
857340006229	365392
857358006709	290168
857360004069	324000
857360004489	83961
857360004939	24535
857408002019	304912
857408002149	304908
857416006559	172843
857416006559	172845
857416006719	172838
857423002339	92039
857431007319	65793
857468003049	116107
857468003179	116107
857468003209	116108
857468006149	123010
857468006279	123015
857468006569	215340
857471006099	230899
857480005779	17929
857481004009	278448
857481004269	278453
857484006499	347463
857484006529	347464
857488004309	146076
857488004309	146076
857491004129	267892
857492001059	344155
857492001219	303767
857492001899	303766
857496006029	255470
857513007329	256221
857517006069	219051
857519005169	363560
857519005459	30945
857521003009	250780
857526003219	53688
857529006279	318322
857529006859	318390
857529006989	318451
857531000319	3959
857534005229	50854
857536005029	130435
857549004019	84261
857554001669	35268
857554003229	259348
857554003649	259346
857554005889	214928
857557008009	155976
857557008979	155959
857562001019	281357
857563006099	188944
857572003409	332884
857578008149	308935
857592004059	147729
857597003279	30012
857597003569	30008
857597003989	115876
857598008389	146554
857598101219	350061
857615006039	67362
857618004339	290888
857618004759	290874
85762002219	335282
85762004329	111488
85762022019	335281
85762724609	335276
857628006019	162614
857631001209	162761
857631005009	35154
857634007109	362891
857638004289	43957
857670004469	302395
857682003009	22554
857682003689	22550
857682003689	22566
857682003719	22551
857690008089	253405
857690008249	253404
857696002029	274821
857697005029	43757
857697005319	43766
8577000249	45210
8577000379	45210
8577002779	45215
8577022449	45220
857703002509	350944
857703004619	8265
857703007269	329582
857722005079	26264
857722006199	138799
857730002039	288295
857732002259	278839
857743002569	197088
857750003399	85473
857750003559	373798
857755004759	239507
857756004079	74841
857776002239	125185
857776002369	125177
857776002819	373671
857777004119	280007
857777004249	279977
857777004409	280032
857777004409	280033
857777004539	279978
857777004799	280064
857780008029	25718
857806008019	271866
857806008279	265420
857827008159	140589
857838006069	77458
857840008129	50426
857840008259	50425
857851005049	3434
857851005209	3430
857851005599	3442
857851005759	3456
857870007239	271852
857880006079	317929
857882008019	28651
857889007039	92280
857889007169	92274
857889007329	92274
857890003259	317984
857899004189	307795
857899004219	307795
857900005549	79664
857904006139	253497
857916006059	163650
857916006219	163650
857919007169	370943
857919007459	40352
857920005079	81632
857925008259	34103
857929004899	370375
857938005849	325739
857961003119	41301
857970007559	167439
857980006139	374063
857991008979	371397
857991009129	371394
857991009259	371391
857992006219	124864
857992006349	124853
857997008409	341342
858003004019	163658
858010005689	336337
858012008589	212065
858013010079	107436
858018006039	142554
858026004089	325720
858031008089	130877
858034006419	204251
858034006549	204210
858034006549	204239
858036002129	106084
858045004299	213333
858045004299	213333
858046004069	196091
858050007179	144458
858061005409	78695
858061005799	78660
858072005269	13909
858078003139	63563
85808000759	267473
858084008029	350525
858087006329	29877
858087006459	29887
858089003159	132165
858089003449	132104
858089003579	132184
858089003739	132110
858099004689	287811
858100006749	29913
858102004019	203569
858116003039	195105
858116003299	195107
858117003229	317430
858117003359	317426
858129004009	17168
858130005309	245256
858130005699	245255
858131000129	341717
858133006389	51508
858148003199	269053
858148003229	269034
858148003359	269032
858148003939	269049
858149007189	161890
858156006069	370344
858156006779	370334
858156006939	370332
858158005909	235382
858158015939	235390
858159001009	188178
858159002129	365353
858171005009	330855
858175003919	287102
858176000009	258881
858176002089	36971
858176002089	36989
858176002119	36956
858176002409	36966
858176002799	36979
858176002829	36984
858176002829	346716
858176002959	36997
858176007039	189663
858177005089	294933
858183005059	186880
858183005059	186890
858187003419	242562
858195003319	33351
858195003319	333379
858201005009	315539
858201005139	315564
858201005269	315558
858222002759	80540
858228006829	233897
858231000869	203330
858236003049	312518
858236003179	312513
858236003209	312516
858241006219	158710
858241006639	158679
858246001509	116518
858246001639	116517
858246001769	116513
858246001929	116511
858252000039	155289
858273004009	326940
858274001069	38453
858274001489	38450
858282006759	247565
858284002179	334013
858284002599	86455
858284002759	86489
858284002919	86559
858286002559	273906
858294003579	284043
8583100209	246680
858312002409	28584
858312002539	28580
858312002959	57831
858313006529	212884
858315004059	34267
858324006679	268843
858339003939	243998
858342002509	63543
858344005089	25502
858344005119	323973
858346006039	372174
858346006299	372181
858346006299	372182
858360005049	343776
858369006849	309070
858379004699	261142
858386004019	22125
85839073319	308912
858398001129	232095
85839930049	308916
858403004169	53395
858436005669	149371
858436005799	149384
858436005829	149398
858436005959	149390
858441001199	156903
858452002239	156135
858462004049	94162
858480000429	132209
858489005289	144192
858494004369	89109
858494004529	89114
858497004359	333416
858497004489	333395
858537007029	138816
858551007029	16726
858563004009	255258
858563004429	255263
858566003009	53241
858566003139	53235
858567006139	41435
858567006139	41435
858576005109	78154
858582001089	25355
858582002239	196550
858582002239	196551
858595000789	223203
858600002029	51164
858606007189	322394
858610001739	139450
858613000159	85100
858624003019	235606
858627003009	362888
858638004019	269577
858638005139	330050
858640002089	302043
858641003009	330555
858641003269	330533
858641003399	330537
858641003429	330523
858641003719	330534
858641003849	330519
858643004189	95759
858657006049	187250
858663006019	343605
858690007119	302990
858690007119	303006
858690007539	302985
858702005089	124937
858717004039	271949
858723003019	330644
858729002139	57379
858729005499	103953
858739005649	273736
858748002059	352371
858748002349	352368
858751004019	79401
858761004139	288038
858764000039	144203
858764000299	144210
858782005009	329618
858797004059	23867
858797004189	23870
858805006389	295619
858835006809	25873
858841006039	213184
858847000109	226271
858847000239	226272
858847000369	226255
858847000659	226298
858847000819	226302
858847000949	99277
858847003179	24323
858847003919	24325
858855006759	132616
858864004029	22589
858864004449	22595
858867005009	303061
858867005139	303058
858867005269	239366
858867005559	303048
858897005109	184877
858897005109	184877
858897005529	184858
858897005529	184858
858900005089	233308
858900005119	233304
858901000489	284143
858911003159	311241
858911003289	311247
858914003149	196141
858914003439	196140
858944007339	234042
858959005009	54605
858959005719	54596
858979003009	51170
858979003689	51176
858982001399	363237
858982001429	363231
858989005109	189075
858996005079	130319
858996005369	130320
859032001109	37026
859033004079	53346
859033603869	287914
859059002189	82829
859077003069	156568
859077003199	156567
859078002719	135158
859082006499	78727
859082006529	78648
859091000839	282266
859091000969	282264
859092005529	303014
859098005059	54399
859098005509	54414
859113004999	328131
859115003129	232893
859118002129	35703
859126004009	49690
859137007099	369140
859137007099	369141
859137007129	369139
859139004379	349853
859146006779	343511
859147007379	351099
859147007409	351098
859154005009	362137
859158004459	270300
859162007279	280023
859162007279	280094
859162007309	280026
859162007309	280093
859165002059	115363
85917230269	24925
85917426099	24916
85917472119	24912
85917920399	24918
859188002159	159103
859204006109	261185
859213005599	318373
859213005919	318438
859215006129	184953
859215009069	184951
859215016159	184947
859217004079	178725
859220010159	81899
859225007079	351799
859225007109	351794
859225007109	351798
859230006029	149529
859241007329	302059
859241007329	348769
859248001719	50134
859265006049	343923
859283003259	58122
859319002409	235247
859319002959	235249
859325002219	145242
859331002029	347732
859331002159	154683
859347006059	306018
859347006189	306017
859356005029	24332
859362371439	219466
859371006049	49797
859371006179	49815
859371006209	325808
859392005229	334005
859394004169	10165
859417005029	23198
859421006029	372129
859422003119	40614
859422003249	40607
859429051519	44174
859430004009	361350
859434002599	215024
859445005039	28558
859453005199	188878
859472002209	117186
859473006169	211353
859479003339	33464
859480006169	280698
859480006749	280694
859484006189	223522
859485004399	132541
859514002259	257457
859514007049	325206
859514007629	325212
859514007759	325210
859520002359	145535
859522004009	196201
859522004139	196200
859522004719	212917
859539007079	271290
859540005019	40824
859541006039	221993
859546004269	283423
859546004689	239079
859553004009	49080
859553004009	49088
859553004139	49095
859553004429	49091
859555001099	268945
859557004029	318876
859557004289	124845
859563006369	130479
859563006819	130478
859577003019	214815
859581006129	178813
859584007079	370950
859594006369	164276
859594006529	164285
859594006529	164309
859607005259	129664
859621003279	65617
859621003309	65620
859621003729	65633
859638003019	95671
859660004749	162782
859665002429	235319
859665002689	235314
859678004069	85727
85968001009	118399
85968001559	85856
85968009159	118396
85968601209	118402
85968603029	118394
859691001229	307481
859691001229	307484
859700004029	157275
859700004449	58562
859700004869	58563
859702003099	373600
859702003259	142155
859706003019	290223
859707006019	196265
859708007039	82493
859714007849	282224
859724002339	28566
859724002469	2653
859724007389	9528
859736002679	284390
859738005029	229389
859740005079	257446
859745004039	373031
859751006119	341907
859774007209	58982
859776003179	303597
859776003209	303603
859792002019	229540
859792002279	229525
859792002309	229528
859792002439	229513
859792002699	229518
859792002989	229515
859795003129	45311
859795003389	45314
859801007479	158638
859806003049	331650
859806003209	156799
859806003889	156805
859808004099	58907
859808004129	58905
859815002019	233254
859815002149	233243
859815002699	233247
859842004109	190795
859842004529	190791
859844005029	21038
859844005609	117238
859863004089	163387
859870001019	149730
859881002159	162362
859888000059	122614
859888000349	122616
859888000509	122627
859900006069	92043
859908003039	70251
859908003749	70256
859908003909	70237
859918004279	333863
859921006499	288584
859922006009	41344
859922007099	231767
859922007259	231767
859935002029	311416
859935002159	311410
859943003469	302983
859949003609	264679
859953006429	235463
859958005069	83024
859959003019	169734
859959003279	169725
85996005239	185299
85996005369	185302
859964007019	361111
859977005019	119163
859977005149	119162
859977005149	119176
859977005279	119162
859977005569	119150
859980003019	362190
859982007039	252156
859987061029	296108
859987061159	295335
859987061289	295325
859987068189	298540
859987068899	298730
859994006709	317979
859997007369	138960
860000004459	324500
860000083829	153336
860000096669	192502
860000110259	312475
860000167079	40603
860000186339	76484
860000241229	335291
860000245869	94080
860000268769	167384
860000322959	132018
860000323239	250145
860000364409	253498
860000403849	16871
860000476119	52156
860000522779	17279
860000561129	29622
860000597609	262960
860000606929	48306
860000631839	341915
860000663779	321421
860000668019	148466
860000671569	370039
860000672849	373434
860000732789	308990
860000739429	30481
860000771719	25867
860000815529	303113
860000899239	242295
860000941259	370947
860000959629	154445
860001059809	110744
860001060409	229319
860001108309	370563
860001141399	370363
860001150629	64032
860001180909	160523
860001192889	321112
860001199079	17797
860001219609	190891
860001224719	190605
860001266719	45301
860001347159	328757
860001353099	349674
860001441499	214505
860001448719	312298
860001486339	254334
860001504439	343394
860001517569	55493
860001535679	68669
860001570229	303096
860001576429	17410
860001616309	363173
860001692129	204259
860001720259	92015
860001730029	332897
860001760019	346196
860001818529	303559
860001860559	249953
860001897449	301677
860001932119	216907
860001979299	343740
860001992939	10995
860002067759	311054
860002101149	216294
860002116709	263875
860002155869	269117
860002173399	226954
860002270609	323291
860002297309	328468
860002319339	195103
860002344089	346553
860002362229	52275
860002463629	64740
860002491219	181615
860002506609	218315
860002507439	309002
860002606439	328311
860002611099	346567
860002674209	79333
860002780009	155456
860002804699	110741
860002937809	184897
860002963419	284004
860003010709	335223
860003034149	211887
860003055069	70944
860003055069	70944
860003198919	343716
860003208069	116719
860003223369	235203
860003296929	275691
860003304129	366695
860003309889	153512
860003327319	299478
860003396209	83932
860003401859	103102
860003444719	246580
860003511749	246751
860003604069	63491
860003610909	54489
86000366739	7884
860003725719	352436
860003916629	35629
860004093299	278417
860004100409	74051
860004187509	316231
860004511519	332830
860004676409	247387
860004712589	308209
860004747369	274529
860004760559	57188
860004856009	82235
860004939849	328310
860004946519	240612
860004957539	141547
860005141999	190653
860005273669	35624
860005281909	19798
860005281909	19798
860005296729	58936
860005338009	102559
860005468829	341990
860005537839	305150
860005554409	198284
860005557219	347110
860005641109	189250
860005791019	352533
860005793129	184899
860005941209	195747
860005971619	203370
860006000349	106513
860006005559	56239
860006036249	332230
860006103989	57449
860006128449	37686
860006218249	311089
860006274139	281393
860006389109	183973
860006459239	101670
860006697129	102557
860006723149	63355
860006807849	135500
860006813529	66182
860006829209	189251
860006905149	177946
860007000119	281271
860007053719	195957
860007106859	82329
860007348419	65426
860007411649	110743
860007423789	193827
860007479229	249558
860007487309	219066
860007506789	111681
860007506819	350759
860007536489	220479
860007635199	334717
860007976629	41284
860008199409	282492
860008222329	142579
860008257949	219491
860008347169	194464
860008414359	212709
860008624369	35625
860008724779	372725
860008752529	224437
860009116009	363178
860009291959	68168
860009319639	228643
860009752849	70951
860009789579	101661
860010045329	212624
860014001499	205388
860014465239	156055
860018002669	342071
860027001929	256059
860036001729	316742
860040002309	82163
860057000749	4444
860062000109	98254
860062002219	213057
860065001929	87034
860080001119	220586
860084000019	123140
860096001349	12607
860101000329	168760
860111001019	232100
860116001939	48592
860132001449	333129
860139002449	318266
860148002119	2770
860148002249	242557
860149001739	182814
860155000429	81406
860157002469	21473
860160002579	307031
860165002499	92677
860166002399	232451
860201000229	328037
860220000729	290570
860240002659	253579
860252001619	302248
860258001019	29604
860284001519	16873
860288001089	305152
860303000219	181054
860313000179	195321
860314001809	306515
860321001809	45241
860331000649	274936
860341001629	180747
860352001519	131182
860367002419	192393
860374002419	235595
860399002609	16824
860408000879	213078
860416001929	347305
860419001209	41293
860425001569	183963
860432001019	308818
860439001029	235194
860441002069	335933
860462001089	131496
860476002119	95874
860477001029	370564
860479001539	51265
860492001509	138823
860517000289	45889
860540000379	95875
860546000229	122535
860585000419	215346
86069112809	315178
86069301029	104956
86069301609	104966
86069303009	104963
86069303559	104950
86069304259	104958
860738000259	365190
860833000109	290015
860904000229	121640
860905000419	247958
860940000009	158038
860940001549	158043
860961000439	107089
860971000009	275707
860973000229	240366
860991000249	39032
860997002629	8532
861007000239	132057
86101127709	177892
86101200129	125254
86101800039	125190
861029000149	195376
861037000339	40974
86106011799	186837
86106011829	186809
86106013069	186813
86106032039	59921
86106052549	186834
86106072219	343513
86106073469	343533
86106075319	343526
861067000149	372187
861079000229	110314
861083000109	154884
861124000129	189707
861159000149	202723
861170000029	131967
861287000059	79147
861290000169	268381
861292000099	303508
861301000379	191599
861342000109	330188
861350000009	163508
861351000039	268020
861394000409	213203
861401000019	218453
861407000129	102092
861426002609	230855
861430000219	371380
861440000339	53715
861491000029	334262
861508000189	281500
861509000119	24254
861521000289	156676
861523002649	256158
86154310219	53262
861545002689	28607
861553000189	353225
861555000149	2651
861566000039	343422
861579000309	156782
861619000009	302187
861620000029	226411
861649000239	256125
861666000069	57728
861670000369	149308
861703000069	89817
861715000309	203383
861719000329	216306
861726000039	202427
861740000039	124690
861745000089	351555
861781000029	155890
861809000109	290632
861820000119	48598
861824000139	273102
861837000249	155263
861883000019	67953
861945000209	218021
862110000079	349165
862112310169	271655
862248000149	221816
862306000159	311375
862312000389	154886
862316000149	234010
86232516069	111783
862403002629	184923
862413000219	332245
862418000269	268046
862546000049	163267
862558000389	122536
862624000329	333375
862638000209	198322
862658000159	72020
862875000369	214744
862879000099	331631
862879000129	331632
862882000109	274712
862908000229	121938
862931000029	61419
86301300049	13557
863034000039	335051
863152000119	142291
863184000439	54752
863200000269	280171
863205000059	215760
863209000109	350825
863241000259	372784
863339000109	157636
863390000209	214768
863391000239	215682
863391000239	215687
86341130019	332816
86341600109	332813
86341604169	332811
863441000059	257468
863446000009	291274
863493000359	53425
863498000019	78938
863511000309	121636
863513000109	331685
863558000249	189841
863565000089	92410
863593000129	64365
863600000289	142294
863601000219	24530
863602000089	55898
863617000029	304022
863631000289	33406
863669740249	155502
863669740409	155487
863669740829	155489
863669741949	155507
863669742489	155522
863669743509	155485
863686000159	48553
863699000139	258987
863702000019	193656
863719000309	187120
863720000039	281467
863737000169	188191
86374000129	283754
86374000259	283792
86374000839	283824
86374001799	283830
86374001829	283764
86374006169	283771
86374008859	283783
86374024279	283780
86374024569	283769
86374050179	283775
86374058359	283761
86374068129	283831
86374069089	283821
86374069119	283724
86374069539	283778
863747000159	188693
863750000269	256071
863758000179	55505
863812000039	55934
863843000039	43540
863850000169	246657
863878000349	373550
863882000069	187870
863943000229	263947
863968000129	350510
864016000009	330189
864076000049	333207
864082000279	3615
864084000239	254317
864088000389	290566
864112000019	373942
864146000009	347755
864158000479	103071
864185000039	49889
864269000009	250916
864292000359	106983
864295000059	215291
864305000109	370985
864311000179	371672
864377000069	230862
864421000359	273434
864462000059	198286
864511000429	153794
864524000119	216287
864553000029	13520
864707000219	161002
86478715059	28097
86478715349	335559
86479100229	362960
86479200219	362957
864818000139	21530
864867000029	57715
864886000079	173031
864886000079	173033
864970000329	287071
864999000249	372722
865021000039	40383
865073000469	374052
865244000229	307612
865279000249	38130
865327000139	24931
865336000069	295171
865367000229	132185
86537100109	181729
865372000009	213149
865401000109	347752
865405000099	111458
865405000099	111461
865447000019	12641
865458000169	323191
865494000109	16718
865584000309	107947
865592000339	179263
865618000039	332844
865633000069	246489
865644000409	216954
865645000439	328975
865648000009	336639
865667000349	218175
865723000429	220036
865731000169	116528
865743000379	195385
865744000279	213173
86581007829	256808
86582200069	73449
86582555749	371575
865868000339	374070
865975000109	281492
865979000129	250026
86600000039	43962
86600001999	44047
86600002019	44006
86600162409	306029
86600210169	44084
86600240169	43963
86600240619	44070
86600240619	44087
86600240879	44014
86600240909	43989
86600272009	366596
86600272009	366596
86600275109	366601
866003000399	131982
86600707419	43994
86600707709	44031
86600717289	44044
86600752549	44004
8660339	43960
866041000009	38016
866050000199	274795
866056020009	278457
866212000029	50879
866258000229	325594
86626300009	84099
866267000159	148311
866293000109	23894
86631007809	229120
86631384009	229121
86631834849	203964
86631907079	229123
866342000449	274935
866359000449	30107
866363000299	37537
866374000479	248062
866397000319	253563
866660000329	317444
866665000119	84409
866666000309	21427
866675000109	366747
866699	340476
866703000019	24505
866712000079	34187
866761000419	115424
866763000349	268660
8667667809319	346253
866783000329	308921
866838000069	122437
866859000109	349480
866864000439	216633
86688100119	315151
8669039	44102
866905000329	129112
866913000229	244244
866939000319	213801
866945000099	311706
866958000499	116054
866994000149	13488
86700226179	320618
86700660119	320653
86700662199	320629
86700662359	320622
86700662519	320641
86700662809	320650
86700680469	320619
86700681299	320676
86700681879	320699
86700682159	320667
86700682159	320671
86700682449	320610
86700682609	320662
86700922019	320673
867056000039	364494
86706582019	115947
867084000469	347754
867170000229	311464
867187000229	64106
867254000329	366505
867307000139	371163
867308000329	38131
867322000459	65610
867334000089	34115
867356000319	40998
86742978869	60720
867462000029	82167
867471000119	369688
867526000309	83902
867526017369	83912
867535000109	307495
867575000169	273131
867615000159	48602
867624000249	37519
867701000179	321794
867740000109	194129
867769000319	37958
867810000459	189533
867854000309	103230
867881000419	195326
867885000309	269141
867921000409	82227
86793000349	130476
867931000109	60770
867949000399	342013
867984000309	189532
867986000239	372318
867988000329	284151
868042000439	65415
868055000389	236063
8680697487159	282462
868089000409	161015
868096000089	365394
868096000409	44120
868143000109	7713
86816800409	205832
86816801949	205837
868182000269	13477
868197000209	210210
86824101239	159991
86824635819	159983
86824920229	159999
868255000479	274192
868329000329	92681
868329000329	92681
868372000239	34205
868391000319	371647
868397000009	278558
868408000219	231764
868484000349	277903
868500000339	215445
868524000179	157263
868540000139	247714
86854000939	182385
86854030059	182541
86854045879	182379
86854053669	182391
86854056769	182325
86854058619	182505
86854059869	182529
86854060049	182501
86854060209	182488
86854061299	182563
86854061619	182341
86854061749	182551
86854061879	182479
86854061909	182528
86854062159	182438
86854062289	182357
86854062319	182497
86854062579	182507
86854062609	182514
86854062739	137960
86854062999	182480
86854063309	182564
86854063569	182403
86854063729	182556
86854063859	182512
86854064429	182458
86854064689	182422
86854065549	155241
86854065679	182569
86854068519	182586
868612000029	98021
868629000319	37540
868636000029	313617
868654154179	278250
868654154209	278241
868654251199	278262
868654261099	278254
868657000039	343634
868691000019	362548
868706000249	8717
868753000339	350788
868776000309	321114
868784000339	2442
868806000019	255278
868807000209	63773
868813000149	47079
868841000029	121940
868846000109	11018
868846000239	229661
868935000409	88937
868972000219	239425
868989000059	18243
86899651059	95287
869039000319	284506
8690504156789	60444
8690777332019	290143
869195000369	332254
869210000039	156034
869267000129	156124
869286000209	58373
869294000079	308823
869323000209	48965
869356000009	336168
869384000019	228941
869459000319	275734
869487000039	142080
869500000039	307024
869532000229	270156
869543000119	85432
869558000449	336035
8696132002009	15797
869632000259	217343
869682000049	267697
869707000269	95568
869707000269	95571
8697425101669	47395
869745000139	22140
869759000149	271105
869834000019	145776
869854000129	262907
869969000199	230846
869982000039	58986
869988000019	33503
869989000179	25711
870001000039	16652
870001001029	16658
870001002569	16639
870001002569	16640
870375001649	149584
870375005029	217360
870375301169	22485
87041768779	228932
87041769059	228929
87041769639	318169
870625004949	181664
870700000019	21354
870700000439	21351
87076211349	305502
87076214579	305470
87076214609	305467
87076214739	305510
87076214999	305464
87076411749	305504
87076412319	305518
87076413309	305503
87076414399	305511
87076454609	305467
87076456009	305460
87076517359	305507
87076646479	305491
87076805319	305509
87076805869	305500
87076806019	305498
87076807399	305452
870945001109	218689
8710476805499	158016
8710559505049	101637
8710649120909	72906
8710843671269	159140
8711200354399	347261
8712566301829	172480
871270021329	90835
87132500059	137984
87132500189	137991
87132500349	137999
8714200215349	349992
871459000039	69907
871459000169	69851
871459001999	69891
871459002019	69892
871459003139	69914
871459003269	69848
871459009049	69872
871459009049	69872
871459009469	69865
871459009599	69876
871459009599	69877
8714700202009	146776
871522000249	4155
871783003119	287315
871783004109	287315
8718754740289	132595
872016001049	279765
872016001209	279766
87216010009	212264
872181000069	98389
872181000489	98382
872181000649	98400
872181000649	98400
872181001349	74273
872181004319	343638
872181005019	74231
872181005309	74221
872181006269	74227
872181006399	74252
872181006429	74240
872181007419	74270
872181007839	98398
872197634999	156000
872197640259	156005
872197681009	156007
87222100909	205216
87222101319	205221
87222180109	205225
87222180819	205211
87222300309	205246
87222301719	205227
87222303409	205241
872363000139	41394
872410001669	159066
8725020129	189746
8725030159	189711
8725050119	189735
8725060019	189727
872629002099	57435
872629002129	57420
872629003829	57417
872629009449	57429
872629009579	57428
872629009609	57434
872629009739	57438
872824008209	217929
872824008889	217939
872824009589	217936
872824010059	102083
873204000189	30500
873204106089	30502
87328434649	190275
87336528729	72003
87336633409	71999
873603001299	38361
873603002319	38362
873603007789	38358
8736680002279	225669
873668001159	225691
873668001869	225681
873668002439	360863
873668003849	225698
873778006129	318844
873983000059	216653
874093002179	89979
87411400759	223831
87411400759	223831
87416573809	35324
87427425869	78228
87427442439	78222
874492000059	332164
874492000929	332157
874492003579	332190
874492003609	101467
874613001019	129088
874710005149	323965
87483004039	43282
87483059619	43281
874875008009	312399
874875040139	312404
874896008279	249700
874896009139	249696
874918000519	306999
875045121139	333676
875045152119	333654
875045182369	333662
875045183649	333674
875045188569	333664
875045188729	333672
875208000639	122957
875208001599	122974
875252001729	146331
875386002029	328381
87565311529	222781
875754000039	23273
875754000039	23273
875754003039	23264
875754003139	23249
875754003399	23275
875754009889	23244
875754010359	23233
876012008859	224427
876012010579	71970
876045003029	198530
876045003159	198532
876045004019	131247
876045004019	131255
876045004149	131230
876045004149	131231
876045004569	131243
876045006129	198533
876045006419	188742
876045006419	188744
876059006689	51951
876063001069	219651
876063001229	219733
876063001779	89678
876063002639	219647
876063007559	219658
876063007849	89677
876063811989	92592
87614025209	322464
876207000019	155532
876209	340457
876247001939	341674
876247002509	332451
876247002639	341655
876247003209	154534
876247003339	341657
876247007269	341677
876247007399	341686
876247008099	341656
876247009249	317763
876274001889	116226
876274002299	116217
876274003999	116238
876274004019	116234
876274004309	116216
876314001749	77994
876529001329	274864
876681000529	315899
876681014229	315920
87684001059	49170
87684002049	49143
87684004449	49160
87684005989	49196
87684009369	49133
87684010259	49175
876891001309	17730
876891002009	17729
876921000029	349438
876921000159	18494
876941001099	244983
876941002409	244972
876941004809	73475
876941004939	245032
876941005189	245000
876941005479	244985
876941006759	244967
876941006889	60634
876941007039	245039
876941008029	222899
876941008739	60190
876941009309	60168
87706395159	68735
87706842639	19549
877099000149	321043
877245003109	81340
877245005189	81338
877245006759	81353
877245503999	81330
877245506549	81345
877245517729	81341
87738172049	46774
87738172179	46781
87738172209	46787
87738172339	105840
877448000189	267565
877448000219	115818
877448001629	115750
877448001629	267557
877448002459	115763
877448002619	115753
877448002749	115807
877448003579	115799
877448003609	115762
877448004699	115798
877448004859	115773
87745050019	118810
877464002129	51100
877464002419	51097
87754120079	334636
877693001719	257400
877693008039	257415
877693008169	257411
877693008459	257390
877693008619	257415
877965002109	319283
877971006979	278053
877977000209	212558
878326000079	180542
878326000109	180671
878326002059	180638
878397003009	309043
878397004709	350494
87848064029	328812
87848064289	328826
87848064319	328849
87848064739	328790
87848064869	328841
87848064999	328846
87848075759	99098
87848100079	99173
87848100109	99112
87848101519	99087
87848102189	99089
87848102219	99095
87848103759	164463
87848114519	99127
87848130199	164453
87848130229	164459
87848136009	99169
87848230059	99088
87848230509	167295
87848242229	167285
87848242359	167313
87848303029	99141
87848305689	183017
87848305719	183002
87848371059	183013
87848371189	183019
87848380969	177949
87848400339	99121
87848455179	99172
87848490309	99126
878665000129	12333
87872993029	315367
878849000099	253128
878849000259	253133
878877000269	4928
87902122009	7698
879026031059	37938
879026031509	37932
879114001889	305405
879114006419	305411
879114006709	305365
879114007409	305387
879114008079	305366
879114009199	184323
879114009359	184318
879147001139	173576
879147003409	173609
879147003539	173646
879147004109	173607
879147008169	173606
879183000059	41414
879275000349	35614
879275000929	35615
87932003309	249962
87932004269	249962
87932005259	249998
87932601109	249992
879543002549	96007
879663000609	278157
879663000609	278165
879826001269	56993
879826001689	56992
879826001979	57020
879826002389	56981
879826002419	57025
879826004109	57022
879826006219	57009
879826012159	57014
879826015259	57054
879826015419	57049
879884000969	268045
879890001349	66651
879890001639	66623
879890002339	66639
879924000249	246508
879924003189	246497
879924006029	317448
880066456429	99208
880066456719	99200
880066457259	278317
880066457549	278321
880066457679	364497
880066457709	364497
880066458799	278333
880066458829	278318
880066458959	99191
880066461119	278330
8801007023359	24558
8801037018059	204128
8801045051109	240592
8801045302379	240599
8801062016099	190229
8801062518159	190214
8801104770439	230574
8801114302439	262892
8801114302729	262895
8801117956509	239551
880124014479	154758
880124018989	154756
8801517770019	172946
880173000089	203064
880173000409	203062
880252232219	188805
880252250169	188811
8805167020609	312663
880632001749	364081
880632002159	274129
880632002739	363356
880632005839	142272
880632008489	142277
880632008489	142278
880632008519	363247
880752160609	144000
880760000539	4603
880760004599	328438
880760004759	13459
880760004919	4647
880760009389	4601
880760013409	4684
880760023569	332626
880760041549	4605
880760047459	250710
880760048159	315106
880760096129	315075
880760800429	4640
880879001359	118441
880879001359	118441
880879002219	118449
880879003599	118443
880879003599	118443
8809069966089	353269
8809125063059	263448
8809324622149	193721
881049008109	158941
881049062019	158942
881245102649	163352
881245105169	163344
881245105329	163344
881245150169	163359
88130314259	226756
88130314389	226759
88130314419	226756
88130442549	341362
88130444239	226744
88130445069	226755
88130813639	226748
88130910239	341350
881314329489	54734
881334015089	80986
881334016499	80964
881334016529	80983
8813349	226753
881470000659	232816
881735102159	86636
88177227659	309117
88177227819	309103
88177227949	231329
88177228069	231324
88183183109	101639
881878121529	179277
88194340089	42732
881945014969	105194
881945014969	105194
881945800029	105195
882144000739	49778
882178140029	187314
882178400789	187325
882178700469	187313
882178700599	187304
882193014589	224949
88231405849	52164
88231413509	338646
88231413509	338647
88231417699	52159
88231417699	52160
88231417859	52176
88231421139	52180
88231421139	52180
88231421849	52187
88231800569	92694
882414000049	169788
882465001279	50395
882494000069	332671
882511104039	322855
882511203039	322865
882511401039	322858
88252218039	8672
882639503219	85354
882694308019	123156
882694944019	123164
882694969029	123160
882946310609	132588
882965000949	51675
882990140719	198187
883038000019	179695
883061000079	307510
883061000109	307513
88313004519	80257
88313009019	80260
88313205619	148495
88314000749	226460
883200000199	25490
88320005219	263899
883315090269	344118
883350007369	336482
883350027749	122436
883426004629	299373
883426017889	299372
883426019289	61695
883426027239	61692
883426027789	61687
883426041549	61696
883426141829	61679
883572103009	79623
88365005069	65779
88365095039	91837
883655106309	372311
883655106439	38000
883712000229	154485
883921118159	28810
883967293889	304130
883967294169	304125
883967303779	304134
883967380749	304173
883967380879	304066
883967381029	304142
883967381289	304038
883967381319	304051
883967381579	304167
883967382859	304162
883967385539	304116
883967391349	304166
883967391479	304109
883967391639	304103
883978128859	215722
883978145979	215754
883978301849	215734
883978339149	215741
883990020629	119047
883990681219	119051
88401240959	111750
88401830709	111755
88402102089	40522
884038851199	265407
884038851229	265404
884038851489	265400
884038852479	157504
884062000259	156492
884284040309	227322
884284041269	227199
884394000019	233946
884394000279	233944
884394003829	233961
884394005779	233949
884394007339	233942
884394007759	233974
884394008039	233954
884394008879	233973
884395000339	321192
884395000599	321207
884395061019	192065
884395061149	192064
884623100459	23820
884623100589	23788
884623100749	163832
884623102149	23762
884623103139	23804
884623103429	23832
884623105249	23786
884623510289	23835
88468573069	94106
88468680019	194621
88468690049	194629
884730006859	144128
884789502159	74141
884853142069	222410
884853600019	315832
884853600569	237196
884853610469	237269
884853610759	237287
884853610889	237274
884853610919	237189
884853611039	237281
884853611169	237288
884853611299	237315
884853620369	237313
884853620789	237249
884853621199	237285
884853621229	237242
884853630009	237221
884853630719	237298
884853631259	237314
884853631709	237301
884853800099	325071
884853800129	325077
884912001399	107422
884912001399	107426
884912003959	256367
884912004659	256359
884912005649	146505
884912005939	265713
884912006189	61368
884912006219	256290
884912006769	256359
884912014269	146510
884912014269	146514
884912029829	256364
884912068859	256315
884912113139	40136
884912113139	256285
884912114709	265719
884912129659	61362
884912129789	247558
884912180599	256401
884912180629	294709
884912249289	107423
884912256539	57839
884912268389	256299
884912273109	146586
884912273109	146586
884912278999	256374
884912320889	238767
884912336569	125152
884912338969	148054
884912338969	256350
884912349019	80979
884912349439	80960
884912349439	256289
884912356499	107420
884912356499	256325
884912366269	146530
884912366269	256387
884912377289	155026
884912381859	256324
884912418319	256323
884983000079	60444
884983000109	16707
884983000659	19994
8850030116019	189201
8850100207029	329413
885015300419	125308
8850367990139	194528
8850389105399	215426
8850468203039	370555
8850578954029	329415
8850643036919	290869
8852114753189	166973
8853095003959	221960
885341993019	350713
8854770002229	351325
885523211009	159089
885523218879	159095
885523218909	159101
885523309539	159097
885616000749	244294
885616002309	50295
885616007649	244293
88566000399	101835
88566555219	101840
885676000109	362630
88569019459	54382
8858359899	24654
8858669700159	102007
8858710000269	156077
88587907509	315695
885881000659	74540
885963003219	68655
886264883029	202573
88671050029	109521
88671104319	109519
88671150859	109531
88671201759	109530
886786020889	212985
886786023019	247899
886786029479	247908
886786033179	247829
886786033209	247906
886786040559	247819
886786041969	247763
886786044519	213025
886786055249	247821
886790142409	25508
886810812039	111601
886926012309	208723
886926035759	208650
886926058499	207948
886926124149	207585
886926170009	206832
886926172409	208784
886926197839	202269
886926216769	207824
886926216899	210106
886926216929	206225
886926377569	208516
886926377699	209167
886926468779	208985
886926484359	208648
886926497489	208455
886926497519	209843
886926497779	209866
886926497809	209636
886926511239	209266
886926844399	208568
886934000329	68896
88702000399	37877
88702015669	37894
88702176759	37865
88702176759	37865
88702509359	37862
88702845679	37866
88702916669	37881
88702953039	37871
88704041819	23232
887058706029	51752
88724162679	203112
887241815569	203115
887241842879	220827
887284010709	49495
887295004919	323657
887725000009	83942
888045000199	334917
888045000199	334919
888045000359	3561
888045000649	3562
888109000059	147851
888109010089	148059
888109010119	148002
888109010539	147802
888109010669	147932
888109010799	148026
888109010829	147815
888109011079	147966
888109011369	147844
888109011499	147843
888109011529	147924
888109011819	147909
888109011949	148035
888109012199	147952
888109012229	147788
888109012359	147802
888109012489	147880
888109012519	148098
888109012649	147929
888109012809	147812
888109060039	147943
888109110079	147925
888109110109	147965
888109110239	147924
888109110499	147851
888109110529	147885
888109110659	147959
888109110789	147963
888109111519	148050
888109111779	147889
888109111809	148112
888109112189	147864
888109112219	147844
888109112509	148049
888109113049	147817
888109113339	147914
888109113759	147881
888109113889	148015
888109114039	148109
888109114299	148121
888109114329	147930
888109115289	148078
888109115319	147784
888109115579	148003
888109130299	148033
888109250669	148072
888109252809	147825
888109252809	148007
888109253899	147846
888109254759	148064
888109254889	147855
888109255169	147970
888109300029	77966
888109300449	77960
888116000059	84193
888116000219	84196
88813914999	222625
888147000189	247037
888313000319	222637
888313914999	222675
888313917419	222624
888343000259	267632
888343000389	267636
888513202209	351103
888513442209	23884
888513951589	60637
888513951589	60637
888559001019	250893
888649000069	222060
888649000649	222056
888649502679	222051
888649502709	222058
888670002919	361516
888670006429	361558
888670007679	361678
888670007709	361749
888670009789	361827
888670009819	362041
888670010099	361988
888670012949	362046
888670013069	361653
888670013229	33494
888670013359	361717
888670017029	361433
888670017869	361957
888670019399	361993
888670019979	361836
888670020449	361878
888670020869	361807
888670024669	361852
888670025109	361835
888670025529	361512
888670026359	361628
888670026489	361559
888670026649	361935
888670029589	361703
888670030479	361862
888670032329	361990
888670032909	361625
888670033029	361707
888670033609	361492
888670033999	361608
888670034149	361456
888670035689	361779
888670037409	361791
888670044629	361557
888670045039	361458
888670045589	362032
888670047989	361737
888670051559	361756
888670052679	361799
888670053959	361994
888670059999	361998
888670060049	361820
888670067529	361612
888670071649	361452
888670074329	361583
888670075159	361450
888670078099	361757
888670078129	361468
888670079119	361760
888670079799	361504
888670080849	361444
888670081839	361594
888670083109	361715
888670084199	362039
888670088159	361638
888670091999	361633
888670092019	361523
888670095249	361595
888670096239	361431
888670096239	361454
888670103159	361814
888670105979	361970
888670108659	361754
888670111369	361493
888670111499	361486
888670111529	361538
888670111659	361610
888670114629	361898
888670118009	361490
888670119099	361472
888670120149	361931
888670120989	361985
888670125649	361662
888670128589	361581
888670132289	361756
888670139059	361609
888670159699	361845
888670159729	361544
888683106819	215371
888683108059	215382
888683110069	215380
888849000029	264906
888849000289	264968
888849000319	264967
888849000449	264895
888849000579	264980
888849000739	265018
888849000869	264977
888849000999	264966
888849003839	264855
888849005239	264965
888849005369	264933
88884900599	264873
888849006069	264974
888849006649	264987
888849007189	265005
888849008599	264878
888849008759	264935
888849010189	264848
888849010349	264858
888849011599	264901
888849011759	265001
888849100049	264894
888903251169	167290
888926011009	229839
888926021299	229841
888926196119	229829
889379125039	269606
889379126029	269605
889380551049	84040
889392000559	52228
889392010329	52236
889396000449	268075
889396001019	268079
889396002559	268077
889396007639	220820
889445000079	53616
889497000089	162438
889497000119	162432
889497000539	162432
889497000959	162449
889497001079	138010
889497001109	162497
889497002069	162496
889497002229	162447
889497002229	162450
889497156199	162454
889497632129	231802
889529000049	233979
889529000209	212818
889592721759	85151
889752403129	160731
890000001059	117035
890000001189	117041
890000001479	203577
890000001509	203576
890000001929	203596
890014002479	332592
890029001139	316116
890067001139	159292
890069001229	62186
890095002139	330379
8901035053639	59720
8901052005239	326950
8901207018589	268662
890126002619	306011
890146001869	372431
890180001979	254201
890201002459	11290
8902351111119	306483
890237000719	212124
890237001129	212127
890237002959	212123
890237008449	253615
890288002519	247025
890288002809	247013
890352001479	179366
890360000839	229948
890360003489	229939
89036211659	338562
89036212069	338583
89036212809	338628
89036217019	338541
89036310079	338553
89036422659	338596
89036422659	338597
89036432719	338561
89036891479	338594
8904056800039	245778
8904063230959	131998
8904063253149	132000
8904063281579	131989
890444000199	181935
890444000229	181992
890444000359	181997
890444000809	181998
890468000779	67428
890468000809	67429
890476000969	307000
890499000069	333579
890499000229	333592
890586002389	164487
890592002069	185080
8906001055549	217342
8906001057789	74502
8906001210269	245777
8906010366919	124995
8906028723629	13940
8906046144239	258827
8906046144369	258813
8906046144499	258867
8906046144949	258841
890624001589	363279
890637002009	42588
89068342659	158152
89068345759	370817
890704002079	232463
890704002239	189021
890704002369	189020
890704002659	232466
890704002789	232468
890704002819	232464
890708001719	83868
890741000519	329342
890761000889	291028
890763000139	130999
890769002069	247460
890805002039	86431
890845000279	43180
890867000479	330564
89087024529	343090
89087120139	74857
89087671549	64655
89087671549	270958
890911000219	75139
890911003609	75173
890911003739	75165
890911003739	75165
890914001039	339099
891038002179	240477
891048001179	81625
891056000089	107775
891056017049	107774
891066001519	45050
891071001429	89184
891071001979	89175
891077002079	83194
891077002239	83195
891123002039	333054
891123002329	333061
891123002459	333051
891128141139	213315
891128148329	213318
891128603019	140706
891164002319	315893
891236001189	271040
891236001219	271044
89125118029	11788
89125124129	11816
89125280009	11805
89125318009	11791
89128842129	226492
891325005029	18918
891343002369	34469
891373000779	347337
891373000809	347336
891394002219	17713
891394002219	17714
891394002349	17710
89141010109	85147
891473002369	272759
891475001049	322042
891534001959	225617
891534008569	225633
891551000089	101093
891551000119	101098
891551000379	99048
891551000409	101105
891551000829	101119
89156001369	282829
89156801129	282853
89156862779	282837
89156863349	282830
891602000259	195911
891613000309	234069
891613000309	234070
891613000439	234067
891613000699	234073
891617002729	365436
891617002859	365445
891627002559	89416
891627007479	89460
891627007899	89476
891627009039	89415
891627009459	89485
891627010509	89441
891696001149	230162
891707000109	35610
891742002069	245310
891748500279	347988
891752001069	221963
891760002379	245642
891760002409	245644
891770002499	119117
891770002819	119105
891803001819	305874
891803011009	304335
891803433009	305882
891841001789	330612
891886000259	193977
891886000709	193975
891886000839	193994
891886000969	193970
891953001219	62293
891991007099	352413
891991007129	352412
892044002009	33694
892071002119	96008
892084002069	338879
892166000969	37080
892210001409	57887
892234002109	195249
892241000679	346974
892245002099	94741
892390001169	29852
892436002549	82840
89244910009	50440
89244911419	50447
89244924709	50437
89244924709	50437
89244970409	255033
892454000039	191581
892565002229	202955
892624001019	235908
892624001019	235915
892624001439	235912
892624001439	235919
892632002039	23208
892632002169	23207
892654002079	330727
892681000499	62429
892759002059	84010
892786000509	25871
892805004839	95888
892805005539	160979
892809000189	263631
892809000479	263621
892809000639	263607
892867001869	328450
892886000249	63483
892909001529	146272
892967921829	3974
892990001149	10138
892990001309	10136
893162001349	212013
893163002109	39579
893190002189	66084
893190002929	66082
893193002469	229911
893216000069	8442
893222000329	246105
893222000879	246097
893222000879	246107
893240002329	98327
893252001099	283433
893322002179	350831
893322002339	350839
893348001989	44268
89338000029	294697
893447001019	137827
8934561210269	350789
8934684029199	13441
893501812469	147732
893536002439	164289
893536002729	164318
893536002989	164293
893594002099	255419
893594002129	255378
893594002679	255387
893597002409	283907
893615002039	98053
893681002179	249793
893708001079	188760
893723002839	130480
893782722679	71470
893807002199	10302
89382117209	17226
893869000829	304917
893869003639	281114
893869005039	281120
89396000689	214787
89396153309	214781
89397100449	265277
89397100609	265291
89397102559	265300
89397104959	265274
89397108599	25006
89397111759	265261
89397111889	265242
89397200989	265290
893973001019	102026
893973001149	202431
893973001279	202439
894067002349	365571
894071001109	10380
894091002629	282290
894179001339	323084
894179001599	323086
894184003229	105795
894185000579	42563
894216002039	324928
894225000019	350161
89424340169	290525
89424680159	307460
894340002219	146541
894357002189	303811
894374001059	309323
894374001509	309323
894379002679	18859
894407001339	54206
894426002409	305524
894430021229	159005
894455000209	162981
89449385299	16888
89449700719	16890
89449805049	16904
894537000059	242460
894587000009	25732
894604002139	267465
894697002399	232249
894700010069	56546
894700010069	56548
894700010199	56464
894700010199	56576
894729000539	78647
894729000669	78663
894729000959	78673
894773001049	373480
894773001209	373488
894773001339	373481
894800000779	343131
894800002759	342937
894822000009	353321
894854001029	291391
894942002419	2514
894942002709	2518
895059000619	22308
895059000619	22378
895072000399	17956
895072000429	57809
895178001689	50000
895192001399	54816
895192001429	54820
895192001689	54816
895192001849	54816
89519565019	131260
895203001509	239037
895203001899	239017
895296001059	66089
895296001219	66099
895334001089	156846
895354002769	23847
895377000469	157994
89540521169	195361
895430002249	82345
895435000899	185384
895436002779	184869
895436002779	184869
895436002809	184873
895436002809	184873
895436002939	184857
895444001139	103210
895444001429	103208
895447001099	115361
895466000189	51021
895466001339	273663
895538003599	77345
895716001119	161853
895716001249	161852
895741002129	24454
89575280079	90004
89575789909	89993
895797002739	33447
895812001679	91198
895812001839	91197
895864001009	272911
895864001399	272913
895939001279	321616
895939001279	321618
895939001309	321645
895939001309	321646
895939001699	321628
895951000519	341331
895959603019	203355
895968001509	55465
895979001079	328599
89601444499	71141
896148001029	146969
896158002399	73491
896158002559	73493
896161508659	2929
896165002429	99345
896165002559	99346
896165002689	99340
8961667026739	359371
896180001209	204571
896181001499	107791
896211002069	74281
896211003509	163124
896211004339	74297
896245268899	110774
896324001379	164210
896324001539	164208
896324001539	164209
896324001799	164210
896418001339	138660
896441000149	118844
896446002049	283024
896500002039	281473
896547002009	39590
896547002139	39591
896569002179	45428
896606002049	19530
896650001029	281575
89669040039	323691
89669054029	51963
896700001139	194455
896700001429	194457
89674070359	195354
89674087319	195350
896743002889	168711
896767001059	61523
896767001189	61524
896767001219	61525
896859000199	303047
896859000229	303081
896859000359	239346
896859000489	239332
896879002319	228555
896887002219	30419
896892002129	129469
896892002419	129471
896911001799	330153
896911002109	330149
896919002019	36151
896958001219	306037
896958001509	306033
896979	340518
897015432359	322844
897034002649	81889
897034002809	81887
89704207069	183578
897042280879	157819
897053001029	131906
897060002019	302967
897064001049	228943
897077001579	39882
897077001609	39883
897119001079	366941
897261001989	326588
897351000229	143635
897351000649	143629
897373001549	194470
897468002079	12237
897474001059	147725
897530000309	15754
897549000499	245120
897552001049	107696
897579001329	177593
897581000389	70196
897615002419	107794
897630002029	155359
897693000109	68925
897712001049	185393
897737001109	222805
897737001499	325102
897756001029	162975
897774000219	13501
897785001359	164173
897794002019	302290
897832002179	215635
897856002469	47265
897865001019	19022
897865001019	19023
89789001439	246670
897922002089	28643
897922002249	28648
897922002829	28653
897922002959	28628
897931111499	348696
897931440049	348689
897956001119	253127
897988000029	139630
897988000159	139635
897988000319	139637
897988000579	139637
898024002939	53224
898075002049	63182
898075002759	63193
898111002149	110261
898134002379	38807
898134002539	38790
898136002889	256818
89816000329	42952
898195001489	94718
898195001649	94708
898195001809	94713
898216001719	202947
898248001459	295224
898248001589	295271
898248001619	295220
898271000009	238320
898271000399	238334
898271000719	238337
898328002079	51493
89836020109	106878
89836157249	301796
89836157379	301824
89836157409	301776
89836157539	301854
89836157799	301772
89836160089	253653
89836160119	253658
89836181169	106872
89836184429	106846
89836184979	106844
89836185389	301833
89836185419	301810
89836187659	301816
89836188359	301790
89836189219	106875
89836189509	301841
89836194749	106831
89836194879	106845
89836196279	301805
89836196309	301809
89836196309	301809
89836196569	106866
898371001029	284383
898376002069	182656
898392000599	366234
898392004009	366245
898392004139	366244
898406001529	256485
898406001819	256470
898429002329	216336
898456001609	327832
898486002089	29593
898491002029	371160
898527001019	184967
898559002169	32586
898575003249	29639
898596001019	77025
898596001439	77030
898654001159	164092
898667002259	18954
898685001449	3832
898785001349	330654
898792002339	15787
898796002809	324956
898806002409	303548
898916002399	332147
898959001069	350028
898967000429	161742
898970001369	37947
898999006109	351488
898999006499	351481
898999010229	351491
898999012179	351461
898999012629	351475
899039002099	94020
899039002129	94044
899039002419	94043
899039002679	94021
899039002839	94014
899040002149	16598
899055001229	95934
899055001229	95937
899082002039	156778
899082002039	156779
899101002279	234490
899121001399	329418
899145002129	190039
899174001179	294926
899174001209	294927
899207002029	40829
8992735210149	21404
899285000139	54211
8993083938969	33237
899334001049	56729
899334001179	56730
899340001439	98011
899349002079	4882
899375000179	323271
899407002959	226941
89947200179	349350
89947302149	349357
89947302149	349390
89947302279	349401
89947606049	349373
89947606049	349375
89947801109	349398
89947802809	349362
89947803509	349397
89947807309	349386
89949000319	50436
899503001429	53221
899503001559	53219
899529000079	304646
899541001009	47335
899587000219	268068
899587003029	268064
899587003159	268058
899712000039	258894
899764001329	156614
899795002159	163078
899812001059	98252
899856002159	336697
899904001349	331645
899904001509	331642
899904001639	331644
89991121659	86654
89991626529	253602
89991842219	253593
899938002299	78205
90022655892079	44956
90027182007859	153374
90027182530449	153389
90027182530739	153378
90027182550669	345631
90027182555299	119069
90031400002069	40505
90031400077739	352943
90033900801029	161558
90035243998329	265076
90037600467509	147689
90044500173379	144871
90044500314079	144748
90044500329059	144720
90044500487209	144750
90046813009	97530
90046858109	97517
90046886409	97533
90070247155699	92132
90070247164189	92139
90070247169559	92111
90070247180349	92131
90070247767939	92171
90070800706139	304474
90070919023059	138258
90075000449	51371
90075391003599	143540
90075391009119	243770
90075391011839	143582
90075391012799	243761
90075391015899	143607
90075391017329	143553
90075391030489	23982
90075391033169	143606
90075391033299	143575
90075391033329	143539
90075391033749	143572
90075391040259	153346
90075391040709	143599
90075391045049	23983
90075391045179	23966
90075391045469	24024
90075391045599	24032
90075391045629	249564
90075391045889	249572
90075391045919	249573
90075391047999	143614
90075391051569	143583
90075391055659	243759
90075391056649	143568
90075391060639	143557
90075391061179	243519
90075391062329	243760
90075971121989	144757
90076020439	166957
90076021139	166951
90078465104499	279616
901360272949	38878
90163111019	202729
90208201019	174646
90208301139	229131
90208311039	174645
90272005599	163590
90272007159	163571
90272008309	163577
90272009399	163572
90272010289	163589
90272015079	163582
90272016809	163583
90341006519	270417
90341648009	351307
90419500109	66872
9045279	282574
90478007199	157709
90478331119	295004
90478331409	295006
90478342009	213812
90478410029	157727
90478410159	157711
90478415079	157698
90525150809	205376
90525565009	205378
90525600809	205372
90525910809	205379
906249	273361
90642205500249	146707
90642205501499	146753
90642205501529	146751
90642205560199	146727
907019	340727
9073102079	290904
90736490003209	262383
90736490003469	262366
90736490005579	257304
90736490007139	257336
90736490009089	257325
90736490042819	257284
90736490122269	257147
90736490140119	257205
90736490210379	257185
90736490220569	257263
90736490221269	257261
90736490231169	257188
90736490241649	257264
90736490334259	257168
90736490352369	257169
90736490360579	257164
90736490421669	257278
90736490511179	257194
90736490522199	257122
90736490531269	257124
90736490561259	257199
90736490630009	257123
90736490795449	257138
90736490797849	257134
90736490800259	257170
90736490801379	257234
90736490811279	257129
90736490817189	257175
90736490821629	257237
90736490851299	257359
90736490883429	257109
90736490887229	257240
90736490887489	257242
90736490892759	257109
90997100609	234282
910149	340531
91037039569	54893
91037092809	330453
91037120229	82991
91037120359	82996
91037167279	12599
91037195029	8536
91037328809	68726
91037443939	315496
91037558589	104969
91037603319	174869
91037609069	23354
91037609489	28927
91037609519	28930
91037609649	190332
91037647009	62168
91037647979	70207
91037722799	149316
91037994219	203336
910569	340251
910729	340565
911009	340184
91131242339	164860
91155123539	190033
91155134559	190029
91271004019	70462
91271007089	122073
9129000027299	253806
91296269219	2741
91404022019	172087
91404022019	172188
91404057219	172184
91404101219	172086
91404244039	172196
91475159409	213677
91475407999	213675
91475630069	213673
91475850009	213676
91565099509	262860
91565214179	45446
91752001209	240491
91911595709	275693
91945001429	81183
91945006509	81195
91945007209	81166
91945007629	81168
91945007759	81206
91945007919	81206
91945016409	81245
91945042729	81242
91945051059	81234
91945160409	81257
91945170859	81220
91945215529	81138
91945249999	81174
91945301109	81208
91945301239	81229
91945680129	81190
91945770189	81226
91945893079	81189
91945980809	81224
91945999009	81250
91953450929	205291
92145348109	362958
92163073649	57068
92163082399	17254
92163083419	17251
92163090189	17248
92163094019	56799
92163106569	17234
92202002739	186904
92202006409	274669
92202062009	253921
9222727099	11407
92227332149	303524
92227727099	11407
92227774109	11411
92234001229	198549
92325111189	12753
92325222229	12963
92325333109	13050
92325333239	13013
92325333369	12798
92325333499	12771
92325333529	12949
92325333659	110966
92378010309	232403
92378190049	232389
92378230059	232380
92474181309	46709
92474181569	46705
92516104389	118356
92516335189	118361
92516471139	118359
92538001079	199048
92538004629	340001
92542161219	66903
92581013289	195403
92719363729	331426
92719373759	70260
927529	339908
92774211409	228982
92819250479	218398
92819250479	218398
92819700189	218402
92825004509	42080
92825013969	41769
92825014089	42384
92825014249	41850
92825015789	34135
92825015819	41717
92825017189	42327
92825017769	321243
92825072539	41728
92825082439	322818
92825083009	42406
92825083429	42459
9282508379	42432
92825084679	41838
92825092889	42368
92825092919	41734
92825093039	42004
92825093459	42077
92825093589	42106
92825093619	42395
92825093879	41623
92825093909	41998
92825094029	42235
92825094159	42363
92825094449	42378
92825094579	41577
92825094609	41567
92825094869	41877
92825095019	41980
92825096009	42108
92825096139	42040
92825096269	41912
92825096399	42450
92825096719	41951
92825096979	42147
92825097389	42333
92825097709	42338
92825097969	41724
92825098409	41562
92825098669	42402
92825099499	41968
92825099529	42094
92825100799	41632
92825100829	41780
92825101109	41851
92825101369	42261
92825101819	42257
92825102359	41739
92825102489	42454
92825102519	42455
92825102649	42127
92825103349	41791
92825103929	42250
92825104339	41638
92825104759	42345
92825104889	41554
92825104919	34134
92825105039	42188
92825105329	41627
92825105459	42054
92825106289	42354
92825106449	41798
92825106609	41809
92825106739	42141
92825107019	41928
92825107149	41669
92825107439	41902
92825107569	41757
92825107699	42238
92825107729	42204
92825107859	42024
92825107989	41805
92825108009	41805
92825108269	41944
92825108689	42055
92825108719	42303
92825108849	42167
92825108979	42463
92825109099	41607
92825109419	42113
92825109839	41785
92825109969	41963
92825110019	42047
92825110149	41690
92825110569	42400
92825110859	41698
92825111269	42321
92825111399	41990
92825111429	42300
92825111559	41760
92825111719	41706
92825111849	42120
92825116349	41840
92825124139	41605
92825145219	42281
92825244639	42064
92825244929	42042
92825451129	41957
92825751199	42245
92825921059	41877
92825921189	41651
92825921219	42449
92825921639	42083
92825922209	41560
92825922339	41559
92825924029	42228
928359	340698
92999	340705
9300000079	218997
9300000109	218920
9300000659	218926
9300001069	218997
9300001649	218889
9300001809	218953
9300002189	218957
9300002219	217740
9300002769	218909
9300002899	218990
9300002929	218992
9300002929	218992
9300003629	218975
9300005319	218889
9300006859	218941
9300007139	218934
9300008129	60099
9300128209	218920
9300128339	218954
9300128599	218935
930819	341229
9311493000219	44125
9311493000509	44128
93133274769	213039
93213103019	254094
93215801449	362573
93215802019	234288
933469	340923
934619	339686
9348603001859	360994
9349200409	156226
93515000719	188843
93534011789	315604
93534101039	205776
93534620219	231154
93709100409	244933
93709301189	244912
93709304609	244921
93709355519	244866
93709430049	244926
93709500209	244902
93709823339	244938
93808001089	349220
938505214359	202440
938549	339785
9386639344939	343123
93874000269	163208
93901229939	40847
939222493119	280231
93922510719	231152
93922521029	231141
93922554829	231155
93936013039	51107
93936014609	51109
93936035789	16095
93936300849	262831
93936680019	51146
93959746129	8663
93966000139	239183
939660001399	239246
93966001099	239112
93966002119	239165
93966002379	239151
93966004229	239321
93966004519	239200
93966005479	239203
93966005639	239216
93966006179	239173
93966007039	239166
93966007169	239150
93966007169	239233
93966007299	239170
93966007459	239248
93966008449	239161
93966009989	239196
93966213409	239175
93966243109	239258
93966302509	239295
93966302929	239311
93966303049	239103
93966308709	239097
93966309799	239106
93966412109	239217
93966452709	239221
94184001489	329206
94184011839	94694
94184014489	343797
94184015059	343801
94184015219	142230
94184599009	329199
94184599269	329201
94184599719	343815
94184599849	343799
9421901805029	169715
9421901881009	251066
94262021569	32237
94282000469	346880
94282000629	38382
94282183049	346897
94282183179	346883
94321830019	149464
94321841169	116139
94379481249	108800
94393628859	32581
94482602029	222148
94522072409	66518
945549	283386
94562051259	252244
94562089399	73268
946111099	17845
946400209	17877
94643488899	139218
946629	339861
946901539	17820
94723500039	349768
94776111459	160199
94776135769	187827
94776147199	371538
94776148639	371549
94776177929	371528
94776178049	371529
94776178209	371557
94776185139	371546
94776187669	89188
94776213399	299459
94776217779	364978
94776223879	364984
94776223909	69744
94776226429	187888
94776227969	220870
94824440999	1594
9485010009	245625
94922056269	339343
94922148889	312483
94922152329	83915
94922347749	188814
94922428189	217578
94922476999	12322
94922492609	217557
94922494849	80293
94922520739	214482
94922655639	37832
94922719409	278563
94922745859	11180
94922783059	330489
94922973269	73186
94922973399	52930
94976301049	194574
9502512349	245618
95045202199	65041
9511000219	116739
95188004469	325001
95188007439	325010
95188009099	325032
95188016059	324991
95188030529	325037
95188828669	325026
952100018259	204878
952100018959	204878
95225849329	41460
95225849589	41461
95225879289	3844
95225879319	3838
95225946769	333130
952279	340600
95248160029	305386
95248201609	144159
95248205119	73215
95248205409	73212
95248412289	47066
95248541699	73230
95248653279	305424
95248661519	7650
95248667269	305412
95248749439	144154
95248749569	184324
95248800499	73213
95248800529	73213
95248801649	305360
95248804589	184343
95248805609	305370
95248807719	16043
95248812669	184325
95248816469	305404
95248824549	324391
95248830809	298073
95248839109	7658
95248847029	7667
95248848149	305433
95248851149	73232
95248852399	144181
95248852559	144158
95248854249	7649
95248854799	184348
95248856199	295895
95248857349	184313
95248860479	144171
95356842619	362881
95411001319	222967
9542004859	187703
9542007959	187460
9542009069	187503
9542011369	187653
9542011659	187514
9542011789	187471
9542011819	187647
9542011949	187654
9542013899	187540
9542013929	187594
9542014759	187579
9542016029	187606
9542016159	187474
9542016159	187580
9542017569	187737
9542018399	187726
9542019679	187602
9542019839	187660
9542019969	187721
9542020729	187724
9542021429	187579
9542023119	187706
9542023799	187720
9542025939	187488
9542029319	187641
9542029319	187641
9542029449	187613
9542030599	187692
9542030889	187643
9542030919	187719
9542031909	187541
9542037949	187698
9542039349	187446
9542041519	187454
9542043599	187630
9542044329	187459
9542045159	187647
9542425449	187593
9542425869	187571
9542425999	187415
9542425999	187415
9542426309	187578
9542428679	187647
9542428969	187704
9542430139	187435
9542433789	187682
9542433949	187559
9542434939	187647
9542435479	187697
9542436919	187625
9542438609	187715
9542441029	187622
9542441029	187622
9542441159	187699
9542441449	187721
9542441579	187719
9542442019	187743
9542445119	187738
95437800019	56081
95445012169	74113
95474190029	211527
9555478105449	130658
9556041620369	19031
95684300089	46992
95684300829	46990
95705114169	228558
957649	340865
95815300179	284312
95815301169	284313
95815301749	352024
95829201189	217511
95829201479	217511
95829201899	217434
95829202209	217506
95829400209	335833
95829420009	92436
95829420849	63153
95829600159	274380
95864200079	179215
95864200079	179216
95864800439	287934
95868109729	306972
95899110299	348746
95916087399	107151
959629	340494
96162184429	184627
96162194619	184628
96162355119	184647
96162444349	184635
96265172019	94267
96343856749	64485
96423740739	125017
96619000029	170865
96619003129	171083
96619020799	171069
96619047079	170656
96619053179	171300
96619064069	171322
96619067169	170993
96619109319	171176
96619114009	170930
96619124169	171082
96619129409	170735
96619165049	171103
96619173969	170880
96619183289	171424
96619189199	170869
96619211029	170665
96619212989	170378
96619217939	170899
96619220939	171269
96619222889	171016
96619242559	171006
96619261109	170970
96619261789	171141
966192819	171296
96619309689	171070
96619329939	170589
96619338719	170496
96619356089	170662
96619356119	171203
96619372379	170866
96619381609	171175
96619384969	171393
96619409549	171071
96619450039	171010
96619456949	170448
96619461769	171406
96619480609	170713
96619521999	171081
96619525249	171225
96619603749	171329
96619618439	170949
96619670079	171196
96619672349	171310
96619676859	171320
96619685059	170898
96619723829	170731
96619845989	170569
96619861439	171004
96619872619	170706
96619873289	170405
96619880409	171314
96619893409	171405
96619896639	170401
96619927319	171077
96619941599	170967
96619973149	170482
96619977819	171298
96619998609	171122
96619999699	170751
96636281159	143997
967099	340052
9671799	340618
967450000069	94094
96759163769	171277
96784587639	57193
96785013229	280170
969239	341208
96938000359	275503
96988900159	35208
97073100089	160038
97079	340259
971249	341206
97137200359	249510
97137203299	249529
97137305719	249528
97137306549	249530
97137340659	249526
97137353079	228866
97137353529	249538
97137390999	249545
97137391019	249543
97209002829	231778
97249591109	216194
97267347719	324949
97305060129	228777
97342000249	23637
97421020069	256599
97421090079	256626
97421450019	256757
97421470079	256583
97421501209	256567
97421501759	256566
97421501889	256558
97421560589	256546
97421608779	256575
97421620009	256544
97421642469	256550
97421758849	256619
97467458819	224946
97488017309	180750
97489114779	49552
97489124259	49556
97553100059	146128
97553100189	146171
97553101339	146129
97553102039	146123
97553102329	146146
97553102459	146174
97565103109	341598
97643082449	284680
97832000049	145549
97848706119	53381
97923000019	22044
97923000279	22051
97923543349	223011
97923545619	223010
97928094969	289998
979797069999	372854
9800001019	334142
9800001149	334149
9800006359	334111
9800007639	334148
9800056309	334113
9800057719	334124
9800120369	94276
9800120499	94281
9800120659	94276
9800120949	94276
9800120949	94281
9800200139	94264
9800200269	94264
9800210299	94270
9800521289	169351
9800522019	169330
9800570119	283018
9800800049	231614
9800800049	231623
9800800339	231620
98009465869	132457
98009558929	9096
98009670379	336464
98073510069	101527
98100100089	313051
98100100119	313065
98163001309	280536
98271114229	12626
98271123429	12626
98271125119	12620
98304100489	53639
98304100489	53639
98304340229	53646
98308002079	28822
98308002109	321750
98308005049	66238
98308225829	28828
98308225829	28861
98308243199	28836
98308243229	28832
98437201039	50907
98437240359	50972
98437240489	50927
98437240649	50932
98437240939	50961
98437241059	50930
98437241769	50919
98437241929	50947
98437243169	50987
98437250389	50891
98437260029	50900
98437260579	50953
98437260739	50886
98437260869	50998
98437270059	50905
98437404119	50991
98437404409	50979
98437406229	50897
98487100719	243196
98487102249	243201
98487102829	243130
98487102959	319791
98487201409	243172
98487201669	243212
98487201959	243241
98487204349	319986
98487206169	243215
98487300089	199549
98487300119	199597
9848730019	199565
98487300249	199572
9848730039	199603
98487300409	199576
98487300539	199533
9848730059	199562
98487300959	319769
98487301109	199520
98487301369	199605
98487301789	199494
98487301819	199548
98487302229	199539
98487302359	199501
98487302519	199591
98487302779	199570
98487302939	199521
98487303059	199505
98487303769	320042
98487945129	319969
98487952349	319733
98487952769	243114
98487953049	320101
98487953599	243219
98487953629	243103
98487953759	320165
98487953769	320166
98487953919	320141
98487954169	243117
98487954299	243218
98487954329	284202
98487954459	243141
98487954619	243122
98487954749	320139
98487954879	319875
98487954909	319876
98487955029	319812
98487955289	319935
98487955319	319750
98487955579	319751
98487955739	243134
98487956019	284184
98487956279	243242
98487956309	243247
98487956699	319827
98487956729	243097
98487956989	243090
98487957009	243142
98487957849	319856
98487957979	319783
98487958099	319758
98487958129	319863
98487958419	320173
98487958549	319949
98487958679	319967
98487959089	243119
98487959379	319844
98487959409	320143
98487959539	320000
98487959669	319973
98487960689	320081
98487960719	320119
98487961549	320023
98487962089	319810
98487962249	320161
98487962409	320009
98487964229	319761
98487966599	332769
98487966889	332766
98493131509	307139
98493131509	307140
98533001229	215853
98533340069	59856
98533340199	60077
98558038019	324002
986039	169307
986519	340806
987059	341280
98754005099	329611
98794000269	315592
98794505009	75791
98911134099	370393
98939	339432
990016700059	174244
99039088899	328067
990509	340021
99336002529	85063
99336003199	85053
99336003519	84957
99336003939	84958
99336005599	85081
99336006299	85054
99447210639	118374
99447210639	118379
99477100139	107848
99482137199	364232
99482137229	364738
99482137359	363288
99482160319	811
99482160739	1089
99482401269	2390
99482401689	1400
99482402259	758
99482404949	762
99482406059	1885
99482406899	369
99482408879	364087
99482409319	739
99482410339	647
99482410889	1180
99482412289	1150
99482412319	363834
99482413019	1117
99482413439	1363
99482413699	1525
99482413729	1635
99482414399	1975
99482414429	1170
99482415389	336
99482415419	363307
99482415549	998
99482416409	1732
99482417109	841
99482417369	1617
99482417819	594
99482418359	2273
99482418939	364557
99482419899	1771
99482419929	767
99482420369	363759
99482420949	774
99482421519	2395
99482422059	1540
99482424039	342
99482426309	606
99482427689	692
99482427719	991
99482430139	289
99482430269	1637
99482430399	2387
99482430559	690
99482430979	1004
99482431099	1177
99482431129	364227
99482431259	363978
99482431419	1384
99482432119	363659
99482434229	2110
99482434359	1164
99482434489	1424
99482435349	1956
99482435509	373
99482436179	545
99482436339	1108
99482436759	1786
99482437039	295
99482438159	2246
99482438449	1029
99482438869	1595
99482438999	554
99482439019	1920
99482439149	1469
99482439309	1007
99482439439	795
99482439729	1507
99482439859	586
99482440169	518
99482441609	2241
99482441739	1723
99482441869	404
99482441999	702
99482442569	434
99482442859	1181
99482442989	1406
99482443399	641
99482443429	85814
99482443559	85798
99482443689	85820
99482444099	552
99482444709	363260
99482445799	364251
99482445829	364608
99482446079	405
99482446109	1293
99482446239	363540
99482446529	364116
99482446659	444
99482446789	2064
99482447069	2160
99482447519	2001
99482447649	2170
99482447939	570
99482448059	2409
99482448189	669
99482448639	2017
99482448769	446
99482449599	1006
99482449629	1843
99482450199	1106
99482450229	1186
99482450359	643
99482450519	993
99482450649	1054
99482450779	1033
99482450809	363188
99482450939	565
99482451059	543
99482452629	1291
99482452759	1923
99482452889	2152
99482452919	910
99482453039	363187
99482453169	1589
99482453299	316
99482453329	2192
99482454029	364257
99482454159	1250
99482454289	1210
99482454319	1123
99482454449	504
99482454579	1882
99482454739	935
99482454869	2108
99482454999	364220
99482455019	364218
99482455149	1931
99482455729	1583
99482455859	2400
99482456009	1182
99482457129	1940
99482458379	2232
99482458409	364214
99482458539	1632
99482458669	600
99482458829	85805
99482459239	301
99482459659	744
99482460099	364165
99482460129	1095
99482460259	1386
99482460419	1986
99482460839	2294
99482461089	363447
99482461119	363464
99482461409	411
99482461959	364340
99482462079	364384
99482462109	363293
99482463779	1055
99482463809	1598
99482464059	906
99482464189	2105
99482464219	364120
99482464929	1597
99482465049	1627
99482465179	934
99482465209	366210
99482465469	1016
99482466299	470
99482466329	1928
99482466589	1872
99482466619	1213
99482466879	1141
99482466909	414
99482467159	861
99482467999	2185
99482468019	2152
99482468279	1481
99482468309	1438
99482469429	710
99482469559	1737
99482470739	2174
99482470869	363928
99482471309	999
99482471569	1879
99482471729	2288
99482471989	363193
99482472009	363840
99482472139	1310
99482472269	2069
99482473099	2080
99482473679	2108
99482473709	953
99482473839	2401
99482473969	2186
99482474089	316
99482474119	416
99482474379	2278
99482474409	1443
99482474539	2277
99482474669	1439
99482474959	1259
99482475079	364383
99482475369	1252
99482476069	363675
99482476519	895
99482476649	364689
99482476939	363413
99482477189	2383
99482477349	363350
99482477509	364349
99482477639	498
99482477899	2402
99482477929	533
99482478049	2346
99482478179	1477
99482478209	443
99482479299	2034
99482479459	628
99482479619	1917
99482479749	449
99482479879	1450
99482479909	1467
99482480219	363451
99482480479	1568
99482480509	1315
99482480769	438
99482481599	1880
99482481629	364068
99482481889	363549
99482482169	2107
99482482459	312
99482482879	2151
99482482909	1255
99482483159	1711
99482483609	1969
99482484279	1797
99482484309	1243
99482485399	364745
99482485429	364372
99482486129	400
99482486389	2120
99482486969	2334
99482487379	2141
99482488529	419
99482488819	1625
99482488949	1807
99482489199	542
99482489359	363644
99482489519	1335
99482490249	1782
99482490379	1918
99482490409	1673
99482490799	363800
99482491079	1817
99482491529	2012
99482492229	1874
99482492519	1489
99482492649	363984
99482493059	1552
99482493769	2323
99482494049	1231
99482494179	1572
99482494339	1221
99482494469	364110
99482494759	2348
99482496289	2223
99482497699	363432
99482497989	2253
99482498009	2149
99482498849	364368
99482498979	2253
99482499709	1755
99482500139	1456
99482500559	1767
99482503079	2407
99482504779	2132
99482505189	364767
99482505219	363380
99482505929	1927
99482506179	1342
99482506209	1418
99482506629	1600
99482508029	2129
99482508319	1973
99482508449	2065
9948250889	1749
99482510329	1557
99482510459	363965
99482511159	1272
99482511999	1899
99482512569	1784
99482512729	1615
99482513979	1741
99482515379	1331
99482516499	2316
99482517489	1326
99482517519	1268
99482517939	1518
99482518219	363297
99482518509	1367
99482519179	1307
99482519339	1946
99482519469	1753
99482519919	2175
99482520649	1399
99482520939	2124
99482522339	1936
99482523879	1359
99482525309	363681
99482525439	1695
99482526719	1634
99482786229	459
99482801649	363420
99482802349	364489
99482804169	364709
99555008029	46240
99555008289	188150
99588005019	235264
99900100729	45115
99900117789	66525
99900117789	66538
99900294459	265738
99900639199	45102
99900639199	45111
99900711819	22
99900712519	44111
99900721139	45102
99900721269	66536
99900722839	66529
99900723379	66533
99900723379	66557
99900726219	66557
99900797509	45083
999482000069	363708
999482000229	363820
999482000359	364186
999482001479	364240
999482001509	363900
999482001639	364691
999562061959	57059
99999409079	94676
999995165859	144117
999995167259	91732
99999801149	94551